$ D:\Dineth\myenv\Scripts\python.exe -u D:\Dineth\focus_binary_benchmark\focus_binary_benchmark\scripts\multiseed_eval.py --family transfer --manifest D:\Dineth\focus_binary_benchmark\focus_binary_benchmark\revision_outputs\multiseed\leakage_safe_manifest.csv --runs-dir runs --out-dir D:\Dineth\focus_binary_benchmark\focus_binary_benchmark\revision_outputs\multiseed\training_outputs --seeds 44 --leakage-check stack_sha1

2026-05-22 23:46:14.430870: I tensorflow/core/util/port.cc:153] oneDNN custom operations are on. You may see slightly different numerical results due to floating-point round-off errors from different computation orders. To turn them off, set the environment variable `TF_ENABLE_ONEDNN_OPTS=0`.
2026-05-22 23:46:22.981848: I tensorflow/core/util/port.cc:153] oneDNN custom operations are on. You may see slightly different numerical results due to floating-point round-off errors from different computation orders. To turn them off, set the environment variable `TF_ENABLE_ONEDNN_OPTS=0`.
2026-05-22 23:46:32.123367: I tensorflow/core/platform/cpu_feature_guard.cc:210] This TensorFlow binary is optimized to use available CPU instructions in performance-critical operations.
To enable the following instructions: SSE3 SSE4.1 SSE4.2 AVX AVX2 FMA, in other operations, rebuild TensorFlow with the appropriate compiler flags.
Running leakage check (stack_sha1) on D:\Dineth\focus_binary_benchmark\focus_binary_benchmark\revision_outputs\multiseed\leakage_safe_manifest.csv
  sha1: checking 4969 files
  sha1: checked 1/4969
  sha1: checked 250/4969
  sha1: checked 500/4969
  sha1: checked 750/4969
  sha1: checked 1000/4969
  sha1: checked 1250/4969
  sha1: checked 1500/4969
  sha1: checked 1750/4969
  sha1: checked 2000/4969
  sha1: checked 2250/4969
  sha1: checked 2500/4969
  sha1: checked 2750/4969
  sha1: checked 3000/4969
  sha1: checked 3250/4969
  sha1: checked 3500/4969
  sha1: checked 3750/4969
  sha1: checked 4000/4969
  sha1: checked 4250/4969
  sha1: checked 4500/4969
  sha1: checked 4750/4969
  sha1: checked 4969/4969
Leakage audit summary:
  stack_id overlaps: 0
  sha1 duplicates: 0
  phash duplicates: 0
Class balance per dataset/split:
  TBSI split=test label=0 count=35 ratio=0.875
  TBSI split=test label=1 count=5 ratio=0.125
  TBSI split=train label=0 count=147 ratio=0.875
  TBSI split=train label=1 count=21 ratio=0.125
  TBSI split=val label=0 count=28 ratio=0.875
  TBSI split=val label=1 count=4 ratio=0.125
  bma split=test label=0 count=55 ratio=0.917
  bma split=test label=1 count=5 ratio=0.083
  bma split=train label=0 count=297 ratio=0.917
  bma split=train label=1 count=27 ratio=0.083
  bma split=val label=0 count=66 ratio=0.917
  bma split=val label=1 count=6 ratio=0.083
  pbs_imgs split=test label=0 count=114 ratio=0.912
  pbs_imgs split=test label=1 count=11 ratio=0.088
  pbs_imgs split=train label=0 count=570 ratio=0.913
  pbs_imgs split=train label=1 count=54 ratio=0.087
  pbs_imgs split=val label=0 count=120 ratio=0.909
  pbs_imgs split=val label=1 count=12 ratio=0.091
  tbf_imgs split=test label=0 count=297 ratio=0.917
  tbf_imgs split=test label=1 count=27 ratio=0.083
  tbf_imgs split=train label=0 count=1353 ratio=0.917
  tbf_imgs split=train label=1 count=123 ratio=0.083
  tbf_imgs split=val label=0 count=352 ratio=0.917
  tbf_imgs split=val label=1 count=32 ratio=0.083
  wbc split=test label=0 count=154 ratio=0.875
  wbc split=test label=1 count=22 ratio=0.125
  wbc split=train label=0 count=742 ratio=0.875
  wbc split=train label=1 count=106 ratio=0.125
  wbc split=val label=0 count=161 ratio=0.875
  wbc split=val label=1 count=23 ratio=0.125
[WARNING] focus_binary.focus_binary.data.balance: Extreme class imbalance detected
[WARNING] focus_binary.focus_binary.data.balance: Extreme class imbalance detected
[WARNING] focus_binary.focus_binary.data.balance: Extreme class imbalance detected
[WARNING] focus_binary.focus_binary.data.balance: Extreme class imbalance detected
[WARNING] focus_binary.focus_binary.data.balance: Extreme class imbalance detected
[WARNING] focus_binary.focus_binary.data.balance: Extreme class imbalance detected
[WARNING] focus_binary.focus_binary.data.balance: Extreme class imbalance detected
[WARNING] focus_binary.focus_binary.data.balance: Extreme class imbalance detected
[WARNING] focus_binary.focus_binary.data.balance: Extreme class imbalance detected
[WARNING] focus_binary.focus_binary.data.balance: Extreme class imbalance detected
[WARNING] focus_binary.focus_binary.data.balance: Extreme class imbalance detected
[WARNING] focus_binary.focus_binary.data.balance: Extreme class imbalance detected
[WARNING] focus_binary.focus_binary.data.balance: Extreme class imbalance detected
[WARNING] focus_binary.focus_binary.data.balance: Extreme class imbalance detected
[WARNING] focus_binary.focus_binary.data.balance: Extreme class imbalance detected
[WARNING] focus_binary.focus_binary.data.balance: Extreme class imbalance detected
[WARNING] focus_binary.focus_binary.data.balance: Extreme class imbalance detected
[WARNING] focus_binary.focus_binary.data.balance: Extreme class imbalance detected
[WARNING] focus_binary.focus_binary.data.balance: Extreme class imbalance detected
[WARNING] focus_binary.focus_binary.data.balance: Extreme class imbalance detected
[WARNING] focus_binary.focus_binary.data.balance: Extreme class imbalance detected
[WARNING] focus_binary.focus_binary.data.balance: Extreme class imbalance detected
[WARNING] focus_binary.focus_binary.data.balance: Extreme class imbalance detected
[WARNING] focus_binary.focus_binary.data.balance: Extreme class imbalance detected
[WARNING] focus_binary.focus_binary.data.balance: Extreme class imbalance detected
[WARNING] focus_binary.focus_binary.data.balance: Extreme class imbalance detected
[WARNING] focus_binary.focus_binary.data.balance: Extreme class imbalance detected
[WARNING] focus_binary.focus_binary.data.balance: Extreme class imbalance detected
[WARNING] focus_binary.focus_binary.data.balance: Extreme class imbalance detected
[WARNING] focus_binary.focus_binary.data.balance: Extreme class imbalance detected
Starting multiseed job: family=transfer seed=44
[INFO] focus_binary.focus_binary.models.transfer: phase1: head training
transfer phase-a: epoch 1/8 start
Epoch 1/3
2026-05-22 23:50:55.044602: I external/local_xla/xla/service/service.cc:163] XLA service 0x267d53229e0 initialized for platform Host (this does not guarantee that XLA will be used). Devices:
2026-05-22 23:50:55.045352: I external/local_xla/xla/service/service.cc:171]   StreamExecutor device (0): Host, Default Version
WARNING: All log messages before absl::InitializeLog() is called are written to STDERR
I0000 00:00:1779474136.658388    8200 device_compiler.h:196] Compiled cluster using XLA!  This line is logged at most once for the lifetime of the process.

[1m  1/108[0m [37m━━━━━━━━━━━━━━━━━━━━[0m [1m2:57:01[0m 99s/step - auc: 0.2949 - binary_accuracy: 0.7812 - loss: 2.5613
[1m  2/108[0m [37m━━━━━━━━━━━━━━━━━━━━[0m [1m31s[0m 295ms/step - auc: 0.3534 - binary_accuracy: 0.6719 - loss: 2.1954  
[1m  3/108[0m [37m━━━━━━━━━━━━━━━━━━━━[0m [1m28s[0m 272ms/step - auc: 0.3459 - binary_accuracy: 0.5833 - loss: 1.9624
[1m  4/108[0m [37m━━━━━━━━━━━━━━━━━━━━[0m [1m27s[0m 264ms/step - auc: 0.3599 - binary_accuracy: 0.5234 - loss: 1.8173
[1m  5/108[0m [37m━━━━━━━━━━━━━━━━━━━━[0m [1m26s[0m 260ms/step - auc: 0.3774 - binary_accuracy: 0.4800 - loss: 1.7137
[1m  6/108[0m [32m━[0m[37m━━━━━━━━━━━━━━━━━━━[0m [1m26s[0m 259ms/step - auc: 0.3918 - binary_accuracy: 0.4460 - loss: 1.6344
[1m  7/108[0m [32m━[0m[37m━━━━━━━━━━━━━━━━━━━[0m [1m25s[0m 257ms/step - auc: 0.3992 - binary_accuracy: 0.4199 - loss: 1.5718
[1m  8/108[0m [32m━[0m[37m━━━━━━━━━━━━━━━━━━━[0m [1m25s[0m 256ms/step - auc: 0.4065 - binary_accuracy: 0.4021 - loss: 1.5148
[1m  9/108[0m [32m━[0m[37m━━━━━━━━━━━━━━━━━━━[0m [1m25s[0m 255ms/step - auc: 0.4127 - binary_accuracy: 0.3918 - loss: 1.4675
[1m 10/108[0m [32m━[0m[37m━━━━━━━━━━━━━━━━━━━[0m [1m24s[0m 254ms/step - auc: 0.4188 - binary_accuracy: 0.3882 - loss: 1.4266
[1m 11/108[0m [32m━━[0m[37m━━━━━━━━━━━━━━━━━━[0m [1m24s[0m 254ms/step - auc: 0.4254 - binary_accuracy: 0.3891 - loss: 1.3877
[1m 12/108[0m [32m━━[0m[37m━━━━━━━━━━━━━━━━━━[0m [1m24s[0m 254ms/step - auc: 0.4319 - binary_accuracy: 0.3931 - loss: 1.3529
[1m 13/108[0m [32m━━[0m[37m━━━━━━━━━━━━━━━━━━[0m [1m24s[0m 253ms/step - auc: 0.4379 - binary_accuracy: 0.3991 - loss: 1.3219
[1m 14/108[0m [32m━━[0m[37m━━━━━━━━━━━━━━━━━━[0m [1m23s[0m 253ms/step - auc: 0.4442 - binary_accuracy: 0.4066 - loss: 1.2928
[1m 15/108[0m [32m━━[0m[37m━━━━━━━━━━━━━━━━━━[0m [1m23s[0m 254ms/step - auc: 0.4491 - binary_accuracy: 0.4148 - loss: 1.2689
[1m 16/108[0m [32m━━[0m[37m━━━━━━━━━━━━━━━━━━[0m [1m23s[0m 254ms/step - auc: 0.4547 - binary_accuracy: 0.4237 - loss: 1.2451
[1m 17/108[0m [32m━━━[0m[37m━━━━━━━━━━━━━━━━━[0m [1m23s[0m 255ms/step - auc: 0.4595 - binary_accuracy: 0.4326 - loss: 1.2250
[1m 18/108[0m [32m━━━[0m[37m━━━━━━━━━━━━━━━━━[0m [1m23s[0m 256ms/step - auc: 0.4639 - binary_accuracy: 0.4411 - loss: 1.2076
[1m 19/108[0m [32m━━━[0m[37m━━━━━━━━━━━━━━━━━[0m [1m23s[0m 260ms/step - auc: 0.4682 - binary_accuracy: 0.4493 - loss: 1.1915
[1m 20/108[0m [32m━━━[0m[37m━━━━━━━━━━━━━━━━━[0m [1m23s[0m 262ms/step - auc: 0.4721 - binary_accuracy: 0.4570 - loss: 1.1758
[1m 21/108[0m [32m━━━[0m[37m━━━━━━━━━━━━━━━━━[0m [1m22s[0m 264ms/step - auc: 0.4759 - binary_accuracy: 0.4641 - loss: 1.1608
[1m 22/108[0m [32m━━━━[0m[37m━━━━━━━━━━━━━━━━[0m [1m22s[0m 264ms/step - auc: 0.4793 - binary_accuracy: 0.4707 - loss: 1.1463
[1m 23/108[0m [32m━━━━[0m[37m━━━━━━━━━━━━━━━━[0m [1m22s[0m 264ms/step - auc: 0.4823 - binary_accuracy: 0.4763 - loss: 1.1325
[1m 24/108[0m [32m━━━━[0m[37m━━━━━━━━━━━━━━━━[0m [1m22s[0m 264ms/step - auc: 0.4853 - binary_accuracy: 0.4816 - loss: 1.1191
[1m 25/108[0m [32m━━━━[0m[37m━━━━━━━━━━━━━━━━[0m [1m21s[0m 264ms/step - auc: 0.4887 - binary_accuracy: 0.4864 - loss: 1.1067
[1m 26/108[0m [32m━━━━[0m[37m━━━━━━━━━━━━━━━━[0m [1m21s[0m 264ms/step - auc: 0.4922 - binary_accuracy: 0.4909 - loss: 1.0949
[1m 27/108[0m [32m━━━━━[0m[37m━━━━━━━━━━━━━━━[0m [1m21s[0m 266ms/step - auc: 0.4961 - binary_accuracy: 0.4953 - loss: 1.0837
[1m 28/108[0m [32m━━━━━[0m[37m━━━━━━━━━━━━━━━[0m [1m21s[0m 269ms/step - auc: 0.5003 - binary_accuracy: 0.4995 - loss: 1.0728
[1m 29/108[0m [32m━━━━━[0m[37m━━━━━━━━━━━━━━━[0m [1m21s[0m 269ms/step - auc: 0.5046 - binary_accuracy: 0.5036 - loss: 1.0624
[1m 30/108[0m [32m━━━━━[0m[37m━━━━━━━━━━━━━━━[0m [1m20s[0m 269ms/step - auc: 0.5088 - binary_accuracy: 0.5076 - loss: 1.0525
[1m 31/108[0m [32m━━━━━[0m[37m━━━━━━━━━━━━━━━[0m [1m20s[0m 268ms/step - auc: 0.5127 - binary_accuracy: 0.5114 - loss: 1.0430
[1m 32/108[0m [32m━━━━━[0m[37m━━━━━━━━━━━━━━━[0m [1m20s[0m 269ms/step - auc: 0.5166 - binary_accuracy: 0.5150 - loss: 1.0340
[1m 33/108[0m [32m━━━━━━[0m[37m━━━━━━━━━━━━━━[0m [1m20s[0m 269ms/step - auc: 0.5203 - binary_accuracy: 0.5185 - loss: 1.0251
[1m 34/108[0m [32m━━━━━━[0m[37m━━━━━━━━━━━━━━[0m [1m19s[0m 269ms/step - auc: 0.5241 - binary_accuracy: 0.5220 - loss: 1.0166
[1m 35/108[0m [32m━━━━━━[0m[37m━━━━━━━━━━━━━━[0m [1m19s[0m 272ms/step - auc: 0.5278 - binary_accuracy: 0.5254 - loss: 1.0081
[1m 36/108[0m [32m━━━━━━[0m[37m━━━━━━━━━━━━━━[0m [1m19s[0m 272ms/step - auc: 0.5312 - binary_accuracy: 0.5288 - loss: 1.0004
[1m 37/108[0m [32m━━━━━━[0m[37m━━━━━━━━━━━━━━[0m [1m25s[0m 355ms/step - auc: 0.5346 - binary_accuracy: 0.5321 - loss: 0.9928
[1m 38/108[0m [32m━━━━━━━[0m[37m━━━━━━━━━━━━━[0m [1m31s[0m 446ms/step - auc: 0.5380 - binary_accuracy: 0.5353 - loss: 0.9856
[1m 39/108[0m [32m━━━━━━━[0m[37m━━━━━━━━━━━━━[0m [1m35s[0m 512ms/step - auc: 0.5412 - binary_accuracy: 0.5385 - loss: 0.9787
[1m 40/108[0m [32m━━━━━━━[0m[37m━━━━━━━━━━━━━[0m [1m39s[0m 574ms/step - auc: 0.5444 - binary_accuracy: 0.5416 - loss: 0.9721
[1m 41/108[0m [32m━━━━━━━[0m[37m━━━━━━━━━━━━━[0m [1m43s[0m 645ms/step - auc: 0.5476 - binary_accuracy: 0.5447 - loss: 0.9657
[1m 42/108[0m [32m━━━━━━━[0m[37m━━━━━━━━━━━━━[0m [1m46s[0m 701ms/step - auc: 0.5507 - binary_accuracy: 0.5476 - loss: 0.9594
[1m 43/108[0m [32m━━━━━━━[0m[37m━━━━━━━━━━━━━[0m [1m49s[0m 756ms/step - auc: 0.5538 - binary_accuracy: 0.5504 - loss: 0.9532
[1m 44/108[0m [32m━━━━━━━━[0m[37m━━━━━━━━━━━━[0m [1m52s[0m 824ms/step - auc: 0.5568 - binary_accuracy: 0.5531 - loss: 0.9472
[1m 45/108[0m [32m━━━━━━━━[0m[37m━━━━━━━━━━━━[0m [1m55s[0m 889ms/step - auc: 0.5597 - binary_accuracy: 0.5556 - loss: 0.9416
[1m 46/108[0m [32m━━━━━━━━[0m[37m━━━━━━━━━━━━[0m [1m57s[0m 933ms/step - auc: 0.5625 - binary_accuracy: 0.5581 - loss: 0.9360
[1m 47/108[0m [32m━━━━━━━━[0m[37m━━━━━━━━━━━━[0m [1m1:00[0m 986ms/step - auc: 0.5653 - binary_accuracy: 0.5605 - loss: 0.9306
[1m 48/108[0m [32m━━━━━━━━[0m[37m━━━━━━━━━━━━[0m [1m1:02[0m 1s/step - auc: 0.5681 - binary_accuracy: 0.5629 - loss: 0.9254   
[1m 49/108[0m [32m━━━━━━━━━[0m[37m━━━━━━━━━━━[0m [1m1:05[0m 1s/step - auc: 0.5709 - binary_accuracy: 0.5652 - loss: 0.9204
[1m 50/108[0m [32m━━━━━━━━━[0m[37m━━━━━━━━━━━[0m [1m1:06[0m 1s/step - auc: 0.5737 - binary_accuracy: 0.5674 - loss: 0.9155
[1m 51/108[0m [32m━━━━━━━━━[0m[37m━━━━━━━━━━━[0m [1m1:07[0m 1s/step - auc: 0.5765 - binary_accuracy: 0.5696 - loss: 0.9107
[1m 52/108[0m [32m━━━━━━━━━[0m[37m━━━━━━━━━━━[0m [1m1:09[0m 1s/step - auc: 0.5791 - binary_accuracy: 0.5717 - loss: 0.9060
[1m 53/108[0m [32m━━━━━━━━━[0m[37m━━━━━━━━━━━[0m [1m1:10[0m 1s/step - auc: 0.5817 - binary_accuracy: 0.5738 - loss: 0.9014
[1m 54/108[0m [32m━━━━━━━━━━[0m[37m━━━━━━━━━━[0m [1m1:10[0m 1s/step - auc: 0.5843 - binary_accuracy: 0.5758 - loss: 0.8968
[1m 55/108[0m [32m━━━━━━━━━━[0m[37m━━━━━━━━━━[0m [1m1:11[0m 1s/step - auc: 0.5869 - binary_accuracy: 0.5778 - loss: 0.8924
[1m 56/108[0m [32m━━━━━━━━━━[0m[37m━━━━━━━━━━[0m [1m1:11[0m 1s/step - auc: 0.5895 - binary_accuracy: 0.5796 - loss: 0.8881
[1m 57/108[0m [32m━━━━━━━━━━[0m[37m━━━━━━━━━━[0m [1m1:11[0m 1s/step - auc: 0.5920 - binary_accuracy: 0.5814 - loss: 0.8839
[1m 58/108[0m [32m━━━━━━━━━━[0m[37m━━━━━━━━━━[0m [1m1:11[0m 1s/step - auc: 0.5944 - binary_accuracy: 0.5832 - loss: 0.8797
[1m 59/108[0m [32m━━━━━━━━━━[0m[37m━━━━━━━━━━[0m [1m1:12[0m 1s/step - auc: 0.5968 - binary_accuracy: 0.5849 - loss: 0.8758
[1m 60/108[0m [32m━━━━━━━━━━━[0m[37m━━━━━━━━━[0m [1m1:12[0m 2s/step - auc: 0.5991 - binary_accuracy: 0.5866 - loss: 0.8719
[1m 61/108[0m [32m━━━━━━━━━━━[0m[37m━━━━━━━━━[0m [1m1:11[0m 2s/step - auc: 0.6013 - binary_accuracy: 0.5883 - loss: 0.8681
[1m 62/108[0m [32m━━━━━━━━━━━[0m[37m━━━━━━━━━[0m [1m1:10[0m 2s/step - auc: 0.6036 - binary_accuracy: 0.5900 - loss: 0.8643
[1m 63/108[0m [32m━━━━━━━━━━━[0m[37m━━━━━━━━━[0m [1m1:09[0m 2s/step - auc: 0.6058 - binary_accuracy: 0.5917 - loss: 0.8607
[1m 64/108[0m [32m━━━━━━━━━━━[0m[37m━━━━━━━━━[0m [1m1:09[0m 2s/step - auc: 0.6079 - binary_accuracy: 0.5933 - loss: 0.8573
[1m 65/108[0m [32m━━━━━━━━━━━━[0m[37m━━━━━━━━[0m [1m1:09[0m 2s/step - auc: 0.6100 - binary_accuracy: 0.5949 - loss: 0.8540
[1m 66/108[0m [32m━━━━━━━━━━━━[0m[37m━━━━━━━━[0m [1m1:08[0m 2s/step - auc: 0.6121 - binary_accuracy: 0.5965 - loss: 0.8506
[1m 67/108[0m [32m━━━━━━━━━━━━[0m[37m━━━━━━━━[0m [1m1:08[0m 2s/step - auc: 0.6140 - binary_accuracy: 0.5981 - loss: 0.8473
[1m 68/108[0m [32m━━━━━━━━━━━━[0m[37m━━━━━━━━[0m [1m1:06[0m 2s/step - auc: 0.6160 - binary_accuracy: 0.5996 - loss: 0.8441
[1m 69/108[0m [32m━━━━━━━━━━━━[0m[37m━━━━━━━━[0m [1m1:06[0m 2s/step - auc: 0.6180 - binary_accuracy: 0.6010 - loss: 0.8410
[1m 70/108[0m [32m━━━━━━━━━━━━[0m[37m━━━━━━━━[0m [1m1:05[0m 2s/step - auc: 0.6199 - binary_accuracy: 0.6025 - loss: 0.8378
[1m 71/108[0m [32m━━━━━━━━━━━━━[0m[37m━━━━━━━[0m [1m1:04[0m 2s/step - auc: 0.6217 - binary_accuracy: 0.6039 - loss: 0.8347
[1m 72/108[0m [32m━━━━━━━━━━━━━[0m[37m━━━━━━━[0m [1m1:03[0m 2s/step - auc: 0.6236 - binary_accuracy: 0.6052 - loss: 0.8317
[1m 73/108[0m [32m━━━━━━━━━━━━━[0m[37m━━━━━━━[0m [1m1:02[0m 2s/step - auc: 0.6254 - binary_accuracy: 0.6066 - loss: 0.8288
[1m 74/108[0m [32m━━━━━━━━━━━━━[0m[37m━━━━━━━[0m [1m1:01[0m 2s/step - auc: 0.6272 - binary_accuracy: 0.6079 - loss: 0.8258
[1m 75/108[0m [32m━━━━━━━━━━━━━[0m[37m━━━━━━━[0m [1m59s[0m 2s/step - auc: 0.6290 - binary_accuracy: 0.6092 - loss: 0.8229 
[1m 76/108[0m [32m━━━━━━━━━━━━━━[0m[37m━━━━━━[0m [1m58s[0m 2s/step - auc: 0.6308 - binary_accuracy: 0.6105 - loss: 0.8200
[1m 77/108[0m [32m━━━━━━━━━━━━━━[0m[37m━━━━━━[0m [1m57s[0m 2s/step - auc: 0.6325 - binary_accuracy: 0.6118 - loss: 0.8172
[1m 78/108[0m [32m━━━━━━━━━━━━━━[0m[37m━━━━━━[0m [1m55s[0m 2s/step - auc: 0.6343 - binary_accuracy: 0.6131 - loss: 0.8144
[1m 79/108[0m [32m━━━━━━━━━━━━━━[0m[37m━━━━━━[0m [1m54s[0m 2s/step - auc: 0.6361 - binary_accuracy: 0.6144 - loss: 0.8116
[1m 80/108[0m [32m━━━━━━━━━━━━━━[0m[37m━━━━━━[0m [1m52s[0m 2s/step - auc: 0.6378 - binary_accuracy: 0.6156 - loss: 0.8089
[1m 81/108[0m [32m━━━━━━━━━━━━━━━[0m[37m━━━━━[0m [1m51s[0m 2s/step - auc: 0.6395 - binary_accuracy: 0.6169 - loss: 0.8062
[1m 82/108[0m [32m━━━━━━━━━━━━━━━[0m[37m━━━━━[0m [1m49s[0m 2s/step - auc: 0.6412 - binary_accuracy: 0.6182 - loss: 0.8036
[1m 83/108[0m [32m━━━━━━━━━━━━━━━[0m[37m━━━━━[0m [1m48s[0m 2s/step - auc: 0.6429 - binary_accuracy: 0.6194 - loss: 0.8011
[1m 84/108[0m [32m━━━━━━━━━━━━━━━[0m[37m━━━━━[0m [1m46s[0m 2s/step - auc: 0.6445 - binary_accuracy: 0.6206 - loss: 0.7986
[1m 85/108[0m [32m━━━━━━━━━━━━━━━[0m[37m━━━━━[0m [1m45s[0m 2s/step - auc: 0.6462 - binary_accuracy: 0.6218 - loss: 0.7961
[1m 86/108[0m [32m━━━━━━━━━━━━━━━[0m[37m━━━━━[0m [1m43s[0m 2s/step - auc: 0.6478 - binary_accuracy: 0.6230 - loss: 0.7936
[1m 87/108[0m [32m━━━━━━━━━━━━━━━━[0m[37m━━━━[0m [1m41s[0m 2s/step - auc: 0.6494 - binary_accuracy: 0.6242 - loss: 0.7912
[1m 88/108[0m [32m━━━━━━━━━━━━━━━━[0m[37m━━━━[0m [1m40s[0m 2s/step - auc: 0.6509 - binary_accuracy: 0.6253 - loss: 0.7888
[1m 89/108[0m [32m━━━━━━━━━━━━━━━━[0m[37m━━━━[0m [1m38s[0m 2s/step - auc: 0.6525 - binary_accuracy: 0.6264 - loss: 0.7864
[1m 90/108[0m [32m━━━━━━━━━━━━━━━━[0m[37m━━━━[0m [1m36s[0m 2s/step - auc: 0.6540 - binary_accuracy: 0.6275 - loss: 0.7841
[1m 91/108[0m [32m━━━━━━━━━━━━━━━━[0m[37m━━━━[0m [1m34s[0m 2s/step - auc: 0.6555 - binary_accuracy: 0.6285 - loss: 0.7818
[1m 92/108[0m [32m━━━━━━━━━━━━━━━━━[0m[37m━━━[0m [1m33s[0m 2s/step - auc: 0.6571 - binary_accuracy: 0.6296 - loss: 0.7795
[1m 93/108[0m [32m━━━━━━━━━━━━━━━━━[0m[37m━━━[0m [1m31s[0m 2s/step - auc: 0.6586 - binary_accuracy: 0.6306 - loss: 0.7772
[1m 94/108[0m [32m━━━━━━━━━━━━━━━━━[0m[37m━━━[0m [1m29s[0m 2s/step - auc: 0.6601 - binary_accuracy: 0.6317 - loss: 0.7750
[1m 95/108[0m [32m━━━━━━━━━━━━━━━━━[0m[37m━━━[0m [1m27s[0m 2s/step - auc: 0.6616 - binary_accuracy: 0.6327 - loss: 0.7728
[1m 96/108[0m [32m━━━━━━━━━━━━━━━━━[0m[37m━━━[0m [1m25s[0m 2s/step - auc: 0.6630 - binary_accuracy: 0.6337 - loss: 0.7706
[1m 97/108[0m [32m━━━━━━━━━━━━━━━━━[0m[37m━━━[0m [1m23s[0m 2s/step - auc: 0.6644 - binary_accuracy: 0.6347 - loss: 0.7685
[1m 98/108[0m [32m━━━━━━━━━━━━━━━━━━[0m[37m━━[0m [1m21s[0m 2s/step - auc: 0.6659 - binary_accuracy: 0.6358 - loss: 0.7664
[1m 99/108[0m [32m━━━━━━━━━━━━━━━━━━[0m[37m━━[0m [1m19s[0m 2s/step - auc: 0.6672 - binary_accuracy: 0.6367 - loss: 0.7644
[1m100/108[0m [32m━━━━━━━━━━━━━━━━━━[0m[37m━━[0m [1m17s[0m 2s/step - auc: 0.6686 - binary_accuracy: 0.6377 - loss: 0.7623
[1m101/108[0m [32m━━━━━━━━━━━━━━━━━━[0m[37m━━[0m [1m15s[0m 2s/step - auc: 0.6699 - binary_accuracy: 0.6387 - loss: 0.7604
[1m102/108[0m [32m━━━━━━━━━━━━━━━━━━[0m[37m━━[0m [1m13s[0m 2s/step - auc: 0.6713 - binary_accuracy: 0.6396 - loss: 0.7585
[1m103/108[0m [32m━━━━━━━━━━━━━━━━━━━[0m[37m━[0m [1m10s[0m 2s/step - auc: 0.6726 - binary_accuracy: 0.6406 - loss: 0.7566
[1m104/108[0m [32m━━━━━━━━━━━━━━━━━━━[0m[37m━[0m [1m8s[0m 2s/step - auc: 0.6738 - binary_accuracy: 0.6415 - loss: 0.7547 
[1m105/108[0m [32m━━━━━━━━━━━━━━━━━━━[0m[37m━[0m [1m6s[0m 2s/step - auc: 0.6751 - binary_accuracy: 0.6424 - loss: 0.7528
[1m106/108[0m [32m━━━━━━━━━━━━━━━━━━━[0m[37m━[0m [1m4s[0m 2s/step - auc: 0.6764 - binary_accuracy: 0.6433 - loss: 0.7510
[1m107/108[0m [32m━━━━━━━━━━━━━━━━━━━[0m[37m━[0m [1m2s[0m 2s/step - auc: 0.6776 - binary_accuracy: 0.6442 - loss: 0.7492
[1m108/108[0m [32m━━━━━━━━━━━━━━━━━━━━[0m[37m[0m [1m0s[0m 2s/step - auc: 0.6789 - binary_accuracy: 0.6451 - loss: 0.7474transfer phase-a: epoch 1/8 done in 406.2s loss=0.5579 auc=0.8099 val_loss=0.3737 val_auc=0.9561

[1m108/108[0m [32m━━━━━━━━━━━━━━━━━━━━[0m[37m[0m [1m406s[0m 3s/step - auc: 0.8099 - binary_accuracy: 0.7390 - loss: 0.5579 - val_auc: 0.9561 - val_binary_accuracy: 0.8520 - val_loss: 0.3737
transfer phase-a: epoch 2/8 start
Epoch 2/3

[1m  1/108[0m [37m━━━━━━━━━━━━━━━━━━━━[0m [1m52s[0m 490ms/step - auc: 0.8269 - binary_accuracy: 0.8438 - loss: 1.0176
[1m  2/108[0m [37m━━━━━━━━━━━━━━━━━━━━[0m [1m27s[0m 261ms/step - auc: 0.8522 - binary_accuracy: 0.8203 - loss: 0.9020
[1m  3/108[0m [37m━━━━━━━━━━━━━━━━━━━━[0m [1m26s[0m 251ms/step - auc: 0.8684 - binary_accuracy: 0.8247 - loss: 0.7967
[1m  4/108[0m [37m━━━━━━━━━━━━━━━━━━━━[0m [1m25s[0m 248ms/step - auc: 0.8760 - binary_accuracy: 0.8255 - loss: 0.7442
[1m  5/108[0m [37m━━━━━━━━━━━━━━━━━━━━[0m [1m25s[0m 245ms/step - auc: 0.8826 - binary_accuracy: 0.8254 - loss: 0.7035
[1m  6/108[0m [32m━[0m[37m━━━━━━━━━━━━━━━━━━━[0m [1m25s[0m 246ms/step - auc: 0.8857 - binary_accuracy: 0.8233 - loss: 0.6735
[1m  7/108[0m [32m━[0m[37m━━━━━━━━━━━━━━━━━━━[0m [1m24s[0m 244ms/step - auc: 0.8883 - binary_accuracy: 0.8211 - loss: 0.6479
[1m  8/108[0m [32m━[0m[37m━━━━━━━━━━━━━━━━━━━[0m [1m24s[0m 244ms/step - auc: 0.8902 - binary_accuracy: 0.8195 - loss: 0.6254
[1m  9/108[0m [32m━[0m[37m━━━━━━━━━━━━━━━━━━━[0m [1m24s[0m 243ms/step - auc: 0.8921 - binary_accuracy: 0.8172 - loss: 0.6079
[1m 10/108[0m [32m━[0m[37m━━━━━━━━━━━━━━━━━━━[0m [1m23s[0m 243ms/step - auc: 0.8946 - binary_accuracy: 0.8164 - loss: 0.5924
[1m 11/108[0m [32m━━[0m[37m━━━━━━━━━━━━━━━━━━[0m [1m23s[0m 243ms/step - auc: 0.8961 - binary_accuracy: 0.8155 - loss: 0.5792
[1m 12/108[0m [32m━━[0m[37m━━━━━━━━━━━━━━━━━━[0m [1m23s[0m 242ms/step - auc: 0.8976 - binary_accuracy: 0.8144 - loss: 0.5673
[1m 13/108[0m [32m━━[0m[37m━━━━━━━━━━━━━━━━━━[0m [1m22s[0m 242ms/step - auc: 0.8992 - binary_accuracy: 0.8135 - loss: 0.5565
[1m 14/108[0m [32m━━[0m[37m━━━━━━━━━━━━━━━━━━[0m [1m22s[0m 243ms/step - auc: 0.9006 - binary_accuracy: 0.8125 - loss: 0.5466
[1m 15/108[0m [32m━━[0m[37m━━━━━━━━━━━━━━━━━━[0m [1m22s[0m 243ms/step - auc: 0.9018 - binary_accuracy: 0.8120 - loss: 0.5381
[1m 16/108[0m [32m━━[0m[37m━━━━━━━━━━━━━━━━━━[0m [1m22s[0m 243ms/step - auc: 0.9031 - binary_accuracy: 0.8119 - loss: 0.5298
[1m 17/108[0m [32m━━━[0m[37m━━━━━━━━━━━━━━━━━[0m [1m22s[0m 243ms/step - auc: 0.9040 - binary_accuracy: 0.8118 - loss: 0.5228
[1m 18/108[0m [32m━━━[0m[37m━━━━━━━━━━━━━━━━━[0m [1m21s[0m 243ms/step - auc: 0.9049 - binary_accuracy: 0.8122 - loss: 0.5167
[1m 19/108[0m [32m━━━[0m[37m━━━━━━━━━━━━━━━━━[0m [1m21s[0m 243ms/step - auc: 0.9059 - binary_accuracy: 0.8130 - loss: 0.5111
[1m 20/108[0m [32m━━━[0m[37m━━━━━━━━━━━━━━━━━[0m [1m21s[0m 244ms/step - auc: 0.9067 - binary_accuracy: 0.8138 - loss: 0.5058
[1m 21/108[0m [32m━━━[0m[37m━━━━━━━━━━━━━━━━━[0m [1m21s[0m 244ms/step - auc: 0.9076 - binary_accuracy: 0.8148 - loss: 0.5006
[1m 22/108[0m [32m━━━━[0m[37m━━━━━━━━━━━━━━━━[0m [1m20s[0m 244ms/step - auc: 0.9085 - binary_accuracy: 0.8158 - loss: 0.4955
[1m 23/108[0m [32m━━━━[0m[37m━━━━━━━━━━━━━━━━[0m [1m20s[0m 244ms/step - auc: 0.9093 - binary_accuracy: 0.8168 - loss: 0.4906
[1m 24/108[0m [32m━━━━[0m[37m━━━━━━━━━━━━━━━━[0m [1m20s[0m 244ms/step - auc: 0.9100 - binary_accuracy: 0.8178 - loss: 0.4859
[1m 25/108[0m [32m━━━━[0m[37m━━━━━━━━━━━━━━━━[0m [1m20s[0m 244ms/step - auc: 0.9107 - binary_accuracy: 0.8187 - loss: 0.4819
[1m 26/108[0m [32m━━━━[0m[37m━━━━━━━━━━━━━━━━[0m [1m20s[0m 244ms/step - auc: 0.9113 - binary_accuracy: 0.8196 - loss: 0.4783
[1m 27/108[0m [32m━━━━━[0m[37m━━━━━━━━━━━━━━━[0m [1m19s[0m 244ms/step - auc: 0.9120 - binary_accuracy: 0.8205 - loss: 0.4749
[1m 28/108[0m [32m━━━━━[0m[37m━━━━━━━━━━━━━━━[0m [1m19s[0m 245ms/step - auc: 0.9127 - binary_accuracy: 0.8214 - loss: 0.4716
[1m 29/108[0m [32m━━━━━[0m[37m━━━━━━━━━━━━━━━[0m [1m19s[0m 245ms/step - auc: 0.9135 - binary_accuracy: 0.8221 - loss: 0.4685
[1m 30/108[0m [32m━━━━━[0m[37m━━━━━━━━━━━━━━━[0m [1m19s[0m 245ms/step - auc: 0.9140 - binary_accuracy: 0.8227 - loss: 0.4659
[1m 31/108[0m [32m━━━━━[0m[37m━━━━━━━━━━━━━━━[0m [1m18s[0m 245ms/step - auc: 0.9145 - binary_accuracy: 0.8231 - loss: 0.4634
[1m 32/108[0m [32m━━━━━[0m[37m━━━━━━━━━━━━━━━[0m [1m18s[0m 245ms/step - auc: 0.9148 - binary_accuracy: 0.8234 - loss: 0.4612
[1m 33/108[0m [32m━━━━━━[0m[37m━━━━━━━━━━━━━━[0m [1m18s[0m 245ms/step - auc: 0.9152 - binary_accuracy: 0.8238 - loss: 0.4590
[1m 34/108[0m [32m━━━━━━[0m[37m━━━━━━━━━━━━━━[0m [1m18s[0m 245ms/step - auc: 0.9155 - binary_accuracy: 0.8241 - loss: 0.4570
[1m 35/108[0m [32m━━━━━━[0m[37m━━━━━━━━━━━━━━[0m [1m17s[0m 245ms/step - auc: 0.9158 - binary_accuracy: 0.8245 - loss: 0.4550
[1m 36/108[0m [32m━━━━━━[0m[37m━━━━━━━━━━━━━━[0m [1m17s[0m 245ms/step - auc: 0.9159 - binary_accuracy: 0.8248 - loss: 0.4535
[1m 37/108[0m [32m━━━━━━[0m[37m━━━━━━━━━━━━━━[0m [1m17s[0m 245ms/step - auc: 0.9160 - binary_accuracy: 0.8250 - loss: 0.4519
[1m 38/108[0m [32m━━━━━━━[0m[37m━━━━━━━━━━━━━[0m [1m17s[0m 245ms/step - auc: 0.9162 - binary_accuracy: 0.8253 - loss: 0.4504
[1m 39/108[0m [32m━━━━━━━[0m[37m━━━━━━━━━━━━━[0m [1m16s[0m 245ms/step - auc: 0.9164 - binary_accuracy: 0.8256 - loss: 0.4490
[1m 40/108[0m [32m━━━━━━━[0m[37m━━━━━━━━━━━━━[0m [1m16s[0m 246ms/step - auc: 0.9165 - binary_accuracy: 0.8259 - loss: 0.4476
[1m 41/108[0m [32m━━━━━━━[0m[37m━━━━━━━━━━━━━[0m [1m16s[0m 246ms/step - auc: 0.9168 - binary_accuracy: 0.8262 - loss: 0.4463
[1m 42/108[0m [32m━━━━━━━[0m[37m━━━━━━━━━━━━━[0m [1m16s[0m 246ms/step - auc: 0.9170 - binary_accuracy: 0.8264 - loss: 0.4450
[1m 43/108[0m [32m━━━━━━━[0m[37m━━━━━━━━━━━━━[0m [1m15s[0m 246ms/step - auc: 0.9172 - binary_accuracy: 0.8267 - loss: 0.4436
[1m 44/108[0m [32m━━━━━━━━[0m[37m━━━━━━━━━━━━[0m [1m15s[0m 246ms/step - auc: 0.9174 - binary_accuracy: 0.8269 - loss: 0.4424
[1m 45/108[0m [32m━━━━━━━━[0m[37m━━━━━━━━━━━━[0m [1m15s[0m 246ms/step - auc: 0.9176 - binary_accuracy: 0.8271 - loss: 0.4412
[1m 46/108[0m [32m━━━━━━━━[0m[37m━━━━━━━━━━━━[0m [1m15s[0m 246ms/step - auc: 0.9178 - binary_accuracy: 0.8274 - loss: 0.4400
[1m 47/108[0m [32m━━━━━━━━[0m[37m━━━━━━━━━━━━[0m [1m15s[0m 246ms/step - auc: 0.9181 - binary_accuracy: 0.8276 - loss: 0.4389
[1m 48/108[0m [32m━━━━━━━━[0m[37m━━━━━━━━━━━━[0m [1m14s[0m 246ms/step - auc: 0.9183 - binary_accuracy: 0.8279 - loss: 0.4378
[1m 49/108[0m [32m━━━━━━━━━[0m[37m━━━━━━━━━━━[0m [1m14s[0m 246ms/step - auc: 0.9186 - binary_accuracy: 0.8282 - loss: 0.4368
[1m 50/108[0m [32m━━━━━━━━━[0m[37m━━━━━━━━━━━[0m [1m14s[0m 246ms/step - auc: 0.9188 - binary_accuracy: 0.8284 - loss: 0.4358
[1m 51/108[0m [32m━━━━━━━━━[0m[37m━━━━━━━━━━━[0m [1m14s[0m 246ms/step - auc: 0.9190 - binary_accuracy: 0.8287 - loss: 0.4348
[1m 52/108[0m [32m━━━━━━━━━[0m[37m━━━━━━━━━━━[0m [1m13s[0m 246ms/step - auc: 0.9193 - binary_accuracy: 0.8290 - loss: 0.4338
[1m 53/108[0m [32m━━━━━━━━━[0m[37m━━━━━━━━━━━[0m [1m13s[0m 246ms/step - auc: 0.9195 - binary_accuracy: 0.8292 - loss: 0.4328
[1m 54/108[0m [32m━━━━━━━━━━[0m[37m━━━━━━━━━━[0m [1m13s[0m 246ms/step - auc: 0.9197 - binary_accuracy: 0.8294 - loss: 0.4319
[1m 55/108[0m [32m━━━━━━━━━━[0m[37m━━━━━━━━━━[0m [1m13s[0m 246ms/step - auc: 0.9199 - binary_accuracy: 0.8295 - loss: 0.4310
[1m 56/108[0m [32m━━━━━━━━━━[0m[37m━━━━━━━━━━[0m [1m12s[0m 246ms/step - auc: 0.9202 - binary_accuracy: 0.8296 - loss: 0.4301
[1m 57/108[0m [32m━━━━━━━━━━[0m[37m━━━━━━━━━━[0m [1m12s[0m 247ms/step - auc: 0.9204 - binary_accuracy: 0.8297 - loss: 0.4292
[1m 58/108[0m [32m━━━━━━━━━━[0m[37m━━━━━━━━━━[0m [1m12s[0m 247ms/step - auc: 0.9206 - binary_accuracy: 0.8298 - loss: 0.4284
[1m 59/108[0m [32m━━━━━━━━━━[0m[37m━━━━━━━━━━[0m [1m12s[0m 247ms/step - auc: 0.9208 - binary_accuracy: 0.8299 - loss: 0.4275
[1m 60/108[0m [32m━━━━━━━━━━━[0m[37m━━━━━━━━━[0m [1m11s[0m 247ms/step - auc: 0.9210 - binary_accuracy: 0.8300 - loss: 0.4268
[1m 61/108[0m [32m━━━━━━━━━━━[0m[37m━━━━━━━━━[0m [1m11s[0m 247ms/step - auc: 0.9211 - binary_accuracy: 0.8301 - loss: 0.4260
[1m 62/108[0m [32m━━━━━━━━━━━[0m[37m━━━━━━━━━[0m [1m11s[0m 247ms/step - auc: 0.9213 - binary_accuracy: 0.8303 - loss: 0.4253
[1m 63/108[0m [32m━━━━━━━━━━━[0m[37m━━━━━━━━━[0m [1m11s[0m 247ms/step - auc: 0.9214 - binary_accuracy: 0.8304 - loss: 0.4247
[1m 64/108[0m [32m━━━━━━━━━━━[0m[37m━━━━━━━━━[0m [1m10s[0m 247ms/step - auc: 0.9215 - binary_accuracy: 0.8306 - loss: 0.4241
[1m 65/108[0m [32m━━━━━━━━━━━━[0m[37m━━━━━━━━[0m [1m10s[0m 247ms/step - auc: 0.9217 - binary_accuracy: 0.8308 - loss: 0.4236
[1m 66/108[0m [32m━━━━━━━━━━━━[0m[37m━━━━━━━━[0m [1m10s[0m 248ms/step - auc: 0.9218 - binary_accuracy: 0.8310 - loss: 0.4230
[1m 67/108[0m [32m━━━━━━━━━━━━[0m[37m━━━━━━━━[0m [1m10s[0m 248ms/step - auc: 0.9219 - binary_accuracy: 0.8311 - loss: 0.4224
[1m 68/108[0m [32m━━━━━━━━━━━━[0m[37m━━━━━━━━[0m [1m9s[0m 248ms/step - auc: 0.9220 - binary_accuracy: 0.8312 - loss: 0.4219 
[1m 69/108[0m [32m━━━━━━━━━━━━[0m[37m━━━━━━━━[0m [1m9s[0m 248ms/step - auc: 0.9221 - binary_accuracy: 0.8313 - loss: 0.4214
[1m 70/108[0m [32m━━━━━━━━━━━━[0m[37m━━━━━━━━[0m [1m9s[0m 248ms/step - auc: 0.9222 - binary_accuracy: 0.8313 - loss: 0.4208
[1m 71/108[0m [32m━━━━━━━━━━━━━[0m[37m━━━━━━━[0m [1m9s[0m 248ms/step - auc: 0.9223 - binary_accuracy: 0.8314 - loss: 0.4203
[1m 72/108[0m [32m━━━━━━━━━━━━━[0m[37m━━━━━━━[0m [1m8s[0m 248ms/step - auc: 0.9223 - binary_accuracy: 0.8314 - loss: 0.4198
[1m 73/108[0m [32m━━━━━━━━━━━━━[0m[37m━━━━━━━[0m [1m8s[0m 248ms/step - auc: 0.9224 - binary_accuracy: 0.8314 - loss: 0.4193
[1m 74/108[0m [32m━━━━━━━━━━━━━[0m[37m━━━━━━━[0m [1m8s[0m 248ms/step - auc: 0.9225 - binary_accuracy: 0.8315 - loss: 0.4188
[1m 75/108[0m [32m━━━━━━━━━━━━━[0m[37m━━━━━━━[0m [1m8s[0m 248ms/step - auc: 0.9226 - binary_accuracy: 0.8315 - loss: 0.4183
[1m 76/108[0m [32m━━━━━━━━━━━━━━[0m[37m━━━━━━[0m [1m7s[0m 248ms/step - auc: 0.9227 - binary_accuracy: 0.8315 - loss: 0.4178
[1m 77/108[0m [32m━━━━━━━━━━━━━━[0m[37m━━━━━━[0m [1m7s[0m 248ms/step - auc: 0.9228 - binary_accuracy: 0.8316 - loss: 0.4173
[1m 78/108[0m [32m━━━━━━━━━━━━━━[0m[37m━━━━━━[0m [1m7s[0m 249ms/step - auc: 0.9229 - binary_accuracy: 0.8317 - loss: 0.4168
[1m 79/108[0m [32m━━━━━━━━━━━━━━[0m[37m━━━━━━[0m [1m7s[0m 249ms/step - auc: 0.9230 - binary_accuracy: 0.8317 - loss: 0.4163
[1m 80/108[0m [32m━━━━━━━━━━━━━━[0m[37m━━━━━━[0m [1m6s[0m 249ms/step - auc: 0.9230 - binary_accuracy: 0.8318 - loss: 0.4158
[1m 81/108[0m [32m━━━━━━━━━━━━━━━[0m[37m━━━━━[0m [1m6s[0m 249ms/step - auc: 0.9231 - binary_accuracy: 0.8319 - loss: 0.4154
[1m 82/108[0m [32m━━━━━━━━━━━━━━━[0m[37m━━━━━[0m [1m6s[0m 249ms/step - auc: 0.9232 - binary_accuracy: 0.8320 - loss: 0.4149
[1m 83/108[0m [32m━━━━━━━━━━━━━━━[0m[37m━━━━━[0m [1m6s[0m 249ms/step - auc: 0.9233 - binary_accuracy: 0.8321 - loss: 0.4145
[1m 84/108[0m [32m━━━━━━━━━━━━━━━[0m[37m━━━━━[0m [1m5s[0m 249ms/step - auc: 0.9234 - binary_accuracy: 0.8322 - loss: 0.4141
[1m 85/108[0m [32m━━━━━━━━━━━━━━━[0m[37m━━━━━[0m [1m5s[0m 249ms/step - auc: 0.9235 - binary_accuracy: 0.8323 - loss: 0.4136
[1m 86/108[0m [32m━━━━━━━━━━━━━━━[0m[37m━━━━━[0m [1m5s[0m 249ms/step - auc: 0.9236 - binary_accuracy: 0.8323 - loss: 0.4132
[1m 87/108[0m [32m━━━━━━━━━━━━━━━━[0m[37m━━━━[0m [1m5s[0m 249ms/step - auc: 0.9237 - binary_accuracy: 0.8324 - loss: 0.4128
[1m 88/108[0m [32m━━━━━━━━━━━━━━━━[0m[37m━━━━[0m [1m4s[0m 249ms/step - auc: 0.9238 - binary_accuracy: 0.8324 - loss: 0.4123
[1m 89/108[0m [32m━━━━━━━━━━━━━━━━[0m[37m━━━━[0m [1m4s[0m 249ms/step - auc: 0.9239 - binary_accuracy: 0.8325 - loss: 0.4119
[1m 90/108[0m [32m━━━━━━━━━━━━━━━━[0m[37m━━━━[0m [1m4s[0m 249ms/step - auc: 0.9239 - binary_accuracy: 0.8325 - loss: 0.4115
[1m 91/108[0m [32m━━━━━━━━━━━━━━━━[0m[37m━━━━[0m [1m4s[0m 249ms/step - auc: 0.9240 - binary_accuracy: 0.8325 - loss: 0.4111
[1m 92/108[0m [32m━━━━━━━━━━━━━━━━━[0m[37m━━━[0m [1m3s[0m 249ms/step - auc: 0.9241 - binary_accuracy: 0.8325 - loss: 0.4107
[1m 93/108[0m [32m━━━━━━━━━━━━━━━━━[0m[37m━━━[0m [1m3s[0m 249ms/step - auc: 0.9242 - binary_accuracy: 0.8326 - loss: 0.4103
[1m 94/108[0m [32m━━━━━━━━━━━━━━━━━[0m[37m━━━[0m [1m3s[0m 250ms/step - auc: 0.9243 - binary_accuracy: 0.8326 - loss: 0.4099
[1m 95/108[0m [32m━━━━━━━━━━━━━━━━━[0m[37m━━━[0m [1m3s[0m 250ms/step - auc: 0.9244 - binary_accuracy: 0.8327 - loss: 0.4095
[1m 96/108[0m [32m━━━━━━━━━━━━━━━━━[0m[37m━━━[0m [1m2s[0m 250ms/step - auc: 0.9245 - binary_accuracy: 0.8327 - loss: 0.4091
[1m 97/108[0m [32m━━━━━━━━━━━━━━━━━[0m[37m━━━[0m [1m2s[0m 250ms/step - auc: 0.9247 - binary_accuracy: 0.8328 - loss: 0.4087
[1m 98/108[0m [32m━━━━━━━━━━━━━━━━━━[0m[37m━━[0m [1m2s[0m 250ms/step - auc: 0.9248 - binary_accuracy: 0.8329 - loss: 0.4083
[1m 99/108[0m [32m━━━━━━━━━━━━━━━━━━[0m[37m━━[0m [1m2s[0m 250ms/step - auc: 0.9249 - binary_accuracy: 0.8330 - loss: 0.4079
[1m100/108[0m [32m━━━━━━━━━━━━━━━━━━[0m[37m━━[0m [1m1s[0m 250ms/step - auc: 0.9250 - binary_accuracy: 0.8331 - loss: 0.4075
[1m101/108[0m [32m━━━━━━━━━━━━━━━━━━[0m[37m━━[0m [1m1s[0m 250ms/step - auc: 0.9251 - binary_accuracy: 0.8332 - loss: 0.4071
[1m102/108[0m [32m━━━━━━━━━━━━━━━━━━[0m[37m━━[0m [1m1s[0m 250ms/step - auc: 0.9252 - binary_accuracy: 0.8334 - loss: 0.4068
[1m103/108[0m [32m━━━━━━━━━━━━━━━━━━━[0m[37m━[0m [1m1s[0m 250ms/step - auc: 0.9253 - binary_accuracy: 0.8335 - loss: 0.4064
[1m104/108[0m [32m━━━━━━━━━━━━━━━━━━━[0m[37m━[0m [1m0s[0m 250ms/step - auc: 0.9254 - binary_accuracy: 0.8336 - loss: 0.4060
[1m105/108[0m [32m━━━━━━━━━━━━━━━━━━━[0m[37m━[0m [1m0s[0m 250ms/step - auc: 0.9255 - binary_accuracy: 0.8337 - loss: 0.4057
[1m106/108[0m [32m━━━━━━━━━━━━━━━━━━━[0m[37m━[0m [1m0s[0m 250ms/step - auc: 0.9256 - binary_accuracy: 0.8338 - loss: 0.4053
[1m107/108[0m [32m━━━━━━━━━━━━━━━━━━━[0m[37m━[0m [1m0s[0m 250ms/step - auc: 0.9257 - binary_accuracy: 0.8339 - loss: 0.4050
[1m108/108[0m [32m━━━━━━━━━━━━━━━━━━━━[0m[37m[0m [1m0s[0m 248ms/step - auc: 0.9258 - binary_accuracy: 0.8340 - loss: 0.4047transfer phase-a: epoch 2/8 done in 33.3s loss=0.3691 auc=0.9354 val_loss=0.3747 val_auc=0.9726

[1m108/108[0m [32m━━━━━━━━━━━━━━━━━━━━[0m[37m[0m [1m33s[0m 307ms/step - auc: 0.9354 - binary_accuracy: 0.8453 - loss: 0.3691 - val_auc: 0.9726 - val_binary_accuracy: 0.8433 - val_loss: 0.3747
transfer phase-a: epoch 3/8 start
Epoch 3/3

[1m  1/108[0m [37m━━━━━━━━━━━━━━━━━━━━[0m [1m49s[0m 466ms/step - auc: 0.8622 - binary_accuracy: 0.8125 - loss: 0.9100
[1m  2/108[0m [37m━━━━━━━━━━━━━━━━━━━━[0m [1m26s[0m 248ms/step - auc: 0.8910 - binary_accuracy: 0.8125 - loss: 0.7764
[1m  3/108[0m [37m━━━━━━━━━━━━━━━━━━━━[0m [1m25s[0m 247ms/step - auc: 0.9048 - binary_accuracy: 0.8194 - loss: 0.6808
[1m  4/108[0m [37m━━━━━━━━━━━━━━━━━━━━[0m [1m25s[0m 249ms/step - auc: 0.9140 - binary_accuracy: 0.8275 - loss: 0.6251
[1m  5/108[0m [37m━━━━━━━━━━━━━━━━━━━━[0m [1m25s[0m 248ms/step - auc: 0.9218 - binary_accuracy: 0.8307 - loss: 0.5847
[1m  6/108[0m [32m━[0m[37m━━━━━━━━━━━━━━━━━━━[0m [1m25s[0m 249ms/step - auc: 0.9274 - binary_accuracy: 0.8329 - loss: 0.5539
[1m  7/108[0m [32m━[0m[37m━━━━━━━━━━━━━━━━━━━[0m [1m25s[0m 249ms/step - auc: 0.9316 - binary_accuracy: 0.8344 - loss: 0.5289
[1m  8/108[0m [32m━[0m[37m━━━━━━━━━━━━━━━━━━━[0m [1m24s[0m 248ms/step - auc: 0.9349 - binary_accuracy: 0.8356 - loss: 0.5070
[1m  9/108[0m [32m━[0m[37m━━━━━━━━━━━━━━━━━━━[0m [1m24s[0m 248ms/step - auc: 0.9375 - binary_accuracy: 0.8377 - loss: 0.4900
[1m 10/108[0m [32m━[0m[37m━━━━━━━━━━━━━━━━━━━[0m [1m24s[0m 248ms/step - auc: 0.9396 - binary_accuracy: 0.8398 - loss: 0.4764
[1m 11/108[0m [32m━━[0m[37m━━━━━━━━━━━━━━━━━━[0m [1m24s[0m 248ms/step - auc: 0.9412 - binary_accuracy: 0.8420 - loss: 0.4644
[1m 12/108[0m [32m━━[0m[37m━━━━━━━━━━━━━━━━━━[0m [1m23s[0m 248ms/step - auc: 0.9428 - binary_accuracy: 0.8445 - loss: 0.4534
[1m 13/108[0m [32m━━[0m[37m━━━━━━━━━━━━━━━━━━[0m [1m23s[0m 250ms/step - auc: 0.9444 - binary_accuracy: 0.8471 - loss: 0.4436
[1m 14/108[0m [32m━━[0m[37m━━━━━━━━━━━━━━━━━━[0m [1m23s[0m 252ms/step - auc: 0.9458 - binary_accuracy: 0.8492 - loss: 0.4347
[1m 15/108[0m [32m━━[0m[37m━━━━━━━━━━━━━━━━━━[0m [1m23s[0m 254ms/step - auc: 0.9468 - binary_accuracy: 0.8511 - loss: 0.4275
[1m 16/108[0m [32m━━[0m[37m━━━━━━━━━━━━━━━━━━[0m [1m23s[0m 254ms/step - auc: 0.9478 - binary_accuracy: 0.8528 - loss: 0.4206
[1m 17/108[0m [32m━━━[0m[37m━━━━━━━━━━━━━━━━━[0m [1m23s[0m 254ms/step - auc: 0.9480 - binary_accuracy: 0.8541 - loss: 0.4159
[1m 18/108[0m [32m━━━[0m[37m━━━━━━━━━━━━━━━━━[0m [1m22s[0m 254ms/step - auc: 0.9483 - binary_accuracy: 0.8556 - loss: 0.4118
[1m 19/108[0m [32m━━━[0m[37m━━━━━━━━━━━━━━━━━[0m [1m22s[0m 253ms/step - auc: 0.9486 - binary_accuracy: 0.8569 - loss: 0.4080
[1m 20/108[0m [32m━━━[0m[37m━━━━━━━━━━━━━━━━━[0m [1m22s[0m 253ms/step - auc: 0.9489 - binary_accuracy: 0.8579 - loss: 0.4045
[1m 21/108[0m [32m━━━[0m[37m━━━━━━━━━━━━━━━━━[0m [1m22s[0m 253ms/step - auc: 0.9491 - binary_accuracy: 0.8590 - loss: 0.4011
[1m 22/108[0m [32m━━━━[0m[37m━━━━━━━━━━━━━━━━[0m [1m21s[0m 253ms/step - auc: 0.9493 - binary_accuracy: 0.8601 - loss: 0.3978
[1m 23/108[0m [32m━━━━[0m[37m━━━━━━━━━━━━━━━━[0m [1m21s[0m 253ms/step - auc: 0.9495 - binary_accuracy: 0.8610 - loss: 0.3946
[1m 24/108[0m [32m━━━━[0m[37m━━━━━━━━━━━━━━━━[0m [1m21s[0m 253ms/step - auc: 0.9496 - binary_accuracy: 0.8616 - loss: 0.3916
[1m 25/108[0m [32m━━━━[0m[37m━━━━━━━━━━━━━━━━[0m [1m20s[0m 253ms/step - auc: 0.9497 - binary_accuracy: 0.8622 - loss: 0.3891
[1m 26/108[0m [32m━━━━[0m[37m━━━━━━━━━━━━━━━━[0m [1m20s[0m 253ms/step - auc: 0.9499 - binary_accuracy: 0.8629 - loss: 0.3867
[1m 27/108[0m [32m━━━━━[0m[37m━━━━━━━━━━━━━━━[0m [1m20s[0m 253ms/step - auc: 0.9502 - binary_accuracy: 0.8635 - loss: 0.3845
[1m 28/108[0m [32m━━━━━[0m[37m━━━━━━━━━━━━━━━[0m [1m20s[0m 253ms/step - auc: 0.9504 - binary_accuracy: 0.8642 - loss: 0.3823
[1m 29/108[0m [32m━━━━━[0m[37m━━━━━━━━━━━━━━━[0m [1m19s[0m 253ms/step - auc: 0.9507 - binary_accuracy: 0.8647 - loss: 0.3803
[1m 30/108[0m [32m━━━━━[0m[37m━━━━━━━━━━━━━━━[0m [1m19s[0m 253ms/step - auc: 0.9509 - binary_accuracy: 0.8650 - loss: 0.3787
[1m 31/108[0m [32m━━━━━[0m[37m━━━━━━━━━━━━━━━[0m [1m19s[0m 253ms/step - auc: 0.9511 - binary_accuracy: 0.8652 - loss: 0.3770
[1m 32/108[0m [32m━━━━━[0m[37m━━━━━━━━━━━━━━━[0m [1m19s[0m 253ms/step - auc: 0.9512 - binary_accuracy: 0.8654 - loss: 0.3756
[1m 33/108[0m [32m━━━━━━[0m[37m━━━━━━━━━━━━━━[0m [1m18s[0m 253ms/step - auc: 0.9513 - binary_accuracy: 0.8656 - loss: 0.3741
[1m 34/108[0m [32m━━━━━━[0m[37m━━━━━━━━━━━━━━[0m [1m18s[0m 253ms/step - auc: 0.9515 - binary_accuracy: 0.8659 - loss: 0.3726
[1m 35/108[0m [32m━━━━━━[0m[37m━━━━━━━━━━━━━━[0m [1m18s[0m 253ms/step - auc: 0.9516 - binary_accuracy: 0.8662 - loss: 0.3711
[1m 36/108[0m [32m━━━━━━[0m[37m━━━━━━━━━━━━━━[0m [1m18s[0m 253ms/step - auc: 0.9516 - binary_accuracy: 0.8665 - loss: 0.3700
[1m 37/108[0m [32m━━━━━━[0m[37m━━━━━━━━━━━━━━[0m [1m17s[0m 253ms/step - auc: 0.9517 - binary_accuracy: 0.8668 - loss: 0.3689
[1m 38/108[0m [32m━━━━━━━[0m[37m━━━━━━━━━━━━━[0m [1m17s[0m 253ms/step - auc: 0.9518 - binary_accuracy: 0.8671 - loss: 0.3678
[1m 39/108[0m [32m━━━━━━━[0m[37m━━━━━━━━━━━━━[0m [1m17s[0m 253ms/step - auc: 0.9518 - binary_accuracy: 0.8673 - loss: 0.3668
[1m 40/108[0m [32m━━━━━━━[0m[37m━━━━━━━━━━━━━[0m [1m17s[0m 253ms/step - auc: 0.9518 - binary_accuracy: 0.8675 - loss: 0.3659
[1m 41/108[0m [32m━━━━━━━[0m[37m━━━━━━━━━━━━━[0m [1m16s[0m 253ms/step - auc: 0.9519 - binary_accuracy: 0.8678 - loss: 0.3650
[1m 42/108[0m [32m━━━━━━━[0m[37m━━━━━━━━━━━━━[0m [1m16s[0m 253ms/step - auc: 0.9520 - binary_accuracy: 0.8681 - loss: 0.3641
[1m 43/108[0m [32m━━━━━━━[0m[37m━━━━━━━━━━━━━[0m [1m16s[0m 253ms/step - auc: 0.9521 - binary_accuracy: 0.8684 - loss: 0.3632
[1m 44/108[0m [32m━━━━━━━━[0m[37m━━━━━━━━━━━━[0m [1m16s[0m 253ms/step - auc: 0.9522 - binary_accuracy: 0.8686 - loss: 0.3623
[1m 45/108[0m [32m━━━━━━━━[0m[37m━━━━━━━━━━━━[0m [1m15s[0m 253ms/step - auc: 0.9522 - binary_accuracy: 0.8688 - loss: 0.3615
[1m 46/108[0m [32m━━━━━━━━[0m[37m━━━━━━━━━━━━[0m [1m15s[0m 253ms/step - auc: 0.9523 - binary_accuracy: 0.8690 - loss: 0.3607
[1m 47/108[0m [32m━━━━━━━━[0m[37m━━━━━━━━━━━━[0m [1m15s[0m 253ms/step - auc: 0.9525 - binary_accuracy: 0.8692 - loss: 0.3598
[1m 48/108[0m [32m━━━━━━━━[0m[37m━━━━━━━━━━━━[0m [1m15s[0m 253ms/step - auc: 0.9526 - binary_accuracy: 0.8695 - loss: 0.3591
[1m 49/108[0m [32m━━━━━━━━━[0m[37m━━━━━━━━━━━[0m [1m14s[0m 253ms/step - auc: 0.9527 - binary_accuracy: 0.8697 - loss: 0.3584
[1m 50/108[0m [32m━━━━━━━━━[0m[37m━━━━━━━━━━━[0m [1m14s[0m 253ms/step - auc: 0.9528 - binary_accuracy: 0.8698 - loss: 0.3578
[1m 51/108[0m [32m━━━━━━━━━[0m[37m━━━━━━━━━━━[0m [1m14s[0m 253ms/step - auc: 0.9529 - binary_accuracy: 0.8700 - loss: 0.3571
[1m 52/108[0m [32m━━━━━━━━━[0m[37m━━━━━━━━━━━[0m [1m14s[0m 253ms/step - auc: 0.9530 - binary_accuracy: 0.8702 - loss: 0.3565
[1m 53/108[0m [32m━━━━━━━━━[0m[37m━━━━━━━━━━━[0m [1m13s[0m 253ms/step - auc: 0.9531 - binary_accuracy: 0.8703 - loss: 0.3559
[1m 54/108[0m [32m━━━━━━━━━━[0m[37m━━━━━━━━━━[0m [1m13s[0m 253ms/step - auc: 0.9531 - binary_accuracy: 0.8704 - loss: 0.3553
[1m 55/108[0m [32m━━━━━━━━━━[0m[37m━━━━━━━━━━[0m [1m13s[0m 253ms/step - auc: 0.9532 - binary_accuracy: 0.8705 - loss: 0.3547
[1m 56/108[0m [32m━━━━━━━━━━[0m[37m━━━━━━━━━━[0m [1m13s[0m 253ms/step - auc: 0.9533 - binary_accuracy: 0.8705 - loss: 0.3541
[1m 57/108[0m [32m━━━━━━━━━━[0m[37m━━━━━━━━━━[0m [1m12s[0m 253ms/step - auc: 0.9534 - binary_accuracy: 0.8706 - loss: 0.3536
[1m 58/108[0m [32m━━━━━━━━━━[0m[37m━━━━━━━━━━[0m [1m12s[0m 253ms/step - auc: 0.9534 - binary_accuracy: 0.8706 - loss: 0.3531
[1m 59/108[0m [32m━━━━━━━━━━[0m[37m━━━━━━━━━━[0m [1m12s[0m 253ms/step - auc: 0.9535 - binary_accuracy: 0.8707 - loss: 0.3526
[1m 60/108[0m [32m━━━━━━━━━━━[0m[37m━━━━━━━━━[0m [1m12s[0m 253ms/step - auc: 0.9536 - binary_accuracy: 0.8707 - loss: 0.3521
[1m 61/108[0m [32m━━━━━━━━━━━[0m[37m━━━━━━━━━[0m [1m11s[0m 253ms/step - auc: 0.9536 - binary_accuracy: 0.8708 - loss: 0.3516
[1m 62/108[0m [32m━━━━━━━━━━━[0m[37m━━━━━━━━━[0m [1m11s[0m 253ms/step - auc: 0.9537 - binary_accuracy: 0.8709 - loss: 0.3511
[1m 63/108[0m [32m━━━━━━━━━━━[0m[37m━━━━━━━━━[0m [1m11s[0m 253ms/step - auc: 0.9538 - binary_accuracy: 0.8710 - loss: 0.3506
[1m 64/108[0m [32m━━━━━━━━━━━[0m[37m━━━━━━━━━[0m [1m11s[0m 253ms/step - auc: 0.9539 - binary_accuracy: 0.8711 - loss: 0.3501
[1m 65/108[0m [32m━━━━━━━━━━━━[0m[37m━━━━━━━━[0m [1m10s[0m 253ms/step - auc: 0.9540 - binary_accuracy: 0.8712 - loss: 0.3497
[1m 66/108[0m [32m━━━━━━━━━━━━[0m[37m━━━━━━━━[0m [1m10s[0m 253ms/step - auc: 0.9540 - binary_accuracy: 0.8713 - loss: 0.3493
[1m 67/108[0m [32m━━━━━━━━━━━━[0m[37m━━━━━━━━[0m [1m10s[0m 253ms/step - auc: 0.9541 - binary_accuracy: 0.8714 - loss: 0.3489
[1m 68/108[0m [32m━━━━━━━━━━━━[0m[37m━━━━━━━━[0m [1m10s[0m 253ms/step - auc: 0.9541 - binary_accuracy: 0.8715 - loss: 0.3485
[1m 69/108[0m [32m━━━━━━━━━━━━[0m[37m━━━━━━━━[0m [1m9s[0m 254ms/step - auc: 0.9542 - binary_accuracy: 0.8717 - loss: 0.3480 
[1m 70/108[0m [32m━━━━━━━━━━━━[0m[37m━━━━━━━━[0m [1m9s[0m 254ms/step - auc: 0.9543 - binary_accuracy: 0.8718 - loss: 0.3476
[1m 71/108[0m [32m━━━━━━━━━━━━━[0m[37m━━━━━━━[0m [1m9s[0m 254ms/step - auc: 0.9543 - binary_accuracy: 0.8719 - loss: 0.3472
[1m 72/108[0m [32m━━━━━━━━━━━━━[0m[37m━━━━━━━[0m [1m9s[0m 254ms/step - auc: 0.9544 - binary_accuracy: 0.8720 - loss: 0.3468
[1m 73/108[0m [32m━━━━━━━━━━━━━[0m[37m━━━━━━━[0m [1m8s[0m 254ms/step - auc: 0.9544 - binary_accuracy: 0.8722 - loss: 0.3464
[1m 74/108[0m [32m━━━━━━━━━━━━━[0m[37m━━━━━━━[0m [1m8s[0m 254ms/step - auc: 0.9544 - binary_accuracy: 0.8723 - loss: 0.3461
[1m 75/108[0m [32m━━━━━━━━━━━━━[0m[37m━━━━━━━[0m [1m8s[0m 254ms/step - auc: 0.9545 - binary_accuracy: 0.8724 - loss: 0.3457
[1m 76/108[0m [32m━━━━━━━━━━━━━━[0m[37m━━━━━━[0m [1m8s[0m 254ms/step - auc: 0.9545 - binary_accuracy: 0.8725 - loss: 0.3453
[1m 77/108[0m [32m━━━━━━━━━━━━━━[0m[37m━━━━━━[0m [1m7s[0m 254ms/step - auc: 0.9545 - binary_accuracy: 0.8726 - loss: 0.3450
[1m 78/108[0m [32m━━━━━━━━━━━━━━[0m[37m━━━━━━[0m [1m7s[0m 254ms/step - auc: 0.9546 - binary_accuracy: 0.8727 - loss: 0.3446
[1m 79/108[0m [32m━━━━━━━━━━━━━━[0m[37m━━━━━━[0m [1m7s[0m 254ms/step - auc: 0.9546 - binary_accuracy: 0.8728 - loss: 0.3443
[1m 80/108[0m [32m━━━━━━━━━━━━━━[0m[37m━━━━━━[0m [1m7s[0m 254ms/step - auc: 0.9547 - binary_accuracy: 0.8729 - loss: 0.3439
[1m 81/108[0m [32m━━━━━━━━━━━━━━━[0m[37m━━━━━[0m [1m6s[0m 254ms/step - auc: 0.9547 - binary_accuracy: 0.8730 - loss: 0.3436
[1m 82/108[0m [32m━━━━━━━━━━━━━━━[0m[37m━━━━━[0m [1m6s[0m 254ms/step - auc: 0.9548 - binary_accuracy: 0.8731 - loss: 0.3432
[1m 83/108[0m [32m━━━━━━━━━━━━━━━[0m[37m━━━━━[0m [1m6s[0m 254ms/step - auc: 0.9548 - binary_accuracy: 0.8732 - loss: 0.3429
[1m 84/108[0m [32m━━━━━━━━━━━━━━━[0m[37m━━━━━[0m [1m6s[0m 254ms/step - auc: 0.9549 - binary_accuracy: 0.8733 - loss: 0.3426
[1m 85/108[0m [32m━━━━━━━━━━━━━━━[0m[37m━━━━━[0m [1m5s[0m 254ms/step - auc: 0.9549 - binary_accuracy: 0.8734 - loss: 0.3423
[1m 86/108[0m [32m━━━━━━━━━━━━━━━[0m[37m━━━━━[0m [1m5s[0m 254ms/step - auc: 0.9549 - binary_accuracy: 0.8735 - loss: 0.3420
[1m 87/108[0m [32m━━━━━━━━━━━━━━━━[0m[37m━━━━[0m [1m5s[0m 254ms/step - auc: 0.9550 - binary_accuracy: 0.8736 - loss: 0.3417
[1m 88/108[0m [32m━━━━━━━━━━━━━━━━[0m[37m━━━━[0m [1m5s[0m 253ms/step - auc: 0.9550 - binary_accuracy: 0.8737 - loss: 0.3414
[1m 89/108[0m [32m━━━━━━━━━━━━━━━━[0m[37m━━━━[0m [1m4s[0m 253ms/step - auc: 0.9550 - binary_accuracy: 0.8737 - loss: 0.3411
[1m 90/108[0m [32m━━━━━━━━━━━━━━━━[0m[37m━━━━[0m [1m4s[0m 253ms/step - auc: 0.9551 - binary_accuracy: 0.8738 - loss: 0.3409
[1m 91/108[0m [32m━━━━━━━━━━━━━━━━[0m[37m━━━━[0m [1m4s[0m 253ms/step - auc: 0.9551 - binary_accuracy: 0.8739 - loss: 0.3406
[1m 92/108[0m [32m━━━━━━━━━━━━━━━━━[0m[37m━━━[0m [1m4s[0m 253ms/step - auc: 0.9552 - binary_accuracy: 0.8739 - loss: 0.3403
[1m 93/108[0m [32m━━━━━━━━━━━━━━━━━[0m[37m━━━[0m [1m3s[0m 253ms/step - auc: 0.9552 - binary_accuracy: 0.8740 - loss: 0.3400
[1m 94/108[0m [32m━━━━━━━━━━━━━━━━━[0m[37m━━━[0m [1m3s[0m 253ms/step - auc: 0.9553 - binary_accuracy: 0.8741 - loss: 0.3397
[1m 95/108[0m [32m━━━━━━━━━━━━━━━━━[0m[37m━━━[0m [1m3s[0m 253ms/step - auc: 0.9553 - binary_accuracy: 0.8742 - loss: 0.3394
[1m 96/108[0m [32m━━━━━━━━━━━━━━━━━[0m[37m━━━[0m [1m3s[0m 253ms/step - auc: 0.9554 - binary_accuracy: 0.8743 - loss: 0.3391
[1m 97/108[0m [32m━━━━━━━━━━━━━━━━━[0m[37m━━━[0m [1m2s[0m 253ms/step - auc: 0.9554 - binary_accuracy: 0.8743 - loss: 0.3388
[1m 98/108[0m [32m━━━━━━━━━━━━━━━━━━[0m[37m━━[0m [1m2s[0m 253ms/step - auc: 0.9555 - binary_accuracy: 0.8744 - loss: 0.3385
[1m 99/108[0m [32m━━━━━━━━━━━━━━━━━━[0m[37m━━[0m [1m2s[0m 253ms/step - auc: 0.9555 - binary_accuracy: 0.8745 - loss: 0.3382
[1m100/108[0m [32m━━━━━━━━━━━━━━━━━━[0m[37m━━[0m [1m2s[0m 253ms/step - auc: 0.9556 - binary_accuracy: 0.8746 - loss: 0.3379
[1m101/108[0m [32m━━━━━━━━━━━━━━━━━━[0m[37m━━[0m [1m1s[0m 253ms/step - auc: 0.9556 - binary_accuracy: 0.8747 - loss: 0.3377
[1m102/108[0m [32m━━━━━━━━━━━━━━━━━━[0m[37m━━[0m [1m1s[0m 253ms/step - auc: 0.9557 - binary_accuracy: 0.8749 - loss: 0.3374
[1m103/108[0m [32m━━━━━━━━━━━━━━━━━━━[0m[37m━[0m [1m1s[0m 253ms/step - auc: 0.9557 - binary_accuracy: 0.8750 - loss: 0.3372
[1m104/108[0m [32m━━━━━━━━━━━━━━━━━━━[0m[37m━[0m [1m1s[0m 253ms/step - auc: 0.9558 - binary_accuracy: 0.8751 - loss: 0.3370
[1m105/108[0m [32m━━━━━━━━━━━━━━━━━━━[0m[37m━[0m [1m0s[0m 253ms/step - auc: 0.9558 - binary_accuracy: 0.8752 - loss: 0.3367
[1m106/108[0m [32m━━━━━━━━━━━━━━━━━━━[0m[37m━[0m [1m0s[0m 253ms/step - auc: 0.9558 - binary_accuracy: 0.8753 - loss: 0.3365
[1m107/108[0m [32m━━━━━━━━━━━━━━━━━━━[0m[37m━[0m [1m0s[0m 253ms/step - auc: 0.9559 - binary_accuracy: 0.8754 - loss: 0.3363
[1m108/108[0m [32m━━━━━━━━━━━━━━━━━━━━[0m[37m[0m [1m0s[0m 251ms/step - auc: 0.9559 - binary_accuracy: 0.8755 - loss: 0.3360transfer phase-a: epoch 3/8 done in 33.6s loss=0.3124 auc=0.9598 val_loss=0.3357 val_auc=0.9736

[1m108/108[0m [32m━━━━━━━━━━━━━━━━━━━━[0m[37m[0m [1m34s[0m 310ms/step - auc: 0.9598 - binary_accuracy: 0.8866 - loss: 0.3124 - val_auc: 0.9736 - val_binary_accuracy: 0.8756 - val_loss: 0.3357
[INFO] focus_binary.focus_binary.models.transfer: phase2: fine-tuning
[INFO] focus_binary.focus_binary.models.transfer: unfreeze blocks
transfer phase-a: epoch 1/8 start
Epoch 1/5

[1m  1/108[0m [37m━━━━━━━━━━━━━━━━━━━━[0m [1m5:50[0m 3s/step - auc: 0.9006 - binary_accuracy: 0.8438 - loss: 0.7930
[1m  2/108[0m [37m━━━━━━━━━━━━━━━━━━━━[0m [1m28s[0m 268ms/step - auc: 0.8874 - binary_accuracy: 0.7344 - loss: 0.8138
[1m  3/108[0m [37m━━━━━━━━━━━━━━━━━━━━[0m [1m28s[0m 267ms/step - auc: 0.8930 - binary_accuracy: 0.7222 - loss: 0.7498
[1m  4/108[0m [37m━━━━━━━━━━━━━━━━━━━━[0m [1m27s[0m 267ms/step - auc: 0.8849 - binary_accuracy: 0.7311 - loss: 0.7360
[1m  5/108[0m [37m━━━━━━━━━━━━━━━━━━━━[0m [1m27s[0m 268ms/step - auc: 0.8800 - binary_accuracy: 0.7411 - loss: 0.7253
[1m  6/108[0m [32m━[0m[37m━━━━━━━━━━━━━━━━━━━[0m [1m27s[0m 269ms/step - auc: 0.8760 - binary_accuracy: 0.7461 - loss: 0.7111
[1m  7/108[0m [32m━[0m[37m━━━━━━━━━━━━━━━━━━━[0m [1m27s[0m 270ms/step - auc: 0.8716 - binary_accuracy: 0.7454 - loss: 0.6977
[1m  8/108[0m [32m━[0m[37m━━━━━━━━━━━━━━━━━━━[0m [1m27s[0m 271ms/step - auc: 0.8660 - binary_accuracy: 0.7406 - loss: 0.6867
[1m  9/108[0m [32m━[0m[37m━━━━━━━━━━━━━━━━━━━[0m [1m26s[0m 272ms/step - auc: 0.8630 - binary_accuracy: 0.7355 - loss: 0.6775
[1m 10/108[0m [32m━[0m[37m━━━━━━━━━━━━━━━━━━━[0m [1m26s[0m 273ms/step - auc: 0.8606 - binary_accuracy: 0.7310 - loss: 0.6697
[1m 11/108[0m [32m━━[0m[37m━━━━━━━━━━━━━━━━━━[0m [1m26s[0m 273ms/step - auc: 0.8585 - binary_accuracy: 0.7262 - loss: 0.6618
[1m 12/108[0m [32m━━[0m[37m━━━━━━━━━━━━━━━━━━[0m [1m26s[0m 273ms/step - auc: 0.8563 - binary_accuracy: 0.7228 - loss: 0.6557
[1m 13/108[0m [32m━━[0m[37m━━━━━━━━━━━━━━━━━━[0m [1m26s[0m 274ms/step - auc: 0.8533 - binary_accuracy: 0.7210 - loss: 0.6519
[1m 14/108[0m [32m━━[0m[37m━━━━━━━━━━━━━━━━━━[0m [1m25s[0m 275ms/step - auc: 0.8510 - binary_accuracy: 0.7208 - loss: 0.6468
[1m 15/108[0m [32m━━[0m[37m━━━━━━━━━━━━━━━━━━[0m [1m25s[0m 276ms/step - auc: 0.8485 - binary_accuracy: 0.7215 - loss: 0.6432
[1m 16/108[0m [32m━━[0m[37m━━━━━━━━━━━━━━━━━━[0m [1m25s[0m 276ms/step - auc: 0.8469 - binary_accuracy: 0.7230 - loss: 0.6385
[1m 17/108[0m [32m━━━[0m[37m━━━━━━━━━━━━━━━━━[0m [1m25s[0m 276ms/step - auc: 0.8455 - binary_accuracy: 0.7245 - loss: 0.6347
[1m 18/108[0m [32m━━━[0m[37m━━━━━━━━━━━━━━━━━[0m [1m24s[0m 277ms/step - auc: 0.8446 - binary_accuracy: 0.7264 - loss: 0.6311
[1m 19/108[0m [32m━━━[0m[37m━━━━━━━━━━━━━━━━━[0m [1m24s[0m 277ms/step - auc: 0.8438 - binary_accuracy: 0.7281 - loss: 0.6279
[1m 20/108[0m [32m━━━[0m[37m━━━━━━━━━━━━━━━━━[0m [1m24s[0m 277ms/step - auc: 0.8430 - binary_accuracy: 0.7294 - loss: 0.6246
[1m 21/108[0m [32m━━━[0m[37m━━━━━━━━━━━━━━━━━[0m [1m24s[0m 278ms/step - auc: 0.8422 - binary_accuracy: 0.7306 - loss: 0.6213
[1m 22/108[0m [32m━━━━[0m[37m━━━━━━━━━━━━━━━━[0m [1m23s[0m 278ms/step - auc: 0.8415 - binary_accuracy: 0.7315 - loss: 0.6179
[1m 23/108[0m [32m━━━━[0m[37m━━━━━━━━━━━━━━━━[0m [1m23s[0m 278ms/step - auc: 0.8406 - binary_accuracy: 0.7318 - loss: 0.6147
[1m 24/108[0m [32m━━━━[0m[37m━━━━━━━━━━━━━━━━[0m [1m23s[0m 279ms/step - auc: 0.8398 - binary_accuracy: 0.7322 - loss: 0.6114
[1m 25/108[0m [32m━━━━[0m[37m━━━━━━━━━━━━━━━━[0m [1m23s[0m 279ms/step - auc: 0.8391 - binary_accuracy: 0.7326 - loss: 0.6085
[1m 26/108[0m [32m━━━━[0m[37m━━━━━━━━━━━━━━━━[0m [1m22s[0m 279ms/step - auc: 0.8386 - binary_accuracy: 0.7330 - loss: 0.6059
[1m 27/108[0m [32m━━━━━[0m[37m━━━━━━━━━━━━━━━[0m [1m22s[0m 279ms/step - auc: 0.8385 - binary_accuracy: 0.7336 - loss: 0.6032
[1m 28/108[0m [32m━━━━━[0m[37m━━━━━━━━━━━━━━━[0m [1m22s[0m 280ms/step - auc: 0.8384 - binary_accuracy: 0.7344 - loss: 0.6005
[1m 29/108[0m [32m━━━━━[0m[37m━━━━━━━━━━━━━━━[0m [1m22s[0m 280ms/step - auc: 0.8386 - binary_accuracy: 0.7350 - loss: 0.5979
[1m 30/108[0m [32m━━━━━[0m[37m━━━━━━━━━━━━━━━[0m [1m21s[0m 280ms/step - auc: 0.8387 - binary_accuracy: 0.7355 - loss: 0.5955
[1m 31/108[0m [32m━━━━━[0m[37m━━━━━━━━━━━━━━━[0m [1m21s[0m 280ms/step - auc: 0.8388 - binary_accuracy: 0.7361 - loss: 0.5931
[1m 32/108[0m [32m━━━━━[0m[37m━━━━━━━━━━━━━━━[0m [1m21s[0m 280ms/step - auc: 0.8389 - binary_accuracy: 0.7367 - loss: 0.5909
[1m 33/108[0m [32m━━━━━━[0m[37m━━━━━━━━━━━━━━[0m [1m21s[0m 280ms/step - auc: 0.8391 - binary_accuracy: 0.7374 - loss: 0.5885
[1m 34/108[0m [32m━━━━━━[0m[37m━━━━━━━━━━━━━━[0m [1m20s[0m 281ms/step - auc: 0.8393 - binary_accuracy: 0.7382 - loss: 0.5863
[1m 35/108[0m [32m━━━━━━[0m[37m━━━━━━━━━━━━━━[0m [1m20s[0m 282ms/step - auc: 0.8396 - binary_accuracy: 0.7389 - loss: 0.5839
[1m 36/108[0m [32m━━━━━━[0m[37m━━━━━━━━━━━━━━[0m [1m20s[0m 282ms/step - auc: 0.8398 - binary_accuracy: 0.7397 - loss: 0.5818
[1m 37/108[0m [32m━━━━━━[0m[37m━━━━━━━━━━━━━━[0m [1m20s[0m 282ms/step - auc: 0.8400 - binary_accuracy: 0.7404 - loss: 0.5797
[1m 38/108[0m [32m━━━━━━━[0m[37m━━━━━━━━━━━━━[0m [1m19s[0m 282ms/step - auc: 0.8404 - binary_accuracy: 0.7412 - loss: 0.5776
[1m 39/108[0m [32m━━━━━━━[0m[37m━━━━━━━━━━━━━[0m [1m19s[0m 282ms/step - auc: 0.8407 - binary_accuracy: 0.7419 - loss: 0.5756
[1m 40/108[0m [32m━━━━━━━[0m[37m━━━━━━━━━━━━━[0m [1m19s[0m 282ms/step - auc: 0.8411 - binary_accuracy: 0.7427 - loss: 0.5737
[1m 41/108[0m [32m━━━━━━━[0m[37m━━━━━━━━━━━━━[0m [1m18s[0m 282ms/step - auc: 0.8415 - binary_accuracy: 0.7434 - loss: 0.5718
[1m 42/108[0m [32m━━━━━━━[0m[37m━━━━━━━━━━━━━[0m [1m18s[0m 282ms/step - auc: 0.8420 - binary_accuracy: 0.7442 - loss: 0.5699
[1m 43/108[0m [32m━━━━━━━[0m[37m━━━━━━━━━━━━━[0m [1m18s[0m 282ms/step - auc: 0.8425 - binary_accuracy: 0.7449 - loss: 0.5679
[1m 44/108[0m [32m━━━━━━━━[0m[37m━━━━━━━━━━━━[0m [1m18s[0m 282ms/step - auc: 0.8430 - binary_accuracy: 0.7455 - loss: 0.5660
[1m 45/108[0m [32m━━━━━━━━[0m[37m━━━━━━━━━━━━[0m [1m17s[0m 282ms/step - auc: 0.8435 - binary_accuracy: 0.7462 - loss: 0.5642
[1m 46/108[0m [32m━━━━━━━━[0m[37m━━━━━━━━━━━━[0m [1m17s[0m 282ms/step - auc: 0.8441 - binary_accuracy: 0.7469 - loss: 0.5623
[1m 47/108[0m [32m━━━━━━━━[0m[37m━━━━━━━━━━━━[0m [1m17s[0m 282ms/step - auc: 0.8447 - binary_accuracy: 0.7477 - loss: 0.5605
[1m 48/108[0m [32m━━━━━━━━[0m[37m━━━━━━━━━━━━[0m [1m16s[0m 282ms/step - auc: 0.8453 - binary_accuracy: 0.7484 - loss: 0.5587
[1m 49/108[0m [32m━━━━━━━━━[0m[37m━━━━━━━━━━━[0m [1m16s[0m 282ms/step - auc: 0.8459 - binary_accuracy: 0.7492 - loss: 0.5569
[1m 50/108[0m [32m━━━━━━━━━[0m[37m━━━━━━━━━━━[0m [1m16s[0m 283ms/step - auc: 0.8466 - binary_accuracy: 0.7500 - loss: 0.5552
[1m 51/108[0m [32m━━━━━━━━━[0m[37m━━━━━━━━━━━[0m [1m16s[0m 283ms/step - auc: 0.8473 - binary_accuracy: 0.7507 - loss: 0.5536
[1m 52/108[0m [32m━━━━━━━━━[0m[37m━━━━━━━━━━━[0m [1m15s[0m 283ms/step - auc: 0.8478 - binary_accuracy: 0.7513 - loss: 0.5520
[1m 53/108[0m [32m━━━━━━━━━[0m[37m━━━━━━━━━━━[0m [1m15s[0m 283ms/step - auc: 0.8484 - binary_accuracy: 0.7519 - loss: 0.5504
[1m 54/108[0m [32m━━━━━━━━━━[0m[37m━━━━━━━━━━[0m [1m15s[0m 283ms/step - auc: 0.8490 - binary_accuracy: 0.7526 - loss: 0.5489
[1m 55/108[0m [32m━━━━━━━━━━[0m[37m━━━━━━━━━━[0m [1m15s[0m 283ms/step - auc: 0.8496 - binary_accuracy: 0.7532 - loss: 0.5474
[1m 56/108[0m [32m━━━━━━━━━━[0m[37m━━━━━━━━━━[0m [1m14s[0m 283ms/step - auc: 0.8502 - binary_accuracy: 0.7539 - loss: 0.5458
[1m 57/108[0m [32m━━━━━━━━━━[0m[37m━━━━━━━━━━[0m [1m14s[0m 283ms/step - auc: 0.8508 - binary_accuracy: 0.7546 - loss: 0.5443
[1m 58/108[0m [32m━━━━━━━━━━[0m[37m━━━━━━━━━━[0m [1m14s[0m 283ms/step - auc: 0.8514 - binary_accuracy: 0.7553 - loss: 0.5429
[1m 59/108[0m [32m━━━━━━━━━━[0m[37m━━━━━━━━━━[0m [1m13s[0m 283ms/step - auc: 0.8519 - binary_accuracy: 0.7559 - loss: 0.5416
[1m 60/108[0m [32m━━━━━━━━━━━[0m[37m━━━━━━━━━[0m [1m13s[0m 283ms/step - auc: 0.8525 - binary_accuracy: 0.7566 - loss: 0.5402
[1m 61/108[0m [32m━━━━━━━━━━━[0m[37m━━━━━━━━━[0m [1m13s[0m 283ms/step - auc: 0.8530 - binary_accuracy: 0.7573 - loss: 0.5388
[1m 62/108[0m [32m━━━━━━━━━━━[0m[37m━━━━━━━━━[0m [1m13s[0m 283ms/step - auc: 0.8535 - binary_accuracy: 0.7579 - loss: 0.5376
[1m 63/108[0m [32m━━━━━━━━━━━[0m[37m━━━━━━━━━[0m [1m12s[0m 283ms/step - auc: 0.8540 - binary_accuracy: 0.7585 - loss: 0.5364
[1m 64/108[0m [32m━━━━━━━━━━━[0m[37m━━━━━━━━━[0m [1m12s[0m 283ms/step - auc: 0.8545 - binary_accuracy: 0.7591 - loss: 0.5353
[1m 65/108[0m [32m━━━━━━━━━━━━[0m[37m━━━━━━━━[0m [1m12s[0m 283ms/step - auc: 0.8550 - binary_accuracy: 0.7596 - loss: 0.5342
[1m 66/108[0m [32m━━━━━━━━━━━━[0m[37m━━━━━━━━[0m [1m11s[0m 283ms/step - auc: 0.8556 - binary_accuracy: 0.7602 - loss: 0.5331
[1m 67/108[0m [32m━━━━━━━━━━━━[0m[37m━━━━━━━━[0m [1m11s[0m 284ms/step - auc: 0.8560 - binary_accuracy: 0.7607 - loss: 0.5319
[1m 68/108[0m [32m━━━━━━━━━━━━[0m[37m━━━━━━━━[0m [1m11s[0m 284ms/step - auc: 0.8565 - binary_accuracy: 0.7612 - loss: 0.5309
[1m 69/108[0m [32m━━━━━━━━━━━━[0m[37m━━━━━━━━[0m [1m11s[0m 284ms/step - auc: 0.8569 - binary_accuracy: 0.7617 - loss: 0.5298
[1m 70/108[0m [32m━━━━━━━━━━━━[0m[37m━━━━━━━━[0m [1m10s[0m 284ms/step - auc: 0.8574 - binary_accuracy: 0.7622 - loss: 0.5287
[1m 71/108[0m [32m━━━━━━━━━━━━━[0m[37m━━━━━━━[0m [1m10s[0m 284ms/step - auc: 0.8578 - binary_accuracy: 0.7627 - loss: 0.5277
[1m 72/108[0m [32m━━━━━━━━━━━━━[0m[37m━━━━━━━[0m [1m10s[0m 284ms/step - auc: 0.8583 - binary_accuracy: 0.7632 - loss: 0.5267
[1m 73/108[0m [32m━━━━━━━━━━━━━[0m[37m━━━━━━━[0m [1m9s[0m 284ms/step - auc: 0.8587 - binary_accuracy: 0.7638 - loss: 0.5257 
[1m 74/108[0m [32m━━━━━━━━━━━━━[0m[37m━━━━━━━[0m [1m9s[0m 284ms/step - auc: 0.8591 - binary_accuracy: 0.7643 - loss: 0.5248
[1m 75/108[0m [32m━━━━━━━━━━━━━[0m[37m━━━━━━━[0m [1m9s[0m 284ms/step - auc: 0.8595 - binary_accuracy: 0.7648 - loss: 0.5238
[1m 76/108[0m [32m━━━━━━━━━━━━━━[0m[37m━━━━━━[0m [1m9s[0m 284ms/step - auc: 0.8599 - binary_accuracy: 0.7653 - loss: 0.5229
[1m 77/108[0m [32m━━━━━━━━━━━━━━[0m[37m━━━━━━[0m [1m8s[0m 284ms/step - auc: 0.8603 - binary_accuracy: 0.7658 - loss: 0.5219
[1m 78/108[0m [32m━━━━━━━━━━━━━━[0m[37m━━━━━━[0m [1m8s[0m 284ms/step - auc: 0.8607 - binary_accuracy: 0.7664 - loss: 0.5209
[1m 79/108[0m [32m━━━━━━━━━━━━━━[0m[37m━━━━━━[0m [1m8s[0m 284ms/step - auc: 0.8611 - binary_accuracy: 0.7669 - loss: 0.5200
[1m 80/108[0m [32m━━━━━━━━━━━━━━[0m[37m━━━━━━[0m [1m7s[0m 284ms/step - auc: 0.8616 - binary_accuracy: 0.7674 - loss: 0.5191
[1m 81/108[0m [32m━━━━━━━━━━━━━━━[0m[37m━━━━━[0m [1m7s[0m 284ms/step - auc: 0.8620 - binary_accuracy: 0.7679 - loss: 0.5182
[1m 82/108[0m [32m━━━━━━━━━━━━━━━[0m[37m━━━━━[0m [1m7s[0m 284ms/step - auc: 0.8624 - binary_accuracy: 0.7684 - loss: 0.5173
[1m 83/108[0m [32m━━━━━━━━━━━━━━━[0m[37m━━━━━[0m [1m7s[0m 284ms/step - auc: 0.8628 - binary_accuracy: 0.7689 - loss: 0.5164
[1m 84/108[0m [32m━━━━━━━━━━━━━━━[0m[37m━━━━━[0m [1m6s[0m 284ms/step - auc: 0.8632 - binary_accuracy: 0.7694 - loss: 0.5156
[1m 85/108[0m [32m━━━━━━━━━━━━━━━[0m[37m━━━━━[0m [1m6s[0m 284ms/step - auc: 0.8636 - binary_accuracy: 0.7699 - loss: 0.5148
[1m 86/108[0m [32m━━━━━━━━━━━━━━━[0m[37m━━━━━[0m [1m6s[0m 284ms/step - auc: 0.8640 - binary_accuracy: 0.7703 - loss: 0.5139
[1m 87/108[0m [32m━━━━━━━━━━━━━━━━[0m[37m━━━━[0m [1m5s[0m 284ms/step - auc: 0.8644 - binary_accuracy: 0.7708 - loss: 0.5131
[1m 88/108[0m [32m━━━━━━━━━━━━━━━━[0m[37m━━━━[0m [1m5s[0m 284ms/step - auc: 0.8647 - binary_accuracy: 0.7713 - loss: 0.5122
[1m 89/108[0m [32m━━━━━━━━━━━━━━━━[0m[37m━━━━[0m [1m5s[0m 284ms/step - auc: 0.8651 - binary_accuracy: 0.7717 - loss: 0.5115
[1m 90/108[0m [32m━━━━━━━━━━━━━━━━[0m[37m━━━━[0m [1m5s[0m 284ms/step - auc: 0.8654 - binary_accuracy: 0.7722 - loss: 0.5107
[1m 91/108[0m [32m━━━━━━━━━━━━━━━━[0m[37m━━━━[0m [1m4s[0m 284ms/step - auc: 0.8658 - binary_accuracy: 0.7727 - loss: 0.5099
[1m 92/108[0m [32m━━━━━━━━━━━━━━━━━[0m[37m━━━[0m [1m4s[0m 284ms/step - auc: 0.8662 - binary_accuracy: 0.7732 - loss: 0.5091
[1m 93/108[0m [32m━━━━━━━━━━━━━━━━━[0m[37m━━━[0m [1m4s[0m 284ms/step - auc: 0.8666 - binary_accuracy: 0.7737 - loss: 0.5083
[1m 94/108[0m [32m━━━━━━━━━━━━━━━━━[0m[37m━━━[0m [1m3s[0m 284ms/step - auc: 0.8669 - binary_accuracy: 0.7742 - loss: 0.5075
[1m 95/108[0m [32m━━━━━━━━━━━━━━━━━[0m[37m━━━[0m [1m3s[0m 284ms/step - auc: 0.8673 - binary_accuracy: 0.7746 - loss: 0.5068
[1m 96/108[0m [32m━━━━━━━━━━━━━━━━━[0m[37m━━━[0m [1m3s[0m 284ms/step - auc: 0.8677 - binary_accuracy: 0.7751 - loss: 0.5060
[1m 97/108[0m [32m━━━━━━━━━━━━━━━━━[0m[37m━━━[0m [1m3s[0m 284ms/step - auc: 0.8680 - binary_accuracy: 0.7755 - loss: 0.5053
[1m 98/108[0m [32m━━━━━━━━━━━━━━━━━━[0m[37m━━[0m [1m2s[0m 284ms/step - auc: 0.8684 - binary_accuracy: 0.7760 - loss: 0.5046
[1m 99/108[0m [32m━━━━━━━━━━━━━━━━━━[0m[37m━━[0m [1m2s[0m 284ms/step - auc: 0.8687 - binary_accuracy: 0.7764 - loss: 0.5039
[1m100/108[0m [32m━━━━━━━━━━━━━━━━━━[0m[37m━━[0m [1m2s[0m 284ms/step - auc: 0.8690 - binary_accuracy: 0.7768 - loss: 0.5032
[1m101/108[0m [32m━━━━━━━━━━━━━━━━━━[0m[37m━━[0m [1m1s[0m 284ms/step - auc: 0.8693 - binary_accuracy: 0.7772 - loss: 0.5026
[1m102/108[0m [32m━━━━━━━━━━━━━━━━━━[0m[37m━━[0m [1m1s[0m 284ms/step - auc: 0.8696 - binary_accuracy: 0.7776 - loss: 0.5020
[1m103/108[0m [32m━━━━━━━━━━━━━━━━━━━[0m[37m━[0m [1m1s[0m 284ms/step - auc: 0.8699 - binary_accuracy: 0.7780 - loss: 0.5014
[1m104/108[0m [32m━━━━━━━━━━━━━━━━━━━[0m[37m━[0m [1m1s[0m 284ms/step - auc: 0.8702 - binary_accuracy: 0.7784 - loss: 0.5008
[1m105/108[0m [32m━━━━━━━━━━━━━━━━━━━[0m[37m━[0m [1m0s[0m 284ms/step - auc: 0.8705 - binary_accuracy: 0.7788 - loss: 0.5002
[1m106/108[0m [32m━━━━━━━━━━━━━━━━━━━[0m[37m━[0m [1m0s[0m 284ms/step - auc: 0.8708 - binary_accuracy: 0.7792 - loss: 0.4995
[1m107/108[0m [32m━━━━━━━━━━━━━━━━━━━[0m[37m━[0m [1m0s[0m 284ms/step - auc: 0.8711 - binary_accuracy: 0.7796 - loss: 0.4989
[1m108/108[0m [32m━━━━━━━━━━━━━━━━━━━━[0m[37m[0m [1m0s[0m 282ms/step - auc: 0.8714 - binary_accuracy: 0.7799 - loss: 0.4984transfer phase-a: epoch 1/8 done in 40.4s loss=0.4364 auc=0.9011 val_loss=0.3401 val_auc=0.9668

[1m108/108[0m [32m━━━━━━━━━━━━━━━━━━━━[0m[37m[0m [1m40s[0m 347ms/step - auc: 0.9011 - binary_accuracy: 0.8206 - loss: 0.4364 - val_auc: 0.9668 - val_binary_accuracy: 0.8794 - val_loss: 0.3401
transfer phase-a: epoch 2/8 start
Epoch 2/5

[1m  1/108[0m [37m━━━━━━━━━━━━━━━━━━━━[0m [1m52s[0m 490ms/step - auc: 0.8846 - binary_accuracy: 0.8750 - loss: 0.7698
[1m  2/108[0m [37m━━━━━━━━━━━━━━━━━━━━[0m [1m29s[0m 280ms/step - auc: 0.8894 - binary_accuracy: 0.8438 - loss: 0.6998
[1m  3/108[0m [37m━━━━━━━━━━━━━━━━━━━━[0m [1m29s[0m 281ms/step - auc: 0.8969 - binary_accuracy: 0.8403 - loss: 0.6290
[1m  4/108[0m [37m━━━━━━━━━━━━━━━━━━━━[0m [1m29s[0m 281ms/step - auc: 0.9004 - binary_accuracy: 0.8314 - loss: 0.5949
[1m  5/108[0m [37m━━━━━━━━━━━━━━━━━━━━[0m [1m28s[0m 281ms/step - auc: 0.9040 - binary_accuracy: 0.8189 - loss: 0.5712
[1m  6/108[0m [32m━[0m[37m━━━━━━━━━━━━━━━━━━━[0m [1m28s[0m 281ms/step - auc: 0.9068 - binary_accuracy: 0.8082 - loss: 0.5537
[1m  7/108[0m [32m━[0m[37m━━━━━━━━━━━━━━━━━━━[0m [1m28s[0m 281ms/step - auc: 0.9088 - binary_accuracy: 0.8038 - loss: 0.5382
[1m  8/108[0m [32m━[0m[37m━━━━━━━━━━━━━━━━━━━[0m [1m28s[0m 281ms/step - auc: 0.9112 - binary_accuracy: 0.8029 - loss: 0.5220
[1m  9/108[0m [32m━[0m[37m━━━━━━━━━━━━━━━━━━━[0m [1m27s[0m 281ms/step - auc: 0.9125 - binary_accuracy: 0.8040 - loss: 0.5106
[1m 10/108[0m [32m━[0m[37m━━━━━━━━━━━━━━━━━━━[0m [1m27s[0m 281ms/step - auc: 0.9125 - binary_accuracy: 0.8058 - loss: 0.5034
[1m 11/108[0m [32m━━[0m[37m━━━━━━━━━━━━━━━━━━[0m [1m27s[0m 281ms/step - auc: 0.9129 - binary_accuracy: 0.8082 - loss: 0.4956
[1m 12/108[0m [32m━━[0m[37m━━━━━━━━━━━━━━━━━━[0m [1m26s[0m 281ms/step - auc: 0.9134 - binary_accuracy: 0.8103 - loss: 0.4883
[1m 13/108[0m [32m━━[0m[37m━━━━━━━━━━━━━━━━━━[0m [1m26s[0m 281ms/step - auc: 0.9141 - binary_accuracy: 0.8125 - loss: 0.4815
[1m 14/108[0m [32m━━[0m[37m━━━━━━━━━━━━━━━━━━[0m [1m26s[0m 281ms/step - auc: 0.9145 - binary_accuracy: 0.8142 - loss: 0.4753
[1m 15/108[0m [32m━━[0m[37m━━━━━━━━━━━━━━━━━━[0m [1m26s[0m 282ms/step - auc: 0.9149 - binary_accuracy: 0.8161 - loss: 0.4702
[1m 16/108[0m [32m━━[0m[37m━━━━━━━━━━━━━━━━━━[0m [1m25s[0m 282ms/step - auc: 0.9156 - binary_accuracy: 0.8180 - loss: 0.4648
[1m 17/108[0m [32m━━━[0m[37m━━━━━━━━━━━━━━━━━[0m [1m25s[0m 282ms/step - auc: 0.9160 - binary_accuracy: 0.8198 - loss: 0.4603
[1m 18/108[0m [32m━━━[0m[37m━━━━━━━━━━━━━━━━━[0m [1m25s[0m 282ms/step - auc: 0.9169 - binary_accuracy: 0.8217 - loss: 0.4559
[1m 19/108[0m [32m━━━[0m[37m━━━━━━━━━━━━━━━━━[0m [1m25s[0m 282ms/step - auc: 0.9178 - binary_accuracy: 0.8235 - loss: 0.4517
[1m 20/108[0m [32m━━━[0m[37m━━━━━━━━━━━━━━━━━[0m [1m24s[0m 283ms/step - auc: 0.9186 - binary_accuracy: 0.8252 - loss: 0.4478
[1m 21/108[0m [32m━━━[0m[37m━━━━━━━━━━━━━━━━━[0m [1m24s[0m 283ms/step - auc: 0.9193 - binary_accuracy: 0.8268 - loss: 0.4440
[1m 22/108[0m [32m━━━━[0m[37m━━━━━━━━━━━━━━━━[0m [1m24s[0m 283ms/step - auc: 0.9201 - binary_accuracy: 0.8283 - loss: 0.4401
[1m 23/108[0m [32m━━━━[0m[37m━━━━━━━━━━━━━━━━[0m [1m24s[0m 283ms/step - auc: 0.9208 - binary_accuracy: 0.8297 - loss: 0.4365
[1m 24/108[0m [32m━━━━[0m[37m━━━━━━━━━━━━━━━━[0m [1m23s[0m 283ms/step - auc: 0.9213 - binary_accuracy: 0.8310 - loss: 0.4333
[1m 25/108[0m [32m━━━━[0m[37m━━━━━━━━━━━━━━━━[0m [1m23s[0m 283ms/step - auc: 0.9218 - binary_accuracy: 0.8322 - loss: 0.4304
[1m 26/108[0m [32m━━━━[0m[37m━━━━━━━━━━━━━━━━[0m [1m23s[0m 283ms/step - auc: 0.9223 - binary_accuracy: 0.8334 - loss: 0.4278
[1m 27/108[0m [32m━━━━━[0m[37m━━━━━━━━━━━━━━━[0m [1m22s[0m 283ms/step - auc: 0.9230 - binary_accuracy: 0.8345 - loss: 0.4252
[1m 28/108[0m [32m━━━━━[0m[37m━━━━━━━━━━━━━━━[0m [1m22s[0m 284ms/step - auc: 0.9235 - binary_accuracy: 0.8353 - loss: 0.4228
[1m 29/108[0m [32m━━━━━[0m[37m━━━━━━━━━━━━━━━[0m [1m22s[0m 284ms/step - auc: 0.9240 - binary_accuracy: 0.8359 - loss: 0.4208
[1m 30/108[0m [32m━━━━━[0m[37m━━━━━━━━━━━━━━━[0m [1m22s[0m 284ms/step - auc: 0.9243 - binary_accuracy: 0.8363 - loss: 0.4193
[1m 31/108[0m [32m━━━━━[0m[37m━━━━━━━━━━━━━━━[0m [1m21s[0m 284ms/step - auc: 0.9245 - binary_accuracy: 0.8365 - loss: 0.4179
[1m 32/108[0m [32m━━━━━[0m[37m━━━━━━━━━━━━━━━[0m [1m21s[0m 284ms/step - auc: 0.9247 - binary_accuracy: 0.8368 - loss: 0.4167
[1m 33/108[0m [32m━━━━━━[0m[37m━━━━━━━━━━━━━━[0m [1m21s[0m 284ms/step - auc: 0.9249 - binary_accuracy: 0.8373 - loss: 0.4153
[1m 34/108[0m [32m━━━━━━[0m[37m━━━━━━━━━━━━━━[0m [1m21s[0m 284ms/step - auc: 0.9250 - binary_accuracy: 0.8377 - loss: 0.4143
[1m 35/108[0m [32m━━━━━━[0m[37m━━━━━━━━━━━━━━[0m [1m20s[0m 284ms/step - auc: 0.9251 - binary_accuracy: 0.8382 - loss: 0.4131
[1m 36/108[0m [32m━━━━━━[0m[37m━━━━━━━━━━━━━━[0m [1m20s[0m 284ms/step - auc: 0.9252 - binary_accuracy: 0.8387 - loss: 0.4122
[1m 37/108[0m [32m━━━━━━[0m[37m━━━━━━━━━━━━━━[0m [1m20s[0m 284ms/step - auc: 0.9252 - binary_accuracy: 0.8391 - loss: 0.4113
[1m 38/108[0m [32m━━━━━━━[0m[37m━━━━━━━━━━━━━[0m [1m19s[0m 284ms/step - auc: 0.9253 - binary_accuracy: 0.8394 - loss: 0.4104
[1m 39/108[0m [32m━━━━━━━[0m[37m━━━━━━━━━━━━━[0m [1m19s[0m 284ms/step - auc: 0.9254 - binary_accuracy: 0.8398 - loss: 0.4095
[1m 40/108[0m [32m━━━━━━━[0m[37m━━━━━━━━━━━━━[0m [1m19s[0m 284ms/step - auc: 0.9255 - binary_accuracy: 0.8400 - loss: 0.4088
[1m 41/108[0m [32m━━━━━━━[0m[37m━━━━━━━━━━━━━[0m [1m19s[0m 284ms/step - auc: 0.9256 - binary_accuracy: 0.8402 - loss: 0.4080
[1m 42/108[0m [32m━━━━━━━[0m[37m━━━━━━━━━━━━━[0m [1m18s[0m 284ms/step - auc: 0.9257 - binary_accuracy: 0.8404 - loss: 0.4073
[1m 43/108[0m [32m━━━━━━━[0m[37m━━━━━━━━━━━━━[0m [1m18s[0m 284ms/step - auc: 0.9258 - binary_accuracy: 0.8405 - loss: 0.4065
[1m 44/108[0m [32m━━━━━━━━[0m[37m━━━━━━━━━━━━[0m [1m18s[0m 284ms/step - auc: 0.9260 - binary_accuracy: 0.8408 - loss: 0.4057
[1m 45/108[0m [32m━━━━━━━━[0m[37m━━━━━━━━━━━━[0m [1m17s[0m 284ms/step - auc: 0.9260 - binary_accuracy: 0.8410 - loss: 0.4052
[1m 46/108[0m [32m━━━━━━━━[0m[37m━━━━━━━━━━━━[0m [1m17s[0m 284ms/step - auc: 0.9260 - binary_accuracy: 0.8412 - loss: 0.4047
[1m 47/108[0m [32m━━━━━━━━[0m[37m━━━━━━━━━━━━[0m [1m17s[0m 284ms/step - auc: 0.9261 - binary_accuracy: 0.8415 - loss: 0.4042
[1m 48/108[0m [32m━━━━━━━━[0m[37m━━━━━━━━━━━━[0m [1m17s[0m 284ms/step - auc: 0.9262 - binary_accuracy: 0.8417 - loss: 0.4036
[1m 49/108[0m [32m━━━━━━━━━[0m[37m━━━━━━━━━━━[0m [1m16s[0m 284ms/step - auc: 0.9263 - binary_accuracy: 0.8420 - loss: 0.4031
[1m 50/108[0m [32m━━━━━━━━━[0m[37m━━━━━━━━━━━[0m [1m16s[0m 284ms/step - auc: 0.9264 - binary_accuracy: 0.8421 - loss: 0.4027
[1m 51/108[0m [32m━━━━━━━━━[0m[37m━━━━━━━━━━━[0m [1m16s[0m 284ms/step - auc: 0.9264 - binary_accuracy: 0.8422 - loss: 0.4023
[1m 52/108[0m [32m━━━━━━━━━[0m[37m━━━━━━━━━━━[0m [1m15s[0m 284ms/step - auc: 0.9265 - binary_accuracy: 0.8422 - loss: 0.4019
[1m 53/108[0m [32m━━━━━━━━━[0m[37m━━━━━━━━━━━[0m [1m15s[0m 284ms/step - auc: 0.9266 - binary_accuracy: 0.8423 - loss: 0.4015
[1m 54/108[0m [32m━━━━━━━━━━[0m[37m━━━━━━━━━━[0m [1m15s[0m 284ms/step - auc: 0.9266 - binary_accuracy: 0.8424 - loss: 0.4011
[1m 55/108[0m [32m━━━━━━━━━━[0m[37m━━━━━━━━━━[0m [1m15s[0m 284ms/step - auc: 0.9267 - binary_accuracy: 0.8424 - loss: 0.4007
[1m 56/108[0m [32m━━━━━━━━━━[0m[37m━━━━━━━━━━[0m [1m14s[0m 284ms/step - auc: 0.9268 - binary_accuracy: 0.8425 - loss: 0.4003
[1m 57/108[0m [32m━━━━━━━━━━[0m[37m━━━━━━━━━━[0m [1m14s[0m 284ms/step - auc: 0.9269 - binary_accuracy: 0.8427 - loss: 0.3999
[1m 58/108[0m [32m━━━━━━━━━━[0m[37m━━━━━━━━━━[0m [1m14s[0m 284ms/step - auc: 0.9270 - binary_accuracy: 0.8428 - loss: 0.3995
[1m 59/108[0m [32m━━━━━━━━━━[0m[37m━━━━━━━━━━[0m [1m13s[0m 284ms/step - auc: 0.9270 - binary_accuracy: 0.8430 - loss: 0.3991
[1m 60/108[0m [32m━━━━━━━━━━━[0m[37m━━━━━━━━━[0m [1m13s[0m 284ms/step - auc: 0.9271 - binary_accuracy: 0.8432 - loss: 0.3988
[1m 61/108[0m [32m━━━━━━━━━━━[0m[37m━━━━━━━━━[0m [1m13s[0m 285ms/step - auc: 0.9272 - binary_accuracy: 0.8434 - loss: 0.3984
[1m 62/108[0m [32m━━━━━━━━━━━[0m[37m━━━━━━━━━[0m [1m13s[0m 284ms/step - auc: 0.9273 - binary_accuracy: 0.8436 - loss: 0.3980
[1m 63/108[0m [32m━━━━━━━━━━━[0m[37m━━━━━━━━━[0m [1m12s[0m 285ms/step - auc: 0.9274 - binary_accuracy: 0.8438 - loss: 0.3976
[1m 64/108[0m [32m━━━━━━━━━━━[0m[37m━━━━━━━━━[0m [1m12s[0m 285ms/step - auc: 0.9274 - binary_accuracy: 0.8440 - loss: 0.3974
[1m 65/108[0m [32m━━━━━━━━━━━━[0m[37m━━━━━━━━[0m [1m12s[0m 285ms/step - auc: 0.9275 - binary_accuracy: 0.8441 - loss: 0.3971
[1m 66/108[0m [32m━━━━━━━━━━━━[0m[37m━━━━━━━━[0m [1m11s[0m 285ms/step - auc: 0.9276 - binary_accuracy: 0.8443 - loss: 0.3969
[1m 67/108[0m [32m━━━━━━━━━━━━[0m[37m━━━━━━━━[0m [1m11s[0m 285ms/step - auc: 0.9276 - binary_accuracy: 0.8443 - loss: 0.3967
[1m 68/108[0m [32m━━━━━━━━━━━━[0m[37m━━━━━━━━[0m [1m11s[0m 285ms/step - auc: 0.9276 - binary_accuracy: 0.8444 - loss: 0.3965
[1m 69/108[0m [32m━━━━━━━━━━━━[0m[37m━━━━━━━━[0m [1m11s[0m 285ms/step - auc: 0.9276 - binary_accuracy: 0.8444 - loss: 0.3963
[1m 70/108[0m [32m━━━━━━━━━━━━[0m[37m━━━━━━━━[0m [1m10s[0m 285ms/step - auc: 0.9276 - binary_accuracy: 0.8444 - loss: 0.3961
[1m 71/108[0m [32m━━━━━━━━━━━━━[0m[37m━━━━━━━[0m [1m10s[0m 285ms/step - auc: 0.9276 - binary_accuracy: 0.8445 - loss: 0.3959
[1m 72/108[0m [32m━━━━━━━━━━━━━[0m[37m━━━━━━━[0m [1m10s[0m 285ms/step - auc: 0.9276 - binary_accuracy: 0.8445 - loss: 0.3958
[1m 73/108[0m [32m━━━━━━━━━━━━━[0m[37m━━━━━━━[0m [1m9s[0m 285ms/step - auc: 0.9275 - binary_accuracy: 0.8446 - loss: 0.3957 
[1m 74/108[0m [32m━━━━━━━━━━━━━[0m[37m━━━━━━━[0m [1m9s[0m 285ms/step - auc: 0.9275 - binary_accuracy: 0.8447 - loss: 0.3956
[1m 75/108[0m [32m━━━━━━━━━━━━━[0m[37m━━━━━━━[0m [1m9s[0m 285ms/step - auc: 0.9275 - binary_accuracy: 0.8447 - loss: 0.3956
[1m 76/108[0m [32m━━━━━━━━━━━━━━[0m[37m━━━━━━[0m [1m9s[0m 285ms/step - auc: 0.9274 - binary_accuracy: 0.8448 - loss: 0.3954
[1m 77/108[0m [32m━━━━━━━━━━━━━━[0m[37m━━━━━━[0m [1m8s[0m 285ms/step - auc: 0.9274 - binary_accuracy: 0.8449 - loss: 0.3953
[1m 78/108[0m [32m━━━━━━━━━━━━━━[0m[37m━━━━━━[0m [1m8s[0m 285ms/step - auc: 0.9274 - binary_accuracy: 0.8449 - loss: 0.3952
[1m 79/108[0m [32m━━━━━━━━━━━━━━[0m[37m━━━━━━[0m [1m8s[0m 285ms/step - auc: 0.9274 - binary_accuracy: 0.8449 - loss: 0.3951
[1m 80/108[0m [32m━━━━━━━━━━━━━━[0m[37m━━━━━━[0m [1m7s[0m 285ms/step - auc: 0.9274 - binary_accuracy: 0.8450 - loss: 0.3950
[1m 81/108[0m [32m━━━━━━━━━━━━━━━[0m[37m━━━━━[0m [1m7s[0m 285ms/step - auc: 0.9274 - binary_accuracy: 0.8450 - loss: 0.3949
[1m 82/108[0m [32m━━━━━━━━━━━━━━━[0m[37m━━━━━[0m [1m7s[0m 285ms/step - auc: 0.9274 - binary_accuracy: 0.8451 - loss: 0.3948
[1m 83/108[0m [32m━━━━━━━━━━━━━━━[0m[37m━━━━━[0m [1m7s[0m 285ms/step - auc: 0.9273 - binary_accuracy: 0.8451 - loss: 0.3948
[1m 84/108[0m [32m━━━━━━━━━━━━━━━[0m[37m━━━━━[0m [1m6s[0m 285ms/step - auc: 0.9273 - binary_accuracy: 0.8451 - loss: 0.3947
[1m 85/108[0m [32m━━━━━━━━━━━━━━━[0m[37m━━━━━[0m [1m6s[0m 285ms/step - auc: 0.9273 - binary_accuracy: 0.8452 - loss: 0.3946
[1m 86/108[0m [32m━━━━━━━━━━━━━━━[0m[37m━━━━━[0m [1m6s[0m 285ms/step - auc: 0.9273 - binary_accuracy: 0.8452 - loss: 0.3946
[1m 87/108[0m [32m━━━━━━━━━━━━━━━━[0m[37m━━━━[0m [1m5s[0m 285ms/step - auc: 0.9273 - binary_accuracy: 0.8451 - loss: 0.3945
[1m 88/108[0m [32m━━━━━━━━━━━━━━━━[0m[37m━━━━[0m [1m5s[0m 285ms/step - auc: 0.9273 - binary_accuracy: 0.8451 - loss: 0.3944
[1m 89/108[0m [32m━━━━━━━━━━━━━━━━[0m[37m━━━━[0m [1m5s[0m 286ms/step - auc: 0.9272 - binary_accuracy: 0.8451 - loss: 0.3943
[1m 90/108[0m [32m━━━━━━━━━━━━━━━━[0m[37m━━━━[0m [1m5s[0m 286ms/step - auc: 0.9272 - binary_accuracy: 0.8451 - loss: 0.3943
[1m 91/108[0m [32m━━━━━━━━━━━━━━━━[0m[37m━━━━[0m [1m4s[0m 286ms/step - auc: 0.9272 - binary_accuracy: 0.8451 - loss: 0.3942
[1m 92/108[0m [32m━━━━━━━━━━━━━━━━━[0m[37m━━━[0m [1m4s[0m 286ms/step - auc: 0.9272 - binary_accuracy: 0.8451 - loss: 0.3942
[1m 93/108[0m [32m━━━━━━━━━━━━━━━━━[0m[37m━━━[0m [1m4s[0m 286ms/step - auc: 0.9271 - binary_accuracy: 0.8451 - loss: 0.3941
[1m 94/108[0m [32m━━━━━━━━━━━━━━━━━[0m[37m━━━[0m [1m3s[0m 286ms/step - auc: 0.9271 - binary_accuracy: 0.8451 - loss: 0.3941
[1m 95/108[0m [32m━━━━━━━━━━━━━━━━━[0m[37m━━━[0m [1m3s[0m 286ms/step - auc: 0.9271 - binary_accuracy: 0.8451 - loss: 0.3940
[1m 96/108[0m [32m━━━━━━━━━━━━━━━━━[0m[37m━━━[0m [1m3s[0m 286ms/step - auc: 0.9271 - binary_accuracy: 0.8451 - loss: 0.3939
[1m 97/108[0m [32m━━━━━━━━━━━━━━━━━[0m[37m━━━[0m [1m3s[0m 286ms/step - auc: 0.9271 - binary_accuracy: 0.8451 - loss: 0.3939
[1m 98/108[0m [32m━━━━━━━━━━━━━━━━━━[0m[37m━━[0m [1m2s[0m 285ms/step - auc: 0.9271 - binary_accuracy: 0.8450 - loss: 0.3939
[1m 99/108[0m [32m━━━━━━━━━━━━━━━━━━[0m[37m━━[0m [1m2s[0m 285ms/step - auc: 0.9270 - binary_accuracy: 0.8450 - loss: 0.3938
[1m100/108[0m [32m━━━━━━━━━━━━━━━━━━[0m[37m━━[0m [1m2s[0m 285ms/step - auc: 0.9270 - binary_accuracy: 0.8449 - loss: 0.3938
[1m101/108[0m [32m━━━━━━━━━━━━━━━━━━[0m[37m━━[0m [1m1s[0m 285ms/step - auc: 0.9270 - binary_accuracy: 0.8448 - loss: 0.3938
[1m102/108[0m [32m━━━━━━━━━━━━━━━━━━[0m[37m━━[0m [1m1s[0m 285ms/step - auc: 0.9269 - binary_accuracy: 0.8448 - loss: 0.3939
[1m103/108[0m [32m━━━━━━━━━━━━━━━━━━━[0m[37m━[0m [1m1s[0m 285ms/step - auc: 0.9269 - binary_accuracy: 0.8447 - loss: 0.3939
[1m104/108[0m [32m━━━━━━━━━━━━━━━━━━━[0m[37m━[0m [1m1s[0m 285ms/step - auc: 0.9268 - binary_accuracy: 0.8446 - loss: 0.3939
[1m105/108[0m [32m━━━━━━━━━━━━━━━━━━━[0m[37m━[0m [1m0s[0m 285ms/step - auc: 0.9268 - binary_accuracy: 0.8446 - loss: 0.3939
[1m106/108[0m [32m━━━━━━━━━━━━━━━━━━━[0m[37m━[0m [1m0s[0m 285ms/step - auc: 0.9268 - binary_accuracy: 0.8446 - loss: 0.3939
[1m107/108[0m [32m━━━━━━━━━━━━━━━━━━━[0m[37m━[0m [1m0s[0m 285ms/step - auc: 0.9267 - binary_accuracy: 0.8445 - loss: 0.3939
[1m108/108[0m [32m━━━━━━━━━━━━━━━━━━━━[0m[37m[0m [1m0s[0m 284ms/step - auc: 0.9267 - binary_accuracy: 0.8445 - loss: 0.3939transfer phase-a: epoch 2/8 done in 37.1s loss=0.3953 auc=0.9227 val_loss=0.4278 val_auc=0.9483

[1m108/108[0m [32m━━━━━━━━━━━━━━━━━━━━[0m[37m[0m [1m37s[0m 342ms/step - auc: 0.9227 - binary_accuracy: 0.8419 - loss: 0.3953 - val_auc: 0.9483 - val_binary_accuracy: 0.8209 - val_loss: 0.4278
transfer phase-a: epoch 3/8 start
Epoch 3/5

[1m  1/108[0m [37m━━━━━━━━━━━━━━━━━━━━[0m [1m53s[0m 496ms/step - auc: 0.9551 - binary_accuracy: 0.8750 - loss: 0.4931
[1m  2/108[0m [37m━━━━━━━━━━━━━━━━━━━━[0m [1m29s[0m 278ms/step - auc: 0.9323 - binary_accuracy: 0.8125 - loss: 0.5231
[1m  3/108[0m [37m━━━━━━━━━━━━━━━━━━━━[0m [1m28s[0m 276ms/step - auc: 0.9272 - binary_accuracy: 0.7951 - loss: 0.5037
[1m  4/108[0m [37m━━━━━━━━━━━━━━━━━━━━[0m [1m28s[0m 278ms/step - auc: 0.9223 - binary_accuracy: 0.7760 - loss: 0.5013
[1m  5/108[0m [37m━━━━━━━━━━━━━━━━━━━━[0m [1m28s[0m 278ms/step - auc: 0.9193 - binary_accuracy: 0.7546 - loss: 0.5037
[1m  6/108[0m [32m━[0m[37m━━━━━━━━━━━━━━━━━━━[0m [1m28s[0m 278ms/step - auc: 0.9185 - binary_accuracy: 0.7417 - loss: 0.5025
[1m  7/108[0m [32m━[0m[37m━━━━━━━━━━━━━━━━━━━[0m [1m28s[0m 278ms/step - auc: 0.9189 - binary_accuracy: 0.7339 - loss: 0.4975
[1m  8/108[0m [32m━[0m[37m━━━━━━━━━━━━━━━━━━━[0m [1m27s[0m 278ms/step - auc: 0.9203 - binary_accuracy: 0.7320 - loss: 0.4892
[1m  9/108[0m [32m━[0m[37m━━━━━━━━━━━━━━━━━━━[0m [1m27s[0m 278ms/step - auc: 0.9187 - binary_accuracy: 0.7321 - loss: 0.4874
[1m 10/108[0m [32m━[0m[37m━━━━━━━━━━━━━━━━━━━[0m [1m27s[0m 278ms/step - auc: 0.9161 - binary_accuracy: 0.7339 - loss: 0.4880
[1m 11/108[0m [32m━━[0m[37m━━━━━━━━━━━━━━━━━━[0m [1m26s[0m 278ms/step - auc: 0.9139 - binary_accuracy: 0.7359 - loss: 0.4870
[1m 12/108[0m [32m━━[0m[37m━━━━━━━━━━━━━━━━━━[0m [1m26s[0m 278ms/step - auc: 0.9123 - binary_accuracy: 0.7381 - loss: 0.4850
[1m 13/108[0m [32m━━[0m[37m━━━━━━━━━━━━━━━━━━[0m [1m26s[0m 278ms/step - auc: 0.9115 - binary_accuracy: 0.7405 - loss: 0.4821
[1m 14/108[0m [32m━━[0m[37m━━━━━━━━━━━━━━━━━━[0m [1m26s[0m 278ms/step - auc: 0.9108 - binary_accuracy: 0.7423 - loss: 0.4791
[1m 15/108[0m [32m━━[0m[37m━━━━━━━━━━━━━━━━━━[0m [1m25s[0m 279ms/step - auc: 0.9101 - binary_accuracy: 0.7438 - loss: 0.4767
[1m 16/108[0m [32m━━[0m[37m━━━━━━━━━━━━━━━━━━[0m [1m25s[0m 279ms/step - auc: 0.9096 - binary_accuracy: 0.7455 - loss: 0.4738
[1m 17/108[0m [32m━━━[0m[37m━━━━━━━━━━━━━━━━━[0m [1m25s[0m 279ms/step - auc: 0.9089 - binary_accuracy: 0.7471 - loss: 0.4719
[1m 18/108[0m [32m━━━[0m[37m━━━━━━━━━━━━━━━━━[0m [1m25s[0m 280ms/step - auc: 0.9086 - binary_accuracy: 0.7490 - loss: 0.4697
[1m 19/108[0m [32m━━━[0m[37m━━━━━━━━━━━━━━━━━[0m [1m24s[0m 280ms/step - auc: 0.9086 - binary_accuracy: 0.7509 - loss: 0.4675
[1m 20/108[0m [32m━━━[0m[37m━━━━━━━━━━━━━━━━━[0m [1m24s[0m 280ms/step - auc: 0.9086 - binary_accuracy: 0.7527 - loss: 0.4652
[1m 21/108[0m [32m━━━[0m[37m━━━━━━━━━━━━━━━━━[0m [1m24s[0m 280ms/step - auc: 0.9088 - binary_accuracy: 0.7548 - loss: 0.4626
[1m 22/108[0m [32m━━━━[0m[37m━━━━━━━━━━━━━━━━[0m [1m24s[0m 280ms/step - auc: 0.9091 - binary_accuracy: 0.7570 - loss: 0.4598
[1m 23/108[0m [32m━━━━[0m[37m━━━━━━━━━━━━━━━━[0m [1m23s[0m 281ms/step - auc: 0.9095 - binary_accuracy: 0.7592 - loss: 0.4569
[1m 24/108[0m [32m━━━━[0m[37m━━━━━━━━━━━━━━━━[0m [1m23s[0m 281ms/step - auc: 0.9098 - binary_accuracy: 0.7613 - loss: 0.4540
[1m 25/108[0m [32m━━━━[0m[37m━━━━━━━━━━━━━━━━[0m [1m23s[0m 281ms/step - auc: 0.9101 - binary_accuracy: 0.7636 - loss: 0.4517
[1m 26/108[0m [32m━━━━[0m[37m━━━━━━━━━━━━━━━━[0m [1m23s[0m 281ms/step - auc: 0.9105 - binary_accuracy: 0.7659 - loss: 0.4495
[1m 27/108[0m [32m━━━━━[0m[37m━━━━━━━━━━━━━━━[0m [1m22s[0m 281ms/step - auc: 0.9110 - binary_accuracy: 0.7682 - loss: 0.4472
[1m 28/108[0m [32m━━━━━[0m[37m━━━━━━━━━━━━━━━[0m [1m22s[0m 281ms/step - auc: 0.9116 - binary_accuracy: 0.7703 - loss: 0.4449
[1m 29/108[0m [32m━━━━━[0m[37m━━━━━━━━━━━━━━━[0m [1m22s[0m 281ms/step - auc: 0.9122 - binary_accuracy: 0.7721 - loss: 0.4428
[1m 30/108[0m [32m━━━━━[0m[37m━━━━━━━━━━━━━━━[0m [1m21s[0m 281ms/step - auc: 0.9126 - binary_accuracy: 0.7738 - loss: 0.4410
[1m 31/108[0m [32m━━━━━[0m[37m━━━━━━━━━━━━━━━[0m [1m21s[0m 282ms/step - auc: 0.9131 - binary_accuracy: 0.7752 - loss: 0.4393
[1m 32/108[0m [32m━━━━━[0m[37m━━━━━━━━━━━━━━━[0m [1m21s[0m 282ms/step - auc: 0.9134 - binary_accuracy: 0.7766 - loss: 0.4378
[1m 33/108[0m [32m━━━━━━[0m[37m━━━━━━━━━━━━━━[0m [1m21s[0m 282ms/step - auc: 0.9139 - binary_accuracy: 0.7780 - loss: 0.4361
[1m 34/108[0m [32m━━━━━━[0m[37m━━━━━━━━━━━━━━[0m [1m20s[0m 282ms/step - auc: 0.9142 - binary_accuracy: 0.7794 - loss: 0.4346
[1m 35/108[0m [32m━━━━━━[0m[37m━━━━━━━━━━━━━━[0m [1m20s[0m 282ms/step - auc: 0.9146 - binary_accuracy: 0.7808 - loss: 0.4330
[1m 36/108[0m [32m━━━━━━[0m[37m━━━━━━━━━━━━━━[0m [1m20s[0m 282ms/step - auc: 0.9148 - binary_accuracy: 0.7823 - loss: 0.4318
[1m 37/108[0m [32m━━━━━━[0m[37m━━━━━━━━━━━━━━[0m [1m20s[0m 282ms/step - auc: 0.9151 - binary_accuracy: 0.7837 - loss: 0.4305
[1m 38/108[0m [32m━━━━━━━[0m[37m━━━━━━━━━━━━━[0m [1m19s[0m 283ms/step - auc: 0.9154 - binary_accuracy: 0.7851 - loss: 0.4292
[1m 39/108[0m [32m━━━━━━━[0m[37m━━━━━━━━━━━━━[0m [1m19s[0m 283ms/step - auc: 0.9157 - binary_accuracy: 0.7864 - loss: 0.4280
[1m 40/108[0m [32m━━━━━━━[0m[37m━━━━━━━━━━━━━[0m [1m19s[0m 283ms/step - auc: 0.9160 - binary_accuracy: 0.7877 - loss: 0.4269
[1m 41/108[0m [32m━━━━━━━[0m[37m━━━━━━━━━━━━━[0m [1m18s[0m 283ms/step - auc: 0.9163 - binary_accuracy: 0.7889 - loss: 0.4258
[1m 42/108[0m [32m━━━━━━━[0m[37m━━━━━━━━━━━━━[0m [1m18s[0m 283ms/step - auc: 0.9167 - binary_accuracy: 0.7900 - loss: 0.4246
[1m 43/108[0m [32m━━━━━━━[0m[37m━━━━━━━━━━━━━[0m [1m18s[0m 284ms/step - auc: 0.9170 - binary_accuracy: 0.7911 - loss: 0.4235
[1m 44/108[0m [32m━━━━━━━━[0m[37m━━━━━━━━━━━━[0m [1m18s[0m 285ms/step - auc: 0.9173 - binary_accuracy: 0.7921 - loss: 0.4224
[1m 45/108[0m [32m━━━━━━━━[0m[37m━━━━━━━━━━━━[0m [1m17s[0m 285ms/step - auc: 0.9176 - binary_accuracy: 0.7931 - loss: 0.4213
[1m 46/108[0m [32m━━━━━━━━[0m[37m━━━━━━━━━━━━[0m [1m17s[0m 285ms/step - auc: 0.9180 - binary_accuracy: 0.7941 - loss: 0.4203
[1m 47/108[0m [32m━━━━━━━━[0m[37m━━━━━━━━━━━━[0m [1m17s[0m 285ms/step - auc: 0.9183 - binary_accuracy: 0.7951 - loss: 0.4192
[1m 48/108[0m [32m━━━━━━━━[0m[37m━━━━━━━━━━━━[0m [1m17s[0m 285ms/step - auc: 0.9187 - binary_accuracy: 0.7962 - loss: 0.4182
[1m 49/108[0m [32m━━━━━━━━━[0m[37m━━━━━━━━━━━[0m [1m16s[0m 285ms/step - auc: 0.9191 - binary_accuracy: 0.7972 - loss: 0.4172
[1m 50/108[0m [32m━━━━━━━━━[0m[37m━━━━━━━━━━━[0m [1m16s[0m 285ms/step - auc: 0.9194 - binary_accuracy: 0.7981 - loss: 0.4163
[1m 51/108[0m [32m━━━━━━━━━[0m[37m━━━━━━━━━━━[0m [1m16s[0m 285ms/step - auc: 0.9198 - binary_accuracy: 0.7990 - loss: 0.4153
[1m 52/108[0m [32m━━━━━━━━━[0m[37m━━━━━━━━━━━[0m [1m15s[0m 285ms/step - auc: 0.9201 - binary_accuracy: 0.7998 - loss: 0.4144
[1m 53/108[0m [32m━━━━━━━━━[0m[37m━━━━━━━━━━━[0m [1m15s[0m 285ms/step - auc: 0.9204 - binary_accuracy: 0.8006 - loss: 0.4136
[1m 54/108[0m [32m━━━━━━━━━━[0m[37m━━━━━━━━━━[0m [1m15s[0m 285ms/step - auc: 0.9207 - binary_accuracy: 0.8014 - loss: 0.4127
[1m 55/108[0m [32m━━━━━━━━━━[0m[37m━━━━━━━━━━[0m [1m15s[0m 285ms/step - auc: 0.9210 - binary_accuracy: 0.8022 - loss: 0.4119
[1m 56/108[0m [32m━━━━━━━━━━[0m[37m━━━━━━━━━━[0m [1m14s[0m 285ms/step - auc: 0.9213 - binary_accuracy: 0.8029 - loss: 0.4111
[1m 57/108[0m [32m━━━━━━━━━━[0m[37m━━━━━━━━━━[0m [1m14s[0m 285ms/step - auc: 0.9216 - binary_accuracy: 0.8037 - loss: 0.4103
[1m 58/108[0m [32m━━━━━━━━━━[0m[37m━━━━━━━━━━[0m [1m14s[0m 285ms/step - auc: 0.9219 - binary_accuracy: 0.8044 - loss: 0.4095
[1m 59/108[0m [32m━━━━━━━━━━[0m[37m━━━━━━━━━━[0m [1m13s[0m 285ms/step - auc: 0.9222 - binary_accuracy: 0.8052 - loss: 0.4087
[1m 60/108[0m [32m━━━━━━━━━━━[0m[37m━━━━━━━━━[0m [1m13s[0m 285ms/step - auc: 0.9224 - binary_accuracy: 0.8059 - loss: 0.4080
[1m 61/108[0m [32m━━━━━━━━━━━[0m[37m━━━━━━━━━[0m [1m13s[0m 285ms/step - auc: 0.9227 - binary_accuracy: 0.8066 - loss: 0.4073
[1m 62/108[0m [32m━━━━━━━━━━━[0m[37m━━━━━━━━━[0m [1m13s[0m 285ms/step - auc: 0.9229 - binary_accuracy: 0.8073 - loss: 0.4066
[1m 63/108[0m [32m━━━━━━━━━━━[0m[37m━━━━━━━━━[0m [1m12s[0m 285ms/step - auc: 0.9232 - binary_accuracy: 0.8079 - loss: 0.4059
[1m 64/108[0m [32m━━━━━━━━━━━[0m[37m━━━━━━━━━[0m [1m12s[0m 285ms/step - auc: 0.9234 - binary_accuracy: 0.8086 - loss: 0.4053
[1m 65/108[0m [32m━━━━━━━━━━━━[0m[37m━━━━━━━━[0m [1m12s[0m 285ms/step - auc: 0.9236 - binary_accuracy: 0.8092 - loss: 0.4048
[1m 66/108[0m [32m━━━━━━━━━━━━[0m[37m━━━━━━━━[0m [1m11s[0m 285ms/step - auc: 0.9238 - binary_accuracy: 0.8098 - loss: 0.4042
[1m 67/108[0m [32m━━━━━━━━━━━━[0m[37m━━━━━━━━[0m [1m11s[0m 285ms/step - auc: 0.9240 - binary_accuracy: 0.8103 - loss: 0.4037
[1m 68/108[0m [32m━━━━━━━━━━━━[0m[37m━━━━━━━━[0m [1m11s[0m 285ms/step - auc: 0.9242 - binary_accuracy: 0.8107 - loss: 0.4033
[1m 69/108[0m [32m━━━━━━━━━━━━[0m[37m━━━━━━━━[0m [1m11s[0m 285ms/step - auc: 0.9243 - binary_accuracy: 0.8112 - loss: 0.4028
[1m 70/108[0m [32m━━━━━━━━━━━━[0m[37m━━━━━━━━[0m [1m10s[0m 285ms/step - auc: 0.9245 - binary_accuracy: 0.8116 - loss: 0.4023
[1m 71/108[0m [32m━━━━━━━━━━━━━[0m[37m━━━━━━━[0m [1m10s[0m 285ms/step - auc: 0.9246 - binary_accuracy: 0.8120 - loss: 0.4019
[1m 72/108[0m [32m━━━━━━━━━━━━━[0m[37m━━━━━━━[0m [1m10s[0m 285ms/step - auc: 0.9247 - binary_accuracy: 0.8125 - loss: 0.4016
[1m 73/108[0m [32m━━━━━━━━━━━━━[0m[37m━━━━━━━[0m [1m9s[0m 285ms/step - auc: 0.9248 - binary_accuracy: 0.8129 - loss: 0.4012 
[1m 74/108[0m [32m━━━━━━━━━━━━━[0m[37m━━━━━━━[0m [1m9s[0m 285ms/step - auc: 0.9249 - binary_accuracy: 0.8134 - loss: 0.4009
[1m 75/108[0m [32m━━━━━━━━━━━━━[0m[37m━━━━━━━[0m [1m9s[0m 285ms/step - auc: 0.9250 - binary_accuracy: 0.8138 - loss: 0.4006
[1m 76/108[0m [32m━━━━━━━━━━━━━━[0m[37m━━━━━━[0m [1m9s[0m 285ms/step - auc: 0.9251 - binary_accuracy: 0.8143 - loss: 0.4002
[1m 77/108[0m [32m━━━━━━━━━━━━━━[0m[37m━━━━━━[0m [1m8s[0m 285ms/step - auc: 0.9252 - binary_accuracy: 0.8147 - loss: 0.3999
[1m 78/108[0m [32m━━━━━━━━━━━━━━[0m[37m━━━━━━[0m [1m8s[0m 285ms/step - auc: 0.9253 - binary_accuracy: 0.8150 - loss: 0.3995
[1m 79/108[0m [32m━━━━━━━━━━━━━━[0m[37m━━━━━━[0m [1m8s[0m 285ms/step - auc: 0.9254 - binary_accuracy: 0.8154 - loss: 0.3992
[1m 80/108[0m [32m━━━━━━━━━━━━━━[0m[37m━━━━━━[0m [1m7s[0m 285ms/step - auc: 0.9255 - binary_accuracy: 0.8158 - loss: 0.3989
[1m 81/108[0m [32m━━━━━━━━━━━━━━━[0m[37m━━━━━[0m [1m7s[0m 285ms/step - auc: 0.9256 - binary_accuracy: 0.8161 - loss: 0.3986
[1m 82/108[0m [32m━━━━━━━━━━━━━━━[0m[37m━━━━━[0m [1m7s[0m 285ms/step - auc: 0.9257 - binary_accuracy: 0.8165 - loss: 0.3983
[1m 83/108[0m [32m━━━━━━━━━━━━━━━[0m[37m━━━━━[0m [1m7s[0m 285ms/step - auc: 0.9258 - binary_accuracy: 0.8169 - loss: 0.3981
[1m 84/108[0m [32m━━━━━━━━━━━━━━━[0m[37m━━━━━[0m [1m6s[0m 285ms/step - auc: 0.9259 - binary_accuracy: 0.8172 - loss: 0.3978
[1m 85/108[0m [32m━━━━━━━━━━━━━━━[0m[37m━━━━━[0m [1m6s[0m 285ms/step - auc: 0.9259 - binary_accuracy: 0.8176 - loss: 0.3976
[1m 86/108[0m [32m━━━━━━━━━━━━━━━[0m[37m━━━━━[0m [1m6s[0m 285ms/step - auc: 0.9260 - binary_accuracy: 0.8179 - loss: 0.3973
[1m 87/108[0m [32m━━━━━━━━━━━━━━━━[0m[37m━━━━[0m [1m5s[0m 285ms/step - auc: 0.9261 - binary_accuracy: 0.8182 - loss: 0.3971
[1m 88/108[0m [32m━━━━━━━━━━━━━━━━[0m[37m━━━━[0m [1m5s[0m 285ms/step - auc: 0.9262 - binary_accuracy: 0.8184 - loss: 0.3968
[1m 89/108[0m [32m━━━━━━━━━━━━━━━━[0m[37m━━━━[0m [1m5s[0m 284ms/step - auc: 0.9262 - binary_accuracy: 0.8187 - loss: 0.3966
[1m 90/108[0m [32m━━━━━━━━━━━━━━━━[0m[37m━━━━[0m [1m5s[0m 284ms/step - auc: 0.9263 - binary_accuracy: 0.8189 - loss: 0.3964
[1m 91/108[0m [32m━━━━━━━━━━━━━━━━[0m[37m━━━━[0m [1m4s[0m 284ms/step - auc: 0.9264 - binary_accuracy: 0.8192 - loss: 0.3961
[1m 92/108[0m [32m━━━━━━━━━━━━━━━━━[0m[37m━━━[0m [1m4s[0m 284ms/step - auc: 0.9264 - binary_accuracy: 0.8194 - loss: 0.3959
[1m 93/108[0m [32m━━━━━━━━━━━━━━━━━[0m[37m━━━[0m [1m4s[0m 284ms/step - auc: 0.9265 - binary_accuracy: 0.8197 - loss: 0.3956
[1m 94/108[0m [32m━━━━━━━━━━━━━━━━━[0m[37m━━━[0m [1m3s[0m 284ms/step - auc: 0.9266 - binary_accuracy: 0.8200 - loss: 0.3954
[1m 95/108[0m [32m━━━━━━━━━━━━━━━━━[0m[37m━━━[0m [1m3s[0m 284ms/step - auc: 0.9267 - binary_accuracy: 0.8203 - loss: 0.3952
[1m 96/108[0m [32m━━━━━━━━━━━━━━━━━[0m[37m━━━[0m [1m3s[0m 284ms/step - auc: 0.9267 - binary_accuracy: 0.8206 - loss: 0.3949
[1m 97/108[0m [32m━━━━━━━━━━━━━━━━━[0m[37m━━━[0m [1m3s[0m 284ms/step - auc: 0.9268 - binary_accuracy: 0.8209 - loss: 0.3947
[1m 98/108[0m [32m━━━━━━━━━━━━━━━━━━[0m[37m━━[0m [1m2s[0m 284ms/step - auc: 0.9269 - binary_accuracy: 0.8211 - loss: 0.3945
[1m 99/108[0m [32m━━━━━━━━━━━━━━━━━━[0m[37m━━[0m [1m2s[0m 284ms/step - auc: 0.9269 - binary_accuracy: 0.8214 - loss: 0.3944
[1m100/108[0m [32m━━━━━━━━━━━━━━━━━━[0m[37m━━[0m [1m2s[0m 284ms/step - auc: 0.9270 - binary_accuracy: 0.8216 - loss: 0.3942
[1m101/108[0m [32m━━━━━━━━━━━━━━━━━━[0m[37m━━[0m [1m1s[0m 284ms/step - auc: 0.9270 - binary_accuracy: 0.8218 - loss: 0.3941
[1m102/108[0m [32m━━━━━━━━━━━━━━━━━━[0m[37m━━[0m [1m1s[0m 284ms/step - auc: 0.9270 - binary_accuracy: 0.8220 - loss: 0.3939
[1m103/108[0m [32m━━━━━━━━━━━━━━━━━━━[0m[37m━[0m [1m1s[0m 284ms/step - auc: 0.9271 - binary_accuracy: 0.8222 - loss: 0.3938
[1m104/108[0m [32m━━━━━━━━━━━━━━━━━━━[0m[37m━[0m [1m1s[0m 284ms/step - auc: 0.9271 - binary_accuracy: 0.8224 - loss: 0.3937
[1m105/108[0m [32m━━━━━━━━━━━━━━━━━━━[0m[37m━[0m [1m0s[0m 284ms/step - auc: 0.9272 - binary_accuracy: 0.8227 - loss: 0.3935
[1m106/108[0m [32m━━━━━━━━━━━━━━━━━━━[0m[37m━[0m [1m0s[0m 284ms/step - auc: 0.9272 - binary_accuracy: 0.8229 - loss: 0.3934
[1m107/108[0m [32m━━━━━━━━━━━━━━━━━━━[0m[37m━[0m [1m0s[0m 284ms/step - auc: 0.9272 - binary_accuracy: 0.8231 - loss: 0.3932
[1m108/108[0m [32m━━━━━━━━━━━━━━━━━━━━[0m[37m[0m [1m0s[0m 283ms/step - auc: 0.9273 - binary_accuracy: 0.8234 - loss: 0.3931transfer phase-a: epoch 3/8 done in 36.9s loss=0.3790 auc=0.9313 val_loss=0.4014 val_auc=0.9313

[1m108/108[0m [32m━━━━━━━━━━━━━━━━━━━━[0m[37m[0m [1m37s[0m 341ms/step - auc: 0.9313 - binary_accuracy: 0.8477 - loss: 0.3790 - val_auc: 0.9313 - val_binary_accuracy: 0.8396 - val_loss: 0.4014
transfer phase-a: epoch 4/8 start
Epoch 4/5

[1m  1/108[0m [37m━━━━━━━━━━━━━━━━━━━━[0m [1m54s[0m 508ms/step - auc: 0.9103 - binary_accuracy: 0.8125 - loss: 0.6698
[1m  2/108[0m [37m━━━━━━━━━━━━━━━━━━━━[0m [1m32s[0m 308ms/step - auc: 0.9010 - binary_accuracy: 0.8047 - loss: 0.6368
[1m  3/108[0m [37m━━━━━━━━━━━━━━━━━━━━[0m [1m31s[0m 301ms/step - auc: 0.9051 - binary_accuracy: 0.8108 - loss: 0.5826
[1m  4/108[0m [37m━━━━━━━━━━━━━━━━━━━━[0m [1m30s[0m 294ms/step - auc: 0.9090 - binary_accuracy: 0.8053 - loss: 0.5530
[1m  5/108[0m [37m━━━━━━━━━━━━━━━━━━━━[0m [1m29s[0m 290ms/step - auc: 0.9126 - binary_accuracy: 0.7955 - loss: 0.5331
[1m  6/108[0m [32m━[0m[37m━━━━━━━━━━━━━━━━━━━[0m [1m29s[0m 288ms/step - auc: 0.9162 - binary_accuracy: 0.7888 - loss: 0.5166
[1m  7/108[0m [32m━[0m[37m━━━━━━━━━━━━━━━━━━━[0m [1m28s[0m 286ms/step - auc: 0.9184 - binary_accuracy: 0.7845 - loss: 0.5033
[1m  8/108[0m [32m━[0m[37m━━━━━━━━━━━━━━━━━━━[0m [1m28s[0m 286ms/step - auc: 0.9207 - binary_accuracy: 0.7836 - loss: 0.4893
[1m  9/108[0m [32m━[0m[37m━━━━━━━━━━━━━━━━━━━[0m [1m28s[0m 288ms/step - auc: 0.9208 - binary_accuracy: 0.7838 - loss: 0.4820
[1m 10/108[0m [32m━[0m[37m━━━━━━━━━━━━━━━━━━━[0m [1m28s[0m 294ms/step - auc: 0.9203 - binary_accuracy: 0.7851 - loss: 0.4773
[1m 11/108[0m [32m━━[0m[37m━━━━━━━━━━━━━━━━━━[0m [1m28s[0m 296ms/step - auc: 0.9200 - binary_accuracy: 0.7868 - loss: 0.4721
[1m 12/108[0m [32m━━[0m[37m━━━━━━━━━━━━━━━━━━[0m [1m28s[0m 295ms/step - auc: 0.9196 - binary_accuracy: 0.7887 - loss: 0.4672
[1m 13/108[0m [32m━━[0m[37m━━━━━━━━━━━━━━━━━━[0m [1m27s[0m 294ms/step - auc: 0.9197 - binary_accuracy: 0.7905 - loss: 0.4623
[1m 14/108[0m [32m━━[0m[37m━━━━━━━━━━━━━━━━━━[0m [1m27s[0m 293ms/step - auc: 0.9196 - binary_accuracy: 0.7920 - loss: 0.4580
[1m 15/108[0m [32m━━[0m[37m━━━━━━━━━━━━━━━━━━[0m [1m27s[0m 293ms/step - auc: 0.9194 - binary_accuracy: 0.7929 - loss: 0.4545
[1m 16/108[0m [32m━━[0m[37m━━━━━━━━━━━━━━━━━━[0m [1m26s[0m 292ms/step - auc: 0.9194 - binary_accuracy: 0.7938 - loss: 0.4507
[1m 17/108[0m [32m━━━[0m[37m━━━━━━━━━━━━━━━━━[0m [1m26s[0m 292ms/step - auc: 0.9193 - binary_accuracy: 0.7948 - loss: 0.4478
[1m 18/108[0m [32m━━━[0m[37m━━━━━━━━━━━━━━━━━[0m [1m26s[0m 291ms/step - auc: 0.9195 - binary_accuracy: 0.7961 - loss: 0.4449
[1m 19/108[0m [32m━━━[0m[37m━━━━━━━━━━━━━━━━━[0m [1m25s[0m 291ms/step - auc: 0.9199 - binary_accuracy: 0.7977 - loss: 0.4421
[1m 20/108[0m [32m━━━[0m[37m━━━━━━━━━━━━━━━━━[0m [1m25s[0m 291ms/step - auc: 0.9203 - binary_accuracy: 0.7991 - loss: 0.4392
[1m 21/108[0m [32m━━━[0m[37m━━━━━━━━━━━━━━━━━[0m [1m25s[0m 291ms/step - auc: 0.9206 - binary_accuracy: 0.8007 - loss: 0.4365
[1m 22/108[0m [32m━━━━[0m[37m━━━━━━━━━━━━━━━━[0m [1m24s[0m 291ms/step - auc: 0.9210 - binary_accuracy: 0.8023 - loss: 0.4336
[1m 23/108[0m [32m━━━━[0m[37m━━━━━━━━━━━━━━━━[0m [1m24s[0m 290ms/step - auc: 0.9214 - binary_accuracy: 0.8040 - loss: 0.4307
[1m 24/108[0m [32m━━━━[0m[37m━━━━━━━━━━━━━━━━[0m [1m24s[0m 290ms/step - auc: 0.9219 - binary_accuracy: 0.8058 - loss: 0.4278
[1m 25/108[0m [32m━━━━[0m[37m━━━━━━━━━━━━━━━━[0m [1m24s[0m 290ms/step - auc: 0.9222 - binary_accuracy: 0.8075 - loss: 0.4255
[1m 26/108[0m [32m━━━━[0m[37m━━━━━━━━━━━━━━━━[0m [1m23s[0m 290ms/step - auc: 0.9226 - binary_accuracy: 0.8093 - loss: 0.4232
[1m 27/108[0m [32m━━━━━[0m[37m━━━━━━━━━━━━━━━[0m [1m23s[0m 289ms/step - auc: 0.9231 - binary_accuracy: 0.8110 - loss: 0.4211
[1m 28/108[0m [32m━━━━━[0m[37m━━━━━━━━━━━━━━━[0m [1m23s[0m 289ms/step - auc: 0.9236 - binary_accuracy: 0.8124 - loss: 0.4192
[1m 29/108[0m [32m━━━━━[0m[37m━━━━━━━━━━━━━━━[0m [1m22s[0m 289ms/step - auc: 0.9241 - binary_accuracy: 0.8136 - loss: 0.4173
[1m 30/108[0m [32m━━━━━[0m[37m━━━━━━━━━━━━━━━[0m [1m22s[0m 289ms/step - auc: 0.9245 - binary_accuracy: 0.8147 - loss: 0.4157
[1m 31/108[0m [32m━━━━━[0m[37m━━━━━━━━━━━━━━━[0m [1m22s[0m 289ms/step - auc: 0.9249 - binary_accuracy: 0.8157 - loss: 0.4141
[1m 32/108[0m [32m━━━━━[0m[37m━━━━━━━━━━━━━━━[0m [1m21s[0m 289ms/step - auc: 0.9251 - binary_accuracy: 0.8166 - loss: 0.4128
[1m 33/108[0m [32m━━━━━━[0m[37m━━━━━━━━━━━━━━[0m [1m21s[0m 289ms/step - auc: 0.9255 - binary_accuracy: 0.8175 - loss: 0.4113
[1m 34/108[0m [32m━━━━━━[0m[37m━━━━━━━━━━━━━━[0m [1m21s[0m 289ms/step - auc: 0.9257 - binary_accuracy: 0.8185 - loss: 0.4101
[1m 35/108[0m [32m━━━━━━[0m[37m━━━━━━━━━━━━━━[0m [1m21s[0m 289ms/step - auc: 0.9260 - binary_accuracy: 0.8195 - loss: 0.4087
[1m 36/108[0m [32m━━━━━━[0m[37m━━━━━━━━━━━━━━[0m [1m20s[0m 288ms/step - auc: 0.9261 - binary_accuracy: 0.8204 - loss: 0.4077
[1m 37/108[0m [32m━━━━━━[0m[37m━━━━━━━━━━━━━━[0m [1m20s[0m 288ms/step - auc: 0.9262 - binary_accuracy: 0.8214 - loss: 0.4067
[1m 38/108[0m [32m━━━━━━━[0m[37m━━━━━━━━━━━━━[0m [1m20s[0m 288ms/step - auc: 0.9264 - binary_accuracy: 0.8222 - loss: 0.4057
[1m 39/108[0m [32m━━━━━━━[0m[37m━━━━━━━━━━━━━[0m [1m19s[0m 288ms/step - auc: 0.9266 - binary_accuracy: 0.8230 - loss: 0.4047
[1m 40/108[0m [32m━━━━━━━[0m[37m━━━━━━━━━━━━━[0m [1m19s[0m 288ms/step - auc: 0.9267 - binary_accuracy: 0.8237 - loss: 0.4039
[1m 41/108[0m [32m━━━━━━━[0m[37m━━━━━━━━━━━━━[0m [1m19s[0m 288ms/step - auc: 0.9269 - binary_accuracy: 0.8244 - loss: 0.4030
[1m 42/108[0m [32m━━━━━━━[0m[37m━━━━━━━━━━━━━[0m [1m19s[0m 288ms/step - auc: 0.9271 - binary_accuracy: 0.8249 - loss: 0.4022
[1m 43/108[0m [32m━━━━━━━[0m[37m━━━━━━━━━━━━━[0m [1m18s[0m 288ms/step - auc: 0.9273 - binary_accuracy: 0.8255 - loss: 0.4013
[1m 44/108[0m [32m━━━━━━━━[0m[37m━━━━━━━━━━━━[0m [1m18s[0m 288ms/step - auc: 0.9275 - binary_accuracy: 0.8260 - loss: 0.4005
[1m 45/108[0m [32m━━━━━━━━[0m[37m━━━━━━━━━━━━[0m [1m18s[0m 288ms/step - auc: 0.9276 - binary_accuracy: 0.8265 - loss: 0.3998
[1m 46/108[0m [32m━━━━━━━━[0m[37m━━━━━━━━━━━━[0m [1m17s[0m 288ms/step - auc: 0.9278 - binary_accuracy: 0.8270 - loss: 0.3991
[1m 47/108[0m [32m━━━━━━━━[0m[37m━━━━━━━━━━━━[0m [1m17s[0m 288ms/step - auc: 0.9279 - binary_accuracy: 0.8276 - loss: 0.3984
[1m 48/108[0m [32m━━━━━━━━[0m[37m━━━━━━━━━━━━[0m [1m17s[0m 288ms/step - auc: 0.9281 - binary_accuracy: 0.8282 - loss: 0.3976
[1m 49/108[0m [32m━━━━━━━━━[0m[37m━━━━━━━━━━━[0m [1m16s[0m 288ms/step - auc: 0.9284 - binary_accuracy: 0.8288 - loss: 0.3969
[1m 50/108[0m [32m━━━━━━━━━[0m[37m━━━━━━━━━━━[0m [1m16s[0m 288ms/step - auc: 0.9286 - binary_accuracy: 0.8293 - loss: 0.3962
[1m 51/108[0m [32m━━━━━━━━━[0m[37m━━━━━━━━━━━[0m [1m16s[0m 288ms/step - auc: 0.9288 - binary_accuracy: 0.8298 - loss: 0.3956
[1m 52/108[0m [32m━━━━━━━━━[0m[37m━━━━━━━━━━━[0m [1m16s[0m 288ms/step - auc: 0.9290 - binary_accuracy: 0.8303 - loss: 0.3949
[1m 53/108[0m [32m━━━━━━━━━[0m[37m━━━━━━━━━━━[0m [1m15s[0m 288ms/step - auc: 0.9292 - binary_accuracy: 0.8308 - loss: 0.3943
[1m 54/108[0m [32m━━━━━━━━━━[0m[37m━━━━━━━━━━[0m [1m15s[0m 288ms/step - auc: 0.9294 - binary_accuracy: 0.8313 - loss: 0.3936
[1m 55/108[0m [32m━━━━━━━━━━[0m[37m━━━━━━━━━━[0m [1m15s[0m 288ms/step - auc: 0.9296 - binary_accuracy: 0.8317 - loss: 0.3929
[1m 56/108[0m [32m━━━━━━━━━━[0m[37m━━━━━━━━━━[0m [1m14s[0m 288ms/step - auc: 0.9299 - binary_accuracy: 0.8322 - loss: 0.3923
[1m 57/108[0m [32m━━━━━━━━━━[0m[37m━━━━━━━━━━[0m [1m14s[0m 288ms/step - auc: 0.9301 - binary_accuracy: 0.8327 - loss: 0.3915
[1m 58/108[0m [32m━━━━━━━━━━[0m[37m━━━━━━━━━━[0m [1m14s[0m 288ms/step - auc: 0.9303 - binary_accuracy: 0.8332 - loss: 0.3909
[1m 59/108[0m [32m━━━━━━━━━━[0m[37m━━━━━━━━━━[0m [1m14s[0m 288ms/step - auc: 0.9305 - binary_accuracy: 0.8336 - loss: 0.3903
[1m 60/108[0m [32m━━━━━━━━━━━[0m[37m━━━━━━━━━[0m [1m13s[0m 288ms/step - auc: 0.9307 - binary_accuracy: 0.8342 - loss: 0.3896
[1m 61/108[0m [32m━━━━━━━━━━━[0m[37m━━━━━━━━━[0m [1m13s[0m 288ms/step - auc: 0.9309 - binary_accuracy: 0.8347 - loss: 0.3890
[1m 62/108[0m [32m━━━━━━━━━━━[0m[37m━━━━━━━━━[0m [1m13s[0m 288ms/step - auc: 0.9312 - binary_accuracy: 0.8352 - loss: 0.3884
[1m 63/108[0m [32m━━━━━━━━━━━[0m[37m━━━━━━━━━[0m [1m12s[0m 288ms/step - auc: 0.9314 - binary_accuracy: 0.8356 - loss: 0.3878
[1m 64/108[0m [32m━━━━━━━━━━━[0m[37m━━━━━━━━━[0m [1m12s[0m 288ms/step - auc: 0.9315 - binary_accuracy: 0.8360 - loss: 0.3873
[1m 65/108[0m [32m━━━━━━━━━━━━[0m[37m━━━━━━━━[0m [1m12s[0m 288ms/step - auc: 0.9317 - binary_accuracy: 0.8364 - loss: 0.3868
[1m 66/108[0m [32m━━━━━━━━━━━━[0m[37m━━━━━━━━[0m [1m12s[0m 288ms/step - auc: 0.9319 - binary_accuracy: 0.8368 - loss: 0.3864
[1m 67/108[0m [32m━━━━━━━━━━━━[0m[37m━━━━━━━━[0m [1m11s[0m 287ms/step - auc: 0.9320 - binary_accuracy: 0.8371 - loss: 0.3859
[1m 68/108[0m [32m━━━━━━━━━━━━[0m[37m━━━━━━━━[0m [1m11s[0m 287ms/step - auc: 0.9322 - binary_accuracy: 0.8374 - loss: 0.3854
[1m 69/108[0m [32m━━━━━━━━━━━━[0m[37m━━━━━━━━[0m [1m11s[0m 287ms/step - auc: 0.9323 - binary_accuracy: 0.8378 - loss: 0.3850
[1m 70/108[0m [32m━━━━━━━━━━━━[0m[37m━━━━━━━━[0m [1m10s[0m 287ms/step - auc: 0.9325 - binary_accuracy: 0.8381 - loss: 0.3845
[1m 71/108[0m [32m━━━━━━━━━━━━━[0m[37m━━━━━━━[0m [1m10s[0m 287ms/step - auc: 0.9326 - binary_accuracy: 0.8385 - loss: 0.3840
[1m 72/108[0m [32m━━━━━━━━━━━━━[0m[37m━━━━━━━[0m [1m10s[0m 287ms/step - auc: 0.9327 - binary_accuracy: 0.8388 - loss: 0.3837
[1m 73/108[0m [32m━━━━━━━━━━━━━[0m[37m━━━━━━━[0m [1m10s[0m 287ms/step - auc: 0.9328 - binary_accuracy: 0.8391 - loss: 0.3833
[1m 74/108[0m [32m━━━━━━━━━━━━━[0m[37m━━━━━━━[0m [1m9s[0m 287ms/step - auc: 0.9329 - binary_accuracy: 0.8395 - loss: 0.3830 
[1m 75/108[0m [32m━━━━━━━━━━━━━[0m[37m━━━━━━━[0m [1m9s[0m 287ms/step - auc: 0.9330 - binary_accuracy: 0.8398 - loss: 0.3826
[1m 76/108[0m [32m━━━━━━━━━━━━━━[0m[37m━━━━━━[0m [1m9s[0m 287ms/step - auc: 0.9331 - binary_accuracy: 0.8401 - loss: 0.3823
[1m 77/108[0m [32m━━━━━━━━━━━━━━[0m[37m━━━━━━[0m [1m8s[0m 287ms/step - auc: 0.9332 - binary_accuracy: 0.8403 - loss: 0.3819
[1m 78/108[0m [32m━━━━━━━━━━━━━━[0m[37m━━━━━━[0m [1m8s[0m 287ms/step - auc: 0.9333 - binary_accuracy: 0.8406 - loss: 0.3816
[1m 79/108[0m [32m━━━━━━━━━━━━━━[0m[37m━━━━━━[0m [1m8s[0m 287ms/step - auc: 0.9334 - binary_accuracy: 0.8408 - loss: 0.3812
[1m 80/108[0m [32m━━━━━━━━━━━━━━[0m[37m━━━━━━[0m [1m8s[0m 287ms/step - auc: 0.9336 - binary_accuracy: 0.8411 - loss: 0.3809
[1m 81/108[0m [32m━━━━━━━━━━━━━━━[0m[37m━━━━━[0m [1m7s[0m 287ms/step - auc: 0.9337 - binary_accuracy: 0.8413 - loss: 0.3805
[1m 82/108[0m [32m━━━━━━━━━━━━━━━[0m[37m━━━━━[0m [1m7s[0m 287ms/step - auc: 0.9338 - binary_accuracy: 0.8416 - loss: 0.3802
[1m 83/108[0m [32m━━━━━━━━━━━━━━━[0m[37m━━━━━[0m [1m7s[0m 287ms/step - auc: 0.9339 - binary_accuracy: 0.8418 - loss: 0.3799
[1m 84/108[0m [32m━━━━━━━━━━━━━━━[0m[37m━━━━━[0m [1m6s[0m 287ms/step - auc: 0.9340 - binary_accuracy: 0.8421 - loss: 0.3795
[1m 85/108[0m [32m━━━━━━━━━━━━━━━[0m[37m━━━━━[0m [1m6s[0m 287ms/step - auc: 0.9341 - binary_accuracy: 0.8424 - loss: 0.3792
[1m 86/108[0m [32m━━━━━━━━━━━━━━━[0m[37m━━━━━[0m [1m6s[0m 287ms/step - auc: 0.9342 - binary_accuracy: 0.8426 - loss: 0.3789
[1m 87/108[0m [32m━━━━━━━━━━━━━━━━[0m[37m━━━━[0m [1m6s[0m 287ms/step - auc: 0.9343 - binary_accuracy: 0.8428 - loss: 0.3785
[1m 88/108[0m [32m━━━━━━━━━━━━━━━━[0m[37m━━━━[0m [1m5s[0m 287ms/step - auc: 0.9345 - binary_accuracy: 0.8430 - loss: 0.3782
[1m 89/108[0m [32m━━━━━━━━━━━━━━━━[0m[37m━━━━[0m [1m5s[0m 287ms/step - auc: 0.9346 - binary_accuracy: 0.8432 - loss: 0.3779
[1m 90/108[0m [32m━━━━━━━━━━━━━━━━[0m[37m━━━━[0m [1m5s[0m 287ms/step - auc: 0.9347 - binary_accuracy: 0.8434 - loss: 0.3776
[1m 91/108[0m [32m━━━━━━━━━━━━━━━━[0m[37m━━━━[0m [1m4s[0m 287ms/step - auc: 0.9348 - binary_accuracy: 0.8437 - loss: 0.3772
[1m 92/108[0m [32m━━━━━━━━━━━━━━━━━[0m[37m━━━[0m [1m4s[0m 287ms/step - auc: 0.9349 - binary_accuracy: 0.8439 - loss: 0.3769
[1m 93/108[0m [32m━━━━━━━━━━━━━━━━━[0m[37m━━━[0m [1m4s[0m 287ms/step - auc: 0.9350 - binary_accuracy: 0.8441 - loss: 0.3766
[1m 94/108[0m [32m━━━━━━━━━━━━━━━━━[0m[37m━━━[0m [1m4s[0m 287ms/step - auc: 0.9351 - binary_accuracy: 0.8443 - loss: 0.3762
[1m 95/108[0m [32m━━━━━━━━━━━━━━━━━[0m[37m━━━[0m [1m3s[0m 287ms/step - auc: 0.9353 - binary_accuracy: 0.8446 - loss: 0.3759
[1m 96/108[0m [32m━━━━━━━━━━━━━━━━━[0m[37m━━━[0m [1m3s[0m 287ms/step - auc: 0.9354 - binary_accuracy: 0.8448 - loss: 0.3756
[1m 97/108[0m [32m━━━━━━━━━━━━━━━━━[0m[37m━━━[0m [1m3s[0m 287ms/step - auc: 0.9355 - binary_accuracy: 0.8450 - loss: 0.3753
[1m 98/108[0m [32m━━━━━━━━━━━━━━━━━━[0m[37m━━[0m [1m2s[0m 287ms/step - auc: 0.9356 - binary_accuracy: 0.8452 - loss: 0.3750
[1m 99/108[0m [32m━━━━━━━━━━━━━━━━━━[0m[37m━━[0m [1m2s[0m 287ms/step - auc: 0.9357 - binary_accuracy: 0.8454 - loss: 0.3747
[1m100/108[0m [32m━━━━━━━━━━━━━━━━━━[0m[37m━━[0m [1m2s[0m 286ms/step - auc: 0.9358 - binary_accuracy: 0.8456 - loss: 0.3744
[1m101/108[0m [32m━━━━━━━━━━━━━━━━━━[0m[37m━━[0m [1m2s[0m 286ms/step - auc: 0.9359 - binary_accuracy: 0.8458 - loss: 0.3741
[1m102/108[0m [32m━━━━━━━━━━━━━━━━━━[0m[37m━━[0m [1m1s[0m 286ms/step - auc: 0.9360 - binary_accuracy: 0.8460 - loss: 0.3739
[1m103/108[0m [32m━━━━━━━━━━━━━━━━━━━[0m[37m━[0m [1m1s[0m 286ms/step - auc: 0.9361 - binary_accuracy: 0.8462 - loss: 0.3736
[1m104/108[0m [32m━━━━━━━━━━━━━━━━━━━[0m[37m━[0m [1m1s[0m 286ms/step - auc: 0.9362 - binary_accuracy: 0.8463 - loss: 0.3734
[1m105/108[0m [32m━━━━━━━━━━━━━━━━━━━[0m[37m━[0m [1m0s[0m 286ms/step - auc: 0.9363 - binary_accuracy: 0.8465 - loss: 0.3731
[1m106/108[0m [32m━━━━━━━━━━━━━━━━━━━[0m[37m━[0m [1m0s[0m 286ms/step - auc: 0.9364 - binary_accuracy: 0.8467 - loss: 0.3728
[1m107/108[0m [32m━━━━━━━━━━━━━━━━━━━[0m[37m━[0m [1m0s[0m 286ms/step - auc: 0.9365 - binary_accuracy: 0.8469 - loss: 0.3726
[1m108/108[0m [32m━━━━━━━━━━━━━━━━━━━━[0m[37m[0m [1m0s[0m 285ms/step - auc: 0.9365 - binary_accuracy: 0.8471 - loss: 0.3723transfer phase-a: epoch 4/8 done in 37.3s loss=0.3457 auc=0.9461 val_loss=0.3424 val_auc=0.9587

[1m108/108[0m [32m━━━━━━━━━━━━━━━━━━━━[0m[37m[0m [1m37s[0m 344ms/step - auc: 0.9461 - binary_accuracy: 0.8666 - loss: 0.3457 - val_auc: 0.9587 - val_binary_accuracy: 0.8744 - val_loss: 0.3424
transfer phase-a: epoch 5/8 start
Epoch 5/5

[1m  1/108[0m [37m━━━━━━━━━━━━━━━━━━━━[0m [1m51s[0m 484ms/step - auc: 0.9519 - binary_accuracy: 0.8438 - loss: 0.6646
[1m  2/108[0m [37m━━━━━━━━━━━━━━━━━━━━[0m [1m29s[0m 279ms/step - auc: 0.9451 - binary_accuracy: 0.8125 - loss: 0.6119
[1m  3/108[0m [37m━━━━━━━━━━━━━━━━━━━━[0m [1m29s[0m 279ms/step - auc: 0.9449 - binary_accuracy: 0.8125 - loss: 0.5549
[1m  4/108[0m [37m━━━━━━━━━━━━━━━━━━━━[0m [1m29s[0m 281ms/step - auc: 0.9438 - binary_accuracy: 0.8027 - loss: 0.5309
[1m  5/108[0m [37m━━━━━━━━━━━━━━━━━━━━[0m [1m28s[0m 279ms/step - auc: 0.9421 - binary_accuracy: 0.7859 - loss: 0.5216
[1m  6/108[0m [32m━[0m[37m━━━━━━━━━━━━━━━━━━━[0m [1m28s[0m 279ms/step - auc: 0.9397 - binary_accuracy: 0.7756 - loss: 0.5154
[1m  7/108[0m [32m━[0m[37m━━━━━━━━━━━━━━━━━━━[0m [1m28s[0m 279ms/step - auc: 0.9389 - binary_accuracy: 0.7707 - loss: 0.5064
[1m  8/108[0m [32m━[0m[37m━━━━━━━━━━━━━━━━━━━[0m [1m27s[0m 280ms/step - auc: 0.9391 - binary_accuracy: 0.7705 - loss: 0.4948
[1m  9/108[0m [32m━[0m[37m━━━━━━━━━━━━━━━━━━━[0m [1m27s[0m 279ms/step - auc: 0.9380 - binary_accuracy: 0.7729 - loss: 0.4866
[1m 10/108[0m [32m━[0m[37m━━━━━━━━━━━━━━━━━━━[0m [1m27s[0m 279ms/step - auc: 0.9365 - binary_accuracy: 0.7762 - loss: 0.4808
[1m 11/108[0m [32m━━[0m[37m━━━━━━━━━━━━━━━━━━[0m [1m27s[0m 279ms/step - auc: 0.9353 - binary_accuracy: 0.7798 - loss: 0.4746
[1m 12/108[0m [32m━━[0m[37m━━━━━━━━━━━━━━━━━━[0m [1m26s[0m 280ms/step - auc: 0.9349 - binary_accuracy: 0.7838 - loss: 0.4677
[1m 13/108[0m [32m━━[0m[37m━━━━━━━━━━━━━━━━━━[0m [1m26s[0m 280ms/step - auc: 0.9351 - binary_accuracy: 0.7880 - loss: 0.4607
[1m 14/108[0m [32m━━[0m[37m━━━━━━━━━━━━━━━━━━[0m [1m26s[0m 280ms/step - auc: 0.9352 - binary_accuracy: 0.7919 - loss: 0.4540
[1m 15/108[0m [32m━━[0m[37m━━━━━━━━━━━━━━━━━━[0m [1m26s[0m 280ms/step - auc: 0.9353 - binary_accuracy: 0.7953 - loss: 0.4486
[1m 16/108[0m [32m━━[0m[37m━━━━━━━━━━━━━━━━━━[0m [1m25s[0m 281ms/step - auc: 0.9354 - binary_accuracy: 0.7983 - loss: 0.4432
[1m 17/108[0m [32m━━━[0m[37m━━━━━━━━━━━━━━━━━[0m [1m25s[0m 281ms/step - auc: 0.9357 - binary_accuracy: 0.8009 - loss: 0.4384
[1m 18/108[0m [32m━━━[0m[37m━━━━━━━━━━━━━━━━━[0m [1m25s[0m 281ms/step - auc: 0.9362 - binary_accuracy: 0.8037 - loss: 0.4336
[1m 19/108[0m [32m━━━[0m[37m━━━━━━━━━━━━━━━━━[0m [1m25s[0m 281ms/step - auc: 0.9368 - binary_accuracy: 0.8063 - loss: 0.4292
[1m 20/108[0m [32m━━━[0m[37m━━━━━━━━━━━━━━━━━[0m [1m24s[0m 281ms/step - auc: 0.9374 - binary_accuracy: 0.8087 - loss: 0.4249
[1m 21/108[0m [32m━━━[0m[37m━━━━━━━━━━━━━━━━━[0m [1m24s[0m 282ms/step - auc: 0.9380 - binary_accuracy: 0.8112 - loss: 0.4207
[1m 22/108[0m [32m━━━━[0m[37m━━━━━━━━━━━━━━━━[0m [1m24s[0m 282ms/step - auc: 0.9386 - binary_accuracy: 0.8136 - loss: 0.4165
[1m 23/108[0m [32m━━━━[0m[37m━━━━━━━━━━━━━━━━[0m [1m23s[0m 282ms/step - auc: 0.9393 - binary_accuracy: 0.8160 - loss: 0.4124
[1m 24/108[0m [32m━━━━[0m[37m━━━━━━━━━━━━━━━━[0m [1m23s[0m 282ms/step - auc: 0.9398 - binary_accuracy: 0.8183 - loss: 0.4085
[1m 25/108[0m [32m━━━━[0m[37m━━━━━━━━━━━━━━━━[0m [1m23s[0m 282ms/step - auc: 0.9403 - binary_accuracy: 0.8207 - loss: 0.4053
[1m 26/108[0m [32m━━━━[0m[37m━━━━━━━━━━━━━━━━[0m [1m23s[0m 282ms/step - auc: 0.9407 - binary_accuracy: 0.8229 - loss: 0.4022
[1m 27/108[0m [32m━━━━━[0m[37m━━━━━━━━━━━━━━━[0m [1m22s[0m 282ms/step - auc: 0.9412 - binary_accuracy: 0.8250 - loss: 0.3993
[1m 28/108[0m [32m━━━━━[0m[37m━━━━━━━━━━━━━━━[0m [1m22s[0m 282ms/step - auc: 0.9417 - binary_accuracy: 0.8269 - loss: 0.3965
[1m 29/108[0m [32m━━━━━[0m[37m━━━━━━━━━━━━━━━[0m [1m22s[0m 282ms/step - auc: 0.9422 - binary_accuracy: 0.8285 - loss: 0.3940
[1m 30/108[0m [32m━━━━━[0m[37m━━━━━━━━━━━━━━━[0m [1m22s[0m 283ms/step - auc: 0.9426 - binary_accuracy: 0.8299 - loss: 0.3920
[1m 31/108[0m [32m━━━━━[0m[37m━━━━━━━━━━━━━━━[0m [1m21s[0m 283ms/step - auc: 0.9428 - binary_accuracy: 0.8311 - loss: 0.3901
[1m 32/108[0m [32m━━━━━[0m[37m━━━━━━━━━━━━━━━[0m [1m21s[0m 283ms/step - auc: 0.9430 - binary_accuracy: 0.8322 - loss: 0.3884
[1m 33/108[0m [32m━━━━━━[0m[37m━━━━━━━━━━━━━━[0m [1m21s[0m 283ms/step - auc: 0.9433 - binary_accuracy: 0.8333 - loss: 0.3867
[1m 34/108[0m [32m━━━━━━[0m[37m━━━━━━━━━━━━━━[0m [1m20s[0m 283ms/step - auc: 0.9435 - binary_accuracy: 0.8345 - loss: 0.3851
[1m 35/108[0m [32m━━━━━━[0m[37m━━━━━━━━━━━━━━[0m [1m20s[0m 283ms/step - auc: 0.9437 - binary_accuracy: 0.8355 - loss: 0.3835
[1m 36/108[0m [32m━━━━━━[0m[37m━━━━━━━━━━━━━━[0m [1m20s[0m 283ms/step - auc: 0.9439 - binary_accuracy: 0.8366 - loss: 0.3820
[1m 37/108[0m [32m━━━━━━[0m[37m━━━━━━━━━━━━━━[0m [1m20s[0m 283ms/step - auc: 0.9440 - binary_accuracy: 0.8375 - loss: 0.3806
[1m 38/108[0m [32m━━━━━━━[0m[37m━━━━━━━━━━━━━[0m [1m19s[0m 283ms/step - auc: 0.9443 - binary_accuracy: 0.8385 - loss: 0.3792
[1m 39/108[0m [32m━━━━━━━[0m[37m━━━━━━━━━━━━━[0m [1m19s[0m 283ms/step - auc: 0.9445 - binary_accuracy: 0.8394 - loss: 0.3779
[1m 40/108[0m [32m━━━━━━━[0m[37m━━━━━━━━━━━━━[0m [1m19s[0m 283ms/step - auc: 0.9447 - binary_accuracy: 0.8402 - loss: 0.3766
[1m 41/108[0m [32m━━━━━━━[0m[37m━━━━━━━━━━━━━[0m [1m18s[0m 283ms/step - auc: 0.9449 - binary_accuracy: 0.8410 - loss: 0.3753
[1m 42/108[0m [32m━━━━━━━[0m[37m━━━━━━━━━━━━━[0m [1m18s[0m 283ms/step - auc: 0.9452 - binary_accuracy: 0.8418 - loss: 0.3741
[1m 43/108[0m [32m━━━━━━━[0m[37m━━━━━━━━━━━━━[0m [1m18s[0m 283ms/step - auc: 0.9454 - binary_accuracy: 0.8425 - loss: 0.3729
[1m 44/108[0m [32m━━━━━━━━[0m[37m━━━━━━━━━━━━[0m [1m18s[0m 283ms/step - auc: 0.9456 - binary_accuracy: 0.8431 - loss: 0.3717
[1m 45/108[0m [32m━━━━━━━━[0m[37m━━━━━━━━━━━━[0m [1m17s[0m 283ms/step - auc: 0.9458 - binary_accuracy: 0.8438 - loss: 0.3706
[1m 46/108[0m [32m━━━━━━━━[0m[37m━━━━━━━━━━━━[0m [1m17s[0m 283ms/step - auc: 0.9460 - binary_accuracy: 0.8445 - loss: 0.3695
[1m 47/108[0m [32m━━━━━━━━[0m[37m━━━━━━━━━━━━[0m [1m17s[0m 283ms/step - auc: 0.9462 - binary_accuracy: 0.8452 - loss: 0.3684
[1m 48/108[0m [32m━━━━━━━━[0m[37m━━━━━━━━━━━━[0m [1m17s[0m 284ms/step - auc: 0.9464 - binary_accuracy: 0.8458 - loss: 0.3674
[1m 49/108[0m [32m━━━━━━━━━[0m[37m━━━━━━━━━━━[0m [1m16s[0m 284ms/step - auc: 0.9467 - binary_accuracy: 0.8465 - loss: 0.3663
[1m 50/108[0m [32m━━━━━━━━━[0m[37m━━━━━━━━━━━[0m [1m16s[0m 284ms/step - auc: 0.9469 - binary_accuracy: 0.8471 - loss: 0.3654
[1m 51/108[0m [32m━━━━━━━━━[0m[37m━━━━━━━━━━━[0m [1m16s[0m 284ms/step - auc: 0.9471 - binary_accuracy: 0.8477 - loss: 0.3644
[1m 52/108[0m [32m━━━━━━━━━[0m[37m━━━━━━━━━━━[0m [1m15s[0m 283ms/step - auc: 0.9473 - binary_accuracy: 0.8482 - loss: 0.3635
[1m 53/108[0m [32m━━━━━━━━━[0m[37m━━━━━━━━━━━[0m [1m15s[0m 284ms/step - auc: 0.9475 - binary_accuracy: 0.8487 - loss: 0.3626
[1m 54/108[0m [32m━━━━━━━━━━[0m[37m━━━━━━━━━━[0m [1m15s[0m 284ms/step - auc: 0.9477 - binary_accuracy: 0.8493 - loss: 0.3618
[1m 55/108[0m [32m━━━━━━━━━━[0m[37m━━━━━━━━━━[0m [1m15s[0m 284ms/step - auc: 0.9479 - binary_accuracy: 0.8498 - loss: 0.3610
[1m 56/108[0m [32m━━━━━━━━━━[0m[37m━━━━━━━━━━[0m [1m14s[0m 285ms/step - auc: 0.9480 - binary_accuracy: 0.8503 - loss: 0.3601
[1m 57/108[0m [32m━━━━━━━━━━[0m[37m━━━━━━━━━━[0m [1m14s[0m 285ms/step - auc: 0.9482 - binary_accuracy: 0.8508 - loss: 0.3593
[1m 58/108[0m [32m━━━━━━━━━━[0m[37m━━━━━━━━━━[0m [1m14s[0m 285ms/step - auc: 0.9484 - binary_accuracy: 0.8514 - loss: 0.3586
[1m 59/108[0m [32m━━━━━━━━━━[0m[37m━━━━━━━━━━[0m [1m13s[0m 285ms/step - auc: 0.9485 - binary_accuracy: 0.8518 - loss: 0.3578
[1m 60/108[0m [32m━━━━━━━━━━━[0m[37m━━━━━━━━━[0m [1m13s[0m 285ms/step - auc: 0.9487 - binary_accuracy: 0.8523 - loss: 0.3571
[1m 61/108[0m [32m━━━━━━━━━━━[0m[37m━━━━━━━━━[0m [1m13s[0m 285ms/step - auc: 0.9489 - binary_accuracy: 0.8527 - loss: 0.3563
[1m 62/108[0m [32m━━━━━━━━━━━[0m[37m━━━━━━━━━[0m [1m13s[0m 285ms/step - auc: 0.9490 - binary_accuracy: 0.8531 - loss: 0.3557
[1m 63/108[0m [32m━━━━━━━━━━━[0m[37m━━━━━━━━━[0m [1m12s[0m 285ms/step - auc: 0.9492 - binary_accuracy: 0.8535 - loss: 0.3550
[1m 64/108[0m [32m━━━━━━━━━━━[0m[37m━━━━━━━━━[0m [1m12s[0m 285ms/step - auc: 0.9493 - binary_accuracy: 0.8539 - loss: 0.3544
[1m 65/108[0m [32m━━━━━━━━━━━━[0m[37m━━━━━━━━[0m [1m12s[0m 285ms/step - auc: 0.9494 - binary_accuracy: 0.8543 - loss: 0.3539
[1m 66/108[0m [32m━━━━━━━━━━━━[0m[37m━━━━━━━━[0m [1m11s[0m 285ms/step - auc: 0.9495 - binary_accuracy: 0.8547 - loss: 0.3534
[1m 67/108[0m [32m━━━━━━━━━━━━[0m[37m━━━━━━━━[0m [1m11s[0m 285ms/step - auc: 0.9496 - binary_accuracy: 0.8551 - loss: 0.3529
[1m 68/108[0m [32m━━━━━━━━━━━━[0m[37m━━━━━━━━[0m [1m11s[0m 285ms/step - auc: 0.9497 - binary_accuracy: 0.8554 - loss: 0.3524
[1m 69/108[0m [32m━━━━━━━━━━━━[0m[37m━━━━━━━━[0m [1m11s[0m 285ms/step - auc: 0.9498 - binary_accuracy: 0.8557 - loss: 0.3520
[1m 70/108[0m [32m━━━━━━━━━━━━[0m[37m━━━━━━━━[0m [1m10s[0m 285ms/step - auc: 0.9499 - binary_accuracy: 0.8559 - loss: 0.3515
[1m 71/108[0m [32m━━━━━━━━━━━━━[0m[37m━━━━━━━[0m [1m10s[0m 285ms/step - auc: 0.9500 - binary_accuracy: 0.8562 - loss: 0.3510
[1m 72/108[0m [32m━━━━━━━━━━━━━[0m[37m━━━━━━━[0m [1m10s[0m 285ms/step - auc: 0.9500 - binary_accuracy: 0.8565 - loss: 0.3506
[1m 73/108[0m [32m━━━━━━━━━━━━━[0m[37m━━━━━━━[0m [1m9s[0m 285ms/step - auc: 0.9501 - binary_accuracy: 0.8568 - loss: 0.3502 
[1m 74/108[0m [32m━━━━━━━━━━━━━[0m[37m━━━━━━━[0m [1m9s[0m 285ms/step - auc: 0.9501 - binary_accuracy: 0.8570 - loss: 0.3499
[1m 75/108[0m [32m━━━━━━━━━━━━━[0m[37m━━━━━━━[0m [1m9s[0m 285ms/step - auc: 0.9502 - binary_accuracy: 0.8573 - loss: 0.3495
[1m 76/108[0m [32m━━━━━━━━━━━━━━[0m[37m━━━━━━[0m [1m9s[0m 285ms/step - auc: 0.9502 - binary_accuracy: 0.8575 - loss: 0.3492
[1m 77/108[0m [32m━━━━━━━━━━━━━━[0m[37m━━━━━━[0m [1m8s[0m 285ms/step - auc: 0.9502 - binary_accuracy: 0.8578 - loss: 0.3488
[1m 78/108[0m [32m━━━━━━━━━━━━━━[0m[37m━━━━━━[0m [1m8s[0m 285ms/step - auc: 0.9503 - binary_accuracy: 0.8580 - loss: 0.3484
[1m 79/108[0m [32m━━━━━━━━━━━━━━[0m[37m━━━━━━[0m [1m8s[0m 285ms/step - auc: 0.9504 - binary_accuracy: 0.8583 - loss: 0.3481
[1m 80/108[0m [32m━━━━━━━━━━━━━━[0m[37m━━━━━━[0m [1m7s[0m 285ms/step - auc: 0.9504 - binary_accuracy: 0.8585 - loss: 0.3477
[1m 81/108[0m [32m━━━━━━━━━━━━━━━[0m[37m━━━━━[0m [1m7s[0m 285ms/step - auc: 0.9505 - binary_accuracy: 0.8587 - loss: 0.3474
[1m 82/108[0m [32m━━━━━━━━━━━━━━━[0m[37m━━━━━[0m [1m7s[0m 285ms/step - auc: 0.9506 - binary_accuracy: 0.8590 - loss: 0.3470
[1m 83/108[0m [32m━━━━━━━━━━━━━━━[0m[37m━━━━━[0m [1m7s[0m 285ms/step - auc: 0.9506 - binary_accuracy: 0.8592 - loss: 0.3467
[1m 84/108[0m [32m━━━━━━━━━━━━━━━[0m[37m━━━━━[0m [1m6s[0m 285ms/step - auc: 0.9507 - binary_accuracy: 0.8594 - loss: 0.3464
[1m 85/108[0m [32m━━━━━━━━━━━━━━━[0m[37m━━━━━[0m [1m6s[0m 285ms/step - auc: 0.9508 - binary_accuracy: 0.8596 - loss: 0.3461
[1m 86/108[0m [32m━━━━━━━━━━━━━━━[0m[37m━━━━━[0m [1m6s[0m 285ms/step - auc: 0.9508 - binary_accuracy: 0.8598 - loss: 0.3457
[1m 87/108[0m [32m━━━━━━━━━━━━━━━━[0m[37m━━━━[0m [1m5s[0m 285ms/step - auc: 0.9509 - binary_accuracy: 0.8600 - loss: 0.3454
[1m 88/108[0m [32m━━━━━━━━━━━━━━━━[0m[37m━━━━[0m [1m5s[0m 285ms/step - auc: 0.9509 - binary_accuracy: 0.8602 - loss: 0.3451
[1m 89/108[0m [32m━━━━━━━━━━━━━━━━[0m[37m━━━━[0m [1m5s[0m 285ms/step - auc: 0.9510 - binary_accuracy: 0.8604 - loss: 0.3448
[1m 90/108[0m [32m━━━━━━━━━━━━━━━━[0m[37m━━━━[0m [1m5s[0m 285ms/step - auc: 0.9510 - binary_accuracy: 0.8606 - loss: 0.3445
[1m 91/108[0m [32m━━━━━━━━━━━━━━━━[0m[37m━━━━[0m [1m4s[0m 284ms/step - auc: 0.9511 - binary_accuracy: 0.8608 - loss: 0.3442
[1m 92/108[0m [32m━━━━━━━━━━━━━━━━━[0m[37m━━━[0m [1m4s[0m 284ms/step - auc: 0.9511 - binary_accuracy: 0.8609 - loss: 0.3440
[1m 93/108[0m [32m━━━━━━━━━━━━━━━━━[0m[37m━━━[0m [1m4s[0m 284ms/step - auc: 0.9512 - binary_accuracy: 0.8611 - loss: 0.3437
[1m 94/108[0m [32m━━━━━━━━━━━━━━━━━[0m[37m━━━[0m [1m3s[0m 284ms/step - auc: 0.9513 - binary_accuracy: 0.8613 - loss: 0.3434
[1m 95/108[0m [32m━━━━━━━━━━━━━━━━━[0m[37m━━━[0m [1m3s[0m 284ms/step - auc: 0.9513 - binary_accuracy: 0.8615 - loss: 0.3431
[1m 96/108[0m [32m━━━━━━━━━━━━━━━━━[0m[37m━━━[0m [1m3s[0m 284ms/step - auc: 0.9514 - binary_accuracy: 0.8617 - loss: 0.3428
[1m 97/108[0m [32m━━━━━━━━━━━━━━━━━[0m[37m━━━[0m [1m3s[0m 284ms/step - auc: 0.9514 - binary_accuracy: 0.8618 - loss: 0.3425
[1m 98/108[0m [32m━━━━━━━━━━━━━━━━━━[0m[37m━━[0m [1m2s[0m 284ms/step - auc: 0.9515 - binary_accuracy: 0.8620 - loss: 0.3423
[1m 99/108[0m [32m━━━━━━━━━━━━━━━━━━[0m[37m━━[0m [1m2s[0m 284ms/step - auc: 0.9515 - binary_accuracy: 0.8622 - loss: 0.3420
[1m100/108[0m [32m━━━━━━━━━━━━━━━━━━[0m[37m━━[0m [1m2s[0m 284ms/step - auc: 0.9516 - binary_accuracy: 0.8623 - loss: 0.3417
[1m101/108[0m [32m━━━━━━━━━━━━━━━━━━[0m[37m━━[0m [1m1s[0m 284ms/step - auc: 0.9517 - binary_accuracy: 0.8625 - loss: 0.3415
[1m102/108[0m [32m━━━━━━━━━━━━━━━━━━[0m[37m━━[0m [1m1s[0m 284ms/step - auc: 0.9517 - binary_accuracy: 0.8626 - loss: 0.3413
[1m103/108[0m [32m━━━━━━━━━━━━━━━━━━━[0m[37m━[0m [1m1s[0m 284ms/step - auc: 0.9517 - binary_accuracy: 0.8628 - loss: 0.3411
[1m104/108[0m [32m━━━━━━━━━━━━━━━━━━━[0m[37m━[0m [1m1s[0m 284ms/step - auc: 0.9518 - binary_accuracy: 0.8630 - loss: 0.3408
[1m105/108[0m [32m━━━━━━━━━━━━━━━━━━━[0m[37m━[0m [1m0s[0m 284ms/step - auc: 0.9518 - binary_accuracy: 0.8631 - loss: 0.3406
[1m106/108[0m [32m━━━━━━━━━━━━━━━━━━━[0m[37m━[0m [1m0s[0m 284ms/step - auc: 0.9519 - binary_accuracy: 0.8633 - loss: 0.3404
[1m107/108[0m [32m━━━━━━━━━━━━━━━━━━━[0m[37m━[0m [1m0s[0m 284ms/step - auc: 0.9519 - binary_accuracy: 0.8634 - loss: 0.3402
[1m108/108[0m [32m━━━━━━━━━━━━━━━━━━━━[0m[37m[0m [1m0s[0m 282ms/step - auc: 0.9520 - binary_accuracy: 0.8636 - loss: 0.3399transfer phase-a: epoch 5/8 done in 36.9s loss=0.3166 auc=0.9569 val_loss=0.3418 val_auc=0.9711

[1m108/108[0m [32m━━━━━━━━━━━━━━━━━━━━[0m[37m[0m [1m37s[0m 341ms/step - auc: 0.9569 - binary_accuracy: 0.8797 - loss: 0.3166 - val_auc: 0.9711 - val_binary_accuracy: 0.8806 - val_loss: 0.3418
[INFO] focus_binary.focus_binary.models.transfer: phase1: head training
transfer final: epoch 1/3 start
Epoch 1/3

[1m  1/133[0m [37m━━━━━━━━━━━━━━━━━━━━[0m [1m12:25[0m 6s/step - auc: 0.6034 - binary_accuracy: 0.3125 - loss: 0.7031
[1m  2/133[0m [37m━━━━━━━━━━━━━━━━━━━━[0m [1m7:44[0m 4s/step - auc: 0.6153 - binary_accuracy: 0.4609 - loss: 0.7010 
[1m  3/133[0m [37m━━━━━━━━━━━━━━━━━━━━[0m [1m5:37[0m 3s/step - auc: 0.6448 - binary_accuracy: 0.5503 - loss: 0.6508
[1m  4/133[0m [37m━━━━━━━━━━━━━━━━━━━━[0m [1m6:09[0m 3s/step - auc: 0.6398 - binary_accuracy: 0.6081 - loss: 0.6443
[1m  5/133[0m [37m━━━━━━━━━━━━━━━━━━━━[0m [1m6:10[0m 3s/step - auc: 0.6324 - binary_accuracy: 0.6502 - loss: 0.6363
[1m  6/133[0m [37m━━━━━━━━━━━━━━━━━━━━[0m [1m5:54[0m 3s/step - auc: 0.6158 - binary_accuracy: 0.6790 - loss: 0.6611
[1m  7/133[0m [32m━[0m[37m━━━━━━━━━━━━━━━━━━━[0m [1m5:56[0m 3s/step - auc: 0.6086 - binary_accuracy: 0.6962 - loss: 0.6818
[1m  8/133[0m [32m━[0m[37m━━━━━━━━━━━━━━━━━━━[0m [1m5:44[0m 3s/step - auc: 0.6024 - binary_accuracy: 0.7048 - loss: 0.7011
[1m  9/133[0m [32m━[0m[37m━━━━━━━━━━━━━━━━━━━[0m [1m5:44[0m 3s/step - auc: 0.6008 - binary_accuracy: 0.7079 - loss: 0.7166
[1m 10/133[0m [32m━[0m[37m━━━━━━━━━━━━━━━━━━━[0m [1m5:55[0m 3s/step - auc: 0.6034 - binary_accuracy: 0.7074 - loss: 0.7265
[1m 11/133[0m [32m━[0m[37m━━━━━━━━━━━━━━━━━━━[0m [1m5:38[0m 3s/step - auc: 0.6069 - binary_accuracy: 0.7028 - loss: 0.7353
[1m 12/133[0m [32m━[0m[37m━━━━━━━━━━━━━━━━━━━[0m [1m5:43[0m 3s/step - auc: 0.6098 - binary_accuracy: 0.6965 - loss: 0.7431
[1m 13/133[0m [32m━[0m[37m━━━━━━━━━━━━━━━━━━━[0m [1m5:31[0m 3s/step - auc: 0.6129 - binary_accuracy: 0.6890 - loss: 0.7496
[1m 14/133[0m [32m━━[0m[37m━━━━━━━━━━━━━━━━━━[0m [1m5:33[0m 3s/step - auc: 0.6161 - binary_accuracy: 0.6814 - loss: 0.7552
[1m 15/133[0m [32m━━[0m[37m━━━━━━━━━━━━━━━━━━[0m [1m5:31[0m 3s/step - auc: 0.6195 - binary_accuracy: 0.6743 - loss: 0.7591
[1m 16/133[0m [32m━━[0m[37m━━━━━━━━━━━━━━━━━━[0m [1m5:29[0m 3s/step - auc: 0.6220 - binary_accuracy: 0.6678 - loss: 0.7623
[1m 17/133[0m [32m━━[0m[37m━━━━━━━━━━━━━━━━━━[0m [1m5:32[0m 3s/step - auc: 0.6251 - binary_accuracy: 0.6631 - loss: 0.7643
[1m 18/133[0m [32m━━[0m[37m━━━━━━━━━━━━━━━━━━[0m [1m5:28[0m 3s/step - auc: 0.6288 - binary_accuracy: 0.6595 - loss: 0.7649
[1m 19/133[0m [32m━━[0m[37m━━━━━━━━━━━━━━━━━━[0m [1m5:29[0m 3s/step - auc: 0.6324 - binary_accuracy: 0.6568 - loss: 0.7650
[1m 20/133[0m [32m━━━[0m[37m━━━━━━━━━━━━━━━━━[0m [1m5:29[0m 3s/step - auc: 0.6357 - binary_accuracy: 0.6548 - loss: 0.7652
[1m 21/133[0m [32m━━━[0m[37m━━━━━━━━━━━━━━━━━[0m [1m5:26[0m 3s/step - auc: 0.6390 - binary_accuracy: 0.6533 - loss: 0.7644
[1m 22/133[0m [32m━━━[0m[37m━━━━━━━━━━━━━━━━━[0m [1m5:23[0m 3s/step - auc: 0.6418 - binary_accuracy: 0.6522 - loss: 0.7639
[1m 23/133[0m [32m━━━[0m[37m━━━━━━━━━━━━━━━━━[0m [1m5:23[0m 3s/step - auc: 0.6446 - binary_accuracy: 0.6517 - loss: 0.7631
[1m 24/133[0m [32m━━━[0m[37m━━━━━━━━━━━━━━━━━[0m [1m5:20[0m 3s/step - auc: 0.6469 - binary_accuracy: 0.6512 - loss: 0.7628
[1m 25/133[0m [32m━━━[0m[37m━━━━━━━━━━━━━━━━━[0m [1m5:22[0m 3s/step - auc: 0.6494 - binary_accuracy: 0.6508 - loss: 0.7620
[1m 26/133[0m [32m━━━[0m[37m━━━━━━━━━━━━━━━━━[0m [1m5:15[0m 3s/step - auc: 0.6516 - binary_accuracy: 0.6503 - loss: 0.7618
[1m 27/133[0m [32m━━━━[0m[37m━━━━━━━━━━━━━━━━[0m [1m5:15[0m 3s/step - auc: 0.6538 - binary_accuracy: 0.6498 - loss: 0.7612
[1m 28/133[0m [32m━━━━[0m[37m━━━━━━━━━━━━━━━━[0m [1m5:12[0m 3s/step - auc: 0.6559 - binary_accuracy: 0.6493 - loss: 0.7604
[1m 29/133[0m [32m━━━━[0m[37m━━━━━━━━━━━━━━━━[0m [1m5:08[0m 3s/step - auc: 0.6581 - binary_accuracy: 0.6488 - loss: 0.7594
[1m 30/133[0m [32m━━━━[0m[37m━━━━━━━━━━━━━━━━[0m [1m5:08[0m 3s/step - auc: 0.6602 - binary_accuracy: 0.6483 - loss: 0.7585
[1m 31/133[0m [32m━━━━[0m[37m━━━━━━━━━━━━━━━━[0m [1m5:06[0m 3s/step - auc: 0.6622 - binary_accuracy: 0.6477 - loss: 0.7573
[1m 32/133[0m [32m━━━━[0m[37m━━━━━━━━━━━━━━━━[0m [1m5:04[0m 3s/step - auc: 0.6642 - binary_accuracy: 0.6471 - loss: 0.7560
[1m 33/133[0m [32m━━━━[0m[37m━━━━━━━━━━━━━━━━[0m [1m5:04[0m 3s/step - auc: 0.6661 - binary_accuracy: 0.6465 - loss: 0.7547
[1m 34/133[0m [32m━━━━━[0m[37m━━━━━━━━━━━━━━━[0m [1m5:02[0m 3s/step - auc: 0.6679 - binary_accuracy: 0.6460 - loss: 0.7532
[1m 35/133[0m [32m━━━━━[0m[37m━━━━━━━━━━━━━━━[0m [1m5:01[0m 3s/step - auc: 0.6697 - binary_accuracy: 0.6455 - loss: 0.7518
[1m 36/133[0m [32m━━━━━[0m[37m━━━━━━━━━━━━━━━[0m [1m4:58[0m 3s/step - auc: 0.6715 - binary_accuracy: 0.6450 - loss: 0.7502
[1m 37/133[0m [32m━━━━━[0m[37m━━━━━━━━━━━━━━━[0m [1m5:01[0m 3s/step - auc: 0.6733 - binary_accuracy: 0.6448 - loss: 0.7485
[1m 38/133[0m [32m━━━━━[0m[37m━━━━━━━━━━━━━━━[0m [1m5:01[0m 3s/step - auc: 0.6750 - binary_accuracy: 0.6447 - loss: 0.7469
[1m 39/133[0m [32m━━━━━[0m[37m━━━━━━━━━━━━━━━[0m [1m4:58[0m 3s/step - auc: 0.6767 - binary_accuracy: 0.6447 - loss: 0.7453
[1m 40/133[0m [32m━━━━━━[0m[37m━━━━━━━━━━━━━━[0m [1m4:53[0m 3s/step - auc: 0.6784 - binary_accuracy: 0.6448 - loss: 0.7435
[1m 41/133[0m [32m━━━━━━[0m[37m━━━━━━━━━━━━━━[0m [1m4:47[0m 3s/step - auc: 0.6800 - binary_accuracy: 0.6450 - loss: 0.7417
[1m 42/133[0m [32m━━━━━━[0m[37m━━━━━━━━━━━━━━[0m [1m4:47[0m 3s/step - auc: 0.6817 - binary_accuracy: 0.6453 - loss: 0.7400
[1m 43/133[0m [32m━━━━━━[0m[37m━━━━━━━━━━━━━━[0m [1m4:42[0m 3s/step - auc: 0.6833 - binary_accuracy: 0.6457 - loss: 0.7381
[1m 44/133[0m [32m━━━━━━[0m[37m━━━━━━━━━━━━━━[0m [1m4:38[0m 3s/step - auc: 0.6850 - binary_accuracy: 0.6463 - loss: 0.7361
[1m 45/133[0m [32m━━━━━━[0m[37m━━━━━━━━━━━━━━[0m [1m4:36[0m 3s/step - auc: 0.6866 - binary_accuracy: 0.6469 - loss: 0.7341
[1m 46/133[0m [32m━━━━━━[0m[37m━━━━━━━━━━━━━━[0m [1m4:32[0m 3s/step - auc: 0.6882 - binary_accuracy: 0.6476 - loss: 0.7322
[1m 47/133[0m [32m━━━━━━━[0m[37m━━━━━━━━━━━━━[0m [1m4:28[0m 3s/step - auc: 0.6897 - binary_accuracy: 0.6483 - loss: 0.7306
[1m 48/133[0m [32m━━━━━━━[0m[37m━━━━━━━━━━━━━[0m [1m4:25[0m 3s/step - auc: 0.6911 - binary_accuracy: 0.6490 - loss: 0.7291
[1m 49/133[0m [32m━━━━━━━[0m[37m━━━━━━━━━━━━━[0m [1m4:21[0m 3s/step - auc: 0.6924 - binary_accuracy: 0.6497 - loss: 0.7275
[1m 50/133[0m [32m━━━━━━━[0m[37m━━━━━━━━━━━━━[0m [1m4:18[0m 3s/step - auc: 0.6937 - binary_accuracy: 0.6504 - loss: 0.7260
[1m 51/133[0m [32m━━━━━━━[0m[37m━━━━━━━━━━━━━[0m [1m4:15[0m 3s/step - auc: 0.6950 - binary_accuracy: 0.6510 - loss: 0.7244
[1m 52/133[0m [32m━━━━━━━[0m[37m━━━━━━━━━━━━━[0m [1m4:09[0m 3s/step - auc: 0.6962 - binary_accuracy: 0.6516 - loss: 0.7229
[1m 53/133[0m [32m━━━━━━━[0m[37m━━━━━━━━━━━━━[0m [1m4:08[0m 3s/step - auc: 0.6973 - binary_accuracy: 0.6522 - loss: 0.7213
[1m 54/133[0m [32m━━━━━━━━[0m[37m━━━━━━━━━━━━[0m [1m4:04[0m 3s/step - auc: 0.6984 - binary_accuracy: 0.6527 - loss: 0.7198
[1m 55/133[0m [32m━━━━━━━━[0m[37m━━━━━━━━━━━━[0m [1m4:01[0m 3s/step - auc: 0.6996 - binary_accuracy: 0.6532 - loss: 0.7182
[1m 56/133[0m [32m━━━━━━━━[0m[37m━━━━━━━━━━━━[0m [1m3:59[0m 3s/step - auc: 0.7007 - binary_accuracy: 0.6538 - loss: 0.7166
[1m 57/133[0m [32m━━━━━━━━[0m[37m━━━━━━━━━━━━[0m [1m3:55[0m 3s/step - auc: 0.7019 - binary_accuracy: 0.6543 - loss: 0.7149
[1m 58/133[0m [32m━━━━━━━━[0m[37m━━━━━━━━━━━━[0m [1m3:52[0m 3s/step - auc: 0.7030 - binary_accuracy: 0.6548 - loss: 0.7133
[1m 59/133[0m [32m━━━━━━━━[0m[37m━━━━━━━━━━━━[0m [1m3:49[0m 3s/step - auc: 0.7042 - binary_accuracy: 0.6554 - loss: 0.7116
[1m 60/133[0m [32m━━━━━━━━━[0m[37m━━━━━━━━━━━[0m [1m3:45[0m 3s/step - auc: 0.7053 - binary_accuracy: 0.6561 - loss: 0.7099
[1m 61/133[0m [32m━━━━━━━━━[0m[37m━━━━━━━━━━━[0m [1m3:43[0m 3s/step - auc: 0.7065 - binary_accuracy: 0.6567 - loss: 0.7082
[1m 62/133[0m [32m━━━━━━━━━[0m[37m━━━━━━━━━━━[0m [1m3:40[0m 3s/step - auc: 0.7077 - binary_accuracy: 0.6574 - loss: 0.7064
[1m 63/133[0m [32m━━━━━━━━━[0m[37m━━━━━━━━━━━[0m [1m3:36[0m 3s/step - auc: 0.7088 - binary_accuracy: 0.6581 - loss: 0.7047
[1m 64/133[0m [32m━━━━━━━━━[0m[37m━━━━━━━━━━━[0m [1m3:34[0m 3s/step - auc: 0.7099 - binary_accuracy: 0.6589 - loss: 0.7030
[1m 65/133[0m [32m━━━━━━━━━[0m[37m━━━━━━━━━━━[0m [1m3:32[0m 3s/step - auc: 0.7110 - binary_accuracy: 0.6596 - loss: 0.7014
[1m 66/133[0m [32m━━━━━━━━━[0m[37m━━━━━━━━━━━[0m [1m3:28[0m 3s/step - auc: 0.7121 - binary_accuracy: 0.6604 - loss: 0.6998
[1m 67/133[0m [32m━━━━━━━━━━[0m[37m━━━━━━━━━━[0m [1m3:25[0m 3s/step - auc: 0.7132 - binary_accuracy: 0.6612 - loss: 0.6982
[1m 68/133[0m [32m━━━━━━━━━━[0m[37m━━━━━━━━━━[0m [1m3:22[0m 3s/step - auc: 0.7144 - binary_accuracy: 0.6620 - loss: 0.6966
[1m 69/133[0m [32m━━━━━━━━━━[0m[37m━━━━━━━━━━[0m [1m3:18[0m 3s/step - auc: 0.7155 - binary_accuracy: 0.6628 - loss: 0.6951
[1m 70/133[0m [32m━━━━━━━━━━[0m[37m━━━━━━━━━━[0m [1m3:15[0m 3s/step - auc: 0.7165 - binary_accuracy: 0.6635 - loss: 0.6937
[1m 71/133[0m [32m━━━━━━━━━━[0m[37m━━━━━━━━━━[0m [1m3:13[0m 3s/step - auc: 0.7176 - binary_accuracy: 0.6642 - loss: 0.6922
[1m 72/133[0m [32m━━━━━━━━━━[0m[37m━━━━━━━━━━[0m [1m3:08[0m 3s/step - auc: 0.7186 - binary_accuracy: 0.6649 - loss: 0.6909
[1m 73/133[0m [32m━━━━━━━━━━[0m[37m━━━━━━━━━━[0m [1m3:05[0m 3s/step - auc: 0.7196 - binary_accuracy: 0.6655 - loss: 0.6895
[1m 74/133[0m [32m━━━━━━━━━━━[0m[37m━━━━━━━━━[0m [1m3:03[0m 3s/step - auc: 0.7206 - binary_accuracy: 0.6661 - loss: 0.6882
[1m 75/133[0m [32m━━━━━━━━━━━[0m[37m━━━━━━━━━[0m [1m2:59[0m 3s/step - auc: 0.7216 - binary_accuracy: 0.6667 - loss: 0.6869
[1m 76/133[0m [32m━━━━━━━━━━━[0m[37m━━━━━━━━━[0m [1m2:55[0m 3s/step - auc: 0.7225 - binary_accuracy: 0.6672 - loss: 0.6857
[1m 77/133[0m [32m━━━━━━━━━━━[0m[37m━━━━━━━━━[0m [1m2:53[0m 3s/step - auc: 0.7234 - binary_accuracy: 0.6677 - loss: 0.6844
[1m 78/133[0m [32m━━━━━━━━━━━[0m[37m━━━━━━━━━[0m [1m2:51[0m 3s/step - auc: 0.7243 - binary_accuracy: 0.6682 - loss: 0.6832
[1m 79/133[0m [32m━━━━━━━━━━━[0m[37m━━━━━━━━━[0m [1m2:48[0m 3s/step - auc: 0.7252 - binary_accuracy: 0.6688 - loss: 0.6820
[1m 80/133[0m [32m━━━━━━━━━━━━[0m[37m━━━━━━━━[0m [1m2:45[0m 3s/step - auc: 0.7262 - binary_accuracy: 0.6693 - loss: 0.6807
[1m 81/133[0m [32m━━━━━━━━━━━━[0m[37m━━━━━━━━[0m [1m2:42[0m 3s/step - auc: 0.7271 - binary_accuracy: 0.6698 - loss: 0.6795
[1m 82/133[0m [32m━━━━━━━━━━━━[0m[37m━━━━━━━━[0m [1m2:40[0m 3s/step - auc: 0.7280 - binary_accuracy: 0.6703 - loss: 0.6783
[1m 83/133[0m [32m━━━━━━━━━━━━[0m[37m━━━━━━━━[0m [1m2:37[0m 3s/step - auc: 0.7289 - binary_accuracy: 0.6708 - loss: 0.6771
[1m 84/133[0m [32m━━━━━━━━━━━━[0m[37m━━━━━━━━[0m [1m2:34[0m 3s/step - auc: 0.7298 - binary_accuracy: 0.6714 - loss: 0.6759
[1m 85/133[0m [32m━━━━━━━━━━━━[0m[37m━━━━━━━━[0m [1m2:30[0m 3s/step - auc: 0.7307 - binary_accuracy: 0.6719 - loss: 0.6746
[1m 86/133[0m [32m━━━━━━━━━━━━[0m[37m━━━━━━━━[0m [1m2:28[0m 3s/step - auc: 0.7316 - binary_accuracy: 0.6725 - loss: 0.6734
[1m 87/133[0m [32m━━━━━━━━━━━━━[0m[37m━━━━━━━[0m [1m2:25[0m 3s/step - auc: 0.7325 - binary_accuracy: 0.6731 - loss: 0.6722
[1m 88/133[0m [32m━━━━━━━━━━━━━[0m[37m━━━━━━━[0m [1m2:21[0m 3s/step - auc: 0.7334 - binary_accuracy: 0.6737 - loss: 0.6709
[1m 89/133[0m [32m━━━━━━━━━━━━━[0m[37m━━━━━━━[0m [1m2:18[0m 3s/step - auc: 0.7343 - binary_accuracy: 0.6743 - loss: 0.6697
[1m 90/133[0m [32m━━━━━━━━━━━━━[0m[37m━━━━━━━[0m [1m2:15[0m 3s/step - auc: 0.7352 - binary_accuracy: 0.6749 - loss: 0.6685
[1m 91/133[0m [32m━━━━━━━━━━━━━[0m[37m━━━━━━━[0m [1m2:12[0m 3s/step - auc: 0.7361 - binary_accuracy: 0.6755 - loss: 0.6674
[1m 92/133[0m [32m━━━━━━━━━━━━━[0m[37m━━━━━━━[0m [1m2:09[0m 3s/step - auc: 0.7370 - binary_accuracy: 0.6761 - loss: 0.6662
[1m 93/133[0m [32m━━━━━━━━━━━━━[0m[37m━━━━━━━[0m [1m2:06[0m 3s/step - auc: 0.7378 - binary_accuracy: 0.6767 - loss: 0.6650
[1m 94/133[0m [32m━━━━━━━━━━━━━━[0m[37m━━━━━━[0m [1m2:03[0m 3s/step - auc: 0.7387 - binary_accuracy: 0.6773 - loss: 0.6638
[1m 95/133[0m [32m━━━━━━━━━━━━━━[0m[37m━━━━━━[0m [1m1:59[0m 3s/step - auc: 0.7396 - binary_accuracy: 0.6780 - loss: 0.6626
[1m 96/133[0m [32m━━━━━━━━━━━━━━[0m[37m━━━━━━[0m [1m1:56[0m 3s/step - auc: 0.7404 - binary_accuracy: 0.6786 - loss: 0.6614
[1m 97/133[0m [32m━━━━━━━━━━━━━━[0m[37m━━━━━━[0m [1m1:53[0m 3s/step - auc: 0.7413 - binary_accuracy: 0.6792 - loss: 0.6603
[1m 98/133[0m [32m━━━━━━━━━━━━━━[0m[37m━━━━━━[0m [1m1:50[0m 3s/step - auc: 0.7421 - binary_accuracy: 0.6798 - loss: 0.6592
[1m 99/133[0m [32m━━━━━━━━━━━━━━[0m[37m━━━━━━[0m [1m1:47[0m 3s/step - auc: 0.7430 - binary_accuracy: 0.6804 - loss: 0.6580
[1m100/133[0m [32m━━━━━━━━━━━━━━━[0m[37m━━━━━[0m [1m1:44[0m 3s/step - auc: 0.7438 - binary_accuracy: 0.6811 - loss: 0.6569
[1m101/133[0m [32m━━━━━━━━━━━━━━━[0m[37m━━━━━[0m [1m1:41[0m 3s/step - auc: 0.7446 - binary_accuracy: 0.6817 - loss: 0.6558
[1m102/133[0m [32m━━━━━━━━━━━━━━━[0m[37m━━━━━[0m [1m1:38[0m 3s/step - auc: 0.7454 - binary_accuracy: 0.6823 - loss: 0.6547
[1m103/133[0m [32m━━━━━━━━━━━━━━━[0m[37m━━━━━[0m [1m1:34[0m 3s/step - auc: 0.7462 - binary_accuracy: 0.6829 - loss: 0.6537
[1m104/133[0m [32m━━━━━━━━━━━━━━━[0m[37m━━━━━[0m [1m1:31[0m 3s/step - auc: 0.7470 - binary_accuracy: 0.6835 - loss: 0.6526
[1m105/133[0m [32m━━━━━━━━━━━━━━━[0m[37m━━━━━[0m [1m1:28[0m 3s/step - auc: 0.7478 - binary_accuracy: 0.6841 - loss: 0.6515
[1m106/133[0m [32m━━━━━━━━━━━━━━━[0m[37m━━━━━[0m [1m1:25[0m 3s/step - auc: 0.7486 - binary_accuracy: 0.6847 - loss: 0.6505
[1m107/133[0m [32m━━━━━━━━━━━━━━━━[0m[37m━━━━[0m [1m1:22[0m 3s/step - auc: 0.7493 - binary_accuracy: 0.6853 - loss: 0.6494
[1m108/133[0m [32m━━━━━━━━━━━━━━━━[0m[37m━━━━[0m [1m1:19[0m 3s/step - auc: 0.7501 - binary_accuracy: 0.6859 - loss: 0.6484
[1m109/133[0m [32m━━━━━━━━━━━━━━━━[0m[37m━━━━[0m [1m1:16[0m 3s/step - auc: 0.7509 - binary_accuracy: 0.6865 - loss: 0.6473
[1m110/133[0m [32m━━━━━━━━━━━━━━━━[0m[37m━━━━[0m [1m1:13[0m 3s/step - auc: 0.7517 - binary_accuracy: 0.6871 - loss: 0.6463
[1m111/133[0m [32m━━━━━━━━━━━━━━━━[0m[37m━━━━[0m [1m1:09[0m 3s/step - auc: 0.7524 - binary_accuracy: 0.6877 - loss: 0.6453
[1m112/133[0m [32m━━━━━━━━━━━━━━━━[0m[37m━━━━[0m [1m1:06[0m 3s/step - auc: 0.7532 - binary_accuracy: 0.6882 - loss: 0.6442
[1m113/133[0m [32m━━━━━━━━━━━━━━━━[0m[37m━━━━[0m [1m1:03[0m 3s/step - auc: 0.7539 - binary_accuracy: 0.6888 - loss: 0.6432
[1m114/133[0m [32m━━━━━━━━━━━━━━━━━[0m[37m━━━[0m [1m1:00[0m 3s/step - auc: 0.7547 - binary_accuracy: 0.6894 - loss: 0.6422
[1m115/133[0m [32m━━━━━━━━━━━━━━━━━[0m[37m━━━[0m [1m57s[0m 3s/step - auc: 0.7554 - binary_accuracy: 0.6900 - loss: 0.6411 
[1m116/133[0m [32m━━━━━━━━━━━━━━━━━[0m[37m━━━[0m [1m53s[0m 3s/step - auc: 0.7562 - binary_accuracy: 0.6906 - loss: 0.6401
[1m117/133[0m [32m━━━━━━━━━━━━━━━━━[0m[37m━━━[0m [1m50s[0m 3s/step - auc: 0.7569 - binary_accuracy: 0.6912 - loss: 0.6391
[1m118/133[0m [32m━━━━━━━━━━━━━━━━━[0m[37m━━━[0m [1m47s[0m 3s/step - auc: 0.7576 - binary_accuracy: 0.6917 - loss: 0.6381
[1m119/133[0m [32m━━━━━━━━━━━━━━━━━[0m[37m━━━[0m [1m44s[0m 3s/step - auc: 0.7584 - binary_accuracy: 0.6923 - loss: 0.6371
[1m120/133[0m [32m━━━━━━━━━━━━━━━━━━[0m[37m━━[0m [1m41s[0m 3s/step - auc: 0.7591 - binary_accuracy: 0.6929 - loss: 0.6361
[1m121/133[0m [32m━━━━━━━━━━━━━━━━━━[0m[37m━━[0m [1m37s[0m 3s/step - auc: 0.7598 - binary_accuracy: 0.6935 - loss: 0.6351
[1m122/133[0m [32m━━━━━━━━━━━━━━━━━━[0m[37m━━[0m [1m34s[0m 3s/step - auc: 0.7605 - binary_accuracy: 0.6940 - loss: 0.6341
[1m123/133[0m [32m━━━━━━━━━━━━━━━━━━[0m[37m━━[0m [1m31s[0m 3s/step - auc: 0.7612 - binary_accuracy: 0.6946 - loss: 0.6331
[1m124/133[0m [32m━━━━━━━━━━━━━━━━━━[0m[37m━━[0m [1m28s[0m 3s/step - auc: 0.7619 - binary_accuracy: 0.6952 - loss: 0.6321
[1m125/133[0m [32m━━━━━━━━━━━━━━━━━━[0m[37m━━[0m [1m25s[0m 3s/step - auc: 0.7627 - binary_accuracy: 0.6957 - loss: 0.6311
[1m126/133[0m [32m━━━━━━━━━━━━━━━━━━[0m[37m━━[0m [1m22s[0m 3s/step - auc: 0.7634 - binary_accuracy: 0.6963 - loss: 0.6301
[1m127/133[0m [32m━━━━━━━━━━━━━━━━━━━[0m[37m━[0m [1m19s[0m 3s/step - auc: 0.7641 - binary_accuracy: 0.6968 - loss: 0.6291
[1m128/133[0m [32m━━━━━━━━━━━━━━━━━━━[0m[37m━[0m [1m15s[0m 3s/step - auc: 0.7647 - binary_accuracy: 0.6974 - loss: 0.6282
[1m129/133[0m [32m━━━━━━━━━━━━━━━━━━━[0m[37m━[0m [1m12s[0m 3s/step - auc: 0.7654 - binary_accuracy: 0.6980 - loss: 0.6272
[1m130/133[0m [32m━━━━━━━━━━━━━━━━━━━[0m[37m━[0m [1m9s[0m 3s/step - auc: 0.7661 - binary_accuracy: 0.6985 - loss: 0.6262 
[1m131/133[0m [32m━━━━━━━━━━━━━━━━━━━[0m[37m━[0m [1m6s[0m 3s/step - auc: 0.7668 - binary_accuracy: 0.6991 - loss: 0.6253
[1m132/133[0m [32m━━━━━━━━━━━━━━━━━━━[0m[37m━[0m [1m3s[0m 3s/step - auc: 0.7675 - binary_accuracy: 0.6996 - loss: 0.6243
[1m133/133[0m [32m━━━━━━━━━━━━━━━━━━━━[0m[37m[0m [1m0s[0m 3s/step - auc: 0.7682 - binary_accuracy: 0.7002 - loss: 0.6233transfer final: epoch 1/3 done in 424.1s loss=0.4971 auc=0.8572

[1m133/133[0m [32m━━━━━━━━━━━━━━━━━━━━[0m[37m[0m [1m424s[0m 3s/step - auc: 0.8572 - binary_accuracy: 0.7745 - loss: 0.4971
transfer final: epoch 2/3 start
Epoch 2/3

[1m  1/133[0m [37m━━━━━━━━━━━━━━━━━━━━[0m [1m1:00[0m 456ms/step - auc: 0.8908 - binary_accuracy: 0.8125 - loss: 0.4111
[1m  2/133[0m [37m━━━━━━━━━━━━━━━━━━━━[0m [1m32s[0m 247ms/step - auc: 0.9208 - binary_accuracy: 0.8438 - loss: 0.3547 
[1m  3/133[0m [37m━━━━━━━━━━━━━━━━━━━━[0m [1m32s[0m 250ms/step - auc: 0.9302 - binary_accuracy: 0.8542 - loss: 0.3305
[1m  4/133[0m [37m━━━━━━━━━━━━━━━━━━━━[0m [1m31s[0m 247ms/step - auc: 0.9255 - binary_accuracy: 0.8633 - loss: 0.3333
[1m  5/133[0m [37m━━━━━━━━━━━━━━━━━━━━[0m [1m31s[0m 245ms/step - auc: 0.9237 - binary_accuracy: 0.8681 - loss: 0.3304
[1m  6/133[0m [37m━━━━━━━━━━━━━━━━━━━━[0m [1m31s[0m 245ms/step - auc: 0.9223 - binary_accuracy: 0.8675 - loss: 0.3356
[1m  7/133[0m [32m━[0m[37m━━━━━━━━━━━━━━━━━━━[0m [1m30s[0m 244ms/step - auc: 0.9207 - binary_accuracy: 0.8667 - loss: 0.3427
[1m  8/133[0m [32m━[0m[37m━━━━━━━━━━━━━━━━━━━[0m [1m30s[0m 244ms/step - auc: 0.9207 - binary_accuracy: 0.8653 - loss: 0.3468
[1m  9/133[0m [32m━[0m[37m━━━━━━━━━━━━━━━━━━━[0m [1m30s[0m 244ms/step - auc: 0.9197 - binary_accuracy: 0.8641 - loss: 0.3539
[1m 10/133[0m [32m━[0m[37m━━━━━━━━━━━━━━━━━━━[0m [1m29s[0m 244ms/step - auc: 0.9201 - binary_accuracy: 0.8636 - loss: 0.3586
[1m 11/133[0m [32m━[0m[37m━━━━━━━━━━━━━━━━━━━[0m [1m29s[0m 244ms/step - auc: 0.9209 - binary_accuracy: 0.8623 - loss: 0.3621
[1m 12/133[0m [32m━[0m[37m━━━━━━━━━━━━━━━━━━━[0m [1m29s[0m 243ms/step - auc: 0.9214 - binary_accuracy: 0.8603 - loss: 0.3651
[1m 13/133[0m [32m━[0m[37m━━━━━━━━━━━━━━━━━━━[0m [1m29s[0m 243ms/step - auc: 0.9218 - binary_accuracy: 0.8572 - loss: 0.3681
[1m 14/133[0m [32m━━[0m[37m━━━━━━━━━━━━━━━━━━[0m [1m28s[0m 243ms/step - auc: 0.9223 - binary_accuracy: 0.8545 - loss: 0.3706
[1m 15/133[0m [32m━━[0m[37m━━━━━━━━━━━━━━━━━━[0m [1m28s[0m 244ms/step - auc: 0.9228 - binary_accuracy: 0.8515 - loss: 0.3726
[1m 16/133[0m [32m━━[0m[37m━━━━━━━━━━━━━━━━━━[0m [1m28s[0m 244ms/step - auc: 0.9232 - binary_accuracy: 0.8490 - loss: 0.3742
[1m 17/133[0m [32m━━[0m[37m━━━━━━━━━━━━━━━━━━[0m [1m28s[0m 244ms/step - auc: 0.9240 - binary_accuracy: 0.8470 - loss: 0.3751
[1m 18/133[0m [32m━━[0m[37m━━━━━━━━━━━━━━━━━━[0m [1m28s[0m 245ms/step - auc: 0.9250 - binary_accuracy: 0.8455 - loss: 0.3755
[1m 19/133[0m [32m━━[0m[37m━━━━━━━━━━━━━━━━━━[0m [1m28s[0m 246ms/step - auc: 0.9258 - binary_accuracy: 0.8444 - loss: 0.3761
[1m 20/133[0m [32m━━━[0m[37m━━━━━━━━━━━━━━━━━[0m [1m27s[0m 246ms/step - auc: 0.9265 - binary_accuracy: 0.8435 - loss: 0.3767
[1m 21/133[0m [32m━━━[0m[37m━━━━━━━━━━━━━━━━━[0m [1m27s[0m 246ms/step - auc: 0.9273 - binary_accuracy: 0.8427 - loss: 0.3768
[1m 22/133[0m [32m━━━[0m[37m━━━━━━━━━━━━━━━━━[0m [1m27s[0m 246ms/step - auc: 0.9279 - binary_accuracy: 0.8419 - loss: 0.3772
[1m 23/133[0m [32m━━━[0m[37m━━━━━━━━━━━━━━━━━[0m [1m27s[0m 246ms/step - auc: 0.9284 - binary_accuracy: 0.8413 - loss: 0.3776
[1m 24/133[0m [32m━━━[0m[37m━━━━━━━━━━━━━━━━━[0m [1m26s[0m 246ms/step - auc: 0.9288 - binary_accuracy: 0.8408 - loss: 0.3783
[1m 25/133[0m [32m━━━[0m[37m━━━━━━━━━━━━━━━━━[0m [1m26s[0m 246ms/step - auc: 0.9292 - binary_accuracy: 0.8401 - loss: 0.3790
[1m 26/133[0m [32m━━━[0m[37m━━━━━━━━━━━━━━━━━[0m [1m26s[0m 246ms/step - auc: 0.9293 - binary_accuracy: 0.8393 - loss: 0.3803
[1m 27/133[0m [32m━━━━[0m[37m━━━━━━━━━━━━━━━━[0m [1m26s[0m 246ms/step - auc: 0.9295 - binary_accuracy: 0.8386 - loss: 0.3814
[1m 28/133[0m [32m━━━━[0m[37m━━━━━━━━━━━━━━━━[0m [1m25s[0m 246ms/step - auc: 0.9297 - binary_accuracy: 0.8379 - loss: 0.3822
[1m 29/133[0m [32m━━━━[0m[37m━━━━━━━━━━━━━━━━[0m [1m25s[0m 246ms/step - auc: 0.9299 - binary_accuracy: 0.8372 - loss: 0.3830
[1m 30/133[0m [32m━━━━[0m[37m━━━━━━━━━━━━━━━━[0m [1m25s[0m 246ms/step - auc: 0.9301 - binary_accuracy: 0.8367 - loss: 0.3836
[1m 31/133[0m [32m━━━━[0m[37m━━━━━━━━━━━━━━━━[0m [1m25s[0m 246ms/step - auc: 0.9304 - binary_accuracy: 0.8363 - loss: 0.3840
[1m 32/133[0m [32m━━━━[0m[37m━━━━━━━━━━━━━━━━[0m [1m24s[0m 246ms/step - auc: 0.9307 - binary_accuracy: 0.8359 - loss: 0.3843
[1m 33/133[0m [32m━━━━[0m[37m━━━━━━━━━━━━━━━━[0m [1m24s[0m 247ms/step - auc: 0.9309 - binary_accuracy: 0.8356 - loss: 0.3845
[1m 34/133[0m [32m━━━━━[0m[37m━━━━━━━━━━━━━━━[0m [1m24s[0m 247ms/step - auc: 0.9312 - binary_accuracy: 0.8354 - loss: 0.3846
[1m 35/133[0m [32m━━━━━[0m[37m━━━━━━━━━━━━━━━[0m [1m24s[0m 247ms/step - auc: 0.9315 - binary_accuracy: 0.8352 - loss: 0.3847
[1m 36/133[0m [32m━━━━━[0m[37m━━━━━━━━━━━━━━━[0m [1m23s[0m 247ms/step - auc: 0.9317 - binary_accuracy: 0.8351 - loss: 0.3847
[1m 37/133[0m [32m━━━━━[0m[37m━━━━━━━━━━━━━━━[0m [1m23s[0m 247ms/step - auc: 0.9319 - binary_accuracy: 0.8351 - loss: 0.3847
[1m 38/133[0m [32m━━━━━[0m[37m━━━━━━━━━━━━━━━[0m [1m23s[0m 247ms/step - auc: 0.9321 - binary_accuracy: 0.8351 - loss: 0.3848
[1m 39/133[0m [32m━━━━━[0m[37m━━━━━━━━━━━━━━━[0m [1m23s[0m 247ms/step - auc: 0.9323 - binary_accuracy: 0.8352 - loss: 0.3848
[1m 40/133[0m [32m━━━━━━[0m[37m━━━━━━━━━━━━━━[0m [1m22s[0m 247ms/step - auc: 0.9325 - binary_accuracy: 0.8353 - loss: 0.3846
[1m 41/133[0m [32m━━━━━━[0m[37m━━━━━━━━━━━━━━[0m [1m22s[0m 247ms/step - auc: 0.9327 - binary_accuracy: 0.8355 - loss: 0.3844
[1m 42/133[0m [32m━━━━━━[0m[37m━━━━━━━━━━━━━━[0m [1m22s[0m 247ms/step - auc: 0.9329 - binary_accuracy: 0.8357 - loss: 0.3843
[1m 43/133[0m [32m━━━━━━[0m[37m━━━━━━━━━━━━━━[0m [1m22s[0m 247ms/step - auc: 0.9332 - binary_accuracy: 0.8360 - loss: 0.3840
[1m 44/133[0m [32m━━━━━━[0m[37m━━━━━━━━━━━━━━[0m [1m21s[0m 247ms/step - auc: 0.9334 - binary_accuracy: 0.8362 - loss: 0.3837
[1m 45/133[0m [32m━━━━━━[0m[37m━━━━━━━━━━━━━━[0m [1m21s[0m 247ms/step - auc: 0.9337 - binary_accuracy: 0.8366 - loss: 0.3833
[1m 46/133[0m [32m━━━━━━[0m[37m━━━━━━━━━━━━━━[0m [1m21s[0m 247ms/step - auc: 0.9339 - binary_accuracy: 0.8369 - loss: 0.3829
[1m 47/133[0m [32m━━━━━━━[0m[37m━━━━━━━━━━━━━[0m [1m21s[0m 247ms/step - auc: 0.9342 - binary_accuracy: 0.8371 - loss: 0.3826
[1m 48/133[0m [32m━━━━━━━[0m[37m━━━━━━━━━━━━━[0m [1m21s[0m 247ms/step - auc: 0.9344 - binary_accuracy: 0.8374 - loss: 0.3823
[1m 49/133[0m [32m━━━━━━━[0m[37m━━━━━━━━━━━━━[0m [1m20s[0m 247ms/step - auc: 0.9346 - binary_accuracy: 0.8378 - loss: 0.3820
[1m 50/133[0m [32m━━━━━━━[0m[37m━━━━━━━━━━━━━[0m [1m20s[0m 248ms/step - auc: 0.9347 - binary_accuracy: 0.8380 - loss: 0.3818
[1m 51/133[0m [32m━━━━━━━[0m[37m━━━━━━━━━━━━━[0m [1m20s[0m 248ms/step - auc: 0.9349 - binary_accuracy: 0.8382 - loss: 0.3815
[1m 52/133[0m [32m━━━━━━━[0m[37m━━━━━━━━━━━━━[0m [1m20s[0m 248ms/step - auc: 0.9350 - binary_accuracy: 0.8385 - loss: 0.3812
[1m 53/133[0m [32m━━━━━━━[0m[37m━━━━━━━━━━━━━[0m [1m19s[0m 248ms/step - auc: 0.9352 - binary_accuracy: 0.8387 - loss: 0.3809
[1m 54/133[0m [32m━━━━━━━━[0m[37m━━━━━━━━━━━━[0m [1m19s[0m 248ms/step - auc: 0.9353 - binary_accuracy: 0.8389 - loss: 0.3806
[1m 55/133[0m [32m━━━━━━━━[0m[37m━━━━━━━━━━━━[0m [1m19s[0m 248ms/step - auc: 0.9355 - binary_accuracy: 0.8391 - loss: 0.3802
[1m 56/133[0m [32m━━━━━━━━[0m[37m━━━━━━━━━━━━[0m [1m19s[0m 248ms/step - auc: 0.9356 - binary_accuracy: 0.8393 - loss: 0.3799
[1m 57/133[0m [32m━━━━━━━━[0m[37m━━━━━━━━━━━━[0m [1m18s[0m 248ms/step - auc: 0.9358 - binary_accuracy: 0.8395 - loss: 0.3795
[1m 58/133[0m [32m━━━━━━━━[0m[37m━━━━━━━━━━━━[0m [1m18s[0m 248ms/step - auc: 0.9359 - binary_accuracy: 0.8397 - loss: 0.3791
[1m 59/133[0m [32m━━━━━━━━[0m[37m━━━━━━━━━━━━[0m [1m18s[0m 248ms/step - auc: 0.9360 - binary_accuracy: 0.8399 - loss: 0.3787
[1m 60/133[0m [32m━━━━━━━━━[0m[37m━━━━━━━━━━━[0m [1m18s[0m 248ms/step - auc: 0.9362 - binary_accuracy: 0.8402 - loss: 0.3782
[1m 61/133[0m [32m━━━━━━━━━[0m[37m━━━━━━━━━━━[0m [1m17s[0m 248ms/step - auc: 0.9364 - binary_accuracy: 0.8404 - loss: 0.3777
[1m 62/133[0m [32m━━━━━━━━━[0m[37m━━━━━━━━━━━[0m [1m17s[0m 248ms/step - auc: 0.9365 - binary_accuracy: 0.8407 - loss: 0.3772
[1m 63/133[0m [32m━━━━━━━━━[0m[37m━━━━━━━━━━━[0m [1m17s[0m 248ms/step - auc: 0.9367 - binary_accuracy: 0.8410 - loss: 0.3767
[1m 64/133[0m [32m━━━━━━━━━[0m[37m━━━━━━━━━━━[0m [1m17s[0m 248ms/step - auc: 0.9369 - binary_accuracy: 0.8413 - loss: 0.3762
[1m 65/133[0m [32m━━━━━━━━━[0m[37m━━━━━━━━━━━[0m [1m16s[0m 248ms/step - auc: 0.9370 - binary_accuracy: 0.8416 - loss: 0.3758
[1m 66/133[0m [32m━━━━━━━━━[0m[37m━━━━━━━━━━━[0m [1m16s[0m 249ms/step - auc: 0.9371 - binary_accuracy: 0.8419 - loss: 0.3754
[1m 67/133[0m [32m━━━━━━━━━━[0m[37m━━━━━━━━━━[0m [1m16s[0m 249ms/step - auc: 0.9373 - binary_accuracy: 0.8422 - loss: 0.3751
[1m 68/133[0m [32m━━━━━━━━━━[0m[37m━━━━━━━━━━[0m [1m16s[0m 249ms/step - auc: 0.9374 - binary_accuracy: 0.8424 - loss: 0.3748
[1m 69/133[0m [32m━━━━━━━━━━[0m[37m━━━━━━━━━━[0m [1m15s[0m 250ms/step - auc: 0.9375 - binary_accuracy: 0.8427 - loss: 0.3744
[1m 70/133[0m [32m━━━━━━━━━━[0m[37m━━━━━━━━━━[0m [1m15s[0m 250ms/step - auc: 0.9376 - binary_accuracy: 0.8429 - loss: 0.3742
[1m 71/133[0m [32m━━━━━━━━━━[0m[37m━━━━━━━━━━[0m [1m15s[0m 250ms/step - auc: 0.9377 - binary_accuracy: 0.8430 - loss: 0.3739
[1m 72/133[0m [32m━━━━━━━━━━[0m[37m━━━━━━━━━━[0m [1m15s[0m 250ms/step - auc: 0.9378 - binary_accuracy: 0.8432 - loss: 0.3737
[1m 73/133[0m [32m━━━━━━━━━━[0m[37m━━━━━━━━━━[0m [1m14s[0m 250ms/step - auc: 0.9379 - binary_accuracy: 0.8433 - loss: 0.3735
[1m 74/133[0m [32m━━━━━━━━━━━[0m[37m━━━━━━━━━[0m [1m14s[0m 250ms/step - auc: 0.9379 - binary_accuracy: 0.8434 - loss: 0.3733
[1m 75/133[0m [32m━━━━━━━━━━━[0m[37m━━━━━━━━━[0m [1m14s[0m 250ms/step - auc: 0.9379 - binary_accuracy: 0.8434 - loss: 0.3732
[1m 76/133[0m [32m━━━━━━━━━━━[0m[37m━━━━━━━━━[0m [1m14s[0m 250ms/step - auc: 0.9380 - binary_accuracy: 0.8435 - loss: 0.3730
[1m 77/133[0m [32m━━━━━━━━━━━[0m[37m━━━━━━━━━[0m [1m14s[0m 250ms/step - auc: 0.9380 - binary_accuracy: 0.8435 - loss: 0.3729
[1m 78/133[0m [32m━━━━━━━━━━━[0m[37m━━━━━━━━━[0m [1m13s[0m 250ms/step - auc: 0.9380 - binary_accuracy: 0.8436 - loss: 0.3728
[1m 79/133[0m [32m━━━━━━━━━━━[0m[37m━━━━━━━━━[0m [1m13s[0m 250ms/step - auc: 0.9381 - binary_accuracy: 0.8436 - loss: 0.3726
[1m 80/133[0m [32m━━━━━━━━━━━━[0m[37m━━━━━━━━[0m [1m13s[0m 250ms/step - auc: 0.9381 - binary_accuracy: 0.8437 - loss: 0.3725
[1m 81/133[0m [32m━━━━━━━━━━━━[0m[37m━━━━━━━━[0m [1m13s[0m 250ms/step - auc: 0.9382 - binary_accuracy: 0.8437 - loss: 0.3723
[1m 82/133[0m [32m━━━━━━━━━━━━[0m[37m━━━━━━━━[0m [1m12s[0m 250ms/step - auc: 0.9382 - binary_accuracy: 0.8438 - loss: 0.3722
[1m 83/133[0m [32m━━━━━━━━━━━━[0m[37m━━━━━━━━[0m [1m12s[0m 250ms/step - auc: 0.9382 - binary_accuracy: 0.8439 - loss: 0.3720
[1m 84/133[0m [32m━━━━━━━━━━━━[0m[37m━━━━━━━━[0m [1m12s[0m 251ms/step - auc: 0.9383 - binary_accuracy: 0.8440 - loss: 0.3719
[1m 85/133[0m [32m━━━━━━━━━━━━[0m[37m━━━━━━━━[0m [1m12s[0m 251ms/step - auc: 0.9383 - binary_accuracy: 0.8440 - loss: 0.3717
[1m 86/133[0m [32m━━━━━━━━━━━━[0m[37m━━━━━━━━[0m [1m11s[0m 251ms/step - auc: 0.9384 - binary_accuracy: 0.8441 - loss: 0.3715
[1m 87/133[0m [32m━━━━━━━━━━━━━[0m[37m━━━━━━━[0m [1m11s[0m 251ms/step - auc: 0.9384 - binary_accuracy: 0.8442 - loss: 0.3713
[1m 88/133[0m [32m━━━━━━━━━━━━━[0m[37m━━━━━━━[0m [1m11s[0m 251ms/step - auc: 0.9385 - binary_accuracy: 0.8443 - loss: 0.3712
[1m 89/133[0m [32m━━━━━━━━━━━━━[0m[37m━━━━━━━[0m [1m11s[0m 251ms/step - auc: 0.9386 - binary_accuracy: 0.8444 - loss: 0.3709
[1m 90/133[0m [32m━━━━━━━━━━━━━[0m[37m━━━━━━━[0m [1m10s[0m 251ms/step - auc: 0.9386 - binary_accuracy: 0.8445 - loss: 0.3708
[1m 91/133[0m [32m━━━━━━━━━━━━━[0m[37m━━━━━━━[0m [1m10s[0m 251ms/step - auc: 0.9387 - binary_accuracy: 0.8446 - loss: 0.3707
[1m 92/133[0m [32m━━━━━━━━━━━━━[0m[37m━━━━━━━[0m [1m10s[0m 251ms/step - auc: 0.9387 - binary_accuracy: 0.8447 - loss: 0.3705
[1m 93/133[0m [32m━━━━━━━━━━━━━[0m[37m━━━━━━━[0m [1m10s[0m 251ms/step - auc: 0.9388 - binary_accuracy: 0.8448 - loss: 0.3703
[1m 94/133[0m [32m━━━━━━━━━━━━━━[0m[37m━━━━━━[0m [1m9s[0m 251ms/step - auc: 0.9388 - binary_accuracy: 0.8449 - loss: 0.3701 
[1m 95/133[0m [32m━━━━━━━━━━━━━━[0m[37m━━━━━━[0m [1m9s[0m 251ms/step - auc: 0.9389 - binary_accuracy: 0.8450 - loss: 0.3699
[1m 96/133[0m [32m━━━━━━━━━━━━━━[0m[37m━━━━━━[0m [1m9s[0m 251ms/step - auc: 0.9389 - binary_accuracy: 0.8452 - loss: 0.3698
[1m 97/133[0m [32m━━━━━━━━━━━━━━[0m[37m━━━━━━[0m [1m9s[0m 252ms/step - auc: 0.9390 - binary_accuracy: 0.8453 - loss: 0.3696
[1m 98/133[0m [32m━━━━━━━━━━━━━━[0m[37m━━━━━━[0m [1m8s[0m 252ms/step - auc: 0.9390 - binary_accuracy: 0.8454 - loss: 0.3695
[1m 99/133[0m [32m━━━━━━━━━━━━━━[0m[37m━━━━━━[0m [1m8s[0m 252ms/step - auc: 0.9391 - binary_accuracy: 0.8455 - loss: 0.3693
[1m100/133[0m [32m━━━━━━━━━━━━━━━[0m[37m━━━━━[0m [1m8s[0m 252ms/step - auc: 0.9391 - binary_accuracy: 0.8457 - loss: 0.3692
[1m101/133[0m [32m━━━━━━━━━━━━━━━[0m[37m━━━━━[0m [1m8s[0m 252ms/step - auc: 0.9391 - binary_accuracy: 0.8458 - loss: 0.3690
[1m102/133[0m [32m━━━━━━━━━━━━━━━[0m[37m━━━━━[0m [1m7s[0m 252ms/step - auc: 0.9392 - binary_accuracy: 0.8459 - loss: 0.3689
[1m103/133[0m [32m━━━━━━━━━━━━━━━[0m[37m━━━━━[0m [1m7s[0m 252ms/step - auc: 0.9392 - binary_accuracy: 0.8460 - loss: 0.3688
[1m104/133[0m [32m━━━━━━━━━━━━━━━[0m[37m━━━━━[0m [1m7s[0m 252ms/step - auc: 0.9393 - binary_accuracy: 0.8461 - loss: 0.3686
[1m105/133[0m [32m━━━━━━━━━━━━━━━[0m[37m━━━━━[0m [1m7s[0m 252ms/step - auc: 0.9393 - binary_accuracy: 0.8462 - loss: 0.3685
[1m106/133[0m [32m━━━━━━━━━━━━━━━[0m[37m━━━━━[0m [1m6s[0m 252ms/step - auc: 0.9393 - binary_accuracy: 0.8463 - loss: 0.3683
[1m107/133[0m [32m━━━━━━━━━━━━━━━━[0m[37m━━━━[0m [1m6s[0m 252ms/step - auc: 0.9394 - binary_accuracy: 0.8464 - loss: 0.3682
[1m108/133[0m [32m━━━━━━━━━━━━━━━━[0m[37m━━━━[0m [1m6s[0m 252ms/step - auc: 0.9394 - binary_accuracy: 0.8464 - loss: 0.3681
[1m109/133[0m [32m━━━━━━━━━━━━━━━━[0m[37m━━━━[0m [1m6s[0m 252ms/step - auc: 0.9394 - binary_accuracy: 0.8465 - loss: 0.3680
[1m110/133[0m [32m━━━━━━━━━━━━━━━━[0m[37m━━━━[0m [1m5s[0m 252ms/step - auc: 0.9395 - binary_accuracy: 0.8466 - loss: 0.3678
[1m111/133[0m [32m━━━━━━━━━━━━━━━━[0m[37m━━━━[0m [1m5s[0m 252ms/step - auc: 0.9395 - binary_accuracy: 0.8467 - loss: 0.3677
[1m112/133[0m [32m━━━━━━━━━━━━━━━━[0m[37m━━━━[0m [1m5s[0m 252ms/step - auc: 0.9396 - binary_accuracy: 0.8468 - loss: 0.3676
[1m113/133[0m [32m━━━━━━━━━━━━━━━━[0m[37m━━━━[0m [1m5s[0m 252ms/step - auc: 0.9396 - binary_accuracy: 0.8469 - loss: 0.3674
[1m114/133[0m [32m━━━━━━━━━━━━━━━━━[0m[37m━━━[0m [1m4s[0m 252ms/step - auc: 0.9397 - binary_accuracy: 0.8470 - loss: 0.3672
[1m115/133[0m [32m━━━━━━━━━━━━━━━━━[0m[37m━━━[0m [1m4s[0m 252ms/step - auc: 0.9397 - binary_accuracy: 0.8471 - loss: 0.3671
[1m116/133[0m [32m━━━━━━━━━━━━━━━━━[0m[37m━━━[0m [1m4s[0m 252ms/step - auc: 0.9398 - binary_accuracy: 0.8472 - loss: 0.3669
[1m117/133[0m [32m━━━━━━━━━━━━━━━━━[0m[37m━━━[0m [1m4s[0m 252ms/step - auc: 0.9398 - binary_accuracy: 0.8473 - loss: 0.3667
[1m118/133[0m [32m━━━━━━━━━━━━━━━━━[0m[37m━━━[0m [1m3s[0m 252ms/step - auc: 0.9399 - binary_accuracy: 0.8474 - loss: 0.3665
[1m119/133[0m [32m━━━━━━━━━━━━━━━━━[0m[37m━━━[0m [1m3s[0m 252ms/step - auc: 0.9399 - binary_accuracy: 0.8476 - loss: 0.3664
[1m120/133[0m [32m━━━━━━━━━━━━━━━━━━[0m[37m━━[0m [1m3s[0m 252ms/step - auc: 0.9400 - binary_accuracy: 0.8477 - loss: 0.3662
[1m121/133[0m [32m━━━━━━━━━━━━━━━━━━[0m[37m━━[0m [1m3s[0m 252ms/step - auc: 0.9400 - binary_accuracy: 0.8478 - loss: 0.3660
[1m122/133[0m [32m━━━━━━━━━━━━━━━━━━[0m[37m━━[0m [1m2s[0m 252ms/step - auc: 0.9401 - binary_accuracy: 0.8479 - loss: 0.3658
[1m123/133[0m [32m━━━━━━━━━━━━━━━━━━[0m[37m━━[0m [1m2s[0m 252ms/step - auc: 0.9402 - binary_accuracy: 0.8481 - loss: 0.3656
[1m124/133[0m [32m━━━━━━━━━━━━━━━━━━[0m[37m━━[0m [1m2s[0m 252ms/step - auc: 0.9402 - binary_accuracy: 0.8482 - loss: 0.3654
[1m125/133[0m [32m━━━━━━━━━━━━━━━━━━[0m[37m━━[0m [1m2s[0m 252ms/step - auc: 0.9403 - binary_accuracy: 0.8483 - loss: 0.3652
[1m126/133[0m [32m━━━━━━━━━━━━━━━━━━[0m[37m━━[0m [1m1s[0m 252ms/step - auc: 0.9404 - binary_accuracy: 0.8485 - loss: 0.3650
[1m127/133[0m [32m━━━━━━━━━━━━━━━━━━━[0m[37m━[0m [1m1s[0m 252ms/step - auc: 0.9404 - binary_accuracy: 0.8486 - loss: 0.3648
[1m128/133[0m [32m━━━━━━━━━━━━━━━━━━━[0m[37m━[0m [1m1s[0m 252ms/step - auc: 0.9405 - binary_accuracy: 0.8487 - loss: 0.3646
[1m129/133[0m [32m━━━━━━━━━━━━━━━━━━━[0m[37m━[0m [1m1s[0m 252ms/step - auc: 0.9406 - binary_accuracy: 0.8488 - loss: 0.3644
[1m130/133[0m [32m━━━━━━━━━━━━━━━━━━━[0m[37m━[0m [1m0s[0m 252ms/step - auc: 0.9406 - binary_accuracy: 0.8490 - loss: 0.3642
[1m131/133[0m [32m━━━━━━━━━━━━━━━━━━━[0m[37m━[0m [1m0s[0m 252ms/step - auc: 0.9407 - binary_accuracy: 0.8491 - loss: 0.3640
[1m132/133[0m [32m━━━━━━━━━━━━━━━━━━━[0m[37m━[0m [1m0s[0m 252ms/step - auc: 0.9408 - binary_accuracy: 0.8493 - loss: 0.3638
[1m133/133[0m [32m━━━━━━━━━━━━━━━━━━━━[0m[37m[0m [1m0s[0m 251ms/step - auc: 0.9408 - binary_accuracy: 0.8494 - loss: 0.3636transfer final: epoch 2/3 done in 33.6s loss=0.3376 auc=0.9493

[1m133/133[0m [32m━━━━━━━━━━━━━━━━━━━━[0m[37m[0m [1m34s[0m 251ms/step - auc: 0.9493 - binary_accuracy: 0.8676 - loss: 0.3376
transfer final: epoch 3/3 start
Epoch 3/3

[1m  1/133[0m [37m━━━━━━━━━━━━━━━━━━━━[0m [1m59s[0m 452ms/step - auc: 0.9080 - binary_accuracy: 0.7500 - loss: 0.4531
[1m  2/133[0m [37m━━━━━━━━━━━━━━━━━━━━[0m [1m32s[0m 249ms/step - auc: 0.9235 - binary_accuracy: 0.7969 - loss: 0.3946
[1m  3/133[0m [37m━━━━━━━━━━━━━━━━━━━━[0m [1m32s[0m 250ms/step - auc: 0.9274 - binary_accuracy: 0.8090 - loss: 0.3656
[1m  4/133[0m [37m━━━━━━━━━━━━━━━━━━━━[0m [1m32s[0m 250ms/step - auc: 0.9252 - binary_accuracy: 0.8177 - loss: 0.3586
[1m  5/133[0m [37m━━━━━━━━━━━━━━━━━━━━[0m [1m31s[0m 250ms/step - auc: 0.9240 - binary_accuracy: 0.8217 - loss: 0.3518
[1m  6/133[0m [37m━━━━━━━━━━━━━━━━━━━━[0m [1m31s[0m 249ms/step - auc: 0.9258 - binary_accuracy: 0.8253 - loss: 0.3479
[1m  7/133[0m [32m━[0m[37m━━━━━━━━━━━━━━━━━━━[0m [1m31s[0m 249ms/step - auc: 0.9279 - binary_accuracy: 0.8293 - loss: 0.3453
[1m  8/133[0m [32m━[0m[37m━━━━━━━━━━━━━━━━━━━[0m [1m31s[0m 249ms/step - auc: 0.9306 - binary_accuracy: 0.8311 - loss: 0.3425
[1m  9/133[0m [32m━[0m[37m━━━━━━━━━━━━━━━━━━━[0m [1m30s[0m 249ms/step - auc: 0.9314 - binary_accuracy: 0.8325 - loss: 0.3445
[1m 10/133[0m [32m━[0m[37m━━━━━━━━━━━━━━━━━━━[0m [1m30s[0m 249ms/step - auc: 0.9327 - binary_accuracy: 0.8342 - loss: 0.3458
[1m 11/133[0m [32m━[0m[37m━━━━━━━━━━━━━━━━━━━[0m [1m30s[0m 249ms/step - auc: 0.9346 - binary_accuracy: 0.8364 - loss: 0.3457
[1m 12/133[0m [32m━[0m[37m━━━━━━━━━━━━━━━━━━━[0m [1m30s[0m 249ms/step - auc: 0.9363 - binary_accuracy: 0.8387 - loss: 0.3451
[1m 13/133[0m [32m━[0m[37m━━━━━━━━━━━━━━━━━━━[0m [1m29s[0m 249ms/step - auc: 0.9378 - binary_accuracy: 0.8402 - loss: 0.3446
[1m 14/133[0m [32m━━[0m[37m━━━━━━━━━━━━━━━━━━[0m [1m29s[0m 250ms/step - auc: 0.9388 - binary_accuracy: 0.8411 - loss: 0.3453
[1m 15/133[0m [32m━━[0m[37m━━━━━━━━━━━━━━━━━━[0m [1m29s[0m 250ms/step - auc: 0.9396 - binary_accuracy: 0.8416 - loss: 0.3457
[1m 16/133[0m [32m━━[0m[37m━━━━━━━━━━━━━━━━━━[0m [1m29s[0m 250ms/step - auc: 0.9402 - binary_accuracy: 0.8421 - loss: 0.3459
[1m 17/133[0m [32m━━[0m[37m━━━━━━━━━━━━━━━━━━[0m [1m29s[0m 251ms/step - auc: 0.9411 - binary_accuracy: 0.8427 - loss: 0.3460
[1m 18/133[0m [32m━━[0m[37m━━━━━━━━━━━━━━━━━━[0m [1m28s[0m 251ms/step - auc: 0.9419 - binary_accuracy: 0.8435 - loss: 0.3457
[1m 19/133[0m [32m━━[0m[37m━━━━━━━━━━━━━━━━━━[0m [1m28s[0m 251ms/step - auc: 0.9429 - binary_accuracy: 0.8445 - loss: 0.3452
[1m 20/133[0m [32m━━━[0m[37m━━━━━━━━━━━━━━━━━[0m [1m28s[0m 251ms/step - auc: 0.9437 - binary_accuracy: 0.8455 - loss: 0.3451
[1m 21/133[0m [32m━━━[0m[37m━━━━━━━━━━━━━━━━━[0m [1m28s[0m 251ms/step - auc: 0.9444 - binary_accuracy: 0.8462 - loss: 0.3447
[1m 22/133[0m [32m━━━[0m[37m━━━━━━━━━━━━━━━━━[0m [1m27s[0m 252ms/step - auc: 0.9450 - binary_accuracy: 0.8468 - loss: 0.3444
[1m 23/133[0m [32m━━━[0m[37m━━━━━━━━━━━━━━━━━[0m [1m27s[0m 252ms/step - auc: 0.9456 - binary_accuracy: 0.8473 - loss: 0.3441
[1m 24/133[0m [32m━━━[0m[37m━━━━━━━━━━━━━━━━━[0m [1m27s[0m 252ms/step - auc: 0.9461 - binary_accuracy: 0.8478 - loss: 0.3442
[1m 25/133[0m [32m━━━[0m[37m━━━━━━━━━━━━━━━━━[0m [1m27s[0m 252ms/step - auc: 0.9466 - binary_accuracy: 0.8480 - loss: 0.3443
[1m 26/133[0m [32m━━━[0m[37m━━━━━━━━━━━━━━━━━[0m [1m26s[0m 252ms/step - auc: 0.9467 - binary_accuracy: 0.8482 - loss: 0.3454
[1m 27/133[0m [32m━━━━[0m[37m━━━━━━━━━━━━━━━━[0m [1m26s[0m 252ms/step - auc: 0.9468 - binary_accuracy: 0.8482 - loss: 0.3462
[1m 28/133[0m [32m━━━━[0m[37m━━━━━━━━━━━━━━━━[0m [1m26s[0m 253ms/step - auc: 0.9470 - binary_accuracy: 0.8484 - loss: 0.3468
[1m 29/133[0m [32m━━━━[0m[37m━━━━━━━━━━━━━━━━[0m [1m26s[0m 253ms/step - auc: 0.9472 - binary_accuracy: 0.8485 - loss: 0.3474
[1m 30/133[0m [32m━━━━[0m[37m━━━━━━━━━━━━━━━━[0m [1m26s[0m 253ms/step - auc: 0.9473 - binary_accuracy: 0.8486 - loss: 0.3480
[1m 31/133[0m [32m━━━━[0m[37m━━━━━━━━━━━━━━━━[0m [1m25s[0m 253ms/step - auc: 0.9475 - binary_accuracy: 0.8488 - loss: 0.3484
[1m 32/133[0m [32m━━━━[0m[37m━━━━━━━━━━━━━━━━[0m [1m25s[0m 253ms/step - auc: 0.9476 - binary_accuracy: 0.8489 - loss: 0.3488
[1m 33/133[0m [32m━━━━[0m[37m━━━━━━━━━━━━━━━━[0m [1m25s[0m 253ms/step - auc: 0.9477 - binary_accuracy: 0.8491 - loss: 0.3491
[1m 34/133[0m [32m━━━━━[0m[37m━━━━━━━━━━━━━━━[0m [1m25s[0m 253ms/step - auc: 0.9478 - binary_accuracy: 0.8492 - loss: 0.3494
[1m 35/133[0m [32m━━━━━[0m[37m━━━━━━━━━━━━━━━[0m [1m24s[0m 253ms/step - auc: 0.9479 - binary_accuracy: 0.8493 - loss: 0.3497
[1m 36/133[0m [32m━━━━━[0m[37m━━━━━━━━━━━━━━━[0m [1m24s[0m 253ms/step - auc: 0.9480 - binary_accuracy: 0.8494 - loss: 0.3499
[1m 37/133[0m [32m━━━━━[0m[37m━━━━━━━━━━━━━━━[0m [1m24s[0m 253ms/step - auc: 0.9482 - binary_accuracy: 0.8497 - loss: 0.3499
[1m 38/133[0m [32m━━━━━[0m[37m━━━━━━━━━━━━━━━[0m [1m24s[0m 253ms/step - auc: 0.9483 - binary_accuracy: 0.8500 - loss: 0.3499
[1m 39/133[0m [32m━━━━━[0m[37m━━━━━━━━━━━━━━━[0m [1m23s[0m 253ms/step - auc: 0.9485 - binary_accuracy: 0.8503 - loss: 0.3498
[1m 40/133[0m [32m━━━━━━[0m[37m━━━━━━━━━━━━━━[0m [1m23s[0m 253ms/step - auc: 0.9487 - binary_accuracy: 0.8507 - loss: 0.3496
[1m 41/133[0m [32m━━━━━━[0m[37m━━━━━━━━━━━━━━[0m [1m23s[0m 253ms/step - auc: 0.9489 - binary_accuracy: 0.8511 - loss: 0.3493
[1m 42/133[0m [32m━━━━━━[0m[37m━━━━━━━━━━━━━━[0m [1m23s[0m 253ms/step - auc: 0.9491 - binary_accuracy: 0.8515 - loss: 0.3490
[1m 43/133[0m [32m━━━━━━[0m[37m━━━━━━━━━━━━━━[0m [1m22s[0m 253ms/step - auc: 0.9493 - binary_accuracy: 0.8518 - loss: 0.3487
[1m 44/133[0m [32m━━━━━━[0m[37m━━━━━━━━━━━━━━[0m [1m22s[0m 253ms/step - auc: 0.9495 - binary_accuracy: 0.8523 - loss: 0.3483
[1m 45/133[0m [32m━━━━━━[0m[37m━━━━━━━━━━━━━━[0m [1m22s[0m 253ms/step - auc: 0.9497 - binary_accuracy: 0.8527 - loss: 0.3478
[1m 46/133[0m [32m━━━━━━[0m[37m━━━━━━━━━━━━━━[0m [1m22s[0m 253ms/step - auc: 0.9499 - binary_accuracy: 0.8531 - loss: 0.3476
[1m 47/133[0m [32m━━━━━━━[0m[37m━━━━━━━━━━━━━[0m [1m21s[0m 253ms/step - auc: 0.9500 - binary_accuracy: 0.8535 - loss: 0.3474
[1m 48/133[0m [32m━━━━━━━[0m[37m━━━━━━━━━━━━━[0m [1m21s[0m 253ms/step - auc: 0.9502 - binary_accuracy: 0.8539 - loss: 0.3472
[1m 49/133[0m [32m━━━━━━━[0m[37m━━━━━━━━━━━━━[0m [1m21s[0m 253ms/step - auc: 0.9503 - binary_accuracy: 0.8543 - loss: 0.3469
[1m 50/133[0m [32m━━━━━━━[0m[37m━━━━━━━━━━━━━[0m [1m21s[0m 253ms/step - auc: 0.9504 - binary_accuracy: 0.8546 - loss: 0.3467
[1m 51/133[0m [32m━━━━━━━[0m[37m━━━━━━━━━━━━━[0m [1m20s[0m 253ms/step - auc: 0.9505 - binary_accuracy: 0.8549 - loss: 0.3465
[1m 52/133[0m [32m━━━━━━━[0m[37m━━━━━━━━━━━━━[0m [1m20s[0m 254ms/step - auc: 0.9506 - binary_accuracy: 0.8551 - loss: 0.3463
[1m 53/133[0m [32m━━━━━━━[0m[37m━━━━━━━━━━━━━[0m [1m20s[0m 254ms/step - auc: 0.9507 - binary_accuracy: 0.8553 - loss: 0.3460
[1m 54/133[0m [32m━━━━━━━━[0m[37m━━━━━━━━━━━━[0m [1m20s[0m 254ms/step - auc: 0.9508 - binary_accuracy: 0.8555 - loss: 0.3457
[1m 55/133[0m [32m━━━━━━━━[0m[37m━━━━━━━━━━━━[0m [1m19s[0m 254ms/step - auc: 0.9509 - binary_accuracy: 0.8558 - loss: 0.3454
[1m 56/133[0m [32m━━━━━━━━[0m[37m━━━━━━━━━━━━[0m [1m19s[0m 254ms/step - auc: 0.9510 - binary_accuracy: 0.8560 - loss: 0.3451
[1m 57/133[0m [32m━━━━━━━━[0m[37m━━━━━━━━━━━━[0m [1m19s[0m 255ms/step - auc: 0.9511 - binary_accuracy: 0.8562 - loss: 0.3447
[1m 58/133[0m [32m━━━━━━━━[0m[37m━━━━━━━━━━━━[0m [1m19s[0m 255ms/step - auc: 0.9512 - binary_accuracy: 0.8564 - loss: 0.3444
[1m 59/133[0m [32m━━━━━━━━[0m[37m━━━━━━━━━━━━[0m [1m18s[0m 255ms/step - auc: 0.9513 - binary_accuracy: 0.8566 - loss: 0.3440
[1m 60/133[0m [32m━━━━━━━━━[0m[37m━━━━━━━━━━━[0m [1m18s[0m 255ms/step - auc: 0.9514 - binary_accuracy: 0.8569 - loss: 0.3437
[1m 61/133[0m [32m━━━━━━━━━[0m[37m━━━━━━━━━━━[0m [1m18s[0m 255ms/step - auc: 0.9515 - binary_accuracy: 0.8571 - loss: 0.3433
[1m 62/133[0m [32m━━━━━━━━━[0m[37m━━━━━━━━━━━[0m [1m18s[0m 255ms/step - auc: 0.9517 - binary_accuracy: 0.8574 - loss: 0.3429
[1m 63/133[0m [32m━━━━━━━━━[0m[37m━━━━━━━━━━━[0m [1m17s[0m 255ms/step - auc: 0.9518 - binary_accuracy: 0.8576 - loss: 0.3425
[1m 64/133[0m [32m━━━━━━━━━[0m[37m━━━━━━━━━━━[0m [1m17s[0m 255ms/step - auc: 0.9519 - binary_accuracy: 0.8579 - loss: 0.3421
[1m 65/133[0m [32m━━━━━━━━━[0m[37m━━━━━━━━━━━[0m [1m17s[0m 255ms/step - auc: 0.9520 - binary_accuracy: 0.8582 - loss: 0.3417
[1m 66/133[0m [32m━━━━━━━━━[0m[37m━━━━━━━━━━━[0m [1m17s[0m 255ms/step - auc: 0.9521 - binary_accuracy: 0.8585 - loss: 0.3413
[1m 67/133[0m [32m━━━━━━━━━━[0m[37m━━━━━━━━━━[0m [1m16s[0m 255ms/step - auc: 0.9522 - binary_accuracy: 0.8588 - loss: 0.3410
[1m 68/133[0m [32m━━━━━━━━━━[0m[37m━━━━━━━━━━[0m [1m16s[0m 255ms/step - auc: 0.9523 - binary_accuracy: 0.8591 - loss: 0.3406
[1m 69/133[0m [32m━━━━━━━━━━[0m[37m━━━━━━━━━━[0m [1m16s[0m 255ms/step - auc: 0.9524 - binary_accuracy: 0.8594 - loss: 0.3403
[1m 70/133[0m [32m━━━━━━━━━━[0m[37m━━━━━━━━━━[0m [1m16s[0m 255ms/step - auc: 0.9525 - binary_accuracy: 0.8597 - loss: 0.3400
[1m 71/133[0m [32m━━━━━━━━━━[0m[37m━━━━━━━━━━[0m [1m15s[0m 255ms/step - auc: 0.9526 - binary_accuracy: 0.8599 - loss: 0.3396
[1m 72/133[0m [32m━━━━━━━━━━[0m[37m━━━━━━━━━━[0m [1m15s[0m 255ms/step - auc: 0.9527 - binary_accuracy: 0.8601 - loss: 0.3394
[1m 73/133[0m [32m━━━━━━━━━━[0m[37m━━━━━━━━━━[0m [1m15s[0m 255ms/step - auc: 0.9528 - binary_accuracy: 0.8603 - loss: 0.3391
[1m 74/133[0m [32m━━━━━━━━━━━[0m[37m━━━━━━━━━[0m [1m15s[0m 255ms/step - auc: 0.9529 - binary_accuracy: 0.8605 - loss: 0.3388
[1m 75/133[0m [32m━━━━━━━━━━━[0m[37m━━━━━━━━━[0m [1m14s[0m 255ms/step - auc: 0.9530 - binary_accuracy: 0.8606 - loss: 0.3386
[1m 76/133[0m [32m━━━━━━━━━━━[0m[37m━━━━━━━━━[0m [1m14s[0m 255ms/step - auc: 0.9530 - binary_accuracy: 0.8608 - loss: 0.3384
[1m 77/133[0m [32m━━━━━━━━━━━[0m[37m━━━━━━━━━[0m [1m14s[0m 255ms/step - auc: 0.9531 - binary_accuracy: 0.8609 - loss: 0.3382
[1m 78/133[0m [32m━━━━━━━━━━━[0m[37m━━━━━━━━━[0m [1m14s[0m 255ms/step - auc: 0.9532 - binary_accuracy: 0.8611 - loss: 0.3379
[1m 79/133[0m [32m━━━━━━━━━━━[0m[37m━━━━━━━━━[0m [1m13s[0m 255ms/step - auc: 0.9532 - binary_accuracy: 0.8612 - loss: 0.3377
[1m 80/133[0m [32m━━━━━━━━━━━━[0m[37m━━━━━━━━[0m [1m13s[0m 255ms/step - auc: 0.9533 - binary_accuracy: 0.8614 - loss: 0.3375
[1m 81/133[0m [32m━━━━━━━━━━━━[0m[37m━━━━━━━━[0m [1m13s[0m 255ms/step - auc: 0.9534 - binary_accuracy: 0.8615 - loss: 0.3372
[1m 82/133[0m [32m━━━━━━━━━━━━[0m[37m━━━━━━━━[0m [1m12s[0m 255ms/step - auc: 0.9534 - binary_accuracy: 0.8617 - loss: 0.3370
[1m 83/133[0m [32m━━━━━━━━━━━━[0m[37m━━━━━━━━[0m [1m12s[0m 255ms/step - auc: 0.9535 - binary_accuracy: 0.8618 - loss: 0.3368
[1m 84/133[0m [32m━━━━━━━━━━━━[0m[37m━━━━━━━━[0m [1m12s[0m 255ms/step - auc: 0.9536 - binary_accuracy: 0.8620 - loss: 0.3366
[1m 85/133[0m [32m━━━━━━━━━━━━[0m[37m━━━━━━━━[0m [1m12s[0m 255ms/step - auc: 0.9536 - binary_accuracy: 0.8622 - loss: 0.3363
[1m 86/133[0m [32m━━━━━━━━━━━━[0m[37m━━━━━━━━[0m [1m11s[0m 255ms/step - auc: 0.9537 - binary_accuracy: 0.8623 - loss: 0.3361
[1m 87/133[0m [32m━━━━━━━━━━━━━[0m[37m━━━━━━━[0m [1m11s[0m 255ms/step - auc: 0.9538 - binary_accuracy: 0.8625 - loss: 0.3359
[1m 88/133[0m [32m━━━━━━━━━━━━━[0m[37m━━━━━━━[0m [1m11s[0m 255ms/step - auc: 0.9538 - binary_accuracy: 0.8626 - loss: 0.3356
[1m 89/133[0m [32m━━━━━━━━━━━━━[0m[37m━━━━━━━[0m [1m11s[0m 255ms/step - auc: 0.9539 - binary_accuracy: 0.8628 - loss: 0.3354
[1m 90/133[0m [32m━━━━━━━━━━━━━[0m[37m━━━━━━━[0m [1m10s[0m 255ms/step - auc: 0.9540 - binary_accuracy: 0.8629 - loss: 0.3352
[1m 91/133[0m [32m━━━━━━━━━━━━━[0m[37m━━━━━━━[0m [1m10s[0m 255ms/step - auc: 0.9540 - binary_accuracy: 0.8631 - loss: 0.3350
[1m 92/133[0m [32m━━━━━━━━━━━━━[0m[37m━━━━━━━[0m [1m10s[0m 255ms/step - auc: 0.9541 - binary_accuracy: 0.8632 - loss: 0.3348
[1m 93/133[0m [32m━━━━━━━━━━━━━[0m[37m━━━━━━━[0m [1m10s[0m 255ms/step - auc: 0.9541 - binary_accuracy: 0.8634 - loss: 0.3346
[1m 94/133[0m [32m━━━━━━━━━━━━━━[0m[37m━━━━━━[0m [1m9s[0m 255ms/step - auc: 0.9542 - binary_accuracy: 0.8635 - loss: 0.3344 
[1m 95/133[0m [32m━━━━━━━━━━━━━━[0m[37m━━━━━━[0m [1m9s[0m 254ms/step - auc: 0.9543 - binary_accuracy: 0.8637 - loss: 0.3341
[1m 96/133[0m [32m━━━━━━━━━━━━━━[0m[37m━━━━━━[0m [1m9s[0m 254ms/step - auc: 0.9543 - binary_accuracy: 0.8638 - loss: 0.3339
[1m 97/133[0m [32m━━━━━━━━━━━━━━[0m[37m━━━━━━[0m [1m9s[0m 255ms/step - auc: 0.9544 - binary_accuracy: 0.8640 - loss: 0.3337
[1m 98/133[0m [32m━━━━━━━━━━━━━━[0m[37m━━━━━━[0m [1m8s[0m 255ms/step - auc: 0.9544 - binary_accuracy: 0.8642 - loss: 0.3335
[1m 99/133[0m [32m━━━━━━━━━━━━━━[0m[37m━━━━━━[0m [1m8s[0m 254ms/step - auc: 0.9545 - binary_accuracy: 0.8643 - loss: 0.3333
[1m100/133[0m [32m━━━━━━━━━━━━━━━[0m[37m━━━━━[0m [1m8s[0m 254ms/step - auc: 0.9545 - binary_accuracy: 0.8644 - loss: 0.3331
[1m101/133[0m [32m━━━━━━━━━━━━━━━[0m[37m━━━━━[0m [1m8s[0m 254ms/step - auc: 0.9546 - binary_accuracy: 0.8646 - loss: 0.3330
[1m102/133[0m [32m━━━━━━━━━━━━━━━[0m[37m━━━━━[0m [1m7s[0m 254ms/step - auc: 0.9546 - binary_accuracy: 0.8647 - loss: 0.3328
[1m103/133[0m [32m━━━━━━━━━━━━━━━[0m[37m━━━━━[0m [1m7s[0m 254ms/step - auc: 0.9547 - binary_accuracy: 0.8649 - loss: 0.3326
[1m104/133[0m [32m━━━━━━━━━━━━━━━[0m[37m━━━━━[0m [1m7s[0m 254ms/step - auc: 0.9547 - binary_accuracy: 0.8650 - loss: 0.3324
[1m105/133[0m [32m━━━━━━━━━━━━━━━[0m[37m━━━━━[0m [1m7s[0m 254ms/step - auc: 0.9548 - binary_accuracy: 0.8651 - loss: 0.3323
[1m106/133[0m [32m━━━━━━━━━━━━━━━[0m[37m━━━━━[0m [1m6s[0m 254ms/step - auc: 0.9548 - binary_accuracy: 0.8652 - loss: 0.3321
[1m107/133[0m [32m━━━━━━━━━━━━━━━━[0m[37m━━━━[0m [1m6s[0m 254ms/step - auc: 0.9548 - binary_accuracy: 0.8653 - loss: 0.3319
[1m108/133[0m [32m━━━━━━━━━━━━━━━━[0m[37m━━━━[0m [1m6s[0m 254ms/step - auc: 0.9549 - binary_accuracy: 0.8654 - loss: 0.3318
[1m109/133[0m [32m━━━━━━━━━━━━━━━━[0m[37m━━━━[0m [1m6s[0m 254ms/step - auc: 0.9549 - binary_accuracy: 0.8655 - loss: 0.3316
[1m110/133[0m [32m━━━━━━━━━━━━━━━━[0m[37m━━━━[0m [1m5s[0m 254ms/step - auc: 0.9550 - binary_accuracy: 0.8656 - loss: 0.3315
[1m111/133[0m [32m━━━━━━━━━━━━━━━━[0m[37m━━━━[0m [1m5s[0m 254ms/step - auc: 0.9550 - binary_accuracy: 0.8657 - loss: 0.3313
[1m112/133[0m [32m━━━━━━━━━━━━━━━━[0m[37m━━━━[0m [1m5s[0m 254ms/step - auc: 0.9550 - binary_accuracy: 0.8658 - loss: 0.3312
[1m113/133[0m [32m━━━━━━━━━━━━━━━━[0m[37m━━━━[0m [1m5s[0m 254ms/step - auc: 0.9551 - binary_accuracy: 0.8659 - loss: 0.3310
[1m114/133[0m [32m━━━━━━━━━━━━━━━━━[0m[37m━━━[0m [1m4s[0m 254ms/step - auc: 0.9551 - binary_accuracy: 0.8660 - loss: 0.3308
[1m115/133[0m [32m━━━━━━━━━━━━━━━━━[0m[37m━━━[0m [1m4s[0m 254ms/step - auc: 0.9552 - binary_accuracy: 0.8661 - loss: 0.3306
[1m116/133[0m [32m━━━━━━━━━━━━━━━━━[0m[37m━━━[0m [1m4s[0m 254ms/step - auc: 0.9552 - binary_accuracy: 0.8663 - loss: 0.3304
[1m117/133[0m [32m━━━━━━━━━━━━━━━━━[0m[37m━━━[0m [1m4s[0m 254ms/step - auc: 0.9553 - binary_accuracy: 0.8664 - loss: 0.3303
[1m118/133[0m [32m━━━━━━━━━━━━━━━━━[0m[37m━━━[0m [1m3s[0m 254ms/step - auc: 0.9553 - binary_accuracy: 0.8665 - loss: 0.3301
[1m119/133[0m [32m━━━━━━━━━━━━━━━━━[0m[37m━━━[0m [1m3s[0m 254ms/step - auc: 0.9554 - binary_accuracy: 0.8666 - loss: 0.3299
[1m120/133[0m [32m━━━━━━━━━━━━━━━━━━[0m[37m━━[0m [1m3s[0m 254ms/step - auc: 0.9554 - binary_accuracy: 0.8667 - loss: 0.3297
[1m121/133[0m [32m━━━━━━━━━━━━━━━━━━[0m[37m━━[0m [1m3s[0m 254ms/step - auc: 0.9555 - binary_accuracy: 0.8669 - loss: 0.3295
[1m122/133[0m [32m━━━━━━━━━━━━━━━━━━[0m[37m━━[0m [1m2s[0m 254ms/step - auc: 0.9555 - binary_accuracy: 0.8670 - loss: 0.3294
[1m123/133[0m [32m━━━━━━━━━━━━━━━━━━[0m[37m━━[0m [1m2s[0m 254ms/step - auc: 0.9556 - binary_accuracy: 0.8671 - loss: 0.3292
[1m124/133[0m [32m━━━━━━━━━━━━━━━━━━[0m[37m━━[0m [1m2s[0m 254ms/step - auc: 0.9556 - binary_accuracy: 0.8672 - loss: 0.3290
[1m125/133[0m [32m━━━━━━━━━━━━━━━━━━[0m[37m━━[0m [1m2s[0m 254ms/step - auc: 0.9557 - binary_accuracy: 0.8673 - loss: 0.3288
[1m126/133[0m [32m━━━━━━━━━━━━━━━━━━[0m[37m━━[0m [1m1s[0m 254ms/step - auc: 0.9557 - binary_accuracy: 0.8675 - loss: 0.3286
[1m127/133[0m [32m━━━━━━━━━━━━━━━━━━━[0m[37m━[0m [1m1s[0m 254ms/step - auc: 0.9558 - binary_accuracy: 0.8676 - loss: 0.3284
[1m128/133[0m [32m━━━━━━━━━━━━━━━━━━━[0m[37m━[0m [1m1s[0m 254ms/step - auc: 0.9558 - binary_accuracy: 0.8677 - loss: 0.3282
[1m129/133[0m [32m━━━━━━━━━━━━━━━━━━━[0m[37m━[0m [1m1s[0m 254ms/step - auc: 0.9559 - binary_accuracy: 0.8678 - loss: 0.3280
[1m130/133[0m [32m━━━━━━━━━━━━━━━━━━━[0m[37m━[0m [1m0s[0m 254ms/step - auc: 0.9559 - binary_accuracy: 0.8680 - loss: 0.3278
[1m131/133[0m [32m━━━━━━━━━━━━━━━━━━━[0m[37m━[0m [1m0s[0m 254ms/step - auc: 0.9560 - binary_accuracy: 0.8681 - loss: 0.3276
[1m132/133[0m [32m━━━━━━━━━━━━━━━━━━━[0m[37m━[0m [1m0s[0m 254ms/step - auc: 0.9560 - binary_accuracy: 0.8682 - loss: 0.3275
[1m133/133[0m [32m━━━━━━━━━━━━━━━━━━━━[0m[37m[0m [1m0s[0m 253ms/step - auc: 0.9561 - binary_accuracy: 0.8684 - loss: 0.3273transfer final: epoch 3/3 done in 33.9s loss=0.3028 auc=0.9628

[1m133/133[0m [32m━━━━━━━━━━━━━━━━━━━━[0m[37m[0m [1m34s[0m 253ms/step - auc: 0.9628 - binary_accuracy: 0.8852 - loss: 0.3028
[INFO] focus_binary.focus_binary.scripts.multiseed_eval: seed complete
[INFO] focus_binary.focus_binary.scripts.multiseed_eval: multi-seed evaluation complete
