$ D:\Dineth\myenv\Scripts\python.exe -u D:\Dineth\focus_binary_benchmark\focus_binary_benchmark\scripts\multiseed_eval.py --family transfer --manifest D:\Dineth\focus_binary_benchmark\focus_binary_benchmark\revision_outputs\multiseed\leakage_safe_manifest.csv --runs-dir runs --out-dir D:\Dineth\focus_binary_benchmark\focus_binary_benchmark\revision_outputs\multiseed\training_outputs --seeds 11 --leakage-check stack_sha1

2026-05-22 22:24:46.449570: I tensorflow/core/util/port.cc:153] oneDNN custom operations are on. You may see slightly different numerical results due to floating-point round-off errors from different computation orders. To turn them off, set the environment variable `TF_ENABLE_ONEDNN_OPTS=0`.
2026-05-22 22:24:55.427927: I tensorflow/core/util/port.cc:153] oneDNN custom operations are on. You may see slightly different numerical results due to floating-point round-off errors from different computation orders. To turn them off, set the environment variable `TF_ENABLE_ONEDNN_OPTS=0`.
2026-05-22 22:25:04.395769: I tensorflow/core/platform/cpu_feature_guard.cc:210] This TensorFlow binary is optimized to use available CPU instructions in performance-critical operations.
To enable the following instructions: SSE3 SSE4.1 SSE4.2 AVX AVX2 FMA, in other operations, rebuild TensorFlow with the appropriate compiler flags.
Running leakage check (stack_sha1) on D:\Dineth\focus_binary_benchmark\focus_binary_benchmark\revision_outputs\multiseed\leakage_safe_manifest.csv
  sha1: checking 4969 files
  sha1: checked 1/4969
  sha1: checked 250/4969
  sha1: checked 500/4969
  sha1: checked 750/4969
  sha1: checked 1000/4969
  sha1: checked 1250/4969
  sha1: checked 1500/4969
  sha1: checked 1750/4969
  sha1: checked 2000/4969
  sha1: checked 2250/4969
  sha1: checked 2500/4969
  sha1: checked 2750/4969
  sha1: checked 3000/4969
  sha1: checked 3250/4969
  sha1: checked 3500/4969
  sha1: checked 3750/4969
  sha1: checked 4000/4969
  sha1: checked 4250/4969
  sha1: checked 4500/4969
  sha1: checked 4750/4969
  sha1: checked 4969/4969
Leakage audit summary:
  stack_id overlaps: 0
  sha1 duplicates: 0
  phash duplicates: 0
Class balance per dataset/split:
  TBSI split=test label=0 count=35 ratio=0.875
  TBSI split=test label=1 count=5 ratio=0.125
  TBSI split=train label=0 count=147 ratio=0.875
  TBSI split=train label=1 count=21 ratio=0.125
  TBSI split=val label=0 count=28 ratio=0.875
  TBSI split=val label=1 count=4 ratio=0.125
  bma split=test label=0 count=55 ratio=0.917
  bma split=test label=1 count=5 ratio=0.083
  bma split=train label=0 count=297 ratio=0.917
  bma split=train label=1 count=27 ratio=0.083
  bma split=val label=0 count=66 ratio=0.917
  bma split=val label=1 count=6 ratio=0.083
  pbs_imgs split=test label=0 count=114 ratio=0.912
  pbs_imgs split=test label=1 count=11 ratio=0.088
  pbs_imgs split=train label=0 count=570 ratio=0.913
  pbs_imgs split=train label=1 count=54 ratio=0.087
  pbs_imgs split=val label=0 count=120 ratio=0.909
  pbs_imgs split=val label=1 count=12 ratio=0.091
  tbf_imgs split=test label=0 count=297 ratio=0.917
  tbf_imgs split=test label=1 count=27 ratio=0.083
  tbf_imgs split=train label=0 count=1353 ratio=0.917
  tbf_imgs split=train label=1 count=123 ratio=0.083
  tbf_imgs split=val label=0 count=352 ratio=0.917
  tbf_imgs split=val label=1 count=32 ratio=0.083
  wbc split=test label=0 count=154 ratio=0.875
  wbc split=test label=1 count=22 ratio=0.125
  wbc split=train label=0 count=742 ratio=0.875
  wbc split=train label=1 count=106 ratio=0.125
  wbc split=val label=0 count=161 ratio=0.875
  wbc split=val label=1 count=23 ratio=0.125
[WARNING] focus_binary.focus_binary.data.balance: Extreme class imbalance detected
[WARNING] focus_binary.focus_binary.data.balance: Extreme class imbalance detected
[WARNING] focus_binary.focus_binary.data.balance: Extreme class imbalance detected
[WARNING] focus_binary.focus_binary.data.balance: Extreme class imbalance detected
[WARNING] focus_binary.focus_binary.data.balance: Extreme class imbalance detected
[WARNING] focus_binary.focus_binary.data.balance: Extreme class imbalance detected
[WARNING] focus_binary.focus_binary.data.balance: Extreme class imbalance detected
[WARNING] focus_binary.focus_binary.data.balance: Extreme class imbalance detected
[WARNING] focus_binary.focus_binary.data.balance: Extreme class imbalance detected
[WARNING] focus_binary.focus_binary.data.balance: Extreme class imbalance detected
[WARNING] focus_binary.focus_binary.data.balance: Extreme class imbalance detected
[WARNING] focus_binary.focus_binary.data.balance: Extreme class imbalance detected
[WARNING] focus_binary.focus_binary.data.balance: Extreme class imbalance detected
[WARNING] focus_binary.focus_binary.data.balance: Extreme class imbalance detected
[WARNING] focus_binary.focus_binary.data.balance: Extreme class imbalance detected
[WARNING] focus_binary.focus_binary.data.balance: Extreme class imbalance detected
[WARNING] focus_binary.focus_binary.data.balance: Extreme class imbalance detected
[WARNING] focus_binary.focus_binary.data.balance: Extreme class imbalance detected
[WARNING] focus_binary.focus_binary.data.balance: Extreme class imbalance detected
[WARNING] focus_binary.focus_binary.data.balance: Extreme class imbalance detected
[WARNING] focus_binary.focus_binary.data.balance: Extreme class imbalance detected
[WARNING] focus_binary.focus_binary.data.balance: Extreme class imbalance detected
[WARNING] focus_binary.focus_binary.data.balance: Extreme class imbalance detected
[WARNING] focus_binary.focus_binary.data.balance: Extreme class imbalance detected
[WARNING] focus_binary.focus_binary.data.balance: Extreme class imbalance detected
[WARNING] focus_binary.focus_binary.data.balance: Extreme class imbalance detected
[WARNING] focus_binary.focus_binary.data.balance: Extreme class imbalance detected
[WARNING] focus_binary.focus_binary.data.balance: Extreme class imbalance detected
[WARNING] focus_binary.focus_binary.data.balance: Extreme class imbalance detected
[WARNING] focus_binary.focus_binary.data.balance: Extreme class imbalance detected
Starting multiseed job: family=transfer seed=11
[INFO] focus_binary.focus_binary.models.transfer: phase1: head training
transfer phase-a: epoch 1/8 start
Epoch 1/3
2026-05-22 22:29:28.207132: I external/local_xla/xla/service/service.cc:163] XLA service 0x22efaefc500 initialized for platform Host (this does not guarantee that XLA will be used). Devices:
2026-05-22 22:29:28.614298: I external/local_xla/xla/service/service.cc:171]   StreamExecutor device (0): Host, Default Version
WARNING: All log messages before absl::InitializeLog() is called are written to STDERR
I0000 00:00:1779469244.675138   11448 device_compiler.h:196] Compiled cluster using XLA!  This line is logged at most once for the lifetime of the process.

[1m  1/108[0m [37m━━━━━━━━━━━━━━━━━━━━[0m [1m2:55:05[0m 98s/step - auc: 0.6034 - binary_accuracy: 0.1250 - loss: 1.3434
[1m  2/108[0m [37m━━━━━━━━━━━━━━━━━━━━[0m [1m28s[0m 273ms/step - auc: 0.5749 - binary_accuracy: 0.2344 - loss: 1.2290  
[1m  3/108[0m [37m━━━━━━━━━━━━━━━━━━━━[0m [1m29s[0m 278ms/step - auc: 0.5836 - binary_accuracy: 0.3299 - loss: 1.1612
[1m  4/108[0m [37m━━━━━━━━━━━━━━━━━━━━[0m [1m27s[0m 267ms/step - auc: 0.5849 - binary_accuracy: 0.4017 - loss: 1.1448
[1m  5/108[0m [37m━━━━━━━━━━━━━━━━━━━━[0m [1m26s[0m 260ms/step - auc: 0.5822 - binary_accuracy: 0.4539 - loss: 1.1418
[1m  6/108[0m [32m━[0m[37m━━━━━━━━━━━━━━━━━━━[0m [1m26s[0m 257ms/step - auc: 0.5762 - binary_accuracy: 0.4928 - loss: 1.1459
[1m  7/108[0m [32m━[0m[37m━━━━━━━━━━━━━━━━━━━[0m [1m25s[0m 255ms/step - auc: 0.5704 - binary_accuracy: 0.5225 - loss: 1.1427
[1m  8/108[0m [32m━[0m[37m━━━━━━━━━━━━━━━━━━━[0m [1m25s[0m 253ms/step - auc: 0.5696 - binary_accuracy: 0.5427 - loss: 1.1360
[1m  9/108[0m [32m━[0m[37m━━━━━━━━━━━━━━━━━━━[0m [1m24s[0m 252ms/step - auc: 0.5710 - binary_accuracy: 0.5537 - loss: 1.1277
[1m 10/108[0m [32m━[0m[37m━━━━━━━━━━━━━━━━━━━[0m [1m24s[0m 251ms/step - auc: 0.5721 - binary_accuracy: 0.5584 - loss: 1.1199
[1m 11/108[0m [32m━━[0m[37m━━━━━━━━━━━━━━━━━━[0m [1m24s[0m 251ms/step - auc: 0.5717 - binary_accuracy: 0.5587 - loss: 1.1141
[1m 12/108[0m [32m━━[0m[37m━━━━━━━━━━━━━━━━━━[0m [1m24s[0m 250ms/step - auc: 0.5698 - binary_accuracy: 0.5558 - loss: 1.1101
[1m 13/108[0m [32m━━[0m[37m━━━━━━━━━━━━━━━━━━[0m [1m23s[0m 250ms/step - auc: 0.5688 - binary_accuracy: 0.5526 - loss: 1.1059
[1m 14/108[0m [32m━━[0m[37m━━━━━━━━━━━━━━━━━━[0m [1m23s[0m 249ms/step - auc: 0.5690 - binary_accuracy: 0.5497 - loss: 1.1017
[1m 15/108[0m [32m━━[0m[37m━━━━━━━━━━━━━━━━━━[0m [1m23s[0m 251ms/step - auc: 0.5690 - binary_accuracy: 0.5466 - loss: 1.0998
[1m 16/108[0m [32m━━[0m[37m━━━━━━━━━━━━━━━━━━[0m [1m23s[0m 252ms/step - auc: 0.5686 - binary_accuracy: 0.5436 - loss: 1.0983
[1m 17/108[0m [32m━━━[0m[37m━━━━━━━━━━━━━━━━━[0m [1m22s[0m 252ms/step - auc: 0.5689 - binary_accuracy: 0.5416 - loss: 1.0945
[1m 18/108[0m [32m━━━[0m[37m━━━━━━━━━━━━━━━━━[0m [1m22s[0m 252ms/step - auc: 0.5698 - binary_accuracy: 0.5403 - loss: 1.0891
[1m 19/108[0m [32m━━━[0m[37m━━━━━━━━━━━━━━━━━[0m [1m22s[0m 254ms/step - auc: 0.5719 - binary_accuracy: 0.5404 - loss: 1.0824
[1m 20/108[0m [32m━━━[0m[37m━━━━━━━━━━━━━━━━━[0m [1m22s[0m 255ms/step - auc: 0.5744 - binary_accuracy: 0.5412 - loss: 1.0748
[1m 21/108[0m [32m━━━[0m[37m━━━━━━━━━━━━━━━━━[0m [1m22s[0m 258ms/step - auc: 0.5766 - binary_accuracy: 0.5426 - loss: 1.0677
[1m 22/108[0m [32m━━━━[0m[37m━━━━━━━━━━━━━━━━[0m [1m22s[0m 263ms/step - auc: 0.5790 - binary_accuracy: 0.5445 - loss: 1.0603
[1m 23/108[0m [32m━━━━[0m[37m━━━━━━━━━━━━━━━━[0m [1m22s[0m 262ms/step - auc: 0.5812 - binary_accuracy: 0.5469 - loss: 1.0531
[1m 24/108[0m [32m━━━━[0m[37m━━━━━━━━━━━━━━━━[0m [1m22s[0m 262ms/step - auc: 0.5831 - binary_accuracy: 0.5495 - loss: 1.0468
[1m 25/108[0m [32m━━━━[0m[37m━━━━━━━━━━━━━━━━[0m [1m21s[0m 262ms/step - auc: 0.5849 - binary_accuracy: 0.5522 - loss: 1.0411
[1m 26/108[0m [32m━━━━[0m[37m━━━━━━━━━━━━━━━━[0m [1m21s[0m 262ms/step - auc: 0.5866 - binary_accuracy: 0.5552 - loss: 1.0356
[1m 27/108[0m [32m━━━━━[0m[37m━━━━━━━━━━━━━━━[0m [1m21s[0m 262ms/step - auc: 0.5884 - binary_accuracy: 0.5581 - loss: 1.0296
[1m 28/108[0m [32m━━━━━[0m[37m━━━━━━━━━━━━━━━[0m [1m20s[0m 262ms/step - auc: 0.5902 - binary_accuracy: 0.5610 - loss: 1.0239
[1m 29/108[0m [32m━━━━━[0m[37m━━━━━━━━━━━━━━━[0m [1m20s[0m 263ms/step - auc: 0.5922 - binary_accuracy: 0.5640 - loss: 1.0179
[1m 30/108[0m [32m━━━━━[0m[37m━━━━━━━━━━━━━━━[0m [1m20s[0m 266ms/step - auc: 0.5943 - binary_accuracy: 0.5668 - loss: 1.0119
[1m 31/108[0m [32m━━━━━[0m[37m━━━━━━━━━━━━━━━[0m [1m20s[0m 268ms/step - auc: 0.5966 - binary_accuracy: 0.5695 - loss: 1.0059
[1m 32/108[0m [32m━━━━━[0m[37m━━━━━━━━━━━━━━━[0m [1m20s[0m 267ms/step - auc: 0.5989 - binary_accuracy: 0.5721 - loss: 0.9998
[1m 33/108[0m [32m━━━━━━[0m[37m━━━━━━━━━━━━━━[0m [1m20s[0m 267ms/step - auc: 0.6010 - binary_accuracy: 0.5744 - loss: 0.9938
[1m 34/108[0m [32m━━━━━━[0m[37m━━━━━━━━━━━━━━[0m [1m20s[0m 280ms/step - auc: 0.6032 - binary_accuracy: 0.5766 - loss: 0.9881
[1m 35/108[0m [32m━━━━━━[0m[37m━━━━━━━━━━━━━━[0m [1m20s[0m 280ms/step - auc: 0.6052 - binary_accuracy: 0.5786 - loss: 0.9826
[1m 36/108[0m [32m━━━━━━[0m[37m━━━━━━━━━━━━━━[0m [1m21s[0m 298ms/step - auc: 0.6073 - binary_accuracy: 0.5806 - loss: 0.9773
[1m 37/108[0m [32m━━━━━━[0m[37m━━━━━━━━━━━━━━[0m [1m26s[0m 371ms/step - auc: 0.6093 - binary_accuracy: 0.5824 - loss: 0.9721
[1m 38/108[0m [32m━━━━━━━[0m[37m━━━━━━━━━━━━━[0m [1m29s[0m 415ms/step - auc: 0.6112 - binary_accuracy: 0.5841 - loss: 0.9668
[1m 39/108[0m [32m━━━━━━━[0m[37m━━━━━━━━━━━━━[0m [1m33s[0m 480ms/step - auc: 0.6130 - binary_accuracy: 0.5857 - loss: 0.9616
[1m 40/108[0m [32m━━━━━━━[0m[37m━━━━━━━━━━━━━[0m [1m37s[0m 547ms/step - auc: 0.6149 - binary_accuracy: 0.5872 - loss: 0.9565
[1m 41/108[0m [32m━━━━━━━[0m[37m━━━━━━━━━━━━━[0m [1m39s[0m 596ms/step - auc: 0.6168 - binary_accuracy: 0.5888 - loss: 0.9516
[1m 42/108[0m [32m━━━━━━━[0m[37m━━━━━━━━━━━━━[0m [1m44s[0m 669ms/step - auc: 0.6186 - binary_accuracy: 0.5903 - loss: 0.9468
[1m 43/108[0m [32m━━━━━━━[0m[37m━━━━━━━━━━━━━[0m [1m47s[0m 727ms/step - auc: 0.6205 - binary_accuracy: 0.5919 - loss: 0.9421
[1m 44/108[0m [32m━━━━━━━━[0m[37m━━━━━━━━━━━━[0m [1m51s[0m 810ms/step - auc: 0.6224 - binary_accuracy: 0.5934 - loss: 0.9373
[1m 45/108[0m [32m━━━━━━━━[0m[37m━━━━━━━━━━━━[0m [1m54s[0m 868ms/step - auc: 0.6243 - binary_accuracy: 0.5950 - loss: 0.9326
[1m 46/108[0m [32m━━━━━━━━[0m[37m━━━━━━━━━━━━[0m [1m57s[0m 933ms/step - auc: 0.6262 - binary_accuracy: 0.5966 - loss: 0.9280
[1m 47/108[0m [32m━━━━━━━━[0m[37m━━━━━━━━━━━━[0m [1m1:00[0m 997ms/step - auc: 0.6280 - binary_accuracy: 0.5981 - loss: 0.9234
[1m 48/108[0m [32m━━━━━━━━[0m[37m━━━━━━━━━━━━[0m [1m1:05[0m 1s/step - auc: 0.6298 - binary_accuracy: 0.5997 - loss: 0.9189   
[1m 49/108[0m [32m━━━━━━━━━[0m[37m━━━━━━━━━━━[0m [1m1:07[0m 1s/step - auc: 0.6317 - binary_accuracy: 0.6013 - loss: 0.9145
[1m 50/108[0m [32m━━━━━━━━━[0m[37m━━━━━━━━━━━[0m [1m1:08[0m 1s/step - auc: 0.6336 - binary_accuracy: 0.6029 - loss: 0.9100
[1m 51/108[0m [32m━━━━━━━━━[0m[37m━━━━━━━━━━━[0m [1m1:09[0m 1s/step - auc: 0.6355 - binary_accuracy: 0.6044 - loss: 0.9056
[1m 52/108[0m [32m━━━━━━━━━[0m[37m━━━━━━━━━━━[0m [1m1:12[0m 1s/step - auc: 0.6374 - binary_accuracy: 0.6060 - loss: 0.9012
[1m 53/108[0m [32m━━━━━━━━━[0m[37m━━━━━━━━━━━[0m [1m1:13[0m 1s/step - auc: 0.6393 - binary_accuracy: 0.6076 - loss: 0.8970
[1m 54/108[0m [32m━━━━━━━━━━[0m[37m━━━━━━━━━━[0m [1m1:14[0m 1s/step - auc: 0.6410 - binary_accuracy: 0.6092 - loss: 0.8931
[1m 55/108[0m [32m━━━━━━━━━━[0m[37m━━━━━━━━━━[0m [1m1:14[0m 1s/step - auc: 0.6426 - binary_accuracy: 0.6108 - loss: 0.8893
[1m 56/108[0m [32m━━━━━━━━━━[0m[37m━━━━━━━━━━[0m [1m1:16[0m 1s/step - auc: 0.6442 - binary_accuracy: 0.6123 - loss: 0.8857
[1m 57/108[0m [32m━━━━━━━━━━[0m[37m━━━━━━━━━━[0m [1m1:16[0m 1s/step - auc: 0.6458 - binary_accuracy: 0.6137 - loss: 0.8822
[1m 58/108[0m [32m━━━━━━━━━━[0m[37m━━━━━━━━━━[0m [1m1:16[0m 2s/step - auc: 0.6474 - binary_accuracy: 0.6151 - loss: 0.8787
[1m 59/108[0m [32m━━━━━━━━━━[0m[37m━━━━━━━━━━[0m [1m1:17[0m 2s/step - auc: 0.6490 - binary_accuracy: 0.6165 - loss: 0.8754
[1m 60/108[0m [32m━━━━━━━━━━━[0m[37m━━━━━━━━━[0m [1m1:17[0m 2s/step - auc: 0.6505 - binary_accuracy: 0.6178 - loss: 0.8720
[1m 61/108[0m [32m━━━━━━━━━━━[0m[37m━━━━━━━━━[0m [1m1:17[0m 2s/step - auc: 0.6519 - binary_accuracy: 0.6189 - loss: 0.8688
[1m 62/108[0m [32m━━━━━━━━━━━[0m[37m━━━━━━━━━[0m [1m1:17[0m 2s/step - auc: 0.6534 - binary_accuracy: 0.6201 - loss: 0.8656
[1m 63/108[0m [32m━━━━━━━━━━━[0m[37m━━━━━━━━━[0m [1m1:15[0m 2s/step - auc: 0.6549 - binary_accuracy: 0.6212 - loss: 0.8624
[1m 64/108[0m [32m━━━━━━━━━━━[0m[37m━━━━━━━━━[0m [1m1:15[0m 2s/step - auc: 0.6563 - binary_accuracy: 0.6223 - loss: 0.8593
[1m 65/108[0m [32m━━━━━━━━━━━━[0m[37m━━━━━━━━[0m [1m1:14[0m 2s/step - auc: 0.6577 - binary_accuracy: 0.6233 - loss: 0.8563
[1m 66/108[0m [32m━━━━━━━━━━━━[0m[37m━━━━━━━━[0m [1m1:14[0m 2s/step - auc: 0.6590 - binary_accuracy: 0.6243 - loss: 0.8533
[1m 67/108[0m [32m━━━━━━━━━━━━[0m[37m━━━━━━━━[0m [1m1:14[0m 2s/step - auc: 0.6603 - binary_accuracy: 0.6253 - loss: 0.8504
[1m 68/108[0m [32m━━━━━━━━━━━━[0m[37m━━━━━━━━[0m [1m1:12[0m 2s/step - auc: 0.6616 - binary_accuracy: 0.6263 - loss: 0.8475
[1m 69/108[0m [32m━━━━━━━━━━━━[0m[37m━━━━━━━━[0m [1m1:13[0m 2s/step - auc: 0.6629 - binary_accuracy: 0.6273 - loss: 0.8445
[1m 70/108[0m [32m━━━━━━━━━━━━[0m[37m━━━━━━━━[0m [1m1:12[0m 2s/step - auc: 0.6642 - binary_accuracy: 0.6283 - loss: 0.8417
[1m 71/108[0m [32m━━━━━━━━━━━━━[0m[37m━━━━━━━[0m [1m1:10[0m 2s/step - auc: 0.6655 - binary_accuracy: 0.6293 - loss: 0.8389
[1m 72/108[0m [32m━━━━━━━━━━━━━[0m[37m━━━━━━━[0m [1m1:09[0m 2s/step - auc: 0.6667 - binary_accuracy: 0.6304 - loss: 0.8361
[1m 73/108[0m [32m━━━━━━━━━━━━━[0m[37m━━━━━━━[0m [1m1:08[0m 2s/step - auc: 0.6680 - binary_accuracy: 0.6314 - loss: 0.8334
[1m 74/108[0m [32m━━━━━━━━━━━━━[0m[37m━━━━━━━[0m [1m1:06[0m 2s/step - auc: 0.6693 - binary_accuracy: 0.6325 - loss: 0.8307
[1m 75/108[0m [32m━━━━━━━━━━━━━[0m[37m━━━━━━━[0m [1m1:05[0m 2s/step - auc: 0.6706 - binary_accuracy: 0.6335 - loss: 0.8280
[1m 76/108[0m [32m━━━━━━━━━━━━━━[0m[37m━━━━━━[0m [1m1:04[0m 2s/step - auc: 0.6719 - binary_accuracy: 0.6346 - loss: 0.8253
[1m 77/108[0m [32m━━━━━━━━━━━━━━[0m[37m━━━━━━[0m [1m1:02[0m 2s/step - auc: 0.6732 - binary_accuracy: 0.6357 - loss: 0.8226
[1m 78/108[0m [32m━━━━━━━━━━━━━━[0m[37m━━━━━━[0m [1m1:01[0m 2s/step - auc: 0.6744 - binary_accuracy: 0.6367 - loss: 0.8200
[1m 79/108[0m [32m━━━━━━━━━━━━━━[0m[37m━━━━━━[0m [1m59s[0m 2s/step - auc: 0.6757 - binary_accuracy: 0.6377 - loss: 0.8174 
[1m 80/108[0m [32m━━━━━━━━━━━━━━[0m[37m━━━━━━[0m [1m58s[0m 2s/step - auc: 0.6770 - binary_accuracy: 0.6387 - loss: 0.8149
[1m 81/108[0m [32m━━━━━━━━━━━━━━━[0m[37m━━━━━[0m [1m57s[0m 2s/step - auc: 0.6782 - binary_accuracy: 0.6398 - loss: 0.8124
[1m 82/108[0m [32m━━━━━━━━━━━━━━━[0m[37m━━━━━[0m [1m55s[0m 2s/step - auc: 0.6795 - binary_accuracy: 0.6408 - loss: 0.8100
[1m 83/108[0m [32m━━━━━━━━━━━━━━━[0m[37m━━━━━[0m [1m54s[0m 2s/step - auc: 0.6806 - binary_accuracy: 0.6417 - loss: 0.8076
[1m 84/108[0m [32m━━━━━━━━━━━━━━━[0m[37m━━━━━[0m [1m52s[0m 2s/step - auc: 0.6818 - binary_accuracy: 0.6426 - loss: 0.8054
[1m 85/108[0m [32m━━━━━━━━━━━━━━━[0m[37m━━━━━[0m [1m50s[0m 2s/step - auc: 0.6830 - binary_accuracy: 0.6435 - loss: 0.8031
[1m 86/108[0m [32m━━━━━━━━━━━━━━━[0m[37m━━━━━[0m [1m48s[0m 2s/step - auc: 0.6841 - binary_accuracy: 0.6444 - loss: 0.8009
[1m 87/108[0m [32m━━━━━━━━━━━━━━━━[0m[37m━━━━[0m [1m46s[0m 2s/step - auc: 0.6852 - binary_accuracy: 0.6453 - loss: 0.7987
[1m 88/108[0m [32m━━━━━━━━━━━━━━━━[0m[37m━━━━[0m [1m44s[0m 2s/step - auc: 0.6863 - binary_accuracy: 0.6461 - loss: 0.7965
[1m 89/108[0m [32m━━━━━━━━━━━━━━━━[0m[37m━━━━[0m [1m42s[0m 2s/step - auc: 0.6873 - binary_accuracy: 0.6469 - loss: 0.7944
[1m 90/108[0m [32m━━━━━━━━━━━━━━━━[0m[37m━━━━[0m [1m40s[0m 2s/step - auc: 0.6884 - binary_accuracy: 0.6477 - loss: 0.7924
[1m 91/108[0m [32m━━━━━━━━━━━━━━━━[0m[37m━━━━[0m [1m38s[0m 2s/step - auc: 0.6894 - binary_accuracy: 0.6485 - loss: 0.7904
[1m 92/108[0m [32m━━━━━━━━━━━━━━━━━[0m[37m━━━[0m [1m36s[0m 2s/step - auc: 0.6904 - binary_accuracy: 0.6493 - loss: 0.7884
[1m 93/108[0m [32m━━━━━━━━━━━━━━━━━[0m[37m━━━[0m [1m34s[0m 2s/step - auc: 0.6914 - binary_accuracy: 0.6501 - loss: 0.7864
[1m 94/108[0m [32m━━━━━━━━━━━━━━━━━[0m[37m━━━[0m [1m32s[0m 2s/step - auc: 0.6924 - binary_accuracy: 0.6508 - loss: 0.7844
[1m 95/108[0m [32m━━━━━━━━━━━━━━━━━[0m[37m━━━[0m [1m30s[0m 2s/step - auc: 0.6935 - binary_accuracy: 0.6516 - loss: 0.7825
[1m 96/108[0m [32m━━━━━━━━━━━━━━━━━[0m[37m━━━[0m [1m28s[0m 2s/step - auc: 0.6945 - binary_accuracy: 0.6524 - loss: 0.7806
[1m 97/108[0m [32m━━━━━━━━━━━━━━━━━[0m[37m━━━[0m [1m25s[0m 2s/step - auc: 0.6955 - binary_accuracy: 0.6532 - loss: 0.7787
[1m 98/108[0m [32m━━━━━━━━━━━━━━━━━━[0m[37m━━[0m [1m23s[0m 2s/step - auc: 0.6965 - binary_accuracy: 0.6540 - loss: 0.7768
[1m 99/108[0m [32m━━━━━━━━━━━━━━━━━━[0m[37m━━[0m [1m21s[0m 2s/step - auc: 0.6975 - binary_accuracy: 0.6547 - loss: 0.7750
[1m100/108[0m [32m━━━━━━━━━━━━━━━━━━[0m[37m━━[0m [1m19s[0m 2s/step - auc: 0.6984 - binary_accuracy: 0.6555 - loss: 0.7731
[1m101/108[0m [32m━━━━━━━━━━━━━━━━━━[0m[37m━━[0m [1m16s[0m 2s/step - auc: 0.6994 - binary_accuracy: 0.6562 - loss: 0.7714
[1m102/108[0m [32m━━━━━━━━━━━━━━━━━━[0m[37m━━[0m [1m14s[0m 2s/step - auc: 0.7004 - binary_accuracy: 0.6570 - loss: 0.7696
[1m103/108[0m [32m━━━━━━━━━━━━━━━━━━━[0m[37m━[0m [1m12s[0m 2s/step - auc: 0.7013 - binary_accuracy: 0.6577 - loss: 0.7678
[1m104/108[0m [32m━━━━━━━━━━━━━━━━━━━[0m[37m━[0m [1m9s[0m 2s/step - auc: 0.7023 - binary_accuracy: 0.6585 - loss: 0.7661 
[1m105/108[0m [32m━━━━━━━━━━━━━━━━━━━[0m[37m━[0m [1m7s[0m 2s/step - auc: 0.7032 - binary_accuracy: 0.6592 - loss: 0.7644
[1m106/108[0m [32m━━━━━━━━━━━━━━━━━━━[0m[37m━[0m [1m4s[0m 2s/step - auc: 0.7042 - binary_accuracy: 0.6599 - loss: 0.7627
[1m107/108[0m [32m━━━━━━━━━━━━━━━━━━━[0m[37m━[0m [1m2s[0m 2s/step - auc: 0.7051 - binary_accuracy: 0.6606 - loss: 0.7611
[1m108/108[0m [32m━━━━━━━━━━━━━━━━━━━━[0m[37m[0m [1m0s[0m 2s/step - auc: 0.7060 - binary_accuracy: 0.6613 - loss: 0.7595transfer phase-a: epoch 1/8 done in 437.0s loss=0.5885 auc=0.8023 val_loss=0.6293 val_auc=0.9553

[1m108/108[0m [32m━━━━━━━━━━━━━━━━━━━━[0m[37m[0m [1m437s[0m 3s/step - auc: 0.8023 - binary_accuracy: 0.7337 - loss: 0.5885 - val_auc: 0.9553 - val_binary_accuracy: 0.6915 - val_loss: 0.6293
transfer phase-a: epoch 2/8 start
Epoch 2/3

[1m  1/108[0m [37m━━━━━━━━━━━━━━━━━━━━[0m [1m52s[0m 486ms/step - auc: 0.8161 - binary_accuracy: 0.6250 - loss: 0.5325
[1m  2/108[0m [37m━━━━━━━━━━━━━━━━━━━━[0m [1m26s[0m 246ms/step - auc: 0.8040 - binary_accuracy: 0.6250 - loss: 0.5816
[1m  3/108[0m [37m━━━━━━━━━━━━━━━━━━━━[0m [1m25s[0m 243ms/step - auc: 0.7976 - binary_accuracy: 0.6354 - loss: 0.5859
[1m  4/108[0m [37m━━━━━━━━━━━━━━━━━━━━[0m [1m25s[0m 243ms/step - auc: 0.8077 - binary_accuracy: 0.6465 - loss: 0.5754
[1m  5/108[0m [37m━━━━━━━━━━━━━━━━━━━━[0m [1m24s[0m 242ms/step - auc: 0.8225 - binary_accuracy: 0.6572 - loss: 0.5614
[1m  6/108[0m [32m━[0m[37m━━━━━━━━━━━━━━━━━━━[0m [1m24s[0m 242ms/step - auc: 0.8365 - binary_accuracy: 0.6683 - loss: 0.5466
[1m  7/108[0m [32m━[0m[37m━━━━━━━━━━━━━━━━━━━[0m [1m24s[0m 242ms/step - auc: 0.8461 - binary_accuracy: 0.6774 - loss: 0.5348
[1m  8/108[0m [32m━[0m[37m━━━━━━━━━━━━━━━━━━━[0m [1m24s[0m 242ms/step - auc: 0.8542 - binary_accuracy: 0.6875 - loss: 0.5251
[1m  9/108[0m [32m━[0m[37m━━━━━━━━━━━━━━━━━━━[0m [1m23s[0m 242ms/step - auc: 0.8611 - binary_accuracy: 0.6956 - loss: 0.5168
[1m 10/108[0m [32m━[0m[37m━━━━━━━━━━━━━━━━━━━[0m [1m23s[0m 242ms/step - auc: 0.8664 - binary_accuracy: 0.7035 - loss: 0.5100
[1m 11/108[0m [32m━━[0m[37m━━━━━━━━━━━━━━━━━━[0m [1m23s[0m 242ms/step - auc: 0.8709 - binary_accuracy: 0.7109 - loss: 0.5038
[1m 12/108[0m [32m━━[0m[37m━━━━━━━━━━━━━━━━━━[0m [1m23s[0m 242ms/step - auc: 0.8748 - binary_accuracy: 0.7176 - loss: 0.4974
[1m 13/108[0m [32m━━[0m[37m━━━━━━━━━━━━━━━━━━[0m [1m22s[0m 242ms/step - auc: 0.8782 - binary_accuracy: 0.7240 - loss: 0.4918
[1m 14/108[0m [32m━━[0m[37m━━━━━━━━━━━━━━━━━━[0m [1m22s[0m 242ms/step - auc: 0.8812 - binary_accuracy: 0.7300 - loss: 0.4868
[1m 15/108[0m [32m━━[0m[37m━━━━━━━━━━━━━━━━━━[0m [1m22s[0m 242ms/step - auc: 0.8837 - binary_accuracy: 0.7355 - loss: 0.4829
[1m 16/108[0m [32m━━[0m[37m━━━━━━━━━━━━━━━━━━[0m [1m22s[0m 242ms/step - auc: 0.8860 - binary_accuracy: 0.7408 - loss: 0.4795
[1m 17/108[0m [32m━━━[0m[37m━━━━━━━━━━━━━━━━━[0m [1m22s[0m 243ms/step - auc: 0.8882 - binary_accuracy: 0.7456 - loss: 0.4756
[1m 18/108[0m [32m━━━[0m[37m━━━━━━━━━━━━━━━━━[0m [1m21s[0m 243ms/step - auc: 0.8903 - binary_accuracy: 0.7502 - loss: 0.4716
[1m 19/108[0m [32m━━━[0m[37m━━━━━━━━━━━━━━━━━[0m [1m21s[0m 243ms/step - auc: 0.8924 - binary_accuracy: 0.7546 - loss: 0.4678
[1m 20/108[0m [32m━━━[0m[37m━━━━━━━━━━━━━━━━━[0m [1m21s[0m 243ms/step - auc: 0.8944 - binary_accuracy: 0.7588 - loss: 0.4639
[1m 21/108[0m [32m━━━[0m[37m━━━━━━━━━━━━━━━━━[0m [1m21s[0m 244ms/step - auc: 0.8963 - binary_accuracy: 0.7625 - loss: 0.4602
[1m 22/108[0m [32m━━━━[0m[37m━━━━━━━━━━━━━━━━[0m [1m20s[0m 244ms/step - auc: 0.8980 - binary_accuracy: 0.7660 - loss: 0.4567
[1m 23/108[0m [32m━━━━[0m[37m━━━━━━━━━━━━━━━━[0m [1m20s[0m 244ms/step - auc: 0.8996 - binary_accuracy: 0.7691 - loss: 0.4533
[1m 24/108[0m [32m━━━━[0m[37m━━━━━━━━━━━━━━━━[0m [1m20s[0m 244ms/step - auc: 0.9010 - binary_accuracy: 0.7721 - loss: 0.4504
[1m 25/108[0m [32m━━━━[0m[37m━━━━━━━━━━━━━━━━[0m [1m20s[0m 244ms/step - auc: 0.9021 - binary_accuracy: 0.7748 - loss: 0.4480
[1m 26/108[0m [32m━━━━[0m[37m━━━━━━━━━━━━━━━━[0m [1m20s[0m 244ms/step - auc: 0.9032 - binary_accuracy: 0.7774 - loss: 0.4456
[1m 27/108[0m [32m━━━━━[0m[37m━━━━━━━━━━━━━━━[0m [1m19s[0m 244ms/step - auc: 0.9042 - binary_accuracy: 0.7799 - loss: 0.4432
[1m 28/108[0m [32m━━━━━[0m[37m━━━━━━━━━━━━━━━[0m [1m19s[0m 245ms/step - auc: 0.9053 - binary_accuracy: 0.7823 - loss: 0.4408
[1m 29/108[0m [32m━━━━━[0m[37m━━━━━━━━━━━━━━━[0m [1m19s[0m 245ms/step - auc: 0.9064 - binary_accuracy: 0.7848 - loss: 0.4384
[1m 30/108[0m [32m━━━━━[0m[37m━━━━━━━━━━━━━━━[0m [1m19s[0m 245ms/step - auc: 0.9074 - binary_accuracy: 0.7871 - loss: 0.4360
[1m 31/108[0m [32m━━━━━[0m[37m━━━━━━━━━━━━━━━[0m [1m18s[0m 245ms/step - auc: 0.9085 - binary_accuracy: 0.7895 - loss: 0.4338
[1m 32/108[0m [32m━━━━━[0m[37m━━━━━━━━━━━━━━━[0m [1m18s[0m 245ms/step - auc: 0.9095 - binary_accuracy: 0.7917 - loss: 0.4315
[1m 33/108[0m [32m━━━━━━[0m[37m━━━━━━━━━━━━━━[0m [1m18s[0m 245ms/step - auc: 0.9105 - binary_accuracy: 0.7938 - loss: 0.4292
[1m 34/108[0m [32m━━━━━━[0m[37m━━━━━━━━━━━━━━[0m [1m18s[0m 245ms/step - auc: 0.9115 - binary_accuracy: 0.7958 - loss: 0.4271
[1m 35/108[0m [32m━━━━━━[0m[37m━━━━━━━━━━━━━━[0m [1m17s[0m 245ms/step - auc: 0.9125 - binary_accuracy: 0.7976 - loss: 0.4251
[1m 36/108[0m [32m━━━━━━[0m[37m━━━━━━━━━━━━━━[0m [1m17s[0m 246ms/step - auc: 0.9133 - binary_accuracy: 0.7994 - loss: 0.4233
[1m 37/108[0m [32m━━━━━━[0m[37m━━━━━━━━━━━━━━[0m [1m17s[0m 246ms/step - auc: 0.9141 - binary_accuracy: 0.8010 - loss: 0.4217
[1m 38/108[0m [32m━━━━━━━[0m[37m━━━━━━━━━━━━━[0m [1m17s[0m 246ms/step - auc: 0.9149 - binary_accuracy: 0.8025 - loss: 0.4200
[1m 39/108[0m [32m━━━━━━━[0m[37m━━━━━━━━━━━━━[0m [1m16s[0m 246ms/step - auc: 0.9156 - binary_accuracy: 0.8038 - loss: 0.4183
[1m 40/108[0m [32m━━━━━━━[0m[37m━━━━━━━━━━━━━[0m [1m16s[0m 246ms/step - auc: 0.9164 - binary_accuracy: 0.8052 - loss: 0.4167
[1m 41/108[0m [32m━━━━━━━[0m[37m━━━━━━━━━━━━━[0m [1m16s[0m 246ms/step - auc: 0.9170 - binary_accuracy: 0.8065 - loss: 0.4153
[1m 42/108[0m [32m━━━━━━━[0m[37m━━━━━━━━━━━━━[0m [1m16s[0m 246ms/step - auc: 0.9176 - binary_accuracy: 0.8077 - loss: 0.4139
[1m 43/108[0m [32m━━━━━━━[0m[37m━━━━━━━━━━━━━[0m [1m15s[0m 246ms/step - auc: 0.9183 - binary_accuracy: 0.8089 - loss: 0.4125
[1m 44/108[0m [32m━━━━━━━━[0m[37m━━━━━━━━━━━━[0m [1m15s[0m 246ms/step - auc: 0.9189 - binary_accuracy: 0.8101 - loss: 0.4112
[1m 45/108[0m [32m━━━━━━━━[0m[37m━━━━━━━━━━━━[0m [1m15s[0m 246ms/step - auc: 0.9195 - binary_accuracy: 0.8111 - loss: 0.4099
[1m 46/108[0m [32m━━━━━━━━[0m[37m━━━━━━━━━━━━[0m [1m15s[0m 246ms/step - auc: 0.9201 - binary_accuracy: 0.8122 - loss: 0.4086
[1m 47/108[0m [32m━━━━━━━━[0m[37m━━━━━━━━━━━━[0m [1m15s[0m 246ms/step - auc: 0.9206 - binary_accuracy: 0.8132 - loss: 0.4073
[1m 48/108[0m [32m━━━━━━━━[0m[37m━━━━━━━━━━━━[0m [1m14s[0m 246ms/step - auc: 0.9212 - binary_accuracy: 0.8142 - loss: 0.4060
[1m 49/108[0m [32m━━━━━━━━━[0m[37m━━━━━━━━━━━[0m [1m14s[0m 246ms/step - auc: 0.9217 - binary_accuracy: 0.8152 - loss: 0.4048
[1m 50/108[0m [32m━━━━━━━━━[0m[37m━━━━━━━━━━━[0m [1m14s[0m 246ms/step - auc: 0.9223 - binary_accuracy: 0.8161 - loss: 0.4035
[1m 51/108[0m [32m━━━━━━━━━[0m[37m━━━━━━━━━━━[0m [1m14s[0m 246ms/step - auc: 0.9228 - binary_accuracy: 0.8170 - loss: 0.4024
[1m 52/108[0m [32m━━━━━━━━━[0m[37m━━━━━━━━━━━[0m [1m13s[0m 246ms/step - auc: 0.9232 - binary_accuracy: 0.8179 - loss: 0.4012
[1m 53/108[0m [32m━━━━━━━━━[0m[37m━━━━━━━━━━━[0m [1m13s[0m 247ms/step - auc: 0.9236 - binary_accuracy: 0.8188 - loss: 0.4003
[1m 54/108[0m [32m━━━━━━━━━━[0m[37m━━━━━━━━━━[0m [1m13s[0m 247ms/step - auc: 0.9239 - binary_accuracy: 0.8197 - loss: 0.3995
[1m 55/108[0m [32m━━━━━━━━━━[0m[37m━━━━━━━━━━[0m [1m13s[0m 247ms/step - auc: 0.9242 - binary_accuracy: 0.8205 - loss: 0.3987
[1m 56/108[0m [32m━━━━━━━━━━[0m[37m━━━━━━━━━━[0m [1m12s[0m 247ms/step - auc: 0.9244 - binary_accuracy: 0.8212 - loss: 0.3981
[1m 57/108[0m [32m━━━━━━━━━━[0m[37m━━━━━━━━━━[0m [1m12s[0m 247ms/step - auc: 0.9247 - binary_accuracy: 0.8219 - loss: 0.3976
[1m 58/108[0m [32m━━━━━━━━━━[0m[37m━━━━━━━━━━[0m [1m12s[0m 247ms/step - auc: 0.9249 - binary_accuracy: 0.8225 - loss: 0.3971
[1m 59/108[0m [32m━━━━━━━━━━[0m[37m━━━━━━━━━━[0m [1m12s[0m 247ms/step - auc: 0.9251 - binary_accuracy: 0.8230 - loss: 0.3965
[1m 60/108[0m [32m━━━━━━━━━━━[0m[37m━━━━━━━━━[0m [1m11s[0m 247ms/step - auc: 0.9252 - binary_accuracy: 0.8235 - loss: 0.3961
[1m 61/108[0m [32m━━━━━━━━━━━[0m[37m━━━━━━━━━[0m [1m11s[0m 247ms/step - auc: 0.9253 - binary_accuracy: 0.8239 - loss: 0.3957
[1m 62/108[0m [32m━━━━━━━━━━━[0m[37m━━━━━━━━━[0m [1m11s[0m 247ms/step - auc: 0.9255 - binary_accuracy: 0.8242 - loss: 0.3953
[1m 63/108[0m [32m━━━━━━━━━━━[0m[37m━━━━━━━━━[0m [1m11s[0m 247ms/step - auc: 0.9256 - binary_accuracy: 0.8246 - loss: 0.3949
[1m 64/108[0m [32m━━━━━━━━━━━[0m[37m━━━━━━━━━[0m [1m10s[0m 247ms/step - auc: 0.9257 - binary_accuracy: 0.8249 - loss: 0.3945
[1m 65/108[0m [32m━━━━━━━━━━━━[0m[37m━━━━━━━━[0m [1m10s[0m 247ms/step - auc: 0.9259 - binary_accuracy: 0.8252 - loss: 0.3941
[1m 66/108[0m [32m━━━━━━━━━━━━[0m[37m━━━━━━━━[0m [1m10s[0m 248ms/step - auc: 0.9259 - binary_accuracy: 0.8256 - loss: 0.3938
[1m 67/108[0m [32m━━━━━━━━━━━━[0m[37m━━━━━━━━[0m [1m10s[0m 248ms/step - auc: 0.9260 - binary_accuracy: 0.8259 - loss: 0.3935
[1m 68/108[0m [32m━━━━━━━━━━━━[0m[37m━━━━━━━━[0m [1m9s[0m 248ms/step - auc: 0.9261 - binary_accuracy: 0.8262 - loss: 0.3931 
[1m 69/108[0m [32m━━━━━━━━━━━━[0m[37m━━━━━━━━[0m [1m9s[0m 248ms/step - auc: 0.9261 - binary_accuracy: 0.8266 - loss: 0.3928
[1m 70/108[0m [32m━━━━━━━━━━━━[0m[37m━━━━━━━━[0m [1m9s[0m 248ms/step - auc: 0.9262 - binary_accuracy: 0.8270 - loss: 0.3924
[1m 71/108[0m [32m━━━━━━━━━━━━━[0m[37m━━━━━━━[0m [1m9s[0m 248ms/step - auc: 0.9263 - binary_accuracy: 0.8273 - loss: 0.3921
[1m 72/108[0m [32m━━━━━━━━━━━━━[0m[37m━━━━━━━[0m [1m8s[0m 248ms/step - auc: 0.9263 - binary_accuracy: 0.8277 - loss: 0.3919
[1m 73/108[0m [32m━━━━━━━━━━━━━[0m[37m━━━━━━━[0m [1m8s[0m 248ms/step - auc: 0.9264 - binary_accuracy: 0.8281 - loss: 0.3916
[1m 74/108[0m [32m━━━━━━━━━━━━━[0m[37m━━━━━━━[0m [1m8s[0m 248ms/step - auc: 0.9264 - binary_accuracy: 0.8285 - loss: 0.3913
[1m 75/108[0m [32m━━━━━━━━━━━━━[0m[37m━━━━━━━[0m [1m8s[0m 249ms/step - auc: 0.9265 - binary_accuracy: 0.8289 - loss: 0.3910
[1m 76/108[0m [32m━━━━━━━━━━━━━━[0m[37m━━━━━━[0m [1m7s[0m 249ms/step - auc: 0.9266 - binary_accuracy: 0.8293 - loss: 0.3907
[1m 77/108[0m [32m━━━━━━━━━━━━━━[0m[37m━━━━━━[0m [1m7s[0m 249ms/step - auc: 0.9266 - binary_accuracy: 0.8297 - loss: 0.3904
[1m 78/108[0m [32m━━━━━━━━━━━━━━[0m[37m━━━━━━[0m [1m7s[0m 249ms/step - auc: 0.9267 - binary_accuracy: 0.8301 - loss: 0.3901
[1m 79/108[0m [32m━━━━━━━━━━━━━━[0m[37m━━━━━━[0m [1m7s[0m 249ms/step - auc: 0.9268 - binary_accuracy: 0.8304 - loss: 0.3898
[1m 80/108[0m [32m━━━━━━━━━━━━━━[0m[37m━━━━━━[0m [1m6s[0m 249ms/step - auc: 0.9269 - binary_accuracy: 0.8308 - loss: 0.3894
[1m 81/108[0m [32m━━━━━━━━━━━━━━━[0m[37m━━━━━[0m [1m6s[0m 249ms/step - auc: 0.9270 - binary_accuracy: 0.8312 - loss: 0.3891
[1m 82/108[0m [32m━━━━━━━━━━━━━━━[0m[37m━━━━━[0m [1m6s[0m 249ms/step - auc: 0.9271 - binary_accuracy: 0.8315 - loss: 0.3889
[1m 83/108[0m [32m━━━━━━━━━━━━━━━[0m[37m━━━━━[0m [1m6s[0m 249ms/step - auc: 0.9271 - binary_accuracy: 0.8318 - loss: 0.3886
[1m 84/108[0m [32m━━━━━━━━━━━━━━━[0m[37m━━━━━[0m [1m5s[0m 249ms/step - auc: 0.9272 - binary_accuracy: 0.8321 - loss: 0.3884
[1m 85/108[0m [32m━━━━━━━━━━━━━━━[0m[37m━━━━━[0m [1m5s[0m 249ms/step - auc: 0.9273 - binary_accuracy: 0.8324 - loss: 0.3882
[1m 86/108[0m [32m━━━━━━━━━━━━━━━[0m[37m━━━━━[0m [1m5s[0m 249ms/step - auc: 0.9273 - binary_accuracy: 0.8327 - loss: 0.3879
[1m 87/108[0m [32m━━━━━━━━━━━━━━━━[0m[37m━━━━[0m [1m5s[0m 249ms/step - auc: 0.9274 - binary_accuracy: 0.8330 - loss: 0.3877
[1m 88/108[0m [32m━━━━━━━━━━━━━━━━[0m[37m━━━━[0m [1m4s[0m 249ms/step - auc: 0.9275 - binary_accuracy: 0.8333 - loss: 0.3875
[1m 89/108[0m [32m━━━━━━━━━━━━━━━━[0m[37m━━━━[0m [1m4s[0m 250ms/step - auc: 0.9275 - binary_accuracy: 0.8336 - loss: 0.3872
[1m 90/108[0m [32m━━━━━━━━━━━━━━━━[0m[37m━━━━[0m [1m4s[0m 250ms/step - auc: 0.9276 - binary_accuracy: 0.8338 - loss: 0.3870
[1m 91/108[0m [32m━━━━━━━━━━━━━━━━[0m[37m━━━━[0m [1m4s[0m 250ms/step - auc: 0.9276 - binary_accuracy: 0.8341 - loss: 0.3868
[1m 92/108[0m [32m━━━━━━━━━━━━━━━━━[0m[37m━━━[0m [1m3s[0m 250ms/step - auc: 0.9277 - binary_accuracy: 0.8343 - loss: 0.3866
[1m 93/108[0m [32m━━━━━━━━━━━━━━━━━[0m[37m━━━[0m [1m3s[0m 250ms/step - auc: 0.9278 - binary_accuracy: 0.8346 - loss: 0.3864
[1m 94/108[0m [32m━━━━━━━━━━━━━━━━━[0m[37m━━━[0m [1m3s[0m 250ms/step - auc: 0.9278 - binary_accuracy: 0.8349 - loss: 0.3862
[1m 95/108[0m [32m━━━━━━━━━━━━━━━━━[0m[37m━━━[0m [1m3s[0m 250ms/step - auc: 0.9279 - binary_accuracy: 0.8351 - loss: 0.3860
[1m 96/108[0m [32m━━━━━━━━━━━━━━━━━[0m[37m━━━[0m [1m2s[0m 250ms/step - auc: 0.9280 - binary_accuracy: 0.8354 - loss: 0.3858
[1m 97/108[0m [32m━━━━━━━━━━━━━━━━━[0m[37m━━━[0m [1m2s[0m 250ms/step - auc: 0.9280 - binary_accuracy: 0.8357 - loss: 0.3856
[1m 98/108[0m [32m━━━━━━━━━━━━━━━━━━[0m[37m━━[0m [1m2s[0m 250ms/step - auc: 0.9281 - binary_accuracy: 0.8359 - loss: 0.3854
[1m 99/108[0m [32m━━━━━━━━━━━━━━━━━━[0m[37m━━[0m [1m2s[0m 250ms/step - auc: 0.9281 - binary_accuracy: 0.8362 - loss: 0.3852
[1m100/108[0m [32m━━━━━━━━━━━━━━━━━━[0m[37m━━[0m [1m1s[0m 250ms/step - auc: 0.9282 - binary_accuracy: 0.8364 - loss: 0.3850
[1m101/108[0m [32m━━━━━━━━━━━━━━━━━━[0m[37m━━[0m [1m1s[0m 250ms/step - auc: 0.9283 - binary_accuracy: 0.8367 - loss: 0.3848
[1m102/108[0m [32m━━━━━━━━━━━━━━━━━━[0m[37m━━[0m [1m1s[0m 250ms/step - auc: 0.9283 - binary_accuracy: 0.8369 - loss: 0.3847
[1m103/108[0m [32m━━━━━━━━━━━━━━━━━━━[0m[37m━[0m [1m1s[0m 250ms/step - auc: 0.9284 - binary_accuracy: 0.8372 - loss: 0.3845
[1m104/108[0m [32m━━━━━━━━━━━━━━━━━━━[0m[37m━[0m [1m0s[0m 250ms/step - auc: 0.9284 - binary_accuracy: 0.8374 - loss: 0.3844
[1m105/108[0m [32m━━━━━━━━━━━━━━━━━━━[0m[37m━[0m [1m0s[0m 250ms/step - auc: 0.9285 - binary_accuracy: 0.8376 - loss: 0.3843
[1m106/108[0m [32m━━━━━━━━━━━━━━━━━━━[0m[37m━[0m [1m0s[0m 250ms/step - auc: 0.9285 - binary_accuracy: 0.8378 - loss: 0.3841
[1m107/108[0m [32m━━━━━━━━━━━━━━━━━━━[0m[37m━[0m [1m0s[0m 250ms/step - auc: 0.9285 - binary_accuracy: 0.8380 - loss: 0.3841
[1m108/108[0m [32m━━━━━━━━━━━━━━━━━━━━[0m[37m[0m [1m0s[0m 248ms/step - auc: 0.9286 - binary_accuracy: 0.8381 - loss: 0.3840transfer phase-a: epoch 2/8 done in 33.3s loss=0.3754 auc=0.9315 val_loss=0.5065 val_auc=0.9652

[1m108/108[0m [32m━━━━━━━━━━━━━━━━━━━━[0m[37m[0m [1m33s[0m 307ms/step - auc: 0.9315 - binary_accuracy: 0.8567 - loss: 0.3754 - val_auc: 0.9652 - val_binary_accuracy: 0.7848 - val_loss: 0.5065
transfer phase-a: epoch 3/8 start
Epoch 3/3

[1m  1/108[0m [37m━━━━━━━━━━━━━━━━━━━━[0m [1m48s[0m 455ms/step - auc: 0.8621 - binary_accuracy: 0.6562 - loss: 0.4809
[1m  2/108[0m [37m━━━━━━━━━━━━━━━━━━━━[0m [1m26s[0m 249ms/step - auc: 0.8596 - binary_accuracy: 0.6719 - loss: 0.4987
[1m  3/108[0m [37m━━━━━━━━━━━━━━━━━━━━[0m [1m26s[0m 249ms/step - auc: 0.8623 - binary_accuracy: 0.6840 - loss: 0.5026
[1m  4/108[0m [37m━━━━━━━━━━━━━━━━━━━━[0m [1m26s[0m 250ms/step - auc: 0.8704 - binary_accuracy: 0.6966 - loss: 0.4950
[1m  5/108[0m [37m━━━━━━━━━━━━━━━━━━━━[0m [1m25s[0m 251ms/step - auc: 0.8797 - binary_accuracy: 0.7073 - loss: 0.4842
[1m  6/108[0m [32m━[0m[37m━━━━━━━━━━━━━━━━━━━[0m [1m25s[0m 251ms/step - auc: 0.8870 - binary_accuracy: 0.7179 - loss: 0.4748
[1m  7/108[0m [32m━[0m[37m━━━━━━━━━━━━━━━━━━━[0m [1m25s[0m 250ms/step - auc: 0.8931 - binary_accuracy: 0.7282 - loss: 0.4645
[1m  8/108[0m [32m━[0m[37m━━━━━━━━━━━━━━━━━━━[0m [1m24s[0m 250ms/step - auc: 0.8973 - binary_accuracy: 0.7378 - loss: 0.4582
[1m  9/108[0m [32m━[0m[37m━━━━━━━━━━━━━━━━━━━[0m [1m24s[0m 250ms/step - auc: 0.9006 - binary_accuracy: 0.7457 - loss: 0.4530
[1m 10/108[0m [32m━[0m[37m━━━━━━━━━━━━━━━━━━━[0m [1m24s[0m 251ms/step - auc: 0.9032 - binary_accuracy: 0.7524 - loss: 0.4492
[1m 11/108[0m [32m━━[0m[37m━━━━━━━━━━━━━━━━━━[0m [1m24s[0m 253ms/step - auc: 0.9054 - binary_accuracy: 0.7578 - loss: 0.4454
[1m 12/108[0m [32m━━[0m[37m━━━━━━━━━━━━━━━━━━[0m [1m24s[0m 254ms/step - auc: 0.9073 - binary_accuracy: 0.7622 - loss: 0.4414
[1m 13/108[0m [32m━━[0m[37m━━━━━━━━━━━━━━━━━━[0m [1m24s[0m 254ms/step - auc: 0.9091 - binary_accuracy: 0.7666 - loss: 0.4377
[1m 14/108[0m [32m━━[0m[37m━━━━━━━━━━━━━━━━━━[0m [1m23s[0m 254ms/step - auc: 0.9107 - binary_accuracy: 0.7702 - loss: 0.4344
[1m 15/108[0m [32m━━[0m[37m━━━━━━━━━━━━━━━━━━[0m [1m23s[0m 254ms/step - auc: 0.9121 - binary_accuracy: 0.7733 - loss: 0.4317
[1m 16/108[0m [32m━━[0m[37m━━━━━━━━━━━━━━━━━━[0m [1m23s[0m 254ms/step - auc: 0.9136 - binary_accuracy: 0.7764 - loss: 0.4290
[1m 17/108[0m [32m━━━[0m[37m━━━━━━━━━━━━━━━━━[0m [1m23s[0m 254ms/step - auc: 0.9151 - binary_accuracy: 0.7791 - loss: 0.4260
[1m 18/108[0m [32m━━━[0m[37m━━━━━━━━━━━━━━━━━[0m [1m22s[0m 254ms/step - auc: 0.9165 - binary_accuracy: 0.7818 - loss: 0.4228
[1m 19/108[0m [32m━━━[0m[37m━━━━━━━━━━━━━━━━━[0m [1m22s[0m 254ms/step - auc: 0.9180 - binary_accuracy: 0.7845 - loss: 0.4195
[1m 20/108[0m [32m━━━[0m[37m━━━━━━━━━━━━━━━━━[0m [1m22s[0m 254ms/step - auc: 0.9195 - binary_accuracy: 0.7871 - loss: 0.4160
[1m 21/108[0m [32m━━━[0m[37m━━━━━━━━━━━━━━━━━[0m [1m22s[0m 254ms/step - auc: 0.9207 - binary_accuracy: 0.7894 - loss: 0.4130
[1m 22/108[0m [32m━━━━[0m[37m━━━━━━━━━━━━━━━━[0m [1m21s[0m 254ms/step - auc: 0.9220 - binary_accuracy: 0.7918 - loss: 0.4100
[1m 23/108[0m [32m━━━━[0m[37m━━━━━━━━━━━━━━━━[0m [1m21s[0m 254ms/step - auc: 0.9232 - binary_accuracy: 0.7940 - loss: 0.4070
[1m 24/108[0m [32m━━━━[0m[37m━━━━━━━━━━━━━━━━[0m [1m21s[0m 254ms/step - auc: 0.9243 - binary_accuracy: 0.7961 - loss: 0.4042
[1m 25/108[0m [32m━━━━[0m[37m━━━━━━━━━━━━━━━━[0m [1m21s[0m 254ms/step - auc: 0.9252 - binary_accuracy: 0.7981 - loss: 0.4020
[1m 26/108[0m [32m━━━━[0m[37m━━━━━━━━━━━━━━━━[0m [1m20s[0m 254ms/step - auc: 0.9260 - binary_accuracy: 0.8001 - loss: 0.3998
[1m 27/108[0m [32m━━━━━[0m[37m━━━━━━━━━━━━━━━[0m [1m20s[0m 254ms/step - auc: 0.9269 - binary_accuracy: 0.8022 - loss: 0.3975
[1m 28/108[0m [32m━━━━━[0m[37m━━━━━━━━━━━━━━━[0m [1m20s[0m 254ms/step - auc: 0.9278 - binary_accuracy: 0.8042 - loss: 0.3952
[1m 29/108[0m [32m━━━━━[0m[37m━━━━━━━━━━━━━━━[0m [1m20s[0m 254ms/step - auc: 0.9287 - binary_accuracy: 0.8062 - loss: 0.3930
[1m 30/108[0m [32m━━━━━[0m[37m━━━━━━━━━━━━━━━[0m [1m19s[0m 254ms/step - auc: 0.9295 - binary_accuracy: 0.8081 - loss: 0.3908
[1m 31/108[0m [32m━━━━━[0m[37m━━━━━━━━━━━━━━━[0m [1m19s[0m 254ms/step - auc: 0.9304 - binary_accuracy: 0.8100 - loss: 0.3887
[1m 32/108[0m [32m━━━━━[0m[37m━━━━━━━━━━━━━━━[0m [1m19s[0m 254ms/step - auc: 0.9312 - binary_accuracy: 0.8119 - loss: 0.3865
[1m 33/108[0m [32m━━━━━━[0m[37m━━━━━━━━━━━━━━[0m [1m19s[0m 254ms/step - auc: 0.9320 - binary_accuracy: 0.8137 - loss: 0.3844
[1m 34/108[0m [32m━━━━━━[0m[37m━━━━━━━━━━━━━━[0m [1m18s[0m 254ms/step - auc: 0.9328 - binary_accuracy: 0.8154 - loss: 0.3825
[1m 35/108[0m [32m━━━━━━[0m[37m━━━━━━━━━━━━━━[0m [1m18s[0m 254ms/step - auc: 0.9335 - binary_accuracy: 0.8170 - loss: 0.3807
[1m 36/108[0m [32m━━━━━━[0m[37m━━━━━━━━━━━━━━[0m [1m18s[0m 254ms/step - auc: 0.9342 - binary_accuracy: 0.8186 - loss: 0.3790
[1m 37/108[0m [32m━━━━━━[0m[37m━━━━━━━━━━━━━━[0m [1m18s[0m 254ms/step - auc: 0.9349 - binary_accuracy: 0.8200 - loss: 0.3774
[1m 38/108[0m [32m━━━━━━━[0m[37m━━━━━━━━━━━━━[0m [1m17s[0m 254ms/step - auc: 0.9355 - binary_accuracy: 0.8212 - loss: 0.3759
[1m 39/108[0m [32m━━━━━━━[0m[37m━━━━━━━━━━━━━[0m [1m17s[0m 254ms/step - auc: 0.9360 - binary_accuracy: 0.8223 - loss: 0.3744
[1m 40/108[0m [32m━━━━━━━[0m[37m━━━━━━━━━━━━━[0m [1m17s[0m 254ms/step - auc: 0.9366 - binary_accuracy: 0.8234 - loss: 0.3730
[1m 41/108[0m [32m━━━━━━━[0m[37m━━━━━━━━━━━━━[0m [1m17s[0m 254ms/step - auc: 0.9371 - binary_accuracy: 0.8244 - loss: 0.3716
[1m 42/108[0m [32m━━━━━━━[0m[37m━━━━━━━━━━━━━[0m [1m16s[0m 255ms/step - auc: 0.9376 - binary_accuracy: 0.8255 - loss: 0.3703
[1m 43/108[0m [32m━━━━━━━[0m[37m━━━━━━━━━━━━━[0m [1m16s[0m 255ms/step - auc: 0.9382 - binary_accuracy: 0.8265 - loss: 0.3689
[1m 44/108[0m [32m━━━━━━━━[0m[37m━━━━━━━━━━━━[0m [1m16s[0m 255ms/step - auc: 0.9387 - binary_accuracy: 0.8275 - loss: 0.3677
[1m 45/108[0m [32m━━━━━━━━[0m[37m━━━━━━━━━━━━[0m [1m16s[0m 255ms/step - auc: 0.9392 - binary_accuracy: 0.8285 - loss: 0.3664
[1m 46/108[0m [32m━━━━━━━━[0m[37m━━━━━━━━━━━━[0m [1m15s[0m 255ms/step - auc: 0.9397 - binary_accuracy: 0.8294 - loss: 0.3651
[1m 47/108[0m [32m━━━━━━━━[0m[37m━━━━━━━━━━━━[0m [1m15s[0m 255ms/step - auc: 0.9401 - binary_accuracy: 0.8303 - loss: 0.3639
[1m 48/108[0m [32m━━━━━━━━[0m[37m━━━━━━━━━━━━[0m [1m15s[0m 255ms/step - auc: 0.9406 - binary_accuracy: 0.8312 - loss: 0.3627
[1m 49/108[0m [32m━━━━━━━━━[0m[37m━━━━━━━━━━━[0m [1m15s[0m 255ms/step - auc: 0.9410 - binary_accuracy: 0.8321 - loss: 0.3616
[1m 50/108[0m [32m━━━━━━━━━[0m[37m━━━━━━━━━━━[0m [1m14s[0m 255ms/step - auc: 0.9415 - binary_accuracy: 0.8329 - loss: 0.3605
[1m 51/108[0m [32m━━━━━━━━━[0m[37m━━━━━━━━━━━[0m [1m14s[0m 255ms/step - auc: 0.9419 - binary_accuracy: 0.8337 - loss: 0.3594
[1m 52/108[0m [32m━━━━━━━━━[0m[37m━━━━━━━━━━━[0m [1m14s[0m 255ms/step - auc: 0.9423 - binary_accuracy: 0.8345 - loss: 0.3583
[1m 53/108[0m [32m━━━━━━━━━[0m[37m━━━━━━━━━━━[0m [1m14s[0m 255ms/step - auc: 0.9426 - binary_accuracy: 0.8353 - loss: 0.3573
[1m 54/108[0m [32m━━━━━━━━━━[0m[37m━━━━━━━━━━[0m [1m13s[0m 255ms/step - auc: 0.9429 - binary_accuracy: 0.8361 - loss: 0.3565
[1m 55/108[0m [32m━━━━━━━━━━[0m[37m━━━━━━━━━━[0m [1m13s[0m 255ms/step - auc: 0.9432 - binary_accuracy: 0.8368 - loss: 0.3557
[1m 56/108[0m [32m━━━━━━━━━━[0m[37m━━━━━━━━━━[0m [1m13s[0m 255ms/step - auc: 0.9435 - binary_accuracy: 0.8375 - loss: 0.3551
[1m 57/108[0m [32m━━━━━━━━━━[0m[37m━━━━━━━━━━[0m [1m12s[0m 255ms/step - auc: 0.9437 - binary_accuracy: 0.8382 - loss: 0.3545
[1m 58/108[0m [32m━━━━━━━━━━[0m[37m━━━━━━━━━━[0m [1m12s[0m 255ms/step - auc: 0.9439 - binary_accuracy: 0.8388 - loss: 0.3539
[1m 59/108[0m [32m━━━━━━━━━━[0m[37m━━━━━━━━━━[0m [1m12s[0m 255ms/step - auc: 0.9441 - binary_accuracy: 0.8393 - loss: 0.3534
[1m 60/108[0m [32m━━━━━━━━━━━[0m[37m━━━━━━━━━[0m [1m12s[0m 255ms/step - auc: 0.9443 - binary_accuracy: 0.8398 - loss: 0.3530
[1m 61/108[0m [32m━━━━━━━━━━━[0m[37m━━━━━━━━━[0m [1m11s[0m 255ms/step - auc: 0.9444 - binary_accuracy: 0.8402 - loss: 0.3526
[1m 62/108[0m [32m━━━━━━━━━━━[0m[37m━━━━━━━━━[0m [1m11s[0m 255ms/step - auc: 0.9445 - binary_accuracy: 0.8406 - loss: 0.3522
[1m 63/108[0m [32m━━━━━━━━━━━[0m[37m━━━━━━━━━[0m [1m11s[0m 255ms/step - auc: 0.9446 - binary_accuracy: 0.8409 - loss: 0.3518
[1m 64/108[0m [32m━━━━━━━━━━━[0m[37m━━━━━━━━━[0m [1m11s[0m 255ms/step - auc: 0.9448 - binary_accuracy: 0.8412 - loss: 0.3514
[1m 65/108[0m [32m━━━━━━━━━━━━[0m[37m━━━━━━━━[0m [1m10s[0m 255ms/step - auc: 0.9449 - binary_accuracy: 0.8415 - loss: 0.3510
[1m 66/108[0m [32m━━━━━━━━━━━━[0m[37m━━━━━━━━[0m [1m10s[0m 255ms/step - auc: 0.9450 - binary_accuracy: 0.8418 - loss: 0.3507
[1m 67/108[0m [32m━━━━━━━━━━━━[0m[37m━━━━━━━━[0m [1m10s[0m 255ms/step - auc: 0.9451 - binary_accuracy: 0.8421 - loss: 0.3503
[1m 68/108[0m [32m━━━━━━━━━━━━[0m[37m━━━━━━━━[0m [1m10s[0m 255ms/step - auc: 0.9451 - binary_accuracy: 0.8424 - loss: 0.3500
[1m 69/108[0m [32m━━━━━━━━━━━━[0m[37m━━━━━━━━[0m [1m9s[0m 255ms/step - auc: 0.9452 - binary_accuracy: 0.8427 - loss: 0.3496 
[1m 70/108[0m [32m━━━━━━━━━━━━[0m[37m━━━━━━━━[0m [1m9s[0m 255ms/step - auc: 0.9454 - binary_accuracy: 0.8431 - loss: 0.3492
[1m 71/108[0m [32m━━━━━━━━━━━━━[0m[37m━━━━━━━[0m [1m9s[0m 255ms/step - auc: 0.9455 - binary_accuracy: 0.8434 - loss: 0.3488
[1m 72/108[0m [32m━━━━━━━━━━━━━[0m[37m━━━━━━━[0m [1m9s[0m 255ms/step - auc: 0.9455 - binary_accuracy: 0.8437 - loss: 0.3484
[1m 73/108[0m [32m━━━━━━━━━━━━━[0m[37m━━━━━━━[0m [1m8s[0m 255ms/step - auc: 0.9456 - binary_accuracy: 0.8440 - loss: 0.3481
[1m 74/108[0m [32m━━━━━━━━━━━━━[0m[37m━━━━━━━[0m [1m8s[0m 255ms/step - auc: 0.9457 - binary_accuracy: 0.8444 - loss: 0.3478
[1m 75/108[0m [32m━━━━━━━━━━━━━[0m[37m━━━━━━━[0m [1m8s[0m 255ms/step - auc: 0.9458 - binary_accuracy: 0.8447 - loss: 0.3474
[1m 76/108[0m [32m━━━━━━━━━━━━━━[0m[37m━━━━━━[0m [1m8s[0m 255ms/step - auc: 0.9459 - binary_accuracy: 0.8451 - loss: 0.3471
[1m 77/108[0m [32m━━━━━━━━━━━━━━[0m[37m━━━━━━[0m [1m7s[0m 255ms/step - auc: 0.9460 - binary_accuracy: 0.8454 - loss: 0.3467
[1m 78/108[0m [32m━━━━━━━━━━━━━━[0m[37m━━━━━━[0m [1m7s[0m 255ms/step - auc: 0.9461 - binary_accuracy: 0.8458 - loss: 0.3463
[1m 79/108[0m [32m━━━━━━━━━━━━━━[0m[37m━━━━━━[0m [1m7s[0m 255ms/step - auc: 0.9462 - binary_accuracy: 0.8461 - loss: 0.3459
[1m 80/108[0m [32m━━━━━━━━━━━━━━[0m[37m━━━━━━[0m [1m7s[0m 255ms/step - auc: 0.9464 - binary_accuracy: 0.8465 - loss: 0.3456
[1m 81/108[0m [32m━━━━━━━━━━━━━━━[0m[37m━━━━━[0m [1m6s[0m 255ms/step - auc: 0.9465 - binary_accuracy: 0.8468 - loss: 0.3452
[1m 82/108[0m [32m━━━━━━━━━━━━━━━[0m[37m━━━━━[0m [1m6s[0m 254ms/step - auc: 0.9466 - binary_accuracy: 0.8472 - loss: 0.3449
[1m 83/108[0m [32m━━━━━━━━━━━━━━━[0m[37m━━━━━[0m [1m6s[0m 254ms/step - auc: 0.9467 - binary_accuracy: 0.8475 - loss: 0.3446
[1m 84/108[0m [32m━━━━━━━━━━━━━━━[0m[37m━━━━━[0m [1m6s[0m 254ms/step - auc: 0.9468 - binary_accuracy: 0.8478 - loss: 0.3443
[1m 85/108[0m [32m━━━━━━━━━━━━━━━[0m[37m━━━━━[0m [1m5s[0m 254ms/step - auc: 0.9469 - binary_accuracy: 0.8481 - loss: 0.3440
[1m 86/108[0m [32m━━━━━━━━━━━━━━━[0m[37m━━━━━[0m [1m5s[0m 254ms/step - auc: 0.9469 - binary_accuracy: 0.8484 - loss: 0.3437
[1m 87/108[0m [32m━━━━━━━━━━━━━━━━[0m[37m━━━━[0m [1m5s[0m 254ms/step - auc: 0.9470 - binary_accuracy: 0.8486 - loss: 0.3435
[1m 88/108[0m [32m━━━━━━━━━━━━━━━━[0m[37m━━━━[0m [1m5s[0m 254ms/step - auc: 0.9471 - binary_accuracy: 0.8489 - loss: 0.3432
[1m 89/108[0m [32m━━━━━━━━━━━━━━━━[0m[37m━━━━[0m [1m4s[0m 254ms/step - auc: 0.9471 - binary_accuracy: 0.8491 - loss: 0.3430
[1m 90/108[0m [32m━━━━━━━━━━━━━━━━[0m[37m━━━━[0m [1m4s[0m 254ms/step - auc: 0.9472 - binary_accuracy: 0.8493 - loss: 0.3428
[1m 91/108[0m [32m━━━━━━━━━━━━━━━━[0m[37m━━━━[0m [1m4s[0m 254ms/step - auc: 0.9473 - binary_accuracy: 0.8495 - loss: 0.3426
[1m 92/108[0m [32m━━━━━━━━━━━━━━━━━[0m[37m━━━[0m [1m4s[0m 254ms/step - auc: 0.9473 - binary_accuracy: 0.8497 - loss: 0.3423
[1m 93/108[0m [32m━━━━━━━━━━━━━━━━━[0m[37m━━━[0m [1m3s[0m 254ms/step - auc: 0.9474 - binary_accuracy: 0.8500 - loss: 0.3421
[1m 94/108[0m [32m━━━━━━━━━━━━━━━━━[0m[37m━━━[0m [1m3s[0m 254ms/step - auc: 0.9475 - binary_accuracy: 0.8502 - loss: 0.3419
[1m 95/108[0m [32m━━━━━━━━━━━━━━━━━[0m[37m━━━[0m [1m3s[0m 254ms/step - auc: 0.9475 - binary_accuracy: 0.8504 - loss: 0.3417
[1m 96/108[0m [32m━━━━━━━━━━━━━━━━━[0m[37m━━━[0m [1m3s[0m 254ms/step - auc: 0.9476 - binary_accuracy: 0.8506 - loss: 0.3415
[1m 97/108[0m [32m━━━━━━━━━━━━━━━━━[0m[37m━━━[0m [1m2s[0m 254ms/step - auc: 0.9477 - binary_accuracy: 0.8508 - loss: 0.3413
[1m 98/108[0m [32m━━━━━━━━━━━━━━━━━━[0m[37m━━[0m [1m2s[0m 254ms/step - auc: 0.9477 - binary_accuracy: 0.8510 - loss: 0.3411
[1m 99/108[0m [32m━━━━━━━━━━━━━━━━━━[0m[37m━━[0m [1m2s[0m 254ms/step - auc: 0.9478 - binary_accuracy: 0.8513 - loss: 0.3409
[1m100/108[0m [32m━━━━━━━━━━━━━━━━━━[0m[37m━━[0m [1m2s[0m 254ms/step - auc: 0.9478 - binary_accuracy: 0.8515 - loss: 0.3407
[1m101/108[0m [32m━━━━━━━━━━━━━━━━━━[0m[37m━━[0m [1m1s[0m 254ms/step - auc: 0.9479 - binary_accuracy: 0.8517 - loss: 0.3405
[1m102/108[0m [32m━━━━━━━━━━━━━━━━━━[0m[37m━━[0m [1m1s[0m 254ms/step - auc: 0.9480 - binary_accuracy: 0.8519 - loss: 0.3403
[1m103/108[0m [32m━━━━━━━━━━━━━━━━━━━[0m[37m━[0m [1m1s[0m 254ms/step - auc: 0.9480 - binary_accuracy: 0.8521 - loss: 0.3402
[1m104/108[0m [32m━━━━━━━━━━━━━━━━━━━[0m[37m━[0m [1m1s[0m 254ms/step - auc: 0.9481 - binary_accuracy: 0.8523 - loss: 0.3400
[1m105/108[0m [32m━━━━━━━━━━━━━━━━━━━[0m[37m━[0m [1m0s[0m 253ms/step - auc: 0.9481 - binary_accuracy: 0.8525 - loss: 0.3399
[1m106/108[0m [32m━━━━━━━━━━━━━━━━━━━[0m[37m━[0m [1m0s[0m 253ms/step - auc: 0.9482 - binary_accuracy: 0.8526 - loss: 0.3398
[1m107/108[0m [32m━━━━━━━━━━━━━━━━━━━[0m[37m━[0m [1m0s[0m 253ms/step - auc: 0.9482 - binary_accuracy: 0.8528 - loss: 0.3397
[1m108/108[0m [32m━━━━━━━━━━━━━━━━━━━━[0m[37m[0m [1m0s[0m 252ms/step - auc: 0.9482 - binary_accuracy: 0.8530 - loss: 0.3396transfer phase-a: epoch 3/8 done in 33.7s loss=0.3285 auc=0.9524 val_loss=0.4376 val_auc=0.9725

[1m108/108[0m [32m━━━━━━━━━━━━━━━━━━━━[0m[37m[0m [1m34s[0m 311ms/step - auc: 0.9524 - binary_accuracy: 0.8701 - loss: 0.3285 - val_auc: 0.9725 - val_binary_accuracy: 0.8109 - val_loss: 0.4376
[INFO] focus_binary.focus_binary.models.transfer: phase2: fine-tuning
[INFO] focus_binary.focus_binary.models.transfer: unfreeze blocks
transfer phase-a: epoch 1/8 start
Epoch 1/5

[1m  1/108[0m [37m━━━━━━━━━━━━━━━━━━━━[0m [1m5:52[0m 3s/step - auc: 0.9368 - binary_accuracy: 0.7812 - loss: 0.3741
[1m  2/108[0m [37m━━━━━━━━━━━━━━━━━━━━[0m [1m28s[0m 273ms/step - auc: 0.8757 - binary_accuracy: 0.8125 - loss: 0.6414
[1m  3/108[0m [37m━━━━━━━━━━━━━━━━━━━━[0m [1m28s[0m 271ms/step - auc: 0.8456 - binary_accuracy: 0.8160 - loss: 0.7185
[1m  4/108[0m [37m━━━━━━━━━━━━━━━━━━━━[0m [1m28s[0m 271ms/step - auc: 0.8261 - binary_accuracy: 0.8073 - loss: 0.7364
[1m  5/108[0m [37m━━━━━━━━━━━━━━━━━━━━[0m [1m28s[0m 272ms/step - auc: 0.8176 - binary_accuracy: 0.7921 - loss: 0.7389
[1m  6/108[0m [32m━[0m[37m━━━━━━━━━━━━━━━━━━━[0m [1m27s[0m 272ms/step - auc: 0.8143 - binary_accuracy: 0.7755 - loss: 0.7408
[1m  7/108[0m [32m━[0m[37m━━━━━━━━━━━━━━━━━━━[0m [1m27s[0m 273ms/step - auc: 0.8118 - binary_accuracy: 0.7617 - loss: 0.7420
[1m  8/108[0m [32m━[0m[37m━━━━━━━━━━━━━━━━━━━[0m [1m27s[0m 275ms/step - auc: 0.8113 - binary_accuracy: 0.7500 - loss: 0.7420
[1m  9/108[0m [32m━[0m[37m━━━━━━━━━━━━━━━━━━━[0m [1m27s[0m 276ms/step - auc: 0.8097 - binary_accuracy: 0.7411 - loss: 0.7478
[1m 10/108[0m [32m━[0m[37m━━━━━━━━━━━━━━━━━━━[0m [1m27s[0m 276ms/step - auc: 0.8096 - binary_accuracy: 0.7357 - loss: 0.7482
[1m 11/108[0m [32m━━[0m[37m━━━━━━━━━━━━━━━━━━[0m [1m26s[0m 277ms/step - auc: 0.8087 - binary_accuracy: 0.7329 - loss: 0.7483
[1m 12/108[0m [32m━━[0m[37m━━━━━━━━━━━━━━━━━━[0m [1m26s[0m 277ms/step - auc: 0.8084 - binary_accuracy: 0.7313 - loss: 0.7449
[1m 13/108[0m [32m━━[0m[37m━━━━━━━━━━━━━━━━━━[0m [1m26s[0m 277ms/step - auc: 0.8081 - binary_accuracy: 0.7309 - loss: 0.7411
[1m 14/108[0m [32m━━[0m[37m━━━━━━━━━━━━━━━━━━[0m [1m26s[0m 280ms/step - auc: 0.8082 - binary_accuracy: 0.7308 - loss: 0.7373
[1m 15/108[0m [32m━━[0m[37m━━━━━━━━━━━━━━━━━━[0m [1m26s[0m 280ms/step - auc: 0.8081 - binary_accuracy: 0.7313 - loss: 0.7343
[1m 16/108[0m [32m━━[0m[37m━━━━━━━━━━━━━━━━━━[0m [1m25s[0m 281ms/step - auc: 0.8077 - binary_accuracy: 0.7316 - loss: 0.7324
[1m 17/108[0m [32m━━━[0m[37m━━━━━━━━━━━━━━━━━[0m [1m25s[0m 281ms/step - auc: 0.8073 - binary_accuracy: 0.7320 - loss: 0.7295
[1m 18/108[0m [32m━━━[0m[37m━━━━━━━━━━━━━━━━━[0m [1m25s[0m 281ms/step - auc: 0.8069 - binary_accuracy: 0.7322 - loss: 0.7261
[1m 19/108[0m [32m━━━[0m[37m━━━━━━━━━━━━━━━━━[0m [1m25s[0m 281ms/step - auc: 0.8071 - binary_accuracy: 0.7326 - loss: 0.7223
[1m 20/108[0m [32m━━━[0m[37m━━━━━━━━━━━━━━━━━[0m [1m24s[0m 281ms/step - auc: 0.8073 - binary_accuracy: 0.7331 - loss: 0.7180
[1m 21/108[0m [32m━━━[0m[37m━━━━━━━━━━━━━━━━━[0m [1m24s[0m 282ms/step - auc: 0.8075 - binary_accuracy: 0.7339 - loss: 0.7139
[1m 22/108[0m [32m━━━━[0m[37m━━━━━━━━━━━━━━━━[0m [1m24s[0m 282ms/step - auc: 0.8079 - binary_accuracy: 0.7349 - loss: 0.7095
[1m 23/108[0m [32m━━━━[0m[37m━━━━━━━━━━━━━━━━[0m [1m23s[0m 282ms/step - auc: 0.8084 - binary_accuracy: 0.7360 - loss: 0.7049
[1m 24/108[0m [32m━━━━[0m[37m━━━━━━━━━━━━━━━━[0m [1m23s[0m 282ms/step - auc: 0.8087 - binary_accuracy: 0.7373 - loss: 0.7008
[1m 25/108[0m [32m━━━━[0m[37m━━━━━━━━━━━━━━━━[0m [1m23s[0m 282ms/step - auc: 0.8088 - binary_accuracy: 0.7386 - loss: 0.6973
[1m 26/108[0m [32m━━━━[0m[37m━━━━━━━━━━━━━━━━[0m [1m23s[0m 282ms/step - auc: 0.8090 - binary_accuracy: 0.7398 - loss: 0.6937
[1m 27/108[0m [32m━━━━━[0m[37m━━━━━━━━━━━━━━━[0m [1m22s[0m 282ms/step - auc: 0.8093 - binary_accuracy: 0.7411 - loss: 0.6899
[1m 28/108[0m [32m━━━━━[0m[37m━━━━━━━━━━━━━━━[0m [1m22s[0m 282ms/step - auc: 0.8097 - binary_accuracy: 0.7425 - loss: 0.6861
[1m 29/108[0m [32m━━━━━[0m[37m━━━━━━━━━━━━━━━[0m [1m22s[0m 282ms/step - auc: 0.8103 - binary_accuracy: 0.7439 - loss: 0.6822
[1m 30/108[0m [32m━━━━━[0m[37m━━━━━━━━━━━━━━━[0m [1m22s[0m 282ms/step - auc: 0.8109 - binary_accuracy: 0.7453 - loss: 0.6784
[1m 31/108[0m [32m━━━━━[0m[37m━━━━━━━━━━━━━━━[0m [1m21s[0m 282ms/step - auc: 0.8117 - binary_accuracy: 0.7467 - loss: 0.6746
[1m 32/108[0m [32m━━━━━[0m[37m━━━━━━━━━━━━━━━[0m [1m21s[0m 282ms/step - auc: 0.8125 - binary_accuracy: 0.7480 - loss: 0.6708
[1m 33/108[0m [32m━━━━━━[0m[37m━━━━━━━━━━━━━━[0m [1m21s[0m 282ms/step - auc: 0.8133 - binary_accuracy: 0.7492 - loss: 0.6670
[1m 34/108[0m [32m━━━━━━[0m[37m━━━━━━━━━━━━━━[0m [1m20s[0m 282ms/step - auc: 0.8141 - binary_accuracy: 0.7504 - loss: 0.6635
[1m 35/108[0m [32m━━━━━━[0m[37m━━━━━━━━━━━━━━[0m [1m20s[0m 283ms/step - auc: 0.8150 - binary_accuracy: 0.7516 - loss: 0.6600
[1m 36/108[0m [32m━━━━━━[0m[37m━━━━━━━━━━━━━━[0m [1m20s[0m 283ms/step - auc: 0.8159 - binary_accuracy: 0.7527 - loss: 0.6567
[1m 37/108[0m [32m━━━━━━[0m[37m━━━━━━━━━━━━━━[0m [1m20s[0m 283ms/step - auc: 0.8168 - binary_accuracy: 0.7538 - loss: 0.6535
[1m 38/108[0m [32m━━━━━━━[0m[37m━━━━━━━━━━━━━[0m [1m19s[0m 283ms/step - auc: 0.8176 - binary_accuracy: 0.7549 - loss: 0.6502
[1m 39/108[0m [32m━━━━━━━[0m[37m━━━━━━━━━━━━━[0m [1m19s[0m 283ms/step - auc: 0.8184 - binary_accuracy: 0.7558 - loss: 0.6470
[1m 40/108[0m [32m━━━━━━━[0m[37m━━━━━━━━━━━━━[0m [1m19s[0m 283ms/step - auc: 0.8193 - binary_accuracy: 0.7567 - loss: 0.6438
[1m 41/108[0m [32m━━━━━━━[0m[37m━━━━━━━━━━━━━[0m [1m18s[0m 283ms/step - auc: 0.8202 - binary_accuracy: 0.7576 - loss: 0.6408
[1m 42/108[0m [32m━━━━━━━[0m[37m━━━━━━━━━━━━━[0m [1m18s[0m 283ms/step - auc: 0.8211 - binary_accuracy: 0.7586 - loss: 0.6378
[1m 43/108[0m [32m━━━━━━━[0m[37m━━━━━━━━━━━━━[0m [1m18s[0m 283ms/step - auc: 0.8220 - binary_accuracy: 0.7595 - loss: 0.6348
[1m 44/108[0m [32m━━━━━━━━[0m[37m━━━━━━━━━━━━[0m [1m18s[0m 283ms/step - auc: 0.8230 - binary_accuracy: 0.7604 - loss: 0.6318
[1m 45/108[0m [32m━━━━━━━━[0m[37m━━━━━━━━━━━━[0m [1m17s[0m 283ms/step - auc: 0.8239 - binary_accuracy: 0.7613 - loss: 0.6288
[1m 46/108[0m [32m━━━━━━━━[0m[37m━━━━━━━━━━━━[0m [1m17s[0m 283ms/step - auc: 0.8249 - binary_accuracy: 0.7622 - loss: 0.6259
[1m 47/108[0m [32m━━━━━━━━[0m[37m━━━━━━━━━━━━[0m [1m17s[0m 283ms/step - auc: 0.8258 - binary_accuracy: 0.7630 - loss: 0.6231
[1m 48/108[0m [32m━━━━━━━━[0m[37m━━━━━━━━━━━━[0m [1m16s[0m 283ms/step - auc: 0.8267 - binary_accuracy: 0.7639 - loss: 0.6203
[1m 49/108[0m [32m━━━━━━━━━[0m[37m━━━━━━━━━━━[0m [1m16s[0m 283ms/step - auc: 0.8276 - binary_accuracy: 0.7648 - loss: 0.6176
[1m 50/108[0m [32m━━━━━━━━━[0m[37m━━━━━━━━━━━[0m [1m16s[0m 283ms/step - auc: 0.8285 - binary_accuracy: 0.7657 - loss: 0.6150
[1m 51/108[0m [32m━━━━━━━━━[0m[37m━━━━━━━━━━━[0m [1m16s[0m 283ms/step - auc: 0.8294 - binary_accuracy: 0.7666 - loss: 0.6124
[1m 52/108[0m [32m━━━━━━━━━[0m[37m━━━━━━━━━━━[0m [1m15s[0m 283ms/step - auc: 0.8303 - binary_accuracy: 0.7674 - loss: 0.6098
[1m 53/108[0m [32m━━━━━━━━━[0m[37m━━━━━━━━━━━[0m [1m15s[0m 283ms/step - auc: 0.8311 - binary_accuracy: 0.7683 - loss: 0.6073
[1m 54/108[0m [32m━━━━━━━━━━[0m[37m━━━━━━━━━━[0m [1m15s[0m 283ms/step - auc: 0.8320 - binary_accuracy: 0.7691 - loss: 0.6049
[1m 55/108[0m [32m━━━━━━━━━━[0m[37m━━━━━━━━━━[0m [1m15s[0m 283ms/step - auc: 0.8327 - binary_accuracy: 0.7699 - loss: 0.6027
[1m 56/108[0m [32m━━━━━━━━━━[0m[37m━━━━━━━━━━[0m [1m14s[0m 283ms/step - auc: 0.8335 - binary_accuracy: 0.7706 - loss: 0.6006
[1m 57/108[0m [32m━━━━━━━━━━[0m[37m━━━━━━━━━━[0m [1m14s[0m 283ms/step - auc: 0.8342 - binary_accuracy: 0.7712 - loss: 0.5987
[1m 58/108[0m [32m━━━━━━━━━━[0m[37m━━━━━━━━━━[0m [1m14s[0m 283ms/step - auc: 0.8348 - binary_accuracy: 0.7717 - loss: 0.5969
[1m 59/108[0m [32m━━━━━━━━━━[0m[37m━━━━━━━━━━[0m [1m13s[0m 283ms/step - auc: 0.8354 - binary_accuracy: 0.7721 - loss: 0.5951
[1m 60/108[0m [32m━━━━━━━━━━━[0m[37m━━━━━━━━━[0m [1m13s[0m 283ms/step - auc: 0.8360 - binary_accuracy: 0.7725 - loss: 0.5934
[1m 61/108[0m [32m━━━━━━━━━━━[0m[37m━━━━━━━━━[0m [1m13s[0m 283ms/step - auc: 0.8366 - binary_accuracy: 0.7729 - loss: 0.5917
[1m 62/108[0m [32m━━━━━━━━━━━[0m[37m━━━━━━━━━[0m [1m13s[0m 283ms/step - auc: 0.8372 - binary_accuracy: 0.7733 - loss: 0.5900
[1m 63/108[0m [32m━━━━━━━━━━━[0m[37m━━━━━━━━━[0m [1m12s[0m 283ms/step - auc: 0.8377 - binary_accuracy: 0.7737 - loss: 0.5884
[1m 64/108[0m [32m━━━━━━━━━━━[0m[37m━━━━━━━━━[0m [1m12s[0m 283ms/step - auc: 0.8383 - binary_accuracy: 0.7741 - loss: 0.5868
[1m 65/108[0m [32m━━━━━━━━━━━━[0m[37m━━━━━━━━[0m [1m12s[0m 283ms/step - auc: 0.8388 - binary_accuracy: 0.7746 - loss: 0.5852
[1m 66/108[0m [32m━━━━━━━━━━━━[0m[37m━━━━━━━━[0m [1m11s[0m 283ms/step - auc: 0.8392 - binary_accuracy: 0.7750 - loss: 0.5838
[1m 67/108[0m [32m━━━━━━━━━━━━[0m[37m━━━━━━━━[0m [1m11s[0m 283ms/step - auc: 0.8397 - binary_accuracy: 0.7754 - loss: 0.5825
[1m 68/108[0m [32m━━━━━━━━━━━━[0m[37m━━━━━━━━[0m [1m11s[0m 283ms/step - auc: 0.8401 - binary_accuracy: 0.7758 - loss: 0.5811
[1m 69/108[0m [32m━━━━━━━━━━━━[0m[37m━━━━━━━━[0m [1m11s[0m 283ms/step - auc: 0.8405 - binary_accuracy: 0.7762 - loss: 0.5797
[1m 70/108[0m [32m━━━━━━━━━━━━[0m[37m━━━━━━━━[0m [1m10s[0m 283ms/step - auc: 0.8409 - binary_accuracy: 0.7766 - loss: 0.5784
[1m 71/108[0m [32m━━━━━━━━━━━━━[0m[37m━━━━━━━[0m [1m10s[0m 283ms/step - auc: 0.8413 - binary_accuracy: 0.7771 - loss: 0.5770
[1m 72/108[0m [32m━━━━━━━━━━━━━[0m[37m━━━━━━━[0m [1m10s[0m 283ms/step - auc: 0.8417 - binary_accuracy: 0.7775 - loss: 0.5757
[1m 73/108[0m [32m━━━━━━━━━━━━━[0m[37m━━━━━━━[0m [1m9s[0m 283ms/step - auc: 0.8422 - binary_accuracy: 0.7779 - loss: 0.5745 
[1m 74/108[0m [32m━━━━━━━━━━━━━[0m[37m━━━━━━━[0m [1m9s[0m 283ms/step - auc: 0.8426 - binary_accuracy: 0.7784 - loss: 0.5732
[1m 75/108[0m [32m━━━━━━━━━━━━━[0m[37m━━━━━━━[0m [1m9s[0m 283ms/step - auc: 0.8430 - binary_accuracy: 0.7787 - loss: 0.5719
[1m 76/108[0m [32m━━━━━━━━━━━━━━[0m[37m━━━━━━[0m [1m9s[0m 283ms/step - auc: 0.8434 - binary_accuracy: 0.7791 - loss: 0.5707
[1m 77/108[0m [32m━━━━━━━━━━━━━━[0m[37m━━━━━━[0m [1m8s[0m 283ms/step - auc: 0.8438 - binary_accuracy: 0.7795 - loss: 0.5694
[1m 78/108[0m [32m━━━━━━━━━━━━━━[0m[37m━━━━━━[0m [1m8s[0m 283ms/step - auc: 0.8442 - binary_accuracy: 0.7798 - loss: 0.5682
[1m 79/108[0m [32m━━━━━━━━━━━━━━[0m[37m━━━━━━[0m [1m8s[0m 283ms/step - auc: 0.8446 - binary_accuracy: 0.7802 - loss: 0.5670
[1m 80/108[0m [32m━━━━━━━━━━━━━━[0m[37m━━━━━━[0m [1m7s[0m 283ms/step - auc: 0.8450 - binary_accuracy: 0.7805 - loss: 0.5658
[1m 81/108[0m [32m━━━━━━━━━━━━━━━[0m[37m━━━━━[0m [1m7s[0m 283ms/step - auc: 0.8454 - binary_accuracy: 0.7808 - loss: 0.5647
[1m 82/108[0m [32m━━━━━━━━━━━━━━━[0m[37m━━━━━[0m [1m7s[0m 283ms/step - auc: 0.8458 - binary_accuracy: 0.7811 - loss: 0.5636
[1m 83/108[0m [32m━━━━━━━━━━━━━━━[0m[37m━━━━━[0m [1m7s[0m 283ms/step - auc: 0.8462 - binary_accuracy: 0.7814 - loss: 0.5625
[1m 84/108[0m [32m━━━━━━━━━━━━━━━[0m[37m━━━━━[0m [1m6s[0m 283ms/step - auc: 0.8466 - binary_accuracy: 0.7817 - loss: 0.5615
[1m 85/108[0m [32m━━━━━━━━━━━━━━━[0m[37m━━━━━[0m [1m6s[0m 283ms/step - auc: 0.8469 - binary_accuracy: 0.7820 - loss: 0.5604
[1m 86/108[0m [32m━━━━━━━━━━━━━━━[0m[37m━━━━━[0m [1m6s[0m 284ms/step - auc: 0.8473 - binary_accuracy: 0.7822 - loss: 0.5593
[1m 87/108[0m [32m━━━━━━━━━━━━━━━━[0m[37m━━━━[0m [1m5s[0m 284ms/step - auc: 0.8477 - binary_accuracy: 0.7825 - loss: 0.5583
[1m 88/108[0m [32m━━━━━━━━━━━━━━━━[0m[37m━━━━[0m [1m5s[0m 284ms/step - auc: 0.8480 - binary_accuracy: 0.7827 - loss: 0.5573
[1m 89/108[0m [32m━━━━━━━━━━━━━━━━[0m[37m━━━━[0m [1m5s[0m 284ms/step - auc: 0.8484 - binary_accuracy: 0.7830 - loss: 0.5563
[1m 90/108[0m [32m━━━━━━━━━━━━━━━━[0m[37m━━━━[0m [1m5s[0m 284ms/step - auc: 0.8487 - binary_accuracy: 0.7833 - loss: 0.5553
[1m 91/108[0m [32m━━━━━━━━━━━━━━━━[0m[37m━━━━[0m [1m4s[0m 284ms/step - auc: 0.8490 - binary_accuracy: 0.7835 - loss: 0.5544
[1m 92/108[0m [32m━━━━━━━━━━━━━━━━━[0m[37m━━━[0m [1m4s[0m 284ms/step - auc: 0.8494 - binary_accuracy: 0.7838 - loss: 0.5535
[1m 93/108[0m [32m━━━━━━━━━━━━━━━━━[0m[37m━━━[0m [1m4s[0m 284ms/step - auc: 0.8497 - binary_accuracy: 0.7841 - loss: 0.5525
[1m 94/108[0m [32m━━━━━━━━━━━━━━━━━[0m[37m━━━[0m [1m3s[0m 284ms/step - auc: 0.8501 - binary_accuracy: 0.7844 - loss: 0.5516
[1m 95/108[0m [32m━━━━━━━━━━━━━━━━━[0m[37m━━━[0m [1m3s[0m 284ms/step - auc: 0.8504 - binary_accuracy: 0.7847 - loss: 0.5506
[1m 96/108[0m [32m━━━━━━━━━━━━━━━━━[0m[37m━━━[0m [1m3s[0m 284ms/step - auc: 0.8508 - binary_accuracy: 0.7849 - loss: 0.5497
[1m 97/108[0m [32m━━━━━━━━━━━━━━━━━[0m[37m━━━[0m [1m3s[0m 284ms/step - auc: 0.8511 - binary_accuracy: 0.7852 - loss: 0.5488
[1m 98/108[0m [32m━━━━━━━━━━━━━━━━━━[0m[37m━━[0m [1m2s[0m 284ms/step - auc: 0.8515 - binary_accuracy: 0.7855 - loss: 0.5479
[1m 99/108[0m [32m━━━━━━━━━━━━━━━━━━[0m[37m━━[0m [1m2s[0m 284ms/step - auc: 0.8518 - binary_accuracy: 0.7857 - loss: 0.5470
[1m100/108[0m [32m━━━━━━━━━━━━━━━━━━[0m[37m━━[0m [1m2s[0m 284ms/step - auc: 0.8522 - binary_accuracy: 0.7860 - loss: 0.5461
[1m101/108[0m [32m━━━━━━━━━━━━━━━━━━[0m[37m━━[0m [1m1s[0m 284ms/step - auc: 0.8525 - binary_accuracy: 0.7862 - loss: 0.5452
[1m102/108[0m [32m━━━━━━━━━━━━━━━━━━[0m[37m━━[0m [1m1s[0m 284ms/step - auc: 0.8529 - binary_accuracy: 0.7865 - loss: 0.5444
[1m103/108[0m [32m━━━━━━━━━━━━━━━━━━━[0m[37m━[0m [1m1s[0m 284ms/step - auc: 0.8532 - binary_accuracy: 0.7867 - loss: 0.5436
[1m104/108[0m [32m━━━━━━━━━━━━━━━━━━━[0m[37m━[0m [1m1s[0m 284ms/step - auc: 0.8535 - binary_accuracy: 0.7870 - loss: 0.5427
[1m105/108[0m [32m━━━━━━━━━━━━━━━━━━━[0m[37m━[0m [1m0s[0m 284ms/step - auc: 0.8539 - binary_accuracy: 0.7872 - loss: 0.5419
[1m106/108[0m [32m━━━━━━━━━━━━━━━━━━━[0m[37m━[0m [1m0s[0m 284ms/step - auc: 0.8542 - binary_accuracy: 0.7874 - loss: 0.5411
[1m107/108[0m [32m━━━━━━━━━━━━━━━━━━━[0m[37m━[0m [1m0s[0m 284ms/step - auc: 0.8545 - binary_accuracy: 0.7877 - loss: 0.5403
[1m108/108[0m [32m━━━━━━━━━━━━━━━━━━━━[0m[37m[0m [1m0s[0m 283ms/step - auc: 0.8549 - binary_accuracy: 0.7879 - loss: 0.5395transfer phase-a: epoch 1/8 done in 40.4s loss=0.4563 auc=0.8899 val_loss=0.3863 val_auc=0.9451

[1m108/108[0m [32m━━━━━━━━━━━━━━━━━━━━[0m[37m[0m [1m40s[0m 346ms/step - auc: 0.8899 - binary_accuracy: 0.8125 - loss: 0.4563 - val_auc: 0.9451 - val_binary_accuracy: 0.8246 - val_loss: 0.3863
transfer phase-a: epoch 2/8 start
Epoch 2/5

[1m  1/108[0m [37m━━━━━━━━━━━━━━━━━━━━[0m [1m51s[0m 483ms/step - auc: 0.9080 - binary_accuracy: 0.7188 - loss: 0.4037
[1m  2/108[0m [37m━━━━━━━━━━━━━━━━━━━━[0m [1m29s[0m 280ms/step - auc: 0.9033 - binary_accuracy: 0.7266 - loss: 0.4312
[1m  3/108[0m [37m━━━━━━━━━━━━━━━━━━━━[0m [1m29s[0m 279ms/step - auc: 0.9000 - binary_accuracy: 0.7344 - loss: 0.4343
[1m  4/108[0m [37m━━━━━━━━━━━━━━━━━━━━[0m [1m29s[0m 280ms/step - auc: 0.9059 - binary_accuracy: 0.7422 - loss: 0.4238
[1m  5/108[0m [37m━━━━━━━━━━━━━━━━━━━━[0m [1m28s[0m 280ms/step - auc: 0.9104 - binary_accuracy: 0.7525 - loss: 0.4159
[1m  6/108[0m [32m━[0m[37m━━━━━━━━━━━━━━━━━━━[0m [1m28s[0m 279ms/step - auc: 0.9150 - binary_accuracy: 0.7608 - loss: 0.4081
[1m  7/108[0m [32m━[0m[37m━━━━━━━━━━━━━━━━━━━[0m [1m28s[0m 280ms/step - auc: 0.9184 - binary_accuracy: 0.7675 - loss: 0.4022
[1m  8/108[0m [32m━[0m[37m━━━━━━━━━━━━━━━━━━━[0m [1m27s[0m 280ms/step - auc: 0.9211 - binary_accuracy: 0.7746 - loss: 0.3995
[1m  9/108[0m [32m━[0m[37m━━━━━━━━━━━━━━━━━━━[0m [1m27s[0m 280ms/step - auc: 0.9227 - binary_accuracy: 0.7807 - loss: 0.4000
[1m 10/108[0m [32m━[0m[37m━━━━━━━━━━━━━━━━━━━[0m [1m27s[0m 280ms/step - auc: 0.9238 - binary_accuracy: 0.7842 - loss: 0.4006
[1m 11/108[0m [32m━━[0m[37m━━━━━━━━━━━━━━━━━━[0m [1m27s[0m 279ms/step - auc: 0.9239 - binary_accuracy: 0.7853 - loss: 0.4022
[1m 12/108[0m [32m━━[0m[37m━━━━━━━━━━━━━━━━━━[0m [1m26s[0m 279ms/step - auc: 0.9236 - binary_accuracy: 0.7854 - loss: 0.4035
[1m 13/108[0m [32m━━[0m[37m━━━━━━━━━━━━━━━━━━[0m [1m26s[0m 280ms/step - auc: 0.9237 - binary_accuracy: 0.7860 - loss: 0.4038
[1m 14/108[0m [32m━━[0m[37m━━━━━━━━━━━━━━━━━━[0m [1m26s[0m 280ms/step - auc: 0.9240 - binary_accuracy: 0.7866 - loss: 0.4038
[1m 15/108[0m [32m━━[0m[37m━━━━━━━━━━━━━━━━━━[0m [1m26s[0m 280ms/step - auc: 0.9241 - binary_accuracy: 0.7873 - loss: 0.4044
[1m 16/108[0m [32m━━[0m[37m━━━━━━━━━━━━━━━━━━[0m [1m25s[0m 280ms/step - auc: 0.9239 - binary_accuracy: 0.7883 - loss: 0.4061
[1m 17/108[0m [32m━━━[0m[37m━━━━━━━━━━━━━━━━━[0m [1m25s[0m 281ms/step - auc: 0.9238 - binary_accuracy: 0.7892 - loss: 0.4069
[1m 18/108[0m [32m━━━[0m[37m━━━━━━━━━━━━━━━━━[0m [1m25s[0m 281ms/step - auc: 0.9236 - binary_accuracy: 0.7898 - loss: 0.4072
[1m 19/108[0m [32m━━━[0m[37m━━━━━━━━━━━━━━━━━[0m [1m25s[0m 282ms/step - auc: 0.9238 - binary_accuracy: 0.7904 - loss: 0.4072
[1m 20/108[0m [32m━━━[0m[37m━━━━━━━━━━━━━━━━━[0m [1m24s[0m 282ms/step - auc: 0.9239 - binary_accuracy: 0.7910 - loss: 0.4068
[1m 21/108[0m [32m━━━[0m[37m━━━━━━━━━━━━━━━━━[0m [1m24s[0m 282ms/step - auc: 0.9239 - binary_accuracy: 0.7911 - loss: 0.4066
[1m 22/108[0m [32m━━━━[0m[37m━━━━━━━━━━━━━━━━[0m [1m24s[0m 282ms/step - auc: 0.9241 - binary_accuracy: 0.7914 - loss: 0.4061
[1m 23/108[0m [32m━━━━[0m[37m━━━━━━━━━━━━━━━━[0m [1m23s[0m 282ms/step - auc: 0.9243 - binary_accuracy: 0.7919 - loss: 0.4053
[1m 24/108[0m [32m━━━━[0m[37m━━━━━━━━━━━━━━━━[0m [1m23s[0m 282ms/step - auc: 0.9246 - binary_accuracy: 0.7926 - loss: 0.4044
[1m 25/108[0m [32m━━━━[0m[37m━━━━━━━━━━━━━━━━[0m [1m23s[0m 282ms/step - auc: 0.9248 - binary_accuracy: 0.7935 - loss: 0.4037
[1m 26/108[0m [32m━━━━[0m[37m━━━━━━━━━━━━━━━━[0m [1m23s[0m 282ms/step - auc: 0.9249 - binary_accuracy: 0.7945 - loss: 0.4031
[1m 27/108[0m [32m━━━━━[0m[37m━━━━━━━━━━━━━━━[0m [1m22s[0m 282ms/step - auc: 0.9250 - binary_accuracy: 0.7956 - loss: 0.4024
[1m 28/108[0m [32m━━━━━[0m[37m━━━━━━━━━━━━━━━[0m [1m22s[0m 282ms/step - auc: 0.9252 - binary_accuracy: 0.7966 - loss: 0.4015
[1m 29/108[0m [32m━━━━━[0m[37m━━━━━━━━━━━━━━━[0m [1m22s[0m 283ms/step - auc: 0.9255 - binary_accuracy: 0.7977 - loss: 0.4005
[1m 30/108[0m [32m━━━━━[0m[37m━━━━━━━━━━━━━━━[0m [1m22s[0m 283ms/step - auc: 0.9259 - binary_accuracy: 0.7988 - loss: 0.3995
[1m 31/108[0m [32m━━━━━[0m[37m━━━━━━━━━━━━━━━[0m [1m21s[0m 283ms/step - auc: 0.9262 - binary_accuracy: 0.7998 - loss: 0.3985
[1m 32/108[0m [32m━━━━━[0m[37m━━━━━━━━━━━━━━━[0m [1m21s[0m 283ms/step - auc: 0.9266 - binary_accuracy: 0.8008 - loss: 0.3974
[1m 33/108[0m [32m━━━━━━[0m[37m━━━━━━━━━━━━━━[0m [1m21s[0m 283ms/step - auc: 0.9270 - binary_accuracy: 0.8017 - loss: 0.3963
[1m 34/108[0m [32m━━━━━━[0m[37m━━━━━━━━━━━━━━[0m [1m20s[0m 283ms/step - auc: 0.9273 - binary_accuracy: 0.8025 - loss: 0.3954
[1m 35/108[0m [32m━━━━━━[0m[37m━━━━━━━━━━━━━━[0m [1m20s[0m 283ms/step - auc: 0.9277 - binary_accuracy: 0.8034 - loss: 0.3944
[1m 36/108[0m [32m━━━━━━[0m[37m━━━━━━━━━━━━━━[0m [1m20s[0m 283ms/step - auc: 0.9279 - binary_accuracy: 0.8043 - loss: 0.3937
[1m 37/108[0m [32m━━━━━━[0m[37m━━━━━━━━━━━━━━[0m [1m20s[0m 283ms/step - auc: 0.9282 - binary_accuracy: 0.8052 - loss: 0.3929
[1m 38/108[0m [32m━━━━━━━[0m[37m━━━━━━━━━━━━━[0m [1m19s[0m 283ms/step - auc: 0.9285 - binary_accuracy: 0.8060 - loss: 0.3921
[1m 39/108[0m [32m━━━━━━━[0m[37m━━━━━━━━━━━━━[0m [1m19s[0m 283ms/step - auc: 0.9288 - binary_accuracy: 0.8068 - loss: 0.3912
[1m 40/108[0m [32m━━━━━━━[0m[37m━━━━━━━━━━━━━[0m [1m19s[0m 283ms/step - auc: 0.9291 - binary_accuracy: 0.8077 - loss: 0.3904
[1m 41/108[0m [32m━━━━━━━[0m[37m━━━━━━━━━━━━━[0m [1m18s[0m 283ms/step - auc: 0.9293 - binary_accuracy: 0.8085 - loss: 0.3898
[1m 42/108[0m [32m━━━━━━━[0m[37m━━━━━━━━━━━━━[0m [1m18s[0m 283ms/step - auc: 0.9295 - binary_accuracy: 0.8093 - loss: 0.3893
[1m 43/108[0m [32m━━━━━━━[0m[37m━━━━━━━━━━━━━[0m [1m18s[0m 283ms/step - auc: 0.9297 - binary_accuracy: 0.8102 - loss: 0.3886
[1m 44/108[0m [32m━━━━━━━━[0m[37m━━━━━━━━━━━━[0m [1m18s[0m 283ms/step - auc: 0.9299 - binary_accuracy: 0.8109 - loss: 0.3880
[1m 45/108[0m [32m━━━━━━━━[0m[37m━━━━━━━━━━━━[0m [1m17s[0m 283ms/step - auc: 0.9301 - binary_accuracy: 0.8117 - loss: 0.3874
[1m 46/108[0m [32m━━━━━━━━[0m[37m━━━━━━━━━━━━[0m [1m17s[0m 283ms/step - auc: 0.9303 - binary_accuracy: 0.8124 - loss: 0.3868
[1m 47/108[0m [32m━━━━━━━━[0m[37m━━━━━━━━━━━━[0m [1m17s[0m 283ms/step - auc: 0.9305 - binary_accuracy: 0.8130 - loss: 0.3862
[1m 48/108[0m [32m━━━━━━━━[0m[37m━━━━━━━━━━━━[0m [1m16s[0m 283ms/step - auc: 0.9307 - binary_accuracy: 0.8137 - loss: 0.3856
[1m 49/108[0m [32m━━━━━━━━━[0m[37m━━━━━━━━━━━[0m [1m16s[0m 283ms/step - auc: 0.9309 - binary_accuracy: 0.8143 - loss: 0.3850
[1m 50/108[0m [32m━━━━━━━━━[0m[37m━━━━━━━━━━━[0m [1m16s[0m 283ms/step - auc: 0.9311 - binary_accuracy: 0.8150 - loss: 0.3844
[1m 51/108[0m [32m━━━━━━━━━[0m[37m━━━━━━━━━━━[0m [1m16s[0m 283ms/step - auc: 0.9313 - binary_accuracy: 0.8156 - loss: 0.3839
[1m 52/108[0m [32m━━━━━━━━━[0m[37m━━━━━━━━━━━[0m [1m15s[0m 284ms/step - auc: 0.9315 - binary_accuracy: 0.8163 - loss: 0.3833
[1m 53/108[0m [32m━━━━━━━━━[0m[37m━━━━━━━━━━━[0m [1m15s[0m 284ms/step - auc: 0.9316 - binary_accuracy: 0.8169 - loss: 0.3829
[1m 54/108[0m [32m━━━━━━━━━━[0m[37m━━━━━━━━━━[0m [1m15s[0m 284ms/step - auc: 0.9316 - binary_accuracy: 0.8176 - loss: 0.3826
[1m 55/108[0m [32m━━━━━━━━━━[0m[37m━━━━━━━━━━[0m [1m15s[0m 284ms/step - auc: 0.9316 - binary_accuracy: 0.8182 - loss: 0.3824
[1m 56/108[0m [32m━━━━━━━━━━[0m[37m━━━━━━━━━━[0m [1m14s[0m 285ms/step - auc: 0.9316 - binary_accuracy: 0.8186 - loss: 0.3824
[1m 57/108[0m [32m━━━━━━━━━━[0m[37m━━━━━━━━━━[0m [1m14s[0m 285ms/step - auc: 0.9316 - binary_accuracy: 0.8190 - loss: 0.3823
[1m 58/108[0m [32m━━━━━━━━━━[0m[37m━━━━━━━━━━[0m [1m14s[0m 285ms/step - auc: 0.9315 - binary_accuracy: 0.8193 - loss: 0.3825
[1m 59/108[0m [32m━━━━━━━━━━[0m[37m━━━━━━━━━━[0m [1m13s[0m 285ms/step - auc: 0.9314 - binary_accuracy: 0.8194 - loss: 0.3827
[1m 60/108[0m [32m━━━━━━━━━━━[0m[37m━━━━━━━━━[0m [1m13s[0m 285ms/step - auc: 0.9312 - binary_accuracy: 0.8195 - loss: 0.3829
[1m 61/108[0m [32m━━━━━━━━━━━[0m[37m━━━━━━━━━[0m [1m13s[0m 285ms/step - auc: 0.9310 - binary_accuracy: 0.8195 - loss: 0.3833
[1m 62/108[0m [32m━━━━━━━━━━━[0m[37m━━━━━━━━━[0m [1m13s[0m 285ms/step - auc: 0.9308 - binary_accuracy: 0.8196 - loss: 0.3837
[1m 63/108[0m [32m━━━━━━━━━━━[0m[37m━━━━━━━━━[0m [1m12s[0m 285ms/step - auc: 0.9306 - binary_accuracy: 0.8196 - loss: 0.3840
[1m 64/108[0m [32m━━━━━━━━━━━[0m[37m━━━━━━━━━[0m [1m12s[0m 285ms/step - auc: 0.9303 - binary_accuracy: 0.8197 - loss: 0.3843
[1m 65/108[0m [32m━━━━━━━━━━━━[0m[37m━━━━━━━━[0m [1m12s[0m 285ms/step - auc: 0.9302 - binary_accuracy: 0.8198 - loss: 0.3845
[1m 66/108[0m [32m━━━━━━━━━━━━[0m[37m━━━━━━━━[0m [1m11s[0m 285ms/step - auc: 0.9299 - binary_accuracy: 0.8199 - loss: 0.3850
[1m 67/108[0m [32m━━━━━━━━━━━━[0m[37m━━━━━━━━[0m [1m11s[0m 285ms/step - auc: 0.9296 - binary_accuracy: 0.8200 - loss: 0.3854
[1m 68/108[0m [32m━━━━━━━━━━━━[0m[37m━━━━━━━━[0m [1m11s[0m 285ms/step - auc: 0.9293 - binary_accuracy: 0.8201 - loss: 0.3858
[1m 69/108[0m [32m━━━━━━━━━━━━[0m[37m━━━━━━━━[0m [1m11s[0m 285ms/step - auc: 0.9291 - binary_accuracy: 0.8202 - loss: 0.3861
[1m 70/108[0m [32m━━━━━━━━━━━━[0m[37m━━━━━━━━[0m [1m10s[0m 285ms/step - auc: 0.9288 - binary_accuracy: 0.8204 - loss: 0.3865
[1m 71/108[0m [32m━━━━━━━━━━━━━[0m[37m━━━━━━━[0m [1m10s[0m 285ms/step - auc: 0.9286 - binary_accuracy: 0.8205 - loss: 0.3869
[1m 72/108[0m [32m━━━━━━━━━━━━━[0m[37m━━━━━━━[0m [1m10s[0m 285ms/step - auc: 0.9284 - binary_accuracy: 0.8206 - loss: 0.3872
[1m 73/108[0m [32m━━━━━━━━━━━━━[0m[37m━━━━━━━[0m [1m9s[0m 285ms/step - auc: 0.9282 - binary_accuracy: 0.8208 - loss: 0.3875 
[1m 74/108[0m [32m━━━━━━━━━━━━━[0m[37m━━━━━━━[0m [1m9s[0m 285ms/step - auc: 0.9280 - binary_accuracy: 0.8209 - loss: 0.3878
[1m 75/108[0m [32m━━━━━━━━━━━━━[0m[37m━━━━━━━[0m [1m9s[0m 285ms/step - auc: 0.9278 - binary_accuracy: 0.8211 - loss: 0.3880
[1m 76/108[0m [32m━━━━━━━━━━━━━━[0m[37m━━━━━━[0m [1m9s[0m 285ms/step - auc: 0.9276 - binary_accuracy: 0.8213 - loss: 0.3883
[1m 77/108[0m [32m━━━━━━━━━━━━━━[0m[37m━━━━━━[0m [1m8s[0m 285ms/step - auc: 0.9274 - binary_accuracy: 0.8215 - loss: 0.3885
[1m 78/108[0m [32m━━━━━━━━━━━━━━[0m[37m━━━━━━[0m [1m8s[0m 285ms/step - auc: 0.9273 - binary_accuracy: 0.8218 - loss: 0.3886
[1m 79/108[0m [32m━━━━━━━━━━━━━━[0m[37m━━━━━━[0m [1m8s[0m 285ms/step - auc: 0.9271 - binary_accuracy: 0.8220 - loss: 0.3888
[1m 80/108[0m [32m━━━━━━━━━━━━━━[0m[37m━━━━━━[0m [1m7s[0m 285ms/step - auc: 0.9269 - binary_accuracy: 0.8222 - loss: 0.3891
[1m 81/108[0m [32m━━━━━━━━━━━━━━━[0m[37m━━━━━[0m [1m7s[0m 285ms/step - auc: 0.9267 - binary_accuracy: 0.8224 - loss: 0.3893
[1m 82/108[0m [32m━━━━━━━━━━━━━━━[0m[37m━━━━━[0m [1m7s[0m 285ms/step - auc: 0.9266 - binary_accuracy: 0.8225 - loss: 0.3896
[1m 83/108[0m [32m━━━━━━━━━━━━━━━[0m[37m━━━━━[0m [1m7s[0m 285ms/step - auc: 0.9264 - binary_accuracy: 0.8227 - loss: 0.3899
[1m 84/108[0m [32m━━━━━━━━━━━━━━━[0m[37m━━━━━[0m [1m6s[0m 285ms/step - auc: 0.9262 - binary_accuracy: 0.8228 - loss: 0.3901
[1m 85/108[0m [32m━━━━━━━━━━━━━━━[0m[37m━━━━━[0m [1m6s[0m 285ms/step - auc: 0.9260 - binary_accuracy: 0.8228 - loss: 0.3904
[1m 86/108[0m [32m━━━━━━━━━━━━━━━[0m[37m━━━━━[0m [1m6s[0m 285ms/step - auc: 0.9258 - binary_accuracy: 0.8228 - loss: 0.3907
[1m 87/108[0m [32m━━━━━━━━━━━━━━━━[0m[37m━━━━[0m [1m5s[0m 285ms/step - auc: 0.9256 - binary_accuracy: 0.8228 - loss: 0.3910
[1m 88/108[0m [32m━━━━━━━━━━━━━━━━[0m[37m━━━━[0m [1m5s[0m 285ms/step - auc: 0.9254 - binary_accuracy: 0.8228 - loss: 0.3913
[1m 89/108[0m [32m━━━━━━━━━━━━━━━━[0m[37m━━━━[0m [1m5s[0m 285ms/step - auc: 0.9252 - binary_accuracy: 0.8228 - loss: 0.3916
[1m 90/108[0m [32m━━━━━━━━━━━━━━━━[0m[37m━━━━[0m [1m5s[0m 285ms/step - auc: 0.9250 - binary_accuracy: 0.8228 - loss: 0.3920
[1m 91/108[0m [32m━━━━━━━━━━━━━━━━[0m[37m━━━━[0m [1m4s[0m 285ms/step - auc: 0.9247 - binary_accuracy: 0.8228 - loss: 0.3924
[1m 92/108[0m [32m━━━━━━━━━━━━━━━━━[0m[37m━━━[0m [1m4s[0m 285ms/step - auc: 0.9245 - binary_accuracy: 0.8228 - loss: 0.3928
[1m 93/108[0m [32m━━━━━━━━━━━━━━━━━[0m[37m━━━[0m [1m4s[0m 285ms/step - auc: 0.9243 - binary_accuracy: 0.8228 - loss: 0.3932
[1m 94/108[0m [32m━━━━━━━━━━━━━━━━━[0m[37m━━━[0m [1m3s[0m 285ms/step - auc: 0.9240 - binary_accuracy: 0.8228 - loss: 0.3935
[1m 95/108[0m [32m━━━━━━━━━━━━━━━━━[0m[37m━━━[0m [1m3s[0m 285ms/step - auc: 0.9238 - binary_accuracy: 0.8227 - loss: 0.3939
[1m 96/108[0m [32m━━━━━━━━━━━━━━━━━[0m[37m━━━[0m [1m3s[0m 285ms/step - auc: 0.9235 - binary_accuracy: 0.8227 - loss: 0.3944
[1m 97/108[0m [32m━━━━━━━━━━━━━━━━━[0m[37m━━━[0m [1m3s[0m 285ms/step - auc: 0.9233 - binary_accuracy: 0.8226 - loss: 0.3948
[1m 98/108[0m [32m━━━━━━━━━━━━━━━━━━[0m[37m━━[0m [1m2s[0m 284ms/step - auc: 0.9231 - binary_accuracy: 0.8225 - loss: 0.3952
[1m 99/108[0m [32m━━━━━━━━━━━━━━━━━━[0m[37m━━[0m [1m2s[0m 284ms/step - auc: 0.9228 - binary_accuracy: 0.8225 - loss: 0.3956
[1m100/108[0m [32m━━━━━━━━━━━━━━━━━━[0m[37m━━[0m [1m2s[0m 284ms/step - auc: 0.9226 - binary_accuracy: 0.8224 - loss: 0.3960
[1m101/108[0m [32m━━━━━━━━━━━━━━━━━━[0m[37m━━[0m [1m1s[0m 284ms/step - auc: 0.9224 - binary_accuracy: 0.8224 - loss: 0.3963
[1m102/108[0m [32m━━━━━━━━━━━━━━━━━━[0m[37m━━[0m [1m1s[0m 284ms/step - auc: 0.9222 - binary_accuracy: 0.8223 - loss: 0.3967
[1m103/108[0m [32m━━━━━━━━━━━━━━━━━━━[0m[37m━[0m [1m1s[0m 284ms/step - auc: 0.9219 - binary_accuracy: 0.8223 - loss: 0.3971
[1m104/108[0m [32m━━━━━━━━━━━━━━━━━━━[0m[37m━[0m [1m1s[0m 284ms/step - auc: 0.9217 - binary_accuracy: 0.8223 - loss: 0.3975
[1m105/108[0m [32m━━━━━━━━━━━━━━━━━━━[0m[37m━[0m [1m0s[0m 284ms/step - auc: 0.9215 - binary_accuracy: 0.8222 - loss: 0.3979
[1m106/108[0m [32m━━━━━━━━━━━━━━━━━━━[0m[37m━[0m [1m0s[0m 284ms/step - auc: 0.9213 - binary_accuracy: 0.8221 - loss: 0.3983
[1m107/108[0m [32m━━━━━━━━━━━━━━━━━━━[0m[37m━[0m [1m0s[0m 284ms/step - auc: 0.9211 - binary_accuracy: 0.8221 - loss: 0.3987
[1m108/108[0m [32m━━━━━━━━━━━━━━━━━━━━[0m[37m[0m [1m0s[0m 283ms/step - auc: 0.9208 - binary_accuracy: 0.8220 - loss: 0.3991transfer phase-a: epoch 2/8 done in 37.0s loss=0.4416 auc=0.8974 val_loss=0.6457 val_auc=0.9484

[1m108/108[0m [32m━━━━━━━━━━━━━━━━━━━━[0m[37m[0m [1m37s[0m 341ms/step - auc: 0.8974 - binary_accuracy: 0.8122 - loss: 0.4416 - val_auc: 0.9484 - val_binary_accuracy: 0.6791 - val_loss: 0.6457
transfer phase-a: epoch 3/8 start
Epoch 3/5

[1m  1/108[0m [37m━━━━━━━━━━━━━━━━━━━━[0m [1m51s[0m 482ms/step - auc: 0.7816 - binary_accuracy: 0.5938 - loss: 0.6097
[1m  2/108[0m [37m━━━━━━━━━━━━━━━━━━━━[0m [1m29s[0m 281ms/step - auc: 0.8025 - binary_accuracy: 0.6094 - loss: 0.5868
[1m  3/108[0m [37m━━━━━━━━━━━━━━━━━━━━[0m [1m29s[0m 280ms/step - auc: 0.8057 - binary_accuracy: 0.6215 - loss: 0.5723
[1m  4/108[0m [37m━━━━━━━━━━━━━━━━━━━━[0m [1m29s[0m 280ms/step - auc: 0.8221 - binary_accuracy: 0.6361 - loss: 0.5501
[1m  5/108[0m [37m━━━━━━━━━━━━━━━━━━━━[0m [1m28s[0m 280ms/step - auc: 0.8322 - binary_accuracy: 0.6526 - loss: 0.5355
[1m  6/108[0m [32m━[0m[37m━━━━━━━━━━━━━━━━━━━[0m [1m28s[0m 280ms/step - auc: 0.8433 - binary_accuracy: 0.6706 - loss: 0.5204
[1m  7/108[0m [32m━[0m[37m━━━━━━━━━━━━━━━━━━━[0m [1m28s[0m 280ms/step - auc: 0.8501 - binary_accuracy: 0.6870 - loss: 0.5113
[1m  8/108[0m [32m━[0m[37m━━━━━━━━━━━━━━━━━━━[0m [1m28s[0m 281ms/step - auc: 0.8526 - binary_accuracy: 0.7008 - loss: 0.5115
[1m  9/108[0m [32m━[0m[37m━━━━━━━━━━━━━━━━━━━[0m [1m27s[0m 280ms/step - auc: 0.8561 - binary_accuracy: 0.7124 - loss: 0.5101
[1m 10/108[0m [32m━[0m[37m━━━━━━━━━━━━━━━━━━━[0m [1m27s[0m 280ms/step - auc: 0.8596 - binary_accuracy: 0.7224 - loss: 0.5078
[1m 11/108[0m [32m━━[0m[37m━━━━━━━━━━━━━━━━━━[0m [1m27s[0m 280ms/step - auc: 0.8625 - binary_accuracy: 0.7298 - loss: 0.5055
[1m 12/108[0m [32m━━[0m[37m━━━━━━━━━━━━━━━━━━[0m [1m26s[0m 280ms/step - auc: 0.8647 - binary_accuracy: 0.7356 - loss: 0.5029
[1m 13/108[0m [32m━━[0m[37m━━━━━━━━━━━━━━━━━━[0m [1m26s[0m 280ms/step - auc: 0.8667 - binary_accuracy: 0.7404 - loss: 0.5002
[1m 14/108[0m [32m━━[0m[37m━━━━━━━━━━━━━━━━━━[0m [1m26s[0m 280ms/step - auc: 0.8686 - binary_accuracy: 0.7440 - loss: 0.4981
[1m 15/108[0m [32m━━[0m[37m━━━━━━━━━━━━━━━━━━[0m [1m26s[0m 280ms/step - auc: 0.8704 - binary_accuracy: 0.7469 - loss: 0.4963
[1m 16/108[0m [32m━━[0m[37m━━━━━━━━━━━━━━━━━━[0m [1m25s[0m 282ms/step - auc: 0.8718 - binary_accuracy: 0.7496 - loss: 0.4952
[1m 17/108[0m [32m━━━[0m[37m━━━━━━━━━━━━━━━━━[0m [1m25s[0m 283ms/step - auc: 0.8731 - binary_accuracy: 0.7519 - loss: 0.4938
[1m 18/108[0m [32m━━━[0m[37m━━━━━━━━━━━━━━━━━[0m [1m25s[0m 284ms/step - auc: 0.8743 - binary_accuracy: 0.7540 - loss: 0.4919
[1m 19/108[0m [32m━━━[0m[37m━━━━━━━━━━━━━━━━━[0m [1m25s[0m 284ms/step - auc: 0.8758 - binary_accuracy: 0.7564 - loss: 0.4898
[1m 20/108[0m [32m━━━[0m[37m━━━━━━━━━━━━━━━━━[0m [1m25s[0m 284ms/step - auc: 0.8774 - binary_accuracy: 0.7588 - loss: 0.4872
[1m 21/108[0m [32m━━━[0m[37m━━━━━━━━━━━━━━━━━[0m [1m24s[0m 284ms/step - auc: 0.8790 - binary_accuracy: 0.7610 - loss: 0.4846
[1m 22/108[0m [32m━━━━[0m[37m━━━━━━━━━━━━━━━━[0m [1m24s[0m 284ms/step - auc: 0.8805 - binary_accuracy: 0.7633 - loss: 0.4819
[1m 23/108[0m [32m━━━━[0m[37m━━━━━━━━━━━━━━━━[0m [1m24s[0m 284ms/step - auc: 0.8819 - binary_accuracy: 0.7657 - loss: 0.4792
[1m 24/108[0m [32m━━━━[0m[37m━━━━━━━━━━━━━━━━[0m [1m23s[0m 284ms/step - auc: 0.8829 - binary_accuracy: 0.7680 - loss: 0.4773
[1m 25/108[0m [32m━━━━[0m[37m━━━━━━━━━━━━━━━━[0m [1m23s[0m 284ms/step - auc: 0.8838 - binary_accuracy: 0.7703 - loss: 0.4755
[1m 26/108[0m [32m━━━━[0m[37m━━━━━━━━━━━━━━━━[0m [1m23s[0m 284ms/step - auc: 0.8846 - binary_accuracy: 0.7724 - loss: 0.4737
[1m 27/108[0m [32m━━━━━[0m[37m━━━━━━━━━━━━━━━[0m [1m23s[0m 284ms/step - auc: 0.8855 - binary_accuracy: 0.7745 - loss: 0.4718
[1m 28/108[0m [32m━━━━━[0m[37m━━━━━━━━━━━━━━━[0m [1m22s[0m 284ms/step - auc: 0.8864 - binary_accuracy: 0.7766 - loss: 0.4698
[1m 29/108[0m [32m━━━━━[0m[37m━━━━━━━━━━━━━━━[0m [1m22s[0m 284ms/step - auc: 0.8874 - binary_accuracy: 0.7788 - loss: 0.4678
[1m 30/108[0m [32m━━━━━[0m[37m━━━━━━━━━━━━━━━[0m [1m22s[0m 284ms/step - auc: 0.8885 - binary_accuracy: 0.7808 - loss: 0.4656
[1m 31/108[0m [32m━━━━━[0m[37m━━━━━━━━━━━━━━━[0m [1m21s[0m 284ms/step - auc: 0.8894 - binary_accuracy: 0.7827 - loss: 0.4637
[1m 32/108[0m [32m━━━━━[0m[37m━━━━━━━━━━━━━━━[0m [1m21s[0m 284ms/step - auc: 0.8904 - binary_accuracy: 0.7845 - loss: 0.4617
[1m 33/108[0m [32m━━━━━━[0m[37m━━━━━━━━━━━━━━[0m [1m21s[0m 284ms/step - auc: 0.8913 - binary_accuracy: 0.7861 - loss: 0.4598
[1m 34/108[0m [32m━━━━━━[0m[37m━━━━━━━━━━━━━━[0m [1m21s[0m 284ms/step - auc: 0.8922 - binary_accuracy: 0.7877 - loss: 0.4580
[1m 35/108[0m [32m━━━━━━[0m[37m━━━━━━━━━━━━━━[0m [1m20s[0m 284ms/step - auc: 0.8930 - binary_accuracy: 0.7891 - loss: 0.4564
[1m 36/108[0m [32m━━━━━━[0m[37m━━━━━━━━━━━━━━[0m [1m20s[0m 284ms/step - auc: 0.8938 - binary_accuracy: 0.7904 - loss: 0.4550
[1m 37/108[0m [32m━━━━━━[0m[37m━━━━━━━━━━━━━━[0m [1m20s[0m 284ms/step - auc: 0.8945 - binary_accuracy: 0.7915 - loss: 0.4536
[1m 38/108[0m [32m━━━━━━━[0m[37m━━━━━━━━━━━━━[0m [1m19s[0m 284ms/step - auc: 0.8951 - binary_accuracy: 0.7926 - loss: 0.4522
[1m 39/108[0m [32m━━━━━━━[0m[37m━━━━━━━━━━━━━[0m [1m19s[0m 284ms/step - auc: 0.8958 - binary_accuracy: 0.7936 - loss: 0.4508
[1m 40/108[0m [32m━━━━━━━[0m[37m━━━━━━━━━━━━━[0m [1m19s[0m 285ms/step - auc: 0.8964 - binary_accuracy: 0.7946 - loss: 0.4495
[1m 41/108[0m [32m━━━━━━━[0m[37m━━━━━━━━━━━━━[0m [1m19s[0m 286ms/step - auc: 0.8970 - binary_accuracy: 0.7956 - loss: 0.4483
[1m 42/108[0m [32m━━━━━━━[0m[37m━━━━━━━━━━━━━[0m [1m18s[0m 286ms/step - auc: 0.8975 - binary_accuracy: 0.7967 - loss: 0.4470
[1m 43/108[0m [32m━━━━━━━[0m[37m━━━━━━━━━━━━━[0m [1m18s[0m 286ms/step - auc: 0.8982 - binary_accuracy: 0.7978 - loss: 0.4458
[1m 44/108[0m [32m━━━━━━━━[0m[37m━━━━━━━━━━━━[0m [1m18s[0m 286ms/step - auc: 0.8988 - binary_accuracy: 0.7988 - loss: 0.4445
[1m 45/108[0m [32m━━━━━━━━[0m[37m━━━━━━━━━━━━[0m [1m17s[0m 286ms/step - auc: 0.8994 - binary_accuracy: 0.7998 - loss: 0.4433
[1m 46/108[0m [32m━━━━━━━━[0m[37m━━━━━━━━━━━━[0m [1m17s[0m 286ms/step - auc: 0.9000 - binary_accuracy: 0.8008 - loss: 0.4421
[1m 47/108[0m [32m━━━━━━━━[0m[37m━━━━━━━━━━━━[0m [1m17s[0m 286ms/step - auc: 0.9006 - binary_accuracy: 0.8017 - loss: 0.4408
[1m 48/108[0m [32m━━━━━━━━[0m[37m━━━━━━━━━━━━[0m [1m17s[0m 286ms/step - auc: 0.9011 - binary_accuracy: 0.8027 - loss: 0.4396
[1m 49/108[0m [32m━━━━━━━━━[0m[37m━━━━━━━━━━━[0m [1m16s[0m 286ms/step - auc: 0.9017 - binary_accuracy: 0.8036 - loss: 0.4384
[1m 50/108[0m [32m━━━━━━━━━[0m[37m━━━━━━━━━━━[0m [1m16s[0m 286ms/step - auc: 0.9023 - binary_accuracy: 0.8045 - loss: 0.4372
[1m 51/108[0m [32m━━━━━━━━━[0m[37m━━━━━━━━━━━[0m [1m16s[0m 286ms/step - auc: 0.9028 - binary_accuracy: 0.8053 - loss: 0.4360
[1m 52/108[0m [32m━━━━━━━━━[0m[37m━━━━━━━━━━━[0m [1m15s[0m 286ms/step - auc: 0.9034 - binary_accuracy: 0.8062 - loss: 0.4348
[1m 53/108[0m [32m━━━━━━━━━[0m[37m━━━━━━━━━━━[0m [1m15s[0m 286ms/step - auc: 0.9039 - binary_accuracy: 0.8070 - loss: 0.4337
[1m 54/108[0m [32m━━━━━━━━━━[0m[37m━━━━━━━━━━[0m [1m15s[0m 285ms/step - auc: 0.9042 - binary_accuracy: 0.8078 - loss: 0.4329
[1m 55/108[0m [32m━━━━━━━━━━[0m[37m━━━━━━━━━━[0m [1m15s[0m 286ms/step - auc: 0.9045 - binary_accuracy: 0.8085 - loss: 0.4322
[1m 56/108[0m [32m━━━━━━━━━━[0m[37m━━━━━━━━━━[0m [1m14s[0m 285ms/step - auc: 0.9047 - binary_accuracy: 0.8091 - loss: 0.4316
[1m 57/108[0m [32m━━━━━━━━━━[0m[37m━━━━━━━━━━[0m [1m14s[0m 285ms/step - auc: 0.9050 - binary_accuracy: 0.8096 - loss: 0.4311
[1m 58/108[0m [32m━━━━━━━━━━[0m[37m━━━━━━━━━━[0m [1m14s[0m 286ms/step - auc: 0.9052 - binary_accuracy: 0.8100 - loss: 0.4306
[1m 59/108[0m [32m━━━━━━━━━━[0m[37m━━━━━━━━━━[0m [1m13s[0m 286ms/step - auc: 0.9054 - binary_accuracy: 0.8103 - loss: 0.4302
[1m 60/108[0m [32m━━━━━━━━━━━[0m[37m━━━━━━━━━[0m [1m13s[0m 285ms/step - auc: 0.9055 - binary_accuracy: 0.8105 - loss: 0.4299
[1m 61/108[0m [32m━━━━━━━━━━━[0m[37m━━━━━━━━━[0m [1m13s[0m 285ms/step - auc: 0.9056 - binary_accuracy: 0.8107 - loss: 0.4296
[1m 62/108[0m [32m━━━━━━━━━━━[0m[37m━━━━━━━━━[0m [1m13s[0m 285ms/step - auc: 0.9057 - binary_accuracy: 0.8108 - loss: 0.4293
[1m 63/108[0m [32m━━━━━━━━━━━[0m[37m━━━━━━━━━[0m [1m12s[0m 285ms/step - auc: 0.9057 - binary_accuracy: 0.8110 - loss: 0.4291
[1m 64/108[0m [32m━━━━━━━━━━━[0m[37m━━━━━━━━━[0m [1m12s[0m 285ms/step - auc: 0.9058 - binary_accuracy: 0.8112 - loss: 0.4289
[1m 65/108[0m [32m━━━━━━━━━━━━[0m[37m━━━━━━━━[0m [1m12s[0m 285ms/step - auc: 0.9058 - binary_accuracy: 0.8114 - loss: 0.4286
[1m 66/108[0m [32m━━━━━━━━━━━━[0m[37m━━━━━━━━[0m [1m11s[0m 285ms/step - auc: 0.9058 - binary_accuracy: 0.8116 - loss: 0.4285
[1m 67/108[0m [32m━━━━━━━━━━━━[0m[37m━━━━━━━━[0m [1m11s[0m 285ms/step - auc: 0.9058 - binary_accuracy: 0.8118 - loss: 0.4283
[1m 68/108[0m [32m━━━━━━━━━━━━[0m[37m━━━━━━━━[0m [1m11s[0m 285ms/step - auc: 0.9058 - binary_accuracy: 0.8120 - loss: 0.4281
[1m 69/108[0m [32m━━━━━━━━━━━━[0m[37m━━━━━━━━[0m [1m11s[0m 285ms/step - auc: 0.9059 - binary_accuracy: 0.8122 - loss: 0.4279
[1m 70/108[0m [32m━━━━━━━━━━━━[0m[37m━━━━━━━━[0m [1m10s[0m 285ms/step - auc: 0.9059 - binary_accuracy: 0.8125 - loss: 0.4277
[1m 71/108[0m [32m━━━━━━━━━━━━━[0m[37m━━━━━━━[0m [1m10s[0m 285ms/step - auc: 0.9059 - binary_accuracy: 0.8127 - loss: 0.4274
[1m 72/108[0m [32m━━━━━━━━━━━━━[0m[37m━━━━━━━[0m [1m10s[0m 285ms/step - auc: 0.9060 - binary_accuracy: 0.8130 - loss: 0.4272
[1m 73/108[0m [32m━━━━━━━━━━━━━[0m[37m━━━━━━━[0m [1m9s[0m 285ms/step - auc: 0.9060 - binary_accuracy: 0.8132 - loss: 0.4270 
[1m 74/108[0m [32m━━━━━━━━━━━━━[0m[37m━━━━━━━[0m [1m9s[0m 286ms/step - auc: 0.9061 - binary_accuracy: 0.8134 - loss: 0.4268
[1m 75/108[0m [32m━━━━━━━━━━━━━[0m[37m━━━━━━━[0m [1m9s[0m 285ms/step - auc: 0.9061 - binary_accuracy: 0.8137 - loss: 0.4265
[1m 76/108[0m [32m━━━━━━━━━━━━━━[0m[37m━━━━━━[0m [1m9s[0m 285ms/step - auc: 0.9062 - binary_accuracy: 0.8140 - loss: 0.4263
[1m 77/108[0m [32m━━━━━━━━━━━━━━[0m[37m━━━━━━[0m [1m8s[0m 286ms/step - auc: 0.9063 - binary_accuracy: 0.8142 - loss: 0.4260
[1m 78/108[0m [32m━━━━━━━━━━━━━━[0m[37m━━━━━━[0m [1m8s[0m 285ms/step - auc: 0.9063 - binary_accuracy: 0.8145 - loss: 0.4257
[1m 79/108[0m [32m━━━━━━━━━━━━━━[0m[37m━━━━━━[0m [1m8s[0m 285ms/step - auc: 0.9064 - binary_accuracy: 0.8148 - loss: 0.4255
[1m 80/108[0m [32m━━━━━━━━━━━━━━[0m[37m━━━━━━[0m [1m7s[0m 285ms/step - auc: 0.9065 - binary_accuracy: 0.8151 - loss: 0.4252
[1m 81/108[0m [32m━━━━━━━━━━━━━━━[0m[37m━━━━━[0m [1m7s[0m 285ms/step - auc: 0.9065 - binary_accuracy: 0.8154 - loss: 0.4250
[1m 82/108[0m [32m━━━━━━━━━━━━━━━[0m[37m━━━━━[0m [1m7s[0m 285ms/step - auc: 0.9066 - binary_accuracy: 0.8156 - loss: 0.4249
[1m 83/108[0m [32m━━━━━━━━━━━━━━━[0m[37m━━━━━[0m [1m7s[0m 285ms/step - auc: 0.9067 - binary_accuracy: 0.8159 - loss: 0.4247
[1m 84/108[0m [32m━━━━━━━━━━━━━━━[0m[37m━━━━━[0m [1m6s[0m 285ms/step - auc: 0.9067 - binary_accuracy: 0.8161 - loss: 0.4245
[1m 85/108[0m [32m━━━━━━━━━━━━━━━[0m[37m━━━━━[0m [1m6s[0m 285ms/step - auc: 0.9068 - binary_accuracy: 0.8163 - loss: 0.4243
[1m 86/108[0m [32m━━━━━━━━━━━━━━━[0m[37m━━━━━[0m [1m6s[0m 285ms/step - auc: 0.9068 - binary_accuracy: 0.8165 - loss: 0.4241
[1m 87/108[0m [32m━━━━━━━━━━━━━━━━[0m[37m━━━━[0m [1m5s[0m 285ms/step - auc: 0.9068 - binary_accuracy: 0.8166 - loss: 0.4240
[1m 88/108[0m [32m━━━━━━━━━━━━━━━━[0m[37m━━━━[0m [1m5s[0m 285ms/step - auc: 0.9069 - binary_accuracy: 0.8167 - loss: 0.4238
[1m 89/108[0m [32m━━━━━━━━━━━━━━━━[0m[37m━━━━[0m [1m5s[0m 285ms/step - auc: 0.9069 - binary_accuracy: 0.8169 - loss: 0.4236
[1m 90/108[0m [32m━━━━━━━━━━━━━━━━[0m[37m━━━━[0m [1m5s[0m 285ms/step - auc: 0.9070 - binary_accuracy: 0.8170 - loss: 0.4234
[1m 91/108[0m [32m━━━━━━━━━━━━━━━━[0m[37m━━━━[0m [1m4s[0m 285ms/step - auc: 0.9070 - binary_accuracy: 0.8171 - loss: 0.4233
[1m 92/108[0m [32m━━━━━━━━━━━━━━━━━[0m[37m━━━[0m [1m4s[0m 285ms/step - auc: 0.9071 - binary_accuracy: 0.8172 - loss: 0.4231
[1m 93/108[0m [32m━━━━━━━━━━━━━━━━━[0m[37m━━━[0m [1m4s[0m 285ms/step - auc: 0.9071 - binary_accuracy: 0.8174 - loss: 0.4230
[1m 94/108[0m [32m━━━━━━━━━━━━━━━━━[0m[37m━━━[0m [1m3s[0m 285ms/step - auc: 0.9072 - binary_accuracy: 0.8175 - loss: 0.4228
[1m 95/108[0m [32m━━━━━━━━━━━━━━━━━[0m[37m━━━[0m [1m3s[0m 285ms/step - auc: 0.9073 - binary_accuracy: 0.8176 - loss: 0.4226
[1m 96/108[0m [32m━━━━━━━━━━━━━━━━━[0m[37m━━━[0m [1m3s[0m 285ms/step - auc: 0.9073 - binary_accuracy: 0.8178 - loss: 0.4224
[1m 97/108[0m [32m━━━━━━━━━━━━━━━━━[0m[37m━━━[0m [1m3s[0m 285ms/step - auc: 0.9074 - binary_accuracy: 0.8179 - loss: 0.4223
[1m 98/108[0m [32m━━━━━━━━━━━━━━━━━━[0m[37m━━[0m [1m2s[0m 285ms/step - auc: 0.9074 - binary_accuracy: 0.8181 - loss: 0.4221
[1m 99/108[0m [32m━━━━━━━━━━━━━━━━━━[0m[37m━━[0m [1m2s[0m 285ms/step - auc: 0.9075 - binary_accuracy: 0.8182 - loss: 0.4220
[1m100/108[0m [32m━━━━━━━━━━━━━━━━━━[0m[37m━━[0m [1m2s[0m 285ms/step - auc: 0.9075 - binary_accuracy: 0.8184 - loss: 0.4218
[1m101/108[0m [32m━━━━━━━━━━━━━━━━━━[0m[37m━━[0m [1m1s[0m 285ms/step - auc: 0.9076 - binary_accuracy: 0.8185 - loss: 0.4217
[1m102/108[0m [32m━━━━━━━━━━━━━━━━━━[0m[37m━━[0m [1m1s[0m 285ms/step - auc: 0.9077 - binary_accuracy: 0.8186 - loss: 0.4215
[1m103/108[0m [32m━━━━━━━━━━━━━━━━━━━[0m[37m━[0m [1m1s[0m 285ms/step - auc: 0.9077 - binary_accuracy: 0.8188 - loss: 0.4215
[1m104/108[0m [32m━━━━━━━━━━━━━━━━━━━[0m[37m━[0m [1m1s[0m 285ms/step - auc: 0.9077 - binary_accuracy: 0.8189 - loss: 0.4213
[1m105/108[0m [32m━━━━━━━━━━━━━━━━━━━[0m[37m━[0m [1m0s[0m 285ms/step - auc: 0.9078 - binary_accuracy: 0.8190 - loss: 0.4212
[1m106/108[0m [32m━━━━━━━━━━━━━━━━━━━[0m[37m━[0m [1m0s[0m 285ms/step - auc: 0.9079 - binary_accuracy: 0.8192 - loss: 0.4211
[1m107/108[0m [32m━━━━━━━━━━━━━━━━━━━[0m[37m━[0m [1m0s[0m 284ms/step - auc: 0.9079 - binary_accuracy: 0.8193 - loss: 0.4211
[1m108/108[0m [32m━━━━━━━━━━━━━━━━━━━━[0m[37m[0m [1m0s[0m 283ms/step - auc: 0.9080 - binary_accuracy: 0.8194 - loss: 0.4210transfer phase-a: epoch 3/8 done in 37.1s loss=0.4106 auc=0.9138 val_loss=0.4726 val_auc=0.9657

[1m108/108[0m [32m━━━━━━━━━━━━━━━━━━━━[0m[37m[0m [1m37s[0m 342ms/step - auc: 0.9138 - binary_accuracy: 0.8314 - loss: 0.4106 - val_auc: 0.9657 - val_binary_accuracy: 0.7848 - val_loss: 0.4726
transfer phase-a: epoch 4/8 start
Epoch 4/5

[1m  1/108[0m [37m━━━━━━━━━━━━━━━━━━━━[0m [1m53s[0m 499ms/step - auc: 0.8621 - binary_accuracy: 0.7812 - loss: 0.4767
[1m  2/108[0m [37m━━━━━━━━━━━━━━━━━━━━[0m [1m30s[0m 285ms/step - auc: 0.8840 - binary_accuracy: 0.7969 - loss: 0.4632
[1m  3/108[0m [37m━━━━━━━━━━━━━━━━━━━━[0m [1m29s[0m 284ms/step - auc: 0.8874 - binary_accuracy: 0.7986 - loss: 0.4569
[1m  4/108[0m [37m━━━━━━━━━━━━━━━━━━━━[0m [1m29s[0m 284ms/step - auc: 0.8945 - binary_accuracy: 0.7982 - loss: 0.4464
[1m  5/108[0m [37m━━━━━━━━━━━━━━━━━━━━[0m [1m29s[0m 282ms/step - auc: 0.9017 - binary_accuracy: 0.7985 - loss: 0.4362
[1m  6/108[0m [32m━[0m[37m━━━━━━━━━━━━━━━━━━━[0m [1m28s[0m 281ms/step - auc: 0.9094 - binary_accuracy: 0.8026 - loss: 0.4247
[1m  7/108[0m [32m━[0m[37m━━━━━━━━━━━━━━━━━━━[0m [1m28s[0m 281ms/step - auc: 0.9126 - binary_accuracy: 0.8072 - loss: 0.4193
[1m  8/108[0m [32m━[0m[37m━━━━━━━━━━━━━━━━━━━[0m [1m28s[0m 281ms/step - auc: 0.9132 - binary_accuracy: 0.8113 - loss: 0.4204
[1m  9/108[0m [32m━[0m[37m━━━━━━━━━━━━━━━━━━━[0m [1m27s[0m 281ms/step - auc: 0.9140 - binary_accuracy: 0.8149 - loss: 0.4218
[1m 10/108[0m [32m━[0m[37m━━━━━━━━━━━━━━━━━━━[0m [1m27s[0m 281ms/step - auc: 0.9151 - binary_accuracy: 0.8184 - loss: 0.4220
[1m 11/108[0m [32m━━[0m[37m━━━━━━━━━━━━━━━━━━[0m [1m27s[0m 281ms/step - auc: 0.9159 - binary_accuracy: 0.8204 - loss: 0.4219
[1m 12/108[0m [32m━━[0m[37m━━━━━━━━━━━━━━━━━━[0m [1m26s[0m 281ms/step - auc: 0.9163 - binary_accuracy: 0.8213 - loss: 0.4214
[1m 13/108[0m [32m━━[0m[37m━━━━━━━━━━━━━━━━━━[0m [1m26s[0m 281ms/step - auc: 0.9168 - binary_accuracy: 0.8219 - loss: 0.4206
[1m 14/108[0m [32m━━[0m[37m━━━━━━━━━━━━━━━━━━[0m [1m26s[0m 281ms/step - auc: 0.9177 - binary_accuracy: 0.8222 - loss: 0.4195
[1m 15/108[0m [32m━━[0m[37m━━━━━━━━━━━━━━━━━━[0m [1m26s[0m 281ms/step - auc: 0.9186 - binary_accuracy: 0.8224 - loss: 0.4186
[1m 16/108[0m [32m━━[0m[37m━━━━━━━━━━━━━━━━━━[0m [1m25s[0m 282ms/step - auc: 0.9196 - binary_accuracy: 0.8226 - loss: 0.4177
[1m 17/108[0m [32m━━━[0m[37m━━━━━━━━━━━━━━━━━[0m [1m25s[0m 282ms/step - auc: 0.9205 - binary_accuracy: 0.8231 - loss: 0.4162
[1m 18/108[0m [32m━━━[0m[37m━━━━━━━━━━━━━━━━━[0m [1m25s[0m 282ms/step - auc: 0.9215 - binary_accuracy: 0.8239 - loss: 0.4143
[1m 19/108[0m [32m━━━[0m[37m━━━━━━━━━━━━━━━━━[0m [1m25s[0m 282ms/step - auc: 0.9226 - binary_accuracy: 0.8250 - loss: 0.4122
[1m 20/108[0m [32m━━━[0m[37m━━━━━━━━━━━━━━━━━[0m [1m24s[0m 282ms/step - auc: 0.9237 - binary_accuracy: 0.8264 - loss: 0.4098
[1m 21/108[0m [32m━━━[0m[37m━━━━━━━━━━━━━━━━━[0m [1m24s[0m 283ms/step - auc: 0.9247 - binary_accuracy: 0.8279 - loss: 0.4076
[1m 22/108[0m [32m━━━━[0m[37m━━━━━━━━━━━━━━━━[0m [1m24s[0m 283ms/step - auc: 0.9258 - binary_accuracy: 0.8294 - loss: 0.4052
[1m 23/108[0m [32m━━━━[0m[37m━━━━━━━━━━━━━━━━[0m [1m24s[0m 283ms/step - auc: 0.9267 - binary_accuracy: 0.8310 - loss: 0.4030
[1m 24/108[0m [32m━━━━[0m[37m━━━━━━━━━━━━━━━━[0m [1m23s[0m 283ms/step - auc: 0.9273 - binary_accuracy: 0.8326 - loss: 0.4013
[1m 25/108[0m [32m━━━━[0m[37m━━━━━━━━━━━━━━━━[0m [1m23s[0m 283ms/step - auc: 0.9280 - binary_accuracy: 0.8341 - loss: 0.3997
[1m 26/108[0m [32m━━━━[0m[37m━━━━━━━━━━━━━━━━[0m [1m23s[0m 283ms/step - auc: 0.9285 - binary_accuracy: 0.8354 - loss: 0.3983
[1m 27/108[0m [32m━━━━━[0m[37m━━━━━━━━━━━━━━━[0m [1m22s[0m 283ms/step - auc: 0.9290 - binary_accuracy: 0.8367 - loss: 0.3968
[1m 28/108[0m [32m━━━━━[0m[37m━━━━━━━━━━━━━━━[0m [1m22s[0m 283ms/step - auc: 0.9295 - binary_accuracy: 0.8376 - loss: 0.3955
[1m 29/108[0m [32m━━━━━[0m[37m━━━━━━━━━━━━━━━[0m [1m22s[0m 283ms/step - auc: 0.9299 - binary_accuracy: 0.8385 - loss: 0.3941
[1m 30/108[0m [32m━━━━━[0m[37m━━━━━━━━━━━━━━━[0m [1m22s[0m 283ms/step - auc: 0.9304 - binary_accuracy: 0.8392 - loss: 0.3928
[1m 31/108[0m [32m━━━━━[0m[37m━━━━━━━━━━━━━━━[0m [1m21s[0m 283ms/step - auc: 0.9309 - binary_accuracy: 0.8399 - loss: 0.3916
[1m 32/108[0m [32m━━━━━[0m[37m━━━━━━━━━━━━━━━[0m [1m21s[0m 283ms/step - auc: 0.9314 - binary_accuracy: 0.8406 - loss: 0.3902
[1m 33/108[0m [32m━━━━━━[0m[37m━━━━━━━━━━━━━━[0m [1m21s[0m 283ms/step - auc: 0.9319 - binary_accuracy: 0.8414 - loss: 0.3888
[1m 34/108[0m [32m━━━━━━[0m[37m━━━━━━━━━━━━━━[0m [1m20s[0m 283ms/step - auc: 0.9324 - binary_accuracy: 0.8422 - loss: 0.3876
[1m 35/108[0m [32m━━━━━━[0m[37m━━━━━━━━━━━━━━[0m [1m20s[0m 283ms/step - auc: 0.9329 - binary_accuracy: 0.8430 - loss: 0.3863
[1m 36/108[0m [32m━━━━━━[0m[37m━━━━━━━━━━━━━━[0m [1m20s[0m 283ms/step - auc: 0.9333 - binary_accuracy: 0.8437 - loss: 0.3853
[1m 37/108[0m [32m━━━━━━[0m[37m━━━━━━━━━━━━━━[0m [1m20s[0m 283ms/step - auc: 0.9336 - binary_accuracy: 0.8445 - loss: 0.3844
[1m 38/108[0m [32m━━━━━━━[0m[37m━━━━━━━━━━━━━[0m [1m19s[0m 283ms/step - auc: 0.9340 - binary_accuracy: 0.8451 - loss: 0.3834
[1m 39/108[0m [32m━━━━━━━[0m[37m━━━━━━━━━━━━━[0m [1m19s[0m 283ms/step - auc: 0.9343 - binary_accuracy: 0.8457 - loss: 0.3824
[1m 40/108[0m [32m━━━━━━━[0m[37m━━━━━━━━━━━━━[0m [1m19s[0m 283ms/step - auc: 0.9346 - binary_accuracy: 0.8462 - loss: 0.3815
[1m 41/108[0m [32m━━━━━━━[0m[37m━━━━━━━━━━━━━[0m [1m18s[0m 283ms/step - auc: 0.9350 - binary_accuracy: 0.8467 - loss: 0.3806
[1m 42/108[0m [32m━━━━━━━[0m[37m━━━━━━━━━━━━━[0m [1m18s[0m 283ms/step - auc: 0.9353 - binary_accuracy: 0.8471 - loss: 0.3796
[1m 43/108[0m [32m━━━━━━━[0m[37m━━━━━━━━━━━━━[0m [1m18s[0m 283ms/step - auc: 0.9357 - binary_accuracy: 0.8477 - loss: 0.3787
[1m 44/108[0m [32m━━━━━━━━[0m[37m━━━━━━━━━━━━[0m [1m18s[0m 283ms/step - auc: 0.9361 - binary_accuracy: 0.8482 - loss: 0.3777
[1m 45/108[0m [32m━━━━━━━━[0m[37m━━━━━━━━━━━━[0m [1m17s[0m 283ms/step - auc: 0.9365 - binary_accuracy: 0.8487 - loss: 0.3767
[1m 46/108[0m [32m━━━━━━━━[0m[37m━━━━━━━━━━━━[0m [1m17s[0m 284ms/step - auc: 0.9368 - binary_accuracy: 0.8492 - loss: 0.3758
[1m 47/108[0m [32m━━━━━━━━[0m[37m━━━━━━━━━━━━[0m [1m17s[0m 284ms/step - auc: 0.9372 - binary_accuracy: 0.8497 - loss: 0.3748
[1m 48/108[0m [32m━━━━━━━━[0m[37m━━━━━━━━━━━━[0m [1m17s[0m 284ms/step - auc: 0.9376 - binary_accuracy: 0.8503 - loss: 0.3738
[1m 49/108[0m [32m━━━━━━━━━[0m[37m━━━━━━━━━━━[0m [1m16s[0m 284ms/step - auc: 0.9379 - binary_accuracy: 0.8508 - loss: 0.3729
[1m 50/108[0m [32m━━━━━━━━━[0m[37m━━━━━━━━━━━[0m [1m16s[0m 284ms/step - auc: 0.9383 - binary_accuracy: 0.8513 - loss: 0.3719
[1m 51/108[0m [32m━━━━━━━━━[0m[37m━━━━━━━━━━━[0m [1m16s[0m 284ms/step - auc: 0.9386 - binary_accuracy: 0.8518 - loss: 0.3710
[1m 52/108[0m [32m━━━━━━━━━[0m[37m━━━━━━━━━━━[0m [1m15s[0m 284ms/step - auc: 0.9389 - binary_accuracy: 0.8523 - loss: 0.3701
[1m 53/108[0m [32m━━━━━━━━━[0m[37m━━━━━━━━━━━[0m [1m15s[0m 284ms/step - auc: 0.9392 - binary_accuracy: 0.8528 - loss: 0.3692
[1m 54/108[0m [32m━━━━━━━━━━[0m[37m━━━━━━━━━━[0m [1m15s[0m 284ms/step - auc: 0.9395 - binary_accuracy: 0.8533 - loss: 0.3685
[1m 55/108[0m [32m━━━━━━━━━━[0m[37m━━━━━━━━━━[0m [1m15s[0m 284ms/step - auc: 0.9398 - binary_accuracy: 0.8537 - loss: 0.3678
[1m 56/108[0m [32m━━━━━━━━━━[0m[37m━━━━━━━━━━[0m [1m14s[0m 284ms/step - auc: 0.9400 - binary_accuracy: 0.8539 - loss: 0.3672
[1m 57/108[0m [32m━━━━━━━━━━[0m[37m━━━━━━━━━━[0m [1m14s[0m 284ms/step - auc: 0.9402 - binary_accuracy: 0.8542 - loss: 0.3667
[1m 58/108[0m [32m━━━━━━━━━━[0m[37m━━━━━━━━━━[0m [1m14s[0m 284ms/step - auc: 0.9403 - binary_accuracy: 0.8544 - loss: 0.3663
[1m 59/108[0m [32m━━━━━━━━━━[0m[37m━━━━━━━━━━[0m [1m13s[0m 284ms/step - auc: 0.9405 - binary_accuracy: 0.8545 - loss: 0.3659
[1m 60/108[0m [32m━━━━━━━━━━━[0m[37m━━━━━━━━━[0m [1m13s[0m 284ms/step - auc: 0.9406 - binary_accuracy: 0.8546 - loss: 0.3655
[1m 61/108[0m [32m━━━━━━━━━━━[0m[37m━━━━━━━━━[0m [1m13s[0m 284ms/step - auc: 0.9408 - binary_accuracy: 0.8548 - loss: 0.3651
[1m 62/108[0m [32m━━━━━━━━━━━[0m[37m━━━━━━━━━[0m [1m13s[0m 284ms/step - auc: 0.9408 - binary_accuracy: 0.8550 - loss: 0.3648
[1m 63/108[0m [32m━━━━━━━━━━━[0m[37m━━━━━━━━━[0m [1m12s[0m 284ms/step - auc: 0.9409 - binary_accuracy: 0.8552 - loss: 0.3647
[1m 64/108[0m [32m━━━━━━━━━━━[0m[37m━━━━━━━━━[0m [1m12s[0m 284ms/step - auc: 0.9409 - binary_accuracy: 0.8554 - loss: 0.3644
[1m 65/108[0m [32m━━━━━━━━━━━━[0m[37m━━━━━━━━[0m [1m12s[0m 284ms/step - auc: 0.9410 - binary_accuracy: 0.8556 - loss: 0.3641
[1m 66/108[0m [32m━━━━━━━━━━━━[0m[37m━━━━━━━━[0m [1m11s[0m 284ms/step - auc: 0.9410 - binary_accuracy: 0.8558 - loss: 0.3640
[1m 67/108[0m [32m━━━━━━━━━━━━[0m[37m━━━━━━━━[0m [1m11s[0m 284ms/step - auc: 0.9410 - binary_accuracy: 0.8560 - loss: 0.3638
[1m 68/108[0m [32m━━━━━━━━━━━━[0m[37m━━━━━━━━[0m [1m11s[0m 284ms/step - auc: 0.9411 - binary_accuracy: 0.8562 - loss: 0.3636
[1m 69/108[0m [32m━━━━━━━━━━━━[0m[37m━━━━━━━━[0m [1m11s[0m 284ms/step - auc: 0.9411 - binary_accuracy: 0.8564 - loss: 0.3634
[1m 70/108[0m [32m━━━━━━━━━━━━[0m[37m━━━━━━━━[0m [1m10s[0m 284ms/step - auc: 0.9411 - binary_accuracy: 0.8566 - loss: 0.3632
[1m 71/108[0m [32m━━━━━━━━━━━━━[0m[37m━━━━━━━[0m [1m10s[0m 285ms/step - auc: 0.9411 - binary_accuracy: 0.8567 - loss: 0.3630
[1m 72/108[0m [32m━━━━━━━━━━━━━[0m[37m━━━━━━━[0m [1m10s[0m 285ms/step - auc: 0.9412 - binary_accuracy: 0.8569 - loss: 0.3627
[1m 73/108[0m [32m━━━━━━━━━━━━━[0m[37m━━━━━━━[0m [1m9s[0m 285ms/step - auc: 0.9412 - binary_accuracy: 0.8570 - loss: 0.3626 
[1m 74/108[0m [32m━━━━━━━━━━━━━[0m[37m━━━━━━━[0m [1m9s[0m 285ms/step - auc: 0.9412 - binary_accuracy: 0.8572 - loss: 0.3624
[1m 75/108[0m [32m━━━━━━━━━━━━━[0m[37m━━━━━━━[0m [1m9s[0m 285ms/step - auc: 0.9413 - binary_accuracy: 0.8574 - loss: 0.3621
[1m 76/108[0m [32m━━━━━━━━━━━━━━[0m[37m━━━━━━[0m [1m9s[0m 285ms/step - auc: 0.9413 - binary_accuracy: 0.8576 - loss: 0.3619
[1m 77/108[0m [32m━━━━━━━━━━━━━━[0m[37m━━━━━━[0m [1m8s[0m 285ms/step - auc: 0.9414 - binary_accuracy: 0.8578 - loss: 0.3616
[1m 78/108[0m [32m━━━━━━━━━━━━━━[0m[37m━━━━━━[0m [1m8s[0m 285ms/step - auc: 0.9415 - binary_accuracy: 0.8580 - loss: 0.3614
[1m 79/108[0m [32m━━━━━━━━━━━━━━[0m[37m━━━━━━[0m [1m8s[0m 285ms/step - auc: 0.9415 - binary_accuracy: 0.8582 - loss: 0.3611
[1m 80/108[0m [32m━━━━━━━━━━━━━━[0m[37m━━━━━━[0m [1m7s[0m 285ms/step - auc: 0.9416 - binary_accuracy: 0.8585 - loss: 0.3609
[1m 81/108[0m [32m━━━━━━━━━━━━━━━[0m[37m━━━━━[0m [1m7s[0m 285ms/step - auc: 0.9416 - binary_accuracy: 0.8587 - loss: 0.3607
[1m 82/108[0m [32m━━━━━━━━━━━━━━━[0m[37m━━━━━[0m [1m7s[0m 285ms/step - auc: 0.9417 - binary_accuracy: 0.8588 - loss: 0.3605
[1m 83/108[0m [32m━━━━━━━━━━━━━━━[0m[37m━━━━━[0m [1m7s[0m 285ms/step - auc: 0.9417 - binary_accuracy: 0.8590 - loss: 0.3603
[1m 84/108[0m [32m━━━━━━━━━━━━━━━[0m[37m━━━━━[0m [1m6s[0m 285ms/step - auc: 0.9418 - binary_accuracy: 0.8591 - loss: 0.3602
[1m 85/108[0m [32m━━━━━━━━━━━━━━━[0m[37m━━━━━[0m [1m6s[0m 285ms/step - auc: 0.9418 - binary_accuracy: 0.8593 - loss: 0.3600
[1m 86/108[0m [32m━━━━━━━━━━━━━━━[0m[37m━━━━━[0m [1m6s[0m 285ms/step - auc: 0.9419 - binary_accuracy: 0.8594 - loss: 0.3598
[1m 87/108[0m [32m━━━━━━━━━━━━━━━━[0m[37m━━━━[0m [1m5s[0m 285ms/step - auc: 0.9419 - binary_accuracy: 0.8595 - loss: 0.3596
[1m 88/108[0m [32m━━━━━━━━━━━━━━━━[0m[37m━━━━[0m [1m5s[0m 285ms/step - auc: 0.9420 - binary_accuracy: 0.8597 - loss: 0.3595
[1m 89/108[0m [32m━━━━━━━━━━━━━━━━[0m[37m━━━━[0m [1m5s[0m 285ms/step - auc: 0.9420 - binary_accuracy: 0.8598 - loss: 0.3593
[1m 90/108[0m [32m━━━━━━━━━━━━━━━━[0m[37m━━━━[0m [1m5s[0m 285ms/step - auc: 0.9420 - binary_accuracy: 0.8600 - loss: 0.3592
[1m 91/108[0m [32m━━━━━━━━━━━━━━━━[0m[37m━━━━[0m [1m4s[0m 285ms/step - auc: 0.9421 - binary_accuracy: 0.8601 - loss: 0.3590
[1m 92/108[0m [32m━━━━━━━━━━━━━━━━━[0m[37m━━━[0m [1m4s[0m 285ms/step - auc: 0.9421 - binary_accuracy: 0.8602 - loss: 0.3589
[1m 93/108[0m [32m━━━━━━━━━━━━━━━━━[0m[37m━━━[0m [1m4s[0m 285ms/step - auc: 0.9421 - binary_accuracy: 0.8603 - loss: 0.3588
[1m 94/108[0m [32m━━━━━━━━━━━━━━━━━[0m[37m━━━[0m [1m3s[0m 285ms/step - auc: 0.9422 - binary_accuracy: 0.8605 - loss: 0.3586
[1m 95/108[0m [32m━━━━━━━━━━━━━━━━━[0m[37m━━━[0m [1m3s[0m 284ms/step - auc: 0.9422 - binary_accuracy: 0.8606 - loss: 0.3585
[1m 96/108[0m [32m━━━━━━━━━━━━━━━━━[0m[37m━━━[0m [1m3s[0m 284ms/step - auc: 0.9422 - binary_accuracy: 0.8607 - loss: 0.3583
[1m 97/108[0m [32m━━━━━━━━━━━━━━━━━[0m[37m━━━[0m [1m3s[0m 284ms/step - auc: 0.9423 - binary_accuracy: 0.8608 - loss: 0.3582
[1m 98/108[0m [32m━━━━━━━━━━━━━━━━━━[0m[37m━━[0m [1m2s[0m 284ms/step - auc: 0.9423 - binary_accuracy: 0.8609 - loss: 0.3581
[1m 99/108[0m [32m━━━━━━━━━━━━━━━━━━[0m[37m━━[0m [1m2s[0m 284ms/step - auc: 0.9423 - binary_accuracy: 0.8610 - loss: 0.3580
[1m100/108[0m [32m━━━━━━━━━━━━━━━━━━[0m[37m━━[0m [1m2s[0m 284ms/step - auc: 0.9424 - binary_accuracy: 0.8612 - loss: 0.3579
[1m101/108[0m [32m━━━━━━━━━━━━━━━━━━[0m[37m━━[0m [1m1s[0m 284ms/step - auc: 0.9424 - binary_accuracy: 0.8613 - loss: 0.3577
[1m102/108[0m [32m━━━━━━━━━━━━━━━━━━[0m[37m━━[0m [1m1s[0m 284ms/step - auc: 0.9424 - binary_accuracy: 0.8614 - loss: 0.3576
[1m103/108[0m [32m━━━━━━━━━━━━━━━━━━━[0m[37m━[0m [1m1s[0m 284ms/step - auc: 0.9424 - binary_accuracy: 0.8614 - loss: 0.3576
[1m104/108[0m [32m━━━━━━━━━━━━━━━━━━━[0m[37m━[0m [1m1s[0m 284ms/step - auc: 0.9425 - binary_accuracy: 0.8615 - loss: 0.3575
[1m105/108[0m [32m━━━━━━━━━━━━━━━━━━━[0m[37m━[0m [1m0s[0m 284ms/step - auc: 0.9425 - binary_accuracy: 0.8616 - loss: 0.3574
[1m106/108[0m [32m━━━━━━━━━━━━━━━━━━━[0m[37m━[0m [1m0s[0m 284ms/step - auc: 0.9425 - binary_accuracy: 0.8617 - loss: 0.3573
[1m107/108[0m [32m━━━━━━━━━━━━━━━━━━━[0m[37m━[0m [1m0s[0m 284ms/step - auc: 0.9425 - binary_accuracy: 0.8618 - loss: 0.3573
[1m108/108[0m [32m━━━━━━━━━━━━━━━━━━━━[0m[37m[0m [1m0s[0m 283ms/step - auc: 0.9426 - binary_accuracy: 0.8619 - loss: 0.3572transfer phase-a: epoch 4/8 done in 37.0s loss=0.3500 auc=0.9451 val_loss=0.3227 val_auc=0.9770

[1m108/108[0m [32m━━━━━━━━━━━━━━━━━━━━[0m[37m[0m [1m37s[0m 341ms/step - auc: 0.9451 - binary_accuracy: 0.8709 - loss: 0.3500 - val_auc: 0.9770 - val_binary_accuracy: 0.8806 - val_loss: 0.3227
transfer phase-a: epoch 5/8 start
Epoch 5/5

[1m  1/108[0m [37m━━━━━━━━━━━━━━━━━━━━[0m [1m51s[0m 483ms/step - auc: 0.8966 - binary_accuracy: 0.8125 - loss: 0.4502
[1m  2/108[0m [37m━━━━━━━━━━━━━━━━━━━━[0m [1m29s[0m 279ms/step - auc: 0.9132 - binary_accuracy: 0.8438 - loss: 0.4306
[1m  3/108[0m [37m━━━━━━━━━━━━━━━━━━━━[0m [1m29s[0m 281ms/step - auc: 0.9136 - binary_accuracy: 0.8438 - loss: 0.4229
[1m  4/108[0m [37m━━━━━━━━━━━━━━━━━━━━[0m [1m29s[0m 279ms/step - auc: 0.9185 - binary_accuracy: 0.8438 - loss: 0.4101
[1m  5/108[0m [37m━━━━━━━━━━━━━━━━━━━━[0m [1m28s[0m 279ms/step - auc: 0.9233 - binary_accuracy: 0.8462 - loss: 0.3998
[1m  6/108[0m [32m━[0m[37m━━━━━━━━━━━━━━━━━━━[0m [1m28s[0m 279ms/step - auc: 0.9283 - binary_accuracy: 0.8510 - loss: 0.3897
[1m  7/108[0m [32m━[0m[37m━━━━━━━━━━━━━━━━━━━[0m [1m28s[0m 280ms/step - auc: 0.9315 - binary_accuracy: 0.8551 - loss: 0.3837
[1m  8/108[0m [32m━[0m[37m━━━━━━━━━━━━━━━━━━━[0m [1m27s[0m 279ms/step - auc: 0.9343 - binary_accuracy: 0.8591 - loss: 0.3806
[1m  9/108[0m [32m━[0m[37m━━━━━━━━━━━━━━━━━━━[0m [1m27s[0m 281ms/step - auc: 0.9366 - binary_accuracy: 0.8624 - loss: 0.3785
[1m 10/108[0m [32m━[0m[37m━━━━━━━━━━━━━━━━━━━[0m [1m27s[0m 284ms/step - auc: 0.9384 - binary_accuracy: 0.8636 - loss: 0.3771
[1m 11/108[0m [32m━━[0m[37m━━━━━━━━━━━━━━━━━━[0m [1m27s[0m 286ms/step - auc: 0.9395 - binary_accuracy: 0.8639 - loss: 0.3761
[1m 12/108[0m [32m━━[0m[37m━━━━━━━━━━━━━━━━━━[0m [1m27s[0m 287ms/step - auc: 0.9400 - binary_accuracy: 0.8633 - loss: 0.3755
[1m 13/108[0m [32m━━[0m[37m━━━━━━━━━━━━━━━━━━[0m [1m27s[0m 287ms/step - auc: 0.9403 - binary_accuracy: 0.8627 - loss: 0.3749
[1m 14/108[0m [32m━━[0m[37m━━━━━━━━━━━━━━━━━━[0m [1m27s[0m 288ms/step - auc: 0.9409 - binary_accuracy: 0.8618 - loss: 0.3743
[1m 15/108[0m [32m━━[0m[37m━━━━━━━━━━━━━━━━━━[0m [1m26s[0m 288ms/step - auc: 0.9412 - binary_accuracy: 0.8611 - loss: 0.3743
[1m 16/108[0m [32m━━[0m[37m━━━━━━━━━━━━━━━━━━[0m [1m26s[0m 288ms/step - auc: 0.9413 - binary_accuracy: 0.8606 - loss: 0.3748
[1m 17/108[0m [32m━━━[0m[37m━━━━━━━━━━━━━━━━━[0m [1m26s[0m 288ms/step - auc: 0.9415 - binary_accuracy: 0.8601 - loss: 0.3746
[1m 18/108[0m [32m━━━[0m[37m━━━━━━━━━━━━━━━━━[0m [1m25s[0m 287ms/step - auc: 0.9417 - binary_accuracy: 0.8594 - loss: 0.3742
[1m 19/108[0m [32m━━━[0m[37m━━━━━━━━━━━━━━━━━[0m [1m25s[0m 288ms/step - auc: 0.9420 - binary_accuracy: 0.8589 - loss: 0.3734
[1m 20/108[0m [32m━━━[0m[37m━━━━━━━━━━━━━━━━━[0m [1m25s[0m 287ms/step - auc: 0.9424 - binary_accuracy: 0.8585 - loss: 0.3724
[1m 21/108[0m [32m━━━[0m[37m━━━━━━━━━━━━━━━━━[0m [1m24s[0m 287ms/step - auc: 0.9427 - binary_accuracy: 0.8579 - loss: 0.3714
[1m 22/108[0m [32m━━━━[0m[37m━━━━━━━━━━━━━━━━[0m [1m24s[0m 287ms/step - auc: 0.9431 - binary_accuracy: 0.8576 - loss: 0.3702
[1m 23/108[0m [32m━━━━[0m[37m━━━━━━━━━━━━━━━━[0m [1m24s[0m 287ms/step - auc: 0.9435 - binary_accuracy: 0.8574 - loss: 0.3690
[1m 24/108[0m [32m━━━━[0m[37m━━━━━━━━━━━━━━━━[0m [1m24s[0m 287ms/step - auc: 0.9437 - binary_accuracy: 0.8572 - loss: 0.3680
[1m 25/108[0m [32m━━━━[0m[37m━━━━━━━━━━━━━━━━[0m [1m23s[0m 287ms/step - auc: 0.9437 - binary_accuracy: 0.8571 - loss: 0.3676
[1m 26/108[0m [32m━━━━[0m[37m━━━━━━━━━━━━━━━━[0m [1m23s[0m 287ms/step - auc: 0.9438 - binary_accuracy: 0.8571 - loss: 0.3671
[1m 27/108[0m [32m━━━━━[0m[37m━━━━━━━━━━━━━━━[0m [1m23s[0m 286ms/step - auc: 0.9439 - binary_accuracy: 0.8573 - loss: 0.3662
[1m 28/108[0m [32m━━━━━[0m[37m━━━━━━━━━━━━━━━[0m [1m22s[0m 287ms/step - auc: 0.9441 - binary_accuracy: 0.8574 - loss: 0.3654
[1m 29/108[0m [32m━━━━━[0m[37m━━━━━━━━━━━━━━━[0m [1m22s[0m 287ms/step - auc: 0.9443 - binary_accuracy: 0.8576 - loss: 0.3645
[1m 30/108[0m [32m━━━━━[0m[37m━━━━━━━━━━━━━━━[0m [1m22s[0m 287ms/step - auc: 0.9446 - binary_accuracy: 0.8578 - loss: 0.3635
[1m 31/108[0m [32m━━━━━[0m[37m━━━━━━━━━━━━━━━[0m [1m22s[0m 286ms/step - auc: 0.9449 - binary_accuracy: 0.8579 - loss: 0.3626
[1m 32/108[0m [32m━━━━━[0m[37m━━━━━━━━━━━━━━━[0m [1m21s[0m 286ms/step - auc: 0.9452 - binary_accuracy: 0.8581 - loss: 0.3615
[1m 33/108[0m [32m━━━━━━[0m[37m━━━━━━━━━━━━━━[0m [1m21s[0m 287ms/step - auc: 0.9455 - binary_accuracy: 0.8583 - loss: 0.3604
[1m 34/108[0m [32m━━━━━━[0m[37m━━━━━━━━━━━━━━[0m [1m21s[0m 287ms/step - auc: 0.9458 - binary_accuracy: 0.8586 - loss: 0.3594
[1m 35/108[0m [32m━━━━━━[0m[37m━━━━━━━━━━━━━━[0m [1m20s[0m 287ms/step - auc: 0.9461 - binary_accuracy: 0.8589 - loss: 0.3586
[1m 36/108[0m [32m━━━━━━[0m[37m━━━━━━━━━━━━━━[0m [1m20s[0m 286ms/step - auc: 0.9463 - binary_accuracy: 0.8592 - loss: 0.3580
[1m 37/108[0m [32m━━━━━━[0m[37m━━━━━━━━━━━━━━[0m [1m20s[0m 286ms/step - auc: 0.9464 - binary_accuracy: 0.8595 - loss: 0.3574
[1m 38/108[0m [32m━━━━━━━[0m[37m━━━━━━━━━━━━━[0m [1m20s[0m 286ms/step - auc: 0.9466 - binary_accuracy: 0.8597 - loss: 0.3568
[1m 39/108[0m [32m━━━━━━━[0m[37m━━━━━━━━━━━━━[0m [1m19s[0m 286ms/step - auc: 0.9466 - binary_accuracy: 0.8598 - loss: 0.3563
[1m 40/108[0m [32m━━━━━━━[0m[37m━━━━━━━━━━━━━[0m [1m19s[0m 286ms/step - auc: 0.9467 - binary_accuracy: 0.8597 - loss: 0.3558
[1m 41/108[0m [32m━━━━━━━[0m[37m━━━━━━━━━━━━━[0m [1m19s[0m 287ms/step - auc: 0.9468 - binary_accuracy: 0.8597 - loss: 0.3553
[1m 42/108[0m [32m━━━━━━━[0m[37m━━━━━━━━━━━━━[0m [1m18s[0m 287ms/step - auc: 0.9469 - binary_accuracy: 0.8596 - loss: 0.3549
[1m 43/108[0m [32m━━━━━━━[0m[37m━━━━━━━━━━━━━[0m [1m18s[0m 287ms/step - auc: 0.9470 - binary_accuracy: 0.8596 - loss: 0.3544
[1m 44/108[0m [32m━━━━━━━━[0m[37m━━━━━━━━━━━━[0m [1m18s[0m 287ms/step - auc: 0.9471 - binary_accuracy: 0.8597 - loss: 0.3539
[1m 45/108[0m [32m━━━━━━━━[0m[37m━━━━━━━━━━━━[0m [1m18s[0m 287ms/step - auc: 0.9473 - binary_accuracy: 0.8598 - loss: 0.3534
[1m 46/108[0m [32m━━━━━━━━[0m[37m━━━━━━━━━━━━[0m [1m17s[0m 287ms/step - auc: 0.9474 - binary_accuracy: 0.8599 - loss: 0.3528
[1m 47/108[0m [32m━━━━━━━━[0m[37m━━━━━━━━━━━━[0m [1m17s[0m 287ms/step - auc: 0.9476 - binary_accuracy: 0.8600 - loss: 0.3521
[1m 48/108[0m [32m━━━━━━━━[0m[37m━━━━━━━━━━━━[0m [1m17s[0m 287ms/step - auc: 0.9478 - binary_accuracy: 0.8602 - loss: 0.3515
[1m 49/108[0m [32m━━━━━━━━━[0m[37m━━━━━━━━━━━[0m [1m16s[0m 287ms/step - auc: 0.9480 - binary_accuracy: 0.8605 - loss: 0.3508
[1m 50/108[0m [32m━━━━━━━━━[0m[37m━━━━━━━━━━━[0m [1m16s[0m 287ms/step - auc: 0.9482 - binary_accuracy: 0.8607 - loss: 0.3502
[1m 51/108[0m [32m━━━━━━━━━[0m[37m━━━━━━━━━━━[0m [1m16s[0m 287ms/step - auc: 0.9483 - binary_accuracy: 0.8609 - loss: 0.3495
[1m 52/108[0m [32m━━━━━━━━━[0m[37m━━━━━━━━━━━[0m [1m16s[0m 287ms/step - auc: 0.9485 - binary_accuracy: 0.8612 - loss: 0.3488
[1m 53/108[0m [32m━━━━━━━━━[0m[37m━━━━━━━━━━━[0m [1m15s[0m 287ms/step - auc: 0.9487 - binary_accuracy: 0.8614 - loss: 0.3482
[1m 54/108[0m [32m━━━━━━━━━━[0m[37m━━━━━━━━━━[0m [1m15s[0m 287ms/step - auc: 0.9488 - binary_accuracy: 0.8616 - loss: 0.3477
[1m 55/108[0m [32m━━━━━━━━━━[0m[37m━━━━━━━━━━[0m [1m15s[0m 287ms/step - auc: 0.9489 - binary_accuracy: 0.8618 - loss: 0.3472
[1m 56/108[0m [32m━━━━━━━━━━[0m[37m━━━━━━━━━━[0m [1m14s[0m 287ms/step - auc: 0.9490 - binary_accuracy: 0.8618 - loss: 0.3469
[1m 57/108[0m [32m━━━━━━━━━━[0m[37m━━━━━━━━━━[0m [1m14s[0m 287ms/step - auc: 0.9491 - binary_accuracy: 0.8618 - loss: 0.3467
[1m 58/108[0m [32m━━━━━━━━━━[0m[37m━━━━━━━━━━[0m [1m14s[0m 287ms/step - auc: 0.9491 - binary_accuracy: 0.8618 - loss: 0.3465
[1m 59/108[0m [32m━━━━━━━━━━[0m[37m━━━━━━━━━━[0m [1m14s[0m 287ms/step - auc: 0.9491 - binary_accuracy: 0.8617 - loss: 0.3463
[1m 60/108[0m [32m━━━━━━━━━━━[0m[37m━━━━━━━━━[0m [1m13s[0m 287ms/step - auc: 0.9492 - binary_accuracy: 0.8617 - loss: 0.3460
[1m 61/108[0m [32m━━━━━━━━━━━[0m[37m━━━━━━━━━[0m [1m13s[0m 287ms/step - auc: 0.9492 - binary_accuracy: 0.8616 - loss: 0.3458
[1m 62/108[0m [32m━━━━━━━━━━━[0m[37m━━━━━━━━━[0m [1m13s[0m 287ms/step - auc: 0.9492 - binary_accuracy: 0.8616 - loss: 0.3456
[1m 63/108[0m [32m━━━━━━━━━━━[0m[37m━━━━━━━━━[0m [1m12s[0m 287ms/step - auc: 0.9492 - binary_accuracy: 0.8616 - loss: 0.3456
[1m 64/108[0m [32m━━━━━━━━━━━[0m[37m━━━━━━━━━[0m [1m12s[0m 287ms/step - auc: 0.9492 - binary_accuracy: 0.8617 - loss: 0.3455
[1m 65/108[0m [32m━━━━━━━━━━━━[0m[37m━━━━━━━━[0m [1m12s[0m 287ms/step - auc: 0.9491 - binary_accuracy: 0.8617 - loss: 0.3454
[1m 66/108[0m [32m━━━━━━━━━━━━[0m[37m━━━━━━━━[0m [1m12s[0m 287ms/step - auc: 0.9491 - binary_accuracy: 0.8618 - loss: 0.3454
[1m 67/108[0m [32m━━━━━━━━━━━━[0m[37m━━━━━━━━[0m [1m11s[0m 287ms/step - auc: 0.9490 - binary_accuracy: 0.8619 - loss: 0.3453
[1m 68/108[0m [32m━━━━━━━━━━━━[0m[37m━━━━━━━━[0m [1m11s[0m 286ms/step - auc: 0.9490 - binary_accuracy: 0.8619 - loss: 0.3452
[1m 69/108[0m [32m━━━━━━━━━━━━[0m[37m━━━━━━━━[0m [1m11s[0m 287ms/step - auc: 0.9489 - binary_accuracy: 0.8619 - loss: 0.3451
[1m 70/108[0m [32m━━━━━━━━━━━━[0m[37m━━━━━━━━[0m [1m10s[0m 287ms/step - auc: 0.9489 - binary_accuracy: 0.8619 - loss: 0.3450
[1m 71/108[0m [32m━━━━━━━━━━━━━[0m[37m━━━━━━━[0m [1m10s[0m 287ms/step - auc: 0.9489 - binary_accuracy: 0.8619 - loss: 0.3449
[1m 72/108[0m [32m━━━━━━━━━━━━━[0m[37m━━━━━━━[0m [1m10s[0m 287ms/step - auc: 0.9488 - binary_accuracy: 0.8620 - loss: 0.3449
[1m 73/108[0m [32m━━━━━━━━━━━━━[0m[37m━━━━━━━[0m [1m10s[0m 287ms/step - auc: 0.9488 - binary_accuracy: 0.8620 - loss: 0.3448
[1m 74/108[0m [32m━━━━━━━━━━━━━[0m[37m━━━━━━━[0m [1m9s[0m 286ms/step - auc: 0.9488 - binary_accuracy: 0.8620 - loss: 0.3447 
[1m 75/108[0m [32m━━━━━━━━━━━━━[0m[37m━━━━━━━[0m [1m9s[0m 286ms/step - auc: 0.9488 - binary_accuracy: 0.8620 - loss: 0.3446
[1m 76/108[0m [32m━━━━━━━━━━━━━━[0m[37m━━━━━━[0m [1m9s[0m 286ms/step - auc: 0.9488 - binary_accuracy: 0.8621 - loss: 0.3444
[1m 77/108[0m [32m━━━━━━━━━━━━━━[0m[37m━━━━━━[0m [1m8s[0m 286ms/step - auc: 0.9488 - binary_accuracy: 0.8622 - loss: 0.3443
[1m 78/108[0m [32m━━━━━━━━━━━━━━[0m[37m━━━━━━[0m [1m8s[0m 286ms/step - auc: 0.9488 - binary_accuracy: 0.8623 - loss: 0.3441
[1m 79/108[0m [32m━━━━━━━━━━━━━━[0m[37m━━━━━━[0m [1m8s[0m 286ms/step - auc: 0.9488 - binary_accuracy: 0.8624 - loss: 0.3439
[1m 80/108[0m [32m━━━━━━━━━━━━━━[0m[37m━━━━━━[0m [1m8s[0m 286ms/step - auc: 0.9488 - binary_accuracy: 0.8625 - loss: 0.3437
[1m 81/108[0m [32m━━━━━━━━━━━━━━━[0m[37m━━━━━[0m [1m7s[0m 286ms/step - auc: 0.9488 - binary_accuracy: 0.8626 - loss: 0.3436
[1m 82/108[0m [32m━━━━━━━━━━━━━━━[0m[37m━━━━━[0m [1m7s[0m 286ms/step - auc: 0.9489 - binary_accuracy: 0.8627 - loss: 0.3435
[1m 83/108[0m [32m━━━━━━━━━━━━━━━[0m[37m━━━━━[0m [1m7s[0m 286ms/step - auc: 0.9489 - binary_accuracy: 0.8627 - loss: 0.3433
[1m 84/108[0m [32m━━━━━━━━━━━━━━━[0m[37m━━━━━[0m [1m6s[0m 286ms/step - auc: 0.9489 - binary_accuracy: 0.8628 - loss: 0.3432
[1m 85/108[0m [32m━━━━━━━━━━━━━━━[0m[37m━━━━━[0m [1m6s[0m 286ms/step - auc: 0.9489 - binary_accuracy: 0.8628 - loss: 0.3431
[1m 86/108[0m [32m━━━━━━━━━━━━━━━[0m[37m━━━━━[0m [1m6s[0m 286ms/step - auc: 0.9489 - binary_accuracy: 0.8629 - loss: 0.3429
[1m 87/108[0m [32m━━━━━━━━━━━━━━━━[0m[37m━━━━[0m [1m6s[0m 286ms/step - auc: 0.9489 - binary_accuracy: 0.8629 - loss: 0.3428
[1m 88/108[0m [32m━━━━━━━━━━━━━━━━[0m[37m━━━━[0m [1m5s[0m 286ms/step - auc: 0.9489 - binary_accuracy: 0.8630 - loss: 0.3427
[1m 89/108[0m [32m━━━━━━━━━━━━━━━━[0m[37m━━━━[0m [1m5s[0m 287ms/step - auc: 0.9489 - binary_accuracy: 0.8631 - loss: 0.3426
[1m 90/108[0m [32m━━━━━━━━━━━━━━━━[0m[37m━━━━[0m [1m5s[0m 287ms/step - auc: 0.9489 - binary_accuracy: 0.8631 - loss: 0.3425
[1m 91/108[0m [32m━━━━━━━━━━━━━━━━[0m[37m━━━━[0m [1m4s[0m 287ms/step - auc: 0.9489 - binary_accuracy: 0.8632 - loss: 0.3425
[1m 92/108[0m [32m━━━━━━━━━━━━━━━━━[0m[37m━━━[0m [1m4s[0m 287ms/step - auc: 0.9489 - binary_accuracy: 0.8632 - loss: 0.3425
[1m 93/108[0m [32m━━━━━━━━━━━━━━━━━[0m[37m━━━[0m [1m4s[0m 287ms/step - auc: 0.9489 - binary_accuracy: 0.8632 - loss: 0.3424
[1m 94/108[0m [32m━━━━━━━━━━━━━━━━━[0m[37m━━━[0m [1m4s[0m 287ms/step - auc: 0.9488 - binary_accuracy: 0.8632 - loss: 0.3424
[1m 95/108[0m [32m━━━━━━━━━━━━━━━━━[0m[37m━━━[0m [1m3s[0m 287ms/step - auc: 0.9488 - binary_accuracy: 0.8632 - loss: 0.3424
[1m 96/108[0m [32m━━━━━━━━━━━━━━━━━[0m[37m━━━[0m [1m3s[0m 287ms/step - auc: 0.9488 - binary_accuracy: 0.8632 - loss: 0.3424
[1m 97/108[0m [32m━━━━━━━━━━━━━━━━━[0m[37m━━━[0m [1m3s[0m 287ms/step - auc: 0.9487 - binary_accuracy: 0.8632 - loss: 0.3424
[1m 98/108[0m [32m━━━━━━━━━━━━━━━━━━[0m[37m━━[0m [1m2s[0m 287ms/step - auc: 0.9487 - binary_accuracy: 0.8631 - loss: 0.3424
[1m 99/108[0m [32m━━━━━━━━━━━━━━━━━━[0m[37m━━[0m [1m2s[0m 287ms/step - auc: 0.9487 - binary_accuracy: 0.8631 - loss: 0.3424
[1m100/108[0m [32m━━━━━━━━━━━━━━━━━━[0m[37m━━[0m [1m2s[0m 287ms/step - auc: 0.9487 - binary_accuracy: 0.8631 - loss: 0.3424
[1m101/108[0m [32m━━━━━━━━━━━━━━━━━━[0m[37m━━[0m [1m2s[0m 287ms/step - auc: 0.9486 - binary_accuracy: 0.8631 - loss: 0.3424
[1m102/108[0m [32m━━━━━━━━━━━━━━━━━━[0m[37m━━[0m [1m1s[0m 287ms/step - auc: 0.9486 - binary_accuracy: 0.8631 - loss: 0.3424
[1m103/108[0m [32m━━━━━━━━━━━━━━━━━━━[0m[37m━[0m [1m1s[0m 287ms/step - auc: 0.9486 - binary_accuracy: 0.8631 - loss: 0.3425
[1m104/108[0m [32m━━━━━━━━━━━━━━━━━━━[0m[37m━[0m [1m1s[0m 287ms/step - auc: 0.9485 - binary_accuracy: 0.8632 - loss: 0.3425
[1m105/108[0m [32m━━━━━━━━━━━━━━━━━━━[0m[37m━[0m [1m0s[0m 287ms/step - auc: 0.9485 - binary_accuracy: 0.8632 - loss: 0.3426
[1m106/108[0m [32m━━━━━━━━━━━━━━━━━━━[0m[37m━[0m [1m0s[0m 287ms/step - auc: 0.9484 - binary_accuracy: 0.8631 - loss: 0.3426
[1m107/108[0m [32m━━━━━━━━━━━━━━━━━━━[0m[37m━[0m [1m0s[0m 287ms/step - auc: 0.9484 - binary_accuracy: 0.8631 - loss: 0.3427
[1m108/108[0m [32m━━━━━━━━━━━━━━━━━━━━[0m[37m[0m [1m0s[0m 285ms/step - auc: 0.9483 - binary_accuracy: 0.8631 - loss: 0.3428transfer phase-a: epoch 5/8 done in 37.3s loss=0.3522 auc=0.9431 val_loss=0.4972 val_auc=0.9725

[1m108/108[0m [32m━━━━━━━━━━━━━━━━━━━━[0m[37m[0m [1m37s[0m 344ms/step - auc: 0.9431 - binary_accuracy: 0.8610 - loss: 0.3522 - val_auc: 0.9725 - val_binary_accuracy: 0.7562 - val_loss: 0.4972
[INFO] focus_binary.focus_binary.models.transfer: phase1: head training
transfer final: epoch 1/7 start
Epoch 1/3

[1m  1/133[0m [37m━━━━━━━━━━━━━━━━━━━━[0m [1m12:33[0m 6s/step - auc: 0.3037 - binary_accuracy: 0.2812 - loss: 1.0823
[1m  2/133[0m [37m━━━━━━━━━━━━━━━━━━━━[0m [1m4:29[0m 2s/step - auc: 0.2594 - binary_accuracy: 0.2812 - loss: 1.2056 
[1m  3/133[0m [37m━━━━━━━━━━━━━━━━━━━━[0m [1m4:59[0m 2s/step - auc: 0.2706 - binary_accuracy: 0.2778 - loss: 1.1980
[1m  4/133[0m [37m━━━━━━━━━━━━━━━━━━━━[0m [1m5:10[0m 2s/step - auc: 0.2973 - binary_accuracy: 0.2845 - loss: 1.1768
[1m  5/133[0m [37m━━━━━━━━━━━━━━━━━━━━[0m [1m5:14[0m 2s/step - auc: 0.3091 - binary_accuracy: 0.2876 - loss: 1.1597
[1m  6/133[0m [37m━━━━━━━━━━━━━━━━━━━━[0m [1m5:14[0m 2s/step - auc: 0.3279 - binary_accuracy: 0.2935 - loss: 1.1376
[1m  7/133[0m [32m━[0m[37m━━━━━━━━━━━━━━━━━━━[0m [1m5:11[0m 2s/step - auc: 0.3497 - binary_accuracy: 0.3039 - loss: 1.1136
[1m  8/133[0m [32m━[0m[37m━━━━━━━━━━━━━━━━━━━[0m [1m5:03[0m 2s/step - auc: 0.3708 - binary_accuracy: 0.3162 - loss: 1.0930
[1m  9/133[0m [32m━[0m[37m━━━━━━━━━━━━━━━━━━━[0m [1m5:12[0m 3s/step - auc: 0.3895 - binary_accuracy: 0.3297 - loss: 1.0739
[1m 10/133[0m [32m━[0m[37m━━━━━━━━━━━━━━━━━━━[0m [1m5:17[0m 3s/step - auc: 0.4078 - binary_accuracy: 0.3445 - loss: 1.0524
[1m 11/133[0m [32m━[0m[37m━━━━━━━━━━━━━━━━━━━[0m [1m5:19[0m 3s/step - auc: 0.4238 - binary_accuracy: 0.3602 - loss: 1.0334
[1m 12/133[0m [32m━[0m[37m━━━━━━━━━━━━━━━━━━━[0m [1m5:14[0m 3s/step - auc: 0.4394 - binary_accuracy: 0.3762 - loss: 1.0152
[1m 13/133[0m [32m━[0m[37m━━━━━━━━━━━━━━━━━━━[0m [1m5:21[0m 3s/step - auc: 0.4534 - binary_accuracy: 0.3909 - loss: 0.9980
[1m 14/133[0m [32m━━[0m[37m━━━━━━━━━━━━━━━━━━[0m [1m5:13[0m 3s/step - auc: 0.4677 - binary_accuracy: 0.4047 - loss: 0.9819
[1m 15/133[0m [32m━━[0m[37m━━━━━━━━━━━━━━━━━━[0m [1m5:16[0m 3s/step - auc: 0.4805 - binary_accuracy: 0.4172 - loss: 0.9683
[1m 16/133[0m [32m━━[0m[37m━━━━━━━━━━━━━━━━━━[0m [1m5:20[0m 3s/step - auc: 0.4916 - binary_accuracy: 0.4282 - loss: 0.9556
[1m 17/133[0m [32m━━[0m[37m━━━━━━━━━━━━━━━━━━[0m [1m5:19[0m 3s/step - auc: 0.5006 - binary_accuracy: 0.4380 - loss: 0.9458
[1m 18/133[0m [32m━━[0m[37m━━━━━━━━━━━━━━━━━━[0m [1m5:23[0m 3s/step - auc: 0.5089 - binary_accuracy: 0.4468 - loss: 0.9365
[1m 19/133[0m [32m━━[0m[37m━━━━━━━━━━━━━━━━━━[0m [1m5:12[0m 3s/step - auc: 0.5167 - binary_accuracy: 0.4550 - loss: 0.9276
[1m 20/133[0m [32m━━━[0m[37m━━━━━━━━━━━━━━━━━[0m [1m5:16[0m 3s/step - auc: 0.5238 - binary_accuracy: 0.4619 - loss: 0.9193
[1m 21/133[0m [32m━━━[0m[37m━━━━━━━━━━━━━━━━━[0m [1m5:20[0m 3s/step - auc: 0.5305 - binary_accuracy: 0.4681 - loss: 0.9114
[1m 22/133[0m [32m━━━[0m[37m━━━━━━━━━━━━━━━━━[0m [1m5:19[0m 3s/step - auc: 0.5366 - binary_accuracy: 0.4735 - loss: 0.9035
[1m 23/133[0m [32m━━━[0m[37m━━━━━━━━━━━━━━━━━[0m [1m5:15[0m 3s/step - auc: 0.5427 - binary_accuracy: 0.4788 - loss: 0.8958
[1m 24/133[0m [32m━━━[0m[37m━━━━━━━━━━━━━━━━━[0m [1m5:14[0m 3s/step - auc: 0.5487 - binary_accuracy: 0.4839 - loss: 0.8883
[1m 25/133[0m [32m━━━[0m[37m━━━━━━━━━━━━━━━━━[0m [1m5:11[0m 3s/step - auc: 0.5545 - binary_accuracy: 0.4888 - loss: 0.8810
[1m 26/133[0m [32m━━━[0m[37m━━━━━━━━━━━━━━━━━[0m [1m5:10[0m 3s/step - auc: 0.5600 - binary_accuracy: 0.4937 - loss: 0.8741
[1m 27/133[0m [32m━━━━[0m[37m━━━━━━━━━━━━━━━━[0m [1m5:13[0m 3s/step - auc: 0.5655 - binary_accuracy: 0.4986 - loss: 0.8670
[1m 28/133[0m [32m━━━━[0m[37m━━━━━━━━━━━━━━━━[0m [1m5:08[0m 3s/step - auc: 0.5710 - binary_accuracy: 0.5037 - loss: 0.8600
[1m 29/133[0m [32m━━━━[0m[37m━━━━━━━━━━━━━━━━[0m [1m5:07[0m 3s/step - auc: 0.5762 - binary_accuracy: 0.5087 - loss: 0.8532
[1m 30/133[0m [32m━━━━[0m[37m━━━━━━━━━━━━━━━━[0m [1m5:05[0m 3s/step - auc: 0.5811 - binary_accuracy: 0.5137 - loss: 0.8468
[1m 31/133[0m [32m━━━━[0m[37m━━━━━━━━━━━━━━━━[0m [1m5:03[0m 3s/step - auc: 0.5855 - binary_accuracy: 0.5185 - loss: 0.8411
[1m 32/133[0m [32m━━━━[0m[37m━━━━━━━━━━━━━━━━[0m [1m4:59[0m 3s/step - auc: 0.5898 - binary_accuracy: 0.5233 - loss: 0.8356
[1m 33/133[0m [32m━━━━[0m[37m━━━━━━━━━━━━━━━━[0m [1m4:59[0m 3s/step - auc: 0.5940 - binary_accuracy: 0.5278 - loss: 0.8303
[1m 34/133[0m [32m━━━━━[0m[37m━━━━━━━━━━━━━━━[0m [1m4:57[0m 3s/step - auc: 0.5979 - binary_accuracy: 0.5322 - loss: 0.8250
[1m 35/133[0m [32m━━━━━[0m[37m━━━━━━━━━━━━━━━[0m [1m4:56[0m 3s/step - auc: 0.6015 - binary_accuracy: 0.5361 - loss: 0.8202
[1m 36/133[0m [32m━━━━━[0m[37m━━━━━━━━━━━━━━━[0m [1m4:52[0m 3s/step - auc: 0.6052 - binary_accuracy: 0.5398 - loss: 0.8155
[1m 37/133[0m [32m━━━━━[0m[37m━━━━━━━━━━━━━━━[0m [1m4:51[0m 3s/step - auc: 0.6088 - binary_accuracy: 0.5433 - loss: 0.8110
[1m 38/133[0m [32m━━━━━[0m[37m━━━━━━━━━━━━━━━[0m [1m4:47[0m 3s/step - auc: 0.6121 - binary_accuracy: 0.5465 - loss: 0.8066
[1m 39/133[0m [32m━━━━━[0m[37m━━━━━━━━━━━━━━━[0m [1m4:44[0m 3s/step - auc: 0.6153 - binary_accuracy: 0.5495 - loss: 0.8027
[1m 40/133[0m [32m━━━━━━[0m[37m━━━━━━━━━━━━━━[0m [1m4:43[0m 3s/step - auc: 0.6186 - binary_accuracy: 0.5524 - loss: 0.7988
[1m 41/133[0m [32m━━━━━━[0m[37m━━━━━━━━━━━━━━[0m [1m4:41[0m 3s/step - auc: 0.6218 - binary_accuracy: 0.5551 - loss: 0.7951
[1m 42/133[0m [32m━━━━━━[0m[37m━━━━━━━━━━━━━━[0m [1m4:38[0m 3s/step - auc: 0.6250 - binary_accuracy: 0.5578 - loss: 0.7915
[1m 43/133[0m [32m━━━━━━[0m[37m━━━━━━━━━━━━━━[0m [1m4:35[0m 3s/step - auc: 0.6281 - binary_accuracy: 0.5602 - loss: 0.7880
[1m 44/133[0m [32m━━━━━━[0m[37m━━━━━━━━━━━━━━[0m [1m4:34[0m 3s/step - auc: 0.6310 - binary_accuracy: 0.5626 - loss: 0.7846
[1m 45/133[0m [32m━━━━━━[0m[37m━━━━━━━━━━━━━━[0m [1m4:33[0m 3s/step - auc: 0.6339 - binary_accuracy: 0.5649 - loss: 0.7813
[1m 46/133[0m [32m━━━━━━[0m[37m━━━━━━━━━━━━━━[0m [1m4:30[0m 3s/step - auc: 0.6366 - binary_accuracy: 0.5672 - loss: 0.7783
[1m 47/133[0m [32m━━━━━━━[0m[37m━━━━━━━━━━━━━[0m [1m4:28[0m 3s/step - auc: 0.6392 - binary_accuracy: 0.5694 - loss: 0.7753
[1m 48/133[0m [32m━━━━━━━[0m[37m━━━━━━━━━━━━━[0m [1m4:27[0m 3s/step - auc: 0.6417 - binary_accuracy: 0.5716 - loss: 0.7725
[1m 49/133[0m [32m━━━━━━━[0m[37m━━━━━━━━━━━━━[0m [1m4:23[0m 3s/step - auc: 0.6442 - binary_accuracy: 0.5737 - loss: 0.7698
[1m 50/133[0m [32m━━━━━━━[0m[37m━━━━━━━━━━━━━[0m [1m4:20[0m 3s/step - auc: 0.6465 - binary_accuracy: 0.5759 - loss: 0.7671
[1m 51/133[0m [32m━━━━━━━[0m[37m━━━━━━━━━━━━━[0m [1m4:19[0m 3s/step - auc: 0.6488 - binary_accuracy: 0.5780 - loss: 0.7645
[1m 52/133[0m [32m━━━━━━━[0m[37m━━━━━━━━━━━━━[0m [1m4:16[0m 3s/step - auc: 0.6511 - binary_accuracy: 0.5800 - loss: 0.7619
[1m 53/133[0m [32m━━━━━━━[0m[37m━━━━━━━━━━━━━[0m [1m4:13[0m 3s/step - auc: 0.6532 - binary_accuracy: 0.5820 - loss: 0.7594
[1m 54/133[0m [32m━━━━━━━━[0m[37m━━━━━━━━━━━━[0m [1m4:09[0m 3s/step - auc: 0.6553 - binary_accuracy: 0.5839 - loss: 0.7569
[1m 55/133[0m [32m━━━━━━━━[0m[37m━━━━━━━━━━━━[0m [1m4:07[0m 3s/step - auc: 0.6574 - binary_accuracy: 0.5858 - loss: 0.7544
[1m 56/133[0m [32m━━━━━━━━[0m[37m━━━━━━━━━━━━[0m [1m4:04[0m 3s/step - auc: 0.6594 - binary_accuracy: 0.5876 - loss: 0.7518
[1m 57/133[0m [32m━━━━━━━━[0m[37m━━━━━━━━━━━━[0m [1m4:00[0m 3s/step - auc: 0.6613 - binary_accuracy: 0.5894 - loss: 0.7493
[1m 58/133[0m [32m━━━━━━━━[0m[37m━━━━━━━━━━━━[0m [1m3:57[0m 3s/step - auc: 0.6633 - binary_accuracy: 0.5912 - loss: 0.7469
[1m 59/133[0m [32m━━━━━━━━[0m[37m━━━━━━━━━━━━[0m [1m3:54[0m 3s/step - auc: 0.6652 - binary_accuracy: 0.5929 - loss: 0.7444
[1m 60/133[0m [32m━━━━━━━━━[0m[37m━━━━━━━━━━━[0m [1m3:52[0m 3s/step - auc: 0.6671 - binary_accuracy: 0.5946 - loss: 0.7420
[1m 61/133[0m [32m━━━━━━━━━[0m[37m━━━━━━━━━━━[0m [1m3:48[0m 3s/step - auc: 0.6690 - binary_accuracy: 0.5964 - loss: 0.7396
[1m 62/133[0m [32m━━━━━━━━━[0m[37m━━━━━━━━━━━[0m [1m3:46[0m 3s/step - auc: 0.6708 - binary_accuracy: 0.5981 - loss: 0.7372
[1m 63/133[0m [32m━━━━━━━━━[0m[37m━━━━━━━━━━━[0m [1m3:43[0m 3s/step - auc: 0.6726 - binary_accuracy: 0.5998 - loss: 0.7349
[1m 64/133[0m [32m━━━━━━━━━[0m[37m━━━━━━━━━━━[0m [1m3:39[0m 3s/step - auc: 0.6744 - binary_accuracy: 0.6015 - loss: 0.7326
[1m 65/133[0m [32m━━━━━━━━━[0m[37m━━━━━━━━━━━[0m [1m3:37[0m 3s/step - auc: 0.6761 - binary_accuracy: 0.6031 - loss: 0.7304
[1m 66/133[0m [32m━━━━━━━━━[0m[37m━━━━━━━━━━━[0m [1m3:34[0m 3s/step - auc: 0.6778 - binary_accuracy: 0.6048 - loss: 0.7282
[1m 67/133[0m [32m━━━━━━━━━━[0m[37m━━━━━━━━━━[0m [1m3:29[0m 3s/step - auc: 0.6795 - binary_accuracy: 0.6064 - loss: 0.7260
[1m 68/133[0m [32m━━━━━━━━━━[0m[37m━━━━━━━━━━[0m [1m3:25[0m 3s/step - auc: 0.6812 - binary_accuracy: 0.6080 - loss: 0.7239
[1m 69/133[0m [32m━━━━━━━━━━[0m[37m━━━━━━━━━━[0m [1m3:23[0m 3s/step - auc: 0.6827 - binary_accuracy: 0.6095 - loss: 0.7219
[1m 70/133[0m [32m━━━━━━━━━━[0m[37m━━━━━━━━━━[0m [1m3:20[0m 3s/step - auc: 0.6843 - binary_accuracy: 0.6110 - loss: 0.7199
[1m 71/133[0m [32m━━━━━━━━━━[0m[37m━━━━━━━━━━[0m [1m3:17[0m 3s/step - auc: 0.6858 - binary_accuracy: 0.6124 - loss: 0.7180
[1m 72/133[0m [32m━━━━━━━━━━[0m[37m━━━━━━━━━━[0m [1m3:14[0m 3s/step - auc: 0.6874 - binary_accuracy: 0.6138 - loss: 0.7161
[1m 73/133[0m [32m━━━━━━━━━━[0m[37m━━━━━━━━━━[0m [1m3:11[0m 3s/step - auc: 0.6889 - binary_accuracy: 0.6152 - loss: 0.7143
[1m 74/133[0m [32m━━━━━━━━━━━[0m[37m━━━━━━━━━[0m [1m3:07[0m 3s/step - auc: 0.6905 - binary_accuracy: 0.6165 - loss: 0.7125
[1m 75/133[0m [32m━━━━━━━━━━━[0m[37m━━━━━━━━━[0m [1m3:04[0m 3s/step - auc: 0.6920 - binary_accuracy: 0.6178 - loss: 0.7107
[1m 76/133[0m [32m━━━━━━━━━━━[0m[37m━━━━━━━━━[0m [1m3:01[0m 3s/step - auc: 0.6935 - binary_accuracy: 0.6191 - loss: 0.7089
[1m 77/133[0m [32m━━━━━━━━━━━[0m[37m━━━━━━━━━[0m [1m2:58[0m 3s/step - auc: 0.6950 - binary_accuracy: 0.6202 - loss: 0.7072
[1m 78/133[0m [32m━━━━━━━━━━━[0m[37m━━━━━━━━━[0m [1m2:54[0m 3s/step - auc: 0.6965 - binary_accuracy: 0.6214 - loss: 0.7055
[1m 79/133[0m [32m━━━━━━━━━━━[0m[37m━━━━━━━━━[0m [1m2:52[0m 3s/step - auc: 0.6979 - binary_accuracy: 0.6225 - loss: 0.7038
[1m 80/133[0m [32m━━━━━━━━━━━━[0m[37m━━━━━━━━[0m [1m2:49[0m 3s/step - auc: 0.6993 - binary_accuracy: 0.6236 - loss: 0.7021
[1m 81/133[0m [32m━━━━━━━━━━━━[0m[37m━━━━━━━━[0m [1m2:45[0m 3s/step - auc: 0.7007 - binary_accuracy: 0.6247 - loss: 0.7004
[1m 82/133[0m [32m━━━━━━━━━━━━[0m[37m━━━━━━━━[0m [1m2:42[0m 3s/step - auc: 0.7021 - binary_accuracy: 0.6258 - loss: 0.6987
[1m 83/133[0m [32m━━━━━━━━━━━━[0m[37m━━━━━━━━[0m [1m2:39[0m 3s/step - auc: 0.7035 - binary_accuracy: 0.6270 - loss: 0.6970
[1m 84/133[0m [32m━━━━━━━━━━━━[0m[37m━━━━━━━━[0m [1m2:36[0m 3s/step - auc: 0.7048 - binary_accuracy: 0.6281 - loss: 0.6954
[1m 85/133[0m [32m━━━━━━━━━━━━[0m[37m━━━━━━━━[0m [1m2:33[0m 3s/step - auc: 0.7061 - binary_accuracy: 0.6292 - loss: 0.6938
[1m 86/133[0m [32m━━━━━━━━━━━━[0m[37m━━━━━━━━[0m [1m2:29[0m 3s/step - auc: 0.7073 - binary_accuracy: 0.6303 - loss: 0.6922
[1m 87/133[0m [32m━━━━━━━━━━━━━[0m[37m━━━━━━━[0m [1m2:26[0m 3s/step - auc: 0.7086 - binary_accuracy: 0.6314 - loss: 0.6907
[1m 88/133[0m [32m━━━━━━━━━━━━━[0m[37m━━━━━━━[0m [1m2:23[0m 3s/step - auc: 0.7098 - binary_accuracy: 0.6325 - loss: 0.6891
[1m 89/133[0m [32m━━━━━━━━━━━━━[0m[37m━━━━━━━[0m [1m2:20[0m 3s/step - auc: 0.7111 - binary_accuracy: 0.6336 - loss: 0.6876
[1m 90/133[0m [32m━━━━━━━━━━━━━[0m[37m━━━━━━━[0m [1m2:17[0m 3s/step - auc: 0.7123 - binary_accuracy: 0.6346 - loss: 0.6861
[1m 91/133[0m [32m━━━━━━━━━━━━━[0m[37m━━━━━━━[0m [1m2:14[0m 3s/step - auc: 0.7134 - binary_accuracy: 0.6357 - loss: 0.6846
[1m 92/133[0m [32m━━━━━━━━━━━━━[0m[37m━━━━━━━[0m [1m2:11[0m 3s/step - auc: 0.7146 - binary_accuracy: 0.6367 - loss: 0.6831
[1m 93/133[0m [32m━━━━━━━━━━━━━[0m[37m━━━━━━━[0m [1m2:08[0m 3s/step - auc: 0.7158 - binary_accuracy: 0.6377 - loss: 0.6817
[1m 94/133[0m [32m━━━━━━━━━━━━━━[0m[37m━━━━━━[0m [1m2:05[0m 3s/step - auc: 0.7169 - binary_accuracy: 0.6387 - loss: 0.6803
[1m 95/133[0m [32m━━━━━━━━━━━━━━[0m[37m━━━━━━[0m [1m2:02[0m 3s/step - auc: 0.7180 - binary_accuracy: 0.6397 - loss: 0.6789
[1m 96/133[0m [32m━━━━━━━━━━━━━━[0m[37m━━━━━━[0m [1m1:59[0m 3s/step - auc: 0.7191 - binary_accuracy: 0.6407 - loss: 0.6775
[1m 97/133[0m [32m━━━━━━━━━━━━━━[0m[37m━━━━━━[0m [1m1:55[0m 3s/step - auc: 0.7202 - binary_accuracy: 0.6416 - loss: 0.6762
[1m 98/133[0m [32m━━━━━━━━━━━━━━[0m[37m━━━━━━[0m [1m1:52[0m 3s/step - auc: 0.7212 - binary_accuracy: 0.6425 - loss: 0.6749
[1m 99/133[0m [32m━━━━━━━━━━━━━━[0m[37m━━━━━━[0m [1m1:49[0m 3s/step - auc: 0.7223 - binary_accuracy: 0.6434 - loss: 0.6736
[1m100/133[0m [32m━━━━━━━━━━━━━━━[0m[37m━━━━━[0m [1m1:45[0m 3s/step - auc: 0.7233 - binary_accuracy: 0.6443 - loss: 0.6723
[1m101/133[0m [32m━━━━━━━━━━━━━━━[0m[37m━━━━━[0m [1m1:43[0m 3s/step - auc: 0.7242 - binary_accuracy: 0.6452 - loss: 0.6712
[1m102/133[0m [32m━━━━━━━━━━━━━━━[0m[37m━━━━━[0m [1m1:39[0m 3s/step - auc: 0.7251 - binary_accuracy: 0.6460 - loss: 0.6701
[1m103/133[0m [32m━━━━━━━━━━━━━━━[0m[37m━━━━━[0m [1m1:36[0m 3s/step - auc: 0.7260 - binary_accuracy: 0.6468 - loss: 0.6690
[1m104/133[0m [32m━━━━━━━━━━━━━━━[0m[37m━━━━━[0m [1m1:33[0m 3s/step - auc: 0.7270 - binary_accuracy: 0.6476 - loss: 0.6679
[1m105/133[0m [32m━━━━━━━━━━━━━━━[0m[37m━━━━━[0m [1m1:30[0m 3s/step - auc: 0.7278 - binary_accuracy: 0.6484 - loss: 0.6669
[1m106/133[0m [32m━━━━━━━━━━━━━━━[0m[37m━━━━━[0m [1m1:26[0m 3s/step - auc: 0.7287 - binary_accuracy: 0.6492 - loss: 0.6658
[1m107/133[0m [32m━━━━━━━━━━━━━━━━[0m[37m━━━━[0m [1m1:23[0m 3s/step - auc: 0.7296 - binary_accuracy: 0.6500 - loss: 0.6648
[1m108/133[0m [32m━━━━━━━━━━━━━━━━[0m[37m━━━━[0m [1m1:20[0m 3s/step - auc: 0.7304 - binary_accuracy: 0.6507 - loss: 0.6638
[1m109/133[0m [32m━━━━━━━━━━━━━━━━[0m[37m━━━━[0m [1m1:17[0m 3s/step - auc: 0.7313 - binary_accuracy: 0.6515 - loss: 0.6628
[1m110/133[0m [32m━━━━━━━━━━━━━━━━[0m[37m━━━━[0m [1m1:14[0m 3s/step - auc: 0.7321 - binary_accuracy: 0.6522 - loss: 0.6618
[1m111/133[0m [32m━━━━━━━━━━━━━━━━[0m[37m━━━━[0m [1m1:10[0m 3s/step - auc: 0.7329 - binary_accuracy: 0.6529 - loss: 0.6607
[1m112/133[0m [32m━━━━━━━━━━━━━━━━[0m[37m━━━━[0m [1m1:07[0m 3s/step - auc: 0.7338 - binary_accuracy: 0.6536 - loss: 0.6597
[1m113/133[0m [32m━━━━━━━━━━━━━━━━[0m[37m━━━━[0m [1m1:04[0m 3s/step - auc: 0.7346 - binary_accuracy: 0.6544 - loss: 0.6587
[1m114/133[0m [32m━━━━━━━━━━━━━━━━━[0m[37m━━━[0m [1m1:01[0m 3s/step - auc: 0.7354 - binary_accuracy: 0.6551 - loss: 0.6577
[1m115/133[0m [32m━━━━━━━━━━━━━━━━━[0m[37m━━━[0m [1m58s[0m 3s/step - auc: 0.7362 - binary_accuracy: 0.6558 - loss: 0.6567 
[1m116/133[0m [32m━━━━━━━━━━━━━━━━━[0m[37m━━━[0m [1m54s[0m 3s/step - auc: 0.7370 - binary_accuracy: 0.6565 - loss: 0.6557
[1m117/133[0m [32m━━━━━━━━━━━━━━━━━[0m[37m━━━[0m [1m51s[0m 3s/step - auc: 0.7378 - binary_accuracy: 0.6572 - loss: 0.6547
[1m118/133[0m [32m━━━━━━━━━━━━━━━━━[0m[37m━━━[0m [1m48s[0m 3s/step - auc: 0.7386 - binary_accuracy: 0.6579 - loss: 0.6537
[1m119/133[0m [32m━━━━━━━━━━━━━━━━━[0m[37m━━━[0m [1m45s[0m 3s/step - auc: 0.7394 - binary_accuracy: 0.6586 - loss: 0.6527
[1m120/133[0m [32m━━━━━━━━━━━━━━━━━━[0m[37m━━[0m [1m42s[0m 3s/step - auc: 0.7402 - binary_accuracy: 0.6592 - loss: 0.6518
[1m121/133[0m [32m━━━━━━━━━━━━━━━━━━[0m[37m━━[0m [1m38s[0m 3s/step - auc: 0.7409 - binary_accuracy: 0.6599 - loss: 0.6508
[1m122/133[0m [32m━━━━━━━━━━━━━━━━━━[0m[37m━━[0m [1m35s[0m 3s/step - auc: 0.7417 - binary_accuracy: 0.6606 - loss: 0.6498
[1m123/133[0m [32m━━━━━━━━━━━━━━━━━━[0m[37m━━[0m [1m32s[0m 3s/step - auc: 0.7424 - binary_accuracy: 0.6612 - loss: 0.6489
[1m124/133[0m [32m━━━━━━━━━━━━━━━━━━[0m[37m━━[0m [1m29s[0m 3s/step - auc: 0.7432 - binary_accuracy: 0.6619 - loss: 0.6479
[1m125/133[0m [32m━━━━━━━━━━━━━━━━━━[0m[37m━━[0m [1m25s[0m 3s/step - auc: 0.7439 - binary_accuracy: 0.6625 - loss: 0.6469
[1m126/133[0m [32m━━━━━━━━━━━━━━━━━━[0m[37m━━[0m [1m22s[0m 3s/step - auc: 0.7447 - binary_accuracy: 0.6632 - loss: 0.6460
[1m127/133[0m [32m━━━━━━━━━━━━━━━━━━━[0m[37m━[0m [1m19s[0m 3s/step - auc: 0.7454 - binary_accuracy: 0.6638 - loss: 0.6451
[1m128/133[0m [32m━━━━━━━━━━━━━━━━━━━[0m[37m━[0m [1m16s[0m 3s/step - auc: 0.7461 - binary_accuracy: 0.6645 - loss: 0.6441
[1m129/133[0m [32m━━━━━━━━━━━━━━━━━━━[0m[37m━[0m [1m12s[0m 3s/step - auc: 0.7468 - binary_accuracy: 0.6651 - loss: 0.6432
[1m130/133[0m [32m━━━━━━━━━━━━━━━━━━━[0m[37m━[0m [1m9s[0m 3s/step - auc: 0.7475 - binary_accuracy: 0.6657 - loss: 0.6423 
[1m131/133[0m [32m━━━━━━━━━━━━━━━━━━━[0m[37m━[0m [1m6s[0m 3s/step - auc: 0.7482 - binary_accuracy: 0.6664 - loss: 0.6414
[1m132/133[0m [32m━━━━━━━━━━━━━━━━━━━[0m[37m━[0m [1m3s[0m 3s/step - auc: 0.7489 - binary_accuracy: 0.6670 - loss: 0.6405
[1m133/133[0m [32m━━━━━━━━━━━━━━━━━━━━[0m[37m[0m [1m0s[0m 3s/step - auc: 0.7496 - binary_accuracy: 0.6676 - loss: 0.6396transfer final: epoch 1/7 done in 432.1s loss=0.5201 auc=0.8416

[1m133/133[0m [32m━━━━━━━━━━━━━━━━━━━━[0m[37m[0m [1m432s[0m 3s/step - auc: 0.8416 - binary_accuracy: 0.7498 - loss: 0.5201
transfer final: epoch 2/7 start
Epoch 2/3

[1m  1/133[0m [37m━━━━━━━━━━━━━━━━━━━━[0m [1m1:01[0m 468ms/step - auc: 1.0000 - binary_accuracy: 0.7812 - loss: 0.3139
[1m  2/133[0m [37m━━━━━━━━━━━━━━━━━━━━[0m [1m32s[0m 248ms/step - auc: 0.9949 - binary_accuracy: 0.8047 - loss: 0.3157 
[1m  3/133[0m [37m━━━━━━━━━━━━━━━━━━━━[0m [1m31s[0m 244ms/step - auc: 0.9880 - binary_accuracy: 0.8108 - loss: 0.3207
[1m  4/133[0m [37m━━━━━━━━━━━━━━━━━━━━[0m [1m31s[0m 243ms/step - auc: 0.9860 - binary_accuracy: 0.8190 - loss: 0.3235
[1m  5/133[0m [37m━━━━━━━━━━━━━━━━━━━━[0m [1m31s[0m 243ms/step - auc: 0.9830 - binary_accuracy: 0.8202 - loss: 0.3259
[1m  6/133[0m [37m━━━━━━━━━━━━━━━━━━━━[0m [1m30s[0m 243ms/step - auc: 0.9797 - binary_accuracy: 0.8198 - loss: 0.3289
[1m  7/133[0m [32m━[0m[37m━━━━━━━━━━━━━━━━━━━[0m [1m30s[0m 242ms/step - auc: 0.9783 - binary_accuracy: 0.8226 - loss: 0.3277
[1m  8/133[0m [32m━[0m[37m━━━━━━━━━━━━━━━━━━━[0m [1m30s[0m 242ms/step - auc: 0.9765 - binary_accuracy: 0.8228 - loss: 0.3278
[1m  9/133[0m [32m━[0m[37m━━━━━━━━━━━━━━━━━━━[0m [1m29s[0m 242ms/step - auc: 0.9750 - binary_accuracy: 0.8240 - loss: 0.3277
[1m 10/133[0m [32m━[0m[37m━━━━━━━━━━━━━━━━━━━[0m [1m29s[0m 241ms/step - auc: 0.9740 - binary_accuracy: 0.8250 - loss: 0.3264
[1m 11/133[0m [32m━[0m[37m━━━━━━━━━━━━━━━━━━━[0m [1m29s[0m 242ms/step - auc: 0.9733 - binary_accuracy: 0.8259 - loss: 0.3250
[1m 12/133[0m [32m━[0m[37m━━━━━━━━━━━━━━━━━━━[0m [1m29s[0m 241ms/step - auc: 0.9726 - binary_accuracy: 0.8276 - loss: 0.3242
[1m 13/133[0m [32m━[0m[37m━━━━━━━━━━━━━━━━━━━[0m [1m28s[0m 241ms/step - auc: 0.9722 - binary_accuracy: 0.8296 - loss: 0.3224
[1m 14/133[0m [32m━━[0m[37m━━━━━━━━━━━━━━━━━━[0m [1m28s[0m 241ms/step - auc: 0.9721 - binary_accuracy: 0.8309 - loss: 0.3212
[1m 15/133[0m [32m━━[0m[37m━━━━━━━━━━━━━━━━━━[0m [1m28s[0m 242ms/step - auc: 0.9715 - binary_accuracy: 0.8319 - loss: 0.3214
[1m 16/133[0m [32m━━[0m[37m━━━━━━━━━━━━━━━━━━[0m [1m28s[0m 242ms/step - auc: 0.9711 - binary_accuracy: 0.8334 - loss: 0.3209
[1m 17/133[0m [32m━━[0m[37m━━━━━━━━━━━━━━━━━━[0m [1m28s[0m 242ms/step - auc: 0.9695 - binary_accuracy: 0.8342 - loss: 0.3239
[1m 18/133[0m [32m━━[0m[37m━━━━━━━━━━━━━━━━━━[0m [1m27s[0m 243ms/step - auc: 0.9683 - binary_accuracy: 0.8353 - loss: 0.3261
[1m 19/133[0m [32m━━[0m[37m━━━━━━━━━━━━━━━━━━[0m [1m27s[0m 243ms/step - auc: 0.9669 - binary_accuracy: 0.8363 - loss: 0.3286
[1m 20/133[0m [32m━━━[0m[37m━━━━━━━━━━━━━━━━━[0m [1m27s[0m 243ms/step - auc: 0.9656 - binary_accuracy: 0.8368 - loss: 0.3309
[1m 21/133[0m [32m━━━[0m[37m━━━━━━━━━━━━━━━━━[0m [1m27s[0m 243ms/step - auc: 0.9645 - binary_accuracy: 0.8372 - loss: 0.3327
[1m 22/133[0m [32m━━━[0m[37m━━━━━━━━━━━━━━━━━[0m [1m27s[0m 244ms/step - auc: 0.9635 - binary_accuracy: 0.8375 - loss: 0.3341
[1m 23/133[0m [32m━━━[0m[37m━━━━━━━━━━━━━━━━━[0m [1m26s[0m 244ms/step - auc: 0.9626 - binary_accuracy: 0.8379 - loss: 0.3353
[1m 24/133[0m [32m━━━[0m[37m━━━━━━━━━━━━━━━━━[0m [1m26s[0m 244ms/step - auc: 0.9619 - binary_accuracy: 0.8381 - loss: 0.3362
[1m 25/133[0m [32m━━━[0m[37m━━━━━━━━━━━━━━━━━[0m [1m26s[0m 244ms/step - auc: 0.9612 - binary_accuracy: 0.8383 - loss: 0.3371
[1m 26/133[0m [32m━━━[0m[37m━━━━━━━━━━━━━━━━━[0m [1m26s[0m 244ms/step - auc: 0.9606 - binary_accuracy: 0.8386 - loss: 0.3378
[1m 27/133[0m [32m━━━━[0m[37m━━━━━━━━━━━━━━━━[0m [1m25s[0m 244ms/step - auc: 0.9601 - binary_accuracy: 0.8389 - loss: 0.3383
[1m 28/133[0m [32m━━━━[0m[37m━━━━━━━━━━━━━━━━[0m [1m25s[0m 244ms/step - auc: 0.9596 - binary_accuracy: 0.8392 - loss: 0.3386
[1m 29/133[0m [32m━━━━[0m[37m━━━━━━━━━━━━━━━━[0m [1m25s[0m 244ms/step - auc: 0.9592 - binary_accuracy: 0.8397 - loss: 0.3389
[1m 30/133[0m [32m━━━━[0m[37m━━━━━━━━━━━━━━━━[0m [1m25s[0m 245ms/step - auc: 0.9589 - binary_accuracy: 0.8402 - loss: 0.3389
[1m 31/133[0m [32m━━━━[0m[37m━━━━━━━━━━━━━━━━[0m [1m25s[0m 246ms/step - auc: 0.9585 - binary_accuracy: 0.8406 - loss: 0.3391
[1m 32/133[0m [32m━━━━[0m[37m━━━━━━━━━━━━━━━━[0m [1m24s[0m 247ms/step - auc: 0.9582 - binary_accuracy: 0.8411 - loss: 0.3393
[1m 33/133[0m [32m━━━━[0m[37m━━━━━━━━━━━━━━━━[0m [1m24s[0m 247ms/step - auc: 0.9579 - binary_accuracy: 0.8417 - loss: 0.3393
[1m 34/133[0m [32m━━━━━[0m[37m━━━━━━━━━━━━━━━[0m [1m24s[0m 247ms/step - auc: 0.9576 - binary_accuracy: 0.8424 - loss: 0.3392
[1m 35/133[0m [32m━━━━━[0m[37m━━━━━━━━━━━━━━━[0m [1m24s[0m 247ms/step - auc: 0.9574 - binary_accuracy: 0.8429 - loss: 0.3392
[1m 36/133[0m [32m━━━━━[0m[37m━━━━━━━━━━━━━━━[0m [1m23s[0m 247ms/step - auc: 0.9572 - binary_accuracy: 0.8435 - loss: 0.3391
[1m 37/133[0m [32m━━━━━[0m[37m━━━━━━━━━━━━━━━[0m [1m23s[0m 247ms/step - auc: 0.9571 - binary_accuracy: 0.8441 - loss: 0.3389
[1m 38/133[0m [32m━━━━━[0m[37m━━━━━━━━━━━━━━━[0m [1m23s[0m 247ms/step - auc: 0.9570 - binary_accuracy: 0.8447 - loss: 0.3386
[1m 39/133[0m [32m━━━━━[0m[37m━━━━━━━━━━━━━━━[0m [1m23s[0m 247ms/step - auc: 0.9569 - binary_accuracy: 0.8453 - loss: 0.3385
[1m 40/133[0m [32m━━━━━━[0m[37m━━━━━━━━━━━━━━[0m [1m22s[0m 247ms/step - auc: 0.9567 - binary_accuracy: 0.8458 - loss: 0.3387
[1m 41/133[0m [32m━━━━━━[0m[37m━━━━━━━━━━━━━━[0m [1m22s[0m 247ms/step - auc: 0.9566 - binary_accuracy: 0.8463 - loss: 0.3388
[1m 42/133[0m [32m━━━━━━[0m[37m━━━━━━━━━━━━━━[0m [1m22s[0m 247ms/step - auc: 0.9564 - binary_accuracy: 0.8467 - loss: 0.3390
[1m 43/133[0m [32m━━━━━━[0m[37m━━━━━━━━━━━━━━[0m [1m22s[0m 247ms/step - auc: 0.9562 - binary_accuracy: 0.8471 - loss: 0.3392
[1m 44/133[0m [32m━━━━━━[0m[37m━━━━━━━━━━━━━━[0m [1m22s[0m 248ms/step - auc: 0.9561 - binary_accuracy: 0.8474 - loss: 0.3395
[1m 45/133[0m [32m━━━━━━[0m[37m━━━━━━━━━━━━━━[0m [1m21s[0m 248ms/step - auc: 0.9559 - binary_accuracy: 0.8476 - loss: 0.3397
[1m 46/133[0m [32m━━━━━━[0m[37m━━━━━━━━━━━━━━[0m [1m21s[0m 248ms/step - auc: 0.9556 - binary_accuracy: 0.8478 - loss: 0.3402
[1m 47/133[0m [32m━━━━━━━[0m[37m━━━━━━━━━━━━━[0m [1m21s[0m 248ms/step - auc: 0.9553 - binary_accuracy: 0.8479 - loss: 0.3407
[1m 48/133[0m [32m━━━━━━━[0m[37m━━━━━━━━━━━━━[0m [1m21s[0m 248ms/step - auc: 0.9550 - binary_accuracy: 0.8480 - loss: 0.3412
[1m 49/133[0m [32m━━━━━━━[0m[37m━━━━━━━━━━━━━[0m [1m20s[0m 248ms/step - auc: 0.9547 - binary_accuracy: 0.8481 - loss: 0.3417
[1m 50/133[0m [32m━━━━━━━[0m[37m━━━━━━━━━━━━━[0m [1m20s[0m 248ms/step - auc: 0.9544 - binary_accuracy: 0.8482 - loss: 0.3422
[1m 51/133[0m [32m━━━━━━━[0m[37m━━━━━━━━━━━━━[0m [1m20s[0m 248ms/step - auc: 0.9541 - binary_accuracy: 0.8483 - loss: 0.3427
[1m 52/133[0m [32m━━━━━━━[0m[37m━━━━━━━━━━━━━[0m [1m20s[0m 248ms/step - auc: 0.9539 - binary_accuracy: 0.8484 - loss: 0.3431
[1m 53/133[0m [32m━━━━━━━[0m[37m━━━━━━━━━━━━━[0m [1m19s[0m 248ms/step - auc: 0.9536 - binary_accuracy: 0.8485 - loss: 0.3434
[1m 54/133[0m [32m━━━━━━━━[0m[37m━━━━━━━━━━━━[0m [1m19s[0m 248ms/step - auc: 0.9534 - binary_accuracy: 0.8486 - loss: 0.3437
[1m 55/133[0m [32m━━━━━━━━[0m[37m━━━━━━━━━━━━[0m [1m19s[0m 248ms/step - auc: 0.9533 - binary_accuracy: 0.8488 - loss: 0.3438
[1m 56/133[0m [32m━━━━━━━━[0m[37m━━━━━━━━━━━━[0m [1m19s[0m 248ms/step - auc: 0.9531 - binary_accuracy: 0.8490 - loss: 0.3439
[1m 57/133[0m [32m━━━━━━━━[0m[37m━━━━━━━━━━━━[0m [1m18s[0m 248ms/step - auc: 0.9530 - binary_accuracy: 0.8493 - loss: 0.3441
[1m 58/133[0m [32m━━━━━━━━[0m[37m━━━━━━━━━━━━[0m [1m18s[0m 248ms/step - auc: 0.9528 - binary_accuracy: 0.8495 - loss: 0.3441
[1m 59/133[0m [32m━━━━━━━━[0m[37m━━━━━━━━━━━━[0m [1m18s[0m 248ms/step - auc: 0.9527 - binary_accuracy: 0.8498 - loss: 0.3442
[1m 60/133[0m [32m━━━━━━━━━[0m[37m━━━━━━━━━━━[0m [1m18s[0m 248ms/step - auc: 0.9526 - binary_accuracy: 0.8501 - loss: 0.3443
[1m 61/133[0m [32m━━━━━━━━━[0m[37m━━━━━━━━━━━[0m [1m17s[0m 248ms/step - auc: 0.9524 - binary_accuracy: 0.8504 - loss: 0.3443
[1m 62/133[0m [32m━━━━━━━━━[0m[37m━━━━━━━━━━━[0m [1m17s[0m 248ms/step - auc: 0.9523 - binary_accuracy: 0.8507 - loss: 0.3443
[1m 63/133[0m [32m━━━━━━━━━[0m[37m━━━━━━━━━━━[0m [1m17s[0m 248ms/step - auc: 0.9523 - binary_accuracy: 0.8510 - loss: 0.3443
[1m 64/133[0m [32m━━━━━━━━━[0m[37m━━━━━━━━━━━[0m [1m17s[0m 249ms/step - auc: 0.9522 - binary_accuracy: 0.8513 - loss: 0.3443
[1m 65/133[0m [32m━━━━━━━━━[0m[37m━━━━━━━━━━━[0m [1m16s[0m 249ms/step - auc: 0.9521 - binary_accuracy: 0.8515 - loss: 0.3443
[1m 66/133[0m [32m━━━━━━━━━[0m[37m━━━━━━━━━━━[0m [1m16s[0m 249ms/step - auc: 0.9520 - binary_accuracy: 0.8518 - loss: 0.3444
[1m 67/133[0m [32m━━━━━━━━━━[0m[37m━━━━━━━━━━[0m [1m16s[0m 249ms/step - auc: 0.9519 - binary_accuracy: 0.8520 - loss: 0.3444
[1m 68/133[0m [32m━━━━━━━━━━[0m[37m━━━━━━━━━━[0m [1m16s[0m 249ms/step - auc: 0.9518 - binary_accuracy: 0.8522 - loss: 0.3444
[1m 69/133[0m [32m━━━━━━━━━━[0m[37m━━━━━━━━━━[0m [1m15s[0m 249ms/step - auc: 0.9517 - binary_accuracy: 0.8523 - loss: 0.3446
[1m 70/133[0m [32m━━━━━━━━━━[0m[37m━━━━━━━━━━[0m [1m15s[0m 249ms/step - auc: 0.9515 - binary_accuracy: 0.8524 - loss: 0.3447
[1m 71/133[0m [32m━━━━━━━━━━[0m[37m━━━━━━━━━━[0m [1m15s[0m 249ms/step - auc: 0.9514 - binary_accuracy: 0.8526 - loss: 0.3448
[1m 72/133[0m [32m━━━━━━━━━━[0m[37m━━━━━━━━━━[0m [1m15s[0m 249ms/step - auc: 0.9513 - binary_accuracy: 0.8527 - loss: 0.3450
[1m 73/133[0m [32m━━━━━━━━━━[0m[37m━━━━━━━━━━[0m [1m14s[0m 249ms/step - auc: 0.9512 - binary_accuracy: 0.8528 - loss: 0.3452
[1m 74/133[0m [32m━━━━━━━━━━━[0m[37m━━━━━━━━━[0m [1m14s[0m 249ms/step - auc: 0.9510 - binary_accuracy: 0.8529 - loss: 0.3454
[1m 75/133[0m [32m━━━━━━━━━━━[0m[37m━━━━━━━━━[0m [1m14s[0m 249ms/step - auc: 0.9509 - binary_accuracy: 0.8530 - loss: 0.3456
[1m 76/133[0m [32m━━━━━━━━━━━[0m[37m━━━━━━━━━[0m [1m14s[0m 249ms/step - auc: 0.9508 - binary_accuracy: 0.8530 - loss: 0.3458
[1m 77/133[0m [32m━━━━━━━━━━━[0m[37m━━━━━━━━━[0m [1m13s[0m 250ms/step - auc: 0.9507 - binary_accuracy: 0.8530 - loss: 0.3461
[1m 78/133[0m [32m━━━━━━━━━━━[0m[37m━━━━━━━━━[0m [1m13s[0m 250ms/step - auc: 0.9506 - binary_accuracy: 0.8530 - loss: 0.3463
[1m 79/133[0m [32m━━━━━━━━━━━[0m[37m━━━━━━━━━[0m [1m13s[0m 250ms/step - auc: 0.9505 - binary_accuracy: 0.8529 - loss: 0.3465
[1m 80/133[0m [32m━━━━━━━━━━━━[0m[37m━━━━━━━━[0m [1m13s[0m 250ms/step - auc: 0.9503 - binary_accuracy: 0.8529 - loss: 0.3467
[1m 81/133[0m [32m━━━━━━━━━━━━[0m[37m━━━━━━━━[0m [1m12s[0m 250ms/step - auc: 0.9502 - binary_accuracy: 0.8529 - loss: 0.3469
[1m 82/133[0m [32m━━━━━━━━━━━━[0m[37m━━━━━━━━[0m [1m12s[0m 250ms/step - auc: 0.9501 - binary_accuracy: 0.8528 - loss: 0.3471
[1m 83/133[0m [32m━━━━━━━━━━━━[0m[37m━━━━━━━━[0m [1m12s[0m 250ms/step - auc: 0.9500 - binary_accuracy: 0.8528 - loss: 0.3472
[1m 84/133[0m [32m━━━━━━━━━━━━[0m[37m━━━━━━━━[0m [1m12s[0m 250ms/step - auc: 0.9499 - binary_accuracy: 0.8528 - loss: 0.3473
[1m 85/133[0m [32m━━━━━━━━━━━━[0m[37m━━━━━━━━[0m [1m11s[0m 250ms/step - auc: 0.9498 - binary_accuracy: 0.8528 - loss: 0.3475
[1m 86/133[0m [32m━━━━━━━━━━━━[0m[37m━━━━━━━━[0m [1m11s[0m 250ms/step - auc: 0.9497 - binary_accuracy: 0.8528 - loss: 0.3476
[1m 87/133[0m [32m━━━━━━━━━━━━━[0m[37m━━━━━━━[0m [1m11s[0m 250ms/step - auc: 0.9496 - binary_accuracy: 0.8528 - loss: 0.3477
[1m 88/133[0m [32m━━━━━━━━━━━━━[0m[37m━━━━━━━[0m [1m11s[0m 250ms/step - auc: 0.9495 - binary_accuracy: 0.8529 - loss: 0.3479
[1m 89/133[0m [32m━━━━━━━━━━━━━[0m[37m━━━━━━━[0m [1m11s[0m 250ms/step - auc: 0.9494 - binary_accuracy: 0.8529 - loss: 0.3480
[1m 90/133[0m [32m━━━━━━━━━━━━━[0m[37m━━━━━━━[0m [1m10s[0m 250ms/step - auc: 0.9493 - binary_accuracy: 0.8530 - loss: 0.3481
[1m 91/133[0m [32m━━━━━━━━━━━━━[0m[37m━━━━━━━[0m [1m10s[0m 250ms/step - auc: 0.9492 - binary_accuracy: 0.8530 - loss: 0.3482
[1m 92/133[0m [32m━━━━━━━━━━━━━[0m[37m━━━━━━━[0m [1m10s[0m 250ms/step - auc: 0.9491 - binary_accuracy: 0.8531 - loss: 0.3484
[1m 93/133[0m [32m━━━━━━━━━━━━━[0m[37m━━━━━━━[0m [1m10s[0m 250ms/step - auc: 0.9490 - binary_accuracy: 0.8531 - loss: 0.3485
[1m 94/133[0m [32m━━━━━━━━━━━━━━[0m[37m━━━━━━[0m [1m9s[0m 250ms/step - auc: 0.9489 - binary_accuracy: 0.8532 - loss: 0.3486 
[1m 95/133[0m [32m━━━━━━━━━━━━━━[0m[37m━━━━━━[0m [1m9s[0m 250ms/step - auc: 0.9488 - binary_accuracy: 0.8532 - loss: 0.3487
[1m 96/133[0m [32m━━━━━━━━━━━━━━[0m[37m━━━━━━[0m [1m9s[0m 250ms/step - auc: 0.9487 - binary_accuracy: 0.8533 - loss: 0.3488
[1m 97/133[0m [32m━━━━━━━━━━━━━━[0m[37m━━━━━━[0m [1m9s[0m 250ms/step - auc: 0.9486 - binary_accuracy: 0.8533 - loss: 0.3489
[1m 98/133[0m [32m━━━━━━━━━━━━━━[0m[37m━━━━━━[0m [1m8s[0m 250ms/step - auc: 0.9486 - binary_accuracy: 0.8533 - loss: 0.3490
[1m 99/133[0m [32m━━━━━━━━━━━━━━[0m[37m━━━━━━[0m [1m8s[0m 250ms/step - auc: 0.9485 - binary_accuracy: 0.8533 - loss: 0.3491
[1m100/133[0m [32m━━━━━━━━━━━━━━━[0m[37m━━━━━[0m [1m8s[0m 250ms/step - auc: 0.9484 - binary_accuracy: 0.8533 - loss: 0.3492
[1m101/133[0m [32m━━━━━━━━━━━━━━━[0m[37m━━━━━[0m [1m8s[0m 250ms/step - auc: 0.9482 - binary_accuracy: 0.8533 - loss: 0.3494
[1m102/133[0m [32m━━━━━━━━━━━━━━━[0m[37m━━━━━[0m [1m7s[0m 250ms/step - auc: 0.9481 - binary_accuracy: 0.8532 - loss: 0.3496
[1m103/133[0m [32m━━━━━━━━━━━━━━━[0m[37m━━━━━[0m [1m7s[0m 250ms/step - auc: 0.9480 - binary_accuracy: 0.8532 - loss: 0.3499
[1m104/133[0m [32m━━━━━━━━━━━━━━━[0m[37m━━━━━[0m [1m7s[0m 251ms/step - auc: 0.9478 - binary_accuracy: 0.8532 - loss: 0.3501
[1m105/133[0m [32m━━━━━━━━━━━━━━━[0m[37m━━━━━[0m [1m7s[0m 251ms/step - auc: 0.9477 - binary_accuracy: 0.8532 - loss: 0.3503
[1m106/133[0m [32m━━━━━━━━━━━━━━━[0m[37m━━━━━[0m [1m6s[0m 251ms/step - auc: 0.9476 - binary_accuracy: 0.8531 - loss: 0.3505
[1m107/133[0m [32m━━━━━━━━━━━━━━━━[0m[37m━━━━[0m [1m6s[0m 251ms/step - auc: 0.9475 - binary_accuracy: 0.8531 - loss: 0.3507
[1m108/133[0m [32m━━━━━━━━━━━━━━━━[0m[37m━━━━[0m [1m6s[0m 251ms/step - auc: 0.9473 - binary_accuracy: 0.8531 - loss: 0.3509
[1m109/133[0m [32m━━━━━━━━━━━━━━━━[0m[37m━━━━[0m [1m6s[0m 251ms/step - auc: 0.9472 - binary_accuracy: 0.8531 - loss: 0.3510
[1m110/133[0m [32m━━━━━━━━━━━━━━━━[0m[37m━━━━[0m [1m5s[0m 251ms/step - auc: 0.9471 - binary_accuracy: 0.8531 - loss: 0.3512
[1m111/133[0m [32m━━━━━━━━━━━━━━━━[0m[37m━━━━[0m [1m5s[0m 251ms/step - auc: 0.9470 - binary_accuracy: 0.8531 - loss: 0.3513
[1m112/133[0m [32m━━━━━━━━━━━━━━━━[0m[37m━━━━[0m [1m5s[0m 251ms/step - auc: 0.9469 - binary_accuracy: 0.8530 - loss: 0.3515
[1m113/133[0m [32m━━━━━━━━━━━━━━━━[0m[37m━━━━[0m [1m5s[0m 251ms/step - auc: 0.9468 - binary_accuracy: 0.8530 - loss: 0.3516
[1m114/133[0m [32m━━━━━━━━━━━━━━━━━[0m[37m━━━[0m [1m4s[0m 251ms/step - auc: 0.9468 - binary_accuracy: 0.8530 - loss: 0.3517
[1m115/133[0m [32m━━━━━━━━━━━━━━━━━[0m[37m━━━[0m [1m4s[0m 251ms/step - auc: 0.9467 - binary_accuracy: 0.8530 - loss: 0.3518
[1m116/133[0m [32m━━━━━━━━━━━━━━━━━[0m[37m━━━[0m [1m4s[0m 251ms/step - auc: 0.9466 - binary_accuracy: 0.8530 - loss: 0.3519
[1m117/133[0m [32m━━━━━━━━━━━━━━━━━[0m[37m━━━[0m [1m4s[0m 251ms/step - auc: 0.9465 - binary_accuracy: 0.8531 - loss: 0.3520
[1m118/133[0m [32m━━━━━━━━━━━━━━━━━[0m[37m━━━[0m [1m3s[0m 251ms/step - auc: 0.9465 - binary_accuracy: 0.8531 - loss: 0.3520
[1m119/133[0m [32m━━━━━━━━━━━━━━━━━[0m[37m━━━[0m [1m3s[0m 251ms/step - auc: 0.9464 - binary_accuracy: 0.8531 - loss: 0.3521
[1m120/133[0m [32m━━━━━━━━━━━━━━━━━━[0m[37m━━[0m [1m3s[0m 251ms/step - auc: 0.9463 - binary_accuracy: 0.8531 - loss: 0.3522
[1m121/133[0m [32m━━━━━━━━━━━━━━━━━━[0m[37m━━[0m [1m3s[0m 251ms/step - auc: 0.9463 - binary_accuracy: 0.8532 - loss: 0.3523
[1m122/133[0m [32m━━━━━━━━━━━━━━━━━━[0m[37m━━[0m [1m2s[0m 251ms/step - auc: 0.9462 - binary_accuracy: 0.8532 - loss: 0.3523
[1m123/133[0m [32m━━━━━━━━━━━━━━━━━━[0m[37m━━[0m [1m2s[0m 251ms/step - auc: 0.9462 - binary_accuracy: 0.8532 - loss: 0.3524
[1m124/133[0m [32m━━━━━━━━━━━━━━━━━━[0m[37m━━[0m [1m2s[0m 251ms/step - auc: 0.9461 - binary_accuracy: 0.8532 - loss: 0.3524
[1m125/133[0m [32m━━━━━━━━━━━━━━━━━━[0m[37m━━[0m [1m2s[0m 250ms/step - auc: 0.9461 - binary_accuracy: 0.8533 - loss: 0.3525
[1m126/133[0m [32m━━━━━━━━━━━━━━━━━━[0m[37m━━[0m [1m1s[0m 250ms/step - auc: 0.9460 - binary_accuracy: 0.8533 - loss: 0.3525
[1m127/133[0m [32m━━━━━━━━━━━━━━━━━━━[0m[37m━[0m [1m1s[0m 250ms/step - auc: 0.9459 - binary_accuracy: 0.8533 - loss: 0.3526
[1m128/133[0m [32m━━━━━━━━━━━━━━━━━━━[0m[37m━[0m [1m1s[0m 250ms/step - auc: 0.9459 - binary_accuracy: 0.8533 - loss: 0.3526
[1m129/133[0m [32m━━━━━━━━━━━━━━━━━━━[0m[37m━[0m [1m1s[0m 250ms/step - auc: 0.9458 - binary_accuracy: 0.8533 - loss: 0.3526
[1m130/133[0m [32m━━━━━━━━━━━━━━━━━━━[0m[37m━[0m [1m0s[0m 250ms/step - auc: 0.9458 - binary_accuracy: 0.8534 - loss: 0.3527
[1m131/133[0m [32m━━━━━━━━━━━━━━━━━━━[0m[37m━[0m [1m0s[0m 250ms/step - auc: 0.9457 - binary_accuracy: 0.8534 - loss: 0.3527
[1m132/133[0m [32m━━━━━━━━━━━━━━━━━━━[0m[37m━[0m [1m0s[0m 250ms/step - auc: 0.9457 - binary_accuracy: 0.8534 - loss: 0.3527
[1m133/133[0m [32m━━━━━━━━━━━━━━━━━━━━[0m[37m[0m [1m0s[0m 250ms/step - auc: 0.9456 - binary_accuracy: 0.8535 - loss: 0.3528transfer final: epoch 2/7 done in 33.5s loss=0.3557 auc=0.9404

[1m133/133[0m [32m━━━━━━━━━━━━━━━━━━━━[0m[37m[0m [1m33s[0m 250ms/step - auc: 0.9404 - binary_accuracy: 0.8577 - loss: 0.3557
transfer final: epoch 3/7 start
Epoch 3/3

[1m  1/133[0m [37m━━━━━━━━━━━━━━━━━━━━[0m [1m1:00[0m 457ms/step - auc: 1.0000 - binary_accuracy: 0.8750 - loss: 0.2563
[1m  2/133[0m [37m━━━━━━━━━━━━━━━━━━━━[0m [1m33s[0m 255ms/step - auc: 0.9970 - binary_accuracy: 0.8906 - loss: 0.2523 
[1m  3/133[0m [37m━━━━━━━━━━━━━━━━━━━━[0m [1m32s[0m 253ms/step - auc: 0.9947 - binary_accuracy: 0.8993 - loss: 0.2538
[1m  4/133[0m [37m━━━━━━━━━━━━━━━━━━━━[0m [1m33s[0m 256ms/step - auc: 0.9938 - binary_accuracy: 0.9030 - loss: 0.2562
[1m  5/133[0m [37m━━━━━━━━━━━━━━━━━━━━[0m [1m33s[0m 259ms/step - auc: 0.9929 - binary_accuracy: 0.9024 - loss: 0.2574
[1m  6/133[0m [37m━━━━━━━━━━━━━━━━━━━━[0m [1m33s[0m 260ms/step - auc: 0.9909 - binary_accuracy: 0.9013 - loss: 0.2613
[1m  7/133[0m [32m━[0m[37m━━━━━━━━━━━━━━━━━━━[0m [1m32s[0m 258ms/step - auc: 0.9900 - binary_accuracy: 0.9020 - loss: 0.2615
[1m  8/133[0m [32m━[0m[37m━━━━━━━━━━━━━━━━━━━[0m [1m32s[0m 257ms/step - auc: 0.9893 - binary_accuracy: 0.9025 - loss: 0.2616
[1m  9/133[0m [32m━[0m[37m━━━━━━━━━━━━━━━━━━━[0m [1m31s[0m 256ms/step - auc: 0.9890 - binary_accuracy: 0.9030 - loss: 0.2611
[1m 10/133[0m [32m━[0m[37m━━━━━━━━━━━━━━━━━━━[0m [1m31s[0m 255ms/step - auc: 0.9887 - binary_accuracy: 0.9036 - loss: 0.2596
[1m 11/133[0m [32m━[0m[37m━━━━━━━━━━━━━━━━━━━[0m [1m31s[0m 254ms/step - auc: 0.9886 - binary_accuracy: 0.9044 - loss: 0.2581
[1m 12/133[0m [32m━[0m[37m━━━━━━━━━━━━━━━━━━━[0m [1m30s[0m 254ms/step - auc: 0.9884 - binary_accuracy: 0.9056 - loss: 0.2572
[1m 13/133[0m [32m━[0m[37m━━━━━━━━━━━━━━━━━━━[0m [1m30s[0m 253ms/step - auc: 0.9884 - binary_accuracy: 0.9069 - loss: 0.2557
[1m 14/133[0m [32m━━[0m[37m━━━━━━━━━━━━━━━━━━[0m [1m30s[0m 253ms/step - auc: 0.9884 - binary_accuracy: 0.9078 - loss: 0.2547
[1m 15/133[0m [32m━━[0m[37m━━━━━━━━━━━━━━━━━━[0m [1m29s[0m 253ms/step - auc: 0.9883 - binary_accuracy: 0.9090 - loss: 0.2543
[1m 16/133[0m [32m━━[0m[37m━━━━━━━━━━━━━━━━━━[0m [1m29s[0m 253ms/step - auc: 0.9884 - binary_accuracy: 0.9102 - loss: 0.2536
[1m 17/133[0m [32m━━[0m[37m━━━━━━━━━━━━━━━━━━[0m [1m29s[0m 253ms/step - auc: 0.9875 - binary_accuracy: 0.9108 - loss: 0.2556
[1m 18/133[0m [32m━━[0m[37m━━━━━━━━━━━━━━━━━━[0m [1m29s[0m 253ms/step - auc: 0.9867 - binary_accuracy: 0.9113 - loss: 0.2578
[1m 19/133[0m [32m━━[0m[37m━━━━━━━━━━━━━━━━━━[0m [1m28s[0m 253ms/step - auc: 0.9860 - binary_accuracy: 0.9118 - loss: 0.2595
[1m 20/133[0m [32m━━━[0m[37m━━━━━━━━━━━━━━━━━[0m [1m28s[0m 253ms/step - auc: 0.9854 - binary_accuracy: 0.9122 - loss: 0.2609
[1m 21/133[0m [32m━━━[0m[37m━━━━━━━━━━━━━━━━━[0m [1m28s[0m 253ms/step - auc: 0.9849 - binary_accuracy: 0.9124 - loss: 0.2619
[1m 22/133[0m [32m━━━[0m[37m━━━━━━━━━━━━━━━━━[0m [1m28s[0m 253ms/step - auc: 0.9844 - binary_accuracy: 0.9125 - loss: 0.2627
[1m 23/133[0m [32m━━━[0m[37m━━━━━━━━━━━━━━━━━[0m [1m27s[0m 253ms/step - auc: 0.9840 - binary_accuracy: 0.9125 - loss: 0.2634
[1m 24/133[0m [32m━━━[0m[37m━━━━━━━━━━━━━━━━━[0m [1m27s[0m 253ms/step - auc: 0.9836 - binary_accuracy: 0.9124 - loss: 0.2639
[1m 25/133[0m [32m━━━[0m[37m━━━━━━━━━━━━━━━━━[0m [1m27s[0m 253ms/step - auc: 0.9833 - binary_accuracy: 0.9124 - loss: 0.2644
[1m 26/133[0m [32m━━━[0m[37m━━━━━━━━━━━━━━━━━[0m [1m27s[0m 253ms/step - auc: 0.9830 - binary_accuracy: 0.9124 - loss: 0.2647
[1m 27/133[0m [32m━━━━[0m[37m━━━━━━━━━━━━━━━━[0m [1m26s[0m 253ms/step - auc: 0.9828 - binary_accuracy: 0.9124 - loss: 0.2650
[1m 28/133[0m [32m━━━━[0m[37m━━━━━━━━━━━━━━━━[0m [1m26s[0m 253ms/step - auc: 0.9826 - binary_accuracy: 0.9125 - loss: 0.2650
[1m 29/133[0m [32m━━━━[0m[37m━━━━━━━━━━━━━━━━[0m [1m26s[0m 253ms/step - auc: 0.9824 - binary_accuracy: 0.9127 - loss: 0.2650
[1m 30/133[0m [32m━━━━[0m[37m━━━━━━━━━━━━━━━━[0m [1m26s[0m 253ms/step - auc: 0.9822 - binary_accuracy: 0.9129 - loss: 0.2649
[1m 31/133[0m [32m━━━━[0m[37m━━━━━━━━━━━━━━━━[0m [1m25s[0m 253ms/step - auc: 0.9820 - binary_accuracy: 0.9130 - loss: 0.2649
[1m 32/133[0m [32m━━━━[0m[37m━━━━━━━━━━━━━━━━[0m [1m25s[0m 253ms/step - auc: 0.9818 - binary_accuracy: 0.9131 - loss: 0.2650
[1m 33/133[0m [32m━━━━[0m[37m━━━━━━━━━━━━━━━━[0m [1m25s[0m 253ms/step - auc: 0.9817 - binary_accuracy: 0.9132 - loss: 0.2652
[1m 34/133[0m [32m━━━━━[0m[37m━━━━━━━━━━━━━━━[0m [1m25s[0m 253ms/step - auc: 0.9815 - binary_accuracy: 0.9134 - loss: 0.2651
[1m 35/133[0m [32m━━━━━[0m[37m━━━━━━━━━━━━━━━[0m [1m24s[0m 253ms/step - auc: 0.9813 - binary_accuracy: 0.9135 - loss: 0.2652
[1m 36/133[0m [32m━━━━━[0m[37m━━━━━━━━━━━━━━━[0m [1m24s[0m 253ms/step - auc: 0.9812 - binary_accuracy: 0.9136 - loss: 0.2652
[1m 37/133[0m [32m━━━━━[0m[37m━━━━━━━━━━━━━━━[0m [1m24s[0m 253ms/step - auc: 0.9811 - binary_accuracy: 0.9138 - loss: 0.2651
[1m 38/133[0m [32m━━━━━[0m[37m━━━━━━━━━━━━━━━[0m [1m24s[0m 253ms/step - auc: 0.9810 - binary_accuracy: 0.9139 - loss: 0.2650
[1m 39/133[0m [32m━━━━━[0m[37m━━━━━━━━━━━━━━━[0m [1m23s[0m 253ms/step - auc: 0.9809 - binary_accuracy: 0.9140 - loss: 0.2651
[1m 40/133[0m [32m━━━━━━[0m[37m━━━━━━━━━━━━━━[0m [1m23s[0m 254ms/step - auc: 0.9807 - binary_accuracy: 0.9140 - loss: 0.2654
[1m 41/133[0m [32m━━━━━━[0m[37m━━━━━━━━━━━━━━[0m [1m23s[0m 254ms/step - auc: 0.9806 - binary_accuracy: 0.9140 - loss: 0.2657
[1m 42/133[0m [32m━━━━━━[0m[37m━━━━━━━━━━━━━━[0m [1m23s[0m 254ms/step - auc: 0.9804 - binary_accuracy: 0.9140 - loss: 0.2661
[1m 43/133[0m [32m━━━━━━[0m[37m━━━━━━━━━━━━━━[0m [1m22s[0m 255ms/step - auc: 0.9802 - binary_accuracy: 0.9139 - loss: 0.2665
[1m 44/133[0m [32m━━━━━━[0m[37m━━━━━━━━━━━━━━[0m [1m22s[0m 255ms/step - auc: 0.9800 - binary_accuracy: 0.9137 - loss: 0.2670
[1m 45/133[0m [32m━━━━━━[0m[37m━━━━━━━━━━━━━━[0m [1m22s[0m 255ms/step - auc: 0.9798 - binary_accuracy: 0.9134 - loss: 0.2675
[1m 46/133[0m [32m━━━━━━[0m[37m━━━━━━━━━━━━━━[0m [1m22s[0m 255ms/step - auc: 0.9796 - binary_accuracy: 0.9132 - loss: 0.2680
[1m 47/133[0m [32m━━━━━━━[0m[37m━━━━━━━━━━━━━[0m [1m21s[0m 255ms/step - auc: 0.9793 - binary_accuracy: 0.9129 - loss: 0.2686
[1m 48/133[0m [32m━━━━━━━[0m[37m━━━━━━━━━━━━━[0m [1m21s[0m 255ms/step - auc: 0.9791 - binary_accuracy: 0.9126 - loss: 0.2692
[1m 49/133[0m [32m━━━━━━━[0m[37m━━━━━━━━━━━━━[0m [1m21s[0m 255ms/step - auc: 0.9788 - binary_accuracy: 0.9123 - loss: 0.2698
[1m 50/133[0m [32m━━━━━━━[0m[37m━━━━━━━━━━━━━[0m [1m21s[0m 255ms/step - auc: 0.9786 - binary_accuracy: 0.9120 - loss: 0.2703
[1m 51/133[0m [32m━━━━━━━[0m[37m━━━━━━━━━━━━━[0m [1m20s[0m 255ms/step - auc: 0.9783 - binary_accuracy: 0.9117 - loss: 0.2709
[1m 52/133[0m [32m━━━━━━━[0m[37m━━━━━━━━━━━━━[0m [1m20s[0m 255ms/step - auc: 0.9781 - binary_accuracy: 0.9114 - loss: 0.2715
[1m 53/133[0m [32m━━━━━━━[0m[37m━━━━━━━━━━━━━[0m [1m20s[0m 255ms/step - auc: 0.9779 - binary_accuracy: 0.9112 - loss: 0.2719
[1m 54/133[0m [32m━━━━━━━━[0m[37m━━━━━━━━━━━━[0m [1m20s[0m 255ms/step - auc: 0.9777 - binary_accuracy: 0.9109 - loss: 0.2724
[1m 55/133[0m [32m━━━━━━━━[0m[37m━━━━━━━━━━━━[0m [1m19s[0m 255ms/step - auc: 0.9775 - binary_accuracy: 0.9107 - loss: 0.2727
[1m 56/133[0m [32m━━━━━━━━[0m[37m━━━━━━━━━━━━[0m [1m19s[0m 255ms/step - auc: 0.9773 - binary_accuracy: 0.9105 - loss: 0.2730
[1m 57/133[0m [32m━━━━━━━━[0m[37m━━━━━━━━━━━━[0m [1m19s[0m 255ms/step - auc: 0.9772 - binary_accuracy: 0.9103 - loss: 0.2733
[1m 58/133[0m [32m━━━━━━━━[0m[37m━━━━━━━━━━━━[0m [1m19s[0m 255ms/step - auc: 0.9771 - binary_accuracy: 0.9102 - loss: 0.2735
[1m 59/133[0m [32m━━━━━━━━[0m[37m━━━━━━━━━━━━[0m [1m18s[0m 255ms/step - auc: 0.9769 - binary_accuracy: 0.9100 - loss: 0.2737
[1m 60/133[0m [32m━━━━━━━━━[0m[37m━━━━━━━━━━━[0m [1m18s[0m 255ms/step - auc: 0.9768 - binary_accuracy: 0.9099 - loss: 0.2739
[1m 61/133[0m [32m━━━━━━━━━[0m[37m━━━━━━━━━━━[0m [1m18s[0m 255ms/step - auc: 0.9767 - binary_accuracy: 0.9098 - loss: 0.2741
[1m 62/133[0m [32m━━━━━━━━━[0m[37m━━━━━━━━━━━[0m [1m18s[0m 255ms/step - auc: 0.9765 - binary_accuracy: 0.9097 - loss: 0.2743
[1m 63/133[0m [32m━━━━━━━━━[0m[37m━━━━━━━━━━━[0m [1m17s[0m 255ms/step - auc: 0.9764 - binary_accuracy: 0.9095 - loss: 0.2745
[1m 64/133[0m [32m━━━━━━━━━[0m[37m━━━━━━━━━━━[0m [1m17s[0m 255ms/step - auc: 0.9763 - binary_accuracy: 0.9094 - loss: 0.2747
[1m 65/133[0m [32m━━━━━━━━━[0m[37m━━━━━━━━━━━[0m [1m17s[0m 255ms/step - auc: 0.9762 - binary_accuracy: 0.9093 - loss: 0.2748
[1m 66/133[0m [32m━━━━━━━━━[0m[37m━━━━━━━━━━━[0m [1m17s[0m 255ms/step - auc: 0.9761 - binary_accuracy: 0.9092 - loss: 0.2750
[1m 67/133[0m [32m━━━━━━━━━━[0m[37m━━━━━━━━━━[0m [1m16s[0m 255ms/step - auc: 0.9760 - binary_accuracy: 0.9091 - loss: 0.2751
[1m 68/133[0m [32m━━━━━━━━━━[0m[37m━━━━━━━━━━[0m [1m16s[0m 255ms/step - auc: 0.9759 - binary_accuracy: 0.9090 - loss: 0.2752
[1m 69/133[0m [32m━━━━━━━━━━[0m[37m━━━━━━━━━━[0m [1m16s[0m 255ms/step - auc: 0.9758 - binary_accuracy: 0.9089 - loss: 0.2754
[1m 70/133[0m [32m━━━━━━━━━━[0m[37m━━━━━━━━━━[0m [1m16s[0m 255ms/step - auc: 0.9757 - binary_accuracy: 0.9087 - loss: 0.2756
[1m 71/133[0m [32m━━━━━━━━━━[0m[37m━━━━━━━━━━[0m [1m15s[0m 255ms/step - auc: 0.9756 - binary_accuracy: 0.9086 - loss: 0.2758
[1m 72/133[0m [32m━━━━━━━━━━[0m[37m━━━━━━━━━━[0m [1m15s[0m 255ms/step - auc: 0.9755 - binary_accuracy: 0.9084 - loss: 0.2760
[1m 73/133[0m [32m━━━━━━━━━━[0m[37m━━━━━━━━━━[0m [1m15s[0m 255ms/step - auc: 0.9754 - binary_accuracy: 0.9083 - loss: 0.2762
[1m 74/133[0m [32m━━━━━━━━━━━[0m[37m━━━━━━━━━[0m [1m15s[0m 255ms/step - auc: 0.9754 - binary_accuracy: 0.9082 - loss: 0.2764
[1m 75/133[0m [32m━━━━━━━━━━━[0m[37m━━━━━━━━━[0m [1m14s[0m 255ms/step - auc: 0.9753 - binary_accuracy: 0.9080 - loss: 0.2766
[1m 76/133[0m [32m━━━━━━━━━━━[0m[37m━━━━━━━━━[0m [1m14s[0m 255ms/step - auc: 0.9752 - binary_accuracy: 0.9079 - loss: 0.2768
[1m 77/133[0m [32m━━━━━━━━━━━[0m[37m━━━━━━━━━[0m [1m14s[0m 255ms/step - auc: 0.9751 - binary_accuracy: 0.9078 - loss: 0.2770
[1m 78/133[0m [32m━━━━━━━━━━━[0m[37m━━━━━━━━━[0m [1m14s[0m 255ms/step - auc: 0.9750 - binary_accuracy: 0.9076 - loss: 0.2772
[1m 79/133[0m [32m━━━━━━━━━━━[0m[37m━━━━━━━━━[0m [1m13s[0m 255ms/step - auc: 0.9750 - binary_accuracy: 0.9074 - loss: 0.2774
[1m 80/133[0m [32m━━━━━━━━━━━━[0m[37m━━━━━━━━[0m [1m13s[0m 255ms/step - auc: 0.9749 - binary_accuracy: 0.9073 - loss: 0.2776
[1m 81/133[0m [32m━━━━━━━━━━━━[0m[37m━━━━━━━━[0m [1m13s[0m 255ms/step - auc: 0.9748 - binary_accuracy: 0.9071 - loss: 0.2777
[1m 82/133[0m [32m━━━━━━━━━━━━[0m[37m━━━━━━━━[0m [1m12s[0m 255ms/step - auc: 0.9747 - binary_accuracy: 0.9070 - loss: 0.2779
[1m 83/133[0m [32m━━━━━━━━━━━━[0m[37m━━━━━━━━[0m [1m12s[0m 255ms/step - auc: 0.9747 - binary_accuracy: 0.9068 - loss: 0.2780
[1m 84/133[0m [32m━━━━━━━━━━━━[0m[37m━━━━━━━━[0m [1m12s[0m 255ms/step - auc: 0.9746 - binary_accuracy: 0.9067 - loss: 0.2781
[1m 85/133[0m [32m━━━━━━━━━━━━[0m[37m━━━━━━━━[0m [1m12s[0m 255ms/step - auc: 0.9745 - binary_accuracy: 0.9066 - loss: 0.2783
[1m 86/133[0m [32m━━━━━━━━━━━━[0m[37m━━━━━━━━[0m [1m11s[0m 255ms/step - auc: 0.9745 - binary_accuracy: 0.9065 - loss: 0.2783
[1m 87/133[0m [32m━━━━━━━━━━━━━[0m[37m━━━━━━━[0m [1m11s[0m 255ms/step - auc: 0.9744 - binary_accuracy: 0.9064 - loss: 0.2785
[1m 88/133[0m [32m━━━━━━━━━━━━━[0m[37m━━━━━━━[0m [1m11s[0m 255ms/step - auc: 0.9744 - binary_accuracy: 0.9063 - loss: 0.2785
[1m 89/133[0m [32m━━━━━━━━━━━━━[0m[37m━━━━━━━[0m [1m11s[0m 255ms/step - auc: 0.9743 - binary_accuracy: 0.9062 - loss: 0.2786
[1m 90/133[0m [32m━━━━━━━━━━━━━[0m[37m━━━━━━━[0m [1m10s[0m 255ms/step - auc: 0.9743 - binary_accuracy: 0.9062 - loss: 0.2787
[1m 91/133[0m [32m━━━━━━━━━━━━━[0m[37m━━━━━━━[0m [1m10s[0m 255ms/step - auc: 0.9742 - binary_accuracy: 0.9061 - loss: 0.2789
[1m 92/133[0m [32m━━━━━━━━━━━━━[0m[37m━━━━━━━[0m [1m10s[0m 255ms/step - auc: 0.9741 - binary_accuracy: 0.9060 - loss: 0.2790
[1m 93/133[0m [32m━━━━━━━━━━━━━[0m[37m━━━━━━━[0m [1m10s[0m 255ms/step - auc: 0.9741 - binary_accuracy: 0.9060 - loss: 0.2791
[1m 94/133[0m [32m━━━━━━━━━━━━━━[0m[37m━━━━━━[0m [1m9s[0m 255ms/step - auc: 0.9740 - binary_accuracy: 0.9059 - loss: 0.2792 
[1m 95/133[0m [32m━━━━━━━━━━━━━━[0m[37m━━━━━━[0m [1m9s[0m 255ms/step - auc: 0.9740 - binary_accuracy: 0.9058 - loss: 0.2793
[1m 96/133[0m [32m━━━━━━━━━━━━━━[0m[37m━━━━━━[0m [1m9s[0m 255ms/step - auc: 0.9739 - binary_accuracy: 0.9058 - loss: 0.2794
[1m 97/133[0m [32m━━━━━━━━━━━━━━[0m[37m━━━━━━[0m [1m9s[0m 255ms/step - auc: 0.9738 - binary_accuracy: 0.9057 - loss: 0.2795
[1m 98/133[0m [32m━━━━━━━━━━━━━━[0m[37m━━━━━━[0m [1m8s[0m 255ms/step - auc: 0.9738 - binary_accuracy: 0.9056 - loss: 0.2796
[1m 99/133[0m [32m━━━━━━━━━━━━━━[0m[37m━━━━━━[0m [1m8s[0m 255ms/step - auc: 0.9737 - binary_accuracy: 0.9055 - loss: 0.2797
[1m100/133[0m [32m━━━━━━━━━━━━━━━[0m[37m━━━━━[0m [1m8s[0m 255ms/step - auc: 0.9737 - binary_accuracy: 0.9054 - loss: 0.2798
[1m101/133[0m [32m━━━━━━━━━━━━━━━[0m[37m━━━━━[0m [1m8s[0m 255ms/step - auc: 0.9736 - binary_accuracy: 0.9052 - loss: 0.2800
[1m102/133[0m [32m━━━━━━━━━━━━━━━[0m[37m━━━━━[0m [1m7s[0m 255ms/step - auc: 0.9735 - binary_accuracy: 0.9051 - loss: 0.2802
[1m103/133[0m [32m━━━━━━━━━━━━━━━[0m[37m━━━━━[0m [1m7s[0m 255ms/step - auc: 0.9734 - binary_accuracy: 0.9049 - loss: 0.2804
[1m104/133[0m [32m━━━━━━━━━━━━━━━[0m[37m━━━━━[0m [1m7s[0m 255ms/step - auc: 0.9733 - binary_accuracy: 0.9048 - loss: 0.2806
[1m105/133[0m [32m━━━━━━━━━━━━━━━[0m[37m━━━━━[0m [1m7s[0m 255ms/step - auc: 0.9732 - binary_accuracy: 0.9047 - loss: 0.2808
[1m106/133[0m [32m━━━━━━━━━━━━━━━[0m[37m━━━━━[0m [1m6s[0m 255ms/step - auc: 0.9732 - binary_accuracy: 0.9045 - loss: 0.2809
[1m107/133[0m [32m━━━━━━━━━━━━━━━━[0m[37m━━━━[0m [1m6s[0m 255ms/step - auc: 0.9731 - binary_accuracy: 0.9044 - loss: 0.2811
[1m108/133[0m [32m━━━━━━━━━━━━━━━━[0m[37m━━━━[0m [1m6s[0m 255ms/step - auc: 0.9730 - binary_accuracy: 0.9042 - loss: 0.2813
[1m109/133[0m [32m━━━━━━━━━━━━━━━━[0m[37m━━━━[0m [1m6s[0m 255ms/step - auc: 0.9729 - binary_accuracy: 0.9041 - loss: 0.2815
[1m110/133[0m [32m━━━━━━━━━━━━━━━━[0m[37m━━━━[0m [1m5s[0m 255ms/step - auc: 0.9728 - binary_accuracy: 0.9040 - loss: 0.2816
[1m111/133[0m [32m━━━━━━━━━━━━━━━━[0m[37m━━━━[0m [1m5s[0m 255ms/step - auc: 0.9728 - binary_accuracy: 0.9039 - loss: 0.2818
[1m112/133[0m [32m━━━━━━━━━━━━━━━━[0m[37m━━━━[0m [1m5s[0m 255ms/step - auc: 0.9727 - binary_accuracy: 0.9038 - loss: 0.2820
[1m113/133[0m [32m━━━━━━━━━━━━━━━━[0m[37m━━━━[0m [1m5s[0m 255ms/step - auc: 0.9726 - binary_accuracy: 0.9037 - loss: 0.2821
[1m114/133[0m [32m━━━━━━━━━━━━━━━━━[0m[37m━━━[0m [1m4s[0m 255ms/step - auc: 0.9725 - binary_accuracy: 0.9035 - loss: 0.2823
[1m115/133[0m [32m━━━━━━━━━━━━━━━━━[0m[37m━━━[0m [1m4s[0m 255ms/step - auc: 0.9725 - binary_accuracy: 0.9034 - loss: 0.2825
[1m116/133[0m [32m━━━━━━━━━━━━━━━━━[0m[37m━━━[0m [1m4s[0m 255ms/step - auc: 0.9724 - binary_accuracy: 0.9033 - loss: 0.2826
[1m117/133[0m [32m━━━━━━━━━━━━━━━━━[0m[37m━━━[0m [1m4s[0m 255ms/step - auc: 0.9723 - binary_accuracy: 0.9031 - loss: 0.2827
[1m118/133[0m [32m━━━━━━━━━━━━━━━━━[0m[37m━━━[0m [1m3s[0m 255ms/step - auc: 0.9723 - binary_accuracy: 0.9030 - loss: 0.2829
[1m119/133[0m [32m━━━━━━━━━━━━━━━━━[0m[37m━━━[0m [1m3s[0m 255ms/step - auc: 0.9722 - binary_accuracy: 0.9029 - loss: 0.2830
[1m120/133[0m [32m━━━━━━━━━━━━━━━━━━[0m[37m━━[0m [1m3s[0m 255ms/step - auc: 0.9721 - binary_accuracy: 0.9028 - loss: 0.2831
[1m121/133[0m [32m━━━━━━━━━━━━━━━━━━[0m[37m━━[0m [1m3s[0m 255ms/step - auc: 0.9721 - binary_accuracy: 0.9026 - loss: 0.2833
[1m122/133[0m [32m━━━━━━━━━━━━━━━━━━[0m[37m━━[0m [1m2s[0m 255ms/step - auc: 0.9720 - binary_accuracy: 0.9025 - loss: 0.2834
[1m123/133[0m [32m━━━━━━━━━━━━━━━━━━[0m[37m━━[0m [1m2s[0m 255ms/step - auc: 0.9720 - binary_accuracy: 0.9024 - loss: 0.2835
[1m124/133[0m [32m━━━━━━━━━━━━━━━━━━[0m[37m━━[0m [1m2s[0m 255ms/step - auc: 0.9719 - binary_accuracy: 0.9023 - loss: 0.2836
[1m125/133[0m [32m━━━━━━━━━━━━━━━━━━[0m[37m━━[0m [1m2s[0m 255ms/step - auc: 0.9719 - binary_accuracy: 0.9022 - loss: 0.2837
[1m126/133[0m [32m━━━━━━━━━━━━━━━━━━[0m[37m━━[0m [1m1s[0m 255ms/step - auc: 0.9718 - binary_accuracy: 0.9021 - loss: 0.2838
[1m127/133[0m [32m━━━━━━━━━━━━━━━━━━━[0m[37m━[0m [1m1s[0m 255ms/step - auc: 0.9717 - binary_accuracy: 0.9020 - loss: 0.2840
[1m128/133[0m [32m━━━━━━━━━━━━━━━━━━━[0m[37m━[0m [1m1s[0m 255ms/step - auc: 0.9717 - binary_accuracy: 0.9019 - loss: 0.2841
[1m129/133[0m [32m━━━━━━━━━━━━━━━━━━━[0m[37m━[0m [1m1s[0m 255ms/step - auc: 0.9716 - binary_accuracy: 0.9018 - loss: 0.2842
[1m130/133[0m [32m━━━━━━━━━━━━━━━━━━━[0m[37m━[0m [1m0s[0m 254ms/step - auc: 0.9716 - binary_accuracy: 0.9017 - loss: 0.2843
[1m131/133[0m [32m━━━━━━━━━━━━━━━━━━━[0m[37m━[0m [1m0s[0m 254ms/step - auc: 0.9715 - binary_accuracy: 0.9016 - loss: 0.2844
[1m132/133[0m [32m━━━━━━━━━━━━━━━━━━━[0m[37m━[0m [1m0s[0m 254ms/step - auc: 0.9714 - binary_accuracy: 0.9015 - loss: 0.2845
[1m133/133[0m [32m━━━━━━━━━━━━━━━━━━━━[0m[37m[0m [1m0s[0m 254ms/step - auc: 0.9714 - binary_accuracy: 0.9014 - loss: 0.2846transfer final: epoch 3/7 done in 33.9s loss=0.2976 auc=0.9647

[1m133/133[0m [32m━━━━━━━━━━━━━━━━━━━━[0m[37m[0m [1m34s[0m 254ms/step - auc: 0.9647 - binary_accuracy: 0.8904 - loss: 0.2976
[INFO] focus_binary.focus_binary.models.transfer: phase2: fine-tuning
[INFO] focus_binary.focus_binary.models.transfer: unfreeze blocks
transfer final: epoch 1/7 start
Epoch 1/4

[1m  1/133[0m [37m━━━━━━━━━━━━━━━━━━━━[0m [1m5:57[0m 3s/step - auc: 0.9593 - binary_accuracy: 0.7812 - loss: 0.3646
[1m  2/133[0m [37m━━━━━━━━━━━━━━━━━━━━[0m [1m36s[0m 278ms/step - auc: 0.9468 - binary_accuracy: 0.8125 - loss: 0.4657
[1m  3/133[0m [37m━━━━━━━━━━━━━━━━━━━━[0m [1m35s[0m 276ms/step - auc: 0.9287 - binary_accuracy: 0.8333 - loss: 0.5782
[1m  4/133[0m [37m━━━━━━━━━━━━━━━━━━━━[0m [1m35s[0m 276ms/step - auc: 0.9176 - binary_accuracy: 0.8359 - loss: 0.6293
[1m  5/133[0m [37m━━━━━━━━━━━━━━━━━━━━[0m [1m35s[0m 277ms/step - auc: 0.9037 - binary_accuracy: 0.8263 - loss: 0.6570
[1m  6/133[0m [37m━━━━━━━━━━━━━━━━━━━━[0m [1m35s[0m 278ms/step - auc: 0.8901 - binary_accuracy: 0.8101 - loss: 0.6786
[1m  7/133[0m [32m━[0m[37m━━━━━━━━━━━━━━━━━━━[0m [1m34s[0m 278ms/step - auc: 0.8775 - binary_accuracy: 0.7900 - loss: 0.6969
[1m  8/133[0m [32m━[0m[37m━━━━━━━━━━━━━━━━━━━[0m [1m34s[0m 278ms/step - auc: 0.8695 - binary_accuracy: 0.7718 - loss: 0.7074
[1m  9/133[0m [32m━[0m[37m━━━━━━━━━━━━━━━━━━━[0m [1m34s[0m 278ms/step - auc: 0.8645 - binary_accuracy: 0.7590 - loss: 0.7107
[1m 10/133[0m [32m━[0m[37m━━━━━━━━━━━━━━━━━━━[0m [1m34s[0m 278ms/step - auc: 0.8616 - binary_accuracy: 0.7503 - loss: 0.7091
[1m 11/133[0m [32m━[0m[37m━━━━━━━━━━━━━━━━━━━[0m [1m33s[0m 278ms/step - auc: 0.8593 - binary_accuracy: 0.7451 - loss: 0.7056
[1m 12/133[0m [32m━[0m[37m━━━━━━━━━━━━━━━━━━━[0m [1m33s[0m 278ms/step - auc: 0.8561 - binary_accuracy: 0.7420 - loss: 0.7041
[1m 13/133[0m [32m━[0m[37m━━━━━━━━━━━━━━━━━━━[0m [1m33s[0m 278ms/step - auc: 0.8534 - binary_accuracy: 0.7408 - loss: 0.7017
[1m 14/133[0m [32m━━[0m[37m━━━━━━━━━━━━━━━━━━[0m [1m33s[0m 279ms/step - auc: 0.8505 - binary_accuracy: 0.7402 - loss: 0.7012
[1m 15/133[0m [32m━━[0m[37m━━━━━━━━━━━━━━━━━━[0m [1m32s[0m 279ms/step - auc: 0.8480 - binary_accuracy: 0.7404 - loss: 0.7013
[1m 16/133[0m [32m━━[0m[37m━━━━━━━━━━━━━━━━━━[0m [1m32s[0m 280ms/step - auc: 0.8460 - binary_accuracy: 0.7408 - loss: 0.6999
[1m 17/133[0m [32m━━[0m[37m━━━━━━━━━━━━━━━━━━[0m [1m32s[0m 280ms/step - auc: 0.8436 - binary_accuracy: 0.7408 - loss: 0.6989
[1m 18/133[0m [32m━━[0m[37m━━━━━━━━━━━━━━━━━━[0m [1m32s[0m 281ms/step - auc: 0.8416 - binary_accuracy: 0.7405 - loss: 0.6974
[1m 19/133[0m [32m━━[0m[37m━━━━━━━━━━━━━━━━━━[0m [1m32s[0m 281ms/step - auc: 0.8399 - binary_accuracy: 0.7402 - loss: 0.6954
[1m 20/133[0m [32m━━━[0m[37m━━━━━━━━━━━━━━━━━[0m [1m31s[0m 282ms/step - auc: 0.8383 - binary_accuracy: 0.7395 - loss: 0.6935
[1m 21/133[0m [32m━━━[0m[37m━━━━━━━━━━━━━━━━━[0m [1m31s[0m 282ms/step - auc: 0.8367 - binary_accuracy: 0.7381 - loss: 0.6916
[1m 22/133[0m [32m━━━[0m[37m━━━━━━━━━━━━━━━━━[0m [1m31s[0m 282ms/step - auc: 0.8352 - binary_accuracy: 0.7369 - loss: 0.6893
[1m 23/133[0m [32m━━━[0m[37m━━━━━━━━━━━━━━━━━[0m [1m31s[0m 282ms/step - auc: 0.8340 - binary_accuracy: 0.7359 - loss: 0.6869
[1m 24/133[0m [32m━━━[0m[37m━━━━━━━━━━━━━━━━━[0m [1m30s[0m 283ms/step - auc: 0.8333 - binary_accuracy: 0.7353 - loss: 0.6840
[1m 25/133[0m [32m━━━[0m[37m━━━━━━━━━━━━━━━━━[0m [1m30s[0m 283ms/step - auc: 0.8328 - binary_accuracy: 0.7350 - loss: 0.6810
[1m 26/133[0m [32m━━━[0m[37m━━━━━━━━━━━━━━━━━[0m [1m30s[0m 283ms/step - auc: 0.8323 - binary_accuracy: 0.7349 - loss: 0.6783
[1m 27/133[0m [32m━━━━[0m[37m━━━━━━━━━━━━━━━━[0m [1m29s[0m 283ms/step - auc: 0.8320 - binary_accuracy: 0.7350 - loss: 0.6752
[1m 28/133[0m [32m━━━━[0m[37m━━━━━━━━━━━━━━━━[0m [1m29s[0m 283ms/step - auc: 0.8319 - binary_accuracy: 0.7353 - loss: 0.6720
[1m 29/133[0m [32m━━━━[0m[37m━━━━━━━━━━━━━━━━[0m [1m29s[0m 283ms/step - auc: 0.8318 - binary_accuracy: 0.7359 - loss: 0.6688
[1m 30/133[0m [32m━━━━[0m[37m━━━━━━━━━━━━━━━━[0m [1m29s[0m 283ms/step - auc: 0.8320 - binary_accuracy: 0.7367 - loss: 0.6654
[1m 31/133[0m [32m━━━━[0m[37m━━━━━━━━━━━━━━━━[0m [1m28s[0m 283ms/step - auc: 0.8320 - binary_accuracy: 0.7374 - loss: 0.6624
[1m 32/133[0m [32m━━━━[0m[37m━━━━━━━━━━━━━━━━[0m [1m28s[0m 283ms/step - auc: 0.8321 - binary_accuracy: 0.7383 - loss: 0.6594
[1m 33/133[0m [32m━━━━[0m[37m━━━━━━━━━━━━━━━━[0m [1m28s[0m 283ms/step - auc: 0.8322 - binary_accuracy: 0.7392 - loss: 0.6565
[1m 34/133[0m [32m━━━━━[0m[37m━━━━━━━━━━━━━━━[0m [1m28s[0m 283ms/step - auc: 0.8323 - binary_accuracy: 0.7401 - loss: 0.6536
[1m 35/133[0m [32m━━━━━[0m[37m━━━━━━━━━━━━━━━[0m [1m27s[0m 283ms/step - auc: 0.8324 - binary_accuracy: 0.7407 - loss: 0.6508
[1m 36/133[0m [32m━━━━━[0m[37m━━━━━━━━━━━━━━━[0m [1m27s[0m 283ms/step - auc: 0.8326 - binary_accuracy: 0.7413 - loss: 0.6482
[1m 37/133[0m [32m━━━━━[0m[37m━━━━━━━━━━━━━━━[0m [1m27s[0m 283ms/step - auc: 0.8329 - binary_accuracy: 0.7420 - loss: 0.6454
[1m 38/133[0m [32m━━━━━[0m[37m━━━━━━━━━━━━━━━[0m [1m26s[0m 283ms/step - auc: 0.8333 - binary_accuracy: 0.7427 - loss: 0.6427
[1m 39/133[0m [32m━━━━━[0m[37m━━━━━━━━━━━━━━━[0m [1m26s[0m 283ms/step - auc: 0.8335 - binary_accuracy: 0.7434 - loss: 0.6403
[1m 40/133[0m [32m━━━━━━[0m[37m━━━━━━━━━━━━━━[0m [1m26s[0m 283ms/step - auc: 0.8338 - binary_accuracy: 0.7441 - loss: 0.6381
[1m 41/133[0m [32m━━━━━━[0m[37m━━━━━━━━━━━━━━[0m [1m26s[0m 283ms/step - auc: 0.8342 - binary_accuracy: 0.7448 - loss: 0.6359
[1m 42/133[0m [32m━━━━━━[0m[37m━━━━━━━━━━━━━━[0m [1m25s[0m 283ms/step - auc: 0.8346 - binary_accuracy: 0.7455 - loss: 0.6336
[1m 43/133[0m [32m━━━━━━[0m[37m━━━━━━━━━━━━━━[0m [1m25s[0m 283ms/step - auc: 0.8350 - binary_accuracy: 0.7462 - loss: 0.6316
[1m 44/133[0m [32m━━━━━━[0m[37m━━━━━━━━━━━━━━[0m [1m25s[0m 283ms/step - auc: 0.8354 - binary_accuracy: 0.7469 - loss: 0.6295
[1m 45/133[0m [32m━━━━━━[0m[37m━━━━━━━━━━━━━━[0m [1m24s[0m 283ms/step - auc: 0.8358 - binary_accuracy: 0.7475 - loss: 0.6275
[1m 46/133[0m [32m━━━━━━[0m[37m━━━━━━━━━━━━━━[0m [1m24s[0m 283ms/step - auc: 0.8362 - binary_accuracy: 0.7481 - loss: 0.6256
[1m 47/133[0m [32m━━━━━━━[0m[37m━━━━━━━━━━━━━[0m [1m24s[0m 283ms/step - auc: 0.8365 - binary_accuracy: 0.7487 - loss: 0.6238
[1m 48/133[0m [32m━━━━━━━[0m[37m━━━━━━━━━━━━━[0m [1m24s[0m 283ms/step - auc: 0.8369 - binary_accuracy: 0.7493 - loss: 0.6220
[1m 49/133[0m [32m━━━━━━━[0m[37m━━━━━━━━━━━━━[0m [1m23s[0m 283ms/step - auc: 0.8372 - binary_accuracy: 0.7498 - loss: 0.6203
[1m 50/133[0m [32m━━━━━━━[0m[37m━━━━━━━━━━━━━[0m [1m23s[0m 283ms/step - auc: 0.8376 - binary_accuracy: 0.7504 - loss: 0.6185
[1m 51/133[0m [32m━━━━━━━[0m[37m━━━━━━━━━━━━━[0m [1m23s[0m 283ms/step - auc: 0.8380 - binary_accuracy: 0.7510 - loss: 0.6167
[1m 52/133[0m [32m━━━━━━━[0m[37m━━━━━━━━━━━━━[0m [1m22s[0m 283ms/step - auc: 0.8384 - binary_accuracy: 0.7516 - loss: 0.6149
[1m 53/133[0m [32m━━━━━━━[0m[37m━━━━━━━━━━━━━[0m [1m22s[0m 283ms/step - auc: 0.8388 - binary_accuracy: 0.7521 - loss: 0.6132
[1m 54/133[0m [32m━━━━━━━━[0m[37m━━━━━━━━━━━━[0m [1m22s[0m 283ms/step - auc: 0.8392 - binary_accuracy: 0.7528 - loss: 0.6114
[1m 55/133[0m [32m━━━━━━━━[0m[37m━━━━━━━━━━━━[0m [1m22s[0m 283ms/step - auc: 0.8396 - binary_accuracy: 0.7534 - loss: 0.6095
[1m 56/133[0m [32m━━━━━━━━[0m[37m━━━━━━━━━━━━[0m [1m21s[0m 284ms/step - auc: 0.8401 - binary_accuracy: 0.7541 - loss: 0.6076
[1m 57/133[0m [32m━━━━━━━━[0m[37m━━━━━━━━━━━━[0m [1m21s[0m 284ms/step - auc: 0.8406 - binary_accuracy: 0.7548 - loss: 0.6058
[1m 58/133[0m [32m━━━━━━━━[0m[37m━━━━━━━━━━━━[0m [1m21s[0m 284ms/step - auc: 0.8410 - binary_accuracy: 0.7555 - loss: 0.6041
[1m 59/133[0m [32m━━━━━━━━[0m[37m━━━━━━━━━━━━[0m [1m21s[0m 284ms/step - auc: 0.8414 - binary_accuracy: 0.7563 - loss: 0.6024
[1m 60/133[0m [32m━━━━━━━━━[0m[37m━━━━━━━━━━━[0m [1m20s[0m 284ms/step - auc: 0.8418 - binary_accuracy: 0.7570 - loss: 0.6008
[1m 61/133[0m [32m━━━━━━━━━[0m[37m━━━━━━━━━━━[0m [1m20s[0m 284ms/step - auc: 0.8422 - binary_accuracy: 0.7576 - loss: 0.5991
[1m 62/133[0m [32m━━━━━━━━━[0m[37m━━━━━━━━━━━[0m [1m20s[0m 284ms/step - auc: 0.8426 - binary_accuracy: 0.7582 - loss: 0.5975
[1m 63/133[0m [32m━━━━━━━━━[0m[37m━━━━━━━━━━━[0m [1m19s[0m 284ms/step - auc: 0.8430 - binary_accuracy: 0.7588 - loss: 0.5959
[1m 64/133[0m [32m━━━━━━━━━[0m[37m━━━━━━━━━━━[0m [1m19s[0m 284ms/step - auc: 0.8434 - binary_accuracy: 0.7593 - loss: 0.5945
[1m 65/133[0m [32m━━━━━━━━━[0m[37m━━━━━━━━━━━[0m [1m19s[0m 284ms/step - auc: 0.8437 - binary_accuracy: 0.7599 - loss: 0.5930
[1m 66/133[0m [32m━━━━━━━━━[0m[37m━━━━━━━━━━━[0m [1m19s[0m 284ms/step - auc: 0.8441 - binary_accuracy: 0.7604 - loss: 0.5915
[1m 67/133[0m [32m━━━━━━━━━━[0m[37m━━━━━━━━━━[0m [1m18s[0m 284ms/step - auc: 0.8444 - binary_accuracy: 0.7609 - loss: 0.5901
[1m 68/133[0m [32m━━━━━━━━━━[0m[37m━━━━━━━━━━[0m [1m18s[0m 284ms/step - auc: 0.8448 - binary_accuracy: 0.7615 - loss: 0.5887
[1m 69/133[0m [32m━━━━━━━━━━[0m[37m━━━━━━━━━━[0m [1m18s[0m 284ms/step - auc: 0.8452 - binary_accuracy: 0.7620 - loss: 0.5873
[1m 70/133[0m [32m━━━━━━━━━━[0m[37m━━━━━━━━━━[0m [1m17s[0m 284ms/step - auc: 0.8455 - binary_accuracy: 0.7624 - loss: 0.5860
[1m 71/133[0m [32m━━━━━━━━━━[0m[37m━━━━━━━━━━[0m [1m17s[0m 284ms/step - auc: 0.8459 - binary_accuracy: 0.7629 - loss: 0.5847
[1m 72/133[0m [32m━━━━━━━━━━[0m[37m━━━━━━━━━━[0m [1m17s[0m 284ms/step - auc: 0.8463 - binary_accuracy: 0.7634 - loss: 0.5835
[1m 73/133[0m [32m━━━━━━━━━━[0m[37m━━━━━━━━━━[0m [1m17s[0m 284ms/step - auc: 0.8466 - binary_accuracy: 0.7639 - loss: 0.5823
[1m 74/133[0m [32m━━━━━━━━━━━[0m[37m━━━━━━━━━[0m [1m16s[0m 284ms/step - auc: 0.8470 - binary_accuracy: 0.7643 - loss: 0.5811
[1m 75/133[0m [32m━━━━━━━━━━━[0m[37m━━━━━━━━━[0m [1m16s[0m 285ms/step - auc: 0.8474 - binary_accuracy: 0.7648 - loss: 0.5800
[1m 76/133[0m [32m━━━━━━━━━━━[0m[37m━━━━━━━━━[0m [1m16s[0m 285ms/step - auc: 0.8478 - binary_accuracy: 0.7651 - loss: 0.5789
[1m 77/133[0m [32m━━━━━━━━━━━[0m[37m━━━━━━━━━[0m [1m15s[0m 285ms/step - auc: 0.8482 - binary_accuracy: 0.7655 - loss: 0.5778
[1m 78/133[0m [32m━━━━━━━━━━━[0m[37m━━━━━━━━━[0m [1m15s[0m 284ms/step - auc: 0.8485 - binary_accuracy: 0.7659 - loss: 0.5767
[1m 79/133[0m [32m━━━━━━━━━━━[0m[37m━━━━━━━━━[0m [1m15s[0m 284ms/step - auc: 0.8489 - binary_accuracy: 0.7662 - loss: 0.5756
[1m 80/133[0m [32m━━━━━━━━━━━━[0m[37m━━━━━━━━[0m [1m15s[0m 284ms/step - auc: 0.8492 - binary_accuracy: 0.7666 - loss: 0.5746
[1m 81/133[0m [32m━━━━━━━━━━━━[0m[37m━━━━━━━━[0m [1m14s[0m 284ms/step - auc: 0.8496 - binary_accuracy: 0.7670 - loss: 0.5736
[1m 82/133[0m [32m━━━━━━━━━━━━[0m[37m━━━━━━━━[0m [1m14s[0m 284ms/step - auc: 0.8499 - binary_accuracy: 0.7674 - loss: 0.5726
[1m 83/133[0m [32m━━━━━━━━━━━━[0m[37m━━━━━━━━[0m [1m14s[0m 284ms/step - auc: 0.8502 - binary_accuracy: 0.7678 - loss: 0.5715
[1m 84/133[0m [32m━━━━━━━━━━━━[0m[37m━━━━━━━━[0m [1m13s[0m 284ms/step - auc: 0.8506 - binary_accuracy: 0.7682 - loss: 0.5705
[1m 85/133[0m [32m━━━━━━━━━━━━[0m[37m━━━━━━━━[0m [1m13s[0m 284ms/step - auc: 0.8509 - binary_accuracy: 0.7686 - loss: 0.5695
[1m 86/133[0m [32m━━━━━━━━━━━━[0m[37m━━━━━━━━[0m [1m13s[0m 284ms/step - auc: 0.8512 - binary_accuracy: 0.7690 - loss: 0.5684
[1m 87/133[0m [32m━━━━━━━━━━━━━[0m[37m━━━━━━━[0m [1m13s[0m 285ms/step - auc: 0.8516 - binary_accuracy: 0.7694 - loss: 0.5674
[1m 88/133[0m [32m━━━━━━━━━━━━━[0m[37m━━━━━━━[0m [1m12s[0m 285ms/step - auc: 0.8519 - binary_accuracy: 0.7698 - loss: 0.5664
[1m 89/133[0m [32m━━━━━━━━━━━━━[0m[37m━━━━━━━[0m [1m12s[0m 285ms/step - auc: 0.8523 - binary_accuracy: 0.7702 - loss: 0.5654
[1m 90/133[0m [32m━━━━━━━━━━━━━[0m[37m━━━━━━━[0m [1m12s[0m 285ms/step - auc: 0.8526 - binary_accuracy: 0.7705 - loss: 0.5644
[1m 91/133[0m [32m━━━━━━━━━━━━━[0m[37m━━━━━━━[0m [1m11s[0m 285ms/step - auc: 0.8529 - binary_accuracy: 0.7709 - loss: 0.5635
[1m 92/133[0m [32m━━━━━━━━━━━━━[0m[37m━━━━━━━[0m [1m11s[0m 285ms/step - auc: 0.8532 - binary_accuracy: 0.7713 - loss: 0.5625
[1m 93/133[0m [32m━━━━━━━━━━━━━[0m[37m━━━━━━━[0m [1m11s[0m 285ms/step - auc: 0.8536 - binary_accuracy: 0.7716 - loss: 0.5616
[1m 94/133[0m [32m━━━━━━━━━━━━━━[0m[37m━━━━━━[0m [1m11s[0m 285ms/step - auc: 0.8539 - binary_accuracy: 0.7720 - loss: 0.5606
[1m 95/133[0m [32m━━━━━━━━━━━━━━[0m[37m━━━━━━[0m [1m10s[0m 285ms/step - auc: 0.8542 - binary_accuracy: 0.7724 - loss: 0.5597
[1m 96/133[0m [32m━━━━━━━━━━━━━━[0m[37m━━━━━━[0m [1m10s[0m 285ms/step - auc: 0.8545 - binary_accuracy: 0.7727 - loss: 0.5587
[1m 97/133[0m [32m━━━━━━━━━━━━━━[0m[37m━━━━━━[0m [1m10s[0m 285ms/step - auc: 0.8549 - binary_accuracy: 0.7731 - loss: 0.5578
[1m 98/133[0m [32m━━━━━━━━━━━━━━[0m[37m━━━━━━[0m [1m9s[0m 285ms/step - auc: 0.8552 - binary_accuracy: 0.7735 - loss: 0.5568 
[1m 99/133[0m [32m━━━━━━━━━━━━━━[0m[37m━━━━━━[0m [1m9s[0m 285ms/step - auc: 0.8555 - binary_accuracy: 0.7739 - loss: 0.5559
[1m100/133[0m [32m━━━━━━━━━━━━━━━[0m[37m━━━━━[0m [1m9s[0m 285ms/step - auc: 0.8559 - binary_accuracy: 0.7742 - loss: 0.5550
[1m101/133[0m [32m━━━━━━━━━━━━━━━[0m[37m━━━━━[0m [1m9s[0m 285ms/step - auc: 0.8561 - binary_accuracy: 0.7746 - loss: 0.5542
[1m102/133[0m [32m━━━━━━━━━━━━━━━[0m[37m━━━━━[0m [1m8s[0m 284ms/step - auc: 0.8564 - binary_accuracy: 0.7749 - loss: 0.5534
[1m103/133[0m [32m━━━━━━━━━━━━━━━[0m[37m━━━━━[0m [1m8s[0m 284ms/step - auc: 0.8566 - binary_accuracy: 0.7752 - loss: 0.5526
[1m104/133[0m [32m━━━━━━━━━━━━━━━[0m[37m━━━━━[0m [1m8s[0m 284ms/step - auc: 0.8569 - binary_accuracy: 0.7756 - loss: 0.5519
[1m105/133[0m [32m━━━━━━━━━━━━━━━[0m[37m━━━━━[0m [1m7s[0m 285ms/step - auc: 0.8572 - binary_accuracy: 0.7759 - loss: 0.5511
[1m106/133[0m [32m━━━━━━━━━━━━━━━[0m[37m━━━━━[0m [1m7s[0m 285ms/step - auc: 0.8574 - binary_accuracy: 0.7762 - loss: 0.5504
[1m107/133[0m [32m━━━━━━━━━━━━━━━━[0m[37m━━━━[0m [1m7s[0m 285ms/step - auc: 0.8577 - binary_accuracy: 0.7765 - loss: 0.5496
[1m108/133[0m [32m━━━━━━━━━━━━━━━━[0m[37m━━━━[0m [1m7s[0m 284ms/step - auc: 0.8579 - binary_accuracy: 0.7768 - loss: 0.5489
[1m109/133[0m [32m━━━━━━━━━━━━━━━━[0m[37m━━━━[0m [1m6s[0m 284ms/step - auc: 0.8582 - binary_accuracy: 0.7772 - loss: 0.5481
[1m110/133[0m [32m━━━━━━━━━━━━━━━━[0m[37m━━━━[0m [1m6s[0m 284ms/step - auc: 0.8584 - binary_accuracy: 0.7774 - loss: 0.5474
[1m111/133[0m [32m━━━━━━━━━━━━━━━━[0m[37m━━━━[0m [1m6s[0m 285ms/step - auc: 0.8587 - binary_accuracy: 0.7777 - loss: 0.5466
[1m112/133[0m [32m━━━━━━━━━━━━━━━━[0m[37m━━━━[0m [1m5s[0m 285ms/step - auc: 0.8590 - binary_accuracy: 0.7780 - loss: 0.5459
[1m113/133[0m [32m━━━━━━━━━━━━━━━━[0m[37m━━━━[0m [1m5s[0m 284ms/step - auc: 0.8592 - binary_accuracy: 0.7783 - loss: 0.5451
[1m114/133[0m [32m━━━━━━━━━━━━━━━━━[0m[37m━━━[0m [1m5s[0m 284ms/step - auc: 0.8595 - binary_accuracy: 0.7786 - loss: 0.5444
[1m115/133[0m [32m━━━━━━━━━━━━━━━━━[0m[37m━━━[0m [1m5s[0m 284ms/step - auc: 0.8598 - binary_accuracy: 0.7789 - loss: 0.5437
[1m116/133[0m [32m━━━━━━━━━━━━━━━━━[0m[37m━━━[0m [1m4s[0m 284ms/step - auc: 0.8600 - binary_accuracy: 0.7793 - loss: 0.5429
[1m117/133[0m [32m━━━━━━━━━━━━━━━━━[0m[37m━━━[0m [1m4s[0m 284ms/step - auc: 0.8603 - binary_accuracy: 0.7796 - loss: 0.5422
[1m118/133[0m [32m━━━━━━━━━━━━━━━━━[0m[37m━━━[0m [1m4s[0m 284ms/step - auc: 0.8606 - binary_accuracy: 0.7799 - loss: 0.5415
[1m119/133[0m [32m━━━━━━━━━━━━━━━━━[0m[37m━━━[0m [1m3s[0m 284ms/step - auc: 0.8608 - binary_accuracy: 0.7802 - loss: 0.5407
[1m120/133[0m [32m━━━━━━━━━━━━━━━━━━[0m[37m━━[0m [1m3s[0m 284ms/step - auc: 0.8611 - binary_accuracy: 0.7805 - loss: 0.5400
[1m121/133[0m [32m━━━━━━━━━━━━━━━━━━[0m[37m━━[0m [1m3s[0m 284ms/step - auc: 0.8614 - binary_accuracy: 0.7808 - loss: 0.5393
[1m122/133[0m [32m━━━━━━━━━━━━━━━━━━[0m[37m━━[0m [1m3s[0m 284ms/step - auc: 0.8616 - binary_accuracy: 0.7810 - loss: 0.5386
[1m123/133[0m [32m━━━━━━━━━━━━━━━━━━[0m[37m━━[0m [1m2s[0m 284ms/step - auc: 0.8619 - binary_accuracy: 0.7813 - loss: 0.5378
[1m124/133[0m [32m━━━━━━━━━━━━━━━━━━[0m[37m━━[0m [1m2s[0m 284ms/step - auc: 0.8621 - binary_accuracy: 0.7817 - loss: 0.5371
[1m125/133[0m [32m━━━━━━━━━━━━━━━━━━[0m[37m━━[0m [1m2s[0m 284ms/step - auc: 0.8624 - binary_accuracy: 0.7820 - loss: 0.5364
[1m126/133[0m [32m━━━━━━━━━━━━━━━━━━[0m[37m━━[0m [1m1s[0m 284ms/step - auc: 0.8627 - binary_accuracy: 0.7823 - loss: 0.5357
[1m127/133[0m [32m━━━━━━━━━━━━━━━━━━━[0m[37m━[0m [1m1s[0m 284ms/step - auc: 0.8629 - binary_accuracy: 0.7826 - loss: 0.5350
[1m128/133[0m [32m━━━━━━━━━━━━━━━━━━━[0m[37m━[0m [1m1s[0m 284ms/step - auc: 0.8632 - binary_accuracy: 0.7829 - loss: 0.5343
[1m129/133[0m [32m━━━━━━━━━━━━━━━━━━━[0m[37m━[0m [1m1s[0m 284ms/step - auc: 0.8634 - binary_accuracy: 0.7832 - loss: 0.5336
[1m130/133[0m [32m━━━━━━━━━━━━━━━━━━━[0m[37m━[0m [1m0s[0m 284ms/step - auc: 0.8637 - binary_accuracy: 0.7835 - loss: 0.5329
[1m131/133[0m [32m━━━━━━━━━━━━━━━━━━━[0m[37m━[0m [1m0s[0m 284ms/step - auc: 0.8639 - binary_accuracy: 0.7837 - loss: 0.5323
[1m132/133[0m [32m━━━━━━━━━━━━━━━━━━━[0m[37m━[0m [1m0s[0m 284ms/step - auc: 0.8642 - binary_accuracy: 0.7840 - loss: 0.5316
[1m133/133[0m [32m━━━━━━━━━━━━━━━━━━━━[0m[37m[0m [1m0s[0m 283ms/step - auc: 0.8644 - binary_accuracy: 0.7843 - loss: 0.5310transfer final: epoch 1/7 done in 40.1s loss=0.4450 auc=0.8969

[1m133/133[0m [32m━━━━━━━━━━━━━━━━━━━━[0m[37m[0m [1m40s[0m 283ms/step - auc: 0.8969 - binary_accuracy: 0.8195 - loss: 0.4450
transfer final: epoch 2/7 start
Epoch 2/4

[1m  1/133[0m [37m━━━━━━━━━━━━━━━━━━━━[0m [1m1:03[0m 482ms/step - auc: 0.9852 - binary_accuracy: 0.8750 - loss: 0.3259
[1m  2/133[0m [37m━━━━━━━━━━━━━━━━━━━━[0m [1m36s[0m 280ms/step - auc: 0.9845 - binary_accuracy: 0.8906 - loss: 0.3034 
[1m  3/133[0m [37m━━━━━━━━━━━━━━━━━━━━[0m [1m36s[0m 281ms/step - auc: 0.9790 - binary_accuracy: 0.8993 - loss: 0.3176
[1m  4/133[0m [37m━━━━━━━━━━━━━━━━━━━━[0m [1m36s[0m 281ms/step - auc: 0.9734 - binary_accuracy: 0.8991 - loss: 0.3440
[1m  5/133[0m [37m━━━━━━━━━━━━━━━━━━━━[0m [1m35s[0m 281ms/step - auc: 0.9683 - binary_accuracy: 0.8955 - loss: 0.3585
[1m  6/133[0m [37m━━━━━━━━━━━━━━━━━━━━[0m [1m35s[0m 281ms/step - auc: 0.9627 - binary_accuracy: 0.8904 - loss: 0.3693
[1m  7/133[0m [32m━[0m[37m━━━━━━━━━━━━━━━━━━━[0m [1m35s[0m 281ms/step - auc: 0.9587 - binary_accuracy: 0.8863 - loss: 0.3744
[1m  8/133[0m [32m━[0m[37m━━━━━━━━━━━━━━━━━━━[0m [1m35s[0m 280ms/step - auc: 0.9555 - binary_accuracy: 0.8819 - loss: 0.3789
[1m  9/133[0m [32m━[0m[37m━━━━━━━━━━━━━━━━━━━[0m [1m34s[0m 280ms/step - auc: 0.9522 - binary_accuracy: 0.8773 - loss: 0.3834
[1m 10/133[0m [32m━[0m[37m━━━━━━━━━━━━━━━━━━━[0m [1m34s[0m 281ms/step - auc: 0.9496 - binary_accuracy: 0.8739 - loss: 0.3857
[1m 11/133[0m [32m━[0m[37m━━━━━━━━━━━━━━━━━━━[0m [1m34s[0m 281ms/step - auc: 0.9472 - binary_accuracy: 0.8712 - loss: 0.3884
[1m 12/133[0m [32m━[0m[37m━━━━━━━━━━━━━━━━━━━[0m [1m33s[0m 280ms/step - auc: 0.9439 - binary_accuracy: 0.8693 - loss: 0.3948
[1m 13/133[0m [32m━[0m[37m━━━━━━━━━━━━━━━━━━━[0m [1m33s[0m 280ms/step - auc: 0.9416 - binary_accuracy: 0.8683 - loss: 0.3986
[1m 14/133[0m [32m━━[0m[37m━━━━━━━━━━━━━━━━━━[0m [1m33s[0m 281ms/step - auc: 0.9399 - binary_accuracy: 0.8667 - loss: 0.4018
[1m 15/133[0m [32m━━[0m[37m━━━━━━━━━━━━━━━━━━[0m [1m33s[0m 281ms/step - auc: 0.9385 - binary_accuracy: 0.8645 - loss: 0.4049
[1m 16/133[0m [32m━━[0m[37m━━━━━━━━━━━━━━━━━━[0m [1m32s[0m 281ms/step - auc: 0.9370 - binary_accuracy: 0.8612 - loss: 0.4081
[1m 17/133[0m [32m━━[0m[37m━━━━━━━━━━━━━━━━━━[0m [1m32s[0m 281ms/step - auc: 0.9347 - binary_accuracy: 0.8577 - loss: 0.4133
[1m 18/133[0m [32m━━[0m[37m━━━━━━━━━━━━━━━━━━[0m [1m32s[0m 282ms/step - auc: 0.9328 - binary_accuracy: 0.8550 - loss: 0.4175
[1m 19/133[0m [32m━━[0m[37m━━━━━━━━━━━━━━━━━━[0m [1m32s[0m 282ms/step - auc: 0.9311 - binary_accuracy: 0.8529 - loss: 0.4214
[1m 20/133[0m [32m━━━[0m[37m━━━━━━━━━━━━━━━━━[0m [1m31s[0m 282ms/step - auc: 0.9294 - binary_accuracy: 0.8511 - loss: 0.4249
[1m 21/133[0m [32m━━━[0m[37m━━━━━━━━━━━━━━━━━[0m [1m31s[0m 283ms/step - auc: 0.9280 - binary_accuracy: 0.8497 - loss: 0.4275
[1m 22/133[0m [32m━━━[0m[37m━━━━━━━━━━━━━━━━━[0m [1m31s[0m 283ms/step - auc: 0.9269 - binary_accuracy: 0.8486 - loss: 0.4291
[1m 23/133[0m [32m━━━[0m[37m━━━━━━━━━━━━━━━━━[0m [1m31s[0m 283ms/step - auc: 0.9259 - binary_accuracy: 0.8477 - loss: 0.4305
[1m 24/133[0m [32m━━━[0m[37m━━━━━━━━━━━━━━━━━[0m [1m30s[0m 283ms/step - auc: 0.9250 - binary_accuracy: 0.8469 - loss: 0.4314
[1m 25/133[0m [32m━━━[0m[37m━━━━━━━━━━━━━━━━━[0m [1m30s[0m 283ms/step - auc: 0.9244 - binary_accuracy: 0.8464 - loss: 0.4320
[1m 26/133[0m [32m━━━[0m[37m━━━━━━━━━━━━━━━━━[0m [1m30s[0m 283ms/step - auc: 0.9239 - binary_accuracy: 0.8460 - loss: 0.4324
[1m 27/133[0m [32m━━━━[0m[37m━━━━━━━━━━━━━━━━[0m [1m30s[0m 283ms/step - auc: 0.9234 - binary_accuracy: 0.8456 - loss: 0.4324
[1m 28/133[0m [32m━━━━[0m[37m━━━━━━━━━━━━━━━━[0m [1m29s[0m 283ms/step - auc: 0.9230 - binary_accuracy: 0.8454 - loss: 0.4322
[1m 29/133[0m [32m━━━━[0m[37m━━━━━━━━━━━━━━━━[0m [1m29s[0m 284ms/step - auc: 0.9228 - binary_accuracy: 0.8452 - loss: 0.4318
[1m 30/133[0m [32m━━━━[0m[37m━━━━━━━━━━━━━━━━[0m [1m29s[0m 284ms/step - auc: 0.9226 - binary_accuracy: 0.8451 - loss: 0.4312
[1m 31/133[0m [32m━━━━[0m[37m━━━━━━━━━━━━━━━━[0m [1m28s[0m 284ms/step - auc: 0.9223 - binary_accuracy: 0.8450 - loss: 0.4311
[1m 32/133[0m [32m━━━━[0m[37m━━━━━━━━━━━━━━━━[0m [1m28s[0m 284ms/step - auc: 0.9221 - binary_accuracy: 0.8450 - loss: 0.4308
[1m 33/133[0m [32m━━━━[0m[37m━━━━━━━━━━━━━━━━[0m [1m28s[0m 284ms/step - auc: 0.9219 - binary_accuracy: 0.8450 - loss: 0.4305
[1m 34/133[0m [32m━━━━━[0m[37m━━━━━━━━━━━━━━━[0m [1m28s[0m 284ms/step - auc: 0.9216 - binary_accuracy: 0.8448 - loss: 0.4300
[1m 35/133[0m [32m━━━━━[0m[37m━━━━━━━━━━━━━━━[0m [1m27s[0m 284ms/step - auc: 0.9214 - binary_accuracy: 0.8444 - loss: 0.4298
[1m 36/133[0m [32m━━━━━[0m[37m━━━━━━━━━━━━━━━[0m [1m27s[0m 284ms/step - auc: 0.9212 - binary_accuracy: 0.8440 - loss: 0.4295
[1m 37/133[0m [32m━━━━━[0m[37m━━━━━━━━━━━━━━━[0m [1m27s[0m 284ms/step - auc: 0.9211 - binary_accuracy: 0.8437 - loss: 0.4290
[1m 38/133[0m [32m━━━━━[0m[37m━━━━━━━━━━━━━━━[0m [1m26s[0m 284ms/step - auc: 0.9209 - binary_accuracy: 0.8436 - loss: 0.4286
[1m 39/133[0m [32m━━━━━[0m[37m━━━━━━━━━━━━━━━[0m [1m26s[0m 284ms/step - auc: 0.9206 - binary_accuracy: 0.8433 - loss: 0.4288
[1m 40/133[0m [32m━━━━━━[0m[37m━━━━━━━━━━━━━━[0m [1m26s[0m 284ms/step - auc: 0.9203 - binary_accuracy: 0.8432 - loss: 0.4291
[1m 41/133[0m [32m━━━━━━[0m[37m━━━━━━━━━━━━━━[0m [1m26s[0m 284ms/step - auc: 0.9200 - binary_accuracy: 0.8429 - loss: 0.4294
[1m 42/133[0m [32m━━━━━━[0m[37m━━━━━━━━━━━━━━[0m [1m25s[0m 284ms/step - auc: 0.9197 - binary_accuracy: 0.8425 - loss: 0.4297
[1m 43/133[0m [32m━━━━━━[0m[37m━━━━━━━━━━━━━━[0m [1m25s[0m 284ms/step - auc: 0.9194 - binary_accuracy: 0.8420 - loss: 0.4302
[1m 44/133[0m [32m━━━━━━[0m[37m━━━━━━━━━━━━━━[0m [1m25s[0m 284ms/step - auc: 0.9190 - binary_accuracy: 0.8413 - loss: 0.4308
[1m 45/133[0m [32m━━━━━━[0m[37m━━━━━━━━━━━━━━[0m [1m24s[0m 284ms/step - auc: 0.9185 - binary_accuracy: 0.8404 - loss: 0.4314
[1m 46/133[0m [32m━━━━━━[0m[37m━━━━━━━━━━━━━━[0m [1m24s[0m 285ms/step - auc: 0.9181 - binary_accuracy: 0.8397 - loss: 0.4320
[1m 47/133[0m [32m━━━━━━━[0m[37m━━━━━━━━━━━━━[0m [1m24s[0m 285ms/step - auc: 0.9177 - binary_accuracy: 0.8390 - loss: 0.4325
[1m 48/133[0m [32m━━━━━━━[0m[37m━━━━━━━━━━━━━[0m [1m24s[0m 285ms/step - auc: 0.9172 - binary_accuracy: 0.8383 - loss: 0.4332
[1m 49/133[0m [32m━━━━━━━[0m[37m━━━━━━━━━━━━━[0m [1m23s[0m 285ms/step - auc: 0.9169 - binary_accuracy: 0.8378 - loss: 0.4337
[1m 50/133[0m [32m━━━━━━━[0m[37m━━━━━━━━━━━━━[0m [1m23s[0m 285ms/step - auc: 0.9165 - binary_accuracy: 0.8373 - loss: 0.4342
[1m 51/133[0m [32m━━━━━━━[0m[37m━━━━━━━━━━━━━[0m [1m23s[0m 285ms/step - auc: 0.9161 - binary_accuracy: 0.8369 - loss: 0.4348
[1m 52/133[0m [32m━━━━━━━[0m[37m━━━━━━━━━━━━━[0m [1m23s[0m 285ms/step - auc: 0.9157 - binary_accuracy: 0.8366 - loss: 0.4353
[1m 53/133[0m [32m━━━━━━━[0m[37m━━━━━━━━━━━━━[0m [1m22s[0m 285ms/step - auc: 0.9154 - binary_accuracy: 0.8363 - loss: 0.4357
[1m 54/133[0m [32m━━━━━━━━[0m[37m━━━━━━━━━━━━[0m [1m22s[0m 285ms/step - auc: 0.9150 - binary_accuracy: 0.8359 - loss: 0.4360
[1m 55/133[0m [32m━━━━━━━━[0m[37m━━━━━━━━━━━━[0m [1m22s[0m 285ms/step - auc: 0.9147 - binary_accuracy: 0.8356 - loss: 0.4363
[1m 56/133[0m [32m━━━━━━━━[0m[37m━━━━━━━━━━━━[0m [1m21s[0m 285ms/step - auc: 0.9144 - binary_accuracy: 0.8353 - loss: 0.4365
[1m 57/133[0m [32m━━━━━━━━[0m[37m━━━━━━━━━━━━[0m [1m21s[0m 285ms/step - auc: 0.9142 - binary_accuracy: 0.8349 - loss: 0.4367
[1m 58/133[0m [32m━━━━━━━━[0m[37m━━━━━━━━━━━━[0m [1m21s[0m 285ms/step - auc: 0.9139 - binary_accuracy: 0.8346 - loss: 0.4368
[1m 59/133[0m [32m━━━━━━━━[0m[37m━━━━━━━━━━━━[0m [1m21s[0m 285ms/step - auc: 0.9137 - binary_accuracy: 0.8343 - loss: 0.4368
[1m 60/133[0m [32m━━━━━━━━━[0m[37m━━━━━━━━━━━[0m [1m20s[0m 285ms/step - auc: 0.9135 - binary_accuracy: 0.8341 - loss: 0.4369
[1m 61/133[0m [32m━━━━━━━━━[0m[37m━━━━━━━━━━━[0m [1m20s[0m 285ms/step - auc: 0.9133 - binary_accuracy: 0.8339 - loss: 0.4369
[1m 62/133[0m [32m━━━━━━━━━[0m[37m━━━━━━━━━━━[0m [1m20s[0m 285ms/step - auc: 0.9131 - binary_accuracy: 0.8337 - loss: 0.4369
[1m 63/133[0m [32m━━━━━━━━━[0m[37m━━━━━━━━━━━[0m [1m19s[0m 285ms/step - auc: 0.9129 - binary_accuracy: 0.8335 - loss: 0.4369
[1m 64/133[0m [32m━━━━━━━━━[0m[37m━━━━━━━━━━━[0m [1m19s[0m 285ms/step - auc: 0.9128 - binary_accuracy: 0.8334 - loss: 0.4369
[1m 65/133[0m [32m━━━━━━━━━[0m[37m━━━━━━━━━━━[0m [1m19s[0m 285ms/step - auc: 0.9126 - binary_accuracy: 0.8332 - loss: 0.4369
[1m 66/133[0m [32m━━━━━━━━━[0m[37m━━━━━━━━━━━[0m [1m19s[0m 285ms/step - auc: 0.9124 - binary_accuracy: 0.8331 - loss: 0.4369
[1m 67/133[0m [32m━━━━━━━━━━[0m[37m━━━━━━━━━━[0m [1m18s[0m 285ms/step - auc: 0.9123 - binary_accuracy: 0.8330 - loss: 0.4369
[1m 68/133[0m [32m━━━━━━━━━━[0m[37m━━━━━━━━━━[0m [1m18s[0m 285ms/step - auc: 0.9122 - binary_accuracy: 0.8328 - loss: 0.4368
[1m 69/133[0m [32m━━━━━━━━━━[0m[37m━━━━━━━━━━[0m [1m18s[0m 285ms/step - auc: 0.9121 - binary_accuracy: 0.8326 - loss: 0.4368
[1m 70/133[0m [32m━━━━━━━━━━[0m[37m━━━━━━━━━━[0m [1m17s[0m 286ms/step - auc: 0.9119 - binary_accuracy: 0.8324 - loss: 0.4368
[1m 71/133[0m [32m━━━━━━━━━━[0m[37m━━━━━━━━━━[0m [1m17s[0m 286ms/step - auc: 0.9118 - binary_accuracy: 0.8323 - loss: 0.4367
[1m 72/133[0m [32m━━━━━━━━━━[0m[37m━━━━━━━━━━[0m [1m17s[0m 286ms/step - auc: 0.9117 - binary_accuracy: 0.8321 - loss: 0.4367
[1m 73/133[0m [32m━━━━━━━━━━[0m[37m━━━━━━━━━━[0m [1m17s[0m 286ms/step - auc: 0.9116 - binary_accuracy: 0.8320 - loss: 0.4367
[1m 74/133[0m [32m━━━━━━━━━━━[0m[37m━━━━━━━━━[0m [1m16s[0m 286ms/step - auc: 0.9116 - binary_accuracy: 0.8319 - loss: 0.4367
[1m 75/133[0m [32m━━━━━━━━━━━[0m[37m━━━━━━━━━[0m [1m16s[0m 286ms/step - auc: 0.9115 - binary_accuracy: 0.8317 - loss: 0.4367
[1m 76/133[0m [32m━━━━━━━━━━━[0m[37m━━━━━━━━━[0m [1m16s[0m 286ms/step - auc: 0.9115 - binary_accuracy: 0.8316 - loss: 0.4366
[1m 77/133[0m [32m━━━━━━━━━━━[0m[37m━━━━━━━━━[0m [1m16s[0m 286ms/step - auc: 0.9115 - binary_accuracy: 0.8314 - loss: 0.4366
[1m 78/133[0m [32m━━━━━━━━━━━[0m[37m━━━━━━━━━[0m [1m15s[0m 286ms/step - auc: 0.9114 - binary_accuracy: 0.8313 - loss: 0.4365
[1m 79/133[0m [32m━━━━━━━━━━━[0m[37m━━━━━━━━━[0m [1m15s[0m 286ms/step - auc: 0.9114 - binary_accuracy: 0.8311 - loss: 0.4364
[1m 80/133[0m [32m━━━━━━━━━━━━[0m[37m━━━━━━━━[0m [1m15s[0m 286ms/step - auc: 0.9114 - binary_accuracy: 0.8310 - loss: 0.4363
[1m 81/133[0m [32m━━━━━━━━━━━━[0m[37m━━━━━━━━[0m [1m14s[0m 286ms/step - auc: 0.9114 - binary_accuracy: 0.8310 - loss: 0.4362
[1m 82/133[0m [32m━━━━━━━━━━━━[0m[37m━━━━━━━━[0m [1m14s[0m 286ms/step - auc: 0.9114 - binary_accuracy: 0.8309 - loss: 0.4361
[1m 83/133[0m [32m━━━━━━━━━━━━[0m[37m━━━━━━━━[0m [1m14s[0m 286ms/step - auc: 0.9114 - binary_accuracy: 0.8309 - loss: 0.4359
[1m 84/133[0m [32m━━━━━━━━━━━━[0m[37m━━━━━━━━[0m [1m14s[0m 286ms/step - auc: 0.9114 - binary_accuracy: 0.8308 - loss: 0.4357
[1m 85/133[0m [32m━━━━━━━━━━━━[0m[37m━━━━━━━━[0m [1m13s[0m 286ms/step - auc: 0.9114 - binary_accuracy: 0.8308 - loss: 0.4355
[1m 86/133[0m [32m━━━━━━━━━━━━[0m[37m━━━━━━━━[0m [1m13s[0m 286ms/step - auc: 0.9114 - binary_accuracy: 0.8308 - loss: 0.4353
[1m 87/133[0m [32m━━━━━━━━━━━━━[0m[37m━━━━━━━[0m [1m13s[0m 286ms/step - auc: 0.9115 - binary_accuracy: 0.8308 - loss: 0.4351
[1m 88/133[0m [32m━━━━━━━━━━━━━[0m[37m━━━━━━━[0m [1m12s[0m 286ms/step - auc: 0.9115 - binary_accuracy: 0.8308 - loss: 0.4350
[1m 89/133[0m [32m━━━━━━━━━━━━━[0m[37m━━━━━━━[0m [1m12s[0m 286ms/step - auc: 0.9115 - binary_accuracy: 0.8308 - loss: 0.4348
[1m 90/133[0m [32m━━━━━━━━━━━━━[0m[37m━━━━━━━[0m [1m12s[0m 286ms/step - auc: 0.9115 - binary_accuracy: 0.8308 - loss: 0.4346
[1m 91/133[0m [32m━━━━━━━━━━━━━[0m[37m━━━━━━━[0m [1m12s[0m 286ms/step - auc: 0.9116 - binary_accuracy: 0.8307 - loss: 0.4344
[1m 92/133[0m [32m━━━━━━━━━━━━━[0m[37m━━━━━━━[0m [1m11s[0m 286ms/step - auc: 0.9116 - binary_accuracy: 0.8307 - loss: 0.4342
[1m 93/133[0m [32m━━━━━━━━━━━━━[0m[37m━━━━━━━[0m [1m11s[0m 286ms/step - auc: 0.9116 - binary_accuracy: 0.8307 - loss: 0.4340
[1m 94/133[0m [32m━━━━━━━━━━━━━━[0m[37m━━━━━━[0m [1m11s[0m 286ms/step - auc: 0.9117 - binary_accuracy: 0.8307 - loss: 0.4337
[1m 95/133[0m [32m━━━━━━━━━━━━━━[0m[37m━━━━━━[0m [1m10s[0m 286ms/step - auc: 0.9117 - binary_accuracy: 0.8307 - loss: 0.4335
[1m 96/133[0m [32m━━━━━━━━━━━━━━[0m[37m━━━━━━[0m [1m10s[0m 286ms/step - auc: 0.9118 - binary_accuracy: 0.8308 - loss: 0.4333
[1m 97/133[0m [32m━━━━━━━━━━━━━━[0m[37m━━━━━━[0m [1m10s[0m 286ms/step - auc: 0.9118 - binary_accuracy: 0.8308 - loss: 0.4330
[1m 98/133[0m [32m━━━━━━━━━━━━━━[0m[37m━━━━━━[0m [1m10s[0m 286ms/step - auc: 0.9119 - binary_accuracy: 0.8308 - loss: 0.4328
[1m 99/133[0m [32m━━━━━━━━━━━━━━[0m[37m━━━━━━[0m [1m9s[0m 286ms/step - auc: 0.9119 - binary_accuracy: 0.8309 - loss: 0.4325 
[1m100/133[0m [32m━━━━━━━━━━━━━━━[0m[37m━━━━━[0m [1m9s[0m 286ms/step - auc: 0.9120 - binary_accuracy: 0.8309 - loss: 0.4322
[1m101/133[0m [32m━━━━━━━━━━━━━━━[0m[37m━━━━━[0m [1m9s[0m 286ms/step - auc: 0.9120 - binary_accuracy: 0.8309 - loss: 0.4321
[1m102/133[0m [32m━━━━━━━━━━━━━━━[0m[37m━━━━━[0m [1m8s[0m 286ms/step - auc: 0.9120 - binary_accuracy: 0.8309 - loss: 0.4320
[1m103/133[0m [32m━━━━━━━━━━━━━━━[0m[37m━━━━━[0m [1m8s[0m 286ms/step - auc: 0.9120 - binary_accuracy: 0.8309 - loss: 0.4319
[1m104/133[0m [32m━━━━━━━━━━━━━━━[0m[37m━━━━━[0m [1m8s[0m 286ms/step - auc: 0.9120 - binary_accuracy: 0.8309 - loss: 0.4318
[1m105/133[0m [32m━━━━━━━━━━━━━━━[0m[37m━━━━━[0m [1m8s[0m 286ms/step - auc: 0.9120 - binary_accuracy: 0.8310 - loss: 0.4317
[1m106/133[0m [32m━━━━━━━━━━━━━━━[0m[37m━━━━━[0m [1m7s[0m 286ms/step - auc: 0.9120 - binary_accuracy: 0.8310 - loss: 0.4315
[1m107/133[0m [32m━━━━━━━━━━━━━━━━[0m[37m━━━━[0m [1m7s[0m 286ms/step - auc: 0.9120 - binary_accuracy: 0.8310 - loss: 0.4314
[1m108/133[0m [32m━━━━━━━━━━━━━━━━[0m[37m━━━━[0m [1m7s[0m 286ms/step - auc: 0.9121 - binary_accuracy: 0.8310 - loss: 0.4313
[1m109/133[0m [32m━━━━━━━━━━━━━━━━[0m[37m━━━━[0m [1m6s[0m 286ms/step - auc: 0.9121 - binary_accuracy: 0.8310 - loss: 0.4311
[1m110/133[0m [32m━━━━━━━━━━━━━━━━[0m[37m━━━━[0m [1m6s[0m 286ms/step - auc: 0.9121 - binary_accuracy: 0.8310 - loss: 0.4310
[1m111/133[0m [32m━━━━━━━━━━━━━━━━[0m[37m━━━━[0m [1m6s[0m 286ms/step - auc: 0.9121 - binary_accuracy: 0.8310 - loss: 0.4308
[1m112/133[0m [32m━━━━━━━━━━━━━━━━[0m[37m━━━━[0m [1m6s[0m 286ms/step - auc: 0.9121 - binary_accuracy: 0.8310 - loss: 0.4307
[1m113/133[0m [32m━━━━━━━━━━━━━━━━[0m[37m━━━━[0m [1m5s[0m 286ms/step - auc: 0.9122 - binary_accuracy: 0.8311 - loss: 0.4305
[1m114/133[0m [32m━━━━━━━━━━━━━━━━━[0m[37m━━━[0m [1m5s[0m 286ms/step - auc: 0.9122 - binary_accuracy: 0.8311 - loss: 0.4303
[1m115/133[0m [32m━━━━━━━━━━━━━━━━━[0m[37m━━━[0m [1m5s[0m 286ms/step - auc: 0.9123 - binary_accuracy: 0.8311 - loss: 0.4301
[1m116/133[0m [32m━━━━━━━━━━━━━━━━━[0m[37m━━━[0m [1m4s[0m 286ms/step - auc: 0.9123 - binary_accuracy: 0.8312 - loss: 0.4299
[1m117/133[0m [32m━━━━━━━━━━━━━━━━━[0m[37m━━━[0m [1m4s[0m 286ms/step - auc: 0.9124 - binary_accuracy: 0.8312 - loss: 0.4297
[1m118/133[0m [32m━━━━━━━━━━━━━━━━━[0m[37m━━━[0m [1m4s[0m 286ms/step - auc: 0.9124 - binary_accuracy: 0.8313 - loss: 0.4295
[1m119/133[0m [32m━━━━━━━━━━━━━━━━━[0m[37m━━━[0m [1m4s[0m 286ms/step - auc: 0.9125 - binary_accuracy: 0.8313 - loss: 0.4293
[1m120/133[0m [32m━━━━━━━━━━━━━━━━━━[0m[37m━━[0m [1m3s[0m 286ms/step - auc: 0.9125 - binary_accuracy: 0.8314 - loss: 0.4291
[1m121/133[0m [32m━━━━━━━━━━━━━━━━━━[0m[37m━━[0m [1m3s[0m 286ms/step - auc: 0.9126 - binary_accuracy: 0.8315 - loss: 0.4289
[1m122/133[0m [32m━━━━━━━━━━━━━━━━━━[0m[37m━━[0m [1m3s[0m 286ms/step - auc: 0.9127 - binary_accuracy: 0.8315 - loss: 0.4286
[1m123/133[0m [32m━━━━━━━━━━━━━━━━━━[0m[37m━━[0m [1m2s[0m 286ms/step - auc: 0.9127 - binary_accuracy: 0.8316 - loss: 0.4284
[1m124/133[0m [32m━━━━━━━━━━━━━━━━━━[0m[37m━━[0m [1m2s[0m 286ms/step - auc: 0.9128 - binary_accuracy: 0.8317 - loss: 0.4282
[1m125/133[0m [32m━━━━━━━━━━━━━━━━━━[0m[37m━━[0m [1m2s[0m 286ms/step - auc: 0.9129 - binary_accuracy: 0.8317 - loss: 0.4279
[1m126/133[0m [32m━━━━━━━━━━━━━━━━━━[0m[37m━━[0m [1m2s[0m 286ms/step - auc: 0.9129 - binary_accuracy: 0.8318 - loss: 0.4277
[1m127/133[0m [32m━━━━━━━━━━━━━━━━━━━[0m[37m━[0m [1m1s[0m 286ms/step - auc: 0.9130 - binary_accuracy: 0.8319 - loss: 0.4275
[1m128/133[0m [32m━━━━━━━━━━━━━━━━━━━[0m[37m━[0m [1m1s[0m 286ms/step - auc: 0.9131 - binary_accuracy: 0.8320 - loss: 0.4273
[1m129/133[0m [32m━━━━━━━━━━━━━━━━━━━[0m[37m━[0m [1m1s[0m 286ms/step - auc: 0.9131 - binary_accuracy: 0.8321 - loss: 0.4270
[1m130/133[0m [32m━━━━━━━━━━━━━━━━━━━[0m[37m━[0m [1m0s[0m 286ms/step - auc: 0.9132 - binary_accuracy: 0.8322 - loss: 0.4268
[1m131/133[0m [32m━━━━━━━━━━━━━━━━━━━[0m[37m━[0m [1m0s[0m 286ms/step - auc: 0.9132 - binary_accuracy: 0.8322 - loss: 0.4266
[1m132/133[0m [32m━━━━━━━━━━━━━━━━━━━[0m[37m━[0m [1m0s[0m 286ms/step - auc: 0.9133 - binary_accuracy: 0.8323 - loss: 0.4264
[1m133/133[0m [32m━━━━━━━━━━━━━━━━━━━━[0m[37m[0m [1m0s[0m 285ms/step - auc: 0.9134 - binary_accuracy: 0.8323 - loss: 0.4262transfer final: epoch 2/7 done in 38.1s loss=0.3997 auc=0.9206

[1m133/133[0m [32m━━━━━━━━━━━━━━━━━━━━[0m[37m[0m [1m38s[0m 285ms/step - auc: 0.9206 - binary_accuracy: 0.8393 - loss: 0.3997
transfer final: epoch 3/7 start
Epoch 3/4

[1m  1/133[0m [37m━━━━━━━━━━━━━━━━━━━━[0m [1m1:03[0m 485ms/step - auc: 0.9815 - binary_accuracy: 0.8125 - loss: 0.3488
[1m  2/133[0m [37m━━━━━━━━━━━━━━━━━━━━[0m [1m36s[0m 277ms/step - auc: 0.9872 - binary_accuracy: 0.8203 - loss: 0.3334 
[1m  3/133[0m [37m━━━━━━━━━━━━━━━━━━━━[0m [1m36s[0m 280ms/step - auc: 0.9831 - binary_accuracy: 0.8316 - loss: 0.3305
[1m  4/133[0m [37m━━━━━━━━━━━━━━━━━━━━[0m [1m36s[0m 281ms/step - auc: 0.9743 - binary_accuracy: 0.8385 - loss: 0.3470
[1m  5/133[0m [37m━━━━━━━━━━━━━━━━━━━━[0m [1m35s[0m 280ms/step - auc: 0.9693 - binary_accuracy: 0.8446 - loss: 0.3519
[1m  6/133[0m [37m━━━━━━━━━━━━━━━━━━━━[0m [1m35s[0m 280ms/step - auc: 0.9659 - binary_accuracy: 0.8505 - loss: 0.3552
[1m  7/133[0m [32m━[0m[37m━━━━━━━━━━━━━━━━━━━[0m [1m35s[0m 280ms/step - auc: 0.9629 - binary_accuracy: 0.8553 - loss: 0.3601
[1m  8/133[0m [32m━[0m[37m━━━━━━━━━━━━━━━━━━━[0m [1m34s[0m 280ms/step - auc: 0.9605 - binary_accuracy: 0.8592 - loss: 0.3640
[1m  9/133[0m [32m━[0m[37m━━━━━━━━━━━━━━━━━━━[0m [1m34s[0m 281ms/step - auc: 0.9590 - binary_accuracy: 0.8617 - loss: 0.3651
[1m 10/133[0m [32m━[0m[37m━━━━━━━━━━━━━━━━━━━[0m [1m34s[0m 281ms/step - auc: 0.9574 - binary_accuracy: 0.8628 - loss: 0.3651
[1m 11/133[0m [32m━[0m[37m━━━━━━━━━━━━━━━━━━━[0m [1m34s[0m 281ms/step - auc: 0.9560 - binary_accuracy: 0.8631 - loss: 0.3653
[1m 12/133[0m [32m━[0m[37m━━━━━━━━━━━━━━━━━━━[0m [1m33s[0m 281ms/step - auc: 0.9545 - binary_accuracy: 0.8637 - loss: 0.3667
[1m 13/133[0m [32m━[0m[37m━━━━━━━━━━━━━━━━━━━[0m [1m33s[0m 281ms/step - auc: 0.9537 - binary_accuracy: 0.8649 - loss: 0.3664
[1m 14/133[0m [32m━━[0m[37m━━━━━━━━━━━━━━━━━━[0m [1m33s[0m 281ms/step - auc: 0.9532 - binary_accuracy: 0.8658 - loss: 0.3661
[1m 15/133[0m [32m━━[0m[37m━━━━━━━━━━━━━━━━━━[0m [1m33s[0m 282ms/step - auc: 0.9524 - binary_accuracy: 0.8658 - loss: 0.3675
[1m 16/133[0m [32m━━[0m[37m━━━━━━━━━━━━━━━━━━[0m [1m33s[0m 282ms/step - auc: 0.9517 - binary_accuracy: 0.8657 - loss: 0.3681
[1m 17/133[0m [32m━━[0m[37m━━━━━━━━━━━━━━━━━━[0m [1m32s[0m 283ms/step - auc: 0.9504 - binary_accuracy: 0.8648 - loss: 0.3704
[1m 18/133[0m [32m━━[0m[37m━━━━━━━━━━━━━━━━━━[0m [1m32s[0m 283ms/step - auc: 0.9493 - binary_accuracy: 0.8639 - loss: 0.3721
[1m 19/133[0m [32m━━[0m[37m━━━━━━━━━━━━━━━━━━[0m [1m32s[0m 283ms/step - auc: 0.9484 - binary_accuracy: 0.8630 - loss: 0.3735
[1m 20/133[0m [32m━━━[0m[37m━━━━━━━━━━━━━━━━━[0m [1m31s[0m 283ms/step - auc: 0.9474 - binary_accuracy: 0.8617 - loss: 0.3750
[1m 21/133[0m [32m━━━[0m[37m━━━━━━━━━━━━━━━━━[0m [1m31s[0m 283ms/step - auc: 0.9466 - binary_accuracy: 0.8604 - loss: 0.3760
[1m 22/133[0m [32m━━━[0m[37m━━━━━━━━━━━━━━━━━[0m [1m31s[0m 283ms/step - auc: 0.9458 - binary_accuracy: 0.8593 - loss: 0.3766
[1m 23/133[0m [32m━━━[0m[37m━━━━━━━━━━━━━━━━━[0m [1m31s[0m 283ms/step - auc: 0.9452 - binary_accuracy: 0.8584 - loss: 0.3771
[1m 24/133[0m [32m━━━[0m[37m━━━━━━━━━━━━━━━━━[0m [1m30s[0m 283ms/step - auc: 0.9447 - binary_accuracy: 0.8577 - loss: 0.3772
[1m 25/133[0m [32m━━━[0m[37m━━━━━━━━━━━━━━━━━[0m [1m30s[0m 284ms/step - auc: 0.9443 - binary_accuracy: 0.8574 - loss: 0.3773
[1m 26/133[0m [32m━━━[0m[37m━━━━━━━━━━━━━━━━━[0m [1m30s[0m 284ms/step - auc: 0.9440 - binary_accuracy: 0.8572 - loss: 0.3772
[1m 27/133[0m [32m━━━━[0m[37m━━━━━━━━━━━━━━━━[0m [1m30s[0m 284ms/step - auc: 0.9438 - binary_accuracy: 0.8572 - loss: 0.3770
[1m 28/133[0m [32m━━━━[0m[37m━━━━━━━━━━━━━━━━[0m [1m29s[0m 284ms/step - auc: 0.9435 - binary_accuracy: 0.8572 - loss: 0.3767
[1m 29/133[0m [32m━━━━[0m[37m━━━━━━━━━━━━━━━━[0m [1m29s[0m 284ms/step - auc: 0.9434 - binary_accuracy: 0.8573 - loss: 0.3763
[1m 30/133[0m [32m━━━━[0m[37m━━━━━━━━━━━━━━━━[0m [1m29s[0m 284ms/step - auc: 0.9433 - binary_accuracy: 0.8575 - loss: 0.3758
[1m 31/133[0m [32m━━━━[0m[37m━━━━━━━━━━━━━━━━[0m [1m29s[0m 284ms/step - auc: 0.9431 - binary_accuracy: 0.8575 - loss: 0.3755
[1m 32/133[0m [32m━━━━[0m[37m━━━━━━━━━━━━━━━━[0m [1m28s[0m 285ms/step - auc: 0.9429 - binary_accuracy: 0.8576 - loss: 0.3752
[1m 33/133[0m [32m━━━━[0m[37m━━━━━━━━━━━━━━━━[0m [1m28s[0m 286ms/step - auc: 0.9428 - binary_accuracy: 0.8577 - loss: 0.3748
[1m 34/133[0m [32m━━━━━[0m[37m━━━━━━━━━━━━━━━[0m [1m28s[0m 287ms/step - auc: 0.9426 - binary_accuracy: 0.8576 - loss: 0.3745
[1m 35/133[0m [32m━━━━━[0m[37m━━━━━━━━━━━━━━━[0m [1m28s[0m 288ms/step - auc: 0.9425 - binary_accuracy: 0.8573 - loss: 0.3742
[1m 36/133[0m [32m━━━━━[0m[37m━━━━━━━━━━━━━━━[0m [1m28s[0m 290ms/step - auc: 0.9423 - binary_accuracy: 0.8571 - loss: 0.3739
[1m 37/133[0m [32m━━━━━[0m[37m━━━━━━━━━━━━━━━[0m [1m27s[0m 290ms/step - auc: 0.9423 - binary_accuracy: 0.8570 - loss: 0.3735
[1m 38/133[0m [32m━━━━━[0m[37m━━━━━━━━━━━━━━━[0m [1m27s[0m 290ms/step - auc: 0.9422 - binary_accuracy: 0.8568 - loss: 0.3730
[1m 39/133[0m [32m━━━━━[0m[37m━━━━━━━━━━━━━━━[0m [1m27s[0m 291ms/step - auc: 0.9419 - binary_accuracy: 0.8567 - loss: 0.3732
[1m 40/133[0m [32m━━━━━━[0m[37m━━━━━━━━━━━━━━[0m [1m27s[0m 291ms/step - auc: 0.9418 - binary_accuracy: 0.8566 - loss: 0.3734
[1m 41/133[0m [32m━━━━━━[0m[37m━━━━━━━━━━━━━━[0m [1m26s[0m 291ms/step - auc: 0.9415 - binary_accuracy: 0.8564 - loss: 0.3737
[1m 42/133[0m [32m━━━━━━[0m[37m━━━━━━━━━━━━━━[0m [1m26s[0m 291ms/step - auc: 0.9413 - binary_accuracy: 0.8561 - loss: 0.3741
[1m 43/133[0m [32m━━━━━━[0m[37m━━━━━━━━━━━━━━[0m [1m26s[0m 292ms/step - auc: 0.9409 - binary_accuracy: 0.8556 - loss: 0.3747
[1m 44/133[0m [32m━━━━━━[0m[37m━━━━━━━━━━━━━━[0m [1m25s[0m 292ms/step - auc: 0.9405 - binary_accuracy: 0.8550 - loss: 0.3754
[1m 45/133[0m [32m━━━━━━[0m[37m━━━━━━━━━━━━━━[0m [1m25s[0m 292ms/step - auc: 0.9402 - binary_accuracy: 0.8544 - loss: 0.3760
[1m 46/133[0m [32m━━━━━━[0m[37m━━━━━━━━━━━━━━[0m [1m25s[0m 293ms/step - auc: 0.9398 - binary_accuracy: 0.8538 - loss: 0.3767
[1m 47/133[0m [32m━━━━━━━[0m[37m━━━━━━━━━━━━━[0m [1m25s[0m 293ms/step - auc: 0.9394 - binary_accuracy: 0.8533 - loss: 0.3773
[1m 48/133[0m [32m━━━━━━━[0m[37m━━━━━━━━━━━━━[0m [1m24s[0m 293ms/step - auc: 0.9390 - binary_accuracy: 0.8529 - loss: 0.3781
[1m 49/133[0m [32m━━━━━━━[0m[37m━━━━━━━━━━━━━[0m [1m24s[0m 293ms/step - auc: 0.9387 - binary_accuracy: 0.8525 - loss: 0.3787
[1m 50/133[0m [32m━━━━━━━[0m[37m━━━━━━━━━━━━━[0m [1m24s[0m 293ms/step - auc: 0.9384 - binary_accuracy: 0.8523 - loss: 0.3792
[1m 51/133[0m [32m━━━━━━━[0m[37m━━━━━━━━━━━━━[0m [1m24s[0m 293ms/step - auc: 0.9380 - binary_accuracy: 0.8520 - loss: 0.3799
[1m 52/133[0m [32m━━━━━━━[0m[37m━━━━━━━━━━━━━[0m [1m23s[0m 294ms/step - auc: 0.9377 - binary_accuracy: 0.8518 - loss: 0.3805
[1m 53/133[0m [32m━━━━━━━[0m[37m━━━━━━━━━━━━━[0m [1m23s[0m 294ms/step - auc: 0.9373 - binary_accuracy: 0.8516 - loss: 0.3810
[1m 54/133[0m [32m━━━━━━━━[0m[37m━━━━━━━━━━━━[0m [1m23s[0m 295ms/step - auc: 0.9370 - binary_accuracy: 0.8513 - loss: 0.3815
[1m 55/133[0m [32m━━━━━━━━[0m[37m━━━━━━━━━━━━[0m [1m23s[0m 296ms/step - auc: 0.9367 - binary_accuracy: 0.8509 - loss: 0.3820
[1m 56/133[0m [32m━━━━━━━━[0m[37m━━━━━━━━━━━━[0m [1m22s[0m 296ms/step - auc: 0.9363 - binary_accuracy: 0.8506 - loss: 0.3824
[1m 57/133[0m [32m━━━━━━━━[0m[37m━━━━━━━━━━━━[0m [1m22s[0m 296ms/step - auc: 0.9361 - binary_accuracy: 0.8503 - loss: 0.3828
[1m 58/133[0m [32m━━━━━━━━[0m[37m━━━━━━━━━━━━[0m [1m22s[0m 296ms/step - auc: 0.9358 - binary_accuracy: 0.8500 - loss: 0.3831
[1m 59/133[0m [32m━━━━━━━━[0m[37m━━━━━━━━━━━━[0m [1m21s[0m 297ms/step - auc: 0.9355 - binary_accuracy: 0.8498 - loss: 0.3833
[1m 60/133[0m [32m━━━━━━━━━[0m[37m━━━━━━━━━━━[0m [1m21s[0m 297ms/step - auc: 0.9353 - binary_accuracy: 0.8496 - loss: 0.3835
[1m 61/133[0m [32m━━━━━━━━━[0m[37m━━━━━━━━━━━[0m [1m21s[0m 297ms/step - auc: 0.9351 - binary_accuracy: 0.8495 - loss: 0.3837
[1m 62/133[0m [32m━━━━━━━━━[0m[37m━━━━━━━━━━━[0m [1m21s[0m 297ms/step - auc: 0.9349 - binary_accuracy: 0.8494 - loss: 0.3838
[1m 63/133[0m [32m━━━━━━━━━[0m[37m━━━━━━━━━━━[0m [1m20s[0m 297ms/step - auc: 0.9348 - binary_accuracy: 0.8493 - loss: 0.3840
[1m 64/133[0m [32m━━━━━━━━━[0m[37m━━━━━━━━━━━[0m [1m20s[0m 297ms/step - auc: 0.9346 - binary_accuracy: 0.8493 - loss: 0.3841
[1m 65/133[0m [32m━━━━━━━━━[0m[37m━━━━━━━━━━━[0m [1m20s[0m 297ms/step - auc: 0.9344 - binary_accuracy: 0.8493 - loss: 0.3841
[1m 66/133[0m [32m━━━━━━━━━[0m[37m━━━━━━━━━━━[0m [1m19s[0m 297ms/step - auc: 0.9343 - binary_accuracy: 0.8493 - loss: 0.3842
[1m 67/133[0m [32m━━━━━━━━━━[0m[37m━━━━━━━━━━[0m [1m19s[0m 298ms/step - auc: 0.9342 - binary_accuracy: 0.8493 - loss: 0.3842
[1m 68/133[0m [32m━━━━━━━━━━[0m[37m━━━━━━━━━━[0m [1m19s[0m 298ms/step - auc: 0.9341 - binary_accuracy: 0.8493 - loss: 0.3842
[1m 69/133[0m [32m━━━━━━━━━━[0m[37m━━━━━━━━━━[0m [1m19s[0m 298ms/step - auc: 0.9340 - binary_accuracy: 0.8493 - loss: 0.3843
[1m 70/133[0m [32m━━━━━━━━━━[0m[37m━━━━━━━━━━[0m [1m18s[0m 298ms/step - auc: 0.9339 - binary_accuracy: 0.8493 - loss: 0.3843
[1m 71/133[0m [32m━━━━━━━━━━[0m[37m━━━━━━━━━━[0m [1m18s[0m 298ms/step - auc: 0.9338 - binary_accuracy: 0.8492 - loss: 0.3844
[1m 72/133[0m [32m━━━━━━━━━━[0m[37m━━━━━━━━━━[0m [1m18s[0m 298ms/step - auc: 0.9337 - binary_accuracy: 0.8492 - loss: 0.3844
[1m 73/133[0m [32m━━━━━━━━━━[0m[37m━━━━━━━━━━[0m [1m17s[0m 298ms/step - auc: 0.9337 - binary_accuracy: 0.8492 - loss: 0.3845
[1m 74/133[0m [32m━━━━━━━━━━━[0m[37m━━━━━━━━━[0m [1m17s[0m 298ms/step - auc: 0.9336 - binary_accuracy: 0.8491 - loss: 0.3846
[1m 75/133[0m [32m━━━━━━━━━━━[0m[37m━━━━━━━━━[0m [1m17s[0m 298ms/step - auc: 0.9336 - binary_accuracy: 0.8491 - loss: 0.3846
[1m 76/133[0m [32m━━━━━━━━━━━[0m[37m━━━━━━━━━[0m [1m16s[0m 298ms/step - auc: 0.9335 - binary_accuracy: 0.8490 - loss: 0.3847
[1m 77/133[0m [32m━━━━━━━━━━━[0m[37m━━━━━━━━━[0m [1m16s[0m 298ms/step - auc: 0.9335 - binary_accuracy: 0.8490 - loss: 0.3847
[1m 78/133[0m [32m━━━━━━━━━━━[0m[37m━━━━━━━━━[0m [1m16s[0m 298ms/step - auc: 0.9335 - binary_accuracy: 0.8489 - loss: 0.3848
[1m 79/133[0m [32m━━━━━━━━━━━[0m[37m━━━━━━━━━[0m [1m16s[0m 298ms/step - auc: 0.9334 - binary_accuracy: 0.8489 - loss: 0.3848
[1m 80/133[0m [32m━━━━━━━━━━━━[0m[37m━━━━━━━━[0m [1m15s[0m 299ms/step - auc: 0.9334 - binary_accuracy: 0.8489 - loss: 0.3847
[1m 81/133[0m [32m━━━━━━━━━━━━[0m[37m━━━━━━━━[0m [1m15s[0m 299ms/step - auc: 0.9334 - binary_accuracy: 0.8489 - loss: 0.3847
[1m 82/133[0m [32m━━━━━━━━━━━━[0m[37m━━━━━━━━[0m [1m15s[0m 299ms/step - auc: 0.9334 - binary_accuracy: 0.8489 - loss: 0.3846
[1m 83/133[0m [32m━━━━━━━━━━━━[0m[37m━━━━━━━━[0m [1m14s[0m 299ms/step - auc: 0.9334 - binary_accuracy: 0.8490 - loss: 0.3845
[1m 84/133[0m [32m━━━━━━━━━━━━[0m[37m━━━━━━━━[0m [1m14s[0m 299ms/step - auc: 0.9334 - binary_accuracy: 0.8490 - loss: 0.3845
[1m 85/133[0m [32m━━━━━━━━━━━━[0m[37m━━━━━━━━[0m [1m14s[0m 299ms/step - auc: 0.9334 - binary_accuracy: 0.8491 - loss: 0.3844
[1m 86/133[0m [32m━━━━━━━━━━━━[0m[37m━━━━━━━━[0m [1m14s[0m 299ms/step - auc: 0.9334 - binary_accuracy: 0.8491 - loss: 0.3843
[1m 87/133[0m [32m━━━━━━━━━━━━━[0m[37m━━━━━━━[0m [1m13s[0m 299ms/step - auc: 0.9334 - binary_accuracy: 0.8492 - loss: 0.3842
[1m 88/133[0m [32m━━━━━━━━━━━━━[0m[37m━━━━━━━[0m [1m13s[0m 299ms/step - auc: 0.9334 - binary_accuracy: 0.8493 - loss: 0.3841
[1m 89/133[0m [32m━━━━━━━━━━━━━[0m[37m━━━━━━━[0m [1m13s[0m 299ms/step - auc: 0.9334 - binary_accuracy: 0.8493 - loss: 0.3840
[1m 90/133[0m [32m━━━━━━━━━━━━━[0m[37m━━━━━━━[0m [1m12s[0m 299ms/step - auc: 0.9334 - binary_accuracy: 0.8494 - loss: 0.3839
[1m 91/133[0m [32m━━━━━━━━━━━━━[0m[37m━━━━━━━[0m [1m12s[0m 299ms/step - auc: 0.9334 - binary_accuracy: 0.8494 - loss: 0.3838
[1m 92/133[0m [32m━━━━━━━━━━━━━[0m[37m━━━━━━━[0m [1m12s[0m 299ms/step - auc: 0.9335 - binary_accuracy: 0.8494 - loss: 0.3837
[1m 93/133[0m [32m━━━━━━━━━━━━━[0m[37m━━━━━━━[0m [1m11s[0m 299ms/step - auc: 0.9335 - binary_accuracy: 0.8495 - loss: 0.3835
[1m 94/133[0m [32m━━━━━━━━━━━━━━[0m[37m━━━━━━[0m [1m11s[0m 299ms/step - auc: 0.9335 - binary_accuracy: 0.8496 - loss: 0.3834
[1m 95/133[0m [32m━━━━━━━━━━━━━━[0m[37m━━━━━━[0m [1m11s[0m 299ms/step - auc: 0.9335 - binary_accuracy: 0.8496 - loss: 0.3833
[1m 96/133[0m [32m━━━━━━━━━━━━━━[0m[37m━━━━━━[0m [1m11s[0m 299ms/step - auc: 0.9335 - binary_accuracy: 0.8497 - loss: 0.3832
[1m 97/133[0m [32m━━━━━━━━━━━━━━[0m[37m━━━━━━[0m [1m10s[0m 299ms/step - auc: 0.9336 - binary_accuracy: 0.8498 - loss: 0.3830
[1m 98/133[0m [32m━━━━━━━━━━━━━━[0m[37m━━━━━━[0m [1m10s[0m 299ms/step - auc: 0.9336 - binary_accuracy: 0.8498 - loss: 0.3829
[1m 99/133[0m [32m━━━━━━━━━━━━━━[0m[37m━━━━━━[0m [1m10s[0m 298ms/step - auc: 0.9336 - binary_accuracy: 0.8499 - loss: 0.3828
[1m100/133[0m [32m━━━━━━━━━━━━━━━[0m[37m━━━━━[0m [1m9s[0m 298ms/step - auc: 0.9336 - binary_accuracy: 0.8499 - loss: 0.3827 
[1m101/133[0m [32m━━━━━━━━━━━━━━━[0m[37m━━━━━[0m [1m9s[0m 298ms/step - auc: 0.9336 - binary_accuracy: 0.8499 - loss: 0.3827
[1m102/133[0m [32m━━━━━━━━━━━━━━━[0m[37m━━━━━[0m [1m9s[0m 298ms/step - auc: 0.9335 - binary_accuracy: 0.8499 - loss: 0.3827
[1m103/133[0m [32m━━━━━━━━━━━━━━━[0m[37m━━━━━[0m [1m8s[0m 298ms/step - auc: 0.9335 - binary_accuracy: 0.8499 - loss: 0.3828
[1m104/133[0m [32m━━━━━━━━━━━━━━━[0m[37m━━━━━[0m [1m8s[0m 298ms/step - auc: 0.9334 - binary_accuracy: 0.8500 - loss: 0.3828
[1m105/133[0m [32m━━━━━━━━━━━━━━━[0m[37m━━━━━[0m [1m8s[0m 298ms/step - auc: 0.9334 - binary_accuracy: 0.8500 - loss: 0.3828
[1m106/133[0m [32m━━━━━━━━━━━━━━━[0m[37m━━━━━[0m [1m8s[0m 298ms/step - auc: 0.9334 - binary_accuracy: 0.8500 - loss: 0.3829
[1m107/133[0m [32m━━━━━━━━━━━━━━━━[0m[37m━━━━[0m [1m7s[0m 298ms/step - auc: 0.9333 - binary_accuracy: 0.8500 - loss: 0.3829
[1m108/133[0m [32m━━━━━━━━━━━━━━━━[0m[37m━━━━[0m [1m7s[0m 297ms/step - auc: 0.9333 - binary_accuracy: 0.8500 - loss: 0.3829
[1m109/133[0m [32m━━━━━━━━━━━━━━━━[0m[37m━━━━[0m [1m7s[0m 297ms/step - auc: 0.9333 - binary_accuracy: 0.8500 - loss: 0.3829
[1m110/133[0m [32m━━━━━━━━━━━━━━━━[0m[37m━━━━[0m [1m6s[0m 297ms/step - auc: 0.9332 - binary_accuracy: 0.8500 - loss: 0.3829
[1m111/133[0m [32m━━━━━━━━━━━━━━━━[0m[37m━━━━[0m [1m6s[0m 297ms/step - auc: 0.9332 - binary_accuracy: 0.8500 - loss: 0.3829
[1m112/133[0m [32m━━━━━━━━━━━━━━━━[0m[37m━━━━[0m [1m6s[0m 297ms/step - auc: 0.9332 - binary_accuracy: 0.8500 - loss: 0.3829
[1m113/133[0m [32m━━━━━━━━━━━━━━━━[0m[37m━━━━[0m [1m5s[0m 297ms/step - auc: 0.9332 - binary_accuracy: 0.8500 - loss: 0.3829
[1m114/133[0m [32m━━━━━━━━━━━━━━━━━[0m[37m━━━[0m [1m5s[0m 297ms/step - auc: 0.9332 - binary_accuracy: 0.8501 - loss: 0.3828
[1m115/133[0m [32m━━━━━━━━━━━━━━━━━[0m[37m━━━[0m [1m5s[0m 297ms/step - auc: 0.9331 - binary_accuracy: 0.8501 - loss: 0.3828
[1m116/133[0m [32m━━━━━━━━━━━━━━━━━[0m[37m━━━[0m [1m5s[0m 297ms/step - auc: 0.9331 - binary_accuracy: 0.8501 - loss: 0.3828
[1m117/133[0m [32m━━━━━━━━━━━━━━━━━[0m[37m━━━[0m [1m4s[0m 296ms/step - auc: 0.9331 - binary_accuracy: 0.8501 - loss: 0.3827
[1m118/133[0m [32m━━━━━━━━━━━━━━━━━[0m[37m━━━[0m [1m4s[0m 296ms/step - auc: 0.9331 - binary_accuracy: 0.8502 - loss: 0.3826
[1m119/133[0m [32m━━━━━━━━━━━━━━━━━[0m[37m━━━[0m [1m4s[0m 296ms/step - auc: 0.9332 - binary_accuracy: 0.8502 - loss: 0.3826
[1m120/133[0m [32m━━━━━━━━━━━━━━━━━━[0m[37m━━[0m [1m3s[0m 296ms/step - auc: 0.9332 - binary_accuracy: 0.8503 - loss: 0.3825
[1m121/133[0m [32m━━━━━━━━━━━━━━━━━━[0m[37m━━[0m [1m3s[0m 296ms/step - auc: 0.9332 - binary_accuracy: 0.8503 - loss: 0.3825
[1m122/133[0m [32m━━━━━━━━━━━━━━━━━━[0m[37m━━[0m [1m3s[0m 296ms/step - auc: 0.9332 - binary_accuracy: 0.8504 - loss: 0.3824
[1m123/133[0m [32m━━━━━━━━━━━━━━━━━━[0m[37m━━[0m [1m2s[0m 296ms/step - auc: 0.9332 - binary_accuracy: 0.8504 - loss: 0.3823
[1m124/133[0m [32m━━━━━━━━━━━━━━━━━━[0m[37m━━[0m [1m2s[0m 296ms/step - auc: 0.9332 - binary_accuracy: 0.8504 - loss: 0.3822
[1m125/133[0m [32m━━━━━━━━━━━━━━━━━━[0m[37m━━[0m [1m2s[0m 296ms/step - auc: 0.9332 - binary_accuracy: 0.8505 - loss: 0.3821
[1m126/133[0m [32m━━━━━━━━━━━━━━━━━━[0m[37m━━[0m [1m2s[0m 296ms/step - auc: 0.9332 - binary_accuracy: 0.8506 - loss: 0.3820
[1m127/133[0m [32m━━━━━━━━━━━━━━━━━━━[0m[37m━[0m [1m1s[0m 295ms/step - auc: 0.9332 - binary_accuracy: 0.8506 - loss: 0.3819
[1m128/133[0m [32m━━━━━━━━━━━━━━━━━━━[0m[37m━[0m [1m1s[0m 295ms/step - auc: 0.9332 - binary_accuracy: 0.8507 - loss: 0.3818
[1m129/133[0m [32m━━━━━━━━━━━━━━━━━━━[0m[37m━[0m [1m1s[0m 295ms/step - auc: 0.9333 - binary_accuracy: 0.8508 - loss: 0.3817
[1m130/133[0m [32m━━━━━━━━━━━━━━━━━━━[0m[37m━[0m [1m0s[0m 295ms/step - auc: 0.9333 - binary_accuracy: 0.8509 - loss: 0.3816
[1m131/133[0m [32m━━━━━━━━━━━━━━━━━━━[0m[37m━[0m [1m0s[0m 295ms/step - auc: 0.9333 - binary_accuracy: 0.8509 - loss: 0.3815
[1m132/133[0m [32m━━━━━━━━━━━━━━━━━━━[0m[37m━[0m [1m0s[0m 295ms/step - auc: 0.9333 - binary_accuracy: 0.8510 - loss: 0.3814
[1m133/133[0m [32m━━━━━━━━━━━━━━━━━━━━[0m[37m[0m [1m0s[0m 294ms/step - auc: 0.9334 - binary_accuracy: 0.8511 - loss: 0.3813transfer final: epoch 3/7 done in 39.3s loss=0.3660 auc=0.9370

[1m133/133[0m [32m━━━━━━━━━━━━━━━━━━━━[0m[37m[0m [1m39s[0m 294ms/step - auc: 0.9370 - binary_accuracy: 0.8607 - loss: 0.3660
transfer final: epoch 4/7 start
Epoch 4/4

[1m  1/133[0m [37m━━━━━━━━━━━━━━━━━━━━[0m [1m1:05[0m 495ms/step - auc: 1.0000 - binary_accuracy: 0.8125 - loss: 0.3084
[1m  2/133[0m [37m━━━━━━━━━━━━━━━━━━━━[0m [1m36s[0m 280ms/step - auc: 0.9929 - binary_accuracy: 0.8359 - loss: 0.2979 
[1m  3/133[0m [37m━━━━━━━━━━━━━━━━━━━━[0m [1m36s[0m 281ms/step - auc: 0.9876 - binary_accuracy: 0.8524 - loss: 0.2931
[1m  4/133[0m [37m━━━━━━━━━━━━━━━━━━━━[0m [1m36s[0m 281ms/step - auc: 0.9823 - binary_accuracy: 0.8581 - loss: 0.3005
[1m  5/133[0m [37m━━━━━━━━━━━━━━━━━━━━[0m [1m36s[0m 283ms/step - auc: 0.9794 - binary_accuracy: 0.8602 - loss: 0.3016
[1m  6/133[0m [37m━━━━━━━━━━━━━━━━━━━━[0m [1m35s[0m 283ms/step - auc: 0.9780 - binary_accuracy: 0.8635 - loss: 0.2997
[1m  7/133[0m [32m━[0m[37m━━━━━━━━━━━━━━━━━━━[0m [1m35s[0m 282ms/step - auc: 0.9779 - binary_accuracy: 0.8677 - loss: 0.2957
[1m  8/133[0m [32m━[0m[37m━━━━━━━━━━━━━━━━━━━[0m [1m35s[0m 282ms/step - auc: 0.9782 - binary_accuracy: 0.8711 - loss: 0.2921
[1m  9/133[0m [32m━[0m[37m━━━━━━━━━━━━━━━━━━━[0m [1m35s[0m 285ms/step - auc: 0.9784 - binary_accuracy: 0.8742 - loss: 0.2887
[1m 10/133[0m [32m━[0m[37m━━━━━━━━━━━━━━━━━━━[0m [1m35s[0m 287ms/step - auc: 0.9787 - binary_accuracy: 0.8774 - loss: 0.2847
[1m 11/133[0m [32m━[0m[37m━━━━━━━━━━━━━━━━━━━[0m [1m34s[0m 287ms/step - auc: 0.9788 - binary_accuracy: 0.8800 - loss: 0.2821
[1m 12/133[0m [32m━[0m[37m━━━━━━━━━━━━━━━━━━━[0m [1m34s[0m 287ms/step - auc: 0.9787 - binary_accuracy: 0.8824 - loss: 0.2807
[1m 13/133[0m [32m━[0m[37m━━━━━━━━━━━━━━━━━━━[0m [1m34s[0m 288ms/step - auc: 0.9787 - binary_accuracy: 0.8846 - loss: 0.2789
[1m 14/133[0m [32m━━[0m[37m━━━━━━━━━━━━━━━━━━[0m [1m34s[0m 290ms/step - auc: 0.9787 - binary_accuracy: 0.8860 - loss: 0.2778
[1m 15/133[0m [32m━━[0m[37m━━━━━━━━━━━━━━━━━━[0m [1m34s[0m 292ms/step - auc: 0.9785 - binary_accuracy: 0.8867 - loss: 0.2779
[1m 16/133[0m [32m━━[0m[37m━━━━━━━━━━━━━━━━━━[0m [1m34s[0m 293ms/step - auc: 0.9783 - binary_accuracy: 0.8869 - loss: 0.2781
[1m 17/133[0m [32m━━[0m[37m━━━━━━━━━━━━━━━━━━[0m [1m34s[0m 296ms/step - auc: 0.9775 - binary_accuracy: 0.8865 - loss: 0.2801
[1m 18/133[0m [32m━━[0m[37m━━━━━━━━━━━━━━━━━━[0m [1m34s[0m 297ms/step - auc: 0.9768 - binary_accuracy: 0.8863 - loss: 0.2818
[1m 19/133[0m [32m━━[0m[37m━━━━━━━━━━━━━━━━━━[0m [1m33s[0m 297ms/step - auc: 0.9763 - binary_accuracy: 0.8862 - loss: 0.2832
[1m 20/133[0m [32m━━━[0m[37m━━━━━━━━━━━━━━━━━[0m [1m33s[0m 298ms/step - auc: 0.9758 - binary_accuracy: 0.8858 - loss: 0.2845
[1m 21/133[0m [32m━━━[0m[37m━━━━━━━━━━━━━━━━━[0m [1m33s[0m 299ms/step - auc: 0.9754 - binary_accuracy: 0.8855 - loss: 0.2853
[1m 22/133[0m [32m━━━[0m[37m━━━━━━━━━━━━━━━━━[0m [1m33s[0m 300ms/step - auc: 0.9751 - binary_accuracy: 0.8854 - loss: 0.2857
[1m 23/133[0m [32m━━━[0m[37m━━━━━━━━━━━━━━━━━[0m [1m32s[0m 300ms/step - auc: 0.9748 - binary_accuracy: 0.8853 - loss: 0.2861
[1m 24/133[0m [32m━━━[0m[37m━━━━━━━━━━━━━━━━━[0m [1m32s[0m 300ms/step - auc: 0.9746 - binary_accuracy: 0.8853 - loss: 0.2864
[1m 25/133[0m [32m━━━[0m[37m━━━━━━━━━━━━━━━━━[0m [1m32s[0m 299ms/step - auc: 0.9744 - binary_accuracy: 0.8855 - loss: 0.2866
[1m 26/133[0m [32m━━━[0m[37m━━━━━━━━━━━━━━━━━[0m [1m31s[0m 299ms/step - auc: 0.9741 - binary_accuracy: 0.8857 - loss: 0.2869
[1m 27/133[0m [32m━━━━[0m[37m━━━━━━━━━━━━━━━━[0m [1m31s[0m 298ms/step - auc: 0.9740 - binary_accuracy: 0.8860 - loss: 0.2870
[1m 28/133[0m [32m━━━━[0m[37m━━━━━━━━━━━━━━━━[0m [1m31s[0m 298ms/step - auc: 0.9738 - binary_accuracy: 0.8862 - loss: 0.2870
[1m 29/133[0m [32m━━━━[0m[37m━━━━━━━━━━━━━━━━[0m [1m30s[0m 298ms/step - auc: 0.9737 - binary_accuracy: 0.8865 - loss: 0.2870
[1m 30/133[0m [32m━━━━[0m[37m━━━━━━━━━━━━━━━━[0m [1m30s[0m 297ms/step - auc: 0.9736 - binary_accuracy: 0.8867 - loss: 0.2870
[1m 31/133[0m [32m━━━━[0m[37m━━━━━━━━━━━━━━━━[0m [1m30s[0m 297ms/step - auc: 0.9734 - binary_accuracy: 0.8868 - loss: 0.2870
[1m 32/133[0m [32m━━━━[0m[37m━━━━━━━━━━━━━━━━[0m [1m30s[0m 298ms/step - auc: 0.9733 - binary_accuracy: 0.8869 - loss: 0.2870
[1m 33/133[0m [32m━━━━[0m[37m━━━━━━━━━━━━━━━━[0m [1m29s[0m 298ms/step - auc: 0.9732 - binary_accuracy: 0.8871 - loss: 0.2869
[1m 34/133[0m [32m━━━━━[0m[37m━━━━━━━━━━━━━━━[0m [1m29s[0m 298ms/step - auc: 0.9731 - binary_accuracy: 0.8873 - loss: 0.2867
[1m 35/133[0m [32m━━━━━[0m[37m━━━━━━━━━━━━━━━[0m [1m29s[0m 298ms/step - auc: 0.9731 - binary_accuracy: 0.8874 - loss: 0.2866
[1m 36/133[0m [32m━━━━━[0m[37m━━━━━━━━━━━━━━━[0m [1m28s[0m 298ms/step - auc: 0.9730 - binary_accuracy: 0.8876 - loss: 0.2865
[1m 37/133[0m [32m━━━━━[0m[37m━━━━━━━━━━━━━━━[0m [1m28s[0m 298ms/step - auc: 0.9730 - binary_accuracy: 0.8878 - loss: 0.2863
[1m 38/133[0m [32m━━━━━[0m[37m━━━━━━━━━━━━━━━[0m [1m28s[0m 299ms/step - auc: 0.9729 - binary_accuracy: 0.8881 - loss: 0.2861
[1m 39/133[0m [32m━━━━━[0m[37m━━━━━━━━━━━━━━━[0m [1m28s[0m 299ms/step - auc: 0.9727 - binary_accuracy: 0.8882 - loss: 0.2865
[1m 40/133[0m [32m━━━━━━[0m[37m━━━━━━━━━━━━━━[0m [1m27s[0m 299ms/step - auc: 0.9725 - binary_accuracy: 0.8883 - loss: 0.2870
[1m 41/133[0m [32m━━━━━━[0m[37m━━━━━━━━━━━━━━[0m [1m27s[0m 299ms/step - auc: 0.9723 - binary_accuracy: 0.8882 - loss: 0.2876
[1m 42/133[0m [32m━━━━━━[0m[37m━━━━━━━━━━━━━━[0m [1m27s[0m 298ms/step - auc: 0.9720 - binary_accuracy: 0.8879 - loss: 0.2884
[1m 43/133[0m [32m━━━━━━[0m[37m━━━━━━━━━━━━━━[0m [1m26s[0m 298ms/step - auc: 0.9716 - binary_accuracy: 0.8875 - loss: 0.2894
[1m 44/133[0m [32m━━━━━━[0m[37m━━━━━━━━━━━━━━[0m [1m26s[0m 298ms/step - auc: 0.9711 - binary_accuracy: 0.8869 - loss: 0.2906
[1m 45/133[0m [32m━━━━━━[0m[37m━━━━━━━━━━━━━━[0m [1m26s[0m 297ms/step - auc: 0.9707 - binary_accuracy: 0.8863 - loss: 0.2916
[1m 46/133[0m [32m━━━━━━[0m[37m━━━━━━━━━━━━━━[0m [1m25s[0m 297ms/step - auc: 0.9703 - binary_accuracy: 0.8857 - loss: 0.2928
[1m 47/133[0m [32m━━━━━━━[0m[37m━━━━━━━━━━━━━[0m [1m25s[0m 297ms/step - auc: 0.9699 - binary_accuracy: 0.8852 - loss: 0.2938
[1m 48/133[0m [32m━━━━━━━[0m[37m━━━━━━━━━━━━━[0m [1m25s[0m 297ms/step - auc: 0.9694 - binary_accuracy: 0.8848 - loss: 0.2950
[1m 49/133[0m [32m━━━━━━━[0m[37m━━━━━━━━━━━━━[0m [1m24s[0m 297ms/step - auc: 0.9690 - binary_accuracy: 0.8843 - loss: 0.2961
[1m 50/133[0m [32m━━━━━━━[0m[37m━━━━━━━━━━━━━[0m [1m24s[0m 296ms/step - auc: 0.9686 - binary_accuracy: 0.8840 - loss: 0.2972
[1m 51/133[0m [32m━━━━━━━[0m[37m━━━━━━━━━━━━━[0m [1m24s[0m 296ms/step - auc: 0.9682 - binary_accuracy: 0.8837 - loss: 0.2982
[1m 52/133[0m [32m━━━━━━━[0m[37m━━━━━━━━━━━━━[0m [1m23s[0m 296ms/step - auc: 0.9678 - binary_accuracy: 0.8833 - loss: 0.2992
[1m 53/133[0m [32m━━━━━━━[0m[37m━━━━━━━━━━━━━[0m [1m23s[0m 296ms/step - auc: 0.9674 - binary_accuracy: 0.8829 - loss: 0.3002
[1m 54/133[0m [32m━━━━━━━━[0m[37m━━━━━━━━━━━━[0m [1m23s[0m 296ms/step - auc: 0.9670 - binary_accuracy: 0.8824 - loss: 0.3011
[1m 55/133[0m [32m━━━━━━━━[0m[37m━━━━━━━━━━━━[0m [1m23s[0m 295ms/step - auc: 0.9667 - binary_accuracy: 0.8820 - loss: 0.3019
[1m 56/133[0m [32m━━━━━━━━[0m[37m━━━━━━━━━━━━[0m [1m22s[0m 295ms/step - auc: 0.9663 - binary_accuracy: 0.8815 - loss: 0.3027
[1m 57/133[0m [32m━━━━━━━━[0m[37m━━━━━━━━━━━━[0m [1m22s[0m 295ms/step - auc: 0.9660 - binary_accuracy: 0.8810 - loss: 0.3035
[1m 58/133[0m [32m━━━━━━━━[0m[37m━━━━━━━━━━━━[0m [1m22s[0m 295ms/step - auc: 0.9656 - binary_accuracy: 0.8806 - loss: 0.3042
[1m 59/133[0m [32m━━━━━━━━[0m[37m━━━━━━━━━━━━[0m [1m21s[0m 295ms/step - auc: 0.9653 - binary_accuracy: 0.8802 - loss: 0.3048
[1m 60/133[0m [32m━━━━━━━━━[0m[37m━━━━━━━━━━━[0m [1m21s[0m 295ms/step - auc: 0.9650 - binary_accuracy: 0.8798 - loss: 0.3056
[1m 61/133[0m [32m━━━━━━━━━[0m[37m━━━━━━━━━━━[0m [1m21s[0m 295ms/step - auc: 0.9647 - binary_accuracy: 0.8794 - loss: 0.3062
[1m 62/133[0m [32m━━━━━━━━━[0m[37m━━━━━━━━━━━[0m [1m20s[0m 294ms/step - auc: 0.9644 - binary_accuracy: 0.8791 - loss: 0.3069
[1m 63/133[0m [32m━━━━━━━━━[0m[37m━━━━━━━━━━━[0m [1m20s[0m 294ms/step - auc: 0.9641 - binary_accuracy: 0.8789 - loss: 0.3074
[1m 64/133[0m [32m━━━━━━━━━[0m[37m━━━━━━━━━━━[0m [1m20s[0m 294ms/step - auc: 0.9639 - binary_accuracy: 0.8786 - loss: 0.3080
[1m 65/133[0m [32m━━━━━━━━━[0m[37m━━━━━━━━━━━[0m [1m20s[0m 294ms/step - auc: 0.9636 - binary_accuracy: 0.8784 - loss: 0.3085
[1m 66/133[0m [32m━━━━━━━━━[0m[37m━━━━━━━━━━━[0m [1m19s[0m 294ms/step - auc: 0.9634 - binary_accuracy: 0.8781 - loss: 0.3090
[1m 67/133[0m [32m━━━━━━━━━━[0m[37m━━━━━━━━━━[0m [1m19s[0m 294ms/step - auc: 0.9632 - binary_accuracy: 0.8779 - loss: 0.3095
[1m 68/133[0m [32m━━━━━━━━━━[0m[37m━━━━━━━━━━[0m [1m19s[0m 294ms/step - auc: 0.9630 - binary_accuracy: 0.8777 - loss: 0.3099
[1m 69/133[0m [32m━━━━━━━━━━[0m[37m━━━━━━━━━━[0m [1m18s[0m 294ms/step - auc: 0.9628 - binary_accuracy: 0.8775 - loss: 0.3104
[1m 70/133[0m [32m━━━━━━━━━━[0m[37m━━━━━━━━━━[0m [1m18s[0m 294ms/step - auc: 0.9626 - binary_accuracy: 0.8772 - loss: 0.3109
[1m 71/133[0m [32m━━━━━━━━━━[0m[37m━━━━━━━━━━[0m [1m18s[0m 294ms/step - auc: 0.9624 - binary_accuracy: 0.8770 - loss: 0.3113
[1m 72/133[0m [32m━━━━━━━━━━[0m[37m━━━━━━━━━━[0m [1m17s[0m 294ms/step - auc: 0.9622 - binary_accuracy: 0.8768 - loss: 0.3118
[1m 73/133[0m [32m━━━━━━━━━━[0m[37m━━━━━━━━━━[0m [1m17s[0m 293ms/step - auc: 0.9620 - binary_accuracy: 0.8766 - loss: 0.3122
[1m 74/133[0m [32m━━━━━━━━━━━[0m[37m━━━━━━━━━[0m [1m17s[0m 293ms/step - auc: 0.9618 - binary_accuracy: 0.8764 - loss: 0.3127
[1m 75/133[0m [32m━━━━━━━━━━━[0m[37m━━━━━━━━━[0m [1m17s[0m 293ms/step - auc: 0.9617 - binary_accuracy: 0.8762 - loss: 0.3132
[1m 76/133[0m [32m━━━━━━━━━━━[0m[37m━━━━━━━━━[0m [1m16s[0m 293ms/step - auc: 0.9615 - binary_accuracy: 0.8760 - loss: 0.3136
[1m 77/133[0m [32m━━━━━━━━━━━[0m[37m━━━━━━━━━[0m [1m16s[0m 293ms/step - auc: 0.9613 - binary_accuracy: 0.8757 - loss: 0.3140
[1m 78/133[0m [32m━━━━━━━━━━━[0m[37m━━━━━━━━━[0m [1m16s[0m 293ms/step - auc: 0.9612 - binary_accuracy: 0.8755 - loss: 0.3145
[1m 79/133[0m [32m━━━━━━━━━━━[0m[37m━━━━━━━━━[0m [1m15s[0m 293ms/step - auc: 0.9610 - binary_accuracy: 0.8752 - loss: 0.3149
[1m 80/133[0m [32m━━━━━━━━━━━━[0m[37m━━━━━━━━[0m [1m15s[0m 293ms/step - auc: 0.9609 - binary_accuracy: 0.8749 - loss: 0.3153
[1m 81/133[0m [32m━━━━━━━━━━━━[0m[37m━━━━━━━━[0m [1m15s[0m 293ms/step - auc: 0.9607 - binary_accuracy: 0.8747 - loss: 0.3156
[1m 82/133[0m [32m━━━━━━━━━━━━[0m[37m━━━━━━━━[0m [1m14s[0m 293ms/step - auc: 0.9606 - binary_accuracy: 0.8745 - loss: 0.3160
[1m 83/133[0m [32m━━━━━━━━━━━━[0m[37m━━━━━━━━[0m [1m14s[0m 293ms/step - auc: 0.9605 - binary_accuracy: 0.8743 - loss: 0.3163
[1m 84/133[0m [32m━━━━━━━━━━━━[0m[37m━━━━━━━━[0m [1m14s[0m 293ms/step - auc: 0.9603 - binary_accuracy: 0.8742 - loss: 0.3166
[1m 85/133[0m [32m━━━━━━━━━━━━[0m[37m━━━━━━━━[0m [1m14s[0m 293ms/step - auc: 0.9602 - binary_accuracy: 0.8740 - loss: 0.3170
[1m 86/133[0m [32m━━━━━━━━━━━━[0m[37m━━━━━━━━[0m [1m13s[0m 292ms/step - auc: 0.9600 - binary_accuracy: 0.8739 - loss: 0.3172
[1m 87/133[0m [32m━━━━━━━━━━━━━[0m[37m━━━━━━━[0m [1m13s[0m 292ms/step - auc: 0.9599 - binary_accuracy: 0.8737 - loss: 0.3175
[1m 88/133[0m [32m━━━━━━━━━━━━━[0m[37m━━━━━━━[0m [1m13s[0m 292ms/step - auc: 0.9598 - binary_accuracy: 0.8736 - loss: 0.3178
[1m 89/133[0m [32m━━━━━━━━━━━━━[0m[37m━━━━━━━[0m [1m12s[0m 292ms/step - auc: 0.9597 - binary_accuracy: 0.8735 - loss: 0.3180
[1m 90/133[0m [32m━━━━━━━━━━━━━[0m[37m━━━━━━━[0m [1m12s[0m 292ms/step - auc: 0.9596 - binary_accuracy: 0.8733 - loss: 0.3183
[1m 91/133[0m [32m━━━━━━━━━━━━━[0m[37m━━━━━━━[0m [1m12s[0m 292ms/step - auc: 0.9595 - binary_accuracy: 0.8731 - loss: 0.3185
[1m 92/133[0m [32m━━━━━━━━━━━━━[0m[37m━━━━━━━[0m [1m11s[0m 292ms/step - auc: 0.9594 - binary_accuracy: 0.8730 - loss: 0.3188
[1m 93/133[0m [32m━━━━━━━━━━━━━[0m[37m━━━━━━━[0m [1m11s[0m 292ms/step - auc: 0.9593 - binary_accuracy: 0.8728 - loss: 0.3190
[1m 94/133[0m [32m━━━━━━━━━━━━━━[0m[37m━━━━━━[0m [1m11s[0m 292ms/step - auc: 0.9592 - binary_accuracy: 0.8727 - loss: 0.3192
[1m 95/133[0m [32m━━━━━━━━━━━━━━[0m[37m━━━━━━[0m [1m11s[0m 292ms/step - auc: 0.9591 - binary_accuracy: 0.8726 - loss: 0.3194
[1m 96/133[0m [32m━━━━━━━━━━━━━━[0m[37m━━━━━━[0m [1m10s[0m 292ms/step - auc: 0.9590 - binary_accuracy: 0.8724 - loss: 0.3196
[1m 97/133[0m [32m━━━━━━━━━━━━━━[0m[37m━━━━━━[0m [1m10s[0m 292ms/step - auc: 0.9589 - binary_accuracy: 0.8723 - loss: 0.3198
[1m 98/133[0m [32m━━━━━━━━━━━━━━[0m[37m━━━━━━[0m [1m10s[0m 292ms/step - auc: 0.9588 - binary_accuracy: 0.8722 - loss: 0.3199
[1m 99/133[0m [32m━━━━━━━━━━━━━━[0m[37m━━━━━━[0m [1m9s[0m 292ms/step - auc: 0.9587 - binary_accuracy: 0.8721 - loss: 0.3201 
[1m100/133[0m [32m━━━━━━━━━━━━━━━[0m[37m━━━━━[0m [1m9s[0m 292ms/step - auc: 0.9587 - binary_accuracy: 0.8720 - loss: 0.3203
[1m101/133[0m [32m━━━━━━━━━━━━━━━[0m[37m━━━━━[0m [1m9s[0m 292ms/step - auc: 0.9585 - binary_accuracy: 0.8719 - loss: 0.3205
[1m102/133[0m [32m━━━━━━━━━━━━━━━[0m[37m━━━━━[0m [1m9s[0m 292ms/step - auc: 0.9584 - binary_accuracy: 0.8718 - loss: 0.3208
[1m103/133[0m [32m━━━━━━━━━━━━━━━[0m[37m━━━━━[0m [1m8s[0m 292ms/step - auc: 0.9583 - binary_accuracy: 0.8717 - loss: 0.3210
[1m104/133[0m [32m━━━━━━━━━━━━━━━[0m[37m━━━━━[0m [1m8s[0m 292ms/step - auc: 0.9582 - binary_accuracy: 0.8715 - loss: 0.3213
[1m105/133[0m [32m━━━━━━━━━━━━━━━[0m[37m━━━━━[0m [1m8s[0m 292ms/step - auc: 0.9581 - binary_accuracy: 0.8714 - loss: 0.3215
[1m106/133[0m [32m━━━━━━━━━━━━━━━[0m[37m━━━━━[0m [1m7s[0m 292ms/step - auc: 0.9580 - binary_accuracy: 0.8713 - loss: 0.3218
[1m107/133[0m [32m━━━━━━━━━━━━━━━━[0m[37m━━━━[0m [1m7s[0m 292ms/step - auc: 0.9579 - binary_accuracy: 0.8712 - loss: 0.3220
[1m108/133[0m [32m━━━━━━━━━━━━━━━━[0m[37m━━━━[0m [1m7s[0m 292ms/step - auc: 0.9578 - binary_accuracy: 0.8711 - loss: 0.3222
[1m109/133[0m [32m━━━━━━━━━━━━━━━━[0m[37m━━━━[0m [1m6s[0m 291ms/step - auc: 0.9577 - binary_accuracy: 0.8710 - loss: 0.3224
[1m110/133[0m [32m━━━━━━━━━━━━━━━━[0m[37m━━━━[0m [1m6s[0m 291ms/step - auc: 0.9576 - binary_accuracy: 0.8709 - loss: 0.3226
[1m111/133[0m [32m━━━━━━━━━━━━━━━━[0m[37m━━━━[0m [1m6s[0m 291ms/step - auc: 0.9575 - binary_accuracy: 0.8708 - loss: 0.3228
[1m112/133[0m [32m━━━━━━━━━━━━━━━━[0m[37m━━━━[0m [1m6s[0m 292ms/step - auc: 0.9574 - binary_accuracy: 0.8707 - loss: 0.3230
[1m113/133[0m [32m━━━━━━━━━━━━━━━━[0m[37m━━━━[0m [1m5s[0m 291ms/step - auc: 0.9573 - binary_accuracy: 0.8706 - loss: 0.3232
[1m114/133[0m [32m━━━━━━━━━━━━━━━━━[0m[37m━━━[0m [1m5s[0m 291ms/step - auc: 0.9573 - binary_accuracy: 0.8705 - loss: 0.3233
[1m115/133[0m [32m━━━━━━━━━━━━━━━━━[0m[37m━━━[0m [1m5s[0m 291ms/step - auc: 0.9572 - binary_accuracy: 0.8704 - loss: 0.3235
[1m116/133[0m [32m━━━━━━━━━━━━━━━━━[0m[37m━━━[0m [1m4s[0m 291ms/step - auc: 0.9571 - binary_accuracy: 0.8703 - loss: 0.3237
[1m117/133[0m [32m━━━━━━━━━━━━━━━━━[0m[37m━━━[0m [1m4s[0m 291ms/step - auc: 0.9571 - binary_accuracy: 0.8702 - loss: 0.3238
[1m118/133[0m [32m━━━━━━━━━━━━━━━━━[0m[37m━━━[0m [1m4s[0m 291ms/step - auc: 0.9570 - binary_accuracy: 0.8702 - loss: 0.3239
[1m119/133[0m [32m━━━━━━━━━━━━━━━━━[0m[37m━━━[0m [1m4s[0m 291ms/step - auc: 0.9569 - binary_accuracy: 0.8701 - loss: 0.3240
[1m120/133[0m [32m━━━━━━━━━━━━━━━━━━[0m[37m━━[0m [1m3s[0m 291ms/step - auc: 0.9569 - binary_accuracy: 0.8701 - loss: 0.3241
[1m121/133[0m [32m━━━━━━━━━━━━━━━━━━[0m[37m━━[0m [1m3s[0m 291ms/step - auc: 0.9568 - binary_accuracy: 0.8700 - loss: 0.3243
[1m122/133[0m [32m━━━━━━━━━━━━━━━━━━[0m[37m━━[0m [1m3s[0m 291ms/step - auc: 0.9568 - binary_accuracy: 0.8700 - loss: 0.3243
[1m123/133[0m [32m━━━━━━━━━━━━━━━━━━[0m[37m━━[0m [1m2s[0m 291ms/step - auc: 0.9567 - binary_accuracy: 0.8699 - loss: 0.3244
[1m124/133[0m [32m━━━━━━━━━━━━━━━━━━[0m[37m━━[0m [1m2s[0m 291ms/step - auc: 0.9567 - binary_accuracy: 0.8699 - loss: 0.3245
[1m125/133[0m [32m━━━━━━━━━━━━━━━━━━[0m[37m━━[0m [1m2s[0m 291ms/step - auc: 0.9566 - binary_accuracy: 0.8699 - loss: 0.3246
[1m126/133[0m [32m━━━━━━━━━━━━━━━━━━[0m[37m━━[0m [1m2s[0m 291ms/step - auc: 0.9566 - binary_accuracy: 0.8698 - loss: 0.3247
[1m127/133[0m [32m━━━━━━━━━━━━━━━━━━━[0m[37m━[0m [1m1s[0m 291ms/step - auc: 0.9566 - binary_accuracy: 0.8698 - loss: 0.3247
[1m128/133[0m [32m━━━━━━━━━━━━━━━━━━━[0m[37m━[0m [1m1s[0m 291ms/step - auc: 0.9565 - binary_accuracy: 0.8698 - loss: 0.3248
[1m129/133[0m [32m━━━━━━━━━━━━━━━━━━━[0m[37m━[0m [1m1s[0m 290ms/step - auc: 0.9565 - binary_accuracy: 0.8698 - loss: 0.3248
[1m130/133[0m [32m━━━━━━━━━━━━━━━━━━━[0m[37m━[0m [1m0s[0m 290ms/step - auc: 0.9564 - binary_accuracy: 0.8698 - loss: 0.3249
[1m131/133[0m [32m━━━━━━━━━━━━━━━━━━━[0m[37m━[0m [1m0s[0m 290ms/step - auc: 0.9564 - binary_accuracy: 0.8697 - loss: 0.3250
[1m132/133[0m [32m━━━━━━━━━━━━━━━━━━━[0m[37m━[0m [1m0s[0m 290ms/step - auc: 0.9564 - binary_accuracy: 0.8697 - loss: 0.3250
[1m133/133[0m [32m━━━━━━━━━━━━━━━━━━━━[0m[37m[0m [1m0s[0m 289ms/step - auc: 0.9563 - binary_accuracy: 0.8697 - loss: 0.3250transfer final: epoch 4/7 done in 38.7s loss=0.3312 auc=0.9523

[1m133/133[0m [32m━━━━━━━━━━━━━━━━━━━━[0m[37m[0m [1m39s[0m 290ms/step - auc: 0.9523 - binary_accuracy: 0.8664 - loss: 0.3312
[INFO] focus_binary.focus_binary.scripts.multiseed_eval: seed complete
[INFO] focus_binary.focus_binary.scripts.multiseed_eval: multi-seed evaluation complete
