$ D:\Dineth\myenv\Scripts\python.exe -u D:\Dineth\focus_binary_benchmark\focus_binary_benchmark\scripts\multiseed_eval.py --family transfer --manifest D:\Dineth\focus_binary_benchmark\focus_binary_benchmark\revision_outputs\multiseed\leakage_safe_manifest.csv --runs-dir runs --out-dir D:\Dineth\focus_binary_benchmark\focus_binary_benchmark\revision_outputs\multiseed\training_outputs --seeds 33 --leakage-check stack_sha1

2026-05-22 23:18:08.999543: I tensorflow/core/util/port.cc:153] oneDNN custom operations are on. You may see slightly different numerical results due to floating-point round-off errors from different computation orders. To turn them off, set the environment variable `TF_ENABLE_ONEDNN_OPTS=0`.
2026-05-22 23:18:17.559218: I tensorflow/core/util/port.cc:153] oneDNN custom operations are on. You may see slightly different numerical results due to floating-point round-off errors from different computation orders. To turn them off, set the environment variable `TF_ENABLE_ONEDNN_OPTS=0`.
2026-05-22 23:18:26.867438: I tensorflow/core/platform/cpu_feature_guard.cc:210] This TensorFlow binary is optimized to use available CPU instructions in performance-critical operations.
To enable the following instructions: SSE3 SSE4.1 SSE4.2 AVX AVX2 FMA, in other operations, rebuild TensorFlow with the appropriate compiler flags.
Running leakage check (stack_sha1) on D:\Dineth\focus_binary_benchmark\focus_binary_benchmark\revision_outputs\multiseed\leakage_safe_manifest.csv
  sha1: checking 4969 files
  sha1: checked 1/4969
  sha1: checked 250/4969
  sha1: checked 500/4969
  sha1: checked 750/4969
  sha1: checked 1000/4969
  sha1: checked 1250/4969
  sha1: checked 1500/4969
  sha1: checked 1750/4969
  sha1: checked 2000/4969
  sha1: checked 2250/4969
  sha1: checked 2500/4969
  sha1: checked 2750/4969
  sha1: checked 3000/4969
  sha1: checked 3250/4969
  sha1: checked 3500/4969
  sha1: checked 3750/4969
  sha1: checked 4000/4969
  sha1: checked 4250/4969
  sha1: checked 4500/4969
  sha1: checked 4750/4969
  sha1: checked 4969/4969
Leakage audit summary:
  stack_id overlaps: 0
  sha1 duplicates: 0
  phash duplicates: 0
Class balance per dataset/split:
  TBSI split=test label=0 count=35 ratio=0.875
  TBSI split=test label=1 count=5 ratio=0.125
  TBSI split=train label=0 count=147 ratio=0.875
  TBSI split=train label=1 count=21 ratio=0.125
  TBSI split=val label=0 count=28 ratio=0.875
  TBSI split=val label=1 count=4 ratio=0.125
  bma split=test label=0 count=55 ratio=0.917
  bma split=test label=1 count=5 ratio=0.083
  bma split=train label=0 count=297 ratio=0.917
  bma split=train label=1 count=27 ratio=0.083
  bma split=val label=0 count=66 ratio=0.917
  bma split=val label=1 count=6 ratio=0.083
  pbs_imgs split=test label=0 count=114 ratio=0.912
  pbs_imgs split=test label=1 count=11 ratio=0.088
  pbs_imgs split=train label=0 count=570 ratio=0.913
  pbs_imgs split=train label=1 count=54 ratio=0.087
  pbs_imgs split=val label=0 count=120 ratio=0.909
  pbs_imgs split=val label=1 count=12 ratio=0.091
  tbf_imgs split=test label=0 count=297 ratio=0.917
  tbf_imgs split=test label=1 count=27 ratio=0.083
  tbf_imgs split=train label=0 count=1353 ratio=0.917
  tbf_imgs split=train label=1 count=123 ratio=0.083
  tbf_imgs split=val label=0 count=352 ratio=0.917
  tbf_imgs split=val label=1 count=32 ratio=0.083
  wbc split=test label=0 count=154 ratio=0.875
  wbc split=test label=1 count=22 ratio=0.125
  wbc split=train label=0 count=742 ratio=0.875
  wbc split=train label=1 count=106 ratio=0.125
  wbc split=val label=0 count=161 ratio=0.875
  wbc split=val label=1 count=23 ratio=0.125
[WARNING] focus_binary.focus_binary.data.balance: Extreme class imbalance detected
[WARNING] focus_binary.focus_binary.data.balance: Extreme class imbalance detected
[WARNING] focus_binary.focus_binary.data.balance: Extreme class imbalance detected
[WARNING] focus_binary.focus_binary.data.balance: Extreme class imbalance detected
[WARNING] focus_binary.focus_binary.data.balance: Extreme class imbalance detected
[WARNING] focus_binary.focus_binary.data.balance: Extreme class imbalance detected
[WARNING] focus_binary.focus_binary.data.balance: Extreme class imbalance detected
[WARNING] focus_binary.focus_binary.data.balance: Extreme class imbalance detected
[WARNING] focus_binary.focus_binary.data.balance: Extreme class imbalance detected
[WARNING] focus_binary.focus_binary.data.balance: Extreme class imbalance detected
[WARNING] focus_binary.focus_binary.data.balance: Extreme class imbalance detected
[WARNING] focus_binary.focus_binary.data.balance: Extreme class imbalance detected
[WARNING] focus_binary.focus_binary.data.balance: Extreme class imbalance detected
[WARNING] focus_binary.focus_binary.data.balance: Extreme class imbalance detected
[WARNING] focus_binary.focus_binary.data.balance: Extreme class imbalance detected
[WARNING] focus_binary.focus_binary.data.balance: Extreme class imbalance detected
[WARNING] focus_binary.focus_binary.data.balance: Extreme class imbalance detected
[WARNING] focus_binary.focus_binary.data.balance: Extreme class imbalance detected
[WARNING] focus_binary.focus_binary.data.balance: Extreme class imbalance detected
[WARNING] focus_binary.focus_binary.data.balance: Extreme class imbalance detected
[WARNING] focus_binary.focus_binary.data.balance: Extreme class imbalance detected
[WARNING] focus_binary.focus_binary.data.balance: Extreme class imbalance detected
[WARNING] focus_binary.focus_binary.data.balance: Extreme class imbalance detected
[WARNING] focus_binary.focus_binary.data.balance: Extreme class imbalance detected
[WARNING] focus_binary.focus_binary.data.balance: Extreme class imbalance detected
[WARNING] focus_binary.focus_binary.data.balance: Extreme class imbalance detected
[WARNING] focus_binary.focus_binary.data.balance: Extreme class imbalance detected
[WARNING] focus_binary.focus_binary.data.balance: Extreme class imbalance detected
[WARNING] focus_binary.focus_binary.data.balance: Extreme class imbalance detected
[WARNING] focus_binary.focus_binary.data.balance: Extreme class imbalance detected
Starting multiseed job: family=transfer seed=33
[INFO] focus_binary.focus_binary.models.transfer: phase1: head training
transfer phase-a: epoch 1/8 start
Epoch 1/3
2026-05-22 23:22:56.613786: I external/local_xla/xla/service/service.cc:163] XLA service 0x2493bb64480 initialized for platform Host (this does not guarantee that XLA will be used). Devices:
2026-05-22 23:22:56.614320: I external/local_xla/xla/service/service.cc:171]   StreamExecutor device (0): Host, Default Version
WARNING: All log messages before absl::InitializeLog() is called are written to STDERR
I0000 00:00:1779472457.170127   22764 device_compiler.h:196] Compiled cluster using XLA!  This line is logged at most once for the lifetime of the process.

[1m  1/108[0m [37m━━━━━━━━━━━━━━━━━━━━[0m [1m3:08:24[0m 106s/step - auc: 0.7667 - binary_accuracy: 0.7500 - loss: 0.8330
[1m  2/108[0m [37m━━━━━━━━━━━━━━━━━━━━[0m [1m31s[0m 295ms/step - auc: 0.6648 - binary_accuracy: 0.6719 - loss: 0.9235   
[1m  3/108[0m [37m━━━━━━━━━━━━━━━━━━━━[0m [1m28s[0m 272ms/step - auc: 0.6241 - binary_accuracy: 0.6215 - loss: 0.9498
[1m  4/108[0m [37m━━━━━━━━━━━━━━━━━━━━[0m [1m27s[0m 264ms/step - auc: 0.5777 - binary_accuracy: 0.5853 - loss: 1.0607
[1m  5/108[0m [37m━━━━━━━━━━━━━━━━━━━━[0m [1m26s[0m 259ms/step - auc: 0.5509 - binary_accuracy: 0.5570 - loss: 1.1182
[1m  6/108[0m [32m━[0m[37m━━━━━━━━━━━━━━━━━━━[0m [1m26s[0m 257ms/step - auc: 0.5319 - binary_accuracy: 0.5310 - loss: 1.1465
[1m  7/108[0m [32m━[0m[37m━━━━━━━━━━━━━━━━━━━[0m [1m25s[0m 256ms/step - auc: 0.5192 - binary_accuracy: 0.5125 - loss: 1.1615
[1m  8/108[0m [32m━[0m[37m━━━━━━━━━━━━━━━━━━━[0m [1m25s[0m 254ms/step - auc: 0.5105 - binary_accuracy: 0.4973 - loss: 1.1636
[1m  9/108[0m [32m━[0m[37m━━━━━━━━━━━━━━━━━━━[0m [1m25s[0m 253ms/step - auc: 0.5041 - binary_accuracy: 0.4841 - loss: 1.1600
[1m 10/108[0m [32m━[0m[37m━━━━━━━━━━━━━━━━━━━[0m [1m24s[0m 252ms/step - auc: 0.5010 - binary_accuracy: 0.4751 - loss: 1.1509
[1m 11/108[0m [32m━━[0m[37m━━━━━━━━━━━━━━━━━━[0m [1m24s[0m 252ms/step - auc: 0.5003 - binary_accuracy: 0.4709 - loss: 1.1380
[1m 12/108[0m [32m━━[0m[37m━━━━━━━━━━━━━━━━━━[0m [1m24s[0m 251ms/step - auc: 0.5025 - binary_accuracy: 0.4700 - loss: 1.1243
[1m 13/108[0m [32m━━[0m[37m━━━━━━━━━━━━━━━━━━[0m [1m23s[0m 251ms/step - auc: 0.5047 - binary_accuracy: 0.4716 - loss: 1.1115
[1m 14/108[0m [32m━━[0m[37m━━━━━━━━━━━━━━━━━━[0m [1m23s[0m 250ms/step - auc: 0.5093 - binary_accuracy: 0.4754 - loss: 1.0966
[1m 15/108[0m [32m━━[0m[37m━━━━━━━━━━━━━━━━━━[0m [1m23s[0m 251ms/step - auc: 0.5146 - binary_accuracy: 0.4802 - loss: 1.0805
[1m 16/108[0m [32m━━[0m[37m━━━━━━━━━━━━━━━━━━[0m [1m23s[0m 252ms/step - auc: 0.5177 - binary_accuracy: 0.4855 - loss: 1.0719
[1m 17/108[0m [32m━━━[0m[37m━━━━━━━━━━━━━━━━━[0m [1m22s[0m 252ms/step - auc: 0.5198 - binary_accuracy: 0.4911 - loss: 1.0674
[1m 18/108[0m [32m━━━[0m[37m━━━━━━━━━━━━━━━━━[0m [1m22s[0m 253ms/step - auc: 0.5224 - binary_accuracy: 0.4971 - loss: 1.0632
[1m 19/108[0m [32m━━━[0m[37m━━━━━━━━━━━━━━━━━[0m [1m22s[0m 255ms/step - auc: 0.5255 - binary_accuracy: 0.5031 - loss: 1.0573
[1m 20/108[0m [32m━━━[0m[37m━━━━━━━━━━━━━━━━━[0m [1m22s[0m 257ms/step - auc: 0.5294 - binary_accuracy: 0.5092 - loss: 1.0512
[1m 21/108[0m [32m━━━[0m[37m━━━━━━━━━━━━━━━━━[0m [1m22s[0m 260ms/step - auc: 0.5329 - binary_accuracy: 0.5149 - loss: 1.0476
[1m 22/108[0m [32m━━━━[0m[37m━━━━━━━━━━━━━━━━[0m [1m22s[0m 263ms/step - auc: 0.5362 - binary_accuracy: 0.5200 - loss: 1.0434
[1m 23/108[0m [32m━━━━[0m[37m━━━━━━━━━━━━━━━━[0m [1m22s[0m 262ms/step - auc: 0.5395 - binary_accuracy: 0.5243 - loss: 1.0391
[1m 24/108[0m [32m━━━━[0m[37m━━━━━━━━━━━━━━━━[0m [1m21s[0m 262ms/step - auc: 0.5425 - binary_accuracy: 0.5280 - loss: 1.0351
[1m 25/108[0m [32m━━━━[0m[37m━━━━━━━━━━━━━━━━[0m [1m21s[0m 262ms/step - auc: 0.5452 - binary_accuracy: 0.5311 - loss: 1.0310
[1m 26/108[0m [32m━━━━[0m[37m━━━━━━━━━━━━━━━━[0m [1m21s[0m 262ms/step - auc: 0.5481 - binary_accuracy: 0.5339 - loss: 1.0269
[1m 27/108[0m [32m━━━━━[0m[37m━━━━━━━━━━━━━━━[0m [1m21s[0m 264ms/step - auc: 0.5514 - binary_accuracy: 0.5360 - loss: 1.0232
[1m 28/108[0m [32m━━━━━[0m[37m━━━━━━━━━━━━━━━[0m [1m21s[0m 266ms/step - auc: 0.5547 - binary_accuracy: 0.5378 - loss: 1.0194
[1m 29/108[0m [32m━━━━━[0m[37m━━━━━━━━━━━━━━━[0m [1m21s[0m 269ms/step - auc: 0.5579 - binary_accuracy: 0.5394 - loss: 1.0155
[1m 30/108[0m [32m━━━━━[0m[37m━━━━━━━━━━━━━━━[0m [1m20s[0m 269ms/step - auc: 0.5608 - binary_accuracy: 0.5407 - loss: 1.0116
[1m 31/108[0m [32m━━━━━[0m[37m━━━━━━━━━━━━━━━[0m [1m20s[0m 269ms/step - auc: 0.5637 - binary_accuracy: 0.5419 - loss: 1.0076
[1m 32/108[0m [32m━━━━━[0m[37m━━━━━━━━━━━━━━━[0m [1m20s[0m 269ms/step - auc: 0.5665 - binary_accuracy: 0.5430 - loss: 1.0033
[1m 33/108[0m [32m━━━━━━[0m[37m━━━━━━━━━━━━━━[0m [1m20s[0m 269ms/step - auc: 0.5694 - binary_accuracy: 0.5443 - loss: 0.9988
[1m 34/108[0m [32m━━━━━━[0m[37m━━━━━━━━━━━━━━[0m [1m19s[0m 269ms/step - auc: 0.5722 - binary_accuracy: 0.5458 - loss: 0.9941
[1m 35/108[0m [32m━━━━━━[0m[37m━━━━━━━━━━━━━━[0m [1m19s[0m 270ms/step - auc: 0.5751 - binary_accuracy: 0.5475 - loss: 0.9892
[1m 36/108[0m [32m━━━━━━[0m[37m━━━━━━━━━━━━━━[0m [1m19s[0m 275ms/step - auc: 0.5778 - binary_accuracy: 0.5493 - loss: 0.9846
[1m 37/108[0m [32m━━━━━━[0m[37m━━━━━━━━━━━━━━[0m [1m26s[0m 375ms/step - auc: 0.5803 - binary_accuracy: 0.5512 - loss: 0.9802
[1m 38/108[0m [32m━━━━━━━[0m[37m━━━━━━━━━━━━━[0m [1m28s[0m 413ms/step - auc: 0.5827 - binary_accuracy: 0.5533 - loss: 0.9760
[1m 39/108[0m [32m━━━━━━━[0m[37m━━━━━━━━━━━━━[0m [1m33s[0m 490ms/step - auc: 0.5851 - binary_accuracy: 0.5554 - loss: 0.9719
[1m 40/108[0m [32m━━━━━━━[0m[37m━━━━━━━━━━━━━[0m [1m37s[0m 550ms/step - auc: 0.5873 - binary_accuracy: 0.5576 - loss: 0.9680
[1m 41/108[0m [32m━━━━━━━[0m[37m━━━━━━━━━━━━━[0m [1m40s[0m 611ms/step - auc: 0.5895 - binary_accuracy: 0.5598 - loss: 0.9642
[1m 42/108[0m [32m━━━━━━━[0m[37m━━━━━━━━━━━━━[0m [1m43s[0m 661ms/step - auc: 0.5917 - binary_accuracy: 0.5620 - loss: 0.9603
[1m 43/108[0m [32m━━━━━━━[0m[37m━━━━━━━━━━━━━[0m [1m46s[0m 717ms/step - auc: 0.5939 - binary_accuracy: 0.5643 - loss: 0.9563
[1m 44/108[0m [32m━━━━━━━━[0m[37m━━━━━━━━━━━━[0m [1m49s[0m 776ms/step - auc: 0.5960 - binary_accuracy: 0.5665 - loss: 0.9523
[1m 45/108[0m [32m━━━━━━━━[0m[37m━━━━━━━━━━━━[0m [1m52s[0m 839ms/step - auc: 0.5981 - binary_accuracy: 0.5686 - loss: 0.9483
[1m 46/108[0m [32m━━━━━━━━[0m[37m━━━━━━━━━━━━[0m [1m55s[0m 897ms/step - auc: 0.6003 - binary_accuracy: 0.5706 - loss: 0.9443
[1m 47/108[0m [32m━━━━━━━━[0m[37m━━━━━━━━━━━━[0m [1m56s[0m 919ms/step - auc: 0.6024 - binary_accuracy: 0.5726 - loss: 0.9404
[1m 48/108[0m [32m━━━━━━━━[0m[37m━━━━━━━━━━━━[0m [1m58s[0m 981ms/step - auc: 0.6045 - binary_accuracy: 0.5744 - loss: 0.9366
[1m 49/108[0m [32m━━━━━━━━━[0m[37m━━━━━━━━━━━[0m [1m1:00[0m 1s/step - auc: 0.6065 - binary_accuracy: 0.5762 - loss: 0.9327  
[1m 50/108[0m [32m━━━━━━━━━[0m[37m━━━━━━━━━━━[0m [1m1:03[0m 1s/step - auc: 0.6084 - binary_accuracy: 0.5779 - loss: 0.9290
[1m 51/108[0m [32m━━━━━━━━━[0m[37m━━━━━━━━━━━[0m [1m1:03[0m 1s/step - auc: 0.6104 - binary_accuracy: 0.5795 - loss: 0.9253
[1m 52/108[0m [32m━━━━━━━━━[0m[37m━━━━━━━━━━━[0m [1m1:04[0m 1s/step - auc: 0.6124 - binary_accuracy: 0.5811 - loss: 0.9218
[1m 53/108[0m [32m━━━━━━━━━[0m[37m━━━━━━━━━━━[0m [1m1:05[0m 1s/step - auc: 0.6143 - binary_accuracy: 0.5827 - loss: 0.9183
[1m 54/108[0m [32m━━━━━━━━━━[0m[37m━━━━━━━━━━[0m [1m1:06[0m 1s/step - auc: 0.6163 - binary_accuracy: 0.5843 - loss: 0.9149
[1m 55/108[0m [32m━━━━━━━━━━[0m[37m━━━━━━━━━━[0m [1m1:07[0m 1s/step - auc: 0.6183 - binary_accuracy: 0.5859 - loss: 0.9116
[1m 56/108[0m [32m━━━━━━━━━━[0m[37m━━━━━━━━━━[0m [1m1:07[0m 1s/step - auc: 0.6202 - binary_accuracy: 0.5874 - loss: 0.9083
[1m 57/108[0m [32m━━━━━━━━━━[0m[37m━━━━━━━━━━[0m [1m1:07[0m 1s/step - auc: 0.6221 - binary_accuracy: 0.5889 - loss: 0.9049
[1m 58/108[0m [32m━━━━━━━━━━[0m[37m━━━━━━━━━━[0m [1m1:07[0m 1s/step - auc: 0.6240 - binary_accuracy: 0.5904 - loss: 0.9017
[1m 59/108[0m [32m━━━━━━━━━━[0m[37m━━━━━━━━━━[0m [1m1:08[0m 1s/step - auc: 0.6259 - binary_accuracy: 0.5919 - loss: 0.8985
[1m 60/108[0m [32m━━━━━━━━━━━[0m[37m━━━━━━━━━[0m [1m1:09[0m 1s/step - auc: 0.6277 - binary_accuracy: 0.5934 - loss: 0.8954
[1m 61/108[0m [32m━━━━━━━━━━━[0m[37m━━━━━━━━━[0m [1m1:08[0m 1s/step - auc: 0.6295 - binary_accuracy: 0.5948 - loss: 0.8924
[1m 62/108[0m [32m━━━━━━━━━━━[0m[37m━━━━━━━━━[0m [1m1:08[0m 1s/step - auc: 0.6313 - binary_accuracy: 0.5962 - loss: 0.8894
[1m 63/108[0m [32m━━━━━━━━━━━[0m[37m━━━━━━━━━[0m [1m1:08[0m 2s/step - auc: 0.6331 - binary_accuracy: 0.5976 - loss: 0.8864
[1m 64/108[0m [32m━━━━━━━━━━━[0m[37m━━━━━━━━━[0m [1m1:07[0m 2s/step - auc: 0.6350 - binary_accuracy: 0.5990 - loss: 0.8834
[1m 65/108[0m [32m━━━━━━━━━━━━[0m[37m━━━━━━━━[0m [1m1:07[0m 2s/step - auc: 0.6368 - binary_accuracy: 0.6003 - loss: 0.8805
[1m 66/108[0m [32m━━━━━━━━━━━━[0m[37m━━━━━━━━[0m [1m1:07[0m 2s/step - auc: 0.6386 - binary_accuracy: 0.6015 - loss: 0.8776
[1m 67/108[0m [32m━━━━━━━━━━━━[0m[37m━━━━━━━━[0m [1m1:06[0m 2s/step - auc: 0.6404 - binary_accuracy: 0.6028 - loss: 0.8747
[1m 68/108[0m [32m━━━━━━━━━━━━[0m[37m━━━━━━━━[0m [1m1:06[0m 2s/step - auc: 0.6421 - binary_accuracy: 0.6040 - loss: 0.8718
[1m 69/108[0m [32m━━━━━━━━━━━━[0m[37m━━━━━━━━[0m [1m1:05[0m 2s/step - auc: 0.6439 - binary_accuracy: 0.6052 - loss: 0.8690
[1m 70/108[0m [32m━━━━━━━━━━━━[0m[37m━━━━━━━━[0m [1m1:04[0m 2s/step - auc: 0.6455 - binary_accuracy: 0.6065 - loss: 0.8661
[1m 71/108[0m [32m━━━━━━━━━━━━━[0m[37m━━━━━━━[0m [1m1:03[0m 2s/step - auc: 0.6472 - binary_accuracy: 0.6077 - loss: 0.8634
[1m 72/108[0m [32m━━━━━━━━━━━━━[0m[37m━━━━━━━[0m [1m1:02[0m 2s/step - auc: 0.6488 - binary_accuracy: 0.6089 - loss: 0.8607
[1m 73/108[0m [32m━━━━━━━━━━━━━[0m[37m━━━━━━━[0m [1m1:01[0m 2s/step - auc: 0.6504 - binary_accuracy: 0.6100 - loss: 0.8580
[1m 74/108[0m [32m━━━━━━━━━━━━━[0m[37m━━━━━━━[0m [1m59s[0m 2s/step - auc: 0.6520 - binary_accuracy: 0.6112 - loss: 0.8554 
[1m 75/108[0m [32m━━━━━━━━━━━━━[0m[37m━━━━━━━[0m [1m59s[0m 2s/step - auc: 0.6535 - binary_accuracy: 0.6124 - loss: 0.8528
[1m 76/108[0m [32m━━━━━━━━━━━━━━[0m[37m━━━━━━[0m [1m57s[0m 2s/step - auc: 0.6550 - binary_accuracy: 0.6135 - loss: 0.8502
[1m 77/108[0m [32m━━━━━━━━━━━━━━[0m[37m━━━━━━[0m [1m56s[0m 2s/step - auc: 0.6565 - binary_accuracy: 0.6147 - loss: 0.8476
[1m 78/108[0m [32m━━━━━━━━━━━━━━[0m[37m━━━━━━[0m [1m55s[0m 2s/step - auc: 0.6581 - binary_accuracy: 0.6158 - loss: 0.8451
[1m 79/108[0m [32m━━━━━━━━━━━━━━[0m[37m━━━━━━[0m [1m53s[0m 2s/step - auc: 0.6595 - binary_accuracy: 0.6170 - loss: 0.8426
[1m 80/108[0m [32m━━━━━━━━━━━━━━[0m[37m━━━━━━[0m [1m52s[0m 2s/step - auc: 0.6610 - binary_accuracy: 0.6181 - loss: 0.8402
[1m 81/108[0m [32m━━━━━━━━━━━━━━━[0m[37m━━━━━[0m [1m51s[0m 2s/step - auc: 0.6624 - binary_accuracy: 0.6192 - loss: 0.8377
[1m 82/108[0m [32m━━━━━━━━━━━━━━━[0m[37m━━━━━[0m [1m49s[0m 2s/step - auc: 0.6638 - binary_accuracy: 0.6203 - loss: 0.8354
[1m 83/108[0m [32m━━━━━━━━━━━━━━━[0m[37m━━━━━[0m [1m48s[0m 2s/step - auc: 0.6652 - binary_accuracy: 0.6214 - loss: 0.8330
[1m 84/108[0m [32m━━━━━━━━━━━━━━━[0m[37m━━━━━[0m [1m46s[0m 2s/step - auc: 0.6665 - binary_accuracy: 0.6224 - loss: 0.8307
[1m 85/108[0m [32m━━━━━━━━━━━━━━━[0m[37m━━━━━[0m [1m44s[0m 2s/step - auc: 0.6679 - binary_accuracy: 0.6235 - loss: 0.8284
[1m 86/108[0m [32m━━━━━━━━━━━━━━━[0m[37m━━━━━[0m [1m43s[0m 2s/step - auc: 0.6693 - binary_accuracy: 0.6245 - loss: 0.8261
[1m 87/108[0m [32m━━━━━━━━━━━━━━━━[0m[37m━━━━[0m [1m41s[0m 2s/step - auc: 0.6706 - binary_accuracy: 0.6255 - loss: 0.8238
[1m 88/108[0m [32m━━━━━━━━━━━━━━━━[0m[37m━━━━[0m [1m39s[0m 2s/step - auc: 0.6719 - binary_accuracy: 0.6265 - loss: 0.8216
[1m 89/108[0m [32m━━━━━━━━━━━━━━━━[0m[37m━━━━[0m [1m38s[0m 2s/step - auc: 0.6732 - binary_accuracy: 0.6274 - loss: 0.8194
[1m 90/108[0m [32m━━━━━━━━━━━━━━━━[0m[37m━━━━[0m [1m36s[0m 2s/step - auc: 0.6745 - binary_accuracy: 0.6284 - loss: 0.8172
[1m 91/108[0m [32m━━━━━━━━━━━━━━━━[0m[37m━━━━[0m [1m34s[0m 2s/step - auc: 0.6757 - binary_accuracy: 0.6294 - loss: 0.8151
[1m 92/108[0m [32m━━━━━━━━━━━━━━━━━[0m[37m━━━[0m [1m32s[0m 2s/step - auc: 0.6769 - binary_accuracy: 0.6303 - loss: 0.8130
[1m 93/108[0m [32m━━━━━━━━━━━━━━━━━[0m[37m━━━[0m [1m30s[0m 2s/step - auc: 0.6781 - binary_accuracy: 0.6313 - loss: 0.8110
[1m 94/108[0m [32m━━━━━━━━━━━━━━━━━[0m[37m━━━[0m [1m28s[0m 2s/step - auc: 0.6793 - binary_accuracy: 0.6322 - loss: 0.8090
[1m 95/108[0m [32m━━━━━━━━━━━━━━━━━[0m[37m━━━[0m [1m27s[0m 2s/step - auc: 0.6805 - binary_accuracy: 0.6331 - loss: 0.8070
[1m 96/108[0m [32m━━━━━━━━━━━━━━━━━[0m[37m━━━[0m [1m25s[0m 2s/step - auc: 0.6817 - binary_accuracy: 0.6341 - loss: 0.8051
[1m 97/108[0m [32m━━━━━━━━━━━━━━━━━[0m[37m━━━[0m [1m23s[0m 2s/step - auc: 0.6828 - binary_accuracy: 0.6350 - loss: 0.8032
[1m 98/108[0m [32m━━━━━━━━━━━━━━━━━━[0m[37m━━[0m [1m21s[0m 2s/step - auc: 0.6839 - binary_accuracy: 0.6359 - loss: 0.8012
[1m 99/108[0m [32m━━━━━━━━━━━━━━━━━━[0m[37m━━[0m [1m19s[0m 2s/step - auc: 0.6851 - binary_accuracy: 0.6368 - loss: 0.7993
[1m100/108[0m [32m━━━━━━━━━━━━━━━━━━[0m[37m━━[0m [1m16s[0m 2s/step - auc: 0.6862 - binary_accuracy: 0.6377 - loss: 0.7975
[1m101/108[0m [32m━━━━━━━━━━━━━━━━━━[0m[37m━━[0m [1m14s[0m 2s/step - auc: 0.6873 - binary_accuracy: 0.6385 - loss: 0.7956
[1m102/108[0m [32m━━━━━━━━━━━━━━━━━━[0m[37m━━[0m [1m12s[0m 2s/step - auc: 0.6884 - binary_accuracy: 0.6394 - loss: 0.7937
[1m103/108[0m [32m━━━━━━━━━━━━━━━━━━━[0m[37m━[0m [1m10s[0m 2s/step - auc: 0.6895 - binary_accuracy: 0.6402 - loss: 0.7919
[1m104/108[0m [32m━━━━━━━━━━━━━━━━━━━[0m[37m━[0m [1m8s[0m 2s/step - auc: 0.6905 - binary_accuracy: 0.6411 - loss: 0.7901 
[1m105/108[0m [32m━━━━━━━━━━━━━━━━━━━[0m[37m━[0m [1m6s[0m 2s/step - auc: 0.6916 - binary_accuracy: 0.6419 - loss: 0.7883
[1m106/108[0m [32m━━━━━━━━━━━━━━━━━━━[0m[37m━[0m [1m4s[0m 2s/step - auc: 0.6927 - binary_accuracy: 0.6428 - loss: 0.7865
[1m107/108[0m [32m━━━━━━━━━━━━━━━━━━━[0m[37m━[0m [1m2s[0m 2s/step - auc: 0.6937 - binary_accuracy: 0.6436 - loss: 0.7847
[1m108/108[0m [32m━━━━━━━━━━━━━━━━━━━━[0m[37m[0m [1m0s[0m 2s/step - auc: 0.6947 - binary_accuracy: 0.6444 - loss: 0.7830transfer phase-a: epoch 1/8 done in 408.2s loss=0.5962 auc=0.8038 val_loss=0.3672 val_auc=0.9199

[1m108/108[0m [32m━━━━━━━━━━━━━━━━━━━━[0m[37m[0m [1m408s[0m 3s/step - auc: 0.8038 - binary_accuracy: 0.7305 - loss: 0.5962 - val_auc: 0.9199 - val_binary_accuracy: 0.8570 - val_loss: 0.3672
transfer phase-a: epoch 2/8 start
Epoch 2/3

[1m  1/108[0m [37m━━━━━━━━━━━━━━━━━━━━[0m [1m49s[0m 460ms/step - auc: 0.8963 - binary_accuracy: 0.7812 - loss: 0.5398
[1m  2/108[0m [37m━━━━━━━━━━━━━━━━━━━━[0m [1m25s[0m 244ms/step - auc: 0.9134 - binary_accuracy: 0.8047 - loss: 0.4997
[1m  3/108[0m [37m━━━━━━━━━━━━━━━━━━━━[0m [1m25s[0m 247ms/step - auc: 0.9149 - binary_accuracy: 0.8073 - loss: 0.4858
[1m  4/108[0m [37m━━━━━━━━━━━━━━━━━━━━[0m [1m25s[0m 245ms/step - auc: 0.9230 - binary_accuracy: 0.8164 - loss: 0.4637
[1m  5/108[0m [37m━━━━━━━━━━━━━━━━━━━━[0m [1m25s[0m 244ms/step - auc: 0.9239 - binary_accuracy: 0.8169 - loss: 0.4618
[1m  6/108[0m [32m━[0m[37m━━━━━━━━━━━━━━━━━━━[0m [1m24s[0m 244ms/step - auc: 0.9258 - binary_accuracy: 0.8179 - loss: 0.4550
[1m  7/108[0m [32m━[0m[37m━━━━━━━━━━━━━━━━━━━[0m [1m24s[0m 244ms/step - auc: 0.9241 - binary_accuracy: 0.8165 - loss: 0.4575
[1m  8/108[0m [32m━[0m[37m━━━━━━━━━━━━━━━━━━━[0m [1m24s[0m 243ms/step - auc: 0.9224 - binary_accuracy: 0.8130 - loss: 0.4575
[1m  9/108[0m [32m━[0m[37m━━━━━━━━━━━━━━━━━━━[0m [1m24s[0m 243ms/step - auc: 0.9216 - binary_accuracy: 0.8118 - loss: 0.4553
[1m 10/108[0m [32m━[0m[37m━━━━━━━━━━━━━━━━━━━[0m [1m23s[0m 243ms/step - auc: 0.9210 - binary_accuracy: 0.8100 - loss: 0.4522
[1m 11/108[0m [32m━━[0m[37m━━━━━━━━━━━━━━━━━━[0m [1m23s[0m 243ms/step - auc: 0.9205 - binary_accuracy: 0.8082 - loss: 0.4489
[1m 12/108[0m [32m━━[0m[37m━━━━━━━━━━━━━━━━━━[0m [1m23s[0m 243ms/step - auc: 0.9199 - binary_accuracy: 0.8062 - loss: 0.4465
[1m 13/108[0m [32m━━[0m[37m━━━━━━━━━━━━━━━━━━[0m [1m23s[0m 242ms/step - auc: 0.9190 - binary_accuracy: 0.8042 - loss: 0.4449
[1m 14/108[0m [32m━━[0m[37m━━━━━━━━━━━━━━━━━━[0m [1m22s[0m 243ms/step - auc: 0.9187 - binary_accuracy: 0.8034 - loss: 0.4423
[1m 15/108[0m [32m━━[0m[37m━━━━━━━━━━━━━━━━━━[0m [1m22s[0m 243ms/step - auc: 0.9187 - binary_accuracy: 0.8030 - loss: 0.4391
[1m 16/108[0m [32m━━[0m[37m━━━━━━━━━━━━━━━━━━[0m [1m22s[0m 243ms/step - auc: 0.9177 - binary_accuracy: 0.8030 - loss: 0.4379
[1m 17/108[0m [32m━━━[0m[37m━━━━━━━━━━━━━━━━━[0m [1m22s[0m 244ms/step - auc: 0.9165 - binary_accuracy: 0.8034 - loss: 0.4371
[1m 18/108[0m [32m━━━[0m[37m━━━━━━━━━━━━━━━━━[0m [1m21s[0m 244ms/step - auc: 0.9159 - binary_accuracy: 0.8041 - loss: 0.4362
[1m 19/108[0m [32m━━━[0m[37m━━━━━━━━━━━━━━━━━[0m [1m21s[0m 244ms/step - auc: 0.9154 - binary_accuracy: 0.8048 - loss: 0.4349
[1m 20/108[0m [32m━━━[0m[37m━━━━━━━━━━━━━━━━━[0m [1m21s[0m 245ms/step - auc: 0.9150 - binary_accuracy: 0.8055 - loss: 0.4341
[1m 21/108[0m [32m━━━[0m[37m━━━━━━━━━━━━━━━━━[0m [1m21s[0m 245ms/step - auc: 0.9134 - binary_accuracy: 0.8062 - loss: 0.4368
[1m 22/108[0m [32m━━━━[0m[37m━━━━━━━━━━━━━━━━[0m [1m21s[0m 245ms/step - auc: 0.9121 - binary_accuracy: 0.8068 - loss: 0.4390
[1m 23/108[0m [32m━━━━[0m[37m━━━━━━━━━━━━━━━━[0m [1m20s[0m 245ms/step - auc: 0.9111 - binary_accuracy: 0.8074 - loss: 0.4407
[1m 24/108[0m [32m━━━━[0m[37m━━━━━━━━━━━━━━━━[0m [1m20s[0m 245ms/step - auc: 0.9099 - binary_accuracy: 0.8079 - loss: 0.4429
[1m 25/108[0m [32m━━━━[0m[37m━━━━━━━━━━━━━━━━[0m [1m20s[0m 246ms/step - auc: 0.9088 - binary_accuracy: 0.8085 - loss: 0.4443
[1m 26/108[0m [32m━━━━[0m[37m━━━━━━━━━━━━━━━━[0m [1m20s[0m 246ms/step - auc: 0.9081 - binary_accuracy: 0.8092 - loss: 0.4457
[1m 27/108[0m [32m━━━━━[0m[37m━━━━━━━━━━━━━━━[0m [1m19s[0m 246ms/step - auc: 0.9073 - binary_accuracy: 0.8095 - loss: 0.4473
[1m 28/108[0m [32m━━━━━[0m[37m━━━━━━━━━━━━━━━[0m [1m19s[0m 246ms/step - auc: 0.9067 - binary_accuracy: 0.8096 - loss: 0.4487
[1m 29/108[0m [32m━━━━━[0m[37m━━━━━━━━━━━━━━━[0m [1m19s[0m 246ms/step - auc: 0.9061 - binary_accuracy: 0.8095 - loss: 0.4500
[1m 30/108[0m [32m━━━━━[0m[37m━━━━━━━━━━━━━━━[0m [1m19s[0m 246ms/step - auc: 0.9054 - binary_accuracy: 0.8093 - loss: 0.4512
[1m 31/108[0m [32m━━━━━[0m[37m━━━━━━━━━━━━━━━[0m [1m18s[0m 246ms/step - auc: 0.9047 - binary_accuracy: 0.8088 - loss: 0.4523
[1m 32/108[0m [32m━━━━━[0m[37m━━━━━━━━━━━━━━━[0m [1m18s[0m 246ms/step - auc: 0.9042 - binary_accuracy: 0.8085 - loss: 0.4532
[1m 33/108[0m [32m━━━━━━[0m[37m━━━━━━━━━━━━━━[0m [1m18s[0m 246ms/step - auc: 0.9037 - binary_accuracy: 0.8082 - loss: 0.4538
[1m 34/108[0m [32m━━━━━━[0m[37m━━━━━━━━━━━━━━[0m [1m18s[0m 247ms/step - auc: 0.9032 - binary_accuracy: 0.8080 - loss: 0.4543
[1m 35/108[0m [32m━━━━━━[0m[37m━━━━━━━━━━━━━━[0m [1m18s[0m 247ms/step - auc: 0.9029 - binary_accuracy: 0.8079 - loss: 0.4545
[1m 36/108[0m [32m━━━━━━[0m[37m━━━━━━━━━━━━━━[0m [1m17s[0m 247ms/step - auc: 0.9025 - binary_accuracy: 0.8079 - loss: 0.4548
[1m 37/108[0m [32m━━━━━━[0m[37m━━━━━━━━━━━━━━[0m [1m17s[0m 248ms/step - auc: 0.9022 - binary_accuracy: 0.8080 - loss: 0.4549
[1m 38/108[0m [32m━━━━━━━[0m[37m━━━━━━━━━━━━━[0m [1m17s[0m 249ms/step - auc: 0.9019 - binary_accuracy: 0.8081 - loss: 0.4551
[1m 39/108[0m [32m━━━━━━━[0m[37m━━━━━━━━━━━━━[0m [1m17s[0m 249ms/step - auc: 0.9017 - binary_accuracy: 0.8084 - loss: 0.4550
[1m 40/108[0m [32m━━━━━━━[0m[37m━━━━━━━━━━━━━[0m [1m16s[0m 249ms/step - auc: 0.9015 - binary_accuracy: 0.8087 - loss: 0.4549
[1m 41/108[0m [32m━━━━━━━[0m[37m━━━━━━━━━━━━━[0m [1m16s[0m 249ms/step - auc: 0.9014 - binary_accuracy: 0.8091 - loss: 0.4547
[1m 42/108[0m [32m━━━━━━━[0m[37m━━━━━━━━━━━━━[0m [1m16s[0m 249ms/step - auc: 0.9013 - binary_accuracy: 0.8094 - loss: 0.4544
[1m 43/108[0m [32m━━━━━━━[0m[37m━━━━━━━━━━━━━[0m [1m16s[0m 249ms/step - auc: 0.9013 - binary_accuracy: 0.8097 - loss: 0.4540
[1m 44/108[0m [32m━━━━━━━━[0m[37m━━━━━━━━━━━━[0m [1m15s[0m 249ms/step - auc: 0.9013 - binary_accuracy: 0.8101 - loss: 0.4536
[1m 45/108[0m [32m━━━━━━━━[0m[37m━━━━━━━━━━━━[0m [1m15s[0m 249ms/step - auc: 0.9013 - binary_accuracy: 0.8105 - loss: 0.4531
[1m 46/108[0m [32m━━━━━━━━[0m[37m━━━━━━━━━━━━[0m [1m15s[0m 249ms/step - auc: 0.9013 - binary_accuracy: 0.8109 - loss: 0.4527
[1m 47/108[0m [32m━━━━━━━━[0m[37m━━━━━━━━━━━━[0m [1m15s[0m 249ms/step - auc: 0.9013 - binary_accuracy: 0.8113 - loss: 0.4522
[1m 48/108[0m [32m━━━━━━━━[0m[37m━━━━━━━━━━━━[0m [1m14s[0m 249ms/step - auc: 0.9014 - binary_accuracy: 0.8118 - loss: 0.4517
[1m 49/108[0m [32m━━━━━━━━━[0m[37m━━━━━━━━━━━[0m [1m14s[0m 249ms/step - auc: 0.9014 - binary_accuracy: 0.8122 - loss: 0.4512
[1m 50/108[0m [32m━━━━━━━━━[0m[37m━━━━━━━━━━━[0m [1m14s[0m 249ms/step - auc: 0.9015 - binary_accuracy: 0.8125 - loss: 0.4506
[1m 51/108[0m [32m━━━━━━━━━[0m[37m━━━━━━━━━━━[0m [1m14s[0m 249ms/step - auc: 0.9016 - binary_accuracy: 0.8129 - loss: 0.4501
[1m 52/108[0m [32m━━━━━━━━━[0m[37m━━━━━━━━━━━[0m [1m13s[0m 249ms/step - auc: 0.9017 - binary_accuracy: 0.8132 - loss: 0.4496
[1m 53/108[0m [32m━━━━━━━━━[0m[37m━━━━━━━━━━━[0m [1m13s[0m 249ms/step - auc: 0.9018 - binary_accuracy: 0.8136 - loss: 0.4491
[1m 54/108[0m [32m━━━━━━━━━━[0m[37m━━━━━━━━━━[0m [1m13s[0m 249ms/step - auc: 0.9020 - binary_accuracy: 0.8139 - loss: 0.4487
[1m 55/108[0m [32m━━━━━━━━━━[0m[37m━━━━━━━━━━[0m [1m13s[0m 249ms/step - auc: 0.9022 - binary_accuracy: 0.8143 - loss: 0.4482
[1m 56/108[0m [32m━━━━━━━━━━[0m[37m━━━━━━━━━━[0m [1m12s[0m 249ms/step - auc: 0.9024 - binary_accuracy: 0.8146 - loss: 0.4477
[1m 57/108[0m [32m━━━━━━━━━━[0m[37m━━━━━━━━━━[0m [1m12s[0m 249ms/step - auc: 0.9026 - binary_accuracy: 0.8150 - loss: 0.4471
[1m 58/108[0m [32m━━━━━━━━━━[0m[37m━━━━━━━━━━[0m [1m12s[0m 249ms/step - auc: 0.9028 - binary_accuracy: 0.8154 - loss: 0.4466
[1m 59/108[0m [32m━━━━━━━━━━[0m[37m━━━━━━━━━━[0m [1m12s[0m 250ms/step - auc: 0.9030 - binary_accuracy: 0.8157 - loss: 0.4460
[1m 60/108[0m [32m━━━━━━━━━━━[0m[37m━━━━━━━━━[0m [1m11s[0m 250ms/step - auc: 0.9031 - binary_accuracy: 0.8161 - loss: 0.4456
[1m 61/108[0m [32m━━━━━━━━━━━[0m[37m━━━━━━━━━[0m [1m11s[0m 250ms/step - auc: 0.9033 - binary_accuracy: 0.8165 - loss: 0.4452
[1m 62/108[0m [32m━━━━━━━━━━━[0m[37m━━━━━━━━━[0m [1m11s[0m 250ms/step - auc: 0.9035 - binary_accuracy: 0.8168 - loss: 0.4448
[1m 63/108[0m [32m━━━━━━━━━━━[0m[37m━━━━━━━━━[0m [1m11s[0m 250ms/step - auc: 0.9036 - binary_accuracy: 0.8172 - loss: 0.4445
[1m 64/108[0m [32m━━━━━━━━━━━[0m[37m━━━━━━━━━[0m [1m11s[0m 251ms/step - auc: 0.9038 - binary_accuracy: 0.8175 - loss: 0.4442
[1m 65/108[0m [32m━━━━━━━━━━━━[0m[37m━━━━━━━━[0m [1m10s[0m 251ms/step - auc: 0.9040 - binary_accuracy: 0.8178 - loss: 0.4438
[1m 66/108[0m [32m━━━━━━━━━━━━[0m[37m━━━━━━━━[0m [1m10s[0m 251ms/step - auc: 0.9041 - binary_accuracy: 0.8181 - loss: 0.4435
[1m 67/108[0m [32m━━━━━━━━━━━━[0m[37m━━━━━━━━[0m [1m10s[0m 251ms/step - auc: 0.9043 - binary_accuracy: 0.8184 - loss: 0.4431
[1m 68/108[0m [32m━━━━━━━━━━━━[0m[37m━━━━━━━━[0m [1m10s[0m 251ms/step - auc: 0.9044 - binary_accuracy: 0.8187 - loss: 0.4427
[1m 69/108[0m [32m━━━━━━━━━━━━[0m[37m━━━━━━━━[0m [1m9s[0m 251ms/step - auc: 0.9046 - binary_accuracy: 0.8189 - loss: 0.4423 
[1m 70/108[0m [32m━━━━━━━━━━━━[0m[37m━━━━━━━━[0m [1m9s[0m 251ms/step - auc: 0.9048 - binary_accuracy: 0.8192 - loss: 0.4419
[1m 71/108[0m [32m━━━━━━━━━━━━━[0m[37m━━━━━━━[0m [1m9s[0m 251ms/step - auc: 0.9049 - binary_accuracy: 0.8195 - loss: 0.4415
[1m 72/108[0m [32m━━━━━━━━━━━━━[0m[37m━━━━━━━[0m [1m9s[0m 251ms/step - auc: 0.9051 - binary_accuracy: 0.8198 - loss: 0.4412
[1m 73/108[0m [32m━━━━━━━━━━━━━[0m[37m━━━━━━━[0m [1m8s[0m 251ms/step - auc: 0.9052 - binary_accuracy: 0.8200 - loss: 0.4408
[1m 74/108[0m [32m━━━━━━━━━━━━━[0m[37m━━━━━━━[0m [1m8s[0m 251ms/step - auc: 0.9054 - binary_accuracy: 0.8203 - loss: 0.4404
[1m 75/108[0m [32m━━━━━━━━━━━━━[0m[37m━━━━━━━[0m [1m8s[0m 251ms/step - auc: 0.9055 - binary_accuracy: 0.8205 - loss: 0.4400
[1m 76/108[0m [32m━━━━━━━━━━━━━━[0m[37m━━━━━━[0m [1m8s[0m 251ms/step - auc: 0.9057 - binary_accuracy: 0.8208 - loss: 0.4397
[1m 77/108[0m [32m━━━━━━━━━━━━━━[0m[37m━━━━━━[0m [1m7s[0m 251ms/step - auc: 0.9058 - binary_accuracy: 0.8210 - loss: 0.4393
[1m 78/108[0m [32m━━━━━━━━━━━━━━[0m[37m━━━━━━[0m [1m7s[0m 251ms/step - auc: 0.9060 - binary_accuracy: 0.8213 - loss: 0.4389
[1m 79/108[0m [32m━━━━━━━━━━━━━━[0m[37m━━━━━━[0m [1m7s[0m 251ms/step - auc: 0.9061 - binary_accuracy: 0.8215 - loss: 0.4385
[1m 80/108[0m [32m━━━━━━━━━━━━━━[0m[37m━━━━━━[0m [1m7s[0m 251ms/step - auc: 0.9063 - binary_accuracy: 0.8218 - loss: 0.4382
[1m 81/108[0m [32m━━━━━━━━━━━━━━━[0m[37m━━━━━[0m [1m6s[0m 251ms/step - auc: 0.9064 - binary_accuracy: 0.8220 - loss: 0.4378
[1m 82/108[0m [32m━━━━━━━━━━━━━━━[0m[37m━━━━━[0m [1m6s[0m 251ms/step - auc: 0.9065 - binary_accuracy: 0.8222 - loss: 0.4374
[1m 83/108[0m [32m━━━━━━━━━━━━━━━[0m[37m━━━━━[0m [1m6s[0m 252ms/step - auc: 0.9067 - binary_accuracy: 0.8225 - loss: 0.4371
[1m 84/108[0m [32m━━━━━━━━━━━━━━━[0m[37m━━━━━[0m [1m6s[0m 252ms/step - auc: 0.9068 - binary_accuracy: 0.8227 - loss: 0.4367
[1m 85/108[0m [32m━━━━━━━━━━━━━━━[0m[37m━━━━━[0m [1m5s[0m 252ms/step - auc: 0.9070 - binary_accuracy: 0.8230 - loss: 0.4363
[1m 86/108[0m [32m━━━━━━━━━━━━━━━[0m[37m━━━━━[0m [1m5s[0m 252ms/step - auc: 0.9071 - binary_accuracy: 0.8232 - loss: 0.4360
[1m 87/108[0m [32m━━━━━━━━━━━━━━━━[0m[37m━━━━[0m [1m5s[0m 252ms/step - auc: 0.9073 - binary_accuracy: 0.8234 - loss: 0.4356
[1m 88/108[0m [32m━━━━━━━━━━━━━━━━[0m[37m━━━━[0m [1m5s[0m 252ms/step - auc: 0.9074 - binary_accuracy: 0.8236 - loss: 0.4352
[1m 89/108[0m [32m━━━━━━━━━━━━━━━━[0m[37m━━━━[0m [1m4s[0m 252ms/step - auc: 0.9075 - binary_accuracy: 0.8238 - loss: 0.4349
[1m 90/108[0m [32m━━━━━━━━━━━━━━━━[0m[37m━━━━[0m [1m4s[0m 252ms/step - auc: 0.9077 - binary_accuracy: 0.8240 - loss: 0.4345
[1m 91/108[0m [32m━━━━━━━━━━━━━━━━[0m[37m━━━━[0m [1m4s[0m 252ms/step - auc: 0.9078 - binary_accuracy: 0.8242 - loss: 0.4342
[1m 92/108[0m [32m━━━━━━━━━━━━━━━━━[0m[37m━━━[0m [1m4s[0m 252ms/step - auc: 0.9079 - binary_accuracy: 0.8244 - loss: 0.4339
[1m 93/108[0m [32m━━━━━━━━━━━━━━━━━[0m[37m━━━[0m [1m3s[0m 252ms/step - auc: 0.9080 - binary_accuracy: 0.8246 - loss: 0.4336
[1m 94/108[0m [32m━━━━━━━━━━━━━━━━━[0m[37m━━━[0m [1m3s[0m 252ms/step - auc: 0.9081 - binary_accuracy: 0.8248 - loss: 0.4333
[1m 95/108[0m [32m━━━━━━━━━━━━━━━━━[0m[37m━━━[0m [1m3s[0m 251ms/step - auc: 0.9082 - binary_accuracy: 0.8250 - loss: 0.4330
[1m 96/108[0m [32m━━━━━━━━━━━━━━━━━[0m[37m━━━[0m [1m3s[0m 251ms/step - auc: 0.9084 - binary_accuracy: 0.8252 - loss: 0.4327
[1m 97/108[0m [32m━━━━━━━━━━━━━━━━━[0m[37m━━━[0m [1m2s[0m 251ms/step - auc: 0.9085 - binary_accuracy: 0.8254 - loss: 0.4324
[1m 98/108[0m [32m━━━━━━━━━━━━━━━━━━[0m[37m━━[0m [1m2s[0m 251ms/step - auc: 0.9086 - binary_accuracy: 0.8256 - loss: 0.4321
[1m 99/108[0m [32m━━━━━━━━━━━━━━━━━━[0m[37m━━[0m [1m2s[0m 251ms/step - auc: 0.9087 - binary_accuracy: 0.8258 - loss: 0.4317
[1m100/108[0m [32m━━━━━━━━━━━━━━━━━━[0m[37m━━[0m [1m2s[0m 251ms/step - auc: 0.9089 - binary_accuracy: 0.8260 - loss: 0.4314
[1m101/108[0m [32m━━━━━━━━━━━━━━━━━━[0m[37m━━[0m [1m1s[0m 251ms/step - auc: 0.9090 - binary_accuracy: 0.8262 - loss: 0.4311
[1m102/108[0m [32m━━━━━━━━━━━━━━━━━━[0m[37m━━[0m [1m1s[0m 251ms/step - auc: 0.9091 - binary_accuracy: 0.8264 - loss: 0.4308
[1m103/108[0m [32m━━━━━━━━━━━━━━━━━━━[0m[37m━[0m [1m1s[0m 251ms/step - auc: 0.9092 - binary_accuracy: 0.8266 - loss: 0.4305
[1m104/108[0m [32m━━━━━━━━━━━━━━━━━━━[0m[37m━[0m [1m1s[0m 251ms/step - auc: 0.9093 - binary_accuracy: 0.8268 - loss: 0.4302
[1m105/108[0m [32m━━━━━━━━━━━━━━━━━━━[0m[37m━[0m [1m0s[0m 251ms/step - auc: 0.9095 - binary_accuracy: 0.8270 - loss: 0.4299
[1m106/108[0m [32m━━━━━━━━━━━━━━━━━━━[0m[37m━[0m [1m0s[0m 251ms/step - auc: 0.9096 - binary_accuracy: 0.8272 - loss: 0.4296
[1m107/108[0m [32m━━━━━━━━━━━━━━━━━━━[0m[37m━[0m [1m0s[0m 251ms/step - auc: 0.9097 - binary_accuracy: 0.8274 - loss: 0.4293
[1m108/108[0m [32m━━━━━━━━━━━━━━━━━━━━[0m[37m[0m [1m0s[0m 250ms/step - auc: 0.9098 - binary_accuracy: 0.8275 - loss: 0.4290transfer phase-a: epoch 2/8 done in 33.5s loss=0.3973 auc=0.9219 val_loss=0.3367 val_auc=0.9611

[1m108/108[0m [32m━━━━━━━━━━━━━━━━━━━━[0m[37m[0m [1m33s[0m 309ms/step - auc: 0.9219 - binary_accuracy: 0.8448 - loss: 0.3973 - val_auc: 0.9611 - val_binary_accuracy: 0.8706 - val_loss: 0.3367
transfer phase-a: epoch 3/8 start
Epoch 3/3

[1m  1/108[0m [37m━━━━━━━━━━━━━━━━━━━━[0m [1m49s[0m 461ms/step - auc: 0.9741 - binary_accuracy: 0.7812 - loss: 0.3614
[1m  2/108[0m [37m━━━━━━━━━━━━━━━━━━━━[0m [1m26s[0m 247ms/step - auc: 0.9699 - binary_accuracy: 0.8047 - loss: 0.3572
[1m  3/108[0m [37m━━━━━━━━━━━━━━━━━━━━[0m [1m26s[0m 248ms/step - auc: 0.9694 - binary_accuracy: 0.8073 - loss: 0.3505
[1m  4/108[0m [37m━━━━━━━━━━━━━━━━━━━━[0m [1m25s[0m 248ms/step - auc: 0.9698 - binary_accuracy: 0.8164 - loss: 0.3440
[1m  5/108[0m [37m━━━━━━━━━━━━━━━━━━━━[0m [1m25s[0m 249ms/step - auc: 0.9661 - binary_accuracy: 0.8194 - loss: 0.3508
[1m  6/108[0m [32m━[0m[37m━━━━━━━━━━━━━━━━━━━[0m [1m25s[0m 249ms/step - auc: 0.9648 - binary_accuracy: 0.8234 - loss: 0.3512
[1m  7/108[0m [32m━[0m[37m━━━━━━━━━━━━━━━━━━━[0m [1m25s[0m 249ms/step - auc: 0.9623 - binary_accuracy: 0.8270 - loss: 0.3564
[1m  8/108[0m [32m━[0m[37m━━━━━━━━━━━━━━━━━━━[0m [1m24s[0m 249ms/step - auc: 0.9608 - binary_accuracy: 0.8291 - loss: 0.3578
[1m  9/108[0m [32m━[0m[37m━━━━━━━━━━━━━━━━━━━[0m [1m24s[0m 250ms/step - auc: 0.9601 - binary_accuracy: 0.8315 - loss: 0.3567
[1m 10/108[0m [32m━[0m[37m━━━━━━━━━━━━━━━━━━━[0m [1m24s[0m 250ms/step - auc: 0.9593 - binary_accuracy: 0.8324 - loss: 0.3553
[1m 11/108[0m [32m━━[0m[37m━━━━━━━━━━━━━━━━━━[0m [1m24s[0m 250ms/step - auc: 0.9588 - binary_accuracy: 0.8332 - loss: 0.3533
[1m 12/108[0m [32m━━[0m[37m━━━━━━━━━━━━━━━━━━[0m [1m24s[0m 250ms/step - auc: 0.9586 - binary_accuracy: 0.8334 - loss: 0.3514
[1m 13/108[0m [32m━━[0m[37m━━━━━━━━━━━━━━━━━━[0m [1m23s[0m 250ms/step - auc: 0.9583 - binary_accuracy: 0.8335 - loss: 0.3496
[1m 14/108[0m [32m━━[0m[37m━━━━━━━━━━━━━━━━━━[0m [1m23s[0m 251ms/step - auc: 0.9583 - binary_accuracy: 0.8339 - loss: 0.3474
[1m 15/108[0m [32m━━[0m[37m━━━━━━━━━━━━━━━━━━[0m [1m23s[0m 251ms/step - auc: 0.9585 - binary_accuracy: 0.8345 - loss: 0.3446
[1m 16/108[0m [32m━━[0m[37m━━━━━━━━━━━━━━━━━━[0m [1m23s[0m 251ms/step - auc: 0.9579 - binary_accuracy: 0.8352 - loss: 0.3436
[1m 17/108[0m [32m━━━[0m[37m━━━━━━━━━━━━━━━━━[0m [1m22s[0m 251ms/step - auc: 0.9575 - binary_accuracy: 0.8363 - loss: 0.3427
[1m 18/108[0m [32m━━━[0m[37m━━━━━━━━━━━━━━━━━[0m [1m22s[0m 252ms/step - auc: 0.9570 - binary_accuracy: 0.8374 - loss: 0.3422
[1m 19/108[0m [32m━━━[0m[37m━━━━━━━━━━━━━━━━━[0m [1m22s[0m 252ms/step - auc: 0.9567 - binary_accuracy: 0.8384 - loss: 0.3413
[1m 20/108[0m [32m━━━[0m[37m━━━━━━━━━━━━━━━━━[0m [1m22s[0m 252ms/step - auc: 0.9565 - binary_accuracy: 0.8396 - loss: 0.3406
[1m 21/108[0m [32m━━━[0m[37m━━━━━━━━━━━━━━━━━[0m [1m21s[0m 252ms/step - auc: 0.9557 - binary_accuracy: 0.8406 - loss: 0.3421
[1m 22/108[0m [32m━━━━[0m[37m━━━━━━━━━━━━━━━━[0m [1m21s[0m 253ms/step - auc: 0.9550 - binary_accuracy: 0.8413 - loss: 0.3432
[1m 23/108[0m [32m━━━━[0m[37m━━━━━━━━━━━━━━━━[0m [1m21s[0m 253ms/step - auc: 0.9545 - binary_accuracy: 0.8422 - loss: 0.3440
[1m 24/108[0m [32m━━━━[0m[37m━━━━━━━━━━━━━━━━[0m [1m21s[0m 253ms/step - auc: 0.9538 - binary_accuracy: 0.8431 - loss: 0.3451
[1m 25/108[0m [32m━━━━[0m[37m━━━━━━━━━━━━━━━━[0m [1m20s[0m 253ms/step - auc: 0.9533 - binary_accuracy: 0.8439 - loss: 0.3458
[1m 26/108[0m [32m━━━━[0m[37m━━━━━━━━━━━━━━━━[0m [1m20s[0m 253ms/step - auc: 0.9530 - binary_accuracy: 0.8448 - loss: 0.3463
[1m 27/108[0m [32m━━━━━[0m[37m━━━━━━━━━━━━━━━[0m [1m20s[0m 254ms/step - auc: 0.9526 - binary_accuracy: 0.8455 - loss: 0.3471
[1m 28/108[0m [32m━━━━━[0m[37m━━━━━━━━━━━━━━━[0m [1m20s[0m 255ms/step - auc: 0.9523 - binary_accuracy: 0.8459 - loss: 0.3478
[1m 29/108[0m [32m━━━━━[0m[37m━━━━━━━━━━━━━━━[0m [1m20s[0m 255ms/step - auc: 0.9521 - binary_accuracy: 0.8463 - loss: 0.3484
[1m 30/108[0m [32m━━━━━[0m[37m━━━━━━━━━━━━━━━[0m [1m19s[0m 255ms/step - auc: 0.9518 - binary_accuracy: 0.8467 - loss: 0.3488
[1m 31/108[0m [32m━━━━━[0m[37m━━━━━━━━━━━━━━━[0m [1m19s[0m 255ms/step - auc: 0.9516 - binary_accuracy: 0.8469 - loss: 0.3493
[1m 32/108[0m [32m━━━━━[0m[37m━━━━━━━━━━━━━━━[0m [1m19s[0m 255ms/step - auc: 0.9513 - binary_accuracy: 0.8471 - loss: 0.3497
[1m 33/108[0m [32m━━━━━━[0m[37m━━━━━━━━━━━━━━[0m [1m19s[0m 256ms/step - auc: 0.9511 - binary_accuracy: 0.8473 - loss: 0.3498
[1m 34/108[0m [32m━━━━━━[0m[37m━━━━━━━━━━━━━━[0m [1m18s[0m 256ms/step - auc: 0.9508 - binary_accuracy: 0.8475 - loss: 0.3500
[1m 35/108[0m [32m━━━━━━[0m[37m━━━━━━━━━━━━━━[0m [1m18s[0m 257ms/step - auc: 0.9506 - binary_accuracy: 0.8477 - loss: 0.3501
[1m 36/108[0m [32m━━━━━━[0m[37m━━━━━━━━━━━━━━[0m [1m18s[0m 257ms/step - auc: 0.9505 - binary_accuracy: 0.8480 - loss: 0.3500
[1m 37/108[0m [32m━━━━━━[0m[37m━━━━━━━━━━━━━━[0m [1m18s[0m 257ms/step - auc: 0.9504 - binary_accuracy: 0.8482 - loss: 0.3500
[1m 38/108[0m [32m━━━━━━━[0m[37m━━━━━━━━━━━━━[0m [1m17s[0m 257ms/step - auc: 0.9503 - binary_accuracy: 0.8485 - loss: 0.3499
[1m 39/108[0m [32m━━━━━━━[0m[37m━━━━━━━━━━━━━[0m [1m17s[0m 257ms/step - auc: 0.9501 - binary_accuracy: 0.8488 - loss: 0.3498
[1m 40/108[0m [32m━━━━━━━[0m[37m━━━━━━━━━━━━━[0m [1m17s[0m 257ms/step - auc: 0.9500 - binary_accuracy: 0.8491 - loss: 0.3497
[1m 41/108[0m [32m━━━━━━━[0m[37m━━━━━━━━━━━━━[0m [1m17s[0m 257ms/step - auc: 0.9499 - binary_accuracy: 0.8495 - loss: 0.3497
[1m 42/108[0m [32m━━━━━━━[0m[37m━━━━━━━━━━━━━[0m [1m16s[0m 257ms/step - auc: 0.9498 - binary_accuracy: 0.8498 - loss: 0.3496
[1m 43/108[0m [32m━━━━━━━[0m[37m━━━━━━━━━━━━━[0m [1m16s[0m 257ms/step - auc: 0.9497 - binary_accuracy: 0.8501 - loss: 0.3494
[1m 44/108[0m [32m━━━━━━━━[0m[37m━━━━━━━━━━━━[0m [1m16s[0m 257ms/step - auc: 0.9496 - binary_accuracy: 0.8504 - loss: 0.3492
[1m 45/108[0m [32m━━━━━━━━[0m[37m━━━━━━━━━━━━[0m [1m16s[0m 257ms/step - auc: 0.9496 - binary_accuracy: 0.8508 - loss: 0.3490
[1m 46/108[0m [32m━━━━━━━━[0m[37m━━━━━━━━━━━━[0m [1m15s[0m 257ms/step - auc: 0.9495 - binary_accuracy: 0.8511 - loss: 0.3488
[1m 47/108[0m [32m━━━━━━━━[0m[37m━━━━━━━━━━━━[0m [1m15s[0m 257ms/step - auc: 0.9495 - binary_accuracy: 0.8514 - loss: 0.3486
[1m 48/108[0m [32m━━━━━━━━[0m[37m━━━━━━━━━━━━[0m [1m15s[0m 257ms/step - auc: 0.9495 - binary_accuracy: 0.8517 - loss: 0.3483
[1m 49/108[0m [32m━━━━━━━━━[0m[37m━━━━━━━━━━━[0m [1m15s[0m 257ms/step - auc: 0.9495 - binary_accuracy: 0.8519 - loss: 0.3480
[1m 50/108[0m [32m━━━━━━━━━[0m[37m━━━━━━━━━━━[0m [1m14s[0m 257ms/step - auc: 0.9495 - binary_accuracy: 0.8522 - loss: 0.3477
[1m 51/108[0m [32m━━━━━━━━━[0m[37m━━━━━━━━━━━[0m [1m14s[0m 257ms/step - auc: 0.9495 - binary_accuracy: 0.8524 - loss: 0.3474
[1m 52/108[0m [32m━━━━━━━━━[0m[37m━━━━━━━━━━━[0m [1m14s[0m 257ms/step - auc: 0.9495 - binary_accuracy: 0.8526 - loss: 0.3472
[1m 53/108[0m [32m━━━━━━━━━[0m[37m━━━━━━━━━━━[0m [1m14s[0m 257ms/step - auc: 0.9495 - binary_accuracy: 0.8528 - loss: 0.3469
[1m 54/108[0m [32m━━━━━━━━━━[0m[37m━━━━━━━━━━[0m [1m13s[0m 257ms/step - auc: 0.9496 - binary_accuracy: 0.8531 - loss: 0.3467
[1m 55/108[0m [32m━━━━━━━━━━[0m[37m━━━━━━━━━━[0m [1m13s[0m 257ms/step - auc: 0.9496 - binary_accuracy: 0.8534 - loss: 0.3465
[1m 56/108[0m [32m━━━━━━━━━━[0m[37m━━━━━━━━━━[0m [1m13s[0m 257ms/step - auc: 0.9497 - binary_accuracy: 0.8536 - loss: 0.3463
[1m 57/108[0m [32m━━━━━━━━━━[0m[37m━━━━━━━━━━[0m [1m13s[0m 257ms/step - auc: 0.9498 - binary_accuracy: 0.8539 - loss: 0.3460
[1m 58/108[0m [32m━━━━━━━━━━[0m[37m━━━━━━━━━━[0m [1m12s[0m 257ms/step - auc: 0.9498 - binary_accuracy: 0.8542 - loss: 0.3458
[1m 59/108[0m [32m━━━━━━━━━━[0m[37m━━━━━━━━━━[0m [1m12s[0m 257ms/step - auc: 0.9499 - binary_accuracy: 0.8545 - loss: 0.3455
[1m 60/108[0m [32m━━━━━━━━━━━[0m[37m━━━━━━━━━[0m [1m12s[0m 257ms/step - auc: 0.9500 - binary_accuracy: 0.8549 - loss: 0.3453
[1m 61/108[0m [32m━━━━━━━━━━━[0m[37m━━━━━━━━━[0m [1m12s[0m 257ms/step - auc: 0.9500 - binary_accuracy: 0.8551 - loss: 0.3451
[1m 62/108[0m [32m━━━━━━━━━━━[0m[37m━━━━━━━━━[0m [1m11s[0m 257ms/step - auc: 0.9501 - binary_accuracy: 0.8553 - loss: 0.3450
[1m 63/108[0m [32m━━━━━━━━━━━[0m[37m━━━━━━━━━[0m [1m11s[0m 257ms/step - auc: 0.9501 - binary_accuracy: 0.8555 - loss: 0.3448
[1m 64/108[0m [32m━━━━━━━━━━━[0m[37m━━━━━━━━━[0m [1m11s[0m 257ms/step - auc: 0.9502 - binary_accuracy: 0.8557 - loss: 0.3447
[1m 65/108[0m [32m━━━━━━━━━━━━[0m[37m━━━━━━━━[0m [1m11s[0m 257ms/step - auc: 0.9503 - binary_accuracy: 0.8559 - loss: 0.3446
[1m 66/108[0m [32m━━━━━━━━━━━━[0m[37m━━━━━━━━[0m [1m10s[0m 257ms/step - auc: 0.9503 - binary_accuracy: 0.8560 - loss: 0.3444
[1m 67/108[0m [32m━━━━━━━━━━━━[0m[37m━━━━━━━━[0m [1m10s[0m 256ms/step - auc: 0.9504 - binary_accuracy: 0.8561 - loss: 0.3443
[1m 68/108[0m [32m━━━━━━━━━━━━[0m[37m━━━━━━━━[0m [1m10s[0m 257ms/step - auc: 0.9504 - binary_accuracy: 0.8563 - loss: 0.3441
[1m 69/108[0m [32m━━━━━━━━━━━━[0m[37m━━━━━━━━[0m [1m10s[0m 257ms/step - auc: 0.9505 - binary_accuracy: 0.8564 - loss: 0.3439
[1m 70/108[0m [32m━━━━━━━━━━━━[0m[37m━━━━━━━━[0m [1m9s[0m 257ms/step - auc: 0.9505 - binary_accuracy: 0.8566 - loss: 0.3437 
[1m 71/108[0m [32m━━━━━━━━━━━━━[0m[37m━━━━━━━[0m [1m9s[0m 256ms/step - auc: 0.9506 - binary_accuracy: 0.8567 - loss: 0.3435
[1m 72/108[0m [32m━━━━━━━━━━━━━[0m[37m━━━━━━━[0m [1m9s[0m 256ms/step - auc: 0.9507 - binary_accuracy: 0.8569 - loss: 0.3434
[1m 73/108[0m [32m━━━━━━━━━━━━━[0m[37m━━━━━━━[0m [1m8s[0m 256ms/step - auc: 0.9507 - binary_accuracy: 0.8571 - loss: 0.3432
[1m 74/108[0m [32m━━━━━━━━━━━━━[0m[37m━━━━━━━[0m [1m8s[0m 256ms/step - auc: 0.9508 - binary_accuracy: 0.8572 - loss: 0.3430
[1m 75/108[0m [32m━━━━━━━━━━━━━[0m[37m━━━━━━━[0m [1m8s[0m 256ms/step - auc: 0.9508 - binary_accuracy: 0.8574 - loss: 0.3428
[1m 76/108[0m [32m━━━━━━━━━━━━━━[0m[37m━━━━━━[0m [1m8s[0m 256ms/step - auc: 0.9509 - binary_accuracy: 0.8576 - loss: 0.3426
[1m 77/108[0m [32m━━━━━━━━━━━━━━[0m[37m━━━━━━[0m [1m7s[0m 256ms/step - auc: 0.9510 - binary_accuracy: 0.8578 - loss: 0.3424
[1m 78/108[0m [32m━━━━━━━━━━━━━━[0m[37m━━━━━━[0m [1m7s[0m 256ms/step - auc: 0.9510 - binary_accuracy: 0.8579 - loss: 0.3422
[1m 79/108[0m [32m━━━━━━━━━━━━━━[0m[37m━━━━━━[0m [1m7s[0m 256ms/step - auc: 0.9511 - binary_accuracy: 0.8581 - loss: 0.3420
[1m 80/108[0m [32m━━━━━━━━━━━━━━[0m[37m━━━━━━[0m [1m7s[0m 256ms/step - auc: 0.9512 - binary_accuracy: 0.8583 - loss: 0.3418
[1m 81/108[0m [32m━━━━━━━━━━━━━━━[0m[37m━━━━━[0m [1m6s[0m 256ms/step - auc: 0.9512 - binary_accuracy: 0.8585 - loss: 0.3415
[1m 82/108[0m [32m━━━━━━━━━━━━━━━[0m[37m━━━━━[0m [1m6s[0m 256ms/step - auc: 0.9513 - binary_accuracy: 0.8587 - loss: 0.3413
[1m 83/108[0m [32m━━━━━━━━━━━━━━━[0m[37m━━━━━[0m [1m6s[0m 256ms/step - auc: 0.9514 - binary_accuracy: 0.8588 - loss: 0.3411
[1m 84/108[0m [32m━━━━━━━━━━━━━━━[0m[37m━━━━━[0m [1m6s[0m 256ms/step - auc: 0.9514 - binary_accuracy: 0.8590 - loss: 0.3409
[1m 85/108[0m [32m━━━━━━━━━━━━━━━[0m[37m━━━━━[0m [1m5s[0m 256ms/step - auc: 0.9515 - binary_accuracy: 0.8592 - loss: 0.3407
[1m 86/108[0m [32m━━━━━━━━━━━━━━━[0m[37m━━━━━[0m [1m5s[0m 256ms/step - auc: 0.9516 - binary_accuracy: 0.8593 - loss: 0.3405
[1m 87/108[0m [32m━━━━━━━━━━━━━━━━[0m[37m━━━━[0m [1m5s[0m 256ms/step - auc: 0.9516 - binary_accuracy: 0.8595 - loss: 0.3402
[1m 88/108[0m [32m━━━━━━━━━━━━━━━━[0m[37m━━━━[0m [1m5s[0m 256ms/step - auc: 0.9517 - binary_accuracy: 0.8596 - loss: 0.3400
[1m 89/108[0m [32m━━━━━━━━━━━━━━━━[0m[37m━━━━[0m [1m4s[0m 256ms/step - auc: 0.9518 - binary_accuracy: 0.8597 - loss: 0.3398
[1m 90/108[0m [32m━━━━━━━━━━━━━━━━[0m[37m━━━━[0m [1m4s[0m 256ms/step - auc: 0.9518 - binary_accuracy: 0.8598 - loss: 0.3396
[1m 91/108[0m [32m━━━━━━━━━━━━━━━━[0m[37m━━━━[0m [1m4s[0m 256ms/step - auc: 0.9518 - binary_accuracy: 0.8599 - loss: 0.3395
[1m 92/108[0m [32m━━━━━━━━━━━━━━━━━[0m[37m━━━[0m [1m4s[0m 256ms/step - auc: 0.9519 - binary_accuracy: 0.8601 - loss: 0.3393
[1m 93/108[0m [32m━━━━━━━━━━━━━━━━━[0m[37m━━━[0m [1m3s[0m 256ms/step - auc: 0.9519 - binary_accuracy: 0.8602 - loss: 0.3392
[1m 94/108[0m [32m━━━━━━━━━━━━━━━━━[0m[37m━━━[0m [1m3s[0m 256ms/step - auc: 0.9519 - binary_accuracy: 0.8603 - loss: 0.3390
[1m 95/108[0m [32m━━━━━━━━━━━━━━━━━[0m[37m━━━[0m [1m3s[0m 256ms/step - auc: 0.9520 - binary_accuracy: 0.8604 - loss: 0.3389
[1m 96/108[0m [32m━━━━━━━━━━━━━━━━━[0m[37m━━━[0m [1m3s[0m 256ms/step - auc: 0.9520 - binary_accuracy: 0.8605 - loss: 0.3388
[1m 97/108[0m [32m━━━━━━━━━━━━━━━━━[0m[37m━━━[0m [1m2s[0m 256ms/step - auc: 0.9520 - binary_accuracy: 0.8606 - loss: 0.3387
[1m 98/108[0m [32m━━━━━━━━━━━━━━━━━━[0m[37m━━[0m [1m2s[0m 256ms/step - auc: 0.9521 - binary_accuracy: 0.8608 - loss: 0.3385
[1m 99/108[0m [32m━━━━━━━━━━━━━━━━━━[0m[37m━━[0m [1m2s[0m 256ms/step - auc: 0.9521 - binary_accuracy: 0.8609 - loss: 0.3384
[1m100/108[0m [32m━━━━━━━━━━━━━━━━━━[0m[37m━━[0m [1m2s[0m 256ms/step - auc: 0.9521 - binary_accuracy: 0.8610 - loss: 0.3382
[1m101/108[0m [32m━━━━━━━━━━━━━━━━━━[0m[37m━━[0m [1m1s[0m 256ms/step - auc: 0.9522 - binary_accuracy: 0.8611 - loss: 0.3381
[1m102/108[0m [32m━━━━━━━━━━━━━━━━━━[0m[37m━━[0m [1m1s[0m 255ms/step - auc: 0.9522 - binary_accuracy: 0.8613 - loss: 0.3379
[1m103/108[0m [32m━━━━━━━━━━━━━━━━━━━[0m[37m━[0m [1m1s[0m 255ms/step - auc: 0.9523 - binary_accuracy: 0.8614 - loss: 0.3378
[1m104/108[0m [32m━━━━━━━━━━━━━━━━━━━[0m[37m━[0m [1m1s[0m 255ms/step - auc: 0.9523 - binary_accuracy: 0.8615 - loss: 0.3376
[1m105/108[0m [32m━━━━━━━━━━━━━━━━━━━[0m[37m━[0m [1m0s[0m 255ms/step - auc: 0.9523 - binary_accuracy: 0.8617 - loss: 0.3375
[1m106/108[0m [32m━━━━━━━━━━━━━━━━━━━[0m[37m━[0m [1m0s[0m 255ms/step - auc: 0.9524 - binary_accuracy: 0.8618 - loss: 0.3374
[1m107/108[0m [32m━━━━━━━━━━━━━━━━━━━[0m[37m━[0m [1m0s[0m 255ms/step - auc: 0.9524 - binary_accuracy: 0.8619 - loss: 0.3372
[1m108/108[0m [32m━━━━━━━━━━━━━━━━━━━━[0m[37m[0m [1m0s[0m 254ms/step - auc: 0.9525 - binary_accuracy: 0.8620 - loss: 0.3371transfer phase-a: epoch 3/8 done in 33.9s loss=0.3217 auc=0.9563 val_loss=0.2914 val_auc=0.9681

[1m108/108[0m [32m━━━━━━━━━━━━━━━━━━━━[0m[37m[0m [1m34s[0m 312ms/step - auc: 0.9563 - binary_accuracy: 0.8730 - loss: 0.3217 - val_auc: 0.9681 - val_binary_accuracy: 0.8968 - val_loss: 0.2914
[INFO] focus_binary.focus_binary.models.transfer: phase2: fine-tuning
[INFO] focus_binary.focus_binary.models.transfer: unfreeze blocks
transfer phase-a: epoch 1/8 start
Epoch 1/5

[1m  1/108[0m [37m━━━━━━━━━━━━━━━━━━━━[0m [1m5:59[0m 3s/step - auc: 0.9556 - binary_accuracy: 0.8125 - loss: 0.4138
[1m  2/108[0m [37m━━━━━━━━━━━━━━━━━━━━[0m [1m29s[0m 283ms/step - auc: 0.9324 - binary_accuracy: 0.7656 - loss: 0.4986
[1m  3/108[0m [37m━━━━━━━━━━━━━━━━━━━━[0m [1m29s[0m 277ms/step - auc: 0.9182 - binary_accuracy: 0.7708 - loss: 0.5256
[1m  4/108[0m [37m━━━━━━━━━━━━━━━━━━━━[0m [1m28s[0m 274ms/step - auc: 0.9122 - binary_accuracy: 0.7832 - loss: 0.5379
[1m  5/108[0m [37m━━━━━━━━━━━━━━━━━━━━[0m [1m28s[0m 273ms/step - auc: 0.9045 - binary_accuracy: 0.7903 - loss: 0.5553
[1m  6/108[0m [32m━[0m[37m━━━━━━━━━━━━━━━━━━━[0m [1m27s[0m 274ms/step - auc: 0.8999 - binary_accuracy: 0.7914 - loss: 0.5603
[1m  7/108[0m [32m━[0m[37m━━━━━━━━━━━━━━━━━━━[0m [1m27s[0m 274ms/step - auc: 0.8937 - binary_accuracy: 0.7855 - loss: 0.5710
[1m  8/108[0m [32m━[0m[37m━━━━━━━━━━━━━━━━━━━[0m [1m27s[0m 275ms/step - auc: 0.8870 - binary_accuracy: 0.7762 - loss: 0.5813
[1m  9/108[0m [32m━[0m[37m━━━━━━━━━━━━━━━━━━━[0m [1m27s[0m 276ms/step - auc: 0.8820 - binary_accuracy: 0.7682 - loss: 0.5866
[1m 10/108[0m [32m━[0m[37m━━━━━━━━━━━━━━━━━━━[0m [1m27s[0m 277ms/step - auc: 0.8786 - binary_accuracy: 0.7624 - loss: 0.5880
[1m 11/108[0m [32m━━[0m[37m━━━━━━━━━━━━━━━━━━[0m [1m26s[0m 277ms/step - auc: 0.8756 - binary_accuracy: 0.7587 - loss: 0.5877
[1m 12/108[0m [32m━━[0m[37m━━━━━━━━━━━━━━━━━━[0m [1m26s[0m 277ms/step - auc: 0.8735 - binary_accuracy: 0.7562 - loss: 0.5872
[1m 13/108[0m [32m━━[0m[37m━━━━━━━━━━━━━━━━━━[0m [1m26s[0m 279ms/step - auc: 0.8706 - binary_accuracy: 0.7554 - loss: 0.5892
[1m 14/108[0m [32m━━[0m[37m━━━━━━━━━━━━━━━━━━[0m [1m26s[0m 281ms/step - auc: 0.8691 - binary_accuracy: 0.7558 - loss: 0.5884
[1m 15/108[0m [32m━━[0m[37m━━━━━━━━━━━━━━━━━━[0m [1m26s[0m 284ms/step - auc: 0.8683 - binary_accuracy: 0.7570 - loss: 0.5856
[1m 16/108[0m [32m━━[0m[37m━━━━━━━━━━━━━━━━━━[0m [1m26s[0m 284ms/step - auc: 0.8664 - binary_accuracy: 0.7588 - loss: 0.5863
[1m 17/108[0m [32m━━━[0m[37m━━━━━━━━━━━━━━━━━[0m [1m25s[0m 284ms/step - auc: 0.8649 - binary_accuracy: 0.7610 - loss: 0.5866
[1m 18/108[0m [32m━━━[0m[37m━━━━━━━━━━━━━━━━━[0m [1m25s[0m 284ms/step - auc: 0.8633 - binary_accuracy: 0.7630 - loss: 0.5874
[1m 19/108[0m [32m━━━[0m[37m━━━━━━━━━━━━━━━━━[0m [1m25s[0m 284ms/step - auc: 0.8617 - binary_accuracy: 0.7644 - loss: 0.5877
[1m 20/108[0m [32m━━━[0m[37m━━━━━━━━━━━━━━━━━[0m [1m25s[0m 284ms/step - auc: 0.8604 - binary_accuracy: 0.7654 - loss: 0.5879
[1m 21/108[0m [32m━━━[0m[37m━━━━━━━━━━━━━━━━━[0m [1m24s[0m 284ms/step - auc: 0.8591 - binary_accuracy: 0.7663 - loss: 0.5892
[1m 22/108[0m [32m━━━━[0m[37m━━━━━━━━━━━━━━━━[0m [1m24s[0m 284ms/step - auc: 0.8574 - binary_accuracy: 0.7662 - loss: 0.5905
[1m 23/108[0m [32m━━━━[0m[37m━━━━━━━━━━━━━━━━[0m [1m24s[0m 284ms/step - auc: 0.8560 - binary_accuracy: 0.7660 - loss: 0.5916
[1m 24/108[0m [32m━━━━[0m[37m━━━━━━━━━━━━━━━━[0m [1m23s[0m 284ms/step - auc: 0.8544 - binary_accuracy: 0.7655 - loss: 0.5926
[1m 25/108[0m [32m━━━━[0m[37m━━━━━━━━━━━━━━━━[0m [1m23s[0m 285ms/step - auc: 0.8531 - binary_accuracy: 0.7651 - loss: 0.5930
[1m 26/108[0m [32m━━━━[0m[37m━━━━━━━━━━━━━━━━[0m [1m23s[0m 285ms/step - auc: 0.8521 - binary_accuracy: 0.7648 - loss: 0.5932
[1m 27/108[0m [32m━━━━━[0m[37m━━━━━━━━━━━━━━━[0m [1m23s[0m 285ms/step - auc: 0.8509 - binary_accuracy: 0.7643 - loss: 0.5939
[1m 28/108[0m [32m━━━━━[0m[37m━━━━━━━━━━━━━━━[0m [1m22s[0m 285ms/step - auc: 0.8499 - binary_accuracy: 0.7639 - loss: 0.5944
[1m 29/108[0m [32m━━━━━[0m[37m━━━━━━━━━━━━━━━[0m [1m22s[0m 285ms/step - auc: 0.8491 - binary_accuracy: 0.7634 - loss: 0.5947
[1m 30/108[0m [32m━━━━━[0m[37m━━━━━━━━━━━━━━━[0m [1m22s[0m 285ms/step - auc: 0.8481 - binary_accuracy: 0.7627 - loss: 0.5949
[1m 31/108[0m [32m━━━━━[0m[37m━━━━━━━━━━━━━━━[0m [1m21s[0m 285ms/step - auc: 0.8472 - binary_accuracy: 0.7618 - loss: 0.5950
[1m 32/108[0m [32m━━━━━[0m[37m━━━━━━━━━━━━━━━[0m [1m21s[0m 285ms/step - auc: 0.8464 - binary_accuracy: 0.7610 - loss: 0.5948
[1m 33/108[0m [32m━━━━━━[0m[37m━━━━━━━━━━━━━━[0m [1m21s[0m 285ms/step - auc: 0.8458 - binary_accuracy: 0.7603 - loss: 0.5943
[1m 34/108[0m [32m━━━━━━[0m[37m━━━━━━━━━━━━━━[0m [1m21s[0m 285ms/step - auc: 0.8451 - binary_accuracy: 0.7598 - loss: 0.5937
[1m 35/108[0m [32m━━━━━━[0m[37m━━━━━━━━━━━━━━[0m [1m20s[0m 285ms/step - auc: 0.8446 - binary_accuracy: 0.7595 - loss: 0.5929
[1m 36/108[0m [32m━━━━━━[0m[37m━━━━━━━━━━━━━━[0m [1m20s[0m 285ms/step - auc: 0.8442 - binary_accuracy: 0.7593 - loss: 0.5921
[1m 37/108[0m [32m━━━━━━[0m[37m━━━━━━━━━━━━━━[0m [1m20s[0m 285ms/step - auc: 0.8437 - binary_accuracy: 0.7593 - loss: 0.5915
[1m 38/108[0m [32m━━━━━━━[0m[37m━━━━━━━━━━━━━[0m [1m19s[0m 285ms/step - auc: 0.8432 - binary_accuracy: 0.7593 - loss: 0.5907
[1m 39/108[0m [32m━━━━━━━[0m[37m━━━━━━━━━━━━━[0m [1m19s[0m 285ms/step - auc: 0.8428 - binary_accuracy: 0.7594 - loss: 0.5899
[1m 40/108[0m [32m━━━━━━━[0m[37m━━━━━━━━━━━━━[0m [1m19s[0m 285ms/step - auc: 0.8424 - binary_accuracy: 0.7595 - loss: 0.5891
[1m 41/108[0m [32m━━━━━━━[0m[37m━━━━━━━━━━━━━[0m [1m19s[0m 285ms/step - auc: 0.8421 - binary_accuracy: 0.7596 - loss: 0.5882
[1m 42/108[0m [32m━━━━━━━[0m[37m━━━━━━━━━━━━━[0m [1m18s[0m 285ms/step - auc: 0.8418 - binary_accuracy: 0.7596 - loss: 0.5876
[1m 43/108[0m [32m━━━━━━━[0m[37m━━━━━━━━━━━━━[0m [1m18s[0m 285ms/step - auc: 0.8414 - binary_accuracy: 0.7594 - loss: 0.5869
[1m 44/108[0m [32m━━━━━━━━[0m[37m━━━━━━━━━━━━[0m [1m18s[0m 286ms/step - auc: 0.8411 - binary_accuracy: 0.7593 - loss: 0.5861
[1m 45/108[0m [32m━━━━━━━━[0m[37m━━━━━━━━━━━━[0m [1m17s[0m 286ms/step - auc: 0.8409 - binary_accuracy: 0.7592 - loss: 0.5852
[1m 46/108[0m [32m━━━━━━━━[0m[37m━━━━━━━━━━━━[0m [1m17s[0m 286ms/step - auc: 0.8407 - binary_accuracy: 0.7592 - loss: 0.5844
[1m 47/108[0m [32m━━━━━━━━[0m[37m━━━━━━━━━━━━[0m [1m17s[0m 286ms/step - auc: 0.8406 - binary_accuracy: 0.7592 - loss: 0.5835
[1m 48/108[0m [32m━━━━━━━━[0m[37m━━━━━━━━━━━━[0m [1m17s[0m 286ms/step - auc: 0.8405 - binary_accuracy: 0.7594 - loss: 0.5826
[1m 49/108[0m [32m━━━━━━━━━[0m[37m━━━━━━━━━━━[0m [1m16s[0m 286ms/step - auc: 0.8405 - binary_accuracy: 0.7596 - loss: 0.5816
[1m 50/108[0m [32m━━━━━━━━━[0m[37m━━━━━━━━━━━[0m [1m16s[0m 286ms/step - auc: 0.8404 - binary_accuracy: 0.7599 - loss: 0.5806
[1m 51/108[0m [32m━━━━━━━━━[0m[37m━━━━━━━━━━━[0m [1m16s[0m 286ms/step - auc: 0.8404 - binary_accuracy: 0.7603 - loss: 0.5797
[1m 52/108[0m [32m━━━━━━━━━[0m[37m━━━━━━━━━━━[0m [1m15s[0m 286ms/step - auc: 0.8404 - binary_accuracy: 0.7606 - loss: 0.5790
[1m 53/108[0m [32m━━━━━━━━━[0m[37m━━━━━━━━━━━[0m [1m15s[0m 286ms/step - auc: 0.8404 - binary_accuracy: 0.7610 - loss: 0.5782
[1m 54/108[0m [32m━━━━━━━━━━[0m[37m━━━━━━━━━━[0m [1m15s[0m 286ms/step - auc: 0.8405 - binary_accuracy: 0.7614 - loss: 0.5774
[1m 55/108[0m [32m━━━━━━━━━━[0m[37m━━━━━━━━━━[0m [1m15s[0m 286ms/step - auc: 0.8406 - binary_accuracy: 0.7617 - loss: 0.5767
[1m 56/108[0m [32m━━━━━━━━━━[0m[37m━━━━━━━━━━[0m [1m14s[0m 286ms/step - auc: 0.8406 - binary_accuracy: 0.7619 - loss: 0.5760
[1m 57/108[0m [32m━━━━━━━━━━[0m[37m━━━━━━━━━━[0m [1m14s[0m 286ms/step - auc: 0.8407 - binary_accuracy: 0.7621 - loss: 0.5753
[1m 58/108[0m [32m━━━━━━━━━━[0m[37m━━━━━━━━━━[0m [1m14s[0m 286ms/step - auc: 0.8407 - binary_accuracy: 0.7623 - loss: 0.5746
[1m 59/108[0m [32m━━━━━━━━━━[0m[37m━━━━━━━━━━[0m [1m14s[0m 286ms/step - auc: 0.8408 - binary_accuracy: 0.7624 - loss: 0.5738
[1m 60/108[0m [32m━━━━━━━━━━━[0m[37m━━━━━━━━━[0m [1m13s[0m 286ms/step - auc: 0.8409 - binary_accuracy: 0.7626 - loss: 0.5732
[1m 61/108[0m [32m━━━━━━━━━━━[0m[37m━━━━━━━━━[0m [1m13s[0m 286ms/step - auc: 0.8411 - binary_accuracy: 0.7628 - loss: 0.5725
[1m 62/108[0m [32m━━━━━━━━━━━[0m[37m━━━━━━━━━[0m [1m13s[0m 286ms/step - auc: 0.8412 - binary_accuracy: 0.7631 - loss: 0.5718
[1m 63/108[0m [32m━━━━━━━━━━━[0m[37m━━━━━━━━━[0m [1m12s[0m 286ms/step - auc: 0.8414 - binary_accuracy: 0.7633 - loss: 0.5711
[1m 64/108[0m [32m━━━━━━━━━━━[0m[37m━━━━━━━━━[0m [1m12s[0m 286ms/step - auc: 0.8416 - binary_accuracy: 0.7636 - loss: 0.5704
[1m 65/108[0m [32m━━━━━━━━━━━━[0m[37m━━━━━━━━[0m [1m12s[0m 286ms/step - auc: 0.8418 - binary_accuracy: 0.7639 - loss: 0.5697
[1m 66/108[0m [32m━━━━━━━━━━━━[0m[37m━━━━━━━━[0m [1m12s[0m 286ms/step - auc: 0.8420 - binary_accuracy: 0.7642 - loss: 0.5690
[1m 67/108[0m [32m━━━━━━━━━━━━[0m[37m━━━━━━━━[0m [1m11s[0m 286ms/step - auc: 0.8423 - binary_accuracy: 0.7644 - loss: 0.5683
[1m 68/108[0m [32m━━━━━━━━━━━━[0m[37m━━━━━━━━[0m [1m11s[0m 286ms/step - auc: 0.8425 - binary_accuracy: 0.7647 - loss: 0.5675
[1m 69/108[0m [32m━━━━━━━━━━━━[0m[37m━━━━━━━━[0m [1m11s[0m 286ms/step - auc: 0.8427 - binary_accuracy: 0.7650 - loss: 0.5667
[1m 70/108[0m [32m━━━━━━━━━━━━[0m[37m━━━━━━━━[0m [1m10s[0m 286ms/step - auc: 0.8430 - binary_accuracy: 0.7653 - loss: 0.5659
[1m 71/108[0m [32m━━━━━━━━━━━━━[0m[37m━━━━━━━[0m [1m10s[0m 286ms/step - auc: 0.8432 - binary_accuracy: 0.7657 - loss: 0.5652
[1m 72/108[0m [32m━━━━━━━━━━━━━[0m[37m━━━━━━━[0m [1m10s[0m 286ms/step - auc: 0.8435 - binary_accuracy: 0.7660 - loss: 0.5644
[1m 73/108[0m [32m━━━━━━━━━━━━━[0m[37m━━━━━━━[0m [1m10s[0m 286ms/step - auc: 0.8438 - binary_accuracy: 0.7663 - loss: 0.5636
[1m 74/108[0m [32m━━━━━━━━━━━━━[0m[37m━━━━━━━[0m [1m9s[0m 286ms/step - auc: 0.8440 - binary_accuracy: 0.7666 - loss: 0.5628 
[1m 75/108[0m [32m━━━━━━━━━━━━━[0m[37m━━━━━━━[0m [1m9s[0m 286ms/step - auc: 0.8443 - binary_accuracy: 0.7669 - loss: 0.5620
[1m 76/108[0m [32m━━━━━━━━━━━━━━[0m[37m━━━━━━[0m [1m9s[0m 286ms/step - auc: 0.8446 - binary_accuracy: 0.7672 - loss: 0.5612
[1m 77/108[0m [32m━━━━━━━━━━━━━━[0m[37m━━━━━━[0m [1m8s[0m 286ms/step - auc: 0.8449 - binary_accuracy: 0.7675 - loss: 0.5604
[1m 78/108[0m [32m━━━━━━━━━━━━━━[0m[37m━━━━━━[0m [1m8s[0m 286ms/step - auc: 0.8452 - binary_accuracy: 0.7678 - loss: 0.5595
[1m 79/108[0m [32m━━━━━━━━━━━━━━[0m[37m━━━━━━[0m [1m8s[0m 286ms/step - auc: 0.8455 - binary_accuracy: 0.7681 - loss: 0.5587
[1m 80/108[0m [32m━━━━━━━━━━━━━━[0m[37m━━━━━━[0m [1m8s[0m 286ms/step - auc: 0.8458 - binary_accuracy: 0.7685 - loss: 0.5579
[1m 81/108[0m [32m━━━━━━━━━━━━━━━[0m[37m━━━━━[0m [1m7s[0m 286ms/step - auc: 0.8461 - binary_accuracy: 0.7688 - loss: 0.5571
[1m 82/108[0m [32m━━━━━━━━━━━━━━━[0m[37m━━━━━[0m [1m7s[0m 286ms/step - auc: 0.8464 - binary_accuracy: 0.7692 - loss: 0.5562
[1m 83/108[0m [32m━━━━━━━━━━━━━━━[0m[37m━━━━━[0m [1m7s[0m 286ms/step - auc: 0.8467 - binary_accuracy: 0.7695 - loss: 0.5554
[1m 84/108[0m [32m━━━━━━━━━━━━━━━[0m[37m━━━━━[0m [1m6s[0m 286ms/step - auc: 0.8471 - binary_accuracy: 0.7699 - loss: 0.5545
[1m 85/108[0m [32m━━━━━━━━━━━━━━━[0m[37m━━━━━[0m [1m6s[0m 286ms/step - auc: 0.8474 - binary_accuracy: 0.7702 - loss: 0.5537
[1m 86/108[0m [32m━━━━━━━━━━━━━━━[0m[37m━━━━━[0m [1m6s[0m 286ms/step - auc: 0.8477 - binary_accuracy: 0.7706 - loss: 0.5529
[1m 87/108[0m [32m━━━━━━━━━━━━━━━━[0m[37m━━━━[0m [1m6s[0m 286ms/step - auc: 0.8481 - binary_accuracy: 0.7709 - loss: 0.5520
[1m 88/108[0m [32m━━━━━━━━━━━━━━━━[0m[37m━━━━[0m [1m5s[0m 286ms/step - auc: 0.8484 - binary_accuracy: 0.7712 - loss: 0.5512
[1m 89/108[0m [32m━━━━━━━━━━━━━━━━[0m[37m━━━━[0m [1m5s[0m 286ms/step - auc: 0.8487 - binary_accuracy: 0.7714 - loss: 0.5504
[1m 90/108[0m [32m━━━━━━━━━━━━━━━━[0m[37m━━━━[0m [1m5s[0m 286ms/step - auc: 0.8490 - binary_accuracy: 0.7717 - loss: 0.5496
[1m 91/108[0m [32m━━━━━━━━━━━━━━━━[0m[37m━━━━[0m [1m4s[0m 286ms/step - auc: 0.8493 - binary_accuracy: 0.7720 - loss: 0.5489
[1m 92/108[0m [32m━━━━━━━━━━━━━━━━━[0m[37m━━━[0m [1m4s[0m 286ms/step - auc: 0.8496 - binary_accuracy: 0.7724 - loss: 0.5482
[1m 93/108[0m [32m━━━━━━━━━━━━━━━━━[0m[37m━━━[0m [1m4s[0m 286ms/step - auc: 0.8499 - binary_accuracy: 0.7727 - loss: 0.5474
[1m 94/108[0m [32m━━━━━━━━━━━━━━━━━[0m[37m━━━[0m [1m4s[0m 286ms/step - auc: 0.8501 - binary_accuracy: 0.7730 - loss: 0.5467
[1m 95/108[0m [32m━━━━━━━━━━━━━━━━━[0m[37m━━━[0m [1m3s[0m 286ms/step - auc: 0.8504 - binary_accuracy: 0.7733 - loss: 0.5460
[1m 96/108[0m [32m━━━━━━━━━━━━━━━━━[0m[37m━━━[0m [1m3s[0m 286ms/step - auc: 0.8507 - binary_accuracy: 0.7736 - loss: 0.5453
[1m 97/108[0m [32m━━━━━━━━━━━━━━━━━[0m[37m━━━[0m [1m3s[0m 286ms/step - auc: 0.8510 - binary_accuracy: 0.7738 - loss: 0.5446
[1m 98/108[0m [32m━━━━━━━━━━━━━━━━━━[0m[37m━━[0m [1m2s[0m 286ms/step - auc: 0.8513 - binary_accuracy: 0.7741 - loss: 0.5439
[1m 99/108[0m [32m━━━━━━━━━━━━━━━━━━[0m[37m━━[0m [1m2s[0m 286ms/step - auc: 0.8516 - binary_accuracy: 0.7743 - loss: 0.5432
[1m100/108[0m [32m━━━━━━━━━━━━━━━━━━[0m[37m━━[0m [1m2s[0m 286ms/step - auc: 0.8518 - binary_accuracy: 0.7746 - loss: 0.5426
[1m101/108[0m [32m━━━━━━━━━━━━━━━━━━[0m[37m━━[0m [1m2s[0m 286ms/step - auc: 0.8521 - binary_accuracy: 0.7748 - loss: 0.5420
[1m102/108[0m [32m━━━━━━━━━━━━━━━━━━[0m[37m━━[0m [1m1s[0m 286ms/step - auc: 0.8523 - binary_accuracy: 0.7751 - loss: 0.5414
[1m103/108[0m [32m━━━━━━━━━━━━━━━━━━━[0m[37m━[0m [1m1s[0m 286ms/step - auc: 0.8525 - binary_accuracy: 0.7754 - loss: 0.5408
[1m104/108[0m [32m━━━━━━━━━━━━━━━━━━━[0m[37m━[0m [1m1s[0m 286ms/step - auc: 0.8528 - binary_accuracy: 0.7756 - loss: 0.5402
[1m105/108[0m [32m━━━━━━━━━━━━━━━━━━━[0m[37m━[0m [1m0s[0m 286ms/step - auc: 0.8530 - binary_accuracy: 0.7759 - loss: 0.5396
[1m106/108[0m [32m━━━━━━━━━━━━━━━━━━━[0m[37m━[0m [1m0s[0m 286ms/step - auc: 0.8532 - binary_accuracy: 0.7761 - loss: 0.5390
[1m107/108[0m [32m━━━━━━━━━━━━━━━━━━━[0m[37m━[0m [1m0s[0m 286ms/step - auc: 0.8534 - binary_accuracy: 0.7763 - loss: 0.5384
[1m108/108[0m [32m━━━━━━━━━━━━━━━━━━━━[0m[37m[0m [1m0s[0m 285ms/step - auc: 0.8537 - binary_accuracy: 0.7765 - loss: 0.5379transfer phase-a: epoch 1/8 done in 40.7s loss=0.4786 auc=0.8763 val_loss=0.4157 val_auc=0.9415

[1m108/108[0m [32m━━━━━━━━━━━━━━━━━━━━[0m[37m[0m [1m41s[0m 349ms/step - auc: 0.8763 - binary_accuracy: 0.7974 - loss: 0.4786 - val_auc: 0.9415 - val_binary_accuracy: 0.8396 - val_loss: 0.4157
transfer phase-a: epoch 2/8 start
Epoch 2/5

[1m  1/108[0m [37m━━━━━━━━━━━━━━━━━━━━[0m [1m51s[0m 480ms/step - auc: 0.9407 - binary_accuracy: 0.7188 - loss: 0.4661
[1m  2/108[0m [37m━━━━━━━━━━━━━━━━━━━━[0m [1m29s[0m 281ms/step - auc: 0.9398 - binary_accuracy: 0.7656 - loss: 0.4512
[1m  3/108[0m [37m━━━━━━━━━━━━━━━━━━━━[0m [1m29s[0m 281ms/step - auc: 0.9426 - binary_accuracy: 0.7917 - loss: 0.4262
[1m  4/108[0m [37m━━━━━━━━━━━━━━━━━━━━[0m [1m29s[0m 281ms/step - auc: 0.9472 - binary_accuracy: 0.8145 - loss: 0.4074
[1m  5/108[0m [37m━━━━━━━━━━━━━━━━━━━━[0m [1m28s[0m 280ms/step - auc: 0.9469 - binary_accuracy: 0.8291 - loss: 0.4048
[1m  6/108[0m [32m━[0m[37m━━━━━━━━━━━━━━━━━━━[0m [1m28s[0m 281ms/step - auc: 0.9482 - binary_accuracy: 0.8393 - loss: 0.3983
[1m  7/108[0m [32m━[0m[37m━━━━━━━━━━━━━━━━━━━[0m [1m28s[0m 280ms/step - auc: 0.9485 - binary_accuracy: 0.8463 - loss: 0.3964
[1m  8/108[0m [32m━[0m[37m━━━━━━━━━━━━━━━━━━━[0m [1m28s[0m 280ms/step - auc: 0.9485 - binary_accuracy: 0.8504 - loss: 0.3930
[1m  9/108[0m [32m━[0m[37m━━━━━━━━━━━━━━━━━━━[0m [1m27s[0m 280ms/step - auc: 0.9492 - binary_accuracy: 0.8539 - loss: 0.3881
[1m 10/108[0m [32m━[0m[37m━━━━━━━━━━━━━━━━━━━[0m [1m27s[0m 280ms/step - auc: 0.9489 - binary_accuracy: 0.8545 - loss: 0.3847
[1m 11/108[0m [32m━━[0m[37m━━━━━━━━━━━━━━━━━━[0m [1m27s[0m 281ms/step - auc: 0.9482 - binary_accuracy: 0.8532 - loss: 0.3823
[1m 12/108[0m [32m━━[0m[37m━━━━━━━━━━━━━━━━━━[0m [1m26s[0m 281ms/step - auc: 0.9479 - binary_accuracy: 0.8520 - loss: 0.3798
[1m 13/108[0m [32m━━[0m[37m━━━━━━━━━━━━━━━━━━[0m [1m26s[0m 281ms/step - auc: 0.9476 - binary_accuracy: 0.8514 - loss: 0.3774
[1m 14/108[0m [32m━━[0m[37m━━━━━━━━━━━━━━━━━━[0m [1m26s[0m 281ms/step - auc: 0.9479 - binary_accuracy: 0.8516 - loss: 0.3741
[1m 15/108[0m [32m━━[0m[37m━━━━━━━━━━━━━━━━━━[0m [1m26s[0m 281ms/step - auc: 0.9483 - binary_accuracy: 0.8525 - loss: 0.3702
[1m 16/108[0m [32m━━[0m[37m━━━━━━━━━━━━━━━━━━[0m [1m25s[0m 282ms/step - auc: 0.9466 - binary_accuracy: 0.8534 - loss: 0.3711
[1m 17/108[0m [32m━━━[0m[37m━━━━━━━━━━━━━━━━━[0m [1m25s[0m 282ms/step - auc: 0.9452 - binary_accuracy: 0.8546 - loss: 0.3717
[1m 18/108[0m [32m━━━[0m[37m━━━━━━━━━━━━━━━━━[0m [1m25s[0m 282ms/step - auc: 0.9442 - binary_accuracy: 0.8558 - loss: 0.3725
[1m 19/108[0m [32m━━━[0m[37m━━━━━━━━━━━━━━━━━[0m [1m25s[0m 282ms/step - auc: 0.9432 - binary_accuracy: 0.8568 - loss: 0.3728
[1m 20/108[0m [32m━━━[0m[37m━━━━━━━━━━━━━━━━━[0m [1m24s[0m 283ms/step - auc: 0.9422 - binary_accuracy: 0.8573 - loss: 0.3736
[1m 21/108[0m [32m━━━[0m[37m━━━━━━━━━━━━━━━━━[0m [1m24s[0m 283ms/step - auc: 0.9411 - binary_accuracy: 0.8577 - loss: 0.3756
[1m 22/108[0m [32m━━━━[0m[37m━━━━━━━━━━━━━━━━[0m [1m24s[0m 283ms/step - auc: 0.9398 - binary_accuracy: 0.8572 - loss: 0.3777
[1m 23/108[0m [32m━━━━[0m[37m━━━━━━━━━━━━━━━━[0m [1m24s[0m 283ms/step - auc: 0.9387 - binary_accuracy: 0.8567 - loss: 0.3795
[1m 24/108[0m [32m━━━━[0m[37m━━━━━━━━━━━━━━━━[0m [1m23s[0m 283ms/step - auc: 0.9376 - binary_accuracy: 0.8559 - loss: 0.3813
[1m 25/108[0m [32m━━━━[0m[37m━━━━━━━━━━━━━━━━[0m [1m23s[0m 283ms/step - auc: 0.9366 - binary_accuracy: 0.8553 - loss: 0.3827
[1m 26/108[0m [32m━━━━[0m[37m━━━━━━━━━━━━━━━━[0m [1m23s[0m 283ms/step - auc: 0.9357 - binary_accuracy: 0.8547 - loss: 0.3840
[1m 27/108[0m [32m━━━━━[0m[37m━━━━━━━━━━━━━━━[0m [1m22s[0m 283ms/step - auc: 0.9349 - binary_accuracy: 0.8541 - loss: 0.3855
[1m 28/108[0m [32m━━━━━[0m[37m━━━━━━━━━━━━━━━[0m [1m22s[0m 284ms/step - auc: 0.9343 - binary_accuracy: 0.8533 - loss: 0.3868
[1m 29/108[0m [32m━━━━━[0m[37m━━━━━━━━━━━━━━━[0m [1m22s[0m 284ms/step - auc: 0.9336 - binary_accuracy: 0.8525 - loss: 0.3882
[1m 30/108[0m [32m━━━━━[0m[37m━━━━━━━━━━━━━━━[0m [1m22s[0m 284ms/step - auc: 0.9329 - binary_accuracy: 0.8516 - loss: 0.3894
[1m 31/108[0m [32m━━━━━[0m[37m━━━━━━━━━━━━━━━[0m [1m21s[0m 284ms/step - auc: 0.9323 - binary_accuracy: 0.8506 - loss: 0.3905
[1m 32/108[0m [32m━━━━━[0m[37m━━━━━━━━━━━━━━━[0m [1m21s[0m 284ms/step - auc: 0.9316 - binary_accuracy: 0.8495 - loss: 0.3915
[1m 33/108[0m [32m━━━━━━[0m[37m━━━━━━━━━━━━━━[0m [1m21s[0m 284ms/step - auc: 0.9311 - binary_accuracy: 0.8486 - loss: 0.3921
[1m 34/108[0m [32m━━━━━━[0m[37m━━━━━━━━━━━━━━[0m [1m21s[0m 284ms/step - auc: 0.9306 - binary_accuracy: 0.8479 - loss: 0.3926
[1m 35/108[0m [32m━━━━━━[0m[37m━━━━━━━━━━━━━━[0m [1m20s[0m 284ms/step - auc: 0.9302 - binary_accuracy: 0.8473 - loss: 0.3930
[1m 36/108[0m [32m━━━━━━[0m[37m━━━━━━━━━━━━━━[0m [1m20s[0m 284ms/step - auc: 0.9299 - binary_accuracy: 0.8468 - loss: 0.3933
[1m 37/108[0m [32m━━━━━━[0m[37m━━━━━━━━━━━━━━[0m [1m20s[0m 284ms/step - auc: 0.9295 - binary_accuracy: 0.8464 - loss: 0.3936
[1m 38/108[0m [32m━━━━━━━[0m[37m━━━━━━━━━━━━━[0m [1m19s[0m 284ms/step - auc: 0.9293 - binary_accuracy: 0.8460 - loss: 0.3937
[1m 39/108[0m [32m━━━━━━━[0m[37m━━━━━━━━━━━━━[0m [1m19s[0m 284ms/step - auc: 0.9290 - binary_accuracy: 0.8458 - loss: 0.3938
[1m 40/108[0m [32m━━━━━━━[0m[37m━━━━━━━━━━━━━[0m [1m19s[0m 284ms/step - auc: 0.9287 - binary_accuracy: 0.8456 - loss: 0.3939
[1m 41/108[0m [32m━━━━━━━[0m[37m━━━━━━━━━━━━━[0m [1m19s[0m 284ms/step - auc: 0.9285 - binary_accuracy: 0.8454 - loss: 0.3940
[1m 42/108[0m [32m━━━━━━━[0m[37m━━━━━━━━━━━━━[0m [1m18s[0m 284ms/step - auc: 0.9283 - binary_accuracy: 0.8451 - loss: 0.3940
[1m 43/108[0m [32m━━━━━━━[0m[37m━━━━━━━━━━━━━[0m [1m18s[0m 284ms/step - auc: 0.9281 - binary_accuracy: 0.8449 - loss: 0.3941
[1m 44/108[0m [32m━━━━━━━━[0m[37m━━━━━━━━━━━━[0m [1m18s[0m 285ms/step - auc: 0.9279 - binary_accuracy: 0.8446 - loss: 0.3940
[1m 45/108[0m [32m━━━━━━━━[0m[37m━━━━━━━━━━━━[0m [1m17s[0m 285ms/step - auc: 0.9278 - binary_accuracy: 0.8444 - loss: 0.3939
[1m 46/108[0m [32m━━━━━━━━[0m[37m━━━━━━━━━━━━[0m [1m17s[0m 286ms/step - auc: 0.9277 - binary_accuracy: 0.8442 - loss: 0.3937
[1m 47/108[0m [32m━━━━━━━━[0m[37m━━━━━━━━━━━━[0m [1m17s[0m 286ms/step - auc: 0.9276 - binary_accuracy: 0.8441 - loss: 0.3936
[1m 48/108[0m [32m━━━━━━━━[0m[37m━━━━━━━━━━━━[0m [1m17s[0m 286ms/step - auc: 0.9275 - binary_accuracy: 0.8440 - loss: 0.3935
[1m 49/108[0m [32m━━━━━━━━━[0m[37m━━━━━━━━━━━[0m [1m16s[0m 286ms/step - auc: 0.9275 - binary_accuracy: 0.8440 - loss: 0.3932
[1m 50/108[0m [32m━━━━━━━━━[0m[37m━━━━━━━━━━━[0m [1m16s[0m 286ms/step - auc: 0.9274 - binary_accuracy: 0.8440 - loss: 0.3930
[1m 51/108[0m [32m━━━━━━━━━[0m[37m━━━━━━━━━━━[0m [1m16s[0m 286ms/step - auc: 0.9274 - binary_accuracy: 0.8441 - loss: 0.3928
[1m 52/108[0m [32m━━━━━━━━━[0m[37m━━━━━━━━━━━[0m [1m16s[0m 286ms/step - auc: 0.9273 - binary_accuracy: 0.8441 - loss: 0.3926
[1m 53/108[0m [32m━━━━━━━━━[0m[37m━━━━━━━━━━━[0m [1m15s[0m 286ms/step - auc: 0.9273 - binary_accuracy: 0.8442 - loss: 0.3925
[1m 54/108[0m [32m━━━━━━━━━━[0m[37m━━━━━━━━━━[0m [1m15s[0m 286ms/step - auc: 0.9274 - binary_accuracy: 0.8442 - loss: 0.3923
[1m 55/108[0m [32m━━━━━━━━━━[0m[37m━━━━━━━━━━[0m [1m15s[0m 286ms/step - auc: 0.9274 - binary_accuracy: 0.8442 - loss: 0.3922
[1m 56/108[0m [32m━━━━━━━━━━[0m[37m━━━━━━━━━━[0m [1m14s[0m 286ms/step - auc: 0.9274 - binary_accuracy: 0.8443 - loss: 0.3920
[1m 57/108[0m [32m━━━━━━━━━━[0m[37m━━━━━━━━━━[0m [1m14s[0m 286ms/step - auc: 0.9275 - binary_accuracy: 0.8443 - loss: 0.3918
[1m 58/108[0m [32m━━━━━━━━━━[0m[37m━━━━━━━━━━[0m [1m14s[0m 286ms/step - auc: 0.9275 - binary_accuracy: 0.8444 - loss: 0.3916
[1m 59/108[0m [32m━━━━━━━━━━[0m[37m━━━━━━━━━━[0m [1m14s[0m 286ms/step - auc: 0.9276 - binary_accuracy: 0.8444 - loss: 0.3914
[1m 60/108[0m [32m━━━━━━━━━━━[0m[37m━━━━━━━━━[0m [1m13s[0m 286ms/step - auc: 0.9276 - binary_accuracy: 0.8445 - loss: 0.3912
[1m 61/108[0m [32m━━━━━━━━━━━[0m[37m━━━━━━━━━[0m [1m13s[0m 286ms/step - auc: 0.9277 - binary_accuracy: 0.8446 - loss: 0.3911
[1m 62/108[0m [32m━━━━━━━━━━━[0m[37m━━━━━━━━━[0m [1m13s[0m 286ms/step - auc: 0.9278 - binary_accuracy: 0.8447 - loss: 0.3909
[1m 63/108[0m [32m━━━━━━━━━━━[0m[37m━━━━━━━━━[0m [1m12s[0m 286ms/step - auc: 0.9279 - binary_accuracy: 0.8448 - loss: 0.3907
[1m 64/108[0m [32m━━━━━━━━━━━[0m[37m━━━━━━━━━[0m [1m12s[0m 286ms/step - auc: 0.9280 - binary_accuracy: 0.8448 - loss: 0.3905
[1m 65/108[0m [32m━━━━━━━━━━━━[0m[37m━━━━━━━━[0m [1m12s[0m 286ms/step - auc: 0.9281 - binary_accuracy: 0.8449 - loss: 0.3904
[1m 66/108[0m [32m━━━━━━━━━━━━[0m[37m━━━━━━━━[0m [1m12s[0m 286ms/step - auc: 0.9282 - binary_accuracy: 0.8449 - loss: 0.3902
[1m 67/108[0m [32m━━━━━━━━━━━━[0m[37m━━━━━━━━[0m [1m11s[0m 286ms/step - auc: 0.9282 - binary_accuracy: 0.8450 - loss: 0.3900
[1m 68/108[0m [32m━━━━━━━━━━━━[0m[37m━━━━━━━━[0m [1m11s[0m 286ms/step - auc: 0.9283 - binary_accuracy: 0.8451 - loss: 0.3898
[1m 69/108[0m [32m━━━━━━━━━━━━[0m[37m━━━━━━━━[0m [1m11s[0m 286ms/step - auc: 0.9284 - binary_accuracy: 0.8451 - loss: 0.3895
[1m 70/108[0m [32m━━━━━━━━━━━━[0m[37m━━━━━━━━[0m [1m10s[0m 286ms/step - auc: 0.9285 - binary_accuracy: 0.8452 - loss: 0.3894
[1m 71/108[0m [32m━━━━━━━━━━━━━[0m[37m━━━━━━━[0m [1m10s[0m 286ms/step - auc: 0.9286 - binary_accuracy: 0.8453 - loss: 0.3892
[1m 72/108[0m [32m━━━━━━━━━━━━━[0m[37m━━━━━━━[0m [1m10s[0m 286ms/step - auc: 0.9286 - binary_accuracy: 0.8454 - loss: 0.3891
[1m 73/108[0m [32m━━━━━━━━━━━━━[0m[37m━━━━━━━[0m [1m10s[0m 286ms/step - auc: 0.9287 - binary_accuracy: 0.8454 - loss: 0.3889
[1m 74/108[0m [32m━━━━━━━━━━━━━[0m[37m━━━━━━━[0m [1m9s[0m 286ms/step - auc: 0.9287 - binary_accuracy: 0.8455 - loss: 0.3888 
[1m 75/108[0m [32m━━━━━━━━━━━━━[0m[37m━━━━━━━[0m [1m9s[0m 286ms/step - auc: 0.9288 - binary_accuracy: 0.8455 - loss: 0.3886
[1m 76/108[0m [32m━━━━━━━━━━━━━━[0m[37m━━━━━━[0m [1m9s[0m 286ms/step - auc: 0.9288 - binary_accuracy: 0.8455 - loss: 0.3885
[1m 77/108[0m [32m━━━━━━━━━━━━━━[0m[37m━━━━━━[0m [1m8s[0m 286ms/step - auc: 0.9289 - binary_accuracy: 0.8455 - loss: 0.3884
[1m 78/108[0m [32m━━━━━━━━━━━━━━[0m[37m━━━━━━[0m [1m8s[0m 286ms/step - auc: 0.9289 - binary_accuracy: 0.8456 - loss: 0.3882
[1m 79/108[0m [32m━━━━━━━━━━━━━━[0m[37m━━━━━━[0m [1m8s[0m 286ms/step - auc: 0.9290 - binary_accuracy: 0.8456 - loss: 0.3881
[1m 80/108[0m [32m━━━━━━━━━━━━━━[0m[37m━━━━━━[0m [1m8s[0m 286ms/step - auc: 0.9290 - binary_accuracy: 0.8457 - loss: 0.3880
[1m 81/108[0m [32m━━━━━━━━━━━━━━━[0m[37m━━━━━[0m [1m7s[0m 286ms/step - auc: 0.9290 - binary_accuracy: 0.8458 - loss: 0.3879
[1m 82/108[0m [32m━━━━━━━━━━━━━━━[0m[37m━━━━━[0m [1m7s[0m 286ms/step - auc: 0.9291 - binary_accuracy: 0.8459 - loss: 0.3878
[1m 83/108[0m [32m━━━━━━━━━━━━━━━[0m[37m━━━━━[0m [1m7s[0m 286ms/step - auc: 0.9291 - binary_accuracy: 0.8459 - loss: 0.3877
[1m 84/108[0m [32m━━━━━━━━━━━━━━━[0m[37m━━━━━[0m [1m6s[0m 286ms/step - auc: 0.9291 - binary_accuracy: 0.8460 - loss: 0.3875
[1m 85/108[0m [32m━━━━━━━━━━━━━━━[0m[37m━━━━━[0m [1m6s[0m 286ms/step - auc: 0.9292 - binary_accuracy: 0.8461 - loss: 0.3874
[1m 86/108[0m [32m━━━━━━━━━━━━━━━[0m[37m━━━━━[0m [1m6s[0m 286ms/step - auc: 0.9292 - binary_accuracy: 0.8461 - loss: 0.3873
[1m 87/108[0m [32m━━━━━━━━━━━━━━━━[0m[37m━━━━[0m [1m6s[0m 286ms/step - auc: 0.9293 - binary_accuracy: 0.8462 - loss: 0.3871
[1m 88/108[0m [32m━━━━━━━━━━━━━━━━[0m[37m━━━━[0m [1m5s[0m 286ms/step - auc: 0.9293 - binary_accuracy: 0.8462 - loss: 0.3870
[1m 89/108[0m [32m━━━━━━━━━━━━━━━━[0m[37m━━━━[0m [1m5s[0m 286ms/step - auc: 0.9294 - binary_accuracy: 0.8463 - loss: 0.3868
[1m 90/108[0m [32m━━━━━━━━━━━━━━━━[0m[37m━━━━[0m [1m5s[0m 286ms/step - auc: 0.9294 - binary_accuracy: 0.8463 - loss: 0.3867
[1m 91/108[0m [32m━━━━━━━━━━━━━━━━[0m[37m━━━━[0m [1m4s[0m 286ms/step - auc: 0.9294 - binary_accuracy: 0.8464 - loss: 0.3866
[1m 92/108[0m [32m━━━━━━━━━━━━━━━━━[0m[37m━━━[0m [1m4s[0m 286ms/step - auc: 0.9295 - binary_accuracy: 0.8465 - loss: 0.3866
[1m 93/108[0m [32m━━━━━━━━━━━━━━━━━[0m[37m━━━[0m [1m4s[0m 286ms/step - auc: 0.9295 - binary_accuracy: 0.8466 - loss: 0.3865
[1m 94/108[0m [32m━━━━━━━━━━━━━━━━━[0m[37m━━━[0m [1m4s[0m 286ms/step - auc: 0.9295 - binary_accuracy: 0.8467 - loss: 0.3865
[1m 95/108[0m [32m━━━━━━━━━━━━━━━━━[0m[37m━━━[0m [1m3s[0m 286ms/step - auc: 0.9295 - binary_accuracy: 0.8468 - loss: 0.3864
[1m 96/108[0m [32m━━━━━━━━━━━━━━━━━[0m[37m━━━[0m [1m3s[0m 286ms/step - auc: 0.9295 - binary_accuracy: 0.8468 - loss: 0.3863
[1m 97/108[0m [32m━━━━━━━━━━━━━━━━━[0m[37m━━━[0m [1m3s[0m 286ms/step - auc: 0.9295 - binary_accuracy: 0.8468 - loss: 0.3863
[1m 98/108[0m [32m━━━━━━━━━━━━━━━━━━[0m[37m━━[0m [1m2s[0m 286ms/step - auc: 0.9295 - binary_accuracy: 0.8469 - loss: 0.3863
[1m 99/108[0m [32m━━━━━━━━━━━━━━━━━━[0m[37m━━[0m [1m2s[0m 286ms/step - auc: 0.9296 - binary_accuracy: 0.8469 - loss: 0.3862
[1m100/108[0m [32m━━━━━━━━━━━━━━━━━━[0m[37m━━[0m [1m2s[0m 286ms/step - auc: 0.9296 - binary_accuracy: 0.8469 - loss: 0.3862
[1m101/108[0m [32m━━━━━━━━━━━━━━━━━━[0m[37m━━[0m [1m1s[0m 286ms/step - auc: 0.9296 - binary_accuracy: 0.8469 - loss: 0.3861
[1m102/108[0m [32m━━━━━━━━━━━━━━━━━━[0m[37m━━[0m [1m1s[0m 286ms/step - auc: 0.9296 - binary_accuracy: 0.8469 - loss: 0.3861
[1m103/108[0m [32m━━━━━━━━━━━━━━━━━━━[0m[37m━[0m [1m1s[0m 286ms/step - auc: 0.9296 - binary_accuracy: 0.8469 - loss: 0.3860
[1m104/108[0m [32m━━━━━━━━━━━━━━━━━━━[0m[37m━[0m [1m1s[0m 286ms/step - auc: 0.9296 - binary_accuracy: 0.8470 - loss: 0.3860
[1m105/108[0m [32m━━━━━━━━━━━━━━━━━━━[0m[37m━[0m [1m0s[0m 286ms/step - auc: 0.9296 - binary_accuracy: 0.8470 - loss: 0.3859
[1m106/108[0m [32m━━━━━━━━━━━━━━━━━━━[0m[37m━[0m [1m0s[0m 285ms/step - auc: 0.9297 - binary_accuracy: 0.8470 - loss: 0.3858
[1m107/108[0m [32m━━━━━━━━━━━━━━━━━━━[0m[37m━[0m [1m0s[0m 285ms/step - auc: 0.9297 - binary_accuracy: 0.8471 - loss: 0.3858
[1m108/108[0m [32m━━━━━━━━━━━━━━━━━━━━[0m[37m[0m [1m0s[0m 284ms/step - auc: 0.9297 - binary_accuracy: 0.8471 - loss: 0.3857transfer phase-a: epoch 2/8 done in 37.1s loss=0.3785 auc=0.9314 val_loss=0.3507 val_auc=0.9536

[1m108/108[0m [32m━━━━━━━━━━━━━━━━━━━━[0m[37m[0m [1m37s[0m 343ms/step - auc: 0.9314 - binary_accuracy: 0.8491 - loss: 0.3785 - val_auc: 0.9536 - val_binary_accuracy: 0.8632 - val_loss: 0.3507
transfer phase-a: epoch 3/8 start
Epoch 3/5

[1m  1/108[0m [37m━━━━━━━━━━━━━━━━━━━━[0m [1m51s[0m 480ms/step - auc: 0.9074 - binary_accuracy: 0.7812 - loss: 0.5005
[1m  2/108[0m [37m━━━━━━━━━━━━━━━━━━━━[0m [1m30s[0m 284ms/step - auc: 0.9292 - binary_accuracy: 0.8047 - loss: 0.4449
[1m  3/108[0m [37m━━━━━━━━━━━━━━━━━━━━[0m [1m29s[0m 282ms/step - auc: 0.9395 - binary_accuracy: 0.8177 - loss: 0.4155
[1m  4/108[0m [37m━━━━━━━━━━━━━━━━━━━━[0m [1m29s[0m 284ms/step - auc: 0.9473 - binary_accuracy: 0.8281 - loss: 0.3948
[1m  5/108[0m [37m━━━━━━━━━━━━━━━━━━━━[0m [1m29s[0m 288ms/step - auc: 0.9522 - binary_accuracy: 0.8375 - loss: 0.3810
[1m  6/108[0m [32m━[0m[37m━━━━━━━━━━━━━━━━━━━[0m [1m29s[0m 293ms/step - auc: 0.9560 - binary_accuracy: 0.8438 - loss: 0.3695
[1m  7/108[0m [32m━[0m[37m━━━━━━━━━━━━━━━━━━━[0m [1m29s[0m 292ms/step - auc: 0.9585 - binary_accuracy: 0.8489 - loss: 0.3629
[1m  8/108[0m [32m━[0m[37m━━━━━━━━━━━━━━━━━━━[0m [1m29s[0m 291ms/step - auc: 0.9602 - binary_accuracy: 0.8516 - loss: 0.3567
[1m  9/108[0m [32m━[0m[37m━━━━━━━━━━━━━━━━━━━[0m [1m28s[0m 290ms/step - auc: 0.9619 - binary_accuracy: 0.8550 - loss: 0.3500
[1m 10/108[0m [32m━[0m[37m━━━━━━━━━━━━━━━━━━━[0m [1m28s[0m 289ms/step - auc: 0.9631 - binary_accuracy: 0.8567 - loss: 0.3446
[1m 11/108[0m [32m━━[0m[37m━━━━━━━━━━━━━━━━━━[0m [1m27s[0m 288ms/step - auc: 0.9636 - binary_accuracy: 0.8586 - loss: 0.3405
[1m 12/108[0m [32m━━[0m[37m━━━━━━━━━━━━━━━━━━[0m [1m27s[0m 287ms/step - auc: 0.9641 - binary_accuracy: 0.8608 - loss: 0.3363
[1m 13/108[0m [32m━━[0m[37m━━━━━━━━━━━━━━━━━━[0m [1m27s[0m 287ms/step - auc: 0.9644 - binary_accuracy: 0.8632 - loss: 0.3330
[1m 14/108[0m [32m━━[0m[37m━━━━━━━━━━━━━━━━━━[0m [1m26s[0m 287ms/step - auc: 0.9648 - binary_accuracy: 0.8658 - loss: 0.3292
[1m 15/108[0m [32m━━[0m[37m━━━━━━━━━━━━━━━━━━[0m [1m26s[0m 287ms/step - auc: 0.9654 - binary_accuracy: 0.8685 - loss: 0.3250
[1m 16/108[0m [32m━━[0m[37m━━━━━━━━━━━━━━━━━━[0m [1m26s[0m 287ms/step - auc: 0.9645 - binary_accuracy: 0.8709 - loss: 0.3248
[1m 17/108[0m [32m━━━[0m[37m━━━━━━━━━━━━━━━━━[0m [1m26s[0m 287ms/step - auc: 0.9634 - binary_accuracy: 0.8731 - loss: 0.3256
[1m 18/108[0m [32m━━━[0m[37m━━━━━━━━━━━━━━━━━[0m [1m25s[0m 287ms/step - auc: 0.9625 - binary_accuracy: 0.8752 - loss: 0.3262
[1m 19/108[0m [32m━━━[0m[37m━━━━━━━━━━━━━━━━━[0m [1m25s[0m 286ms/step - auc: 0.9615 - binary_accuracy: 0.8767 - loss: 0.3270
[1m 20/108[0m [32m━━━[0m[37m━━━━━━━━━━━━━━━━━[0m [1m25s[0m 286ms/step - auc: 0.9607 - binary_accuracy: 0.8775 - loss: 0.3278
[1m 21/108[0m [32m━━━[0m[37m━━━━━━━━━━━━━━━━━[0m [1m24s[0m 286ms/step - auc: 0.9595 - binary_accuracy: 0.8780 - loss: 0.3301
[1m 22/108[0m [32m━━━━[0m[37m━━━━━━━━━━━━━━━━[0m [1m24s[0m 287ms/step - auc: 0.9583 - binary_accuracy: 0.8778 - loss: 0.3324
[1m 23/108[0m [32m━━━━[0m[37m━━━━━━━━━━━━━━━━[0m [1m24s[0m 286ms/step - auc: 0.9573 - binary_accuracy: 0.8775 - loss: 0.3344
[1m 24/108[0m [32m━━━━[0m[37m━━━━━━━━━━━━━━━━[0m [1m24s[0m 286ms/step - auc: 0.9562 - binary_accuracy: 0.8773 - loss: 0.3365
[1m 25/108[0m [32m━━━━[0m[37m━━━━━━━━━━━━━━━━[0m [1m23s[0m 286ms/step - auc: 0.9553 - binary_accuracy: 0.8771 - loss: 0.3381
[1m 26/108[0m [32m━━━━[0m[37m━━━━━━━━━━━━━━━━[0m [1m23s[0m 286ms/step - auc: 0.9544 - binary_accuracy: 0.8770 - loss: 0.3399
[1m 27/108[0m [32m━━━━━[0m[37m━━━━━━━━━━━━━━━[0m [1m23s[0m 286ms/step - auc: 0.9536 - binary_accuracy: 0.8769 - loss: 0.3419
[1m 28/108[0m [32m━━━━━[0m[37m━━━━━━━━━━━━━━━[0m [1m22s[0m 286ms/step - auc: 0.9528 - binary_accuracy: 0.8767 - loss: 0.3437
[1m 29/108[0m [32m━━━━━[0m[37m━━━━━━━━━━━━━━━[0m [1m22s[0m 286ms/step - auc: 0.9521 - binary_accuracy: 0.8763 - loss: 0.3454
[1m 30/108[0m [32m━━━━━[0m[37m━━━━━━━━━━━━━━━[0m [1m22s[0m 286ms/step - auc: 0.9513 - binary_accuracy: 0.8758 - loss: 0.3470
[1m 31/108[0m [32m━━━━━[0m[37m━━━━━━━━━━━━━━━[0m [1m22s[0m 286ms/step - auc: 0.9506 - binary_accuracy: 0.8751 - loss: 0.3486
[1m 32/108[0m [32m━━━━━[0m[37m━━━━━━━━━━━━━━━[0m [1m21s[0m 286ms/step - auc: 0.9498 - binary_accuracy: 0.8742 - loss: 0.3500
[1m 33/108[0m [32m━━━━━━[0m[37m━━━━━━━━━━━━━━[0m [1m21s[0m 286ms/step - auc: 0.9491 - binary_accuracy: 0.8733 - loss: 0.3513
[1m 34/108[0m [32m━━━━━━[0m[37m━━━━━━━━━━━━━━[0m [1m21s[0m 286ms/step - auc: 0.9485 - binary_accuracy: 0.8726 - loss: 0.3524
[1m 35/108[0m [32m━━━━━━[0m[37m━━━━━━━━━━━━━━[0m [1m20s[0m 286ms/step - auc: 0.9479 - binary_accuracy: 0.8720 - loss: 0.3532
[1m 36/108[0m [32m━━━━━━[0m[37m━━━━━━━━━━━━━━[0m [1m20s[0m 286ms/step - auc: 0.9474 - binary_accuracy: 0.8715 - loss: 0.3541
[1m 37/108[0m [32m━━━━━━[0m[37m━━━━━━━━━━━━━━[0m [1m20s[0m 286ms/step - auc: 0.9468 - binary_accuracy: 0.8711 - loss: 0.3550
[1m 38/108[0m [32m━━━━━━━[0m[37m━━━━━━━━━━━━━[0m [1m20s[0m 286ms/step - auc: 0.9463 - binary_accuracy: 0.8707 - loss: 0.3557
[1m 39/108[0m [32m━━━━━━━[0m[37m━━━━━━━━━━━━━[0m [1m19s[0m 286ms/step - auc: 0.9459 - binary_accuracy: 0.8705 - loss: 0.3563
[1m 40/108[0m [32m━━━━━━━[0m[37m━━━━━━━━━━━━━[0m [1m19s[0m 286ms/step - auc: 0.9454 - binary_accuracy: 0.8703 - loss: 0.3569
[1m 41/108[0m [32m━━━━━━━[0m[37m━━━━━━━━━━━━━[0m [1m19s[0m 286ms/step - auc: 0.9451 - binary_accuracy: 0.8701 - loss: 0.3574
[1m 42/108[0m [32m━━━━━━━[0m[37m━━━━━━━━━━━━━[0m [1m18s[0m 287ms/step - auc: 0.9447 - binary_accuracy: 0.8699 - loss: 0.3578
[1m 43/108[0m [32m━━━━━━━[0m[37m━━━━━━━━━━━━━[0m [1m18s[0m 287ms/step - auc: 0.9444 - binary_accuracy: 0.8698 - loss: 0.3582
[1m 44/108[0m [32m━━━━━━━━[0m[37m━━━━━━━━━━━━[0m [1m18s[0m 287ms/step - auc: 0.9441 - binary_accuracy: 0.8696 - loss: 0.3585
[1m 45/108[0m [32m━━━━━━━━[0m[37m━━━━━━━━━━━━[0m [1m18s[0m 287ms/step - auc: 0.9439 - binary_accuracy: 0.8695 - loss: 0.3587
[1m 46/108[0m [32m━━━━━━━━[0m[37m━━━━━━━━━━━━[0m [1m17s[0m 287ms/step - auc: 0.9437 - binary_accuracy: 0.8694 - loss: 0.3588
[1m 47/108[0m [32m━━━━━━━━[0m[37m━━━━━━━━━━━━[0m [1m17s[0m 287ms/step - auc: 0.9435 - binary_accuracy: 0.8693 - loss: 0.3589
[1m 48/108[0m [32m━━━━━━━━[0m[37m━━━━━━━━━━━━[0m [1m17s[0m 287ms/step - auc: 0.9433 - binary_accuracy: 0.8693 - loss: 0.3590
[1m 49/108[0m [32m━━━━━━━━━[0m[37m━━━━━━━━━━━[0m [1m16s[0m 287ms/step - auc: 0.9432 - binary_accuracy: 0.8693 - loss: 0.3590
[1m 50/108[0m [32m━━━━━━━━━[0m[37m━━━━━━━━━━━[0m [1m16s[0m 287ms/step - auc: 0.9431 - binary_accuracy: 0.8693 - loss: 0.3590
[1m 51/108[0m [32m━━━━━━━━━[0m[37m━━━━━━━━━━━[0m [1m16s[0m 287ms/step - auc: 0.9430 - binary_accuracy: 0.8694 - loss: 0.3590
[1m 52/108[0m [32m━━━━━━━━━[0m[37m━━━━━━━━━━━[0m [1m16s[0m 287ms/step - auc: 0.9429 - binary_accuracy: 0.8694 - loss: 0.3591
[1m 53/108[0m [32m━━━━━━━━━[0m[37m━━━━━━━━━━━[0m [1m15s[0m 287ms/step - auc: 0.9428 - binary_accuracy: 0.8695 - loss: 0.3591
[1m 54/108[0m [32m━━━━━━━━━━[0m[37m━━━━━━━━━━[0m [1m15s[0m 287ms/step - auc: 0.9428 - binary_accuracy: 0.8696 - loss: 0.3591
[1m 55/108[0m [32m━━━━━━━━━━[0m[37m━━━━━━━━━━[0m [1m15s[0m 288ms/step - auc: 0.9427 - binary_accuracy: 0.8696 - loss: 0.3592
[1m 56/108[0m [32m━━━━━━━━━━[0m[37m━━━━━━━━━━[0m [1m14s[0m 288ms/step - auc: 0.9427 - binary_accuracy: 0.8696 - loss: 0.3592
[1m 57/108[0m [32m━━━━━━━━━━[0m[37m━━━━━━━━━━[0m [1m14s[0m 287ms/step - auc: 0.9426 - binary_accuracy: 0.8695 - loss: 0.3592
[1m 58/108[0m [32m━━━━━━━━━━[0m[37m━━━━━━━━━━[0m [1m14s[0m 287ms/step - auc: 0.9425 - binary_accuracy: 0.8694 - loss: 0.3593
[1m 59/108[0m [32m━━━━━━━━━━[0m[37m━━━━━━━━━━[0m [1m14s[0m 287ms/step - auc: 0.9425 - binary_accuracy: 0.8693 - loss: 0.3593
[1m 60/108[0m [32m━━━━━━━━━━━[0m[37m━━━━━━━━━[0m [1m13s[0m 287ms/step - auc: 0.9425 - binary_accuracy: 0.8692 - loss: 0.3594
[1m 61/108[0m [32m━━━━━━━━━━━[0m[37m━━━━━━━━━[0m [1m13s[0m 287ms/step - auc: 0.9425 - binary_accuracy: 0.8691 - loss: 0.3594
[1m 62/108[0m [32m━━━━━━━━━━━[0m[37m━━━━━━━━━[0m [1m13s[0m 287ms/step - auc: 0.9424 - binary_accuracy: 0.8690 - loss: 0.3595
[1m 63/108[0m [32m━━━━━━━━━━━[0m[37m━━━━━━━━━[0m [1m12s[0m 287ms/step - auc: 0.9424 - binary_accuracy: 0.8689 - loss: 0.3595
[1m 64/108[0m [32m━━━━━━━━━━━[0m[37m━━━━━━━━━[0m [1m12s[0m 287ms/step - auc: 0.9424 - binary_accuracy: 0.8688 - loss: 0.3595
[1m 65/108[0m [32m━━━━━━━━━━━━[0m[37m━━━━━━━━[0m [1m12s[0m 287ms/step - auc: 0.9425 - binary_accuracy: 0.8687 - loss: 0.3595
[1m 66/108[0m [32m━━━━━━━━━━━━[0m[37m━━━━━━━━[0m [1m12s[0m 287ms/step - auc: 0.9425 - binary_accuracy: 0.8686 - loss: 0.3595
[1m 67/108[0m [32m━━━━━━━━━━━━[0m[37m━━━━━━━━[0m [1m11s[0m 287ms/step - auc: 0.9425 - binary_accuracy: 0.8685 - loss: 0.3595
[1m 68/108[0m [32m━━━━━━━━━━━━[0m[37m━━━━━━━━[0m [1m11s[0m 287ms/step - auc: 0.9425 - binary_accuracy: 0.8685 - loss: 0.3594
[1m 69/108[0m [32m━━━━━━━━━━━━[0m[37m━━━━━━━━[0m [1m11s[0m 287ms/step - auc: 0.9426 - binary_accuracy: 0.8684 - loss: 0.3593
[1m 70/108[0m [32m━━━━━━━━━━━━[0m[37m━━━━━━━━[0m [1m10s[0m 287ms/step - auc: 0.9426 - binary_accuracy: 0.8684 - loss: 0.3592
[1m 71/108[0m [32m━━━━━━━━━━━━━[0m[37m━━━━━━━[0m [1m10s[0m 287ms/step - auc: 0.9426 - binary_accuracy: 0.8684 - loss: 0.3591
[1m 72/108[0m [32m━━━━━━━━━━━━━[0m[37m━━━━━━━[0m [1m10s[0m 287ms/step - auc: 0.9427 - binary_accuracy: 0.8684 - loss: 0.3590
[1m 73/108[0m [32m━━━━━━━━━━━━━[0m[37m━━━━━━━[0m [1m10s[0m 287ms/step - auc: 0.9427 - binary_accuracy: 0.8684 - loss: 0.3589
[1m 74/108[0m [32m━━━━━━━━━━━━━[0m[37m━━━━━━━[0m [1m9s[0m 287ms/step - auc: 0.9428 - binary_accuracy: 0.8683 - loss: 0.3588 
[1m 75/108[0m [32m━━━━━━━━━━━━━[0m[37m━━━━━━━[0m [1m9s[0m 287ms/step - auc: 0.9428 - binary_accuracy: 0.8683 - loss: 0.3587
[1m 76/108[0m [32m━━━━━━━━━━━━━━[0m[37m━━━━━━[0m [1m9s[0m 287ms/step - auc: 0.9429 - binary_accuracy: 0.8683 - loss: 0.3586
[1m 77/108[0m [32m━━━━━━━━━━━━━━[0m[37m━━━━━━[0m [1m8s[0m 287ms/step - auc: 0.9429 - binary_accuracy: 0.8683 - loss: 0.3584
[1m 78/108[0m [32m━━━━━━━━━━━━━━[0m[37m━━━━━━[0m [1m8s[0m 287ms/step - auc: 0.9430 - binary_accuracy: 0.8683 - loss: 0.3582
[1m 79/108[0m [32m━━━━━━━━━━━━━━[0m[37m━━━━━━[0m [1m8s[0m 287ms/step - auc: 0.9431 - binary_accuracy: 0.8684 - loss: 0.3581
[1m 80/108[0m [32m━━━━━━━━━━━━━━[0m[37m━━━━━━[0m [1m8s[0m 287ms/step - auc: 0.9431 - binary_accuracy: 0.8684 - loss: 0.3579
[1m 81/108[0m [32m━━━━━━━━━━━━━━━[0m[37m━━━━━[0m [1m7s[0m 287ms/step - auc: 0.9432 - binary_accuracy: 0.8685 - loss: 0.3578
[1m 82/108[0m [32m━━━━━━━━━━━━━━━[0m[37m━━━━━[0m [1m7s[0m 287ms/step - auc: 0.9432 - binary_accuracy: 0.8685 - loss: 0.3576
[1m 83/108[0m [32m━━━━━━━━━━━━━━━[0m[37m━━━━━[0m [1m7s[0m 287ms/step - auc: 0.9433 - binary_accuracy: 0.8685 - loss: 0.3574
[1m 84/108[0m [32m━━━━━━━━━━━━━━━[0m[37m━━━━━[0m [1m6s[0m 287ms/step - auc: 0.9433 - binary_accuracy: 0.8686 - loss: 0.3573
[1m 85/108[0m [32m━━━━━━━━━━━━━━━[0m[37m━━━━━[0m [1m6s[0m 287ms/step - auc: 0.9434 - binary_accuracy: 0.8686 - loss: 0.3571
[1m 86/108[0m [32m━━━━━━━━━━━━━━━[0m[37m━━━━━[0m [1m6s[0m 287ms/step - auc: 0.9435 - binary_accuracy: 0.8686 - loss: 0.3569
[1m 87/108[0m [32m━━━━━━━━━━━━━━━━[0m[37m━━━━[0m [1m6s[0m 287ms/step - auc: 0.9435 - binary_accuracy: 0.8686 - loss: 0.3568
[1m 88/108[0m [32m━━━━━━━━━━━━━━━━[0m[37m━━━━[0m [1m5s[0m 287ms/step - auc: 0.9436 - binary_accuracy: 0.8686 - loss: 0.3566
[1m 89/108[0m [32m━━━━━━━━━━━━━━━━[0m[37m━━━━[0m [1m5s[0m 287ms/step - auc: 0.9437 - binary_accuracy: 0.8686 - loss: 0.3564
[1m 90/108[0m [32m━━━━━━━━━━━━━━━━[0m[37m━━━━[0m [1m5s[0m 287ms/step - auc: 0.9437 - binary_accuracy: 0.8686 - loss: 0.3562
[1m 91/108[0m [32m━━━━━━━━━━━━━━━━[0m[37m━━━━[0m [1m4s[0m 287ms/step - auc: 0.9438 - binary_accuracy: 0.8687 - loss: 0.3561
[1m 92/108[0m [32m━━━━━━━━━━━━━━━━━[0m[37m━━━[0m [1m4s[0m 287ms/step - auc: 0.9438 - binary_accuracy: 0.8687 - loss: 0.3561
[1m 93/108[0m [32m━━━━━━━━━━━━━━━━━[0m[37m━━━[0m [1m4s[0m 287ms/step - auc: 0.9438 - binary_accuracy: 0.8688 - loss: 0.3560
[1m 94/108[0m [32m━━━━━━━━━━━━━━━━━[0m[37m━━━[0m [1m4s[0m 286ms/step - auc: 0.9438 - binary_accuracy: 0.8688 - loss: 0.3559
[1m 95/108[0m [32m━━━━━━━━━━━━━━━━━[0m[37m━━━[0m [1m3s[0m 286ms/step - auc: 0.9439 - binary_accuracy: 0.8688 - loss: 0.3558
[1m 96/108[0m [32m━━━━━━━━━━━━━━━━━[0m[37m━━━[0m [1m3s[0m 286ms/step - auc: 0.9439 - binary_accuracy: 0.8688 - loss: 0.3557
[1m 97/108[0m [32m━━━━━━━━━━━━━━━━━[0m[37m━━━[0m [1m3s[0m 286ms/step - auc: 0.9439 - binary_accuracy: 0.8688 - loss: 0.3556
[1m 98/108[0m [32m━━━━━━━━━━━━━━━━━━[0m[37m━━[0m [1m2s[0m 286ms/step - auc: 0.9439 - binary_accuracy: 0.8688 - loss: 0.3555
[1m 99/108[0m [32m━━━━━━━━━━━━━━━━━━[0m[37m━━[0m [1m2s[0m 287ms/step - auc: 0.9439 - binary_accuracy: 0.8687 - loss: 0.3555
[1m100/108[0m [32m━━━━━━━━━━━━━━━━━━[0m[37m━━[0m [1m2s[0m 287ms/step - auc: 0.9440 - binary_accuracy: 0.8687 - loss: 0.3554
[1m101/108[0m [32m━━━━━━━━━━━━━━━━━━[0m[37m━━[0m [1m2s[0m 287ms/step - auc: 0.9440 - binary_accuracy: 0.8687 - loss: 0.3553
[1m102/108[0m [32m━━━━━━━━━━━━━━━━━━[0m[37m━━[0m [1m1s[0m 287ms/step - auc: 0.9440 - binary_accuracy: 0.8686 - loss: 0.3552
[1m103/108[0m [32m━━━━━━━━━━━━━━━━━━━[0m[37m━[0m [1m1s[0m 287ms/step - auc: 0.9440 - binary_accuracy: 0.8686 - loss: 0.3552
[1m104/108[0m [32m━━━━━━━━━━━━━━━━━━━[0m[37m━[0m [1m1s[0m 287ms/step - auc: 0.9440 - binary_accuracy: 0.8686 - loss: 0.3552
[1m105/108[0m [32m━━━━━━━━━━━━━━━━━━━[0m[37m━[0m [1m0s[0m 286ms/step - auc: 0.9440 - binary_accuracy: 0.8686 - loss: 0.3552
[1m106/108[0m [32m━━━━━━━━━━━━━━━━━━━[0m[37m━[0m [1m0s[0m 286ms/step - auc: 0.9440 - binary_accuracy: 0.8686 - loss: 0.3551
[1m107/108[0m [32m━━━━━━━━━━━━━━━━━━━[0m[37m━[0m [1m0s[0m 286ms/step - auc: 0.9440 - binary_accuracy: 0.8686 - loss: 0.3551
[1m108/108[0m [32m━━━━━━━━━━━━━━━━━━━━[0m[37m[0m [1m0s[0m 285ms/step - auc: 0.9440 - binary_accuracy: 0.8686 - loss: 0.3550transfer phase-a: epoch 3/8 done in 37.2s loss=0.3528 auc=0.9432 val_loss=0.4504 val_auc=0.9478

[1m108/108[0m [32m━━━━━━━━━━━━━━━━━━━━[0m[37m[0m [1m37s[0m 343ms/step - auc: 0.9432 - binary_accuracy: 0.8654 - loss: 0.3528 - val_auc: 0.9478 - val_binary_accuracy: 0.8284 - val_loss: 0.4504
transfer phase-a: epoch 4/8 start
Epoch 4/5

[1m  1/108[0m [37m━━━━━━━━━━━━━━━━━━━━[0m [1m51s[0m 482ms/step - auc: 0.9407 - binary_accuracy: 0.7188 - loss: 0.4797
[1m  2/108[0m [37m━━━━━━━━━━━━━━━━━━━━[0m [1m29s[0m 281ms/step - auc: 0.9407 - binary_accuracy: 0.7422 - loss: 0.4634
[1m  3/108[0m [37m━━━━━━━━━━━━━━━━━━━━[0m [1m29s[0m 281ms/step - auc: 0.9450 - binary_accuracy: 0.7552 - loss: 0.4448
[1m  4/108[0m [37m━━━━━━━━━━━━━━━━━━━━[0m [1m29s[0m 281ms/step - auc: 0.9508 - binary_accuracy: 0.7695 - loss: 0.4261
[1m  5/108[0m [37m━━━━━━━━━━━━━━━━━━━━[0m [1m28s[0m 281ms/step - auc: 0.9540 - binary_accuracy: 0.7844 - loss: 0.4113
[1m  6/108[0m [32m━[0m[37m━━━━━━━━━━━━━━━━━━━[0m [1m28s[0m 281ms/step - auc: 0.9568 - binary_accuracy: 0.7969 - loss: 0.3975
[1m  7/108[0m [32m━[0m[37m━━━━━━━━━━━━━━━━━━━[0m [1m28s[0m 281ms/step - auc: 0.9584 - binary_accuracy: 0.8061 - loss: 0.3889
[1m  8/108[0m [32m━[0m[37m━━━━━━━━━━━━━━━━━━━[0m [1m28s[0m 281ms/step - auc: 0.9597 - binary_accuracy: 0.8118 - loss: 0.3816
[1m  9/108[0m [32m━[0m[37m━━━━━━━━━━━━━━━━━━━[0m [1m27s[0m 281ms/step - auc: 0.9610 - binary_accuracy: 0.8181 - loss: 0.3740
[1m 10/108[0m [32m━[0m[37m━━━━━━━━━━━━━━━━━━━[0m [1m27s[0m 281ms/step - auc: 0.9621 - binary_accuracy: 0.8225 - loss: 0.3672
[1m 11/108[0m [32m━━[0m[37m━━━━━━━━━━━━━━━━━━[0m [1m27s[0m 281ms/step - auc: 0.9628 - binary_accuracy: 0.8265 - loss: 0.3614
[1m 12/108[0m [32m━━[0m[37m━━━━━━━━━━━━━━━━━━[0m [1m26s[0m 281ms/step - auc: 0.9636 - binary_accuracy: 0.8308 - loss: 0.3557
[1m 13/108[0m [32m━━[0m[37m━━━━━━━━━━━━━━━━━━[0m [1m26s[0m 281ms/step - auc: 0.9635 - binary_accuracy: 0.8349 - loss: 0.3520
[1m 14/108[0m [32m━━[0m[37m━━━━━━━━━━━━━━━━━━[0m [1m26s[0m 281ms/step - auc: 0.9636 - binary_accuracy: 0.8390 - loss: 0.3478
[1m 15/108[0m [32m━━[0m[37m━━━━━━━━━━━━━━━━━━[0m [1m26s[0m 281ms/step - auc: 0.9639 - binary_accuracy: 0.8431 - loss: 0.3433
[1m 16/108[0m [32m━━[0m[37m━━━━━━━━━━━━━━━━━━[0m [1m25s[0m 282ms/step - auc: 0.9631 - binary_accuracy: 0.8466 - loss: 0.3417
[1m 17/108[0m [32m━━━[0m[37m━━━━━━━━━━━━━━━━━[0m [1m25s[0m 282ms/step - auc: 0.9624 - binary_accuracy: 0.8499 - loss: 0.3404
[1m 18/108[0m [32m━━━[0m[37m━━━━━━━━━━━━━━━━━[0m [1m25s[0m 282ms/step - auc: 0.9619 - binary_accuracy: 0.8529 - loss: 0.3392
[1m 19/108[0m [32m━━━[0m[37m━━━━━━━━━━━━━━━━━[0m [1m25s[0m 282ms/step - auc: 0.9612 - binary_accuracy: 0.8553 - loss: 0.3384
[1m 20/108[0m [32m━━━[0m[37m━━━━━━━━━━━━━━━━━[0m [1m24s[0m 283ms/step - auc: 0.9605 - binary_accuracy: 0.8569 - loss: 0.3382
[1m 21/108[0m [32m━━━[0m[37m━━━━━━━━━━━━━━━━━[0m [1m24s[0m 283ms/step - auc: 0.9596 - binary_accuracy: 0.8581 - loss: 0.3394
[1m 22/108[0m [32m━━━━[0m[37m━━━━━━━━━━━━━━━━[0m [1m24s[0m 283ms/step - auc: 0.9585 - binary_accuracy: 0.8586 - loss: 0.3407
[1m 23/108[0m [32m━━━━[0m[37m━━━━━━━━━━━━━━━━[0m [1m24s[0m 283ms/step - auc: 0.9576 - binary_accuracy: 0.8589 - loss: 0.3420
[1m 24/108[0m [32m━━━━[0m[37m━━━━━━━━━━━━━━━━[0m [1m23s[0m 284ms/step - auc: 0.9567 - binary_accuracy: 0.8591 - loss: 0.3433
[1m 25/108[0m [32m━━━━[0m[37m━━━━━━━━━━━━━━━━[0m [1m23s[0m 284ms/step - auc: 0.9559 - binary_accuracy: 0.8593 - loss: 0.3442
[1m 26/108[0m [32m━━━━[0m[37m━━━━━━━━━━━━━━━━[0m [1m23s[0m 284ms/step - auc: 0.9552 - binary_accuracy: 0.8596 - loss: 0.3452
[1m 27/108[0m [32m━━━━━[0m[37m━━━━━━━━━━━━━━━[0m [1m22s[0m 284ms/step - auc: 0.9544 - binary_accuracy: 0.8598 - loss: 0.3466
[1m 28/108[0m [32m━━━━━[0m[37m━━━━━━━━━━━━━━━[0m [1m22s[0m 284ms/step - auc: 0.9538 - binary_accuracy: 0.8597 - loss: 0.3479
[1m 29/108[0m [32m━━━━━[0m[37m━━━━━━━━━━━━━━━[0m [1m22s[0m 284ms/step - auc: 0.9531 - binary_accuracy: 0.8593 - loss: 0.3492
[1m 30/108[0m [32m━━━━━[0m[37m━━━━━━━━━━━━━━━[0m [1m22s[0m 284ms/step - auc: 0.9524 - binary_accuracy: 0.8587 - loss: 0.3506
[1m 31/108[0m [32m━━━━━[0m[37m━━━━━━━━━━━━━━━[0m [1m21s[0m 284ms/step - auc: 0.9515 - binary_accuracy: 0.8577 - loss: 0.3520
[1m 32/108[0m [32m━━━━━[0m[37m━━━━━━━━━━━━━━━[0m [1m21s[0m 284ms/step - auc: 0.9507 - binary_accuracy: 0.8567 - loss: 0.3534
[1m 33/108[0m [32m━━━━━━[0m[37m━━━━━━━━━━━━━━[0m [1m21s[0m 284ms/step - auc: 0.9500 - binary_accuracy: 0.8557 - loss: 0.3545
[1m 34/108[0m [32m━━━━━━[0m[37m━━━━━━━━━━━━━━[0m [1m21s[0m 284ms/step - auc: 0.9493 - binary_accuracy: 0.8548 - loss: 0.3555
[1m 35/108[0m [32m━━━━━━[0m[37m━━━━━━━━━━━━━━[0m [1m20s[0m 284ms/step - auc: 0.9488 - binary_accuracy: 0.8540 - loss: 0.3563
[1m 36/108[0m [32m━━━━━━[0m[37m━━━━━━━━━━━━━━[0m [1m20s[0m 284ms/step - auc: 0.9481 - binary_accuracy: 0.8534 - loss: 0.3572
[1m 37/108[0m [32m━━━━━━[0m[37m━━━━━━━━━━━━━━[0m [1m20s[0m 284ms/step - auc: 0.9474 - binary_accuracy: 0.8529 - loss: 0.3584
[1m 38/108[0m [32m━━━━━━━[0m[37m━━━━━━━━━━━━━[0m [1m19s[0m 284ms/step - auc: 0.9467 - binary_accuracy: 0.8525 - loss: 0.3594
[1m 39/108[0m [32m━━━━━━━[0m[37m━━━━━━━━━━━━━[0m [1m19s[0m 284ms/step - auc: 0.9461 - binary_accuracy: 0.8521 - loss: 0.3602
[1m 40/108[0m [32m━━━━━━━[0m[37m━━━━━━━━━━━━━[0m [1m19s[0m 284ms/step - auc: 0.9455 - binary_accuracy: 0.8517 - loss: 0.3610
[1m 41/108[0m [32m━━━━━━━[0m[37m━━━━━━━━━━━━━[0m [1m19s[0m 284ms/step - auc: 0.9450 - binary_accuracy: 0.8514 - loss: 0.3618
[1m 42/108[0m [32m━━━━━━━[0m[37m━━━━━━━━━━━━━[0m [1m18s[0m 284ms/step - auc: 0.9445 - binary_accuracy: 0.8510 - loss: 0.3625
[1m 43/108[0m [32m━━━━━━━[0m[37m━━━━━━━━━━━━━[0m [1m18s[0m 284ms/step - auc: 0.9440 - binary_accuracy: 0.8504 - loss: 0.3632
[1m 44/108[0m [32m━━━━━━━━[0m[37m━━━━━━━━━━━━[0m [1m18s[0m 285ms/step - auc: 0.9435 - binary_accuracy: 0.8499 - loss: 0.3639
[1m 45/108[0m [32m━━━━━━━━[0m[37m━━━━━━━━━━━━[0m [1m17s[0m 284ms/step - auc: 0.9430 - binary_accuracy: 0.8494 - loss: 0.3645
[1m 46/108[0m [32m━━━━━━━━[0m[37m━━━━━━━━━━━━[0m [1m17s[0m 284ms/step - auc: 0.9426 - binary_accuracy: 0.8490 - loss: 0.3650
[1m 47/108[0m [32m━━━━━━━━[0m[37m━━━━━━━━━━━━[0m [1m17s[0m 285ms/step - auc: 0.9422 - binary_accuracy: 0.8487 - loss: 0.3654
[1m 48/108[0m [32m━━━━━━━━[0m[37m━━━━━━━━━━━━[0m [1m17s[0m 285ms/step - auc: 0.9419 - binary_accuracy: 0.8484 - loss: 0.3658
[1m 49/108[0m [32m━━━━━━━━━[0m[37m━━━━━━━━━━━[0m [1m16s[0m 285ms/step - auc: 0.9416 - binary_accuracy: 0.8482 - loss: 0.3661
[1m 50/108[0m [32m━━━━━━━━━[0m[37m━━━━━━━━━━━[0m [1m16s[0m 285ms/step - auc: 0.9413 - binary_accuracy: 0.8480 - loss: 0.3664
[1m 51/108[0m [32m━━━━━━━━━[0m[37m━━━━━━━━━━━[0m [1m16s[0m 285ms/step - auc: 0.9410 - binary_accuracy: 0.8479 - loss: 0.3667
[1m 52/108[0m [32m━━━━━━━━━[0m[37m━━━━━━━━━━━[0m [1m15s[0m 285ms/step - auc: 0.9407 - binary_accuracy: 0.8478 - loss: 0.3671
[1m 53/108[0m [32m━━━━━━━━━[0m[37m━━━━━━━━━━━[0m [1m15s[0m 285ms/step - auc: 0.9404 - binary_accuracy: 0.8477 - loss: 0.3674
[1m 54/108[0m [32m━━━━━━━━━━[0m[37m━━━━━━━━━━[0m [1m15s[0m 285ms/step - auc: 0.9402 - binary_accuracy: 0.8477 - loss: 0.3678
[1m 55/108[0m [32m━━━━━━━━━━[0m[37m━━━━━━━━━━[0m [1m15s[0m 285ms/step - auc: 0.9399 - binary_accuracy: 0.8476 - loss: 0.3682
[1m 56/108[0m [32m━━━━━━━━━━[0m[37m━━━━━━━━━━[0m [1m14s[0m 285ms/step - auc: 0.9397 - binary_accuracy: 0.8476 - loss: 0.3686
[1m 57/108[0m [32m━━━━━━━━━━[0m[37m━━━━━━━━━━[0m [1m14s[0m 285ms/step - auc: 0.9394 - binary_accuracy: 0.8475 - loss: 0.3690
[1m 58/108[0m [32m━━━━━━━━━━[0m[37m━━━━━━━━━━[0m [1m14s[0m 285ms/step - auc: 0.9392 - binary_accuracy: 0.8474 - loss: 0.3693
[1m 59/108[0m [32m━━━━━━━━━━[0m[37m━━━━━━━━━━[0m [1m13s[0m 285ms/step - auc: 0.9390 - binary_accuracy: 0.8472 - loss: 0.3696
[1m 60/108[0m [32m━━━━━━━━━━━[0m[37m━━━━━━━━━[0m [1m13s[0m 285ms/step - auc: 0.9388 - binary_accuracy: 0.8471 - loss: 0.3700
[1m 61/108[0m [32m━━━━━━━━━━━[0m[37m━━━━━━━━━[0m [1m13s[0m 285ms/step - auc: 0.9386 - binary_accuracy: 0.8469 - loss: 0.3704
[1m 62/108[0m [32m━━━━━━━━━━━[0m[37m━━━━━━━━━[0m [1m13s[0m 285ms/step - auc: 0.9385 - binary_accuracy: 0.8468 - loss: 0.3707
[1m 63/108[0m [32m━━━━━━━━━━━[0m[37m━━━━━━━━━[0m [1m12s[0m 285ms/step - auc: 0.9383 - binary_accuracy: 0.8467 - loss: 0.3710
[1m 64/108[0m [32m━━━━━━━━━━━[0m[37m━━━━━━━━━[0m [1m12s[0m 285ms/step - auc: 0.9381 - binary_accuracy: 0.8466 - loss: 0.3713
[1m 65/108[0m [32m━━━━━━━━━━━━[0m[37m━━━━━━━━[0m [1m12s[0m 285ms/step - auc: 0.9380 - binary_accuracy: 0.8465 - loss: 0.3716
[1m 66/108[0m [32m━━━━━━━━━━━━[0m[37m━━━━━━━━[0m [1m11s[0m 285ms/step - auc: 0.9379 - binary_accuracy: 0.8464 - loss: 0.3719
[1m 67/108[0m [32m━━━━━━━━━━━━[0m[37m━━━━━━━━[0m [1m11s[0m 285ms/step - auc: 0.9378 - binary_accuracy: 0.8463 - loss: 0.3721
[1m 68/108[0m [32m━━━━━━━━━━━━[0m[37m━━━━━━━━[0m [1m11s[0m 285ms/step - auc: 0.9376 - binary_accuracy: 0.8463 - loss: 0.3722
[1m 69/108[0m [32m━━━━━━━━━━━━[0m[37m━━━━━━━━[0m [1m11s[0m 285ms/step - auc: 0.9375 - binary_accuracy: 0.8462 - loss: 0.3724
[1m 70/108[0m [32m━━━━━━━━━━━━[0m[37m━━━━━━━━[0m [1m10s[0m 285ms/step - auc: 0.9375 - binary_accuracy: 0.8462 - loss: 0.3725
[1m 71/108[0m [32m━━━━━━━━━━━━━[0m[37m━━━━━━━[0m [1m10s[0m 285ms/step - auc: 0.9374 - binary_accuracy: 0.8462 - loss: 0.3726
[1m 72/108[0m [32m━━━━━━━━━━━━━[0m[37m━━━━━━━[0m [1m10s[0m 285ms/step - auc: 0.9373 - binary_accuracy: 0.8462 - loss: 0.3727
[1m 73/108[0m [32m━━━━━━━━━━━━━[0m[37m━━━━━━━[0m [1m9s[0m 285ms/step - auc: 0.9373 - binary_accuracy: 0.8463 - loss: 0.3727 
[1m 74/108[0m [32m━━━━━━━━━━━━━[0m[37m━━━━━━━[0m [1m9s[0m 285ms/step - auc: 0.9372 - binary_accuracy: 0.8463 - loss: 0.3728
[1m 75/108[0m [32m━━━━━━━━━━━━━[0m[37m━━━━━━━[0m [1m9s[0m 285ms/step - auc: 0.9372 - binary_accuracy: 0.8463 - loss: 0.3728
[1m 76/108[0m [32m━━━━━━━━━━━━━━[0m[37m━━━━━━[0m [1m9s[0m 285ms/step - auc: 0.9371 - binary_accuracy: 0.8463 - loss: 0.3728
[1m 77/108[0m [32m━━━━━━━━━━━━━━[0m[37m━━━━━━[0m [1m8s[0m 285ms/step - auc: 0.9371 - binary_accuracy: 0.8463 - loss: 0.3728
[1m 78/108[0m [32m━━━━━━━━━━━━━━[0m[37m━━━━━━[0m [1m8s[0m 285ms/step - auc: 0.9371 - binary_accuracy: 0.8463 - loss: 0.3728
[1m 79/108[0m [32m━━━━━━━━━━━━━━[0m[37m━━━━━━[0m [1m8s[0m 285ms/step - auc: 0.9371 - binary_accuracy: 0.8464 - loss: 0.3728
[1m 80/108[0m [32m━━━━━━━━━━━━━━[0m[37m━━━━━━[0m [1m7s[0m 285ms/step - auc: 0.9371 - binary_accuracy: 0.8464 - loss: 0.3728
[1m 81/108[0m [32m━━━━━━━━━━━━━━━[0m[37m━━━━━[0m [1m7s[0m 285ms/step - auc: 0.9371 - binary_accuracy: 0.8465 - loss: 0.3727
[1m 82/108[0m [32m━━━━━━━━━━━━━━━[0m[37m━━━━━[0m [1m7s[0m 285ms/step - auc: 0.9370 - binary_accuracy: 0.8465 - loss: 0.3727
[1m 83/108[0m [32m━━━━━━━━━━━━━━━[0m[37m━━━━━[0m [1m7s[0m 286ms/step - auc: 0.9370 - binary_accuracy: 0.8466 - loss: 0.3727
[1m 84/108[0m [32m━━━━━━━━━━━━━━━[0m[37m━━━━━[0m [1m6s[0m 286ms/step - auc: 0.9370 - binary_accuracy: 0.8466 - loss: 0.3727
[1m 85/108[0m [32m━━━━━━━━━━━━━━━[0m[37m━━━━━[0m [1m6s[0m 286ms/step - auc: 0.9370 - binary_accuracy: 0.8466 - loss: 0.3727
[1m 86/108[0m [32m━━━━━━━━━━━━━━━[0m[37m━━━━━[0m [1m6s[0m 286ms/step - auc: 0.9370 - binary_accuracy: 0.8466 - loss: 0.3727
[1m 87/108[0m [32m━━━━━━━━━━━━━━━━[0m[37m━━━━[0m [1m5s[0m 286ms/step - auc: 0.9369 - binary_accuracy: 0.8466 - loss: 0.3726
[1m 88/108[0m [32m━━━━━━━━━━━━━━━━[0m[37m━━━━[0m [1m5s[0m 286ms/step - auc: 0.9369 - binary_accuracy: 0.8466 - loss: 0.3726
[1m 89/108[0m [32m━━━━━━━━━━━━━━━━[0m[37m━━━━[0m [1m5s[0m 286ms/step - auc: 0.9369 - binary_accuracy: 0.8465 - loss: 0.3726
[1m 90/108[0m [32m━━━━━━━━━━━━━━━━[0m[37m━━━━[0m [1m5s[0m 286ms/step - auc: 0.9369 - binary_accuracy: 0.8465 - loss: 0.3726
[1m 91/108[0m [32m━━━━━━━━━━━━━━━━[0m[37m━━━━[0m [1m4s[0m 286ms/step - auc: 0.9368 - binary_accuracy: 0.8465 - loss: 0.3727
[1m 92/108[0m [32m━━━━━━━━━━━━━━━━━[0m[37m━━━[0m [1m4s[0m 286ms/step - auc: 0.9367 - binary_accuracy: 0.8465 - loss: 0.3728
[1m 93/108[0m [32m━━━━━━━━━━━━━━━━━[0m[37m━━━[0m [1m4s[0m 285ms/step - auc: 0.9367 - binary_accuracy: 0.8465 - loss: 0.3729
[1m 94/108[0m [32m━━━━━━━━━━━━━━━━━[0m[37m━━━[0m [1m3s[0m 285ms/step - auc: 0.9366 - binary_accuracy: 0.8465 - loss: 0.3730
[1m 95/108[0m [32m━━━━━━━━━━━━━━━━━[0m[37m━━━[0m [1m3s[0m 285ms/step - auc: 0.9365 - binary_accuracy: 0.8465 - loss: 0.3731
[1m 96/108[0m [32m━━━━━━━━━━━━━━━━━[0m[37m━━━[0m [1m3s[0m 285ms/step - auc: 0.9364 - binary_accuracy: 0.8464 - loss: 0.3732
[1m 97/108[0m [32m━━━━━━━━━━━━━━━━━[0m[37m━━━[0m [1m3s[0m 285ms/step - auc: 0.9363 - binary_accuracy: 0.8464 - loss: 0.3734
[1m 98/108[0m [32m━━━━━━━━━━━━━━━━━━[0m[37m━━[0m [1m2s[0m 285ms/step - auc: 0.9362 - binary_accuracy: 0.8463 - loss: 0.3736
[1m 99/108[0m [32m━━━━━━━━━━━━━━━━━━[0m[37m━━[0m [1m2s[0m 285ms/step - auc: 0.9362 - binary_accuracy: 0.8462 - loss: 0.3737
[1m100/108[0m [32m━━━━━━━━━━━━━━━━━━[0m[37m━━[0m [1m2s[0m 285ms/step - auc: 0.9361 - binary_accuracy: 0.8461 - loss: 0.3739
[1m101/108[0m [32m━━━━━━━━━━━━━━━━━━[0m[37m━━[0m [1m1s[0m 285ms/step - auc: 0.9360 - binary_accuracy: 0.8460 - loss: 0.3740
[1m102/108[0m [32m━━━━━━━━━━━━━━━━━━[0m[37m━━[0m [1m1s[0m 285ms/step - auc: 0.9359 - binary_accuracy: 0.8459 - loss: 0.3742
[1m103/108[0m [32m━━━━━━━━━━━━━━━━━━━[0m[37m━[0m [1m1s[0m 285ms/step - auc: 0.9358 - binary_accuracy: 0.8459 - loss: 0.3744
[1m104/108[0m [32m━━━━━━━━━━━━━━━━━━━[0m[37m━[0m [1m1s[0m 285ms/step - auc: 0.9356 - binary_accuracy: 0.8458 - loss: 0.3746
[1m105/108[0m [32m━━━━━━━━━━━━━━━━━━━[0m[37m━[0m [1m0s[0m 285ms/step - auc: 0.9355 - binary_accuracy: 0.8458 - loss: 0.3748
[1m106/108[0m [32m━━━━━━━━━━━━━━━━━━━[0m[37m━[0m [1m0s[0m 285ms/step - auc: 0.9354 - binary_accuracy: 0.8457 - loss: 0.3750
[1m107/108[0m [32m━━━━━━━━━━━━━━━━━━━[0m[37m━[0m [1m0s[0m 285ms/step - auc: 0.9353 - binary_accuracy: 0.8457 - loss: 0.3751
[1m108/108[0m [32m━━━━━━━━━━━━━━━━━━━━[0m[37m[0m [1m0s[0m 284ms/step - auc: 0.9352 - binary_accuracy: 0.8456 - loss: 0.3753transfer phase-a: epoch 4/8 done in 37.1s loss=0.3932 auc=0.9245 val_loss=0.5107 val_auc=0.9307

[1m108/108[0m [32m━━━━━━━━━━━━━━━━━━━━[0m[37m[0m [1m37s[0m 342ms/step - auc: 0.9245 - binary_accuracy: 0.8378 - loss: 0.3932 - val_auc: 0.9307 - val_binary_accuracy: 0.7848 - val_loss: 0.5107
transfer phase-a: epoch 5/8 start
Epoch 5/5

[1m  1/108[0m [37m━━━━━━━━━━━━━━━━━━━━[0m [1m51s[0m 482ms/step - auc: 0.8889 - binary_accuracy: 0.6875 - loss: 0.5650
[1m  2/108[0m [37m━━━━━━━━━━━━━━━━━━━━[0m [1m30s[0m 286ms/step - auc: 0.9079 - binary_accuracy: 0.6875 - loss: 0.5229
[1m  3/108[0m [37m━━━━━━━━━━━━━━━━━━━━[0m [1m30s[0m 292ms/step - auc: 0.9204 - binary_accuracy: 0.6979 - loss: 0.4913
[1m  4/108[0m [37m━━━━━━━━━━━━━━━━━━━━[0m [1m30s[0m 293ms/step - auc: 0.9312 - binary_accuracy: 0.7168 - loss: 0.4631
[1m  5/108[0m [37m━━━━━━━━━━━━━━━━━━━━[0m [1m30s[0m 292ms/step - auc: 0.9315 - binary_accuracy: 0.7272 - loss: 0.4567
[1m  6/108[0m [32m━[0m[37m━━━━━━━━━━━━━━━━━━━[0m [1m29s[0m 290ms/step - auc: 0.9339 - binary_accuracy: 0.7388 - loss: 0.4463
[1m  7/108[0m [32m━[0m[37m━━━━━━━━━━━━━━━━━━━[0m [1m29s[0m 288ms/step - auc: 0.9344 - binary_accuracy: 0.7474 - loss: 0.4419
[1m  8/108[0m [32m━[0m[37m━━━━━━━━━━━━━━━━━━━[0m [1m28s[0m 287ms/step - auc: 0.9349 - binary_accuracy: 0.7541 - loss: 0.4366
[1m  9/108[0m [32m━[0m[37m━━━━━━━━━━━━━━━━━━━[0m [1m28s[0m 286ms/step - auc: 0.9360 - binary_accuracy: 0.7610 - loss: 0.4302
[1m 10/108[0m [32m━[0m[37m━━━━━━━━━━━━━━━━━━━[0m [1m27s[0m 285ms/step - auc: 0.9360 - binary_accuracy: 0.7652 - loss: 0.4259
[1m 11/108[0m [32m━━[0m[37m━━━━━━━━━━━━━━━━━━[0m [1m27s[0m 285ms/step - auc: 0.9354 - binary_accuracy: 0.7679 - loss: 0.4228
[1m 12/108[0m [32m━━[0m[37m━━━━━━━━━━━━━━━━━━[0m [1m27s[0m 285ms/step - auc: 0.9355 - binary_accuracy: 0.7710 - loss: 0.4190
[1m 13/108[0m [32m━━[0m[37m━━━━━━━━━━━━━━━━━━[0m [1m27s[0m 284ms/step - auc: 0.9350 - binary_accuracy: 0.7740 - loss: 0.4162
[1m 14/108[0m [32m━━[0m[37m━━━━━━━━━━━━━━━━━━[0m [1m26s[0m 284ms/step - auc: 0.9351 - binary_accuracy: 0.7775 - loss: 0.4125
[1m 15/108[0m [32m━━[0m[37m━━━━━━━━━━━━━━━━━━[0m [1m26s[0m 285ms/step - auc: 0.9356 - binary_accuracy: 0.7813 - loss: 0.4080
[1m 16/108[0m [32m━━[0m[37m━━━━━━━━━━━━━━━━━━[0m [1m26s[0m 285ms/step - auc: 0.9345 - binary_accuracy: 0.7849 - loss: 0.4067
[1m 17/108[0m [32m━━━[0m[37m━━━━━━━━━━━━━━━━━[0m [1m25s[0m 285ms/step - auc: 0.9336 - binary_accuracy: 0.7885 - loss: 0.4057
[1m 18/108[0m [32m━━━[0m[37m━━━━━━━━━━━━━━━━━[0m [1m25s[0m 285ms/step - auc: 0.9328 - binary_accuracy: 0.7920 - loss: 0.4050
[1m 19/108[0m [32m━━━[0m[37m━━━━━━━━━━━━━━━━━[0m [1m25s[0m 285ms/step - auc: 0.9322 - binary_accuracy: 0.7950 - loss: 0.4038
[1m 20/108[0m [32m━━━[0m[37m━━━━━━━━━━━━━━━━━[0m [1m25s[0m 285ms/step - auc: 0.9319 - binary_accuracy: 0.7979 - loss: 0.4029
[1m 21/108[0m [32m━━━[0m[37m━━━━━━━━━━━━━━━━━[0m [1m24s[0m 285ms/step - auc: 0.9311 - binary_accuracy: 0.8005 - loss: 0.4036
[1m 22/108[0m [32m━━━━[0m[37m━━━━━━━━━━━━━━━━[0m [1m24s[0m 286ms/step - auc: 0.9304 - binary_accuracy: 0.8025 - loss: 0.4040
[1m 23/108[0m [32m━━━━[0m[37m━━━━━━━━━━━━━━━━[0m [1m24s[0m 286ms/step - auc: 0.9298 - binary_accuracy: 0.8041 - loss: 0.4043
[1m 24/108[0m [32m━━━━[0m[37m━━━━━━━━━━━━━━━━[0m [1m23s[0m 286ms/step - auc: 0.9292 - binary_accuracy: 0.8054 - loss: 0.4049
[1m 25/108[0m [32m━━━━[0m[37m━━━━━━━━━━━━━━━━[0m [1m23s[0m 286ms/step - auc: 0.9286 - binary_accuracy: 0.8067 - loss: 0.4050
[1m 26/108[0m [32m━━━━[0m[37m━━━━━━━━━━━━━━━━[0m [1m23s[0m 286ms/step - auc: 0.9282 - binary_accuracy: 0.8079 - loss: 0.4053
[1m 27/108[0m [32m━━━━━[0m[37m━━━━━━━━━━━━━━━[0m [1m23s[0m 286ms/step - auc: 0.9278 - binary_accuracy: 0.8089 - loss: 0.4059
[1m 28/108[0m [32m━━━━━[0m[37m━━━━━━━━━━━━━━━[0m [1m22s[0m 286ms/step - auc: 0.9274 - binary_accuracy: 0.8098 - loss: 0.4063
[1m 29/108[0m [32m━━━━━[0m[37m━━━━━━━━━━━━━━━[0m [1m22s[0m 286ms/step - auc: 0.9271 - binary_accuracy: 0.8105 - loss: 0.4066
[1m 30/108[0m [32m━━━━━[0m[37m━━━━━━━━━━━━━━━[0m [1m22s[0m 286ms/step - auc: 0.9268 - binary_accuracy: 0.8110 - loss: 0.4069
[1m 31/108[0m [32m━━━━━[0m[37m━━━━━━━━━━━━━━━[0m [1m21s[0m 286ms/step - auc: 0.9265 - binary_accuracy: 0.8113 - loss: 0.4072
[1m 32/108[0m [32m━━━━━[0m[37m━━━━━━━━━━━━━━━[0m [1m21s[0m 286ms/step - auc: 0.9262 - binary_accuracy: 0.8116 - loss: 0.4074
[1m 33/108[0m [32m━━━━━━[0m[37m━━━━━━━━━━━━━━[0m [1m21s[0m 286ms/step - auc: 0.9260 - binary_accuracy: 0.8120 - loss: 0.4073
[1m 34/108[0m [32m━━━━━━[0m[37m━━━━━━━━━━━━━━[0m [1m21s[0m 286ms/step - auc: 0.9257 - binary_accuracy: 0.8125 - loss: 0.4072
[1m 35/108[0m [32m━━━━━━[0m[37m━━━━━━━━━━━━━━[0m [1m20s[0m 286ms/step - auc: 0.9256 - binary_accuracy: 0.8130 - loss: 0.4069
[1m 36/108[0m [32m━━━━━━[0m[37m━━━━━━━━━━━━━━[0m [1m20s[0m 286ms/step - auc: 0.9255 - binary_accuracy: 0.8136 - loss: 0.4066
[1m 37/108[0m [32m━━━━━━[0m[37m━━━━━━━━━━━━━━[0m [1m20s[0m 287ms/step - auc: 0.9254 - binary_accuracy: 0.8142 - loss: 0.4063
[1m 38/108[0m [32m━━━━━━━[0m[37m━━━━━━━━━━━━━[0m [1m20s[0m 287ms/step - auc: 0.9253 - binary_accuracy: 0.8149 - loss: 0.4061
[1m 39/108[0m [32m━━━━━━━[0m[37m━━━━━━━━━━━━━[0m [1m19s[0m 287ms/step - auc: 0.9252 - binary_accuracy: 0.8156 - loss: 0.4057
[1m 40/108[0m [32m━━━━━━━[0m[37m━━━━━━━━━━━━━[0m [1m19s[0m 287ms/step - auc: 0.9251 - binary_accuracy: 0.8163 - loss: 0.4054
[1m 41/108[0m [32m━━━━━━━[0m[37m━━━━━━━━━━━━━[0m [1m19s[0m 287ms/step - auc: 0.9251 - binary_accuracy: 0.8170 - loss: 0.4050
[1m 42/108[0m [32m━━━━━━━[0m[37m━━━━━━━━━━━━━[0m [1m18s[0m 287ms/step - auc: 0.9250 - binary_accuracy: 0.8174 - loss: 0.4046
[1m 43/108[0m [32m━━━━━━━[0m[37m━━━━━━━━━━━━━[0m [1m18s[0m 287ms/step - auc: 0.9249 - binary_accuracy: 0.8178 - loss: 0.4043
[1m 44/108[0m [32m━━━━━━━━[0m[37m━━━━━━━━━━━━[0m [1m18s[0m 287ms/step - auc: 0.9249 - binary_accuracy: 0.8182 - loss: 0.4039
[1m 45/108[0m [32m━━━━━━━━[0m[37m━━━━━━━━━━━━[0m [1m18s[0m 287ms/step - auc: 0.9249 - binary_accuracy: 0.8186 - loss: 0.4035
[1m 46/108[0m [32m━━━━━━━━[0m[37m━━━━━━━━━━━━[0m [1m17s[0m 287ms/step - auc: 0.9249 - binary_accuracy: 0.8190 - loss: 0.4030
[1m 47/108[0m [32m━━━━━━━━[0m[37m━━━━━━━━━━━━[0m [1m17s[0m 287ms/step - auc: 0.9249 - binary_accuracy: 0.8194 - loss: 0.4025
[1m 48/108[0m [32m━━━━━━━━[0m[37m━━━━━━━━━━━━[0m [1m17s[0m 287ms/step - auc: 0.9250 - binary_accuracy: 0.8198 - loss: 0.4021
[1m 49/108[0m [32m━━━━━━━━━[0m[37m━━━━━━━━━━━[0m [1m16s[0m 287ms/step - auc: 0.9251 - binary_accuracy: 0.8203 - loss: 0.4015
[1m 50/108[0m [32m━━━━━━━━━[0m[37m━━━━━━━━━━━[0m [1m16s[0m 287ms/step - auc: 0.9251 - binary_accuracy: 0.8207 - loss: 0.4011
[1m 51/108[0m [32m━━━━━━━━━[0m[37m━━━━━━━━━━━[0m [1m16s[0m 287ms/step - auc: 0.9251 - binary_accuracy: 0.8212 - loss: 0.4006
[1m 52/108[0m [32m━━━━━━━━━[0m[37m━━━━━━━━━━━[0m [1m16s[0m 287ms/step - auc: 0.9252 - binary_accuracy: 0.8217 - loss: 0.4003
[1m 53/108[0m [32m━━━━━━━━━[0m[37m━━━━━━━━━━━[0m [1m15s[0m 287ms/step - auc: 0.9253 - binary_accuracy: 0.8222 - loss: 0.3999
[1m 54/108[0m [32m━━━━━━━━━━[0m[37m━━━━━━━━━━[0m [1m15s[0m 287ms/step - auc: 0.9254 - binary_accuracy: 0.8227 - loss: 0.3995
[1m 55/108[0m [32m━━━━━━━━━━[0m[37m━━━━━━━━━━[0m [1m15s[0m 287ms/step - auc: 0.9255 - binary_accuracy: 0.8231 - loss: 0.3991
[1m 56/108[0m [32m━━━━━━━━━━[0m[37m━━━━━━━━━━[0m [1m14s[0m 287ms/step - auc: 0.9256 - binary_accuracy: 0.8235 - loss: 0.3988
[1m 57/108[0m [32m━━━━━━━━━━[0m[37m━━━━━━━━━━[0m [1m14s[0m 287ms/step - auc: 0.9257 - binary_accuracy: 0.8239 - loss: 0.3984
[1m 58/108[0m [32m━━━━━━━━━━[0m[37m━━━━━━━━━━[0m [1m14s[0m 287ms/step - auc: 0.9258 - binary_accuracy: 0.8243 - loss: 0.3980
[1m 59/108[0m [32m━━━━━━━━━━[0m[37m━━━━━━━━━━[0m [1m14s[0m 287ms/step - auc: 0.9259 - binary_accuracy: 0.8247 - loss: 0.3976
[1m 60/108[0m [32m━━━━━━━━━━━[0m[37m━━━━━━━━━[0m [1m13s[0m 287ms/step - auc: 0.9261 - binary_accuracy: 0.8251 - loss: 0.3973
[1m 61/108[0m [32m━━━━━━━━━━━[0m[37m━━━━━━━━━[0m [1m13s[0m 287ms/step - auc: 0.9263 - binary_accuracy: 0.8255 - loss: 0.3969
[1m 62/108[0m [32m━━━━━━━━━━━[0m[37m━━━━━━━━━[0m [1m13s[0m 287ms/step - auc: 0.9264 - binary_accuracy: 0.8259 - loss: 0.3965
[1m 63/108[0m [32m━━━━━━━━━━━[0m[37m━━━━━━━━━[0m [1m12s[0m 286ms/step - auc: 0.9266 - binary_accuracy: 0.8263 - loss: 0.3961
[1m 64/108[0m [32m━━━━━━━━━━━[0m[37m━━━━━━━━━[0m [1m12s[0m 287ms/step - auc: 0.9268 - binary_accuracy: 0.8268 - loss: 0.3958
[1m 65/108[0m [32m━━━━━━━━━━━━[0m[37m━━━━━━━━[0m [1m12s[0m 287ms/step - auc: 0.9270 - binary_accuracy: 0.8272 - loss: 0.3954
[1m 66/108[0m [32m━━━━━━━━━━━━[0m[37m━━━━━━━━[0m [1m12s[0m 287ms/step - auc: 0.9272 - binary_accuracy: 0.8275 - loss: 0.3950
[1m 67/108[0m [32m━━━━━━━━━━━━[0m[37m━━━━━━━━[0m [1m11s[0m 287ms/step - auc: 0.9274 - binary_accuracy: 0.8279 - loss: 0.3945
[1m 68/108[0m [32m━━━━━━━━━━━━[0m[37m━━━━━━━━[0m [1m11s[0m 286ms/step - auc: 0.9276 - binary_accuracy: 0.8283 - loss: 0.3941
[1m 69/108[0m [32m━━━━━━━━━━━━[0m[37m━━━━━━━━[0m [1m11s[0m 286ms/step - auc: 0.9278 - binary_accuracy: 0.8287 - loss: 0.3936
[1m 70/108[0m [32m━━━━━━━━━━━━[0m[37m━━━━━━━━[0m [1m10s[0m 286ms/step - auc: 0.9280 - binary_accuracy: 0.8291 - loss: 0.3932
[1m 71/108[0m [32m━━━━━━━━━━━━━[0m[37m━━━━━━━[0m [1m10s[0m 286ms/step - auc: 0.9282 - binary_accuracy: 0.8295 - loss: 0.3927
[1m 72/108[0m [32m━━━━━━━━━━━━━[0m[37m━━━━━━━[0m [1m10s[0m 286ms/step - auc: 0.9284 - binary_accuracy: 0.8299 - loss: 0.3923
[1m 73/108[0m [32m━━━━━━━━━━━━━[0m[37m━━━━━━━[0m [1m10s[0m 287ms/step - auc: 0.9286 - binary_accuracy: 0.8303 - loss: 0.3919
[1m 74/108[0m [32m━━━━━━━━━━━━━[0m[37m━━━━━━━[0m [1m9s[0m 287ms/step - auc: 0.9287 - binary_accuracy: 0.8306 - loss: 0.3914 
[1m 75/108[0m [32m━━━━━━━━━━━━━[0m[37m━━━━━━━[0m [1m9s[0m 287ms/step - auc: 0.9289 - binary_accuracy: 0.8310 - loss: 0.3910
[1m 76/108[0m [32m━━━━━━━━━━━━━━[0m[37m━━━━━━[0m [1m9s[0m 287ms/step - auc: 0.9291 - binary_accuracy: 0.8313 - loss: 0.3906
[1m 77/108[0m [32m━━━━━━━━━━━━━━[0m[37m━━━━━━[0m [1m8s[0m 287ms/step - auc: 0.9293 - binary_accuracy: 0.8316 - loss: 0.3902
[1m 78/108[0m [32m━━━━━━━━━━━━━━[0m[37m━━━━━━[0m [1m8s[0m 287ms/step - auc: 0.9295 - binary_accuracy: 0.8319 - loss: 0.3897
[1m 79/108[0m [32m━━━━━━━━━━━━━━[0m[37m━━━━━━[0m [1m8s[0m 287ms/step - auc: 0.9297 - binary_accuracy: 0.8323 - loss: 0.3893
[1m 80/108[0m [32m━━━━━━━━━━━━━━[0m[37m━━━━━━[0m [1m8s[0m 287ms/step - auc: 0.9298 - binary_accuracy: 0.8326 - loss: 0.3889
[1m 81/108[0m [32m━━━━━━━━━━━━━━━[0m[37m━━━━━[0m [1m7s[0m 287ms/step - auc: 0.9300 - binary_accuracy: 0.8329 - loss: 0.3885
[1m 82/108[0m [32m━━━━━━━━━━━━━━━[0m[37m━━━━━[0m [1m7s[0m 287ms/step - auc: 0.9301 - binary_accuracy: 0.8333 - loss: 0.3881
[1m 83/108[0m [32m━━━━━━━━━━━━━━━[0m[37m━━━━━[0m [1m7s[0m 287ms/step - auc: 0.9303 - binary_accuracy: 0.8336 - loss: 0.3877
[1m 84/108[0m [32m━━━━━━━━━━━━━━━[0m[37m━━━━━[0m [1m6s[0m 287ms/step - auc: 0.9304 - binary_accuracy: 0.8339 - loss: 0.3874
[1m 85/108[0m [32m━━━━━━━━━━━━━━━[0m[37m━━━━━[0m [1m6s[0m 287ms/step - auc: 0.9306 - binary_accuracy: 0.8342 - loss: 0.3870
[1m 86/108[0m [32m━━━━━━━━━━━━━━━[0m[37m━━━━━[0m [1m6s[0m 287ms/step - auc: 0.9307 - binary_accuracy: 0.8345 - loss: 0.3866
[1m 87/108[0m [32m━━━━━━━━━━━━━━━━[0m[37m━━━━[0m [1m6s[0m 287ms/step - auc: 0.9309 - binary_accuracy: 0.8347 - loss: 0.3862
[1m 88/108[0m [32m━━━━━━━━━━━━━━━━[0m[37m━━━━[0m [1m5s[0m 287ms/step - auc: 0.9310 - binary_accuracy: 0.8350 - loss: 0.3858
[1m 89/108[0m [32m━━━━━━━━━━━━━━━━[0m[37m━━━━[0m [1m5s[0m 287ms/step - auc: 0.9312 - binary_accuracy: 0.8352 - loss: 0.3855
[1m 90/108[0m [32m━━━━━━━━━━━━━━━━[0m[37m━━━━[0m [1m5s[0m 287ms/step - auc: 0.9313 - binary_accuracy: 0.8355 - loss: 0.3851
[1m 91/108[0m [32m━━━━━━━━━━━━━━━━[0m[37m━━━━[0m [1m4s[0m 286ms/step - auc: 0.9314 - binary_accuracy: 0.8357 - loss: 0.3849
[1m 92/108[0m [32m━━━━━━━━━━━━━━━━━[0m[37m━━━[0m [1m4s[0m 286ms/step - auc: 0.9315 - binary_accuracy: 0.8360 - loss: 0.3846
[1m 93/108[0m [32m━━━━━━━━━━━━━━━━━[0m[37m━━━[0m [1m4s[0m 286ms/step - auc: 0.9316 - binary_accuracy: 0.8362 - loss: 0.3843
[1m 94/108[0m [32m━━━━━━━━━━━━━━━━━[0m[37m━━━[0m [1m4s[0m 286ms/step - auc: 0.9317 - binary_accuracy: 0.8365 - loss: 0.3840
[1m 95/108[0m [32m━━━━━━━━━━━━━━━━━[0m[37m━━━[0m [1m3s[0m 286ms/step - auc: 0.9318 - binary_accuracy: 0.8367 - loss: 0.3838
[1m 96/108[0m [32m━━━━━━━━━━━━━━━━━[0m[37m━━━[0m [1m3s[0m 286ms/step - auc: 0.9319 - binary_accuracy: 0.8369 - loss: 0.3835
[1m 97/108[0m [32m━━━━━━━━━━━━━━━━━[0m[37m━━━[0m [1m3s[0m 286ms/step - auc: 0.9320 - binary_accuracy: 0.8371 - loss: 0.3832
[1m 98/108[0m [32m━━━━━━━━━━━━━━━━━━[0m[37m━━[0m [1m2s[0m 286ms/step - auc: 0.9321 - binary_accuracy: 0.8372 - loss: 0.3830
[1m 99/108[0m [32m━━━━━━━━━━━━━━━━━━[0m[37m━━[0m [1m2s[0m 286ms/step - auc: 0.9322 - binary_accuracy: 0.8374 - loss: 0.3827
[1m100/108[0m [32m━━━━━━━━━━━━━━━━━━[0m[37m━━[0m [1m2s[0m 286ms/step - auc: 0.9323 - binary_accuracy: 0.8376 - loss: 0.3825
[1m101/108[0m [32m━━━━━━━━━━━━━━━━━━[0m[37m━━[0m [1m2s[0m 286ms/step - auc: 0.9324 - binary_accuracy: 0.8377 - loss: 0.3823
[1m102/108[0m [32m━━━━━━━━━━━━━━━━━━[0m[37m━━[0m [1m1s[0m 286ms/step - auc: 0.9324 - binary_accuracy: 0.8379 - loss: 0.3820
[1m103/108[0m [32m━━━━━━━━━━━━━━━━━━━[0m[37m━[0m [1m1s[0m 286ms/step - auc: 0.9325 - binary_accuracy: 0.8381 - loss: 0.3818
[1m104/108[0m [32m━━━━━━━━━━━━━━━━━━━[0m[37m━[0m [1m1s[0m 286ms/step - auc: 0.9326 - binary_accuracy: 0.8383 - loss: 0.3816
[1m105/108[0m [32m━━━━━━━━━━━━━━━━━━━[0m[37m━[0m [1m0s[0m 286ms/step - auc: 0.9327 - binary_accuracy: 0.8384 - loss: 0.3814
[1m106/108[0m [32m━━━━━━━━━━━━━━━━━━━[0m[37m━[0m [1m0s[0m 286ms/step - auc: 0.9327 - binary_accuracy: 0.8386 - loss: 0.3812
[1m107/108[0m [32m━━━━━━━━━━━━━━━━━━━[0m[37m━[0m [1m0s[0m 286ms/step - auc: 0.9328 - binary_accuracy: 0.8387 - loss: 0.3810
[1m108/108[0m [32m━━━━━━━━━━━━━━━━━━━━[0m[37m[0m [1m0s[0m 284ms/step - auc: 0.9329 - binary_accuracy: 0.8389 - loss: 0.3808transfer phase-a: epoch 5/8 done in 37.2s loss=0.3583 auc=0.9406 val_loss=0.2995 val_auc=0.9721

[1m108/108[0m [32m━━━━━━━━━━━━━━━━━━━━[0m[37m[0m [1m37s[0m 343ms/step - auc: 0.9406 - binary_accuracy: 0.8538 - loss: 0.3583 - val_auc: 0.9721 - val_binary_accuracy: 0.8930 - val_loss: 0.2995
[INFO] focus_binary.focus_binary.models.transfer: phase1: head training
transfer final: epoch 1/8 start
Epoch 1/3

[1m  1/133[0m [37m━━━━━━━━━━━━━━━━━━━━[0m [1m11:44[0m 5s/step - auc: 0.2902 - binary_accuracy: 0.8750 - loss: 2.2844
[1m  2/133[0m [37m━━━━━━━━━━━━━━━━━━━━[0m [1m5:31[0m 3s/step - auc: 0.2485 - binary_accuracy: 0.8906 - loss: 1.8487 
[1m  3/133[0m [37m━━━━━━━━━━━━━━━━━━━━[0m [1m4:57[0m 2s/step - auc: 0.2957 - binary_accuracy: 0.8715 - loss: 1.6547
[1m  4/133[0m [37m━━━━━━━━━━━━━━━━━━━━[0m [1m4:59[0m 2s/step - auc: 0.3519 - binary_accuracy: 0.8411 - loss: 1.5391
[1m  5/133[0m [37m━━━━━━━━━━━━━━━━━━━━[0m [1m5:45[0m 3s/step - auc: 0.3915 - binary_accuracy: 0.8079 - loss: 1.4456
[1m  6/133[0m [37m━━━━━━━━━━━━━━━━━━━━[0m [1m5:17[0m 2s/step - auc: 0.4225 - binary_accuracy: 0.7748 - loss: 1.3749
[1m  7/133[0m [32m━[0m[37m━━━━━━━━━━━━━━━━━━━[0m [1m5:32[0m 3s/step - auc: 0.4491 - binary_accuracy: 0.7451 - loss: 1.3203
[1m  8/133[0m [32m━[0m[37m━━━━━━━━━━━━━━━━━━━[0m [1m5:33[0m 3s/step - auc: 0.4669 - binary_accuracy: 0.7179 - loss: 1.2827
[1m  9/133[0m [32m━[0m[37m━━━━━━━━━━━━━━━━━━━[0m [1m5:41[0m 3s/step - auc: 0.4803 - binary_accuracy: 0.6941 - loss: 1.2507
[1m 10/133[0m [32m━[0m[37m━━━━━━━━━━━━━━━━━━━[0m [1m5:35[0m 3s/step - auc: 0.4912 - binary_accuracy: 0.6725 - loss: 1.2228
[1m 11/133[0m [32m━[0m[37m━━━━━━━━━━━━━━━━━━━[0m [1m5:33[0m 3s/step - auc: 0.5017 - binary_accuracy: 0.6553 - loss: 1.1958
[1m 12/133[0m [32m━[0m[37m━━━━━━━━━━━━━━━━━━━[0m [1m5:32[0m 3s/step - auc: 0.5101 - binary_accuracy: 0.6412 - loss: 1.1728
[1m 13/133[0m [32m━[0m[37m━━━━━━━━━━━━━━━━━━━[0m [1m5:36[0m 3s/step - auc: 0.5187 - binary_accuracy: 0.6306 - loss: 1.1521
[1m 14/133[0m [32m━━[0m[37m━━━━━━━━━━━━━━━━━━[0m [1m5:27[0m 3s/step - auc: 0.5259 - binary_accuracy: 0.6219 - loss: 1.1334
[1m 15/133[0m [32m━━[0m[37m━━━━━━━━━━━━━━━━━━[0m [1m5:25[0m 3s/step - auc: 0.5327 - binary_accuracy: 0.6151 - loss: 1.1160
[1m 16/133[0m [32m━━[0m[37m━━━━━━━━━━━━━━━━━━[0m [1m5:30[0m 3s/step - auc: 0.5389 - binary_accuracy: 0.6099 - loss: 1.0994
[1m 17/133[0m [32m━━[0m[37m━━━━━━━━━━━━━━━━━━[0m [1m5:27[0m 3s/step - auc: 0.5442 - binary_accuracy: 0.6059 - loss: 1.0841
[1m 18/133[0m [32m━━[0m[37m━━━━━━━━━━━━━━━━━━[0m [1m5:23[0m 3s/step - auc: 0.5496 - binary_accuracy: 0.6031 - loss: 1.0697
[1m 19/133[0m [32m━━[0m[37m━━━━━━━━━━━━━━━━━━[0m [1m5:26[0m 3s/step - auc: 0.5550 - binary_accuracy: 0.6015 - loss: 1.0552
[1m 20/133[0m [32m━━━[0m[37m━━━━━━━━━━━━━━━━━[0m [1m5:17[0m 3s/step - auc: 0.5600 - binary_accuracy: 0.6006 - loss: 1.0414
[1m 21/133[0m [32m━━━[0m[37m━━━━━━━━━━━━━━━━━[0m [1m5:20[0m 3s/step - auc: 0.5646 - binary_accuracy: 0.6001 - loss: 1.0288
[1m 22/133[0m [32m━━━[0m[37m━━━━━━━━━━━━━━━━━[0m [1m5:23[0m 3s/step - auc: 0.5690 - binary_accuracy: 0.6000 - loss: 1.0171
[1m 23/133[0m [32m━━━[0m[37m━━━━━━━━━━━━━━━━━[0m [1m5:23[0m 3s/step - auc: 0.5731 - binary_accuracy: 0.6004 - loss: 1.0059
[1m 24/133[0m [32m━━━[0m[37m━━━━━━━━━━━━━━━━━[0m [1m5:16[0m 3s/step - auc: 0.5772 - binary_accuracy: 0.6012 - loss: 0.9946
[1m 25/133[0m [32m━━━[0m[37m━━━━━━━━━━━━━━━━━[0m [1m5:16[0m 3s/step - auc: 0.5813 - binary_accuracy: 0.6022 - loss: 0.9838
[1m 26/133[0m [32m━━━[0m[37m━━━━━━━━━━━━━━━━━[0m [1m5:15[0m 3s/step - auc: 0.5853 - binary_accuracy: 0.6033 - loss: 0.9739
[1m 27/133[0m [32m━━━━[0m[37m━━━━━━━━━━━━━━━━[0m [1m5:15[0m 3s/step - auc: 0.5892 - binary_accuracy: 0.6046 - loss: 0.9647
[1m 28/133[0m [32m━━━━[0m[37m━━━━━━━━━━━━━━━━[0m [1m5:08[0m 3s/step - auc: 0.5928 - binary_accuracy: 0.6059 - loss: 0.9558
[1m 29/133[0m [32m━━━━[0m[37m━━━━━━━━━━━━━━━━[0m [1m5:08[0m 3s/step - auc: 0.5964 - binary_accuracy: 0.6072 - loss: 0.9473
[1m 30/133[0m [32m━━━━[0m[37m━━━━━━━━━━━━━━━━[0m [1m5:07[0m 3s/step - auc: 0.6001 - binary_accuracy: 0.6084 - loss: 0.9392
[1m 31/133[0m [32m━━━━[0m[37m━━━━━━━━━━━━━━━━[0m [1m5:01[0m 3s/step - auc: 0.6034 - binary_accuracy: 0.6094 - loss: 0.9316
[1m 32/133[0m [32m━━━━[0m[37m━━━━━━━━━━━━━━━━[0m [1m5:00[0m 3s/step - auc: 0.6068 - binary_accuracy: 0.6104 - loss: 0.9242
[1m 33/133[0m [32m━━━━[0m[37m━━━━━━━━━━━━━━━━[0m [1m4:58[0m 3s/step - auc: 0.6098 - binary_accuracy: 0.6113 - loss: 0.9173
[1m 34/133[0m [32m━━━━━[0m[37m━━━━━━━━━━━━━━━[0m [1m4:52[0m 3s/step - auc: 0.6129 - binary_accuracy: 0.6123 - loss: 0.9106
[1m 35/133[0m [32m━━━━━[0m[37m━━━━━━━━━━━━━━━[0m [1m4:51[0m 3s/step - auc: 0.6159 - binary_accuracy: 0.6134 - loss: 0.9040
[1m 36/133[0m [32m━━━━━[0m[37m━━━━━━━━━━━━━━━[0m [1m4:48[0m 3s/step - auc: 0.6189 - binary_accuracy: 0.6144 - loss: 0.8976
[1m 37/133[0m [32m━━━━━[0m[37m━━━━━━━━━━━━━━━[0m [1m4:46[0m 3s/step - auc: 0.6218 - binary_accuracy: 0.6156 - loss: 0.8914
[1m 38/133[0m [32m━━━━━[0m[37m━━━━━━━━━━━━━━━[0m [1m4:41[0m 3s/step - auc: 0.6246 - binary_accuracy: 0.6168 - loss: 0.8855
[1m 39/133[0m [32m━━━━━[0m[37m━━━━━━━━━━━━━━━[0m [1m4:39[0m 3s/step - auc: 0.6273 - binary_accuracy: 0.6181 - loss: 0.8798
[1m 40/133[0m [32m━━━━━━[0m[37m━━━━━━━━━━━━━━[0m [1m4:38[0m 3s/step - auc: 0.6301 - binary_accuracy: 0.6196 - loss: 0.8740
[1m 41/133[0m [32m━━━━━━[0m[37m━━━━━━━━━━━━━━[0m [1m4:32[0m 3s/step - auc: 0.6328 - binary_accuracy: 0.6211 - loss: 0.8685
[1m 42/133[0m [32m━━━━━━[0m[37m━━━━━━━━━━━━━━[0m [1m4:30[0m 3s/step - auc: 0.6355 - binary_accuracy: 0.6226 - loss: 0.8631
[1m 43/133[0m [32m━━━━━━[0m[37m━━━━━━━━━━━━━━[0m [1m4:26[0m 3s/step - auc: 0.6381 - binary_accuracy: 0.6241 - loss: 0.8577
[1m 44/133[0m [32m━━━━━━[0m[37m━━━━━━━━━━━━━━[0m [1m4:23[0m 3s/step - auc: 0.6407 - binary_accuracy: 0.6256 - loss: 0.8524
[1m 45/133[0m [32m━━━━━━[0m[37m━━━━━━━━━━━━━━[0m [1m4:21[0m 3s/step - auc: 0.6433 - binary_accuracy: 0.6272 - loss: 0.8471
[1m 46/133[0m [32m━━━━━━[0m[37m━━━━━━━━━━━━━━[0m [1m4:20[0m 3s/step - auc: 0.6457 - binary_accuracy: 0.6287 - loss: 0.8421
[1m 47/133[0m [32m━━━━━━━[0m[37m━━━━━━━━━━━━━[0m [1m4:17[0m 3s/step - auc: 0.6481 - binary_accuracy: 0.6302 - loss: 0.8374
[1m 48/133[0m [32m━━━━━━━[0m[37m━━━━━━━━━━━━━[0m [1m4:15[0m 3s/step - auc: 0.6504 - binary_accuracy: 0.6318 - loss: 0.8328
[1m 49/133[0m [32m━━━━━━━[0m[37m━━━━━━━━━━━━━[0m [1m4:12[0m 3s/step - auc: 0.6529 - binary_accuracy: 0.6333 - loss: 0.8282
[1m 50/133[0m [32m━━━━━━━[0m[37m━━━━━━━━━━━━━[0m [1m4:11[0m 3s/step - auc: 0.6553 - binary_accuracy: 0.6348 - loss: 0.8237
[1m 51/133[0m [32m━━━━━━━[0m[37m━━━━━━━━━━━━━[0m [1m4:07[0m 3s/step - auc: 0.6576 - binary_accuracy: 0.6364 - loss: 0.8192
[1m 52/133[0m [32m━━━━━━━[0m[37m━━━━━━━━━━━━━[0m [1m4:04[0m 3s/step - auc: 0.6600 - binary_accuracy: 0.6378 - loss: 0.8148
[1m 53/133[0m [32m━━━━━━━[0m[37m━━━━━━━━━━━━━[0m [1m4:01[0m 3s/step - auc: 0.6622 - binary_accuracy: 0.6392 - loss: 0.8106
[1m 54/133[0m [32m━━━━━━━━[0m[37m━━━━━━━━━━━━[0m [1m3:59[0m 3s/step - auc: 0.6644 - binary_accuracy: 0.6405 - loss: 0.8065
[1m 55/133[0m [32m━━━━━━━━[0m[37m━━━━━━━━━━━━[0m [1m3:57[0m 3s/step - auc: 0.6665 - binary_accuracy: 0.6418 - loss: 0.8026
[1m 56/133[0m [32m━━━━━━━━[0m[37m━━━━━━━━━━━━[0m [1m3:54[0m 3s/step - auc: 0.6686 - binary_accuracy: 0.6431 - loss: 0.7988
[1m 57/133[0m [32m━━━━━━━━[0m[37m━━━━━━━━━━━━[0m [1m3:51[0m 3s/step - auc: 0.6707 - binary_accuracy: 0.6443 - loss: 0.7951
[1m 58/133[0m [32m━━━━━━━━[0m[37m━━━━━━━━━━━━[0m [1m3:48[0m 3s/step - auc: 0.6727 - binary_accuracy: 0.6456 - loss: 0.7915
[1m 59/133[0m [32m━━━━━━━━[0m[37m━━━━━━━━━━━━[0m [1m3:46[0m 3s/step - auc: 0.6746 - binary_accuracy: 0.6468 - loss: 0.7880
[1m 60/133[0m [32m━━━━━━━━━[0m[37m━━━━━━━━━━━[0m [1m3:43[0m 3s/step - auc: 0.6764 - binary_accuracy: 0.6480 - loss: 0.7847
[1m 61/133[0m [32m━━━━━━━━━[0m[37m━━━━━━━━━━━[0m [1m3:39[0m 3s/step - auc: 0.6782 - binary_accuracy: 0.6492 - loss: 0.7814
[1m 62/133[0m [32m━━━━━━━━━[0m[37m━━━━━━━━━━━[0m [1m3:36[0m 3s/step - auc: 0.6801 - binary_accuracy: 0.6504 - loss: 0.7782
[1m 63/133[0m [32m━━━━━━━━━[0m[37m━━━━━━━━━━━[0m [1m3:34[0m 3s/step - auc: 0.6818 - binary_accuracy: 0.6515 - loss: 0.7750
[1m 64/133[0m [32m━━━━━━━━━[0m[37m━━━━━━━━━━━[0m [1m3:31[0m 3s/step - auc: 0.6836 - binary_accuracy: 0.6526 - loss: 0.7719
[1m 65/133[0m [32m━━━━━━━━━[0m[37m━━━━━━━━━━━[0m [1m3:27[0m 3s/step - auc: 0.6853 - binary_accuracy: 0.6537 - loss: 0.7688
[1m 66/133[0m [32m━━━━━━━━━[0m[37m━━━━━━━━━━━[0m [1m3:24[0m 3s/step - auc: 0.6870 - binary_accuracy: 0.6548 - loss: 0.7658
[1m 67/133[0m [32m━━━━━━━━━━[0m[37m━━━━━━━━━━[0m [1m3:22[0m 3s/step - auc: 0.6886 - binary_accuracy: 0.6559 - loss: 0.7628
[1m 68/133[0m [32m━━━━━━━━━━[0m[37m━━━━━━━━━━[0m [1m3:18[0m 3s/step - auc: 0.6903 - binary_accuracy: 0.6569 - loss: 0.7600
[1m 69/133[0m [32m━━━━━━━━━━[0m[37m━━━━━━━━━━[0m [1m3:14[0m 3s/step - auc: 0.6919 - binary_accuracy: 0.6580 - loss: 0.7572
[1m 70/133[0m [32m━━━━━━━━━━[0m[37m━━━━━━━━━━[0m [1m3:12[0m 3s/step - auc: 0.6934 - binary_accuracy: 0.6590 - loss: 0.7545
[1m 71/133[0m [32m━━━━━━━━━━[0m[37m━━━━━━━━━━[0m [1m3:09[0m 3s/step - auc: 0.6950 - binary_accuracy: 0.6601 - loss: 0.7518
[1m 72/133[0m [32m━━━━━━━━━━[0m[37m━━━━━━━━━━[0m [1m3:06[0m 3s/step - auc: 0.6966 - binary_accuracy: 0.6612 - loss: 0.7490
[1m 73/133[0m [32m━━━━━━━━━━[0m[37m━━━━━━━━━━[0m [1m3:03[0m 3s/step - auc: 0.6981 - binary_accuracy: 0.6622 - loss: 0.7465
[1m 74/133[0m [32m━━━━━━━━━━━[0m[37m━━━━━━━━━[0m [1m3:00[0m 3s/step - auc: 0.6995 - binary_accuracy: 0.6632 - loss: 0.7441
[1m 75/133[0m [32m━━━━━━━━━━━[0m[37m━━━━━━━━━[0m [1m2:57[0m 3s/step - auc: 0.7009 - binary_accuracy: 0.6643 - loss: 0.7416
[1m 76/133[0m [32m━━━━━━━━━━━[0m[37m━━━━━━━━━[0m [1m2:54[0m 3s/step - auc: 0.7023 - binary_accuracy: 0.6654 - loss: 0.7392
[1m 77/133[0m [32m━━━━━━━━━━━[0m[37m━━━━━━━━━[0m [1m2:51[0m 3s/step - auc: 0.7036 - binary_accuracy: 0.6664 - loss: 0.7369
[1m 78/133[0m [32m━━━━━━━━━━━[0m[37m━━━━━━━━━[0m [1m2:48[0m 3s/step - auc: 0.7049 - binary_accuracy: 0.6674 - loss: 0.7346
[1m 79/133[0m [32m━━━━━━━━━━━[0m[37m━━━━━━━━━[0m [1m2:45[0m 3s/step - auc: 0.7062 - binary_accuracy: 0.6684 - loss: 0.7323
[1m 80/133[0m [32m━━━━━━━━━━━━[0m[37m━━━━━━━━[0m [1m2:42[0m 3s/step - auc: 0.7075 - binary_accuracy: 0.6694 - loss: 0.7301
[1m 81/133[0m [32m━━━━━━━━━━━━[0m[37m━━━━━━━━[0m [1m2:39[0m 3s/step - auc: 0.7088 - binary_accuracy: 0.6704 - loss: 0.7279
[1m 82/133[0m [32m━━━━━━━━━━━━[0m[37m━━━━━━━━[0m [1m2:36[0m 3s/step - auc: 0.7100 - binary_accuracy: 0.6713 - loss: 0.7258
[1m 83/133[0m [32m━━━━━━━━━━━━[0m[37m━━━━━━━━[0m [1m2:33[0m 3s/step - auc: 0.7112 - binary_accuracy: 0.6722 - loss: 0.7237
[1m 84/133[0m [32m━━━━━━━━━━━━[0m[37m━━━━━━━━[0m [1m2:30[0m 3s/step - auc: 0.7124 - binary_accuracy: 0.6731 - loss: 0.7218
[1m 85/133[0m [32m━━━━━━━━━━━━[0m[37m━━━━━━━━[0m [1m2:27[0m 3s/step - auc: 0.7136 - binary_accuracy: 0.6739 - loss: 0.7198
[1m 86/133[0m [32m━━━━━━━━━━━━[0m[37m━━━━━━━━[0m [1m2:24[0m 3s/step - auc: 0.7148 - binary_accuracy: 0.6747 - loss: 0.7179
[1m 87/133[0m [32m━━━━━━━━━━━━━[0m[37m━━━━━━━[0m [1m2:21[0m 3s/step - auc: 0.7160 - binary_accuracy: 0.6755 - loss: 0.7160
[1m 88/133[0m [32m━━━━━━━━━━━━━[0m[37m━━━━━━━[0m [1m2:18[0m 3s/step - auc: 0.7171 - binary_accuracy: 0.6763 - loss: 0.7141
[1m 89/133[0m [32m━━━━━━━━━━━━━[0m[37m━━━━━━━[0m [1m2:15[0m 3s/step - auc: 0.7182 - binary_accuracy: 0.6770 - loss: 0.7124
[1m 90/133[0m [32m━━━━━━━━━━━━━[0m[37m━━━━━━━[0m [1m2:12[0m 3s/step - auc: 0.7193 - binary_accuracy: 0.6777 - loss: 0.7106
[1m 91/133[0m [32m━━━━━━━━━━━━━[0m[37m━━━━━━━[0m [1m2:09[0m 3s/step - auc: 0.7204 - binary_accuracy: 0.6784 - loss: 0.7089
[1m 92/133[0m [32m━━━━━━━━━━━━━[0m[37m━━━━━━━[0m [1m2:06[0m 3s/step - auc: 0.7215 - binary_accuracy: 0.6791 - loss: 0.7072
[1m 93/133[0m [32m━━━━━━━━━━━━━[0m[37m━━━━━━━[0m [1m2:03[0m 3s/step - auc: 0.7225 - binary_accuracy: 0.6798 - loss: 0.7055
[1m 94/133[0m [32m━━━━━━━━━━━━━━[0m[37m━━━━━━[0m [1m2:00[0m 3s/step - auc: 0.7235 - binary_accuracy: 0.6806 - loss: 0.7038
[1m 95/133[0m [32m━━━━━━━━━━━━━━[0m[37m━━━━━━[0m [1m1:57[0m 3s/step - auc: 0.7246 - binary_accuracy: 0.6813 - loss: 0.7022
[1m 96/133[0m [32m━━━━━━━━━━━━━━[0m[37m━━━━━━[0m [1m1:54[0m 3s/step - auc: 0.7255 - binary_accuracy: 0.6820 - loss: 0.7007
[1m 97/133[0m [32m━━━━━━━━━━━━━━[0m[37m━━━━━━[0m [1m1:51[0m 3s/step - auc: 0.7265 - binary_accuracy: 0.6828 - loss: 0.6991
[1m 98/133[0m [32m━━━━━━━━━━━━━━[0m[37m━━━━━━[0m [1m1:48[0m 3s/step - auc: 0.7275 - binary_accuracy: 0.6835 - loss: 0.6976
[1m 99/133[0m [32m━━━━━━━━━━━━━━[0m[37m━━━━━━[0m [1m1:45[0m 3s/step - auc: 0.7285 - binary_accuracy: 0.6842 - loss: 0.6960
[1m100/133[0m [32m━━━━━━━━━━━━━━━[0m[37m━━━━━[0m [1m1:42[0m 3s/step - auc: 0.7295 - binary_accuracy: 0.6849 - loss: 0.6945
[1m101/133[0m [32m━━━━━━━━━━━━━━━[0m[37m━━━━━[0m [1m1:39[0m 3s/step - auc: 0.7304 - binary_accuracy: 0.6856 - loss: 0.6931
[1m102/133[0m [32m━━━━━━━━━━━━━━━[0m[37m━━━━━[0m [1m1:35[0m 3s/step - auc: 0.7314 - binary_accuracy: 0.6863 - loss: 0.6916
[1m103/133[0m [32m━━━━━━━━━━━━━━━[0m[37m━━━━━[0m [1m1:32[0m 3s/step - auc: 0.7323 - binary_accuracy: 0.6870 - loss: 0.6902
[1m104/133[0m [32m━━━━━━━━━━━━━━━[0m[37m━━━━━[0m [1m1:30[0m 3s/step - auc: 0.7332 - binary_accuracy: 0.6876 - loss: 0.6887
[1m105/133[0m [32m━━━━━━━━━━━━━━━[0m[37m━━━━━[0m [1m1:26[0m 3s/step - auc: 0.7342 - binary_accuracy: 0.6882 - loss: 0.6873
[1m106/133[0m [32m━━━━━━━━━━━━━━━[0m[37m━━━━━[0m [1m1:23[0m 3s/step - auc: 0.7351 - binary_accuracy: 0.6888 - loss: 0.6859
[1m107/133[0m [32m━━━━━━━━━━━━━━━━[0m[37m━━━━[0m [1m1:20[0m 3s/step - auc: 0.7360 - binary_accuracy: 0.6894 - loss: 0.6845
[1m108/133[0m [32m━━━━━━━━━━━━━━━━[0m[37m━━━━[0m [1m1:17[0m 3s/step - auc: 0.7369 - binary_accuracy: 0.6900 - loss: 0.6832
[1m109/133[0m [32m━━━━━━━━━━━━━━━━[0m[37m━━━━[0m [1m1:14[0m 3s/step - auc: 0.7377 - binary_accuracy: 0.6905 - loss: 0.6818
[1m110/133[0m [32m━━━━━━━━━━━━━━━━[0m[37m━━━━[0m [1m1:11[0m 3s/step - auc: 0.7386 - binary_accuracy: 0.6911 - loss: 0.6805
[1m111/133[0m [32m━━━━━━━━━━━━━━━━[0m[37m━━━━[0m [1m1:08[0m 3s/step - auc: 0.7395 - binary_accuracy: 0.6916 - loss: 0.6792
[1m112/133[0m [32m━━━━━━━━━━━━━━━━[0m[37m━━━━[0m [1m1:04[0m 3s/step - auc: 0.7403 - binary_accuracy: 0.6922 - loss: 0.6779
[1m113/133[0m [32m━━━━━━━━━━━━━━━━[0m[37m━━━━[0m [1m1:01[0m 3s/step - auc: 0.7412 - binary_accuracy: 0.6927 - loss: 0.6767
[1m114/133[0m [32m━━━━━━━━━━━━━━━━━[0m[37m━━━[0m [1m58s[0m 3s/step - auc: 0.7420 - binary_accuracy: 0.6933 - loss: 0.6754 
[1m115/133[0m [32m━━━━━━━━━━━━━━━━━[0m[37m━━━[0m [1m56s[0m 3s/step - auc: 0.7429 - binary_accuracy: 0.6939 - loss: 0.6741
[1m116/133[0m [32m━━━━━━━━━━━━━━━━━[0m[37m━━━[0m [1m52s[0m 3s/step - auc: 0.7437 - binary_accuracy: 0.6944 - loss: 0.6728
[1m117/133[0m [32m━━━━━━━━━━━━━━━━━[0m[37m━━━[0m [1m49s[0m 3s/step - auc: 0.7446 - binary_accuracy: 0.6950 - loss: 0.6716
[1m118/133[0m [32m━━━━━━━━━━━━━━━━━[0m[37m━━━[0m [1m46s[0m 3s/step - auc: 0.7454 - binary_accuracy: 0.6955 - loss: 0.6704
[1m119/133[0m [32m━━━━━━━━━━━━━━━━━[0m[37m━━━[0m [1m43s[0m 3s/step - auc: 0.7462 - binary_accuracy: 0.6960 - loss: 0.6692
[1m120/133[0m [32m━━━━━━━━━━━━━━━━━━[0m[37m━━[0m [1m40s[0m 3s/step - auc: 0.7470 - binary_accuracy: 0.6965 - loss: 0.6680
[1m121/133[0m [32m━━━━━━━━━━━━━━━━━━[0m[37m━━[0m [1m37s[0m 3s/step - auc: 0.7479 - binary_accuracy: 0.6971 - loss: 0.6668
[1m122/133[0m [32m━━━━━━━━━━━━━━━━━━[0m[37m━━[0m [1m34s[0m 3s/step - auc: 0.7486 - binary_accuracy: 0.6976 - loss: 0.6656
[1m123/133[0m [32m━━━━━━━━━━━━━━━━━━[0m[37m━━[0m [1m31s[0m 3s/step - auc: 0.7494 - binary_accuracy: 0.6981 - loss: 0.6645
[1m124/133[0m [32m━━━━━━━━━━━━━━━━━━[0m[37m━━[0m [1m28s[0m 3s/step - auc: 0.7502 - binary_accuracy: 0.6986 - loss: 0.6633
[1m125/133[0m [32m━━━━━━━━━━━━━━━━━━[0m[37m━━[0m [1m25s[0m 3s/step - auc: 0.7510 - binary_accuracy: 0.6990 - loss: 0.6622
[1m126/133[0m [32m━━━━━━━━━━━━━━━━━━[0m[37m━━[0m [1m21s[0m 3s/step - auc: 0.7517 - binary_accuracy: 0.6995 - loss: 0.6610
[1m127/133[0m [32m━━━━━━━━━━━━━━━━━━━[0m[37m━[0m [1m18s[0m 3s/step - auc: 0.7525 - binary_accuracy: 0.7000 - loss: 0.6600
[1m128/133[0m [32m━━━━━━━━━━━━━━━━━━━[0m[37m━[0m [1m15s[0m 3s/step - auc: 0.7532 - binary_accuracy: 0.7005 - loss: 0.6589
[1m129/133[0m [32m━━━━━━━━━━━━━━━━━━━[0m[37m━[0m [1m12s[0m 3s/step - auc: 0.7539 - binary_accuracy: 0.7009 - loss: 0.6578
[1m130/133[0m [32m━━━━━━━━━━━━━━━━━━━[0m[37m━[0m [1m9s[0m 3s/step - auc: 0.7547 - binary_accuracy: 0.7014 - loss: 0.6567 
[1m131/133[0m [32m━━━━━━━━━━━━━━━━━━━[0m[37m━[0m [1m6s[0m 3s/step - auc: 0.7554 - binary_accuracy: 0.7018 - loss: 0.6557
[1m132/133[0m [32m━━━━━━━━━━━━━━━━━━━[0m[37m━[0m [1m3s[0m 3s/step - auc: 0.7561 - binary_accuracy: 0.7023 - loss: 0.6547
[1m133/133[0m [32m━━━━━━━━━━━━━━━━━━━━[0m[37m[0m [1m0s[0m 3s/step - auc: 0.7568 - binary_accuracy: 0.7028 - loss: 0.6536transfer final: epoch 1/8 done in 415.9s loss=0.5183 auc=0.8483

[1m133/133[0m [32m━━━━━━━━━━━━━━━━━━━━[0m[37m[0m [1m416s[0m 3s/step - auc: 0.8483 - binary_accuracy: 0.7639 - loss: 0.5183
transfer final: epoch 2/8 start
Epoch 2/3

[1m  1/133[0m [37m━━━━━━━━━━━━━━━━━━━━[0m [1m1:01[0m 468ms/step - auc: 0.9866 - binary_accuracy: 0.9375 - loss: 0.3026
[1m  2/133[0m [37m━━━━━━━━━━━━━━━━━━━━[0m [1m32s[0m 245ms/step - auc: 0.9806 - binary_accuracy: 0.9297 - loss: 0.2862 
[1m  3/133[0m [37m━━━━━━━━━━━━━━━━━━━━[0m [1m31s[0m 244ms/step - auc: 0.9794 - binary_accuracy: 0.9219 - loss: 0.2856
[1m  4/133[0m [37m━━━━━━━━━━━━━━━━━━━━[0m [1m31s[0m 245ms/step - auc: 0.9761 - binary_accuracy: 0.9160 - loss: 0.3004
[1m  5/133[0m [37m━━━━━━━━━━━━━━━━━━━━[0m [1m31s[0m 244ms/step - auc: 0.9737 - binary_accuracy: 0.9103 - loss: 0.3080
[1m  6/133[0m [37m━━━━━━━━━━━━━━━━━━━━[0m [1m30s[0m 243ms/step - auc: 0.9713 - binary_accuracy: 0.9053 - loss: 0.3145
[1m  7/133[0m [32m━[0m[37m━━━━━━━━━━━━━━━━━━━[0m [1m30s[0m 243ms/step - auc: 0.9702 - binary_accuracy: 0.9003 - loss: 0.3190
[1m  8/133[0m [32m━[0m[37m━━━━━━━━━━━━━━━━━━━[0m [1m30s[0m 244ms/step - auc: 0.9683 - binary_accuracy: 0.8967 - loss: 0.3262
[1m  9/133[0m [32m━[0m[37m━━━━━━━━━━━━━━━━━━━[0m [1m30s[0m 246ms/step - auc: 0.9673 - binary_accuracy: 0.8939 - loss: 0.3305
[1m 10/133[0m [32m━[0m[37m━━━━━━━━━━━━━━━━━━━[0m [1m30s[0m 246ms/step - auc: 0.9662 - binary_accuracy: 0.8907 - loss: 0.3342
[1m 11/133[0m [32m━[0m[37m━━━━━━━━━━━━━━━━━━━[0m [1m29s[0m 246ms/step - auc: 0.9655 - binary_accuracy: 0.8878 - loss: 0.3362
[1m 12/133[0m [32m━[0m[37m━━━━━━━━━━━━━━━━━━━[0m [1m29s[0m 246ms/step - auc: 0.9651 - binary_accuracy: 0.8850 - loss: 0.3375
[1m 13/133[0m [32m━[0m[37m━━━━━━━━━━━━━━━━━━━[0m [1m29s[0m 245ms/step - auc: 0.9648 - binary_accuracy: 0.8818 - loss: 0.3389
[1m 14/133[0m [32m━━[0m[37m━━━━━━━━━━━━━━━━━━[0m [1m29s[0m 245ms/step - auc: 0.9644 - binary_accuracy: 0.8786 - loss: 0.3404
[1m 15/133[0m [32m━━[0m[37m━━━━━━━━━━━━━━━━━━[0m [1m28s[0m 245ms/step - auc: 0.9640 - binary_accuracy: 0.8754 - loss: 0.3418
[1m 16/133[0m [32m━━[0m[37m━━━━━━━━━━━━━━━━━━[0m [1m28s[0m 245ms/step - auc: 0.9636 - binary_accuracy: 0.8727 - loss: 0.3427
[1m 17/133[0m [32m━━[0m[37m━━━━━━━━━━━━━━━━━━[0m [1m28s[0m 246ms/step - auc: 0.9627 - binary_accuracy: 0.8704 - loss: 0.3446
[1m 18/133[0m [32m━━[0m[37m━━━━━━━━━━━━━━━━━━[0m [1m28s[0m 246ms/step - auc: 0.9619 - binary_accuracy: 0.8684 - loss: 0.3464
[1m 19/133[0m [32m━━[0m[37m━━━━━━━━━━━━━━━━━━[0m [1m28s[0m 246ms/step - auc: 0.9613 - binary_accuracy: 0.8669 - loss: 0.3474
[1m 20/133[0m [32m━━━[0m[37m━━━━━━━━━━━━━━━━━[0m [1m27s[0m 246ms/step - auc: 0.9607 - binary_accuracy: 0.8657 - loss: 0.3482
[1m 21/133[0m [32m━━━[0m[37m━━━━━━━━━━━━━━━━━[0m [1m27s[0m 246ms/step - auc: 0.9600 - binary_accuracy: 0.8647 - loss: 0.3492
[1m 22/133[0m [32m━━━[0m[37m━━━━━━━━━━━━━━━━━[0m [1m27s[0m 246ms/step - auc: 0.9593 - binary_accuracy: 0.8639 - loss: 0.3500
[1m 23/133[0m [32m━━━[0m[37m━━━━━━━━━━━━━━━━━[0m [1m27s[0m 246ms/step - auc: 0.9587 - binary_accuracy: 0.8634 - loss: 0.3505
[1m 24/133[0m [32m━━━[0m[37m━━━━━━━━━━━━━━━━━[0m [1m26s[0m 246ms/step - auc: 0.9582 - binary_accuracy: 0.8630 - loss: 0.3506
[1m 25/133[0m [32m━━━[0m[37m━━━━━━━━━━━━━━━━━[0m [1m26s[0m 246ms/step - auc: 0.9577 - binary_accuracy: 0.8628 - loss: 0.3506
[1m 26/133[0m [32m━━━[0m[37m━━━━━━━━━━━━━━━━━[0m [1m26s[0m 246ms/step - auc: 0.9573 - binary_accuracy: 0.8626 - loss: 0.3509
[1m 27/133[0m [32m━━━━[0m[37m━━━━━━━━━━━━━━━━[0m [1m26s[0m 246ms/step - auc: 0.9568 - binary_accuracy: 0.8624 - loss: 0.3513
[1m 28/133[0m [32m━━━━[0m[37m━━━━━━━━━━━━━━━━[0m [1m25s[0m 247ms/step - auc: 0.9563 - binary_accuracy: 0.8621 - loss: 0.3517
[1m 29/133[0m [32m━━━━[0m[37m━━━━━━━━━━━━━━━━[0m [1m25s[0m 247ms/step - auc: 0.9557 - binary_accuracy: 0.8616 - loss: 0.3522
[1m 30/133[0m [32m━━━━[0m[37m━━━━━━━━━━━━━━━━[0m [1m25s[0m 247ms/step - auc: 0.9552 - binary_accuracy: 0.8611 - loss: 0.3528
[1m 31/133[0m [32m━━━━[0m[37m━━━━━━━━━━━━━━━━[0m [1m25s[0m 247ms/step - auc: 0.9547 - binary_accuracy: 0.8605 - loss: 0.3532
[1m 32/133[0m [32m━━━━[0m[37m━━━━━━━━━━━━━━━━[0m [1m24s[0m 247ms/step - auc: 0.9543 - binary_accuracy: 0.8599 - loss: 0.3535
[1m 33/133[0m [32m━━━━[0m[37m━━━━━━━━━━━━━━━━[0m [1m24s[0m 247ms/step - auc: 0.9538 - binary_accuracy: 0.8592 - loss: 0.3539
[1m 34/133[0m [32m━━━━━[0m[37m━━━━━━━━━━━━━━━[0m [1m24s[0m 247ms/step - auc: 0.9535 - binary_accuracy: 0.8586 - loss: 0.3541
[1m 35/133[0m [32m━━━━━[0m[37m━━━━━━━━━━━━━━━[0m [1m24s[0m 247ms/step - auc: 0.9532 - binary_accuracy: 0.8581 - loss: 0.3542
[1m 36/133[0m [32m━━━━━[0m[37m━━━━━━━━━━━━━━━[0m [1m23s[0m 247ms/step - auc: 0.9529 - binary_accuracy: 0.8576 - loss: 0.3543
[1m 37/133[0m [32m━━━━━[0m[37m━━━━━━━━━━━━━━━[0m [1m23s[0m 247ms/step - auc: 0.9526 - binary_accuracy: 0.8573 - loss: 0.3543
[1m 38/133[0m [32m━━━━━[0m[37m━━━━━━━━━━━━━━━[0m [1m23s[0m 247ms/step - auc: 0.9524 - binary_accuracy: 0.8570 - loss: 0.3543
[1m 39/133[0m [32m━━━━━[0m[37m━━━━━━━━━━━━━━━[0m [1m23s[0m 247ms/step - auc: 0.9523 - binary_accuracy: 0.8568 - loss: 0.3542
[1m 40/133[0m [32m━━━━━━[0m[37m━━━━━━━━━━━━━━[0m [1m22s[0m 247ms/step - auc: 0.9521 - binary_accuracy: 0.8567 - loss: 0.3540
[1m 41/133[0m [32m━━━━━━[0m[37m━━━━━━━━━━━━━━[0m [1m22s[0m 247ms/step - auc: 0.9519 - binary_accuracy: 0.8566 - loss: 0.3540
[1m 42/133[0m [32m━━━━━━[0m[37m━━━━━━━━━━━━━━[0m [1m22s[0m 247ms/step - auc: 0.9518 - binary_accuracy: 0.8566 - loss: 0.3539
[1m 43/133[0m [32m━━━━━━[0m[37m━━━━━━━━━━━━━━[0m [1m22s[0m 247ms/step - auc: 0.9516 - binary_accuracy: 0.8565 - loss: 0.3537
[1m 44/133[0m [32m━━━━━━[0m[37m━━━━━━━━━━━━━━[0m [1m22s[0m 247ms/step - auc: 0.9515 - binary_accuracy: 0.8565 - loss: 0.3534
[1m 45/133[0m [32m━━━━━━[0m[37m━━━━━━━━━━━━━━[0m [1m21s[0m 247ms/step - auc: 0.9514 - binary_accuracy: 0.8565 - loss: 0.3531
[1m 46/133[0m [32m━━━━━━[0m[37m━━━━━━━━━━━━━━[0m [1m21s[0m 247ms/step - auc: 0.9513 - binary_accuracy: 0.8565 - loss: 0.3528
[1m 47/133[0m [32m━━━━━━━[0m[37m━━━━━━━━━━━━━[0m [1m21s[0m 247ms/step - auc: 0.9512 - binary_accuracy: 0.8566 - loss: 0.3525
[1m 48/133[0m [32m━━━━━━━[0m[37m━━━━━━━━━━━━━[0m [1m21s[0m 247ms/step - auc: 0.9512 - binary_accuracy: 0.8567 - loss: 0.3522
[1m 49/133[0m [32m━━━━━━━[0m[37m━━━━━━━━━━━━━[0m [1m20s[0m 247ms/step - auc: 0.9511 - binary_accuracy: 0.8567 - loss: 0.3518
[1m 50/133[0m [32m━━━━━━━[0m[37m━━━━━━━━━━━━━[0m [1m20s[0m 247ms/step - auc: 0.9511 - binary_accuracy: 0.8568 - loss: 0.3515
[1m 51/133[0m [32m━━━━━━━[0m[37m━━━━━━━━━━━━━[0m [1m20s[0m 248ms/step - auc: 0.9511 - binary_accuracy: 0.8569 - loss: 0.3511
[1m 52/133[0m [32m━━━━━━━[0m[37m━━━━━━━━━━━━━[0m [1m20s[0m 248ms/step - auc: 0.9512 - binary_accuracy: 0.8570 - loss: 0.3506
[1m 53/133[0m [32m━━━━━━━[0m[37m━━━━━━━━━━━━━[0m [1m19s[0m 248ms/step - auc: 0.9512 - binary_accuracy: 0.8571 - loss: 0.3502
[1m 54/133[0m [32m━━━━━━━━[0m[37m━━━━━━━━━━━━[0m [1m19s[0m 248ms/step - auc: 0.9512 - binary_accuracy: 0.8573 - loss: 0.3498
[1m 55/133[0m [32m━━━━━━━━[0m[37m━━━━━━━━━━━━[0m [1m19s[0m 248ms/step - auc: 0.9511 - binary_accuracy: 0.8573 - loss: 0.3497
[1m 56/133[0m [32m━━━━━━━━[0m[37m━━━━━━━━━━━━[0m [1m19s[0m 248ms/step - auc: 0.9510 - binary_accuracy: 0.8574 - loss: 0.3496
[1m 57/133[0m [32m━━━━━━━━[0m[37m━━━━━━━━━━━━[0m [1m18s[0m 248ms/step - auc: 0.9509 - binary_accuracy: 0.8575 - loss: 0.3494
[1m 58/133[0m [32m━━━━━━━━[0m[37m━━━━━━━━━━━━[0m [1m18s[0m 248ms/step - auc: 0.9509 - binary_accuracy: 0.8576 - loss: 0.3492
[1m 59/133[0m [32m━━━━━━━━[0m[37m━━━━━━━━━━━━[0m [1m18s[0m 248ms/step - auc: 0.9508 - binary_accuracy: 0.8578 - loss: 0.3491
[1m 60/133[0m [32m━━━━━━━━━[0m[37m━━━━━━━━━━━[0m [1m18s[0m 248ms/step - auc: 0.9508 - binary_accuracy: 0.8578 - loss: 0.3489
[1m 61/133[0m [32m━━━━━━━━━[0m[37m━━━━━━━━━━━[0m [1m17s[0m 248ms/step - auc: 0.9507 - binary_accuracy: 0.8579 - loss: 0.3488
[1m 62/133[0m [32m━━━━━━━━━[0m[37m━━━━━━━━━━━[0m [1m17s[0m 248ms/step - auc: 0.9507 - binary_accuracy: 0.8580 - loss: 0.3486
[1m 63/133[0m [32m━━━━━━━━━[0m[37m━━━━━━━━━━━[0m [1m17s[0m 248ms/step - auc: 0.9506 - binary_accuracy: 0.8581 - loss: 0.3485
[1m 64/133[0m [32m━━━━━━━━━[0m[37m━━━━━━━━━━━[0m [1m17s[0m 248ms/step - auc: 0.9506 - binary_accuracy: 0.8581 - loss: 0.3483
[1m 65/133[0m [32m━━━━━━━━━[0m[37m━━━━━━━━━━━[0m [1m16s[0m 248ms/step - auc: 0.9505 - binary_accuracy: 0.8581 - loss: 0.3482
[1m 66/133[0m [32m━━━━━━━━━[0m[37m━━━━━━━━━━━[0m [1m16s[0m 248ms/step - auc: 0.9505 - binary_accuracy: 0.8581 - loss: 0.3481
[1m 67/133[0m [32m━━━━━━━━━━[0m[37m━━━━━━━━━━[0m [1m16s[0m 248ms/step - auc: 0.9504 - binary_accuracy: 0.8582 - loss: 0.3479
[1m 68/133[0m [32m━━━━━━━━━━[0m[37m━━━━━━━━━━[0m [1m16s[0m 248ms/step - auc: 0.9503 - binary_accuracy: 0.8582 - loss: 0.3479
[1m 69/133[0m [32m━━━━━━━━━━[0m[37m━━━━━━━━━━[0m [1m15s[0m 248ms/step - auc: 0.9503 - binary_accuracy: 0.8582 - loss: 0.3478
[1m 70/133[0m [32m━━━━━━━━━━[0m[37m━━━━━━━━━━[0m [1m15s[0m 248ms/step - auc: 0.9502 - binary_accuracy: 0.8581 - loss: 0.3478
[1m 71/133[0m [32m━━━━━━━━━━[0m[37m━━━━━━━━━━[0m [1m15s[0m 249ms/step - auc: 0.9501 - binary_accuracy: 0.8581 - loss: 0.3477
[1m 72/133[0m [32m━━━━━━━━━━[0m[37m━━━━━━━━━━[0m [1m15s[0m 249ms/step - auc: 0.9501 - binary_accuracy: 0.8581 - loss: 0.3476
[1m 73/133[0m [32m━━━━━━━━━━[0m[37m━━━━━━━━━━[0m [1m14s[0m 249ms/step - auc: 0.9500 - binary_accuracy: 0.8581 - loss: 0.3475
[1m 74/133[0m [32m━━━━━━━━━━━[0m[37m━━━━━━━━━[0m [1m14s[0m 249ms/step - auc: 0.9499 - binary_accuracy: 0.8581 - loss: 0.3475
[1m 75/133[0m [32m━━━━━━━━━━━[0m[37m━━━━━━━━━[0m [1m14s[0m 249ms/step - auc: 0.9498 - binary_accuracy: 0.8580 - loss: 0.3474
[1m 76/133[0m [32m━━━━━━━━━━━[0m[37m━━━━━━━━━[0m [1m14s[0m 249ms/step - auc: 0.9497 - binary_accuracy: 0.8580 - loss: 0.3473
[1m 77/133[0m [32m━━━━━━━━━━━[0m[37m━━━━━━━━━[0m [1m13s[0m 249ms/step - auc: 0.9496 - binary_accuracy: 0.8580 - loss: 0.3473
[1m 78/133[0m [32m━━━━━━━━━━━[0m[37m━━━━━━━━━[0m [1m13s[0m 249ms/step - auc: 0.9495 - binary_accuracy: 0.8580 - loss: 0.3472
[1m 79/133[0m [32m━━━━━━━━━━━[0m[37m━━━━━━━━━[0m [1m13s[0m 249ms/step - auc: 0.9495 - binary_accuracy: 0.8580 - loss: 0.3471
[1m 80/133[0m [32m━━━━━━━━━━━━[0m[37m━━━━━━━━[0m [1m13s[0m 249ms/step - auc: 0.9494 - binary_accuracy: 0.8581 - loss: 0.3471
[1m 81/133[0m [32m━━━━━━━━━━━━[0m[37m━━━━━━━━[0m [1m12s[0m 249ms/step - auc: 0.9493 - binary_accuracy: 0.8581 - loss: 0.3470
[1m 82/133[0m [32m━━━━━━━━━━━━[0m[37m━━━━━━━━[0m [1m12s[0m 250ms/step - auc: 0.9492 - binary_accuracy: 0.8581 - loss: 0.3470
[1m 83/133[0m [32m━━━━━━━━━━━━[0m[37m━━━━━━━━[0m [1m12s[0m 250ms/step - auc: 0.9491 - binary_accuracy: 0.8582 - loss: 0.3470
[1m 84/133[0m [32m━━━━━━━━━━━━[0m[37m━━━━━━━━[0m [1m12s[0m 250ms/step - auc: 0.9490 - binary_accuracy: 0.8582 - loss: 0.3471
[1m 85/133[0m [32m━━━━━━━━━━━━[0m[37m━━━━━━━━[0m [1m11s[0m 250ms/step - auc: 0.9489 - binary_accuracy: 0.8582 - loss: 0.3472
[1m 86/133[0m [32m━━━━━━━━━━━━[0m[37m━━━━━━━━[0m [1m11s[0m 250ms/step - auc: 0.9488 - binary_accuracy: 0.8582 - loss: 0.3473
[1m 87/133[0m [32m━━━━━━━━━━━━━[0m[37m━━━━━━━[0m [1m11s[0m 250ms/step - auc: 0.9487 - binary_accuracy: 0.8581 - loss: 0.3473
[1m 88/133[0m [32m━━━━━━━━━━━━━[0m[37m━━━━━━━[0m [1m11s[0m 250ms/step - auc: 0.9486 - binary_accuracy: 0.8581 - loss: 0.3474
[1m 89/133[0m [32m━━━━━━━━━━━━━[0m[37m━━━━━━━[0m [1m11s[0m 250ms/step - auc: 0.9485 - binary_accuracy: 0.8580 - loss: 0.3475
[1m 90/133[0m [32m━━━━━━━━━━━━━[0m[37m━━━━━━━[0m [1m10s[0m 250ms/step - auc: 0.9484 - binary_accuracy: 0.8580 - loss: 0.3476
[1m 91/133[0m [32m━━━━━━━━━━━━━[0m[37m━━━━━━━[0m [1m10s[0m 250ms/step - auc: 0.9483 - binary_accuracy: 0.8579 - loss: 0.3477
[1m 92/133[0m [32m━━━━━━━━━━━━━[0m[37m━━━━━━━[0m [1m10s[0m 250ms/step - auc: 0.9482 - binary_accuracy: 0.8578 - loss: 0.3478
[1m 93/133[0m [32m━━━━━━━━━━━━━[0m[37m━━━━━━━[0m [1m10s[0m 250ms/step - auc: 0.9481 - binary_accuracy: 0.8578 - loss: 0.3479
[1m 94/133[0m [32m━━━━━━━━━━━━━━[0m[37m━━━━━━[0m [1m9s[0m 250ms/step - auc: 0.9480 - binary_accuracy: 0.8577 - loss: 0.3479 
[1m 95/133[0m [32m━━━━━━━━━━━━━━[0m[37m━━━━━━[0m [1m9s[0m 250ms/step - auc: 0.9479 - binary_accuracy: 0.8577 - loss: 0.3480
[1m 96/133[0m [32m━━━━━━━━━━━━━━[0m[37m━━━━━━[0m [1m9s[0m 251ms/step - auc: 0.9478 - binary_accuracy: 0.8576 - loss: 0.3481
[1m 97/133[0m [32m━━━━━━━━━━━━━━[0m[37m━━━━━━[0m [1m9s[0m 251ms/step - auc: 0.9477 - binary_accuracy: 0.8576 - loss: 0.3481
[1m 98/133[0m [32m━━━━━━━━━━━━━━[0m[37m━━━━━━[0m [1m8s[0m 251ms/step - auc: 0.9476 - binary_accuracy: 0.8576 - loss: 0.3482
[1m 99/133[0m [32m━━━━━━━━━━━━━━[0m[37m━━━━━━[0m [1m8s[0m 251ms/step - auc: 0.9475 - binary_accuracy: 0.8576 - loss: 0.3483
[1m100/133[0m [32m━━━━━━━━━━━━━━━[0m[37m━━━━━[0m [1m8s[0m 251ms/step - auc: 0.9475 - binary_accuracy: 0.8576 - loss: 0.3484
[1m101/133[0m [32m━━━━━━━━━━━━━━━[0m[37m━━━━━[0m [1m8s[0m 251ms/step - auc: 0.9474 - binary_accuracy: 0.8576 - loss: 0.3484
[1m102/133[0m [32m━━━━━━━━━━━━━━━[0m[37m━━━━━[0m [1m7s[0m 251ms/step - auc: 0.9473 - binary_accuracy: 0.8576 - loss: 0.3485
[1m103/133[0m [32m━━━━━━━━━━━━━━━[0m[37m━━━━━[0m [1m7s[0m 251ms/step - auc: 0.9472 - binary_accuracy: 0.8576 - loss: 0.3485
[1m104/133[0m [32m━━━━━━━━━━━━━━━[0m[37m━━━━━[0m [1m7s[0m 251ms/step - auc: 0.9472 - binary_accuracy: 0.8575 - loss: 0.3486
[1m105/133[0m [32m━━━━━━━━━━━━━━━[0m[37m━━━━━[0m [1m7s[0m 251ms/step - auc: 0.9471 - binary_accuracy: 0.8575 - loss: 0.3486
[1m106/133[0m [32m━━━━━━━━━━━━━━━[0m[37m━━━━━[0m [1m6s[0m 251ms/step - auc: 0.9471 - binary_accuracy: 0.8575 - loss: 0.3487
[1m107/133[0m [32m━━━━━━━━━━━━━━━━[0m[37m━━━━[0m [1m6s[0m 251ms/step - auc: 0.9470 - binary_accuracy: 0.8575 - loss: 0.3487
[1m108/133[0m [32m━━━━━━━━━━━━━━━━[0m[37m━━━━[0m [1m6s[0m 251ms/step - auc: 0.9470 - binary_accuracy: 0.8574 - loss: 0.3488
[1m109/133[0m [32m━━━━━━━━━━━━━━━━[0m[37m━━━━[0m [1m6s[0m 251ms/step - auc: 0.9469 - binary_accuracy: 0.8574 - loss: 0.3488
[1m110/133[0m [32m━━━━━━━━━━━━━━━━[0m[37m━━━━[0m [1m5s[0m 252ms/step - auc: 0.9469 - binary_accuracy: 0.8574 - loss: 0.3488
[1m111/133[0m [32m━━━━━━━━━━━━━━━━[0m[37m━━━━[0m [1m5s[0m 252ms/step - auc: 0.9468 - binary_accuracy: 0.8573 - loss: 0.3489
[1m112/133[0m [32m━━━━━━━━━━━━━━━━[0m[37m━━━━[0m [1m5s[0m 252ms/step - auc: 0.9468 - binary_accuracy: 0.8573 - loss: 0.3489
[1m113/133[0m [32m━━━━━━━━━━━━━━━━[0m[37m━━━━[0m [1m5s[0m 252ms/step - auc: 0.9467 - binary_accuracy: 0.8573 - loss: 0.3490
[1m114/133[0m [32m━━━━━━━━━━━━━━━━━[0m[37m━━━[0m [1m4s[0m 252ms/step - auc: 0.9467 - binary_accuracy: 0.8573 - loss: 0.3490
[1m115/133[0m [32m━━━━━━━━━━━━━━━━━[0m[37m━━━[0m [1m4s[0m 252ms/step - auc: 0.9467 - binary_accuracy: 0.8573 - loss: 0.3490
[1m116/133[0m [32m━━━━━━━━━━━━━━━━━[0m[37m━━━[0m [1m4s[0m 252ms/step - auc: 0.9466 - binary_accuracy: 0.8573 - loss: 0.3490
[1m117/133[0m [32m━━━━━━━━━━━━━━━━━[0m[37m━━━[0m [1m4s[0m 252ms/step - auc: 0.9466 - binary_accuracy: 0.8572 - loss: 0.3490
[1m118/133[0m [32m━━━━━━━━━━━━━━━━━[0m[37m━━━[0m [1m3s[0m 252ms/step - auc: 0.9466 - binary_accuracy: 0.8572 - loss: 0.3491
[1m119/133[0m [32m━━━━━━━━━━━━━━━━━[0m[37m━━━[0m [1m3s[0m 252ms/step - auc: 0.9465 - binary_accuracy: 0.8572 - loss: 0.3491
[1m120/133[0m [32m━━━━━━━━━━━━━━━━━━[0m[37m━━[0m [1m3s[0m 252ms/step - auc: 0.9465 - binary_accuracy: 0.8572 - loss: 0.3491
[1m121/133[0m [32m━━━━━━━━━━━━━━━━━━[0m[37m━━[0m [1m3s[0m 252ms/step - auc: 0.9465 - binary_accuracy: 0.8572 - loss: 0.3491
[1m122/133[0m [32m━━━━━━━━━━━━━━━━━━[0m[37m━━[0m [1m2s[0m 252ms/step - auc: 0.9465 - binary_accuracy: 0.8572 - loss: 0.3492
[1m123/133[0m [32m━━━━━━━━━━━━━━━━━━[0m[37m━━[0m [1m2s[0m 252ms/step - auc: 0.9464 - binary_accuracy: 0.8572 - loss: 0.3492
[1m124/133[0m [32m━━━━━━━━━━━━━━━━━━[0m[37m━━[0m [1m2s[0m 252ms/step - auc: 0.9464 - binary_accuracy: 0.8572 - loss: 0.3492
[1m125/133[0m [32m━━━━━━━━━━━━━━━━━━[0m[37m━━[0m [1m2s[0m 252ms/step - auc: 0.9464 - binary_accuracy: 0.8572 - loss: 0.3492
[1m126/133[0m [32m━━━━━━━━━━━━━━━━━━[0m[37m━━[0m [1m1s[0m 252ms/step - auc: 0.9464 - binary_accuracy: 0.8572 - loss: 0.3493
[1m127/133[0m [32m━━━━━━━━━━━━━━━━━━━[0m[37m━[0m [1m1s[0m 252ms/step - auc: 0.9463 - binary_accuracy: 0.8572 - loss: 0.3493
[1m128/133[0m [32m━━━━━━━━━━━━━━━━━━━[0m[37m━[0m [1m1s[0m 252ms/step - auc: 0.9463 - binary_accuracy: 0.8572 - loss: 0.3493
[1m129/133[0m [32m━━━━━━━━━━━━━━━━━━━[0m[37m━[0m [1m1s[0m 252ms/step - auc: 0.9463 - binary_accuracy: 0.8572 - loss: 0.3494
[1m130/133[0m [32m━━━━━━━━━━━━━━━━━━━[0m[37m━[0m [1m0s[0m 252ms/step - auc: 0.9462 - binary_accuracy: 0.8572 - loss: 0.3494
[1m131/133[0m [32m━━━━━━━━━━━━━━━━━━━[0m[37m━[0m [1m0s[0m 252ms/step - auc: 0.9462 - binary_accuracy: 0.8571 - loss: 0.3494
[1m132/133[0m [32m━━━━━━━━━━━━━━━━━━━[0m[37m━[0m [1m0s[0m 252ms/step - auc: 0.9462 - binary_accuracy: 0.8571 - loss: 0.3495
[1m133/133[0m [32m━━━━━━━━━━━━━━━━━━━━[0m[37m[0m [1m0s[0m 251ms/step - auc: 0.9461 - binary_accuracy: 0.8571 - loss: 0.3495transfer final: epoch 2/8 done in 33.6s loss=0.3539 auc=0.9416

[1m133/133[0m [32m━━━━━━━━━━━━━━━━━━━━[0m[37m[0m [1m34s[0m 251ms/step - auc: 0.9416 - binary_accuracy: 0.8570 - loss: 0.3539
transfer final: epoch 3/8 start
Epoch 3/3

[1m  1/133[0m [37m━━━━━━━━━━━━━━━━━━━━[0m [1m59s[0m 454ms/step - auc: 1.0000 - binary_accuracy: 0.9688 - loss: 0.2124
[1m  2/133[0m [37m━━━━━━━━━━━━━━━━━━━━[0m [1m34s[0m 262ms/step - auc: 0.9983 - binary_accuracy: 0.9531 - loss: 0.2007
[1m  3/133[0m [37m━━━━━━━━━━━━━━━━━━━━[0m [1m33s[0m 255ms/step - auc: 0.9980 - binary_accuracy: 0.9444 - loss: 0.2037
[1m  4/133[0m [37m━━━━━━━━━━━━━━━━━━━━[0m [1m32s[0m 252ms/step - auc: 0.9934 - binary_accuracy: 0.9310 - loss: 0.2241
[1m  5/133[0m [37m━━━━━━━━━━━━━━━━━━━━[0m [1m32s[0m 251ms/step - auc: 0.9896 - binary_accuracy: 0.9223 - loss: 0.2378
[1m  6/133[0m [37m━━━━━━━━━━━━━━━━━━━━[0m [1m31s[0m 251ms/step - auc: 0.9836 - binary_accuracy: 0.9153 - loss: 0.2581
[1m  7/133[0m [32m━[0m[37m━━━━━━━━━━━━━━━━━━━[0m [1m31s[0m 250ms/step - auc: 0.9801 - binary_accuracy: 0.9102 - loss: 0.2711
[1m  8/133[0m [32m━[0m[37m━━━━━━━━━━━━━━━━━━━[0m [1m31s[0m 250ms/step - auc: 0.9769 - binary_accuracy: 0.9058 - loss: 0.2855
[1m  9/133[0m [32m━[0m[37m━━━━━━━━━━━━━━━━━━━[0m [1m30s[0m 250ms/step - auc: 0.9746 - binary_accuracy: 0.9023 - loss: 0.2957
[1m 10/133[0m [32m━[0m[37m━━━━━━━━━━━━━━━━━━━[0m [1m30s[0m 250ms/step - auc: 0.9727 - binary_accuracy: 0.8993 - loss: 0.3032
[1m 11/133[0m [32m━[0m[37m━━━━━━━━━━━━━━━━━━━[0m [1m30s[0m 249ms/step - auc: 0.9708 - binary_accuracy: 0.8955 - loss: 0.3090
[1m 12/133[0m [32m━[0m[37m━━━━━━━━━━━━━━━━━━━[0m [1m30s[0m 250ms/step - auc: 0.9692 - binary_accuracy: 0.8919 - loss: 0.3136
[1m 13/133[0m [32m━[0m[37m━━━━━━━━━━━━━━━━━━━[0m [1m29s[0m 250ms/step - auc: 0.9678 - binary_accuracy: 0.8885 - loss: 0.3182
[1m 14/133[0m [32m━━[0m[37m━━━━━━━━━━━━━━━━━━[0m [1m29s[0m 250ms/step - auc: 0.9661 - binary_accuracy: 0.8849 - loss: 0.3226
[1m 15/133[0m [32m━━[0m[37m━━━━━━━━━━━━━━━━━━[0m [1m29s[0m 250ms/step - auc: 0.9648 - binary_accuracy: 0.8810 - loss: 0.3264
[1m 16/133[0m [32m━━[0m[37m━━━━━━━━━━━━━━━━━━[0m [1m29s[0m 251ms/step - auc: 0.9634 - binary_accuracy: 0.8775 - loss: 0.3297
[1m 17/133[0m [32m━━[0m[37m━━━━━━━━━━━━━━━━━━[0m [1m29s[0m 251ms/step - auc: 0.9621 - binary_accuracy: 0.8744 - loss: 0.3328
[1m 18/133[0m [32m━━[0m[37m━━━━━━━━━━━━━━━━━━[0m [1m28s[0m 251ms/step - auc: 0.9611 - binary_accuracy: 0.8717 - loss: 0.3354
[1m 19/133[0m [32m━━[0m[37m━━━━━━━━━━━━━━━━━━[0m [1m28s[0m 251ms/step - auc: 0.9603 - binary_accuracy: 0.8697 - loss: 0.3370
[1m 20/133[0m [32m━━━[0m[37m━━━━━━━━━━━━━━━━━[0m [1m28s[0m 251ms/step - auc: 0.9596 - binary_accuracy: 0.8680 - loss: 0.3384
[1m 21/133[0m [32m━━━[0m[37m━━━━━━━━━━━━━━━━━[0m [1m28s[0m 251ms/step - auc: 0.9588 - binary_accuracy: 0.8666 - loss: 0.3399
[1m 22/133[0m [32m━━━[0m[37m━━━━━━━━━━━━━━━━━[0m [1m27s[0m 251ms/step - auc: 0.9580 - binary_accuracy: 0.8656 - loss: 0.3412
[1m 23/133[0m [32m━━━[0m[37m━━━━━━━━━━━━━━━━━[0m [1m27s[0m 251ms/step - auc: 0.9574 - binary_accuracy: 0.8648 - loss: 0.3422
[1m 24/133[0m [32m━━━[0m[37m━━━━━━━━━━━━━━━━━[0m [1m27s[0m 252ms/step - auc: 0.9568 - binary_accuracy: 0.8643 - loss: 0.3427
[1m 25/133[0m [32m━━━[0m[37m━━━━━━━━━━━━━━━━━[0m [1m27s[0m 252ms/step - auc: 0.9563 - binary_accuracy: 0.8640 - loss: 0.3432
[1m 26/133[0m [32m━━━[0m[37m━━━━━━━━━━━━━━━━━[0m [1m26s[0m 252ms/step - auc: 0.9559 - binary_accuracy: 0.8639 - loss: 0.3437
[1m 27/133[0m [32m━━━━[0m[37m━━━━━━━━━━━━━━━━[0m [1m26s[0m 252ms/step - auc: 0.9554 - binary_accuracy: 0.8639 - loss: 0.3445
[1m 28/133[0m [32m━━━━[0m[37m━━━━━━━━━━━━━━━━[0m [1m26s[0m 252ms/step - auc: 0.9549 - binary_accuracy: 0.8638 - loss: 0.3451
[1m 29/133[0m [32m━━━━[0m[37m━━━━━━━━━━━━━━━━[0m [1m26s[0m 252ms/step - auc: 0.9545 - binary_accuracy: 0.8637 - loss: 0.3456
[1m 30/133[0m [32m━━━━[0m[37m━━━━━━━━━━━━━━━━[0m [1m25s[0m 252ms/step - auc: 0.9542 - binary_accuracy: 0.8636 - loss: 0.3460
[1m 31/133[0m [32m━━━━[0m[37m━━━━━━━━━━━━━━━━[0m [1m25s[0m 252ms/step - auc: 0.9539 - binary_accuracy: 0.8635 - loss: 0.3463
[1m 32/133[0m [32m━━━━[0m[37m━━━━━━━━━━━━━━━━[0m [1m25s[0m 253ms/step - auc: 0.9536 - binary_accuracy: 0.8634 - loss: 0.3465
[1m 33/133[0m [32m━━━━[0m[37m━━━━━━━━━━━━━━━━[0m [1m25s[0m 253ms/step - auc: 0.9534 - binary_accuracy: 0.8632 - loss: 0.3467
[1m 34/133[0m [32m━━━━━[0m[37m━━━━━━━━━━━━━━━[0m [1m25s[0m 253ms/step - auc: 0.9531 - binary_accuracy: 0.8630 - loss: 0.3468
[1m 35/133[0m [32m━━━━━[0m[37m━━━━━━━━━━━━━━━[0m [1m24s[0m 253ms/step - auc: 0.9529 - binary_accuracy: 0.8628 - loss: 0.3468
[1m 36/133[0m [32m━━━━━[0m[37m━━━━━━━━━━━━━━━[0m [1m24s[0m 253ms/step - auc: 0.9528 - binary_accuracy: 0.8627 - loss: 0.3469
[1m 37/133[0m [32m━━━━━[0m[37m━━━━━━━━━━━━━━━[0m [1m24s[0m 253ms/step - auc: 0.9526 - binary_accuracy: 0.8626 - loss: 0.3468
[1m 38/133[0m [32m━━━━━[0m[37m━━━━━━━━━━━━━━━[0m [1m24s[0m 253ms/step - auc: 0.9525 - binary_accuracy: 0.8625 - loss: 0.3468
[1m 39/133[0m [32m━━━━━[0m[37m━━━━━━━━━━━━━━━[0m [1m23s[0m 253ms/step - auc: 0.9524 - binary_accuracy: 0.8624 - loss: 0.3466
[1m 40/133[0m [32m━━━━━━[0m[37m━━━━━━━━━━━━━━[0m [1m23s[0m 253ms/step - auc: 0.9524 - binary_accuracy: 0.8624 - loss: 0.3464
[1m 41/133[0m [32m━━━━━━[0m[37m━━━━━━━━━━━━━━[0m [1m23s[0m 253ms/step - auc: 0.9523 - binary_accuracy: 0.8624 - loss: 0.3461
[1m 42/133[0m [32m━━━━━━[0m[37m━━━━━━━━━━━━━━[0m [1m23s[0m 253ms/step - auc: 0.9523 - binary_accuracy: 0.8625 - loss: 0.3458
[1m 43/133[0m [32m━━━━━━[0m[37m━━━━━━━━━━━━━━[0m [1m22s[0m 253ms/step - auc: 0.9523 - binary_accuracy: 0.8625 - loss: 0.3454
[1m 44/133[0m [32m━━━━━━[0m[37m━━━━━━━━━━━━━━[0m [1m22s[0m 253ms/step - auc: 0.9523 - binary_accuracy: 0.8626 - loss: 0.3450
[1m 45/133[0m [32m━━━━━━[0m[37m━━━━━━━━━━━━━━[0m [1m22s[0m 253ms/step - auc: 0.9523 - binary_accuracy: 0.8627 - loss: 0.3444
[1m 46/133[0m [32m━━━━━━[0m[37m━━━━━━━━━━━━━━[0m [1m22s[0m 253ms/step - auc: 0.9523 - binary_accuracy: 0.8628 - loss: 0.3440
[1m 47/133[0m [32m━━━━━━━[0m[37m━━━━━━━━━━━━━[0m [1m21s[0m 253ms/step - auc: 0.9524 - binary_accuracy: 0.8630 - loss: 0.3435
[1m 48/133[0m [32m━━━━━━━[0m[37m━━━━━━━━━━━━━[0m [1m21s[0m 253ms/step - auc: 0.9524 - binary_accuracy: 0.8631 - loss: 0.3430
[1m 49/133[0m [32m━━━━━━━[0m[37m━━━━━━━━━━━━━[0m [1m21s[0m 253ms/step - auc: 0.9525 - binary_accuracy: 0.8633 - loss: 0.3425
[1m 50/133[0m [32m━━━━━━━[0m[37m━━━━━━━━━━━━━[0m [1m21s[0m 253ms/step - auc: 0.9526 - binary_accuracy: 0.8635 - loss: 0.3420
[1m 51/133[0m [32m━━━━━━━[0m[37m━━━━━━━━━━━━━[0m [1m20s[0m 254ms/step - auc: 0.9527 - binary_accuracy: 0.8637 - loss: 0.3415
[1m 52/133[0m [32m━━━━━━━[0m[37m━━━━━━━━━━━━━[0m [1m20s[0m 254ms/step - auc: 0.9528 - binary_accuracy: 0.8639 - loss: 0.3409
[1m 53/133[0m [32m━━━━━━━[0m[37m━━━━━━━━━━━━━[0m [1m20s[0m 254ms/step - auc: 0.9529 - binary_accuracy: 0.8641 - loss: 0.3404
[1m 54/133[0m [32m━━━━━━━━[0m[37m━━━━━━━━━━━━[0m [1m20s[0m 255ms/step - auc: 0.9529 - binary_accuracy: 0.8643 - loss: 0.3400
[1m 55/133[0m [32m━━━━━━━━[0m[37m━━━━━━━━━━━━[0m [1m19s[0m 255ms/step - auc: 0.9530 - binary_accuracy: 0.8644 - loss: 0.3397
[1m 56/133[0m [32m━━━━━━━━[0m[37m━━━━━━━━━━━━[0m [1m19s[0m 256ms/step - auc: 0.9530 - binary_accuracy: 0.8645 - loss: 0.3393
[1m 57/133[0m [32m━━━━━━━━[0m[37m━━━━━━━━━━━━[0m [1m19s[0m 256ms/step - auc: 0.9530 - binary_accuracy: 0.8646 - loss: 0.3390
[1m 58/133[0m [32m━━━━━━━━[0m[37m━━━━━━━━━━━━[0m [1m19s[0m 256ms/step - auc: 0.9531 - binary_accuracy: 0.8647 - loss: 0.3386
[1m 59/133[0m [32m━━━━━━━━[0m[37m━━━━━━━━━━━━[0m [1m18s[0m 256ms/step - auc: 0.9532 - binary_accuracy: 0.8648 - loss: 0.3383
[1m 60/133[0m [32m━━━━━━━━━[0m[37m━━━━━━━━━━━[0m [1m18s[0m 256ms/step - auc: 0.9532 - binary_accuracy: 0.8649 - loss: 0.3380
[1m 61/133[0m [32m━━━━━━━━━[0m[37m━━━━━━━━━━━[0m [1m18s[0m 255ms/step - auc: 0.9532 - binary_accuracy: 0.8650 - loss: 0.3377
[1m 62/133[0m [32m━━━━━━━━━[0m[37m━━━━━━━━━━━[0m [1m18s[0m 255ms/step - auc: 0.9533 - binary_accuracy: 0.8651 - loss: 0.3374
[1m 63/133[0m [32m━━━━━━━━━[0m[37m━━━━━━━━━━━[0m [1m17s[0m 255ms/step - auc: 0.9533 - binary_accuracy: 0.8651 - loss: 0.3371
[1m 64/133[0m [32m━━━━━━━━━[0m[37m━━━━━━━━━━━[0m [1m17s[0m 255ms/step - auc: 0.9533 - binary_accuracy: 0.8652 - loss: 0.3368
[1m 65/133[0m [32m━━━━━━━━━[0m[37m━━━━━━━━━━━[0m [1m17s[0m 255ms/step - auc: 0.9534 - binary_accuracy: 0.8653 - loss: 0.3365
[1m 66/133[0m [32m━━━━━━━━━[0m[37m━━━━━━━━━━━[0m [1m17s[0m 255ms/step - auc: 0.9534 - binary_accuracy: 0.8653 - loss: 0.3362
[1m 67/133[0m [32m━━━━━━━━━━[0m[37m━━━━━━━━━━[0m [1m16s[0m 255ms/step - auc: 0.9535 - binary_accuracy: 0.8654 - loss: 0.3359
[1m 68/133[0m [32m━━━━━━━━━━[0m[37m━━━━━━━━━━[0m [1m16s[0m 255ms/step - auc: 0.9535 - binary_accuracy: 0.8654 - loss: 0.3356
[1m 69/133[0m [32m━━━━━━━━━━[0m[37m━━━━━━━━━━[0m [1m16s[0m 255ms/step - auc: 0.9535 - binary_accuracy: 0.8655 - loss: 0.3354
[1m 70/133[0m [32m━━━━━━━━━━[0m[37m━━━━━━━━━━[0m [1m16s[0m 255ms/step - auc: 0.9536 - binary_accuracy: 0.8656 - loss: 0.3351
[1m 71/133[0m [32m━━━━━━━━━━[0m[37m━━━━━━━━━━[0m [1m15s[0m 255ms/step - auc: 0.9536 - binary_accuracy: 0.8656 - loss: 0.3348
[1m 72/133[0m [32m━━━━━━━━━━[0m[37m━━━━━━━━━━[0m [1m15s[0m 255ms/step - auc: 0.9536 - binary_accuracy: 0.8657 - loss: 0.3345
[1m 73/133[0m [32m━━━━━━━━━━[0m[37m━━━━━━━━━━[0m [1m15s[0m 255ms/step - auc: 0.9537 - binary_accuracy: 0.8658 - loss: 0.3342
[1m 74/133[0m [32m━━━━━━━━━━━[0m[37m━━━━━━━━━[0m [1m15s[0m 255ms/step - auc: 0.9537 - binary_accuracy: 0.8659 - loss: 0.3339
[1m 75/133[0m [32m━━━━━━━━━━━[0m[37m━━━━━━━━━[0m [1m14s[0m 255ms/step - auc: 0.9537 - binary_accuracy: 0.8660 - loss: 0.3337
[1m 76/133[0m [32m━━━━━━━━━━━[0m[37m━━━━━━━━━[0m [1m14s[0m 255ms/step - auc: 0.9538 - binary_accuracy: 0.8661 - loss: 0.3334
[1m 77/133[0m [32m━━━━━━━━━━━[0m[37m━━━━━━━━━[0m [1m14s[0m 255ms/step - auc: 0.9538 - binary_accuracy: 0.8662 - loss: 0.3331
[1m 78/133[0m [32m━━━━━━━━━━━[0m[37m━━━━━━━━━[0m [1m14s[0m 255ms/step - auc: 0.9538 - binary_accuracy: 0.8663 - loss: 0.3328
[1m 79/133[0m [32m━━━━━━━━━━━[0m[37m━━━━━━━━━[0m [1m13s[0m 255ms/step - auc: 0.9538 - binary_accuracy: 0.8665 - loss: 0.3325
[1m 80/133[0m [32m━━━━━━━━━━━━[0m[37m━━━━━━━━[0m [1m13s[0m 255ms/step - auc: 0.9539 - binary_accuracy: 0.8666 - loss: 0.3322
[1m 81/133[0m [32m━━━━━━━━━━━━[0m[37m━━━━━━━━[0m [1m13s[0m 255ms/step - auc: 0.9539 - binary_accuracy: 0.8667 - loss: 0.3320
[1m 82/133[0m [32m━━━━━━━━━━━━[0m[37m━━━━━━━━[0m [1m13s[0m 255ms/step - auc: 0.9539 - binary_accuracy: 0.8668 - loss: 0.3318
[1m 83/133[0m [32m━━━━━━━━━━━━[0m[37m━━━━━━━━[0m [1m12s[0m 255ms/step - auc: 0.9539 - binary_accuracy: 0.8669 - loss: 0.3317
[1m 84/133[0m [32m━━━━━━━━━━━━[0m[37m━━━━━━━━[0m [1m12s[0m 255ms/step - auc: 0.9539 - binary_accuracy: 0.8670 - loss: 0.3315
[1m 85/133[0m [32m━━━━━━━━━━━━[0m[37m━━━━━━━━[0m [1m12s[0m 255ms/step - auc: 0.9539 - binary_accuracy: 0.8671 - loss: 0.3314
[1m 86/133[0m [32m━━━━━━━━━━━━[0m[37m━━━━━━━━[0m [1m11s[0m 255ms/step - auc: 0.9539 - binary_accuracy: 0.8672 - loss: 0.3313
[1m 87/133[0m [32m━━━━━━━━━━━━━[0m[37m━━━━━━━[0m [1m11s[0m 255ms/step - auc: 0.9539 - binary_accuracy: 0.8673 - loss: 0.3312
[1m 88/133[0m [32m━━━━━━━━━━━━━[0m[37m━━━━━━━[0m [1m11s[0m 255ms/step - auc: 0.9539 - binary_accuracy: 0.8673 - loss: 0.3311
[1m 89/133[0m [32m━━━━━━━━━━━━━[0m[37m━━━━━━━[0m [1m11s[0m 255ms/step - auc: 0.9538 - binary_accuracy: 0.8674 - loss: 0.3311
[1m 90/133[0m [32m━━━━━━━━━━━━━[0m[37m━━━━━━━[0m [1m10s[0m 255ms/step - auc: 0.9538 - binary_accuracy: 0.8674 - loss: 0.3310
[1m 91/133[0m [32m━━━━━━━━━━━━━[0m[37m━━━━━━━[0m [1m10s[0m 255ms/step - auc: 0.9538 - binary_accuracy: 0.8674 - loss: 0.3310
[1m 92/133[0m [32m━━━━━━━━━━━━━[0m[37m━━━━━━━[0m [1m10s[0m 255ms/step - auc: 0.9537 - binary_accuracy: 0.8674 - loss: 0.3309
[1m 93/133[0m [32m━━━━━━━━━━━━━[0m[37m━━━━━━━[0m [1m10s[0m 255ms/step - auc: 0.9537 - binary_accuracy: 0.8675 - loss: 0.3308
[1m 94/133[0m [32m━━━━━━━━━━━━━━[0m[37m━━━━━━[0m [1m9s[0m 255ms/step - auc: 0.9537 - binary_accuracy: 0.8675 - loss: 0.3307 
[1m 95/133[0m [32m━━━━━━━━━━━━━━[0m[37m━━━━━━[0m [1m9s[0m 255ms/step - auc: 0.9537 - binary_accuracy: 0.8676 - loss: 0.3306
[1m 96/133[0m [32m━━━━━━━━━━━━━━[0m[37m━━━━━━[0m [1m9s[0m 255ms/step - auc: 0.9537 - binary_accuracy: 0.8676 - loss: 0.3305
[1m 97/133[0m [32m━━━━━━━━━━━━━━[0m[37m━━━━━━[0m [1m9s[0m 255ms/step - auc: 0.9537 - binary_accuracy: 0.8677 - loss: 0.3304
[1m 98/133[0m [32m━━━━━━━━━━━━━━[0m[37m━━━━━━[0m [1m8s[0m 255ms/step - auc: 0.9537 - binary_accuracy: 0.8678 - loss: 0.3303
[1m 99/133[0m [32m━━━━━━━━━━━━━━[0m[37m━━━━━━[0m [1m8s[0m 255ms/step - auc: 0.9537 - binary_accuracy: 0.8679 - loss: 0.3302
[1m100/133[0m [32m━━━━━━━━━━━━━━━[0m[37m━━━━━[0m [1m8s[0m 255ms/step - auc: 0.9537 - binary_accuracy: 0.8680 - loss: 0.3301
[1m101/133[0m [32m━━━━━━━━━━━━━━━[0m[37m━━━━━[0m [1m8s[0m 255ms/step - auc: 0.9537 - binary_accuracy: 0.8681 - loss: 0.3300
[1m102/133[0m [32m━━━━━━━━━━━━━━━[0m[37m━━━━━[0m [1m7s[0m 255ms/step - auc: 0.9537 - binary_accuracy: 0.8682 - loss: 0.3299
[1m103/133[0m [32m━━━━━━━━━━━━━━━[0m[37m━━━━━[0m [1m7s[0m 255ms/step - auc: 0.9537 - binary_accuracy: 0.8683 - loss: 0.3298
[1m104/133[0m [32m━━━━━━━━━━━━━━━[0m[37m━━━━━[0m [1m7s[0m 255ms/step - auc: 0.9538 - binary_accuracy: 0.8684 - loss: 0.3297
[1m105/133[0m [32m━━━━━━━━━━━━━━━[0m[37m━━━━━[0m [1m7s[0m 255ms/step - auc: 0.9538 - binary_accuracy: 0.8685 - loss: 0.3295
[1m106/133[0m [32m━━━━━━━━━━━━━━━[0m[37m━━━━━[0m [1m6s[0m 255ms/step - auc: 0.9538 - binary_accuracy: 0.8686 - loss: 0.3294
[1m107/133[0m [32m━━━━━━━━━━━━━━━━[0m[37m━━━━[0m [1m6s[0m 255ms/step - auc: 0.9538 - binary_accuracy: 0.8687 - loss: 0.3293
[1m108/133[0m [32m━━━━━━━━━━━━━━━━[0m[37m━━━━[0m [1m6s[0m 255ms/step - auc: 0.9538 - binary_accuracy: 0.8687 - loss: 0.3292
[1m109/133[0m [32m━━━━━━━━━━━━━━━━[0m[37m━━━━[0m [1m6s[0m 255ms/step - auc: 0.9539 - binary_accuracy: 0.8688 - loss: 0.3291
[1m110/133[0m [32m━━━━━━━━━━━━━━━━[0m[37m━━━━[0m [1m5s[0m 255ms/step - auc: 0.9539 - binary_accuracy: 0.8689 - loss: 0.3289
[1m111/133[0m [32m━━━━━━━━━━━━━━━━[0m[37m━━━━[0m [1m5s[0m 255ms/step - auc: 0.9539 - binary_accuracy: 0.8690 - loss: 0.3288
[1m112/133[0m [32m━━━━━━━━━━━━━━━━[0m[37m━━━━[0m [1m5s[0m 255ms/step - auc: 0.9539 - binary_accuracy: 0.8691 - loss: 0.3287
[1m113/133[0m [32m━━━━━━━━━━━━━━━━[0m[37m━━━━[0m [1m5s[0m 255ms/step - auc: 0.9540 - binary_accuracy: 0.8691 - loss: 0.3286
[1m114/133[0m [32m━━━━━━━━━━━━━━━━━[0m[37m━━━[0m [1m4s[0m 255ms/step - auc: 0.9540 - binary_accuracy: 0.8692 - loss: 0.3285
[1m115/133[0m [32m━━━━━━━━━━━━━━━━━[0m[37m━━━[0m [1m4s[0m 255ms/step - auc: 0.9540 - binary_accuracy: 0.8693 - loss: 0.3284
[1m116/133[0m [32m━━━━━━━━━━━━━━━━━[0m[37m━━━[0m [1m4s[0m 254ms/step - auc: 0.9541 - binary_accuracy: 0.8694 - loss: 0.3282
[1m117/133[0m [32m━━━━━━━━━━━━━━━━━[0m[37m━━━[0m [1m4s[0m 254ms/step - auc: 0.9541 - binary_accuracy: 0.8695 - loss: 0.3281
[1m118/133[0m [32m━━━━━━━━━━━━━━━━━[0m[37m━━━[0m [1m3s[0m 254ms/step - auc: 0.9541 - binary_accuracy: 0.8695 - loss: 0.3280
[1m119/133[0m [32m━━━━━━━━━━━━━━━━━[0m[37m━━━[0m [1m3s[0m 254ms/step - auc: 0.9542 - binary_accuracy: 0.8696 - loss: 0.3279
[1m120/133[0m [32m━━━━━━━━━━━━━━━━━━[0m[37m━━[0m [1m3s[0m 254ms/step - auc: 0.9542 - binary_accuracy: 0.8697 - loss: 0.3277
[1m121/133[0m [32m━━━━━━━━━━━━━━━━━━[0m[37m━━[0m [1m3s[0m 254ms/step - auc: 0.9543 - binary_accuracy: 0.8698 - loss: 0.3276
[1m122/133[0m [32m━━━━━━━━━━━━━━━━━━[0m[37m━━[0m [1m2s[0m 254ms/step - auc: 0.9543 - binary_accuracy: 0.8699 - loss: 0.3275
[1m123/133[0m [32m━━━━━━━━━━━━━━━━━━[0m[37m━━[0m [1m2s[0m 254ms/step - auc: 0.9543 - binary_accuracy: 0.8700 - loss: 0.3274
[1m124/133[0m [32m━━━━━━━━━━━━━━━━━━[0m[37m━━[0m [1m2s[0m 254ms/step - auc: 0.9544 - binary_accuracy: 0.8701 - loss: 0.3272
[1m125/133[0m [32m━━━━━━━━━━━━━━━━━━[0m[37m━━[0m [1m2s[0m 254ms/step - auc: 0.9544 - binary_accuracy: 0.8702 - loss: 0.3271
[1m126/133[0m [32m━━━━━━━━━━━━━━━━━━[0m[37m━━[0m [1m1s[0m 254ms/step - auc: 0.9545 - binary_accuracy: 0.8703 - loss: 0.3270
[1m127/133[0m [32m━━━━━━━━━━━━━━━━━━━[0m[37m━[0m [1m1s[0m 254ms/step - auc: 0.9545 - binary_accuracy: 0.8704 - loss: 0.3268
[1m128/133[0m [32m━━━━━━━━━━━━━━━━━━━[0m[37m━[0m [1m1s[0m 254ms/step - auc: 0.9545 - binary_accuracy: 0.8705 - loss: 0.3267
[1m129/133[0m [32m━━━━━━━━━━━━━━━━━━━[0m[37m━[0m [1m1s[0m 254ms/step - auc: 0.9546 - binary_accuracy: 0.8706 - loss: 0.3266
[1m130/133[0m [32m━━━━━━━━━━━━━━━━━━━[0m[37m━[0m [1m0s[0m 254ms/step - auc: 0.9546 - binary_accuracy: 0.8707 - loss: 0.3265
[1m131/133[0m [32m━━━━━━━━━━━━━━━━━━━[0m[37m━[0m [1m0s[0m 254ms/step - auc: 0.9546 - binary_accuracy: 0.8708 - loss: 0.3264
[1m132/133[0m [32m━━━━━━━━━━━━━━━━━━━[0m[37m━[0m [1m0s[0m 254ms/step - auc: 0.9547 - binary_accuracy: 0.8709 - loss: 0.3263
[1m133/133[0m [32m━━━━━━━━━━━━━━━━━━━━[0m[37m[0m [1m0s[0m 253ms/step - auc: 0.9547 - binary_accuracy: 0.8710 - loss: 0.3261transfer final: epoch 3/8 done in 33.9s loss=0.3114 auc=0.9588

[1m133/133[0m [32m━━━━━━━━━━━━━━━━━━━━[0m[37m[0m [1m34s[0m 253ms/step - auc: 0.9588 - binary_accuracy: 0.8843 - loss: 0.3114
[INFO] focus_binary.focus_binary.models.transfer: phase2: fine-tuning
[INFO] focus_binary.focus_binary.models.transfer: unfreeze blocks
transfer final: epoch 1/8 start
Epoch 1/5

[1m  1/133[0m [37m━━━━━━━━━━━━━━━━━━━━[0m [1m5:58[0m 3s/step - auc: 1.0000 - binary_accuracy: 0.9375 - loss: 0.1935
[1m  2/133[0m [37m━━━━━━━━━━━━━━━━━━━━[0m [1m34s[0m 267ms/step - auc: 0.9983 - binary_accuracy: 0.9531 - loss: 0.1860
[1m  3/133[0m [37m━━━━━━━━━━━━━━━━━━━━[0m [1m35s[0m 270ms/step - auc: 0.9878 - binary_accuracy: 0.9549 - loss: 0.2520
[1m  4/133[0m [37m━━━━━━━━━━━━━━━━━━━━[0m [1m35s[0m 274ms/step - auc: 0.9740 - binary_accuracy: 0.9388 - loss: 0.3137
[1m  5/133[0m [37m━━━━━━━━━━━━━━━━━━━━[0m [1m35s[0m 274ms/step - auc: 0.9569 - binary_accuracy: 0.9123 - loss: 0.3615
[1m  6/133[0m [37m━━━━━━━━━━━━━━━━━━━━[0m [1m35s[0m 276ms/step - auc: 0.9408 - binary_accuracy: 0.8905 - loss: 0.4089
[1m  7/133[0m [32m━[0m[37m━━━━━━━━━━━━━━━━━━━[0m [1m34s[0m 277ms/step - auc: 0.9309 - binary_accuracy: 0.8723 - loss: 0.4410
[1m  8/133[0m [32m━[0m[37m━━━━━━━━━━━━━━━━━━━[0m [1m34s[0m 278ms/step - auc: 0.9233 - binary_accuracy: 0.8599 - loss: 0.4685
[1m  9/133[0m [32m━[0m[37m━━━━━━━━━━━━━━━━━━━[0m [1m34s[0m 280ms/step - auc: 0.9181 - binary_accuracy: 0.8497 - loss: 0.4871
[1m 10/133[0m [32m━[0m[37m━━━━━━━━━━━━━━━━━━━[0m [1m34s[0m 282ms/step - auc: 0.9133 - binary_accuracy: 0.8391 - loss: 0.5018
[1m 11/133[0m [32m━[0m[37m━━━━━━━━━━━━━━━━━━━[0m [1m34s[0m 282ms/step - auc: 0.9093 - binary_accuracy: 0.8302 - loss: 0.5116
[1m 12/133[0m [32m━[0m[37m━━━━━━━━━━━━━━━━━━━[0m [1m34s[0m 282ms/step - auc: 0.9059 - binary_accuracy: 0.8237 - loss: 0.5194
[1m 13/133[0m [32m━[0m[37m━━━━━━━━━━━━━━━━━━━[0m [1m33s[0m 282ms/step - auc: 0.9028 - binary_accuracy: 0.8192 - loss: 0.5260
[1m 14/133[0m [32m━━[0m[37m━━━━━━━━━━━━━━━━━━[0m [1m33s[0m 283ms/step - auc: 0.9002 - binary_accuracy: 0.8157 - loss: 0.5308
[1m 15/133[0m [32m━━[0m[37m━━━━━━━━━━━━━━━━━━[0m [1m33s[0m 285ms/step - auc: 0.8982 - binary_accuracy: 0.8128 - loss: 0.5341
[1m 16/133[0m [32m━━[0m[37m━━━━━━━━━━━━━━━━━━[0m [1m33s[0m 287ms/step - auc: 0.8963 - binary_accuracy: 0.8105 - loss: 0.5365
[1m 17/133[0m [32m━━[0m[37m━━━━━━━━━━━━━━━━━━[0m [1m33s[0m 287ms/step - auc: 0.8949 - binary_accuracy: 0.8091 - loss: 0.5380
[1m 18/133[0m [32m━━[0m[37m━━━━━━━━━━━━━━━━━━[0m [1m32s[0m 287ms/step - auc: 0.8938 - binary_accuracy: 0.8080 - loss: 0.5389
[1m 19/133[0m [32m━━[0m[37m━━━━━━━━━━━━━━━━━━[0m [1m32s[0m 287ms/step - auc: 0.8929 - binary_accuracy: 0.8074 - loss: 0.5387
[1m 20/133[0m [32m━━━[0m[37m━━━━━━━━━━━━━━━━━[0m [1m32s[0m 287ms/step - auc: 0.8923 - binary_accuracy: 0.8072 - loss: 0.5379
[1m 21/133[0m [32m━━━[0m[37m━━━━━━━━━━━━━━━━━[0m [1m32s[0m 286ms/step - auc: 0.8916 - binary_accuracy: 0.8070 - loss: 0.5373
[1m 22/133[0m [32m━━━[0m[37m━━━━━━━━━━━━━━━━━[0m [1m31s[0m 286ms/step - auc: 0.8911 - binary_accuracy: 0.8068 - loss: 0.5364
[1m 23/133[0m [32m━━━[0m[37m━━━━━━━━━━━━━━━━━[0m [1m31s[0m 286ms/step - auc: 0.8905 - binary_accuracy: 0.8067 - loss: 0.5353
[1m 24/133[0m [32m━━━[0m[37m━━━━━━━━━━━━━━━━━[0m [1m31s[0m 286ms/step - auc: 0.8901 - binary_accuracy: 0.8067 - loss: 0.5339
[1m 25/133[0m [32m━━━[0m[37m━━━━━━━━━━━━━━━━━[0m [1m30s[0m 286ms/step - auc: 0.8897 - binary_accuracy: 0.8066 - loss: 0.5323
[1m 26/133[0m [32m━━━[0m[37m━━━━━━━━━━━━━━━━━[0m [1m30s[0m 286ms/step - auc: 0.8895 - binary_accuracy: 0.8066 - loss: 0.5308
[1m 27/133[0m [32m━━━━[0m[37m━━━━━━━━━━━━━━━━[0m [1m30s[0m 286ms/step - auc: 0.8893 - binary_accuracy: 0.8066 - loss: 0.5293
[1m 28/133[0m [32m━━━━[0m[37m━━━━━━━━━━━━━━━━[0m [1m30s[0m 286ms/step - auc: 0.8893 - binary_accuracy: 0.8066 - loss: 0.5276
[1m 29/133[0m [32m━━━━[0m[37m━━━━━━━━━━━━━━━━[0m [1m29s[0m 286ms/step - auc: 0.8891 - binary_accuracy: 0.8066 - loss: 0.5261
[1m 30/133[0m [32m━━━━[0m[37m━━━━━━━━━━━━━━━━[0m [1m29s[0m 286ms/step - auc: 0.8891 - binary_accuracy: 0.8067 - loss: 0.5246
[1m 31/133[0m [32m━━━━[0m[37m━━━━━━━━━━━━━━━━[0m [1m29s[0m 286ms/step - auc: 0.8892 - binary_accuracy: 0.8069 - loss: 0.5230
[1m 32/133[0m [32m━━━━[0m[37m━━━━━━━━━━━━━━━━[0m [1m28s[0m 286ms/step - auc: 0.8893 - binary_accuracy: 0.8072 - loss: 0.5212
[1m 33/133[0m [32m━━━━[0m[37m━━━━━━━━━━━━━━━━[0m [1m28s[0m 286ms/step - auc: 0.8896 - binary_accuracy: 0.8076 - loss: 0.5193
[1m 34/133[0m [32m━━━━━[0m[37m━━━━━━━━━━━━━━━[0m [1m28s[0m 286ms/step - auc: 0.8898 - binary_accuracy: 0.8079 - loss: 0.5175
[1m 35/133[0m [32m━━━━━[0m[37m━━━━━━━━━━━━━━━[0m [1m28s[0m 286ms/step - auc: 0.8900 - binary_accuracy: 0.8084 - loss: 0.5158
[1m 36/133[0m [32m━━━━━[0m[37m━━━━━━━━━━━━━━━[0m [1m27s[0m 286ms/step - auc: 0.8903 - binary_accuracy: 0.8088 - loss: 0.5142
[1m 37/133[0m [32m━━━━━[0m[37m━━━━━━━━━━━━━━━[0m [1m27s[0m 286ms/step - auc: 0.8906 - binary_accuracy: 0.8092 - loss: 0.5124
[1m 38/133[0m [32m━━━━━[0m[37m━━━━━━━━━━━━━━━[0m [1m27s[0m 286ms/step - auc: 0.8909 - binary_accuracy: 0.8096 - loss: 0.5108
[1m 39/133[0m [32m━━━━━[0m[37m━━━━━━━━━━━━━━━[0m [1m26s[0m 286ms/step - auc: 0.8912 - binary_accuracy: 0.8100 - loss: 0.5091
[1m 40/133[0m [32m━━━━━━[0m[37m━━━━━━━━━━━━━━[0m [1m26s[0m 286ms/step - auc: 0.8915 - binary_accuracy: 0.8102 - loss: 0.5075
[1m 41/133[0m [32m━━━━━━[0m[37m━━━━━━━━━━━━━━[0m [1m26s[0m 286ms/step - auc: 0.8918 - binary_accuracy: 0.8105 - loss: 0.5058
[1m 42/133[0m [32m━━━━━━[0m[37m━━━━━━━━━━━━━━[0m [1m25s[0m 286ms/step - auc: 0.8921 - binary_accuracy: 0.8107 - loss: 0.5042
[1m 43/133[0m [32m━━━━━━[0m[37m━━━━━━━━━━━━━━[0m [1m25s[0m 286ms/step - auc: 0.8925 - binary_accuracy: 0.8111 - loss: 0.5024
[1m 44/133[0m [32m━━━━━━[0m[37m━━━━━━━━━━━━━━[0m [1m25s[0m 286ms/step - auc: 0.8928 - binary_accuracy: 0.8114 - loss: 0.5006
[1m 45/133[0m [32m━━━━━━[0m[37m━━━━━━━━━━━━━━[0m [1m25s[0m 286ms/step - auc: 0.8932 - binary_accuracy: 0.8118 - loss: 0.4988
[1m 46/133[0m [32m━━━━━━[0m[37m━━━━━━━━━━━━━━[0m [1m24s[0m 286ms/step - auc: 0.8935 - binary_accuracy: 0.8123 - loss: 0.4973
[1m 47/133[0m [32m━━━━━━━[0m[37m━━━━━━━━━━━━━[0m [1m24s[0m 286ms/step - auc: 0.8938 - binary_accuracy: 0.8128 - loss: 0.4958
[1m 48/133[0m [32m━━━━━━━[0m[37m━━━━━━━━━━━━━[0m [1m24s[0m 286ms/step - auc: 0.8942 - binary_accuracy: 0.8133 - loss: 0.4943
[1m 49/133[0m [32m━━━━━━━[0m[37m━━━━━━━━━━━━━[0m [1m23s[0m 286ms/step - auc: 0.8945 - binary_accuracy: 0.8137 - loss: 0.4929
[1m 50/133[0m [32m━━━━━━━[0m[37m━━━━━━━━━━━━━[0m [1m23s[0m 286ms/step - auc: 0.8948 - binary_accuracy: 0.8141 - loss: 0.4916
[1m 51/133[0m [32m━━━━━━━[0m[37m━━━━━━━━━━━━━[0m [1m23s[0m 286ms/step - auc: 0.8951 - binary_accuracy: 0.8144 - loss: 0.4903
[1m 52/133[0m [32m━━━━━━━[0m[37m━━━━━━━━━━━━━[0m [1m23s[0m 286ms/step - auc: 0.8954 - binary_accuracy: 0.8147 - loss: 0.4890
[1m 53/133[0m [32m━━━━━━━[0m[37m━━━━━━━━━━━━━[0m [1m22s[0m 286ms/step - auc: 0.8956 - binary_accuracy: 0.8149 - loss: 0.4878
[1m 54/133[0m [32m━━━━━━━━[0m[37m━━━━━━━━━━━━[0m [1m22s[0m 286ms/step - auc: 0.8958 - binary_accuracy: 0.8151 - loss: 0.4867
[1m 55/133[0m [32m━━━━━━━━[0m[37m━━━━━━━━━━━━[0m [1m22s[0m 286ms/step - auc: 0.8960 - binary_accuracy: 0.8152 - loss: 0.4857
[1m 56/133[0m [32m━━━━━━━━[0m[37m━━━━━━━━━━━━[0m [1m21s[0m 286ms/step - auc: 0.8962 - binary_accuracy: 0.8154 - loss: 0.4848
[1m 57/133[0m [32m━━━━━━━━[0m[37m━━━━━━━━━━━━[0m [1m21s[0m 286ms/step - auc: 0.8964 - binary_accuracy: 0.8155 - loss: 0.4838
[1m 58/133[0m [32m━━━━━━━━[0m[37m━━━━━━━━━━━━[0m [1m21s[0m 286ms/step - auc: 0.8966 - binary_accuracy: 0.8157 - loss: 0.4828
[1m 59/133[0m [32m━━━━━━━━[0m[37m━━━━━━━━━━━━[0m [1m21s[0m 286ms/step - auc: 0.8968 - binary_accuracy: 0.8159 - loss: 0.4819
[1m 60/133[0m [32m━━━━━━━━━[0m[37m━━━━━━━━━━━[0m [1m20s[0m 286ms/step - auc: 0.8969 - binary_accuracy: 0.8161 - loss: 0.4811
[1m 61/133[0m [32m━━━━━━━━━[0m[37m━━━━━━━━━━━[0m [1m20s[0m 286ms/step - auc: 0.8971 - binary_accuracy: 0.8163 - loss: 0.4802
[1m 62/133[0m [32m━━━━━━━━━[0m[37m━━━━━━━━━━━[0m [1m20s[0m 286ms/step - auc: 0.8972 - binary_accuracy: 0.8164 - loss: 0.4795
[1m 63/133[0m [32m━━━━━━━━━[0m[37m━━━━━━━━━━━[0m [1m20s[0m 286ms/step - auc: 0.8973 - binary_accuracy: 0.8165 - loss: 0.4787
[1m 64/133[0m [32m━━━━━━━━━[0m[37m━━━━━━━━━━━[0m [1m19s[0m 286ms/step - auc: 0.8974 - binary_accuracy: 0.8165 - loss: 0.4780
[1m 65/133[0m [32m━━━━━━━━━[0m[37m━━━━━━━━━━━[0m [1m19s[0m 286ms/step - auc: 0.8975 - binary_accuracy: 0.8165 - loss: 0.4772
[1m 66/133[0m [32m━━━━━━━━━[0m[37m━━━━━━━━━━━[0m [1m19s[0m 286ms/step - auc: 0.8977 - binary_accuracy: 0.8165 - loss: 0.4765
[1m 67/133[0m [32m━━━━━━━━━━[0m[37m━━━━━━━━━━[0m [1m18s[0m 286ms/step - auc: 0.8978 - binary_accuracy: 0.8165 - loss: 0.4758
[1m 68/133[0m [32m━━━━━━━━━━[0m[37m━━━━━━━━━━[0m [1m18s[0m 286ms/step - auc: 0.8979 - binary_accuracy: 0.8165 - loss: 0.4751
[1m 69/133[0m [32m━━━━━━━━━━[0m[37m━━━━━━━━━━[0m [1m18s[0m 286ms/step - auc: 0.8980 - binary_accuracy: 0.8166 - loss: 0.4744
[1m 70/133[0m [32m━━━━━━━━━━[0m[37m━━━━━━━━━━[0m [1m18s[0m 286ms/step - auc: 0.8981 - binary_accuracy: 0.8166 - loss: 0.4738
[1m 71/133[0m [32m━━━━━━━━━━[0m[37m━━━━━━━━━━[0m [1m17s[0m 286ms/step - auc: 0.8982 - binary_accuracy: 0.8167 - loss: 0.4731
[1m 72/133[0m [32m━━━━━━━━━━[0m[37m━━━━━━━━━━[0m [1m17s[0m 286ms/step - auc: 0.8983 - binary_accuracy: 0.8169 - loss: 0.4724
[1m 73/133[0m [32m━━━━━━━━━━[0m[37m━━━━━━━━━━[0m [1m17s[0m 286ms/step - auc: 0.8984 - binary_accuracy: 0.8170 - loss: 0.4718
[1m 74/133[0m [32m━━━━━━━━━━━[0m[37m━━━━━━━━━[0m [1m16s[0m 286ms/step - auc: 0.8985 - binary_accuracy: 0.8171 - loss: 0.4712
[1m 75/133[0m [32m━━━━━━━━━━━[0m[37m━━━━━━━━━[0m [1m16s[0m 286ms/step - auc: 0.8986 - binary_accuracy: 0.8173 - loss: 0.4705
[1m 76/133[0m [32m━━━━━━━━━━━[0m[37m━━━━━━━━━[0m [1m16s[0m 286ms/step - auc: 0.8986 - binary_accuracy: 0.8174 - loss: 0.4699
[1m 77/133[0m [32m━━━━━━━━━━━[0m[37m━━━━━━━━━[0m [1m16s[0m 286ms/step - auc: 0.8987 - binary_accuracy: 0.8175 - loss: 0.4694
[1m 78/133[0m [32m━━━━━━━━━━━[0m[37m━━━━━━━━━[0m [1m15s[0m 286ms/step - auc: 0.8987 - binary_accuracy: 0.8176 - loss: 0.4688
[1m 79/133[0m [32m━━━━━━━━━━━[0m[37m━━━━━━━━━[0m [1m15s[0m 286ms/step - auc: 0.8987 - binary_accuracy: 0.8177 - loss: 0.4683
[1m 80/133[0m [32m━━━━━━━━━━━━[0m[37m━━━━━━━━[0m [1m15s[0m 286ms/step - auc: 0.8988 - binary_accuracy: 0.8178 - loss: 0.4678
[1m 81/133[0m [32m━━━━━━━━━━━━[0m[37m━━━━━━━━[0m [1m14s[0m 286ms/step - auc: 0.8988 - binary_accuracy: 0.8179 - loss: 0.4673
[1m 82/133[0m [32m━━━━━━━━━━━━[0m[37m━━━━━━━━[0m [1m14s[0m 286ms/step - auc: 0.8989 - binary_accuracy: 0.8180 - loss: 0.4668
[1m 83/133[0m [32m━━━━━━━━━━━━[0m[37m━━━━━━━━[0m [1m14s[0m 286ms/step - auc: 0.8989 - binary_accuracy: 0.8181 - loss: 0.4663
[1m 84/133[0m [32m━━━━━━━━━━━━[0m[37m━━━━━━━━[0m [1m14s[0m 286ms/step - auc: 0.8990 - binary_accuracy: 0.8181 - loss: 0.4659
[1m 85/133[0m [32m━━━━━━━━━━━━[0m[37m━━━━━━━━[0m [1m13s[0m 286ms/step - auc: 0.8990 - binary_accuracy: 0.8181 - loss: 0.4656
[1m 86/133[0m [32m━━━━━━━━━━━━[0m[37m━━━━━━━━[0m [1m13s[0m 286ms/step - auc: 0.8990 - binary_accuracy: 0.8181 - loss: 0.4653
[1m 87/133[0m [32m━━━━━━━━━━━━━[0m[37m━━━━━━━[0m [1m13s[0m 286ms/step - auc: 0.8990 - binary_accuracy: 0.8181 - loss: 0.4649
[1m 88/133[0m [32m━━━━━━━━━━━━━[0m[37m━━━━━━━[0m [1m12s[0m 286ms/step - auc: 0.8990 - binary_accuracy: 0.8181 - loss: 0.4646
[1m 89/133[0m [32m━━━━━━━━━━━━━[0m[37m━━━━━━━[0m [1m12s[0m 286ms/step - auc: 0.8990 - binary_accuracy: 0.8181 - loss: 0.4643
[1m 90/133[0m [32m━━━━━━━━━━━━━[0m[37m━━━━━━━[0m [1m12s[0m 286ms/step - auc: 0.8990 - binary_accuracy: 0.8181 - loss: 0.4639
[1m 91/133[0m [32m━━━━━━━━━━━━━[0m[37m━━━━━━━[0m [1m12s[0m 286ms/step - auc: 0.8991 - binary_accuracy: 0.8180 - loss: 0.4636
[1m 92/133[0m [32m━━━━━━━━━━━━━[0m[37m━━━━━━━[0m [1m11s[0m 286ms/step - auc: 0.8990 - binary_accuracy: 0.8180 - loss: 0.4634
[1m 93/133[0m [32m━━━━━━━━━━━━━[0m[37m━━━━━━━[0m [1m11s[0m 286ms/step - auc: 0.8990 - binary_accuracy: 0.8180 - loss: 0.4631
[1m 94/133[0m [32m━━━━━━━━━━━━━━[0m[37m━━━━━━[0m [1m11s[0m 286ms/step - auc: 0.8990 - binary_accuracy: 0.8180 - loss: 0.4629
[1m 95/133[0m [32m━━━━━━━━━━━━━━[0m[37m━━━━━━[0m [1m10s[0m 286ms/step - auc: 0.8990 - binary_accuracy: 0.8180 - loss: 0.4626
[1m 96/133[0m [32m━━━━━━━━━━━━━━[0m[37m━━━━━━[0m [1m10s[0m 286ms/step - auc: 0.8990 - binary_accuracy: 0.8180 - loss: 0.4624
[1m 97/133[0m [32m━━━━━━━━━━━━━━[0m[37m━━━━━━[0m [1m10s[0m 286ms/step - auc: 0.8990 - binary_accuracy: 0.8180 - loss: 0.4622
[1m 98/133[0m [32m━━━━━━━━━━━━━━[0m[37m━━━━━━[0m [1m10s[0m 286ms/step - auc: 0.8990 - binary_accuracy: 0.8180 - loss: 0.4619
[1m 99/133[0m [32m━━━━━━━━━━━━━━[0m[37m━━━━━━[0m [1m9s[0m 286ms/step - auc: 0.8990 - binary_accuracy: 0.8180 - loss: 0.4617 
[1m100/133[0m [32m━━━━━━━━━━━━━━━[0m[37m━━━━━[0m [1m9s[0m 286ms/step - auc: 0.8990 - binary_accuracy: 0.8180 - loss: 0.4615
[1m101/133[0m [32m━━━━━━━━━━━━━━━[0m[37m━━━━━[0m [1m9s[0m 286ms/step - auc: 0.8990 - binary_accuracy: 0.8180 - loss: 0.4612
[1m102/133[0m [32m━━━━━━━━━━━━━━━[0m[37m━━━━━[0m [1m8s[0m 286ms/step - auc: 0.8990 - binary_accuracy: 0.8180 - loss: 0.4610
[1m103/133[0m [32m━━━━━━━━━━━━━━━[0m[37m━━━━━[0m [1m8s[0m 286ms/step - auc: 0.8990 - binary_accuracy: 0.8181 - loss: 0.4608
[1m104/133[0m [32m━━━━━━━━━━━━━━━[0m[37m━━━━━[0m [1m8s[0m 286ms/step - auc: 0.8990 - binary_accuracy: 0.8181 - loss: 0.4605
[1m105/133[0m [32m━━━━━━━━━━━━━━━[0m[37m━━━━━[0m [1m8s[0m 286ms/step - auc: 0.8990 - binary_accuracy: 0.8181 - loss: 0.4603
[1m106/133[0m [32m━━━━━━━━━━━━━━━[0m[37m━━━━━[0m [1m7s[0m 286ms/step - auc: 0.8990 - binary_accuracy: 0.8181 - loss: 0.4601
[1m107/133[0m [32m━━━━━━━━━━━━━━━━[0m[37m━━━━[0m [1m7s[0m 286ms/step - auc: 0.8991 - binary_accuracy: 0.8181 - loss: 0.4598
[1m108/133[0m [32m━━━━━━━━━━━━━━━━[0m[37m━━━━[0m [1m7s[0m 286ms/step - auc: 0.8991 - binary_accuracy: 0.8182 - loss: 0.4596
[1m109/133[0m [32m━━━━━━━━━━━━━━━━[0m[37m━━━━[0m [1m6s[0m 286ms/step - auc: 0.8991 - binary_accuracy: 0.8182 - loss: 0.4594
[1m110/133[0m [32m━━━━━━━━━━━━━━━━[0m[37m━━━━[0m [1m6s[0m 286ms/step - auc: 0.8992 - binary_accuracy: 0.8183 - loss: 0.4591
[1m111/133[0m [32m━━━━━━━━━━━━━━━━[0m[37m━━━━[0m [1m6s[0m 286ms/step - auc: 0.8992 - binary_accuracy: 0.8183 - loss: 0.4589
[1m112/133[0m [32m━━━━━━━━━━━━━━━━[0m[37m━━━━[0m [1m6s[0m 286ms/step - auc: 0.8992 - binary_accuracy: 0.8183 - loss: 0.4587
[1m113/133[0m [32m━━━━━━━━━━━━━━━━[0m[37m━━━━[0m [1m5s[0m 286ms/step - auc: 0.8992 - binary_accuracy: 0.8184 - loss: 0.4585
[1m114/133[0m [32m━━━━━━━━━━━━━━━━━[0m[37m━━━[0m [1m5s[0m 286ms/step - auc: 0.8993 - binary_accuracy: 0.8184 - loss: 0.4582
[1m115/133[0m [32m━━━━━━━━━━━━━━━━━[0m[37m━━━[0m [1m5s[0m 286ms/step - auc: 0.8993 - binary_accuracy: 0.8184 - loss: 0.4580
[1m116/133[0m [32m━━━━━━━━━━━━━━━━━[0m[37m━━━[0m [1m4s[0m 286ms/step - auc: 0.8993 - binary_accuracy: 0.8184 - loss: 0.4578
[1m117/133[0m [32m━━━━━━━━━━━━━━━━━[0m[37m━━━[0m [1m4s[0m 286ms/step - auc: 0.8994 - binary_accuracy: 0.8185 - loss: 0.4576
[1m118/133[0m [32m━━━━━━━━━━━━━━━━━[0m[37m━━━[0m [1m4s[0m 286ms/step - auc: 0.8994 - binary_accuracy: 0.8185 - loss: 0.4573
[1m119/133[0m [32m━━━━━━━━━━━━━━━━━[0m[37m━━━[0m [1m4s[0m 286ms/step - auc: 0.8995 - binary_accuracy: 0.8185 - loss: 0.4571
[1m120/133[0m [32m━━━━━━━━━━━━━━━━━━[0m[37m━━[0m [1m3s[0m 286ms/step - auc: 0.8995 - binary_accuracy: 0.8185 - loss: 0.4569
[1m121/133[0m [32m━━━━━━━━━━━━━━━━━━[0m[37m━━[0m [1m3s[0m 286ms/step - auc: 0.8996 - binary_accuracy: 0.8186 - loss: 0.4567
[1m122/133[0m [32m━━━━━━━━━━━━━━━━━━[0m[37m━━[0m [1m3s[0m 286ms/step - auc: 0.8996 - binary_accuracy: 0.8186 - loss: 0.4565
[1m123/133[0m [32m━━━━━━━━━━━━━━━━━━[0m[37m━━[0m [1m2s[0m 286ms/step - auc: 0.8997 - binary_accuracy: 0.8186 - loss: 0.4562
[1m124/133[0m [32m━━━━━━━━━━━━━━━━━━[0m[37m━━[0m [1m2s[0m 286ms/step - auc: 0.8997 - binary_accuracy: 0.8187 - loss: 0.4560
[1m125/133[0m [32m━━━━━━━━━━━━━━━━━━[0m[37m━━[0m [1m2s[0m 286ms/step - auc: 0.8998 - binary_accuracy: 0.8187 - loss: 0.4558
[1m126/133[0m [32m━━━━━━━━━━━━━━━━━━[0m[37m━━[0m [1m1s[0m 286ms/step - auc: 0.8998 - binary_accuracy: 0.8187 - loss: 0.4556
[1m127/133[0m [32m━━━━━━━━━━━━━━━━━━━[0m[37m━[0m [1m1s[0m 286ms/step - auc: 0.8999 - binary_accuracy: 0.8188 - loss: 0.4554
[1m128/133[0m [32m━━━━━━━━━━━━━━━━━━━[0m[37m━[0m [1m1s[0m 286ms/step - auc: 0.8999 - binary_accuracy: 0.8188 - loss: 0.4552
[1m129/133[0m [32m━━━━━━━━━━━━━━━━━━━[0m[37m━[0m [1m1s[0m 286ms/step - auc: 0.9000 - binary_accuracy: 0.8188 - loss: 0.4549
[1m130/133[0m [32m━━━━━━━━━━━━━━━━━━━[0m[37m━[0m [1m0s[0m 286ms/step - auc: 0.9000 - binary_accuracy: 0.8189 - loss: 0.4547
[1m131/133[0m [32m━━━━━━━━━━━━━━━━━━━[0m[37m━[0m [1m0s[0m 286ms/step - auc: 0.9000 - binary_accuracy: 0.8189 - loss: 0.4546
[1m132/133[0m [32m━━━━━━━━━━━━━━━━━━━[0m[37m━[0m [1m0s[0m 286ms/step - auc: 0.9001 - binary_accuracy: 0.8189 - loss: 0.4544
[1m133/133[0m [32m━━━━━━━━━━━━━━━━━━━━[0m[37m[0m [1m0s[0m 285ms/step - auc: 0.9001 - binary_accuracy: 0.8190 - loss: 0.4542transfer final: epoch 1/8 done in 40.4s loss=0.4289 auc=0.9050

[1m133/133[0m [32m━━━━━━━━━━━━━━━━━━━━[0m[37m[0m [1m40s[0m 285ms/step - auc: 0.9050 - binary_accuracy: 0.8235 - loss: 0.4289
transfer final: epoch 2/8 start
Epoch 2/5

[1m  1/133[0m [37m━━━━━━━━━━━━━━━━━━━━[0m [1m1:05[0m 499ms/step - auc: 1.0000 - binary_accuracy: 0.9062 - loss: 0.2365
[1m  2/133[0m [37m━━━━━━━━━━━━━━━━━━━━[0m [1m38s[0m 298ms/step - auc: 0.9983 - binary_accuracy: 0.8672 - loss: 0.2387 
[1m  3/133[0m [37m━━━━━━━━━━━━━━━━━━━━[0m [1m38s[0m 298ms/step - auc: 0.9980 - binary_accuracy: 0.8663 - loss: 0.2385
[1m  4/133[0m [37m━━━━━━━━━━━━━━━━━━━━[0m [1m38s[0m 297ms/step - auc: 0.9830 - binary_accuracy: 0.8607 - loss: 0.2804
[1m  5/133[0m [37m━━━━━━━━━━━━━━━━━━━━[0m [1m37s[0m 296ms/step - auc: 0.9722 - binary_accuracy: 0.8560 - loss: 0.3092
[1m  6/133[0m [37m━━━━━━━━━━━━━━━━━━━━[0m [1m37s[0m 297ms/step - auc: 0.9646 - binary_accuracy: 0.8549 - loss: 0.3300
[1m  7/133[0m [32m━[0m[37m━━━━━━━━━━━━━━━━━━━[0m [1m37s[0m 297ms/step - auc: 0.9587 - binary_accuracy: 0.8501 - loss: 0.3451
[1m  8/133[0m [32m━[0m[37m━━━━━━━━━━━━━━━━━━━[0m [1m37s[0m 296ms/step - auc: 0.9548 - binary_accuracy: 0.8454 - loss: 0.3577
[1m  9/133[0m [32m━[0m[37m━━━━━━━━━━━━━━━━━━━[0m [1m36s[0m 297ms/step - auc: 0.9514 - binary_accuracy: 0.8398 - loss: 0.3671
[1m 10/133[0m [32m━[0m[37m━━━━━━━━━━━━━━━━━━━[0m [1m36s[0m 299ms/step - auc: 0.9473 - binary_accuracy: 0.8321 - loss: 0.3768
[1m 11/133[0m [32m━[0m[37m━━━━━━━━━━━━━━━━━━━[0m [1m36s[0m 300ms/step - auc: 0.9441 - binary_accuracy: 0.8238 - loss: 0.3843
[1m 12/133[0m [32m━[0m[37m━━━━━━━━━━━━━━━━━━━[0m [1m36s[0m 299ms/step - auc: 0.9418 - binary_accuracy: 0.8179 - loss: 0.3897
[1m 13/133[0m [32m━[0m[37m━━━━━━━━━━━━━━━━━━━[0m [1m35s[0m 298ms/step - auc: 0.9395 - binary_accuracy: 0.8130 - loss: 0.3954
[1m 14/133[0m [32m━━[0m[37m━━━━━━━━━━━━━━━━━━[0m [1m35s[0m 299ms/step - auc: 0.9376 - binary_accuracy: 0.8095 - loss: 0.3997
[1m 15/133[0m [32m━━[0m[37m━━━━━━━━━━━━━━━━━━[0m [1m35s[0m 299ms/step - auc: 0.9364 - binary_accuracy: 0.8075 - loss: 0.4026
[1m 16/133[0m [32m━━[0m[37m━━━━━━━━━━━━━━━━━━[0m [1m34s[0m 299ms/step - auc: 0.9352 - binary_accuracy: 0.8064 - loss: 0.4052
[1m 17/133[0m [32m━━[0m[37m━━━━━━━━━━━━━━━━━━[0m [1m34s[0m 298ms/step - auc: 0.9341 - binary_accuracy: 0.8060 - loss: 0.4073
[1m 18/133[0m [32m━━[0m[37m━━━━━━━━━━━━━━━━━━[0m [1m34s[0m 298ms/step - auc: 0.9332 - binary_accuracy: 0.8061 - loss: 0.4091
[1m 19/133[0m [32m━━[0m[37m━━━━━━━━━━━━━━━━━━[0m [1m33s[0m 297ms/step - auc: 0.9326 - binary_accuracy: 0.8067 - loss: 0.4097
[1m 20/133[0m [32m━━━[0m[37m━━━━━━━━━━━━━━━━━[0m [1m33s[0m 297ms/step - auc: 0.9321 - binary_accuracy: 0.8076 - loss: 0.4102
[1m 21/133[0m [32m━━━[0m[37m━━━━━━━━━━━━━━━━━[0m [1m33s[0m 296ms/step - auc: 0.9317 - binary_accuracy: 0.8086 - loss: 0.4104
[1m 22/133[0m [32m━━━[0m[37m━━━━━━━━━━━━━━━━━[0m [1m32s[0m 296ms/step - auc: 0.9314 - binary_accuracy: 0.8097 - loss: 0.4103
[1m 23/133[0m [32m━━━[0m[37m━━━━━━━━━━━━━━━━━[0m [1m32s[0m 295ms/step - auc: 0.9311 - binary_accuracy: 0.8106 - loss: 0.4101
[1m 24/133[0m [32m━━━[0m[37m━━━━━━━━━━━━━━━━━[0m [1m32s[0m 295ms/step - auc: 0.9308 - binary_accuracy: 0.8115 - loss: 0.4095
[1m 25/133[0m [32m━━━[0m[37m━━━━━━━━━━━━━━━━━[0m [1m31s[0m 294ms/step - auc: 0.9306 - binary_accuracy: 0.8123 - loss: 0.4089
[1m 26/133[0m [32m━━━[0m[37m━━━━━━━━━━━━━━━━━[0m [1m31s[0m 294ms/step - auc: 0.9305 - binary_accuracy: 0.8130 - loss: 0.4084
[1m 27/133[0m [32m━━━━[0m[37m━━━━━━━━━━━━━━━━[0m [1m31s[0m 294ms/step - auc: 0.9305 - binary_accuracy: 0.8135 - loss: 0.4079
[1m 28/133[0m [32m━━━━[0m[37m━━━━━━━━━━━━━━━━[0m [1m30s[0m 294ms/step - auc: 0.9304 - binary_accuracy: 0.8141 - loss: 0.4073
[1m 29/133[0m [32m━━━━[0m[37m━━━━━━━━━━━━━━━━[0m [1m30s[0m 293ms/step - auc: 0.9303 - binary_accuracy: 0.8146 - loss: 0.4067
[1m 30/133[0m [32m━━━━[0m[37m━━━━━━━━━━━━━━━━[0m [1m30s[0m 293ms/step - auc: 0.9304 - binary_accuracy: 0.8152 - loss: 0.4060
[1m 31/133[0m [32m━━━━[0m[37m━━━━━━━━━━━━━━━━[0m [1m29s[0m 293ms/step - auc: 0.9306 - binary_accuracy: 0.8159 - loss: 0.4051
[1m 32/133[0m [32m━━━━[0m[37m━━━━━━━━━━━━━━━━[0m [1m29s[0m 293ms/step - auc: 0.9308 - binary_accuracy: 0.8167 - loss: 0.4042
[1m 33/133[0m [32m━━━━[0m[37m━━━━━━━━━━━━━━━━[0m [1m29s[0m 293ms/step - auc: 0.9310 - binary_accuracy: 0.8176 - loss: 0.4031
[1m 34/133[0m [32m━━━━━[0m[37m━━━━━━━━━━━━━━━[0m [1m28s[0m 293ms/step - auc: 0.9313 - binary_accuracy: 0.8186 - loss: 0.4020
[1m 35/133[0m [32m━━━━━[0m[37m━━━━━━━━━━━━━━━[0m [1m28s[0m 292ms/step - auc: 0.9316 - binary_accuracy: 0.8196 - loss: 0.4009
[1m 36/133[0m [32m━━━━━[0m[37m━━━━━━━━━━━━━━━[0m [1m28s[0m 292ms/step - auc: 0.9318 - binary_accuracy: 0.8206 - loss: 0.3999
[1m 37/133[0m [32m━━━━━[0m[37m━━━━━━━━━━━━━━━[0m [1m27s[0m 292ms/step - auc: 0.9321 - binary_accuracy: 0.8216 - loss: 0.3987
[1m 38/133[0m [32m━━━━━[0m[37m━━━━━━━━━━━━━━━[0m [1m27s[0m 292ms/step - auc: 0.9325 - binary_accuracy: 0.8226 - loss: 0.3976
[1m 39/133[0m [32m━━━━━[0m[37m━━━━━━━━━━━━━━━[0m [1m27s[0m 292ms/step - auc: 0.9328 - binary_accuracy: 0.8234 - loss: 0.3965
[1m 40/133[0m [32m━━━━━━[0m[37m━━━━━━━━━━━━━━[0m [1m27s[0m 291ms/step - auc: 0.9331 - binary_accuracy: 0.8242 - loss: 0.3954
[1m 41/133[0m [32m━━━━━━[0m[37m━━━━━━━━━━━━━━[0m [1m26s[0m 291ms/step - auc: 0.9334 - binary_accuracy: 0.8250 - loss: 0.3943
[1m 42/133[0m [32m━━━━━━[0m[37m━━━━━━━━━━━━━━[0m [1m26s[0m 292ms/step - auc: 0.9337 - binary_accuracy: 0.8258 - loss: 0.3932
[1m 43/133[0m [32m━━━━━━[0m[37m━━━━━━━━━━━━━━[0m [1m26s[0m 291ms/step - auc: 0.9341 - binary_accuracy: 0.8266 - loss: 0.3920
[1m 44/133[0m [32m━━━━━━[0m[37m━━━━━━━━━━━━━━[0m [1m25s[0m 291ms/step - auc: 0.9344 - binary_accuracy: 0.8274 - loss: 0.3908
[1m 45/133[0m [32m━━━━━━[0m[37m━━━━━━━━━━━━━━[0m [1m25s[0m 291ms/step - auc: 0.9347 - binary_accuracy: 0.8282 - loss: 0.3896
[1m 46/133[0m [32m━━━━━━[0m[37m━━━━━━━━━━━━━━[0m [1m25s[0m 291ms/step - auc: 0.9349 - binary_accuracy: 0.8290 - loss: 0.3887
[1m 47/133[0m [32m━━━━━━━[0m[37m━━━━━━━━━━━━━[0m [1m25s[0m 291ms/step - auc: 0.9350 - binary_accuracy: 0.8298 - loss: 0.3880
[1m 48/133[0m [32m━━━━━━━[0m[37m━━━━━━━━━━━━━[0m [1m24s[0m 291ms/step - auc: 0.9352 - binary_accuracy: 0.8306 - loss: 0.3873
[1m 49/133[0m [32m━━━━━━━[0m[37m━━━━━━━━━━━━━[0m [1m24s[0m 291ms/step - auc: 0.9353 - binary_accuracy: 0.8313 - loss: 0.3867
[1m 50/133[0m [32m━━━━━━━[0m[37m━━━━━━━━━━━━━[0m [1m24s[0m 291ms/step - auc: 0.9354 - binary_accuracy: 0.8318 - loss: 0.3862
[1m 51/133[0m [32m━━━━━━━[0m[37m━━━━━━━━━━━━━[0m [1m23s[0m 291ms/step - auc: 0.9354 - binary_accuracy: 0.8324 - loss: 0.3857
[1m 52/133[0m [32m━━━━━━━[0m[37m━━━━━━━━━━━━━[0m [1m23s[0m 291ms/step - auc: 0.9355 - binary_accuracy: 0.8328 - loss: 0.3852
[1m 53/133[0m [32m━━━━━━━[0m[37m━━━━━━━━━━━━━[0m [1m23s[0m 290ms/step - auc: 0.9355 - binary_accuracy: 0.8333 - loss: 0.3847
[1m 54/133[0m [32m━━━━━━━━[0m[37m━━━━━━━━━━━━[0m [1m22s[0m 290ms/step - auc: 0.9356 - binary_accuracy: 0.8337 - loss: 0.3844
[1m 55/133[0m [32m━━━━━━━━[0m[37m━━━━━━━━━━━━[0m [1m22s[0m 290ms/step - auc: 0.9356 - binary_accuracy: 0.8341 - loss: 0.3841
[1m 56/133[0m [32m━━━━━━━━[0m[37m━━━━━━━━━━━━[0m [1m22s[0m 290ms/step - auc: 0.9356 - binary_accuracy: 0.8345 - loss: 0.3838
[1m 57/133[0m [32m━━━━━━━━[0m[37m━━━━━━━━━━━━[0m [1m22s[0m 290ms/step - auc: 0.9356 - binary_accuracy: 0.8348 - loss: 0.3835
[1m 58/133[0m [32m━━━━━━━━[0m[37m━━━━━━━━━━━━[0m [1m21s[0m 290ms/step - auc: 0.9356 - binary_accuracy: 0.8352 - loss: 0.3831
[1m 59/133[0m [32m━━━━━━━━[0m[37m━━━━━━━━━━━━[0m [1m21s[0m 290ms/step - auc: 0.9356 - binary_accuracy: 0.8356 - loss: 0.3828
[1m 60/133[0m [32m━━━━━━━━━[0m[37m━━━━━━━━━━━[0m [1m21s[0m 290ms/step - auc: 0.9356 - binary_accuracy: 0.8359 - loss: 0.3826
[1m 61/133[0m [32m━━━━━━━━━[0m[37m━━━━━━━━━━━[0m [1m20s[0m 290ms/step - auc: 0.9356 - binary_accuracy: 0.8362 - loss: 0.3823
[1m 62/133[0m [32m━━━━━━━━━[0m[37m━━━━━━━━━━━[0m [1m20s[0m 290ms/step - auc: 0.9356 - binary_accuracy: 0.8365 - loss: 0.3820
[1m 63/133[0m [32m━━━━━━━━━[0m[37m━━━━━━━━━━━[0m [1m20s[0m 290ms/step - auc: 0.9356 - binary_accuracy: 0.8367 - loss: 0.3818
[1m 64/133[0m [32m━━━━━━━━━[0m[37m━━━━━━━━━━━[0m [1m20s[0m 290ms/step - auc: 0.9356 - binary_accuracy: 0.8369 - loss: 0.3816
[1m 65/133[0m [32m━━━━━━━━━[0m[37m━━━━━━━━━━━[0m [1m19s[0m 290ms/step - auc: 0.9356 - binary_accuracy: 0.8371 - loss: 0.3813
[1m 66/133[0m [32m━━━━━━━━━[0m[37m━━━━━━━━━━━[0m [1m19s[0m 290ms/step - auc: 0.9356 - binary_accuracy: 0.8374 - loss: 0.3810
[1m 67/133[0m [32m━━━━━━━━━━[0m[37m━━━━━━━━━━[0m [1m19s[0m 290ms/step - auc: 0.9357 - binary_accuracy: 0.8376 - loss: 0.3807
[1m 68/133[0m [32m━━━━━━━━━━[0m[37m━━━━━━━━━━[0m [1m18s[0m 291ms/step - auc: 0.9357 - binary_accuracy: 0.8378 - loss: 0.3805
[1m 69/133[0m [32m━━━━━━━━━━[0m[37m━━━━━━━━━━[0m [1m18s[0m 291ms/step - auc: 0.9357 - binary_accuracy: 0.8381 - loss: 0.3803
[1m 70/133[0m [32m━━━━━━━━━━[0m[37m━━━━━━━━━━[0m [1m18s[0m 291ms/step - auc: 0.9357 - binary_accuracy: 0.8384 - loss: 0.3801
[1m 71/133[0m [32m━━━━━━━━━━[0m[37m━━━━━━━━━━[0m [1m18s[0m 291ms/step - auc: 0.9357 - binary_accuracy: 0.8387 - loss: 0.3798
[1m 72/133[0m [32m━━━━━━━━━━[0m[37m━━━━━━━━━━[0m [1m17s[0m 291ms/step - auc: 0.9357 - binary_accuracy: 0.8390 - loss: 0.3795
[1m 73/133[0m [32m━━━━━━━━━━[0m[37m━━━━━━━━━━[0m [1m17s[0m 291ms/step - auc: 0.9357 - binary_accuracy: 0.8393 - loss: 0.3794
[1m 74/133[0m [32m━━━━━━━━━━━[0m[37m━━━━━━━━━[0m [1m17s[0m 291ms/step - auc: 0.9356 - binary_accuracy: 0.8396 - loss: 0.3792
[1m 75/133[0m [32m━━━━━━━━━━━[0m[37m━━━━━━━━━[0m [1m16s[0m 291ms/step - auc: 0.9356 - binary_accuracy: 0.8399 - loss: 0.3790
[1m 76/133[0m [32m━━━━━━━━━━━[0m[37m━━━━━━━━━[0m [1m16s[0m 290ms/step - auc: 0.9356 - binary_accuracy: 0.8402 - loss: 0.3788
[1m 77/133[0m [32m━━━━━━━━━━━[0m[37m━━━━━━━━━[0m [1m16s[0m 290ms/step - auc: 0.9356 - binary_accuracy: 0.8405 - loss: 0.3786
[1m 78/133[0m [32m━━━━━━━━━━━[0m[37m━━━━━━━━━[0m [1m15s[0m 290ms/step - auc: 0.9355 - binary_accuracy: 0.8407 - loss: 0.3785
[1m 79/133[0m [32m━━━━━━━━━━━[0m[37m━━━━━━━━━[0m [1m15s[0m 290ms/step - auc: 0.9355 - binary_accuracy: 0.8409 - loss: 0.3783
[1m 80/133[0m [32m━━━━━━━━━━━━[0m[37m━━━━━━━━[0m [1m15s[0m 290ms/step - auc: 0.9355 - binary_accuracy: 0.8412 - loss: 0.3781
[1m 81/133[0m [32m━━━━━━━━━━━━[0m[37m━━━━━━━━[0m [1m15s[0m 290ms/step - auc: 0.9354 - binary_accuracy: 0.8414 - loss: 0.3780
[1m 82/133[0m [32m━━━━━━━━━━━━[0m[37m━━━━━━━━[0m [1m14s[0m 290ms/step - auc: 0.9354 - binary_accuracy: 0.8415 - loss: 0.3779
[1m 83/133[0m [32m━━━━━━━━━━━━[0m[37m━━━━━━━━[0m [1m14s[0m 290ms/step - auc: 0.9353 - binary_accuracy: 0.8417 - loss: 0.3778
[1m 84/133[0m [32m━━━━━━━━━━━━[0m[37m━━━━━━━━[0m [1m14s[0m 290ms/step - auc: 0.9353 - binary_accuracy: 0.8419 - loss: 0.3778
[1m 85/133[0m [32m━━━━━━━━━━━━[0m[37m━━━━━━━━[0m [1m13s[0m 290ms/step - auc: 0.9352 - binary_accuracy: 0.8420 - loss: 0.3778
[1m 86/133[0m [32m━━━━━━━━━━━━[0m[37m━━━━━━━━[0m [1m13s[0m 290ms/step - auc: 0.9352 - binary_accuracy: 0.8422 - loss: 0.3778
[1m 87/133[0m [32m━━━━━━━━━━━━━[0m[37m━━━━━━━[0m [1m13s[0m 290ms/step - auc: 0.9351 - binary_accuracy: 0.8423 - loss: 0.3777
[1m 88/133[0m [32m━━━━━━━━━━━━━[0m[37m━━━━━━━[0m [1m13s[0m 290ms/step - auc: 0.9351 - binary_accuracy: 0.8425 - loss: 0.3777
[1m 89/133[0m [32m━━━━━━━━━━━━━[0m[37m━━━━━━━[0m [1m12s[0m 290ms/step - auc: 0.9350 - binary_accuracy: 0.8426 - loss: 0.3777
[1m 90/133[0m [32m━━━━━━━━━━━━━[0m[37m━━━━━━━[0m [1m12s[0m 290ms/step - auc: 0.9349 - binary_accuracy: 0.8427 - loss: 0.3777
[1m 91/133[0m [32m━━━━━━━━━━━━━[0m[37m━━━━━━━[0m [1m12s[0m 290ms/step - auc: 0.9349 - binary_accuracy: 0.8429 - loss: 0.3777
[1m 92/133[0m [32m━━━━━━━━━━━━━[0m[37m━━━━━━━[0m [1m11s[0m 290ms/step - auc: 0.9348 - binary_accuracy: 0.8430 - loss: 0.3776
[1m 93/133[0m [32m━━━━━━━━━━━━━[0m[37m━━━━━━━[0m [1m11s[0m 290ms/step - auc: 0.9348 - binary_accuracy: 0.8431 - loss: 0.3776
[1m 94/133[0m [32m━━━━━━━━━━━━━━[0m[37m━━━━━━[0m [1m11s[0m 290ms/step - auc: 0.9348 - binary_accuracy: 0.8433 - loss: 0.3776
[1m 95/133[0m [32m━━━━━━━━━━━━━━[0m[37m━━━━━━[0m [1m11s[0m 290ms/step - auc: 0.9347 - binary_accuracy: 0.8434 - loss: 0.3775
[1m 96/133[0m [32m━━━━━━━━━━━━━━[0m[37m━━━━━━[0m [1m10s[0m 290ms/step - auc: 0.9347 - binary_accuracy: 0.8436 - loss: 0.3775
[1m 97/133[0m [32m━━━━━━━━━━━━━━[0m[37m━━━━━━[0m [1m10s[0m 290ms/step - auc: 0.9347 - binary_accuracy: 0.8437 - loss: 0.3774
[1m 98/133[0m [32m━━━━━━━━━━━━━━[0m[37m━━━━━━[0m [1m10s[0m 290ms/step - auc: 0.9346 - binary_accuracy: 0.8439 - loss: 0.3774
[1m 99/133[0m [32m━━━━━━━━━━━━━━[0m[37m━━━━━━[0m [1m9s[0m 290ms/step - auc: 0.9346 - binary_accuracy: 0.8440 - loss: 0.3774 
[1m100/133[0m [32m━━━━━━━━━━━━━━━[0m[37m━━━━━[0m [1m9s[0m 290ms/step - auc: 0.9346 - binary_accuracy: 0.8441 - loss: 0.3773
[1m101/133[0m [32m━━━━━━━━━━━━━━━[0m[37m━━━━━[0m [1m9s[0m 289ms/step - auc: 0.9346 - binary_accuracy: 0.8443 - loss: 0.3773
[1m102/133[0m [32m━━━━━━━━━━━━━━━[0m[37m━━━━━[0m [1m8s[0m 290ms/step - auc: 0.9346 - binary_accuracy: 0.8444 - loss: 0.3772
[1m103/133[0m [32m━━━━━━━━━━━━━━━[0m[37m━━━━━[0m [1m8s[0m 289ms/step - auc: 0.9345 - binary_accuracy: 0.8445 - loss: 0.3771
[1m104/133[0m [32m━━━━━━━━━━━━━━━[0m[37m━━━━━[0m [1m8s[0m 289ms/step - auc: 0.9345 - binary_accuracy: 0.8447 - loss: 0.3771
[1m105/133[0m [32m━━━━━━━━━━━━━━━[0m[37m━━━━━[0m [1m8s[0m 289ms/step - auc: 0.9345 - binary_accuracy: 0.8448 - loss: 0.3770
[1m106/133[0m [32m━━━━━━━━━━━━━━━[0m[37m━━━━━[0m [1m7s[0m 289ms/step - auc: 0.9345 - binary_accuracy: 0.8450 - loss: 0.3770
[1m107/133[0m [32m━━━━━━━━━━━━━━━━[0m[37m━━━━[0m [1m7s[0m 289ms/step - auc: 0.9345 - binary_accuracy: 0.8451 - loss: 0.3769
[1m108/133[0m [32m━━━━━━━━━━━━━━━━[0m[37m━━━━[0m [1m7s[0m 289ms/step - auc: 0.9345 - binary_accuracy: 0.8452 - loss: 0.3768
[1m109/133[0m [32m━━━━━━━━━━━━━━━━[0m[37m━━━━[0m [1m6s[0m 289ms/step - auc: 0.9345 - binary_accuracy: 0.8454 - loss: 0.3768
[1m110/133[0m [32m━━━━━━━━━━━━━━━━[0m[37m━━━━[0m [1m6s[0m 289ms/step - auc: 0.9345 - binary_accuracy: 0.8455 - loss: 0.3767
[1m111/133[0m [32m━━━━━━━━━━━━━━━━[0m[37m━━━━[0m [1m6s[0m 289ms/step - auc: 0.9345 - binary_accuracy: 0.8456 - loss: 0.3766
[1m112/133[0m [32m━━━━━━━━━━━━━━━━[0m[37m━━━━[0m [1m6s[0m 289ms/step - auc: 0.9345 - binary_accuracy: 0.8457 - loss: 0.3766
[1m113/133[0m [32m━━━━━━━━━━━━━━━━[0m[37m━━━━[0m [1m5s[0m 289ms/step - auc: 0.9345 - binary_accuracy: 0.8458 - loss: 0.3765
[1m114/133[0m [32m━━━━━━━━━━━━━━━━━[0m[37m━━━[0m [1m5s[0m 289ms/step - auc: 0.9345 - binary_accuracy: 0.8459 - loss: 0.3765
[1m115/133[0m [32m━━━━━━━━━━━━━━━━━[0m[37m━━━[0m [1m5s[0m 289ms/step - auc: 0.9346 - binary_accuracy: 0.8460 - loss: 0.3764
[1m116/133[0m [32m━━━━━━━━━━━━━━━━━[0m[37m━━━[0m [1m4s[0m 289ms/step - auc: 0.9346 - binary_accuracy: 0.8462 - loss: 0.3763
[1m117/133[0m [32m━━━━━━━━━━━━━━━━━[0m[37m━━━[0m [1m4s[0m 289ms/step - auc: 0.9346 - binary_accuracy: 0.8463 - loss: 0.3762
[1m118/133[0m [32m━━━━━━━━━━━━━━━━━[0m[37m━━━[0m [1m4s[0m 289ms/step - auc: 0.9346 - binary_accuracy: 0.8464 - loss: 0.3761
[1m119/133[0m [32m━━━━━━━━━━━━━━━━━[0m[37m━━━[0m [1m4s[0m 289ms/step - auc: 0.9346 - binary_accuracy: 0.8465 - loss: 0.3761
[1m120/133[0m [32m━━━━━━━━━━━━━━━━━━[0m[37m━━[0m [1m3s[0m 289ms/step - auc: 0.9347 - binary_accuracy: 0.8466 - loss: 0.3760
[1m121/133[0m [32m━━━━━━━━━━━━━━━━━━[0m[37m━━[0m [1m3s[0m 289ms/step - auc: 0.9347 - binary_accuracy: 0.8467 - loss: 0.3759
[1m122/133[0m [32m━━━━━━━━━━━━━━━━━━[0m[37m━━[0m [1m3s[0m 289ms/step - auc: 0.9347 - binary_accuracy: 0.8468 - loss: 0.3758
[1m123/133[0m [32m━━━━━━━━━━━━━━━━━━[0m[37m━━[0m [1m2s[0m 289ms/step - auc: 0.9347 - binary_accuracy: 0.8469 - loss: 0.3758
[1m124/133[0m [32m━━━━━━━━━━━━━━━━━━[0m[37m━━[0m [1m2s[0m 289ms/step - auc: 0.9348 - binary_accuracy: 0.8470 - loss: 0.3757
[1m125/133[0m [32m━━━━━━━━━━━━━━━━━━[0m[37m━━[0m [1m2s[0m 289ms/step - auc: 0.9348 - binary_accuracy: 0.8471 - loss: 0.3756
[1m126/133[0m [32m━━━━━━━━━━━━━━━━━━[0m[37m━━[0m [1m2s[0m 289ms/step - auc: 0.9348 - binary_accuracy: 0.8472 - loss: 0.3755
[1m127/133[0m [32m━━━━━━━━━━━━━━━━━━━[0m[37m━[0m [1m1s[0m 289ms/step - auc: 0.9348 - binary_accuracy: 0.8473 - loss: 0.3754
[1m128/133[0m [32m━━━━━━━━━━━━━━━━━━━[0m[37m━[0m [1m1s[0m 289ms/step - auc: 0.9348 - binary_accuracy: 0.8474 - loss: 0.3754
[1m129/133[0m [32m━━━━━━━━━━━━━━━━━━━[0m[37m━[0m [1m1s[0m 289ms/step - auc: 0.9348 - binary_accuracy: 0.8475 - loss: 0.3753
[1m130/133[0m [32m━━━━━━━━━━━━━━━━━━━[0m[37m━[0m [1m0s[0m 289ms/step - auc: 0.9349 - binary_accuracy: 0.8476 - loss: 0.3753
[1m131/133[0m [32m━━━━━━━━━━━━━━━━━━━[0m[37m━[0m [1m0s[0m 289ms/step - auc: 0.9349 - binary_accuracy: 0.8477 - loss: 0.3752
[1m132/133[0m [32m━━━━━━━━━━━━━━━━━━━[0m[37m━[0m [1m0s[0m 289ms/step - auc: 0.9349 - binary_accuracy: 0.8477 - loss: 0.3752
[1m133/133[0m [32m━━━━━━━━━━━━━━━━━━━━[0m[37m[0m [1m0s[0m 288ms/step - auc: 0.9349 - binary_accuracy: 0.8478 - loss: 0.3751transfer final: epoch 2/8 done in 38.6s loss=0.3690 auc=0.9355

[1m133/133[0m [32m━━━━━━━━━━━━━━━━━━━━[0m[37m[0m [1m39s[0m 288ms/step - auc: 0.9355 - binary_accuracy: 0.8582 - loss: 0.3690
transfer final: epoch 3/8 start
Epoch 3/5

[1m  1/133[0m [37m━━━━━━━━━━━━━━━━━━━━[0m [1m1:05[0m 496ms/step - auc: 0.9821 - binary_accuracy: 0.9375 - loss: 0.3595
[1m  2/133[0m [37m━━━━━━━━━━━━━━━━━━━━[0m [1m36s[0m 278ms/step - auc: 0.9826 - binary_accuracy: 0.9453 - loss: 0.3082 
[1m  3/133[0m [37m━━━━━━━━━━━━━━━━━━━━[0m [1m37s[0m 290ms/step - auc: 0.9846 - binary_accuracy: 0.9531 - loss: 0.2870
[1m  4/133[0m [37m━━━━━━━━━━━━━━━━━━━━[0m [1m37s[0m 293ms/step - auc: 0.9825 - binary_accuracy: 0.9512 - loss: 0.2999
[1m  5/133[0m [37m━━━━━━━━━━━━━━━━━━━━[0m [1m37s[0m 295ms/step - auc: 0.9802 - binary_accuracy: 0.9472 - loss: 0.3063
[1m  6/133[0m [37m━━━━━━━━━━━━━━━━━━━━[0m [1m36s[0m 291ms/step - auc: 0.9767 - binary_accuracy: 0.9404 - loss: 0.3140
[1m  7/133[0m [32m━[0m[37m━━━━━━━━━━━━━━━━━━━[0m [1m36s[0m 289ms/step - auc: 0.9737 - binary_accuracy: 0.9317 - loss: 0.3202
[1m  8/133[0m [32m━[0m[37m━━━━━━━━━━━━━━━━━━━[0m [1m35s[0m 287ms/step - auc: 0.9719 - binary_accuracy: 0.9241 - loss: 0.3250
[1m  9/133[0m [32m━[0m[37m━━━━━━━━━━━━━━━━━━━[0m [1m35s[0m 288ms/step - auc: 0.9708 - binary_accuracy: 0.9186 - loss: 0.3278
[1m 10/133[0m [32m━[0m[37m━━━━━━━━━━━━━━━━━━━[0m [1m35s[0m 287ms/step - auc: 0.9697 - binary_accuracy: 0.9140 - loss: 0.3301
[1m 11/133[0m [32m━[0m[37m━━━━━━━━━━━━━━━━━━━[0m [1m34s[0m 287ms/step - auc: 0.9692 - binary_accuracy: 0.9102 - loss: 0.3307
[1m 12/133[0m [32m━[0m[37m━━━━━━━━━━━━━━━━━━━[0m [1m34s[0m 286ms/step - auc: 0.9689 - binary_accuracy: 0.9077 - loss: 0.3305
[1m 13/133[0m [32m━[0m[37m━━━━━━━━━━━━━━━━━━━[0m [1m34s[0m 286ms/step - auc: 0.9682 - binary_accuracy: 0.9055 - loss: 0.3322
[1m 14/133[0m [32m━━[0m[37m━━━━━━━━━━━━━━━━━━[0m [1m34s[0m 286ms/step - auc: 0.9674 - binary_accuracy: 0.9037 - loss: 0.3338
[1m 15/133[0m [32m━━[0m[37m━━━━━━━━━━━━━━━━━━[0m [1m33s[0m 286ms/step - auc: 0.9669 - binary_accuracy: 0.9022 - loss: 0.3346
[1m 16/133[0m [32m━━[0m[37m━━━━━━━━━━━━━━━━━━[0m [1m33s[0m 286ms/step - auc: 0.9666 - binary_accuracy: 0.9011 - loss: 0.3351
[1m 17/133[0m [32m━━[0m[37m━━━━━━━━━━━━━━━━━━[0m [1m33s[0m 287ms/step - auc: 0.9659 - binary_accuracy: 0.9002 - loss: 0.3360
[1m 18/133[0m [32m━━[0m[37m━━━━━━━━━━━━━━━━━━[0m [1m32s[0m 286ms/step - auc: 0.9654 - binary_accuracy: 0.8994 - loss: 0.3369
[1m 19/133[0m [32m━━[0m[37m━━━━━━━━━━━━━━━━━━[0m [1m32s[0m 287ms/step - auc: 0.9649 - binary_accuracy: 0.8986 - loss: 0.3372
[1m 20/133[0m [32m━━━[0m[37m━━━━━━━━━━━━━━━━━[0m [1m32s[0m 287ms/step - auc: 0.9644 - binary_accuracy: 0.8981 - loss: 0.3374
[1m 21/133[0m [32m━━━[0m[37m━━━━━━━━━━━━━━━━━[0m [1m32s[0m 287ms/step - auc: 0.9639 - binary_accuracy: 0.8975 - loss: 0.3380
[1m 22/133[0m [32m━━━[0m[37m━━━━━━━━━━━━━━━━━[0m [1m31s[0m 287ms/step - auc: 0.9634 - binary_accuracy: 0.8968 - loss: 0.3384
[1m 23/133[0m [32m━━━[0m[37m━━━━━━━━━━━━━━━━━[0m [1m31s[0m 288ms/step - auc: 0.9629 - binary_accuracy: 0.8962 - loss: 0.3386
[1m 24/133[0m [32m━━━[0m[37m━━━━━━━━━━━━━━━━━[0m [1m31s[0m 289ms/step - auc: 0.9625 - binary_accuracy: 0.8958 - loss: 0.3385
[1m 25/133[0m [32m━━━[0m[37m━━━━━━━━━━━━━━━━━[0m [1m31s[0m 289ms/step - auc: 0.9622 - binary_accuracy: 0.8953 - loss: 0.3384
[1m 26/133[0m [32m━━━[0m[37m━━━━━━━━━━━━━━━━━[0m [1m30s[0m 289ms/step - auc: 0.9620 - binary_accuracy: 0.8949 - loss: 0.3382
[1m 27/133[0m [32m━━━━[0m[37m━━━━━━━━━━━━━━━━[0m [1m30s[0m 289ms/step - auc: 0.9618 - binary_accuracy: 0.8944 - loss: 0.3381
[1m 28/133[0m [32m━━━━[0m[37m━━━━━━━━━━━━━━━━[0m [1m30s[0m 289ms/step - auc: 0.9616 - binary_accuracy: 0.8941 - loss: 0.3378
[1m 29/133[0m [32m━━━━[0m[37m━━━━━━━━━━━━━━━━[0m [1m30s[0m 289ms/step - auc: 0.9614 - binary_accuracy: 0.8937 - loss: 0.3376
[1m 30/133[0m [32m━━━━[0m[37m━━━━━━━━━━━━━━━━[0m [1m29s[0m 289ms/step - auc: 0.9613 - binary_accuracy: 0.8935 - loss: 0.3373
[1m 31/133[0m [32m━━━━[0m[37m━━━━━━━━━━━━━━━━[0m [1m29s[0m 289ms/step - auc: 0.9613 - binary_accuracy: 0.8933 - loss: 0.3369
[1m 32/133[0m [32m━━━━[0m[37m━━━━━━━━━━━━━━━━[0m [1m29s[0m 289ms/step - auc: 0.9613 - binary_accuracy: 0.8932 - loss: 0.3363
[1m 33/133[0m [32m━━━━[0m[37m━━━━━━━━━━━━━━━━[0m [1m28s[0m 289ms/step - auc: 0.9613 - binary_accuracy: 0.8931 - loss: 0.3357
[1m 34/133[0m [32m━━━━━[0m[37m━━━━━━━━━━━━━━━[0m [1m28s[0m 289ms/step - auc: 0.9614 - binary_accuracy: 0.8931 - loss: 0.3350
[1m 35/133[0m [32m━━━━━[0m[37m━━━━━━━━━━━━━━━[0m [1m28s[0m 289ms/step - auc: 0.9614 - binary_accuracy: 0.8931 - loss: 0.3345
[1m 36/133[0m [32m━━━━━[0m[37m━━━━━━━━━━━━━━━[0m [1m27s[0m 288ms/step - auc: 0.9614 - binary_accuracy: 0.8931 - loss: 0.3340
[1m 37/133[0m [32m━━━━━[0m[37m━━━━━━━━━━━━━━━[0m [1m27s[0m 288ms/step - auc: 0.9614 - binary_accuracy: 0.8931 - loss: 0.3335
[1m 38/133[0m [32m━━━━━[0m[37m━━━━━━━━━━━━━━━[0m [1m27s[0m 288ms/step - auc: 0.9614 - binary_accuracy: 0.8931 - loss: 0.3330
[1m 39/133[0m [32m━━━━━[0m[37m━━━━━━━━━━━━━━━[0m [1m27s[0m 288ms/step - auc: 0.9614 - binary_accuracy: 0.8931 - loss: 0.3324
[1m 40/133[0m [32m━━━━━━[0m[37m━━━━━━━━━━━━━━[0m [1m26s[0m 288ms/step - auc: 0.9614 - binary_accuracy: 0.8930 - loss: 0.3320
[1m 41/133[0m [32m━━━━━━[0m[37m━━━━━━━━━━━━━━[0m [1m26s[0m 288ms/step - auc: 0.9614 - binary_accuracy: 0.8929 - loss: 0.3315
[1m 42/133[0m [32m━━━━━━[0m[37m━━━━━━━━━━━━━━[0m [1m26s[0m 288ms/step - auc: 0.9614 - binary_accuracy: 0.8929 - loss: 0.3310
[1m 43/133[0m [32m━━━━━━[0m[37m━━━━━━━━━━━━━━[0m [1m25s[0m 288ms/step - auc: 0.9614 - binary_accuracy: 0.8928 - loss: 0.3305
[1m 44/133[0m [32m━━━━━━[0m[37m━━━━━━━━━━━━━━[0m [1m25s[0m 288ms/step - auc: 0.9615 - binary_accuracy: 0.8928 - loss: 0.3298
[1m 45/133[0m [32m━━━━━━[0m[37m━━━━━━━━━━━━━━[0m [1m25s[0m 288ms/step - auc: 0.9615 - binary_accuracy: 0.8929 - loss: 0.3292
[1m 46/133[0m [32m━━━━━━[0m[37m━━━━━━━━━━━━━━[0m [1m25s[0m 288ms/step - auc: 0.9615 - binary_accuracy: 0.8929 - loss: 0.3286
[1m 47/133[0m [32m━━━━━━━[0m[37m━━━━━━━━━━━━━[0m [1m24s[0m 288ms/step - auc: 0.9614 - binary_accuracy: 0.8929 - loss: 0.3284
[1m 48/133[0m [32m━━━━━━━[0m[37m━━━━━━━━━━━━━[0m [1m24s[0m 288ms/step - auc: 0.9614 - binary_accuracy: 0.8930 - loss: 0.3281
[1m 49/133[0m [32m━━━━━━━[0m[37m━━━━━━━━━━━━━[0m [1m24s[0m 288ms/step - auc: 0.9613 - binary_accuracy: 0.8930 - loss: 0.3279
[1m 50/133[0m [32m━━━━━━━[0m[37m━━━━━━━━━━━━━[0m [1m23s[0m 288ms/step - auc: 0.9612 - binary_accuracy: 0.8929 - loss: 0.3278
[1m 51/133[0m [32m━━━━━━━[0m[37m━━━━━━━━━━━━━[0m [1m23s[0m 288ms/step - auc: 0.9610 - binary_accuracy: 0.8928 - loss: 0.3277
[1m 52/133[0m [32m━━━━━━━[0m[37m━━━━━━━━━━━━━[0m [1m23s[0m 288ms/step - auc: 0.9609 - binary_accuracy: 0.8926 - loss: 0.3277
[1m 53/133[0m [32m━━━━━━━[0m[37m━━━━━━━━━━━━━[0m [1m23s[0m 288ms/step - auc: 0.9607 - binary_accuracy: 0.8924 - loss: 0.3276
[1m 54/133[0m [32m━━━━━━━━[0m[37m━━━━━━━━━━━━[0m [1m22s[0m 288ms/step - auc: 0.9606 - binary_accuracy: 0.8922 - loss: 0.3277
[1m 55/133[0m [32m━━━━━━━━[0m[37m━━━━━━━━━━━━[0m [1m22s[0m 288ms/step - auc: 0.9604 - binary_accuracy: 0.8920 - loss: 0.3278
[1m 56/133[0m [32m━━━━━━━━[0m[37m━━━━━━━━━━━━[0m [1m22s[0m 288ms/step - auc: 0.9602 - binary_accuracy: 0.8918 - loss: 0.3279
[1m 57/133[0m [32m━━━━━━━━[0m[37m━━━━━━━━━━━━[0m [1m21s[0m 288ms/step - auc: 0.9600 - binary_accuracy: 0.8917 - loss: 0.3280
[1m 58/133[0m [32m━━━━━━━━[0m[37m━━━━━━━━━━━━[0m [1m21s[0m 288ms/step - auc: 0.9599 - binary_accuracy: 0.8915 - loss: 0.3280
[1m 59/133[0m [32m━━━━━━━━[0m[37m━━━━━━━━━━━━[0m [1m21s[0m 288ms/step - auc: 0.9598 - binary_accuracy: 0.8914 - loss: 0.3281
[1m 60/133[0m [32m━━━━━━━━━[0m[37m━━━━━━━━━━━[0m [1m21s[0m 288ms/step - auc: 0.9596 - binary_accuracy: 0.8912 - loss: 0.3283
[1m 61/133[0m [32m━━━━━━━━━[0m[37m━━━━━━━━━━━[0m [1m20s[0m 288ms/step - auc: 0.9594 - binary_accuracy: 0.8910 - loss: 0.3284
[1m 62/133[0m [32m━━━━━━━━━[0m[37m━━━━━━━━━━━[0m [1m20s[0m 288ms/step - auc: 0.9593 - binary_accuracy: 0.8908 - loss: 0.3286
[1m 63/133[0m [32m━━━━━━━━━[0m[37m━━━━━━━━━━━[0m [1m20s[0m 288ms/step - auc: 0.9591 - binary_accuracy: 0.8906 - loss: 0.3287
[1m 64/133[0m [32m━━━━━━━━━[0m[37m━━━━━━━━━━━[0m [1m19s[0m 288ms/step - auc: 0.9589 - binary_accuracy: 0.8903 - loss: 0.3288
[1m 65/133[0m [32m━━━━━━━━━[0m[37m━━━━━━━━━━━[0m [1m19s[0m 288ms/step - auc: 0.9588 - binary_accuracy: 0.8901 - loss: 0.3289
[1m 66/133[0m [32m━━━━━━━━━[0m[37m━━━━━━━━━━━[0m [1m19s[0m 288ms/step - auc: 0.9586 - binary_accuracy: 0.8898 - loss: 0.3290
[1m 67/133[0m [32m━━━━━━━━━━[0m[37m━━━━━━━━━━[0m [1m18s[0m 288ms/step - auc: 0.9585 - binary_accuracy: 0.8896 - loss: 0.3291
[1m 68/133[0m [32m━━━━━━━━━━[0m[37m━━━━━━━━━━[0m [1m18s[0m 288ms/step - auc: 0.9583 - binary_accuracy: 0.8894 - loss: 0.3292
[1m 69/133[0m [32m━━━━━━━━━━[0m[37m━━━━━━━━━━[0m [1m18s[0m 288ms/step - auc: 0.9582 - binary_accuracy: 0.8893 - loss: 0.3293
[1m 70/133[0m [32m━━━━━━━━━━[0m[37m━━━━━━━━━━[0m [1m18s[0m 288ms/step - auc: 0.9581 - binary_accuracy: 0.8891 - loss: 0.3294
[1m 71/133[0m [32m━━━━━━━━━━[0m[37m━━━━━━━━━━[0m [1m17s[0m 288ms/step - auc: 0.9579 - binary_accuracy: 0.8890 - loss: 0.3294
[1m 72/133[0m [32m━━━━━━━━━━[0m[37m━━━━━━━━━━[0m [1m17s[0m 288ms/step - auc: 0.9578 - binary_accuracy: 0.8889 - loss: 0.3295
[1m 73/133[0m [32m━━━━━━━━━━[0m[37m━━━━━━━━━━[0m [1m17s[0m 288ms/step - auc: 0.9577 - binary_accuracy: 0.8888 - loss: 0.3296
[1m 74/133[0m [32m━━━━━━━━━━━[0m[37m━━━━━━━━━[0m [1m16s[0m 288ms/step - auc: 0.9575 - binary_accuracy: 0.8887 - loss: 0.3297
[1m 75/133[0m [32m━━━━━━━━━━━[0m[37m━━━━━━━━━[0m [1m16s[0m 288ms/step - auc: 0.9574 - binary_accuracy: 0.8885 - loss: 0.3297
[1m 76/133[0m [32m━━━━━━━━━━━[0m[37m━━━━━━━━━[0m [1m16s[0m 288ms/step - auc: 0.9573 - binary_accuracy: 0.8884 - loss: 0.3298
[1m 77/133[0m [32m━━━━━━━━━━━[0m[37m━━━━━━━━━[0m [1m16s[0m 288ms/step - auc: 0.9571 - binary_accuracy: 0.8883 - loss: 0.3299
[1m 78/133[0m [32m━━━━━━━━━━━[0m[37m━━━━━━━━━[0m [1m15s[0m 288ms/step - auc: 0.9569 - binary_accuracy: 0.8881 - loss: 0.3301
[1m 79/133[0m [32m━━━━━━━━━━━[0m[37m━━━━━━━━━[0m [1m15s[0m 288ms/step - auc: 0.9568 - binary_accuracy: 0.8879 - loss: 0.3302
[1m 80/133[0m [32m━━━━━━━━━━━━[0m[37m━━━━━━━━[0m [1m15s[0m 288ms/step - auc: 0.9566 - binary_accuracy: 0.8877 - loss: 0.3303
[1m 81/133[0m [32m━━━━━━━━━━━━[0m[37m━━━━━━━━[0m [1m14s[0m 288ms/step - auc: 0.9565 - binary_accuracy: 0.8876 - loss: 0.3304
[1m 82/133[0m [32m━━━━━━━━━━━━[0m[37m━━━━━━━━[0m [1m14s[0m 288ms/step - auc: 0.9563 - binary_accuracy: 0.8874 - loss: 0.3305
[1m 83/133[0m [32m━━━━━━━━━━━━[0m[37m━━━━━━━━[0m [1m14s[0m 288ms/step - auc: 0.9561 - binary_accuracy: 0.8872 - loss: 0.3309
[1m 84/133[0m [32m━━━━━━━━━━━━[0m[37m━━━━━━━━[0m [1m14s[0m 288ms/step - auc: 0.9559 - binary_accuracy: 0.8869 - loss: 0.3312
[1m 85/133[0m [32m━━━━━━━━━━━━[0m[37m━━━━━━━━[0m [1m13s[0m 288ms/step - auc: 0.9557 - binary_accuracy: 0.8868 - loss: 0.3315
[1m 86/133[0m [32m━━━━━━━━━━━━[0m[37m━━━━━━━━[0m [1m13s[0m 288ms/step - auc: 0.9555 - binary_accuracy: 0.8866 - loss: 0.3318
[1m 87/133[0m [32m━━━━━━━━━━━━━[0m[37m━━━━━━━[0m [1m13s[0m 288ms/step - auc: 0.9553 - binary_accuracy: 0.8864 - loss: 0.3320
[1m 88/133[0m [32m━━━━━━━━━━━━━[0m[37m━━━━━━━[0m [1m12s[0m 288ms/step - auc: 0.9552 - binary_accuracy: 0.8862 - loss: 0.3323
[1m 89/133[0m [32m━━━━━━━━━━━━━[0m[37m━━━━━━━[0m [1m12s[0m 288ms/step - auc: 0.9550 - binary_accuracy: 0.8860 - loss: 0.3326
[1m 90/133[0m [32m━━━━━━━━━━━━━[0m[37m━━━━━━━[0m [1m12s[0m 288ms/step - auc: 0.9548 - binary_accuracy: 0.8857 - loss: 0.3329
[1m 91/133[0m [32m━━━━━━━━━━━━━[0m[37m━━━━━━━[0m [1m12s[0m 288ms/step - auc: 0.9546 - binary_accuracy: 0.8855 - loss: 0.3332
[1m 92/133[0m [32m━━━━━━━━━━━━━[0m[37m━━━━━━━[0m [1m11s[0m 288ms/step - auc: 0.9544 - binary_accuracy: 0.8852 - loss: 0.3335
[1m 93/133[0m [32m━━━━━━━━━━━━━[0m[37m━━━━━━━[0m [1m11s[0m 288ms/step - auc: 0.9542 - binary_accuracy: 0.8850 - loss: 0.3338
[1m 94/133[0m [32m━━━━━━━━━━━━━━[0m[37m━━━━━━[0m [1m11s[0m 288ms/step - auc: 0.9540 - binary_accuracy: 0.8848 - loss: 0.3341
[1m 95/133[0m [32m━━━━━━━━━━━━━━[0m[37m━━━━━━[0m [1m10s[0m 288ms/step - auc: 0.9538 - binary_accuracy: 0.8846 - loss: 0.3344
[1m 96/133[0m [32m━━━━━━━━━━━━━━[0m[37m━━━━━━[0m [1m10s[0m 288ms/step - auc: 0.9536 - binary_accuracy: 0.8844 - loss: 0.3347
[1m 97/133[0m [32m━━━━━━━━━━━━━━[0m[37m━━━━━━[0m [1m10s[0m 288ms/step - auc: 0.9535 - binary_accuracy: 0.8842 - loss: 0.3350
[1m 98/133[0m [32m━━━━━━━━━━━━━━[0m[37m━━━━━━[0m [1m10s[0m 288ms/step - auc: 0.9533 - binary_accuracy: 0.8840 - loss: 0.3353
[1m 99/133[0m [32m━━━━━━━━━━━━━━[0m[37m━━━━━━[0m [1m9s[0m 288ms/step - auc: 0.9531 - binary_accuracy: 0.8837 - loss: 0.3356 
[1m100/133[0m [32m━━━━━━━━━━━━━━━[0m[37m━━━━━[0m [1m9s[0m 288ms/step - auc: 0.9529 - binary_accuracy: 0.8835 - loss: 0.3359
[1m101/133[0m [32m━━━━━━━━━━━━━━━[0m[37m━━━━━[0m [1m9s[0m 288ms/step - auc: 0.9528 - binary_accuracy: 0.8833 - loss: 0.3362
[1m102/133[0m [32m━━━━━━━━━━━━━━━[0m[37m━━━━━[0m [1m8s[0m 288ms/step - auc: 0.9526 - binary_accuracy: 0.8831 - loss: 0.3365
[1m103/133[0m [32m━━━━━━━━━━━━━━━[0m[37m━━━━━[0m [1m8s[0m 288ms/step - auc: 0.9524 - binary_accuracy: 0.8829 - loss: 0.3368
[1m104/133[0m [32m━━━━━━━━━━━━━━━[0m[37m━━━━━[0m [1m8s[0m 288ms/step - auc: 0.9523 - binary_accuracy: 0.8827 - loss: 0.3371
[1m105/133[0m [32m━━━━━━━━━━━━━━━[0m[37m━━━━━[0m [1m8s[0m 288ms/step - auc: 0.9521 - binary_accuracy: 0.8825 - loss: 0.3373
[1m106/133[0m [32m━━━━━━━━━━━━━━━[0m[37m━━━━━[0m [1m7s[0m 288ms/step - auc: 0.9520 - binary_accuracy: 0.8823 - loss: 0.3376
[1m107/133[0m [32m━━━━━━━━━━━━━━━━[0m[37m━━━━[0m [1m7s[0m 288ms/step - auc: 0.9519 - binary_accuracy: 0.8821 - loss: 0.3378
[1m108/133[0m [32m━━━━━━━━━━━━━━━━[0m[37m━━━━[0m [1m7s[0m 288ms/step - auc: 0.9517 - binary_accuracy: 0.8820 - loss: 0.3381
[1m109/133[0m [32m━━━━━━━━━━━━━━━━[0m[37m━━━━[0m [1m6s[0m 288ms/step - auc: 0.9516 - binary_accuracy: 0.8818 - loss: 0.3383
[1m110/133[0m [32m━━━━━━━━━━━━━━━━[0m[37m━━━━[0m [1m6s[0m 288ms/step - auc: 0.9514 - binary_accuracy: 0.8816 - loss: 0.3386
[1m111/133[0m [32m━━━━━━━━━━━━━━━━[0m[37m━━━━[0m [1m6s[0m 288ms/step - auc: 0.9513 - binary_accuracy: 0.8814 - loss: 0.3388
[1m112/133[0m [32m━━━━━━━━━━━━━━━━[0m[37m━━━━[0m [1m6s[0m 288ms/step - auc: 0.9512 - binary_accuracy: 0.8813 - loss: 0.3391
[1m113/133[0m [32m━━━━━━━━━━━━━━━━[0m[37m━━━━[0m [1m5s[0m 288ms/step - auc: 0.9511 - binary_accuracy: 0.8811 - loss: 0.3393
[1m114/133[0m [32m━━━━━━━━━━━━━━━━━[0m[37m━━━[0m [1m5s[0m 288ms/step - auc: 0.9509 - binary_accuracy: 0.8809 - loss: 0.3396
[1m115/133[0m [32m━━━━━━━━━━━━━━━━━[0m[37m━━━[0m [1m5s[0m 288ms/step - auc: 0.9508 - binary_accuracy: 0.8808 - loss: 0.3398
[1m116/133[0m [32m━━━━━━━━━━━━━━━━━[0m[37m━━━[0m [1m4s[0m 288ms/step - auc: 0.9507 - binary_accuracy: 0.8806 - loss: 0.3400
[1m117/133[0m [32m━━━━━━━━━━━━━━━━━[0m[37m━━━[0m [1m4s[0m 288ms/step - auc: 0.9506 - binary_accuracy: 0.8804 - loss: 0.3402
[1m118/133[0m [32m━━━━━━━━━━━━━━━━━[0m[37m━━━[0m [1m4s[0m 288ms/step - auc: 0.9505 - binary_accuracy: 0.8803 - loss: 0.3404
[1m119/133[0m [32m━━━━━━━━━━━━━━━━━[0m[37m━━━[0m [1m4s[0m 288ms/step - auc: 0.9504 - binary_accuracy: 0.8801 - loss: 0.3406
[1m120/133[0m [32m━━━━━━━━━━━━━━━━━━[0m[37m━━[0m [1m3s[0m 287ms/step - auc: 0.9503 - binary_accuracy: 0.8800 - loss: 0.3409
[1m121/133[0m [32m━━━━━━━━━━━━━━━━━━[0m[37m━━[0m [1m3s[0m 287ms/step - auc: 0.9502 - binary_accuracy: 0.8798 - loss: 0.3411
[1m122/133[0m [32m━━━━━━━━━━━━━━━━━━[0m[37m━━[0m [1m3s[0m 287ms/step - auc: 0.9501 - binary_accuracy: 0.8797 - loss: 0.3413
[1m123/133[0m [32m━━━━━━━━━━━━━━━━━━[0m[37m━━[0m [1m2s[0m 287ms/step - auc: 0.9500 - binary_accuracy: 0.8796 - loss: 0.3415
[1m124/133[0m [32m━━━━━━━━━━━━━━━━━━[0m[37m━━[0m [1m2s[0m 287ms/step - auc: 0.9499 - binary_accuracy: 0.8794 - loss: 0.3416
[1m125/133[0m [32m━━━━━━━━━━━━━━━━━━[0m[37m━━[0m [1m2s[0m 287ms/step - auc: 0.9498 - binary_accuracy: 0.8793 - loss: 0.3418
[1m126/133[0m [32m━━━━━━━━━━━━━━━━━━[0m[37m━━[0m [1m2s[0m 287ms/step - auc: 0.9497 - binary_accuracy: 0.8791 - loss: 0.3420
[1m127/133[0m [32m━━━━━━━━━━━━━━━━━━━[0m[37m━[0m [1m1s[0m 287ms/step - auc: 0.9496 - binary_accuracy: 0.8790 - loss: 0.3422
[1m128/133[0m [32m━━━━━━━━━━━━━━━━━━━[0m[37m━[0m [1m1s[0m 287ms/step - auc: 0.9495 - binary_accuracy: 0.8789 - loss: 0.3424
[1m129/133[0m [32m━━━━━━━━━━━━━━━━━━━[0m[37m━[0m [1m1s[0m 287ms/step - auc: 0.9494 - binary_accuracy: 0.8787 - loss: 0.3425
[1m130/133[0m [32m━━━━━━━━━━━━━━━━━━━[0m[37m━[0m [1m0s[0m 287ms/step - auc: 0.9493 - binary_accuracy: 0.8786 - loss: 0.3427
[1m131/133[0m [32m━━━━━━━━━━━━━━━━━━━[0m[37m━[0m [1m0s[0m 287ms/step - auc: 0.9492 - binary_accuracy: 0.8785 - loss: 0.3429
[1m132/133[0m [32m━━━━━━━━━━━━━━━━━━━[0m[37m━[0m [1m0s[0m 287ms/step - auc: 0.9491 - binary_accuracy: 0.8783 - loss: 0.3430
[1m133/133[0m [32m━━━━━━━━━━━━━━━━━━━━[0m[37m[0m [1m0s[0m 286ms/step - auc: 0.9490 - binary_accuracy: 0.8782 - loss: 0.3432transfer final: epoch 3/8 done in 38.3s loss=0.3640 auc=0.9376

[1m133/133[0m [32m━━━━━━━━━━━━━━━━━━━━[0m[37m[0m [1m38s[0m 286ms/step - auc: 0.9376 - binary_accuracy: 0.8610 - loss: 0.3640
transfer final: epoch 4/8 start
Epoch 4/5

[1m  1/133[0m [37m━━━━━━━━━━━━━━━━━━━━[0m [1m1:05[0m 495ms/step - auc: 1.0000 - binary_accuracy: 0.9688 - loss: 0.2253
[1m  2/133[0m [37m━━━━━━━━━━━━━━━━━━━━[0m [1m39s[0m 302ms/step - auc: 1.0000 - binary_accuracy: 0.9453 - loss: 0.2126 
[1m  3/133[0m [37m━━━━━━━━━━━━━━━━━━━━[0m [1m39s[0m 301ms/step - auc: 0.9951 - binary_accuracy: 0.9288 - loss: 0.2284
[1m  4/133[0m [37m━━━━━━━━━━━━━━━━━━━━[0m [1m37s[0m 294ms/step - auc: 0.9902 - binary_accuracy: 0.9232 - loss: 0.2464
[1m  5/133[0m [37m━━━━━━━━━━━━━━━━━━━━[0m [1m37s[0m 290ms/step - auc: 0.9859 - binary_accuracy: 0.9160 - loss: 0.2591
[1m  6/133[0m [37m━━━━━━━━━━━━━━━━━━━━[0m [1m36s[0m 289ms/step - auc: 0.9831 - binary_accuracy: 0.9101 - loss: 0.2682
[1m  7/133[0m [32m━[0m[37m━━━━━━━━━━━━━━━━━━━[0m [1m36s[0m 288ms/step - auc: 0.9812 - binary_accuracy: 0.9025 - loss: 0.2754
[1m  8/133[0m [32m━[0m[37m━━━━━━━━━━━━━━━━━━━[0m [1m35s[0m 287ms/step - auc: 0.9801 - binary_accuracy: 0.8966 - loss: 0.2815
[1m  9/133[0m [32m━[0m[37m━━━━━━━━━━━━━━━━━━━[0m [1m35s[0m 287ms/step - auc: 0.9795 - binary_accuracy: 0.8919 - loss: 0.2854
[1m 10/133[0m [32m━[0m[37m━━━━━━━━━━━━━━━━━━━[0m [1m35s[0m 286ms/step - auc: 0.9787 - binary_accuracy: 0.8865 - loss: 0.2895
[1m 11/133[0m [32m━[0m[37m━━━━━━━━━━━━━━━━━━━[0m [1m34s[0m 286ms/step - auc: 0.9782 - binary_accuracy: 0.8828 - loss: 0.2919
[1m 12/133[0m [32m━[0m[37m━━━━━━━━━━━━━━━━━━━[0m [1m34s[0m 286ms/step - auc: 0.9780 - binary_accuracy: 0.8805 - loss: 0.2933
[1m 13/133[0m [32m━[0m[37m━━━━━━━━━━━━━━━━━━━[0m [1m34s[0m 286ms/step - auc: 0.9774 - binary_accuracy: 0.8786 - loss: 0.2960
[1m 14/133[0m [32m━━[0m[37m━━━━━━━━━━━━━━━━━━[0m [1m33s[0m 285ms/step - auc: 0.9765 - binary_accuracy: 0.8765 - loss: 0.2988
[1m 15/133[0m [32m━━[0m[37m━━━━━━━━━━━━━━━━━━[0m [1m33s[0m 286ms/step - auc: 0.9760 - binary_accuracy: 0.8755 - loss: 0.3006
[1m 16/133[0m [32m━━[0m[37m━━━━━━━━━━━━━━━━━━[0m [1m33s[0m 286ms/step - auc: 0.9753 - binary_accuracy: 0.8750 - loss: 0.3026
[1m 17/133[0m [32m━━[0m[37m━━━━━━━━━━━━━━━━━━[0m [1m33s[0m 286ms/step - auc: 0.9744 - binary_accuracy: 0.8747 - loss: 0.3051
[1m 18/133[0m [32m━━[0m[37m━━━━━━━━━━━━━━━━━━[0m [1m32s[0m 286ms/step - auc: 0.9737 - binary_accuracy: 0.8748 - loss: 0.3072
[1m 19/133[0m [32m━━[0m[37m━━━━━━━━━━━━━━━━━━[0m [1m32s[0m 286ms/step - auc: 0.9731 - binary_accuracy: 0.8747 - loss: 0.3085
[1m 20/133[0m [32m━━━[0m[37m━━━━━━━━━━━━━━━━━[0m [1m32s[0m 286ms/step - auc: 0.9726 - binary_accuracy: 0.8749 - loss: 0.3095
[1m 21/133[0m [32m━━━[0m[37m━━━━━━━━━━━━━━━━━[0m [1m31s[0m 286ms/step - auc: 0.9721 - binary_accuracy: 0.8751 - loss: 0.3104
[1m 22/133[0m [32m━━━[0m[37m━━━━━━━━━━━━━━━━━[0m [1m31s[0m 286ms/step - auc: 0.9717 - binary_accuracy: 0.8753 - loss: 0.3112
[1m 23/133[0m [32m━━━[0m[37m━━━━━━━━━━━━━━━━━[0m [1m31s[0m 286ms/step - auc: 0.9712 - binary_accuracy: 0.8755 - loss: 0.3117
[1m 24/133[0m [32m━━━[0m[37m━━━━━━━━━━━━━━━━━[0m [1m31s[0m 286ms/step - auc: 0.9709 - binary_accuracy: 0.8759 - loss: 0.3119
[1m 25/133[0m [32m━━━[0m[37m━━━━━━━━━━━━━━━━━[0m [1m30s[0m 286ms/step - auc: 0.9706 - binary_accuracy: 0.8764 - loss: 0.3120
[1m 26/133[0m [32m━━━[0m[37m━━━━━━━━━━━━━━━━━[0m [1m30s[0m 286ms/step - auc: 0.9703 - binary_accuracy: 0.8768 - loss: 0.3120
[1m 27/133[0m [32m━━━━[0m[37m━━━━━━━━━━━━━━━━[0m [1m30s[0m 286ms/step - auc: 0.9701 - binary_accuracy: 0.8771 - loss: 0.3121
[1m 28/133[0m [32m━━━━[0m[37m━━━━━━━━━━━━━━━━[0m [1m30s[0m 286ms/step - auc: 0.9699 - binary_accuracy: 0.8773 - loss: 0.3121
[1m 29/133[0m [32m━━━━[0m[37m━━━━━━━━━━━━━━━━[0m [1m29s[0m 286ms/step - auc: 0.9697 - binary_accuracy: 0.8775 - loss: 0.3121
[1m 30/133[0m [32m━━━━[0m[37m━━━━━━━━━━━━━━━━[0m [1m29s[0m 286ms/step - auc: 0.9695 - binary_accuracy: 0.8776 - loss: 0.3121
[1m 31/133[0m [32m━━━━[0m[37m━━━━━━━━━━━━━━━━[0m [1m29s[0m 286ms/step - auc: 0.9694 - binary_accuracy: 0.8778 - loss: 0.3119
[1m 32/133[0m [32m━━━━[0m[37m━━━━━━━━━━━━━━━━[0m [1m28s[0m 286ms/step - auc: 0.9693 - binary_accuracy: 0.8781 - loss: 0.3116
[1m 33/133[0m [32m━━━━[0m[37m━━━━━━━━━━━━━━━━[0m [1m28s[0m 286ms/step - auc: 0.9693 - binary_accuracy: 0.8784 - loss: 0.3112
[1m 34/133[0m [32m━━━━━[0m[37m━━━━━━━━━━━━━━━[0m [1m28s[0m 286ms/step - auc: 0.9692 - binary_accuracy: 0.8788 - loss: 0.3108
[1m 35/133[0m [32m━━━━━[0m[37m━━━━━━━━━━━━━━━[0m [1m28s[0m 286ms/step - auc: 0.9692 - binary_accuracy: 0.8792 - loss: 0.3105
[1m 36/133[0m [32m━━━━━[0m[37m━━━━━━━━━━━━━━━[0m [1m27s[0m 286ms/step - auc: 0.9691 - binary_accuracy: 0.8796 - loss: 0.3102
[1m 37/133[0m [32m━━━━━[0m[37m━━━━━━━━━━━━━━━[0m [1m27s[0m 286ms/step - auc: 0.9691 - binary_accuracy: 0.8800 - loss: 0.3098
[1m 38/133[0m [32m━━━━━[0m[37m━━━━━━━━━━━━━━━[0m [1m27s[0m 286ms/step - auc: 0.9691 - binary_accuracy: 0.8803 - loss: 0.3094
[1m 39/133[0m [32m━━━━━[0m[37m━━━━━━━━━━━━━━━[0m [1m26s[0m 286ms/step - auc: 0.9691 - binary_accuracy: 0.8807 - loss: 0.3090
[1m 40/133[0m [32m━━━━━━[0m[37m━━━━━━━━━━━━━━[0m [1m26s[0m 286ms/step - auc: 0.9690 - binary_accuracy: 0.8810 - loss: 0.3088
[1m 41/133[0m [32m━━━━━━[0m[37m━━━━━━━━━━━━━━[0m [1m26s[0m 286ms/step - auc: 0.9689 - binary_accuracy: 0.8812 - loss: 0.3086
[1m 42/133[0m [32m━━━━━━[0m[37m━━━━━━━━━━━━━━[0m [1m26s[0m 286ms/step - auc: 0.9688 - binary_accuracy: 0.8814 - loss: 0.3084
[1m 43/133[0m [32m━━━━━━[0m[37m━━━━━━━━━━━━━━[0m [1m25s[0m 286ms/step - auc: 0.9688 - binary_accuracy: 0.8816 - loss: 0.3081
[1m 44/133[0m [32m━━━━━━[0m[37m━━━━━━━━━━━━━━[0m [1m25s[0m 286ms/step - auc: 0.9687 - binary_accuracy: 0.8819 - loss: 0.3077
[1m 45/133[0m [32m━━━━━━[0m[37m━━━━━━━━━━━━━━[0m [1m25s[0m 286ms/step - auc: 0.9687 - binary_accuracy: 0.8821 - loss: 0.3073
[1m 46/133[0m [32m━━━━━━[0m[37m━━━━━━━━━━━━━━[0m [1m24s[0m 286ms/step - auc: 0.9686 - binary_accuracy: 0.8824 - loss: 0.3069
[1m 47/133[0m [32m━━━━━━━[0m[37m━━━━━━━━━━━━━[0m [1m24s[0m 286ms/step - auc: 0.9685 - binary_accuracy: 0.8827 - loss: 0.3068
[1m 48/133[0m [32m━━━━━━━[0m[37m━━━━━━━━━━━━━[0m [1m24s[0m 286ms/step - auc: 0.9684 - binary_accuracy: 0.8829 - loss: 0.3066
[1m 49/133[0m [32m━━━━━━━[0m[37m━━━━━━━━━━━━━[0m [1m24s[0m 286ms/step - auc: 0.9683 - binary_accuracy: 0.8831 - loss: 0.3065
[1m 50/133[0m [32m━━━━━━━[0m[37m━━━━━━━━━━━━━[0m [1m23s[0m 286ms/step - auc: 0.9682 - binary_accuracy: 0.8832 - loss: 0.3065
[1m 51/133[0m [32m━━━━━━━[0m[37m━━━━━━━━━━━━━[0m [1m23s[0m 286ms/step - auc: 0.9681 - binary_accuracy: 0.8833 - loss: 0.3064
[1m 52/133[0m [32m━━━━━━━[0m[37m━━━━━━━━━━━━━[0m [1m23s[0m 286ms/step - auc: 0.9679 - binary_accuracy: 0.8834 - loss: 0.3064
[1m 53/133[0m [32m━━━━━━━[0m[37m━━━━━━━━━━━━━[0m [1m22s[0m 286ms/step - auc: 0.9678 - binary_accuracy: 0.8834 - loss: 0.3064
[1m 54/133[0m [32m━━━━━━━━[0m[37m━━━━━━━━━━━━[0m [1m22s[0m 286ms/step - auc: 0.9677 - binary_accuracy: 0.8834 - loss: 0.3064
[1m 55/133[0m [32m━━━━━━━━[0m[37m━━━━━━━━━━━━[0m [1m22s[0m 286ms/step - auc: 0.9675 - binary_accuracy: 0.8835 - loss: 0.3065
[1m 56/133[0m [32m━━━━━━━━[0m[37m━━━━━━━━━━━━[0m [1m22s[0m 287ms/step - auc: 0.9674 - binary_accuracy: 0.8835 - loss: 0.3065
[1m 57/133[0m [32m━━━━━━━━[0m[37m━━━━━━━━━━━━[0m [1m21s[0m 286ms/step - auc: 0.9672 - binary_accuracy: 0.8836 - loss: 0.3065
[1m 58/133[0m [32m━━━━━━━━[0m[37m━━━━━━━━━━━━[0m [1m21s[0m 286ms/step - auc: 0.9671 - binary_accuracy: 0.8837 - loss: 0.3065
[1m 59/133[0m [32m━━━━━━━━[0m[37m━━━━━━━━━━━━[0m [1m21s[0m 286ms/step - auc: 0.9670 - binary_accuracy: 0.8838 - loss: 0.3066
[1m 60/133[0m [32m━━━━━━━━━[0m[37m━━━━━━━━━━━[0m [1m20s[0m 287ms/step - auc: 0.9668 - binary_accuracy: 0.8838 - loss: 0.3067
[1m 61/133[0m [32m━━━━━━━━━[0m[37m━━━━━━━━━━━[0m [1m20s[0m 286ms/step - auc: 0.9667 - binary_accuracy: 0.8838 - loss: 0.3068
[1m 62/133[0m [32m━━━━━━━━━[0m[37m━━━━━━━━━━━[0m [1m20s[0m 287ms/step - auc: 0.9666 - binary_accuracy: 0.8838 - loss: 0.3069
[1m 63/133[0m [32m━━━━━━━━━[0m[37m━━━━━━━━━━━[0m [1m20s[0m 286ms/step - auc: 0.9664 - binary_accuracy: 0.8838 - loss: 0.3070
[1m 64/133[0m [32m━━━━━━━━━[0m[37m━━━━━━━━━━━[0m [1m19s[0m 286ms/step - auc: 0.9663 - binary_accuracy: 0.8837 - loss: 0.3071
[1m 65/133[0m [32m━━━━━━━━━[0m[37m━━━━━━━━━━━[0m [1m19s[0m 287ms/step - auc: 0.9661 - binary_accuracy: 0.8836 - loss: 0.3072
[1m 66/133[0m [32m━━━━━━━━━[0m[37m━━━━━━━━━━━[0m [1m19s[0m 287ms/step - auc: 0.9660 - binary_accuracy: 0.8836 - loss: 0.3072
[1m 67/133[0m [32m━━━━━━━━━━[0m[37m━━━━━━━━━━[0m [1m18s[0m 287ms/step - auc: 0.9659 - binary_accuracy: 0.8835 - loss: 0.3073
[1m 68/133[0m [32m━━━━━━━━━━[0m[37m━━━━━━━━━━[0m [1m18s[0m 287ms/step - auc: 0.9657 - binary_accuracy: 0.8835 - loss: 0.3074
[1m 69/133[0m [32m━━━━━━━━━━[0m[37m━━━━━━━━━━[0m [1m18s[0m 287ms/step - auc: 0.9656 - binary_accuracy: 0.8835 - loss: 0.3075
[1m 70/133[0m [32m━━━━━━━━━━[0m[37m━━━━━━━━━━[0m [1m18s[0m 287ms/step - auc: 0.9655 - binary_accuracy: 0.8835 - loss: 0.3077
[1m 71/133[0m [32m━━━━━━━━━━[0m[37m━━━━━━━━━━[0m [1m17s[0m 288ms/step - auc: 0.9653 - binary_accuracy: 0.8835 - loss: 0.3078
[1m 72/133[0m [32m━━━━━━━━━━[0m[37m━━━━━━━━━━[0m [1m17s[0m 288ms/step - auc: 0.9652 - binary_accuracy: 0.8836 - loss: 0.3079
[1m 73/133[0m [32m━━━━━━━━━━[0m[37m━━━━━━━━━━[0m [1m17s[0m 288ms/step - auc: 0.9651 - binary_accuracy: 0.8836 - loss: 0.3080
[1m 74/133[0m [32m━━━━━━━━━━━[0m[37m━━━━━━━━━[0m [1m16s[0m 288ms/step - auc: 0.9649 - binary_accuracy: 0.8836 - loss: 0.3081
[1m 75/133[0m [32m━━━━━━━━━━━[0m[37m━━━━━━━━━[0m [1m16s[0m 288ms/step - auc: 0.9648 - binary_accuracy: 0.8836 - loss: 0.3082
[1m 76/133[0m [32m━━━━━━━━━━━[0m[37m━━━━━━━━━[0m [1m16s[0m 288ms/step - auc: 0.9647 - binary_accuracy: 0.8836 - loss: 0.3083
[1m 77/133[0m [32m━━━━━━━━━━━[0m[37m━━━━━━━━━[0m [1m16s[0m 288ms/step - auc: 0.9645 - binary_accuracy: 0.8835 - loss: 0.3084
[1m 78/133[0m [32m━━━━━━━━━━━[0m[37m━━━━━━━━━[0m [1m15s[0m 288ms/step - auc: 0.9643 - binary_accuracy: 0.8834 - loss: 0.3086
[1m 79/133[0m [32m━━━━━━━━━━━[0m[37m━━━━━━━━━[0m [1m15s[0m 288ms/step - auc: 0.9642 - binary_accuracy: 0.8834 - loss: 0.3088
[1m 80/133[0m [32m━━━━━━━━━━━━[0m[37m━━━━━━━━[0m [1m15s[0m 288ms/step - auc: 0.9640 - binary_accuracy: 0.8833 - loss: 0.3090
[1m 81/133[0m [32m━━━━━━━━━━━━[0m[37m━━━━━━━━[0m [1m14s[0m 288ms/step - auc: 0.9639 - binary_accuracy: 0.8832 - loss: 0.3092
[1m 82/133[0m [32m━━━━━━━━━━━━[0m[37m━━━━━━━━[0m [1m14s[0m 288ms/step - auc: 0.9637 - binary_accuracy: 0.8831 - loss: 0.3093
[1m 83/133[0m [32m━━━━━━━━━━━━[0m[37m━━━━━━━━[0m [1m14s[0m 288ms/step - auc: 0.9636 - binary_accuracy: 0.8830 - loss: 0.3095
[1m 84/133[0m [32m━━━━━━━━━━━━[0m[37m━━━━━━━━[0m [1m14s[0m 288ms/step - auc: 0.9634 - binary_accuracy: 0.8829 - loss: 0.3098
[1m 85/133[0m [32m━━━━━━━━━━━━[0m[37m━━━━━━━━[0m [1m13s[0m 288ms/step - auc: 0.9633 - binary_accuracy: 0.8828 - loss: 0.3100
[1m 86/133[0m [32m━━━━━━━━━━━━[0m[37m━━━━━━━━[0m [1m13s[0m 288ms/step - auc: 0.9631 - binary_accuracy: 0.8827 - loss: 0.3102
[1m 87/133[0m [32m━━━━━━━━━━━━━[0m[37m━━━━━━━[0m [1m13s[0m 288ms/step - auc: 0.9630 - binary_accuracy: 0.8826 - loss: 0.3105
[1m 88/133[0m [32m━━━━━━━━━━━━━[0m[37m━━━━━━━[0m [1m12s[0m 288ms/step - auc: 0.9628 - binary_accuracy: 0.8825 - loss: 0.3107
[1m 89/133[0m [32m━━━━━━━━━━━━━[0m[37m━━━━━━━[0m [1m12s[0m 288ms/step - auc: 0.9627 - binary_accuracy: 0.8824 - loss: 0.3109
[1m 90/133[0m [32m━━━━━━━━━━━━━[0m[37m━━━━━━━[0m [1m12s[0m 288ms/step - auc: 0.9625 - binary_accuracy: 0.8823 - loss: 0.3111
[1m 91/133[0m [32m━━━━━━━━━━━━━[0m[37m━━━━━━━[0m [1m12s[0m 288ms/step - auc: 0.9624 - binary_accuracy: 0.8823 - loss: 0.3113
[1m 92/133[0m [32m━━━━━━━━━━━━━[0m[37m━━━━━━━[0m [1m11s[0m 288ms/step - auc: 0.9623 - binary_accuracy: 0.8822 - loss: 0.3116
[1m 93/133[0m [32m━━━━━━━━━━━━━[0m[37m━━━━━━━[0m [1m11s[0m 288ms/step - auc: 0.9621 - binary_accuracy: 0.8821 - loss: 0.3117
[1m 94/133[0m [32m━━━━━━━━━━━━━━[0m[37m━━━━━━[0m [1m11s[0m 288ms/step - auc: 0.9620 - binary_accuracy: 0.8820 - loss: 0.3119
[1m 95/133[0m [32m━━━━━━━━━━━━━━[0m[37m━━━━━━[0m [1m10s[0m 288ms/step - auc: 0.9619 - binary_accuracy: 0.8820 - loss: 0.3121
[1m 96/133[0m [32m━━━━━━━━━━━━━━[0m[37m━━━━━━[0m [1m10s[0m 288ms/step - auc: 0.9618 - binary_accuracy: 0.8819 - loss: 0.3123
[1m 97/133[0m [32m━━━━━━━━━━━━━━[0m[37m━━━━━━[0m [1m10s[0m 288ms/step - auc: 0.9617 - binary_accuracy: 0.8819 - loss: 0.3125
[1m 98/133[0m [32m━━━━━━━━━━━━━━[0m[37m━━━━━━[0m [1m10s[0m 288ms/step - auc: 0.9615 - binary_accuracy: 0.8818 - loss: 0.3127
[1m 99/133[0m [32m━━━━━━━━━━━━━━[0m[37m━━━━━━[0m [1m9s[0m 288ms/step - auc: 0.9614 - binary_accuracy: 0.8818 - loss: 0.3129 
[1m100/133[0m [32m━━━━━━━━━━━━━━━[0m[37m━━━━━[0m [1m9s[0m 288ms/step - auc: 0.9613 - binary_accuracy: 0.8817 - loss: 0.3130
[1m101/133[0m [32m━━━━━━━━━━━━━━━[0m[37m━━━━━[0m [1m9s[0m 288ms/step - auc: 0.9612 - binary_accuracy: 0.8816 - loss: 0.3132
[1m102/133[0m [32m━━━━━━━━━━━━━━━[0m[37m━━━━━[0m [1m8s[0m 288ms/step - auc: 0.9611 - binary_accuracy: 0.8815 - loss: 0.3134
[1m103/133[0m [32m━━━━━━━━━━━━━━━[0m[37m━━━━━[0m [1m8s[0m 288ms/step - auc: 0.9610 - binary_accuracy: 0.8815 - loss: 0.3135
[1m104/133[0m [32m━━━━━━━━━━━━━━━[0m[37m━━━━━[0m [1m8s[0m 288ms/step - auc: 0.9610 - binary_accuracy: 0.8815 - loss: 0.3137
[1m105/133[0m [32m━━━━━━━━━━━━━━━[0m[37m━━━━━[0m [1m8s[0m 288ms/step - auc: 0.9609 - binary_accuracy: 0.8814 - loss: 0.3138
[1m106/133[0m [32m━━━━━━━━━━━━━━━[0m[37m━━━━━[0m [1m7s[0m 288ms/step - auc: 0.9608 - binary_accuracy: 0.8814 - loss: 0.3140
[1m107/133[0m [32m━━━━━━━━━━━━━━━━[0m[37m━━━━[0m [1m7s[0m 288ms/step - auc: 0.9607 - binary_accuracy: 0.8813 - loss: 0.3141
[1m108/133[0m [32m━━━━━━━━━━━━━━━━[0m[37m━━━━[0m [1m7s[0m 288ms/step - auc: 0.9606 - binary_accuracy: 0.8813 - loss: 0.3142
[1m109/133[0m [32m━━━━━━━━━━━━━━━━[0m[37m━━━━[0m [1m6s[0m 288ms/step - auc: 0.9606 - binary_accuracy: 0.8813 - loss: 0.3143
[1m110/133[0m [32m━━━━━━━━━━━━━━━━[0m[37m━━━━[0m [1m6s[0m 288ms/step - auc: 0.9605 - binary_accuracy: 0.8812 - loss: 0.3145
[1m111/133[0m [32m━━━━━━━━━━━━━━━━[0m[37m━━━━[0m [1m6s[0m 288ms/step - auc: 0.9604 - binary_accuracy: 0.8812 - loss: 0.3146
[1m112/133[0m [32m━━━━━━━━━━━━━━━━[0m[37m━━━━[0m [1m6s[0m 288ms/step - auc: 0.9604 - binary_accuracy: 0.8812 - loss: 0.3147
[1m113/133[0m [32m━━━━━━━━━━━━━━━━[0m[37m━━━━[0m [1m5s[0m 288ms/step - auc: 0.9603 - binary_accuracy: 0.8811 - loss: 0.3148
[1m114/133[0m [32m━━━━━━━━━━━━━━━━━[0m[37m━━━[0m [1m5s[0m 288ms/step - auc: 0.9602 - binary_accuracy: 0.8811 - loss: 0.3149
[1m115/133[0m [32m━━━━━━━━━━━━━━━━━[0m[37m━━━[0m [1m5s[0m 288ms/step - auc: 0.9602 - binary_accuracy: 0.8810 - loss: 0.3151
[1m116/133[0m [32m━━━━━━━━━━━━━━━━━[0m[37m━━━[0m [1m4s[0m 288ms/step - auc: 0.9601 - binary_accuracy: 0.8809 - loss: 0.3152
[1m117/133[0m [32m━━━━━━━━━━━━━━━━━[0m[37m━━━[0m [1m4s[0m 288ms/step - auc: 0.9600 - binary_accuracy: 0.8809 - loss: 0.3153
[1m118/133[0m [32m━━━━━━━━━━━━━━━━━[0m[37m━━━[0m [1m4s[0m 288ms/step - auc: 0.9600 - binary_accuracy: 0.8808 - loss: 0.3154
[1m119/133[0m [32m━━━━━━━━━━━━━━━━━[0m[37m━━━[0m [1m4s[0m 288ms/step - auc: 0.9599 - binary_accuracy: 0.8808 - loss: 0.3155
[1m120/133[0m [32m━━━━━━━━━━━━━━━━━━[0m[37m━━[0m [1m3s[0m 288ms/step - auc: 0.9599 - binary_accuracy: 0.8807 - loss: 0.3156
[1m121/133[0m [32m━━━━━━━━━━━━━━━━━━[0m[37m━━[0m [1m3s[0m 288ms/step - auc: 0.9598 - binary_accuracy: 0.8807 - loss: 0.3157
[1m122/133[0m [32m━━━━━━━━━━━━━━━━━━[0m[37m━━[0m [1m3s[0m 288ms/step - auc: 0.9598 - binary_accuracy: 0.8806 - loss: 0.3158
[1m123/133[0m [32m━━━━━━━━━━━━━━━━━━[0m[37m━━[0m [1m2s[0m 288ms/step - auc: 0.9597 - binary_accuracy: 0.8806 - loss: 0.3159
[1m124/133[0m [32m━━━━━━━━━━━━━━━━━━[0m[37m━━[0m [1m2s[0m 288ms/step - auc: 0.9597 - binary_accuracy: 0.8806 - loss: 0.3160
[1m125/133[0m [32m━━━━━━━━━━━━━━━━━━[0m[37m━━[0m [1m2s[0m 287ms/step - auc: 0.9596 - binary_accuracy: 0.8805 - loss: 0.3161
[1m126/133[0m [32m━━━━━━━━━━━━━━━━━━[0m[37m━━[0m [1m2s[0m 287ms/step - auc: 0.9595 - binary_accuracy: 0.8805 - loss: 0.3162
[1m127/133[0m [32m━━━━━━━━━━━━━━━━━━━[0m[37m━[0m [1m1s[0m 287ms/step - auc: 0.9595 - binary_accuracy: 0.8804 - loss: 0.3163
[1m128/133[0m [32m━━━━━━━━━━━━━━━━━━━[0m[37m━[0m [1m1s[0m 287ms/step - auc: 0.9594 - binary_accuracy: 0.8804 - loss: 0.3164
[1m129/133[0m [32m━━━━━━━━━━━━━━━━━━━[0m[37m━[0m [1m1s[0m 287ms/step - auc: 0.9594 - binary_accuracy: 0.8803 - loss: 0.3166
[1m130/133[0m [32m━━━━━━━━━━━━━━━━━━━[0m[37m━[0m [1m0s[0m 287ms/step - auc: 0.9593 - binary_accuracy: 0.8803 - loss: 0.3167
[1m131/133[0m [32m━━━━━━━━━━━━━━━━━━━[0m[37m━[0m [1m0s[0m 287ms/step - auc: 0.9593 - binary_accuracy: 0.8803 - loss: 0.3168
[1m132/133[0m [32m━━━━━━━━━━━━━━━━━━━[0m[37m━[0m [1m0s[0m 287ms/step - auc: 0.9592 - binary_accuracy: 0.8802 - loss: 0.3169
[1m133/133[0m [32m━━━━━━━━━━━━━━━━━━━━[0m[37m[0m [1m0s[0m 286ms/step - auc: 0.9592 - binary_accuracy: 0.8802 - loss: 0.3170transfer final: epoch 4/8 done in 38.3s loss=0.3316 auc=0.9515

[1m133/133[0m [32m━━━━━━━━━━━━━━━━━━━━[0m[37m[0m [1m38s[0m 287ms/step - auc: 0.9515 - binary_accuracy: 0.8742 - loss: 0.3316
transfer final: epoch 5/8 start
Epoch 5/5

[1m  1/133[0m [37m━━━━━━━━━━━━━━━━━━━━[0m [1m1:03[0m 483ms/step - auc: 0.9821 - binary_accuracy: 0.9062 - loss: 0.2546
[1m  2/133[0m [37m━━━━━━━━━━━━━━━━━━━━[0m [1m36s[0m 279ms/step - auc: 0.9826 - binary_accuracy: 0.8828 - loss: 0.2648 
[1m  3/133[0m [37m━━━━━━━━━━━━━━━━━━━━[0m [1m36s[0m 284ms/step - auc: 0.9820 - binary_accuracy: 0.8767 - loss: 0.2678
[1m  4/133[0m [37m━━━━━━━━━━━━━━━━━━━━[0m [1m36s[0m 283ms/step - auc: 0.9763 - binary_accuracy: 0.8724 - loss: 0.2822
[1m  5/133[0m [37m━━━━━━━━━━━━━━━━━━━━[0m [1m36s[0m 282ms/step - auc: 0.9716 - binary_accuracy: 0.8704 - loss: 0.2944
[1m  6/133[0m [37m━━━━━━━━━━━━━━━━━━━━[0m [1m35s[0m 282ms/step - auc: 0.9650 - binary_accuracy: 0.8694 - loss: 0.3130
[1m  7/133[0m [32m━[0m[37m━━━━━━━━━━━━━━━━━━━[0m [1m35s[0m 282ms/step - auc: 0.9599 - binary_accuracy: 0.8658 - loss: 0.3283
[1m  8/133[0m [32m━[0m[37m━━━━━━━━━━━━━━━━━━━[0m [1m35s[0m 282ms/step - auc: 0.9571 - binary_accuracy: 0.8630 - loss: 0.3389
[1m  9/133[0m [32m━[0m[37m━━━━━━━━━━━━━━━━━━━[0m [1m34s[0m 282ms/step - auc: 0.9543 - binary_accuracy: 0.8578 - loss: 0.3477
[1m 10/133[0m [32m━[0m[37m━━━━━━━━━━━━━━━━━━━[0m [1m34s[0m 282ms/step - auc: 0.9511 - binary_accuracy: 0.8505 - loss: 0.3568
[1m 11/133[0m [32m━[0m[37m━━━━━━━━━━━━━━━━━━━[0m [1m34s[0m 282ms/step - auc: 0.9482 - binary_accuracy: 0.8429 - loss: 0.3647
[1m 12/133[0m [32m━[0m[37m━━━━━━━━━━━━━━━━━━━[0m [1m34s[0m 282ms/step - auc: 0.9464 - binary_accuracy: 0.8369 - loss: 0.3706
[1m 13/133[0m [32m━[0m[37m━━━━━━━━━━━━━━━━━━━[0m [1m33s[0m 282ms/step - auc: 0.9447 - binary_accuracy: 0.8320 - loss: 0.3763
[1m 14/133[0m [32m━━[0m[37m━━━━━━━━━━━━━━━━━━[0m [1m33s[0m 282ms/step - auc: 0.9433 - binary_accuracy: 0.8284 - loss: 0.3809
[1m 15/133[0m [32m━━[0m[37m━━━━━━━━━━━━━━━━━━[0m [1m33s[0m 284ms/step - auc: 0.9421 - binary_accuracy: 0.8260 - loss: 0.3846
[1m 16/133[0m [32m━━[0m[37m━━━━━━━━━━━━━━━━━━[0m [1m33s[0m 283ms/step - auc: 0.9409 - binary_accuracy: 0.8244 - loss: 0.3878
[1m 17/133[0m [32m━━[0m[37m━━━━━━━━━━━━━━━━━━[0m [1m32s[0m 284ms/step - auc: 0.9398 - binary_accuracy: 0.8236 - loss: 0.3906
[1m 18/133[0m [32m━━[0m[37m━━━━━━━━━━━━━━━━━━[0m [1m32s[0m 284ms/step - auc: 0.9387 - binary_accuracy: 0.8232 - loss: 0.3936
[1m 19/133[0m [32m━━[0m[37m━━━━━━━━━━━━━━━━━━[0m [1m32s[0m 284ms/step - auc: 0.9380 - binary_accuracy: 0.8233 - loss: 0.3953
[1m 20/133[0m [32m━━━[0m[37m━━━━━━━━━━━━━━━━━[0m [1m32s[0m 284ms/step - auc: 0.9373 - binary_accuracy: 0.8238 - loss: 0.3965
[1m 21/133[0m [32m━━━[0m[37m━━━━━━━━━━━━━━━━━[0m [1m31s[0m 284ms/step - auc: 0.9366 - binary_accuracy: 0.8243 - loss: 0.3980
[1m 22/133[0m [32m━━━[0m[37m━━━━━━━━━━━━━━━━━[0m [1m31s[0m 284ms/step - auc: 0.9360 - binary_accuracy: 0.8250 - loss: 0.3989
[1m 23/133[0m [32m━━━[0m[37m━━━━━━━━━━━━━━━━━[0m [1m31s[0m 285ms/step - auc: 0.9355 - binary_accuracy: 0.8259 - loss: 0.3994
[1m 24/133[0m [32m━━━[0m[37m━━━━━━━━━━━━━━━━━[0m [1m31s[0m 285ms/step - auc: 0.9351 - binary_accuracy: 0.8267 - loss: 0.3995
[1m 25/133[0m [32m━━━[0m[37m━━━━━━━━━━━━━━━━━[0m [1m30s[0m 285ms/step - auc: 0.9348 - binary_accuracy: 0.8272 - loss: 0.3994
[1m 26/133[0m [32m━━━[0m[37m━━━━━━━━━━━━━━━━━[0m [1m30s[0m 285ms/step - auc: 0.9345 - binary_accuracy: 0.8277 - loss: 0.3995
[1m 27/133[0m [32m━━━━[0m[37m━━━━━━━━━━━━━━━━[0m [1m30s[0m 285ms/step - auc: 0.9342 - binary_accuracy: 0.8281 - loss: 0.3996
[1m 28/133[0m [32m━━━━[0m[37m━━━━━━━━━━━━━━━━[0m [1m29s[0m 285ms/step - auc: 0.9339 - binary_accuracy: 0.8281 - loss: 0.3997
[1m 29/133[0m [32m━━━━[0m[37m━━━━━━━━━━━━━━━━[0m [1m29s[0m 286ms/step - auc: 0.9336 - binary_accuracy: 0.8279 - loss: 0.3998
[1m 30/133[0m [32m━━━━[0m[37m━━━━━━━━━━━━━━━━[0m [1m29s[0m 287ms/step - auc: 0.9334 - binary_accuracy: 0.8277 - loss: 0.3999
[1m 31/133[0m [32m━━━━[0m[37m━━━━━━━━━━━━━━━━[0m [1m29s[0m 288ms/step - auc: 0.9333 - binary_accuracy: 0.8276 - loss: 0.3998
[1m 32/133[0m [32m━━━━[0m[37m━━━━━━━━━━━━━━━━[0m [1m29s[0m 288ms/step - auc: 0.9332 - binary_accuracy: 0.8276 - loss: 0.3994
[1m 33/133[0m [32m━━━━[0m[37m━━━━━━━━━━━━━━━━[0m [1m28s[0m 287ms/step - auc: 0.9332 - binary_accuracy: 0.8277 - loss: 0.3989
[1m 34/133[0m [32m━━━━━[0m[37m━━━━━━━━━━━━━━━[0m [1m28s[0m 288ms/step - auc: 0.9333 - binary_accuracy: 0.8280 - loss: 0.3983
[1m 35/133[0m [32m━━━━━[0m[37m━━━━━━━━━━━━━━━[0m [1m28s[0m 287ms/step - auc: 0.9333 - binary_accuracy: 0.8283 - loss: 0.3978
[1m 36/133[0m [32m━━━━━[0m[37m━━━━━━━━━━━━━━━[0m [1m27s[0m 288ms/step - auc: 0.9333 - binary_accuracy: 0.8287 - loss: 0.3974
[1m 37/133[0m [32m━━━━━[0m[37m━━━━━━━━━━━━━━━[0m [1m27s[0m 287ms/step - auc: 0.9334 - binary_accuracy: 0.8291 - loss: 0.3968
[1m 38/133[0m [32m━━━━━[0m[37m━━━━━━━━━━━━━━━[0m [1m27s[0m 287ms/step - auc: 0.9334 - binary_accuracy: 0.8296 - loss: 0.3964
[1m 39/133[0m [32m━━━━━[0m[37m━━━━━━━━━━━━━━━[0m [1m27s[0m 287ms/step - auc: 0.9334 - binary_accuracy: 0.8301 - loss: 0.3959
[1m 40/133[0m [32m━━━━━━[0m[37m━━━━━━━━━━━━━━[0m [1m26s[0m 287ms/step - auc: 0.9335 - binary_accuracy: 0.8306 - loss: 0.3954
[1m 41/133[0m [32m━━━━━━[0m[37m━━━━━━━━━━━━━━[0m [1m26s[0m 287ms/step - auc: 0.9335 - binary_accuracy: 0.8310 - loss: 0.3949
[1m 42/133[0m [32m━━━━━━[0m[37m━━━━━━━━━━━━━━[0m [1m26s[0m 287ms/step - auc: 0.9336 - binary_accuracy: 0.8314 - loss: 0.3943
[1m 43/133[0m [32m━━━━━━[0m[37m━━━━━━━━━━━━━━[0m [1m25s[0m 288ms/step - auc: 0.9336 - binary_accuracy: 0.8317 - loss: 0.3939
[1m 44/133[0m [32m━━━━━━[0m[37m━━━━━━━━━━━━━━[0m [1m25s[0m 287ms/step - auc: 0.9335 - binary_accuracy: 0.8319 - loss: 0.3934
[1m 45/133[0m [32m━━━━━━[0m[37m━━━━━━━━━━━━━━[0m [1m25s[0m 287ms/step - auc: 0.9335 - binary_accuracy: 0.8321 - loss: 0.3929
[1m 46/133[0m [32m━━━━━━[0m[37m━━━━━━━━━━━━━━[0m [1m25s[0m 287ms/step - auc: 0.9336 - binary_accuracy: 0.8323 - loss: 0.3924
[1m 47/133[0m [32m━━━━━━━[0m[37m━━━━━━━━━━━━━[0m [1m24s[0m 288ms/step - auc: 0.9336 - binary_accuracy: 0.8325 - loss: 0.3919
[1m 48/133[0m [32m━━━━━━━[0m[37m━━━━━━━━━━━━━[0m [1m24s[0m 288ms/step - auc: 0.9337 - binary_accuracy: 0.8327 - loss: 0.3913
[1m 49/133[0m [32m━━━━━━━[0m[37m━━━━━━━━━━━━━[0m [1m24s[0m 288ms/step - auc: 0.9338 - binary_accuracy: 0.8330 - loss: 0.3908
[1m 50/133[0m [32m━━━━━━━[0m[37m━━━━━━━━━━━━━[0m [1m23s[0m 288ms/step - auc: 0.9338 - binary_accuracy: 0.8333 - loss: 0.3903
[1m 51/133[0m [32m━━━━━━━[0m[37m━━━━━━━━━━━━━[0m [1m23s[0m 288ms/step - auc: 0.9339 - binary_accuracy: 0.8336 - loss: 0.3897
[1m 52/133[0m [32m━━━━━━━[0m[37m━━━━━━━━━━━━━[0m [1m23s[0m 288ms/step - auc: 0.9340 - binary_accuracy: 0.8339 - loss: 0.3891
[1m 53/133[0m [32m━━━━━━━[0m[37m━━━━━━━━━━━━━[0m [1m23s[0m 288ms/step - auc: 0.9341 - binary_accuracy: 0.8343 - loss: 0.3886
[1m 54/133[0m [32m━━━━━━━━[0m[37m━━━━━━━━━━━━[0m [1m22s[0m 288ms/step - auc: 0.9342 - binary_accuracy: 0.8346 - loss: 0.3881
[1m 55/133[0m [32m━━━━━━━━[0m[37m━━━━━━━━━━━━[0m [1m22s[0m 288ms/step - auc: 0.9342 - binary_accuracy: 0.8349 - loss: 0.3878
[1m 56/133[0m [32m━━━━━━━━[0m[37m━━━━━━━━━━━━[0m [1m22s[0m 288ms/step - auc: 0.9342 - binary_accuracy: 0.8351 - loss: 0.3874
[1m 57/133[0m [32m━━━━━━━━[0m[37m━━━━━━━━━━━━[0m [1m21s[0m 288ms/step - auc: 0.9342 - binary_accuracy: 0.8353 - loss: 0.3871
[1m 58/133[0m [32m━━━━━━━━[0m[37m━━━━━━━━━━━━[0m [1m21s[0m 288ms/step - auc: 0.9342 - binary_accuracy: 0.8355 - loss: 0.3868
[1m 59/133[0m [32m━━━━━━━━[0m[37m━━━━━━━━━━━━[0m [1m21s[0m 288ms/step - auc: 0.9343 - binary_accuracy: 0.8356 - loss: 0.3865
[1m 60/133[0m [32m━━━━━━━━━[0m[37m━━━━━━━━━━━[0m [1m21s[0m 288ms/step - auc: 0.9343 - binary_accuracy: 0.8357 - loss: 0.3862
[1m 61/133[0m [32m━━━━━━━━━[0m[37m━━━━━━━━━━━[0m [1m20s[0m 288ms/step - auc: 0.9343 - binary_accuracy: 0.8358 - loss: 0.3859
[1m 62/133[0m [32m━━━━━━━━━[0m[37m━━━━━━━━━━━[0m [1m20s[0m 288ms/step - auc: 0.9343 - binary_accuracy: 0.8360 - loss: 0.3856
[1m 63/133[0m [32m━━━━━━━━━[0m[37m━━━━━━━━━━━[0m [1m20s[0m 288ms/step - auc: 0.9343 - binary_accuracy: 0.8361 - loss: 0.3853
[1m 64/133[0m [32m━━━━━━━━━[0m[37m━━━━━━━━━━━[0m [1m19s[0m 288ms/step - auc: 0.9344 - binary_accuracy: 0.8363 - loss: 0.3850
[1m 65/133[0m [32m━━━━━━━━━[0m[37m━━━━━━━━━━━[0m [1m19s[0m 288ms/step - auc: 0.9344 - binary_accuracy: 0.8364 - loss: 0.3847
[1m 66/133[0m [32m━━━━━━━━━[0m[37m━━━━━━━━━━━[0m [1m19s[0m 288ms/step - auc: 0.9344 - binary_accuracy: 0.8366 - loss: 0.3843
[1m 67/133[0m [32m━━━━━━━━━━[0m[37m━━━━━━━━━━[0m [1m19s[0m 288ms/step - auc: 0.9345 - binary_accuracy: 0.8368 - loss: 0.3840
[1m 68/133[0m [32m━━━━━━━━━━[0m[37m━━━━━━━━━━[0m [1m18s[0m 288ms/step - auc: 0.9345 - binary_accuracy: 0.8370 - loss: 0.3837
[1m 69/133[0m [32m━━━━━━━━━━[0m[37m━━━━━━━━━━[0m [1m18s[0m 288ms/step - auc: 0.9345 - binary_accuracy: 0.8373 - loss: 0.3834
[1m 70/133[0m [32m━━━━━━━━━━[0m[37m━━━━━━━━━━[0m [1m18s[0m 288ms/step - auc: 0.9346 - binary_accuracy: 0.8375 - loss: 0.3831
[1m 71/133[0m [32m━━━━━━━━━━[0m[37m━━━━━━━━━━[0m [1m17s[0m 288ms/step - auc: 0.9346 - binary_accuracy: 0.8377 - loss: 0.3827
[1m 72/133[0m [32m━━━━━━━━━━[0m[37m━━━━━━━━━━[0m [1m17s[0m 288ms/step - auc: 0.9347 - binary_accuracy: 0.8379 - loss: 0.3824
[1m 73/133[0m [32m━━━━━━━━━━[0m[37m━━━━━━━━━━[0m [1m17s[0m 288ms/step - auc: 0.9347 - binary_accuracy: 0.8381 - loss: 0.3821
[1m 74/133[0m [32m━━━━━━━━━━━[0m[37m━━━━━━━━━[0m [1m16s[0m 288ms/step - auc: 0.9348 - binary_accuracy: 0.8383 - loss: 0.3817
[1m 75/133[0m [32m━━━━━━━━━━━[0m[37m━━━━━━━━━[0m [1m16s[0m 288ms/step - auc: 0.9348 - binary_accuracy: 0.8385 - loss: 0.3814
[1m 76/133[0m [32m━━━━━━━━━━━[0m[37m━━━━━━━━━[0m [1m16s[0m 288ms/step - auc: 0.9349 - binary_accuracy: 0.8387 - loss: 0.3810
[1m 77/133[0m [32m━━━━━━━━━━━[0m[37m━━━━━━━━━[0m [1m16s[0m 288ms/step - auc: 0.9349 - binary_accuracy: 0.8389 - loss: 0.3807
[1m 78/133[0m [32m━━━━━━━━━━━[0m[37m━━━━━━━━━[0m [1m15s[0m 288ms/step - auc: 0.9349 - binary_accuracy: 0.8391 - loss: 0.3804
[1m 79/133[0m [32m━━━━━━━━━━━[0m[37m━━━━━━━━━[0m [1m15s[0m 288ms/step - auc: 0.9349 - binary_accuracy: 0.8393 - loss: 0.3801
[1m 80/133[0m [32m━━━━━━━━━━━━[0m[37m━━━━━━━━[0m [1m15s[0m 288ms/step - auc: 0.9350 - binary_accuracy: 0.8396 - loss: 0.3798
[1m 81/133[0m [32m━━━━━━━━━━━━[0m[37m━━━━━━━━[0m [1m14s[0m 288ms/step - auc: 0.9350 - binary_accuracy: 0.8398 - loss: 0.3795
[1m 82/133[0m [32m━━━━━━━━━━━━[0m[37m━━━━━━━━[0m [1m14s[0m 288ms/step - auc: 0.9351 - binary_accuracy: 0.8400 - loss: 0.3792
[1m 83/133[0m [32m━━━━━━━━━━━━[0m[37m━━━━━━━━[0m [1m14s[0m 288ms/step - auc: 0.9351 - binary_accuracy: 0.8402 - loss: 0.3790
[1m 84/133[0m [32m━━━━━━━━━━━━[0m[37m━━━━━━━━[0m [1m14s[0m 288ms/step - auc: 0.9351 - binary_accuracy: 0.8403 - loss: 0.3788
[1m 85/133[0m [32m━━━━━━━━━━━━[0m[37m━━━━━━━━[0m [1m13s[0m 288ms/step - auc: 0.9351 - binary_accuracy: 0.8405 - loss: 0.3786
[1m 86/133[0m [32m━━━━━━━━━━━━[0m[37m━━━━━━━━[0m [1m13s[0m 288ms/step - auc: 0.9352 - binary_accuracy: 0.8406 - loss: 0.3784
[1m 87/133[0m [32m━━━━━━━━━━━━━[0m[37m━━━━━━━[0m [1m13s[0m 288ms/step - auc: 0.9352 - binary_accuracy: 0.8407 - loss: 0.3783
[1m 88/133[0m [32m━━━━━━━━━━━━━[0m[37m━━━━━━━[0m [1m12s[0m 288ms/step - auc: 0.9352 - binary_accuracy: 0.8409 - loss: 0.3781
[1m 89/133[0m [32m━━━━━━━━━━━━━[0m[37m━━━━━━━[0m [1m12s[0m 288ms/step - auc: 0.9352 - binary_accuracy: 0.8410 - loss: 0.3779
[1m 90/133[0m [32m━━━━━━━━━━━━━[0m[37m━━━━━━━[0m [1m12s[0m 288ms/step - auc: 0.9352 - binary_accuracy: 0.8411 - loss: 0.3778
[1m 91/133[0m [32m━━━━━━━━━━━━━[0m[37m━━━━━━━[0m [1m12s[0m 288ms/step - auc: 0.9352 - binary_accuracy: 0.8413 - loss: 0.3777
[1m 92/133[0m [32m━━━━━━━━━━━━━[0m[37m━━━━━━━[0m [1m11s[0m 288ms/step - auc: 0.9352 - binary_accuracy: 0.8414 - loss: 0.3775
[1m 93/133[0m [32m━━━━━━━━━━━━━[0m[37m━━━━━━━[0m [1m11s[0m 288ms/step - auc: 0.9352 - binary_accuracy: 0.8415 - loss: 0.3774
[1m 94/133[0m [32m━━━━━━━━━━━━━━[0m[37m━━━━━━[0m [1m11s[0m 288ms/step - auc: 0.9352 - binary_accuracy: 0.8416 - loss: 0.3772
[1m 95/133[0m [32m━━━━━━━━━━━━━━[0m[37m━━━━━━[0m [1m10s[0m 288ms/step - auc: 0.9352 - binary_accuracy: 0.8417 - loss: 0.3771
[1m 96/133[0m [32m━━━━━━━━━━━━━━[0m[37m━━━━━━[0m [1m10s[0m 288ms/step - auc: 0.9352 - binary_accuracy: 0.8419 - loss: 0.3770
[1m 97/133[0m [32m━━━━━━━━━━━━━━[0m[37m━━━━━━[0m [1m10s[0m 288ms/step - auc: 0.9352 - binary_accuracy: 0.8420 - loss: 0.3769
[1m 98/133[0m [32m━━━━━━━━━━━━━━[0m[37m━━━━━━[0m [1m10s[0m 288ms/step - auc: 0.9352 - binary_accuracy: 0.8421 - loss: 0.3768
[1m 99/133[0m [32m━━━━━━━━━━━━━━[0m[37m━━━━━━[0m [1m9s[0m 288ms/step - auc: 0.9353 - binary_accuracy: 0.8422 - loss: 0.3766 
[1m100/133[0m [32m━━━━━━━━━━━━━━━[0m[37m━━━━━[0m [1m9s[0m 288ms/step - auc: 0.9353 - binary_accuracy: 0.8423 - loss: 0.3765
[1m101/133[0m [32m━━━━━━━━━━━━━━━[0m[37m━━━━━[0m [1m9s[0m 288ms/step - auc: 0.9353 - binary_accuracy: 0.8424 - loss: 0.3764
[1m102/133[0m [32m━━━━━━━━━━━━━━━[0m[37m━━━━━[0m [1m8s[0m 288ms/step - auc: 0.9353 - binary_accuracy: 0.8424 - loss: 0.3763
[1m103/133[0m [32m━━━━━━━━━━━━━━━[0m[37m━━━━━[0m [1m8s[0m 288ms/step - auc: 0.9353 - binary_accuracy: 0.8425 - loss: 0.3762
[1m104/133[0m [32m━━━━━━━━━━━━━━━[0m[37m━━━━━[0m [1m8s[0m 288ms/step - auc: 0.9354 - binary_accuracy: 0.8426 - loss: 0.3760
[1m105/133[0m [32m━━━━━━━━━━━━━━━[0m[37m━━━━━[0m [1m8s[0m 288ms/step - auc: 0.9354 - binary_accuracy: 0.8427 - loss: 0.3759
[1m106/133[0m [32m━━━━━━━━━━━━━━━[0m[37m━━━━━[0m [1m7s[0m 288ms/step - auc: 0.9354 - binary_accuracy: 0.8428 - loss: 0.3758
[1m107/133[0m [32m━━━━━━━━━━━━━━━━[0m[37m━━━━[0m [1m7s[0m 288ms/step - auc: 0.9354 - binary_accuracy: 0.8429 - loss: 0.3757
[1m108/133[0m [32m━━━━━━━━━━━━━━━━[0m[37m━━━━[0m [1m7s[0m 288ms/step - auc: 0.9354 - binary_accuracy: 0.8430 - loss: 0.3756
[1m109/133[0m [32m━━━━━━━━━━━━━━━━[0m[37m━━━━[0m [1m6s[0m 288ms/step - auc: 0.9355 - binary_accuracy: 0.8431 - loss: 0.3754
[1m110/133[0m [32m━━━━━━━━━━━━━━━━[0m[37m━━━━[0m [1m6s[0m 288ms/step - auc: 0.9355 - binary_accuracy: 0.8432 - loss: 0.3753
[1m111/133[0m [32m━━━━━━━━━━━━━━━━[0m[37m━━━━[0m [1m6s[0m 288ms/step - auc: 0.9355 - binary_accuracy: 0.8433 - loss: 0.3752
[1m112/133[0m [32m━━━━━━━━━━━━━━━━[0m[37m━━━━[0m [1m6s[0m 288ms/step - auc: 0.9356 - binary_accuracy: 0.8434 - loss: 0.3751
[1m113/133[0m [32m━━━━━━━━━━━━━━━━[0m[37m━━━━[0m [1m5s[0m 288ms/step - auc: 0.9356 - binary_accuracy: 0.8435 - loss: 0.3750
[1m114/133[0m [32m━━━━━━━━━━━━━━━━━[0m[37m━━━[0m [1m5s[0m 288ms/step - auc: 0.9356 - binary_accuracy: 0.8435 - loss: 0.3749
[1m115/133[0m [32m━━━━━━━━━━━━━━━━━[0m[37m━━━[0m [1m5s[0m 288ms/step - auc: 0.9356 - binary_accuracy: 0.8436 - loss: 0.3748
[1m116/133[0m [32m━━━━━━━━━━━━━━━━━[0m[37m━━━[0m [1m4s[0m 288ms/step - auc: 0.9357 - binary_accuracy: 0.8437 - loss: 0.3747
[1m117/133[0m [32m━━━━━━━━━━━━━━━━━[0m[37m━━━[0m [1m4s[0m 288ms/step - auc: 0.9357 - binary_accuracy: 0.8438 - loss: 0.3745
[1m118/133[0m [32m━━━━━━━━━━━━━━━━━[0m[37m━━━[0m [1m4s[0m 288ms/step - auc: 0.9358 - binary_accuracy: 0.8438 - loss: 0.3744
[1m119/133[0m [32m━━━━━━━━━━━━━━━━━[0m[37m━━━[0m [1m4s[0m 288ms/step - auc: 0.9358 - binary_accuracy: 0.8439 - loss: 0.3743
[1m120/133[0m [32m━━━━━━━━━━━━━━━━━━[0m[37m━━[0m [1m3s[0m 288ms/step - auc: 0.9358 - binary_accuracy: 0.8440 - loss: 0.3742
[1m121/133[0m [32m━━━━━━━━━━━━━━━━━━[0m[37m━━[0m [1m3s[0m 288ms/step - auc: 0.9359 - binary_accuracy: 0.8441 - loss: 0.3741
[1m122/133[0m [32m━━━━━━━━━━━━━━━━━━[0m[37m━━[0m [1m3s[0m 288ms/step - auc: 0.9359 - binary_accuracy: 0.8441 - loss: 0.3740
[1m123/133[0m [32m━━━━━━━━━━━━━━━━━━[0m[37m━━[0m [1m2s[0m 288ms/step - auc: 0.9360 - binary_accuracy: 0.8442 - loss: 0.3738
[1m124/133[0m [32m━━━━━━━━━━━━━━━━━━[0m[37m━━[0m [1m2s[0m 288ms/step - auc: 0.9360 - binary_accuracy: 0.8443 - loss: 0.3737
[1m125/133[0m [32m━━━━━━━━━━━━━━━━━━[0m[37m━━[0m [1m2s[0m 288ms/step - auc: 0.9360 - binary_accuracy: 0.8443 - loss: 0.3736
[1m126/133[0m [32m━━━━━━━━━━━━━━━━━━[0m[37m━━[0m [1m2s[0m 288ms/step - auc: 0.9361 - binary_accuracy: 0.8444 - loss: 0.3735
[1m127/133[0m [32m━━━━━━━━━━━━━━━━━━━[0m[37m━[0m [1m1s[0m 288ms/step - auc: 0.9361 - binary_accuracy: 0.8445 - loss: 0.3734
[1m128/133[0m [32m━━━━━━━━━━━━━━━━━━━[0m[37m━[0m [1m1s[0m 288ms/step - auc: 0.9361 - binary_accuracy: 0.8446 - loss: 0.3733
[1m129/133[0m [32m━━━━━━━━━━━━━━━━━━━[0m[37m━[0m [1m1s[0m 288ms/step - auc: 0.9362 - binary_accuracy: 0.8446 - loss: 0.3732
[1m130/133[0m [32m━━━━━━━━━━━━━━━━━━━[0m[37m━[0m [1m0s[0m 288ms/step - auc: 0.9362 - binary_accuracy: 0.8447 - loss: 0.3731
[1m131/133[0m [32m━━━━━━━━━━━━━━━━━━━[0m[37m━[0m [1m0s[0m 288ms/step - auc: 0.9362 - binary_accuracy: 0.8448 - loss: 0.3730
[1m132/133[0m [32m━━━━━━━━━━━━━━━━━━━[0m[37m━[0m [1m0s[0m 288ms/step - auc: 0.9363 - binary_accuracy: 0.8449 - loss: 0.3729
[1m133/133[0m [32m━━━━━━━━━━━━━━━━━━━━[0m[37m[0m [1m0s[0m 287ms/step - auc: 0.9363 - binary_accuracy: 0.8450 - loss: 0.3728transfer final: epoch 5/8 done in 38.4s loss=0.3589 auc=0.9405

[1m133/133[0m [32m━━━━━━━━━━━━━━━━━━━━[0m[37m[0m [1m38s[0m 287ms/step - auc: 0.9405 - binary_accuracy: 0.8549 - loss: 0.3589
[INFO] focus_binary.focus_binary.scripts.multiseed_eval: seed complete
[INFO] focus_binary.focus_binary.scripts.multiseed_eval: multi-seed evaluation complete
