$ D:\Dineth\myenv\Scripts\python.exe -u D:\Dineth\focus_binary_benchmark\focus_binary_benchmark\scripts\multiseed_eval.py --family transfer --manifest D:\Dineth\focus_binary_benchmark\focus_binary_benchmark\revision_outputs\multiseed\leakage_safe_manifest.csv --runs-dir runs --out-dir D:\Dineth\focus_binary_benchmark\focus_binary_benchmark\revision_outputs\multiseed\training_outputs --seeds 22 --leakage-check stack_sha1

2026-05-22 22:53:03.862363: I tensorflow/core/util/port.cc:153] oneDNN custom operations are on. You may see slightly different numerical results due to floating-point round-off errors from different computation orders. To turn them off, set the environment variable `TF_ENABLE_ONEDNN_OPTS=0`.
2026-05-22 22:53:16.174392: I tensorflow/core/util/port.cc:153] oneDNN custom operations are on. You may see slightly different numerical results due to floating-point round-off errors from different computation orders. To turn them off, set the environment variable `TF_ENABLE_ONEDNN_OPTS=0`.
2026-05-22 22:53:30.862598: I tensorflow/core/platform/cpu_feature_guard.cc:210] This TensorFlow binary is optimized to use available CPU instructions in performance-critical operations.
To enable the following instructions: SSE3 SSE4.1 SSE4.2 AVX AVX2 FMA, in other operations, rebuild TensorFlow with the appropriate compiler flags.
Running leakage check (stack_sha1) on D:\Dineth\focus_binary_benchmark\focus_binary_benchmark\revision_outputs\multiseed\leakage_safe_manifest.csv
  sha1: checking 4969 files
  sha1: checked 1/4969
  sha1: checked 250/4969
  sha1: checked 500/4969
  sha1: checked 750/4969
  sha1: checked 1000/4969
  sha1: checked 1250/4969
  sha1: checked 1500/4969
  sha1: checked 1750/4969
  sha1: checked 2000/4969
  sha1: checked 2250/4969
  sha1: checked 2500/4969
  sha1: checked 2750/4969
  sha1: checked 3000/4969
  sha1: checked 3250/4969
  sha1: checked 3500/4969
  sha1: checked 3750/4969
  sha1: checked 4000/4969
  sha1: checked 4250/4969
  sha1: checked 4500/4969
  sha1: checked 4750/4969
  sha1: checked 4969/4969
Leakage audit summary:
  stack_id overlaps: 0
  sha1 duplicates: 0
  phash duplicates: 0
Class balance per dataset/split:
  TBSI split=test label=0 count=35 ratio=0.875
  TBSI split=test label=1 count=5 ratio=0.125
  TBSI split=train label=0 count=147 ratio=0.875
  TBSI split=train label=1 count=21 ratio=0.125
  TBSI split=val label=0 count=28 ratio=0.875
  TBSI split=val label=1 count=4 ratio=0.125
  bma split=test label=0 count=55 ratio=0.917
  bma split=test label=1 count=5 ratio=0.083
  bma split=train label=0 count=297 ratio=0.917
  bma split=train label=1 count=27 ratio=0.083
  bma split=val label=0 count=66 ratio=0.917
  bma split=val label=1 count=6 ratio=0.083
  pbs_imgs split=test label=0 count=114 ratio=0.912
  pbs_imgs split=test label=1 count=11 ratio=0.088
  pbs_imgs split=train label=0 count=570 ratio=0.913
  pbs_imgs split=train label=1 count=54 ratio=0.087
  pbs_imgs split=val label=0 count=120 ratio=0.909
  pbs_imgs split=val label=1 count=12 ratio=0.091
  tbf_imgs split=test label=0 count=297 ratio=0.917
  tbf_imgs split=test label=1 count=27 ratio=0.083
  tbf_imgs split=train label=0 count=1353 ratio=0.917
  tbf_imgs split=train label=1 count=123 ratio=0.083
  tbf_imgs split=val label=0 count=352 ratio=0.917
  tbf_imgs split=val label=1 count=32 ratio=0.083
  wbc split=test label=0 count=154 ratio=0.875
  wbc split=test label=1 count=22 ratio=0.125
  wbc split=train label=0 count=742 ratio=0.875
  wbc split=train label=1 count=106 ratio=0.125
  wbc split=val label=0 count=161 ratio=0.875
  wbc split=val label=1 count=23 ratio=0.125
[WARNING] focus_binary.focus_binary.data.balance: Extreme class imbalance detected
[WARNING] focus_binary.focus_binary.data.balance: Extreme class imbalance detected
[WARNING] focus_binary.focus_binary.data.balance: Extreme class imbalance detected
[WARNING] focus_binary.focus_binary.data.balance: Extreme class imbalance detected
[WARNING] focus_binary.focus_binary.data.balance: Extreme class imbalance detected
[WARNING] focus_binary.focus_binary.data.balance: Extreme class imbalance detected
[WARNING] focus_binary.focus_binary.data.balance: Extreme class imbalance detected
[WARNING] focus_binary.focus_binary.data.balance: Extreme class imbalance detected
[WARNING] focus_binary.focus_binary.data.balance: Extreme class imbalance detected
[WARNING] focus_binary.focus_binary.data.balance: Extreme class imbalance detected
[WARNING] focus_binary.focus_binary.data.balance: Extreme class imbalance detected
[WARNING] focus_binary.focus_binary.data.balance: Extreme class imbalance detected
[WARNING] focus_binary.focus_binary.data.balance: Extreme class imbalance detected
[WARNING] focus_binary.focus_binary.data.balance: Extreme class imbalance detected
[WARNING] focus_binary.focus_binary.data.balance: Extreme class imbalance detected
[WARNING] focus_binary.focus_binary.data.balance: Extreme class imbalance detected
[WARNING] focus_binary.focus_binary.data.balance: Extreme class imbalance detected
[WARNING] focus_binary.focus_binary.data.balance: Extreme class imbalance detected
[WARNING] focus_binary.focus_binary.data.balance: Extreme class imbalance detected
[WARNING] focus_binary.focus_binary.data.balance: Extreme class imbalance detected
[WARNING] focus_binary.focus_binary.data.balance: Extreme class imbalance detected
[WARNING] focus_binary.focus_binary.data.balance: Extreme class imbalance detected
[WARNING] focus_binary.focus_binary.data.balance: Extreme class imbalance detected
[WARNING] focus_binary.focus_binary.data.balance: Extreme class imbalance detected
[WARNING] focus_binary.focus_binary.data.balance: Extreme class imbalance detected
[WARNING] focus_binary.focus_binary.data.balance: Extreme class imbalance detected
[WARNING] focus_binary.focus_binary.data.balance: Extreme class imbalance detected
[WARNING] focus_binary.focus_binary.data.balance: Extreme class imbalance detected
[WARNING] focus_binary.focus_binary.data.balance: Extreme class imbalance detected
[WARNING] focus_binary.focus_binary.data.balance: Extreme class imbalance detected
Starting multiseed job: family=transfer seed=22
[INFO] focus_binary.focus_binary.models.transfer: phase1: head training
transfer phase-a: epoch 1/8 start
Epoch 1/3
2026-05-22 22:58:03.651399: I external/local_xla/xla/service/service.cc:163] XLA service 0x1bf17872a70 initialized for platform Host (this does not guarantee that XLA will be used). Devices:
2026-05-22 22:58:03.652016: I external/local_xla/xla/service/service.cc:171]   StreamExecutor device (0): Host, Default Version
WARNING: All log messages before absl::InitializeLog() is called are written to STDERR
I0000 00:00:1779470963.197844   23312 device_compiler.h:196] Compiled cluster using XLA!  This line is logged at most once for the lifetime of the process.

[1m  1/108[0m [37m━━━━━━━━━━━━━━━━━━━━[0m [1m3:05:19[0m 104s/step - auc: 1.0000 - binary_accuracy: 0.5938 - loss: 0.4118
[1m  2/108[0m [37m━━━━━━━━━━━━━━━━━━━━[0m [1m29s[0m 274ms/step - auc: 1.0000 - binary_accuracy: 0.6875 - loss: 0.3440   
[1m  3/108[0m [37m━━━━━━━━━━━━━━━━━━━━[0m [1m27s[0m 262ms/step - auc: 0.8945 - binary_accuracy: 0.7396 - loss: 0.3472
[1m  4/108[0m [37m━━━━━━━━━━━━━━━━━━━━[0m [1m26s[0m 256ms/step - auc: 0.7704 - binary_accuracy: 0.7715 - loss: 0.4698
[1m  5/108[0m [37m━━━━━━━━━━━━━━━━━━━━[0m [1m26s[0m 254ms/step - auc: 0.6950 - binary_accuracy: 0.7922 - loss: 0.5906
[1m  6/108[0m [32m━[0m[37m━━━━━━━━━━━━━━━━━━━[0m [1m25s[0m 251ms/step - auc: 0.6459 - binary_accuracy: 0.8069 - loss: 0.6931
[1m  7/108[0m [32m━[0m[37m━━━━━━━━━━━━━━━━━━━[0m [1m25s[0m 253ms/step - auc: 0.6120 - binary_accuracy: 0.8172 - loss: 0.7880
[1m  8/108[0m [32m━[0m[37m━━━━━━━━━━━━━━━━━━━[0m [1m25s[0m 251ms/step - auc: 0.5870 - binary_accuracy: 0.8249 - loss: 0.8514
[1m  9/108[0m [32m━[0m[37m━━━━━━━━━━━━━━━━━━━[0m [1m24s[0m 250ms/step - auc: 0.5656 - binary_accuracy: 0.8274 - loss: 0.8919
[1m 10/108[0m [32m━[0m[37m━━━━━━━━━━━━━━━━━━━[0m [1m24s[0m 249ms/step - auc: 0.5497 - binary_accuracy: 0.8250 - loss: 0.9199
[1m 11/108[0m [32m━━[0m[37m━━━━━━━━━━━━━━━━━━[0m [1m24s[0m 249ms/step - auc: 0.5428 - binary_accuracy: 0.8184 - loss: 0.9425
[1m 12/108[0m [32m━━[0m[37m━━━━━━━━━━━━━━━━━━[0m [1m23s[0m 249ms/step - auc: 0.5414 - binary_accuracy: 0.8095 - loss: 0.9610
[1m 13/108[0m [32m━━[0m[37m━━━━━━━━━━━━━━━━━━[0m [1m23s[0m 249ms/step - auc: 0.5460 - binary_accuracy: 0.7993 - loss: 0.9757
[1m 14/108[0m [32m━━[0m[37m━━━━━━━━━━━━━━━━━━[0m [1m23s[0m 249ms/step - auc: 0.5488 - binary_accuracy: 0.7875 - loss: 0.9882
[1m 15/108[0m [32m━━[0m[37m━━━━━━━━━━━━━━━━━━[0m [1m23s[0m 250ms/step - auc: 0.5507 - binary_accuracy: 0.7749 - loss: 0.9988
[1m 16/108[0m [32m━━[0m[37m━━━━━━━━━━━━━━━━━━[0m [1m23s[0m 251ms/step - auc: 0.5531 - binary_accuracy: 0.7622 - loss: 1.0071
[1m 17/108[0m [32m━━━[0m[37m━━━━━━━━━━━━━━━━━[0m [1m22s[0m 252ms/step - auc: 0.5551 - binary_accuracy: 0.7498 - loss: 1.0133
[1m 18/108[0m [32m━━━[0m[37m━━━━━━━━━━━━━━━━━[0m [1m22s[0m 253ms/step - auc: 0.5573 - binary_accuracy: 0.7390 - loss: 1.0171
[1m 19/108[0m [32m━━━[0m[37m━━━━━━━━━━━━━━━━━[0m [1m22s[0m 254ms/step - auc: 0.5590 - binary_accuracy: 0.7294 - loss: 1.0202
[1m 20/108[0m [32m━━━[0m[37m━━━━━━━━━━━━━━━━━[0m [1m22s[0m 255ms/step - auc: 0.5609 - binary_accuracy: 0.7213 - loss: 1.0212
[1m 21/108[0m [32m━━━[0m[37m━━━━━━━━━━━━━━━━━[0m [1m22s[0m 256ms/step - auc: 0.5629 - binary_accuracy: 0.7146 - loss: 1.0211
[1m 22/108[0m [32m━━━━[0m[37m━━━━━━━━━━━━━━━━[0m [1m22s[0m 260ms/step - auc: 0.5642 - binary_accuracy: 0.7088 - loss: 1.0219
[1m 23/108[0m [32m━━━━[0m[37m━━━━━━━━━━━━━━━━[0m [1m22s[0m 266ms/step - auc: 0.5653 - binary_accuracy: 0.7038 - loss: 1.0230
[1m 24/108[0m [32m━━━━[0m[37m━━━━━━━━━━━━━━━━[0m [1m22s[0m 268ms/step - auc: 0.5664 - binary_accuracy: 0.6997 - loss: 1.0228
[1m 25/108[0m [32m━━━━[0m[37m━━━━━━━━━━━━━━━━[0m [1m22s[0m 268ms/step - auc: 0.5673 - binary_accuracy: 0.6960 - loss: 1.0225
[1m 26/108[0m [32m━━━━[0m[37m━━━━━━━━━━━━━━━━[0m [1m22s[0m 269ms/step - auc: 0.5681 - binary_accuracy: 0.6927 - loss: 1.0213
[1m 27/108[0m [32m━━━━━[0m[37m━━━━━━━━━━━━━━━[0m [1m21s[0m 271ms/step - auc: 0.5693 - binary_accuracy: 0.6898 - loss: 1.0196
[1m 28/108[0m [32m━━━━━[0m[37m━━━━━━━━━━━━━━━[0m [1m21s[0m 271ms/step - auc: 0.5706 - binary_accuracy: 0.6873 - loss: 1.0174
[1m 29/108[0m [32m━━━━━[0m[37m━━━━━━━━━━━━━━━[0m [1m21s[0m 270ms/step - auc: 0.5719 - binary_accuracy: 0.6849 - loss: 1.0150
[1m 30/108[0m [32m━━━━━[0m[37m━━━━━━━━━━━━━━━[0m [1m21s[0m 270ms/step - auc: 0.5733 - binary_accuracy: 0.6827 - loss: 1.0125
[1m 31/108[0m [32m━━━━━[0m[37m━━━━━━━━━━━━━━━[0m [1m20s[0m 269ms/step - auc: 0.5748 - binary_accuracy: 0.6808 - loss: 1.0096
[1m 32/108[0m [32m━━━━━[0m[37m━━━━━━━━━━━━━━━[0m [1m20s[0m 270ms/step - auc: 0.5763 - binary_accuracy: 0.6790 - loss: 1.0064
[1m 33/108[0m [32m━━━━━━[0m[37m━━━━━━━━━━━━━━[0m [1m20s[0m 271ms/step - auc: 0.5778 - binary_accuracy: 0.6773 - loss: 1.0031
[1m 34/108[0m [32m━━━━━━[0m[37m━━━━━━━━━━━━━━[0m [1m20s[0m 273ms/step - auc: 0.5792 - binary_accuracy: 0.6757 - loss: 0.9997
[1m 35/108[0m [32m━━━━━━[0m[37m━━━━━━━━━━━━━━[0m [1m19s[0m 272ms/step - auc: 0.5806 - binary_accuracy: 0.6743 - loss: 0.9963
[1m 36/108[0m [32m━━━━━━[0m[37m━━━━━━━━━━━━━━[0m [1m19s[0m 272ms/step - auc: 0.5823 - binary_accuracy: 0.6730 - loss: 0.9926
[1m 37/108[0m [32m━━━━━━[0m[37m━━━━━━━━━━━━━━[0m [1m25s[0m 361ms/step - auc: 0.5840 - binary_accuracy: 0.6719 - loss: 0.9890
[1m 38/108[0m [32m━━━━━━━[0m[37m━━━━━━━━━━━━━[0m [1m32s[0m 465ms/step - auc: 0.5858 - binary_accuracy: 0.6710 - loss: 0.9853
[1m 39/108[0m [32m━━━━━━━[0m[37m━━━━━━━━━━━━━[0m [1m34s[0m 505ms/step - auc: 0.5878 - binary_accuracy: 0.6704 - loss: 0.9814
[1m 40/108[0m [32m━━━━━━━[0m[37m━━━━━━━━━━━━━[0m [1m38s[0m 572ms/step - auc: 0.5897 - binary_accuracy: 0.6699 - loss: 0.9777
[1m 41/108[0m [32m━━━━━━━[0m[37m━━━━━━━━━━━━━[0m [1m43s[0m 644ms/step - auc: 0.5916 - binary_accuracy: 0.6695 - loss: 0.9739
[1m 42/108[0m [32m━━━━━━━[0m[37m━━━━━━━━━━━━━[0m [1m46s[0m 707ms/step - auc: 0.5936 - binary_accuracy: 0.6693 - loss: 0.9702
[1m 43/108[0m [32m━━━━━━━[0m[37m━━━━━━━━━━━━━[0m [1m50s[0m 784ms/step - auc: 0.5956 - binary_accuracy: 0.6692 - loss: 0.9663
[1m 44/108[0m [32m━━━━━━━━[0m[37m━━━━━━━━━━━━[0m [1m52s[0m 818ms/step - auc: 0.5976 - binary_accuracy: 0.6691 - loss: 0.9624
[1m 45/108[0m [32m━━━━━━━━[0m[37m━━━━━━━━━━━━[0m [1m55s[0m 887ms/step - auc: 0.5998 - binary_accuracy: 0.6690 - loss: 0.9585
[1m 46/108[0m [32m━━━━━━━━[0m[37m━━━━━━━━━━━━[0m [1m58s[0m 939ms/step - auc: 0.6020 - binary_accuracy: 0.6690 - loss: 0.9547
[1m 47/108[0m [32m━━━━━━━━[0m[37m━━━━━━━━━━━━[0m [1m59s[0m 979ms/step - auc: 0.6041 - binary_accuracy: 0.6690 - loss: 0.9509
[1m 48/108[0m [32m━━━━━━━━[0m[37m━━━━━━━━━━━━[0m [1m1:01[0m 1s/step - auc: 0.6062 - binary_accuracy: 0.6690 - loss: 0.9472  
[1m 49/108[0m [32m━━━━━━━━━[0m[37m━━━━━━━━━━━[0m [1m1:02[0m 1s/step - auc: 0.6082 - binary_accuracy: 0.6690 - loss: 0.9437
[1m 50/108[0m [32m━━━━━━━━━[0m[37m━━━━━━━━━━━[0m [1m1:02[0m 1s/step - auc: 0.6101 - binary_accuracy: 0.6691 - loss: 0.9402
[1m 51/108[0m [32m━━━━━━━━━[0m[37m━━━━━━━━━━━[0m [1m1:03[0m 1s/step - auc: 0.6121 - binary_accuracy: 0.6692 - loss: 0.9368
[1m 52/108[0m [32m━━━━━━━━━[0m[37m━━━━━━━━━━━[0m [1m1:05[0m 1s/step - auc: 0.6141 - binary_accuracy: 0.6692 - loss: 0.9335
[1m 53/108[0m [32m━━━━━━━━━[0m[37m━━━━━━━━━━━[0m [1m1:07[0m 1s/step - auc: 0.6160 - binary_accuracy: 0.6693 - loss: 0.9302
[1m 54/108[0m [32m━━━━━━━━━━[0m[37m━━━━━━━━━━[0m [1m1:07[0m 1s/step - auc: 0.6179 - binary_accuracy: 0.6693 - loss: 0.9269
[1m 55/108[0m [32m━━━━━━━━━━[0m[37m━━━━━━━━━━[0m [1m1:07[0m 1s/step - auc: 0.6197 - binary_accuracy: 0.6694 - loss: 0.9236
[1m 56/108[0m [32m━━━━━━━━━━[0m[37m━━━━━━━━━━[0m [1m1:08[0m 1s/step - auc: 0.6216 - binary_accuracy: 0.6694 - loss: 0.9204
[1m 57/108[0m [32m━━━━━━━━━━[0m[37m━━━━━━━━━━[0m [1m1:09[0m 1s/step - auc: 0.6234 - binary_accuracy: 0.6695 - loss: 0.9173
[1m 58/108[0m [32m━━━━━━━━━━[0m[37m━━━━━━━━━━[0m [1m1:09[0m 1s/step - auc: 0.6251 - binary_accuracy: 0.6695 - loss: 0.9142
[1m 59/108[0m [32m━━━━━━━━━━[0m[37m━━━━━━━━━━[0m [1m1:08[0m 1s/step - auc: 0.6269 - binary_accuracy: 0.6695 - loss: 0.9112
[1m 60/108[0m [32m━━━━━━━━━━━[0m[37m━━━━━━━━━[0m [1m1:08[0m 1s/step - auc: 0.6286 - binary_accuracy: 0.6696 - loss: 0.9081
[1m 61/108[0m [32m━━━━━━━━━━━[0m[37m━━━━━━━━━[0m [1m1:08[0m 1s/step - auc: 0.6304 - binary_accuracy: 0.6697 - loss: 0.9051
[1m 62/108[0m [32m━━━━━━━━━━━[0m[37m━━━━━━━━━[0m [1m1:08[0m 1s/step - auc: 0.6322 - binary_accuracy: 0.6699 - loss: 0.9021
[1m 63/108[0m [32m━━━━━━━━━━━[0m[37m━━━━━━━━━[0m [1m1:09[0m 2s/step - auc: 0.6339 - binary_accuracy: 0.6700 - loss: 0.8991
[1m 64/108[0m [32m━━━━━━━━━━━[0m[37m━━━━━━━━━[0m [1m1:08[0m 2s/step - auc: 0.6356 - binary_accuracy: 0.6703 - loss: 0.8960
[1m 65/108[0m [32m━━━━━━━━━━━━[0m[37m━━━━━━━━[0m [1m1:08[0m 2s/step - auc: 0.6372 - binary_accuracy: 0.6705 - loss: 0.8931
[1m 66/108[0m [32m━━━━━━━━━━━━[0m[37m━━━━━━━━[0m [1m1:06[0m 2s/step - auc: 0.6389 - binary_accuracy: 0.6708 - loss: 0.8902
[1m 67/108[0m [32m━━━━━━━━━━━━[0m[37m━━━━━━━━[0m [1m1:06[0m 2s/step - auc: 0.6405 - binary_accuracy: 0.6711 - loss: 0.8874
[1m 68/108[0m [32m━━━━━━━━━━━━[0m[37m━━━━━━━━[0m [1m1:05[0m 2s/step - auc: 0.6421 - binary_accuracy: 0.6714 - loss: 0.8846
[1m 69/108[0m [32m━━━━━━━━━━━━[0m[37m━━━━━━━━[0m [1m1:05[0m 2s/step - auc: 0.6438 - binary_accuracy: 0.6717 - loss: 0.8818
[1m 70/108[0m [32m━━━━━━━━━━━━[0m[37m━━━━━━━━[0m [1m1:04[0m 2s/step - auc: 0.6454 - binary_accuracy: 0.6721 - loss: 0.8790
[1m 71/108[0m [32m━━━━━━━━━━━━━[0m[37m━━━━━━━[0m [1m1:03[0m 2s/step - auc: 0.6470 - binary_accuracy: 0.6725 - loss: 0.8762
[1m 72/108[0m [32m━━━━━━━━━━━━━[0m[37m━━━━━━━[0m [1m1:01[0m 2s/step - auc: 0.6486 - binary_accuracy: 0.6729 - loss: 0.8734
[1m 73/108[0m [32m━━━━━━━━━━━━━[0m[37m━━━━━━━[0m [1m1:00[0m 2s/step - auc: 0.6502 - binary_accuracy: 0.6733 - loss: 0.8707
[1m 74/108[0m [32m━━━━━━━━━━━━━[0m[37m━━━━━━━[0m [1m1:00[0m 2s/step - auc: 0.6518 - binary_accuracy: 0.6737 - loss: 0.8679
[1m 75/108[0m [32m━━━━━━━━━━━━━[0m[37m━━━━━━━[0m [1m59s[0m 2s/step - auc: 0.6533 - binary_accuracy: 0.6740 - loss: 0.8652 
[1m 76/108[0m [32m━━━━━━━━━━━━━━[0m[37m━━━━━━[0m [1m58s[0m 2s/step - auc: 0.6548 - binary_accuracy: 0.6744 - loss: 0.8625
[1m 77/108[0m [32m━━━━━━━━━━━━━━[0m[37m━━━━━━[0m [1m57s[0m 2s/step - auc: 0.6563 - binary_accuracy: 0.6748 - loss: 0.8599
[1m 78/108[0m [32m━━━━━━━━━━━━━━[0m[37m━━━━━━[0m [1m55s[0m 2s/step - auc: 0.6577 - binary_accuracy: 0.6752 - loss: 0.8573
[1m 79/108[0m [32m━━━━━━━━━━━━━━[0m[37m━━━━━━[0m [1m54s[0m 2s/step - auc: 0.6592 - binary_accuracy: 0.6756 - loss: 0.8547
[1m 80/108[0m [32m━━━━━━━━━━━━━━[0m[37m━━━━━━[0m [1m53s[0m 2s/step - auc: 0.6606 - binary_accuracy: 0.6761 - loss: 0.8523
[1m 81/108[0m [32m━━━━━━━━━━━━━━━[0m[37m━━━━━[0m [1m51s[0m 2s/step - auc: 0.6619 - binary_accuracy: 0.6765 - loss: 0.8498
[1m 82/108[0m [32m━━━━━━━━━━━━━━━[0m[37m━━━━━[0m [1m50s[0m 2s/step - auc: 0.6633 - binary_accuracy: 0.6770 - loss: 0.8475
[1m 83/108[0m [32m━━━━━━━━━━━━━━━[0m[37m━━━━━[0m [1m48s[0m 2s/step - auc: 0.6647 - binary_accuracy: 0.6774 - loss: 0.8451
[1m 84/108[0m [32m━━━━━━━━━━━━━━━[0m[37m━━━━━[0m [1m46s[0m 2s/step - auc: 0.6660 - binary_accuracy: 0.6779 - loss: 0.8428
[1m 85/108[0m [32m━━━━━━━━━━━━━━━[0m[37m━━━━━[0m [1m45s[0m 2s/step - auc: 0.6673 - binary_accuracy: 0.6783 - loss: 0.8406
[1m 86/108[0m [32m━━━━━━━━━━━━━━━[0m[37m━━━━━[0m [1m43s[0m 2s/step - auc: 0.6685 - binary_accuracy: 0.6787 - loss: 0.8383
[1m 87/108[0m [32m━━━━━━━━━━━━━━━━[0m[37m━━━━[0m [1m41s[0m 2s/step - auc: 0.6698 - binary_accuracy: 0.6792 - loss: 0.8361
[1m 88/108[0m [32m━━━━━━━━━━━━━━━━[0m[37m━━━━[0m [1m40s[0m 2s/step - auc: 0.6711 - binary_accuracy: 0.6796 - loss: 0.8339
[1m 89/108[0m [32m━━━━━━━━━━━━━━━━[0m[37m━━━━[0m [1m38s[0m 2s/step - auc: 0.6723 - binary_accuracy: 0.6800 - loss: 0.8318
[1m 90/108[0m [32m━━━━━━━━━━━━━━━━[0m[37m━━━━[0m [1m36s[0m 2s/step - auc: 0.6735 - binary_accuracy: 0.6804 - loss: 0.8296
[1m 91/108[0m [32m━━━━━━━━━━━━━━━━[0m[37m━━━━[0m [1m34s[0m 2s/step - auc: 0.6747 - binary_accuracy: 0.6808 - loss: 0.8274
[1m 92/108[0m [32m━━━━━━━━━━━━━━━━━[0m[37m━━━[0m [1m32s[0m 2s/step - auc: 0.6759 - binary_accuracy: 0.6813 - loss: 0.8253
[1m 93/108[0m [32m━━━━━━━━━━━━━━━━━[0m[37m━━━[0m [1m31s[0m 2s/step - auc: 0.6771 - binary_accuracy: 0.6817 - loss: 0.8233
[1m 94/108[0m [32m━━━━━━━━━━━━━━━━━[0m[37m━━━[0m [1m29s[0m 2s/step - auc: 0.6782 - binary_accuracy: 0.6821 - loss: 0.8212
[1m 95/108[0m [32m━━━━━━━━━━━━━━━━━[0m[37m━━━[0m [1m27s[0m 2s/step - auc: 0.6794 - binary_accuracy: 0.6825 - loss: 0.8191
[1m 96/108[0m [32m━━━━━━━━━━━━━━━━━[0m[37m━━━[0m [1m25s[0m 2s/step - auc: 0.6805 - binary_accuracy: 0.6830 - loss: 0.8171
[1m 97/108[0m [32m━━━━━━━━━━━━━━━━━[0m[37m━━━[0m [1m23s[0m 2s/step - auc: 0.6816 - binary_accuracy: 0.6834 - loss: 0.8151
[1m 98/108[0m [32m━━━━━━━━━━━━━━━━━━[0m[37m━━[0m [1m21s[0m 2s/step - auc: 0.6827 - binary_accuracy: 0.6839 - loss: 0.8131
[1m 99/108[0m [32m━━━━━━━━━━━━━━━━━━[0m[37m━━[0m [1m19s[0m 2s/step - auc: 0.6838 - binary_accuracy: 0.6843 - loss: 0.8111
[1m100/108[0m [32m━━━━━━━━━━━━━━━━━━[0m[37m━━[0m [1m17s[0m 2s/step - auc: 0.6849 - binary_accuracy: 0.6848 - loss: 0.8092
[1m101/108[0m [32m━━━━━━━━━━━━━━━━━━[0m[37m━━[0m [1m15s[0m 2s/step - auc: 0.6860 - binary_accuracy: 0.6852 - loss: 0.8072
[1m102/108[0m [32m━━━━━━━━━━━━━━━━━━[0m[37m━━[0m [1m13s[0m 2s/step - auc: 0.6871 - binary_accuracy: 0.6857 - loss: 0.8053
[1m103/108[0m [32m━━━━━━━━━━━━━━━━━━━[0m[37m━[0m [1m10s[0m 2s/step - auc: 0.6882 - binary_accuracy: 0.6861 - loss: 0.8034
[1m104/108[0m [32m━━━━━━━━━━━━━━━━━━━[0m[37m━[0m [1m8s[0m 2s/step - auc: 0.6893 - binary_accuracy: 0.6866 - loss: 0.8015 
[1m105/108[0m [32m━━━━━━━━━━━━━━━━━━━[0m[37m━[0m [1m6s[0m 2s/step - auc: 0.6904 - binary_accuracy: 0.6871 - loss: 0.7996
[1m106/108[0m [32m━━━━━━━━━━━━━━━━━━━[0m[37m━[0m [1m4s[0m 2s/step - auc: 0.6914 - binary_accuracy: 0.6876 - loss: 0.7977
[1m107/108[0m [32m━━━━━━━━━━━━━━━━━━━[0m[37m━[0m [1m2s[0m 2s/step - auc: 0.6925 - binary_accuracy: 0.6880 - loss: 0.7959
[1m108/108[0m [32m━━━━━━━━━━━━━━━━━━━━[0m[37m[0m [1m0s[0m 2s/step - auc: 0.6935 - binary_accuracy: 0.6885 - loss: 0.7940transfer phase-a: epoch 1/8 done in 410.7s loss=0.5963 auc=0.8047 val_loss=0.3567 val_auc=0.9508

[1m108/108[0m [32m━━━━━━━━━━━━━━━━━━━━[0m[37m[0m [1m411s[0m 3s/step - auc: 0.8047 - binary_accuracy: 0.7398 - loss: 0.5963 - val_auc: 0.9508 - val_binary_accuracy: 0.8545 - val_loss: 0.3567
transfer phase-a: epoch 2/8 start
Epoch 2/3

[1m  1/108[0m [37m━━━━━━━━━━━━━━━━━━━━[0m [1m50s[0m 472ms/step - auc: 1.0000 - binary_accuracy: 0.8750 - loss: 0.2155
[1m  2/108[0m [37m━━━━━━━━━━━━━━━━━━━━[0m [1m25s[0m 245ms/step - auc: 1.0000 - binary_accuracy: 0.8750 - loss: 0.2110
[1m  3/108[0m [37m━━━━━━━━━━━━━━━━━━━━[0m [1m25s[0m 244ms/step - auc: 1.0000 - binary_accuracy: 0.8750 - loss: 0.2104
[1m  4/108[0m [37m━━━━━━━━━━━━━━━━━━━━[0m [1m25s[0m 243ms/step - auc: 0.9879 - binary_accuracy: 0.8730 - loss: 0.2168
[1m  5/108[0m [37m━━━━━━━━━━━━━━━━━━━━[0m [1m25s[0m 244ms/step - auc: 0.9758 - binary_accuracy: 0.8734 - loss: 0.2281
[1m  6/108[0m [32m━[0m[37m━━━━━━━━━━━━━━━━━━━[0m [1m24s[0m 244ms/step - auc: 0.9584 - binary_accuracy: 0.8728 - loss: 0.2471
[1m  7/108[0m [32m━[0m[37m━━━━━━━━━━━━━━━━━━━[0m [1m24s[0m 243ms/step - auc: 0.9448 - binary_accuracy: 0.8712 - loss: 0.2670
[1m  8/108[0m [32m━[0m[37m━━━━━━━━━━━━━━━━━━━[0m [1m24s[0m 243ms/step - auc: 0.9364 - binary_accuracy: 0.8702 - loss: 0.2802
[1m  9/108[0m [32m━[0m[37m━━━━━━━━━━━━━━━━━━━[0m [1m24s[0m 243ms/step - auc: 0.9305 - binary_accuracy: 0.8692 - loss: 0.2888
[1m 10/108[0m [32m━[0m[37m━━━━━━━━━━━━━━━━━━━[0m [1m23s[0m 244ms/step - auc: 0.9254 - binary_accuracy: 0.8689 - loss: 0.2963
[1m 11/108[0m [32m━━[0m[37m━━━━━━━━━━━━━━━━━━[0m [1m23s[0m 244ms/step - auc: 0.9209 - binary_accuracy: 0.8684 - loss: 0.3052
[1m 12/108[0m [32m━━[0m[37m━━━━━━━━━━━━━━━━━━[0m [1m23s[0m 243ms/step - auc: 0.9190 - binary_accuracy: 0.8683 - loss: 0.3121
[1m 13/108[0m [32m━━[0m[37m━━━━━━━━━━━━━━━━━━[0m [1m23s[0m 243ms/step - auc: 0.9187 - binary_accuracy: 0.8682 - loss: 0.3183
[1m 14/108[0m [32m━━[0m[37m━━━━━━━━━━━━━━━━━━[0m [1m22s[0m 243ms/step - auc: 0.9180 - binary_accuracy: 0.8671 - loss: 0.3236
[1m 15/108[0m [32m━━[0m[37m━━━━━━━━━━━━━━━━━━[0m [1m22s[0m 244ms/step - auc: 0.9175 - binary_accuracy: 0.8663 - loss: 0.3275
[1m 16/108[0m [32m━━[0m[37m━━━━━━━━━━━━━━━━━━[0m [1m22s[0m 244ms/step - auc: 0.9174 - binary_accuracy: 0.8654 - loss: 0.3307
[1m 17/108[0m [32m━━━[0m[37m━━━━━━━━━━━━━━━━━[0m [1m22s[0m 244ms/step - auc: 0.9173 - binary_accuracy: 0.8645 - loss: 0.3332
[1m 18/108[0m [32m━━━[0m[37m━━━━━━━━━━━━━━━━━[0m [1m22s[0m 245ms/step - auc: 0.9176 - binary_accuracy: 0.8638 - loss: 0.3352
[1m 19/108[0m [32m━━━[0m[37m━━━━━━━━━━━━━━━━━[0m [1m21s[0m 245ms/step - auc: 0.9180 - binary_accuracy: 0.8630 - loss: 0.3372
[1m 20/108[0m [32m━━━[0m[37m━━━━━━━━━━━━━━━━━[0m [1m21s[0m 246ms/step - auc: 0.9183 - binary_accuracy: 0.8623 - loss: 0.3389
[1m 21/108[0m [32m━━━[0m[37m━━━━━━━━━━━━━━━━━[0m [1m21s[0m 246ms/step - auc: 0.9188 - binary_accuracy: 0.8617 - loss: 0.3403
[1m 22/108[0m [32m━━━━[0m[37m━━━━━━━━━━━━━━━━[0m [1m21s[0m 246ms/step - auc: 0.9192 - binary_accuracy: 0.8611 - loss: 0.3422
[1m 23/108[0m [32m━━━━[0m[37m━━━━━━━━━━━━━━━━[0m [1m20s[0m 246ms/step - auc: 0.9197 - binary_accuracy: 0.8607 - loss: 0.3439
[1m 24/108[0m [32m━━━━[0m[37m━━━━━━━━━━━━━━━━[0m [1m20s[0m 247ms/step - auc: 0.9203 - binary_accuracy: 0.8603 - loss: 0.3452
[1m 25/108[0m [32m━━━━[0m[37m━━━━━━━━━━━━━━━━[0m [1m20s[0m 247ms/step - auc: 0.9208 - binary_accuracy: 0.8598 - loss: 0.3465
[1m 26/108[0m [32m━━━━[0m[37m━━━━━━━━━━━━━━━━[0m [1m20s[0m 247ms/step - auc: 0.9213 - binary_accuracy: 0.8594 - loss: 0.3475
[1m 27/108[0m [32m━━━━━[0m[37m━━━━━━━━━━━━━━━[0m [1m19s[0m 247ms/step - auc: 0.9217 - binary_accuracy: 0.8589 - loss: 0.3484
[1m 28/108[0m [32m━━━━━[0m[37m━━━━━━━━━━━━━━━[0m [1m19s[0m 247ms/step - auc: 0.9221 - binary_accuracy: 0.8583 - loss: 0.3492
[1m 29/108[0m [32m━━━━━[0m[37m━━━━━━━━━━━━━━━[0m [1m19s[0m 247ms/step - auc: 0.9222 - binary_accuracy: 0.8578 - loss: 0.3505
[1m 30/108[0m [32m━━━━━[0m[37m━━━━━━━━━━━━━━━[0m [1m19s[0m 247ms/step - auc: 0.9224 - binary_accuracy: 0.8574 - loss: 0.3517
[1m 31/108[0m [32m━━━━━[0m[37m━━━━━━━━━━━━━━━[0m [1m19s[0m 247ms/step - auc: 0.9226 - binary_accuracy: 0.8571 - loss: 0.3527
[1m 32/108[0m [32m━━━━━[0m[37m━━━━━━━━━━━━━━━[0m [1m18s[0m 247ms/step - auc: 0.9228 - binary_accuracy: 0.8569 - loss: 0.3534
[1m 33/108[0m [32m━━━━━━[0m[37m━━━━━━━━━━━━━━[0m [1m18s[0m 248ms/step - auc: 0.9230 - binary_accuracy: 0.8567 - loss: 0.3541
[1m 34/108[0m [32m━━━━━━[0m[37m━━━━━━━━━━━━━━[0m [1m18s[0m 248ms/step - auc: 0.9232 - binary_accuracy: 0.8565 - loss: 0.3547
[1m 35/108[0m [32m━━━━━━[0m[37m━━━━━━━━━━━━━━[0m [1m18s[0m 248ms/step - auc: 0.9234 - binary_accuracy: 0.8563 - loss: 0.3552
[1m 36/108[0m [32m━━━━━━[0m[37m━━━━━━━━━━━━━━[0m [1m17s[0m 248ms/step - auc: 0.9236 - binary_accuracy: 0.8561 - loss: 0.3558
[1m 37/108[0m [32m━━━━━━[0m[37m━━━━━━━━━━━━━━[0m [1m17s[0m 248ms/step - auc: 0.9236 - binary_accuracy: 0.8559 - loss: 0.3566
[1m 38/108[0m [32m━━━━━━━[0m[37m━━━━━━━━━━━━━[0m [1m17s[0m 248ms/step - auc: 0.9237 - binary_accuracy: 0.8558 - loss: 0.3573
[1m 39/108[0m [32m━━━━━━━[0m[37m━━━━━━━━━━━━━[0m [1m17s[0m 248ms/step - auc: 0.9239 - binary_accuracy: 0.8557 - loss: 0.3578
[1m 40/108[0m [32m━━━━━━━[0m[37m━━━━━━━━━━━━━[0m [1m16s[0m 248ms/step - auc: 0.9240 - binary_accuracy: 0.8557 - loss: 0.3584
[1m 41/108[0m [32m━━━━━━━[0m[37m━━━━━━━━━━━━━[0m [1m16s[0m 248ms/step - auc: 0.9243 - binary_accuracy: 0.8558 - loss: 0.3588
[1m 42/108[0m [32m━━━━━━━[0m[37m━━━━━━━━━━━━━[0m [1m16s[0m 248ms/step - auc: 0.9245 - binary_accuracy: 0.8558 - loss: 0.3592
[1m 43/108[0m [32m━━━━━━━[0m[37m━━━━━━━━━━━━━[0m [1m16s[0m 248ms/step - auc: 0.9247 - binary_accuracy: 0.8559 - loss: 0.3596
[1m 44/108[0m [32m━━━━━━━━[0m[37m━━━━━━━━━━━━[0m [1m15s[0m 248ms/step - auc: 0.9249 - binary_accuracy: 0.8560 - loss: 0.3599
[1m 45/108[0m [32m━━━━━━━━[0m[37m━━━━━━━━━━━━[0m [1m15s[0m 248ms/step - auc: 0.9252 - binary_accuracy: 0.8560 - loss: 0.3602
[1m 46/108[0m [32m━━━━━━━━[0m[37m━━━━━━━━━━━━[0m [1m15s[0m 248ms/step - auc: 0.9254 - binary_accuracy: 0.8561 - loss: 0.3605
[1m 47/108[0m [32m━━━━━━━━[0m[37m━━━━━━━━━━━━[0m [1m15s[0m 249ms/step - auc: 0.9256 - binary_accuracy: 0.8561 - loss: 0.3608
[1m 48/108[0m [32m━━━━━━━━[0m[37m━━━━━━━━━━━━[0m [1m14s[0m 249ms/step - auc: 0.9258 - binary_accuracy: 0.8560 - loss: 0.3611
[1m 49/108[0m [32m━━━━━━━━━[0m[37m━━━━━━━━━━━[0m [1m14s[0m 249ms/step - auc: 0.9259 - binary_accuracy: 0.8560 - loss: 0.3614
[1m 50/108[0m [32m━━━━━━━━━[0m[37m━━━━━━━━━━━[0m [1m14s[0m 249ms/step - auc: 0.9261 - binary_accuracy: 0.8560 - loss: 0.3618
[1m 51/108[0m [32m━━━━━━━━━[0m[37m━━━━━━━━━━━[0m [1m14s[0m 249ms/step - auc: 0.9262 - binary_accuracy: 0.8560 - loss: 0.3622
[1m 52/108[0m [32m━━━━━━━━━[0m[37m━━━━━━━━━━━[0m [1m13s[0m 249ms/step - auc: 0.9263 - binary_accuracy: 0.8559 - loss: 0.3626
[1m 53/108[0m [32m━━━━━━━━━[0m[37m━━━━━━━━━━━[0m [1m13s[0m 249ms/step - auc: 0.9264 - binary_accuracy: 0.8559 - loss: 0.3630
[1m 54/108[0m [32m━━━━━━━━━━[0m[37m━━━━━━━━━━[0m [1m13s[0m 249ms/step - auc: 0.9265 - binary_accuracy: 0.8558 - loss: 0.3634
[1m 55/108[0m [32m━━━━━━━━━━[0m[37m━━━━━━━━━━[0m [1m13s[0m 249ms/step - auc: 0.9266 - binary_accuracy: 0.8557 - loss: 0.3638
[1m 56/108[0m [32m━━━━━━━━━━[0m[37m━━━━━━━━━━[0m [1m12s[0m 249ms/step - auc: 0.9267 - binary_accuracy: 0.8556 - loss: 0.3641
[1m 57/108[0m [32m━━━━━━━━━━[0m[37m━━━━━━━━━━[0m [1m12s[0m 249ms/step - auc: 0.9268 - binary_accuracy: 0.8555 - loss: 0.3645
[1m 58/108[0m [32m━━━━━━━━━━[0m[37m━━━━━━━━━━[0m [1m12s[0m 249ms/step - auc: 0.9268 - binary_accuracy: 0.8554 - loss: 0.3649
[1m 59/108[0m [32m━━━━━━━━━━[0m[37m━━━━━━━━━━[0m [1m12s[0m 249ms/step - auc: 0.9269 - binary_accuracy: 0.8552 - loss: 0.3652
[1m 60/108[0m [32m━━━━━━━━━━━[0m[37m━━━━━━━━━[0m [1m11s[0m 250ms/step - auc: 0.9270 - binary_accuracy: 0.8551 - loss: 0.3656
[1m 61/108[0m [32m━━━━━━━━━━━[0m[37m━━━━━━━━━[0m [1m11s[0m 250ms/step - auc: 0.9270 - binary_accuracy: 0.8551 - loss: 0.3659
[1m 62/108[0m [32m━━━━━━━━━━━[0m[37m━━━━━━━━━[0m [1m11s[0m 250ms/step - auc: 0.9271 - binary_accuracy: 0.8550 - loss: 0.3662
[1m 63/108[0m [32m━━━━━━━━━━━[0m[37m━━━━━━━━━[0m [1m11s[0m 250ms/step - auc: 0.9272 - binary_accuracy: 0.8549 - loss: 0.3665
[1m 64/108[0m [32m━━━━━━━━━━━[0m[37m━━━━━━━━━[0m [1m10s[0m 250ms/step - auc: 0.9272 - binary_accuracy: 0.8548 - loss: 0.3668
[1m 65/108[0m [32m━━━━━━━━━━━━[0m[37m━━━━━━━━[0m [1m10s[0m 250ms/step - auc: 0.9273 - binary_accuracy: 0.8547 - loss: 0.3670
[1m 66/108[0m [32m━━━━━━━━━━━━[0m[37m━━━━━━━━[0m [1m10s[0m 250ms/step - auc: 0.9273 - binary_accuracy: 0.8546 - loss: 0.3673
[1m 67/108[0m [32m━━━━━━━━━━━━[0m[37m━━━━━━━━[0m [1m10s[0m 250ms/step - auc: 0.9274 - binary_accuracy: 0.8545 - loss: 0.3676
[1m 68/108[0m [32m━━━━━━━━━━━━[0m[37m━━━━━━━━[0m [1m10s[0m 250ms/step - auc: 0.9274 - binary_accuracy: 0.8544 - loss: 0.3679
[1m 69/108[0m [32m━━━━━━━━━━━━[0m[37m━━━━━━━━[0m [1m9s[0m 251ms/step - auc: 0.9275 - binary_accuracy: 0.8543 - loss: 0.3682 
[1m 70/108[0m [32m━━━━━━━━━━━━[0m[37m━━━━━━━━[0m [1m9s[0m 251ms/step - auc: 0.9276 - binary_accuracy: 0.8542 - loss: 0.3684
[1m 71/108[0m [32m━━━━━━━━━━━━━[0m[37m━━━━━━━[0m [1m9s[0m 251ms/step - auc: 0.9277 - binary_accuracy: 0.8542 - loss: 0.3686
[1m 72/108[0m [32m━━━━━━━━━━━━━[0m[37m━━━━━━━[0m [1m9s[0m 251ms/step - auc: 0.9278 - binary_accuracy: 0.8541 - loss: 0.3687
[1m 73/108[0m [32m━━━━━━━━━━━━━[0m[37m━━━━━━━[0m [1m8s[0m 251ms/step - auc: 0.9278 - binary_accuracy: 0.8540 - loss: 0.3689
[1m 74/108[0m [32m━━━━━━━━━━━━━[0m[37m━━━━━━━[0m [1m8s[0m 251ms/step - auc: 0.9279 - binary_accuracy: 0.8540 - loss: 0.3690
[1m 75/108[0m [32m━━━━━━━━━━━━━[0m[37m━━━━━━━[0m [1m8s[0m 251ms/step - auc: 0.9280 - binary_accuracy: 0.8539 - loss: 0.3690
[1m 76/108[0m [32m━━━━━━━━━━━━━━[0m[37m━━━━━━[0m [1m8s[0m 251ms/step - auc: 0.9281 - binary_accuracy: 0.8538 - loss: 0.3691
[1m 77/108[0m [32m━━━━━━━━━━━━━━[0m[37m━━━━━━[0m [1m7s[0m 251ms/step - auc: 0.9282 - binary_accuracy: 0.8538 - loss: 0.3692
[1m 78/108[0m [32m━━━━━━━━━━━━━━[0m[37m━━━━━━[0m [1m7s[0m 251ms/step - auc: 0.9283 - binary_accuracy: 0.8537 - loss: 0.3692
[1m 79/108[0m [32m━━━━━━━━━━━━━━[0m[37m━━━━━━[0m [1m7s[0m 251ms/step - auc: 0.9283 - binary_accuracy: 0.8537 - loss: 0.3694
[1m 80/108[0m [32m━━━━━━━━━━━━━━[0m[37m━━━━━━[0m [1m7s[0m 251ms/step - auc: 0.9284 - binary_accuracy: 0.8536 - loss: 0.3695
[1m 81/108[0m [32m━━━━━━━━━━━━━━━[0m[37m━━━━━[0m [1m6s[0m 251ms/step - auc: 0.9284 - binary_accuracy: 0.8536 - loss: 0.3697
[1m 82/108[0m [32m━━━━━━━━━━━━━━━[0m[37m━━━━━[0m [1m6s[0m 251ms/step - auc: 0.9285 - binary_accuracy: 0.8536 - loss: 0.3698
[1m 83/108[0m [32m━━━━━━━━━━━━━━━[0m[37m━━━━━[0m [1m6s[0m 252ms/step - auc: 0.9285 - binary_accuracy: 0.8535 - loss: 0.3699
[1m 84/108[0m [32m━━━━━━━━━━━━━━━[0m[37m━━━━━[0m [1m6s[0m 252ms/step - auc: 0.9286 - binary_accuracy: 0.8535 - loss: 0.3701
[1m 85/108[0m [32m━━━━━━━━━━━━━━━[0m[37m━━━━━[0m [1m5s[0m 252ms/step - auc: 0.9286 - binary_accuracy: 0.8534 - loss: 0.3703
[1m 86/108[0m [32m━━━━━━━━━━━━━━━[0m[37m━━━━━[0m [1m5s[0m 252ms/step - auc: 0.9286 - binary_accuracy: 0.8534 - loss: 0.3704
[1m 87/108[0m [32m━━━━━━━━━━━━━━━━[0m[37m━━━━[0m [1m5s[0m 252ms/step - auc: 0.9286 - binary_accuracy: 0.8533 - loss: 0.3706
[1m 88/108[0m [32m━━━━━━━━━━━━━━━━[0m[37m━━━━[0m [1m5s[0m 252ms/step - auc: 0.9286 - binary_accuracy: 0.8532 - loss: 0.3707
[1m 89/108[0m [32m━━━━━━━━━━━━━━━━[0m[37m━━━━[0m [1m4s[0m 252ms/step - auc: 0.9287 - binary_accuracy: 0.8531 - loss: 0.3709
[1m 90/108[0m [32m━━━━━━━━━━━━━━━━[0m[37m━━━━[0m [1m4s[0m 252ms/step - auc: 0.9287 - binary_accuracy: 0.8530 - loss: 0.3710
[1m 91/108[0m [32m━━━━━━━━━━━━━━━━[0m[37m━━━━[0m [1m4s[0m 252ms/step - auc: 0.9287 - binary_accuracy: 0.8529 - loss: 0.3711
[1m 92/108[0m [32m━━━━━━━━━━━━━━━━━[0m[37m━━━[0m [1m4s[0m 252ms/step - auc: 0.9287 - binary_accuracy: 0.8528 - loss: 0.3713
[1m 93/108[0m [32m━━━━━━━━━━━━━━━━━[0m[37m━━━[0m [1m3s[0m 252ms/step - auc: 0.9287 - binary_accuracy: 0.8526 - loss: 0.3714
[1m 94/108[0m [32m━━━━━━━━━━━━━━━━━[0m[37m━━━[0m [1m3s[0m 252ms/step - auc: 0.9287 - binary_accuracy: 0.8525 - loss: 0.3715
[1m 95/108[0m [32m━━━━━━━━━━━━━━━━━[0m[37m━━━[0m [1m3s[0m 252ms/step - auc: 0.9287 - binary_accuracy: 0.8524 - loss: 0.3716
[1m 96/108[0m [32m━━━━━━━━━━━━━━━━━[0m[37m━━━[0m [1m3s[0m 252ms/step - auc: 0.9287 - binary_accuracy: 0.8523 - loss: 0.3718
[1m 97/108[0m [32m━━━━━━━━━━━━━━━━━[0m[37m━━━[0m [1m2s[0m 252ms/step - auc: 0.9287 - binary_accuracy: 0.8522 - loss: 0.3719
[1m 98/108[0m [32m━━━━━━━━━━━━━━━━━━[0m[37m━━[0m [1m2s[0m 252ms/step - auc: 0.9287 - binary_accuracy: 0.8521 - loss: 0.3720
[1m 99/108[0m [32m━━━━━━━━━━━━━━━━━━[0m[37m━━[0m [1m2s[0m 252ms/step - auc: 0.9287 - binary_accuracy: 0.8521 - loss: 0.3721
[1m100/108[0m [32m━━━━━━━━━━━━━━━━━━[0m[37m━━[0m [1m2s[0m 252ms/step - auc: 0.9287 - binary_accuracy: 0.8520 - loss: 0.3723
[1m101/108[0m [32m━━━━━━━━━━━━━━━━━━[0m[37m━━[0m [1m1s[0m 252ms/step - auc: 0.9287 - binary_accuracy: 0.8519 - loss: 0.3724
[1m102/108[0m [32m━━━━━━━━━━━━━━━━━━[0m[37m━━[0m [1m1s[0m 252ms/step - auc: 0.9287 - binary_accuracy: 0.8518 - loss: 0.3725
[1m103/108[0m [32m━━━━━━━━━━━━━━━━━━━[0m[37m━[0m [1m1s[0m 252ms/step - auc: 0.9287 - binary_accuracy: 0.8518 - loss: 0.3726
[1m104/108[0m [32m━━━━━━━━━━━━━━━━━━━[0m[37m━[0m [1m1s[0m 252ms/step - auc: 0.9287 - binary_accuracy: 0.8517 - loss: 0.3727
[1m105/108[0m [32m━━━━━━━━━━━━━━━━━━━[0m[37m━[0m [1m0s[0m 252ms/step - auc: 0.9287 - binary_accuracy: 0.8516 - loss: 0.3728
[1m106/108[0m [32m━━━━━━━━━━━━━━━━━━━[0m[37m━[0m [1m0s[0m 252ms/step - auc: 0.9288 - binary_accuracy: 0.8516 - loss: 0.3728
[1m107/108[0m [32m━━━━━━━━━━━━━━━━━━━[0m[37m━[0m [1m0s[0m 252ms/step - auc: 0.9288 - binary_accuracy: 0.8515 - loss: 0.3729
[1m108/108[0m [32m━━━━━━━━━━━━━━━━━━━━[0m[37m[0m [1m0s[0m 251ms/step - auc: 0.9288 - binary_accuracy: 0.8515 - loss: 0.3729transfer phase-a: epoch 2/8 done in 33.6s loss=0.3776 auc=0.9312 val_loss=0.3376 val_auc=0.9689

[1m108/108[0m [32m━━━━━━━━━━━━━━━━━━━━[0m[37m[0m [1m34s[0m 310ms/step - auc: 0.9312 - binary_accuracy: 0.8468 - loss: 0.3776 - val_auc: 0.9689 - val_binary_accuracy: 0.8781 - val_loss: 0.3376
transfer phase-a: epoch 3/8 start
Epoch 3/3

[1m  1/108[0m [37m━━━━━━━━━━━━━━━━━━━━[0m [1m52s[0m 490ms/step - auc: 1.0000 - binary_accuracy: 0.9062 - loss: 0.1865
[1m  2/108[0m [37m━━━━━━━━━━━━━━━━━━━━[0m [1m26s[0m 249ms/step - auc: 1.0000 - binary_accuracy: 0.9062 - loss: 0.1829
[1m  3/108[0m [37m━━━━━━━━━━━━━━━━━━━━[0m [1m26s[0m 254ms/step - auc: 0.9929 - binary_accuracy: 0.9028 - loss: 0.1872
[1m  4/108[0m [37m━━━━━━━━━━━━━━━━━━━━[0m [1m26s[0m 253ms/step - auc: 0.9871 - binary_accuracy: 0.9056 - loss: 0.1918
[1m  5/108[0m [37m━━━━━━━━━━━━━━━━━━━━[0m [1m25s[0m 252ms/step - auc: 0.9787 - binary_accuracy: 0.9070 - loss: 0.2042
[1m  6/108[0m [32m━[0m[37m━━━━━━━━━━━━━━━━━━━[0m [1m25s[0m 252ms/step - auc: 0.9731 - binary_accuracy: 0.9069 - loss: 0.2160
[1m  7/108[0m [32m━[0m[37m━━━━━━━━━━━━━━━━━━━[0m [1m25s[0m 251ms/step - auc: 0.9678 - binary_accuracy: 0.9049 - loss: 0.2299
[1m  8/108[0m [32m━[0m[37m━━━━━━━━━━━━━━━━━━━[0m [1m25s[0m 252ms/step - auc: 0.9644 - binary_accuracy: 0.9036 - loss: 0.2387
[1m  9/108[0m [32m━[0m[37m━━━━━━━━━━━━━━━━━━━[0m [1m24s[0m 252ms/step - auc: 0.9616 - binary_accuracy: 0.9019 - loss: 0.2449
[1m 10/108[0m [32m━[0m[37m━━━━━━━━━━━━━━━━━━━[0m [1m24s[0m 251ms/step - auc: 0.9591 - binary_accuracy: 0.9008 - loss: 0.2502
[1m 11/108[0m [32m━━[0m[37m━━━━━━━━━━━━━━━━━━[0m [1m24s[0m 251ms/step - auc: 0.9563 - binary_accuracy: 0.9000 - loss: 0.2578
[1m 12/108[0m [32m━━[0m[37m━━━━━━━━━━━━━━━━━━[0m [1m24s[0m 252ms/step - auc: 0.9548 - binary_accuracy: 0.9001 - loss: 0.2637
[1m 13/108[0m [32m━━[0m[37m━━━━━━━━━━━━━━━━━━[0m [1m23s[0m 252ms/step - auc: 0.9544 - binary_accuracy: 0.9004 - loss: 0.2688
[1m 14/108[0m [32m━━[0m[37m━━━━━━━━━━━━━━━━━━[0m [1m23s[0m 252ms/step - auc: 0.9538 - binary_accuracy: 0.9003 - loss: 0.2729
[1m 15/108[0m [32m━━[0m[37m━━━━━━━━━━━━━━━━━━[0m [1m23s[0m 253ms/step - auc: 0.9535 - binary_accuracy: 0.9004 - loss: 0.2757
[1m 16/108[0m [32m━━[0m[37m━━━━━━━━━━━━━━━━━━[0m [1m23s[0m 253ms/step - auc: 0.9535 - binary_accuracy: 0.9008 - loss: 0.2779
[1m 17/108[0m [32m━━━[0m[37m━━━━━━━━━━━━━━━━━[0m [1m23s[0m 253ms/step - auc: 0.9535 - binary_accuracy: 0.9011 - loss: 0.2794
[1m 18/108[0m [32m━━━[0m[37m━━━━━━━━━━━━━━━━━[0m [1m22s[0m 253ms/step - auc: 0.9536 - binary_accuracy: 0.9015 - loss: 0.2807
[1m 19/108[0m [32m━━━[0m[37m━━━━━━━━━━━━━━━━━[0m [1m22s[0m 253ms/step - auc: 0.9537 - binary_accuracy: 0.9015 - loss: 0.2824
[1m 20/108[0m [32m━━━[0m[37m━━━━━━━━━━━━━━━━━[0m [1m22s[0m 253ms/step - auc: 0.9536 - binary_accuracy: 0.9013 - loss: 0.2839
[1m 21/108[0m [32m━━━[0m[37m━━━━━━━━━━━━━━━━━[0m [1m22s[0m 254ms/step - auc: 0.9537 - binary_accuracy: 0.9012 - loss: 0.2852
[1m 22/108[0m [32m━━━━[0m[37m━━━━━━━━━━━━━━━━[0m [1m21s[0m 254ms/step - auc: 0.9538 - binary_accuracy: 0.9009 - loss: 0.2866
[1m 23/108[0m [32m━━━━[0m[37m━━━━━━━━━━━━━━━━[0m [1m21s[0m 254ms/step - auc: 0.9541 - binary_accuracy: 0.9008 - loss: 0.2878
[1m 24/108[0m [32m━━━━[0m[37m━━━━━━━━━━━━━━━━[0m [1m21s[0m 254ms/step - auc: 0.9544 - binary_accuracy: 0.9007 - loss: 0.2887
[1m 25/108[0m [32m━━━━[0m[37m━━━━━━━━━━━━━━━━[0m [1m21s[0m 254ms/step - auc: 0.9546 - binary_accuracy: 0.9005 - loss: 0.2897
[1m 26/108[0m [32m━━━━[0m[37m━━━━━━━━━━━━━━━━[0m [1m20s[0m 254ms/step - auc: 0.9548 - binary_accuracy: 0.9003 - loss: 0.2905
[1m 27/108[0m [32m━━━━━[0m[37m━━━━━━━━━━━━━━━[0m [1m20s[0m 254ms/step - auc: 0.9550 - binary_accuracy: 0.9000 - loss: 0.2913
[1m 28/108[0m [32m━━━━━[0m[37m━━━━━━━━━━━━━━━[0m [1m20s[0m 254ms/step - auc: 0.9551 - binary_accuracy: 0.8997 - loss: 0.2919
[1m 29/108[0m [32m━━━━━[0m[37m━━━━━━━━━━━━━━━[0m [1m20s[0m 254ms/step - auc: 0.9552 - binary_accuracy: 0.8993 - loss: 0.2927
[1m 30/108[0m [32m━━━━━[0m[37m━━━━━━━━━━━━━━━[0m [1m19s[0m 255ms/step - auc: 0.9553 - binary_accuracy: 0.8990 - loss: 0.2935
[1m 31/108[0m [32m━━━━━[0m[37m━━━━━━━━━━━━━━━[0m [1m19s[0m 255ms/step - auc: 0.9554 - binary_accuracy: 0.8988 - loss: 0.2941
[1m 32/108[0m [32m━━━━━[0m[37m━━━━━━━━━━━━━━━[0m [1m19s[0m 255ms/step - auc: 0.9555 - binary_accuracy: 0.8987 - loss: 0.2946
[1m 33/108[0m [32m━━━━━━[0m[37m━━━━━━━━━━━━━━[0m [1m19s[0m 255ms/step - auc: 0.9556 - binary_accuracy: 0.8985 - loss: 0.2951
[1m 34/108[0m [32m━━━━━━[0m[37m━━━━━━━━━━━━━━[0m [1m18s[0m 255ms/step - auc: 0.9557 - binary_accuracy: 0.8984 - loss: 0.2956
[1m 35/108[0m [32m━━━━━━[0m[37m━━━━━━━━━━━━━━[0m [1m18s[0m 255ms/step - auc: 0.9558 - binary_accuracy: 0.8982 - loss: 0.2961
[1m 36/108[0m [32m━━━━━━[0m[37m━━━━━━━━━━━━━━[0m [1m18s[0m 255ms/step - auc: 0.9559 - binary_accuracy: 0.8979 - loss: 0.2965
[1m 37/108[0m [32m━━━━━━[0m[37m━━━━━━━━━━━━━━[0m [1m18s[0m 255ms/step - auc: 0.9559 - binary_accuracy: 0.8977 - loss: 0.2971
[1m 38/108[0m [32m━━━━━━━[0m[37m━━━━━━━━━━━━━[0m [1m17s[0m 255ms/step - auc: 0.9559 - binary_accuracy: 0.8975 - loss: 0.2977
[1m 39/108[0m [32m━━━━━━━[0m[37m━━━━━━━━━━━━━[0m [1m17s[0m 256ms/step - auc: 0.9559 - binary_accuracy: 0.8974 - loss: 0.2981
[1m 40/108[0m [32m━━━━━━━[0m[37m━━━━━━━━━━━━━[0m [1m17s[0m 256ms/step - auc: 0.9560 - binary_accuracy: 0.8973 - loss: 0.2986
[1m 41/108[0m [32m━━━━━━━[0m[37m━━━━━━━━━━━━━[0m [1m17s[0m 255ms/step - auc: 0.9561 - binary_accuracy: 0.8973 - loss: 0.2989
[1m 42/108[0m [32m━━━━━━━[0m[37m━━━━━━━━━━━━━[0m [1m16s[0m 255ms/step - auc: 0.9562 - binary_accuracy: 0.8973 - loss: 0.2993
[1m 43/108[0m [32m━━━━━━━[0m[37m━━━━━━━━━━━━━[0m [1m16s[0m 255ms/step - auc: 0.9563 - binary_accuracy: 0.8973 - loss: 0.2996
[1m 44/108[0m [32m━━━━━━━━[0m[37m━━━━━━━━━━━━[0m [1m16s[0m 255ms/step - auc: 0.9564 - binary_accuracy: 0.8973 - loss: 0.2998
[1m 45/108[0m [32m━━━━━━━━[0m[37m━━━━━━━━━━━━[0m [1m16s[0m 255ms/step - auc: 0.9565 - binary_accuracy: 0.8973 - loss: 0.3001
[1m 46/108[0m [32m━━━━━━━━[0m[37m━━━━━━━━━━━━[0m [1m15s[0m 255ms/step - auc: 0.9566 - binary_accuracy: 0.8973 - loss: 0.3003
[1m 47/108[0m [32m━━━━━━━━[0m[37m━━━━━━━━━━━━[0m [1m15s[0m 255ms/step - auc: 0.9567 - binary_accuracy: 0.8972 - loss: 0.3006
[1m 48/108[0m [32m━━━━━━━━[0m[37m━━━━━━━━━━━━[0m [1m15s[0m 255ms/step - auc: 0.9568 - binary_accuracy: 0.8971 - loss: 0.3008
[1m 49/108[0m [32m━━━━━━━━━[0m[37m━━━━━━━━━━━[0m [1m15s[0m 255ms/step - auc: 0.9569 - binary_accuracy: 0.8970 - loss: 0.3011
[1m 50/108[0m [32m━━━━━━━━━[0m[37m━━━━━━━━━━━[0m [1m14s[0m 255ms/step - auc: 0.9569 - binary_accuracy: 0.8969 - loss: 0.3015
[1m 51/108[0m [32m━━━━━━━━━[0m[37m━━━━━━━━━━━[0m [1m14s[0m 255ms/step - auc: 0.9570 - binary_accuracy: 0.8968 - loss: 0.3018
[1m 52/108[0m [32m━━━━━━━━━[0m[37m━━━━━━━━━━━[0m [1m14s[0m 255ms/step - auc: 0.9570 - binary_accuracy: 0.8966 - loss: 0.3021
[1m 53/108[0m [32m━━━━━━━━━[0m[37m━━━━━━━━━━━[0m [1m14s[0m 255ms/step - auc: 0.9570 - binary_accuracy: 0.8964 - loss: 0.3024
[1m 54/108[0m [32m━━━━━━━━━━[0m[37m━━━━━━━━━━[0m [1m13s[0m 255ms/step - auc: 0.9571 - binary_accuracy: 0.8962 - loss: 0.3028
[1m 55/108[0m [32m━━━━━━━━━━[0m[37m━━━━━━━━━━[0m [1m13s[0m 255ms/step - auc: 0.9571 - binary_accuracy: 0.8961 - loss: 0.3030
[1m 56/108[0m [32m━━━━━━━━━━[0m[37m━━━━━━━━━━[0m [1m13s[0m 255ms/step - auc: 0.9572 - binary_accuracy: 0.8959 - loss: 0.3033
[1m 57/108[0m [32m━━━━━━━━━━[0m[37m━━━━━━━━━━[0m [1m13s[0m 255ms/step - auc: 0.9572 - binary_accuracy: 0.8958 - loss: 0.3035
[1m 58/108[0m [32m━━━━━━━━━━[0m[37m━━━━━━━━━━[0m [1m12s[0m 255ms/step - auc: 0.9572 - binary_accuracy: 0.8957 - loss: 0.3038
[1m 59/108[0m [32m━━━━━━━━━━[0m[37m━━━━━━━━━━[0m [1m12s[0m 255ms/step - auc: 0.9573 - binary_accuracy: 0.8956 - loss: 0.3041
[1m 60/108[0m [32m━━━━━━━━━━━[0m[37m━━━━━━━━━[0m [1m12s[0m 255ms/step - auc: 0.9573 - binary_accuracy: 0.8955 - loss: 0.3043
[1m 61/108[0m [32m━━━━━━━━━━━[0m[37m━━━━━━━━━[0m [1m11s[0m 255ms/step - auc: 0.9574 - binary_accuracy: 0.8954 - loss: 0.3045
[1m 62/108[0m [32m━━━━━━━━━━━[0m[37m━━━━━━━━━[0m [1m11s[0m 255ms/step - auc: 0.9574 - binary_accuracy: 0.8953 - loss: 0.3047
[1m 63/108[0m [32m━━━━━━━━━━━[0m[37m━━━━━━━━━[0m [1m11s[0m 255ms/step - auc: 0.9575 - binary_accuracy: 0.8952 - loss: 0.3049
[1m 64/108[0m [32m━━━━━━━━━━━[0m[37m━━━━━━━━━[0m [1m11s[0m 255ms/step - auc: 0.9575 - binary_accuracy: 0.8951 - loss: 0.3051
[1m 65/108[0m [32m━━━━━━━━━━━━[0m[37m━━━━━━━━[0m [1m10s[0m 255ms/step - auc: 0.9576 - binary_accuracy: 0.8950 - loss: 0.3052
[1m 66/108[0m [32m━━━━━━━━━━━━[0m[37m━━━━━━━━[0m [1m10s[0m 255ms/step - auc: 0.9576 - binary_accuracy: 0.8949 - loss: 0.3055
[1m 67/108[0m [32m━━━━━━━━━━━━[0m[37m━━━━━━━━[0m [1m10s[0m 255ms/step - auc: 0.9576 - binary_accuracy: 0.8948 - loss: 0.3057
[1m 68/108[0m [32m━━━━━━━━━━━━[0m[37m━━━━━━━━[0m [1m10s[0m 255ms/step - auc: 0.9576 - binary_accuracy: 0.8947 - loss: 0.3059
[1m 69/108[0m [32m━━━━━━━━━━━━[0m[37m━━━━━━━━[0m [1m9s[0m 255ms/step - auc: 0.9577 - binary_accuracy: 0.8946 - loss: 0.3061 
[1m 70/108[0m [32m━━━━━━━━━━━━[0m[37m━━━━━━━━[0m [1m9s[0m 255ms/step - auc: 0.9577 - binary_accuracy: 0.8945 - loss: 0.3063
[1m 71/108[0m [32m━━━━━━━━━━━━━[0m[37m━━━━━━━[0m [1m9s[0m 255ms/step - auc: 0.9577 - binary_accuracy: 0.8944 - loss: 0.3064
[1m 72/108[0m [32m━━━━━━━━━━━━━[0m[37m━━━━━━━[0m [1m9s[0m 255ms/step - auc: 0.9578 - binary_accuracy: 0.8943 - loss: 0.3066
[1m 73/108[0m [32m━━━━━━━━━━━━━[0m[37m━━━━━━━[0m [1m8s[0m 255ms/step - auc: 0.9578 - binary_accuracy: 0.8942 - loss: 0.3067
[1m 74/108[0m [32m━━━━━━━━━━━━━[0m[37m━━━━━━━[0m [1m8s[0m 255ms/step - auc: 0.9579 - binary_accuracy: 0.8941 - loss: 0.3068
[1m 75/108[0m [32m━━━━━━━━━━━━━[0m[37m━━━━━━━[0m [1m8s[0m 255ms/step - auc: 0.9579 - binary_accuracy: 0.8940 - loss: 0.3069
[1m 76/108[0m [32m━━━━━━━━━━━━━━[0m[37m━━━━━━[0m [1m8s[0m 255ms/step - auc: 0.9579 - binary_accuracy: 0.8939 - loss: 0.3069
[1m 77/108[0m [32m━━━━━━━━━━━━━━[0m[37m━━━━━━[0m [1m7s[0m 256ms/step - auc: 0.9580 - binary_accuracy: 0.8939 - loss: 0.3070
[1m 78/108[0m [32m━━━━━━━━━━━━━━[0m[37m━━━━━━[0m [1m7s[0m 256ms/step - auc: 0.9580 - binary_accuracy: 0.8938 - loss: 0.3071
[1m 79/108[0m [32m━━━━━━━━━━━━━━[0m[37m━━━━━━[0m [1m7s[0m 256ms/step - auc: 0.9580 - binary_accuracy: 0.8937 - loss: 0.3073
[1m 80/108[0m [32m━━━━━━━━━━━━━━[0m[37m━━━━━━[0m [1m7s[0m 256ms/step - auc: 0.9580 - binary_accuracy: 0.8937 - loss: 0.3074
[1m 81/108[0m [32m━━━━━━━━━━━━━━━[0m[37m━━━━━[0m [1m6s[0m 256ms/step - auc: 0.9580 - binary_accuracy: 0.8936 - loss: 0.3076
[1m 82/108[0m [32m━━━━━━━━━━━━━━━[0m[37m━━━━━[0m [1m6s[0m 256ms/step - auc: 0.9580 - binary_accuracy: 0.8935 - loss: 0.3078
[1m 83/108[0m [32m━━━━━━━━━━━━━━━[0m[37m━━━━━[0m [1m6s[0m 256ms/step - auc: 0.9580 - binary_accuracy: 0.8935 - loss: 0.3080
[1m 84/108[0m [32m━━━━━━━━━━━━━━━[0m[37m━━━━━[0m [1m6s[0m 256ms/step - auc: 0.9580 - binary_accuracy: 0.8934 - loss: 0.3082
[1m 85/108[0m [32m━━━━━━━━━━━━━━━[0m[37m━━━━━[0m [1m5s[0m 256ms/step - auc: 0.9580 - binary_accuracy: 0.8933 - loss: 0.3084
[1m 86/108[0m [32m━━━━━━━━━━━━━━━[0m[37m━━━━━[0m [1m5s[0m 256ms/step - auc: 0.9579 - binary_accuracy: 0.8932 - loss: 0.3086
[1m 87/108[0m [32m━━━━━━━━━━━━━━━━[0m[37m━━━━[0m [1m5s[0m 256ms/step - auc: 0.9579 - binary_accuracy: 0.8931 - loss: 0.3088
[1m 88/108[0m [32m━━━━━━━━━━━━━━━━[0m[37m━━━━[0m [1m5s[0m 256ms/step - auc: 0.9579 - binary_accuracy: 0.8930 - loss: 0.3090
[1m 89/108[0m [32m━━━━━━━━━━━━━━━━[0m[37m━━━━[0m [1m4s[0m 256ms/step - auc: 0.9579 - binary_accuracy: 0.8928 - loss: 0.3091
[1m 90/108[0m [32m━━━━━━━━━━━━━━━━[0m[37m━━━━[0m [1m4s[0m 256ms/step - auc: 0.9578 - binary_accuracy: 0.8927 - loss: 0.3093
[1m 91/108[0m [32m━━━━━━━━━━━━━━━━[0m[37m━━━━[0m [1m4s[0m 255ms/step - auc: 0.9578 - binary_accuracy: 0.8926 - loss: 0.3095
[1m 92/108[0m [32m━━━━━━━━━━━━━━━━━[0m[37m━━━[0m [1m4s[0m 255ms/step - auc: 0.9578 - binary_accuracy: 0.8924 - loss: 0.3096
[1m 93/108[0m [32m━━━━━━━━━━━━━━━━━[0m[37m━━━[0m [1m3s[0m 255ms/step - auc: 0.9578 - binary_accuracy: 0.8923 - loss: 0.3098
[1m 94/108[0m [32m━━━━━━━━━━━━━━━━━[0m[37m━━━[0m [1m3s[0m 255ms/step - auc: 0.9578 - binary_accuracy: 0.8922 - loss: 0.3099
[1m 95/108[0m [32m━━━━━━━━━━━━━━━━━[0m[37m━━━[0m [1m3s[0m 255ms/step - auc: 0.9578 - binary_accuracy: 0.8921 - loss: 0.3100
[1m 96/108[0m [32m━━━━━━━━━━━━━━━━━[0m[37m━━━[0m [1m3s[0m 255ms/step - auc: 0.9578 - binary_accuracy: 0.8920 - loss: 0.3101
[1m 97/108[0m [32m━━━━━━━━━━━━━━━━━[0m[37m━━━[0m [1m2s[0m 255ms/step - auc: 0.9578 - binary_accuracy: 0.8918 - loss: 0.3102
[1m 98/108[0m [32m━━━━━━━━━━━━━━━━━━[0m[37m━━[0m [1m2s[0m 255ms/step - auc: 0.9578 - binary_accuracy: 0.8918 - loss: 0.3103
[1m 99/108[0m [32m━━━━━━━━━━━━━━━━━━[0m[37m━━[0m [1m2s[0m 255ms/step - auc: 0.9578 - binary_accuracy: 0.8917 - loss: 0.3105
[1m100/108[0m [32m━━━━━━━━━━━━━━━━━━[0m[37m━━[0m [1m2s[0m 255ms/step - auc: 0.9577 - binary_accuracy: 0.8916 - loss: 0.3106
[1m101/108[0m [32m━━━━━━━━━━━━━━━━━━[0m[37m━━[0m [1m1s[0m 255ms/step - auc: 0.9577 - binary_accuracy: 0.8915 - loss: 0.3107
[1m102/108[0m [32m━━━━━━━━━━━━━━━━━━[0m[37m━━[0m [1m1s[0m 255ms/step - auc: 0.9577 - binary_accuracy: 0.8914 - loss: 0.3109
[1m103/108[0m [32m━━━━━━━━━━━━━━━━━━━[0m[37m━[0m [1m1s[0m 255ms/step - auc: 0.9577 - binary_accuracy: 0.8913 - loss: 0.3110
[1m104/108[0m [32m━━━━━━━━━━━━━━━━━━━[0m[37m━[0m [1m1s[0m 255ms/step - auc: 0.9577 - binary_accuracy: 0.8913 - loss: 0.3111
[1m105/108[0m [32m━━━━━━━━━━━━━━━━━━━[0m[37m━[0m [1m0s[0m 255ms/step - auc: 0.9577 - binary_accuracy: 0.8912 - loss: 0.3111
[1m106/108[0m [32m━━━━━━━━━━━━━━━━━━━[0m[37m━[0m [1m0s[0m 255ms/step - auc: 0.9577 - binary_accuracy: 0.8911 - loss: 0.3112
[1m107/108[0m [32m━━━━━━━━━━━━━━━━━━━[0m[37m━[0m [1m0s[0m 255ms/step - auc: 0.9577 - binary_accuracy: 0.8910 - loss: 0.3113
[1m108/108[0m [32m━━━━━━━━━━━━━━━━━━━━[0m[37m[0m [1m0s[0m 253ms/step - auc: 0.9577 - binary_accuracy: 0.8909 - loss: 0.3114transfer phase-a: epoch 3/8 done in 33.8s loss=0.3188 auc=0.9578 val_loss=0.3404 val_auc=0.9731

[1m108/108[0m [32m━━━━━━━━━━━━━━━━━━━━[0m[37m[0m [1m34s[0m 311ms/step - auc: 0.9578 - binary_accuracy: 0.8831 - loss: 0.3188 - val_auc: 0.9731 - val_binary_accuracy: 0.8794 - val_loss: 0.3404
[INFO] focus_binary.focus_binary.models.transfer: phase2: fine-tuning
[INFO] focus_binary.focus_binary.models.transfer: unfreeze blocks
transfer phase-a: epoch 1/8 start
Epoch 1/5

[1m  1/108[0m [37m━━━━━━━━━━━━━━━━━━━━[0m [1m5:57[0m 3s/step - auc: 1.0000 - binary_accuracy: 0.9062 - loss: 0.1870
[1m  2/108[0m [37m━━━━━━━━━━━━━━━━━━━━[0m [1m29s[0m 278ms/step - auc: 1.0000 - binary_accuracy: 0.9297 - loss: 0.1608
[1m  3/108[0m [37m━━━━━━━━━━━━━━━━━━━━[0m [1m28s[0m 273ms/step - auc: 0.9663 - binary_accuracy: 0.9392 - loss: 0.2046
[1m  4/108[0m [37m━━━━━━━━━━━━━━━━━━━━[0m [1m28s[0m 273ms/step - auc: 0.8790 - binary_accuracy: 0.9427 - loss: 0.3963
[1m  5/108[0m [37m━━━━━━━━━━━━━━━━━━━━[0m [1m27s[0m 272ms/step - auc: 0.8424 - binary_accuracy: 0.9429 - loss: 0.5384
[1m  6/108[0m [32m━[0m[37m━━━━━━━━━━━━━━━━━━━[0m [1m27s[0m 271ms/step - auc: 0.8237 - binary_accuracy: 0.9429 - loss: 0.6393
[1m  7/108[0m [32m━[0m[37m━━━━━━━━━━━━━━━━━━━[0m [1m27s[0m 272ms/step - auc: 0.8144 - binary_accuracy: 0.9402 - loss: 0.7073
[1m  8/108[0m [32m━[0m[37m━━━━━━━━━━━━━━━━━━━[0m [1m27s[0m 273ms/step - auc: 0.8041 - binary_accuracy: 0.9335 - loss: 0.7485
[1m  9/108[0m [32m━[0m[37m━━━━━━━━━━━━━━━━━━━[0m [1m27s[0m 274ms/step - auc: 0.7915 - binary_accuracy: 0.9212 - loss: 0.7763
[1m 10/108[0m [32m━[0m[37m━━━━━━━━━━━━━━━━━━━[0m [1m26s[0m 275ms/step - auc: 0.7807 - binary_accuracy: 0.9069 - loss: 0.7950
[1m 11/108[0m [32m━━[0m[37m━━━━━━━━━━━━━━━━━━[0m [1m26s[0m 275ms/step - auc: 0.7744 - binary_accuracy: 0.8916 - loss: 0.8088
[1m 12/108[0m [32m━━[0m[37m━━━━━━━━━━━━━━━━━━[0m [1m26s[0m 276ms/step - auc: 0.7715 - binary_accuracy: 0.8761 - loss: 0.8178
[1m 13/108[0m [32m━━[0m[37m━━━━━━━━━━━━━━━━━━[0m [1m26s[0m 276ms/step - auc: 0.7719 - binary_accuracy: 0.8622 - loss: 0.8235
[1m 14/108[0m [32m━━[0m[37m━━━━━━━━━━━━━━━━━━[0m [1m26s[0m 277ms/step - auc: 0.7716 - binary_accuracy: 0.8486 - loss: 0.8266
[1m 15/108[0m [32m━━[0m[37m━━━━━━━━━━━━━━━━━━[0m [1m25s[0m 277ms/step - auc: 0.7713 - binary_accuracy: 0.8362 - loss: 0.8272
[1m 16/108[0m [32m━━[0m[37m━━━━━━━━━━━━━━━━━━[0m [1m25s[0m 278ms/step - auc: 0.7710 - binary_accuracy: 0.8257 - loss: 0.8267
[1m 17/108[0m [32m━━━[0m[37m━━━━━━━━━━━━━━━━━[0m [1m25s[0m 279ms/step - auc: 0.7707 - binary_accuracy: 0.8170 - loss: 0.8246
[1m 18/108[0m [32m━━━[0m[37m━━━━━━━━━━━━━━━━━[0m [1m25s[0m 279ms/step - auc: 0.7706 - binary_accuracy: 0.8100 - loss: 0.8219
[1m 19/108[0m [32m━━━[0m[37m━━━━━━━━━━━━━━━━━[0m [1m24s[0m 280ms/step - auc: 0.7706 - binary_accuracy: 0.8042 - loss: 0.8191
[1m 20/108[0m [32m━━━[0m[37m━━━━━━━━━━━━━━━━━[0m [1m24s[0m 282ms/step - auc: 0.7709 - binary_accuracy: 0.7997 - loss: 0.8155
[1m 21/108[0m [32m━━━[0m[37m━━━━━━━━━━━━━━━━━[0m [1m24s[0m 284ms/step - auc: 0.7713 - binary_accuracy: 0.7961 - loss: 0.8117
[1m 22/108[0m [32m━━━━[0m[37m━━━━━━━━━━━━━━━━[0m [1m24s[0m 285ms/step - auc: 0.7713 - binary_accuracy: 0.7930 - loss: 0.8090
[1m 23/108[0m [32m━━━━[0m[37m━━━━━━━━━━━━━━━━[0m [1m24s[0m 285ms/step - auc: 0.7716 - binary_accuracy: 0.7904 - loss: 0.8063
[1m 24/108[0m [32m━━━━[0m[37m━━━━━━━━━━━━━━━━[0m [1m24s[0m 286ms/step - auc: 0.7719 - binary_accuracy: 0.7880 - loss: 0.8031
[1m 25/108[0m [32m━━━━[0m[37m━━━━━━━━━━━━━━━━[0m [1m23s[0m 286ms/step - auc: 0.7722 - binary_accuracy: 0.7857 - loss: 0.8001
[1m 26/108[0m [32m━━━━[0m[37m━━━━━━━━━━━━━━━━[0m [1m23s[0m 287ms/step - auc: 0.7722 - binary_accuracy: 0.7832 - loss: 0.7969
[1m 27/108[0m [32m━━━━━[0m[37m━━━━━━━━━━━━━━━[0m [1m23s[0m 287ms/step - auc: 0.7723 - binary_accuracy: 0.7808 - loss: 0.7938
[1m 28/108[0m [32m━━━━━[0m[37m━━━━━━━━━━━━━━━[0m [1m23s[0m 288ms/step - auc: 0.7725 - binary_accuracy: 0.7784 - loss: 0.7906
[1m 29/108[0m [32m━━━━━[0m[37m━━━━━━━━━━━━━━━[0m [1m22s[0m 289ms/step - auc: 0.7727 - binary_accuracy: 0.7762 - loss: 0.7874
[1m 30/108[0m [32m━━━━━[0m[37m━━━━━━━━━━━━━━━[0m [1m22s[0m 289ms/step - auc: 0.7730 - binary_accuracy: 0.7742 - loss: 0.7843
[1m 31/108[0m [32m━━━━━[0m[37m━━━━━━━━━━━━━━━[0m [1m22s[0m 290ms/step - auc: 0.7732 - binary_accuracy: 0.7725 - loss: 0.7811
[1m 32/108[0m [32m━━━━━[0m[37m━━━━━━━━━━━━━━━[0m [1m22s[0m 290ms/step - auc: 0.7736 - binary_accuracy: 0.7711 - loss: 0.7776
[1m 33/108[0m [32m━━━━━━[0m[37m━━━━━━━━━━━━━━[0m [1m21s[0m 290ms/step - auc: 0.7740 - binary_accuracy: 0.7699 - loss: 0.7743
[1m 34/108[0m [32m━━━━━━[0m[37m━━━━━━━━━━━━━━[0m [1m21s[0m 291ms/step - auc: 0.7745 - binary_accuracy: 0.7689 - loss: 0.7708
[1m 35/108[0m [32m━━━━━━[0m[37m━━━━━━━━━━━━━━[0m [1m21s[0m 291ms/step - auc: 0.7750 - binary_accuracy: 0.7680 - loss: 0.7675
[1m 36/108[0m [32m━━━━━━[0m[37m━━━━━━━━━━━━━━[0m [1m20s[0m 291ms/step - auc: 0.7755 - binary_accuracy: 0.7674 - loss: 0.7643
[1m 37/108[0m [32m━━━━━━[0m[37m━━━━━━━━━━━━━━[0m [1m20s[0m 291ms/step - auc: 0.7758 - binary_accuracy: 0.7668 - loss: 0.7613
[1m 38/108[0m [32m━━━━━━━[0m[37m━━━━━━━━━━━━━[0m [1m20s[0m 292ms/step - auc: 0.7763 - binary_accuracy: 0.7662 - loss: 0.7584
[1m 39/108[0m [32m━━━━━━━[0m[37m━━━━━━━━━━━━━[0m [1m20s[0m 292ms/step - auc: 0.7768 - binary_accuracy: 0.7657 - loss: 0.7554
[1m 40/108[0m [32m━━━━━━━[0m[37m━━━━━━━━━━━━━[0m [1m19s[0m 292ms/step - auc: 0.7774 - binary_accuracy: 0.7654 - loss: 0.7525
[1m 41/108[0m [32m━━━━━━━[0m[37m━━━━━━━━━━━━━[0m [1m19s[0m 293ms/step - auc: 0.7781 - binary_accuracy: 0.7650 - loss: 0.7496
[1m 42/108[0m [32m━━━━━━━[0m[37m━━━━━━━━━━━━━[0m [1m19s[0m 293ms/step - auc: 0.7788 - binary_accuracy: 0.7646 - loss: 0.7467
[1m 43/108[0m [32m━━━━━━━[0m[37m━━━━━━━━━━━━━[0m [1m19s[0m 293ms/step - auc: 0.7796 - binary_accuracy: 0.7643 - loss: 0.7438
[1m 44/108[0m [32m━━━━━━━━[0m[37m━━━━━━━━━━━━[0m [1m18s[0m 293ms/step - auc: 0.7803 - binary_accuracy: 0.7639 - loss: 0.7410
[1m 45/108[0m [32m━━━━━━━━[0m[37m━━━━━━━━━━━━[0m [1m18s[0m 293ms/step - auc: 0.7812 - binary_accuracy: 0.7636 - loss: 0.7382
[1m 46/108[0m [32m━━━━━━━━[0m[37m━━━━━━━━━━━━[0m [1m18s[0m 293ms/step - auc: 0.7820 - binary_accuracy: 0.7633 - loss: 0.7356
[1m 47/108[0m [32m━━━━━━━━[0m[37m━━━━━━━━━━━━[0m [1m17s[0m 293ms/step - auc: 0.7828 - binary_accuracy: 0.7631 - loss: 0.7329
[1m 48/108[0m [32m━━━━━━━━[0m[37m━━━━━━━━━━━━[0m [1m17s[0m 293ms/step - auc: 0.7837 - binary_accuracy: 0.7629 - loss: 0.7303
[1m 49/108[0m [32m━━━━━━━━━[0m[37m━━━━━━━━━━━[0m [1m17s[0m 293ms/step - auc: 0.7845 - binary_accuracy: 0.7628 - loss: 0.7278
[1m 50/108[0m [32m━━━━━━━━━[0m[37m━━━━━━━━━━━[0m [1m16s[0m 293ms/step - auc: 0.7852 - binary_accuracy: 0.7628 - loss: 0.7255
[1m 51/108[0m [32m━━━━━━━━━[0m[37m━━━━━━━━━━━[0m [1m16s[0m 293ms/step - auc: 0.7859 - binary_accuracy: 0.7628 - loss: 0.7231
[1m 52/108[0m [32m━━━━━━━━━[0m[37m━━━━━━━━━━━[0m [1m16s[0m 293ms/step - auc: 0.7867 - binary_accuracy: 0.7628 - loss: 0.7209
[1m 53/108[0m [32m━━━━━━━━━[0m[37m━━━━━━━━━━━[0m [1m16s[0m 292ms/step - auc: 0.7874 - binary_accuracy: 0.7629 - loss: 0.7187
[1m 54/108[0m [32m━━━━━━━━━━[0m[37m━━━━━━━━━━[0m [1m15s[0m 292ms/step - auc: 0.7882 - binary_accuracy: 0.7628 - loss: 0.7165
[1m 55/108[0m [32m━━━━━━━━━━[0m[37m━━━━━━━━━━[0m [1m15s[0m 292ms/step - auc: 0.7888 - binary_accuracy: 0.7627 - loss: 0.7143
[1m 56/108[0m [32m━━━━━━━━━━[0m[37m━━━━━━━━━━[0m [1m15s[0m 292ms/step - auc: 0.7895 - binary_accuracy: 0.7626 - loss: 0.7122
[1m 57/108[0m [32m━━━━━━━━━━[0m[37m━━━━━━━━━━[0m [1m14s[0m 292ms/step - auc: 0.7902 - binary_accuracy: 0.7624 - loss: 0.7102
[1m 58/108[0m [32m━━━━━━━━━━[0m[37m━━━━━━━━━━[0m [1m14s[0m 292ms/step - auc: 0.7908 - binary_accuracy: 0.7622 - loss: 0.7082
[1m 59/108[0m [32m━━━━━━━━━━[0m[37m━━━━━━━━━━[0m [1m14s[0m 292ms/step - auc: 0.7915 - binary_accuracy: 0.7621 - loss: 0.7062
[1m 60/108[0m [32m━━━━━━━━━━━[0m[37m━━━━━━━━━[0m [1m14s[0m 292ms/step - auc: 0.7922 - binary_accuracy: 0.7620 - loss: 0.7042
[1m 61/108[0m [32m━━━━━━━━━━━[0m[37m━━━━━━━━━[0m [1m13s[0m 292ms/step - auc: 0.7929 - binary_accuracy: 0.7619 - loss: 0.7022
[1m 62/108[0m [32m━━━━━━━━━━━[0m[37m━━━━━━━━━[0m [1m13s[0m 291ms/step - auc: 0.7936 - binary_accuracy: 0.7618 - loss: 0.7003
[1m 63/108[0m [32m━━━━━━━━━━━[0m[37m━━━━━━━━━[0m [1m13s[0m 291ms/step - auc: 0.7942 - binary_accuracy: 0.7618 - loss: 0.6984
[1m 64/108[0m [32m━━━━━━━━━━━[0m[37m━━━━━━━━━[0m [1m12s[0m 291ms/step - auc: 0.7949 - binary_accuracy: 0.7617 - loss: 0.6965
[1m 65/108[0m [32m━━━━━━━━━━━━[0m[37m━━━━━━━━[0m [1m12s[0m 291ms/step - auc: 0.7955 - binary_accuracy: 0.7617 - loss: 0.6946
[1m 66/108[0m [32m━━━━━━━━━━━━[0m[37m━━━━━━━━[0m [1m12s[0m 291ms/step - auc: 0.7961 - binary_accuracy: 0.7617 - loss: 0.6928
[1m 67/108[0m [32m━━━━━━━━━━━━[0m[37m━━━━━━━━[0m [1m11s[0m 292ms/step - auc: 0.7967 - binary_accuracy: 0.7617 - loss: 0.6910
[1m 68/108[0m [32m━━━━━━━━━━━━[0m[37m━━━━━━━━[0m [1m11s[0m 292ms/step - auc: 0.7973 - binary_accuracy: 0.7616 - loss: 0.6893
[1m 69/108[0m [32m━━━━━━━━━━━━[0m[37m━━━━━━━━[0m [1m11s[0m 292ms/step - auc: 0.7979 - binary_accuracy: 0.7615 - loss: 0.6876
[1m 70/108[0m [32m━━━━━━━━━━━━[0m[37m━━━━━━━━[0m [1m11s[0m 292ms/step - auc: 0.7985 - binary_accuracy: 0.7614 - loss: 0.6860
[1m 71/108[0m [32m━━━━━━━━━━━━━[0m[37m━━━━━━━[0m [1m10s[0m 291ms/step - auc: 0.7992 - binary_accuracy: 0.7613 - loss: 0.6843
[1m 72/108[0m [32m━━━━━━━━━━━━━[0m[37m━━━━━━━[0m [1m10s[0m 291ms/step - auc: 0.7998 - binary_accuracy: 0.7613 - loss: 0.6826
[1m 73/108[0m [32m━━━━━━━━━━━━━[0m[37m━━━━━━━[0m [1m10s[0m 291ms/step - auc: 0.8004 - binary_accuracy: 0.7612 - loss: 0.6809
[1m 74/108[0m [32m━━━━━━━━━━━━━[0m[37m━━━━━━━[0m [1m9s[0m 291ms/step - auc: 0.8010 - binary_accuracy: 0.7612 - loss: 0.6792 
[1m 75/108[0m [32m━━━━━━━━━━━━━[0m[37m━━━━━━━[0m [1m9s[0m 291ms/step - auc: 0.8016 - binary_accuracy: 0.7613 - loss: 0.6775
[1m 76/108[0m [32m━━━━━━━━━━━━━━[0m[37m━━━━━━[0m [1m9s[0m 291ms/step - auc: 0.8022 - binary_accuracy: 0.7613 - loss: 0.6759
[1m 77/108[0m [32m━━━━━━━━━━━━━━[0m[37m━━━━━━[0m [1m9s[0m 291ms/step - auc: 0.8027 - binary_accuracy: 0.7614 - loss: 0.6743
[1m 78/108[0m [32m━━━━━━━━━━━━━━[0m[37m━━━━━━[0m [1m8s[0m 291ms/step - auc: 0.8033 - binary_accuracy: 0.7615 - loss: 0.6727
[1m 79/108[0m [32m━━━━━━━━━━━━━━[0m[37m━━━━━━[0m [1m8s[0m 291ms/step - auc: 0.8038 - binary_accuracy: 0.7616 - loss: 0.6712
[1m 80/108[0m [32m━━━━━━━━━━━━━━[0m[37m━━━━━━[0m [1m8s[0m 291ms/step - auc: 0.8043 - binary_accuracy: 0.7617 - loss: 0.6697
[1m 81/108[0m [32m━━━━━━━━━━━━━━━[0m[37m━━━━━[0m [1m7s[0m 291ms/step - auc: 0.8047 - binary_accuracy: 0.7618 - loss: 0.6683
[1m 82/108[0m [32m━━━━━━━━━━━━━━━[0m[37m━━━━━[0m [1m7s[0m 291ms/step - auc: 0.8052 - binary_accuracy: 0.7618 - loss: 0.6670
[1m 83/108[0m [32m━━━━━━━━━━━━━━━[0m[37m━━━━━[0m [1m7s[0m 291ms/step - auc: 0.8057 - binary_accuracy: 0.7618 - loss: 0.6657
[1m 84/108[0m [32m━━━━━━━━━━━━━━━[0m[37m━━━━━[0m [1m6s[0m 290ms/step - auc: 0.8061 - binary_accuracy: 0.7618 - loss: 0.6644
[1m 85/108[0m [32m━━━━━━━━━━━━━━━[0m[37m━━━━━[0m [1m6s[0m 290ms/step - auc: 0.8065 - binary_accuracy: 0.7618 - loss: 0.6631
[1m 86/108[0m [32m━━━━━━━━━━━━━━━[0m[37m━━━━━[0m [1m6s[0m 290ms/step - auc: 0.8070 - binary_accuracy: 0.7617 - loss: 0.6618
[1m 87/108[0m [32m━━━━━━━━━━━━━━━━[0m[37m━━━━[0m [1m6s[0m 290ms/step - auc: 0.8074 - binary_accuracy: 0.7617 - loss: 0.6606
[1m 88/108[0m [32m━━━━━━━━━━━━━━━━[0m[37m━━━━[0m [1m5s[0m 290ms/step - auc: 0.8078 - binary_accuracy: 0.7617 - loss: 0.6594
[1m 89/108[0m [32m━━━━━━━━━━━━━━━━[0m[37m━━━━[0m [1m5s[0m 290ms/step - auc: 0.8082 - binary_accuracy: 0.7617 - loss: 0.6582
[1m 90/108[0m [32m━━━━━━━━━━━━━━━━[0m[37m━━━━[0m [1m5s[0m 290ms/step - auc: 0.8086 - binary_accuracy: 0.7617 - loss: 0.6569
[1m 91/108[0m [32m━━━━━━━━━━━━━━━━[0m[37m━━━━[0m [1m4s[0m 290ms/step - auc: 0.8090 - binary_accuracy: 0.7617 - loss: 0.6557
[1m 92/108[0m [32m━━━━━━━━━━━━━━━━━[0m[37m━━━[0m [1m4s[0m 290ms/step - auc: 0.8094 - binary_accuracy: 0.7618 - loss: 0.6546
[1m 93/108[0m [32m━━━━━━━━━━━━━━━━━[0m[37m━━━[0m [1m4s[0m 290ms/step - auc: 0.8097 - binary_accuracy: 0.7618 - loss: 0.6535
[1m 94/108[0m [32m━━━━━━━━━━━━━━━━━[0m[37m━━━[0m [1m4s[0m 290ms/step - auc: 0.8101 - binary_accuracy: 0.7619 - loss: 0.6523
[1m 95/108[0m [32m━━━━━━━━━━━━━━━━━[0m[37m━━━[0m [1m3s[0m 290ms/step - auc: 0.8104 - binary_accuracy: 0.7620 - loss: 0.6512
[1m 96/108[0m [32m━━━━━━━━━━━━━━━━━[0m[37m━━━[0m [1m3s[0m 289ms/step - auc: 0.8108 - binary_accuracy: 0.7620 - loss: 0.6501
[1m 97/108[0m [32m━━━━━━━━━━━━━━━━━[0m[37m━━━[0m [1m3s[0m 289ms/step - auc: 0.8111 - binary_accuracy: 0.7621 - loss: 0.6491
[1m 98/108[0m [32m━━━━━━━━━━━━━━━━━━[0m[37m━━[0m [1m2s[0m 289ms/step - auc: 0.8114 - binary_accuracy: 0.7621 - loss: 0.6480
[1m 99/108[0m [32m━━━━━━━━━━━━━━━━━━[0m[37m━━[0m [1m2s[0m 289ms/step - auc: 0.8117 - binary_accuracy: 0.7621 - loss: 0.6470
[1m100/108[0m [32m━━━━━━━━━━━━━━━━━━[0m[37m━━[0m [1m2s[0m 289ms/step - auc: 0.8121 - binary_accuracy: 0.7621 - loss: 0.6459
[1m101/108[0m [32m━━━━━━━━━━━━━━━━━━[0m[37m━━[0m [1m2s[0m 289ms/step - auc: 0.8124 - binary_accuracy: 0.7622 - loss: 0.6449
[1m102/108[0m [32m━━━━━━━━━━━━━━━━━━[0m[37m━━[0m [1m1s[0m 289ms/step - auc: 0.8127 - binary_accuracy: 0.7622 - loss: 0.6439
[1m103/108[0m [32m━━━━━━━━━━━━━━━━━━━[0m[37m━[0m [1m1s[0m 289ms/step - auc: 0.8131 - binary_accuracy: 0.7622 - loss: 0.6428
[1m104/108[0m [32m━━━━━━━━━━━━━━━━━━━[0m[37m━[0m [1m1s[0m 289ms/step - auc: 0.8134 - binary_accuracy: 0.7622 - loss: 0.6418
[1m105/108[0m [32m━━━━━━━━━━━━━━━━━━━[0m[37m━[0m [1m0s[0m 289ms/step - auc: 0.8137 - binary_accuracy: 0.7623 - loss: 0.6408
[1m106/108[0m [32m━━━━━━━━━━━━━━━━━━━[0m[37m━[0m [1m0s[0m 289ms/step - auc: 0.8141 - binary_accuracy: 0.7623 - loss: 0.6398
[1m107/108[0m [32m━━━━━━━━━━━━━━━━━━━[0m[37m━[0m [1m0s[0m 288ms/step - auc: 0.8144 - binary_accuracy: 0.7624 - loss: 0.6388
[1m108/108[0m [32m━━━━━━━━━━━━━━━━━━━━[0m[37m[0m [1m0s[0m 287ms/step - auc: 0.8147 - binary_accuracy: 0.7625 - loss: 0.6378transfer phase-a: epoch 1/8 done in 40.9s loss=0.5311 auc=0.8502 val_loss=0.3404 val_auc=0.9279

[1m108/108[0m [32m━━━━━━━━━━━━━━━━━━━━[0m[37m[0m [1m41s[0m 351ms/step - auc: 0.8502 - binary_accuracy: 0.7701 - loss: 0.5311 - val_auc: 0.9279 - val_binary_accuracy: 0.8881 - val_loss: 0.3404
transfer phase-a: epoch 2/8 start
Epoch 2/5

[1m  1/108[0m [37m━━━━━━━━━━━━━━━━━━━━[0m [1m53s[0m 499ms/step - auc: 1.0000 - binary_accuracy: 0.9375 - loss: 0.1904
[1m  2/108[0m [37m━━━━━━━━━━━━━━━━━━━━[0m [1m31s[0m 297ms/step - auc: 1.0000 - binary_accuracy: 0.9453 - loss: 0.1833
[1m  3/108[0m [37m━━━━━━━━━━━━━━━━━━━━[0m [1m31s[0m 302ms/step - auc: 0.9982 - binary_accuracy: 0.9462 - loss: 0.1797
[1m  4/108[0m [37m━━━━━━━━━━━━━━━━━━━━[0m [1m31s[0m 304ms/step - auc: 0.9687 - binary_accuracy: 0.9440 - loss: 0.1994
[1m  5/108[0m [37m━━━━━━━━━━━━━━━━━━━━[0m [1m31s[0m 303ms/step - auc: 0.9449 - binary_accuracy: 0.9440 - loss: 0.2238
[1m  6/108[0m [32m━[0m[37m━━━━━━━━━━━━━━━━━━━[0m [1m30s[0m 300ms/step - auc: 0.9221 - binary_accuracy: 0.9420 - loss: 0.2518
[1m  7/108[0m [32m━[0m[37m━━━━━━━━━━━━━━━━━━━[0m [1m29s[0m 297ms/step - auc: 0.9047 - binary_accuracy: 0.9388 - loss: 0.2818
[1m  8/108[0m [32m━[0m[37m━━━━━━━━━━━━━━━━━━━[0m [1m29s[0m 295ms/step - auc: 0.8944 - binary_accuracy: 0.9372 - loss: 0.3011
[1m  9/108[0m [32m━[0m[37m━━━━━━━━━━━━━━━━━━━[0m [1m29s[0m 294ms/step - auc: 0.8864 - binary_accuracy: 0.9353 - loss: 0.3144
[1m 10/108[0m [32m━[0m[37m━━━━━━━━━━━━━━━━━━━[0m [1m28s[0m 292ms/step - auc: 0.8817 - binary_accuracy: 0.9340 - loss: 0.3237
[1m 11/108[0m [32m━━[0m[37m━━━━━━━━━━━━━━━━━━[0m [1m28s[0m 293ms/step - auc: 0.8776 - binary_accuracy: 0.9309 - loss: 0.3347
[1m 12/108[0m [32m━━[0m[37m━━━━━━━━━━━━━━━━━━[0m [1m27s[0m 291ms/step - auc: 0.8758 - binary_accuracy: 0.9286 - loss: 0.3439
[1m 13/108[0m [32m━━[0m[37m━━━━━━━━━━━━━━━━━━[0m [1m27s[0m 290ms/step - auc: 0.8761 - binary_accuracy: 0.9264 - loss: 0.3514
[1m 14/108[0m [32m━━[0m[37m━━━━━━━━━━━━━━━━━━[0m [1m27s[0m 290ms/step - auc: 0.8756 - binary_accuracy: 0.9225 - loss: 0.3583
[1m 15/108[0m [32m━━[0m[37m━━━━━━━━━━━━━━━━━━[0m [1m26s[0m 290ms/step - auc: 0.8748 - binary_accuracy: 0.9180 - loss: 0.3639
[1m 16/108[0m [32m━━[0m[37m━━━━━━━━━━━━━━━━━━[0m [1m26s[0m 290ms/step - auc: 0.8747 - binary_accuracy: 0.9136 - loss: 0.3685
[1m 17/108[0m [32m━━━[0m[37m━━━━━━━━━━━━━━━━━[0m [1m26s[0m 289ms/step - auc: 0.8745 - binary_accuracy: 0.9096 - loss: 0.3723
[1m 18/108[0m [32m━━━[0m[37m━━━━━━━━━━━━━━━━━[0m [1m26s[0m 289ms/step - auc: 0.8749 - binary_accuracy: 0.9062 - loss: 0.3750
[1m 19/108[0m [32m━━━[0m[37m━━━━━━━━━━━━━━━━━[0m [1m25s[0m 289ms/step - auc: 0.8755 - binary_accuracy: 0.9032 - loss: 0.3778
[1m 20/108[0m [32m━━━[0m[37m━━━━━━━━━━━━━━━━━[0m [1m25s[0m 289ms/step - auc: 0.8762 - binary_accuracy: 0.9005 - loss: 0.3797
[1m 21/108[0m [32m━━━[0m[37m━━━━━━━━━━━━━━━━━[0m [1m25s[0m 289ms/step - auc: 0.8769 - binary_accuracy: 0.8983 - loss: 0.3818
[1m 22/108[0m [32m━━━━[0m[37m━━━━━━━━━━━━━━━━[0m [1m24s[0m 289ms/step - auc: 0.8775 - binary_accuracy: 0.8964 - loss: 0.3844
[1m 23/108[0m [32m━━━━[0m[37m━━━━━━━━━━━━━━━━[0m [1m24s[0m 289ms/step - auc: 0.8784 - binary_accuracy: 0.8948 - loss: 0.3869
[1m 24/108[0m [32m━━━━[0m[37m━━━━━━━━━━━━━━━━[0m [1m24s[0m 289ms/step - auc: 0.8792 - binary_accuracy: 0.8934 - loss: 0.3888
[1m 25/108[0m [32m━━━━[0m[37m━━━━━━━━━━━━━━━━[0m [1m23s[0m 289ms/step - auc: 0.8799 - binary_accuracy: 0.8918 - loss: 0.3908
[1m 26/108[0m [32m━━━━[0m[37m━━━━━━━━━━━━━━━━[0m [1m23s[0m 289ms/step - auc: 0.8803 - binary_accuracy: 0.8900 - loss: 0.3925
[1m 27/108[0m [32m━━━━━[0m[37m━━━━━━━━━━━━━━━[0m [1m23s[0m 289ms/step - auc: 0.8806 - binary_accuracy: 0.8879 - loss: 0.3945
[1m 28/108[0m [32m━━━━━[0m[37m━━━━━━━━━━━━━━━[0m [1m23s[0m 289ms/step - auc: 0.8808 - binary_accuracy: 0.8856 - loss: 0.3963
[1m 29/108[0m [32m━━━━━[0m[37m━━━━━━━━━━━━━━━[0m [1m22s[0m 288ms/step - auc: 0.8810 - binary_accuracy: 0.8834 - loss: 0.3981
[1m 30/108[0m [32m━━━━━[0m[37m━━━━━━━━━━━━━━━[0m [1m22s[0m 288ms/step - auc: 0.8813 - binary_accuracy: 0.8812 - loss: 0.3997
[1m 31/108[0m [32m━━━━━[0m[37m━━━━━━━━━━━━━━━[0m [1m22s[0m 288ms/step - auc: 0.8816 - binary_accuracy: 0.8794 - loss: 0.4010
[1m 32/108[0m [32m━━━━━[0m[37m━━━━━━━━━━━━━━━[0m [1m21s[0m 289ms/step - auc: 0.8820 - binary_accuracy: 0.8775 - loss: 0.4020
[1m 33/108[0m [32m━━━━━━[0m[37m━━━━━━━━━━━━━━[0m [1m21s[0m 289ms/step - auc: 0.8822 - binary_accuracy: 0.8758 - loss: 0.4032
[1m 34/108[0m [32m━━━━━━[0m[37m━━━━━━━━━━━━━━[0m [1m21s[0m 289ms/step - auc: 0.8825 - binary_accuracy: 0.8743 - loss: 0.4040
[1m 35/108[0m [32m━━━━━━[0m[37m━━━━━━━━━━━━━━[0m [1m21s[0m 289ms/step - auc: 0.8828 - binary_accuracy: 0.8730 - loss: 0.4050
[1m 36/108[0m [32m━━━━━━[0m[37m━━━━━━━━━━━━━━[0m [1m20s[0m 289ms/step - auc: 0.8830 - binary_accuracy: 0.8718 - loss: 0.4060
[1m 37/108[0m [32m━━━━━━[0m[37m━━━━━━━━━━━━━━[0m [1m20s[0m 288ms/step - auc: 0.8831 - binary_accuracy: 0.8706 - loss: 0.4071
[1m 38/108[0m [32m━━━━━━━[0m[37m━━━━━━━━━━━━━[0m [1m20s[0m 288ms/step - auc: 0.8832 - binary_accuracy: 0.8694 - loss: 0.4081
[1m 39/108[0m [32m━━━━━━━[0m[37m━━━━━━━━━━━━━[0m [1m19s[0m 288ms/step - auc: 0.8834 - binary_accuracy: 0.8684 - loss: 0.4090
[1m 40/108[0m [32m━━━━━━━[0m[37m━━━━━━━━━━━━━[0m [1m19s[0m 288ms/step - auc: 0.8836 - binary_accuracy: 0.8673 - loss: 0.4100
[1m 41/108[0m [32m━━━━━━━[0m[37m━━━━━━━━━━━━━[0m [1m19s[0m 288ms/step - auc: 0.8838 - binary_accuracy: 0.8662 - loss: 0.4109
[1m 42/108[0m [32m━━━━━━━[0m[37m━━━━━━━━━━━━━[0m [1m19s[0m 288ms/step - auc: 0.8840 - binary_accuracy: 0.8651 - loss: 0.4118
[1m 43/108[0m [32m━━━━━━━[0m[37m━━━━━━━━━━━━━[0m [1m18s[0m 288ms/step - auc: 0.8841 - binary_accuracy: 0.8640 - loss: 0.4127
[1m 44/108[0m [32m━━━━━━━━[0m[37m━━━━━━━━━━━━[0m [1m18s[0m 288ms/step - auc: 0.8843 - binary_accuracy: 0.8628 - loss: 0.4135
[1m 45/108[0m [32m━━━━━━━━[0m[37m━━━━━━━━━━━━[0m [1m18s[0m 288ms/step - auc: 0.8845 - binary_accuracy: 0.8618 - loss: 0.4142
[1m 46/108[0m [32m━━━━━━━━[0m[37m━━━━━━━━━━━━[0m [1m17s[0m 288ms/step - auc: 0.8847 - binary_accuracy: 0.8608 - loss: 0.4150
[1m 47/108[0m [32m━━━━━━━━[0m[37m━━━━━━━━━━━━[0m [1m17s[0m 288ms/step - auc: 0.8848 - binary_accuracy: 0.8599 - loss: 0.4157
[1m 48/108[0m [32m━━━━━━━━[0m[37m━━━━━━━━━━━━[0m [1m17s[0m 288ms/step - auc: 0.8850 - binary_accuracy: 0.8590 - loss: 0.4165
[1m 49/108[0m [32m━━━━━━━━━[0m[37m━━━━━━━━━━━[0m [1m17s[0m 288ms/step - auc: 0.8851 - binary_accuracy: 0.8583 - loss: 0.4173
[1m 50/108[0m [32m━━━━━━━━━[0m[37m━━━━━━━━━━━[0m [1m16s[0m 288ms/step - auc: 0.8852 - binary_accuracy: 0.8576 - loss: 0.4181
[1m 51/108[0m [32m━━━━━━━━━[0m[37m━━━━━━━━━━━[0m [1m16s[0m 288ms/step - auc: 0.8853 - binary_accuracy: 0.8569 - loss: 0.4188
[1m 52/108[0m [32m━━━━━━━━━[0m[37m━━━━━━━━━━━[0m [1m16s[0m 288ms/step - auc: 0.8854 - binary_accuracy: 0.8562 - loss: 0.4195
[1m 53/108[0m [32m━━━━━━━━━[0m[37m━━━━━━━━━━━[0m [1m15s[0m 288ms/step - auc: 0.8855 - binary_accuracy: 0.8555 - loss: 0.4202
[1m 54/108[0m [32m━━━━━━━━━━[0m[37m━━━━━━━━━━[0m [1m15s[0m 288ms/step - auc: 0.8856 - binary_accuracy: 0.8547 - loss: 0.4210
[1m 55/108[0m [32m━━━━━━━━━━[0m[37m━━━━━━━━━━[0m [1m15s[0m 288ms/step - auc: 0.8856 - binary_accuracy: 0.8539 - loss: 0.4216
[1m 56/108[0m [32m━━━━━━━━━━[0m[37m━━━━━━━━━━[0m [1m14s[0m 288ms/step - auc: 0.8857 - binary_accuracy: 0.8530 - loss: 0.4222
[1m 57/108[0m [32m━━━━━━━━━━[0m[37m━━━━━━━━━━[0m [1m14s[0m 288ms/step - auc: 0.8857 - binary_accuracy: 0.8522 - loss: 0.4229
[1m 58/108[0m [32m━━━━━━━━━━[0m[37m━━━━━━━━━━[0m [1m14s[0m 288ms/step - auc: 0.8858 - binary_accuracy: 0.8513 - loss: 0.4235
[1m 59/108[0m [32m━━━━━━━━━━[0m[37m━━━━━━━━━━[0m [1m14s[0m 288ms/step - auc: 0.8859 - binary_accuracy: 0.8506 - loss: 0.4241
[1m 60/108[0m [32m━━━━━━━━━━━[0m[37m━━━━━━━━━[0m [1m13s[0m 288ms/step - auc: 0.8859 - binary_accuracy: 0.8499 - loss: 0.4246
[1m 61/108[0m [32m━━━━━━━━━━━[0m[37m━━━━━━━━━[0m [1m13s[0m 288ms/step - auc: 0.8860 - binary_accuracy: 0.8493 - loss: 0.4251
[1m 62/108[0m [32m━━━━━━━━━━━[0m[37m━━━━━━━━━[0m [1m13s[0m 288ms/step - auc: 0.8861 - binary_accuracy: 0.8487 - loss: 0.4256
[1m 63/108[0m [32m━━━━━━━━━━━[0m[37m━━━━━━━━━[0m [1m12s[0m 288ms/step - auc: 0.8862 - binary_accuracy: 0.8481 - loss: 0.4261
[1m 64/108[0m [32m━━━━━━━━━━━[0m[37m━━━━━━━━━[0m [1m12s[0m 288ms/step - auc: 0.8863 - binary_accuracy: 0.8476 - loss: 0.4265
[1m 65/108[0m [32m━━━━━━━━━━━━[0m[37m━━━━━━━━[0m [1m12s[0m 288ms/step - auc: 0.8864 - binary_accuracy: 0.8471 - loss: 0.4268
[1m 66/108[0m [32m━━━━━━━━━━━━[0m[37m━━━━━━━━[0m [1m12s[0m 288ms/step - auc: 0.8866 - binary_accuracy: 0.8466 - loss: 0.4272
[1m 67/108[0m [32m━━━━━━━━━━━━[0m[37m━━━━━━━━[0m [1m11s[0m 288ms/step - auc: 0.8867 - binary_accuracy: 0.8462 - loss: 0.4275
[1m 68/108[0m [32m━━━━━━━━━━━━[0m[37m━━━━━━━━[0m [1m11s[0m 288ms/step - auc: 0.8868 - binary_accuracy: 0.8457 - loss: 0.4278
[1m 69/108[0m [32m━━━━━━━━━━━━[0m[37m━━━━━━━━[0m [1m11s[0m 288ms/step - auc: 0.8870 - binary_accuracy: 0.8452 - loss: 0.4281
[1m 70/108[0m [32m━━━━━━━━━━━━[0m[37m━━━━━━━━[0m [1m10s[0m 288ms/step - auc: 0.8871 - binary_accuracy: 0.8447 - loss: 0.4284
[1m 71/108[0m [32m━━━━━━━━━━━━━[0m[37m━━━━━━━[0m [1m10s[0m 288ms/step - auc: 0.8873 - binary_accuracy: 0.8443 - loss: 0.4286
[1m 72/108[0m [32m━━━━━━━━━━━━━[0m[37m━━━━━━━[0m [1m10s[0m 288ms/step - auc: 0.8874 - binary_accuracy: 0.8439 - loss: 0.4288
[1m 73/108[0m [32m━━━━━━━━━━━━━[0m[37m━━━━━━━[0m [1m10s[0m 288ms/step - auc: 0.8876 - binary_accuracy: 0.8435 - loss: 0.4290
[1m 74/108[0m [32m━━━━━━━━━━━━━[0m[37m━━━━━━━[0m [1m9s[0m 288ms/step - auc: 0.8878 - binary_accuracy: 0.8431 - loss: 0.4291 
[1m 75/108[0m [32m━━━━━━━━━━━━━[0m[37m━━━━━━━[0m [1m9s[0m 288ms/step - auc: 0.8880 - binary_accuracy: 0.8428 - loss: 0.4291
[1m 76/108[0m [32m━━━━━━━━━━━━━━[0m[37m━━━━━━[0m [1m9s[0m 288ms/step - auc: 0.8882 - binary_accuracy: 0.8426 - loss: 0.4292
[1m 77/108[0m [32m━━━━━━━━━━━━━━[0m[37m━━━━━━[0m [1m8s[0m 288ms/step - auc: 0.8883 - binary_accuracy: 0.8423 - loss: 0.4292
[1m 78/108[0m [32m━━━━━━━━━━━━━━[0m[37m━━━━━━[0m [1m8s[0m 288ms/step - auc: 0.8885 - binary_accuracy: 0.8421 - loss: 0.4293
[1m 79/108[0m [32m━━━━━━━━━━━━━━[0m[37m━━━━━━[0m [1m8s[0m 288ms/step - auc: 0.8887 - binary_accuracy: 0.8418 - loss: 0.4294
[1m 80/108[0m [32m━━━━━━━━━━━━━━[0m[37m━━━━━━[0m [1m8s[0m 288ms/step - auc: 0.8888 - binary_accuracy: 0.8416 - loss: 0.4295
[1m 81/108[0m [32m━━━━━━━━━━━━━━━[0m[37m━━━━━[0m [1m7s[0m 288ms/step - auc: 0.8889 - binary_accuracy: 0.8414 - loss: 0.4296
[1m 82/108[0m [32m━━━━━━━━━━━━━━━[0m[37m━━━━━[0m [1m7s[0m 288ms/step - auc: 0.8891 - binary_accuracy: 0.8411 - loss: 0.4297
[1m 83/108[0m [32m━━━━━━━━━━━━━━━[0m[37m━━━━━[0m [1m7s[0m 288ms/step - auc: 0.8892 - binary_accuracy: 0.8409 - loss: 0.4299
[1m 84/108[0m [32m━━━━━━━━━━━━━━━[0m[37m━━━━━[0m [1m6s[0m 288ms/step - auc: 0.8893 - binary_accuracy: 0.8406 - loss: 0.4300
[1m 85/108[0m [32m━━━━━━━━━━━━━━━[0m[37m━━━━━[0m [1m6s[0m 288ms/step - auc: 0.8894 - binary_accuracy: 0.8403 - loss: 0.4301
[1m 86/108[0m [32m━━━━━━━━━━━━━━━[0m[37m━━━━━[0m [1m6s[0m 288ms/step - auc: 0.8896 - binary_accuracy: 0.8400 - loss: 0.4302
[1m 87/108[0m [32m━━━━━━━━━━━━━━━━[0m[37m━━━━[0m [1m6s[0m 288ms/step - auc: 0.8897 - binary_accuracy: 0.8398 - loss: 0.4303
[1m 88/108[0m [32m━━━━━━━━━━━━━━━━[0m[37m━━━━[0m [1m5s[0m 287ms/step - auc: 0.8898 - binary_accuracy: 0.8395 - loss: 0.4304
[1m 89/108[0m [32m━━━━━━━━━━━━━━━━[0m[37m━━━━[0m [1m5s[0m 287ms/step - auc: 0.8900 - binary_accuracy: 0.8393 - loss: 0.4304
[1m 90/108[0m [32m━━━━━━━━━━━━━━━━[0m[37m━━━━[0m [1m5s[0m 287ms/step - auc: 0.8901 - binary_accuracy: 0.8391 - loss: 0.4304
[1m 91/108[0m [32m━━━━━━━━━━━━━━━━[0m[37m━━━━[0m [1m4s[0m 287ms/step - auc: 0.8902 - binary_accuracy: 0.8389 - loss: 0.4305
[1m 92/108[0m [32m━━━━━━━━━━━━━━━━━[0m[37m━━━[0m [1m4s[0m 287ms/step - auc: 0.8903 - binary_accuracy: 0.8388 - loss: 0.4305
[1m 93/108[0m [32m━━━━━━━━━━━━━━━━━[0m[37m━━━[0m [1m4s[0m 287ms/step - auc: 0.8904 - binary_accuracy: 0.8386 - loss: 0.4306
[1m 94/108[0m [32m━━━━━━━━━━━━━━━━━[0m[37m━━━[0m [1m4s[0m 287ms/step - auc: 0.8906 - binary_accuracy: 0.8384 - loss: 0.4307
[1m 95/108[0m [32m━━━━━━━━━━━━━━━━━[0m[37m━━━[0m [1m3s[0m 287ms/step - auc: 0.8907 - binary_accuracy: 0.8383 - loss: 0.4307
[1m 96/108[0m [32m━━━━━━━━━━━━━━━━━[0m[37m━━━[0m [1m3s[0m 287ms/step - auc: 0.8907 - binary_accuracy: 0.8381 - loss: 0.4308
[1m 97/108[0m [32m━━━━━━━━━━━━━━━━━[0m[37m━━━[0m [1m3s[0m 287ms/step - auc: 0.8908 - binary_accuracy: 0.8379 - loss: 0.4308
[1m 98/108[0m [32m━━━━━━━━━━━━━━━━━━[0m[37m━━[0m [1m2s[0m 287ms/step - auc: 0.8909 - binary_accuracy: 0.8377 - loss: 0.4309
[1m 99/108[0m [32m━━━━━━━━━━━━━━━━━━[0m[37m━━[0m [1m2s[0m 287ms/step - auc: 0.8910 - binary_accuracy: 0.8376 - loss: 0.4309
[1m100/108[0m [32m━━━━━━━━━━━━━━━━━━[0m[37m━━[0m [1m2s[0m 287ms/step - auc: 0.8911 - binary_accuracy: 0.8374 - loss: 0.4310
[1m101/108[0m [32m━━━━━━━━━━━━━━━━━━[0m[37m━━[0m [1m2s[0m 287ms/step - auc: 0.8912 - binary_accuracy: 0.8373 - loss: 0.4310
[1m102/108[0m [32m━━━━━━━━━━━━━━━━━━[0m[37m━━[0m [1m1s[0m 287ms/step - auc: 0.8913 - binary_accuracy: 0.8371 - loss: 0.4310
[1m103/108[0m [32m━━━━━━━━━━━━━━━━━━━[0m[37m━[0m [1m1s[0m 287ms/step - auc: 0.8914 - binary_accuracy: 0.8370 - loss: 0.4310
[1m104/108[0m [32m━━━━━━━━━━━━━━━━━━━[0m[37m━[0m [1m1s[0m 286ms/step - auc: 0.8916 - binary_accuracy: 0.8369 - loss: 0.4310
[1m105/108[0m [32m━━━━━━━━━━━━━━━━━━━[0m[37m━[0m [1m0s[0m 286ms/step - auc: 0.8917 - binary_accuracy: 0.8368 - loss: 0.4309
[1m106/108[0m [32m━━━━━━━━━━━━━━━━━━━[0m[37m━[0m [1m0s[0m 286ms/step - auc: 0.8918 - binary_accuracy: 0.8366 - loss: 0.4309
[1m107/108[0m [32m━━━━━━━━━━━━━━━━━━━[0m[37m━[0m [1m0s[0m 286ms/step - auc: 0.8919 - binary_accuracy: 0.8365 - loss: 0.4309
[1m108/108[0m [32m━━━━━━━━━━━━━━━━━━━━[0m[37m[0m [1m0s[0m 285ms/step - auc: 0.8920 - binary_accuracy: 0.8364 - loss: 0.4308transfer phase-a: epoch 2/8 done in 37.2s loss=0.4245 auc=0.9053 val_loss=0.2513 val_auc=0.9564

[1m108/108[0m [32m━━━━━━━━━━━━━━━━━━━━[0m[37m[0m [1m37s[0m 343ms/step - auc: 0.9053 - binary_accuracy: 0.8259 - loss: 0.4245 - val_auc: 0.9564 - val_binary_accuracy: 0.9403 - val_loss: 0.2513
transfer phase-a: epoch 3/8 start
Epoch 3/5

[1m  1/108[0m [37m━━━━━━━━━━━━━━━━━━━━[0m [1m53s[0m 499ms/step - auc: 1.0000 - binary_accuracy: 0.9688 - loss: 0.1326
[1m  2/108[0m [37m━━━━━━━━━━━━━━━━━━━━[0m [1m29s[0m 280ms/step - auc: 1.0000 - binary_accuracy: 0.9688 - loss: 0.1299
[1m  3/108[0m [37m━━━━━━━━━━━━━━━━━━━━[0m [1m29s[0m 282ms/step - auc: 0.9929 - binary_accuracy: 0.9688 - loss: 0.1402
[1m  4/108[0m [37m━━━━━━━━━━━━━━━━━━━━[0m [1m29s[0m 283ms/step - auc: 0.9876 - binary_accuracy: 0.9688 - loss: 0.1581
[1m  5/108[0m [37m━━━━━━━━━━━━━━━━━━━━[0m [1m28s[0m 281ms/step - auc: 0.9763 - binary_accuracy: 0.9675 - loss: 0.1840
[1m  6/108[0m [32m━[0m[37m━━━━━━━━━━━━━━━━━━━[0m [1m28s[0m 281ms/step - auc: 0.9640 - binary_accuracy: 0.9642 - loss: 0.2124
[1m  7/108[0m [32m━[0m[37m━━━━━━━━━━━━━━━━━━━[0m [1m28s[0m 281ms/step - auc: 0.9572 - binary_accuracy: 0.9598 - loss: 0.2352
[1m  8/108[0m [32m━[0m[37m━━━━━━━━━━━━━━━━━━━[0m [1m28s[0m 282ms/step - auc: 0.9507 - binary_accuracy: 0.9536 - loss: 0.2516
[1m  9/108[0m [32m━[0m[37m━━━━━━━━━━━━━━━━━━━[0m [1m27s[0m 282ms/step - auc: 0.9429 - binary_accuracy: 0.9448 - loss: 0.2656
[1m 10/108[0m [32m━[0m[37m━━━━━━━━━━━━━━━━━━━[0m [1m27s[0m 281ms/step - auc: 0.9355 - binary_accuracy: 0.9366 - loss: 0.2788
[1m 11/108[0m [32m━━[0m[37m━━━━━━━━━━━━━━━━━━[0m [1m27s[0m 281ms/step - auc: 0.9288 - binary_accuracy: 0.9277 - loss: 0.2929
[1m 12/108[0m [32m━━[0m[37m━━━━━━━━━━━━━━━━━━[0m [1m26s[0m 281ms/step - auc: 0.9243 - binary_accuracy: 0.9194 - loss: 0.3043
[1m 13/108[0m [32m━━[0m[37m━━━━━━━━━━━━━━━━━━[0m [1m26s[0m 281ms/step - auc: 0.9223 - binary_accuracy: 0.9122 - loss: 0.3138
[1m 14/108[0m [32m━━[0m[37m━━━━━━━━━━━━━━━━━━[0m [1m26s[0m 283ms/step - auc: 0.9199 - binary_accuracy: 0.9046 - loss: 0.3221
[1m 15/108[0m [32m━━[0m[37m━━━━━━━━━━━━━━━━━━[0m [1m26s[0m 284ms/step - auc: 0.9180 - binary_accuracy: 0.8984 - loss: 0.3283
[1m 16/108[0m [32m━━[0m[37m━━━━━━━━━━━━━━━━━━[0m [1m26s[0m 285ms/step - auc: 0.9168 - binary_accuracy: 0.8935 - loss: 0.3334
[1m 17/108[0m [32m━━━[0m[37m━━━━━━━━━━━━━━━━━[0m [1m25s[0m 285ms/step - auc: 0.9159 - binary_accuracy: 0.8895 - loss: 0.3374
[1m 18/108[0m [32m━━━[0m[37m━━━━━━━━━━━━━━━━━[0m [1m25s[0m 285ms/step - auc: 0.9154 - binary_accuracy: 0.8863 - loss: 0.3406
[1m 19/108[0m [32m━━━[0m[37m━━━━━━━━━━━━━━━━━[0m [1m25s[0m 285ms/step - auc: 0.9149 - binary_accuracy: 0.8836 - loss: 0.3440
[1m 20/108[0m [32m━━━[0m[37m━━━━━━━━━━━━━━━━━[0m [1m25s[0m 285ms/step - auc: 0.9148 - binary_accuracy: 0.8815 - loss: 0.3464
[1m 21/108[0m [32m━━━[0m[37m━━━━━━━━━━━━━━━━━[0m [1m24s[0m 285ms/step - auc: 0.9147 - binary_accuracy: 0.8797 - loss: 0.3487
[1m 22/108[0m [32m━━━━[0m[37m━━━━━━━━━━━━━━━━[0m [1m24s[0m 285ms/step - auc: 0.9144 - binary_accuracy: 0.8781 - loss: 0.3518
[1m 23/108[0m [32m━━━━[0m[37m━━━━━━━━━━━━━━━━[0m [1m24s[0m 285ms/step - auc: 0.9144 - binary_accuracy: 0.8768 - loss: 0.3545
[1m 24/108[0m [32m━━━━[0m[37m━━━━━━━━━━━━━━━━[0m [1m23s[0m 285ms/step - auc: 0.9144 - binary_accuracy: 0.8756 - loss: 0.3567
[1m 25/108[0m [32m━━━━[0m[37m━━━━━━━━━━━━━━━━[0m [1m23s[0m 285ms/step - auc: 0.9144 - binary_accuracy: 0.8744 - loss: 0.3589
[1m 26/108[0m [32m━━━━[0m[37m━━━━━━━━━━━━━━━━[0m [1m23s[0m 285ms/step - auc: 0.9143 - binary_accuracy: 0.8732 - loss: 0.3607
[1m 27/108[0m [32m━━━━━[0m[37m━━━━━━━━━━━━━━━[0m [1m23s[0m 285ms/step - auc: 0.9141 - binary_accuracy: 0.8718 - loss: 0.3626
[1m 28/108[0m [32m━━━━━[0m[37m━━━━━━━━━━━━━━━[0m [1m22s[0m 285ms/step - auc: 0.9139 - binary_accuracy: 0.8701 - loss: 0.3643
[1m 29/108[0m [32m━━━━━[0m[37m━━━━━━━━━━━━━━━[0m [1m22s[0m 285ms/step - auc: 0.9137 - binary_accuracy: 0.8684 - loss: 0.3660
[1m 30/108[0m [32m━━━━━[0m[37m━━━━━━━━━━━━━━━[0m [1m22s[0m 285ms/step - auc: 0.9135 - binary_accuracy: 0.8666 - loss: 0.3677
[1m 31/108[0m [32m━━━━━[0m[37m━━━━━━━━━━━━━━━[0m [1m21s[0m 285ms/step - auc: 0.9133 - binary_accuracy: 0.8650 - loss: 0.3691
[1m 32/108[0m [32m━━━━━[0m[37m━━━━━━━━━━━━━━━[0m [1m21s[0m 285ms/step - auc: 0.9131 - binary_accuracy: 0.8634 - loss: 0.3705
[1m 33/108[0m [32m━━━━━━[0m[37m━━━━━━━━━━━━━━[0m [1m21s[0m 286ms/step - auc: 0.9128 - binary_accuracy: 0.8618 - loss: 0.3719
[1m 34/108[0m [32m━━━━━━[0m[37m━━━━━━━━━━━━━━[0m [1m21s[0m 286ms/step - auc: 0.9125 - binary_accuracy: 0.8605 - loss: 0.3732
[1m 35/108[0m [32m━━━━━━[0m[37m━━━━━━━━━━━━━━[0m [1m20s[0m 286ms/step - auc: 0.9122 - binary_accuracy: 0.8592 - loss: 0.3745
[1m 36/108[0m [32m━━━━━━[0m[37m━━━━━━━━━━━━━━[0m [1m20s[0m 286ms/step - auc: 0.9120 - binary_accuracy: 0.8580 - loss: 0.3755
[1m 37/108[0m [32m━━━━━━[0m[37m━━━━━━━━━━━━━━[0m [1m20s[0m 286ms/step - auc: 0.9118 - binary_accuracy: 0.8570 - loss: 0.3768
[1m 38/108[0m [32m━━━━━━━[0m[37m━━━━━━━━━━━━━[0m [1m19s[0m 286ms/step - auc: 0.9116 - binary_accuracy: 0.8559 - loss: 0.3779
[1m 39/108[0m [32m━━━━━━━[0m[37m━━━━━━━━━━━━━[0m [1m19s[0m 286ms/step - auc: 0.9114 - binary_accuracy: 0.8550 - loss: 0.3788
[1m 40/108[0m [32m━━━━━━━[0m[37m━━━━━━━━━━━━━[0m [1m19s[0m 286ms/step - auc: 0.9113 - binary_accuracy: 0.8542 - loss: 0.3798
[1m 41/108[0m [32m━━━━━━━[0m[37m━━━━━━━━━━━━━[0m [1m19s[0m 285ms/step - auc: 0.9113 - binary_accuracy: 0.8534 - loss: 0.3807
[1m 42/108[0m [32m━━━━━━━[0m[37m━━━━━━━━━━━━━[0m [1m18s[0m 285ms/step - auc: 0.9112 - binary_accuracy: 0.8527 - loss: 0.3816
[1m 43/108[0m [32m━━━━━━━[0m[37m━━━━━━━━━━━━━[0m [1m18s[0m 285ms/step - auc: 0.9111 - binary_accuracy: 0.8521 - loss: 0.3823
[1m 44/108[0m [32m━━━━━━━━[0m[37m━━━━━━━━━━━━[0m [1m18s[0m 286ms/step - auc: 0.9111 - binary_accuracy: 0.8515 - loss: 0.3830
[1m 45/108[0m [32m━━━━━━━━[0m[37m━━━━━━━━━━━━[0m [1m17s[0m 286ms/step - auc: 0.9112 - binary_accuracy: 0.8509 - loss: 0.3837
[1m 46/108[0m [32m━━━━━━━━[0m[37m━━━━━━━━━━━━[0m [1m17s[0m 286ms/step - auc: 0.9112 - binary_accuracy: 0.8504 - loss: 0.3844
[1m 47/108[0m [32m━━━━━━━━[0m[37m━━━━━━━━━━━━[0m [1m17s[0m 286ms/step - auc: 0.9112 - binary_accuracy: 0.8500 - loss: 0.3850
[1m 48/108[0m [32m━━━━━━━━[0m[37m━━━━━━━━━━━━[0m [1m17s[0m 286ms/step - auc: 0.9112 - binary_accuracy: 0.8496 - loss: 0.3856
[1m 49/108[0m [32m━━━━━━━━━[0m[37m━━━━━━━━━━━[0m [1m16s[0m 286ms/step - auc: 0.9111 - binary_accuracy: 0.8492 - loss: 0.3863
[1m 50/108[0m [32m━━━━━━━━━[0m[37m━━━━━━━━━━━[0m [1m16s[0m 286ms/step - auc: 0.9110 - binary_accuracy: 0.8488 - loss: 0.3871
[1m 51/108[0m [32m━━━━━━━━━[0m[37m━━━━━━━━━━━[0m [1m16s[0m 286ms/step - auc: 0.9110 - binary_accuracy: 0.8484 - loss: 0.3877
[1m 52/108[0m [32m━━━━━━━━━[0m[37m━━━━━━━━━━━[0m [1m15s[0m 286ms/step - auc: 0.9110 - binary_accuracy: 0.8480 - loss: 0.3885
[1m 53/108[0m [32m━━━━━━━━━[0m[37m━━━━━━━━━━━[0m [1m15s[0m 286ms/step - auc: 0.9109 - binary_accuracy: 0.8475 - loss: 0.3892
[1m 54/108[0m [32m━━━━━━━━━━[0m[37m━━━━━━━━━━[0m [1m15s[0m 286ms/step - auc: 0.9108 - binary_accuracy: 0.8469 - loss: 0.3899
[1m 55/108[0m [32m━━━━━━━━━━[0m[37m━━━━━━━━━━[0m [1m15s[0m 286ms/step - auc: 0.9107 - binary_accuracy: 0.8464 - loss: 0.3905
[1m 56/108[0m [32m━━━━━━━━━━[0m[37m━━━━━━━━━━[0m [1m14s[0m 286ms/step - auc: 0.9107 - binary_accuracy: 0.8459 - loss: 0.3911
[1m 57/108[0m [32m━━━━━━━━━━[0m[37m━━━━━━━━━━[0m [1m14s[0m 286ms/step - auc: 0.9106 - binary_accuracy: 0.8454 - loss: 0.3917
[1m 58/108[0m [32m━━━━━━━━━━[0m[37m━━━━━━━━━━[0m [1m14s[0m 286ms/step - auc: 0.9105 - binary_accuracy: 0.8449 - loss: 0.3923
[1m 59/108[0m [32m━━━━━━━━━━[0m[37m━━━━━━━━━━[0m [1m14s[0m 286ms/step - auc: 0.9105 - binary_accuracy: 0.8444 - loss: 0.3929
[1m 60/108[0m [32m━━━━━━━━━━━[0m[37m━━━━━━━━━[0m [1m13s[0m 286ms/step - auc: 0.9104 - binary_accuracy: 0.8440 - loss: 0.3935
[1m 61/108[0m [32m━━━━━━━━━━━[0m[37m━━━━━━━━━[0m [1m13s[0m 286ms/step - auc: 0.9104 - binary_accuracy: 0.8437 - loss: 0.3940
[1m 62/108[0m [32m━━━━━━━━━━━[0m[37m━━━━━━━━━[0m [1m13s[0m 286ms/step - auc: 0.9103 - binary_accuracy: 0.8433 - loss: 0.3945
[1m 63/108[0m [32m━━━━━━━━━━━[0m[37m━━━━━━━━━[0m [1m12s[0m 286ms/step - auc: 0.9103 - binary_accuracy: 0.8429 - loss: 0.3951
[1m 64/108[0m [32m━━━━━━━━━━━[0m[37m━━━━━━━━━[0m [1m12s[0m 286ms/step - auc: 0.9102 - binary_accuracy: 0.8426 - loss: 0.3955
[1m 65/108[0m [32m━━━━━━━━━━━━[0m[37m━━━━━━━━[0m [1m12s[0m 286ms/step - auc: 0.9101 - binary_accuracy: 0.8422 - loss: 0.3960
[1m 66/108[0m [32m━━━━━━━━━━━━[0m[37m━━━━━━━━[0m [1m12s[0m 286ms/step - auc: 0.9101 - binary_accuracy: 0.8419 - loss: 0.3964
[1m 67/108[0m [32m━━━━━━━━━━━━[0m[37m━━━━━━━━[0m [1m11s[0m 286ms/step - auc: 0.9101 - binary_accuracy: 0.8415 - loss: 0.3968
[1m 68/108[0m [32m━━━━━━━━━━━━[0m[37m━━━━━━━━[0m [1m11s[0m 286ms/step - auc: 0.9100 - binary_accuracy: 0.8411 - loss: 0.3972
[1m 69/108[0m [32m━━━━━━━━━━━━[0m[37m━━━━━━━━[0m [1m11s[0m 286ms/step - auc: 0.9100 - binary_accuracy: 0.8408 - loss: 0.3976
[1m 70/108[0m [32m━━━━━━━━━━━━[0m[37m━━━━━━━━[0m [1m10s[0m 286ms/step - auc: 0.9100 - binary_accuracy: 0.8405 - loss: 0.3980
[1m 71/108[0m [32m━━━━━━━━━━━━━[0m[37m━━━━━━━[0m [1m10s[0m 286ms/step - auc: 0.9100 - binary_accuracy: 0.8402 - loss: 0.3984
[1m 72/108[0m [32m━━━━━━━━━━━━━[0m[37m━━━━━━━[0m [1m10s[0m 286ms/step - auc: 0.9100 - binary_accuracy: 0.8399 - loss: 0.3986
[1m 73/108[0m [32m━━━━━━━━━━━━━[0m[37m━━━━━━━[0m [1m10s[0m 286ms/step - auc: 0.9101 - binary_accuracy: 0.8397 - loss: 0.3989
[1m 74/108[0m [32m━━━━━━━━━━━━━[0m[37m━━━━━━━[0m [1m9s[0m 286ms/step - auc: 0.9101 - binary_accuracy: 0.8395 - loss: 0.3991 
[1m 75/108[0m [32m━━━━━━━━━━━━━[0m[37m━━━━━━━[0m [1m9s[0m 286ms/step - auc: 0.9102 - binary_accuracy: 0.8393 - loss: 0.3992
[1m 76/108[0m [32m━━━━━━━━━━━━━━[0m[37m━━━━━━[0m [1m9s[0m 286ms/step - auc: 0.9102 - binary_accuracy: 0.8391 - loss: 0.3994
[1m 77/108[0m [32m━━━━━━━━━━━━━━[0m[37m━━━━━━[0m [1m8s[0m 286ms/step - auc: 0.9103 - binary_accuracy: 0.8390 - loss: 0.3995
[1m 78/108[0m [32m━━━━━━━━━━━━━━[0m[37m━━━━━━[0m [1m8s[0m 286ms/step - auc: 0.9103 - binary_accuracy: 0.8388 - loss: 0.3996
[1m 79/108[0m [32m━━━━━━━━━━━━━━[0m[37m━━━━━━[0m [1m8s[0m 286ms/step - auc: 0.9104 - binary_accuracy: 0.8387 - loss: 0.3998
[1m 80/108[0m [32m━━━━━━━━━━━━━━[0m[37m━━━━━━[0m [1m8s[0m 286ms/step - auc: 0.9104 - binary_accuracy: 0.8386 - loss: 0.3999
[1m 81/108[0m [32m━━━━━━━━━━━━━━━[0m[37m━━━━━[0m [1m7s[0m 286ms/step - auc: 0.9104 - binary_accuracy: 0.8385 - loss: 0.4001
[1m 82/108[0m [32m━━━━━━━━━━━━━━━[0m[37m━━━━━[0m [1m7s[0m 286ms/step - auc: 0.9104 - binary_accuracy: 0.8383 - loss: 0.4004
[1m 83/108[0m [32m━━━━━━━━━━━━━━━[0m[37m━━━━━[0m [1m7s[0m 286ms/step - auc: 0.9104 - binary_accuracy: 0.8382 - loss: 0.4006
[1m 84/108[0m [32m━━━━━━━━━━━━━━━[0m[37m━━━━━[0m [1m6s[0m 286ms/step - auc: 0.9105 - binary_accuracy: 0.8380 - loss: 0.4009
[1m 85/108[0m [32m━━━━━━━━━━━━━━━[0m[37m━━━━━[0m [1m6s[0m 286ms/step - auc: 0.9105 - binary_accuracy: 0.8378 - loss: 0.4011
[1m 86/108[0m [32m━━━━━━━━━━━━━━━[0m[37m━━━━━[0m [1m6s[0m 286ms/step - auc: 0.9105 - binary_accuracy: 0.8376 - loss: 0.4013
[1m 87/108[0m [32m━━━━━━━━━━━━━━━━[0m[37m━━━━[0m [1m5s[0m 286ms/step - auc: 0.9105 - binary_accuracy: 0.8375 - loss: 0.4015
[1m 88/108[0m [32m━━━━━━━━━━━━━━━━[0m[37m━━━━[0m [1m5s[0m 286ms/step - auc: 0.9105 - binary_accuracy: 0.8373 - loss: 0.4017
[1m 89/108[0m [32m━━━━━━━━━━━━━━━━[0m[37m━━━━[0m [1m5s[0m 286ms/step - auc: 0.9105 - binary_accuracy: 0.8372 - loss: 0.4019
[1m 90/108[0m [32m━━━━━━━━━━━━━━━━[0m[37m━━━━[0m [1m5s[0m 286ms/step - auc: 0.9105 - binary_accuracy: 0.8371 - loss: 0.4020
[1m 91/108[0m [32m━━━━━━━━━━━━━━━━[0m[37m━━━━[0m [1m4s[0m 286ms/step - auc: 0.9105 - binary_accuracy: 0.8369 - loss: 0.4022
[1m 92/108[0m [32m━━━━━━━━━━━━━━━━━[0m[37m━━━[0m [1m4s[0m 286ms/step - auc: 0.9105 - binary_accuracy: 0.8368 - loss: 0.4024
[1m 93/108[0m [32m━━━━━━━━━━━━━━━━━[0m[37m━━━[0m [1m4s[0m 285ms/step - auc: 0.9105 - binary_accuracy: 0.8367 - loss: 0.4025
[1m 94/108[0m [32m━━━━━━━━━━━━━━━━━[0m[37m━━━[0m [1m3s[0m 285ms/step - auc: 0.9106 - binary_accuracy: 0.8366 - loss: 0.4027
[1m 95/108[0m [32m━━━━━━━━━━━━━━━━━[0m[37m━━━[0m [1m3s[0m 285ms/step - auc: 0.9106 - binary_accuracy: 0.8364 - loss: 0.4028
[1m 96/108[0m [32m━━━━━━━━━━━━━━━━━[0m[37m━━━[0m [1m3s[0m 285ms/step - auc: 0.9106 - binary_accuracy: 0.8363 - loss: 0.4030
[1m 97/108[0m [32m━━━━━━━━━━━━━━━━━[0m[37m━━━[0m [1m3s[0m 285ms/step - auc: 0.9106 - binary_accuracy: 0.8362 - loss: 0.4031
[1m 98/108[0m [32m━━━━━━━━━━━━━━━━━━[0m[37m━━[0m [1m2s[0m 285ms/step - auc: 0.9106 - binary_accuracy: 0.8361 - loss: 0.4032
[1m 99/108[0m [32m━━━━━━━━━━━━━━━━━━[0m[37m━━[0m [1m2s[0m 285ms/step - auc: 0.9106 - binary_accuracy: 0.8360 - loss: 0.4034
[1m100/108[0m [32m━━━━━━━━━━━━━━━━━━[0m[37m━━[0m [1m2s[0m 285ms/step - auc: 0.9106 - binary_accuracy: 0.8359 - loss: 0.4035
[1m101/108[0m [32m━━━━━━━━━━━━━━━━━━[0m[37m━━[0m [1m1s[0m 285ms/step - auc: 0.9106 - binary_accuracy: 0.8359 - loss: 0.4036
[1m102/108[0m [32m━━━━━━━━━━━━━━━━━━[0m[37m━━[0m [1m1s[0m 285ms/step - auc: 0.9106 - binary_accuracy: 0.8358 - loss: 0.4037
[1m103/108[0m [32m━━━━━━━━━━━━━━━━━━━[0m[37m━[0m [1m1s[0m 285ms/step - auc: 0.9106 - binary_accuracy: 0.8357 - loss: 0.4038
[1m104/108[0m [32m━━━━━━━━━━━━━━━━━━━[0m[37m━[0m [1m1s[0m 285ms/step - auc: 0.9106 - binary_accuracy: 0.8357 - loss: 0.4039
[1m105/108[0m [32m━━━━━━━━━━━━━━━━━━━[0m[37m━[0m [1m0s[0m 285ms/step - auc: 0.9107 - binary_accuracy: 0.8356 - loss: 0.4040
[1m106/108[0m [32m━━━━━━━━━━━━━━━━━━━[0m[37m━[0m [1m0s[0m 285ms/step - auc: 0.9107 - binary_accuracy: 0.8356 - loss: 0.4041
[1m107/108[0m [32m━━━━━━━━━━━━━━━━━━━[0m[37m━[0m [1m0s[0m 285ms/step - auc: 0.9107 - binary_accuracy: 0.8355 - loss: 0.4041
[1m108/108[0m [32m━━━━━━━━━━━━━━━━━━━━[0m[37m[0m [1m0s[0m 284ms/step - auc: 0.9108 - binary_accuracy: 0.8355 - loss: 0.4041transfer phase-a: epoch 3/8 done in 37.1s loss=0.4073 auc=0.9153 val_loss=0.2536 val_auc=0.9581

[1m108/108[0m [32m━━━━━━━━━━━━━━━━━━━━[0m[37m[0m [1m37s[0m 342ms/step - auc: 0.9153 - binary_accuracy: 0.8308 - loss: 0.4073 - val_auc: 0.9581 - val_binary_accuracy: 0.9279 - val_loss: 0.2536
transfer phase-a: epoch 4/8 start
Epoch 4/5

[1m  1/108[0m [37m━━━━━━━━━━━━━━━━━━━━[0m [1m52s[0m 491ms/step - auc: 1.0000 - binary_accuracy: 1.0000 - loss: 0.0945
[1m  2/108[0m [37m━━━━━━━━━━━━━━━━━━━━[0m [1m29s[0m 278ms/step - auc: 1.0000 - binary_accuracy: 0.9922 - loss: 0.1022
[1m  3/108[0m [37m━━━━━━━━━━━━━━━━━━━━[0m [1m29s[0m 279ms/step - auc: 1.0000 - binary_accuracy: 0.9913 - loss: 0.1098
[1m  4/108[0m [37m━━━━━━━━━━━━━━━━━━━━[0m [1m29s[0m 279ms/step - auc: 0.9713 - binary_accuracy: 0.9876 - loss: 0.1504
[1m  5/108[0m [37m━━━━━━━━━━━━━━━━━━━━[0m [1m28s[0m 280ms/step - auc: 0.9572 - binary_accuracy: 0.9851 - loss: 0.1853
[1m  6/108[0m [32m━[0m[37m━━━━━━━━━━━━━━━━━━━[0m [1m28s[0m 279ms/step - auc: 0.9494 - binary_accuracy: 0.9824 - loss: 0.2143
[1m  7/108[0m [32m━[0m[37m━━━━━━━━━━━━━━━━━━━[0m [1m28s[0m 279ms/step - auc: 0.9462 - binary_accuracy: 0.9779 - loss: 0.2363
[1m  8/108[0m [32m━[0m[37m━━━━━━━━━━━━━━━━━━━[0m [1m27s[0m 279ms/step - auc: 0.9415 - binary_accuracy: 0.9704 - loss: 0.2539
[1m  9/108[0m [32m━[0m[37m━━━━━━━━━━━━━━━━━━━[0m [1m27s[0m 280ms/step - auc: 0.9347 - binary_accuracy: 0.9606 - loss: 0.2702
[1m 10/108[0m [32m━[0m[37m━━━━━━━━━━━━━━━━━━━[0m [1m27s[0m 279ms/step - auc: 0.9285 - binary_accuracy: 0.9504 - loss: 0.2837
[1m 11/108[0m [32m━━[0m[37m━━━━━━━━━━━━━━━━━━[0m [1m27s[0m 279ms/step - auc: 0.9228 - binary_accuracy: 0.9400 - loss: 0.2981
[1m 12/108[0m [32m━━[0m[37m━━━━━━━━━━━━━━━━━━[0m [1m26s[0m 279ms/step - auc: 0.9193 - binary_accuracy: 0.9311 - loss: 0.3094
[1m 13/108[0m [32m━━[0m[37m━━━━━━━━━━━━━━━━━━[0m [1m26s[0m 279ms/step - auc: 0.9178 - binary_accuracy: 0.9236 - loss: 0.3192
[1m 14/108[0m [32m━━[0m[37m━━━━━━━━━━━━━━━━━━[0m [1m26s[0m 280ms/step - auc: 0.9163 - binary_accuracy: 0.9171 - loss: 0.3271
[1m 15/108[0m [32m━━[0m[37m━━━━━━━━━━━━━━━━━━[0m [1m26s[0m 281ms/step - auc: 0.9153 - binary_accuracy: 0.9118 - loss: 0.3329
[1m 16/108[0m [32m━━[0m[37m━━━━━━━━━━━━━━━━━━[0m [1m25s[0m 281ms/step - auc: 0.9148 - binary_accuracy: 0.9076 - loss: 0.3376
[1m 17/108[0m [32m━━━[0m[37m━━━━━━━━━━━━━━━━━[0m [1m25s[0m 281ms/step - auc: 0.9145 - binary_accuracy: 0.9042 - loss: 0.3410
[1m 18/108[0m [32m━━━[0m[37m━━━━━━━━━━━━━━━━━[0m [1m25s[0m 282ms/step - auc: 0.9145 - binary_accuracy: 0.9017 - loss: 0.3438
[1m 19/108[0m [32m━━━[0m[37m━━━━━━━━━━━━━━━━━[0m [1m25s[0m 282ms/step - auc: 0.9144 - binary_accuracy: 0.8995 - loss: 0.3469
[1m 20/108[0m [32m━━━[0m[37m━━━━━━━━━━━━━━━━━[0m [1m24s[0m 282ms/step - auc: 0.9144 - binary_accuracy: 0.8976 - loss: 0.3494
[1m 21/108[0m [32m━━━[0m[37m━━━━━━━━━━━━━━━━━[0m [1m24s[0m 282ms/step - auc: 0.9144 - binary_accuracy: 0.8960 - loss: 0.3518
[1m 22/108[0m [32m━━━━[0m[37m━━━━━━━━━━━━━━━━[0m [1m24s[0m 282ms/step - auc: 0.9144 - binary_accuracy: 0.8945 - loss: 0.3547
[1m 23/108[0m [32m━━━━[0m[37m━━━━━━━━━━━━━━━━[0m [1m23s[0m 282ms/step - auc: 0.9145 - binary_accuracy: 0.8933 - loss: 0.3571
[1m 24/108[0m [32m━━━━[0m[37m━━━━━━━━━━━━━━━━[0m [1m23s[0m 282ms/step - auc: 0.9147 - binary_accuracy: 0.8921 - loss: 0.3592
[1m 25/108[0m [32m━━━━[0m[37m━━━━━━━━━━━━━━━━[0m [1m23s[0m 283ms/step - auc: 0.9148 - binary_accuracy: 0.8907 - loss: 0.3611
[1m 26/108[0m [32m━━━━[0m[37m━━━━━━━━━━━━━━━━[0m [1m23s[0m 283ms/step - auc: 0.9148 - binary_accuracy: 0.8891 - loss: 0.3629
[1m 27/108[0m [32m━━━━━[0m[37m━━━━━━━━━━━━━━━[0m [1m22s[0m 283ms/step - auc: 0.9147 - binary_accuracy: 0.8873 - loss: 0.3646
[1m 28/108[0m [32m━━━━━[0m[37m━━━━━━━━━━━━━━━[0m [1m22s[0m 283ms/step - auc: 0.9145 - binary_accuracy: 0.8853 - loss: 0.3664
[1m 29/108[0m [32m━━━━━[0m[37m━━━━━━━━━━━━━━━[0m [1m22s[0m 283ms/step - auc: 0.9144 - binary_accuracy: 0.8834 - loss: 0.3681
[1m 30/108[0m [32m━━━━━[0m[37m━━━━━━━━━━━━━━━[0m [1m22s[0m 283ms/step - auc: 0.9142 - binary_accuracy: 0.8815 - loss: 0.3698
[1m 31/108[0m [32m━━━━━[0m[37m━━━━━━━━━━━━━━━[0m [1m21s[0m 283ms/step - auc: 0.9140 - binary_accuracy: 0.8798 - loss: 0.3713
[1m 32/108[0m [32m━━━━━[0m[37m━━━━━━━━━━━━━━━[0m [1m21s[0m 283ms/step - auc: 0.9139 - binary_accuracy: 0.8781 - loss: 0.3725
[1m 33/108[0m [32m━━━━━━[0m[37m━━━━━━━━━━━━━━[0m [1m21s[0m 283ms/step - auc: 0.9137 - binary_accuracy: 0.8765 - loss: 0.3738
[1m 34/108[0m [32m━━━━━━[0m[37m━━━━━━━━━━━━━━[0m [1m20s[0m 283ms/step - auc: 0.9136 - binary_accuracy: 0.8750 - loss: 0.3749
[1m 35/108[0m [32m━━━━━━[0m[37m━━━━━━━━━━━━━━[0m [1m20s[0m 283ms/step - auc: 0.9135 - binary_accuracy: 0.8736 - loss: 0.3758
[1m 36/108[0m [32m━━━━━━[0m[37m━━━━━━━━━━━━━━[0m [1m20s[0m 283ms/step - auc: 0.9135 - binary_accuracy: 0.8724 - loss: 0.3767
[1m 37/108[0m [32m━━━━━━[0m[37m━━━━━━━━━━━━━━[0m [1m20s[0m 283ms/step - auc: 0.9133 - binary_accuracy: 0.8712 - loss: 0.3778
[1m 38/108[0m [32m━━━━━━━[0m[37m━━━━━━━━━━━━━[0m [1m19s[0m 283ms/step - auc: 0.9132 - binary_accuracy: 0.8701 - loss: 0.3789
[1m 39/108[0m [32m━━━━━━━[0m[37m━━━━━━━━━━━━━[0m [1m19s[0m 283ms/step - auc: 0.9131 - binary_accuracy: 0.8691 - loss: 0.3798
[1m 40/108[0m [32m━━━━━━━[0m[37m━━━━━━━━━━━━━[0m [1m19s[0m 283ms/step - auc: 0.9130 - binary_accuracy: 0.8681 - loss: 0.3808
[1m 41/108[0m [32m━━━━━━━[0m[37m━━━━━━━━━━━━━[0m [1m18s[0m 283ms/step - auc: 0.9130 - binary_accuracy: 0.8671 - loss: 0.3816
[1m 42/108[0m [32m━━━━━━━[0m[37m━━━━━━━━━━━━━[0m [1m18s[0m 283ms/step - auc: 0.9129 - binary_accuracy: 0.8662 - loss: 0.3825
[1m 43/108[0m [32m━━━━━━━[0m[37m━━━━━━━━━━━━━[0m [1m18s[0m 283ms/step - auc: 0.9129 - binary_accuracy: 0.8653 - loss: 0.3833
[1m 44/108[0m [32m━━━━━━━━[0m[37m━━━━━━━━━━━━[0m [1m18s[0m 284ms/step - auc: 0.9129 - binary_accuracy: 0.8643 - loss: 0.3840
[1m 45/108[0m [32m━━━━━━━━[0m[37m━━━━━━━━━━━━[0m [1m17s[0m 284ms/step - auc: 0.9129 - binary_accuracy: 0.8635 - loss: 0.3846
[1m 46/108[0m [32m━━━━━━━━[0m[37m━━━━━━━━━━━━[0m [1m17s[0m 284ms/step - auc: 0.9129 - binary_accuracy: 0.8626 - loss: 0.3853
[1m 47/108[0m [32m━━━━━━━━[0m[37m━━━━━━━━━━━━[0m [1m17s[0m 284ms/step - auc: 0.9130 - binary_accuracy: 0.8618 - loss: 0.3858
[1m 48/108[0m [32m━━━━━━━━[0m[37m━━━━━━━━━━━━[0m [1m17s[0m 284ms/step - auc: 0.9130 - binary_accuracy: 0.8611 - loss: 0.3865
[1m 49/108[0m [32m━━━━━━━━━[0m[37m━━━━━━━━━━━[0m [1m16s[0m 284ms/step - auc: 0.9130 - binary_accuracy: 0.8604 - loss: 0.3871
[1m 50/108[0m [32m━━━━━━━━━[0m[37m━━━━━━━━━━━[0m [1m16s[0m 284ms/step - auc: 0.9129 - binary_accuracy: 0.8598 - loss: 0.3878
[1m 51/108[0m [32m━━━━━━━━━[0m[37m━━━━━━━━━━━[0m [1m16s[0m 284ms/step - auc: 0.9129 - binary_accuracy: 0.8592 - loss: 0.3884
[1m 52/108[0m [32m━━━━━━━━━[0m[37m━━━━━━━━━━━[0m [1m15s[0m 284ms/step - auc: 0.9129 - binary_accuracy: 0.8586 - loss: 0.3891
[1m 53/108[0m [32m━━━━━━━━━[0m[37m━━━━━━━━━━━[0m [1m15s[0m 284ms/step - auc: 0.9129 - binary_accuracy: 0.8580 - loss: 0.3897
[1m 54/108[0m [32m━━━━━━━━━━[0m[37m━━━━━━━━━━[0m [1m15s[0m 284ms/step - auc: 0.9129 - binary_accuracy: 0.8573 - loss: 0.3904
[1m 55/108[0m [32m━━━━━━━━━━[0m[37m━━━━━━━━━━[0m [1m15s[0m 284ms/step - auc: 0.9129 - binary_accuracy: 0.8566 - loss: 0.3909
[1m 56/108[0m [32m━━━━━━━━━━[0m[37m━━━━━━━━━━[0m [1m14s[0m 284ms/step - auc: 0.9128 - binary_accuracy: 0.8560 - loss: 0.3915
[1m 57/108[0m [32m━━━━━━━━━━[0m[37m━━━━━━━━━━[0m [1m14s[0m 284ms/step - auc: 0.9128 - binary_accuracy: 0.8554 - loss: 0.3921
[1m 58/108[0m [32m━━━━━━━━━━[0m[37m━━━━━━━━━━[0m [1m14s[0m 284ms/step - auc: 0.9128 - binary_accuracy: 0.8548 - loss: 0.3926
[1m 59/108[0m [32m━━━━━━━━━━[0m[37m━━━━━━━━━━[0m [1m13s[0m 284ms/step - auc: 0.9128 - binary_accuracy: 0.8543 - loss: 0.3932
[1m 60/108[0m [32m━━━━━━━━━━━[0m[37m━━━━━━━━━[0m [1m13s[0m 284ms/step - auc: 0.9128 - binary_accuracy: 0.8539 - loss: 0.3937
[1m 61/108[0m [32m━━━━━━━━━━━[0m[37m━━━━━━━━━[0m [1m13s[0m 284ms/step - auc: 0.9128 - binary_accuracy: 0.8534 - loss: 0.3941
[1m 62/108[0m [32m━━━━━━━━━━━[0m[37m━━━━━━━━━[0m [1m13s[0m 284ms/step - auc: 0.9128 - binary_accuracy: 0.8530 - loss: 0.3946
[1m 63/108[0m [32m━━━━━━━━━━━[0m[37m━━━━━━━━━[0m [1m12s[0m 284ms/step - auc: 0.9127 - binary_accuracy: 0.8525 - loss: 0.3950
[1m 64/108[0m [32m━━━━━━━━━━━[0m[37m━━━━━━━━━[0m [1m12s[0m 284ms/step - auc: 0.9127 - binary_accuracy: 0.8521 - loss: 0.3954
[1m 65/108[0m [32m━━━━━━━━━━━━[0m[37m━━━━━━━━[0m [1m12s[0m 284ms/step - auc: 0.9127 - binary_accuracy: 0.8516 - loss: 0.3958
[1m 66/108[0m [32m━━━━━━━━━━━━[0m[37m━━━━━━━━[0m [1m11s[0m 284ms/step - auc: 0.9127 - binary_accuracy: 0.8512 - loss: 0.3961
[1m 67/108[0m [32m━━━━━━━━━━━━[0m[37m━━━━━━━━[0m [1m11s[0m 284ms/step - auc: 0.9128 - binary_accuracy: 0.8508 - loss: 0.3964
[1m 68/108[0m [32m━━━━━━━━━━━━[0m[37m━━━━━━━━[0m [1m11s[0m 284ms/step - auc: 0.9128 - binary_accuracy: 0.8504 - loss: 0.3967
[1m 69/108[0m [32m━━━━━━━━━━━━[0m[37m━━━━━━━━[0m [1m11s[0m 284ms/step - auc: 0.9128 - binary_accuracy: 0.8501 - loss: 0.3971
[1m 70/108[0m [32m━━━━━━━━━━━━[0m[37m━━━━━━━━[0m [1m10s[0m 284ms/step - auc: 0.9129 - binary_accuracy: 0.8497 - loss: 0.3973
[1m 71/108[0m [32m━━━━━━━━━━━━━[0m[37m━━━━━━━[0m [1m10s[0m 284ms/step - auc: 0.9129 - binary_accuracy: 0.8494 - loss: 0.3976
[1m 72/108[0m [32m━━━━━━━━━━━━━[0m[37m━━━━━━━[0m [1m10s[0m 284ms/step - auc: 0.9130 - binary_accuracy: 0.8491 - loss: 0.3978
[1m 73/108[0m [32m━━━━━━━━━━━━━[0m[37m━━━━━━━[0m [1m9s[0m 284ms/step - auc: 0.9130 - binary_accuracy: 0.8488 - loss: 0.3979 
[1m 74/108[0m [32m━━━━━━━━━━━━━[0m[37m━━━━━━━[0m [1m9s[0m 284ms/step - auc: 0.9131 - binary_accuracy: 0.8485 - loss: 0.3980
[1m 75/108[0m [32m━━━━━━━━━━━━━[0m[37m━━━━━━━[0m [1m9s[0m 284ms/step - auc: 0.9132 - binary_accuracy: 0.8483 - loss: 0.3981
[1m 76/108[0m [32m━━━━━━━━━━━━━━[0m[37m━━━━━━[0m [1m9s[0m 284ms/step - auc: 0.9133 - binary_accuracy: 0.8480 - loss: 0.3982
[1m 77/108[0m [32m━━━━━━━━━━━━━━[0m[37m━━━━━━[0m [1m8s[0m 284ms/step - auc: 0.9133 - binary_accuracy: 0.8478 - loss: 0.3983
[1m 78/108[0m [32m━━━━━━━━━━━━━━[0m[37m━━━━━━[0m [1m8s[0m 284ms/step - auc: 0.9134 - binary_accuracy: 0.8476 - loss: 0.3984
[1m 79/108[0m [32m━━━━━━━━━━━━━━[0m[37m━━━━━━[0m [1m8s[0m 284ms/step - auc: 0.9135 - binary_accuracy: 0.8474 - loss: 0.3985
[1m 80/108[0m [32m━━━━━━━━━━━━━━[0m[37m━━━━━━[0m [1m7s[0m 284ms/step - auc: 0.9135 - binary_accuracy: 0.8472 - loss: 0.3986
[1m 81/108[0m [32m━━━━━━━━━━━━━━━[0m[37m━━━━━[0m [1m7s[0m 284ms/step - auc: 0.9136 - binary_accuracy: 0.8471 - loss: 0.3987
[1m 82/108[0m [32m━━━━━━━━━━━━━━━[0m[37m━━━━━[0m [1m7s[0m 284ms/step - auc: 0.9136 - binary_accuracy: 0.8469 - loss: 0.3988
[1m 83/108[0m [32m━━━━━━━━━━━━━━━[0m[37m━━━━━[0m [1m7s[0m 284ms/step - auc: 0.9137 - binary_accuracy: 0.8467 - loss: 0.3990
[1m 84/108[0m [32m━━━━━━━━━━━━━━━[0m[37m━━━━━[0m [1m6s[0m 284ms/step - auc: 0.9137 - binary_accuracy: 0.8465 - loss: 0.3991
[1m 85/108[0m [32m━━━━━━━━━━━━━━━[0m[37m━━━━━[0m [1m6s[0m 284ms/step - auc: 0.9138 - binary_accuracy: 0.8463 - loss: 0.3991
[1m 86/108[0m [32m━━━━━━━━━━━━━━━[0m[37m━━━━━[0m [1m6s[0m 284ms/step - auc: 0.9139 - binary_accuracy: 0.8461 - loss: 0.3992
[1m 87/108[0m [32m━━━━━━━━━━━━━━━━[0m[37m━━━━[0m [1m5s[0m 285ms/step - auc: 0.9139 - binary_accuracy: 0.8460 - loss: 0.3993
[1m 88/108[0m [32m━━━━━━━━━━━━━━━━[0m[37m━━━━[0m [1m5s[0m 285ms/step - auc: 0.9140 - binary_accuracy: 0.8458 - loss: 0.3993
[1m 89/108[0m [32m━━━━━━━━━━━━━━━━[0m[37m━━━━[0m [1m5s[0m 285ms/step - auc: 0.9141 - binary_accuracy: 0.8457 - loss: 0.3994
[1m 90/108[0m [32m━━━━━━━━━━━━━━━━[0m[37m━━━━[0m [1m5s[0m 285ms/step - auc: 0.9142 - binary_accuracy: 0.8455 - loss: 0.3994
[1m 91/108[0m [32m━━━━━━━━━━━━━━━━[0m[37m━━━━[0m [1m4s[0m 285ms/step - auc: 0.9142 - binary_accuracy: 0.8454 - loss: 0.3994
[1m 92/108[0m [32m━━━━━━━━━━━━━━━━━[0m[37m━━━[0m [1m4s[0m 285ms/step - auc: 0.9143 - binary_accuracy: 0.8453 - loss: 0.3994
[1m 93/108[0m [32m━━━━━━━━━━━━━━━━━[0m[37m━━━[0m [1m4s[0m 284ms/step - auc: 0.9144 - binary_accuracy: 0.8453 - loss: 0.3994
[1m 94/108[0m [32m━━━━━━━━━━━━━━━━━[0m[37m━━━[0m [1m3s[0m 285ms/step - auc: 0.9144 - binary_accuracy: 0.8451 - loss: 0.3995
[1m 95/108[0m [32m━━━━━━━━━━━━━━━━━[0m[37m━━━[0m [1m3s[0m 285ms/step - auc: 0.9145 - binary_accuracy: 0.8450 - loss: 0.3995
[1m 96/108[0m [32m━━━━━━━━━━━━━━━━━[0m[37m━━━[0m [1m3s[0m 285ms/step - auc: 0.9145 - binary_accuracy: 0.8449 - loss: 0.3996
[1m 97/108[0m [32m━━━━━━━━━━━━━━━━━[0m[37m━━━[0m [1m3s[0m 285ms/step - auc: 0.9145 - binary_accuracy: 0.8448 - loss: 0.3996
[1m 98/108[0m [32m━━━━━━━━━━━━━━━━━━[0m[37m━━[0m [1m2s[0m 285ms/step - auc: 0.9146 - binary_accuracy: 0.8446 - loss: 0.3997
[1m 99/108[0m [32m━━━━━━━━━━━━━━━━━━[0m[37m━━[0m [1m2s[0m 285ms/step - auc: 0.9146 - binary_accuracy: 0.8445 - loss: 0.3997
[1m100/108[0m [32m━━━━━━━━━━━━━━━━━━[0m[37m━━[0m [1m2s[0m 285ms/step - auc: 0.9147 - binary_accuracy: 0.8444 - loss: 0.3998
[1m101/108[0m [32m━━━━━━━━━━━━━━━━━━[0m[37m━━[0m [1m1s[0m 285ms/step - auc: 0.9147 - binary_accuracy: 0.8443 - loss: 0.3998
[1m102/108[0m [32m━━━━━━━━━━━━━━━━━━[0m[37m━━[0m [1m1s[0m 285ms/step - auc: 0.9148 - binary_accuracy: 0.8443 - loss: 0.3998
[1m103/108[0m [32m━━━━━━━━━━━━━━━━━━━[0m[37m━[0m [1m1s[0m 285ms/step - auc: 0.9148 - binary_accuracy: 0.8442 - loss: 0.3998
[1m104/108[0m [32m━━━━━━━━━━━━━━━━━━━[0m[37m━[0m [1m1s[0m 284ms/step - auc: 0.9149 - binary_accuracy: 0.8441 - loss: 0.3998
[1m105/108[0m [32m━━━━━━━━━━━━━━━━━━━[0m[37m━[0m [1m0s[0m 284ms/step - auc: 0.9149 - binary_accuracy: 0.8441 - loss: 0.3998
[1m106/108[0m [32m━━━━━━━━━━━━━━━━━━━[0m[37m━[0m [1m0s[0m 284ms/step - auc: 0.9150 - binary_accuracy: 0.8440 - loss: 0.3998
[1m107/108[0m [32m━━━━━━━━━━━━━━━━━━━[0m[37m━[0m [1m0s[0m 284ms/step - auc: 0.9151 - binary_accuracy: 0.8440 - loss: 0.3998
[1m108/108[0m [32m━━━━━━━━━━━━━━━━━━━━[0m[37m[0m [1m0s[0m 283ms/step - auc: 0.9151 - binary_accuracy: 0.8439 - loss: 0.3998transfer phase-a: epoch 4/8 done in 37.0s loss=0.3974 auc=0.9211 val_loss=0.3774 val_auc=0.9631

[1m108/108[0m [32m━━━━━━━━━━━━━━━━━━━━[0m[37m[0m [1m37s[0m 341ms/step - auc: 0.9211 - binary_accuracy: 0.8378 - loss: 0.3974 - val_auc: 0.9631 - val_binary_accuracy: 0.8520 - val_loss: 0.3774
transfer phase-a: epoch 5/8 start
Epoch 5/5

[1m  1/108[0m [37m━━━━━━━━━━━━━━━━━━━━[0m [1m51s[0m 484ms/step - auc: 1.0000 - binary_accuracy: 0.9688 - loss: 0.1578
[1m  2/108[0m [37m━━━━━━━━━━━━━━━━━━━━[0m [1m30s[0m 285ms/step - auc: 1.0000 - binary_accuracy: 0.9609 - loss: 0.1669
[1m  3/108[0m [37m━━━━━━━━━━━━━━━━━━━━[0m [1m29s[0m 280ms/step - auc: 1.0000 - binary_accuracy: 0.9601 - loss: 0.1651
[1m  4/108[0m [37m━━━━━━━━━━━━━━━━━━━━[0m [1m29s[0m 280ms/step - auc: 0.9814 - binary_accuracy: 0.9603 - loss: 0.1770
[1m  5/108[0m [37m━━━━━━━━━━━━━━━━━━━━[0m [1m28s[0m 280ms/step - auc: 0.9710 - binary_accuracy: 0.9595 - loss: 0.1904
[1m  6/108[0m [32m━[0m[37m━━━━━━━━━━━━━━━━━━━[0m [1m28s[0m 282ms/step - auc: 0.9626 - binary_accuracy: 0.9593 - loss: 0.2068
[1m  7/108[0m [32m━[0m[37m━━━━━━━━━━━━━━━━━━━[0m [1m28s[0m 282ms/step - auc: 0.9548 - binary_accuracy: 0.9568 - loss: 0.2277
[1m  8/108[0m [32m━[0m[37m━━━━━━━━━━━━━━━━━━━[0m [1m28s[0m 281ms/step - auc: 0.9493 - binary_accuracy: 0.9534 - loss: 0.2421
[1m  9/108[0m [32m━[0m[37m━━━━━━━━━━━━━━━━━━━[0m [1m27s[0m 281ms/step - auc: 0.9438 - binary_accuracy: 0.9490 - loss: 0.2540
[1m 10/108[0m [32m━[0m[37m━━━━━━━━━━━━━━━━━━━[0m [1m27s[0m 281ms/step - auc: 0.9393 - binary_accuracy: 0.9441 - loss: 0.2639
[1m 11/108[0m [32m━━[0m[37m━━━━━━━━━━━━━━━━━━[0m [1m27s[0m 282ms/step - auc: 0.9347 - binary_accuracy: 0.9375 - loss: 0.2753
[1m 12/108[0m [32m━━[0m[37m━━━━━━━━━━━━━━━━━━[0m [1m26s[0m 281ms/step - auc: 0.9319 - binary_accuracy: 0.9310 - loss: 0.2846
[1m 13/108[0m [32m━━[0m[37m━━━━━━━━━━━━━━━━━━[0m [1m26s[0m 281ms/step - auc: 0.9308 - binary_accuracy: 0.9252 - loss: 0.2928
[1m 14/108[0m [32m━━[0m[37m━━━━━━━━━━━━━━━━━━[0m [1m26s[0m 281ms/step - auc: 0.9293 - binary_accuracy: 0.9183 - loss: 0.3002
[1m 15/108[0m [32m━━[0m[37m━━━━━━━━━━━━━━━━━━[0m [1m26s[0m 282ms/step - auc: 0.9282 - binary_accuracy: 0.9119 - loss: 0.3059
[1m 16/108[0m [32m━━[0m[37m━━━━━━━━━━━━━━━━━━[0m [1m25s[0m 282ms/step - auc: 0.9274 - binary_accuracy: 0.9069 - loss: 0.3108
[1m 17/108[0m [32m━━━[0m[37m━━━━━━━━━━━━━━━━━[0m [1m25s[0m 282ms/step - auc: 0.9268 - binary_accuracy: 0.9027 - loss: 0.3146
[1m 18/108[0m [32m━━━[0m[37m━━━━━━━━━━━━━━━━━[0m [1m25s[0m 282ms/step - auc: 0.9266 - binary_accuracy: 0.8994 - loss: 0.3176
[1m 19/108[0m [32m━━━[0m[37m━━━━━━━━━━━━━━━━━[0m [1m25s[0m 282ms/step - auc: 0.9265 - binary_accuracy: 0.8965 - loss: 0.3206
[1m 20/108[0m [32m━━━[0m[37m━━━━━━━━━━━━━━━━━[0m [1m24s[0m 282ms/step - auc: 0.9267 - binary_accuracy: 0.8942 - loss: 0.3226
[1m 21/108[0m [32m━━━[0m[37m━━━━━━━━━━━━━━━━━[0m [1m24s[0m 282ms/step - auc: 0.9267 - binary_accuracy: 0.8923 - loss: 0.3249
[1m 22/108[0m [32m━━━━[0m[37m━━━━━━━━━━━━━━━━[0m [1m24s[0m 282ms/step - auc: 0.9266 - binary_accuracy: 0.8905 - loss: 0.3278
[1m 23/108[0m [32m━━━━[0m[37m━━━━━━━━━━━━━━━━[0m [1m23s[0m 282ms/step - auc: 0.9267 - binary_accuracy: 0.8892 - loss: 0.3303
[1m 24/108[0m [32m━━━━[0m[37m━━━━━━━━━━━━━━━━[0m [1m23s[0m 282ms/step - auc: 0.9268 - binary_accuracy: 0.8880 - loss: 0.3324
[1m 25/108[0m [32m━━━━[0m[37m━━━━━━━━━━━━━━━━[0m [1m23s[0m 283ms/step - auc: 0.9270 - binary_accuracy: 0.8869 - loss: 0.3343
[1m 26/108[0m [32m━━━━[0m[37m━━━━━━━━━━━━━━━━[0m [1m23s[0m 283ms/step - auc: 0.9270 - binary_accuracy: 0.8856 - loss: 0.3359
[1m 27/108[0m [32m━━━━━[0m[37m━━━━━━━━━━━━━━━[0m [1m22s[0m 283ms/step - auc: 0.9270 - binary_accuracy: 0.8840 - loss: 0.3376
[1m 28/108[0m [32m━━━━━[0m[37m━━━━━━━━━━━━━━━[0m [1m22s[0m 283ms/step - auc: 0.9269 - binary_accuracy: 0.8823 - loss: 0.3393
[1m 29/108[0m [32m━━━━━[0m[37m━━━━━━━━━━━━━━━[0m [1m22s[0m 283ms/step - auc: 0.9269 - binary_accuracy: 0.8807 - loss: 0.3409
[1m 30/108[0m [32m━━━━━[0m[37m━━━━━━━━━━━━━━━[0m [1m22s[0m 283ms/step - auc: 0.9268 - binary_accuracy: 0.8793 - loss: 0.3424
[1m 31/108[0m [32m━━━━━[0m[37m━━━━━━━━━━━━━━━[0m [1m21s[0m 283ms/step - auc: 0.9268 - binary_accuracy: 0.8781 - loss: 0.3438
[1m 32/108[0m [32m━━━━━[0m[37m━━━━━━━━━━━━━━━[0m [1m21s[0m 283ms/step - auc: 0.9267 - binary_accuracy: 0.8769 - loss: 0.3450
[1m 33/108[0m [32m━━━━━━[0m[37m━━━━━━━━━━━━━━[0m [1m21s[0m 283ms/step - auc: 0.9266 - binary_accuracy: 0.8758 - loss: 0.3461
[1m 34/108[0m [32m━━━━━━[0m[37m━━━━━━━━━━━━━━[0m [1m20s[0m 283ms/step - auc: 0.9266 - binary_accuracy: 0.8749 - loss: 0.3470
[1m 35/108[0m [32m━━━━━━[0m[37m━━━━━━━━━━━━━━[0m [1m20s[0m 283ms/step - auc: 0.9266 - binary_accuracy: 0.8740 - loss: 0.3479
[1m 36/108[0m [32m━━━━━━[0m[37m━━━━━━━━━━━━━━[0m [1m20s[0m 283ms/step - auc: 0.9267 - binary_accuracy: 0.8732 - loss: 0.3487
[1m 37/108[0m [32m━━━━━━[0m[37m━━━━━━━━━━━━━━[0m [1m20s[0m 283ms/step - auc: 0.9267 - binary_accuracy: 0.8724 - loss: 0.3496
[1m 38/108[0m [32m━━━━━━━[0m[37m━━━━━━━━━━━━━[0m [1m19s[0m 283ms/step - auc: 0.9266 - binary_accuracy: 0.8717 - loss: 0.3504
[1m 39/108[0m [32m━━━━━━━[0m[37m━━━━━━━━━━━━━[0m [1m19s[0m 283ms/step - auc: 0.9267 - binary_accuracy: 0.8710 - loss: 0.3510
[1m 40/108[0m [32m━━━━━━━[0m[37m━━━━━━━━━━━━━[0m [1m19s[0m 283ms/step - auc: 0.9268 - binary_accuracy: 0.8704 - loss: 0.3517
[1m 41/108[0m [32m━━━━━━━[0m[37m━━━━━━━━━━━━━[0m [1m18s[0m 283ms/step - auc: 0.9269 - binary_accuracy: 0.8698 - loss: 0.3523
[1m 42/108[0m [32m━━━━━━━[0m[37m━━━━━━━━━━━━━[0m [1m18s[0m 283ms/step - auc: 0.9270 - binary_accuracy: 0.8693 - loss: 0.3529
[1m 43/108[0m [32m━━━━━━━[0m[37m━━━━━━━━━━━━━[0m [1m18s[0m 284ms/step - auc: 0.9272 - binary_accuracy: 0.8688 - loss: 0.3533
[1m 44/108[0m [32m━━━━━━━━[0m[37m━━━━━━━━━━━━[0m [1m18s[0m 284ms/step - auc: 0.9273 - binary_accuracy: 0.8683 - loss: 0.3537
[1m 45/108[0m [32m━━━━━━━━[0m[37m━━━━━━━━━━━━[0m [1m17s[0m 284ms/step - auc: 0.9275 - binary_accuracy: 0.8679 - loss: 0.3541
[1m 46/108[0m [32m━━━━━━━━[0m[37m━━━━━━━━━━━━[0m [1m17s[0m 284ms/step - auc: 0.9277 - binary_accuracy: 0.8674 - loss: 0.3545
[1m 47/108[0m [32m━━━━━━━━[0m[37m━━━━━━━━━━━━[0m [1m17s[0m 284ms/step - auc: 0.9278 - binary_accuracy: 0.8670 - loss: 0.3548
[1m 48/108[0m [32m━━━━━━━━[0m[37m━━━━━━━━━━━━[0m [1m17s[0m 284ms/step - auc: 0.9280 - binary_accuracy: 0.8666 - loss: 0.3551
[1m 49/108[0m [32m━━━━━━━━━[0m[37m━━━━━━━━━━━[0m [1m16s[0m 284ms/step - auc: 0.9281 - binary_accuracy: 0.8663 - loss: 0.3555
[1m 50/108[0m [32m━━━━━━━━━[0m[37m━━━━━━━━━━━[0m [1m16s[0m 284ms/step - auc: 0.9282 - binary_accuracy: 0.8661 - loss: 0.3559
[1m 51/108[0m [32m━━━━━━━━━[0m[37m━━━━━━━━━━━[0m [1m16s[0m 284ms/step - auc: 0.9284 - binary_accuracy: 0.8658 - loss: 0.3563
[1m 52/108[0m [32m━━━━━━━━━[0m[37m━━━━━━━━━━━[0m [1m15s[0m 284ms/step - auc: 0.9285 - binary_accuracy: 0.8655 - loss: 0.3567
[1m 53/108[0m [32m━━━━━━━━━[0m[37m━━━━━━━━━━━[0m [1m15s[0m 284ms/step - auc: 0.9286 - binary_accuracy: 0.8652 - loss: 0.3571
[1m 54/108[0m [32m━━━━━━━━━━[0m[37m━━━━━━━━━━[0m [1m15s[0m 284ms/step - auc: 0.9287 - binary_accuracy: 0.8648 - loss: 0.3575
[1m 55/108[0m [32m━━━━━━━━━━[0m[37m━━━━━━━━━━[0m [1m15s[0m 284ms/step - auc: 0.9288 - binary_accuracy: 0.8644 - loss: 0.3579
[1m 56/108[0m [32m━━━━━━━━━━[0m[37m━━━━━━━━━━[0m [1m14s[0m 284ms/step - auc: 0.9289 - binary_accuracy: 0.8641 - loss: 0.3582
[1m 57/108[0m [32m━━━━━━━━━━[0m[37m━━━━━━━━━━[0m [1m14s[0m 284ms/step - auc: 0.9290 - binary_accuracy: 0.8639 - loss: 0.3585
[1m 58/108[0m [32m━━━━━━━━━━[0m[37m━━━━━━━━━━[0m [1m14s[0m 284ms/step - auc: 0.9291 - binary_accuracy: 0.8637 - loss: 0.3588
[1m 59/108[0m [32m━━━━━━━━━━[0m[37m━━━━━━━━━━[0m [1m13s[0m 284ms/step - auc: 0.9292 - binary_accuracy: 0.8635 - loss: 0.3591
[1m 60/108[0m [32m━━━━━━━━━━━[0m[37m━━━━━━━━━[0m [1m13s[0m 284ms/step - auc: 0.9293 - binary_accuracy: 0.8634 - loss: 0.3594
[1m 61/108[0m [32m━━━━━━━━━━━[0m[37m━━━━━━━━━[0m [1m13s[0m 284ms/step - auc: 0.9294 - binary_accuracy: 0.8632 - loss: 0.3596
[1m 62/108[0m [32m━━━━━━━━━━━[0m[37m━━━━━━━━━[0m [1m13s[0m 284ms/step - auc: 0.9294 - binary_accuracy: 0.8630 - loss: 0.3600
[1m 63/108[0m [32m━━━━━━━━━━━[0m[37m━━━━━━━━━[0m [1m12s[0m 284ms/step - auc: 0.9295 - binary_accuracy: 0.8627 - loss: 0.3603
[1m 64/108[0m [32m━━━━━━━━━━━[0m[37m━━━━━━━━━[0m [1m12s[0m 284ms/step - auc: 0.9295 - binary_accuracy: 0.8625 - loss: 0.3605
[1m 65/108[0m [32m━━━━━━━━━━━━[0m[37m━━━━━━━━[0m [1m12s[0m 284ms/step - auc: 0.9296 - binary_accuracy: 0.8622 - loss: 0.3608
[1m 66/108[0m [32m━━━━━━━━━━━━[0m[37m━━━━━━━━[0m [1m11s[0m 284ms/step - auc: 0.9296 - binary_accuracy: 0.8619 - loss: 0.3612
[1m 67/108[0m [32m━━━━━━━━━━━━[0m[37m━━━━━━━━[0m [1m11s[0m 284ms/step - auc: 0.9296 - binary_accuracy: 0.8616 - loss: 0.3615
[1m 68/108[0m [32m━━━━━━━━━━━━[0m[37m━━━━━━━━[0m [1m11s[0m 284ms/step - auc: 0.9296 - binary_accuracy: 0.8613 - loss: 0.3619
[1m 69/108[0m [32m━━━━━━━━━━━━[0m[37m━━━━━━━━[0m [1m11s[0m 284ms/step - auc: 0.9296 - binary_accuracy: 0.8609 - loss: 0.3623
[1m 70/108[0m [32m━━━━━━━━━━━━[0m[37m━━━━━━━━[0m [1m10s[0m 284ms/step - auc: 0.9296 - binary_accuracy: 0.8606 - loss: 0.3627
[1m 71/108[0m [32m━━━━━━━━━━━━━[0m[37m━━━━━━━[0m [1m10s[0m 284ms/step - auc: 0.9296 - binary_accuracy: 0.8602 - loss: 0.3631
[1m 72/108[0m [32m━━━━━━━━━━━━━[0m[37m━━━━━━━[0m [1m10s[0m 284ms/step - auc: 0.9296 - binary_accuracy: 0.8598 - loss: 0.3635
[1m 73/108[0m [32m━━━━━━━━━━━━━[0m[37m━━━━━━━[0m [1m9s[0m 285ms/step - auc: 0.9296 - binary_accuracy: 0.8595 - loss: 0.3639 
[1m 74/108[0m [32m━━━━━━━━━━━━━[0m[37m━━━━━━━[0m [1m9s[0m 284ms/step - auc: 0.9296 - binary_accuracy: 0.8592 - loss: 0.3642
[1m 75/108[0m [32m━━━━━━━━━━━━━[0m[37m━━━━━━━[0m [1m9s[0m 284ms/step - auc: 0.9295 - binary_accuracy: 0.8589 - loss: 0.3645
[1m 76/108[0m [32m━━━━━━━━━━━━━━[0m[37m━━━━━━[0m [1m9s[0m 284ms/step - auc: 0.9295 - binary_accuracy: 0.8586 - loss: 0.3649
[1m 77/108[0m [32m━━━━━━━━━━━━━━[0m[37m━━━━━━[0m [1m8s[0m 285ms/step - auc: 0.9294 - binary_accuracy: 0.8584 - loss: 0.3652
[1m 78/108[0m [32m━━━━━━━━━━━━━━[0m[37m━━━━━━[0m [1m8s[0m 285ms/step - auc: 0.9294 - binary_accuracy: 0.8582 - loss: 0.3656
[1m 79/108[0m [32m━━━━━━━━━━━━━━[0m[37m━━━━━━[0m [1m8s[0m 285ms/step - auc: 0.9293 - binary_accuracy: 0.8580 - loss: 0.3661
[1m 80/108[0m [32m━━━━━━━━━━━━━━[0m[37m━━━━━━[0m [1m7s[0m 285ms/step - auc: 0.9292 - binary_accuracy: 0.8577 - loss: 0.3665
[1m 81/108[0m [32m━━━━━━━━━━━━━━━[0m[37m━━━━━[0m [1m7s[0m 285ms/step - auc: 0.9291 - binary_accuracy: 0.8575 - loss: 0.3669
[1m 82/108[0m [32m━━━━━━━━━━━━━━━[0m[37m━━━━━[0m [1m7s[0m 285ms/step - auc: 0.9290 - binary_accuracy: 0.8572 - loss: 0.3674
[1m 83/108[0m [32m━━━━━━━━━━━━━━━[0m[37m━━━━━[0m [1m7s[0m 285ms/step - auc: 0.9288 - binary_accuracy: 0.8569 - loss: 0.3679
[1m 84/108[0m [32m━━━━━━━━━━━━━━━[0m[37m━━━━━[0m [1m6s[0m 285ms/step - auc: 0.9287 - binary_accuracy: 0.8565 - loss: 0.3684
[1m 85/108[0m [32m━━━━━━━━━━━━━━━[0m[37m━━━━━[0m [1m6s[0m 285ms/step - auc: 0.9286 - binary_accuracy: 0.8561 - loss: 0.3689
[1m 86/108[0m [32m━━━━━━━━━━━━━━━[0m[37m━━━━━[0m [1m6s[0m 285ms/step - auc: 0.9285 - binary_accuracy: 0.8557 - loss: 0.3693
[1m 87/108[0m [32m━━━━━━━━━━━━━━━━[0m[37m━━━━[0m [1m5s[0m 285ms/step - auc: 0.9283 - binary_accuracy: 0.8554 - loss: 0.3698
[1m 88/108[0m [32m━━━━━━━━━━━━━━━━[0m[37m━━━━[0m [1m5s[0m 285ms/step - auc: 0.9282 - binary_accuracy: 0.8550 - loss: 0.3703
[1m 89/108[0m [32m━━━━━━━━━━━━━━━━[0m[37m━━━━[0m [1m5s[0m 285ms/step - auc: 0.9281 - binary_accuracy: 0.8546 - loss: 0.3707
[1m 90/108[0m [32m━━━━━━━━━━━━━━━━[0m[37m━━━━[0m [1m5s[0m 284ms/step - auc: 0.9280 - binary_accuracy: 0.8543 - loss: 0.3710
[1m 91/108[0m [32m━━━━━━━━━━━━━━━━[0m[37m━━━━[0m [1m4s[0m 284ms/step - auc: 0.9279 - binary_accuracy: 0.8540 - loss: 0.3714
[1m 92/108[0m [32m━━━━━━━━━━━━━━━━━[0m[37m━━━[0m [1m4s[0m 284ms/step - auc: 0.9278 - binary_accuracy: 0.8537 - loss: 0.3719
[1m 93/108[0m [32m━━━━━━━━━━━━━━━━━[0m[37m━━━[0m [1m4s[0m 284ms/step - auc: 0.9276 - binary_accuracy: 0.8534 - loss: 0.3724
[1m 94/108[0m [32m━━━━━━━━━━━━━━━━━[0m[37m━━━[0m [1m3s[0m 284ms/step - auc: 0.9274 - binary_accuracy: 0.8531 - loss: 0.3728
[1m 95/108[0m [32m━━━━━━━━━━━━━━━━━[0m[37m━━━[0m [1m3s[0m 284ms/step - auc: 0.9273 - binary_accuracy: 0.8528 - loss: 0.3732
[1m 96/108[0m [32m━━━━━━━━━━━━━━━━━[0m[37m━━━[0m [1m3s[0m 284ms/step - auc: 0.9272 - binary_accuracy: 0.8526 - loss: 0.3737
[1m 97/108[0m [32m━━━━━━━━━━━━━━━━━[0m[37m━━━[0m [1m3s[0m 284ms/step - auc: 0.9270 - binary_accuracy: 0.8524 - loss: 0.3741
[1m 98/108[0m [32m━━━━━━━━━━━━━━━━━━[0m[37m━━[0m [1m2s[0m 284ms/step - auc: 0.9269 - binary_accuracy: 0.8522 - loss: 0.3745
[1m 99/108[0m [32m━━━━━━━━━━━━━━━━━━[0m[37m━━[0m [1m2s[0m 284ms/step - auc: 0.9267 - binary_accuracy: 0.8519 - loss: 0.3749
[1m100/108[0m [32m━━━━━━━━━━━━━━━━━━[0m[37m━━[0m [1m2s[0m 284ms/step - auc: 0.9266 - binary_accuracy: 0.8517 - loss: 0.3753
[1m101/108[0m [32m━━━━━━━━━━━━━━━━━━[0m[37m━━[0m [1m1s[0m 284ms/step - auc: 0.9265 - binary_accuracy: 0.8515 - loss: 0.3757
[1m102/108[0m [32m━━━━━━━━━━━━━━━━━━[0m[37m━━[0m [1m1s[0m 284ms/step - auc: 0.9263 - binary_accuracy: 0.8512 - loss: 0.3760
[1m103/108[0m [32m━━━━━━━━━━━━━━━━━━━[0m[37m━[0m [1m1s[0m 284ms/step - auc: 0.9262 - binary_accuracy: 0.8510 - loss: 0.3764
[1m104/108[0m [32m━━━━━━━━━━━━━━━━━━━[0m[37m━[0m [1m1s[0m 284ms/step - auc: 0.9261 - binary_accuracy: 0.8508 - loss: 0.3767
[1m105/108[0m [32m━━━━━━━━━━━━━━━━━━━[0m[37m━[0m [1m0s[0m 284ms/step - auc: 0.9260 - binary_accuracy: 0.8506 - loss: 0.3770
[1m106/108[0m [32m━━━━━━━━━━━━━━━━━━━[0m[37m━[0m [1m0s[0m 284ms/step - auc: 0.9259 - binary_accuracy: 0.8504 - loss: 0.3773
[1m107/108[0m [32m━━━━━━━━━━━━━━━━━━━[0m[37m━[0m [1m0s[0m 284ms/step - auc: 0.9258 - binary_accuracy: 0.8502 - loss: 0.3776
[1m108/108[0m [32m━━━━━━━━━━━━━━━━━━━━[0m[37m[0m [1m0s[0m 283ms/step - auc: 0.9257 - binary_accuracy: 0.8500 - loss: 0.3779transfer phase-a: epoch 5/8 done in 36.9s loss=0.4060 auc=0.9163 val_loss=0.2512 val_auc=0.9687

[1m108/108[0m [32m━━━━━━━━━━━━━━━━━━━━[0m[37m[0m [1m37s[0m 341ms/step - auc: 0.9163 - binary_accuracy: 0.8311 - loss: 0.4060 - val_auc: 0.9687 - val_binary_accuracy: 0.9490 - val_loss: 0.2512
[INFO] focus_binary.focus_binary.models.transfer: phase1: head training
transfer final: epoch 1/3 start
Epoch 1/3

[1m  1/133[0m [37m━━━━━━━━━━━━━━━━━━━━[0m [1m12:14[0m 6s/step - auc: 0.4107 - binary_accuracy: 0.6875 - loss: 1.1472
[1m  2/133[0m [37m━━━━━━━━━━━━━━━━━━━━[0m [1m5:12[0m 2s/step - auc: 0.4785 - binary_accuracy: 0.6641 - loss: 1.0059 
[1m  3/133[0m [37m━━━━━━━━━━━━━━━━━━━━[0m [1m4:48[0m 2s/step - auc: 0.4765 - binary_accuracy: 0.6406 - loss: 0.9414
[1m  4/133[0m [37m━━━━━━━━━━━━━━━━━━━━[0m [1m5:28[0m 3s/step - auc: 0.4803 - binary_accuracy: 0.6250 - loss: 0.9039
[1m  5/133[0m [37m━━━━━━━━━━━━━━━━━━━━[0m [1m4:50[0m 2s/step - auc: 0.4776 - binary_accuracy: 0.6187 - loss: 0.8848
[1m  6/133[0m [37m━━━━━━━━━━━━━━━━━━━━[0m [1m5:12[0m 2s/step - auc: 0.4879 - binary_accuracy: 0.6189 - loss: 0.8630
[1m  7/133[0m [32m━[0m[37m━━━━━━━━━━━━━━━━━━━[0m [1m5:11[0m 2s/step - auc: 0.4954 - binary_accuracy: 0.6185 - loss: 0.8451
[1m  8/133[0m [32m━[0m[37m━━━━━━━━━━━━━━━━━━━[0m [1m5:10[0m 2s/step - auc: 0.5027 - binary_accuracy: 0.6198 - loss: 0.8286
[1m  9/133[0m [32m━[0m[37m━━━━━━━━━━━━━━━━━━━[0m [1m5:07[0m 2s/step - auc: 0.5075 - binary_accuracy: 0.6204 - loss: 0.8187
[1m 10/133[0m [32m━[0m[37m━━━━━━━━━━━━━━━━━━━[0m [1m5:10[0m 3s/step - auc: 0.5135 - binary_accuracy: 0.6224 - loss: 0.8068
[1m 11/133[0m [32m━[0m[37m━━━━━━━━━━━━━━━━━━━[0m [1m5:04[0m 2s/step - auc: 0.5205 - binary_accuracy: 0.6260 - loss: 0.7954
[1m 12/133[0m [32m━[0m[37m━━━━━━━━━━━━━━━━━━━[0m [1m5:17[0m 3s/step - auc: 0.5268 - binary_accuracy: 0.6300 - loss: 0.7865
[1m 13/133[0m [32m━[0m[37m━━━━━━━━━━━━━━━━━━━[0m [1m5:27[0m 3s/step - auc: 0.5336 - binary_accuracy: 0.6341 - loss: 0.7804
[1m 14/133[0m [32m━━[0m[37m━━━━━━━━━━━━━━━━━━[0m [1m5:18[0m 3s/step - auc: 0.5408 - binary_accuracy: 0.6373 - loss: 0.7742
[1m 15/133[0m [32m━━[0m[37m━━━━━━━━━━━━━━━━━━[0m [1m5:19[0m 3s/step - auc: 0.5483 - binary_accuracy: 0.6391 - loss: 0.7686
[1m 16/133[0m [32m━━[0m[37m━━━━━━━━━━━━━━━━━━[0m [1m5:12[0m 3s/step - auc: 0.5555 - binary_accuracy: 0.6396 - loss: 0.7638
[1m 17/133[0m [32m━━[0m[37m━━━━━━━━━━━━━━━━━━[0m [1m5:16[0m 3s/step - auc: 0.5613 - binary_accuracy: 0.6388 - loss: 0.7598
[1m 18/133[0m [32m━━[0m[37m━━━━━━━━━━━━━━━━━━[0m [1m5:13[0m 3s/step - auc: 0.5668 - binary_accuracy: 0.6375 - loss: 0.7565
[1m 19/133[0m [32m━━[0m[37m━━━━━━━━━━━━━━━━━━[0m [1m5:12[0m 3s/step - auc: 0.5719 - binary_accuracy: 0.6359 - loss: 0.7540
[1m 20/133[0m [32m━━━[0m[37m━━━━━━━━━━━━━━━━━[0m [1m5:14[0m 3s/step - auc: 0.5765 - binary_accuracy: 0.6348 - loss: 0.7529
[1m 21/133[0m [32m━━━[0m[37m━━━━━━━━━━━━━━━━━[0m [1m5:10[0m 3s/step - auc: 0.5814 - binary_accuracy: 0.6340 - loss: 0.7516
[1m 22/133[0m [32m━━━[0m[37m━━━━━━━━━━━━━━━━━[0m [1m5:10[0m 3s/step - auc: 0.5857 - binary_accuracy: 0.6332 - loss: 0.7505
[1m 23/133[0m [32m━━━[0m[37m━━━━━━━━━━━━━━━━━[0m [1m5:10[0m 3s/step - auc: 0.5898 - binary_accuracy: 0.6329 - loss: 0.7491
[1m 24/133[0m [32m━━━[0m[37m━━━━━━━━━━━━━━━━━[0m [1m5:06[0m 3s/step - auc: 0.5941 - binary_accuracy: 0.6328 - loss: 0.7473
[1m 25/133[0m [32m━━━[0m[37m━━━━━━━━━━━━━━━━━[0m [1m5:08[0m 3s/step - auc: 0.5984 - binary_accuracy: 0.6330 - loss: 0.7448
[1m 26/133[0m [32m━━━[0m[37m━━━━━━━━━━━━━━━━━[0m [1m5:10[0m 3s/step - auc: 0.6023 - binary_accuracy: 0.6336 - loss: 0.7429
[1m 27/133[0m [32m━━━━[0m[37m━━━━━━━━━━━━━━━━[0m [1m5:06[0m 3s/step - auc: 0.6061 - binary_accuracy: 0.6343 - loss: 0.7411
[1m 28/133[0m [32m━━━━[0m[37m━━━━━━━━━━━━━━━━[0m [1m5:06[0m 3s/step - auc: 0.6093 - binary_accuracy: 0.6351 - loss: 0.7402
[1m 29/133[0m [32m━━━━[0m[37m━━━━━━━━━━━━━━━━[0m [1m5:03[0m 3s/step - auc: 0.6124 - binary_accuracy: 0.6359 - loss: 0.7391
[1m 30/133[0m [32m━━━━[0m[37m━━━━━━━━━━━━━━━━[0m [1m5:02[0m 3s/step - auc: 0.6155 - binary_accuracy: 0.6366 - loss: 0.7380
[1m 31/133[0m [32m━━━━[0m[37m━━━━━━━━━━━━━━━━[0m [1m5:00[0m 3s/step - auc: 0.6186 - binary_accuracy: 0.6372 - loss: 0.7367
[1m 32/133[0m [32m━━━━[0m[37m━━━━━━━━━━━━━━━━[0m [1m4:55[0m 3s/step - auc: 0.6214 - binary_accuracy: 0.6376 - loss: 0.7355
[1m 33/133[0m [32m━━━━[0m[37m━━━━━━━━━━━━━━━━[0m [1m4:52[0m 3s/step - auc: 0.6242 - binary_accuracy: 0.6381 - loss: 0.7341
[1m 34/133[0m [32m━━━━━[0m[37m━━━━━━━━━━━━━━━[0m [1m4:49[0m 3s/step - auc: 0.6268 - binary_accuracy: 0.6385 - loss: 0.7326
[1m 35/133[0m [32m━━━━━[0m[37m━━━━━━━━━━━━━━━[0m [1m4:46[0m 3s/step - auc: 0.6293 - binary_accuracy: 0.6389 - loss: 0.7312
[1m 36/133[0m [32m━━━━━[0m[37m━━━━━━━━━━━━━━━[0m [1m4:46[0m 3s/step - auc: 0.6319 - binary_accuracy: 0.6394 - loss: 0.7296
[1m 37/133[0m [32m━━━━━[0m[37m━━━━━━━━━━━━━━━[0m [1m4:43[0m 3s/step - auc: 0.6345 - binary_accuracy: 0.6400 - loss: 0.7280
[1m 38/133[0m [32m━━━━━[0m[37m━━━━━━━━━━━━━━━[0m [1m4:39[0m 3s/step - auc: 0.6370 - binary_accuracy: 0.6406 - loss: 0.7264
[1m 39/133[0m [32m━━━━━[0m[37m━━━━━━━━━━━━━━━[0m [1m4:37[0m 3s/step - auc: 0.6394 - binary_accuracy: 0.6412 - loss: 0.7250
[1m 40/133[0m [32m━━━━━━[0m[37m━━━━━━━━━━━━━━[0m [1m4:32[0m 3s/step - auc: 0.6419 - binary_accuracy: 0.6419 - loss: 0.7235
[1m 41/133[0m [32m━━━━━━[0m[37m━━━━━━━━━━━━━━[0m [1m4:30[0m 3s/step - auc: 0.6443 - binary_accuracy: 0.6426 - loss: 0.7220
[1m 42/133[0m [32m━━━━━━[0m[37m━━━━━━━━━━━━━━[0m [1m4:28[0m 3s/step - auc: 0.6469 - binary_accuracy: 0.6434 - loss: 0.7204
[1m 43/133[0m [32m━━━━━━[0m[37m━━━━━━━━━━━━━━[0m [1m4:24[0m 3s/step - auc: 0.6494 - binary_accuracy: 0.6442 - loss: 0.7187
[1m 44/133[0m [32m━━━━━━[0m[37m━━━━━━━━━━━━━━[0m [1m4:22[0m 3s/step - auc: 0.6519 - binary_accuracy: 0.6448 - loss: 0.7170
[1m 45/133[0m [32m━━━━━━[0m[37m━━━━━━━━━━━━━━[0m [1m4:20[0m 3s/step - auc: 0.6543 - binary_accuracy: 0.6454 - loss: 0.7152
[1m 46/133[0m [32m━━━━━━[0m[37m━━━━━━━━━━━━━━[0m [1m4:17[0m 3s/step - auc: 0.6565 - binary_accuracy: 0.6460 - loss: 0.7135
[1m 47/133[0m [32m━━━━━━━[0m[37m━━━━━━━━━━━━━[0m [1m4:14[0m 3s/step - auc: 0.6587 - binary_accuracy: 0.6466 - loss: 0.7118
[1m 48/133[0m [32m━━━━━━━[0m[37m━━━━━━━━━━━━━[0m [1m4:11[0m 3s/step - auc: 0.6609 - binary_accuracy: 0.6472 - loss: 0.7100
[1m 49/133[0m [32m━━━━━━━[0m[37m━━━━━━━━━━━━━[0m [1m4:09[0m 3s/step - auc: 0.6630 - binary_accuracy: 0.6479 - loss: 0.7083
[1m 50/133[0m [32m━━━━━━━[0m[37m━━━━━━━━━━━━━[0m [1m4:06[0m 3s/step - auc: 0.6649 - binary_accuracy: 0.6487 - loss: 0.7069
[1m 51/133[0m [32m━━━━━━━[0m[37m━━━━━━━━━━━━━[0m [1m4:04[0m 3s/step - auc: 0.6668 - binary_accuracy: 0.6494 - loss: 0.7055
[1m 52/133[0m [32m━━━━━━━[0m[37m━━━━━━━━━━━━━[0m [1m4:01[0m 3s/step - auc: 0.6687 - binary_accuracy: 0.6501 - loss: 0.7042
[1m 53/133[0m [32m━━━━━━━[0m[37m━━━━━━━━━━━━━[0m [1m3:58[0m 3s/step - auc: 0.6706 - binary_accuracy: 0.6509 - loss: 0.7028
[1m 54/133[0m [32m━━━━━━━━[0m[37m━━━━━━━━━━━━[0m [1m3:55[0m 3s/step - auc: 0.6724 - binary_accuracy: 0.6517 - loss: 0.7015
[1m 55/133[0m [32m━━━━━━━━[0m[37m━━━━━━━━━━━━[0m [1m3:53[0m 3s/step - auc: 0.6742 - binary_accuracy: 0.6524 - loss: 0.7001
[1m 56/133[0m [32m━━━━━━━━[0m[37m━━━━━━━━━━━━[0m [1m3:51[0m 3s/step - auc: 0.6760 - binary_accuracy: 0.6531 - loss: 0.6988
[1m 57/133[0m [32m━━━━━━━━[0m[37m━━━━━━━━━━━━[0m [1m3:48[0m 3s/step - auc: 0.6777 - binary_accuracy: 0.6538 - loss: 0.6974
[1m 58/133[0m [32m━━━━━━━━[0m[37m━━━━━━━━━━━━[0m [1m3:46[0m 3s/step - auc: 0.6793 - binary_accuracy: 0.6545 - loss: 0.6961
[1m 59/133[0m [32m━━━━━━━━[0m[37m━━━━━━━━━━━━[0m [1m3:42[0m 3s/step - auc: 0.6809 - binary_accuracy: 0.6551 - loss: 0.6948
[1m 60/133[0m [32m━━━━━━━━━[0m[37m━━━━━━━━━━━[0m [1m3:41[0m 3s/step - auc: 0.6825 - binary_accuracy: 0.6557 - loss: 0.6935
[1m 61/133[0m [32m━━━━━━━━━[0m[37m━━━━━━━━━━━[0m [1m3:38[0m 3s/step - auc: 0.6841 - binary_accuracy: 0.6563 - loss: 0.6922
[1m 62/133[0m [32m━━━━━━━━━[0m[37m━━━━━━━━━━━[0m [1m3:34[0m 3s/step - auc: 0.6856 - binary_accuracy: 0.6568 - loss: 0.6908
[1m 63/133[0m [32m━━━━━━━━━[0m[37m━━━━━━━━━━━[0m [1m3:33[0m 3s/step - auc: 0.6872 - binary_accuracy: 0.6574 - loss: 0.6894
[1m 64/133[0m [32m━━━━━━━━━[0m[37m━━━━━━━━━━━[0m [1m3:28[0m 3s/step - auc: 0.6887 - binary_accuracy: 0.6580 - loss: 0.6881
[1m 65/133[0m [32m━━━━━━━━━[0m[37m━━━━━━━━━━━[0m [1m3:26[0m 3s/step - auc: 0.6903 - binary_accuracy: 0.6587 - loss: 0.6866
[1m 66/133[0m [32m━━━━━━━━━[0m[37m━━━━━━━━━━━[0m [1m3:22[0m 3s/step - auc: 0.6918 - binary_accuracy: 0.6594 - loss: 0.6852
[1m 67/133[0m [32m━━━━━━━━━━[0m[37m━━━━━━━━━━[0m [1m3:20[0m 3s/step - auc: 0.6933 - binary_accuracy: 0.6601 - loss: 0.6837
[1m 68/133[0m [32m━━━━━━━━━━[0m[37m━━━━━━━━━━[0m [1m3:18[0m 3s/step - auc: 0.6949 - binary_accuracy: 0.6608 - loss: 0.6822
[1m 69/133[0m [32m━━━━━━━━━━[0m[37m━━━━━━━━━━[0m [1m3:14[0m 3s/step - auc: 0.6964 - binary_accuracy: 0.6616 - loss: 0.6808
[1m 70/133[0m [32m━━━━━━━━━━[0m[37m━━━━━━━━━━[0m [1m3:12[0m 3s/step - auc: 0.6978 - binary_accuracy: 0.6624 - loss: 0.6794
[1m 71/133[0m [32m━━━━━━━━━━[0m[37m━━━━━━━━━━[0m [1m3:10[0m 3s/step - auc: 0.6993 - binary_accuracy: 0.6632 - loss: 0.6780
[1m 72/133[0m [32m━━━━━━━━━━[0m[37m━━━━━━━━━━[0m [1m3:06[0m 3s/step - auc: 0.7007 - binary_accuracy: 0.6639 - loss: 0.6766
[1m 73/133[0m [32m━━━━━━━━━━[0m[37m━━━━━━━━━━[0m [1m3:04[0m 3s/step - auc: 0.7020 - binary_accuracy: 0.6647 - loss: 0.6753
[1m 74/133[0m [32m━━━━━━━━━━━[0m[37m━━━━━━━━━[0m [1m3:00[0m 3s/step - auc: 0.7034 - binary_accuracy: 0.6654 - loss: 0.6739
[1m 75/133[0m [32m━━━━━━━━━━━[0m[37m━━━━━━━━━[0m [1m2:57[0m 3s/step - auc: 0.7047 - binary_accuracy: 0.6661 - loss: 0.6726
[1m 76/133[0m [32m━━━━━━━━━━━[0m[37m━━━━━━━━━[0m [1m2:54[0m 3s/step - auc: 0.7060 - binary_accuracy: 0.6667 - loss: 0.6713
[1m 77/133[0m [32m━━━━━━━━━━━[0m[37m━━━━━━━━━[0m [1m2:52[0m 3s/step - auc: 0.7073 - binary_accuracy: 0.6674 - loss: 0.6701
[1m 78/133[0m [32m━━━━━━━━━━━[0m[37m━━━━━━━━━[0m [1m2:48[0m 3s/step - auc: 0.7085 - binary_accuracy: 0.6680 - loss: 0.6690
[1m 79/133[0m [32m━━━━━━━━━━━[0m[37m━━━━━━━━━[0m [1m2:45[0m 3s/step - auc: 0.7097 - binary_accuracy: 0.6687 - loss: 0.6678
[1m 80/133[0m [32m━━━━━━━━━━━━[0m[37m━━━━━━━━[0m [1m2:42[0m 3s/step - auc: 0.7109 - binary_accuracy: 0.6693 - loss: 0.6666
[1m 81/133[0m [32m━━━━━━━━━━━━[0m[37m━━━━━━━━[0m [1m2:40[0m 3s/step - auc: 0.7121 - binary_accuracy: 0.6700 - loss: 0.6654
[1m 82/133[0m [32m━━━━━━━━━━━━[0m[37m━━━━━━━━[0m [1m2:37[0m 3s/step - auc: 0.7132 - binary_accuracy: 0.6706 - loss: 0.6642
[1m 83/133[0m [32m━━━━━━━━━━━━[0m[37m━━━━━━━━[0m [1m2:34[0m 3s/step - auc: 0.7144 - binary_accuracy: 0.6713 - loss: 0.6631
[1m 84/133[0m [32m━━━━━━━━━━━━[0m[37m━━━━━━━━[0m [1m2:31[0m 3s/step - auc: 0.7155 - binary_accuracy: 0.6719 - loss: 0.6619
[1m 85/133[0m [32m━━━━━━━━━━━━[0m[37m━━━━━━━━[0m [1m2:28[0m 3s/step - auc: 0.7166 - binary_accuracy: 0.6726 - loss: 0.6608
[1m 86/133[0m [32m━━━━━━━━━━━━[0m[37m━━━━━━━━[0m [1m2:25[0m 3s/step - auc: 0.7177 - binary_accuracy: 0.6732 - loss: 0.6596
[1m 87/133[0m [32m━━━━━━━━━━━━━[0m[37m━━━━━━━[0m [1m2:22[0m 3s/step - auc: 0.7189 - binary_accuracy: 0.6739 - loss: 0.6585
[1m 88/133[0m [32m━━━━━━━━━━━━━[0m[37m━━━━━━━[0m [1m2:18[0m 3s/step - auc: 0.7200 - binary_accuracy: 0.6745 - loss: 0.6573
[1m 89/133[0m [32m━━━━━━━━━━━━━[0m[37m━━━━━━━[0m [1m2:16[0m 3s/step - auc: 0.7211 - binary_accuracy: 0.6752 - loss: 0.6562
[1m 90/133[0m [32m━━━━━━━━━━━━━[0m[37m━━━━━━━[0m [1m2:13[0m 3s/step - auc: 0.7221 - binary_accuracy: 0.6759 - loss: 0.6552
[1m 91/133[0m [32m━━━━━━━━━━━━━[0m[37m━━━━━━━[0m [1m2:10[0m 3s/step - auc: 0.7232 - binary_accuracy: 0.6765 - loss: 0.6541
[1m 92/133[0m [32m━━━━━━━━━━━━━[0m[37m━━━━━━━[0m [1m2:06[0m 3s/step - auc: 0.7243 - binary_accuracy: 0.6772 - loss: 0.6531
[1m 93/133[0m [32m━━━━━━━━━━━━━[0m[37m━━━━━━━[0m [1m2:03[0m 3s/step - auc: 0.7253 - binary_accuracy: 0.6778 - loss: 0.6520
[1m 94/133[0m [32m━━━━━━━━━━━━━━[0m[37m━━━━━━[0m [1m2:00[0m 3s/step - auc: 0.7263 - binary_accuracy: 0.6785 - loss: 0.6510
[1m 95/133[0m [32m━━━━━━━━━━━━━━[0m[37m━━━━━━[0m [1m1:57[0m 3s/step - auc: 0.7274 - binary_accuracy: 0.6791 - loss: 0.6499
[1m 96/133[0m [32m━━━━━━━━━━━━━━[0m[37m━━━━━━[0m [1m1:54[0m 3s/step - auc: 0.7284 - binary_accuracy: 0.6797 - loss: 0.6489
[1m 97/133[0m [32m━━━━━━━━━━━━━━[0m[37m━━━━━━[0m [1m1:51[0m 3s/step - auc: 0.7294 - binary_accuracy: 0.6803 - loss: 0.6479
[1m 98/133[0m [32m━━━━━━━━━━━━━━[0m[37m━━━━━━[0m [1m1:47[0m 3s/step - auc: 0.7304 - binary_accuracy: 0.6809 - loss: 0.6468
[1m 99/133[0m [32m━━━━━━━━━━━━━━[0m[37m━━━━━━[0m [1m1:44[0m 3s/step - auc: 0.7314 - binary_accuracy: 0.6815 - loss: 0.6458
[1m100/133[0m [32m━━━━━━━━━━━━━━━[0m[37m━━━━━[0m [1m1:41[0m 3s/step - auc: 0.7324 - binary_accuracy: 0.6820 - loss: 0.6447
[1m101/133[0m [32m━━━━━━━━━━━━━━━[0m[37m━━━━━[0m [1m1:38[0m 3s/step - auc: 0.7334 - binary_accuracy: 0.6826 - loss: 0.6437
[1m102/133[0m [32m━━━━━━━━━━━━━━━[0m[37m━━━━━[0m [1m1:35[0m 3s/step - auc: 0.7343 - binary_accuracy: 0.6832 - loss: 0.6426
[1m103/133[0m [32m━━━━━━━━━━━━━━━[0m[37m━━━━━[0m [1m1:32[0m 3s/step - auc: 0.7353 - binary_accuracy: 0.6838 - loss: 0.6416
[1m104/133[0m [32m━━━━━━━━━━━━━━━[0m[37m━━━━━[0m [1m1:29[0m 3s/step - auc: 0.7363 - binary_accuracy: 0.6844 - loss: 0.6405
[1m105/133[0m [32m━━━━━━━━━━━━━━━[0m[37m━━━━━[0m [1m1:26[0m 3s/step - auc: 0.7372 - binary_accuracy: 0.6850 - loss: 0.6395
[1m106/133[0m [32m━━━━━━━━━━━━━━━[0m[37m━━━━━[0m [1m1:23[0m 3s/step - auc: 0.7382 - binary_accuracy: 0.6856 - loss: 0.6384
[1m107/133[0m [32m━━━━━━━━━━━━━━━━[0m[37m━━━━[0m [1m1:20[0m 3s/step - auc: 0.7391 - binary_accuracy: 0.6862 - loss: 0.6374
[1m108/133[0m [32m━━━━━━━━━━━━━━━━[0m[37m━━━━[0m [1m1:17[0m 3s/step - auc: 0.7401 - binary_accuracy: 0.6868 - loss: 0.6364
[1m109/133[0m [32m━━━━━━━━━━━━━━━━[0m[37m━━━━[0m [1m1:14[0m 3s/step - auc: 0.7410 - binary_accuracy: 0.6875 - loss: 0.6353
[1m110/133[0m [32m━━━━━━━━━━━━━━━━[0m[37m━━━━[0m [1m1:11[0m 3s/step - auc: 0.7419 - binary_accuracy: 0.6881 - loss: 0.6343
[1m111/133[0m [32m━━━━━━━━━━━━━━━━[0m[37m━━━━[0m [1m1:07[0m 3s/step - auc: 0.7428 - binary_accuracy: 0.6887 - loss: 0.6333
[1m112/133[0m [32m━━━━━━━━━━━━━━━━[0m[37m━━━━[0m [1m1:04[0m 3s/step - auc: 0.7437 - binary_accuracy: 0.6892 - loss: 0.6323
[1m113/133[0m [32m━━━━━━━━━━━━━━━━[0m[37m━━━━[0m [1m1:01[0m 3s/step - auc: 0.7446 - binary_accuracy: 0.6898 - loss: 0.6313
[1m114/133[0m [32m━━━━━━━━━━━━━━━━━[0m[37m━━━[0m [1m59s[0m 3s/step - auc: 0.7454 - binary_accuracy: 0.6904 - loss: 0.6303 
[1m115/133[0m [32m━━━━━━━━━━━━━━━━━[0m[37m━━━[0m [1m55s[0m 3s/step - auc: 0.7463 - binary_accuracy: 0.6909 - loss: 0.6294
[1m116/133[0m [32m━━━━━━━━━━━━━━━━━[0m[37m━━━[0m [1m52s[0m 3s/step - auc: 0.7471 - binary_accuracy: 0.6915 - loss: 0.6284
[1m117/133[0m [32m━━━━━━━━━━━━━━━━━[0m[37m━━━[0m [1m49s[0m 3s/step - auc: 0.7479 - binary_accuracy: 0.6920 - loss: 0.6275
[1m118/133[0m [32m━━━━━━━━━━━━━━━━━[0m[37m━━━[0m [1m46s[0m 3s/step - auc: 0.7487 - binary_accuracy: 0.6926 - loss: 0.6266
[1m119/133[0m [32m━━━━━━━━━━━━━━━━━[0m[37m━━━[0m [1m43s[0m 3s/step - auc: 0.7496 - binary_accuracy: 0.6931 - loss: 0.6256
[1m120/133[0m [32m━━━━━━━━━━━━━━━━━━[0m[37m━━[0m [1m40s[0m 3s/step - auc: 0.7504 - binary_accuracy: 0.6937 - loss: 0.6247
[1m121/133[0m [32m━━━━━━━━━━━━━━━━━━[0m[37m━━[0m [1m37s[0m 3s/step - auc: 0.7512 - binary_accuracy: 0.6942 - loss: 0.6237
[1m122/133[0m [32m━━━━━━━━━━━━━━━━━━[0m[37m━━[0m [1m34s[0m 3s/step - auc: 0.7520 - binary_accuracy: 0.6947 - loss: 0.6228
[1m123/133[0m [32m━━━━━━━━━━━━━━━━━━[0m[37m━━[0m [1m31s[0m 3s/step - auc: 0.7528 - binary_accuracy: 0.6953 - loss: 0.6219
[1m124/133[0m [32m━━━━━━━━━━━━━━━━━━[0m[37m━━[0m [1m27s[0m 3s/step - auc: 0.7536 - binary_accuracy: 0.6958 - loss: 0.6210
[1m125/133[0m [32m━━━━━━━━━━━━━━━━━━[0m[37m━━[0m [1m24s[0m 3s/step - auc: 0.7544 - binary_accuracy: 0.6963 - loss: 0.6201
[1m126/133[0m [32m━━━━━━━━━━━━━━━━━━[0m[37m━━[0m [1m21s[0m 3s/step - auc: 0.7551 - binary_accuracy: 0.6969 - loss: 0.6192
[1m127/133[0m [32m━━━━━━━━━━━━━━━━━━━[0m[37m━[0m [1m18s[0m 3s/step - auc: 0.7559 - binary_accuracy: 0.6974 - loss: 0.6183
[1m128/133[0m [32m━━━━━━━━━━━━━━━━━━━[0m[37m━[0m [1m15s[0m 3s/step - auc: 0.7567 - binary_accuracy: 0.6980 - loss: 0.6174
[1m129/133[0m [32m━━━━━━━━━━━━━━━━━━━[0m[37m━[0m [1m12s[0m 3s/step - auc: 0.7575 - binary_accuracy: 0.6985 - loss: 0.6165
[1m130/133[0m [32m━━━━━━━━━━━━━━━━━━━[0m[37m━[0m [1m9s[0m 3s/step - auc: 0.7582 - binary_accuracy: 0.6990 - loss: 0.6156 
[1m131/133[0m [32m━━━━━━━━━━━━━━━━━━━[0m[37m━[0m [1m6s[0m 3s/step - auc: 0.7590 - binary_accuracy: 0.6995 - loss: 0.6147
[1m132/133[0m [32m━━━━━━━━━━━━━━━━━━━[0m[37m━[0m [1m3s[0m 3s/step - auc: 0.7597 - binary_accuracy: 0.7000 - loss: 0.6138
[1m133/133[0m [32m━━━━━━━━━━━━━━━━━━━━[0m[37m[0m [1m0s[0m 3s/step - auc: 0.7604 - binary_accuracy: 0.7005 - loss: 0.6130transfer final: epoch 1/3 done in 415.1s loss=0.4980 auc=0.8571

[1m133/133[0m [32m━━━━━━━━━━━━━━━━━━━━[0m[37m[0m [1m415s[0m 3s/step - auc: 0.8571 - binary_accuracy: 0.7660 - loss: 0.4980
transfer final: epoch 2/3 start
Epoch 2/3

[1m  1/133[0m [37m━━━━━━━━━━━━━━━━━━━━[0m [1m1:00[0m 459ms/step - auc: 1.0000 - binary_accuracy: 0.8125 - loss: 0.3112
[1m  2/133[0m [37m━━━━━━━━━━━━━━━━━━━━[0m [1m33s[0m 253ms/step - auc: 0.9724 - binary_accuracy: 0.8203 - loss: 0.3315 
[1m  3/133[0m [37m━━━━━━━━━━━━━━━━━━━━[0m [1m31s[0m 246ms/step - auc: 0.9688 - binary_accuracy: 0.8351 - loss: 0.3169
[1m  4/133[0m [37m━━━━━━━━━━━━━━━━━━━━[0m [1m31s[0m 244ms/step - auc: 0.9685 - binary_accuracy: 0.8490 - loss: 0.3074
[1m  5/133[0m [37m━━━━━━━━━━━━━━━━━━━━[0m [1m31s[0m 243ms/step - auc: 0.9686 - binary_accuracy: 0.8592 - loss: 0.3021
[1m  6/133[0m [37m━━━━━━━━━━━━━━━━━━━━[0m [1m31s[0m 244ms/step - auc: 0.9620 - binary_accuracy: 0.8661 - loss: 0.3152
[1m  7/133[0m [32m━[0m[37m━━━━━━━━━━━━━━━━━━━[0m [1m30s[0m 244ms/step - auc: 0.9573 - binary_accuracy: 0.8712 - loss: 0.3230
[1m  8/133[0m [32m━[0m[37m━━━━━━━━━━━━━━━━━━━[0m [1m30s[0m 243ms/step - auc: 0.9527 - binary_accuracy: 0.8761 - loss: 0.3308
[1m  9/133[0m [32m━[0m[37m━━━━━━━━━━━━━━━━━━━[0m [1m30s[0m 243ms/step - auc: 0.9493 - binary_accuracy: 0.8795 - loss: 0.3378
[1m 10/133[0m [32m━[0m[37m━━━━━━━━━━━━━━━━━━━[0m [1m29s[0m 243ms/step - auc: 0.9469 - binary_accuracy: 0.8828 - loss: 0.3415
[1m 11/133[0m [32m━[0m[37m━━━━━━━━━━━━━━━━━━━[0m [1m29s[0m 245ms/step - auc: 0.9453 - binary_accuracy: 0.8857 - loss: 0.3433
[1m 12/133[0m [32m━[0m[37m━━━━━━━━━━━━━━━━━━━[0m [1m29s[0m 244ms/step - auc: 0.9444 - binary_accuracy: 0.8883 - loss: 0.3439
[1m 13/133[0m [32m━[0m[37m━━━━━━━━━━━━━━━━━━━[0m [1m29s[0m 244ms/step - auc: 0.9444 - binary_accuracy: 0.8906 - loss: 0.3442
[1m 14/133[0m [32m━━[0m[37m━━━━━━━━━━━━━━━━━━[0m [1m29s[0m 245ms/step - auc: 0.9444 - binary_accuracy: 0.8922 - loss: 0.3441
[1m 15/133[0m [32m━━[0m[37m━━━━━━━━━━━━━━━━━━[0m [1m28s[0m 245ms/step - auc: 0.9447 - binary_accuracy: 0.8935 - loss: 0.3438
[1m 16/133[0m [32m━━[0m[37m━━━━━━━━━━━━━━━━━━[0m [1m28s[0m 245ms/step - auc: 0.9451 - binary_accuracy: 0.8946 - loss: 0.3434
[1m 17/133[0m [32m━━[0m[37m━━━━━━━━━━━━━━━━━━[0m [1m28s[0m 245ms/step - auc: 0.9455 - binary_accuracy: 0.8955 - loss: 0.3426
[1m 18/133[0m [32m━━[0m[37m━━━━━━━━━━━━━━━━━━[0m [1m28s[0m 245ms/step - auc: 0.9456 - binary_accuracy: 0.8960 - loss: 0.3426
[1m 19/133[0m [32m━━[0m[37m━━━━━━━━━━━━━━━━━━[0m [1m27s[0m 245ms/step - auc: 0.9458 - binary_accuracy: 0.8962 - loss: 0.3426
[1m 20/133[0m [32m━━━[0m[37m━━━━━━━━━━━━━━━━━[0m [1m27s[0m 245ms/step - auc: 0.9454 - binary_accuracy: 0.8965 - loss: 0.3442
[1m 21/133[0m [32m━━━[0m[37m━━━━━━━━━━━━━━━━━[0m [1m27s[0m 245ms/step - auc: 0.9453 - binary_accuracy: 0.8968 - loss: 0.3455
[1m 22/133[0m [32m━━━[0m[37m━━━━━━━━━━━━━━━━━[0m [1m27s[0m 245ms/step - auc: 0.9450 - binary_accuracy: 0.8967 - loss: 0.3468
[1m 23/133[0m [32m━━━[0m[37m━━━━━━━━━━━━━━━━━[0m [1m26s[0m 245ms/step - auc: 0.9449 - binary_accuracy: 0.8967 - loss: 0.3478
[1m 24/133[0m [32m━━━[0m[37m━━━━━━━━━━━━━━━━━[0m [1m26s[0m 246ms/step - auc: 0.9448 - binary_accuracy: 0.8968 - loss: 0.3486
[1m 25/133[0m [32m━━━[0m[37m━━━━━━━━━━━━━━━━━[0m [1m26s[0m 246ms/step - auc: 0.9447 - binary_accuracy: 0.8968 - loss: 0.3490
[1m 26/133[0m [32m━━━[0m[37m━━━━━━━━━━━━━━━━━[0m [1m26s[0m 246ms/step - auc: 0.9447 - binary_accuracy: 0.8967 - loss: 0.3495
[1m 27/133[0m [32m━━━━[0m[37m━━━━━━━━━━━━━━━━[0m [1m26s[0m 246ms/step - auc: 0.9446 - binary_accuracy: 0.8967 - loss: 0.3502
[1m 28/133[0m [32m━━━━[0m[37m━━━━━━━━━━━━━━━━[0m [1m25s[0m 246ms/step - auc: 0.9444 - binary_accuracy: 0.8966 - loss: 0.3513
[1m 29/133[0m [32m━━━━[0m[37m━━━━━━━━━━━━━━━━[0m [1m25s[0m 246ms/step - auc: 0.9442 - binary_accuracy: 0.8965 - loss: 0.3523
[1m 30/133[0m [32m━━━━[0m[37m━━━━━━━━━━━━━━━━[0m [1m25s[0m 246ms/step - auc: 0.9441 - binary_accuracy: 0.8963 - loss: 0.3531
[1m 31/133[0m [32m━━━━[0m[37m━━━━━━━━━━━━━━━━[0m [1m25s[0m 246ms/step - auc: 0.9440 - binary_accuracy: 0.8961 - loss: 0.3537
[1m 32/133[0m [32m━━━━[0m[37m━━━━━━━━━━━━━━━━[0m [1m24s[0m 246ms/step - auc: 0.9439 - binary_accuracy: 0.8959 - loss: 0.3543
[1m 33/133[0m [32m━━━━[0m[37m━━━━━━━━━━━━━━━━[0m [1m24s[0m 246ms/step - auc: 0.9439 - binary_accuracy: 0.8956 - loss: 0.3547
[1m 34/133[0m [32m━━━━━[0m[37m━━━━━━━━━━━━━━━[0m [1m24s[0m 246ms/step - auc: 0.9438 - binary_accuracy: 0.8954 - loss: 0.3550
[1m 35/133[0m [32m━━━━━[0m[37m━━━━━━━━━━━━━━━[0m [1m24s[0m 247ms/step - auc: 0.9439 - binary_accuracy: 0.8952 - loss: 0.3552
[1m 36/133[0m [32m━━━━━[0m[37m━━━━━━━━━━━━━━━[0m [1m23s[0m 247ms/step - auc: 0.9439 - binary_accuracy: 0.8951 - loss: 0.3554
[1m 37/133[0m [32m━━━━━[0m[37m━━━━━━━━━━━━━━━[0m [1m23s[0m 247ms/step - auc: 0.9438 - binary_accuracy: 0.8949 - loss: 0.3557
[1m 38/133[0m [32m━━━━━[0m[37m━━━━━━━━━━━━━━━[0m [1m23s[0m 247ms/step - auc: 0.9438 - binary_accuracy: 0.8947 - loss: 0.3559
[1m 39/133[0m [32m━━━━━[0m[37m━━━━━━━━━━━━━━━[0m [1m23s[0m 247ms/step - auc: 0.9437 - binary_accuracy: 0.8945 - loss: 0.3566
[1m 40/133[0m [32m━━━━━━[0m[37m━━━━━━━━━━━━━━[0m [1m22s[0m 247ms/step - auc: 0.9437 - binary_accuracy: 0.8943 - loss: 0.3570
[1m 41/133[0m [32m━━━━━━[0m[37m━━━━━━━━━━━━━━[0m [1m22s[0m 248ms/step - auc: 0.9436 - binary_accuracy: 0.8941 - loss: 0.3574
[1m 42/133[0m [32m━━━━━━[0m[37m━━━━━━━━━━━━━━[0m [1m22s[0m 248ms/step - auc: 0.9436 - binary_accuracy: 0.8938 - loss: 0.3578
[1m 43/133[0m [32m━━━━━━[0m[37m━━━━━━━━━━━━━━[0m [1m22s[0m 248ms/step - auc: 0.9437 - binary_accuracy: 0.8936 - loss: 0.3580
[1m 44/133[0m [32m━━━━━━[0m[37m━━━━━━━━━━━━━━[0m [1m22s[0m 248ms/step - auc: 0.9437 - binary_accuracy: 0.8933 - loss: 0.3583
[1m 45/133[0m [32m━━━━━━[0m[37m━━━━━━━━━━━━━━[0m [1m21s[0m 248ms/step - auc: 0.9436 - binary_accuracy: 0.8929 - loss: 0.3585
[1m 46/133[0m [32m━━━━━━[0m[37m━━━━━━━━━━━━━━[0m [1m21s[0m 248ms/step - auc: 0.9436 - binary_accuracy: 0.8924 - loss: 0.3587
[1m 47/133[0m [32m━━━━━━━[0m[37m━━━━━━━━━━━━━[0m [1m21s[0m 248ms/step - auc: 0.9436 - binary_accuracy: 0.8920 - loss: 0.3589
[1m 48/133[0m [32m━━━━━━━[0m[37m━━━━━━━━━━━━━[0m [1m21s[0m 248ms/step - auc: 0.9435 - binary_accuracy: 0.8915 - loss: 0.3591
[1m 49/133[0m [32m━━━━━━━[0m[37m━━━━━━━━━━━━━[0m [1m20s[0m 248ms/step - auc: 0.9435 - binary_accuracy: 0.8911 - loss: 0.3592
[1m 50/133[0m [32m━━━━━━━[0m[37m━━━━━━━━━━━━━[0m [1m20s[0m 248ms/step - auc: 0.9435 - binary_accuracy: 0.8907 - loss: 0.3595
[1m 51/133[0m [32m━━━━━━━[0m[37m━━━━━━━━━━━━━[0m [1m20s[0m 248ms/step - auc: 0.9434 - binary_accuracy: 0.8903 - loss: 0.3598
[1m 52/133[0m [32m━━━━━━━[0m[37m━━━━━━━━━━━━━[0m [1m20s[0m 248ms/step - auc: 0.9433 - binary_accuracy: 0.8899 - loss: 0.3602
[1m 53/133[0m [32m━━━━━━━[0m[37m━━━━━━━━━━━━━[0m [1m19s[0m 248ms/step - auc: 0.9433 - binary_accuracy: 0.8896 - loss: 0.3605
[1m 54/133[0m [32m━━━━━━━━[0m[37m━━━━━━━━━━━━[0m [1m19s[0m 248ms/step - auc: 0.9433 - binary_accuracy: 0.8893 - loss: 0.3607
[1m 55/133[0m [32m━━━━━━━━[0m[37m━━━━━━━━━━━━[0m [1m19s[0m 248ms/step - auc: 0.9432 - binary_accuracy: 0.8890 - loss: 0.3610
[1m 56/133[0m [32m━━━━━━━━[0m[37m━━━━━━━━━━━━[0m [1m19s[0m 248ms/step - auc: 0.9432 - binary_accuracy: 0.8886 - loss: 0.3612
[1m 57/133[0m [32m━━━━━━━━[0m[37m━━━━━━━━━━━━[0m [1m18s[0m 248ms/step - auc: 0.9431 - binary_accuracy: 0.8882 - loss: 0.3615
[1m 58/133[0m [32m━━━━━━━━[0m[37m━━━━━━━━━━━━[0m [1m18s[0m 248ms/step - auc: 0.9431 - binary_accuracy: 0.8878 - loss: 0.3617
[1m 59/133[0m [32m━━━━━━━━[0m[37m━━━━━━━━━━━━[0m [1m18s[0m 248ms/step - auc: 0.9430 - binary_accuracy: 0.8874 - loss: 0.3619
[1m 60/133[0m [32m━━━━━━━━━[0m[37m━━━━━━━━━━━[0m [1m18s[0m 248ms/step - auc: 0.9429 - binary_accuracy: 0.8870 - loss: 0.3621
[1m 61/133[0m [32m━━━━━━━━━[0m[37m━━━━━━━━━━━[0m [1m17s[0m 248ms/step - auc: 0.9429 - binary_accuracy: 0.8865 - loss: 0.3623
[1m 62/133[0m [32m━━━━━━━━━[0m[37m━━━━━━━━━━━[0m [1m17s[0m 248ms/step - auc: 0.9428 - binary_accuracy: 0.8861 - loss: 0.3625
[1m 63/133[0m [32m━━━━━━━━━[0m[37m━━━━━━━━━━━[0m [1m17s[0m 248ms/step - auc: 0.9428 - binary_accuracy: 0.8856 - loss: 0.3626
[1m 64/133[0m [32m━━━━━━━━━[0m[37m━━━━━━━━━━━[0m [1m17s[0m 248ms/step - auc: 0.9427 - binary_accuracy: 0.8853 - loss: 0.3628
[1m 65/133[0m [32m━━━━━━━━━[0m[37m━━━━━━━━━━━[0m [1m16s[0m 248ms/step - auc: 0.9427 - binary_accuracy: 0.8849 - loss: 0.3628
[1m 66/133[0m [32m━━━━━━━━━[0m[37m━━━━━━━━━━━[0m [1m16s[0m 248ms/step - auc: 0.9427 - binary_accuracy: 0.8846 - loss: 0.3629
[1m 67/133[0m [32m━━━━━━━━━━[0m[37m━━━━━━━━━━[0m [1m16s[0m 248ms/step - auc: 0.9427 - binary_accuracy: 0.8843 - loss: 0.3630
[1m 68/133[0m [32m━━━━━━━━━━[0m[37m━━━━━━━━━━[0m [1m16s[0m 248ms/step - auc: 0.9426 - binary_accuracy: 0.8840 - loss: 0.3630
[1m 69/133[0m [32m━━━━━━━━━━[0m[37m━━━━━━━━━━[0m [1m15s[0m 248ms/step - auc: 0.9426 - binary_accuracy: 0.8837 - loss: 0.3631
[1m 70/133[0m [32m━━━━━━━━━━[0m[37m━━━━━━━━━━[0m [1m15s[0m 249ms/step - auc: 0.9426 - binary_accuracy: 0.8835 - loss: 0.3631
[1m 71/133[0m [32m━━━━━━━━━━[0m[37m━━━━━━━━━━[0m [1m15s[0m 249ms/step - auc: 0.9426 - binary_accuracy: 0.8833 - loss: 0.3632
[1m 72/133[0m [32m━━━━━━━━━━[0m[37m━━━━━━━━━━[0m [1m15s[0m 250ms/step - auc: 0.9426 - binary_accuracy: 0.8830 - loss: 0.3632
[1m 73/133[0m [32m━━━━━━━━━━[0m[37m━━━━━━━━━━[0m [1m14s[0m 250ms/step - auc: 0.9426 - binary_accuracy: 0.8828 - loss: 0.3632
[1m 74/133[0m [32m━━━━━━━━━━━[0m[37m━━━━━━━━━[0m [1m14s[0m 250ms/step - auc: 0.9426 - binary_accuracy: 0.8826 - loss: 0.3632
[1m 75/133[0m [32m━━━━━━━━━━━[0m[37m━━━━━━━━━[0m [1m14s[0m 250ms/step - auc: 0.9426 - binary_accuracy: 0.8824 - loss: 0.3632
[1m 76/133[0m [32m━━━━━━━━━━━[0m[37m━━━━━━━━━[0m [1m14s[0m 250ms/step - auc: 0.9426 - binary_accuracy: 0.8822 - loss: 0.3631
[1m 77/133[0m [32m━━━━━━━━━━━[0m[37m━━━━━━━━━[0m [1m13s[0m 250ms/step - auc: 0.9426 - binary_accuracy: 0.8821 - loss: 0.3631
[1m 78/133[0m [32m━━━━━━━━━━━[0m[37m━━━━━━━━━[0m [1m13s[0m 250ms/step - auc: 0.9426 - binary_accuracy: 0.8819 - loss: 0.3631
[1m 79/133[0m [32m━━━━━━━━━━━[0m[37m━━━━━━━━━[0m [1m13s[0m 250ms/step - auc: 0.9426 - binary_accuracy: 0.8817 - loss: 0.3631
[1m 80/133[0m [32m━━━━━━━━━━━━[0m[37m━━━━━━━━[0m [1m13s[0m 250ms/step - auc: 0.9426 - binary_accuracy: 0.8815 - loss: 0.3631
[1m 81/133[0m [32m━━━━━━━━━━━━[0m[37m━━━━━━━━[0m [1m12s[0m 250ms/step - auc: 0.9426 - binary_accuracy: 0.8813 - loss: 0.3630
[1m 82/133[0m [32m━━━━━━━━━━━━[0m[37m━━━━━━━━[0m [1m12s[0m 250ms/step - auc: 0.9426 - binary_accuracy: 0.8811 - loss: 0.3630
[1m 83/133[0m [32m━━━━━━━━━━━━[0m[37m━━━━━━━━[0m [1m12s[0m 250ms/step - auc: 0.9425 - binary_accuracy: 0.8810 - loss: 0.3630
[1m 84/133[0m [32m━━━━━━━━━━━━[0m[37m━━━━━━━━[0m [1m12s[0m 250ms/step - auc: 0.9425 - binary_accuracy: 0.8808 - loss: 0.3630
[1m 85/133[0m [32m━━━━━━━━━━━━[0m[37m━━━━━━━━[0m [1m12s[0m 250ms/step - auc: 0.9425 - binary_accuracy: 0.8807 - loss: 0.3629
[1m 86/133[0m [32m━━━━━━━━━━━━[0m[37m━━━━━━━━[0m [1m11s[0m 250ms/step - auc: 0.9425 - binary_accuracy: 0.8805 - loss: 0.3629
[1m 87/133[0m [32m━━━━━━━━━━━━━[0m[37m━━━━━━━[0m [1m11s[0m 250ms/step - auc: 0.9425 - binary_accuracy: 0.8804 - loss: 0.3629
[1m 88/133[0m [32m━━━━━━━━━━━━━[0m[37m━━━━━━━[0m [1m11s[0m 250ms/step - auc: 0.9425 - binary_accuracy: 0.8803 - loss: 0.3628
[1m 89/133[0m [32m━━━━━━━━━━━━━[0m[37m━━━━━━━[0m [1m11s[0m 250ms/step - auc: 0.9425 - binary_accuracy: 0.8801 - loss: 0.3628
[1m 90/133[0m [32m━━━━━━━━━━━━━[0m[37m━━━━━━━[0m [1m10s[0m 250ms/step - auc: 0.9425 - binary_accuracy: 0.8800 - loss: 0.3628
[1m 91/133[0m [32m━━━━━━━━━━━━━[0m[37m━━━━━━━[0m [1m10s[0m 250ms/step - auc: 0.9425 - binary_accuracy: 0.8799 - loss: 0.3628
[1m 92/133[0m [32m━━━━━━━━━━━━━[0m[37m━━━━━━━[0m [1m10s[0m 250ms/step - auc: 0.9425 - binary_accuracy: 0.8798 - loss: 0.3628
[1m 93/133[0m [32m━━━━━━━━━━━━━[0m[37m━━━━━━━[0m [1m10s[0m 251ms/step - auc: 0.9425 - binary_accuracy: 0.8796 - loss: 0.3627
[1m 94/133[0m [32m━━━━━━━━━━━━━━[0m[37m━━━━━━[0m [1m9s[0m 251ms/step - auc: 0.9425 - binary_accuracy: 0.8795 - loss: 0.3627 
[1m 95/133[0m [32m━━━━━━━━━━━━━━[0m[37m━━━━━━[0m [1m9s[0m 251ms/step - auc: 0.9425 - binary_accuracy: 0.8794 - loss: 0.3626
[1m 96/133[0m [32m━━━━━━━━━━━━━━[0m[37m━━━━━━[0m [1m9s[0m 251ms/step - auc: 0.9425 - binary_accuracy: 0.8793 - loss: 0.3626
[1m 97/133[0m [32m━━━━━━━━━━━━━━[0m[37m━━━━━━[0m [1m9s[0m 251ms/step - auc: 0.9425 - binary_accuracy: 0.8792 - loss: 0.3625
[1m 98/133[0m [32m━━━━━━━━━━━━━━[0m[37m━━━━━━[0m [1m8s[0m 251ms/step - auc: 0.9425 - binary_accuracy: 0.8791 - loss: 0.3624
[1m 99/133[0m [32m━━━━━━━━━━━━━━[0m[37m━━━━━━[0m [1m8s[0m 251ms/step - auc: 0.9426 - binary_accuracy: 0.8790 - loss: 0.3623
[1m100/133[0m [32m━━━━━━━━━━━━━━━[0m[37m━━━━━[0m [1m8s[0m 251ms/step - auc: 0.9426 - binary_accuracy: 0.8789 - loss: 0.3622
[1m101/133[0m [32m━━━━━━━━━━━━━━━[0m[37m━━━━━[0m [1m8s[0m 251ms/step - auc: 0.9426 - binary_accuracy: 0.8788 - loss: 0.3621
[1m102/133[0m [32m━━━━━━━━━━━━━━━[0m[37m━━━━━[0m [1m7s[0m 251ms/step - auc: 0.9426 - binary_accuracy: 0.8787 - loss: 0.3620
[1m103/133[0m [32m━━━━━━━━━━━━━━━[0m[37m━━━━━[0m [1m7s[0m 251ms/step - auc: 0.9427 - binary_accuracy: 0.8787 - loss: 0.3619
[1m104/133[0m [32m━━━━━━━━━━━━━━━[0m[37m━━━━━[0m [1m7s[0m 251ms/step - auc: 0.9427 - binary_accuracy: 0.8786 - loss: 0.3618
[1m105/133[0m [32m━━━━━━━━━━━━━━━[0m[37m━━━━━[0m [1m7s[0m 251ms/step - auc: 0.9427 - binary_accuracy: 0.8785 - loss: 0.3617
[1m106/133[0m [32m━━━━━━━━━━━━━━━[0m[37m━━━━━[0m [1m6s[0m 251ms/step - auc: 0.9428 - binary_accuracy: 0.8785 - loss: 0.3615
[1m107/133[0m [32m━━━━━━━━━━━━━━━━[0m[37m━━━━[0m [1m6s[0m 251ms/step - auc: 0.9428 - binary_accuracy: 0.8784 - loss: 0.3614
[1m108/133[0m [32m━━━━━━━━━━━━━━━━[0m[37m━━━━[0m [1m6s[0m 251ms/step - auc: 0.9428 - binary_accuracy: 0.8784 - loss: 0.3613
[1m109/133[0m [32m━━━━━━━━━━━━━━━━[0m[37m━━━━[0m [1m6s[0m 251ms/step - auc: 0.9429 - binary_accuracy: 0.8783 - loss: 0.3611
[1m110/133[0m [32m━━━━━━━━━━━━━━━━[0m[37m━━━━[0m [1m5s[0m 251ms/step - auc: 0.9429 - binary_accuracy: 0.8783 - loss: 0.3610
[1m111/133[0m [32m━━━━━━━━━━━━━━━━[0m[37m━━━━[0m [1m5s[0m 251ms/step - auc: 0.9429 - binary_accuracy: 0.8783 - loss: 0.3609
[1m112/133[0m [32m━━━━━━━━━━━━━━━━[0m[37m━━━━[0m [1m5s[0m 251ms/step - auc: 0.9430 - binary_accuracy: 0.8782 - loss: 0.3607
[1m113/133[0m [32m━━━━━━━━━━━━━━━━[0m[37m━━━━[0m [1m5s[0m 251ms/step - auc: 0.9430 - binary_accuracy: 0.8782 - loss: 0.3606
[1m114/133[0m [32m━━━━━━━━━━━━━━━━━[0m[37m━━━[0m [1m4s[0m 251ms/step - auc: 0.9430 - binary_accuracy: 0.8781 - loss: 0.3605
[1m115/133[0m [32m━━━━━━━━━━━━━━━━━[0m[37m━━━[0m [1m4s[0m 251ms/step - auc: 0.9430 - binary_accuracy: 0.8781 - loss: 0.3604
[1m116/133[0m [32m━━━━━━━━━━━━━━━━━[0m[37m━━━[0m [1m4s[0m 251ms/step - auc: 0.9430 - binary_accuracy: 0.8780 - loss: 0.3603
[1m117/133[0m [32m━━━━━━━━━━━━━━━━━[0m[37m━━━[0m [1m4s[0m 251ms/step - auc: 0.9431 - binary_accuracy: 0.8780 - loss: 0.3602
[1m118/133[0m [32m━━━━━━━━━━━━━━━━━[0m[37m━━━[0m [1m3s[0m 251ms/step - auc: 0.9431 - binary_accuracy: 0.8779 - loss: 0.3601
[1m119/133[0m [32m━━━━━━━━━━━━━━━━━[0m[37m━━━[0m [1m3s[0m 251ms/step - auc: 0.9431 - binary_accuracy: 0.8779 - loss: 0.3600
[1m120/133[0m [32m━━━━━━━━━━━━━━━━━━[0m[37m━━[0m [1m3s[0m 252ms/step - auc: 0.9431 - binary_accuracy: 0.8778 - loss: 0.3599
[1m121/133[0m [32m━━━━━━━━━━━━━━━━━━[0m[37m━━[0m [1m3s[0m 252ms/step - auc: 0.9432 - binary_accuracy: 0.8778 - loss: 0.3597
[1m122/133[0m [32m━━━━━━━━━━━━━━━━━━[0m[37m━━[0m [1m2s[0m 252ms/step - auc: 0.9432 - binary_accuracy: 0.8778 - loss: 0.3596
[1m123/133[0m [32m━━━━━━━━━━━━━━━━━━[0m[37m━━[0m [1m2s[0m 252ms/step - auc: 0.9432 - binary_accuracy: 0.8777 - loss: 0.3595
[1m124/133[0m [32m━━━━━━━━━━━━━━━━━━[0m[37m━━[0m [1m2s[0m 251ms/step - auc: 0.9432 - binary_accuracy: 0.8777 - loss: 0.3594
[1m125/133[0m [32m━━━━━━━━━━━━━━━━━━[0m[37m━━[0m [1m2s[0m 251ms/step - auc: 0.9433 - binary_accuracy: 0.8776 - loss: 0.3593
[1m126/133[0m [32m━━━━━━━━━━━━━━━━━━[0m[37m━━[0m [1m1s[0m 251ms/step - auc: 0.9433 - binary_accuracy: 0.8776 - loss: 0.3592
[1m127/133[0m [32m━━━━━━━━━━━━━━━━━━━[0m[37m━[0m [1m1s[0m 251ms/step - auc: 0.9433 - binary_accuracy: 0.8776 - loss: 0.3590
[1m128/133[0m [32m━━━━━━━━━━━━━━━━━━━[0m[37m━[0m [1m1s[0m 251ms/step - auc: 0.9433 - binary_accuracy: 0.8776 - loss: 0.3589
[1m129/133[0m [32m━━━━━━━━━━━━━━━━━━━[0m[37m━[0m [1m1s[0m 251ms/step - auc: 0.9434 - binary_accuracy: 0.8775 - loss: 0.3588
[1m130/133[0m [32m━━━━━━━━━━━━━━━━━━━[0m[37m━[0m [1m0s[0m 251ms/step - auc: 0.9434 - binary_accuracy: 0.8775 - loss: 0.3587
[1m131/133[0m [32m━━━━━━━━━━━━━━━━━━━[0m[37m━[0m [1m0s[0m 251ms/step - auc: 0.9434 - binary_accuracy: 0.8775 - loss: 0.3586
[1m132/133[0m [32m━━━━━━━━━━━━━━━━━━━[0m[37m━[0m [1m0s[0m 251ms/step - auc: 0.9434 - binary_accuracy: 0.8774 - loss: 0.3585
[1m133/133[0m [32m━━━━━━━━━━━━━━━━━━━━[0m[37m[0m [1m0s[0m 251ms/step - auc: 0.9435 - binary_accuracy: 0.8774 - loss: 0.3584transfer final: epoch 2/3 done in 33.6s loss=0.3437 auc=0.9464

[1m133/133[0m [32m━━━━━━━━━━━━━━━━━━━━[0m[37m[0m [1m34s[0m 251ms/step - auc: 0.9464 - binary_accuracy: 0.8723 - loss: 0.3437
transfer final: epoch 3/3 start
Epoch 3/3

[1m  1/133[0m [37m━━━━━━━━━━━━━━━━━━━━[0m [1m59s[0m 453ms/step - auc: 0.9554 - binary_accuracy: 0.7812 - loss: 0.3612
[1m  2/133[0m [37m━━━━━━━━━━━━━━━━━━━━[0m [1m32s[0m 249ms/step - auc: 0.9664 - binary_accuracy: 0.8125 - loss: 0.3283
[1m  3/133[0m [37m━━━━━━━━━━━━━━━━━━━━[0m [1m32s[0m 249ms/step - auc: 0.9719 - binary_accuracy: 0.8264 - loss: 0.3040
[1m  4/133[0m [37m━━━━━━━━━━━━━━━━━━━━[0m [1m32s[0m 249ms/step - auc: 0.9751 - binary_accuracy: 0.8366 - loss: 0.2909
[1m  5/133[0m [37m━━━━━━━━━━━━━━━━━━━━[0m [1m31s[0m 249ms/step - auc: 0.9775 - binary_accuracy: 0.8443 - loss: 0.2815
[1m  6/133[0m [37m━━━━━━━━━━━━━━━━━━━━[0m [1m31s[0m 248ms/step - auc: 0.9749 - binary_accuracy: 0.8494 - loss: 0.2849
[1m  7/133[0m [32m━[0m[37m━━━━━━━━━━━━━━━━━━━[0m [1m31s[0m 249ms/step - auc: 0.9728 - binary_accuracy: 0.8531 - loss: 0.2871
[1m  8/133[0m [32m━[0m[37m━━━━━━━━━━━━━━━━━━━[0m [1m31s[0m 248ms/step - auc: 0.9701 - binary_accuracy: 0.8568 - loss: 0.2904
[1m  9/133[0m [32m━[0m[37m━━━━━━━━━━━━━━━━━━━[0m [1m30s[0m 249ms/step - auc: 0.9679 - binary_accuracy: 0.8603 - loss: 0.2944
[1m 10/133[0m [32m━[0m[37m━━━━━━━━━━━━━━━━━━━[0m [1m30s[0m 249ms/step - auc: 0.9666 - binary_accuracy: 0.8640 - loss: 0.2954
[1m 11/133[0m [32m━[0m[37m━━━━━━━━━━━━━━━━━━━[0m [1m30s[0m 249ms/step - auc: 0.9659 - binary_accuracy: 0.8676 - loss: 0.2951
[1m 12/133[0m [32m━[0m[37m━━━━━━━━━━━━━━━━━━━[0m [1m30s[0m 249ms/step - auc: 0.9652 - binary_accuracy: 0.8708 - loss: 0.2953
[1m 13/133[0m [32m━[0m[37m━━━━━━━━━━━━━━━━━━━[0m [1m29s[0m 249ms/step - auc: 0.9650 - binary_accuracy: 0.8737 - loss: 0.2954
[1m 14/133[0m [32m━━[0m[37m━━━━━━━━━━━━━━━━━━[0m [1m29s[0m 249ms/step - auc: 0.9649 - binary_accuracy: 0.8760 - loss: 0.2954
[1m 15/133[0m [32m━━[0m[37m━━━━━━━━━━━━━━━━━━[0m [1m29s[0m 250ms/step - auc: 0.9650 - binary_accuracy: 0.8782 - loss: 0.2952
[1m 16/133[0m [32m━━[0m[37m━━━━━━━━━━━━━━━━━━[0m [1m29s[0m 250ms/step - auc: 0.9651 - binary_accuracy: 0.8799 - loss: 0.2953
[1m 17/133[0m [32m━━[0m[37m━━━━━━━━━━━━━━━━━━[0m [1m29s[0m 250ms/step - auc: 0.9651 - binary_accuracy: 0.8815 - loss: 0.2950
[1m 18/133[0m [32m━━[0m[37m━━━━━━━━━━━━━━━━━━[0m [1m28s[0m 250ms/step - auc: 0.9651 - binary_accuracy: 0.8826 - loss: 0.2950
[1m 19/133[0m [32m━━[0m[37m━━━━━━━━━━━━━━━━━━[0m [1m28s[0m 251ms/step - auc: 0.9650 - binary_accuracy: 0.8834 - loss: 0.2953
[1m 20/133[0m [32m━━━[0m[37m━━━━━━━━━━━━━━━━━[0m [1m28s[0m 251ms/step - auc: 0.9646 - binary_accuracy: 0.8840 - loss: 0.2965
[1m 21/133[0m [32m━━━[0m[37m━━━━━━━━━━━━━━━━━[0m [1m28s[0m 251ms/step - auc: 0.9645 - binary_accuracy: 0.8845 - loss: 0.2975
[1m 22/133[0m [32m━━━[0m[37m━━━━━━━━━━━━━━━━━[0m [1m27s[0m 251ms/step - auc: 0.9642 - binary_accuracy: 0.8850 - loss: 0.2984
[1m 23/133[0m [32m━━━[0m[37m━━━━━━━━━━━━━━━━━[0m [1m27s[0m 251ms/step - auc: 0.9641 - binary_accuracy: 0.8854 - loss: 0.2991
[1m 24/133[0m [32m━━━[0m[37m━━━━━━━━━━━━━━━━━[0m [1m27s[0m 251ms/step - auc: 0.9640 - binary_accuracy: 0.8858 - loss: 0.2997
[1m 25/133[0m [32m━━━[0m[37m━━━━━━━━━━━━━━━━━[0m [1m27s[0m 251ms/step - auc: 0.9639 - binary_accuracy: 0.8863 - loss: 0.2999
[1m 26/133[0m [32m━━━[0m[37m━━━━━━━━━━━━━━━━━[0m [1m26s[0m 252ms/step - auc: 0.9638 - binary_accuracy: 0.8867 - loss: 0.3005
[1m 27/133[0m [32m━━━━[0m[37m━━━━━━━━━━━━━━━━[0m [1m26s[0m 252ms/step - auc: 0.9637 - binary_accuracy: 0.8870 - loss: 0.3010
[1m 28/133[0m [32m━━━━[0m[37m━━━━━━━━━━━━━━━━[0m [1m26s[0m 252ms/step - auc: 0.9635 - binary_accuracy: 0.8874 - loss: 0.3019
[1m 29/133[0m [32m━━━━[0m[37m━━━━━━━━━━━━━━━━[0m [1m26s[0m 252ms/step - auc: 0.9633 - binary_accuracy: 0.8876 - loss: 0.3027
[1m 30/133[0m [32m━━━━[0m[37m━━━━━━━━━━━━━━━━[0m [1m25s[0m 252ms/step - auc: 0.9632 - binary_accuracy: 0.8879 - loss: 0.3034
[1m 31/133[0m [32m━━━━[0m[37m━━━━━━━━━━━━━━━━[0m [1m25s[0m 252ms/step - auc: 0.9632 - binary_accuracy: 0.8882 - loss: 0.3039
[1m 32/133[0m [32m━━━━[0m[37m━━━━━━━━━━━━━━━━[0m [1m25s[0m 252ms/step - auc: 0.9631 - binary_accuracy: 0.8884 - loss: 0.3044
[1m 33/133[0m [32m━━━━[0m[37m━━━━━━━━━━━━━━━━[0m [1m25s[0m 252ms/step - auc: 0.9631 - binary_accuracy: 0.8885 - loss: 0.3048
[1m 34/133[0m [32m━━━━━[0m[37m━━━━━━━━━━━━━━━[0m [1m24s[0m 252ms/step - auc: 0.9630 - binary_accuracy: 0.8887 - loss: 0.3051
[1m 35/133[0m [32m━━━━━[0m[37m━━━━━━━━━━━━━━━[0m [1m24s[0m 252ms/step - auc: 0.9630 - binary_accuracy: 0.8889 - loss: 0.3053
[1m 36/133[0m [32m━━━━━[0m[37m━━━━━━━━━━━━━━━[0m [1m24s[0m 252ms/step - auc: 0.9630 - binary_accuracy: 0.8891 - loss: 0.3056
[1m 37/133[0m [32m━━━━━[0m[37m━━━━━━━━━━━━━━━[0m [1m24s[0m 252ms/step - auc: 0.9629 - binary_accuracy: 0.8892 - loss: 0.3060
[1m 38/133[0m [32m━━━━━[0m[37m━━━━━━━━━━━━━━━[0m [1m23s[0m 252ms/step - auc: 0.9627 - binary_accuracy: 0.8893 - loss: 0.3065
[1m 39/133[0m [32m━━━━━[0m[37m━━━━━━━━━━━━━━━[0m [1m23s[0m 252ms/step - auc: 0.9626 - binary_accuracy: 0.8893 - loss: 0.3072
[1m 40/133[0m [32m━━━━━━[0m[37m━━━━━━━━━━━━━━[0m [1m23s[0m 252ms/step - auc: 0.9624 - binary_accuracy: 0.8893 - loss: 0.3078
[1m 41/133[0m [32m━━━━━━[0m[37m━━━━━━━━━━━━━━[0m [1m23s[0m 253ms/step - auc: 0.9623 - binary_accuracy: 0.8893 - loss: 0.3084
[1m 42/133[0m [32m━━━━━━[0m[37m━━━━━━━━━━━━━━[0m [1m22s[0m 253ms/step - auc: 0.9622 - binary_accuracy: 0.8893 - loss: 0.3090
[1m 43/133[0m [32m━━━━━━[0m[37m━━━━━━━━━━━━━━[0m [1m22s[0m 252ms/step - auc: 0.9621 - binary_accuracy: 0.8893 - loss: 0.3095
[1m 44/133[0m [32m━━━━━━[0m[37m━━━━━━━━━━━━━━[0m [1m22s[0m 253ms/step - auc: 0.9620 - binary_accuracy: 0.8891 - loss: 0.3100
[1m 45/133[0m [32m━━━━━━[0m[37m━━━━━━━━━━━━━━[0m [1m22s[0m 253ms/step - auc: 0.9618 - binary_accuracy: 0.8889 - loss: 0.3105
[1m 46/133[0m [32m━━━━━━[0m[37m━━━━━━━━━━━━━━[0m [1m21s[0m 253ms/step - auc: 0.9617 - binary_accuracy: 0.8886 - loss: 0.3109
[1m 47/133[0m [32m━━━━━━━[0m[37m━━━━━━━━━━━━━[0m [1m21s[0m 253ms/step - auc: 0.9615 - binary_accuracy: 0.8883 - loss: 0.3114
[1m 48/133[0m [32m━━━━━━━[0m[37m━━━━━━━━━━━━━[0m [1m21s[0m 253ms/step - auc: 0.9614 - binary_accuracy: 0.8879 - loss: 0.3118
[1m 49/133[0m [32m━━━━━━━[0m[37m━━━━━━━━━━━━━[0m [1m21s[0m 253ms/step - auc: 0.9613 - binary_accuracy: 0.8877 - loss: 0.3121
[1m 50/133[0m [32m━━━━━━━[0m[37m━━━━━━━━━━━━━[0m [1m20s[0m 253ms/step - auc: 0.9612 - binary_accuracy: 0.8874 - loss: 0.3125
[1m 51/133[0m [32m━━━━━━━[0m[37m━━━━━━━━━━━━━[0m [1m20s[0m 253ms/step - auc: 0.9611 - binary_accuracy: 0.8872 - loss: 0.3129
[1m 52/133[0m [32m━━━━━━━[0m[37m━━━━━━━━━━━━━[0m [1m20s[0m 253ms/step - auc: 0.9610 - binary_accuracy: 0.8870 - loss: 0.3133
[1m 53/133[0m [32m━━━━━━━[0m[37m━━━━━━━━━━━━━[0m [1m20s[0m 253ms/step - auc: 0.9609 - binary_accuracy: 0.8868 - loss: 0.3138
[1m 54/133[0m [32m━━━━━━━━[0m[37m━━━━━━━━━━━━[0m [1m19s[0m 253ms/step - auc: 0.9608 - binary_accuracy: 0.8867 - loss: 0.3141
[1m 55/133[0m [32m━━━━━━━━[0m[37m━━━━━━━━━━━━[0m [1m19s[0m 253ms/step - auc: 0.9607 - binary_accuracy: 0.8866 - loss: 0.3144
[1m 56/133[0m [32m━━━━━━━━[0m[37m━━━━━━━━━━━━[0m [1m19s[0m 253ms/step - auc: 0.9606 - binary_accuracy: 0.8864 - loss: 0.3147
[1m 57/133[0m [32m━━━━━━━━[0m[37m━━━━━━━━━━━━[0m [1m19s[0m 253ms/step - auc: 0.9606 - binary_accuracy: 0.8863 - loss: 0.3150
[1m 58/133[0m [32m━━━━━━━━[0m[37m━━━━━━━━━━━━[0m [1m18s[0m 253ms/step - auc: 0.9605 - binary_accuracy: 0.8862 - loss: 0.3153
[1m 59/133[0m [32m━━━━━━━━[0m[37m━━━━━━━━━━━━[0m [1m18s[0m 253ms/step - auc: 0.9605 - binary_accuracy: 0.8861 - loss: 0.3155
[1m 60/133[0m [32m━━━━━━━━━[0m[37m━━━━━━━━━━━[0m [1m18s[0m 253ms/step - auc: 0.9604 - binary_accuracy: 0.8860 - loss: 0.3157
[1m 61/133[0m [32m━━━━━━━━━[0m[37m━━━━━━━━━━━[0m [1m18s[0m 253ms/step - auc: 0.9603 - binary_accuracy: 0.8858 - loss: 0.3160
[1m 62/133[0m [32m━━━━━━━━━[0m[37m━━━━━━━━━━━[0m [1m17s[0m 253ms/step - auc: 0.9603 - binary_accuracy: 0.8856 - loss: 0.3162
[1m 63/133[0m [32m━━━━━━━━━[0m[37m━━━━━━━━━━━[0m [1m17s[0m 253ms/step - auc: 0.9602 - binary_accuracy: 0.8855 - loss: 0.3163
[1m 64/133[0m [32m━━━━━━━━━[0m[37m━━━━━━━━━━━[0m [1m17s[0m 253ms/step - auc: 0.9602 - binary_accuracy: 0.8853 - loss: 0.3165
[1m 65/133[0m [32m━━━━━━━━━[0m[37m━━━━━━━━━━━[0m [1m17s[0m 253ms/step - auc: 0.9601 - binary_accuracy: 0.8852 - loss: 0.3167
[1m 66/133[0m [32m━━━━━━━━━[0m[37m━━━━━━━━━━━[0m [1m16s[0m 253ms/step - auc: 0.9601 - binary_accuracy: 0.8851 - loss: 0.3168
[1m 67/133[0m [32m━━━━━━━━━━[0m[37m━━━━━━━━━━[0m [1m16s[0m 253ms/step - auc: 0.9600 - binary_accuracy: 0.8850 - loss: 0.3169
[1m 68/133[0m [32m━━━━━━━━━━[0m[37m━━━━━━━━━━[0m [1m16s[0m 253ms/step - auc: 0.9600 - binary_accuracy: 0.8848 - loss: 0.3170
[1m 69/133[0m [32m━━━━━━━━━━[0m[37m━━━━━━━━━━[0m [1m16s[0m 253ms/step - auc: 0.9600 - binary_accuracy: 0.8847 - loss: 0.3170
[1m 70/133[0m [32m━━━━━━━━━━[0m[37m━━━━━━━━━━[0m [1m15s[0m 253ms/step - auc: 0.9600 - binary_accuracy: 0.8847 - loss: 0.3171
[1m 71/133[0m [32m━━━━━━━━━━[0m[37m━━━━━━━━━━[0m [1m15s[0m 253ms/step - auc: 0.9599 - binary_accuracy: 0.8846 - loss: 0.3172
[1m 72/133[0m [32m━━━━━━━━━━[0m[37m━━━━━━━━━━[0m [1m15s[0m 253ms/step - auc: 0.9599 - binary_accuracy: 0.8845 - loss: 0.3173
[1m 73/133[0m [32m━━━━━━━━━━[0m[37m━━━━━━━━━━[0m [1m15s[0m 253ms/step - auc: 0.9599 - binary_accuracy: 0.8845 - loss: 0.3174
[1m 74/133[0m [32m━━━━━━━━━━━[0m[37m━━━━━━━━━[0m [1m14s[0m 253ms/step - auc: 0.9599 - binary_accuracy: 0.8844 - loss: 0.3174
[1m 75/133[0m [32m━━━━━━━━━━━[0m[37m━━━━━━━━━[0m [1m14s[0m 253ms/step - auc: 0.9598 - binary_accuracy: 0.8844 - loss: 0.3175
[1m 76/133[0m [32m━━━━━━━━━━━[0m[37m━━━━━━━━━[0m [1m14s[0m 253ms/step - auc: 0.9598 - binary_accuracy: 0.8843 - loss: 0.3175
[1m 77/133[0m [32m━━━━━━━━━━━[0m[37m━━━━━━━━━[0m [1m14s[0m 253ms/step - auc: 0.9598 - binary_accuracy: 0.8843 - loss: 0.3176
[1m 78/133[0m [32m━━━━━━━━━━━[0m[37m━━━━━━━━━[0m [1m13s[0m 253ms/step - auc: 0.9598 - binary_accuracy: 0.8843 - loss: 0.3177
[1m 79/133[0m [32m━━━━━━━━━━━[0m[37m━━━━━━━━━[0m [1m13s[0m 253ms/step - auc: 0.9597 - binary_accuracy: 0.8843 - loss: 0.3178
[1m 80/133[0m [32m━━━━━━━━━━━━[0m[37m━━━━━━━━[0m [1m13s[0m 253ms/step - auc: 0.9597 - binary_accuracy: 0.8842 - loss: 0.3179
[1m 81/133[0m [32m━━━━━━━━━━━━[0m[37m━━━━━━━━[0m [1m13s[0m 253ms/step - auc: 0.9596 - binary_accuracy: 0.8842 - loss: 0.3180
[1m 82/133[0m [32m━━━━━━━━━━━━[0m[37m━━━━━━━━[0m [1m12s[0m 253ms/step - auc: 0.9596 - binary_accuracy: 0.8841 - loss: 0.3180
[1m 83/133[0m [32m━━━━━━━━━━━━[0m[37m━━━━━━━━[0m [1m12s[0m 253ms/step - auc: 0.9596 - binary_accuracy: 0.8841 - loss: 0.3181
[1m 84/133[0m [32m━━━━━━━━━━━━[0m[37m━━━━━━━━[0m [1m12s[0m 253ms/step - auc: 0.9595 - binary_accuracy: 0.8840 - loss: 0.3182
[1m 85/133[0m [32m━━━━━━━━━━━━[0m[37m━━━━━━━━[0m [1m12s[0m 254ms/step - auc: 0.9595 - binary_accuracy: 0.8840 - loss: 0.3183
[1m 86/133[0m [32m━━━━━━━━━━━━[0m[37m━━━━━━━━[0m [1m11s[0m 254ms/step - auc: 0.9594 - binary_accuracy: 0.8839 - loss: 0.3184
[1m 87/133[0m [32m━━━━━━━━━━━━━[0m[37m━━━━━━━[0m [1m11s[0m 254ms/step - auc: 0.9594 - binary_accuracy: 0.8838 - loss: 0.3185
[1m 88/133[0m [32m━━━━━━━━━━━━━[0m[37m━━━━━━━[0m [1m11s[0m 254ms/step - auc: 0.9594 - binary_accuracy: 0.8838 - loss: 0.3185
[1m 89/133[0m [32m━━━━━━━━━━━━━[0m[37m━━━━━━━[0m [1m11s[0m 254ms/step - auc: 0.9593 - binary_accuracy: 0.8837 - loss: 0.3187
[1m 90/133[0m [32m━━━━━━━━━━━━━[0m[37m━━━━━━━[0m [1m10s[0m 254ms/step - auc: 0.9593 - binary_accuracy: 0.8836 - loss: 0.3187
[1m 91/133[0m [32m━━━━━━━━━━━━━[0m[37m━━━━━━━[0m [1m10s[0m 254ms/step - auc: 0.9592 - binary_accuracy: 0.8836 - loss: 0.3188
[1m 92/133[0m [32m━━━━━━━━━━━━━[0m[37m━━━━━━━[0m [1m10s[0m 254ms/step - auc: 0.9592 - binary_accuracy: 0.8835 - loss: 0.3189
[1m 93/133[0m [32m━━━━━━━━━━━━━[0m[37m━━━━━━━[0m [1m10s[0m 254ms/step - auc: 0.9591 - binary_accuracy: 0.8835 - loss: 0.3190
[1m 94/133[0m [32m━━━━━━━━━━━━━━[0m[37m━━━━━━[0m [1m9s[0m 254ms/step - auc: 0.9591 - binary_accuracy: 0.8834 - loss: 0.3191 
[1m 95/133[0m [32m━━━━━━━━━━━━━━[0m[37m━━━━━━[0m [1m9s[0m 254ms/step - auc: 0.9591 - binary_accuracy: 0.8834 - loss: 0.3192
[1m 96/133[0m [32m━━━━━━━━━━━━━━[0m[37m━━━━━━[0m [1m9s[0m 254ms/step - auc: 0.9590 - binary_accuracy: 0.8834 - loss: 0.3192
[1m 97/133[0m [32m━━━━━━━━━━━━━━[0m[37m━━━━━━[0m [1m9s[0m 254ms/step - auc: 0.9590 - binary_accuracy: 0.8833 - loss: 0.3193
[1m 98/133[0m [32m━━━━━━━━━━━━━━[0m[37m━━━━━━[0m [1m8s[0m 254ms/step - auc: 0.9590 - binary_accuracy: 0.8833 - loss: 0.3193
[1m 99/133[0m [32m━━━━━━━━━━━━━━[0m[37m━━━━━━[0m [1m8s[0m 254ms/step - auc: 0.9590 - binary_accuracy: 0.8833 - loss: 0.3193
[1m100/133[0m [32m━━━━━━━━━━━━━━━[0m[37m━━━━━[0m [1m8s[0m 254ms/step - auc: 0.9590 - binary_accuracy: 0.8833 - loss: 0.3193
[1m101/133[0m [32m━━━━━━━━━━━━━━━[0m[37m━━━━━[0m [1m8s[0m 254ms/step - auc: 0.9590 - binary_accuracy: 0.8833 - loss: 0.3194
[1m102/133[0m [32m━━━━━━━━━━━━━━━[0m[37m━━━━━[0m [1m7s[0m 254ms/step - auc: 0.9589 - binary_accuracy: 0.8833 - loss: 0.3194
[1m103/133[0m [32m━━━━━━━━━━━━━━━[0m[37m━━━━━[0m [1m7s[0m 254ms/step - auc: 0.9589 - binary_accuracy: 0.8833 - loss: 0.3193
[1m104/133[0m [32m━━━━━━━━━━━━━━━[0m[37m━━━━━[0m [1m7s[0m 254ms/step - auc: 0.9589 - binary_accuracy: 0.8832 - loss: 0.3193
[1m105/133[0m [32m━━━━━━━━━━━━━━━[0m[37m━━━━━[0m [1m7s[0m 254ms/step - auc: 0.9589 - binary_accuracy: 0.8833 - loss: 0.3193
[1m106/133[0m [32m━━━━━━━━━━━━━━━[0m[37m━━━━━[0m [1m6s[0m 254ms/step - auc: 0.9589 - binary_accuracy: 0.8833 - loss: 0.3193
[1m107/133[0m [32m━━━━━━━━━━━━━━━━[0m[37m━━━━[0m [1m6s[0m 254ms/step - auc: 0.9590 - binary_accuracy: 0.8833 - loss: 0.3192
[1m108/133[0m [32m━━━━━━━━━━━━━━━━[0m[37m━━━━[0m [1m6s[0m 254ms/step - auc: 0.9590 - binary_accuracy: 0.8833 - loss: 0.3192
[1m109/133[0m [32m━━━━━━━━━━━━━━━━[0m[37m━━━━[0m [1m6s[0m 254ms/step - auc: 0.9589 - binary_accuracy: 0.8833 - loss: 0.3192
[1m110/133[0m [32m━━━━━━━━━━━━━━━━[0m[37m━━━━[0m [1m5s[0m 254ms/step - auc: 0.9589 - binary_accuracy: 0.8833 - loss: 0.3192
[1m111/133[0m [32m━━━━━━━━━━━━━━━━[0m[37m━━━━[0m [1m5s[0m 254ms/step - auc: 0.9589 - binary_accuracy: 0.8833 - loss: 0.3191
[1m112/133[0m [32m━━━━━━━━━━━━━━━━[0m[37m━━━━[0m [1m5s[0m 254ms/step - auc: 0.9589 - binary_accuracy: 0.8833 - loss: 0.3191
[1m113/133[0m [32m━━━━━━━━━━━━━━━━[0m[37m━━━━[0m [1m5s[0m 254ms/step - auc: 0.9589 - binary_accuracy: 0.8833 - loss: 0.3191
[1m114/133[0m [32m━━━━━━━━━━━━━━━━━[0m[37m━━━[0m [1m4s[0m 254ms/step - auc: 0.9589 - binary_accuracy: 0.8833 - loss: 0.3191
[1m115/133[0m [32m━━━━━━━━━━━━━━━━━[0m[37m━━━[0m [1m4s[0m 254ms/step - auc: 0.9589 - binary_accuracy: 0.8833 - loss: 0.3192
[1m116/133[0m [32m━━━━━━━━━━━━━━━━━[0m[37m━━━[0m [1m4s[0m 254ms/step - auc: 0.9588 - binary_accuracy: 0.8833 - loss: 0.3192
[1m117/133[0m [32m━━━━━━━━━━━━━━━━━[0m[37m━━━[0m [1m4s[0m 254ms/step - auc: 0.9588 - binary_accuracy: 0.8833 - loss: 0.3192
[1m118/133[0m [32m━━━━━━━━━━━━━━━━━[0m[37m━━━[0m [1m3s[0m 254ms/step - auc: 0.9588 - binary_accuracy: 0.8832 - loss: 0.3192
[1m119/133[0m [32m━━━━━━━━━━━━━━━━━[0m[37m━━━[0m [1m3s[0m 254ms/step - auc: 0.9588 - binary_accuracy: 0.8832 - loss: 0.3192
[1m120/133[0m [32m━━━━━━━━━━━━━━━━━━[0m[37m━━[0m [1m3s[0m 254ms/step - auc: 0.9588 - binary_accuracy: 0.8832 - loss: 0.3192
[1m121/133[0m [32m━━━━━━━━━━━━━━━━━━[0m[37m━━[0m [1m3s[0m 254ms/step - auc: 0.9587 - binary_accuracy: 0.8832 - loss: 0.3192
[1m122/133[0m [32m━━━━━━━━━━━━━━━━━━[0m[37m━━[0m [1m2s[0m 254ms/step - auc: 0.9587 - binary_accuracy: 0.8832 - loss: 0.3193
[1m123/133[0m [32m━━━━━━━━━━━━━━━━━━[0m[37m━━[0m [1m2s[0m 254ms/step - auc: 0.9587 - binary_accuracy: 0.8831 - loss: 0.3193
[1m124/133[0m [32m━━━━━━━━━━━━━━━━━━[0m[37m━━[0m [1m2s[0m 254ms/step - auc: 0.9587 - binary_accuracy: 0.8831 - loss: 0.3193
[1m125/133[0m [32m━━━━━━━━━━━━━━━━━━[0m[37m━━[0m [1m2s[0m 254ms/step - auc: 0.9587 - binary_accuracy: 0.8831 - loss: 0.3193
[1m126/133[0m [32m━━━━━━━━━━━━━━━━━━[0m[37m━━[0m [1m1s[0m 254ms/step - auc: 0.9587 - binary_accuracy: 0.8831 - loss: 0.3193
[1m127/133[0m [32m━━━━━━━━━━━━━━━━━━━[0m[37m━[0m [1m1s[0m 254ms/step - auc: 0.9586 - binary_accuracy: 0.8831 - loss: 0.3193
[1m128/133[0m [32m━━━━━━━━━━━━━━━━━━━[0m[37m━[0m [1m1s[0m 254ms/step - auc: 0.9586 - binary_accuracy: 0.8831 - loss: 0.3193
[1m129/133[0m [32m━━━━━━━━━━━━━━━━━━━[0m[37m━[0m [1m1s[0m 254ms/step - auc: 0.9586 - binary_accuracy: 0.8830 - loss: 0.3193
[1m130/133[0m [32m━━━━━━━━━━━━━━━━━━━[0m[37m━[0m [1m0s[0m 254ms/step - auc: 0.9586 - binary_accuracy: 0.8830 - loss: 0.3193
[1m131/133[0m [32m━━━━━━━━━━━━━━━━━━━[0m[37m━[0m [1m0s[0m 254ms/step - auc: 0.9586 - binary_accuracy: 0.8830 - loss: 0.3193
[1m132/133[0m [32m━━━━━━━━━━━━━━━━━━━[0m[37m━[0m [1m0s[0m 254ms/step - auc: 0.9586 - binary_accuracy: 0.8830 - loss: 0.3193
[1m133/133[0m [32m━━━━━━━━━━━━━━━━━━━━[0m[37m[0m [1m0s[0m 253ms/step - auc: 0.9585 - binary_accuracy: 0.8830 - loss: 0.3193transfer final: epoch 3/3 done in 33.9s loss=0.3200 auc=0.9561

[1m133/133[0m [32m━━━━━━━━━━━━━━━━━━━━[0m[37m[0m [1m34s[0m 253ms/step - auc: 0.9561 - binary_accuracy: 0.8801 - loss: 0.3200
[INFO] focus_binary.focus_binary.scripts.multiseed_eval: seed complete
[INFO] focus_binary.focus_binary.scripts.multiseed_eval: multi-seed evaluation complete
