$ D:\Dineth\myenv\Scripts\python.exe -u D:\Dineth\focus_binary_benchmark\focus_binary_benchmark\scripts\multiseed_eval.py --family transfer --manifest D:\Dineth\focus_binary_benchmark\focus_binary_benchmark\revision_outputs\multiseed\leakage_safe_manifest.csv --runs-dir runs --out-dir D:\Dineth\focus_binary_benchmark\focus_binary_benchmark\revision_outputs\multiseed\training_outputs --seeds 55 --leakage-check stack_sha1

2026-05-23 00:11:11.373981: I tensorflow/core/util/port.cc:153] oneDNN custom operations are on. You may see slightly different numerical results due to floating-point round-off errors from different computation orders. To turn them off, set the environment variable `TF_ENABLE_ONEDNN_OPTS=0`.
2026-05-23 00:11:20.241000: I tensorflow/core/util/port.cc:153] oneDNN custom operations are on. You may see slightly different numerical results due to floating-point round-off errors from different computation orders. To turn them off, set the environment variable `TF_ENABLE_ONEDNN_OPTS=0`.
2026-05-23 00:11:29.740012: I tensorflow/core/platform/cpu_feature_guard.cc:210] This TensorFlow binary is optimized to use available CPU instructions in performance-critical operations.
To enable the following instructions: SSE3 SSE4.1 SSE4.2 AVX AVX2 FMA, in other operations, rebuild TensorFlow with the appropriate compiler flags.
Running leakage check (stack_sha1) on D:\Dineth\focus_binary_benchmark\focus_binary_benchmark\revision_outputs\multiseed\leakage_safe_manifest.csv
  sha1: checking 4969 files
  sha1: checked 1/4969
  sha1: checked 250/4969
  sha1: checked 500/4969
  sha1: checked 750/4969
  sha1: checked 1000/4969
  sha1: checked 1250/4969
  sha1: checked 1500/4969
  sha1: checked 1750/4969
  sha1: checked 2000/4969
  sha1: checked 2250/4969
  sha1: checked 2500/4969
  sha1: checked 2750/4969
  sha1: checked 3000/4969
  sha1: checked 3250/4969
  sha1: checked 3500/4969
  sha1: checked 3750/4969
  sha1: checked 4000/4969
  sha1: checked 4250/4969
  sha1: checked 4500/4969
  sha1: checked 4750/4969
  sha1: checked 4969/4969
Leakage audit summary:
  stack_id overlaps: 0
  sha1 duplicates: 0
  phash duplicates: 0
Class balance per dataset/split:
  TBSI split=test label=0 count=35 ratio=0.875
  TBSI split=test label=1 count=5 ratio=0.125
  TBSI split=train label=0 count=147 ratio=0.875
  TBSI split=train label=1 count=21 ratio=0.125
  TBSI split=val label=0 count=28 ratio=0.875
  TBSI split=val label=1 count=4 ratio=0.125
  bma split=test label=0 count=55 ratio=0.917
  bma split=test label=1 count=5 ratio=0.083
  bma split=train label=0 count=297 ratio=0.917
  bma split=train label=1 count=27 ratio=0.083
  bma split=val label=0 count=66 ratio=0.917
  bma split=val label=1 count=6 ratio=0.083
  pbs_imgs split=test label=0 count=114 ratio=0.912
  pbs_imgs split=test label=1 count=11 ratio=0.088
  pbs_imgs split=train label=0 count=570 ratio=0.913
  pbs_imgs split=train label=1 count=54 ratio=0.087
  pbs_imgs split=val label=0 count=120 ratio=0.909
  pbs_imgs split=val label=1 count=12 ratio=0.091
  tbf_imgs split=test label=0 count=297 ratio=0.917
  tbf_imgs split=test label=1 count=27 ratio=0.083
  tbf_imgs split=train label=0 count=1353 ratio=0.917
  tbf_imgs split=train label=1 count=123 ratio=0.083
  tbf_imgs split=val label=0 count=352 ratio=0.917
  tbf_imgs split=val label=1 count=32 ratio=0.083
  wbc split=test label=0 count=154 ratio=0.875
  wbc split=test label=1 count=22 ratio=0.125
  wbc split=train label=0 count=742 ratio=0.875
  wbc split=train label=1 count=106 ratio=0.125
  wbc split=val label=0 count=161 ratio=0.875
  wbc split=val label=1 count=23 ratio=0.125
[WARNING] focus_binary.focus_binary.data.balance: Extreme class imbalance detected
[WARNING] focus_binary.focus_binary.data.balance: Extreme class imbalance detected
[WARNING] focus_binary.focus_binary.data.balance: Extreme class imbalance detected
[WARNING] focus_binary.focus_binary.data.balance: Extreme class imbalance detected
[WARNING] focus_binary.focus_binary.data.balance: Extreme class imbalance detected
[WARNING] focus_binary.focus_binary.data.balance: Extreme class imbalance detected
[WARNING] focus_binary.focus_binary.data.balance: Extreme class imbalance detected
[WARNING] focus_binary.focus_binary.data.balance: Extreme class imbalance detected
[WARNING] focus_binary.focus_binary.data.balance: Extreme class imbalance detected
[WARNING] focus_binary.focus_binary.data.balance: Extreme class imbalance detected
[WARNING] focus_binary.focus_binary.data.balance: Extreme class imbalance detected
[WARNING] focus_binary.focus_binary.data.balance: Extreme class imbalance detected
[WARNING] focus_binary.focus_binary.data.balance: Extreme class imbalance detected
[WARNING] focus_binary.focus_binary.data.balance: Extreme class imbalance detected
[WARNING] focus_binary.focus_binary.data.balance: Extreme class imbalance detected
[WARNING] focus_binary.focus_binary.data.balance: Extreme class imbalance detected
[WARNING] focus_binary.focus_binary.data.balance: Extreme class imbalance detected
[WARNING] focus_binary.focus_binary.data.balance: Extreme class imbalance detected
[WARNING] focus_binary.focus_binary.data.balance: Extreme class imbalance detected
[WARNING] focus_binary.focus_binary.data.balance: Extreme class imbalance detected
[WARNING] focus_binary.focus_binary.data.balance: Extreme class imbalance detected
[WARNING] focus_binary.focus_binary.data.balance: Extreme class imbalance detected
[WARNING] focus_binary.focus_binary.data.balance: Extreme class imbalance detected
[WARNING] focus_binary.focus_binary.data.balance: Extreme class imbalance detected
[WARNING] focus_binary.focus_binary.data.balance: Extreme class imbalance detected
[WARNING] focus_binary.focus_binary.data.balance: Extreme class imbalance detected
[WARNING] focus_binary.focus_binary.data.balance: Extreme class imbalance detected
[WARNING] focus_binary.focus_binary.data.balance: Extreme class imbalance detected
[WARNING] focus_binary.focus_binary.data.balance: Extreme class imbalance detected
[WARNING] focus_binary.focus_binary.data.balance: Extreme class imbalance detected
Starting multiseed job: family=transfer seed=55
[INFO] focus_binary.focus_binary.models.transfer: phase1: head training
transfer phase-a: epoch 1/8 start
Epoch 1/3
2026-05-23 00:15:57.894505: I external/local_xla/xla/service/service.cc:163] XLA service 0x179f19dcba0 initialized for platform Host (this does not guarantee that XLA will be used). Devices:
2026-05-23 00:15:57.895573: I external/local_xla/xla/service/service.cc:171]   StreamExecutor device (0): Host, Default Version
WARNING: All log messages before absl::InitializeLog() is called are written to STDERR
I0000 00:00:1779475642.642206    7012 device_compiler.h:196] Compiled cluster using XLA!  This line is logged at most once for the lifetime of the process.

[1m  1/108[0m [37m━━━━━━━━━━━━━━━━━━━━[0m [1m3:09:28[0m 106s/step - auc: 0.4259 - binary_accuracy: 0.2812 - loss: 0.9689
[1m  2/108[0m [37m━━━━━━━━━━━━━━━━━━━━[0m [1m32s[0m 303ms/step - auc: 0.4584 - binary_accuracy: 0.2812 - loss: 0.9302   
[1m  3/108[0m [37m━━━━━━━━━━━━━━━━━━━━[0m [1m28s[0m 275ms/step - auc: 0.4698 - binary_accuracy: 0.3160 - loss: 0.9069
[1m  4/108[0m [37m━━━━━━━━━━━━━━━━━━━━[0m [1m27s[0m 267ms/step - auc: 0.4962 - binary_accuracy: 0.3581 - loss: 0.8732
[1m  5/108[0m [37m━━━━━━━━━━━━━━━━━━━━[0m [1m26s[0m 261ms/step - auc: 0.5109 - binary_accuracy: 0.3915 - loss: 0.8547
[1m  6/108[0m [32m━[0m[37m━━━━━━━━━━━━━━━━━━━[0m [1m26s[0m 258ms/step - auc: 0.5298 - binary_accuracy: 0.4243 - loss: 0.8307
[1m  7/108[0m [32m━[0m[37m━━━━━━━━━━━━━━━━━━━[0m [1m25s[0m 257ms/step - auc: 0.5500 - binary_accuracy: 0.4523 - loss: 0.8042
[1m  8/108[0m [32m━[0m[37m━━━━━━━━━━━━━━━━━━━[0m [1m25s[0m 256ms/step - auc: 0.5641 - binary_accuracy: 0.4749 - loss: 0.7882
[1m  9/108[0m [32m━[0m[37m━━━━━━━━━━━━━━━━━━━[0m [1m25s[0m 255ms/step - auc: 0.5800 - binary_accuracy: 0.4958 - loss: 0.7715
[1m 10/108[0m [32m━[0m[37m━━━━━━━━━━━━━━━━━━━[0m [1m24s[0m 255ms/step - auc: 0.5927 - binary_accuracy: 0.5141 - loss: 0.7567
[1m 11/108[0m [32m━━[0m[37m━━━━━━━━━━━━━━━━━━[0m [1m24s[0m 255ms/step - auc: 0.6041 - binary_accuracy: 0.5306 - loss: 0.7453
[1m 12/108[0m [32m━━[0m[37m━━━━━━━━━━━━━━━━━━[0m [1m24s[0m 254ms/step - auc: 0.6133 - binary_accuracy: 0.5448 - loss: 0.7338
[1m 13/108[0m [32m━━[0m[37m━━━━━━━━━━━━━━━━━━[0m [1m24s[0m 254ms/step - auc: 0.6198 - binary_accuracy: 0.5570 - loss: 0.7305
[1m 14/108[0m [32m━━[0m[37m━━━━━━━━━━━━━━━━━━[0m [1m23s[0m 255ms/step - auc: 0.6254 - binary_accuracy: 0.5679 - loss: 0.7270
[1m 15/108[0m [32m━━[0m[37m━━━━━━━━━━━━━━━━━━[0m [1m23s[0m 256ms/step - auc: 0.6302 - binary_accuracy: 0.5773 - loss: 0.7227
[1m 16/108[0m [32m━━[0m[37m━━━━━━━━━━━━━━━━━━[0m [1m23s[0m 257ms/step - auc: 0.6336 - binary_accuracy: 0.5850 - loss: 0.7199
[1m 17/108[0m [32m━━━[0m[37m━━━━━━━━━━━━━━━━━[0m [1m23s[0m 257ms/step - auc: 0.6362 - binary_accuracy: 0.5915 - loss: 0.7168
[1m 18/108[0m [32m━━━[0m[37m━━━━━━━━━━━━━━━━━[0m [1m23s[0m 258ms/step - auc: 0.6386 - binary_accuracy: 0.5970 - loss: 0.7133
[1m 19/108[0m [32m━━━[0m[37m━━━━━━━━━━━━━━━━━[0m [1m23s[0m 261ms/step - auc: 0.6414 - binary_accuracy: 0.6021 - loss: 0.7094
[1m 20/108[0m [32m━━━[0m[37m━━━━━━━━━━━━━━━━━[0m [1m23s[0m 266ms/step - auc: 0.6442 - binary_accuracy: 0.6071 - loss: 0.7053
[1m 21/108[0m [32m━━━[0m[37m━━━━━━━━━━━━━━━━━[0m [1m23s[0m 266ms/step - auc: 0.6470 - binary_accuracy: 0.6116 - loss: 0.7017
[1m 22/108[0m [32m━━━━[0m[37m━━━━━━━━━━━━━━━━[0m [1m22s[0m 266ms/step - auc: 0.6502 - binary_accuracy: 0.6159 - loss: 0.6985
[1m 23/108[0m [32m━━━━[0m[37m━━━━━━━━━━━━━━━━[0m [1m22s[0m 266ms/step - auc: 0.6531 - binary_accuracy: 0.6200 - loss: 0.6959
[1m 24/108[0m [32m━━━━[0m[37m━━━━━━━━━━━━━━━━[0m [1m22s[0m 266ms/step - auc: 0.6559 - binary_accuracy: 0.6239 - loss: 0.6935
[1m 25/108[0m [32m━━━━[0m[37m━━━━━━━━━━━━━━━━[0m [1m22s[0m 267ms/step - auc: 0.6587 - binary_accuracy: 0.6276 - loss: 0.6907
[1m 26/108[0m [32m━━━━[0m[37m━━━━━━━━━━━━━━━━[0m [1m22s[0m 269ms/step - auc: 0.6616 - binary_accuracy: 0.6311 - loss: 0.6876
[1m 27/108[0m [32m━━━━━[0m[37m━━━━━━━━━━━━━━━[0m [1m22s[0m 273ms/step - auc: 0.6648 - binary_accuracy: 0.6343 - loss: 0.6847
[1m 28/108[0m [32m━━━━━[0m[37m━━━━━━━━━━━━━━━[0m [1m21s[0m 272ms/step - auc: 0.6683 - binary_accuracy: 0.6374 - loss: 0.6820
[1m 29/108[0m [32m━━━━━[0m[37m━━━━━━━━━━━━━━━[0m [1m21s[0m 272ms/step - auc: 0.6716 - binary_accuracy: 0.6402 - loss: 0.6793
[1m 30/108[0m [32m━━━━━[0m[37m━━━━━━━━━━━━━━━[0m [1m21s[0m 272ms/step - auc: 0.6747 - binary_accuracy: 0.6427 - loss: 0.6767
[1m 31/108[0m [32m━━━━━[0m[37m━━━━━━━━━━━━━━━[0m [1m20s[0m 272ms/step - auc: 0.6777 - binary_accuracy: 0.6448 - loss: 0.6745
[1m 32/108[0m [32m━━━━━[0m[37m━━━━━━━━━━━━━━━[0m [1m20s[0m 273ms/step - auc: 0.6805 - binary_accuracy: 0.6467 - loss: 0.6724
[1m 33/108[0m [32m━━━━━━[0m[37m━━━━━━━━━━━━━━[0m [1m20s[0m 275ms/step - auc: 0.6832 - binary_accuracy: 0.6484 - loss: 0.6703
[1m 34/108[0m [32m━━━━━━[0m[37m━━━━━━━━━━━━━━[0m [1m20s[0m 276ms/step - auc: 0.6858 - binary_accuracy: 0.6501 - loss: 0.6683
[1m 35/108[0m [32m━━━━━━[0m[37m━━━━━━━━━━━━━━[0m [1m20s[0m 275ms/step - auc: 0.6884 - binary_accuracy: 0.6518 - loss: 0.6660
[1m 36/108[0m [32m━━━━━━[0m[37m━━━━━━━━━━━━━━[0m [1m19s[0m 275ms/step - auc: 0.6910 - binary_accuracy: 0.6535 - loss: 0.6636
[1m 37/108[0m [32m━━━━━━[0m[37m━━━━━━━━━━━━━━[0m [1m24s[0m 352ms/step - auc: 0.6935 - binary_accuracy: 0.6551 - loss: 0.6613
[1m 38/108[0m [32m━━━━━━━[0m[37m━━━━━━━━━━━━━[0m [1m28s[0m 412ms/step - auc: 0.6961 - binary_accuracy: 0.6569 - loss: 0.6589
[1m 39/108[0m [32m━━━━━━━[0m[37m━━━━━━━━━━━━━[0m [1m33s[0m 488ms/step - auc: 0.6985 - binary_accuracy: 0.6586 - loss: 0.6568
[1m 40/108[0m [32m━━━━━━━[0m[37m━━━━━━━━━━━━━[0m [1m39s[0m 579ms/step - auc: 0.7008 - binary_accuracy: 0.6604 - loss: 0.6545
[1m 41/108[0m [32m━━━━━━━[0m[37m━━━━━━━━━━━━━[0m [1m41s[0m 620ms/step - auc: 0.7030 - binary_accuracy: 0.6621 - loss: 0.6524
[1m 42/108[0m [32m━━━━━━━[0m[37m━━━━━━━━━━━━━[0m [1m44s[0m 680ms/step - auc: 0.7051 - binary_accuracy: 0.6638 - loss: 0.6504
[1m 43/108[0m [32m━━━━━━━[0m[37m━━━━━━━━━━━━━[0m [1m48s[0m 752ms/step - auc: 0.7070 - binary_accuracy: 0.6655 - loss: 0.6487
[1m 44/108[0m [32m━━━━━━━━[0m[37m━━━━━━━━━━━━[0m [1m51s[0m 800ms/step - auc: 0.7089 - binary_accuracy: 0.6672 - loss: 0.6471
[1m 45/108[0m [32m━━━━━━━━[0m[37m━━━━━━━━━━━━[0m [1m53s[0m 850ms/step - auc: 0.7106 - binary_accuracy: 0.6688 - loss: 0.6455
[1m 46/108[0m [32m━━━━━━━━[0m[37m━━━━━━━━━━━━[0m [1m56s[0m 917ms/step - auc: 0.7123 - binary_accuracy: 0.6703 - loss: 0.6441
[1m 47/108[0m [32m━━━━━━━━[0m[37m━━━━━━━━━━━━[0m [1m59s[0m 981ms/step - auc: 0.7138 - binary_accuracy: 0.6717 - loss: 0.6428
[1m 48/108[0m [32m━━━━━━━━[0m[37m━━━━━━━━━━━━[0m [1m1:00[0m 1s/step - auc: 0.7153 - binary_accuracy: 0.6729 - loss: 0.6414  
[1m 49/108[0m [32m━━━━━━━━━[0m[37m━━━━━━━━━━━[0m [1m1:02[0m 1s/step - auc: 0.7168 - binary_accuracy: 0.6740 - loss: 0.6401
[1m 50/108[0m [32m━━━━━━━━━[0m[37m━━━━━━━━━━━[0m [1m1:04[0m 1s/step - auc: 0.7182 - binary_accuracy: 0.6750 - loss: 0.6389
[1m 51/108[0m [32m━━━━━━━━━[0m[37m━━━━━━━━━━━[0m [1m1:05[0m 1s/step - auc: 0.7196 - binary_accuracy: 0.6760 - loss: 0.6376
[1m 52/108[0m [32m━━━━━━━━━[0m[37m━━━━━━━━━━━[0m [1m1:05[0m 1s/step - auc: 0.7209 - binary_accuracy: 0.6768 - loss: 0.6364
[1m 53/108[0m [32m━━━━━━━━━[0m[37m━━━━━━━━━━━[0m [1m1:07[0m 1s/step - auc: 0.7222 - binary_accuracy: 0.6776 - loss: 0.6352
[1m 54/108[0m [32m━━━━━━━━━━[0m[37m━━━━━━━━━━[0m [1m1:08[0m 1s/step - auc: 0.7235 - binary_accuracy: 0.6785 - loss: 0.6339
[1m 55/108[0m [32m━━━━━━━━━━[0m[37m━━━━━━━━━━[0m [1m1:07[0m 1s/step - auc: 0.7248 - binary_accuracy: 0.6793 - loss: 0.6327
[1m 56/108[0m [32m━━━━━━━━━━[0m[37m━━━━━━━━━━[0m [1m1:08[0m 1s/step - auc: 0.7260 - binary_accuracy: 0.6801 - loss: 0.6316
[1m 57/108[0m [32m━━━━━━━━━━[0m[37m━━━━━━━━━━[0m [1m1:09[0m 1s/step - auc: 0.7272 - binary_accuracy: 0.6810 - loss: 0.6303
[1m 58/108[0m [32m━━━━━━━━━━[0m[37m━━━━━━━━━━[0m [1m1:10[0m 1s/step - auc: 0.7284 - binary_accuracy: 0.6818 - loss: 0.6290
[1m 59/108[0m [32m━━━━━━━━━━[0m[37m━━━━━━━━━━[0m [1m1:10[0m 1s/step - auc: 0.7295 - binary_accuracy: 0.6826 - loss: 0.6279
[1m 60/108[0m [32m━━━━━━━━━━━[0m[37m━━━━━━━━━[0m [1m1:10[0m 1s/step - auc: 0.7305 - binary_accuracy: 0.6835 - loss: 0.6268
[1m 61/108[0m [32m━━━━━━━━━━━[0m[37m━━━━━━━━━[0m [1m1:09[0m 1s/step - auc: 0.7316 - binary_accuracy: 0.6843 - loss: 0.6258
[1m 62/108[0m [32m━━━━━━━━━━━[0m[37m━━━━━━━━━[0m [1m1:10[0m 2s/step - auc: 0.7325 - binary_accuracy: 0.6852 - loss: 0.6249
[1m 63/108[0m [32m━━━━━━━━━━━[0m[37m━━━━━━━━━[0m [1m1:09[0m 2s/step - auc: 0.7334 - binary_accuracy: 0.6860 - loss: 0.6241
[1m 64/108[0m [32m━━━━━━━━━━━[0m[37m━━━━━━━━━[0m [1m1:09[0m 2s/step - auc: 0.7344 - binary_accuracy: 0.6869 - loss: 0.6234
[1m 65/108[0m [32m━━━━━━━━━━━━[0m[37m━━━━━━━━[0m [1m1:09[0m 2s/step - auc: 0.7353 - binary_accuracy: 0.6877 - loss: 0.6226
[1m 66/108[0m [32m━━━━━━━━━━━━[0m[37m━━━━━━━━[0m [1m1:08[0m 2s/step - auc: 0.7363 - binary_accuracy: 0.6884 - loss: 0.6219
[1m 67/108[0m [32m━━━━━━━━━━━━[0m[37m━━━━━━━━[0m [1m1:07[0m 2s/step - auc: 0.7372 - binary_accuracy: 0.6891 - loss: 0.6213
[1m 68/108[0m [32m━━━━━━━━━━━━[0m[37m━━━━━━━━[0m [1m1:07[0m 2s/step - auc: 0.7381 - binary_accuracy: 0.6897 - loss: 0.6206
[1m 69/108[0m [32m━━━━━━━━━━━━[0m[37m━━━━━━━━[0m [1m1:06[0m 2s/step - auc: 0.7389 - binary_accuracy: 0.6903 - loss: 0.6200
[1m 70/108[0m [32m━━━━━━━━━━━━[0m[37m━━━━━━━━[0m [1m1:05[0m 2s/step - auc: 0.7398 - binary_accuracy: 0.6909 - loss: 0.6194
[1m 71/108[0m [32m━━━━━━━━━━━━━[0m[37m━━━━━━━[0m [1m1:04[0m 2s/step - auc: 0.7406 - binary_accuracy: 0.6914 - loss: 0.6188
[1m 72/108[0m [32m━━━━━━━━━━━━━[0m[37m━━━━━━━[0m [1m1:03[0m 2s/step - auc: 0.7415 - binary_accuracy: 0.6919 - loss: 0.6182
[1m 73/108[0m [32m━━━━━━━━━━━━━[0m[37m━━━━━━━[0m [1m1:02[0m 2s/step - auc: 0.7423 - binary_accuracy: 0.6924 - loss: 0.6176
[1m 74/108[0m [32m━━━━━━━━━━━━━[0m[37m━━━━━━━[0m [1m1:01[0m 2s/step - auc: 0.7432 - binary_accuracy: 0.6928 - loss: 0.6169
[1m 75/108[0m [32m━━━━━━━━━━━━━[0m[37m━━━━━━━[0m [1m1:00[0m 2s/step - auc: 0.7441 - binary_accuracy: 0.6933 - loss: 0.6162
[1m 76/108[0m [32m━━━━━━━━━━━━━━[0m[37m━━━━━━[0m [1m58s[0m 2s/step - auc: 0.7449 - binary_accuracy: 0.6937 - loss: 0.6156 
[1m 77/108[0m [32m━━━━━━━━━━━━━━[0m[37m━━━━━━[0m [1m57s[0m 2s/step - auc: 0.7457 - binary_accuracy: 0.6942 - loss: 0.6149
[1m 78/108[0m [32m━━━━━━━━━━━━━━[0m[37m━━━━━━[0m [1m56s[0m 2s/step - auc: 0.7466 - binary_accuracy: 0.6946 - loss: 0.6142
[1m 79/108[0m [32m━━━━━━━━━━━━━━[0m[37m━━━━━━[0m [1m54s[0m 2s/step - auc: 0.7475 - binary_accuracy: 0.6951 - loss: 0.6134
[1m 80/108[0m [32m━━━━━━━━━━━━━━[0m[37m━━━━━━[0m [1m53s[0m 2s/step - auc: 0.7483 - binary_accuracy: 0.6956 - loss: 0.6128
[1m 81/108[0m [32m━━━━━━━━━━━━━━━[0m[37m━━━━━[0m [1m52s[0m 2s/step - auc: 0.7491 - binary_accuracy: 0.6960 - loss: 0.6121
[1m 82/108[0m [32m━━━━━━━━━━━━━━━[0m[37m━━━━━[0m [1m50s[0m 2s/step - auc: 0.7499 - binary_accuracy: 0.6965 - loss: 0.6114
[1m 83/108[0m [32m━━━━━━━━━━━━━━━[0m[37m━━━━━[0m [1m49s[0m 2s/step - auc: 0.7507 - binary_accuracy: 0.6970 - loss: 0.6108
[1m 84/108[0m [32m━━━━━━━━━━━━━━━[0m[37m━━━━━[0m [1m47s[0m 2s/step - auc: 0.7515 - binary_accuracy: 0.6974 - loss: 0.6101
[1m 85/108[0m [32m━━━━━━━━━━━━━━━[0m[37m━━━━━[0m [1m46s[0m 2s/step - auc: 0.7522 - binary_accuracy: 0.6979 - loss: 0.6095
[1m 86/108[0m [32m━━━━━━━━━━━━━━━[0m[37m━━━━━[0m [1m44s[0m 2s/step - auc: 0.7530 - binary_accuracy: 0.6983 - loss: 0.6089
[1m 87/108[0m [32m━━━━━━━━━━━━━━━━[0m[37m━━━━[0m [1m42s[0m 2s/step - auc: 0.7538 - binary_accuracy: 0.6988 - loss: 0.6083
[1m 88/108[0m [32m━━━━━━━━━━━━━━━━[0m[37m━━━━[0m [1m40s[0m 2s/step - auc: 0.7545 - binary_accuracy: 0.6992 - loss: 0.6077
[1m 89/108[0m [32m━━━━━━━━━━━━━━━━[0m[37m━━━━[0m [1m39s[0m 2s/step - auc: 0.7553 - binary_accuracy: 0.6996 - loss: 0.6071
[1m 90/108[0m [32m━━━━━━━━━━━━━━━━[0m[37m━━━━[0m [1m37s[0m 2s/step - auc: 0.7560 - binary_accuracy: 0.6999 - loss: 0.6065
[1m 91/108[0m [32m━━━━━━━━━━━━━━━━[0m[37m━━━━[0m [1m35s[0m 2s/step - auc: 0.7567 - binary_accuracy: 0.7003 - loss: 0.6060
[1m 92/108[0m [32m━━━━━━━━━━━━━━━━━[0m[37m━━━[0m [1m33s[0m 2s/step - auc: 0.7575 - binary_accuracy: 0.7006 - loss: 0.6054
[1m 93/108[0m [32m━━━━━━━━━━━━━━━━━[0m[37m━━━[0m [1m31s[0m 2s/step - auc: 0.7582 - binary_accuracy: 0.7010 - loss: 0.6048
[1m 94/108[0m [32m━━━━━━━━━━━━━━━━━[0m[37m━━━[0m [1m29s[0m 2s/step - auc: 0.7589 - binary_accuracy: 0.7013 - loss: 0.6042
[1m 95/108[0m [32m━━━━━━━━━━━━━━━━━[0m[37m━━━[0m [1m27s[0m 2s/step - auc: 0.7596 - binary_accuracy: 0.7016 - loss: 0.6037
[1m 96/108[0m [32m━━━━━━━━━━━━━━━━━[0m[37m━━━[0m [1m25s[0m 2s/step - auc: 0.7603 - binary_accuracy: 0.7020 - loss: 0.6031
[1m 97/108[0m [32m━━━━━━━━━━━━━━━━━[0m[37m━━━[0m [1m23s[0m 2s/step - auc: 0.7610 - binary_accuracy: 0.7023 - loss: 0.6025
[1m 98/108[0m [32m━━━━━━━━━━━━━━━━━━[0m[37m━━[0m [1m21s[0m 2s/step - auc: 0.7617 - binary_accuracy: 0.7027 - loss: 0.6019
[1m 99/108[0m [32m━━━━━━━━━━━━━━━━━━[0m[37m━━[0m [1m19s[0m 2s/step - auc: 0.7624 - binary_accuracy: 0.7030 - loss: 0.6013
[1m100/108[0m [32m━━━━━━━━━━━━━━━━━━[0m[37m━━[0m [1m17s[0m 2s/step - auc: 0.7631 - binary_accuracy: 0.7034 - loss: 0.6007
[1m101/108[0m [32m━━━━━━━━━━━━━━━━━━[0m[37m━━[0m [1m15s[0m 2s/step - auc: 0.7637 - binary_accuracy: 0.7037 - loss: 0.6001
[1m102/108[0m [32m━━━━━━━━━━━━━━━━━━[0m[37m━━[0m [1m13s[0m 2s/step - auc: 0.7644 - binary_accuracy: 0.7040 - loss: 0.5995
[1m103/108[0m [32m━━━━━━━━━━━━━━━━━━━[0m[37m━[0m [1m11s[0m 2s/step - auc: 0.7650 - binary_accuracy: 0.7044 - loss: 0.5989
[1m104/108[0m [32m━━━━━━━━━━━━━━━━━━━[0m[37m━[0m [1m8s[0m 2s/step - auc: 0.7657 - binary_accuracy: 0.7047 - loss: 0.5983 
[1m105/108[0m [32m━━━━━━━━━━━━━━━━━━━[0m[37m━[0m [1m6s[0m 2s/step - auc: 0.7663 - binary_accuracy: 0.7051 - loss: 0.5977
[1m106/108[0m [32m━━━━━━━━━━━━━━━━━━━[0m[37m━[0m [1m4s[0m 2s/step - auc: 0.7670 - binary_accuracy: 0.7054 - loss: 0.5971
[1m107/108[0m [32m━━━━━━━━━━━━━━━━━━━[0m[37m━[0m [1m2s[0m 2s/step - auc: 0.7676 - binary_accuracy: 0.7058 - loss: 0.5965
[1m108/108[0m [32m━━━━━━━━━━━━━━━━━━━━[0m[37m[0m [1m0s[0m 2s/step - auc: 0.7682 - binary_accuracy: 0.7062 - loss: 0.5959transfer phase-a: epoch 1/8 done in 413.8s loss=0.5331 auc=0.8355 val_loss=0.3013 val_auc=0.9489

[1m108/108[0m [32m━━━━━━━━━━━━━━━━━━━━[0m[37m[0m [1m414s[0m 3s/step - auc: 0.8355 - binary_accuracy: 0.7456 - loss: 0.5331 - val_auc: 0.9489 - val_binary_accuracy: 0.9055 - val_loss: 0.3013
transfer phase-a: epoch 2/8 start
Epoch 2/3

[1m  1/108[0m [37m━━━━━━━━━━━━━━━━━━━━[0m [1m49s[0m 459ms/step - auc: 0.9630 - binary_accuracy: 0.8438 - loss: 0.4490
[1m  2/108[0m [37m━━━━━━━━━━━━━━━━━━━━[0m [1m25s[0m 244ms/step - auc: 0.9744 - binary_accuracy: 0.8594 - loss: 0.4041
[1m  3/108[0m [37m━━━━━━━━━━━━━━━━━━━━[0m [1m25s[0m 242ms/step - auc: 0.9787 - binary_accuracy: 0.8715 - loss: 0.3787
[1m  4/108[0m [37m━━━━━━━━━━━━━━━━━━━━[0m [1m25s[0m 242ms/step - auc: 0.9813 - binary_accuracy: 0.8783 - loss: 0.3598
[1m  5/108[0m [37m━━━━━━━━━━━━━━━━━━━━[0m [1m24s[0m 242ms/step - auc: 0.9836 - binary_accuracy: 0.8864 - loss: 0.3430
[1m  6/108[0m [32m━[0m[37m━━━━━━━━━━━━━━━━━━━[0m [1m24s[0m 242ms/step - auc: 0.9845 - binary_accuracy: 0.8879 - loss: 0.3321
[1m  7/108[0m [32m━[0m[37m━━━━━━━━━━━━━━━━━━━[0m [1m24s[0m 243ms/step - auc: 0.9854 - binary_accuracy: 0.8906 - loss: 0.3218
[1m  8/108[0m [32m━[0m[37m━━━━━━━━━━━━━━━━━━━[0m [1m24s[0m 243ms/step - auc: 0.9860 - binary_accuracy: 0.8935 - loss: 0.3145
[1m  9/108[0m [32m━[0m[37m━━━━━━━━━━━━━━━━━━━[0m [1m24s[0m 243ms/step - auc: 0.9866 - binary_accuracy: 0.8949 - loss: 0.3084
[1m 10/108[0m [32m━[0m[37m━━━━━━━━━━━━━━━━━━━[0m [1m23s[0m 243ms/step - auc: 0.9872 - binary_accuracy: 0.8964 - loss: 0.3027
[1m 11/108[0m [32m━━[0m[37m━━━━━━━━━━━━━━━━━━[0m [1m23s[0m 242ms/step - auc: 0.9871 - binary_accuracy: 0.8980 - loss: 0.2991
[1m 12/108[0m [32m━━[0m[37m━━━━━━━━━━━━━━━━━━[0m [1m23s[0m 242ms/step - auc: 0.9870 - binary_accuracy: 0.8998 - loss: 0.2950
[1m 13/108[0m [32m━━[0m[37m━━━━━━━━━━━━━━━━━━[0m [1m22s[0m 242ms/step - auc: 0.9852 - binary_accuracy: 0.9012 - loss: 0.2960
[1m 14/108[0m [32m━━[0m[37m━━━━━━━━━━━━━━━━━━[0m [1m22s[0m 242ms/step - auc: 0.9836 - binary_accuracy: 0.9027 - loss: 0.2969
[1m 15/108[0m [32m━━[0m[37m━━━━━━━━━━━━━━━━━━[0m [1m22s[0m 243ms/step - auc: 0.9823 - binary_accuracy: 0.9042 - loss: 0.2970
[1m 16/108[0m [32m━━[0m[37m━━━━━━━━━━━━━━━━━━[0m [1m22s[0m 243ms/step - auc: 0.9813 - binary_accuracy: 0.9055 - loss: 0.2969
[1m 17/108[0m [32m━━━[0m[37m━━━━━━━━━━━━━━━━━[0m [1m22s[0m 243ms/step - auc: 0.9801 - binary_accuracy: 0.9060 - loss: 0.2966
[1m 18/108[0m [32m━━━[0m[37m━━━━━━━━━━━━━━━━━[0m [1m21s[0m 243ms/step - auc: 0.9791 - binary_accuracy: 0.9063 - loss: 0.2960
[1m 19/108[0m [32m━━━[0m[37m━━━━━━━━━━━━━━━━━[0m [1m21s[0m 243ms/step - auc: 0.9783 - binary_accuracy: 0.9067 - loss: 0.2952
[1m 20/108[0m [32m━━━[0m[37m━━━━━━━━━━━━━━━━━[0m [1m21s[0m 244ms/step - auc: 0.9774 - binary_accuracy: 0.9069 - loss: 0.2948
[1m 21/108[0m [32m━━━[0m[37m━━━━━━━━━━━━━━━━━[0m [1m21s[0m 244ms/step - auc: 0.9766 - binary_accuracy: 0.9071 - loss: 0.2945
[1m 22/108[0m [32m━━━━[0m[37m━━━━━━━━━━━━━━━━[0m [1m20s[0m 244ms/step - auc: 0.9759 - binary_accuracy: 0.9071 - loss: 0.2948
[1m 23/108[0m [32m━━━━[0m[37m━━━━━━━━━━━━━━━━[0m [1m20s[0m 244ms/step - auc: 0.9751 - binary_accuracy: 0.9072 - loss: 0.2954
[1m 24/108[0m [32m━━━━[0m[37m━━━━━━━━━━━━━━━━[0m [1m20s[0m 244ms/step - auc: 0.9746 - binary_accuracy: 0.9074 - loss: 0.2959
[1m 25/108[0m [32m━━━━[0m[37m━━━━━━━━━━━━━━━━[0m [1m20s[0m 244ms/step - auc: 0.9740 - binary_accuracy: 0.9074 - loss: 0.2963
[1m 26/108[0m [32m━━━━[0m[37m━━━━━━━━━━━━━━━━[0m [1m20s[0m 244ms/step - auc: 0.9734 - binary_accuracy: 0.9072 - loss: 0.2966
[1m 27/108[0m [32m━━━━━[0m[37m━━━━━━━━━━━━━━━[0m [1m19s[0m 245ms/step - auc: 0.9729 - binary_accuracy: 0.9068 - loss: 0.2971
[1m 28/108[0m [32m━━━━━[0m[37m━━━━━━━━━━━━━━━[0m [1m19s[0m 245ms/step - auc: 0.9724 - binary_accuracy: 0.9065 - loss: 0.2976
[1m 29/108[0m [32m━━━━━[0m[37m━━━━━━━━━━━━━━━[0m [1m19s[0m 245ms/step - auc: 0.9718 - binary_accuracy: 0.9061 - loss: 0.2986
[1m 30/108[0m [32m━━━━━[0m[37m━━━━━━━━━━━━━━━[0m [1m19s[0m 245ms/step - auc: 0.9710 - binary_accuracy: 0.9056 - loss: 0.2997
[1m 31/108[0m [32m━━━━━[0m[37m━━━━━━━━━━━━━━━[0m [1m18s[0m 245ms/step - auc: 0.9703 - binary_accuracy: 0.9048 - loss: 0.3010
[1m 32/108[0m [32m━━━━━[0m[37m━━━━━━━━━━━━━━━[0m [1m18s[0m 245ms/step - auc: 0.9695 - binary_accuracy: 0.9039 - loss: 0.3023
[1m 33/108[0m [32m━━━━━━[0m[37m━━━━━━━━━━━━━━[0m [1m18s[0m 245ms/step - auc: 0.9687 - binary_accuracy: 0.9031 - loss: 0.3037
[1m 34/108[0m [32m━━━━━━[0m[37m━━━━━━━━━━━━━━[0m [1m18s[0m 245ms/step - auc: 0.9679 - binary_accuracy: 0.9021 - loss: 0.3050
[1m 35/108[0m [32m━━━━━━[0m[37m━━━━━━━━━━━━━━[0m [1m17s[0m 246ms/step - auc: 0.9672 - binary_accuracy: 0.9013 - loss: 0.3061
[1m 36/108[0m [32m━━━━━━[0m[37m━━━━━━━━━━━━━━[0m [1m17s[0m 246ms/step - auc: 0.9664 - binary_accuracy: 0.9005 - loss: 0.3072
[1m 37/108[0m [32m━━━━━━[0m[37m━━━━━━━━━━━━━━[0m [1m17s[0m 246ms/step - auc: 0.9658 - binary_accuracy: 0.8997 - loss: 0.3081
[1m 38/108[0m [32m━━━━━━━[0m[37m━━━━━━━━━━━━━[0m [1m17s[0m 246ms/step - auc: 0.9652 - binary_accuracy: 0.8990 - loss: 0.3089
[1m 39/108[0m [32m━━━━━━━[0m[37m━━━━━━━━━━━━━[0m [1m16s[0m 246ms/step - auc: 0.9647 - binary_accuracy: 0.8984 - loss: 0.3098
[1m 40/108[0m [32m━━━━━━━[0m[37m━━━━━━━━━━━━━[0m [1m16s[0m 246ms/step - auc: 0.9641 - binary_accuracy: 0.8978 - loss: 0.3105
[1m 41/108[0m [32m━━━━━━━[0m[37m━━━━━━━━━━━━━[0m [1m16s[0m 246ms/step - auc: 0.9636 - binary_accuracy: 0.8972 - loss: 0.3113
[1m 42/108[0m [32m━━━━━━━[0m[37m━━━━━━━━━━━━━[0m [1m16s[0m 246ms/step - auc: 0.9630 - binary_accuracy: 0.8966 - loss: 0.3122
[1m 43/108[0m [32m━━━━━━━[0m[37m━━━━━━━━━━━━━[0m [1m16s[0m 246ms/step - auc: 0.9625 - binary_accuracy: 0.8960 - loss: 0.3131
[1m 44/108[0m [32m━━━━━━━━[0m[37m━━━━━━━━━━━━[0m [1m15s[0m 246ms/step - auc: 0.9619 - binary_accuracy: 0.8954 - loss: 0.3141
[1m 45/108[0m [32m━━━━━━━━[0m[37m━━━━━━━━━━━━[0m [1m15s[0m 246ms/step - auc: 0.9614 - binary_accuracy: 0.8948 - loss: 0.3149
[1m 46/108[0m [32m━━━━━━━━[0m[37m━━━━━━━━━━━━[0m [1m15s[0m 246ms/step - auc: 0.9608 - binary_accuracy: 0.8943 - loss: 0.3158
[1m 47/108[0m [32m━━━━━━━━[0m[37m━━━━━━━━━━━━[0m [1m15s[0m 247ms/step - auc: 0.9603 - binary_accuracy: 0.8938 - loss: 0.3167
[1m 48/108[0m [32m━━━━━━━━[0m[37m━━━━━━━━━━━━[0m [1m14s[0m 247ms/step - auc: 0.9598 - binary_accuracy: 0.8932 - loss: 0.3175
[1m 49/108[0m [32m━━━━━━━━━[0m[37m━━━━━━━━━━━[0m [1m14s[0m 247ms/step - auc: 0.9594 - binary_accuracy: 0.8927 - loss: 0.3182
[1m 50/108[0m [32m━━━━━━━━━[0m[37m━━━━━━━━━━━[0m [1m14s[0m 247ms/step - auc: 0.9589 - binary_accuracy: 0.8921 - loss: 0.3190
[1m 51/108[0m [32m━━━━━━━━━[0m[37m━━━━━━━━━━━[0m [1m14s[0m 247ms/step - auc: 0.9585 - binary_accuracy: 0.8916 - loss: 0.3197
[1m 52/108[0m [32m━━━━━━━━━[0m[37m━━━━━━━━━━━[0m [1m13s[0m 247ms/step - auc: 0.9581 - binary_accuracy: 0.8910 - loss: 0.3203
[1m 53/108[0m [32m━━━━━━━━━[0m[37m━━━━━━━━━━━[0m [1m13s[0m 247ms/step - auc: 0.9577 - binary_accuracy: 0.8905 - loss: 0.3209
[1m 54/108[0m [32m━━━━━━━━━━[0m[37m━━━━━━━━━━[0m [1m13s[0m 247ms/step - auc: 0.9574 - binary_accuracy: 0.8900 - loss: 0.3215
[1m 55/108[0m [32m━━━━━━━━━━[0m[37m━━━━━━━━━━[0m [1m13s[0m 247ms/step - auc: 0.9571 - binary_accuracy: 0.8896 - loss: 0.3220
[1m 56/108[0m [32m━━━━━━━━━━[0m[37m━━━━━━━━━━[0m [1m12s[0m 247ms/step - auc: 0.9568 - binary_accuracy: 0.8892 - loss: 0.3225
[1m 57/108[0m [32m━━━━━━━━━━[0m[37m━━━━━━━━━━[0m [1m12s[0m 247ms/step - auc: 0.9565 - binary_accuracy: 0.8888 - loss: 0.3229
[1m 58/108[0m [32m━━━━━━━━━━[0m[37m━━━━━━━━━━[0m [1m12s[0m 247ms/step - auc: 0.9562 - binary_accuracy: 0.8884 - loss: 0.3233
[1m 59/108[0m [32m━━━━━━━━━━[0m[37m━━━━━━━━━━[0m [1m12s[0m 247ms/step - auc: 0.9559 - binary_accuracy: 0.8880 - loss: 0.3237
[1m 60/108[0m [32m━━━━━━━━━━━[0m[37m━━━━━━━━━[0m [1m11s[0m 247ms/step - auc: 0.9556 - binary_accuracy: 0.8877 - loss: 0.3240
[1m 61/108[0m [32m━━━━━━━━━━━[0m[37m━━━━━━━━━[0m [1m11s[0m 247ms/step - auc: 0.9554 - binary_accuracy: 0.8874 - loss: 0.3244
[1m 62/108[0m [32m━━━━━━━━━━━[0m[37m━━━━━━━━━[0m [1m11s[0m 247ms/step - auc: 0.9550 - binary_accuracy: 0.8872 - loss: 0.3249
[1m 63/108[0m [32m━━━━━━━━━━━[0m[37m━━━━━━━━━[0m [1m11s[0m 248ms/step - auc: 0.9547 - binary_accuracy: 0.8869 - loss: 0.3254
[1m 64/108[0m [32m━━━━━━━━━━━[0m[37m━━━━━━━━━[0m [1m10s[0m 248ms/step - auc: 0.9544 - binary_accuracy: 0.8866 - loss: 0.3259
[1m 65/108[0m [32m━━━━━━━━━━━━[0m[37m━━━━━━━━[0m [1m10s[0m 248ms/step - auc: 0.9541 - binary_accuracy: 0.8864 - loss: 0.3265
[1m 66/108[0m [32m━━━━━━━━━━━━[0m[37m━━━━━━━━[0m [1m10s[0m 248ms/step - auc: 0.9538 - binary_accuracy: 0.8862 - loss: 0.3271
[1m 67/108[0m [32m━━━━━━━━━━━━[0m[37m━━━━━━━━[0m [1m10s[0m 248ms/step - auc: 0.9535 - binary_accuracy: 0.8859 - loss: 0.3277
[1m 68/108[0m [32m━━━━━━━━━━━━[0m[37m━━━━━━━━[0m [1m9s[0m 248ms/step - auc: 0.9533 - binary_accuracy: 0.8856 - loss: 0.3282 
[1m 69/108[0m [32m━━━━━━━━━━━━[0m[37m━━━━━━━━[0m [1m9s[0m 248ms/step - auc: 0.9529 - binary_accuracy: 0.8852 - loss: 0.3288
[1m 70/108[0m [32m━━━━━━━━━━━━[0m[37m━━━━━━━━[0m [1m9s[0m 248ms/step - auc: 0.9526 - binary_accuracy: 0.8848 - loss: 0.3294
[1m 71/108[0m [32m━━━━━━━━━━━━━[0m[37m━━━━━━━[0m [1m9s[0m 248ms/step - auc: 0.9524 - binary_accuracy: 0.8844 - loss: 0.3299
[1m 72/108[0m [32m━━━━━━━━━━━━━[0m[37m━━━━━━━[0m [1m8s[0m 248ms/step - auc: 0.9521 - binary_accuracy: 0.8841 - loss: 0.3305
[1m 73/108[0m [32m━━━━━━━━━━━━━[0m[37m━━━━━━━[0m [1m8s[0m 248ms/step - auc: 0.9519 - binary_accuracy: 0.8837 - loss: 0.3310
[1m 74/108[0m [32m━━━━━━━━━━━━━[0m[37m━━━━━━━[0m [1m8s[0m 248ms/step - auc: 0.9516 - binary_accuracy: 0.8833 - loss: 0.3314
[1m 75/108[0m [32m━━━━━━━━━━━━━[0m[37m━━━━━━━[0m [1m8s[0m 249ms/step - auc: 0.9514 - binary_accuracy: 0.8830 - loss: 0.3319
[1m 76/108[0m [32m━━━━━━━━━━━━━━[0m[37m━━━━━━[0m [1m7s[0m 249ms/step - auc: 0.9512 - binary_accuracy: 0.8826 - loss: 0.3323
[1m 77/108[0m [32m━━━━━━━━━━━━━━[0m[37m━━━━━━[0m [1m7s[0m 249ms/step - auc: 0.9510 - binary_accuracy: 0.8823 - loss: 0.3327
[1m 78/108[0m [32m━━━━━━━━━━━━━━[0m[37m━━━━━━[0m [1m7s[0m 249ms/step - auc: 0.9509 - binary_accuracy: 0.8820 - loss: 0.3331
[1m 79/108[0m [32m━━━━━━━━━━━━━━[0m[37m━━━━━━[0m [1m7s[0m 249ms/step - auc: 0.9507 - binary_accuracy: 0.8817 - loss: 0.3334
[1m 80/108[0m [32m━━━━━━━━━━━━━━[0m[37m━━━━━━[0m [1m6s[0m 249ms/step - auc: 0.9505 - binary_accuracy: 0.8814 - loss: 0.3338
[1m 81/108[0m [32m━━━━━━━━━━━━━━━[0m[37m━━━━━[0m [1m6s[0m 249ms/step - auc: 0.9503 - binary_accuracy: 0.8812 - loss: 0.3342
[1m 82/108[0m [32m━━━━━━━━━━━━━━━[0m[37m━━━━━[0m [1m6s[0m 249ms/step - auc: 0.9502 - binary_accuracy: 0.8809 - loss: 0.3346
[1m 83/108[0m [32m━━━━━━━━━━━━━━━[0m[37m━━━━━[0m [1m6s[0m 249ms/step - auc: 0.9500 - binary_accuracy: 0.8806 - loss: 0.3350
[1m 84/108[0m [32m━━━━━━━━━━━━━━━[0m[37m━━━━━[0m [1m5s[0m 249ms/step - auc: 0.9498 - binary_accuracy: 0.8803 - loss: 0.3353
[1m 85/108[0m [32m━━━━━━━━━━━━━━━[0m[37m━━━━━[0m [1m5s[0m 249ms/step - auc: 0.9496 - binary_accuracy: 0.8801 - loss: 0.3357
[1m 86/108[0m [32m━━━━━━━━━━━━━━━[0m[37m━━━━━[0m [1m5s[0m 249ms/step - auc: 0.9495 - binary_accuracy: 0.8798 - loss: 0.3361
[1m 87/108[0m [32m━━━━━━━━━━━━━━━━[0m[37m━━━━[0m [1m5s[0m 249ms/step - auc: 0.9493 - binary_accuracy: 0.8795 - loss: 0.3365
[1m 88/108[0m [32m━━━━━━━━━━━━━━━━[0m[37m━━━━[0m [1m4s[0m 249ms/step - auc: 0.9492 - binary_accuracy: 0.8792 - loss: 0.3369
[1m 89/108[0m [32m━━━━━━━━━━━━━━━━[0m[37m━━━━[0m [1m4s[0m 249ms/step - auc: 0.9490 - binary_accuracy: 0.8790 - loss: 0.3372
[1m 90/108[0m [32m━━━━━━━━━━━━━━━━[0m[37m━━━━[0m [1m4s[0m 249ms/step - auc: 0.9489 - binary_accuracy: 0.8787 - loss: 0.3376
[1m 91/108[0m [32m━━━━━━━━━━━━━━━━[0m[37m━━━━[0m [1m4s[0m 249ms/step - auc: 0.9487 - binary_accuracy: 0.8784 - loss: 0.3379
[1m 92/108[0m [32m━━━━━━━━━━━━━━━━━[0m[37m━━━[0m [1m3s[0m 249ms/step - auc: 0.9486 - binary_accuracy: 0.8781 - loss: 0.3383
[1m 93/108[0m [32m━━━━━━━━━━━━━━━━━[0m[37m━━━[0m [1m3s[0m 249ms/step - auc: 0.9485 - binary_accuracy: 0.8778 - loss: 0.3386
[1m 94/108[0m [32m━━━━━━━━━━━━━━━━━[0m[37m━━━[0m [1m3s[0m 249ms/step - auc: 0.9483 - binary_accuracy: 0.8775 - loss: 0.3389
[1m 95/108[0m [32m━━━━━━━━━━━━━━━━━[0m[37m━━━[0m [1m3s[0m 249ms/step - auc: 0.9482 - binary_accuracy: 0.8772 - loss: 0.3393
[1m 96/108[0m [32m━━━━━━━━━━━━━━━━━[0m[37m━━━[0m [1m2s[0m 249ms/step - auc: 0.9481 - binary_accuracy: 0.8770 - loss: 0.3396
[1m 97/108[0m [32m━━━━━━━━━━━━━━━━━[0m[37m━━━[0m [1m2s[0m 249ms/step - auc: 0.9480 - binary_accuracy: 0.8767 - loss: 0.3399
[1m 98/108[0m [32m━━━━━━━━━━━━━━━━━━[0m[37m━━[0m [1m2s[0m 249ms/step - auc: 0.9479 - binary_accuracy: 0.8765 - loss: 0.3401
[1m 99/108[0m [32m━━━━━━━━━━━━━━━━━━[0m[37m━━[0m [1m2s[0m 249ms/step - auc: 0.9477 - binary_accuracy: 0.8762 - loss: 0.3404
[1m100/108[0m [32m━━━━━━━━━━━━━━━━━━[0m[37m━━[0m [1m1s[0m 249ms/step - auc: 0.9476 - binary_accuracy: 0.8760 - loss: 0.3407
[1m101/108[0m [32m━━━━━━━━━━━━━━━━━━[0m[37m━━[0m [1m1s[0m 249ms/step - auc: 0.9475 - binary_accuracy: 0.8757 - loss: 0.3409
[1m102/108[0m [32m━━━━━━━━━━━━━━━━━━[0m[37m━━[0m [1m1s[0m 249ms/step - auc: 0.9474 - binary_accuracy: 0.8755 - loss: 0.3411
[1m103/108[0m [32m━━━━━━━━━━━━━━━━━━━[0m[37m━[0m [1m1s[0m 249ms/step - auc: 0.9473 - binary_accuracy: 0.8753 - loss: 0.3414
[1m104/108[0m [32m━━━━━━━━━━━━━━━━━━━[0m[37m━[0m [1m0s[0m 249ms/step - auc: 0.9472 - binary_accuracy: 0.8751 - loss: 0.3415
[1m105/108[0m [32m━━━━━━━━━━━━━━━━━━━[0m[37m━[0m [1m0s[0m 249ms/step - auc: 0.9471 - binary_accuracy: 0.8749 - loss: 0.3418
[1m106/108[0m [32m━━━━━━━━━━━━━━━━━━━[0m[37m━[0m [1m0s[0m 249ms/step - auc: 0.9471 - binary_accuracy: 0.8747 - loss: 0.3420
[1m107/108[0m [32m━━━━━━━━━━━━━━━━━━━[0m[37m━[0m [1m0s[0m 249ms/step - auc: 0.9470 - binary_accuracy: 0.8746 - loss: 0.3422
[1m108/108[0m [32m━━━━━━━━━━━━━━━━━━━━[0m[37m[0m [1m0s[0m 248ms/step - auc: 0.9469 - binary_accuracy: 0.8744 - loss: 0.3423transfer phase-a: epoch 2/8 done in 33.3s loss=0.3621 auc=0.9377 val_loss=0.2434 val_auc=0.9688

[1m108/108[0m [32m━━━━━━━━━━━━━━━━━━━━[0m[37m[0m [1m33s[0m 307ms/step - auc: 0.9377 - binary_accuracy: 0.8573 - loss: 0.3621 - val_auc: 0.9688 - val_binary_accuracy: 0.9341 - val_loss: 0.2434
transfer phase-a: epoch 3/8 start
Epoch 3/3

[1m  1/108[0m [37m━━━━━━━━━━━━━━━━━━━━[0m [1m48s[0m 456ms/step - auc: 0.9704 - binary_accuracy: 0.9062 - loss: 0.4312
[1m  2/108[0m [37m━━━━━━━━━━━━━━━━━━━━[0m [1m26s[0m 248ms/step - auc: 0.9771 - binary_accuracy: 0.9141 - loss: 0.3790
[1m  3/108[0m [37m━━━━━━━━━━━━━━━━━━━━[0m [1m26s[0m 250ms/step - auc: 0.9790 - binary_accuracy: 0.9149 - loss: 0.3524
[1m  4/108[0m [37m━━━━━━━━━━━━━━━━━━━━[0m [1m25s[0m 249ms/step - auc: 0.9803 - binary_accuracy: 0.9167 - loss: 0.3339
[1m  5/108[0m [37m━━━━━━━━━━━━━━━━━━━━[0m [1m25s[0m 250ms/step - auc: 0.9818 - binary_accuracy: 0.9183 - loss: 0.3177
[1m  6/108[0m [32m━[0m[37m━━━━━━━━━━━━━━━━━━━[0m [1m25s[0m 249ms/step - auc: 0.9820 - binary_accuracy: 0.9155 - loss: 0.3073
[1m  7/108[0m [32m━[0m[37m━━━━━━━━━━━━━━━━━━━[0m [1m25s[0m 249ms/step - auc: 0.9821 - binary_accuracy: 0.9135 - loss: 0.2984
[1m  8/108[0m [32m━[0m[37m━━━━━━━━━━━━━━━━━━━[0m [1m24s[0m 249ms/step - auc: 0.9824 - binary_accuracy: 0.9121 - loss: 0.2918
[1m  9/108[0m [32m━[0m[37m━━━━━━━━━━━━━━━━━━━[0m [1m24s[0m 249ms/step - auc: 0.9828 - binary_accuracy: 0.9115 - loss: 0.2860
[1m 10/108[0m [32m━[0m[37m━━━━━━━━━━━━━━━━━━━[0m [1m24s[0m 249ms/step - auc: 0.9830 - binary_accuracy: 0.9109 - loss: 0.2812
[1m 11/108[0m [32m━━[0m[37m━━━━━━━━━━━━━━━━━━[0m [1m24s[0m 249ms/step - auc: 0.9828 - binary_accuracy: 0.9105 - loss: 0.2783
[1m 12/108[0m [32m━━[0m[37m━━━━━━━━━━━━━━━━━━[0m [1m23s[0m 249ms/step - auc: 0.9827 - binary_accuracy: 0.9104 - loss: 0.2750
[1m 13/108[0m [32m━━[0m[37m━━━━━━━━━━━━━━━━━━[0m [1m23s[0m 250ms/step - auc: 0.9809 - binary_accuracy: 0.9099 - loss: 0.2770
[1m 14/108[0m [32m━━[0m[37m━━━━━━━━━━━━━━━━━━[0m [1m23s[0m 250ms/step - auc: 0.9795 - binary_accuracy: 0.9096 - loss: 0.2782
[1m 15/108[0m [32m━━[0m[37m━━━━━━━━━━━━━━━━━━[0m [1m23s[0m 250ms/step - auc: 0.9783 - binary_accuracy: 0.9092 - loss: 0.2787
[1m 16/108[0m [32m━━[0m[37m━━━━━━━━━━━━━━━━━━[0m [1m23s[0m 250ms/step - auc: 0.9772 - binary_accuracy: 0.9087 - loss: 0.2791
[1m 17/108[0m [32m━━━[0m[37m━━━━━━━━━━━━━━━━━[0m [1m22s[0m 250ms/step - auc: 0.9762 - binary_accuracy: 0.9081 - loss: 0.2792
[1m 18/108[0m [32m━━━[0m[37m━━━━━━━━━━━━━━━━━[0m [1m22s[0m 251ms/step - auc: 0.9753 - binary_accuracy: 0.9076 - loss: 0.2789
[1m 19/108[0m [32m━━━[0m[37m━━━━━━━━━━━━━━━━━[0m [1m22s[0m 251ms/step - auc: 0.9747 - binary_accuracy: 0.9075 - loss: 0.2782
[1m 20/108[0m [32m━━━[0m[37m━━━━━━━━━━━━━━━━━[0m [1m22s[0m 251ms/step - auc: 0.9741 - binary_accuracy: 0.9074 - loss: 0.2777
[1m 21/108[0m [32m━━━[0m[37m━━━━━━━━━━━━━━━━━[0m [1m21s[0m 251ms/step - auc: 0.9736 - binary_accuracy: 0.9074 - loss: 0.2774
[1m 22/108[0m [32m━━━━[0m[37m━━━━━━━━━━━━━━━━[0m [1m21s[0m 251ms/step - auc: 0.9731 - binary_accuracy: 0.9072 - loss: 0.2775
[1m 23/108[0m [32m━━━━[0m[37m━━━━━━━━━━━━━━━━[0m [1m21s[0m 251ms/step - auc: 0.9728 - binary_accuracy: 0.9072 - loss: 0.2776
[1m 24/108[0m [32m━━━━[0m[37m━━━━━━━━━━━━━━━━[0m [1m21s[0m 251ms/step - auc: 0.9725 - binary_accuracy: 0.9072 - loss: 0.2779
[1m 25/108[0m [32m━━━━[0m[37m━━━━━━━━━━━━━━━━[0m [1m20s[0m 251ms/step - auc: 0.9722 - binary_accuracy: 0.9071 - loss: 0.2780
[1m 26/108[0m [32m━━━━[0m[37m━━━━━━━━━━━━━━━━[0m [1m20s[0m 251ms/step - auc: 0.9719 - binary_accuracy: 0.9070 - loss: 0.2780
[1m 27/108[0m [32m━━━━━[0m[37m━━━━━━━━━━━━━━━[0m [1m20s[0m 252ms/step - auc: 0.9717 - binary_accuracy: 0.9068 - loss: 0.2783
[1m 28/108[0m [32m━━━━━[0m[37m━━━━━━━━━━━━━━━[0m [1m20s[0m 252ms/step - auc: 0.9715 - binary_accuracy: 0.9065 - loss: 0.2787
[1m 29/108[0m [32m━━━━━[0m[37m━━━━━━━━━━━━━━━[0m [1m19s[0m 252ms/step - auc: 0.9712 - binary_accuracy: 0.9060 - loss: 0.2792
[1m 30/108[0m [32m━━━━━[0m[37m━━━━━━━━━━━━━━━[0m [1m19s[0m 252ms/step - auc: 0.9709 - binary_accuracy: 0.9055 - loss: 0.2800
[1m 31/108[0m [32m━━━━━[0m[37m━━━━━━━━━━━━━━━[0m [1m19s[0m 252ms/step - auc: 0.9705 - binary_accuracy: 0.9049 - loss: 0.2809
[1m 32/108[0m [32m━━━━━[0m[37m━━━━━━━━━━━━━━━[0m [1m19s[0m 252ms/step - auc: 0.9701 - binary_accuracy: 0.9041 - loss: 0.2819
[1m 33/108[0m [32m━━━━━━[0m[37m━━━━━━━━━━━━━━[0m [1m18s[0m 252ms/step - auc: 0.9697 - binary_accuracy: 0.9033 - loss: 0.2828
[1m 34/108[0m [32m━━━━━━[0m[37m━━━━━━━━━━━━━━[0m [1m18s[0m 252ms/step - auc: 0.9693 - binary_accuracy: 0.9025 - loss: 0.2837
[1m 35/108[0m [32m━━━━━━[0m[37m━━━━━━━━━━━━━━[0m [1m18s[0m 252ms/step - auc: 0.9690 - binary_accuracy: 0.9018 - loss: 0.2844
[1m 36/108[0m [32m━━━━━━[0m[37m━━━━━━━━━━━━━━[0m [1m18s[0m 252ms/step - auc: 0.9687 - binary_accuracy: 0.9012 - loss: 0.2850
[1m 37/108[0m [32m━━━━━━[0m[37m━━━━━━━━━━━━━━[0m [1m17s[0m 252ms/step - auc: 0.9684 - binary_accuracy: 0.9005 - loss: 0.2856
[1m 38/108[0m [32m━━━━━━━[0m[37m━━━━━━━━━━━━━[0m [1m17s[0m 252ms/step - auc: 0.9681 - binary_accuracy: 0.8999 - loss: 0.2861
[1m 39/108[0m [32m━━━━━━━[0m[37m━━━━━━━━━━━━━[0m [1m17s[0m 252ms/step - auc: 0.9679 - binary_accuracy: 0.8993 - loss: 0.2866
[1m 40/108[0m [32m━━━━━━━[0m[37m━━━━━━━━━━━━━[0m [1m17s[0m 252ms/step - auc: 0.9677 - binary_accuracy: 0.8989 - loss: 0.2870
[1m 41/108[0m [32m━━━━━━━[0m[37m━━━━━━━━━━━━━[0m [1m16s[0m 252ms/step - auc: 0.9675 - binary_accuracy: 0.8984 - loss: 0.2873
[1m 42/108[0m [32m━━━━━━━[0m[37m━━━━━━━━━━━━━[0m [1m16s[0m 252ms/step - auc: 0.9673 - binary_accuracy: 0.8980 - loss: 0.2878
[1m 43/108[0m [32m━━━━━━━[0m[37m━━━━━━━━━━━━━[0m [1m16s[0m 252ms/step - auc: 0.9671 - binary_accuracy: 0.8976 - loss: 0.2882
[1m 44/108[0m [32m━━━━━━━━[0m[37m━━━━━━━━━━━━[0m [1m16s[0m 252ms/step - auc: 0.9669 - binary_accuracy: 0.8973 - loss: 0.2888
[1m 45/108[0m [32m━━━━━━━━[0m[37m━━━━━━━━━━━━[0m [1m15s[0m 252ms/step - auc: 0.9666 - binary_accuracy: 0.8969 - loss: 0.2893
[1m 46/108[0m [32m━━━━━━━━[0m[37m━━━━━━━━━━━━[0m [1m15s[0m 252ms/step - auc: 0.9664 - binary_accuracy: 0.8966 - loss: 0.2899
[1m 47/108[0m [32m━━━━━━━━[0m[37m━━━━━━━━━━━━[0m [1m15s[0m 252ms/step - auc: 0.9662 - binary_accuracy: 0.8963 - loss: 0.2904
[1m 48/108[0m [32m━━━━━━━━[0m[37m━━━━━━━━━━━━[0m [1m15s[0m 252ms/step - auc: 0.9659 - binary_accuracy: 0.8959 - loss: 0.2909
[1m 49/108[0m [32m━━━━━━━━━[0m[37m━━━━━━━━━━━[0m [1m14s[0m 252ms/step - auc: 0.9658 - binary_accuracy: 0.8956 - loss: 0.2914
[1m 50/108[0m [32m━━━━━━━━━[0m[37m━━━━━━━━━━━[0m [1m14s[0m 252ms/step - auc: 0.9655 - binary_accuracy: 0.8952 - loss: 0.2919
[1m 51/108[0m [32m━━━━━━━━━[0m[37m━━━━━━━━━━━[0m [1m14s[0m 252ms/step - auc: 0.9653 - binary_accuracy: 0.8947 - loss: 0.2924
[1m 52/108[0m [32m━━━━━━━━━[0m[37m━━━━━━━━━━━[0m [1m14s[0m 252ms/step - auc: 0.9651 - binary_accuracy: 0.8942 - loss: 0.2928
[1m 53/108[0m [32m━━━━━━━━━[0m[37m━━━━━━━━━━━[0m [1m13s[0m 253ms/step - auc: 0.9649 - binary_accuracy: 0.8938 - loss: 0.2933
[1m 54/108[0m [32m━━━━━━━━━━[0m[37m━━━━━━━━━━[0m [1m13s[0m 253ms/step - auc: 0.9647 - binary_accuracy: 0.8933 - loss: 0.2938
[1m 55/108[0m [32m━━━━━━━━━━[0m[37m━━━━━━━━━━[0m [1m13s[0m 253ms/step - auc: 0.9645 - binary_accuracy: 0.8929 - loss: 0.2942
[1m 56/108[0m [32m━━━━━━━━━━[0m[37m━━━━━━━━━━[0m [1m13s[0m 253ms/step - auc: 0.9644 - binary_accuracy: 0.8925 - loss: 0.2945
[1m 57/108[0m [32m━━━━━━━━━━[0m[37m━━━━━━━━━━[0m [1m12s[0m 253ms/step - auc: 0.9642 - binary_accuracy: 0.8921 - loss: 0.2948
[1m 58/108[0m [32m━━━━━━━━━━[0m[37m━━━━━━━━━━[0m [1m12s[0m 253ms/step - auc: 0.9641 - binary_accuracy: 0.8917 - loss: 0.2951
[1m 59/108[0m [32m━━━━━━━━━━[0m[37m━━━━━━━━━━[0m [1m12s[0m 253ms/step - auc: 0.9639 - binary_accuracy: 0.8914 - loss: 0.2954
[1m 60/108[0m [32m━━━━━━━━━━━[0m[37m━━━━━━━━━[0m [1m12s[0m 253ms/step - auc: 0.9637 - binary_accuracy: 0.8910 - loss: 0.2957
[1m 61/108[0m [32m━━━━━━━━━━━[0m[37m━━━━━━━━━[0m [1m11s[0m 253ms/step - auc: 0.9636 - binary_accuracy: 0.8908 - loss: 0.2960
[1m 62/108[0m [32m━━━━━━━━━━━[0m[37m━━━━━━━━━[0m [1m11s[0m 253ms/step - auc: 0.9634 - binary_accuracy: 0.8905 - loss: 0.2964
[1m 63/108[0m [32m━━━━━━━━━━━[0m[37m━━━━━━━━━[0m [1m11s[0m 253ms/step - auc: 0.9633 - binary_accuracy: 0.8903 - loss: 0.2967
[1m 64/108[0m [32m━━━━━━━━━━━[0m[37m━━━━━━━━━[0m [1m11s[0m 253ms/step - auc: 0.9631 - binary_accuracy: 0.8901 - loss: 0.2970
[1m 65/108[0m [32m━━━━━━━━━━━━[0m[37m━━━━━━━━[0m [1m10s[0m 253ms/step - auc: 0.9630 - binary_accuracy: 0.8899 - loss: 0.2974
[1m 66/108[0m [32m━━━━━━━━━━━━[0m[37m━━━━━━━━[0m [1m10s[0m 253ms/step - auc: 0.9629 - binary_accuracy: 0.8897 - loss: 0.2977
[1m 67/108[0m [32m━━━━━━━━━━━━[0m[37m━━━━━━━━[0m [1m10s[0m 253ms/step - auc: 0.9627 - binary_accuracy: 0.8895 - loss: 0.2980
[1m 68/108[0m [32m━━━━━━━━━━━━[0m[37m━━━━━━━━[0m [1m10s[0m 253ms/step - auc: 0.9626 - binary_accuracy: 0.8893 - loss: 0.2984
[1m 69/108[0m [32m━━━━━━━━━━━━[0m[37m━━━━━━━━[0m [1m9s[0m 253ms/step - auc: 0.9625 - binary_accuracy: 0.8891 - loss: 0.2987 
[1m 70/108[0m [32m━━━━━━━━━━━━[0m[37m━━━━━━━━[0m [1m9s[0m 253ms/step - auc: 0.9624 - binary_accuracy: 0.8889 - loss: 0.2990
[1m 71/108[0m [32m━━━━━━━━━━━━━[0m[37m━━━━━━━[0m [1m9s[0m 253ms/step - auc: 0.9622 - binary_accuracy: 0.8887 - loss: 0.2994
[1m 72/108[0m [32m━━━━━━━━━━━━━[0m[37m━━━━━━━[0m [1m9s[0m 253ms/step - auc: 0.9621 - binary_accuracy: 0.8885 - loss: 0.2997
[1m 73/108[0m [32m━━━━━━━━━━━━━[0m[37m━━━━━━━[0m [1m8s[0m 254ms/step - auc: 0.9620 - binary_accuracy: 0.8882 - loss: 0.3000
[1m 74/108[0m [32m━━━━━━━━━━━━━[0m[37m━━━━━━━[0m [1m8s[0m 254ms/step - auc: 0.9619 - binary_accuracy: 0.8881 - loss: 0.3003
[1m 75/108[0m [32m━━━━━━━━━━━━━[0m[37m━━━━━━━[0m [1m8s[0m 254ms/step - auc: 0.9619 - binary_accuracy: 0.8879 - loss: 0.3006
[1m 76/108[0m [32m━━━━━━━━━━━━━━[0m[37m━━━━━━[0m [1m8s[0m 254ms/step - auc: 0.9618 - binary_accuracy: 0.8877 - loss: 0.3008
[1m 77/108[0m [32m━━━━━━━━━━━━━━[0m[37m━━━━━━[0m [1m7s[0m 254ms/step - auc: 0.9617 - binary_accuracy: 0.8875 - loss: 0.3011
[1m 78/108[0m [32m━━━━━━━━━━━━━━[0m[37m━━━━━━[0m [1m7s[0m 254ms/step - auc: 0.9616 - binary_accuracy: 0.8873 - loss: 0.3013
[1m 79/108[0m [32m━━━━━━━━━━━━━━[0m[37m━━━━━━[0m [1m7s[0m 254ms/step - auc: 0.9615 - binary_accuracy: 0.8871 - loss: 0.3016
[1m 80/108[0m [32m━━━━━━━━━━━━━━[0m[37m━━━━━━[0m [1m7s[0m 254ms/step - auc: 0.9615 - binary_accuracy: 0.8869 - loss: 0.3018
[1m 81/108[0m [32m━━━━━━━━━━━━━━━[0m[37m━━━━━[0m [1m6s[0m 254ms/step - auc: 0.9614 - binary_accuracy: 0.8867 - loss: 0.3020
[1m 82/108[0m [32m━━━━━━━━━━━━━━━[0m[37m━━━━━[0m [1m6s[0m 254ms/step - auc: 0.9614 - binary_accuracy: 0.8866 - loss: 0.3022
[1m 83/108[0m [32m━━━━━━━━━━━━━━━[0m[37m━━━━━[0m [1m6s[0m 254ms/step - auc: 0.9613 - binary_accuracy: 0.8864 - loss: 0.3024
[1m 84/108[0m [32m━━━━━━━━━━━━━━━[0m[37m━━━━━[0m [1m6s[0m 254ms/step - auc: 0.9613 - binary_accuracy: 0.8863 - loss: 0.3025
[1m 85/108[0m [32m━━━━━━━━━━━━━━━[0m[37m━━━━━[0m [1m5s[0m 254ms/step - auc: 0.9612 - binary_accuracy: 0.8862 - loss: 0.3027
[1m 86/108[0m [32m━━━━━━━━━━━━━━━[0m[37m━━━━━[0m [1m5s[0m 254ms/step - auc: 0.9612 - binary_accuracy: 0.8860 - loss: 0.3030
[1m 87/108[0m [32m━━━━━━━━━━━━━━━━[0m[37m━━━━[0m [1m5s[0m 254ms/step - auc: 0.9611 - binary_accuracy: 0.8859 - loss: 0.3032
[1m 88/108[0m [32m━━━━━━━━━━━━━━━━[0m[37m━━━━[0m [1m5s[0m 254ms/step - auc: 0.9611 - binary_accuracy: 0.8858 - loss: 0.3034
[1m 89/108[0m [32m━━━━━━━━━━━━━━━━[0m[37m━━━━[0m [1m4s[0m 254ms/step - auc: 0.9610 - binary_accuracy: 0.8857 - loss: 0.3037
[1m 90/108[0m [32m━━━━━━━━━━━━━━━━[0m[37m━━━━[0m [1m4s[0m 254ms/step - auc: 0.9610 - binary_accuracy: 0.8855 - loss: 0.3039
[1m 91/108[0m [32m━━━━━━━━━━━━━━━━[0m[37m━━━━[0m [1m4s[0m 254ms/step - auc: 0.9609 - binary_accuracy: 0.8854 - loss: 0.3041
[1m 92/108[0m [32m━━━━━━━━━━━━━━━━━[0m[37m━━━[0m [1m4s[0m 254ms/step - auc: 0.9609 - binary_accuracy: 0.8852 - loss: 0.3043
[1m 93/108[0m [32m━━━━━━━━━━━━━━━━━[0m[37m━━━[0m [1m3s[0m 254ms/step - auc: 0.9608 - binary_accuracy: 0.8851 - loss: 0.3045
[1m 94/108[0m [32m━━━━━━━━━━━━━━━━━[0m[37m━━━[0m [1m3s[0m 254ms/step - auc: 0.9608 - binary_accuracy: 0.8849 - loss: 0.3048
[1m 95/108[0m [32m━━━━━━━━━━━━━━━━━[0m[37m━━━[0m [1m3s[0m 253ms/step - auc: 0.9607 - binary_accuracy: 0.8848 - loss: 0.3050
[1m 96/108[0m [32m━━━━━━━━━━━━━━━━━[0m[37m━━━[0m [1m3s[0m 253ms/step - auc: 0.9607 - binary_accuracy: 0.8847 - loss: 0.3051
[1m 97/108[0m [32m━━━━━━━━━━━━━━━━━[0m[37m━━━[0m [1m2s[0m 253ms/step - auc: 0.9606 - binary_accuracy: 0.8846 - loss: 0.3053
[1m 98/108[0m [32m━━━━━━━━━━━━━━━━━━[0m[37m━━[0m [1m2s[0m 253ms/step - auc: 0.9606 - binary_accuracy: 0.8844 - loss: 0.3055
[1m 99/108[0m [32m━━━━━━━━━━━━━━━━━━[0m[37m━━[0m [1m2s[0m 253ms/step - auc: 0.9606 - binary_accuracy: 0.8843 - loss: 0.3056
[1m100/108[0m [32m━━━━━━━━━━━━━━━━━━[0m[37m━━[0m [1m2s[0m 253ms/step - auc: 0.9605 - binary_accuracy: 0.8842 - loss: 0.3058
[1m101/108[0m [32m━━━━━━━━━━━━━━━━━━[0m[37m━━[0m [1m1s[0m 253ms/step - auc: 0.9605 - binary_accuracy: 0.8841 - loss: 0.3059
[1m102/108[0m [32m━━━━━━━━━━━━━━━━━━[0m[37m━━[0m [1m1s[0m 253ms/step - auc: 0.9605 - binary_accuracy: 0.8839 - loss: 0.3061
[1m103/108[0m [32m━━━━━━━━━━━━━━━━━━━[0m[37m━[0m [1m1s[0m 253ms/step - auc: 0.9605 - binary_accuracy: 0.8838 - loss: 0.3062
[1m104/108[0m [32m━━━━━━━━━━━━━━━━━━━[0m[37m━[0m [1m1s[0m 253ms/step - auc: 0.9604 - binary_accuracy: 0.8837 - loss: 0.3063
[1m105/108[0m [32m━━━━━━━━━━━━━━━━━━━[0m[37m━[0m [1m0s[0m 253ms/step - auc: 0.9604 - binary_accuracy: 0.8836 - loss: 0.3064
[1m106/108[0m [32m━━━━━━━━━━━━━━━━━━━[0m[37m━[0m [1m0s[0m 253ms/step - auc: 0.9604 - binary_accuracy: 0.8835 - loss: 0.3065
[1m107/108[0m [32m━━━━━━━━━━━━━━━━━━━[0m[37m━[0m [1m0s[0m 253ms/step - auc: 0.9604 - binary_accuracy: 0.8834 - loss: 0.3066
[1m108/108[0m [32m━━━━━━━━━━━━━━━━━━━━[0m[37m[0m [1m0s[0m 252ms/step - auc: 0.9603 - binary_accuracy: 0.8833 - loss: 0.3067transfer phase-a: epoch 3/8 done in 33.6s loss=0.3156 auc=0.9582 val_loss=0.2057 val_auc=0.9778

[1m108/108[0m [32m━━━━━━━━━━━━━━━━━━━━[0m[37m[0m [1m34s[0m 310ms/step - auc: 0.9582 - binary_accuracy: 0.8750 - loss: 0.3156 - val_auc: 0.9778 - val_binary_accuracy: 0.9552 - val_loss: 0.2057
[INFO] focus_binary.focus_binary.models.transfer: phase2: fine-tuning
[INFO] focus_binary.focus_binary.models.transfer: unfreeze blocks
transfer phase-a: epoch 1/8 start
Epoch 1/5

[1m  1/108[0m [37m━━━━━━━━━━━━━━━━━━━━[0m [1m5:53[0m 3s/step - auc: 0.9741 - binary_accuracy: 0.9375 - loss: 0.4486
[1m  2/108[0m [37m━━━━━━━━━━━━━━━━━━━━[0m [1m28s[0m 269ms/step - auc: 0.9032 - binary_accuracy: 0.7969 - loss: 0.6559
[1m  3/108[0m [37m━━━━━━━━━━━━━━━━━━━━[0m [1m28s[0m 269ms/step - auc: 0.8802 - binary_accuracy: 0.7431 - loss: 0.7015
[1m  4/108[0m [37m━━━━━━━━━━━━━━━━━━━━[0m [1m28s[0m 272ms/step - auc: 0.8656 - binary_accuracy: 0.7214 - loss: 0.7107
[1m  5/108[0m [37m━━━━━━━━━━━━━━━━━━━━[0m [1m27s[0m 271ms/step - auc: 0.8636 - binary_accuracy: 0.7221 - loss: 0.6928
[1m  6/108[0m [32m━[0m[37m━━━━━━━━━━━━━━━━━━━[0m [1m27s[0m 271ms/step - auc: 0.8663 - binary_accuracy: 0.7285 - loss: 0.6681
[1m  7/108[0m [32m━[0m[37m━━━━━━━━━━━━━━━━━━━[0m [1m27s[0m 272ms/step - auc: 0.8707 - binary_accuracy: 0.7354 - loss: 0.6427
[1m  8/108[0m [32m━[0m[37m━━━━━━━━━━━━━━━━━━━[0m [1m27s[0m 274ms/step - auc: 0.8724 - binary_accuracy: 0.7411 - loss: 0.6283
[1m  9/108[0m [32m━[0m[37m━━━━━━━━━━━━━━━━━━━[0m [1m27s[0m 275ms/step - auc: 0.8759 - binary_accuracy: 0.7483 - loss: 0.6122
[1m 10/108[0m [32m━[0m[37m━━━━━━━━━━━━━━━━━━━[0m [1m27s[0m 276ms/step - auc: 0.8776 - binary_accuracy: 0.7556 - loss: 0.6015
[1m 11/108[0m [32m━━[0m[37m━━━━━━━━━━━━━━━━━━[0m [1m26s[0m 276ms/step - auc: 0.8787 - binary_accuracy: 0.7626 - loss: 0.5952
[1m 12/108[0m [32m━━[0m[37m━━━━━━━━━━━━━━━━━━[0m [1m26s[0m 277ms/step - auc: 0.8798 - binary_accuracy: 0.7694 - loss: 0.5869
[1m 13/108[0m [32m━━[0m[37m━━━━━━━━━━━━━━━━━━[0m [1m26s[0m 276ms/step - auc: 0.8799 - binary_accuracy: 0.7753 - loss: 0.5846
[1m 14/108[0m [32m━━[0m[37m━━━━━━━━━━━━━━━━━━[0m [1m26s[0m 277ms/step - auc: 0.8795 - binary_accuracy: 0.7805 - loss: 0.5822
[1m 15/108[0m [32m━━[0m[37m━━━━━━━━━━━━━━━━━━[0m [1m25s[0m 278ms/step - auc: 0.8789 - binary_accuracy: 0.7853 - loss: 0.5788
[1m 16/108[0m [32m━━[0m[37m━━━━━━━━━━━━━━━━━━[0m [1m25s[0m 278ms/step - auc: 0.8781 - binary_accuracy: 0.7889 - loss: 0.5752
[1m 17/108[0m [32m━━━[0m[37m━━━━━━━━━━━━━━━━━[0m [1m25s[0m 279ms/step - auc: 0.8768 - binary_accuracy: 0.7910 - loss: 0.5716
[1m 18/108[0m [32m━━━[0m[37m━━━━━━━━━━━━━━━━━[0m [1m25s[0m 279ms/step - auc: 0.8756 - binary_accuracy: 0.7921 - loss: 0.5679
[1m 19/108[0m [32m━━━[0m[37m━━━━━━━━━━━━━━━━━[0m [1m24s[0m 280ms/step - auc: 0.8745 - binary_accuracy: 0.7930 - loss: 0.5641
[1m 20/108[0m [32m━━━[0m[37m━━━━━━━━━━━━━━━━━[0m [1m24s[0m 280ms/step - auc: 0.8734 - binary_accuracy: 0.7934 - loss: 0.5606
[1m 21/108[0m [32m━━━[0m[37m━━━━━━━━━━━━━━━━━[0m [1m24s[0m 280ms/step - auc: 0.8722 - binary_accuracy: 0.7938 - loss: 0.5578
[1m 22/108[0m [32m━━━━[0m[37m━━━━━━━━━━━━━━━━[0m [1m24s[0m 280ms/step - auc: 0.8710 - binary_accuracy: 0.7944 - loss: 0.5559
[1m 23/108[0m [32m━━━━[0m[37m━━━━━━━━━━━━━━━━[0m [1m23s[0m 281ms/step - auc: 0.8701 - binary_accuracy: 0.7950 - loss: 0.5539
[1m 24/108[0m [32m━━━━[0m[37m━━━━━━━━━━━━━━━━[0m [1m23s[0m 281ms/step - auc: 0.8694 - binary_accuracy: 0.7956 - loss: 0.5521
[1m 25/108[0m [32m━━━━[0m[37m━━━━━━━━━━━━━━━━[0m [1m23s[0m 281ms/step - auc: 0.8686 - binary_accuracy: 0.7958 - loss: 0.5504
[1m 26/108[0m [32m━━━━[0m[37m━━━━━━━━━━━━━━━━[0m [1m23s[0m 282ms/step - auc: 0.8678 - binary_accuracy: 0.7959 - loss: 0.5485
[1m 27/108[0m [32m━━━━━[0m[37m━━━━━━━━━━━━━━━[0m [1m22s[0m 283ms/step - auc: 0.8673 - binary_accuracy: 0.7959 - loss: 0.5468
[1m 28/108[0m [32m━━━━━[0m[37m━━━━━━━━━━━━━━━[0m [1m22s[0m 283ms/step - auc: 0.8672 - binary_accuracy: 0.7959 - loss: 0.5452
[1m 29/108[0m [32m━━━━━[0m[37m━━━━━━━━━━━━━━━[0m [1m22s[0m 283ms/step - auc: 0.8670 - binary_accuracy: 0.7959 - loss: 0.5438
[1m 30/108[0m [32m━━━━━[0m[37m━━━━━━━━━━━━━━━[0m [1m22s[0m 283ms/step - auc: 0.8667 - binary_accuracy: 0.7957 - loss: 0.5425
[1m 31/108[0m [32m━━━━━[0m[37m━━━━━━━━━━━━━━━[0m [1m21s[0m 284ms/step - auc: 0.8665 - binary_accuracy: 0.7955 - loss: 0.5413
[1m 32/108[0m [32m━━━━━[0m[37m━━━━━━━━━━━━━━━[0m [1m21s[0m 284ms/step - auc: 0.8661 - binary_accuracy: 0.7954 - loss: 0.5404
[1m 33/108[0m [32m━━━━━━[0m[37m━━━━━━━━━━━━━━[0m [1m21s[0m 284ms/step - auc: 0.8659 - binary_accuracy: 0.7953 - loss: 0.5395
[1m 34/108[0m [32m━━━━━━[0m[37m━━━━━━━━━━━━━━[0m [1m20s[0m 284ms/step - auc: 0.8657 - binary_accuracy: 0.7954 - loss: 0.5384
[1m 35/108[0m [32m━━━━━━[0m[37m━━━━━━━━━━━━━━[0m [1m20s[0m 283ms/step - auc: 0.8656 - binary_accuracy: 0.7955 - loss: 0.5371
[1m 36/108[0m [32m━━━━━━[0m[37m━━━━━━━━━━━━━━[0m [1m20s[0m 283ms/step - auc: 0.8656 - binary_accuracy: 0.7957 - loss: 0.5357
[1m 37/108[0m [32m━━━━━━[0m[37m━━━━━━━━━━━━━━[0m [1m20s[0m 284ms/step - auc: 0.8657 - binary_accuracy: 0.7959 - loss: 0.5343
[1m 38/108[0m [32m━━━━━━━[0m[37m━━━━━━━━━━━━━[0m [1m19s[0m 284ms/step - auc: 0.8659 - binary_accuracy: 0.7963 - loss: 0.5328
[1m 39/108[0m [32m━━━━━━━[0m[37m━━━━━━━━━━━━━[0m [1m19s[0m 284ms/step - auc: 0.8660 - binary_accuracy: 0.7967 - loss: 0.5314
[1m 40/108[0m [32m━━━━━━━[0m[37m━━━━━━━━━━━━━[0m [1m19s[0m 284ms/step - auc: 0.8662 - binary_accuracy: 0.7971 - loss: 0.5299
[1m 41/108[0m [32m━━━━━━━[0m[37m━━━━━━━━━━━━━[0m [1m19s[0m 284ms/step - auc: 0.8664 - binary_accuracy: 0.7976 - loss: 0.5285
[1m 42/108[0m [32m━━━━━━━[0m[37m━━━━━━━━━━━━━[0m [1m18s[0m 284ms/step - auc: 0.8665 - binary_accuracy: 0.7981 - loss: 0.5273
[1m 43/108[0m [32m━━━━━━━[0m[37m━━━━━━━━━━━━━[0m [1m18s[0m 284ms/step - auc: 0.8667 - binary_accuracy: 0.7985 - loss: 0.5261
[1m 44/108[0m [32m━━━━━━━━[0m[37m━━━━━━━━━━━━[0m [1m18s[0m 284ms/step - auc: 0.8668 - binary_accuracy: 0.7990 - loss: 0.5250
[1m 45/108[0m [32m━━━━━━━━[0m[37m━━━━━━━━━━━━[0m [1m17s[0m 284ms/step - auc: 0.8669 - binary_accuracy: 0.7993 - loss: 0.5239
[1m 46/108[0m [32m━━━━━━━━[0m[37m━━━━━━━━━━━━[0m [1m17s[0m 284ms/step - auc: 0.8669 - binary_accuracy: 0.7994 - loss: 0.5229
[1m 47/108[0m [32m━━━━━━━━[0m[37m━━━━━━━━━━━━[0m [1m17s[0m 284ms/step - auc: 0.8670 - binary_accuracy: 0.7996 - loss: 0.5220
[1m 48/108[0m [32m━━━━━━━━[0m[37m━━━━━━━━━━━━[0m [1m17s[0m 284ms/step - auc: 0.8671 - binary_accuracy: 0.7997 - loss: 0.5211
[1m 49/108[0m [32m━━━━━━━━━[0m[37m━━━━━━━━━━━[0m [1m16s[0m 284ms/step - auc: 0.8672 - binary_accuracy: 0.7998 - loss: 0.5201
[1m 50/108[0m [32m━━━━━━━━━[0m[37m━━━━━━━━━━━[0m [1m16s[0m 284ms/step - auc: 0.8674 - binary_accuracy: 0.8000 - loss: 0.5190
[1m 51/108[0m [32m━━━━━━━━━[0m[37m━━━━━━━━━━━[0m [1m16s[0m 284ms/step - auc: 0.8675 - binary_accuracy: 0.8002 - loss: 0.5180
[1m 52/108[0m [32m━━━━━━━━━[0m[37m━━━━━━━━━━━[0m [1m15s[0m 284ms/step - auc: 0.8677 - binary_accuracy: 0.8004 - loss: 0.5170
[1m 53/108[0m [32m━━━━━━━━━[0m[37m━━━━━━━━━━━[0m [1m15s[0m 284ms/step - auc: 0.8678 - binary_accuracy: 0.8006 - loss: 0.5161
[1m 54/108[0m [32m━━━━━━━━━━[0m[37m━━━━━━━━━━[0m [1m15s[0m 284ms/step - auc: 0.8679 - binary_accuracy: 0.8008 - loss: 0.5153
[1m 55/108[0m [32m━━━━━━━━━━[0m[37m━━━━━━━━━━[0m [1m15s[0m 284ms/step - auc: 0.8681 - binary_accuracy: 0.8010 - loss: 0.5144
[1m 56/108[0m [32m━━━━━━━━━━[0m[37m━━━━━━━━━━[0m [1m14s[0m 284ms/step - auc: 0.8682 - binary_accuracy: 0.8012 - loss: 0.5135
[1m 57/108[0m [32m━━━━━━━━━━[0m[37m━━━━━━━━━━[0m [1m14s[0m 284ms/step - auc: 0.8684 - binary_accuracy: 0.8012 - loss: 0.5126
[1m 58/108[0m [32m━━━━━━━━━━[0m[37m━━━━━━━━━━[0m [1m14s[0m 284ms/step - auc: 0.8685 - binary_accuracy: 0.8013 - loss: 0.5117
[1m 59/108[0m [32m━━━━━━━━━━[0m[37m━━━━━━━━━━[0m [1m13s[0m 284ms/step - auc: 0.8685 - binary_accuracy: 0.8014 - loss: 0.5109
[1m 60/108[0m [32m━━━━━━━━━━━[0m[37m━━━━━━━━━[0m [1m13s[0m 284ms/step - auc: 0.8686 - binary_accuracy: 0.8015 - loss: 0.5101
[1m 61/108[0m [32m━━━━━━━━━━━[0m[37m━━━━━━━━━[0m [1m13s[0m 284ms/step - auc: 0.8687 - binary_accuracy: 0.8016 - loss: 0.5094
[1m 62/108[0m [32m━━━━━━━━━━━[0m[37m━━━━━━━━━[0m [1m13s[0m 284ms/step - auc: 0.8686 - binary_accuracy: 0.8017 - loss: 0.5088
[1m 63/108[0m [32m━━━━━━━━━━━[0m[37m━━━━━━━━━[0m [1m12s[0m 284ms/step - auc: 0.8687 - binary_accuracy: 0.8019 - loss: 0.5082
[1m 64/108[0m [32m━━━━━━━━━━━[0m[37m━━━━━━━━━[0m [1m12s[0m 284ms/step - auc: 0.8687 - binary_accuracy: 0.8020 - loss: 0.5077
[1m 65/108[0m [32m━━━━━━━━━━━━[0m[37m━━━━━━━━[0m [1m12s[0m 284ms/step - auc: 0.8688 - binary_accuracy: 0.8020 - loss: 0.5072
[1m 66/108[0m [32m━━━━━━━━━━━━[0m[37m━━━━━━━━[0m [1m11s[0m 284ms/step - auc: 0.8688 - binary_accuracy: 0.8020 - loss: 0.5068
[1m 67/108[0m [32m━━━━━━━━━━━━[0m[37m━━━━━━━━[0m [1m11s[0m 284ms/step - auc: 0.8688 - binary_accuracy: 0.8019 - loss: 0.5064
[1m 68/108[0m [32m━━━━━━━━━━━━[0m[37m━━━━━━━━[0m [1m11s[0m 284ms/step - auc: 0.8688 - binary_accuracy: 0.8017 - loss: 0.5060
[1m 69/108[0m [32m━━━━━━━━━━━━[0m[37m━━━━━━━━[0m [1m11s[0m 284ms/step - auc: 0.8689 - binary_accuracy: 0.8016 - loss: 0.5056
[1m 70/108[0m [32m━━━━━━━━━━━━[0m[37m━━━━━━━━[0m [1m10s[0m 284ms/step - auc: 0.8689 - binary_accuracy: 0.8015 - loss: 0.5052
[1m 71/108[0m [32m━━━━━━━━━━━━━[0m[37m━━━━━━━[0m [1m10s[0m 284ms/step - auc: 0.8690 - binary_accuracy: 0.8015 - loss: 0.5048
[1m 72/108[0m [32m━━━━━━━━━━━━━[0m[37m━━━━━━━[0m [1m10s[0m 284ms/step - auc: 0.8691 - binary_accuracy: 0.8014 - loss: 0.5044
[1m 73/108[0m [32m━━━━━━━━━━━━━[0m[37m━━━━━━━[0m [1m9s[0m 285ms/step - auc: 0.8692 - binary_accuracy: 0.8014 - loss: 0.5040 
[1m 74/108[0m [32m━━━━━━━━━━━━━[0m[37m━━━━━━━[0m [1m9s[0m 285ms/step - auc: 0.8693 - binary_accuracy: 0.8015 - loss: 0.5036
[1m 75/108[0m [32m━━━━━━━━━━━━━[0m[37m━━━━━━━[0m [1m9s[0m 285ms/step - auc: 0.8694 - binary_accuracy: 0.8015 - loss: 0.5032
[1m 76/108[0m [32m━━━━━━━━━━━━━━[0m[37m━━━━━━[0m [1m9s[0m 285ms/step - auc: 0.8695 - binary_accuracy: 0.8015 - loss: 0.5028
[1m 77/108[0m [32m━━━━━━━━━━━━━━[0m[37m━━━━━━[0m [1m8s[0m 285ms/step - auc: 0.8696 - binary_accuracy: 0.8015 - loss: 0.5024
[1m 78/108[0m [32m━━━━━━━━━━━━━━[0m[37m━━━━━━[0m [1m8s[0m 285ms/step - auc: 0.8696 - binary_accuracy: 0.8015 - loss: 0.5019
[1m 79/108[0m [32m━━━━━━━━━━━━━━[0m[37m━━━━━━[0m [1m8s[0m 285ms/step - auc: 0.8698 - binary_accuracy: 0.8015 - loss: 0.5015
[1m 80/108[0m [32m━━━━━━━━━━━━━━[0m[37m━━━━━━[0m [1m7s[0m 285ms/step - auc: 0.8699 - binary_accuracy: 0.8015 - loss: 0.5011
[1m 81/108[0m [32m━━━━━━━━━━━━━━━[0m[37m━━━━━[0m [1m7s[0m 285ms/step - auc: 0.8700 - binary_accuracy: 0.8015 - loss: 0.5007
[1m 82/108[0m [32m━━━━━━━━━━━━━━━[0m[37m━━━━━[0m [1m7s[0m 285ms/step - auc: 0.8701 - binary_accuracy: 0.8015 - loss: 0.5003
[1m 83/108[0m [32m━━━━━━━━━━━━━━━[0m[37m━━━━━[0m [1m7s[0m 285ms/step - auc: 0.8702 - binary_accuracy: 0.8015 - loss: 0.5000
[1m 84/108[0m [32m━━━━━━━━━━━━━━━[0m[37m━━━━━[0m [1m6s[0m 285ms/step - auc: 0.8704 - binary_accuracy: 0.8015 - loss: 0.4996
[1m 85/108[0m [32m━━━━━━━━━━━━━━━[0m[37m━━━━━[0m [1m6s[0m 285ms/step - auc: 0.8705 - binary_accuracy: 0.8015 - loss: 0.4993
[1m 86/108[0m [32m━━━━━━━━━━━━━━━[0m[37m━━━━━[0m [1m6s[0m 285ms/step - auc: 0.8706 - binary_accuracy: 0.8015 - loss: 0.4990
[1m 87/108[0m [32m━━━━━━━━━━━━━━━━[0m[37m━━━━[0m [1m5s[0m 285ms/step - auc: 0.8707 - binary_accuracy: 0.8015 - loss: 0.4987
[1m 88/108[0m [32m━━━━━━━━━━━━━━━━[0m[37m━━━━[0m [1m5s[0m 285ms/step - auc: 0.8708 - binary_accuracy: 0.8015 - loss: 0.4985
[1m 89/108[0m [32m━━━━━━━━━━━━━━━━[0m[37m━━━━[0m [1m5s[0m 285ms/step - auc: 0.8709 - binary_accuracy: 0.8015 - loss: 0.4982
[1m 90/108[0m [32m━━━━━━━━━━━━━━━━[0m[37m━━━━[0m [1m5s[0m 285ms/step - auc: 0.8710 - binary_accuracy: 0.8015 - loss: 0.4980
[1m 91/108[0m [32m━━━━━━━━━━━━━━━━[0m[37m━━━━[0m [1m4s[0m 285ms/step - auc: 0.8711 - binary_accuracy: 0.8015 - loss: 0.4977
[1m 92/108[0m [32m━━━━━━━━━━━━━━━━━[0m[37m━━━[0m [1m4s[0m 285ms/step - auc: 0.8712 - binary_accuracy: 0.8015 - loss: 0.4975
[1m 93/108[0m [32m━━━━━━━━━━━━━━━━━[0m[37m━━━[0m [1m4s[0m 285ms/step - auc: 0.8713 - binary_accuracy: 0.8014 - loss: 0.4972
[1m 94/108[0m [32m━━━━━━━━━━━━━━━━━[0m[37m━━━[0m [1m3s[0m 285ms/step - auc: 0.8713 - binary_accuracy: 0.8014 - loss: 0.4971
[1m 95/108[0m [32m━━━━━━━━━━━━━━━━━[0m[37m━━━[0m [1m3s[0m 285ms/step - auc: 0.8714 - binary_accuracy: 0.8014 - loss: 0.4970
[1m 96/108[0m [32m━━━━━━━━━━━━━━━━━[0m[37m━━━[0m [1m3s[0m 285ms/step - auc: 0.8714 - binary_accuracy: 0.8013 - loss: 0.4968
[1m 97/108[0m [32m━━━━━━━━━━━━━━━━━[0m[37m━━━[0m [1m3s[0m 286ms/step - auc: 0.8715 - binary_accuracy: 0.8013 - loss: 0.4967
[1m 98/108[0m [32m━━━━━━━━━━━━━━━━━━[0m[37m━━[0m [1m2s[0m 286ms/step - auc: 0.8715 - binary_accuracy: 0.8013 - loss: 0.4965
[1m 99/108[0m [32m━━━━━━━━━━━━━━━━━━[0m[37m━━[0m [1m2s[0m 286ms/step - auc: 0.8716 - binary_accuracy: 0.8013 - loss: 0.4964
[1m100/108[0m [32m━━━━━━━━━━━━━━━━━━[0m[37m━━[0m [1m2s[0m 286ms/step - auc: 0.8717 - binary_accuracy: 0.8013 - loss: 0.4962
[1m101/108[0m [32m━━━━━━━━━━━━━━━━━━[0m[37m━━[0m [1m1s[0m 286ms/step - auc: 0.8717 - binary_accuracy: 0.8013 - loss: 0.4960
[1m102/108[0m [32m━━━━━━━━━━━━━━━━━━[0m[37m━━[0m [1m1s[0m 285ms/step - auc: 0.8718 - binary_accuracy: 0.8013 - loss: 0.4958
[1m103/108[0m [32m━━━━━━━━━━━━━━━━━━━[0m[37m━[0m [1m1s[0m 286ms/step - auc: 0.8719 - binary_accuracy: 0.8013 - loss: 0.4956
[1m104/108[0m [32m━━━━━━━━━━━━━━━━━━━[0m[37m━[0m [1m1s[0m 286ms/step - auc: 0.8720 - binary_accuracy: 0.8013 - loss: 0.4954
[1m105/108[0m [32m━━━━━━━━━━━━━━━━━━━[0m[37m━[0m [1m0s[0m 285ms/step - auc: 0.8720 - binary_accuracy: 0.8013 - loss: 0.4952
[1m106/108[0m [32m━━━━━━━━━━━━━━━━━━━[0m[37m━[0m [1m0s[0m 285ms/step - auc: 0.8721 - binary_accuracy: 0.8014 - loss: 0.4950
[1m107/108[0m [32m━━━━━━━━━━━━━━━━━━━[0m[37m━[0m [1m0s[0m 285ms/step - auc: 0.8721 - binary_accuracy: 0.8014 - loss: 0.4948
[1m108/108[0m [32m━━━━━━━━━━━━━━━━━━━━[0m[37m[0m [1m0s[0m 284ms/step - auc: 0.8722 - binary_accuracy: 0.8015 - loss: 0.4947transfer phase-a: epoch 1/8 done in 40.7s loss=0.4765 auc=0.8783 val_loss=0.3315 val_auc=0.9206

[1m108/108[0m [32m━━━━━━━━━━━━━━━━━━━━[0m[37m[0m [1m41s[0m 349ms/step - auc: 0.8783 - binary_accuracy: 0.8067 - loss: 0.4765 - val_auc: 0.9206 - val_binary_accuracy: 0.8918 - val_loss: 0.3315
transfer phase-a: epoch 2/8 start
Epoch 2/5

[1m  1/108[0m [37m━━━━━━━━━━━━━━━━━━━━[0m [1m52s[0m 492ms/step - auc: 0.9074 - binary_accuracy: 0.8438 - loss: 0.5769
[1m  2/108[0m [37m━━━━━━━━━━━━━━━━━━━━[0m [1m29s[0m 280ms/step - auc: 0.9229 - binary_accuracy: 0.8359 - loss: 0.5188
[1m  3/108[0m [37m━━━━━━━━━━━━━━━━━━━━[0m [1m29s[0m 284ms/step - auc: 0.9265 - binary_accuracy: 0.8281 - loss: 0.4834
[1m  4/108[0m [37m━━━━━━━━━━━━━━━━━━━━[0m [1m29s[0m 282ms/step - auc: 0.9286 - binary_accuracy: 0.8223 - loss: 0.4631
[1m  5/108[0m [37m━━━━━━━━━━━━━━━━━━━━[0m [1m29s[0m 282ms/step - auc: 0.9319 - binary_accuracy: 0.8178 - loss: 0.4457
[1m  6/108[0m [32m━[0m[37m━━━━━━━━━━━━━━━━━━━[0m [1m28s[0m 281ms/step - auc: 0.9348 - binary_accuracy: 0.8135 - loss: 0.4323
[1m  7/108[0m [32m━[0m[37m━━━━━━━━━━━━━━━━━━━[0m [1m28s[0m 283ms/step - auc: 0.9380 - binary_accuracy: 0.8140 - loss: 0.4189
[1m  8/108[0m [32m━[0m[37m━━━━━━━━━━━━━━━━━━━[0m [1m28s[0m 283ms/step - auc: 0.9403 - binary_accuracy: 0.8167 - loss: 0.4082
[1m  9/108[0m [32m━[0m[37m━━━━━━━━━━━━━━━━━━━[0m [1m27s[0m 282ms/step - auc: 0.9424 - binary_accuracy: 0.8197 - loss: 0.3994
[1m 10/108[0m [32m━[0m[37m━━━━━━━━━━━━━━━━━━━[0m [1m27s[0m 282ms/step - auc: 0.9427 - binary_accuracy: 0.8227 - loss: 0.3927
[1m 11/108[0m [32m━━[0m[37m━━━━━━━━━━━━━━━━━━[0m [1m27s[0m 283ms/step - auc: 0.9421 - binary_accuracy: 0.8259 - loss: 0.3886
[1m 12/108[0m [32m━━[0m[37m━━━━━━━━━━━━━━━━━━[0m [1m27s[0m 283ms/step - auc: 0.9420 - binary_accuracy: 0.8294 - loss: 0.3834
[1m 13/108[0m [32m━━[0m[37m━━━━━━━━━━━━━━━━━━[0m [1m26s[0m 283ms/step - auc: 0.9403 - binary_accuracy: 0.8321 - loss: 0.3832
[1m 14/108[0m [32m━━[0m[37m━━━━━━━━━━━━━━━━━━[0m [1m26s[0m 283ms/step - auc: 0.9389 - binary_accuracy: 0.8349 - loss: 0.3827
[1m 15/108[0m [32m━━[0m[37m━━━━━━━━━━━━━━━━━━[0m [1m26s[0m 284ms/step - auc: 0.9377 - binary_accuracy: 0.8373 - loss: 0.3815
[1m 16/108[0m [32m━━[0m[37m━━━━━━━━━━━━━━━━━━[0m [1m26s[0m 284ms/step - auc: 0.9369 - binary_accuracy: 0.8392 - loss: 0.3801
[1m 17/108[0m [32m━━━[0m[37m━━━━━━━━━━━━━━━━━[0m [1m25s[0m 284ms/step - auc: 0.9357 - binary_accuracy: 0.8402 - loss: 0.3789
[1m 18/108[0m [32m━━━[0m[37m━━━━━━━━━━━━━━━━━[0m [1m25s[0m 285ms/step - auc: 0.9347 - binary_accuracy: 0.8408 - loss: 0.3776
[1m 19/108[0m [32m━━━[0m[37m━━━━━━━━━━━━━━━━━[0m [1m25s[0m 286ms/step - auc: 0.9339 - binary_accuracy: 0.8414 - loss: 0.3762
[1m 20/108[0m [32m━━━[0m[37m━━━━━━━━━━━━━━━━━[0m [1m25s[0m 285ms/step - auc: 0.9330 - binary_accuracy: 0.8418 - loss: 0.3752
[1m 21/108[0m [32m━━━[0m[37m━━━━━━━━━━━━━━━━━[0m [1m24s[0m 285ms/step - auc: 0.9323 - binary_accuracy: 0.8423 - loss: 0.3743
[1m 22/108[0m [32m━━━━[0m[37m━━━━━━━━━━━━━━━━[0m [1m24s[0m 285ms/step - auc: 0.9319 - binary_accuracy: 0.8430 - loss: 0.3736
[1m 23/108[0m [32m━━━━[0m[37m━━━━━━━━━━━━━━━━[0m [1m24s[0m 286ms/step - auc: 0.9318 - binary_accuracy: 0.8439 - loss: 0.3729
[1m 24/108[0m [32m━━━━[0m[37m━━━━━━━━━━━━━━━━[0m [1m24s[0m 286ms/step - auc: 0.9317 - binary_accuracy: 0.8447 - loss: 0.3722
[1m 25/108[0m [32m━━━━[0m[37m━━━━━━━━━━━━━━━━[0m [1m23s[0m 286ms/step - auc: 0.9317 - binary_accuracy: 0.8455 - loss: 0.3714
[1m 26/108[0m [32m━━━━[0m[37m━━━━━━━━━━━━━━━━[0m [1m23s[0m 286ms/step - auc: 0.9317 - binary_accuracy: 0.8463 - loss: 0.3704
[1m 27/108[0m [32m━━━━━[0m[37m━━━━━━━━━━━━━━━[0m [1m23s[0m 286ms/step - auc: 0.9319 - binary_accuracy: 0.8471 - loss: 0.3697
[1m 28/108[0m [32m━━━━━[0m[37m━━━━━━━━━━━━━━━[0m [1m22s[0m 286ms/step - auc: 0.9321 - binary_accuracy: 0.8477 - loss: 0.3691
[1m 29/108[0m [32m━━━━━[0m[37m━━━━━━━━━━━━━━━[0m [1m22s[0m 286ms/step - auc: 0.9323 - binary_accuracy: 0.8482 - loss: 0.3686
[1m 30/108[0m [32m━━━━━[0m[37m━━━━━━━━━━━━━━━[0m [1m22s[0m 286ms/step - auc: 0.9322 - binary_accuracy: 0.8486 - loss: 0.3685
[1m 31/108[0m [32m━━━━━[0m[37m━━━━━━━━━━━━━━━[0m [1m22s[0m 287ms/step - auc: 0.9322 - binary_accuracy: 0.8487 - loss: 0.3685
[1m 32/108[0m [32m━━━━━[0m[37m━━━━━━━━━━━━━━━[0m [1m21s[0m 286ms/step - auc: 0.9320 - binary_accuracy: 0.8487 - loss: 0.3687
[1m 33/108[0m [32m━━━━━━[0m[37m━━━━━━━━━━━━━━[0m [1m21s[0m 286ms/step - auc: 0.9320 - binary_accuracy: 0.8486 - loss: 0.3689
[1m 34/108[0m [32m━━━━━━[0m[37m━━━━━━━━━━━━━━[0m [1m21s[0m 286ms/step - auc: 0.9319 - binary_accuracy: 0.8485 - loss: 0.3690
[1m 35/108[0m [32m━━━━━━[0m[37m━━━━━━━━━━━━━━[0m [1m20s[0m 287ms/step - auc: 0.9318 - binary_accuracy: 0.8485 - loss: 0.3689
[1m 36/108[0m [32m━━━━━━[0m[37m━━━━━━━━━━━━━━[0m [1m20s[0m 287ms/step - auc: 0.9318 - binary_accuracy: 0.8485 - loss: 0.3688
[1m 37/108[0m [32m━━━━━━[0m[37m━━━━━━━━━━━━━━[0m [1m20s[0m 286ms/step - auc: 0.9318 - binary_accuracy: 0.8485 - loss: 0.3686
[1m 38/108[0m [32m━━━━━━━[0m[37m━━━━━━━━━━━━━[0m [1m20s[0m 286ms/step - auc: 0.9319 - binary_accuracy: 0.8487 - loss: 0.3683
[1m 39/108[0m [32m━━━━━━━[0m[37m━━━━━━━━━━━━━[0m [1m19s[0m 287ms/step - auc: 0.9319 - binary_accuracy: 0.8489 - loss: 0.3682
[1m 40/108[0m [32m━━━━━━━[0m[37m━━━━━━━━━━━━━[0m [1m19s[0m 287ms/step - auc: 0.9320 - binary_accuracy: 0.8491 - loss: 0.3679
[1m 41/108[0m [32m━━━━━━━[0m[37m━━━━━━━━━━━━━[0m [1m19s[0m 287ms/step - auc: 0.9321 - binary_accuracy: 0.8494 - loss: 0.3676
[1m 42/108[0m [32m━━━━━━━[0m[37m━━━━━━━━━━━━━[0m [1m18s[0m 287ms/step - auc: 0.9322 - binary_accuracy: 0.8496 - loss: 0.3673
[1m 43/108[0m [32m━━━━━━━[0m[37m━━━━━━━━━━━━━[0m [1m18s[0m 287ms/step - auc: 0.9323 - binary_accuracy: 0.8499 - loss: 0.3671
[1m 44/108[0m [32m━━━━━━━━[0m[37m━━━━━━━━━━━━[0m [1m18s[0m 287ms/step - auc: 0.9323 - binary_accuracy: 0.8501 - loss: 0.3670
[1m 45/108[0m [32m━━━━━━━━[0m[37m━━━━━━━━━━━━[0m [1m18s[0m 287ms/step - auc: 0.9323 - binary_accuracy: 0.8502 - loss: 0.3668
[1m 46/108[0m [32m━━━━━━━━[0m[37m━━━━━━━━━━━━[0m [1m17s[0m 287ms/step - auc: 0.9323 - binary_accuracy: 0.8503 - loss: 0.3668
[1m 47/108[0m [32m━━━━━━━━[0m[37m━━━━━━━━━━━━[0m [1m17s[0m 287ms/step - auc: 0.9323 - binary_accuracy: 0.8503 - loss: 0.3668
[1m 48/108[0m [32m━━━━━━━━[0m[37m━━━━━━━━━━━━[0m [1m17s[0m 287ms/step - auc: 0.9323 - binary_accuracy: 0.8503 - loss: 0.3668
[1m 49/108[0m [32m━━━━━━━━━[0m[37m━━━━━━━━━━━[0m [1m16s[0m 287ms/step - auc: 0.9323 - binary_accuracy: 0.8502 - loss: 0.3667
[1m 50/108[0m [32m━━━━━━━━━[0m[37m━━━━━━━━━━━[0m [1m16s[0m 287ms/step - auc: 0.9324 - binary_accuracy: 0.8501 - loss: 0.3666
[1m 51/108[0m [32m━━━━━━━━━[0m[37m━━━━━━━━━━━[0m [1m16s[0m 287ms/step - auc: 0.9324 - binary_accuracy: 0.8501 - loss: 0.3665
[1m 52/108[0m [32m━━━━━━━━━[0m[37m━━━━━━━━━━━[0m [1m16s[0m 287ms/step - auc: 0.9325 - binary_accuracy: 0.8501 - loss: 0.3663
[1m 53/108[0m [32m━━━━━━━━━[0m[37m━━━━━━━━━━━[0m [1m15s[0m 287ms/step - auc: 0.9324 - binary_accuracy: 0.8501 - loss: 0.3663
[1m 54/108[0m [32m━━━━━━━━━━[0m[37m━━━━━━━━━━[0m [1m15s[0m 287ms/step - auc: 0.9324 - binary_accuracy: 0.8501 - loss: 0.3664
[1m 55/108[0m [32m━━━━━━━━━━[0m[37m━━━━━━━━━━[0m [1m15s[0m 287ms/step - auc: 0.9324 - binary_accuracy: 0.8502 - loss: 0.3664
[1m 56/108[0m [32m━━━━━━━━━━[0m[37m━━━━━━━━━━[0m [1m14s[0m 287ms/step - auc: 0.9323 - binary_accuracy: 0.8502 - loss: 0.3664
[1m 57/108[0m [32m━━━━━━━━━━[0m[37m━━━━━━━━━━[0m [1m14s[0m 287ms/step - auc: 0.9323 - binary_accuracy: 0.8501 - loss: 0.3665
[1m 58/108[0m [32m━━━━━━━━━━[0m[37m━━━━━━━━━━[0m [1m14s[0m 287ms/step - auc: 0.9322 - binary_accuracy: 0.8500 - loss: 0.3666
[1m 59/108[0m [32m━━━━━━━━━━[0m[37m━━━━━━━━━━[0m [1m14s[0m 287ms/step - auc: 0.9320 - binary_accuracy: 0.8498 - loss: 0.3668
[1m 60/108[0m [32m━━━━━━━━━━━[0m[37m━━━━━━━━━[0m [1m13s[0m 287ms/step - auc: 0.9319 - binary_accuracy: 0.8497 - loss: 0.3669
[1m 61/108[0m [32m━━━━━━━━━━━[0m[37m━━━━━━━━━[0m [1m13s[0m 287ms/step - auc: 0.9317 - binary_accuracy: 0.8495 - loss: 0.3671
[1m 62/108[0m [32m━━━━━━━━━━━[0m[37m━━━━━━━━━[0m [1m13s[0m 287ms/step - auc: 0.9315 - binary_accuracy: 0.8493 - loss: 0.3675
[1m 63/108[0m [32m━━━━━━━━━━━[0m[37m━━━━━━━━━[0m [1m12s[0m 287ms/step - auc: 0.9313 - binary_accuracy: 0.8492 - loss: 0.3678
[1m 64/108[0m [32m━━━━━━━━━━━[0m[37m━━━━━━━━━[0m [1m12s[0m 287ms/step - auc: 0.9311 - binary_accuracy: 0.8491 - loss: 0.3681
[1m 65/108[0m [32m━━━━━━━━━━━━[0m[37m━━━━━━━━[0m [1m12s[0m 287ms/step - auc: 0.9309 - binary_accuracy: 0.8489 - loss: 0.3684
[1m 66/108[0m [32m━━━━━━━━━━━━[0m[37m━━━━━━━━[0m [1m12s[0m 287ms/step - auc: 0.9308 - binary_accuracy: 0.8487 - loss: 0.3688
[1m 67/108[0m [32m━━━━━━━━━━━━[0m[37m━━━━━━━━[0m [1m11s[0m 287ms/step - auc: 0.9306 - binary_accuracy: 0.8486 - loss: 0.3691
[1m 68/108[0m [32m━━━━━━━━━━━━[0m[37m━━━━━━━━[0m [1m11s[0m 287ms/step - auc: 0.9305 - binary_accuracy: 0.8484 - loss: 0.3695
[1m 69/108[0m [32m━━━━━━━━━━━━[0m[37m━━━━━━━━[0m [1m11s[0m 287ms/step - auc: 0.9303 - binary_accuracy: 0.8483 - loss: 0.3697
[1m 70/108[0m [32m━━━━━━━━━━━━[0m[37m━━━━━━━━[0m [1m10s[0m 287ms/step - auc: 0.9302 - binary_accuracy: 0.8481 - loss: 0.3700
[1m 71/108[0m [32m━━━━━━━━━━━━━[0m[37m━━━━━━━[0m [1m10s[0m 287ms/step - auc: 0.9301 - binary_accuracy: 0.8480 - loss: 0.3703
[1m 72/108[0m [32m━━━━━━━━━━━━━[0m[37m━━━━━━━[0m [1m10s[0m 287ms/step - auc: 0.9300 - binary_accuracy: 0.8479 - loss: 0.3705
[1m 73/108[0m [32m━━━━━━━━━━━━━[0m[37m━━━━━━━[0m [1m10s[0m 287ms/step - auc: 0.9299 - binary_accuracy: 0.8478 - loss: 0.3708
[1m 74/108[0m [32m━━━━━━━━━━━━━[0m[37m━━━━━━━[0m [1m9s[0m 287ms/step - auc: 0.9299 - binary_accuracy: 0.8478 - loss: 0.3710 
[1m 75/108[0m [32m━━━━━━━━━━━━━[0m[37m━━━━━━━[0m [1m9s[0m 287ms/step - auc: 0.9298 - binary_accuracy: 0.8478 - loss: 0.3711
[1m 76/108[0m [32m━━━━━━━━━━━━━━[0m[37m━━━━━━[0m [1m9s[0m 287ms/step - auc: 0.9298 - binary_accuracy: 0.8477 - loss: 0.3713
[1m 77/108[0m [32m━━━━━━━━━━━━━━[0m[37m━━━━━━[0m [1m8s[0m 287ms/step - auc: 0.9297 - binary_accuracy: 0.8476 - loss: 0.3715
[1m 78/108[0m [32m━━━━━━━━━━━━━━[0m[37m━━━━━━[0m [1m8s[0m 287ms/step - auc: 0.9297 - binary_accuracy: 0.8476 - loss: 0.3716
[1m 79/108[0m [32m━━━━━━━━━━━━━━[0m[37m━━━━━━[0m [1m8s[0m 287ms/step - auc: 0.9297 - binary_accuracy: 0.8475 - loss: 0.3717
[1m 80/108[0m [32m━━━━━━━━━━━━━━[0m[37m━━━━━━[0m [1m8s[0m 287ms/step - auc: 0.9297 - binary_accuracy: 0.8475 - loss: 0.3719
[1m 81/108[0m [32m━━━━━━━━━━━━━━━[0m[37m━━━━━[0m [1m7s[0m 287ms/step - auc: 0.9296 - binary_accuracy: 0.8475 - loss: 0.3720
[1m 82/108[0m [32m━━━━━━━━━━━━━━━[0m[37m━━━━━[0m [1m7s[0m 287ms/step - auc: 0.9296 - binary_accuracy: 0.8474 - loss: 0.3721
[1m 83/108[0m [32m━━━━━━━━━━━━━━━[0m[37m━━━━━[0m [1m7s[0m 287ms/step - auc: 0.9296 - binary_accuracy: 0.8474 - loss: 0.3723
[1m 84/108[0m [32m━━━━━━━━━━━━━━━[0m[37m━━━━━[0m [1m6s[0m 287ms/step - auc: 0.9295 - binary_accuracy: 0.8473 - loss: 0.3725
[1m 85/108[0m [32m━━━━━━━━━━━━━━━[0m[37m━━━━━[0m [1m6s[0m 287ms/step - auc: 0.9295 - binary_accuracy: 0.8472 - loss: 0.3726
[1m 86/108[0m [32m━━━━━━━━━━━━━━━[0m[37m━━━━━[0m [1m6s[0m 287ms/step - auc: 0.9295 - binary_accuracy: 0.8471 - loss: 0.3728
[1m 87/108[0m [32m━━━━━━━━━━━━━━━━[0m[37m━━━━[0m [1m6s[0m 287ms/step - auc: 0.9294 - binary_accuracy: 0.8470 - loss: 0.3730
[1m 88/108[0m [32m━━━━━━━━━━━━━━━━[0m[37m━━━━[0m [1m5s[0m 287ms/step - auc: 0.9294 - binary_accuracy: 0.8470 - loss: 0.3732
[1m 89/108[0m [32m━━━━━━━━━━━━━━━━[0m[37m━━━━[0m [1m5s[0m 287ms/step - auc: 0.9294 - binary_accuracy: 0.8469 - loss: 0.3734
[1m 90/108[0m [32m━━━━━━━━━━━━━━━━[0m[37m━━━━[0m [1m5s[0m 287ms/step - auc: 0.9293 - binary_accuracy: 0.8468 - loss: 0.3736
[1m 91/108[0m [32m━━━━━━━━━━━━━━━━[0m[37m━━━━[0m [1m4s[0m 287ms/step - auc: 0.9293 - binary_accuracy: 0.8468 - loss: 0.3737
[1m 92/108[0m [32m━━━━━━━━━━━━━━━━━[0m[37m━━━[0m [1m4s[0m 287ms/step - auc: 0.9293 - binary_accuracy: 0.8467 - loss: 0.3739
[1m 93/108[0m [32m━━━━━━━━━━━━━━━━━[0m[37m━━━[0m [1m4s[0m 287ms/step - auc: 0.9293 - binary_accuracy: 0.8466 - loss: 0.3741
[1m 94/108[0m [32m━━━━━━━━━━━━━━━━━[0m[37m━━━[0m [1m4s[0m 287ms/step - auc: 0.9292 - binary_accuracy: 0.8465 - loss: 0.3743
[1m 95/108[0m [32m━━━━━━━━━━━━━━━━━[0m[37m━━━[0m [1m3s[0m 287ms/step - auc: 0.9291 - binary_accuracy: 0.8464 - loss: 0.3745
[1m 96/108[0m [32m━━━━━━━━━━━━━━━━━[0m[37m━━━[0m [1m3s[0m 287ms/step - auc: 0.9291 - binary_accuracy: 0.8464 - loss: 0.3748
[1m 97/108[0m [32m━━━━━━━━━━━━━━━━━[0m[37m━━━[0m [1m3s[0m 287ms/step - auc: 0.9290 - binary_accuracy: 0.8463 - loss: 0.3750
[1m 98/108[0m [32m━━━━━━━━━━━━━━━━━━[0m[37m━━[0m [1m2s[0m 287ms/step - auc: 0.9290 - binary_accuracy: 0.8462 - loss: 0.3752
[1m 99/108[0m [32m━━━━━━━━━━━━━━━━━━[0m[37m━━[0m [1m2s[0m 287ms/step - auc: 0.9289 - binary_accuracy: 0.8460 - loss: 0.3754
[1m100/108[0m [32m━━━━━━━━━━━━━━━━━━[0m[37m━━[0m [1m2s[0m 287ms/step - auc: 0.9288 - binary_accuracy: 0.8459 - loss: 0.3756
[1m101/108[0m [32m━━━━━━━━━━━━━━━━━━[0m[37m━━[0m [1m2s[0m 287ms/step - auc: 0.9288 - binary_accuracy: 0.8458 - loss: 0.3758
[1m102/108[0m [32m━━━━━━━━━━━━━━━━━━[0m[37m━━[0m [1m1s[0m 287ms/step - auc: 0.9287 - binary_accuracy: 0.8457 - loss: 0.3760
[1m103/108[0m [32m━━━━━━━━━━━━━━━━━━━[0m[37m━[0m [1m1s[0m 287ms/step - auc: 0.9287 - binary_accuracy: 0.8456 - loss: 0.3762
[1m104/108[0m [32m━━━━━━━━━━━━━━━━━━━[0m[37m━[0m [1m1s[0m 287ms/step - auc: 0.9286 - binary_accuracy: 0.8455 - loss: 0.3763
[1m105/108[0m [32m━━━━━━━━━━━━━━━━━━━[0m[37m━[0m [1m0s[0m 287ms/step - auc: 0.9286 - binary_accuracy: 0.8454 - loss: 0.3765
[1m106/108[0m [32m━━━━━━━━━━━━━━━━━━━[0m[37m━[0m [1m0s[0m 287ms/step - auc: 0.9285 - binary_accuracy: 0.8454 - loss: 0.3767
[1m107/108[0m [32m━━━━━━━━━━━━━━━━━━━[0m[37m━[0m [1m0s[0m 287ms/step - auc: 0.9284 - binary_accuracy: 0.8453 - loss: 0.3769
[1m108/108[0m [32m━━━━━━━━━━━━━━━━━━━━[0m[37m[0m [1m0s[0m 286ms/step - auc: 0.9284 - binary_accuracy: 0.8453 - loss: 0.3771transfer phase-a: epoch 2/8 done in 37.3s loss=0.3980 auc=0.9205 val_loss=0.5219 val_auc=0.8967

[1m108/108[0m [32m━━━━━━━━━━━━━━━━━━━━[0m[37m[0m [1m37s[0m 344ms/step - auc: 0.9205 - binary_accuracy: 0.8404 - loss: 0.3980 - val_auc: 0.8967 - val_binary_accuracy: 0.7587 - val_loss: 0.5219
transfer phase-a: epoch 3/8 start
Epoch 3/5

[1m  1/108[0m [37m━━━━━━━━━━━━━━━━━━━━[0m [1m54s[0m 510ms/step - auc: 0.9444 - binary_accuracy: 0.7500 - loss: 0.4247
[1m  2/108[0m [37m━━━━━━━━━━━━━━━━━━━━[0m [1m29s[0m 279ms/step - auc: 0.9515 - binary_accuracy: 0.7422 - loss: 0.4198
[1m  3/108[0m [37m━━━━━━━━━━━━━━━━━━━━[0m [1m29s[0m 280ms/step - auc: 0.9568 - binary_accuracy: 0.7413 - loss: 0.4120
[1m  4/108[0m [37m━━━━━━━━━━━━━━━━━━━━[0m [1m29s[0m 280ms/step - auc: 0.9613 - binary_accuracy: 0.7415 - loss: 0.4062
[1m  5/108[0m [37m━━━━━━━━━━━━━━━━━━━━[0m [1m29s[0m 284ms/step - auc: 0.9653 - binary_accuracy: 0.7470 - loss: 0.3961
[1m  6/108[0m [32m━[0m[37m━━━━━━━━━━━━━━━━━━━[0m [1m28s[0m 283ms/step - auc: 0.9687 - binary_accuracy: 0.7553 - loss: 0.3853
[1m  7/108[0m [32m━[0m[37m━━━━━━━━━━━━━━━━━━━[0m [1m28s[0m 283ms/step - auc: 0.9714 - binary_accuracy: 0.7654 - loss: 0.3732
[1m  8/108[0m [32m━[0m[37m━━━━━━━━━━━━━━━━━━━[0m [1m28s[0m 282ms/step - auc: 0.9718 - binary_accuracy: 0.7752 - loss: 0.3648
[1m  9/108[0m [32m━[0m[37m━━━━━━━━━━━━━━━━━━━[0m [1m28s[0m 284ms/step - auc: 0.9721 - binary_accuracy: 0.7847 - loss: 0.3568
[1m 10/108[0m [32m━[0m[37m━━━━━━━━━━━━━━━━━━━[0m [1m27s[0m 284ms/step - auc: 0.9711 - binary_accuracy: 0.7931 - loss: 0.3510
[1m 11/108[0m [32m━━[0m[37m━━━━━━━━━━━━━━━━━━[0m [1m27s[0m 284ms/step - auc: 0.9695 - binary_accuracy: 0.8006 - loss: 0.3481
[1m 12/108[0m [32m━━[0m[37m━━━━━━━━━━━━━━━━━━[0m [1m27s[0m 283ms/step - auc: 0.9684 - binary_accuracy: 0.8076 - loss: 0.3438
[1m 13/108[0m [32m━━[0m[37m━━━━━━━━━━━━━━━━━━[0m [1m26s[0m 284ms/step - auc: 0.9656 - binary_accuracy: 0.8136 - loss: 0.3454
[1m 14/108[0m [32m━━[0m[37m━━━━━━━━━━━━━━━━━━[0m [1m26s[0m 284ms/step - auc: 0.9630 - binary_accuracy: 0.8184 - loss: 0.3471
[1m 15/108[0m [32m━━[0m[37m━━━━━━━━━━━━━━━━━━[0m [1m26s[0m 284ms/step - auc: 0.9606 - binary_accuracy: 0.8222 - loss: 0.3480
[1m 16/108[0m [32m━━[0m[37m━━━━━━━━━━━━━━━━━━[0m [1m26s[0m 284ms/step - auc: 0.9585 - binary_accuracy: 0.8250 - loss: 0.3487
[1m 17/108[0m [32m━━━[0m[37m━━━━━━━━━━━━━━━━━[0m [1m25s[0m 285ms/step - auc: 0.9562 - binary_accuracy: 0.8268 - loss: 0.3494
[1m 18/108[0m [32m━━━[0m[37m━━━━━━━━━━━━━━━━━[0m [1m25s[0m 286ms/step - auc: 0.9541 - binary_accuracy: 0.8278 - loss: 0.3501
[1m 19/108[0m [32m━━━[0m[37m━━━━━━━━━━━━━━━━━[0m [1m25s[0m 287ms/step - auc: 0.9521 - binary_accuracy: 0.8282 - loss: 0.3508
[1m 20/108[0m [32m━━━[0m[37m━━━━━━━━━━━━━━━━━[0m [1m25s[0m 288ms/step - auc: 0.9503 - binary_accuracy: 0.8283 - loss: 0.3514
[1m 21/108[0m [32m━━━[0m[37m━━━━━━━━━━━━━━━━━[0m [1m25s[0m 289ms/step - auc: 0.9488 - binary_accuracy: 0.8285 - loss: 0.3520
[1m 22/108[0m [32m━━━━[0m[37m━━━━━━━━━━━━━━━━[0m [1m24s[0m 289ms/step - auc: 0.9477 - binary_accuracy: 0.8291 - loss: 0.3525
[1m 23/108[0m [32m━━━━[0m[37m━━━━━━━━━━━━━━━━[0m [1m24s[0m 289ms/step - auc: 0.9467 - binary_accuracy: 0.8297 - loss: 0.3531
[1m 24/108[0m [32m━━━━[0m[37m━━━━━━━━━━━━━━━━[0m [1m24s[0m 288ms/step - auc: 0.9456 - binary_accuracy: 0.8304 - loss: 0.3538
[1m 25/108[0m [32m━━━━[0m[37m━━━━━━━━━━━━━━━━[0m [1m23s[0m 289ms/step - auc: 0.9447 - binary_accuracy: 0.8310 - loss: 0.3544
[1m 26/108[0m [32m━━━━[0m[37m━━━━━━━━━━━━━━━━[0m [1m23s[0m 288ms/step - auc: 0.9439 - binary_accuracy: 0.8318 - loss: 0.3547
[1m 27/108[0m [32m━━━━━[0m[37m━━━━━━━━━━━━━━━[0m [1m23s[0m 288ms/step - auc: 0.9430 - binary_accuracy: 0.8324 - loss: 0.3554
[1m 28/108[0m [32m━━━━━[0m[37m━━━━━━━━━━━━━━━[0m [1m23s[0m 288ms/step - auc: 0.9424 - binary_accuracy: 0.8331 - loss: 0.3561
[1m 29/108[0m [32m━━━━━[0m[37m━━━━━━━━━━━━━━━[0m [1m22s[0m 288ms/step - auc: 0.9416 - binary_accuracy: 0.8337 - loss: 0.3571
[1m 30/108[0m [32m━━━━━[0m[37m━━━━━━━━━━━━━━━[0m [1m22s[0m 288ms/step - auc: 0.9407 - binary_accuracy: 0.8342 - loss: 0.3584
[1m 31/108[0m [32m━━━━━[0m[37m━━━━━━━━━━━━━━━[0m [1m22s[0m 288ms/step - auc: 0.9398 - binary_accuracy: 0.8343 - loss: 0.3597
[1m 32/108[0m [32m━━━━━[0m[37m━━━━━━━━━━━━━━━[0m [1m21s[0m 288ms/step - auc: 0.9389 - binary_accuracy: 0.8342 - loss: 0.3611
[1m 33/108[0m [32m━━━━━━[0m[37m━━━━━━━━━━━━━━[0m [1m21s[0m 288ms/step - auc: 0.9381 - binary_accuracy: 0.8340 - loss: 0.3625
[1m 34/108[0m [32m━━━━━━[0m[37m━━━━━━━━━━━━━━[0m [1m21s[0m 288ms/step - auc: 0.9373 - binary_accuracy: 0.8339 - loss: 0.3637
[1m 35/108[0m [32m━━━━━━[0m[37m━━━━━━━━━━━━━━[0m [1m21s[0m 288ms/step - auc: 0.9366 - binary_accuracy: 0.8338 - loss: 0.3647
[1m 36/108[0m [32m━━━━━━[0m[37m━━━━━━━━━━━━━━[0m [1m20s[0m 288ms/step - auc: 0.9360 - binary_accuracy: 0.8336 - loss: 0.3655
[1m 37/108[0m [32m━━━━━━[0m[37m━━━━━━━━━━━━━━[0m [1m20s[0m 288ms/step - auc: 0.9354 - binary_accuracy: 0.8336 - loss: 0.3664
[1m 38/108[0m [32m━━━━━━━[0m[37m━━━━━━━━━━━━━[0m [1m20s[0m 288ms/step - auc: 0.9349 - binary_accuracy: 0.8336 - loss: 0.3670
[1m 39/108[0m [32m━━━━━━━[0m[37m━━━━━━━━━━━━━[0m [1m19s[0m 289ms/step - auc: 0.9345 - binary_accuracy: 0.8338 - loss: 0.3676
[1m 40/108[0m [32m━━━━━━━[0m[37m━━━━━━━━━━━━━[0m [1m19s[0m 288ms/step - auc: 0.9342 - binary_accuracy: 0.8340 - loss: 0.3679
[1m 41/108[0m [32m━━━━━━━[0m[37m━━━━━━━━━━━━━[0m [1m19s[0m 289ms/step - auc: 0.9338 - binary_accuracy: 0.8342 - loss: 0.3683
[1m 42/108[0m [32m━━━━━━━[0m[37m━━━━━━━━━━━━━[0m [1m19s[0m 289ms/step - auc: 0.9333 - binary_accuracy: 0.8345 - loss: 0.3689
[1m 43/108[0m [32m━━━━━━━[0m[37m━━━━━━━━━━━━━[0m [1m18s[0m 288ms/step - auc: 0.9328 - binary_accuracy: 0.8348 - loss: 0.3697
[1m 44/108[0m [32m━━━━━━━━[0m[37m━━━━━━━━━━━━[0m [1m18s[0m 288ms/step - auc: 0.9323 - binary_accuracy: 0.8351 - loss: 0.3704
[1m 45/108[0m [32m━━━━━━━━[0m[37m━━━━━━━━━━━━[0m [1m18s[0m 288ms/step - auc: 0.9319 - binary_accuracy: 0.8353 - loss: 0.3711
[1m 46/108[0m [32m━━━━━━━━[0m[37m━━━━━━━━━━━━[0m [1m17s[0m 288ms/step - auc: 0.9314 - binary_accuracy: 0.8353 - loss: 0.3718
[1m 47/108[0m [32m━━━━━━━━[0m[37m━━━━━━━━━━━━[0m [1m17s[0m 288ms/step - auc: 0.9309 - binary_accuracy: 0.8353 - loss: 0.3726
[1m 48/108[0m [32m━━━━━━━━[0m[37m━━━━━━━━━━━━[0m [1m17s[0m 288ms/step - auc: 0.9304 - binary_accuracy: 0.8351 - loss: 0.3733
[1m 49/108[0m [32m━━━━━━━━━[0m[37m━━━━━━━━━━━[0m [1m17s[0m 288ms/step - auc: 0.9300 - binary_accuracy: 0.8348 - loss: 0.3741
[1m 50/108[0m [32m━━━━━━━━━[0m[37m━━━━━━━━━━━[0m [1m16s[0m 288ms/step - auc: 0.9295 - binary_accuracy: 0.8345 - loss: 0.3747
[1m 51/108[0m [32m━━━━━━━━━[0m[37m━━━━━━━━━━━[0m [1m16s[0m 288ms/step - auc: 0.9291 - binary_accuracy: 0.8342 - loss: 0.3754
[1m 52/108[0m [32m━━━━━━━━━[0m[37m━━━━━━━━━━━[0m [1m16s[0m 288ms/step - auc: 0.9287 - binary_accuracy: 0.8340 - loss: 0.3760
[1m 53/108[0m [32m━━━━━━━━━[0m[37m━━━━━━━━━━━[0m [1m15s[0m 289ms/step - auc: 0.9283 - binary_accuracy: 0.8338 - loss: 0.3765
[1m 54/108[0m [32m━━━━━━━━━━[0m[37m━━━━━━━━━━[0m [1m15s[0m 288ms/step - auc: 0.9280 - binary_accuracy: 0.8337 - loss: 0.3771
[1m 55/108[0m [32m━━━━━━━━━━[0m[37m━━━━━━━━━━[0m [1m15s[0m 288ms/step - auc: 0.9277 - binary_accuracy: 0.8336 - loss: 0.3776
[1m 56/108[0m [32m━━━━━━━━━━[0m[37m━━━━━━━━━━[0m [1m14s[0m 288ms/step - auc: 0.9274 - binary_accuracy: 0.8336 - loss: 0.3780
[1m 57/108[0m [32m━━━━━━━━━━[0m[37m━━━━━━━━━━[0m [1m14s[0m 289ms/step - auc: 0.9271 - binary_accuracy: 0.8336 - loss: 0.3783
[1m 58/108[0m [32m━━━━━━━━━━[0m[37m━━━━━━━━━━[0m [1m14s[0m 289ms/step - auc: 0.9269 - binary_accuracy: 0.8336 - loss: 0.3786
[1m 59/108[0m [32m━━━━━━━━━━[0m[37m━━━━━━━━━━[0m [1m14s[0m 289ms/step - auc: 0.9266 - binary_accuracy: 0.8337 - loss: 0.3789
[1m 60/108[0m [32m━━━━━━━━━━━[0m[37m━━━━━━━━━[0m [1m13s[0m 289ms/step - auc: 0.9263 - binary_accuracy: 0.8337 - loss: 0.3792
[1m 61/108[0m [32m━━━━━━━━━━━[0m[37m━━━━━━━━━[0m [1m13s[0m 289ms/step - auc: 0.9260 - binary_accuracy: 0.8338 - loss: 0.3795
[1m 62/108[0m [32m━━━━━━━━━━━[0m[37m━━━━━━━━━[0m [1m13s[0m 289ms/step - auc: 0.9258 - binary_accuracy: 0.8339 - loss: 0.3798
[1m 63/108[0m [32m━━━━━━━━━━━[0m[37m━━━━━━━━━[0m [1m13s[0m 289ms/step - auc: 0.9255 - binary_accuracy: 0.8339 - loss: 0.3802
[1m 64/108[0m [32m━━━━━━━━━━━[0m[37m━━━━━━━━━[0m [1m12s[0m 289ms/step - auc: 0.9253 - binary_accuracy: 0.8340 - loss: 0.3805
[1m 65/108[0m [32m━━━━━━━━━━━━[0m[37m━━━━━━━━[0m [1m12s[0m 289ms/step - auc: 0.9251 - binary_accuracy: 0.8340 - loss: 0.3809
[1m 66/108[0m [32m━━━━━━━━━━━━[0m[37m━━━━━━━━[0m [1m12s[0m 289ms/step - auc: 0.9249 - binary_accuracy: 0.8339 - loss: 0.3812
[1m 67/108[0m [32m━━━━━━━━━━━━[0m[37m━━━━━━━━[0m [1m11s[0m 289ms/step - auc: 0.9247 - binary_accuracy: 0.8339 - loss: 0.3815
[1m 68/108[0m [32m━━━━━━━━━━━━[0m[37m━━━━━━━━[0m [1m11s[0m 289ms/step - auc: 0.9246 - binary_accuracy: 0.8339 - loss: 0.3819
[1m 69/108[0m [32m━━━━━━━━━━━━[0m[37m━━━━━━━━[0m [1m11s[0m 289ms/step - auc: 0.9244 - binary_accuracy: 0.8338 - loss: 0.3822
[1m 70/108[0m [32m━━━━━━━━━━━━[0m[37m━━━━━━━━[0m [1m10s[0m 289ms/step - auc: 0.9242 - binary_accuracy: 0.8338 - loss: 0.3825
[1m 71/108[0m [32m━━━━━━━━━━━━━[0m[37m━━━━━━━[0m [1m10s[0m 289ms/step - auc: 0.9241 - binary_accuracy: 0.8338 - loss: 0.3828
[1m 72/108[0m [32m━━━━━━━━━━━━━[0m[37m━━━━━━━[0m [1m10s[0m 289ms/step - auc: 0.9240 - binary_accuracy: 0.8338 - loss: 0.3830
[1m 73/108[0m [32m━━━━━━━━━━━━━[0m[37m━━━━━━━[0m [1m10s[0m 289ms/step - auc: 0.9239 - binary_accuracy: 0.8338 - loss: 0.3832
[1m 74/108[0m [32m━━━━━━━━━━━━━[0m[37m━━━━━━━[0m [1m9s[0m 289ms/step - auc: 0.9238 - binary_accuracy: 0.8339 - loss: 0.3835 
[1m 75/108[0m [32m━━━━━━━━━━━━━[0m[37m━━━━━━━[0m [1m9s[0m 289ms/step - auc: 0.9237 - binary_accuracy: 0.8339 - loss: 0.3837
[1m 76/108[0m [32m━━━━━━━━━━━━━━[0m[37m━━━━━━[0m [1m9s[0m 289ms/step - auc: 0.9236 - binary_accuracy: 0.8340 - loss: 0.3839
[1m 77/108[0m [32m━━━━━━━━━━━━━━[0m[37m━━━━━━[0m [1m8s[0m 289ms/step - auc: 0.9235 - binary_accuracy: 0.8340 - loss: 0.3841
[1m 78/108[0m [32m━━━━━━━━━━━━━━[0m[37m━━━━━━[0m [1m8s[0m 289ms/step - auc: 0.9235 - binary_accuracy: 0.8341 - loss: 0.3842
[1m 79/108[0m [32m━━━━━━━━━━━━━━[0m[37m━━━━━━[0m [1m8s[0m 289ms/step - auc: 0.9234 - binary_accuracy: 0.8341 - loss: 0.3844
[1m 80/108[0m [32m━━━━━━━━━━━━━━[0m[37m━━━━━━[0m [1m8s[0m 289ms/step - auc: 0.9233 - binary_accuracy: 0.8341 - loss: 0.3846
[1m 81/108[0m [32m━━━━━━━━━━━━━━━[0m[37m━━━━━[0m [1m7s[0m 289ms/step - auc: 0.9233 - binary_accuracy: 0.8341 - loss: 0.3847
[1m 82/108[0m [32m━━━━━━━━━━━━━━━[0m[37m━━━━━[0m [1m7s[0m 289ms/step - auc: 0.9232 - binary_accuracy: 0.8341 - loss: 0.3849
[1m 83/108[0m [32m━━━━━━━━━━━━━━━[0m[37m━━━━━[0m [1m7s[0m 289ms/step - auc: 0.9231 - binary_accuracy: 0.8341 - loss: 0.3851
[1m 84/108[0m [32m━━━━━━━━━━━━━━━[0m[37m━━━━━[0m [1m6s[0m 289ms/step - auc: 0.9231 - binary_accuracy: 0.8341 - loss: 0.3853
[1m 85/108[0m [32m━━━━━━━━━━━━━━━[0m[37m━━━━━[0m [1m6s[0m 289ms/step - auc: 0.9230 - binary_accuracy: 0.8341 - loss: 0.3855
[1m 86/108[0m [32m━━━━━━━━━━━━━━━[0m[37m━━━━━[0m [1m6s[0m 289ms/step - auc: 0.9230 - binary_accuracy: 0.8341 - loss: 0.3857
[1m 87/108[0m [32m━━━━━━━━━━━━━━━━[0m[37m━━━━[0m [1m6s[0m 289ms/step - auc: 0.9229 - binary_accuracy: 0.8341 - loss: 0.3859
[1m 88/108[0m [32m━━━━━━━━━━━━━━━━[0m[37m━━━━[0m [1m5s[0m 289ms/step - auc: 0.9228 - binary_accuracy: 0.8341 - loss: 0.3861
[1m 89/108[0m [32m━━━━━━━━━━━━━━━━[0m[37m━━━━[0m [1m5s[0m 289ms/step - auc: 0.9228 - binary_accuracy: 0.8341 - loss: 0.3863
[1m 90/108[0m [32m━━━━━━━━━━━━━━━━[0m[37m━━━━[0m [1m5s[0m 289ms/step - auc: 0.9227 - binary_accuracy: 0.8341 - loss: 0.3865
[1m 91/108[0m [32m━━━━━━━━━━━━━━━━[0m[37m━━━━[0m [1m4s[0m 289ms/step - auc: 0.9227 - binary_accuracy: 0.8340 - loss: 0.3867
[1m 92/108[0m [32m━━━━━━━━━━━━━━━━━[0m[37m━━━[0m [1m4s[0m 289ms/step - auc: 0.9226 - binary_accuracy: 0.8340 - loss: 0.3870
[1m 93/108[0m [32m━━━━━━━━━━━━━━━━━[0m[37m━━━[0m [1m4s[0m 289ms/step - auc: 0.9226 - binary_accuracy: 0.8339 - loss: 0.3872
[1m 94/108[0m [32m━━━━━━━━━━━━━━━━━[0m[37m━━━[0m [1m4s[0m 289ms/step - auc: 0.9225 - binary_accuracy: 0.8339 - loss: 0.3874
[1m 95/108[0m [32m━━━━━━━━━━━━━━━━━[0m[37m━━━[0m [1m3s[0m 289ms/step - auc: 0.9224 - binary_accuracy: 0.8338 - loss: 0.3877
[1m 96/108[0m [32m━━━━━━━━━━━━━━━━━[0m[37m━━━[0m [1m3s[0m 289ms/step - auc: 0.9223 - binary_accuracy: 0.8338 - loss: 0.3880
[1m 97/108[0m [32m━━━━━━━━━━━━━━━━━[0m[37m━━━[0m [1m3s[0m 289ms/step - auc: 0.9222 - binary_accuracy: 0.8337 - loss: 0.3883
[1m 98/108[0m [32m━━━━━━━━━━━━━━━━━━[0m[37m━━[0m [1m2s[0m 288ms/step - auc: 0.9221 - binary_accuracy: 0.8336 - loss: 0.3886
[1m 99/108[0m [32m━━━━━━━━━━━━━━━━━━[0m[37m━━[0m [1m2s[0m 288ms/step - auc: 0.9220 - binary_accuracy: 0.8335 - loss: 0.3889
[1m100/108[0m [32m━━━━━━━━━━━━━━━━━━[0m[37m━━[0m [1m2s[0m 288ms/step - auc: 0.9219 - binary_accuracy: 0.8334 - loss: 0.3892
[1m101/108[0m [32m━━━━━━━━━━━━━━━━━━[0m[37m━━[0m [1m2s[0m 288ms/step - auc: 0.9217 - binary_accuracy: 0.8332 - loss: 0.3895
[1m102/108[0m [32m━━━━━━━━━━━━━━━━━━[0m[37m━━[0m [1m1s[0m 288ms/step - auc: 0.9216 - binary_accuracy: 0.8331 - loss: 0.3898
[1m103/108[0m [32m━━━━━━━━━━━━━━━━━━━[0m[37m━[0m [1m1s[0m 288ms/step - auc: 0.9215 - binary_accuracy: 0.8330 - loss: 0.3900
[1m104/108[0m [32m━━━━━━━━━━━━━━━━━━━[0m[37m━[0m [1m1s[0m 288ms/step - auc: 0.9215 - binary_accuracy: 0.8329 - loss: 0.3902
[1m105/108[0m [32m━━━━━━━━━━━━━━━━━━━[0m[37m━[0m [1m0s[0m 288ms/step - auc: 0.9214 - binary_accuracy: 0.8328 - loss: 0.3904
[1m106/108[0m [32m━━━━━━━━━━━━━━━━━━━[0m[37m━[0m [1m0s[0m 288ms/step - auc: 0.9213 - binary_accuracy: 0.8327 - loss: 0.3907
[1m107/108[0m [32m━━━━━━━━━━━━━━━━━━━[0m[37m━[0m [1m0s[0m 288ms/step - auc: 0.9211 - binary_accuracy: 0.8327 - loss: 0.3909
[1m108/108[0m [32m━━━━━━━━━━━━━━━━━━━━[0m[37m[0m [1m0s[0m 287ms/step - auc: 0.9210 - binary_accuracy: 0.8326 - loss: 0.3912transfer phase-a: epoch 3/8 done in 37.5s loss=0.4209 auc=0.9077 val_loss=0.2803 val_auc=0.9040

[1m108/108[0m [32m━━━━━━━━━━━━━━━━━━━━[0m[37m[0m [1m38s[0m 346ms/step - auc: 0.9077 - binary_accuracy: 0.8259 - loss: 0.4209 - val_auc: 0.9040 - val_binary_accuracy: 0.9241 - val_loss: 0.2803
transfer phase-a: epoch 4/8 start
Epoch 4/5

[1m  1/108[0m [37m━━━━━━━━━━━━━━━━━━━━[0m [1m52s[0m 490ms/step - auc: 0.9593 - binary_accuracy: 0.9062 - loss: 0.4789
[1m  2/108[0m [37m━━━━━━━━━━━━━━━━━━━━[0m [1m31s[0m 293ms/step - auc: 0.9660 - binary_accuracy: 0.9062 - loss: 0.4383
[1m  3/108[0m [37m━━━━━━━━━━━━━━━━━━━━[0m [1m30s[0m 291ms/step - auc: 0.9668 - binary_accuracy: 0.9028 - loss: 0.4107
[1m  4/108[0m [37m━━━━━━━━━━━━━━━━━━━━[0m [1m29s[0m 287ms/step - auc: 0.9660 - binary_accuracy: 0.8880 - loss: 0.3966
[1m  5/108[0m [37m━━━━━━━━━━━━━━━━━━━━[0m [1m29s[0m 286ms/step - auc: 0.9654 - binary_accuracy: 0.8767 - loss: 0.3869
[1m  6/108[0m [32m━[0m[37m━━━━━━━━━━━━━━━━━━━[0m [1m29s[0m 285ms/step - auc: 0.9648 - binary_accuracy: 0.8651 - loss: 0.3815
[1m  7/108[0m [32m━[0m[37m━━━━━━━━━━━━━━━━━━━[0m [1m28s[0m 285ms/step - auc: 0.9649 - binary_accuracy: 0.8589 - loss: 0.3749
[1m  8/108[0m [32m━[0m[37m━━━━━━━━━━━━━━━━━━━[0m [1m28s[0m 285ms/step - auc: 0.9649 - binary_accuracy: 0.8560 - loss: 0.3694
[1m  9/108[0m [32m━[0m[37m━━━━━━━━━━━━━━━━━━━[0m [1m28s[0m 284ms/step - auc: 0.9654 - binary_accuracy: 0.8550 - loss: 0.3636
[1m 10/108[0m [32m━[0m[37m━━━━━━━━━━━━━━━━━━━[0m [1m27s[0m 283ms/step - auc: 0.9649 - binary_accuracy: 0.8555 - loss: 0.3586
[1m 11/108[0m [32m━━[0m[37m━━━━━━━━━━━━━━━━━━[0m [1m27s[0m 286ms/step - auc: 0.9633 - binary_accuracy: 0.8565 - loss: 0.3562
[1m 12/108[0m [32m━━[0m[37m━━━━━━━━━━━━━━━━━━[0m [1m27s[0m 287ms/step - auc: 0.9623 - binary_accuracy: 0.8582 - loss: 0.3524
[1m 13/108[0m [32m━━[0m[37m━━━━━━━━━━━━━━━━━━[0m [1m27s[0m 287ms/step - auc: 0.9590 - binary_accuracy: 0.8599 - loss: 0.3549
[1m 14/108[0m [32m━━[0m[37m━━━━━━━━━━━━━━━━━━[0m [1m26s[0m 287ms/step - auc: 0.9559 - binary_accuracy: 0.8616 - loss: 0.3575
[1m 15/108[0m [32m━━[0m[37m━━━━━━━━━━━━━━━━━━[0m [1m26s[0m 287ms/step - auc: 0.9533 - binary_accuracy: 0.8632 - loss: 0.3588
[1m 16/108[0m [32m━━[0m[37m━━━━━━━━━━━━━━━━━━[0m [1m26s[0m 287ms/step - auc: 0.9513 - binary_accuracy: 0.8650 - loss: 0.3594
[1m 17/108[0m [32m━━━[0m[37m━━━━━━━━━━━━━━━━━[0m [1m26s[0m 287ms/step - auc: 0.9493 - binary_accuracy: 0.8664 - loss: 0.3595
[1m 18/108[0m [32m━━━[0m[37m━━━━━━━━━━━━━━━━━[0m [1m25s[0m 287ms/step - auc: 0.9476 - binary_accuracy: 0.8674 - loss: 0.3592
[1m 19/108[0m [32m━━━[0m[37m━━━━━━━━━━━━━━━━━[0m [1m25s[0m 287ms/step - auc: 0.9461 - binary_accuracy: 0.8683 - loss: 0.3586
[1m 20/108[0m [32m━━━[0m[37m━━━━━━━━━━━━━━━━━[0m [1m25s[0m 287ms/step - auc: 0.9449 - binary_accuracy: 0.8691 - loss: 0.3579
[1m 21/108[0m [32m━━━[0m[37m━━━━━━━━━━━━━━━━━[0m [1m24s[0m 287ms/step - auc: 0.9440 - binary_accuracy: 0.8699 - loss: 0.3573
[1m 22/108[0m [32m━━━━[0m[37m━━━━━━━━━━━━━━━━[0m [1m24s[0m 287ms/step - auc: 0.9432 - binary_accuracy: 0.8706 - loss: 0.3572
[1m 23/108[0m [32m━━━━[0m[37m━━━━━━━━━━━━━━━━[0m [1m24s[0m 287ms/step - auc: 0.9425 - binary_accuracy: 0.8712 - loss: 0.3571
[1m 24/108[0m [32m━━━━[0m[37m━━━━━━━━━━━━━━━━[0m [1m24s[0m 287ms/step - auc: 0.9421 - binary_accuracy: 0.8718 - loss: 0.3570
[1m 25/108[0m [32m━━━━[0m[37m━━━━━━━━━━━━━━━━[0m [1m23s[0m 287ms/step - auc: 0.9416 - binary_accuracy: 0.8724 - loss: 0.3568
[1m 26/108[0m [32m━━━━[0m[37m━━━━━━━━━━━━━━━━[0m [1m23s[0m 287ms/step - auc: 0.9412 - binary_accuracy: 0.8728 - loss: 0.3564
[1m 27/108[0m [32m━━━━━[0m[37m━━━━━━━━━━━━━━━[0m [1m23s[0m 288ms/step - auc: 0.9410 - binary_accuracy: 0.8733 - loss: 0.3561
[1m 28/108[0m [32m━━━━━[0m[37m━━━━━━━━━━━━━━━[0m [1m23s[0m 288ms/step - auc: 0.9409 - binary_accuracy: 0.8736 - loss: 0.3561
[1m 29/108[0m [32m━━━━━[0m[37m━━━━━━━━━━━━━━━[0m [1m22s[0m 287ms/step - auc: 0.9406 - binary_accuracy: 0.8738 - loss: 0.3561
[1m 30/108[0m [32m━━━━━[0m[37m━━━━━━━━━━━━━━━[0m [1m22s[0m 287ms/step - auc: 0.9403 - binary_accuracy: 0.8740 - loss: 0.3564
[1m 31/108[0m [32m━━━━━[0m[37m━━━━━━━━━━━━━━━[0m [1m22s[0m 288ms/step - auc: 0.9400 - binary_accuracy: 0.8739 - loss: 0.3567
[1m 32/108[0m [32m━━━━━[0m[37m━━━━━━━━━━━━━━━[0m [1m21s[0m 287ms/step - auc: 0.9397 - binary_accuracy: 0.8738 - loss: 0.3571
[1m 33/108[0m [32m━━━━━━[0m[37m━━━━━━━━━━━━━━[0m [1m21s[0m 287ms/step - auc: 0.9394 - binary_accuracy: 0.8736 - loss: 0.3577
[1m 34/108[0m [32m━━━━━━[0m[37m━━━━━━━━━━━━━━[0m [1m21s[0m 287ms/step - auc: 0.9391 - binary_accuracy: 0.8734 - loss: 0.3581
[1m 35/108[0m [32m━━━━━━[0m[37m━━━━━━━━━━━━━━[0m [1m20s[0m 288ms/step - auc: 0.9388 - binary_accuracy: 0.8732 - loss: 0.3584
[1m 36/108[0m [32m━━━━━━[0m[37m━━━━━━━━━━━━━━[0m [1m20s[0m 287ms/step - auc: 0.9386 - binary_accuracy: 0.8731 - loss: 0.3585
[1m 37/108[0m [32m━━━━━━[0m[37m━━━━━━━━━━━━━━[0m [1m20s[0m 287ms/step - auc: 0.9384 - binary_accuracy: 0.8730 - loss: 0.3587
[1m 38/108[0m [32m━━━━━━━[0m[37m━━━━━━━━━━━━━[0m [1m20s[0m 287ms/step - auc: 0.9383 - binary_accuracy: 0.8729 - loss: 0.3587
[1m 39/108[0m [32m━━━━━━━[0m[37m━━━━━━━━━━━━━[0m [1m19s[0m 288ms/step - auc: 0.9382 - binary_accuracy: 0.8729 - loss: 0.3587
[1m 40/108[0m [32m━━━━━━━[0m[37m━━━━━━━━━━━━━[0m [1m19s[0m 287ms/step - auc: 0.9381 - binary_accuracy: 0.8729 - loss: 0.3586
[1m 41/108[0m [32m━━━━━━━[0m[37m━━━━━━━━━━━━━[0m [1m19s[0m 287ms/step - auc: 0.9380 - binary_accuracy: 0.8730 - loss: 0.3586
[1m 42/108[0m [32m━━━━━━━[0m[37m━━━━━━━━━━━━━[0m [1m18s[0m 287ms/step - auc: 0.9380 - binary_accuracy: 0.8731 - loss: 0.3586
[1m 43/108[0m [32m━━━━━━━[0m[37m━━━━━━━━━━━━━[0m [1m18s[0m 288ms/step - auc: 0.9379 - binary_accuracy: 0.8732 - loss: 0.3587
[1m 44/108[0m [32m━━━━━━━━[0m[37m━━━━━━━━━━━━[0m [1m18s[0m 287ms/step - auc: 0.9378 - binary_accuracy: 0.8733 - loss: 0.3588
[1m 45/108[0m [32m━━━━━━━━[0m[37m━━━━━━━━━━━━[0m [1m18s[0m 287ms/step - auc: 0.9378 - binary_accuracy: 0.8734 - loss: 0.3588
[1m 46/108[0m [32m━━━━━━━━[0m[37m━━━━━━━━━━━━[0m [1m17s[0m 288ms/step - auc: 0.9377 - binary_accuracy: 0.8734 - loss: 0.3589
[1m 47/108[0m [32m━━━━━━━━[0m[37m━━━━━━━━━━━━[0m [1m17s[0m 288ms/step - auc: 0.9376 - binary_accuracy: 0.8734 - loss: 0.3590
[1m 48/108[0m [32m━━━━━━━━[0m[37m━━━━━━━━━━━━[0m [1m17s[0m 288ms/step - auc: 0.9375 - binary_accuracy: 0.8733 - loss: 0.3591
[1m 49/108[0m [32m━━━━━━━━━[0m[37m━━━━━━━━━━━[0m [1m16s[0m 288ms/step - auc: 0.9374 - binary_accuracy: 0.8731 - loss: 0.3591
[1m 50/108[0m [32m━━━━━━━━━[0m[37m━━━━━━━━━━━[0m [1m16s[0m 288ms/step - auc: 0.9374 - binary_accuracy: 0.8729 - loss: 0.3592
[1m 51/108[0m [32m━━━━━━━━━[0m[37m━━━━━━━━━━━[0m [1m16s[0m 288ms/step - auc: 0.9373 - binary_accuracy: 0.8728 - loss: 0.3592
[1m 52/108[0m [32m━━━━━━━━━[0m[37m━━━━━━━━━━━[0m [1m16s[0m 288ms/step - auc: 0.9373 - binary_accuracy: 0.8727 - loss: 0.3591
[1m 53/108[0m [32m━━━━━━━━━[0m[37m━━━━━━━━━━━[0m [1m15s[0m 288ms/step - auc: 0.9373 - binary_accuracy: 0.8726 - loss: 0.3591
[1m 54/108[0m [32m━━━━━━━━━━[0m[37m━━━━━━━━━━[0m [1m15s[0m 288ms/step - auc: 0.9373 - binary_accuracy: 0.8726 - loss: 0.3591
[1m 55/108[0m [32m━━━━━━━━━━[0m[37m━━━━━━━━━━[0m [1m15s[0m 288ms/step - auc: 0.9373 - binary_accuracy: 0.8726 - loss: 0.3590
[1m 56/108[0m [32m━━━━━━━━━━[0m[37m━━━━━━━━━━[0m [1m14s[0m 288ms/step - auc: 0.9373 - binary_accuracy: 0.8726 - loss: 0.3589
[1m 57/108[0m [32m━━━━━━━━━━[0m[37m━━━━━━━━━━[0m [1m14s[0m 288ms/step - auc: 0.9374 - binary_accuracy: 0.8727 - loss: 0.3587
[1m 58/108[0m [32m━━━━━━━━━━[0m[37m━━━━━━━━━━[0m [1m14s[0m 288ms/step - auc: 0.9374 - binary_accuracy: 0.8728 - loss: 0.3585
[1m 59/108[0m [32m━━━━━━━━━━[0m[37m━━━━━━━━━━[0m [1m14s[0m 288ms/step - auc: 0.9374 - binary_accuracy: 0.8728 - loss: 0.3584
[1m 60/108[0m [32m━━━━━━━━━━━[0m[37m━━━━━━━━━[0m [1m13s[0m 288ms/step - auc: 0.9374 - binary_accuracy: 0.8729 - loss: 0.3582
[1m 61/108[0m [32m━━━━━━━━━━━[0m[37m━━━━━━━━━[0m [1m13s[0m 288ms/step - auc: 0.9374 - binary_accuracy: 0.8729 - loss: 0.3581
[1m 62/108[0m [32m━━━━━━━━━━━[0m[37m━━━━━━━━━[0m [1m13s[0m 288ms/step - auc: 0.9373 - binary_accuracy: 0.8729 - loss: 0.3581
[1m 63/108[0m [32m━━━━━━━━━━━[0m[37m━━━━━━━━━[0m [1m12s[0m 288ms/step - auc: 0.9373 - binary_accuracy: 0.8729 - loss: 0.3581
[1m 64/108[0m [32m━━━━━━━━━━━[0m[37m━━━━━━━━━[0m [1m12s[0m 288ms/step - auc: 0.9372 - binary_accuracy: 0.8728 - loss: 0.3582
[1m 65/108[0m [32m━━━━━━━━━━━━[0m[37m━━━━━━━━[0m [1m12s[0m 288ms/step - auc: 0.9372 - binary_accuracy: 0.8727 - loss: 0.3583
[1m 66/108[0m [32m━━━━━━━━━━━━[0m[37m━━━━━━━━[0m [1m12s[0m 288ms/step - auc: 0.9372 - binary_accuracy: 0.8726 - loss: 0.3583
[1m 67/108[0m [32m━━━━━━━━━━━━[0m[37m━━━━━━━━[0m [1m11s[0m 288ms/step - auc: 0.9371 - binary_accuracy: 0.8725 - loss: 0.3585
[1m 68/108[0m [32m━━━━━━━━━━━━[0m[37m━━━━━━━━[0m [1m11s[0m 288ms/step - auc: 0.9371 - binary_accuracy: 0.8725 - loss: 0.3586
[1m 69/108[0m [32m━━━━━━━━━━━━[0m[37m━━━━━━━━[0m [1m11s[0m 288ms/step - auc: 0.9370 - binary_accuracy: 0.8724 - loss: 0.3587
[1m 70/108[0m [32m━━━━━━━━━━━━[0m[37m━━━━━━━━[0m [1m10s[0m 288ms/step - auc: 0.9370 - binary_accuracy: 0.8724 - loss: 0.3588
[1m 71/108[0m [32m━━━━━━━━━━━━━[0m[37m━━━━━━━[0m [1m10s[0m 288ms/step - auc: 0.9370 - binary_accuracy: 0.8724 - loss: 0.3589
[1m 72/108[0m [32m━━━━━━━━━━━━━[0m[37m━━━━━━━[0m [1m10s[0m 288ms/step - auc: 0.9370 - binary_accuracy: 0.8724 - loss: 0.3590
[1m 73/108[0m [32m━━━━━━━━━━━━━[0m[37m━━━━━━━[0m [1m10s[0m 288ms/step - auc: 0.9370 - binary_accuracy: 0.8724 - loss: 0.3590
[1m 74/108[0m [32m━━━━━━━━━━━━━[0m[37m━━━━━━━[0m [1m9s[0m 288ms/step - auc: 0.9371 - binary_accuracy: 0.8724 - loss: 0.3590 
[1m 75/108[0m [32m━━━━━━━━━━━━━[0m[37m━━━━━━━[0m [1m9s[0m 288ms/step - auc: 0.9371 - binary_accuracy: 0.8724 - loss: 0.3590
[1m 76/108[0m [32m━━━━━━━━━━━━━━[0m[37m━━━━━━[0m [1m9s[0m 288ms/step - auc: 0.9371 - binary_accuracy: 0.8725 - loss: 0.3590
[1m 77/108[0m [32m━━━━━━━━━━━━━━[0m[37m━━━━━━[0m [1m8s[0m 288ms/step - auc: 0.9372 - binary_accuracy: 0.8724 - loss: 0.3590
[1m 78/108[0m [32m━━━━━━━━━━━━━━[0m[37m━━━━━━[0m [1m8s[0m 288ms/step - auc: 0.9372 - binary_accuracy: 0.8724 - loss: 0.3590
[1m 79/108[0m [32m━━━━━━━━━━━━━━[0m[37m━━━━━━[0m [1m8s[0m 288ms/step - auc: 0.9372 - binary_accuracy: 0.8724 - loss: 0.3589
[1m 80/108[0m [32m━━━━━━━━━━━━━━[0m[37m━━━━━━[0m [1m8s[0m 288ms/step - auc: 0.9373 - binary_accuracy: 0.8724 - loss: 0.3589
[1m 81/108[0m [32m━━━━━━━━━━━━━━━[0m[37m━━━━━[0m [1m7s[0m 288ms/step - auc: 0.9373 - binary_accuracy: 0.8724 - loss: 0.3589
[1m 82/108[0m [32m━━━━━━━━━━━━━━━[0m[37m━━━━━[0m [1m7s[0m 288ms/step - auc: 0.9374 - binary_accuracy: 0.8724 - loss: 0.3589
[1m 83/108[0m [32m━━━━━━━━━━━━━━━[0m[37m━━━━━[0m [1m7s[0m 288ms/step - auc: 0.9374 - binary_accuracy: 0.8724 - loss: 0.3589
[1m 84/108[0m [32m━━━━━━━━━━━━━━━[0m[37m━━━━━[0m [1m6s[0m 288ms/step - auc: 0.9375 - binary_accuracy: 0.8724 - loss: 0.3589
[1m 85/108[0m [32m━━━━━━━━━━━━━━━[0m[37m━━━━━[0m [1m6s[0m 288ms/step - auc: 0.9375 - binary_accuracy: 0.8723 - loss: 0.3589
[1m 86/108[0m [32m━━━━━━━━━━━━━━━[0m[37m━━━━━[0m [1m6s[0m 288ms/step - auc: 0.9375 - binary_accuracy: 0.8723 - loss: 0.3589
[1m 87/108[0m [32m━━━━━━━━━━━━━━━━[0m[37m━━━━[0m [1m6s[0m 288ms/step - auc: 0.9376 - binary_accuracy: 0.8722 - loss: 0.3590
[1m 88/108[0m [32m━━━━━━━━━━━━━━━━[0m[37m━━━━[0m [1m5s[0m 288ms/step - auc: 0.9376 - binary_accuracy: 0.8722 - loss: 0.3590
[1m 89/108[0m [32m━━━━━━━━━━━━━━━━[0m[37m━━━━[0m [1m5s[0m 288ms/step - auc: 0.9377 - binary_accuracy: 0.8722 - loss: 0.3590
[1m 90/108[0m [32m━━━━━━━━━━━━━━━━[0m[37m━━━━[0m [1m5s[0m 288ms/step - auc: 0.9377 - binary_accuracy: 0.8721 - loss: 0.3590
[1m 91/108[0m [32m━━━━━━━━━━━━━━━━[0m[37m━━━━[0m [1m4s[0m 288ms/step - auc: 0.9378 - binary_accuracy: 0.8721 - loss: 0.3590
[1m 92/108[0m [32m━━━━━━━━━━━━━━━━━[0m[37m━━━[0m [1m4s[0m 288ms/step - auc: 0.9378 - binary_accuracy: 0.8721 - loss: 0.3591
[1m 93/108[0m [32m━━━━━━━━━━━━━━━━━[0m[37m━━━[0m [1m4s[0m 288ms/step - auc: 0.9378 - binary_accuracy: 0.8720 - loss: 0.3591
[1m 94/108[0m [32m━━━━━━━━━━━━━━━━━[0m[37m━━━[0m [1m4s[0m 288ms/step - auc: 0.9379 - binary_accuracy: 0.8720 - loss: 0.3592
[1m 95/108[0m [32m━━━━━━━━━━━━━━━━━[0m[37m━━━[0m [1m3s[0m 288ms/step - auc: 0.9379 - binary_accuracy: 0.8719 - loss: 0.3592
[1m 96/108[0m [32m━━━━━━━━━━━━━━━━━[0m[37m━━━[0m [1m3s[0m 288ms/step - auc: 0.9379 - binary_accuracy: 0.8719 - loss: 0.3593
[1m 97/108[0m [32m━━━━━━━━━━━━━━━━━[0m[37m━━━[0m [1m3s[0m 288ms/step - auc: 0.9379 - binary_accuracy: 0.8718 - loss: 0.3593
[1m 98/108[0m [32m━━━━━━━━━━━━━━━━━━[0m[37m━━[0m [1m2s[0m 288ms/step - auc: 0.9380 - binary_accuracy: 0.8717 - loss: 0.3594
[1m 99/108[0m [32m━━━━━━━━━━━━━━━━━━[0m[37m━━[0m [1m2s[0m 288ms/step - auc: 0.9380 - binary_accuracy: 0.8716 - loss: 0.3594
[1m100/108[0m [32m━━━━━━━━━━━━━━━━━━[0m[37m━━[0m [1m2s[0m 288ms/step - auc: 0.9380 - binary_accuracy: 0.8715 - loss: 0.3595
[1m101/108[0m [32m━━━━━━━━━━━━━━━━━━[0m[37m━━[0m [1m2s[0m 288ms/step - auc: 0.9380 - binary_accuracy: 0.8714 - loss: 0.3595
[1m102/108[0m [32m━━━━━━━━━━━━━━━━━━[0m[37m━━[0m [1m1s[0m 288ms/step - auc: 0.9380 - binary_accuracy: 0.8713 - loss: 0.3596
[1m103/108[0m [32m━━━━━━━━━━━━━━━━━━━[0m[37m━[0m [1m1s[0m 288ms/step - auc: 0.9380 - binary_accuracy: 0.8712 - loss: 0.3596
[1m104/108[0m [32m━━━━━━━━━━━━━━━━━━━[0m[37m━[0m [1m1s[0m 288ms/step - auc: 0.9380 - binary_accuracy: 0.8711 - loss: 0.3596
[1m105/108[0m [32m━━━━━━━━━━━━━━━━━━━[0m[37m━[0m [1m0s[0m 288ms/step - auc: 0.9380 - binary_accuracy: 0.8710 - loss: 0.3597
[1m106/108[0m [32m━━━━━━━━━━━━━━━━━━━[0m[37m━[0m [1m0s[0m 288ms/step - auc: 0.9380 - binary_accuracy: 0.8710 - loss: 0.3597
[1m107/108[0m [32m━━━━━━━━━━━━━━━━━━━[0m[37m━[0m [1m0s[0m 288ms/step - auc: 0.9380 - binary_accuracy: 0.8709 - loss: 0.3597
[1m108/108[0m [32m━━━━━━━━━━━━━━━━━━━━[0m[37m[0m [1m0s[0m 286ms/step - auc: 0.9380 - binary_accuracy: 0.8708 - loss: 0.3598transfer phase-a: epoch 4/8 done in 37.5s loss=0.3671 auc=0.9366 val_loss=0.2737 val_auc=0.9586

[1m108/108[0m [32m━━━━━━━━━━━━━━━━━━━━[0m[37m[0m [1m37s[0m 345ms/step - auc: 0.9366 - binary_accuracy: 0.8628 - loss: 0.3671 - val_auc: 0.9586 - val_binary_accuracy: 0.9129 - val_loss: 0.2737
transfer phase-a: epoch 5/8 start
Epoch 5/5

[1m  1/108[0m [37m━━━━━━━━━━━━━━━━━━━━[0m [1m52s[0m 490ms/step - auc: 0.9778 - binary_accuracy: 0.8750 - loss: 0.3597
[1m  2/108[0m [37m━━━━━━━━━━━━━━━━━━━━[0m [1m29s[0m 281ms/step - auc: 0.9798 - binary_accuracy: 0.8906 - loss: 0.3521
[1m  3/108[0m [37m━━━━━━━━━━━━━━━━━━━━[0m [1m29s[0m 280ms/step - auc: 0.9817 - binary_accuracy: 0.8993 - loss: 0.3335
[1m  4/108[0m [37m━━━━━━━━━━━━━━━━━━━━[0m [1m29s[0m 282ms/step - auc: 0.9817 - binary_accuracy: 0.8932 - loss: 0.3251
[1m  5/108[0m [37m━━━━━━━━━━━━━━━━━━━━[0m [1m29s[0m 284ms/step - auc: 0.9818 - binary_accuracy: 0.8858 - loss: 0.3175
[1m  6/108[0m [32m━[0m[37m━━━━━━━━━━━━━━━━━━━[0m [1m28s[0m 283ms/step - auc: 0.9817 - binary_accuracy: 0.8806 - loss: 0.3114
[1m  7/108[0m [32m━[0m[37m━━━━━━━━━━━━━━━━━━━[0m [1m28s[0m 282ms/step - auc: 0.9821 - binary_accuracy: 0.8785 - loss: 0.3042
[1m  8/108[0m [32m━[0m[37m━━━━━━━━━━━━━━━━━━━[0m [1m28s[0m 282ms/step - auc: 0.9823 - binary_accuracy: 0.8781 - loss: 0.2986
[1m  9/108[0m [32m━[0m[37m━━━━━━━━━━━━━━━━━━━[0m [1m28s[0m 283ms/step - auc: 0.9828 - binary_accuracy: 0.8789 - loss: 0.2927
[1m 10/108[0m [32m━[0m[37m━━━━━━━━━━━━━━━━━━━[0m [1m27s[0m 283ms/step - auc: 0.9812 - binary_accuracy: 0.8794 - loss: 0.2910
[1m 11/108[0m [32m━━[0m[37m━━━━━━━━━━━━━━━━━━[0m [1m27s[0m 283ms/step - auc: 0.9796 - binary_accuracy: 0.8803 - loss: 0.2905
[1m 12/108[0m [32m━━[0m[37m━━━━━━━━━━━━━━━━━━[0m [1m27s[0m 283ms/step - auc: 0.9785 - binary_accuracy: 0.8818 - loss: 0.2887
[1m 13/108[0m [32m━━[0m[37m━━━━━━━━━━━━━━━━━━[0m [1m26s[0m 284ms/step - auc: 0.9765 - binary_accuracy: 0.8831 - loss: 0.2909
[1m 14/108[0m [32m━━[0m[37m━━━━━━━━━━━━━━━━━━[0m [1m26s[0m 285ms/step - auc: 0.9746 - binary_accuracy: 0.8843 - loss: 0.2929
[1m 15/108[0m [32m━━[0m[37m━━━━━━━━━━━━━━━━━━[0m [1m26s[0m 287ms/step - auc: 0.9727 - binary_accuracy: 0.8844 - loss: 0.2949
[1m 16/108[0m [32m━━[0m[37m━━━━━━━━━━━━━━━━━━[0m [1m26s[0m 288ms/step - auc: 0.9709 - binary_accuracy: 0.8839 - loss: 0.2966
[1m 17/108[0m [32m━━━[0m[37m━━━━━━━━━━━━━━━━━[0m [1m26s[0m 288ms/step - auc: 0.9691 - binary_accuracy: 0.8828 - loss: 0.2983
[1m 18/108[0m [32m━━━[0m[37m━━━━━━━━━━━━━━━━━[0m [1m25s[0m 288ms/step - auc: 0.9673 - binary_accuracy: 0.8814 - loss: 0.2999
[1m 19/108[0m [32m━━━[0m[37m━━━━━━━━━━━━━━━━━[0m [1m25s[0m 288ms/step - auc: 0.9657 - binary_accuracy: 0.8799 - loss: 0.3012
[1m 20/108[0m [32m━━━[0m[37m━━━━━━━━━━━━━━━━━[0m [1m25s[0m 288ms/step - auc: 0.9644 - binary_accuracy: 0.8786 - loss: 0.3023
[1m 21/108[0m [32m━━━[0m[37m━━━━━━━━━━━━━━━━━[0m [1m25s[0m 288ms/step - auc: 0.9634 - binary_accuracy: 0.8775 - loss: 0.3031
[1m 22/108[0m [32m━━━━[0m[37m━━━━━━━━━━━━━━━━[0m [1m24s[0m 288ms/step - auc: 0.9624 - binary_accuracy: 0.8768 - loss: 0.3043
[1m 23/108[0m [32m━━━━[0m[37m━━━━━━━━━━━━━━━━[0m [1m24s[0m 288ms/step - auc: 0.9615 - binary_accuracy: 0.8764 - loss: 0.3055
[1m 24/108[0m [32m━━━━[0m[37m━━━━━━━━━━━━━━━━[0m [1m24s[0m 288ms/step - auc: 0.9607 - binary_accuracy: 0.8761 - loss: 0.3067
[1m 25/108[0m [32m━━━━[0m[37m━━━━━━━━━━━━━━━━[0m [1m23s[0m 288ms/step - auc: 0.9599 - binary_accuracy: 0.8759 - loss: 0.3078
[1m 26/108[0m [32m━━━━[0m[37m━━━━━━━━━━━━━━━━[0m [1m23s[0m 288ms/step - auc: 0.9592 - binary_accuracy: 0.8757 - loss: 0.3085
[1m 27/108[0m [32m━━━━━[0m[37m━━━━━━━━━━━━━━━[0m [1m23s[0m 288ms/step - auc: 0.9587 - binary_accuracy: 0.8756 - loss: 0.3093
[1m 28/108[0m [32m━━━━━[0m[37m━━━━━━━━━━━━━━━[0m [1m23s[0m 288ms/step - auc: 0.9584 - binary_accuracy: 0.8754 - loss: 0.3102
[1m 29/108[0m [32m━━━━━[0m[37m━━━━━━━━━━━━━━━[0m [1m22s[0m 288ms/step - auc: 0.9579 - binary_accuracy: 0.8751 - loss: 0.3110
[1m 30/108[0m [32m━━━━━[0m[37m━━━━━━━━━━━━━━━[0m [1m22s[0m 288ms/step - auc: 0.9574 - binary_accuracy: 0.8748 - loss: 0.3121
[1m 31/108[0m [32m━━━━━[0m[37m━━━━━━━━━━━━━━━[0m [1m22s[0m 288ms/step - auc: 0.9569 - binary_accuracy: 0.8744 - loss: 0.3132
[1m 32/108[0m [32m━━━━━[0m[37m━━━━━━━━━━━━━━━[0m [1m21s[0m 288ms/step - auc: 0.9565 - binary_accuracy: 0.8739 - loss: 0.3142
[1m 33/108[0m [32m━━━━━━[0m[37m━━━━━━━━━━━━━━[0m [1m21s[0m 288ms/step - auc: 0.9562 - binary_accuracy: 0.8735 - loss: 0.3151
[1m 34/108[0m [32m━━━━━━[0m[37m━━━━━━━━━━━━━━[0m [1m21s[0m 288ms/step - auc: 0.9559 - binary_accuracy: 0.8730 - loss: 0.3158
[1m 35/108[0m [32m━━━━━━[0m[37m━━━━━━━━━━━━━━[0m [1m21s[0m 288ms/step - auc: 0.9556 - binary_accuracy: 0.8727 - loss: 0.3163
[1m 36/108[0m [32m━━━━━━[0m[37m━━━━━━━━━━━━━━[0m [1m20s[0m 288ms/step - auc: 0.9554 - binary_accuracy: 0.8723 - loss: 0.3167
[1m 37/108[0m [32m━━━━━━[0m[37m━━━━━━━━━━━━━━[0m [1m20s[0m 288ms/step - auc: 0.9551 - binary_accuracy: 0.8721 - loss: 0.3172
[1m 38/108[0m [32m━━━━━━━[0m[37m━━━━━━━━━━━━━[0m [1m20s[0m 288ms/step - auc: 0.9549 - binary_accuracy: 0.8719 - loss: 0.3177
[1m 39/108[0m [32m━━━━━━━[0m[37m━━━━━━━━━━━━━[0m [1m19s[0m 288ms/step - auc: 0.9548 - binary_accuracy: 0.8718 - loss: 0.3180
[1m 40/108[0m [32m━━━━━━━[0m[37m━━━━━━━━━━━━━[0m [1m19s[0m 288ms/step - auc: 0.9546 - binary_accuracy: 0.8717 - loss: 0.3182
[1m 41/108[0m [32m━━━━━━━[0m[37m━━━━━━━━━━━━━[0m [1m19s[0m 288ms/step - auc: 0.9544 - binary_accuracy: 0.8717 - loss: 0.3185
[1m 42/108[0m [32m━━━━━━━[0m[37m━━━━━━━━━━━━━[0m [1m19s[0m 288ms/step - auc: 0.9543 - binary_accuracy: 0.8716 - loss: 0.3188
[1m 43/108[0m [32m━━━━━━━[0m[37m━━━━━━━━━━━━━[0m [1m18s[0m 288ms/step - auc: 0.9542 - binary_accuracy: 0.8715 - loss: 0.3191
[1m 44/108[0m [32m━━━━━━━━[0m[37m━━━━━━━━━━━━[0m [1m18s[0m 288ms/step - auc: 0.9540 - binary_accuracy: 0.8714 - loss: 0.3195
[1m 45/108[0m [32m━━━━━━━━[0m[37m━━━━━━━━━━━━[0m [1m18s[0m 288ms/step - auc: 0.9538 - binary_accuracy: 0.8713 - loss: 0.3199
[1m 46/108[0m [32m━━━━━━━━[0m[37m━━━━━━━━━━━━[0m [1m17s[0m 288ms/step - auc: 0.9537 - binary_accuracy: 0.8711 - loss: 0.3203
[1m 47/108[0m [32m━━━━━━━━[0m[37m━━━━━━━━━━━━[0m [1m17s[0m 288ms/step - auc: 0.9535 - binary_accuracy: 0.8709 - loss: 0.3206
[1m 48/108[0m [32m━━━━━━━━[0m[37m━━━━━━━━━━━━[0m [1m17s[0m 288ms/step - auc: 0.9534 - binary_accuracy: 0.8706 - loss: 0.3209
[1m 49/108[0m [32m━━━━━━━━━[0m[37m━━━━━━━━━━━[0m [1m17s[0m 288ms/step - auc: 0.9532 - binary_accuracy: 0.8704 - loss: 0.3213
[1m 50/108[0m [32m━━━━━━━━━[0m[37m━━━━━━━━━━━[0m [1m16s[0m 288ms/step - auc: 0.9531 - binary_accuracy: 0.8701 - loss: 0.3215
[1m 51/108[0m [32m━━━━━━━━━[0m[37m━━━━━━━━━━━[0m [1m16s[0m 288ms/step - auc: 0.9530 - binary_accuracy: 0.8700 - loss: 0.3217
[1m 52/108[0m [32m━━━━━━━━━[0m[37m━━━━━━━━━━━[0m [1m16s[0m 288ms/step - auc: 0.9530 - binary_accuracy: 0.8698 - loss: 0.3219
[1m 53/108[0m [32m━━━━━━━━━[0m[37m━━━━━━━━━━━[0m [1m15s[0m 288ms/step - auc: 0.9529 - binary_accuracy: 0.8698 - loss: 0.3220
[1m 54/108[0m [32m━━━━━━━━━━[0m[37m━━━━━━━━━━[0m [1m15s[0m 289ms/step - auc: 0.9528 - binary_accuracy: 0.8697 - loss: 0.3222
[1m 55/108[0m [32m━━━━━━━━━━[0m[37m━━━━━━━━━━[0m [1m15s[0m 289ms/step - auc: 0.9528 - binary_accuracy: 0.8697 - loss: 0.3223
[1m 56/108[0m [32m━━━━━━━━━━[0m[37m━━━━━━━━━━[0m [1m15s[0m 289ms/step - auc: 0.9528 - binary_accuracy: 0.8697 - loss: 0.3223
[1m 57/108[0m [32m━━━━━━━━━━[0m[37m━━━━━━━━━━[0m [1m14s[0m 289ms/step - auc: 0.9528 - binary_accuracy: 0.8698 - loss: 0.3223
[1m 58/108[0m [32m━━━━━━━━━━[0m[37m━━━━━━━━━━[0m [1m14s[0m 289ms/step - auc: 0.9528 - binary_accuracy: 0.8698 - loss: 0.3222
[1m 59/108[0m [32m━━━━━━━━━━[0m[37m━━━━━━━━━━[0m [1m14s[0m 289ms/step - auc: 0.9527 - binary_accuracy: 0.8699 - loss: 0.3224
[1m 60/108[0m [32m━━━━━━━━━━━[0m[37m━━━━━━━━━[0m [1m13s[0m 289ms/step - auc: 0.9526 - binary_accuracy: 0.8699 - loss: 0.3224
[1m 61/108[0m [32m━━━━━━━━━━━[0m[37m━━━━━━━━━[0m [1m13s[0m 289ms/step - auc: 0.9526 - binary_accuracy: 0.8700 - loss: 0.3225
[1m 62/108[0m [32m━━━━━━━━━━━[0m[37m━━━━━━━━━[0m [1m13s[0m 289ms/step - auc: 0.9524 - binary_accuracy: 0.8700 - loss: 0.3227
[1m 63/108[0m [32m━━━━━━━━━━━[0m[37m━━━━━━━━━[0m [1m12s[0m 289ms/step - auc: 0.9523 - binary_accuracy: 0.8699 - loss: 0.3230
[1m 64/108[0m [32m━━━━━━━━━━━[0m[37m━━━━━━━━━[0m [1m12s[0m 289ms/step - auc: 0.9522 - binary_accuracy: 0.8698 - loss: 0.3232
[1m 65/108[0m [32m━━━━━━━━━━━━[0m[37m━━━━━━━━[0m [1m12s[0m 289ms/step - auc: 0.9521 - binary_accuracy: 0.8697 - loss: 0.3235
[1m 66/108[0m [32m━━━━━━━━━━━━[0m[37m━━━━━━━━[0m [1m12s[0m 289ms/step - auc: 0.9520 - binary_accuracy: 0.8696 - loss: 0.3238
[1m 67/108[0m [32m━━━━━━━━━━━━[0m[37m━━━━━━━━[0m [1m11s[0m 289ms/step - auc: 0.9519 - binary_accuracy: 0.8695 - loss: 0.3240
[1m 68/108[0m [32m━━━━━━━━━━━━[0m[37m━━━━━━━━[0m [1m11s[0m 289ms/step - auc: 0.9518 - binary_accuracy: 0.8694 - loss: 0.3243
[1m 69/108[0m [32m━━━━━━━━━━━━[0m[37m━━━━━━━━[0m [1m11s[0m 289ms/step - auc: 0.9517 - binary_accuracy: 0.8693 - loss: 0.3246
[1m 70/108[0m [32m━━━━━━━━━━━━[0m[37m━━━━━━━━[0m [1m10s[0m 289ms/step - auc: 0.9516 - binary_accuracy: 0.8693 - loss: 0.3248
[1m 71/108[0m [32m━━━━━━━━━━━━━[0m[37m━━━━━━━[0m [1m10s[0m 289ms/step - auc: 0.9515 - binary_accuracy: 0.8693 - loss: 0.3251
[1m 72/108[0m [32m━━━━━━━━━━━━━[0m[37m━━━━━━━[0m [1m10s[0m 289ms/step - auc: 0.9515 - binary_accuracy: 0.8692 - loss: 0.3253
[1m 73/108[0m [32m━━━━━━━━━━━━━[0m[37m━━━━━━━[0m [1m10s[0m 289ms/step - auc: 0.9514 - binary_accuracy: 0.8692 - loss: 0.3255
[1m 74/108[0m [32m━━━━━━━━━━━━━[0m[37m━━━━━━━[0m [1m9s[0m 289ms/step - auc: 0.9514 - binary_accuracy: 0.8692 - loss: 0.3257 
[1m 75/108[0m [32m━━━━━━━━━━━━━[0m[37m━━━━━━━[0m [1m9s[0m 289ms/step - auc: 0.9513 - binary_accuracy: 0.8692 - loss: 0.3259
[1m 76/108[0m [32m━━━━━━━━━━━━━━[0m[37m━━━━━━[0m [1m9s[0m 289ms/step - auc: 0.9513 - binary_accuracy: 0.8692 - loss: 0.3261
[1m 77/108[0m [32m━━━━━━━━━━━━━━[0m[37m━━━━━━[0m [1m8s[0m 289ms/step - auc: 0.9512 - binary_accuracy: 0.8691 - loss: 0.3263
[1m 78/108[0m [32m━━━━━━━━━━━━━━[0m[37m━━━━━━[0m [1m8s[0m 289ms/step - auc: 0.9512 - binary_accuracy: 0.8691 - loss: 0.3264
[1m 79/108[0m [32m━━━━━━━━━━━━━━[0m[37m━━━━━━[0m [1m8s[0m 289ms/step - auc: 0.9511 - binary_accuracy: 0.8691 - loss: 0.3266
[1m 80/108[0m [32m━━━━━━━━━━━━━━[0m[37m━━━━━━[0m [1m8s[0m 289ms/step - auc: 0.9511 - binary_accuracy: 0.8691 - loss: 0.3267
[1m 81/108[0m [32m━━━━━━━━━━━━━━━[0m[37m━━━━━[0m [1m7s[0m 289ms/step - auc: 0.9511 - binary_accuracy: 0.8691 - loss: 0.3269
[1m 82/108[0m [32m━━━━━━━━━━━━━━━[0m[37m━━━━━[0m [1m7s[0m 289ms/step - auc: 0.9510 - binary_accuracy: 0.8691 - loss: 0.3270
[1m 83/108[0m [32m━━━━━━━━━━━━━━━[0m[37m━━━━━[0m [1m7s[0m 289ms/step - auc: 0.9510 - binary_accuracy: 0.8690 - loss: 0.3272
[1m 84/108[0m [32m━━━━━━━━━━━━━━━[0m[37m━━━━━[0m [1m6s[0m 289ms/step - auc: 0.9510 - binary_accuracy: 0.8690 - loss: 0.3274
[1m 85/108[0m [32m━━━━━━━━━━━━━━━[0m[37m━━━━━[0m [1m6s[0m 289ms/step - auc: 0.9509 - binary_accuracy: 0.8690 - loss: 0.3275
[1m 86/108[0m [32m━━━━━━━━━━━━━━━[0m[37m━━━━━[0m [1m6s[0m 289ms/step - auc: 0.9509 - binary_accuracy: 0.8689 - loss: 0.3277
[1m 87/108[0m [32m━━━━━━━━━━━━━━━━[0m[37m━━━━[0m [1m6s[0m 289ms/step - auc: 0.9508 - binary_accuracy: 0.8689 - loss: 0.3279
[1m 88/108[0m [32m━━━━━━━━━━━━━━━━[0m[37m━━━━[0m [1m5s[0m 289ms/step - auc: 0.9508 - binary_accuracy: 0.8688 - loss: 0.3281
[1m 89/108[0m [32m━━━━━━━━━━━━━━━━[0m[37m━━━━[0m [1m5s[0m 289ms/step - auc: 0.9508 - binary_accuracy: 0.8687 - loss: 0.3283
[1m 90/108[0m [32m━━━━━━━━━━━━━━━━[0m[37m━━━━[0m [1m5s[0m 289ms/step - auc: 0.9507 - binary_accuracy: 0.8687 - loss: 0.3285
[1m 91/108[0m [32m━━━━━━━━━━━━━━━━[0m[37m━━━━[0m [1m4s[0m 289ms/step - auc: 0.9507 - binary_accuracy: 0.8686 - loss: 0.3287
[1m 92/108[0m [32m━━━━━━━━━━━━━━━━━[0m[37m━━━[0m [1m4s[0m 289ms/step - auc: 0.9507 - binary_accuracy: 0.8685 - loss: 0.3289
[1m 93/108[0m [32m━━━━━━━━━━━━━━━━━[0m[37m━━━[0m [1m4s[0m 289ms/step - auc: 0.9506 - binary_accuracy: 0.8684 - loss: 0.3291
[1m 94/108[0m [32m━━━━━━━━━━━━━━━━━[0m[37m━━━[0m [1m4s[0m 289ms/step - auc: 0.9506 - binary_accuracy: 0.8684 - loss: 0.3293
[1m 95/108[0m [32m━━━━━━━━━━━━━━━━━[0m[37m━━━[0m [1m3s[0m 289ms/step - auc: 0.9505 - binary_accuracy: 0.8683 - loss: 0.3296
[1m 96/108[0m [32m━━━━━━━━━━━━━━━━━[0m[37m━━━[0m [1m3s[0m 288ms/step - auc: 0.9504 - binary_accuracy: 0.8682 - loss: 0.3298
[1m 97/108[0m [32m━━━━━━━━━━━━━━━━━[0m[37m━━━[0m [1m3s[0m 289ms/step - auc: 0.9504 - binary_accuracy: 0.8682 - loss: 0.3301
[1m 98/108[0m [32m━━━━━━━━━━━━━━━━━━[0m[37m━━[0m [1m2s[0m 288ms/step - auc: 0.9503 - binary_accuracy: 0.8681 - loss: 0.3303
[1m 99/108[0m [32m━━━━━━━━━━━━━━━━━━[0m[37m━━[0m [1m2s[0m 288ms/step - auc: 0.9502 - binary_accuracy: 0.8680 - loss: 0.3306
[1m100/108[0m [32m━━━━━━━━━━━━━━━━━━[0m[37m━━[0m [1m2s[0m 288ms/step - auc: 0.9501 - binary_accuracy: 0.8678 - loss: 0.3308
[1m101/108[0m [32m━━━━━━━━━━━━━━━━━━[0m[37m━━[0m [1m2s[0m 288ms/step - auc: 0.9501 - binary_accuracy: 0.8677 - loss: 0.3311
[1m102/108[0m [32m━━━━━━━━━━━━━━━━━━[0m[37m━━[0m [1m1s[0m 288ms/step - auc: 0.9500 - binary_accuracy: 0.8676 - loss: 0.3313
[1m103/108[0m [32m━━━━━━━━━━━━━━━━━━━[0m[37m━[0m [1m1s[0m 288ms/step - auc: 0.9499 - binary_accuracy: 0.8674 - loss: 0.3316
[1m104/108[0m [32m━━━━━━━━━━━━━━━━━━━[0m[37m━[0m [1m1s[0m 288ms/step - auc: 0.9499 - binary_accuracy: 0.8673 - loss: 0.3318
[1m105/108[0m [32m━━━━━━━━━━━━━━━━━━━[0m[37m━[0m [1m0s[0m 288ms/step - auc: 0.9498 - binary_accuracy: 0.8672 - loss: 0.3320
[1m106/108[0m [32m━━━━━━━━━━━━━━━━━━━[0m[37m━[0m [1m0s[0m 288ms/step - auc: 0.9497 - binary_accuracy: 0.8671 - loss: 0.3322
[1m107/108[0m [32m━━━━━━━━━━━━━━━━━━━[0m[37m━[0m [1m0s[0m 288ms/step - auc: 0.9496 - binary_accuracy: 0.8670 - loss: 0.3325
[1m108/108[0m [32m━━━━━━━━━━━━━━━━━━━━[0m[37m[0m [1m0s[0m 287ms/step - auc: 0.9495 - binary_accuracy: 0.8670 - loss: 0.3327transfer phase-a: epoch 5/8 done in 37.5s loss=0.3620 auc=0.9384 val_loss=0.2564 val_auc=0.9458

[1m108/108[0m [32m━━━━━━━━━━━━━━━━━━━━[0m[37m[0m [1m37s[0m 345ms/step - auc: 0.9384 - binary_accuracy: 0.8578 - loss: 0.3620 - val_auc: 0.9458 - val_binary_accuracy: 0.9204 - val_loss: 0.2564
[INFO] focus_binary.focus_binary.models.transfer: phase1: head training
transfer final: epoch 1/3 start
Epoch 1/3

[1m  1/133[0m [37m━━━━━━━━━━━━━━━━━━━━[0m [1m11:33[0m 5s/step - auc: 0.1935 - binary_accuracy: 0.0312 - loss: 1.2998
[1m  2/133[0m [37m━━━━━━━━━━━━━━━━━━━━[0m [1m6:41[0m 3s/step - auc: 0.2527 - binary_accuracy: 0.1719 - loss: 1.2187 
[1m  3/133[0m [37m━━━━━━━━━━━━━━━━━━━━[0m [1m5:35[0m 3s/step - auc: 0.3191 - binary_accuracy: 0.2743 - loss: 1.1026
[1m  4/133[0m [37m━━━━━━━━━━━━━━━━━━━━[0m [1m5:44[0m 3s/step - auc: 0.3677 - binary_accuracy: 0.3464 - loss: 1.0333
[1m  5/133[0m [37m━━━━━━━━━━━━━━━━━━━━[0m [1m5:45[0m 3s/step - auc: 0.3968 - binary_accuracy: 0.4021 - loss: 1.0263
[1m  6/133[0m [37m━━━━━━━━━━━━━━━━━━━━[0m [1m5:55[0m 3s/step - auc: 0.4107 - binary_accuracy: 0.4427 - loss: 1.0424
[1m  7/133[0m [32m━[0m[37m━━━━━━━━━━━━━━━━━━━[0m [1m5:40[0m 3s/step - auc: 0.4235 - binary_accuracy: 0.4719 - loss: 1.0579
[1m  8/133[0m [32m━[0m[37m━━━━━━━━━━━━━━━━━━━[0m [1m5:55[0m 3s/step - auc: 0.4372 - binary_accuracy: 0.4945 - loss: 1.0576
[1m  9/133[0m [32m━[0m[37m━━━━━━━━━━━━━━━━━━━[0m [1m5:47[0m 3s/step - auc: 0.4462 - binary_accuracy: 0.5090 - loss: 1.0571
[1m 10/133[0m [32m━[0m[37m━━━━━━━━━━━━━━━━━━━[0m [1m5:33[0m 3s/step - auc: 0.4495 - binary_accuracy: 0.5168 - loss: 1.0589
[1m 11/133[0m [32m━[0m[37m━━━━━━━━━━━━━━━━━━━[0m [1m5:42[0m 3s/step - auc: 0.4529 - binary_accuracy: 0.5218 - loss: 1.0586
[1m 12/133[0m [32m━[0m[37m━━━━━━━━━━━━━━━━━━━[0m [1m5:32[0m 3s/step - auc: 0.4577 - binary_accuracy: 0.5241 - loss: 1.0575
[1m 13/133[0m [32m━[0m[37m━━━━━━━━━━━━━━━━━━━[0m [1m5:32[0m 3s/step - auc: 0.4619 - binary_accuracy: 0.5244 - loss: 1.0554
[1m 14/133[0m [32m━━[0m[37m━━━━━━━━━━━━━━━━━━[0m [1m5:29[0m 3s/step - auc: 0.4655 - binary_accuracy: 0.5232 - loss: 1.0528
[1m 15/133[0m [32m━━[0m[37m━━━━━━━━━━━━━━━━━━[0m [1m5:23[0m 3s/step - auc: 0.4692 - binary_accuracy: 0.5212 - loss: 1.0488
[1m 16/133[0m [32m━━[0m[37m━━━━━━━━━━━━━━━━━━[0m [1m5:20[0m 3s/step - auc: 0.4734 - binary_accuracy: 0.5190 - loss: 1.0438
[1m 17/133[0m [32m━━[0m[37m━━━━━━━━━━━━━━━━━━[0m [1m5:17[0m 3s/step - auc: 0.4779 - binary_accuracy: 0.5177 - loss: 1.0378
[1m 18/133[0m [32m━━[0m[37m━━━━━━━━━━━━━━━━━━[0m [1m5:08[0m 3s/step - auc: 0.4825 - binary_accuracy: 0.5174 - loss: 1.0312
[1m 19/133[0m [32m━━[0m[37m━━━━━━━━━━━━━━━━━━[0m [1m5:07[0m 3s/step - auc: 0.4867 - binary_accuracy: 0.5179 - loss: 1.0249
[1m 20/133[0m [32m━━━[0m[37m━━━━━━━━━━━━━━━━━[0m [1m5:10[0m 3s/step - auc: 0.4912 - binary_accuracy: 0.5192 - loss: 1.0175
[1m 21/133[0m [32m━━━[0m[37m━━━━━━━━━━━━━━━━━[0m [1m5:00[0m 3s/step - auc: 0.4957 - binary_accuracy: 0.5214 - loss: 1.0098
[1m 22/133[0m [32m━━━[0m[37m━━━━━━━━━━━━━━━━━[0m [1m5:03[0m 3s/step - auc: 0.5000 - binary_accuracy: 0.5241 - loss: 1.0023
[1m 23/133[0m [32m━━━[0m[37m━━━━━━━━━━━━━━━━━[0m [1m5:02[0m 3s/step - auc: 0.5037 - binary_accuracy: 0.5269 - loss: 0.9959
[1m 24/133[0m [32m━━━[0m[37m━━━━━━━━━━━━━━━━━[0m [1m5:00[0m 3s/step - auc: 0.5073 - binary_accuracy: 0.5300 - loss: 0.9896
[1m 25/133[0m [32m━━━[0m[37m━━━━━━━━━━━━━━━━━[0m [1m5:01[0m 3s/step - auc: 0.5105 - binary_accuracy: 0.5330 - loss: 0.9844
[1m 26/133[0m [32m━━━[0m[37m━━━━━━━━━━━━━━━━━[0m [1m4:57[0m 3s/step - auc: 0.5139 - binary_accuracy: 0.5363 - loss: 0.9789
[1m 27/133[0m [32m━━━━[0m[37m━━━━━━━━━━━━━━━━[0m [1m4:57[0m 3s/step - auc: 0.5172 - binary_accuracy: 0.5395 - loss: 0.9733
[1m 28/133[0m [32m━━━━[0m[37m━━━━━━━━━━━━━━━━[0m [1m4:58[0m 3s/step - auc: 0.5204 - binary_accuracy: 0.5426 - loss: 0.9679
[1m 29/133[0m [32m━━━━[0m[37m━━━━━━━━━━━━━━━━[0m [1m4:56[0m 3s/step - auc: 0.5235 - binary_accuracy: 0.5454 - loss: 0.9626
[1m 30/133[0m [32m━━━━[0m[37m━━━━━━━━━━━━━━━━[0m [1m4:56[0m 3s/step - auc: 0.5264 - binary_accuracy: 0.5479 - loss: 0.9574
[1m 31/133[0m [32m━━━━[0m[37m━━━━━━━━━━━━━━━━[0m [1m4:52[0m 3s/step - auc: 0.5292 - binary_accuracy: 0.5502 - loss: 0.9522
[1m 32/133[0m [32m━━━━[0m[37m━━━━━━━━━━━━━━━━[0m [1m4:51[0m 3s/step - auc: 0.5320 - binary_accuracy: 0.5522 - loss: 0.9472
[1m 33/133[0m [32m━━━━[0m[37m━━━━━━━━━━━━━━━━[0m [1m4:48[0m 3s/step - auc: 0.5349 - binary_accuracy: 0.5540 - loss: 0.9423
[1m 34/133[0m [32m━━━━━[0m[37m━━━━━━━━━━━━━━━[0m [1m4:45[0m 3s/step - auc: 0.5378 - binary_accuracy: 0.5556 - loss: 0.9376
[1m 35/133[0m [32m━━━━━[0m[37m━━━━━━━━━━━━━━━[0m [1m4:45[0m 3s/step - auc: 0.5407 - binary_accuracy: 0.5572 - loss: 0.9330
[1m 36/133[0m [32m━━━━━[0m[37m━━━━━━━━━━━━━━━[0m [1m4:39[0m 3s/step - auc: 0.5436 - binary_accuracy: 0.5588 - loss: 0.9283
[1m 37/133[0m [32m━━━━━[0m[37m━━━━━━━━━━━━━━━[0m [1m4:39[0m 3s/step - auc: 0.5464 - binary_accuracy: 0.5604 - loss: 0.9240
[1m 38/133[0m [32m━━━━━[0m[37m━━━━━━━━━━━━━━━[0m [1m4:38[0m 3s/step - auc: 0.5493 - binary_accuracy: 0.5620 - loss: 0.9197
[1m 39/133[0m [32m━━━━━[0m[37m━━━━━━━━━━━━━━━[0m [1m4:37[0m 3s/step - auc: 0.5523 - binary_accuracy: 0.5637 - loss: 0.9153
[1m 40/133[0m [32m━━━━━━[0m[37m━━━━━━━━━━━━━━[0m [1m4:32[0m 3s/step - auc: 0.5554 - binary_accuracy: 0.5654 - loss: 0.9110
[1m 41/133[0m [32m━━━━━━[0m[37m━━━━━━━━━━━━━━[0m [1m4:31[0m 3s/step - auc: 0.5583 - binary_accuracy: 0.5671 - loss: 0.9068
[1m 42/133[0m [32m━━━━━━[0m[37m━━━━━━━━━━━━━━[0m [1m4:28[0m 3s/step - auc: 0.5613 - binary_accuracy: 0.5687 - loss: 0.9025
[1m 43/133[0m [32m━━━━━━[0m[37m━━━━━━━━━━━━━━[0m [1m4:25[0m 3s/step - auc: 0.5642 - binary_accuracy: 0.5705 - loss: 0.8981
[1m 44/133[0m [32m━━━━━━[0m[37m━━━━━━━━━━━━━━[0m [1m4:19[0m 3s/step - auc: 0.5672 - binary_accuracy: 0.5722 - loss: 0.8938
[1m 45/133[0m [32m━━━━━━[0m[37m━━━━━━━━━━━━━━[0m [1m4:16[0m 3s/step - auc: 0.5701 - binary_accuracy: 0.5740 - loss: 0.8895
[1m 46/133[0m [32m━━━━━━[0m[37m━━━━━━━━━━━━━━[0m [1m4:15[0m 3s/step - auc: 0.5729 - binary_accuracy: 0.5759 - loss: 0.8854
[1m 47/133[0m [32m━━━━━━━[0m[37m━━━━━━━━━━━━━[0m [1m4:10[0m 3s/step - auc: 0.5757 - binary_accuracy: 0.5777 - loss: 0.8813
[1m 48/133[0m [32m━━━━━━━[0m[37m━━━━━━━━━━━━━[0m [1m4:08[0m 3s/step - auc: 0.5785 - binary_accuracy: 0.5797 - loss: 0.8770
[1m 49/133[0m [32m━━━━━━━[0m[37m━━━━━━━━━━━━━[0m [1m4:05[0m 3s/step - auc: 0.5813 - binary_accuracy: 0.5817 - loss: 0.8728
[1m 50/133[0m [32m━━━━━━━[0m[37m━━━━━━━━━━━━━[0m [1m4:04[0m 3s/step - auc: 0.5841 - binary_accuracy: 0.5838 - loss: 0.8690
[1m 51/133[0m [32m━━━━━━━[0m[37m━━━━━━━━━━━━━[0m [1m4:01[0m 3s/step - auc: 0.5867 - binary_accuracy: 0.5857 - loss: 0.8652
[1m 52/133[0m [32m━━━━━━━[0m[37m━━━━━━━━━━━━━[0m [1m3:59[0m 3s/step - auc: 0.5893 - binary_accuracy: 0.5877 - loss: 0.8614
[1m 53/133[0m [32m━━━━━━━[0m[37m━━━━━━━━━━━━━[0m [1m3:55[0m 3s/step - auc: 0.5919 - binary_accuracy: 0.5896 - loss: 0.8577
[1m 54/133[0m [32m━━━━━━━━[0m[37m━━━━━━━━━━━━[0m [1m3:53[0m 3s/step - auc: 0.5944 - binary_accuracy: 0.5916 - loss: 0.8541
[1m 55/133[0m [32m━━━━━━━━[0m[37m━━━━━━━━━━━━[0m [1m3:51[0m 3s/step - auc: 0.5969 - binary_accuracy: 0.5935 - loss: 0.8504
[1m 56/133[0m [32m━━━━━━━━[0m[37m━━━━━━━━━━━━[0m [1m3:49[0m 3s/step - auc: 0.5992 - binary_accuracy: 0.5954 - loss: 0.8470
[1m 57/133[0m [32m━━━━━━━━[0m[37m━━━━━━━━━━━━[0m [1m3:45[0m 3s/step - auc: 0.6015 - binary_accuracy: 0.5972 - loss: 0.8435
[1m 58/133[0m [32m━━━━━━━━[0m[37m━━━━━━━━━━━━[0m [1m3:43[0m 3s/step - auc: 0.6038 - binary_accuracy: 0.5989 - loss: 0.8402
[1m 59/133[0m [32m━━━━━━━━[0m[37m━━━━━━━━━━━━[0m [1m3:41[0m 3s/step - auc: 0.6061 - binary_accuracy: 0.6005 - loss: 0.8368
[1m 60/133[0m [32m━━━━━━━━━[0m[37m━━━━━━━━━━━[0m [1m3:39[0m 3s/step - auc: 0.6083 - binary_accuracy: 0.6021 - loss: 0.8336
[1m 61/133[0m [32m━━━━━━━━━[0m[37m━━━━━━━━━━━[0m [1m3:35[0m 3s/step - auc: 0.6105 - binary_accuracy: 0.6036 - loss: 0.8303
[1m 62/133[0m [32m━━━━━━━━━[0m[37m━━━━━━━━━━━[0m [1m3:33[0m 3s/step - auc: 0.6127 - binary_accuracy: 0.6051 - loss: 0.8271
[1m 63/133[0m [32m━━━━━━━━━[0m[37m━━━━━━━━━━━[0m [1m3:30[0m 3s/step - auc: 0.6148 - binary_accuracy: 0.6065 - loss: 0.8240
[1m 64/133[0m [32m━━━━━━━━━[0m[37m━━━━━━━━━━━[0m [1m3:27[0m 3s/step - auc: 0.6169 - binary_accuracy: 0.6079 - loss: 0.8209
[1m 65/133[0m [32m━━━━━━━━━[0m[37m━━━━━━━━━━━[0m [1m3:25[0m 3s/step - auc: 0.6191 - binary_accuracy: 0.6094 - loss: 0.8179
[1m 66/133[0m [32m━━━━━━━━━[0m[37m━━━━━━━━━━━[0m [1m3:22[0m 3s/step - auc: 0.6213 - binary_accuracy: 0.6108 - loss: 0.8149
[1m 67/133[0m [32m━━━━━━━━━━[0m[37m━━━━━━━━━━[0m [1m3:19[0m 3s/step - auc: 0.6234 - binary_accuracy: 0.6121 - loss: 0.8120
[1m 68/133[0m [32m━━━━━━━━━━[0m[37m━━━━━━━━━━[0m [1m3:15[0m 3s/step - auc: 0.6255 - binary_accuracy: 0.6135 - loss: 0.8091
[1m 69/133[0m [32m━━━━━━━━━━[0m[37m━━━━━━━━━━[0m [1m3:13[0m 3s/step - auc: 0.6277 - binary_accuracy: 0.6149 - loss: 0.8062
[1m 70/133[0m [32m━━━━━━━━━━[0m[37m━━━━━━━━━━[0m [1m3:10[0m 3s/step - auc: 0.6297 - binary_accuracy: 0.6163 - loss: 0.8035
[1m 71/133[0m [32m━━━━━━━━━━[0m[37m━━━━━━━━━━[0m [1m3:06[0m 3s/step - auc: 0.6317 - binary_accuracy: 0.6176 - loss: 0.8009
[1m 72/133[0m [32m━━━━━━━━━━[0m[37m━━━━━━━━━━[0m [1m3:03[0m 3s/step - auc: 0.6337 - binary_accuracy: 0.6189 - loss: 0.7983
[1m 73/133[0m [32m━━━━━━━━━━[0m[37m━━━━━━━━━━[0m [1m3:01[0m 3s/step - auc: 0.6356 - binary_accuracy: 0.6203 - loss: 0.7957
[1m 74/133[0m [32m━━━━━━━━━━━[0m[37m━━━━━━━━━[0m [1m2:58[0m 3s/step - auc: 0.6375 - binary_accuracy: 0.6216 - loss: 0.7932
[1m 75/133[0m [32m━━━━━━━━━━━[0m[37m━━━━━━━━━[0m [1m2:56[0m 3s/step - auc: 0.6394 - binary_accuracy: 0.6228 - loss: 0.7907
[1m 76/133[0m [32m━━━━━━━━━━━[0m[37m━━━━━━━━━[0m [1m2:52[0m 3s/step - auc: 0.6413 - binary_accuracy: 0.6240 - loss: 0.7883
[1m 77/133[0m [32m━━━━━━━━━━━[0m[37m━━━━━━━━━[0m [1m2:50[0m 3s/step - auc: 0.6431 - binary_accuracy: 0.6252 - loss: 0.7858
[1m 78/133[0m [32m━━━━━━━━━━━[0m[37m━━━━━━━━━[0m [1m2:47[0m 3s/step - auc: 0.6449 - binary_accuracy: 0.6264 - loss: 0.7835
[1m 79/133[0m [32m━━━━━━━━━━━[0m[37m━━━━━━━━━[0m [1m2:45[0m 3s/step - auc: 0.6466 - binary_accuracy: 0.6275 - loss: 0.7811
[1m 80/133[0m [32m━━━━━━━━━━━━[0m[37m━━━━━━━━[0m [1m2:42[0m 3s/step - auc: 0.6484 - binary_accuracy: 0.6287 - loss: 0.7788
[1m 81/133[0m [32m━━━━━━━━━━━━[0m[37m━━━━━━━━[0m [1m2:38[0m 3s/step - auc: 0.6501 - binary_accuracy: 0.6298 - loss: 0.7766
[1m 82/133[0m [32m━━━━━━━━━━━━[0m[37m━━━━━━━━[0m [1m2:35[0m 3s/step - auc: 0.6518 - binary_accuracy: 0.6309 - loss: 0.7743
[1m 83/133[0m [32m━━━━━━━━━━━━[0m[37m━━━━━━━━[0m [1m2:33[0m 3s/step - auc: 0.6535 - binary_accuracy: 0.6320 - loss: 0.7721
[1m 84/133[0m [32m━━━━━━━━━━━━[0m[37m━━━━━━━━[0m [1m2:30[0m 3s/step - auc: 0.6552 - binary_accuracy: 0.6330 - loss: 0.7700
[1m 85/133[0m [32m━━━━━━━━━━━━[0m[37m━━━━━━━━[0m [1m2:27[0m 3s/step - auc: 0.6569 - binary_accuracy: 0.6340 - loss: 0.7678
[1m 86/133[0m [32m━━━━━━━━━━━━[0m[37m━━━━━━━━[0m [1m2:25[0m 3s/step - auc: 0.6585 - binary_accuracy: 0.6351 - loss: 0.7658
[1m 87/133[0m [32m━━━━━━━━━━━━━[0m[37m━━━━━━━[0m [1m2:21[0m 3s/step - auc: 0.6601 - binary_accuracy: 0.6360 - loss: 0.7637
[1m 88/133[0m [32m━━━━━━━━━━━━━[0m[37m━━━━━━━[0m [1m2:18[0m 3s/step - auc: 0.6618 - binary_accuracy: 0.6370 - loss: 0.7617
[1m 89/133[0m [32m━━━━━━━━━━━━━[0m[37m━━━━━━━[0m [1m2:15[0m 3s/step - auc: 0.6633 - binary_accuracy: 0.6380 - loss: 0.7597
[1m 90/133[0m [32m━━━━━━━━━━━━━[0m[37m━━━━━━━[0m [1m2:12[0m 3s/step - auc: 0.6649 - binary_accuracy: 0.6389 - loss: 0.7578
[1m 91/133[0m [32m━━━━━━━━━━━━━[0m[37m━━━━━━━[0m [1m2:09[0m 3s/step - auc: 0.6664 - binary_accuracy: 0.6399 - loss: 0.7558
[1m 92/133[0m [32m━━━━━━━━━━━━━[0m[37m━━━━━━━[0m [1m2:06[0m 3s/step - auc: 0.6680 - binary_accuracy: 0.6409 - loss: 0.7539
[1m 93/133[0m [32m━━━━━━━━━━━━━[0m[37m━━━━━━━[0m [1m2:03[0m 3s/step - auc: 0.6695 - binary_accuracy: 0.6418 - loss: 0.7520
[1m 94/133[0m [32m━━━━━━━━━━━━━━[0m[37m━━━━━━[0m [1m2:00[0m 3s/step - auc: 0.6710 - binary_accuracy: 0.6427 - loss: 0.7500
[1m 95/133[0m [32m━━━━━━━━━━━━━━[0m[37m━━━━━━[0m [1m1:57[0m 3s/step - auc: 0.6724 - binary_accuracy: 0.6436 - loss: 0.7482
[1m 96/133[0m [32m━━━━━━━━━━━━━━[0m[37m━━━━━━[0m [1m1:54[0m 3s/step - auc: 0.6738 - binary_accuracy: 0.6445 - loss: 0.7464
[1m 97/133[0m [32m━━━━━━━━━━━━━━[0m[37m━━━━━━[0m [1m1:51[0m 3s/step - auc: 0.6752 - binary_accuracy: 0.6454 - loss: 0.7447
[1m 98/133[0m [32m━━━━━━━━━━━━━━[0m[37m━━━━━━[0m [1m1:48[0m 3s/step - auc: 0.6765 - binary_accuracy: 0.6463 - loss: 0.7429
[1m 99/133[0m [32m━━━━━━━━━━━━━━[0m[37m━━━━━━[0m [1m1:45[0m 3s/step - auc: 0.6779 - binary_accuracy: 0.6471 - loss: 0.7413
[1m100/133[0m [32m━━━━━━━━━━━━━━━[0m[37m━━━━━[0m [1m1:42[0m 3s/step - auc: 0.6792 - binary_accuracy: 0.6480 - loss: 0.7396
[1m101/133[0m [32m━━━━━━━━━━━━━━━[0m[37m━━━━━[0m [1m1:39[0m 3s/step - auc: 0.6805 - binary_accuracy: 0.6488 - loss: 0.7380
[1m102/133[0m [32m━━━━━━━━━━━━━━━[0m[37m━━━━━[0m [1m1:36[0m 3s/step - auc: 0.6817 - binary_accuracy: 0.6496 - loss: 0.7364
[1m103/133[0m [32m━━━━━━━━━━━━━━━[0m[37m━━━━━[0m [1m1:32[0m 3s/step - auc: 0.6830 - binary_accuracy: 0.6504 - loss: 0.7348
[1m104/133[0m [32m━━━━━━━━━━━━━━━[0m[37m━━━━━[0m [1m1:29[0m 3s/step - auc: 0.6843 - binary_accuracy: 0.6511 - loss: 0.7332
[1m105/133[0m [32m━━━━━━━━━━━━━━━[0m[37m━━━━━[0m [1m1:26[0m 3s/step - auc: 0.6855 - binary_accuracy: 0.6519 - loss: 0.7316
[1m106/133[0m [32m━━━━━━━━━━━━━━━[0m[37m━━━━━[0m [1m1:23[0m 3s/step - auc: 0.6867 - binary_accuracy: 0.6526 - loss: 0.7301
[1m107/133[0m [32m━━━━━━━━━━━━━━━━[0m[37m━━━━[0m [1m1:20[0m 3s/step - auc: 0.6879 - binary_accuracy: 0.6533 - loss: 0.7286
[1m108/133[0m [32m━━━━━━━━━━━━━━━━[0m[37m━━━━[0m [1m1:17[0m 3s/step - auc: 0.6891 - binary_accuracy: 0.6540 - loss: 0.7271
[1m109/133[0m [32m━━━━━━━━━━━━━━━━[0m[37m━━━━[0m [1m1:14[0m 3s/step - auc: 0.6903 - binary_accuracy: 0.6547 - loss: 0.7256
[1m110/133[0m [32m━━━━━━━━━━━━━━━━[0m[37m━━━━[0m [1m1:11[0m 3s/step - auc: 0.6915 - binary_accuracy: 0.6554 - loss: 0.7241
[1m111/133[0m [32m━━━━━━━━━━━━━━━━[0m[37m━━━━[0m [1m1:08[0m 3s/step - auc: 0.6927 - binary_accuracy: 0.6561 - loss: 0.7227
[1m112/133[0m [32m━━━━━━━━━━━━━━━━[0m[37m━━━━[0m [1m1:04[0m 3s/step - auc: 0.6938 - binary_accuracy: 0.6567 - loss: 0.7212
[1m113/133[0m [32m━━━━━━━━━━━━━━━━[0m[37m━━━━[0m [1m1:01[0m 3s/step - auc: 0.6949 - binary_accuracy: 0.6574 - loss: 0.7198
[1m114/133[0m [32m━━━━━━━━━━━━━━━━━[0m[37m━━━[0m [1m58s[0m 3s/step - auc: 0.6960 - binary_accuracy: 0.6581 - loss: 0.7183 
[1m115/133[0m [32m━━━━━━━━━━━━━━━━━[0m[37m━━━[0m [1m55s[0m 3s/step - auc: 0.6971 - binary_accuracy: 0.6588 - loss: 0.7169
[1m116/133[0m [32m━━━━━━━━━━━━━━━━━[0m[37m━━━[0m [1m52s[0m 3s/step - auc: 0.6982 - binary_accuracy: 0.6594 - loss: 0.7155
[1m117/133[0m [32m━━━━━━━━━━━━━━━━━[0m[37m━━━[0m [1m49s[0m 3s/step - auc: 0.6992 - binary_accuracy: 0.6601 - loss: 0.7142
[1m118/133[0m [32m━━━━━━━━━━━━━━━━━[0m[37m━━━[0m [1m46s[0m 3s/step - auc: 0.7002 - binary_accuracy: 0.6608 - loss: 0.7128
[1m119/133[0m [32m━━━━━━━━━━━━━━━━━[0m[37m━━━[0m [1m43s[0m 3s/step - auc: 0.7013 - binary_accuracy: 0.6614 - loss: 0.7115
[1m120/133[0m [32m━━━━━━━━━━━━━━━━━━[0m[37m━━[0m [1m40s[0m 3s/step - auc: 0.7023 - binary_accuracy: 0.6621 - loss: 0.7102
[1m121/133[0m [32m━━━━━━━━━━━━━━━━━━[0m[37m━━[0m [1m37s[0m 3s/step - auc: 0.7033 - binary_accuracy: 0.6628 - loss: 0.7089
[1m122/133[0m [32m━━━━━━━━━━━━━━━━━━[0m[37m━━[0m [1m34s[0m 3s/step - auc: 0.7043 - binary_accuracy: 0.6634 - loss: 0.7076
[1m123/133[0m [32m━━━━━━━━━━━━━━━━━━[0m[37m━━[0m [1m30s[0m 3s/step - auc: 0.7052 - binary_accuracy: 0.6641 - loss: 0.7063
[1m124/133[0m [32m━━━━━━━━━━━━━━━━━━[0m[37m━━[0m [1m27s[0m 3s/step - auc: 0.7062 - binary_accuracy: 0.6647 - loss: 0.7050
[1m125/133[0m [32m━━━━━━━━━━━━━━━━━━[0m[37m━━[0m [1m24s[0m 3s/step - auc: 0.7072 - binary_accuracy: 0.6653 - loss: 0.7037
[1m126/133[0m [32m━━━━━━━━━━━━━━━━━━[0m[37m━━[0m [1m21s[0m 3s/step - auc: 0.7081 - binary_accuracy: 0.6659 - loss: 0.7025
[1m127/133[0m [32m━━━━━━━━━━━━━━━━━━━[0m[37m━[0m [1m18s[0m 3s/step - auc: 0.7090 - binary_accuracy: 0.6665 - loss: 0.7013
[1m128/133[0m [32m━━━━━━━━━━━━━━━━━━━[0m[37m━[0m [1m15s[0m 3s/step - auc: 0.7100 - binary_accuracy: 0.6670 - loss: 0.7000
[1m129/133[0m [32m━━━━━━━━━━━━━━━━━━━[0m[37m━[0m [1m12s[0m 3s/step - auc: 0.7109 - binary_accuracy: 0.6676 - loss: 0.6988
[1m130/133[0m [32m━━━━━━━━━━━━━━━━━━━[0m[37m━[0m [1m9s[0m 3s/step - auc: 0.7118 - binary_accuracy: 0.6682 - loss: 0.6976 
[1m131/133[0m [32m━━━━━━━━━━━━━━━━━━━[0m[37m━[0m [1m6s[0m 3s/step - auc: 0.7127 - binary_accuracy: 0.6688 - loss: 0.6964
[1m132/133[0m [32m━━━━━━━━━━━━━━━━━━━[0m[37m━[0m [1m3s[0m 3s/step - auc: 0.7136 - binary_accuracy: 0.6693 - loss: 0.6952
[1m133/133[0m [32m━━━━━━━━━━━━━━━━━━━━[0m[37m[0m [1m0s[0m 3s/step - auc: 0.7145 - binary_accuracy: 0.6699 - loss: 0.6940transfer final: epoch 1/3 done in 415.4s loss=0.5349 auc=0.8329

[1m133/133[0m [32m━━━━━━━━━━━━━━━━━━━━[0m[37m[0m [1m415s[0m 3s/step - auc: 0.8329 - binary_accuracy: 0.7455 - loss: 0.5349
transfer final: epoch 2/3 start
Epoch 2/3

[1m  1/133[0m [37m━━━━━━━━━━━━━━━━━━━━[0m [1m1:01[0m 466ms/step - auc: 1.0000 - binary_accuracy: 0.9375 - loss: 0.1914
[1m  2/133[0m [37m━━━━━━━━━━━━━━━━━━━━[0m [1m33s[0m 254ms/step - auc: 0.9864 - binary_accuracy: 0.9297 - loss: 0.2356 
[1m  3/133[0m [37m━━━━━━━━━━━━━━━━━━━━[0m [1m32s[0m 251ms/step - auc: 0.9851 - binary_accuracy: 0.9358 - loss: 0.2374
[1m  4/133[0m [37m━━━━━━━━━━━━━━━━━━━━[0m [1m31s[0m 246ms/step - auc: 0.9759 - binary_accuracy: 0.9362 - loss: 0.2580
[1m  5/133[0m [37m━━━━━━━━━━━━━━━━━━━━[0m [1m31s[0m 245ms/step - auc: 0.9610 - binary_accuracy: 0.9327 - loss: 0.3008
[1m  6/133[0m [37m━━━━━━━━━━━━━━━━━━━━[0m [1m31s[0m 247ms/step - auc: 0.9521 - binary_accuracy: 0.9300 - loss: 0.3317
[1m  7/133[0m [32m━[0m[37m━━━━━━━━━━━━━━━━━━━[0m [1m31s[0m 248ms/step - auc: 0.9481 - binary_accuracy: 0.9286 - loss: 0.3533
[1m  8/133[0m [32m━[0m[37m━━━━━━━━━━━━━━━━━━━[0m [1m30s[0m 247ms/step - auc: 0.9447 - binary_accuracy: 0.9263 - loss: 0.3666
[1m  9/133[0m [32m━[0m[37m━━━━━━━━━━━━━━━━━━━[0m [1m30s[0m 246ms/step - auc: 0.9422 - binary_accuracy: 0.9236 - loss: 0.3745
[1m 10/133[0m [32m━[0m[37m━━━━━━━━━━━━━━━━━━━[0m [1m30s[0m 245ms/step - auc: 0.9398 - binary_accuracy: 0.9210 - loss: 0.3789
[1m 11/133[0m [32m━[0m[37m━━━━━━━━━━━━━━━━━━━[0m [1m29s[0m 245ms/step - auc: 0.9375 - binary_accuracy: 0.9181 - loss: 0.3825
[1m 12/133[0m [32m━[0m[37m━━━━━━━━━━━━━━━━━━━[0m [1m29s[0m 247ms/step - auc: 0.9353 - binary_accuracy: 0.9143 - loss: 0.3858
[1m 13/133[0m [32m━[0m[37m━━━━━━━━━━━━━━━━━━━[0m [1m29s[0m 246ms/step - auc: 0.9338 - binary_accuracy: 0.9109 - loss: 0.3878
[1m 14/133[0m [32m━━[0m[37m━━━━━━━━━━━━━━━━━━[0m [1m29s[0m 248ms/step - auc: 0.9325 - binary_accuracy: 0.9080 - loss: 0.3893
[1m 15/133[0m [32m━━[0m[37m━━━━━━━━━━━━━━━━━━[0m [1m29s[0m 250ms/step - auc: 0.9312 - binary_accuracy: 0.9045 - loss: 0.3906
[1m 16/133[0m [32m━━[0m[37m━━━━━━━━━━━━━━━━━━[0m [1m29s[0m 250ms/step - auc: 0.9302 - binary_accuracy: 0.9014 - loss: 0.3913
[1m 17/133[0m [32m━━[0m[37m━━━━━━━━━━━━━━━━━━[0m [1m29s[0m 250ms/step - auc: 0.9295 - binary_accuracy: 0.8982 - loss: 0.3915
[1m 18/133[0m [32m━━[0m[37m━━━━━━━━━━━━━━━━━━[0m [1m28s[0m 250ms/step - auc: 0.9288 - binary_accuracy: 0.8950 - loss: 0.3918
[1m 19/133[0m [32m━━[0m[37m━━━━━━━━━━━━━━━━━━[0m [1m28s[0m 249ms/step - auc: 0.9285 - binary_accuracy: 0.8922 - loss: 0.3918
[1m 20/133[0m [32m━━━[0m[37m━━━━━━━━━━━━━━━━━[0m [1m28s[0m 249ms/step - auc: 0.9282 - binary_accuracy: 0.8896 - loss: 0.3913
[1m 21/133[0m [32m━━━[0m[37m━━━━━━━━━━━━━━━━━[0m [1m27s[0m 249ms/step - auc: 0.9282 - binary_accuracy: 0.8876 - loss: 0.3904
[1m 22/133[0m [32m━━━[0m[37m━━━━━━━━━━━━━━━━━[0m [1m27s[0m 249ms/step - auc: 0.9281 - binary_accuracy: 0.8860 - loss: 0.3897
[1m 23/133[0m [32m━━━[0m[37m━━━━━━━━━━━━━━━━━[0m [1m27s[0m 249ms/step - auc: 0.9280 - binary_accuracy: 0.8844 - loss: 0.3891
[1m 24/133[0m [32m━━━[0m[37m━━━━━━━━━━━━━━━━━[0m [1m27s[0m 249ms/step - auc: 0.9281 - binary_accuracy: 0.8832 - loss: 0.3884
[1m 25/133[0m [32m━━━[0m[37m━━━━━━━━━━━━━━━━━[0m [1m26s[0m 249ms/step - auc: 0.9280 - binary_accuracy: 0.8820 - loss: 0.3882
[1m 26/133[0m [32m━━━[0m[37m━━━━━━━━━━━━━━━━━[0m [1m26s[0m 249ms/step - auc: 0.9279 - binary_accuracy: 0.8811 - loss: 0.3880
[1m 27/133[0m [32m━━━━[0m[37m━━━━━━━━━━━━━━━━[0m [1m26s[0m 249ms/step - auc: 0.9279 - binary_accuracy: 0.8803 - loss: 0.3877
[1m 28/133[0m [32m━━━━[0m[37m━━━━━━━━━━━━━━━━[0m [1m26s[0m 249ms/step - auc: 0.9276 - binary_accuracy: 0.8797 - loss: 0.3877
[1m 29/133[0m [32m━━━━[0m[37m━━━━━━━━━━━━━━━━[0m [1m25s[0m 249ms/step - auc: 0.9274 - binary_accuracy: 0.8790 - loss: 0.3878
[1m 30/133[0m [32m━━━━[0m[37m━━━━━━━━━━━━━━━━[0m [1m25s[0m 249ms/step - auc: 0.9271 - binary_accuracy: 0.8783 - loss: 0.3879
[1m 31/133[0m [32m━━━━[0m[37m━━━━━━━━━━━━━━━━[0m [1m25s[0m 249ms/step - auc: 0.9269 - binary_accuracy: 0.8776 - loss: 0.3879
[1m 32/133[0m [32m━━━━[0m[37m━━━━━━━━━━━━━━━━[0m [1m25s[0m 249ms/step - auc: 0.9266 - binary_accuracy: 0.8768 - loss: 0.3879
[1m 33/133[0m [32m━━━━[0m[37m━━━━━━━━━━━━━━━━[0m [1m24s[0m 249ms/step - auc: 0.9264 - binary_accuracy: 0.8759 - loss: 0.3880
[1m 34/133[0m [32m━━━━━[0m[37m━━━━━━━━━━━━━━━[0m [1m24s[0m 249ms/step - auc: 0.9261 - binary_accuracy: 0.8750 - loss: 0.3880
[1m 35/133[0m [32m━━━━━[0m[37m━━━━━━━━━━━━━━━[0m [1m24s[0m 249ms/step - auc: 0.9259 - binary_accuracy: 0.8740 - loss: 0.3881
[1m 36/133[0m [32m━━━━━[0m[37m━━━━━━━━━━━━━━━[0m [1m24s[0m 249ms/step - auc: 0.9258 - binary_accuracy: 0.8731 - loss: 0.3880
[1m 37/133[0m [32m━━━━━[0m[37m━━━━━━━━━━━━━━━[0m [1m23s[0m 249ms/step - auc: 0.9256 - binary_accuracy: 0.8723 - loss: 0.3881
[1m 38/133[0m [32m━━━━━[0m[37m━━━━━━━━━━━━━━━[0m [1m23s[0m 249ms/step - auc: 0.9256 - binary_accuracy: 0.8715 - loss: 0.3880
[1m 39/133[0m [32m━━━━━[0m[37m━━━━━━━━━━━━━━━[0m [1m23s[0m 249ms/step - auc: 0.9256 - binary_accuracy: 0.8708 - loss: 0.3878
[1m 40/133[0m [32m━━━━━━[0m[37m━━━━━━━━━━━━━━[0m [1m23s[0m 249ms/step - auc: 0.9256 - binary_accuracy: 0.8702 - loss: 0.3877
[1m 41/133[0m [32m━━━━━━[0m[37m━━━━━━━━━━━━━━[0m [1m22s[0m 250ms/step - auc: 0.9256 - binary_accuracy: 0.8696 - loss: 0.3874
[1m 42/133[0m [32m━━━━━━[0m[37m━━━━━━━━━━━━━━[0m [1m22s[0m 250ms/step - auc: 0.9257 - binary_accuracy: 0.8690 - loss: 0.3871
[1m 43/133[0m [32m━━━━━━[0m[37m━━━━━━━━━━━━━━[0m [1m22s[0m 250ms/step - auc: 0.9258 - binary_accuracy: 0.8685 - loss: 0.3867
[1m 44/133[0m [32m━━━━━━[0m[37m━━━━━━━━━━━━━━[0m [1m22s[0m 250ms/step - auc: 0.9259 - binary_accuracy: 0.8681 - loss: 0.3862
[1m 45/133[0m [32m━━━━━━[0m[37m━━━━━━━━━━━━━━[0m [1m21s[0m 250ms/step - auc: 0.9261 - binary_accuracy: 0.8677 - loss: 0.3858
[1m 46/133[0m [32m━━━━━━[0m[37m━━━━━━━━━━━━━━[0m [1m21s[0m 250ms/step - auc: 0.9262 - binary_accuracy: 0.8674 - loss: 0.3853
[1m 47/133[0m [32m━━━━━━━[0m[37m━━━━━━━━━━━━━[0m [1m21s[0m 250ms/step - auc: 0.9264 - binary_accuracy: 0.8672 - loss: 0.3848
[1m 48/133[0m [32m━━━━━━━[0m[37m━━━━━━━━━━━━━[0m [1m21s[0m 250ms/step - auc: 0.9265 - binary_accuracy: 0.8670 - loss: 0.3843
[1m 49/133[0m [32m━━━━━━━[0m[37m━━━━━━━━━━━━━[0m [1m21s[0m 250ms/step - auc: 0.9267 - binary_accuracy: 0.8669 - loss: 0.3837
[1m 50/133[0m [32m━━━━━━━[0m[37m━━━━━━━━━━━━━[0m [1m20s[0m 250ms/step - auc: 0.9268 - binary_accuracy: 0.8667 - loss: 0.3833
[1m 51/133[0m [32m━━━━━━━[0m[37m━━━━━━━━━━━━━[0m [1m20s[0m 250ms/step - auc: 0.9269 - binary_accuracy: 0.8666 - loss: 0.3830
[1m 52/133[0m [32m━━━━━━━[0m[37m━━━━━━━━━━━━━[0m [1m20s[0m 250ms/step - auc: 0.9270 - binary_accuracy: 0.8666 - loss: 0.3827
[1m 53/133[0m [32m━━━━━━━[0m[37m━━━━━━━━━━━━━[0m [1m20s[0m 250ms/step - auc: 0.9271 - binary_accuracy: 0.8665 - loss: 0.3824
[1m 54/133[0m [32m━━━━━━━━[0m[37m━━━━━━━━━━━━[0m [1m19s[0m 250ms/step - auc: 0.9272 - binary_accuracy: 0.8665 - loss: 0.3821
[1m 55/133[0m [32m━━━━━━━━[0m[37m━━━━━━━━━━━━[0m [1m19s[0m 250ms/step - auc: 0.9273 - binary_accuracy: 0.8665 - loss: 0.3817
[1m 56/133[0m [32m━━━━━━━━[0m[37m━━━━━━━━━━━━[0m [1m19s[0m 250ms/step - auc: 0.9273 - binary_accuracy: 0.8664 - loss: 0.3814
[1m 57/133[0m [32m━━━━━━━━[0m[37m━━━━━━━━━━━━[0m [1m19s[0m 251ms/step - auc: 0.9273 - binary_accuracy: 0.8663 - loss: 0.3812
[1m 58/133[0m [32m━━━━━━━━[0m[37m━━━━━━━━━━━━[0m [1m18s[0m 251ms/step - auc: 0.9273 - binary_accuracy: 0.8662 - loss: 0.3809
[1m 59/133[0m [32m━━━━━━━━[0m[37m━━━━━━━━━━━━[0m [1m18s[0m 251ms/step - auc: 0.9273 - binary_accuracy: 0.8660 - loss: 0.3807
[1m 60/133[0m [32m━━━━━━━━━[0m[37m━━━━━━━━━━━[0m [1m18s[0m 251ms/step - auc: 0.9273 - binary_accuracy: 0.8658 - loss: 0.3805
[1m 61/133[0m [32m━━━━━━━━━[0m[37m━━━━━━━━━━━[0m [1m18s[0m 251ms/step - auc: 0.9274 - binary_accuracy: 0.8656 - loss: 0.3803
[1m 62/133[0m [32m━━━━━━━━━[0m[37m━━━━━━━━━━━[0m [1m17s[0m 251ms/step - auc: 0.9274 - binary_accuracy: 0.8653 - loss: 0.3801
[1m 63/133[0m [32m━━━━━━━━━[0m[37m━━━━━━━━━━━[0m [1m17s[0m 251ms/step - auc: 0.9274 - binary_accuracy: 0.8650 - loss: 0.3799
[1m 64/133[0m [32m━━━━━━━━━[0m[37m━━━━━━━━━━━[0m [1m17s[0m 251ms/step - auc: 0.9274 - binary_accuracy: 0.8648 - loss: 0.3797
[1m 65/133[0m [32m━━━━━━━━━[0m[37m━━━━━━━━━━━[0m [1m17s[0m 252ms/step - auc: 0.9274 - binary_accuracy: 0.8645 - loss: 0.3795
[1m 66/133[0m [32m━━━━━━━━━[0m[37m━━━━━━━━━━━[0m [1m16s[0m 252ms/step - auc: 0.9274 - binary_accuracy: 0.8643 - loss: 0.3794
[1m 67/133[0m [32m━━━━━━━━━━[0m[37m━━━━━━━━━━[0m [1m16s[0m 252ms/step - auc: 0.9275 - binary_accuracy: 0.8640 - loss: 0.3792
[1m 68/133[0m [32m━━━━━━━━━━[0m[37m━━━━━━━━━━[0m [1m16s[0m 252ms/step - auc: 0.9276 - binary_accuracy: 0.8637 - loss: 0.3790
[1m 69/133[0m [32m━━━━━━━━━━[0m[37m━━━━━━━━━━[0m [1m16s[0m 252ms/step - auc: 0.9276 - binary_accuracy: 0.8635 - loss: 0.3789
[1m 70/133[0m [32m━━━━━━━━━━[0m[37m━━━━━━━━━━[0m [1m15s[0m 253ms/step - auc: 0.9277 - binary_accuracy: 0.8634 - loss: 0.3788
[1m 71/133[0m [32m━━━━━━━━━━[0m[37m━━━━━━━━━━[0m [1m15s[0m 253ms/step - auc: 0.9277 - binary_accuracy: 0.8632 - loss: 0.3787
[1m 72/133[0m [32m━━━━━━━━━━[0m[37m━━━━━━━━━━[0m [1m15s[0m 253ms/step - auc: 0.9277 - binary_accuracy: 0.8630 - loss: 0.3787
[1m 73/133[0m [32m━━━━━━━━━━[0m[37m━━━━━━━━━━[0m [1m15s[0m 253ms/step - auc: 0.9277 - binary_accuracy: 0.8629 - loss: 0.3786
[1m 74/133[0m [32m━━━━━━━━━━━[0m[37m━━━━━━━━━[0m [1m14s[0m 253ms/step - auc: 0.9278 - binary_accuracy: 0.8627 - loss: 0.3785
[1m 75/133[0m [32m━━━━━━━━━━━[0m[37m━━━━━━━━━[0m [1m14s[0m 253ms/step - auc: 0.9278 - binary_accuracy: 0.8626 - loss: 0.3784
[1m 76/133[0m [32m━━━━━━━━━━━[0m[37m━━━━━━━━━[0m [1m14s[0m 253ms/step - auc: 0.9279 - binary_accuracy: 0.8625 - loss: 0.3783
[1m 77/133[0m [32m━━━━━━━━━━━[0m[37m━━━━━━━━━[0m [1m14s[0m 253ms/step - auc: 0.9279 - binary_accuracy: 0.8623 - loss: 0.3782
[1m 78/133[0m [32m━━━━━━━━━━━[0m[37m━━━━━━━━━[0m [1m13s[0m 253ms/step - auc: 0.9280 - binary_accuracy: 0.8622 - loss: 0.3781
[1m 79/133[0m [32m━━━━━━━━━━━[0m[37m━━━━━━━━━[0m [1m13s[0m 253ms/step - auc: 0.9281 - binary_accuracy: 0.8620 - loss: 0.3780
[1m 80/133[0m [32m━━━━━━━━━━━━[0m[37m━━━━━━━━[0m [1m13s[0m 253ms/step - auc: 0.9281 - binary_accuracy: 0.8619 - loss: 0.3778
[1m 81/133[0m [32m━━━━━━━━━━━━[0m[37m━━━━━━━━[0m [1m13s[0m 253ms/step - auc: 0.9282 - binary_accuracy: 0.8618 - loss: 0.3777
[1m 82/133[0m [32m━━━━━━━━━━━━[0m[37m━━━━━━━━[0m [1m12s[0m 253ms/step - auc: 0.9283 - binary_accuracy: 0.8617 - loss: 0.3776
[1m 83/133[0m [32m━━━━━━━━━━━━[0m[37m━━━━━━━━[0m [1m12s[0m 253ms/step - auc: 0.9283 - binary_accuracy: 0.8615 - loss: 0.3775
[1m 84/133[0m [32m━━━━━━━━━━━━[0m[37m━━━━━━━━[0m [1m12s[0m 253ms/step - auc: 0.9284 - binary_accuracy: 0.8614 - loss: 0.3774
[1m 85/133[0m [32m━━━━━━━━━━━━[0m[37m━━━━━━━━[0m [1m12s[0m 253ms/step - auc: 0.9285 - binary_accuracy: 0.8613 - loss: 0.3773
[1m 86/133[0m [32m━━━━━━━━━━━━[0m[37m━━━━━━━━[0m [1m11s[0m 253ms/step - auc: 0.9286 - binary_accuracy: 0.8612 - loss: 0.3772
[1m 87/133[0m [32m━━━━━━━━━━━━━[0m[37m━━━━━━━[0m [1m11s[0m 253ms/step - auc: 0.9286 - binary_accuracy: 0.8611 - loss: 0.3771
[1m 88/133[0m [32m━━━━━━━━━━━━━[0m[37m━━━━━━━[0m [1m11s[0m 253ms/step - auc: 0.9287 - binary_accuracy: 0.8610 - loss: 0.3770
[1m 89/133[0m [32m━━━━━━━━━━━━━[0m[37m━━━━━━━[0m [1m11s[0m 253ms/step - auc: 0.9288 - binary_accuracy: 0.8609 - loss: 0.3770
[1m 90/133[0m [32m━━━━━━━━━━━━━[0m[37m━━━━━━━[0m [1m10s[0m 253ms/step - auc: 0.9289 - binary_accuracy: 0.8608 - loss: 0.3769
[1m 91/133[0m [32m━━━━━━━━━━━━━[0m[37m━━━━━━━[0m [1m10s[0m 253ms/step - auc: 0.9289 - binary_accuracy: 0.8607 - loss: 0.3768
[1m 92/133[0m [32m━━━━━━━━━━━━━[0m[37m━━━━━━━[0m [1m10s[0m 254ms/step - auc: 0.9290 - binary_accuracy: 0.8606 - loss: 0.3767
[1m 93/133[0m [32m━━━━━━━━━━━━━[0m[37m━━━━━━━[0m [1m10s[0m 254ms/step - auc: 0.9291 - binary_accuracy: 0.8605 - loss: 0.3767
[1m 94/133[0m [32m━━━━━━━━━━━━━━[0m[37m━━━━━━[0m [1m9s[0m 254ms/step - auc: 0.9292 - binary_accuracy: 0.8604 - loss: 0.3766 
[1m 95/133[0m [32m━━━━━━━━━━━━━━[0m[37m━━━━━━[0m [1m9s[0m 254ms/step - auc: 0.9292 - binary_accuracy: 0.8603 - loss: 0.3765
[1m 96/133[0m [32m━━━━━━━━━━━━━━[0m[37m━━━━━━[0m [1m9s[0m 254ms/step - auc: 0.9293 - binary_accuracy: 0.8602 - loss: 0.3764
[1m 97/133[0m [32m━━━━━━━━━━━━━━[0m[37m━━━━━━[0m [1m9s[0m 254ms/step - auc: 0.9294 - binary_accuracy: 0.8601 - loss: 0.3764
[1m 98/133[0m [32m━━━━━━━━━━━━━━[0m[37m━━━━━━[0m [1m8s[0m 254ms/step - auc: 0.9294 - binary_accuracy: 0.8600 - loss: 0.3763
[1m 99/133[0m [32m━━━━━━━━━━━━━━[0m[37m━━━━━━[0m [1m8s[0m 254ms/step - auc: 0.9295 - binary_accuracy: 0.8600 - loss: 0.3762
[1m100/133[0m [32m━━━━━━━━━━━━━━━[0m[37m━━━━━[0m [1m8s[0m 254ms/step - auc: 0.9295 - binary_accuracy: 0.8599 - loss: 0.3762
[1m101/133[0m [32m━━━━━━━━━━━━━━━[0m[37m━━━━━[0m [1m8s[0m 254ms/step - auc: 0.9296 - binary_accuracy: 0.8598 - loss: 0.3761
[1m102/133[0m [32m━━━━━━━━━━━━━━━[0m[37m━━━━━[0m [1m7s[0m 254ms/step - auc: 0.9296 - binary_accuracy: 0.8597 - loss: 0.3761
[1m103/133[0m [32m━━━━━━━━━━━━━━━[0m[37m━━━━━[0m [1m7s[0m 254ms/step - auc: 0.9297 - binary_accuracy: 0.8596 - loss: 0.3760
[1m104/133[0m [32m━━━━━━━━━━━━━━━[0m[37m━━━━━[0m [1m7s[0m 254ms/step - auc: 0.9298 - binary_accuracy: 0.8595 - loss: 0.3760
[1m105/133[0m [32m━━━━━━━━━━━━━━━[0m[37m━━━━━[0m [1m7s[0m 254ms/step - auc: 0.9298 - binary_accuracy: 0.8594 - loss: 0.3759
[1m106/133[0m [32m━━━━━━━━━━━━━━━[0m[37m━━━━━[0m [1m6s[0m 254ms/step - auc: 0.9299 - binary_accuracy: 0.8594 - loss: 0.3759
[1m107/133[0m [32m━━━━━━━━━━━━━━━━[0m[37m━━━━[0m [1m6s[0m 254ms/step - auc: 0.9300 - binary_accuracy: 0.8593 - loss: 0.3758
[1m108/133[0m [32m━━━━━━━━━━━━━━━━[0m[37m━━━━[0m [1m6s[0m 254ms/step - auc: 0.9300 - binary_accuracy: 0.8592 - loss: 0.3757
[1m109/133[0m [32m━━━━━━━━━━━━━━━━[0m[37m━━━━[0m [1m6s[0m 254ms/step - auc: 0.9301 - binary_accuracy: 0.8591 - loss: 0.3757
[1m110/133[0m [32m━━━━━━━━━━━━━━━━[0m[37m━━━━[0m [1m5s[0m 254ms/step - auc: 0.9302 - binary_accuracy: 0.8590 - loss: 0.3756
[1m111/133[0m [32m━━━━━━━━━━━━━━━━[0m[37m━━━━[0m [1m5s[0m 254ms/step - auc: 0.9302 - binary_accuracy: 0.8589 - loss: 0.3755
[1m112/133[0m [32m━━━━━━━━━━━━━━━━[0m[37m━━━━[0m [1m5s[0m 254ms/step - auc: 0.9303 - binary_accuracy: 0.8589 - loss: 0.3754
[1m113/133[0m [32m━━━━━━━━━━━━━━━━[0m[37m━━━━[0m [1m5s[0m 254ms/step - auc: 0.9304 - binary_accuracy: 0.8588 - loss: 0.3754
[1m114/133[0m [32m━━━━━━━━━━━━━━━━━[0m[37m━━━[0m [1m4s[0m 254ms/step - auc: 0.9304 - binary_accuracy: 0.8587 - loss: 0.3753
[1m115/133[0m [32m━━━━━━━━━━━━━━━━━[0m[37m━━━[0m [1m4s[0m 254ms/step - auc: 0.9305 - binary_accuracy: 0.8587 - loss: 0.3752
[1m116/133[0m [32m━━━━━━━━━━━━━━━━━[0m[37m━━━[0m [1m4s[0m 254ms/step - auc: 0.9306 - binary_accuracy: 0.8586 - loss: 0.3751
[1m117/133[0m [32m━━━━━━━━━━━━━━━━━[0m[37m━━━[0m [1m4s[0m 254ms/step - auc: 0.9306 - binary_accuracy: 0.8585 - loss: 0.3750
[1m118/133[0m [32m━━━━━━━━━━━━━━━━━[0m[37m━━━[0m [1m3s[0m 255ms/step - auc: 0.9307 - binary_accuracy: 0.8585 - loss: 0.3749
[1m119/133[0m [32m━━━━━━━━━━━━━━━━━[0m[37m━━━[0m [1m3s[0m 255ms/step - auc: 0.9307 - binary_accuracy: 0.8585 - loss: 0.3749
[1m120/133[0m [32m━━━━━━━━━━━━━━━━━━[0m[37m━━[0m [1m3s[0m 255ms/step - auc: 0.9308 - binary_accuracy: 0.8584 - loss: 0.3748
[1m121/133[0m [32m━━━━━━━━━━━━━━━━━━[0m[37m━━[0m [1m3s[0m 255ms/step - auc: 0.9308 - binary_accuracy: 0.8584 - loss: 0.3747
[1m122/133[0m [32m━━━━━━━━━━━━━━━━━━[0m[37m━━[0m [1m2s[0m 255ms/step - auc: 0.9309 - binary_accuracy: 0.8584 - loss: 0.3746
[1m123/133[0m [32m━━━━━━━━━━━━━━━━━━[0m[37m━━[0m [1m2s[0m 255ms/step - auc: 0.9309 - binary_accuracy: 0.8583 - loss: 0.3746
[1m124/133[0m [32m━━━━━━━━━━━━━━━━━━[0m[37m━━[0m [1m2s[0m 255ms/step - auc: 0.9310 - binary_accuracy: 0.8583 - loss: 0.3745
[1m125/133[0m [32m━━━━━━━━━━━━━━━━━━[0m[37m━━[0m [1m2s[0m 255ms/step - auc: 0.9310 - binary_accuracy: 0.8583 - loss: 0.3744
[1m126/133[0m [32m━━━━━━━━━━━━━━━━━━[0m[37m━━[0m [1m1s[0m 255ms/step - auc: 0.9311 - binary_accuracy: 0.8582 - loss: 0.3743
[1m127/133[0m [32m━━━━━━━━━━━━━━━━━━━[0m[37m━[0m [1m1s[0m 255ms/step - auc: 0.9311 - binary_accuracy: 0.8582 - loss: 0.3742
[1m128/133[0m [32m━━━━━━━━━━━━━━━━━━━[0m[37m━[0m [1m1s[0m 254ms/step - auc: 0.9312 - binary_accuracy: 0.8581 - loss: 0.3741
[1m129/133[0m [32m━━━━━━━━━━━━━━━━━━━[0m[37m━[0m [1m1s[0m 255ms/step - auc: 0.9312 - binary_accuracy: 0.8581 - loss: 0.3741
[1m130/133[0m [32m━━━━━━━━━━━━━━━━━━━[0m[37m━[0m [1m0s[0m 254ms/step - auc: 0.9313 - binary_accuracy: 0.8580 - loss: 0.3740
[1m131/133[0m [32m━━━━━━━━━━━━━━━━━━━[0m[37m━[0m [1m0s[0m 254ms/step - auc: 0.9313 - binary_accuracy: 0.8580 - loss: 0.3739
[1m132/133[0m [32m━━━━━━━━━━━━━━━━━━━[0m[37m━[0m [1m0s[0m 254ms/step - auc: 0.9314 - binary_accuracy: 0.8579 - loss: 0.3738
[1m133/133[0m [32m━━━━━━━━━━━━━━━━━━━━[0m[37m[0m [1m0s[0m 254ms/step - auc: 0.9315 - binary_accuracy: 0.8579 - loss: 0.3737transfer final: epoch 2/3 done in 34.0s loss=0.3601 auc=0.9388

[1m133/133[0m [32m━━━━━━━━━━━━━━━━━━━━[0m[37m[0m [1m34s[0m 254ms/step - auc: 0.9388 - binary_accuracy: 0.8523 - loss: 0.3601
transfer final: epoch 3/3 start
Epoch 3/3

[1m  1/133[0m [37m━━━━━━━━━━━━━━━━━━━━[0m [1m1:01[0m 462ms/step - auc: 1.0000 - binary_accuracy: 0.8125 - loss: 0.2647
[1m  2/133[0m [37m━━━━━━━━━━━━━━━━━━━━[0m [1m32s[0m 246ms/step - auc: 0.9746 - binary_accuracy: 0.8359 - loss: 0.2879 
[1m  3/133[0m [37m━━━━━━━━━━━━━━━━━━━━[0m [1m32s[0m 247ms/step - auc: 0.9695 - binary_accuracy: 0.8524 - loss: 0.2816
[1m  4/133[0m [37m━━━━━━━━━━━━━━━━━━━━[0m [1m31s[0m 248ms/step - auc: 0.9646 - binary_accuracy: 0.8600 - loss: 0.2857
[1m  5/133[0m [37m━━━━━━━━━━━━━━━━━━━━[0m [1m31s[0m 250ms/step - auc: 0.9508 - binary_accuracy: 0.8655 - loss: 0.3177
[1m  6/133[0m [37m━━━━━━━━━━━━━━━━━━━━[0m [1m31s[0m 250ms/step - auc: 0.9438 - binary_accuracy: 0.8697 - loss: 0.3375
[1m  7/133[0m [32m━[0m[37m━━━━━━━━━━━━━━━━━━━[0m [1m31s[0m 249ms/step - auc: 0.9411 - binary_accuracy: 0.8737 - loss: 0.3514
[1m  8/133[0m [32m━[0m[37m━━━━━━━━━━━━━━━━━━━[0m [1m31s[0m 249ms/step - auc: 0.9391 - binary_accuracy: 0.8758 - loss: 0.3589
[1m  9/133[0m [32m━[0m[37m━━━━━━━━━━━━━━━━━━━[0m [1m30s[0m 249ms/step - auc: 0.9382 - binary_accuracy: 0.8780 - loss: 0.3624
[1m 10/133[0m [32m━[0m[37m━━━━━━━━━━━━━━━━━━━[0m [1m30s[0m 250ms/step - auc: 0.9373 - binary_accuracy: 0.8793 - loss: 0.3638
[1m 11/133[0m [32m━[0m[37m━━━━━━━━━━━━━━━━━━━[0m [1m30s[0m 249ms/step - auc: 0.9366 - binary_accuracy: 0.8799 - loss: 0.3646
[1m 12/133[0m [32m━[0m[37m━━━━━━━━━━━━━━━━━━━[0m [1m30s[0m 250ms/step - auc: 0.9362 - binary_accuracy: 0.8795 - loss: 0.3651
[1m 13/133[0m [32m━[0m[37m━━━━━━━━━━━━━━━━━━━[0m [1m29s[0m 249ms/step - auc: 0.9363 - binary_accuracy: 0.8795 - loss: 0.3646
[1m 14/133[0m [32m━━[0m[37m━━━━━━━━━━━━━━━━━━[0m [1m29s[0m 250ms/step - auc: 0.9368 - binary_accuracy: 0.8800 - loss: 0.3634
[1m 15/133[0m [32m━━[0m[37m━━━━━━━━━━━━━━━━━━[0m [1m29s[0m 251ms/step - auc: 0.9373 - binary_accuracy: 0.8802 - loss: 0.3620
[1m 16/133[0m [32m━━[0m[37m━━━━━━━━━━━━━━━━━━[0m [1m29s[0m 251ms/step - auc: 0.9378 - binary_accuracy: 0.8806 - loss: 0.3605
[1m 17/133[0m [32m━━[0m[37m━━━━━━━━━━━━━━━━━━[0m [1m29s[0m 251ms/step - auc: 0.9384 - binary_accuracy: 0.8808 - loss: 0.3589
[1m 18/133[0m [32m━━[0m[37m━━━━━━━━━━━━━━━━━━[0m [1m28s[0m 251ms/step - auc: 0.9391 - binary_accuracy: 0.8809 - loss: 0.3572
[1m 19/133[0m [32m━━[0m[37m━━━━━━━━━━━━━━━━━━[0m [1m28s[0m 252ms/step - auc: 0.9399 - binary_accuracy: 0.8809 - loss: 0.3554
[1m 20/133[0m [32m━━━[0m[37m━━━━━━━━━━━━━━━━━[0m [1m28s[0m 252ms/step - auc: 0.9405 - binary_accuracy: 0.8808 - loss: 0.3536
[1m 21/133[0m [32m━━━[0m[37m━━━━━━━━━━━━━━━━━[0m [1m28s[0m 252ms/step - auc: 0.9412 - binary_accuracy: 0.8808 - loss: 0.3517
[1m 22/133[0m [32m━━━[0m[37m━━━━━━━━━━━━━━━━━[0m [1m27s[0m 252ms/step - auc: 0.9419 - binary_accuracy: 0.8809 - loss: 0.3499
[1m 23/133[0m [32m━━━[0m[37m━━━━━━━━━━━━━━━━━[0m [1m27s[0m 253ms/step - auc: 0.9425 - binary_accuracy: 0.8811 - loss: 0.3482
[1m 24/133[0m [32m━━━[0m[37m━━━━━━━━━━━━━━━━━[0m [1m27s[0m 253ms/step - auc: 0.9432 - binary_accuracy: 0.8813 - loss: 0.3465
[1m 25/133[0m [32m━━━[0m[37m━━━━━━━━━━━━━━━━━[0m [1m27s[0m 253ms/step - auc: 0.9438 - binary_accuracy: 0.8816 - loss: 0.3452
[1m 26/133[0m [32m━━━[0m[37m━━━━━━━━━━━━━━━━━[0m [1m27s[0m 253ms/step - auc: 0.9444 - binary_accuracy: 0.8820 - loss: 0.3438
[1m 27/133[0m [32m━━━━[0m[37m━━━━━━━━━━━━━━━━[0m [1m26s[0m 253ms/step - auc: 0.9448 - binary_accuracy: 0.8824 - loss: 0.3428
[1m 28/133[0m [32m━━━━[0m[37m━━━━━━━━━━━━━━━━[0m [1m26s[0m 253ms/step - auc: 0.9452 - binary_accuracy: 0.8828 - loss: 0.3419
[1m 29/133[0m [32m━━━━[0m[37m━━━━━━━━━━━━━━━━[0m [1m26s[0m 253ms/step - auc: 0.9454 - binary_accuracy: 0.8831 - loss: 0.3413
[1m 30/133[0m [32m━━━━[0m[37m━━━━━━━━━━━━━━━━[0m [1m26s[0m 253ms/step - auc: 0.9456 - binary_accuracy: 0.8833 - loss: 0.3407
[1m 31/133[0m [32m━━━━[0m[37m━━━━━━━━━━━━━━━━[0m [1m25s[0m 253ms/step - auc: 0.9459 - binary_accuracy: 0.8835 - loss: 0.3401
[1m 32/133[0m [32m━━━━[0m[37m━━━━━━━━━━━━━━━━[0m [1m25s[0m 254ms/step - auc: 0.9461 - binary_accuracy: 0.8836 - loss: 0.3395
[1m 33/133[0m [32m━━━━[0m[37m━━━━━━━━━━━━━━━━[0m [1m25s[0m 254ms/step - auc: 0.9463 - binary_accuracy: 0.8837 - loss: 0.3389
[1m 34/133[0m [32m━━━━━[0m[37m━━━━━━━━━━━━━━━[0m [1m25s[0m 254ms/step - auc: 0.9465 - binary_accuracy: 0.8838 - loss: 0.3383
[1m 35/133[0m [32m━━━━━[0m[37m━━━━━━━━━━━━━━━[0m [1m24s[0m 254ms/step - auc: 0.9468 - binary_accuracy: 0.8838 - loss: 0.3376
[1m 36/133[0m [32m━━━━━[0m[37m━━━━━━━━━━━━━━━[0m [1m24s[0m 254ms/step - auc: 0.9470 - binary_accuracy: 0.8839 - loss: 0.3369
[1m 37/133[0m [32m━━━━━[0m[37m━━━━━━━━━━━━━━━[0m [1m24s[0m 254ms/step - auc: 0.9473 - binary_accuracy: 0.8840 - loss: 0.3363
[1m 38/133[0m [32m━━━━━[0m[37m━━━━━━━━━━━━━━━[0m [1m24s[0m 254ms/step - auc: 0.9476 - binary_accuracy: 0.8841 - loss: 0.3357
[1m 39/133[0m [32m━━━━━[0m[37m━━━━━━━━━━━━━━━[0m [1m23s[0m 254ms/step - auc: 0.9479 - binary_accuracy: 0.8842 - loss: 0.3350
[1m 40/133[0m [32m━━━━━━[0m[37m━━━━━━━━━━━━━━[0m [1m23s[0m 254ms/step - auc: 0.9482 - binary_accuracy: 0.8843 - loss: 0.3344
[1m 41/133[0m [32m━━━━━━[0m[37m━━━━━━━━━━━━━━[0m [1m23s[0m 254ms/step - auc: 0.9485 - binary_accuracy: 0.8844 - loss: 0.3338
[1m 42/133[0m [32m━━━━━━[0m[37m━━━━━━━━━━━━━━[0m [1m23s[0m 254ms/step - auc: 0.9488 - binary_accuracy: 0.8845 - loss: 0.3331
[1m 43/133[0m [32m━━━━━━[0m[37m━━━━━━━━━━━━━━[0m [1m22s[0m 254ms/step - auc: 0.9491 - binary_accuracy: 0.8846 - loss: 0.3324
[1m 44/133[0m [32m━━━━━━[0m[37m━━━━━━━━━━━━━━[0m [1m22s[0m 254ms/step - auc: 0.9493 - binary_accuracy: 0.8847 - loss: 0.3317
[1m 45/133[0m [32m━━━━━━[0m[37m━━━━━━━━━━━━━━[0m [1m22s[0m 254ms/step - auc: 0.9496 - binary_accuracy: 0.8849 - loss: 0.3310
[1m 46/133[0m [32m━━━━━━[0m[37m━━━━━━━━━━━━━━[0m [1m22s[0m 254ms/step - auc: 0.9499 - binary_accuracy: 0.8850 - loss: 0.3304
[1m 47/133[0m [32m━━━━━━━[0m[37m━━━━━━━━━━━━━[0m [1m21s[0m 254ms/step - auc: 0.9501 - binary_accuracy: 0.8852 - loss: 0.3298
[1m 48/133[0m [32m━━━━━━━[0m[37m━━━━━━━━━━━━━[0m [1m21s[0m 254ms/step - auc: 0.9504 - binary_accuracy: 0.8854 - loss: 0.3291
[1m 49/133[0m [32m━━━━━━━[0m[37m━━━━━━━━━━━━━[0m [1m21s[0m 254ms/step - auc: 0.9506 - binary_accuracy: 0.8856 - loss: 0.3284
[1m 50/133[0m [32m━━━━━━━[0m[37m━━━━━━━━━━━━━[0m [1m21s[0m 254ms/step - auc: 0.9508 - binary_accuracy: 0.8858 - loss: 0.3279
[1m 51/133[0m [32m━━━━━━━[0m[37m━━━━━━━━━━━━━[0m [1m20s[0m 254ms/step - auc: 0.9510 - binary_accuracy: 0.8860 - loss: 0.3275
[1m 52/133[0m [32m━━━━━━━[0m[37m━━━━━━━━━━━━━[0m [1m20s[0m 254ms/step - auc: 0.9512 - binary_accuracy: 0.8862 - loss: 0.3270
[1m 53/133[0m [32m━━━━━━━[0m[37m━━━━━━━━━━━━━[0m [1m20s[0m 254ms/step - auc: 0.9514 - binary_accuracy: 0.8864 - loss: 0.3265
[1m 54/133[0m [32m━━━━━━━━[0m[37m━━━━━━━━━━━━[0m [1m20s[0m 254ms/step - auc: 0.9516 - binary_accuracy: 0.8866 - loss: 0.3260
[1m 55/133[0m [32m━━━━━━━━[0m[37m━━━━━━━━━━━━[0m [1m19s[0m 255ms/step - auc: 0.9518 - binary_accuracy: 0.8869 - loss: 0.3255
[1m 56/133[0m [32m━━━━━━━━[0m[37m━━━━━━━━━━━━[0m [1m19s[0m 255ms/step - auc: 0.9519 - binary_accuracy: 0.8871 - loss: 0.3251
[1m 57/133[0m [32m━━━━━━━━[0m[37m━━━━━━━━━━━━[0m [1m19s[0m 255ms/step - auc: 0.9521 - binary_accuracy: 0.8873 - loss: 0.3247
[1m 58/133[0m [32m━━━━━━━━[0m[37m━━━━━━━━━━━━[0m [1m19s[0m 255ms/step - auc: 0.9522 - binary_accuracy: 0.8874 - loss: 0.3243
[1m 59/133[0m [32m━━━━━━━━[0m[37m━━━━━━━━━━━━[0m [1m18s[0m 255ms/step - auc: 0.9523 - binary_accuracy: 0.8875 - loss: 0.3240
[1m 60/133[0m [32m━━━━━━━━━[0m[37m━━━━━━━━━━━[0m [1m18s[0m 255ms/step - auc: 0.9524 - binary_accuracy: 0.8875 - loss: 0.3237
[1m 61/133[0m [32m━━━━━━━━━[0m[37m━━━━━━━━━━━[0m [1m18s[0m 255ms/step - auc: 0.9525 - binary_accuracy: 0.8876 - loss: 0.3234
[1m 62/133[0m [32m━━━━━━━━━[0m[37m━━━━━━━━━━━[0m [1m18s[0m 255ms/step - auc: 0.9526 - binary_accuracy: 0.8876 - loss: 0.3230
[1m 63/133[0m [32m━━━━━━━━━[0m[37m━━━━━━━━━━━[0m [1m17s[0m 255ms/step - auc: 0.9526 - binary_accuracy: 0.8877 - loss: 0.3227
[1m 64/133[0m [32m━━━━━━━━━[0m[37m━━━━━━━━━━━[0m [1m17s[0m 255ms/step - auc: 0.9527 - binary_accuracy: 0.8877 - loss: 0.3225
[1m 65/133[0m [32m━━━━━━━━━[0m[37m━━━━━━━━━━━[0m [1m17s[0m 255ms/step - auc: 0.9528 - binary_accuracy: 0.8877 - loss: 0.3222
[1m 66/133[0m [32m━━━━━━━━━[0m[37m━━━━━━━━━━━[0m [1m17s[0m 255ms/step - auc: 0.9529 - binary_accuracy: 0.8877 - loss: 0.3220
[1m 67/133[0m [32m━━━━━━━━━━[0m[37m━━━━━━━━━━[0m [1m16s[0m 255ms/step - auc: 0.9530 - binary_accuracy: 0.8877 - loss: 0.3218
[1m 68/133[0m [32m━━━━━━━━━━[0m[37m━━━━━━━━━━[0m [1m16s[0m 255ms/step - auc: 0.9531 - binary_accuracy: 0.8877 - loss: 0.3215
[1m 69/133[0m [32m━━━━━━━━━━[0m[37m━━━━━━━━━━[0m [1m16s[0m 255ms/step - auc: 0.9532 - binary_accuracy: 0.8877 - loss: 0.3213
[1m 70/133[0m [32m━━━━━━━━━━[0m[37m━━━━━━━━━━[0m [1m16s[0m 255ms/step - auc: 0.9533 - binary_accuracy: 0.8877 - loss: 0.3212
[1m 71/133[0m [32m━━━━━━━━━━[0m[37m━━━━━━━━━━[0m [1m15s[0m 255ms/step - auc: 0.9534 - binary_accuracy: 0.8877 - loss: 0.3210
[1m 72/133[0m [32m━━━━━━━━━━[0m[37m━━━━━━━━━━[0m [1m15s[0m 255ms/step - auc: 0.9534 - binary_accuracy: 0.8878 - loss: 0.3208
[1m 73/133[0m [32m━━━━━━━━━━[0m[37m━━━━━━━━━━[0m [1m15s[0m 255ms/step - auc: 0.9535 - binary_accuracy: 0.8878 - loss: 0.3207
[1m 74/133[0m [32m━━━━━━━━━━━[0m[37m━━━━━━━━━[0m [1m15s[0m 255ms/step - auc: 0.9536 - binary_accuracy: 0.8878 - loss: 0.3205
[1m 75/133[0m [32m━━━━━━━━━━━[0m[37m━━━━━━━━━[0m [1m14s[0m 255ms/step - auc: 0.9537 - binary_accuracy: 0.8878 - loss: 0.3204
[1m 76/133[0m [32m━━━━━━━━━━━[0m[37m━━━━━━━━━[0m [1m14s[0m 255ms/step - auc: 0.9538 - binary_accuracy: 0.8878 - loss: 0.3202
[1m 77/133[0m [32m━━━━━━━━━━━[0m[37m━━━━━━━━━[0m [1m14s[0m 255ms/step - auc: 0.9538 - binary_accuracy: 0.8878 - loss: 0.3201
[1m 78/133[0m [32m━━━━━━━━━━━[0m[37m━━━━━━━━━[0m [1m14s[0m 255ms/step - auc: 0.9539 - binary_accuracy: 0.8879 - loss: 0.3199
[1m 79/133[0m [32m━━━━━━━━━━━[0m[37m━━━━━━━━━[0m [1m13s[0m 255ms/step - auc: 0.9540 - binary_accuracy: 0.8879 - loss: 0.3198
[1m 80/133[0m [32m━━━━━━━━━━━━[0m[37m━━━━━━━━[0m [1m13s[0m 255ms/step - auc: 0.9541 - binary_accuracy: 0.8879 - loss: 0.3197
[1m 81/133[0m [32m━━━━━━━━━━━━[0m[37m━━━━━━━━[0m [1m13s[0m 255ms/step - auc: 0.9541 - binary_accuracy: 0.8879 - loss: 0.3195
[1m 82/133[0m [32m━━━━━━━━━━━━[0m[37m━━━━━━━━[0m [1m13s[0m 255ms/step - auc: 0.9542 - binary_accuracy: 0.8879 - loss: 0.3194
[1m 83/133[0m [32m━━━━━━━━━━━━[0m[37m━━━━━━━━[0m [1m12s[0m 255ms/step - auc: 0.9543 - binary_accuracy: 0.8879 - loss: 0.3193
[1m 84/133[0m [32m━━━━━━━━━━━━[0m[37m━━━━━━━━[0m [1m12s[0m 255ms/step - auc: 0.9544 - binary_accuracy: 0.8879 - loss: 0.3192
[1m 85/133[0m [32m━━━━━━━━━━━━[0m[37m━━━━━━━━[0m [1m12s[0m 255ms/step - auc: 0.9544 - binary_accuracy: 0.8879 - loss: 0.3191
[1m 86/133[0m [32m━━━━━━━━━━━━[0m[37m━━━━━━━━[0m [1m12s[0m 256ms/step - auc: 0.9545 - binary_accuracy: 0.8878 - loss: 0.3190
[1m 87/133[0m [32m━━━━━━━━━━━━━[0m[37m━━━━━━━[0m [1m11s[0m 256ms/step - auc: 0.9546 - binary_accuracy: 0.8878 - loss: 0.3189
[1m 88/133[0m [32m━━━━━━━━━━━━━[0m[37m━━━━━━━[0m [1m11s[0m 256ms/step - auc: 0.9547 - binary_accuracy: 0.8878 - loss: 0.3188
[1m 89/133[0m [32m━━━━━━━━━━━━━[0m[37m━━━━━━━[0m [1m11s[0m 256ms/step - auc: 0.9547 - binary_accuracy: 0.8878 - loss: 0.3187
[1m 90/133[0m [32m━━━━━━━━━━━━━[0m[37m━━━━━━━[0m [1m11s[0m 256ms/step - auc: 0.9548 - binary_accuracy: 0.8878 - loss: 0.3187
[1m 91/133[0m [32m━━━━━━━━━━━━━[0m[37m━━━━━━━[0m [1m10s[0m 256ms/step - auc: 0.9549 - binary_accuracy: 0.8878 - loss: 0.3186
[1m 92/133[0m [32m━━━━━━━━━━━━━[0m[37m━━━━━━━[0m [1m10s[0m 256ms/step - auc: 0.9550 - binary_accuracy: 0.8878 - loss: 0.3185
[1m 93/133[0m [32m━━━━━━━━━━━━━[0m[37m━━━━━━━[0m [1m10s[0m 256ms/step - auc: 0.9550 - binary_accuracy: 0.8878 - loss: 0.3184
[1m 94/133[0m [32m━━━━━━━━━━━━━━[0m[37m━━━━━━[0m [1m9s[0m 256ms/step - auc: 0.9551 - binary_accuracy: 0.8878 - loss: 0.3182 
[1m 95/133[0m [32m━━━━━━━━━━━━━━[0m[37m━━━━━━[0m [1m9s[0m 256ms/step - auc: 0.9552 - binary_accuracy: 0.8878 - loss: 0.3181
[1m 96/133[0m [32m━━━━━━━━━━━━━━[0m[37m━━━━━━[0m [1m9s[0m 256ms/step - auc: 0.9552 - binary_accuracy: 0.8878 - loss: 0.3181
[1m 97/133[0m [32m━━━━━━━━━━━━━━[0m[37m━━━━━━[0m [1m9s[0m 256ms/step - auc: 0.9553 - binary_accuracy: 0.8878 - loss: 0.3180
[1m 98/133[0m [32m━━━━━━━━━━━━━━[0m[37m━━━━━━[0m [1m8s[0m 256ms/step - auc: 0.9554 - binary_accuracy: 0.8878 - loss: 0.3179
[1m 99/133[0m [32m━━━━━━━━━━━━━━[0m[37m━━━━━━[0m [1m8s[0m 256ms/step - auc: 0.9554 - binary_accuracy: 0.8878 - loss: 0.3178
[1m100/133[0m [32m━━━━━━━━━━━━━━━[0m[37m━━━━━[0m [1m8s[0m 256ms/step - auc: 0.9555 - binary_accuracy: 0.8878 - loss: 0.3178
[1m101/133[0m [32m━━━━━━━━━━━━━━━[0m[37m━━━━━[0m [1m8s[0m 256ms/step - auc: 0.9556 - binary_accuracy: 0.8878 - loss: 0.3177
[1m102/133[0m [32m━━━━━━━━━━━━━━━[0m[37m━━━━━[0m [1m7s[0m 256ms/step - auc: 0.9556 - binary_accuracy: 0.8878 - loss: 0.3176
[1m103/133[0m [32m━━━━━━━━━━━━━━━[0m[37m━━━━━[0m [1m7s[0m 256ms/step - auc: 0.9557 - binary_accuracy: 0.8878 - loss: 0.3176
[1m104/133[0m [32m━━━━━━━━━━━━━━━[0m[37m━━━━━[0m [1m7s[0m 256ms/step - auc: 0.9557 - binary_accuracy: 0.8878 - loss: 0.3175
[1m105/133[0m [32m━━━━━━━━━━━━━━━[0m[37m━━━━━[0m [1m7s[0m 256ms/step - auc: 0.9558 - binary_accuracy: 0.8878 - loss: 0.3174
[1m106/133[0m [32m━━━━━━━━━━━━━━━[0m[37m━━━━━[0m [1m6s[0m 256ms/step - auc: 0.9559 - binary_accuracy: 0.8878 - loss: 0.3174
[1m107/133[0m [32m━━━━━━━━━━━━━━━━[0m[37m━━━━[0m [1m6s[0m 256ms/step - auc: 0.9559 - binary_accuracy: 0.8878 - loss: 0.3173
[1m108/133[0m [32m━━━━━━━━━━━━━━━━[0m[37m━━━━[0m [1m6s[0m 256ms/step - auc: 0.9560 - binary_accuracy: 0.8878 - loss: 0.3172
[1m109/133[0m [32m━━━━━━━━━━━━━━━━[0m[37m━━━━[0m [1m6s[0m 256ms/step - auc: 0.9561 - binary_accuracy: 0.8878 - loss: 0.3172
[1m110/133[0m [32m━━━━━━━━━━━━━━━━[0m[37m━━━━[0m [1m5s[0m 256ms/step - auc: 0.9561 - binary_accuracy: 0.8878 - loss: 0.3171
[1m111/133[0m [32m━━━━━━━━━━━━━━━━[0m[37m━━━━[0m [1m5s[0m 256ms/step - auc: 0.9562 - binary_accuracy: 0.8878 - loss: 0.3170
[1m112/133[0m [32m━━━━━━━━━━━━━━━━[0m[37m━━━━[0m [1m5s[0m 256ms/step - auc: 0.9562 - binary_accuracy: 0.8877 - loss: 0.3169
[1m113/133[0m [32m━━━━━━━━━━━━━━━━[0m[37m━━━━[0m [1m5s[0m 256ms/step - auc: 0.9563 - binary_accuracy: 0.8877 - loss: 0.3169
[1m114/133[0m [32m━━━━━━━━━━━━━━━━━[0m[37m━━━[0m [1m4s[0m 256ms/step - auc: 0.9563 - binary_accuracy: 0.8877 - loss: 0.3168
[1m115/133[0m [32m━━━━━━━━━━━━━━━━━[0m[37m━━━[0m [1m4s[0m 256ms/step - auc: 0.9564 - binary_accuracy: 0.8877 - loss: 0.3167
[1m116/133[0m [32m━━━━━━━━━━━━━━━━━[0m[37m━━━[0m [1m4s[0m 256ms/step - auc: 0.9564 - binary_accuracy: 0.8877 - loss: 0.3166
[1m117/133[0m [32m━━━━━━━━━━━━━━━━━[0m[37m━━━[0m [1m4s[0m 256ms/step - auc: 0.9565 - binary_accuracy: 0.8878 - loss: 0.3165
[1m118/133[0m [32m━━━━━━━━━━━━━━━━━[0m[37m━━━[0m [1m3s[0m 256ms/step - auc: 0.9565 - binary_accuracy: 0.8878 - loss: 0.3164
[1m119/133[0m [32m━━━━━━━━━━━━━━━━━[0m[37m━━━[0m [1m3s[0m 256ms/step - auc: 0.9566 - binary_accuracy: 0.8878 - loss: 0.3164
[1m120/133[0m [32m━━━━━━━━━━━━━━━━━━[0m[37m━━[0m [1m3s[0m 256ms/step - auc: 0.9566 - binary_accuracy: 0.8878 - loss: 0.3163
[1m121/133[0m [32m━━━━━━━━━━━━━━━━━━[0m[37m━━[0m [1m3s[0m 256ms/step - auc: 0.9567 - binary_accuracy: 0.8878 - loss: 0.3163
[1m122/133[0m [32m━━━━━━━━━━━━━━━━━━[0m[37m━━[0m [1m2s[0m 256ms/step - auc: 0.9567 - binary_accuracy: 0.8879 - loss: 0.3162
[1m123/133[0m [32m━━━━━━━━━━━━━━━━━━[0m[37m━━[0m [1m2s[0m 256ms/step - auc: 0.9568 - binary_accuracy: 0.8879 - loss: 0.3161
[1m124/133[0m [32m━━━━━━━━━━━━━━━━━━[0m[37m━━[0m [1m2s[0m 256ms/step - auc: 0.9568 - binary_accuracy: 0.8879 - loss: 0.3160
[1m125/133[0m [32m━━━━━━━━━━━━━━━━━━[0m[37m━━[0m [1m2s[0m 256ms/step - auc: 0.9569 - binary_accuracy: 0.8880 - loss: 0.3159
[1m126/133[0m [32m━━━━━━━━━━━━━━━━━━[0m[37m━━[0m [1m1s[0m 256ms/step - auc: 0.9569 - binary_accuracy: 0.8880 - loss: 0.3159
[1m127/133[0m [32m━━━━━━━━━━━━━━━━━━━[0m[37m━[0m [1m1s[0m 256ms/step - auc: 0.9570 - binary_accuracy: 0.8880 - loss: 0.3158
[1m128/133[0m [32m━━━━━━━━━━━━━━━━━━━[0m[37m━[0m [1m1s[0m 256ms/step - auc: 0.9570 - binary_accuracy: 0.8880 - loss: 0.3157
[1m129/133[0m [32m━━━━━━━━━━━━━━━━━━━[0m[37m━[0m [1m1s[0m 256ms/step - auc: 0.9570 - binary_accuracy: 0.8880 - loss: 0.3156
[1m130/133[0m [32m━━━━━━━━━━━━━━━━━━━[0m[37m━[0m [1m0s[0m 256ms/step - auc: 0.9571 - binary_accuracy: 0.8880 - loss: 0.3156
[1m131/133[0m [32m━━━━━━━━━━━━━━━━━━━[0m[37m━[0m [1m0s[0m 255ms/step - auc: 0.9571 - binary_accuracy: 0.8880 - loss: 0.3155
[1m132/133[0m [32m━━━━━━━━━━━━━━━━━━━[0m[37m━[0m [1m0s[0m 255ms/step - auc: 0.9572 - binary_accuracy: 0.8880 - loss: 0.3154
[1m133/133[0m [32m━━━━━━━━━━━━━━━━━━━━[0m[37m[0m [1m0s[0m 255ms/step - auc: 0.9572 - binary_accuracy: 0.8881 - loss: 0.3153transfer final: epoch 3/3 done in 34.1s loss=0.3039 auc=0.9630

[1m133/133[0m [32m━━━━━━━━━━━━━━━━━━━━[0m[37m[0m [1m34s[0m 255ms/step - auc: 0.9630 - binary_accuracy: 0.8900 - loss: 0.3039
[INFO] focus_binary.focus_binary.scripts.multiseed_eval: seed complete
[INFO] focus_binary.focus_binary.scripts.multiseed_eval: multi-seed evaluation complete
