image_path,y_true,y_prob,split,dataset,family,model
D:\Dineth\focus_binary_benchmark\dataset\bma\focused\pos002_2\pos002_2_page_2.png,1,0.2604457139968872,test,bma,cnn,
D:\Dineth\focus_binary_benchmark\dataset\bma\focused\pos003_3\pos003_3_page_6.png,1,0.8952178359031677,test,bma,cnn,
D:\Dineth\focus_binary_benchmark\dataset\bma\focused\pos004_3\pos004_3_page_11.png,1,0.9774340391159058,test,bma,cnn,
D:\Dineth\focus_binary_benchmark\dataset\bma\focused\pos005_2\pos005_2_page_10.png,1,0.9424638748168944,test,bma,cnn,
D:\Dineth\focus_binary_benchmark\dataset\bma\focused\pos006_1\pos006_1_page_8.png,1,0.2114139348268509,test,bma,cnn,
D:\Dineth\focus_binary_benchmark\dataset\bma\unfocused\pos002_2\pos002_2_page_1.png,0,0.0044826758094131,test,bma,cnn,
D:\Dineth\focus_binary_benchmark\dataset\bma\unfocused\pos002_2\pos002_2_page_10.png,0,0.0154081154614686,test,bma,cnn,
D:\Dineth\focus_binary_benchmark\dataset\bma\unfocused\pos002_2\pos002_2_page_11.png,0,0.0169059466570615,test,bma,cnn,
D:\Dineth\focus_binary_benchmark\dataset\bma\unfocused\pos002_2\pos002_2_page_12.png,0,0.0193996503949165,test,bma,cnn,
D:\Dineth\focus_binary_benchmark\dataset\bma\unfocused\pos002_2\pos002_2_page_13.png,0,0.0173581428825855,test,bma,cnn,
D:\Dineth\focus_binary_benchmark\dataset\bma\unfocused\pos002_2\pos002_2_page_4.png,0,0.1918721050024032,test,bma,cnn,
D:\Dineth\focus_binary_benchmark\dataset\bma\unfocused\pos002_2\pos002_2_page_5.png,0,0.1187870875000953,test,bma,cnn,
D:\Dineth\focus_binary_benchmark\dataset\bma\unfocused\pos002_2\pos002_2_page_6.png,0,0.0485041998326778,test,bma,cnn,
D:\Dineth\focus_binary_benchmark\dataset\bma\unfocused\pos002_2\pos002_2_page_7.png,0,0.0224470607936382,test,bma,cnn,
D:\Dineth\focus_binary_benchmark\dataset\bma\unfocused\pos002_2\pos002_2_page_8.png,0,0.0141380643472075,test,bma,cnn,
D:\Dineth\focus_binary_benchmark\dataset\bma\unfocused\pos002_2\pos002_2_page_9.png,0,0.0127204852178692,test,bma,cnn,
D:\Dineth\focus_binary_benchmark\dataset\bma\unfocused\pos003_3\pos003_3_page_1.png,0,3.113343336735852e-05,test,bma,cnn,
D:\Dineth\focus_binary_benchmark\dataset\bma\unfocused\pos003_3\pos003_3_page_10.png,0,4.485569297685288e-05,test,bma,cnn,
D:\Dineth\focus_binary_benchmark\dataset\bma\unfocused\pos003_3\pos003_3_page_11.png,0,4.742552118841559e-05,test,bma,cnn,
D:\Dineth\focus_binary_benchmark\dataset\bma\unfocused\pos003_3\pos003_3_page_12.png,0,4.781720781465992e-05,test,bma,cnn,
D:\Dineth\focus_binary_benchmark\dataset\bma\unfocused\pos003_3\pos003_3_page_13.png,0,4.995643394067884e-05,test,bma,cnn,
D:\Dineth\focus_binary_benchmark\dataset\bma\unfocused\pos003_3\pos003_3_page_14.png,0,4.477717811823823e-05,test,bma,cnn,
D:\Dineth\focus_binary_benchmark\dataset\bma\unfocused\pos003_3\pos003_3_page_2.png,0,0.0001006019811029,test,bma,cnn,
D:\Dineth\focus_binary_benchmark\dataset\bma\unfocused\pos003_3\pos003_3_page_3.png,0,0.0002033972850767,test,bma,cnn,
D:\Dineth\focus_binary_benchmark\dataset\bma\unfocused\pos003_3\pos003_3_page_4.png,0,0.0038075405173003,test,bma,cnn,
D:\Dineth\focus_binary_benchmark\dataset\bma\unfocused\pos003_3\pos003_3_page_8.png,0,0.0002163935714634,test,bma,cnn,
D:\Dineth\focus_binary_benchmark\dataset\bma\unfocused\pos003_3\pos003_3_page_9.png,0,6.116479926276952e-05,test,bma,cnn,
D:\Dineth\focus_binary_benchmark\dataset\bma\unfocused\pos004_3\pos004_3_page_1.png,0,3.642274532467127e-05,test,bma,cnn,
D:\Dineth\focus_binary_benchmark\dataset\bma\unfocused\pos004_3\pos004_3_page_13.png,0,0.0001328227663179,test,bma,cnn,
D:\Dineth\focus_binary_benchmark\dataset\bma\unfocused\pos004_3\pos004_3_page_14.png,0,2.7370359021006152e-05,test,bma,cnn,
D:\Dineth\focus_binary_benchmark\dataset\bma\unfocused\pos004_3\pos004_3_page_2.png,0,4.949329741066322e-05,test,bma,cnn,
D:\Dineth\focus_binary_benchmark\dataset\bma\unfocused\pos004_3\pos004_3_page_3.png,0,4.704556704382412e-05,test,bma,cnn,
D:\Dineth\focus_binary_benchmark\dataset\bma\unfocused\pos004_3\pos004_3_page_4.png,0,4.315851401770488e-05,test,bma,cnn,
D:\Dineth\focus_binary_benchmark\dataset\bma\unfocused\pos004_3\pos004_3_page_5.png,0,3.354553700773977e-05,test,bma,cnn,
D:\Dineth\focus_binary_benchmark\dataset\bma\unfocused\pos004_3\pos004_3_page_6.png,0,2.708786814764608e-05,test,bma,cnn,
D:\Dineth\focus_binary_benchmark\dataset\bma\unfocused\pos004_3\pos004_3_page_7.png,0,2.4601313270977695e-05,test,bma,cnn,
D:\Dineth\focus_binary_benchmark\dataset\bma\unfocused\pos004_3\pos004_3_page_8.png,0,4.502767842495814e-05,test,bma,cnn,
D:\Dineth\focus_binary_benchmark\dataset\bma\unfocused\pos004_3\pos004_3_page_9.png,0,0.0020732234697788,test,bma,cnn,
D:\Dineth\focus_binary_benchmark\dataset\bma\unfocused\pos005_2\pos005_2_page_12.png,0,0.0006024468457326,test,bma,cnn,
D:\Dineth\focus_binary_benchmark\dataset\bma\unfocused\pos005_2\pos005_2_page_13.png,0,6.891102384543046e-05,test,bma,cnn,
D:\Dineth\focus_binary_benchmark\dataset\bma\unfocused\pos005_2\pos005_2_page_14.png,0,5.505429726326838e-05,test,bma,cnn,
D:\Dineth\focus_binary_benchmark\dataset\bma\unfocused\pos005_2\pos005_2_page_2.png,0,0.0001254304224858,test,bma,cnn,
D:\Dineth\focus_binary_benchmark\dataset\bma\unfocused\pos005_2\pos005_2_page_3.png,0,0.0001066646727849,test,bma,cnn,
D:\Dineth\focus_binary_benchmark\dataset\bma\unfocused\pos005_2\pos005_2_page_4.png,0,8.57562044984661e-05,test,bma,cnn,
D:\Dineth\focus_binary_benchmark\dataset\bma\unfocused\pos005_2\pos005_2_page_5.png,0,6.89367952872999e-05,test,bma,cnn,
D:\Dineth\focus_binary_benchmark\dataset\bma\unfocused\pos005_2\pos005_2_page_6.png,0,6.26525143161416e-05,test,bma,cnn,
D:\Dineth\focus_binary_benchmark\dataset\bma\unfocused\pos005_2\pos005_2_page_7.png,0,8.427188004134223e-05,test,bma,cnn,
D:\Dineth\focus_binary_benchmark\dataset\bma\unfocused\pos005_2\pos005_2_page_8.png,0,0.0005640749004669,test,bma,cnn,
D:\Dineth\focus_binary_benchmark\dataset\bma\unfocused\pos005_2\pos005_2_page_9.png,0,0.2661862075328827,test,bma,cnn,
D:\Dineth\focus_binary_benchmark\dataset\bma\unfocused\pos006_1\pos006_1_page_1.png,0,0.0005017842631787,test,bma,cnn,
D:\Dineth\focus_binary_benchmark\dataset\bma\unfocused\pos006_1\pos006_1_page_10.png,0,0.1058249324560165,test,bma,cnn,
D:\Dineth\focus_binary_benchmark\dataset\bma\unfocused\pos006_1\pos006_1_page_11.png,0,0.001989988842979,test,bma,cnn,
D:\Dineth\focus_binary_benchmark\dataset\bma\unfocused\pos006_1\pos006_1_page_12.png,0,0.0005697617889381,test,bma,cnn,
D:\Dineth\focus_binary_benchmark\dataset\bma\unfocused\pos006_1\pos006_1_page_13.png,0,0.000458767695818,test,bma,cnn,
D:\Dineth\focus_binary_benchmark\dataset\bma\unfocused\pos006_1\pos006_1_page_14.png,0,0.0004772866377606,test,bma,cnn,
D:\Dineth\focus_binary_benchmark\dataset\bma\unfocused\pos006_1\pos006_1_page_2.png,0,0.0003254411567468,test,bma,cnn,
D:\Dineth\focus_binary_benchmark\dataset\bma\unfocused\pos006_1\pos006_1_page_3.png,0,0.0003606782411225,test,bma,cnn,
D:\Dineth\focus_binary_benchmark\dataset\bma\unfocused\pos006_1\pos006_1_page_4.png,0,0.0004462923971004,test,bma,cnn,
D:\Dineth\focus_binary_benchmark\dataset\bma\unfocused\pos006_1\pos006_1_page_5.png,0,0.0005615405389107,test,bma,cnn,
D:\Dineth\focus_binary_benchmark\dataset\bma\unfocused\pos006_1\pos006_1_page_6.png,0,0.0008974783122539,test,bma,cnn,
D:\Dineth\focus_binary_benchmark\dataset\pbs_imgs\focused\FieldPos207_Cam01_RGB_MB\FieldPos207_Cam01_RGB_MB_page_7.png,1,0.0769810006022453,test,pbs_imgs,cnn,
D:\Dineth\focus_binary_benchmark\dataset\pbs_imgs\focused\FieldPos217_Cam01_RGB_MB\FieldPos217_Cam01_RGB_MB_page_2.png,1,0.9598768949508668,test,pbs_imgs,cnn,
D:\Dineth\focus_binary_benchmark\dataset\pbs_imgs\focused\FieldPos280_Cam01_RGB_MB\FieldPos280_Cam01_RGB_MB_page_5.png,1,0.9687607884407043,test,pbs_imgs,cnn,
D:\Dineth\focus_binary_benchmark\dataset\pbs_imgs\focused\FieldPos301_Cam01_RGB_MB\FieldPos301_Cam01_RGB_MB_page_10.png,1,0.9601267576217652,test,pbs_imgs,cnn,
D:\Dineth\focus_binary_benchmark\dataset\pbs_imgs\focused\FieldPos322_Cam01_RGB_MB\FieldPos322_Cam01_RGB_MB_page_5.png,1,0.938703715801239,test,pbs_imgs,cnn,
D:\Dineth\focus_binary_benchmark\dataset\pbs_imgs\focused\FieldPos344_Cam01_RGB_MB\FieldPos344_Cam01_RGB_MB_page_10.png,1,0.9472987651824952,test,pbs_imgs,cnn,
D:\Dineth\focus_binary_benchmark\dataset\pbs_imgs\focused\FieldPos356_Cam01_RGB_MB\FieldPos356_Cam01_RGB_MB_page_4.png,1,0.9262923002243042,test,pbs_imgs,cnn,
D:\Dineth\focus_binary_benchmark\dataset\pbs_imgs\focused\FieldPos357_Cam01_RGB_MB\FieldPos357_Cam01_RGB_MB_page_4.png,1,0.9797216653823853,test,pbs_imgs,cnn,
D:\Dineth\focus_binary_benchmark\dataset\pbs_imgs\focused\FieldPos430_Cam01_RGB_MB\FieldPos430_Cam01_RGB_MB_page_8.png,1,0.6440894603729248,test,pbs_imgs,cnn,
D:\Dineth\focus_binary_benchmark\dataset\pbs_imgs\focused\FieldPos434_Cam01_RGB_MB\FieldPos434_Cam01_RGB_MB_page_7.png,1,0.5807839632034302,test,pbs_imgs,cnn,
D:\Dineth\focus_binary_benchmark\dataset\pbs_imgs\focused\FieldPos469_Cam01_RGB_MB\FieldPos469_Cam01_RGB_MB_page_11.png,1,0.9708585143089294,test,pbs_imgs,cnn,
D:\Dineth\focus_binary_benchmark\dataset\pbs_imgs\unfocused\FieldPos207_Cam01_RGB_MB\FieldPos207_Cam01_RGB_MB_page_1.png,0,0.1525152623653412,test,pbs_imgs,cnn,
D:\Dineth\focus_binary_benchmark\dataset\pbs_imgs\unfocused\FieldPos207_Cam01_RGB_MB\FieldPos207_Cam01_RGB_MB_page_2.png,0,0.3780303299427032,test,pbs_imgs,cnn,
D:\Dineth\focus_binary_benchmark\dataset\pbs_imgs\unfocused\FieldPos207_Cam01_RGB_MB\FieldPos207_Cam01_RGB_MB_page_3.png,0,0.7019302845001221,test,pbs_imgs,cnn,
D:\Dineth\focus_binary_benchmark\dataset\pbs_imgs\unfocused\FieldPos207_Cam01_RGB_MB\FieldPos207_Cam01_RGB_MB_page_4.png,0,0.8179540038108826,test,pbs_imgs,cnn,
D:\Dineth\focus_binary_benchmark\dataset\pbs_imgs\unfocused\FieldPos207_Cam01_RGB_MB\FieldPos207_Cam01_RGB_MB_page_5.png,0,0.7861626148223877,test,pbs_imgs,cnn,
D:\Dineth\focus_binary_benchmark\dataset\pbs_imgs\unfocused\FieldPos207_Cam01_RGB_MB\FieldPos207_Cam01_RGB_MB_page_9.png,0,0.023781418800354,test,pbs_imgs,cnn,
D:\Dineth\focus_binary_benchmark\dataset\pbs_imgs\unfocused\FieldPos217_Cam01_RGB_MB\FieldPos217_Cam01_RGB_MB_page_4.png,0,0.0178569983690977,test,pbs_imgs,cnn,
D:\Dineth\focus_binary_benchmark\dataset\pbs_imgs\unfocused\FieldPos217_Cam01_RGB_MB\FieldPos217_Cam01_RGB_MB_page_5.png,0,0.0404211618006229,test,pbs_imgs,cnn,
D:\Dineth\focus_binary_benchmark\dataset\pbs_imgs\unfocused\FieldPos217_Cam01_RGB_MB\FieldPos217_Cam01_RGB_MB_page_6.png,0,0.0347832664847373,test,pbs_imgs,cnn,
D:\Dineth\focus_binary_benchmark\dataset\pbs_imgs\unfocused\FieldPos217_Cam01_RGB_MB\FieldPos217_Cam01_RGB_MB_page_7.png,0,0.1163498237729072,test,pbs_imgs,cnn,
D:\Dineth\focus_binary_benchmark\dataset\pbs_imgs\unfocused\FieldPos217_Cam01_RGB_MB\FieldPos217_Cam01_RGB_MB_page_8.png,0,0.1721165031194687,test,pbs_imgs,cnn,
D:\Dineth\focus_binary_benchmark\dataset\pbs_imgs\unfocused\FieldPos217_Cam01_RGB_MB\FieldPos217_Cam01_RGB_MB_page_9.png,0,0.3070425391197204,test,pbs_imgs,cnn,
D:\Dineth\focus_binary_benchmark\dataset\pbs_imgs\unfocused\FieldPos280_Cam01_RGB_MB\FieldPos280_Cam01_RGB_MB_page_1.png,0,8.385527326026931e-05,test,pbs_imgs,cnn,
D:\Dineth\focus_binary_benchmark\dataset\pbs_imgs\unfocused\FieldPos280_Cam01_RGB_MB\FieldPos280_Cam01_RGB_MB_page_10.png,0,3.339577233418822e-05,test,pbs_imgs,cnn,
D:\Dineth\focus_binary_benchmark\dataset\pbs_imgs\unfocused\FieldPos280_Cam01_RGB_MB\FieldPos280_Cam01_RGB_MB_page_11.png,0,3.2830226700752974e-05,test,pbs_imgs,cnn,
D:\Dineth\focus_binary_benchmark\dataset\pbs_imgs\unfocused\FieldPos280_Cam01_RGB_MB\FieldPos280_Cam01_RGB_MB_page_12.png,0,3.2095009373733774e-05,test,pbs_imgs,cnn,
D:\Dineth\focus_binary_benchmark\dataset\pbs_imgs\unfocused\FieldPos280_Cam01_RGB_MB\FieldPos280_Cam01_RGB_MB_page_13.png,0,2.476568624842912e-05,test,pbs_imgs,cnn,
D:\Dineth\focus_binary_benchmark\dataset\pbs_imgs\unfocused\FieldPos280_Cam01_RGB_MB\FieldPos280_Cam01_RGB_MB_page_14.png,0,1.9567381968954575e-05,test,pbs_imgs,cnn,
D:\Dineth\focus_binary_benchmark\dataset\pbs_imgs\unfocused\FieldPos280_Cam01_RGB_MB\FieldPos280_Cam01_RGB_MB_page_15.png,0,1.3258772924018558e-05,test,pbs_imgs,cnn,
D:\Dineth\focus_binary_benchmark\dataset\pbs_imgs\unfocused\FieldPos280_Cam01_RGB_MB\FieldPos280_Cam01_RGB_MB_page_2.png,0,0.0005286993109621,test,pbs_imgs,cnn,
D:\Dineth\focus_binary_benchmark\dataset\pbs_imgs\unfocused\FieldPos280_Cam01_RGB_MB\FieldPos280_Cam01_RGB_MB_page_3.png,0,0.0048842928372323,test,pbs_imgs,cnn,
D:\Dineth\focus_binary_benchmark\dataset\pbs_imgs\unfocused\FieldPos280_Cam01_RGB_MB\FieldPos280_Cam01_RGB_MB_page_7.png,0,0.0222138781100511,test,pbs_imgs,cnn,
D:\Dineth\focus_binary_benchmark\dataset\pbs_imgs\unfocused\FieldPos280_Cam01_RGB_MB\FieldPos280_Cam01_RGB_MB_page_8.png,0,0.0003452046366874,test,pbs_imgs,cnn,
D:\Dineth\focus_binary_benchmark\dataset\pbs_imgs\unfocused\FieldPos280_Cam01_RGB_MB\FieldPos280_Cam01_RGB_MB_page_9.png,0,7.917133916635066e-05,test,pbs_imgs,cnn,
D:\Dineth\focus_binary_benchmark\dataset\pbs_imgs\unfocused\FieldPos301_Cam01_RGB_MB\FieldPos301_Cam01_RGB_MB_page_12.png,0,0.0001892236759886,test,pbs_imgs,cnn,
D:\Dineth\focus_binary_benchmark\dataset\pbs_imgs\unfocused\FieldPos301_Cam01_RGB_MB\FieldPos301_Cam01_RGB_MB_page_13.png,0,0.0001988804287975,test,pbs_imgs,cnn,
D:\Dineth\focus_binary_benchmark\dataset\pbs_imgs\unfocused\FieldPos301_Cam01_RGB_MB\FieldPos301_Cam01_RGB_MB_page_14.png,0,0.0003016519185621,test,pbs_imgs,cnn,
D:\Dineth\focus_binary_benchmark\dataset\pbs_imgs\unfocused\FieldPos301_Cam01_RGB_MB\FieldPos301_Cam01_RGB_MB_page_15.png,0,0.0003377985558472,test,pbs_imgs,cnn,
D:\Dineth\focus_binary_benchmark\dataset\pbs_imgs\unfocused\FieldPos301_Cam01_RGB_MB\FieldPos301_Cam01_RGB_MB_page_2.png,0,0.0006131679401732,test,pbs_imgs,cnn,
D:\Dineth\focus_binary_benchmark\dataset\pbs_imgs\unfocused\FieldPos301_Cam01_RGB_MB\FieldPos301_Cam01_RGB_MB_page_3.png,0,0.0004653700743801,test,pbs_imgs,cnn,
D:\Dineth\focus_binary_benchmark\dataset\pbs_imgs\unfocused\FieldPos301_Cam01_RGB_MB\FieldPos301_Cam01_RGB_MB_page_4.png,0,0.000606613990385,test,pbs_imgs,cnn,
D:\Dineth\focus_binary_benchmark\dataset\pbs_imgs\unfocused\FieldPos301_Cam01_RGB_MB\FieldPos301_Cam01_RGB_MB_page_5.png,0,0.0003126155352219,test,pbs_imgs,cnn,
D:\Dineth\focus_binary_benchmark\dataset\pbs_imgs\unfocused\FieldPos301_Cam01_RGB_MB\FieldPos301_Cam01_RGB_MB_page_6.png,0,0.0002582022862043,test,pbs_imgs,cnn,
D:\Dineth\focus_binary_benchmark\dataset\pbs_imgs\unfocused\FieldPos301_Cam01_RGB_MB\FieldPos301_Cam01_RGB_MB_page_7.png,0,0.0002836398489307,test,pbs_imgs,cnn,
D:\Dineth\focus_binary_benchmark\dataset\pbs_imgs\unfocused\FieldPos301_Cam01_RGB_MB\FieldPos301_Cam01_RGB_MB_page_8.png,0,0.0165852960199117,test,pbs_imgs,cnn,
D:\Dineth\focus_binary_benchmark\dataset\pbs_imgs\unfocused\FieldPos301_Cam01_RGB_MB\FieldPos301_Cam01_RGB_MB_page_9.png,0,0.9604068398475648,test,pbs_imgs,cnn,
D:\Dineth\focus_binary_benchmark\dataset\pbs_imgs\unfocused\FieldPos322_Cam01_RGB_MB\FieldPos322_Cam01_RGB_MB_page_1.png,0,0.0003142776549793,test,pbs_imgs,cnn,
D:\Dineth\focus_binary_benchmark\dataset\pbs_imgs\unfocused\FieldPos322_Cam01_RGB_MB\FieldPos322_Cam01_RGB_MB_page_10.png,0,0.0010415278375148,test,pbs_imgs,cnn,
D:\Dineth\focus_binary_benchmark\dataset\pbs_imgs\unfocused\FieldPos322_Cam01_RGB_MB\FieldPos322_Cam01_RGB_MB_page_11.png,0,0.0023707321379333,test,pbs_imgs,cnn,
D:\Dineth\focus_binary_benchmark\dataset\pbs_imgs\unfocused\FieldPos322_Cam01_RGB_MB\FieldPos322_Cam01_RGB_MB_page_12.png,0,0.0031865460332483,test,pbs_imgs,cnn,
D:\Dineth\focus_binary_benchmark\dataset\pbs_imgs\unfocused\FieldPos322_Cam01_RGB_MB\FieldPos322_Cam01_RGB_MB_page_13.png,0,0.0037825221661478,test,pbs_imgs,cnn,
D:\Dineth\focus_binary_benchmark\dataset\pbs_imgs\unfocused\FieldPos322_Cam01_RGB_MB\FieldPos322_Cam01_RGB_MB_page_14.png,0,0.0034812053199857,test,pbs_imgs,cnn,
D:\Dineth\focus_binary_benchmark\dataset\pbs_imgs\unfocused\FieldPos322_Cam01_RGB_MB\FieldPos322_Cam01_RGB_MB_page_15.png,0,0.003077995032072,test,pbs_imgs,cnn,
D:\Dineth\focus_binary_benchmark\dataset\pbs_imgs\unfocused\FieldPos322_Cam01_RGB_MB\FieldPos322_Cam01_RGB_MB_page_2.png,0,0.0004195052606519,test,pbs_imgs,cnn,
D:\Dineth\focus_binary_benchmark\dataset\pbs_imgs\unfocused\FieldPos322_Cam01_RGB_MB\FieldPos322_Cam01_RGB_MB_page_3.png,0,0.0093997847288846,test,pbs_imgs,cnn,
D:\Dineth\focus_binary_benchmark\dataset\pbs_imgs\unfocused\FieldPos322_Cam01_RGB_MB\FieldPos322_Cam01_RGB_MB_page_7.png,0,0.0003487962239887,test,pbs_imgs,cnn,
D:\Dineth\focus_binary_benchmark\dataset\pbs_imgs\unfocused\FieldPos322_Cam01_RGB_MB\FieldPos322_Cam01_RGB_MB_page_8.png,0,0.000244917202508,test,pbs_imgs,cnn,
D:\Dineth\focus_binary_benchmark\dataset\pbs_imgs\unfocused\FieldPos322_Cam01_RGB_MB\FieldPos322_Cam01_RGB_MB_page_9.png,0,0.0005862108664587,test,pbs_imgs,cnn,
D:\Dineth\focus_binary_benchmark\dataset\pbs_imgs\unfocused\FieldPos344_Cam01_RGB_MB\FieldPos344_Cam01_RGB_MB_page_12.png,0,0.0003154029254801,test,pbs_imgs,cnn,
D:\Dineth\focus_binary_benchmark\dataset\pbs_imgs\unfocused\FieldPos344_Cam01_RGB_MB\FieldPos344_Cam01_RGB_MB_page_13.png,0,0.0006561249028891,test,pbs_imgs,cnn,
D:\Dineth\focus_binary_benchmark\dataset\pbs_imgs\unfocused\FieldPos344_Cam01_RGB_MB\FieldPos344_Cam01_RGB_MB_page_14.png,0,0.0024798812810331,test,pbs_imgs,cnn,
D:\Dineth\focus_binary_benchmark\dataset\pbs_imgs\unfocused\FieldPos344_Cam01_RGB_MB\FieldPos344_Cam01_RGB_MB_page_15.png,0,0.0101723708212375,test,pbs_imgs,cnn,
D:\Dineth\focus_binary_benchmark\dataset\pbs_imgs\unfocused\FieldPos344_Cam01_RGB_MB\FieldPos344_Cam01_RGB_MB_page_2.png,0,0.0286457501351833,test,pbs_imgs,cnn,
D:\Dineth\focus_binary_benchmark\dataset\pbs_imgs\unfocused\FieldPos344_Cam01_RGB_MB\FieldPos344_Cam01_RGB_MB_page_3.png,0,0.0114091504365205,test,pbs_imgs,cnn,
D:\Dineth\focus_binary_benchmark\dataset\pbs_imgs\unfocused\FieldPos344_Cam01_RGB_MB\FieldPos344_Cam01_RGB_MB_page_4.png,0,0.0092243216931819,test,pbs_imgs,cnn,
D:\Dineth\focus_binary_benchmark\dataset\pbs_imgs\unfocused\FieldPos344_Cam01_RGB_MB\FieldPos344_Cam01_RGB_MB_page_5.png,0,0.0024398548994213,test,pbs_imgs,cnn,
D:\Dineth\focus_binary_benchmark\dataset\pbs_imgs\unfocused\FieldPos344_Cam01_RGB_MB\FieldPos344_Cam01_RGB_MB_page_6.png,0,0.0008075943915173,test,pbs_imgs,cnn,
D:\Dineth\focus_binary_benchmark\dataset\pbs_imgs\unfocused\FieldPos344_Cam01_RGB_MB\FieldPos344_Cam01_RGB_MB_page_7.png,0,0.0006570153636857,test,pbs_imgs,cnn,
D:\Dineth\focus_binary_benchmark\dataset\pbs_imgs\unfocused\FieldPos344_Cam01_RGB_MB\FieldPos344_Cam01_RGB_MB_page_8.png,0,0.0030445796437561,test,pbs_imgs,cnn,
D:\Dineth\focus_binary_benchmark\dataset\pbs_imgs\unfocused\FieldPos344_Cam01_RGB_MB\FieldPos344_Cam01_RGB_MB_page_9.png,0,0.8984500169754028,test,pbs_imgs,cnn,
D:\Dineth\focus_binary_benchmark\dataset\pbs_imgs\unfocused\FieldPos356_Cam01_RGB_MB\FieldPos356_Cam01_RGB_MB_page_1.png,0,0.0007128389552235,test,pbs_imgs,cnn,
D:\Dineth\focus_binary_benchmark\dataset\pbs_imgs\unfocused\FieldPos356_Cam01_RGB_MB\FieldPos356_Cam01_RGB_MB_page_10.png,0,0.0040344488807022,test,pbs_imgs,cnn,
D:\Dineth\focus_binary_benchmark\dataset\pbs_imgs\unfocused\FieldPos356_Cam01_RGB_MB\FieldPos356_Cam01_RGB_MB_page_11.png,0,0.0067829471081495,test,pbs_imgs,cnn,
D:\Dineth\focus_binary_benchmark\dataset\pbs_imgs\unfocused\FieldPos356_Cam01_RGB_MB\FieldPos356_Cam01_RGB_MB_page_12.png,0,0.0097785554826259,test,pbs_imgs,cnn,
D:\Dineth\focus_binary_benchmark\dataset\pbs_imgs\unfocused\FieldPos356_Cam01_RGB_MB\FieldPos356_Cam01_RGB_MB_page_13.png,0,0.0177264157682657,test,pbs_imgs,cnn,
D:\Dineth\focus_binary_benchmark\dataset\pbs_imgs\unfocused\FieldPos356_Cam01_RGB_MB\FieldPos356_Cam01_RGB_MB_page_14.png,0,0.0118402661755681,test,pbs_imgs,cnn,
D:\Dineth\focus_binary_benchmark\dataset\pbs_imgs\unfocused\FieldPos356_Cam01_RGB_MB\FieldPos356_Cam01_RGB_MB_page_15.png,0,0.0166300125420093,test,pbs_imgs,cnn,
D:\Dineth\focus_binary_benchmark\dataset\pbs_imgs\unfocused\FieldPos356_Cam01_RGB_MB\FieldPos356_Cam01_RGB_MB_page_2.png,0,0.035948384553194,test,pbs_imgs,cnn,
D:\Dineth\focus_binary_benchmark\dataset\pbs_imgs\unfocused\FieldPos356_Cam01_RGB_MB\FieldPos356_Cam01_RGB_MB_page_6.png,0,0.0006772858905605,test,pbs_imgs,cnn,
D:\Dineth\focus_binary_benchmark\dataset\pbs_imgs\unfocused\FieldPos356_Cam01_RGB_MB\FieldPos356_Cam01_RGB_MB_page_7.png,0,0.0003153379948344,test,pbs_imgs,cnn,
D:\Dineth\focus_binary_benchmark\dataset\pbs_imgs\unfocused\FieldPos356_Cam01_RGB_MB\FieldPos356_Cam01_RGB_MB_page_8.png,0,0.0006920409505255,test,pbs_imgs,cnn,
D:\Dineth\focus_binary_benchmark\dataset\pbs_imgs\unfocused\FieldPos356_Cam01_RGB_MB\FieldPos356_Cam01_RGB_MB_page_9.png,0,0.0019616128411144,test,pbs_imgs,cnn,
D:\Dineth\focus_binary_benchmark\dataset\pbs_imgs\unfocused\FieldPos357_Cam01_RGB_MB\FieldPos357_Cam01_RGB_MB_page_1.png,0,0.0038239152636379,test,pbs_imgs,cnn,
D:\Dineth\focus_binary_benchmark\dataset\pbs_imgs\unfocused\FieldPos357_Cam01_RGB_MB\FieldPos357_Cam01_RGB_MB_page_10.png,0,0.0111245205625891,test,pbs_imgs,cnn,
D:\Dineth\focus_binary_benchmark\dataset\pbs_imgs\unfocused\FieldPos357_Cam01_RGB_MB\FieldPos357_Cam01_RGB_MB_page_11.png,0,0.0295400694012641,test,pbs_imgs,cnn,
D:\Dineth\focus_binary_benchmark\dataset\pbs_imgs\unfocused\FieldPos357_Cam01_RGB_MB\FieldPos357_Cam01_RGB_MB_page_12.png,0,0.0409283339977264,test,pbs_imgs,cnn,
D:\Dineth\focus_binary_benchmark\dataset\pbs_imgs\unfocused\FieldPos357_Cam01_RGB_MB\FieldPos357_Cam01_RGB_MB_page_13.png,0,0.0539404191076755,test,pbs_imgs,cnn,
D:\Dineth\focus_binary_benchmark\dataset\pbs_imgs\unfocused\FieldPos357_Cam01_RGB_MB\FieldPos357_Cam01_RGB_MB_page_14.png,0,0.1068906113505363,test,pbs_imgs,cnn,
D:\Dineth\focus_binary_benchmark\dataset\pbs_imgs\unfocused\FieldPos357_Cam01_RGB_MB\FieldPos357_Cam01_RGB_MB_page_15.png,0,0.0998818427324295,test,pbs_imgs,cnn,
D:\Dineth\focus_binary_benchmark\dataset\pbs_imgs\unfocused\FieldPos357_Cam01_RGB_MB\FieldPos357_Cam01_RGB_MB_page_2.png,0,0.0379512161016464,test,pbs_imgs,cnn,
D:\Dineth\focus_binary_benchmark\dataset\pbs_imgs\unfocused\FieldPos357_Cam01_RGB_MB\FieldPos357_Cam01_RGB_MB_page_6.png,0,0.0059876847080886,test,pbs_imgs,cnn,
D:\Dineth\focus_binary_benchmark\dataset\pbs_imgs\unfocused\FieldPos357_Cam01_RGB_MB\FieldPos357_Cam01_RGB_MB_page_7.png,0,0.0012918562861159,test,pbs_imgs,cnn,
D:\Dineth\focus_binary_benchmark\dataset\pbs_imgs\unfocused\FieldPos357_Cam01_RGB_MB\FieldPos357_Cam01_RGB_MB_page_8.png,0,0.0023178446572273,test,pbs_imgs,cnn,
D:\Dineth\focus_binary_benchmark\dataset\pbs_imgs\unfocused\FieldPos357_Cam01_RGB_MB\FieldPos357_Cam01_RGB_MB_page_9.png,0,0.0055031483061611,test,pbs_imgs,cnn,
D:\Dineth\focus_binary_benchmark\dataset\pbs_imgs\unfocused\FieldPos430_Cam01_RGB_MB\FieldPos430_Cam01_RGB_MB_page_1.png,0,0.0076178140006959,test,pbs_imgs,cnn,
D:\Dineth\focus_binary_benchmark\dataset\pbs_imgs\unfocused\FieldPos430_Cam01_RGB_MB\FieldPos430_Cam01_RGB_MB_page_10.png,0,0.0006192933651618,test,pbs_imgs,cnn,
D:\Dineth\focus_binary_benchmark\dataset\pbs_imgs\unfocused\FieldPos430_Cam01_RGB_MB\FieldPos430_Cam01_RGB_MB_page_11.png,0,0.0013976010959595,test,pbs_imgs,cnn,
D:\Dineth\focus_binary_benchmark\dataset\pbs_imgs\unfocused\FieldPos430_Cam01_RGB_MB\FieldPos430_Cam01_RGB_MB_page_12.png,0,0.0046775424852967,test,pbs_imgs,cnn,
D:\Dineth\focus_binary_benchmark\dataset\pbs_imgs\unfocused\FieldPos430_Cam01_RGB_MB\FieldPos430_Cam01_RGB_MB_page_13.png,0,0.0120321922004222,test,pbs_imgs,cnn,
D:\Dineth\focus_binary_benchmark\dataset\pbs_imgs\unfocused\FieldPos430_Cam01_RGB_MB\FieldPos430_Cam01_RGB_MB_page_14.png,0,0.0249741524457931,test,pbs_imgs,cnn,
D:\Dineth\focus_binary_benchmark\dataset\pbs_imgs\unfocused\FieldPos430_Cam01_RGB_MB\FieldPos430_Cam01_RGB_MB_page_15.png,0,0.0488526560366153,test,pbs_imgs,cnn,
D:\Dineth\focus_binary_benchmark\dataset\pbs_imgs\unfocused\FieldPos430_Cam01_RGB_MB\FieldPos430_Cam01_RGB_MB_page_2.png,0,0.004604990594089,test,pbs_imgs,cnn,
D:\Dineth\focus_binary_benchmark\dataset\pbs_imgs\unfocused\FieldPos430_Cam01_RGB_MB\FieldPos430_Cam01_RGB_MB_page_3.png,0,0.0025020455941557,test,pbs_imgs,cnn,
D:\Dineth\focus_binary_benchmark\dataset\pbs_imgs\unfocused\FieldPos430_Cam01_RGB_MB\FieldPos430_Cam01_RGB_MB_page_4.png,0,0.0013660892145708,test,pbs_imgs,cnn,
D:\Dineth\focus_binary_benchmark\dataset\pbs_imgs\unfocused\FieldPos430_Cam01_RGB_MB\FieldPos430_Cam01_RGB_MB_page_5.png,0,0.0010112859308719,test,pbs_imgs,cnn,
D:\Dineth\focus_binary_benchmark\dataset\pbs_imgs\unfocused\FieldPos430_Cam01_RGB_MB\FieldPos430_Cam01_RGB_MB_page_6.png,0,0.003017054637894,test,pbs_imgs,cnn,
D:\Dineth\focus_binary_benchmark\dataset\pbs_imgs\unfocused\FieldPos434_Cam01_RGB_MB\FieldPos434_Cam01_RGB_MB_page_1.png,0,0.0024594634305685,test,pbs_imgs,cnn,
D:\Dineth\focus_binary_benchmark\dataset\pbs_imgs\unfocused\FieldPos434_Cam01_RGB_MB\FieldPos434_Cam01_RGB_MB_page_10.png,0,0.0014664522605016,test,pbs_imgs,cnn,
D:\Dineth\focus_binary_benchmark\dataset\pbs_imgs\unfocused\FieldPos434_Cam01_RGB_MB\FieldPos434_Cam01_RGB_MB_page_11.png,0,0.0027385237626731,test,pbs_imgs,cnn,
D:\Dineth\focus_binary_benchmark\dataset\pbs_imgs\unfocused\FieldPos434_Cam01_RGB_MB\FieldPos434_Cam01_RGB_MB_page_12.png,0,0.0042814090847969,test,pbs_imgs,cnn,
D:\Dineth\focus_binary_benchmark\dataset\pbs_imgs\unfocused\FieldPos434_Cam01_RGB_MB\FieldPos434_Cam01_RGB_MB_page_13.png,0,0.0058827865868806,test,pbs_imgs,cnn,
D:\Dineth\focus_binary_benchmark\dataset\pbs_imgs\unfocused\FieldPos434_Cam01_RGB_MB\FieldPos434_Cam01_RGB_MB_page_14.png,0,0.0069467551074922,test,pbs_imgs,cnn,
D:\Dineth\focus_binary_benchmark\dataset\pbs_imgs\unfocused\FieldPos434_Cam01_RGB_MB\FieldPos434_Cam01_RGB_MB_page_15.png,0,0.0123650841414928,test,pbs_imgs,cnn,
D:\Dineth\focus_binary_benchmark\dataset\pbs_imgs\unfocused\FieldPos434_Cam01_RGB_MB\FieldPos434_Cam01_RGB_MB_page_2.png,0,0.0022131397854536,test,pbs_imgs,cnn,
D:\Dineth\focus_binary_benchmark\dataset\pbs_imgs\unfocused\FieldPos434_Cam01_RGB_MB\FieldPos434_Cam01_RGB_MB_page_3.png,0,0.0013356254203245,test,pbs_imgs,cnn,
D:\Dineth\focus_binary_benchmark\dataset\pbs_imgs\unfocused\FieldPos434_Cam01_RGB_MB\FieldPos434_Cam01_RGB_MB_page_4.png,0,0.0010231093037873,test,pbs_imgs,cnn,
D:\Dineth\focus_binary_benchmark\dataset\pbs_imgs\unfocused\FieldPos434_Cam01_RGB_MB\FieldPos434_Cam01_RGB_MB_page_5.png,0,0.0045045078732073,test,pbs_imgs,cnn,
D:\Dineth\focus_binary_benchmark\dataset\pbs_imgs\unfocused\FieldPos434_Cam01_RGB_MB\FieldPos434_Cam01_RGB_MB_page_9.png,0,0.0010128035210072,test,pbs_imgs,cnn,
D:\Dineth\focus_binary_benchmark\dataset\pbs_imgs\unfocused\FieldPos469_Cam01_RGB_MB\FieldPos469_Cam01_RGB_MB_page_1.png,0,0.3025463223457336,test,pbs_imgs,cnn,
D:\Dineth\focus_binary_benchmark\dataset\pbs_imgs\unfocused\FieldPos469_Cam01_RGB_MB\FieldPos469_Cam01_RGB_MB_page_13.png,0,0.0262099560350179,test,pbs_imgs,cnn,
D:\Dineth\focus_binary_benchmark\dataset\pbs_imgs\unfocused\FieldPos469_Cam01_RGB_MB\FieldPos469_Cam01_RGB_MB_page_14.png,0,0.0116590606048703,test,pbs_imgs,cnn,
D:\Dineth\focus_binary_benchmark\dataset\pbs_imgs\unfocused\FieldPos469_Cam01_RGB_MB\FieldPos469_Cam01_RGB_MB_page_15.png,0,0.0139653654769063,test,pbs_imgs,cnn,
D:\Dineth\focus_binary_benchmark\dataset\pbs_imgs\unfocused\FieldPos469_Cam01_RGB_MB\FieldPos469_Cam01_RGB_MB_page_2.png,0,0.1230484098196029,test,pbs_imgs,cnn,
D:\Dineth\focus_binary_benchmark\dataset\pbs_imgs\unfocused\FieldPos469_Cam01_RGB_MB\FieldPos469_Cam01_RGB_MB_page_3.png,0,0.0662396997213363,test,pbs_imgs,cnn,
D:\Dineth\focus_binary_benchmark\dataset\pbs_imgs\unfocused\FieldPos469_Cam01_RGB_MB\FieldPos469_Cam01_RGB_MB_page_4.png,0,0.137596994638443,test,pbs_imgs,cnn,
D:\Dineth\focus_binary_benchmark\dataset\pbs_imgs\unfocused\FieldPos469_Cam01_RGB_MB\FieldPos469_Cam01_RGB_MB_page_5.png,0,0.0314957313239574,test,pbs_imgs,cnn,
D:\Dineth\focus_binary_benchmark\dataset\pbs_imgs\unfocused\FieldPos469_Cam01_RGB_MB\FieldPos469_Cam01_RGB_MB_page_6.png,0,0.0555214509367942,test,pbs_imgs,cnn,
D:\Dineth\focus_binary_benchmark\dataset\pbs_imgs\unfocused\FieldPos469_Cam01_RGB_MB\FieldPos469_Cam01_RGB_MB_page_7.png,0,0.0276562310755252,test,pbs_imgs,cnn,
D:\Dineth\focus_binary_benchmark\dataset\pbs_imgs\unfocused\FieldPos469_Cam01_RGB_MB\FieldPos469_Cam01_RGB_MB_page_8.png,0,0.0059010325931012,test,pbs_imgs,cnn,
D:\Dineth\focus_binary_benchmark\dataset\pbs_imgs\unfocused\FieldPos469_Cam01_RGB_MB\FieldPos469_Cam01_RGB_MB_page_9.png,0,0.0114149386063218,test,pbs_imgs,cnn,
D:\Dineth\focus_binary_benchmark\dataset\tbf_imgs\focused\FieldPos000 (4)\FieldPos000 (4)_page_7.png,1,0.9969902634620668,test,tbf_imgs,cnn,
D:\Dineth\focus_binary_benchmark\dataset\tbf_imgs\focused\FieldPos002 (2)\FieldPos002 (2)_page_7.png,1,0.9964054226875304,test,tbf_imgs,cnn,
D:\Dineth\focus_binary_benchmark\dataset\tbf_imgs\focused\FieldPos002 (3)\FieldPos002 (3)_page_8.png,1,0.9983088970184326,test,tbf_imgs,cnn,
D:\Dineth\focus_binary_benchmark\dataset\tbf_imgs\focused\FieldPos003 (4)\FieldPos003 (4)_page_7.png,1,0.995742917060852,test,tbf_imgs,cnn,
D:\Dineth\focus_binary_benchmark\dataset\tbf_imgs\focused\FieldPos004 (3)\FieldPos004 (3)_page_7.png,1,0.996857523918152,test,tbf_imgs,cnn,
D:\Dineth\focus_binary_benchmark\dataset\tbf_imgs\focused\FieldPos007 (3)\FieldPos007 (3)_page_6.png,1,0.9812380075454712,test,tbf_imgs,cnn,
D:\Dineth\focus_binary_benchmark\dataset\tbf_imgs\focused\FieldPos008\FieldPos008_page_7.png,1,0.981853723526001,test,tbf_imgs,cnn,
D:\Dineth\focus_binary_benchmark\dataset\tbf_imgs\focused\FieldPos010\FieldPos010_page_7.png,1,0.9287047386169434,test,tbf_imgs,cnn,
D:\Dineth\focus_binary_benchmark\dataset\tbf_imgs\focused\FieldPos018 (2)\FieldPos018 (2)_page_6.png,1,0.9560577273368835,test,tbf_imgs,cnn,
D:\Dineth\focus_binary_benchmark\dataset\tbf_imgs\focused\FieldPos019 (2)\FieldPos019 (2)_page_6.png,1,0.9341543912887572,test,tbf_imgs,cnn,
D:\Dineth\focus_binary_benchmark\dataset\tbf_imgs\focused\FieldPos023\FieldPos023_page_6.png,1,0.9201040863990784,test,tbf_imgs,cnn,
D:\Dineth\focus_binary_benchmark\dataset\tbf_imgs\focused\FieldPos029\FieldPos029_page_8.png,1,0.960296392440796,test,tbf_imgs,cnn,
D:\Dineth\focus_binary_benchmark\dataset\tbf_imgs\focused\FieldPos033 (2)\FieldPos033 (2)_page_8.png,1,0.9828616976737976,test,tbf_imgs,cnn,
D:\Dineth\focus_binary_benchmark\dataset\tbf_imgs\focused\FieldPos036\FieldPos036_page_8.png,1,0.9804465770721436,test,tbf_imgs,cnn,
D:\Dineth\focus_binary_benchmark\dataset\tbf_imgs\focused\FieldPos038\FieldPos038_page_7.png,1,0.9480778574943542,test,tbf_imgs,cnn,
D:\Dineth\focus_binary_benchmark\dataset\tbf_imgs\focused\FieldPos040\FieldPos040_page_7.png,1,0.8822237849235535,test,tbf_imgs,cnn,
D:\Dineth\focus_binary_benchmark\dataset\tbf_imgs\focused\FieldPos044\FieldPos044_page_8.png,1,0.843592643737793,test,tbf_imgs,cnn,
D:\Dineth\focus_binary_benchmark\dataset\tbf_imgs\focused\FieldPos053\FieldPos053_page_7.png,1,0.9583591222763062,test,tbf_imgs,cnn,
D:\Dineth\focus_binary_benchmark\dataset\tbf_imgs\focused\FieldPos059\FieldPos059_page_6.png,1,0.992861807346344,test,tbf_imgs,cnn,
D:\Dineth\focus_binary_benchmark\dataset\tbf_imgs\focused\FieldPos066\FieldPos066_page_6.png,1,0.856681227684021,test,tbf_imgs,cnn,
D:\Dineth\focus_binary_benchmark\dataset\tbf_imgs\focused\FieldPos069\FieldPos069_page_5.png,1,0.9560763835906982,test,tbf_imgs,cnn,
D:\Dineth\focus_binary_benchmark\dataset\tbf_imgs\focused\FieldPos074\FieldPos074_page_6.png,1,0.8783200979232788,test,tbf_imgs,cnn,
D:\Dineth\focus_binary_benchmark\dataset\tbf_imgs\focused\FieldPos082\FieldPos082_page_6.png,1,0.0011161236325278,test,tbf_imgs,cnn,
D:\Dineth\focus_binary_benchmark\dataset\tbf_imgs\focused\FieldPos103\FieldPos103_page_8.png,1,0.9669318199157716,test,tbf_imgs,cnn,
D:\Dineth\focus_binary_benchmark\dataset\tbf_imgs\focused\FieldPos104\FieldPos104_page_7.png,1,0.960204780101776,test,tbf_imgs,cnn,
D:\Dineth\focus_binary_benchmark\dataset\tbf_imgs\focused\FieldPos107\FieldPos107_page_5.png,1,0.9866569638252258,test,tbf_imgs,cnn,
D:\Dineth\focus_binary_benchmark\dataset\tbf_imgs\focused\FieldPos200\FieldPos200_page_7.png,1,0.9466118216514589,test,tbf_imgs,cnn,
D:\Dineth\focus_binary_benchmark\dataset\tbf_imgs\focused\FieldPos203\FieldPos203_page_7.png,1,0.9731816053390504,test,tbf_imgs,cnn,
D:\Dineth\focus_binary_benchmark\dataset\tbf_imgs\unfocused\FieldPos000 (4)\FieldPos000 (4)_page_1.png,0,1.041536143020494e-05,test,tbf_imgs,cnn,
D:\Dineth\focus_binary_benchmark\dataset\tbf_imgs\unfocused\FieldPos000 (4)\FieldPos000 (4)_page_10.png,0,1.1391201041988095e-05,test,tbf_imgs,cnn,
D:\Dineth\focus_binary_benchmark\dataset\tbf_imgs\unfocused\FieldPos000 (4)\FieldPos000 (4)_page_11.png,0,8.673275260662194e-06,test,tbf_imgs,cnn,
D:\Dineth\focus_binary_benchmark\dataset\tbf_imgs\unfocused\FieldPos000 (4)\FieldPos000 (4)_page_12.png,0,8.061612788878847e-06,test,tbf_imgs,cnn,
D:\Dineth\focus_binary_benchmark\dataset\tbf_imgs\unfocused\FieldPos000 (4)\FieldPos000 (4)_page_13.png,0,1.0502255463507026e-05,test,tbf_imgs,cnn,
D:\Dineth\focus_binary_benchmark\dataset\tbf_imgs\unfocused\FieldPos000 (4)\FieldPos000 (4)_page_14.png,0,1.38616605909192e-05,test,tbf_imgs,cnn,
D:\Dineth\focus_binary_benchmark\dataset\tbf_imgs\unfocused\FieldPos000 (4)\FieldPos000 (4)_page_2.png,0,1.3380078598856926e-05,test,tbf_imgs,cnn,
D:\Dineth\focus_binary_benchmark\dataset\tbf_imgs\unfocused\FieldPos000 (4)\FieldPos000 (4)_page_3.png,0,4.090000584255904e-05,test,tbf_imgs,cnn,
D:\Dineth\focus_binary_benchmark\dataset\tbf_imgs\unfocused\FieldPos000 (4)\FieldPos000 (4)_page_4.png,0,0.0015837408136576,test,tbf_imgs,cnn,
D:\Dineth\focus_binary_benchmark\dataset\tbf_imgs\unfocused\FieldPos000 (4)\FieldPos000 (4)_page_5.png,0,0.8891475796699524,test,tbf_imgs,cnn,
D:\Dineth\focus_binary_benchmark\dataset\tbf_imgs\unfocused\FieldPos000 (4)\FieldPos000 (4)_page_9.png,0,0.0002130950888385,test,tbf_imgs,cnn,
D:\Dineth\focus_binary_benchmark\dataset\tbf_imgs\unfocused\FieldPos002 (2)\FieldPos002 (2)_page_1.png,0,5.630885880236747e-06,test,tbf_imgs,cnn,
D:\Dineth\focus_binary_benchmark\dataset\tbf_imgs\unfocused\FieldPos002 (2)\FieldPos002 (2)_page_10.png,0,9.935247362591326e-06,test,tbf_imgs,cnn,
D:\Dineth\focus_binary_benchmark\dataset\tbf_imgs\unfocused\FieldPos002 (2)\FieldPos002 (2)_page_11.png,0,5.803276053484296e-06,test,tbf_imgs,cnn,
D:\Dineth\focus_binary_benchmark\dataset\tbf_imgs\unfocused\FieldPos002 (2)\FieldPos002 (2)_page_12.png,0,6.500855761260027e-06,test,tbf_imgs,cnn,
D:\Dineth\focus_binary_benchmark\dataset\tbf_imgs\unfocused\FieldPos002 (2)\FieldPos002 (2)_page_13.png,0,7.738361091469415e-06,test,tbf_imgs,cnn,
D:\Dineth\focus_binary_benchmark\dataset\tbf_imgs\unfocused\FieldPos002 (2)\FieldPos002 (2)_page_14.png,0,9.49169771047309e-06,test,tbf_imgs,cnn,
D:\Dineth\focus_binary_benchmark\dataset\tbf_imgs\unfocused\FieldPos002 (2)\FieldPos002 (2)_page_2.png,0,6.525620847241953e-06,test,tbf_imgs,cnn,
D:\Dineth\focus_binary_benchmark\dataset\tbf_imgs\unfocused\FieldPos002 (2)\FieldPos002 (2)_page_3.png,0,2.676552685443312e-05,test,tbf_imgs,cnn,
D:\Dineth\focus_binary_benchmark\dataset\tbf_imgs\unfocused\FieldPos002 (2)\FieldPos002 (2)_page_4.png,0,0.0046427627094089,test,tbf_imgs,cnn,
D:\Dineth\focus_binary_benchmark\dataset\tbf_imgs\unfocused\FieldPos002 (2)\FieldPos002 (2)_page_5.png,0,0.974650740623474,test,tbf_imgs,cnn,
D:\Dineth\focus_binary_benchmark\dataset\tbf_imgs\unfocused\FieldPos002 (2)\FieldPos002 (2)_page_9.png,0,0.0001238930708495,test,tbf_imgs,cnn,
D:\Dineth\focus_binary_benchmark\dataset\tbf_imgs\unfocused\FieldPos002 (3)\FieldPos002 (3)_page_1.png,0,3.1009338272269815e-05,test,tbf_imgs,cnn,
D:\Dineth\focus_binary_benchmark\dataset\tbf_imgs\unfocused\FieldPos002 (3)\FieldPos002 (3)_page_10.png,0,0.0074681788682937,test,tbf_imgs,cnn,
D:\Dineth\focus_binary_benchmark\dataset\tbf_imgs\unfocused\FieldPos002 (3)\FieldPos002 (3)_page_11.png,0,4.461431672098115e-05,test,tbf_imgs,cnn,
D:\Dineth\focus_binary_benchmark\dataset\tbf_imgs\unfocused\FieldPos002 (3)\FieldPos002 (3)_page_12.png,0,2.3406695618177764e-05,test,tbf_imgs,cnn,
D:\Dineth\focus_binary_benchmark\dataset\tbf_imgs\unfocused\FieldPos002 (3)\FieldPos002 (3)_page_13.png,0,2.2472228010883555e-05,test,tbf_imgs,cnn,
D:\Dineth\focus_binary_benchmark\dataset\tbf_imgs\unfocused\FieldPos002 (3)\FieldPos002 (3)_page_14.png,0,3.038606882910244e-05,test,tbf_imgs,cnn,
D:\Dineth\focus_binary_benchmark\dataset\tbf_imgs\unfocused\FieldPos002 (3)\FieldPos002 (3)_page_2.png,0,2.243548442493193e-05,test,tbf_imgs,cnn,
D:\Dineth\focus_binary_benchmark\dataset\tbf_imgs\unfocused\FieldPos002 (3)\FieldPos002 (3)_page_3.png,0,2.8872671464341693e-05,test,tbf_imgs,cnn,
D:\Dineth\focus_binary_benchmark\dataset\tbf_imgs\unfocused\FieldPos002 (3)\FieldPos002 (3)_page_4.png,0,4.508985875872895e-05,test,tbf_imgs,cnn,
D:\Dineth\focus_binary_benchmark\dataset\tbf_imgs\unfocused\FieldPos002 (3)\FieldPos002 (3)_page_5.png,0,0.0006175213493406,test,tbf_imgs,cnn,
D:\Dineth\focus_binary_benchmark\dataset\tbf_imgs\unfocused\FieldPos002 (3)\FieldPos002 (3)_page_6.png,0,0.9820740222930908,test,tbf_imgs,cnn,
D:\Dineth\focus_binary_benchmark\dataset\tbf_imgs\unfocused\FieldPos003 (4)\FieldPos003 (4)_page_1.png,0,1.0209373613179196e-05,test,tbf_imgs,cnn,
D:\Dineth\focus_binary_benchmark\dataset\tbf_imgs\unfocused\FieldPos003 (4)\FieldPos003 (4)_page_10.png,0,4.28665844083298e-05,test,tbf_imgs,cnn,
D:\Dineth\focus_binary_benchmark\dataset\tbf_imgs\unfocused\FieldPos003 (4)\FieldPos003 (4)_page_11.png,0,1.0137346180272289e-05,test,tbf_imgs,cnn,
D:\Dineth\focus_binary_benchmark\dataset\tbf_imgs\unfocused\FieldPos003 (4)\FieldPos003 (4)_page_12.png,0,8.471763067063875e-06,test,tbf_imgs,cnn,
D:\Dineth\focus_binary_benchmark\dataset\tbf_imgs\unfocused\FieldPos003 (4)\FieldPos003 (4)_page_13.png,0,9.475726983509958e-06,test,tbf_imgs,cnn,
D:\Dineth\focus_binary_benchmark\dataset\tbf_imgs\unfocused\FieldPos003 (4)\FieldPos003 (4)_page_14.png,0,9.757327461556995e-06,test,tbf_imgs,cnn,
D:\Dineth\focus_binary_benchmark\dataset\tbf_imgs\unfocused\FieldPos003 (4)\FieldPos003 (4)_page_2.png,0,9.805069566937163e-06,test,tbf_imgs,cnn,
D:\Dineth\focus_binary_benchmark\dataset\tbf_imgs\unfocused\FieldPos003 (4)\FieldPos003 (4)_page_3.png,0,1.3930424756836146e-05,test,tbf_imgs,cnn,
D:\Dineth\focus_binary_benchmark\dataset\tbf_imgs\unfocused\FieldPos003 (4)\FieldPos003 (4)_page_4.png,0,0.000115980488772,test,tbf_imgs,cnn,
D:\Dineth\focus_binary_benchmark\dataset\tbf_imgs\unfocused\FieldPos003 (4)\FieldPos003 (4)_page_5.png,0,0.0371928438544273,test,tbf_imgs,cnn,
D:\Dineth\focus_binary_benchmark\dataset\tbf_imgs\unfocused\FieldPos003 (4)\FieldPos003 (4)_page_9.png,0,0.1759540885686874,test,tbf_imgs,cnn,
D:\Dineth\focus_binary_benchmark\dataset\tbf_imgs\unfocused\FieldPos004 (3)\FieldPos004 (3)_page_1.png,0,1.6363701433874667e-05,test,tbf_imgs,cnn,
D:\Dineth\focus_binary_benchmark\dataset\tbf_imgs\unfocused\FieldPos004 (3)\FieldPos004 (3)_page_10.png,0,5.747286922996864e-05,test,tbf_imgs,cnn,
D:\Dineth\focus_binary_benchmark\dataset\tbf_imgs\unfocused\FieldPos004 (3)\FieldPos004 (3)_page_11.png,0,1.2387147762638053e-05,test,tbf_imgs,cnn,
D:\Dineth\focus_binary_benchmark\dataset\tbf_imgs\unfocused\FieldPos004 (3)\FieldPos004 (3)_page_12.png,0,1.1303622159175576e-05,test,tbf_imgs,cnn,
D:\Dineth\focus_binary_benchmark\dataset\tbf_imgs\unfocused\FieldPos004 (3)\FieldPos004 (3)_page_13.png,0,1.125755807152018e-05,test,tbf_imgs,cnn,
D:\Dineth\focus_binary_benchmark\dataset\tbf_imgs\unfocused\FieldPos004 (3)\FieldPos004 (3)_page_14.png,0,1.5899791833362542e-05,test,tbf_imgs,cnn,
D:\Dineth\focus_binary_benchmark\dataset\tbf_imgs\unfocused\FieldPos004 (3)\FieldPos004 (3)_page_2.png,0,1.3281413885124492e-05,test,tbf_imgs,cnn,
D:\Dineth\focus_binary_benchmark\dataset\tbf_imgs\unfocused\FieldPos004 (3)\FieldPos004 (3)_page_3.png,0,1.1662488759611732e-05,test,tbf_imgs,cnn,
D:\Dineth\focus_binary_benchmark\dataset\tbf_imgs\unfocused\FieldPos004 (3)\FieldPos004 (3)_page_4.png,0,3.017607559741009e-05,test,tbf_imgs,cnn,
D:\Dineth\focus_binary_benchmark\dataset\tbf_imgs\unfocused\FieldPos004 (3)\FieldPos004 (3)_page_5.png,0,0.0017060226527974,test,tbf_imgs,cnn,
D:\Dineth\focus_binary_benchmark\dataset\tbf_imgs\unfocused\FieldPos004 (3)\FieldPos004 (3)_page_9.png,0,0.5267364382743835,test,tbf_imgs,cnn,
D:\Dineth\focus_binary_benchmark\dataset\tbf_imgs\unfocused\FieldPos007 (3)\FieldPos007 (3)_page_1.png,0,8.967446774477139e-06,test,tbf_imgs,cnn,
D:\Dineth\focus_binary_benchmark\dataset\tbf_imgs\unfocused\FieldPos007 (3)\FieldPos007 (3)_page_10.png,0,1.1834322322101798e-05,test,tbf_imgs,cnn,
D:\Dineth\focus_binary_benchmark\dataset\tbf_imgs\unfocused\FieldPos007 (3)\FieldPos007 (3)_page_11.png,0,9.354165740660392e-06,test,tbf_imgs,cnn,
D:\Dineth\focus_binary_benchmark\dataset\tbf_imgs\unfocused\FieldPos007 (3)\FieldPos007 (3)_page_12.png,0,1.0669428775145208e-05,test,tbf_imgs,cnn,
D:\Dineth\focus_binary_benchmark\dataset\tbf_imgs\unfocused\FieldPos007 (3)\FieldPos007 (3)_page_13.png,0,1.2087518371117769e-05,test,tbf_imgs,cnn,
D:\Dineth\focus_binary_benchmark\dataset\tbf_imgs\unfocused\FieldPos007 (3)\FieldPos007 (3)_page_14.png,0,1.1128558980999514e-05,test,tbf_imgs,cnn,
D:\Dineth\focus_binary_benchmark\dataset\tbf_imgs\unfocused\FieldPos007 (3)\FieldPos007 (3)_page_2.png,0,1.0161797035834752e-05,test,tbf_imgs,cnn,
D:\Dineth\focus_binary_benchmark\dataset\tbf_imgs\unfocused\FieldPos007 (3)\FieldPos007 (3)_page_3.png,0,1.9345377950230613e-05,test,tbf_imgs,cnn,
D:\Dineth\focus_binary_benchmark\dataset\tbf_imgs\unfocused\FieldPos007 (3)\FieldPos007 (3)_page_4.png,0,0.0002000052627408,test,tbf_imgs,cnn,
D:\Dineth\focus_binary_benchmark\dataset\tbf_imgs\unfocused\FieldPos007 (3)\FieldPos007 (3)_page_8.png,0,0.0007553275790996,test,tbf_imgs,cnn,
D:\Dineth\focus_binary_benchmark\dataset\tbf_imgs\unfocused\FieldPos007 (3)\FieldPos007 (3)_page_9.png,0,2.448928535159212e-05,test,tbf_imgs,cnn,
D:\Dineth\focus_binary_benchmark\dataset\tbf_imgs\unfocused\FieldPos008\FieldPos008_page_1.png,0,7.71111899666721e-06,test,tbf_imgs,cnn,
D:\Dineth\focus_binary_benchmark\dataset\tbf_imgs\unfocused\FieldPos008\FieldPos008_page_10.png,0,3.382781505933963e-05,test,tbf_imgs,cnn,
D:\Dineth\focus_binary_benchmark\dataset\tbf_imgs\unfocused\FieldPos008\FieldPos008_page_11.png,0,9.685903933132067e-06,test,tbf_imgs,cnn,
D:\Dineth\focus_binary_benchmark\dataset\tbf_imgs\unfocused\FieldPos008\FieldPos008_page_12.png,0,7.980020200193394e-06,test,tbf_imgs,cnn,
D:\Dineth\focus_binary_benchmark\dataset\tbf_imgs\unfocused\FieldPos008\FieldPos008_page_13.png,0,8.617425919510424e-06,test,tbf_imgs,cnn,
D:\Dineth\focus_binary_benchmark\dataset\tbf_imgs\unfocused\FieldPos008\FieldPos008_page_14.png,0,8.120263373712078e-06,test,tbf_imgs,cnn,
D:\Dineth\focus_binary_benchmark\dataset\tbf_imgs\unfocused\FieldPos008\FieldPos008_page_2.png,0,1.1694197382894345e-05,test,tbf_imgs,cnn,
D:\Dineth\focus_binary_benchmark\dataset\tbf_imgs\unfocused\FieldPos008\FieldPos008_page_3.png,0,2.5157982236123644e-05,test,tbf_imgs,cnn,
D:\Dineth\focus_binary_benchmark\dataset\tbf_imgs\unfocused\FieldPos008\FieldPos008_page_4.png,0,0.0004090750298928,test,tbf_imgs,cnn,
D:\Dineth\focus_binary_benchmark\dataset\tbf_imgs\unfocused\FieldPos008\FieldPos008_page_5.png,0,0.1604345142841339,test,tbf_imgs,cnn,
D:\Dineth\focus_binary_benchmark\dataset\tbf_imgs\unfocused\FieldPos008\FieldPos008_page_9.png,0,0.0043939836323261,test,tbf_imgs,cnn,
D:\Dineth\focus_binary_benchmark\dataset\tbf_imgs\unfocused\FieldPos010\FieldPos010_page_1.png,0,3.529719469952397e-05,test,tbf_imgs,cnn,
D:\Dineth\focus_binary_benchmark\dataset\tbf_imgs\unfocused\FieldPos010\FieldPos010_page_10.png,0,6.03490334469825e-05,test,tbf_imgs,cnn,
D:\Dineth\focus_binary_benchmark\dataset\tbf_imgs\unfocused\FieldPos010\FieldPos010_page_11.png,0,4.239035479258746e-05,test,tbf_imgs,cnn,
D:\Dineth\focus_binary_benchmark\dataset\tbf_imgs\unfocused\FieldPos010\FieldPos010_page_12.png,0,3.343643402331509e-05,test,tbf_imgs,cnn,
D:\Dineth\focus_binary_benchmark\dataset\tbf_imgs\unfocused\FieldPos010\FieldPos010_page_13.png,0,4.486690158955753e-05,test,tbf_imgs,cnn,
D:\Dineth\focus_binary_benchmark\dataset\tbf_imgs\unfocused\FieldPos010\FieldPos010_page_14.png,0,3.795062002609484e-05,test,tbf_imgs,cnn,
D:\Dineth\focus_binary_benchmark\dataset\tbf_imgs\unfocused\FieldPos010\FieldPos010_page_2.png,0,3.869898864650168e-05,test,tbf_imgs,cnn,
D:\Dineth\focus_binary_benchmark\dataset\tbf_imgs\unfocused\FieldPos010\FieldPos010_page_3.png,0,5.0843646022258326e-05,test,tbf_imgs,cnn,
D:\Dineth\focus_binary_benchmark\dataset\tbf_imgs\unfocused\FieldPos010\FieldPos010_page_4.png,0,0.0001535716437501,test,tbf_imgs,cnn,
D:\Dineth\focus_binary_benchmark\dataset\tbf_imgs\unfocused\FieldPos010\FieldPos010_page_5.png,0,0.0057283053174614,test,tbf_imgs,cnn,
D:\Dineth\focus_binary_benchmark\dataset\tbf_imgs\unfocused\FieldPos010\FieldPos010_page_9.png,0,0.0003171763091813,test,tbf_imgs,cnn,
D:\Dineth\focus_binary_benchmark\dataset\tbf_imgs\unfocused\FieldPos018 (2)\FieldPos018 (2)_page_1.png,0,1.149606760009192e-05,test,tbf_imgs,cnn,
D:\Dineth\focus_binary_benchmark\dataset\tbf_imgs\unfocused\FieldPos018 (2)\FieldPos018 (2)_page_10.png,0,1.3808646144752856e-05,test,tbf_imgs,cnn,
D:\Dineth\focus_binary_benchmark\dataset\tbf_imgs\unfocused\FieldPos018 (2)\FieldPos018 (2)_page_11.png,0,1.183615040645236e-05,test,tbf_imgs,cnn,
D:\Dineth\focus_binary_benchmark\dataset\tbf_imgs\unfocused\FieldPos018 (2)\FieldPos018 (2)_page_12.png,0,1.1852936040668284e-05,test,tbf_imgs,cnn,
D:\Dineth\focus_binary_benchmark\dataset\tbf_imgs\unfocused\FieldPos018 (2)\FieldPos018 (2)_page_13.png,0,1.2066037925251294e-05,test,tbf_imgs,cnn,
D:\Dineth\focus_binary_benchmark\dataset\tbf_imgs\unfocused\FieldPos018 (2)\FieldPos018 (2)_page_14.png,0,1.4490992725768592e-05,test,tbf_imgs,cnn,
D:\Dineth\focus_binary_benchmark\dataset\tbf_imgs\unfocused\FieldPos018 (2)\FieldPos018 (2)_page_2.png,0,1.3320848665898666e-05,test,tbf_imgs,cnn,
D:\Dineth\focus_binary_benchmark\dataset\tbf_imgs\unfocused\FieldPos018 (2)\FieldPos018 (2)_page_3.png,0,1.8929029465653e-05,test,tbf_imgs,cnn,
D:\Dineth\focus_binary_benchmark\dataset\tbf_imgs\unfocused\FieldPos018 (2)\FieldPos018 (2)_page_4.png,0,7.4893279816024e-05,test,tbf_imgs,cnn,
D:\Dineth\focus_binary_benchmark\dataset\tbf_imgs\unfocused\FieldPos018 (2)\FieldPos018 (2)_page_8.png,0,0.0061690150760114,test,tbf_imgs,cnn,
D:\Dineth\focus_binary_benchmark\dataset\tbf_imgs\unfocused\FieldPos018 (2)\FieldPos018 (2)_page_9.png,0,2.886207221308723e-05,test,tbf_imgs,cnn,
D:\Dineth\focus_binary_benchmark\dataset\tbf_imgs\unfocused\FieldPos019 (2)\FieldPos019 (2)_page_1.png,0,2.3187545593827963e-05,test,tbf_imgs,cnn,
D:\Dineth\focus_binary_benchmark\dataset\tbf_imgs\unfocused\FieldPos019 (2)\FieldPos019 (2)_page_10.png,0,2.699930701055564e-05,test,tbf_imgs,cnn,
D:\Dineth\focus_binary_benchmark\dataset\tbf_imgs\unfocused\FieldPos019 (2)\FieldPos019 (2)_page_11.png,0,2.8764994567609392e-05,test,tbf_imgs,cnn,
D:\Dineth\focus_binary_benchmark\dataset\tbf_imgs\unfocused\FieldPos019 (2)\FieldPos019 (2)_page_12.png,0,2.744207813520916e-05,test,tbf_imgs,cnn,
D:\Dineth\focus_binary_benchmark\dataset\tbf_imgs\unfocused\FieldPos019 (2)\FieldPos019 (2)_page_13.png,0,2.520322414056864e-05,test,tbf_imgs,cnn,
D:\Dineth\focus_binary_benchmark\dataset\tbf_imgs\unfocused\FieldPos019 (2)\FieldPos019 (2)_page_14.png,0,2.749803388724104e-05,test,tbf_imgs,cnn,
D:\Dineth\focus_binary_benchmark\dataset\tbf_imgs\unfocused\FieldPos019 (2)\FieldPos019 (2)_page_2.png,0,2.751364081632346e-05,test,tbf_imgs,cnn,
D:\Dineth\focus_binary_benchmark\dataset\tbf_imgs\unfocused\FieldPos019 (2)\FieldPos019 (2)_page_3.png,0,7.894494774518535e-05,test,tbf_imgs,cnn,
D:\Dineth\focus_binary_benchmark\dataset\tbf_imgs\unfocused\FieldPos019 (2)\FieldPos019 (2)_page_4.png,0,0.0015228791162371,test,tbf_imgs,cnn,
D:\Dineth\focus_binary_benchmark\dataset\tbf_imgs\unfocused\FieldPos019 (2)\FieldPos019 (2)_page_8.png,0,0.0001770388043951,test,tbf_imgs,cnn,
D:\Dineth\focus_binary_benchmark\dataset\tbf_imgs\unfocused\FieldPos019 (2)\FieldPos019 (2)_page_9.png,0,3.8559337554033846e-05,test,tbf_imgs,cnn,
D:\Dineth\focus_binary_benchmark\dataset\tbf_imgs\unfocused\FieldPos023\FieldPos023_page_1.png,0,2.233246596006211e-05,test,tbf_imgs,cnn,
D:\Dineth\focus_binary_benchmark\dataset\tbf_imgs\unfocused\FieldPos023\FieldPos023_page_10.png,0,2.5590268705855124e-05,test,tbf_imgs,cnn,
D:\Dineth\focus_binary_benchmark\dataset\tbf_imgs\unfocused\FieldPos023\FieldPos023_page_11.png,0,2.142152334272396e-05,test,tbf_imgs,cnn,
D:\Dineth\focus_binary_benchmark\dataset\tbf_imgs\unfocused\FieldPos023\FieldPos023_page_12.png,0,2.282686909893528e-05,test,tbf_imgs,cnn,
D:\Dineth\focus_binary_benchmark\dataset\tbf_imgs\unfocused\FieldPos023\FieldPos023_page_13.png,0,2.4361821488128044e-05,test,tbf_imgs,cnn,
D:\Dineth\focus_binary_benchmark\dataset\tbf_imgs\unfocused\FieldPos023\FieldPos023_page_14.png,0,2.4946619305410422e-05,test,tbf_imgs,cnn,
D:\Dineth\focus_binary_benchmark\dataset\tbf_imgs\unfocused\FieldPos023\FieldPos023_page_2.png,0,2.2037689632270485e-05,test,tbf_imgs,cnn,
D:\Dineth\focus_binary_benchmark\dataset\tbf_imgs\unfocused\FieldPos023\FieldPos023_page_3.png,0,3.460674997768365e-05,test,tbf_imgs,cnn,
D:\Dineth\focus_binary_benchmark\dataset\tbf_imgs\unfocused\FieldPos023\FieldPos023_page_4.png,0,0.0001895001187222,test,tbf_imgs,cnn,
D:\Dineth\focus_binary_benchmark\dataset\tbf_imgs\unfocused\FieldPos023\FieldPos023_page_8.png,0,0.0004851012781728,test,tbf_imgs,cnn,
D:\Dineth\focus_binary_benchmark\dataset\tbf_imgs\unfocused\FieldPos023\FieldPos023_page_9.png,0,3.5300392482895404e-05,test,tbf_imgs,cnn,
D:\Dineth\focus_binary_benchmark\dataset\tbf_imgs\unfocused\FieldPos029\FieldPos029_page_1.png,0,2.553198646637611e-05,test,tbf_imgs,cnn,
D:\Dineth\focus_binary_benchmark\dataset\tbf_imgs\unfocused\FieldPos029\FieldPos029_page_10.png,0,0.0001328246726188,test,tbf_imgs,cnn,
D:\Dineth\focus_binary_benchmark\dataset\tbf_imgs\unfocused\FieldPos029\FieldPos029_page_11.png,0,3.5116358048981056e-05,test,tbf_imgs,cnn,
D:\Dineth\focus_binary_benchmark\dataset\tbf_imgs\unfocused\FieldPos029\FieldPos029_page_12.png,0,2.905945984821301e-05,test,tbf_imgs,cnn,
D:\Dineth\focus_binary_benchmark\dataset\tbf_imgs\unfocused\FieldPos029\FieldPos029_page_13.png,0,3.0341707315528765e-05,test,tbf_imgs,cnn,
D:\Dineth\focus_binary_benchmark\dataset\tbf_imgs\unfocused\FieldPos029\FieldPos029_page_14.png,0,2.965786370623391e-05,test,tbf_imgs,cnn,
D:\Dineth\focus_binary_benchmark\dataset\tbf_imgs\unfocused\FieldPos029\FieldPos029_page_2.png,0,2.634454722283408e-05,test,tbf_imgs,cnn,
D:\Dineth\focus_binary_benchmark\dataset\tbf_imgs\unfocused\FieldPos029\FieldPos029_page_3.png,0,2.5853494662442245e-05,test,tbf_imgs,cnn,
D:\Dineth\focus_binary_benchmark\dataset\tbf_imgs\unfocused\FieldPos029\FieldPos029_page_4.png,0,3.280468445154838e-05,test,tbf_imgs,cnn,
D:\Dineth\focus_binary_benchmark\dataset\tbf_imgs\unfocused\FieldPos029\FieldPos029_page_5.png,0,9.433218656340614e-05,test,tbf_imgs,cnn,
D:\Dineth\focus_binary_benchmark\dataset\tbf_imgs\unfocused\FieldPos029\FieldPos029_page_6.png,0,0.0027250486891716,test,tbf_imgs,cnn,
D:\Dineth\focus_binary_benchmark\dataset\tbf_imgs\unfocused\FieldPos033 (2)\FieldPos033 (2)_page_1.png,0,1.0100501640408766e-05,test,tbf_imgs,cnn,
D:\Dineth\focus_binary_benchmark\dataset\tbf_imgs\unfocused\FieldPos033 (2)\FieldPos033 (2)_page_10.png,0,0.0004362075123935,test,tbf_imgs,cnn,
D:\Dineth\focus_binary_benchmark\dataset\tbf_imgs\unfocused\FieldPos033 (2)\FieldPos033 (2)_page_11.png,0,2.1291016309987757e-05,test,tbf_imgs,cnn,
D:\Dineth\focus_binary_benchmark\dataset\tbf_imgs\unfocused\FieldPos033 (2)\FieldPos033 (2)_page_12.png,0,1.0150348316528834e-05,test,tbf_imgs,cnn,
D:\Dineth\focus_binary_benchmark\dataset\tbf_imgs\unfocused\FieldPos033 (2)\FieldPos033 (2)_page_13.png,0,9.830882845562884e-06,test,tbf_imgs,cnn,
D:\Dineth\focus_binary_benchmark\dataset\tbf_imgs\unfocused\FieldPos033 (2)\FieldPos033 (2)_page_14.png,0,1.031148076435784e-05,test,tbf_imgs,cnn,
D:\Dineth\focus_binary_benchmark\dataset\tbf_imgs\unfocused\FieldPos033 (2)\FieldPos033 (2)_page_2.png,0,1.0194264177698642e-05,test,tbf_imgs,cnn,
D:\Dineth\focus_binary_benchmark\dataset\tbf_imgs\unfocused\FieldPos033 (2)\FieldPos033 (2)_page_3.png,0,1.0320913133909926e-05,test,tbf_imgs,cnn,
D:\Dineth\focus_binary_benchmark\dataset\tbf_imgs\unfocused\FieldPos033 (2)\FieldPos033 (2)_page_4.png,0,1.4440834092965815e-05,test,tbf_imgs,cnn,
D:\Dineth\focus_binary_benchmark\dataset\tbf_imgs\unfocused\FieldPos033 (2)\FieldPos033 (2)_page_5.png,0,5.784583481727168e-05,test,tbf_imgs,cnn,
D:\Dineth\focus_binary_benchmark\dataset\tbf_imgs\unfocused\FieldPos033 (2)\FieldPos033 (2)_page_6.png,0,0.0138507522642612,test,tbf_imgs,cnn,
D:\Dineth\focus_binary_benchmark\dataset\tbf_imgs\unfocused\FieldPos036\FieldPos036_page_1.png,0,3.7734807847300544e-05,test,tbf_imgs,cnn,
D:\Dineth\focus_binary_benchmark\dataset\tbf_imgs\unfocused\FieldPos036\FieldPos036_page_10.png,0,0.0019597420468926,test,tbf_imgs,cnn,
D:\Dineth\focus_binary_benchmark\dataset\tbf_imgs\unfocused\FieldPos036\FieldPos036_page_11.png,0,6.962108454899862e-05,test,tbf_imgs,cnn,
D:\Dineth\focus_binary_benchmark\dataset\tbf_imgs\unfocused\FieldPos036\FieldPos036_page_12.png,0,3.988623939221725e-05,test,tbf_imgs,cnn,
D:\Dineth\focus_binary_benchmark\dataset\tbf_imgs\unfocused\FieldPos036\FieldPos036_page_13.png,0,3.3376541978213936e-05,test,tbf_imgs,cnn,
D:\Dineth\focus_binary_benchmark\dataset\tbf_imgs\unfocused\FieldPos036\FieldPos036_page_14.png,0,3.8793656131019816e-05,test,tbf_imgs,cnn,
D:\Dineth\focus_binary_benchmark\dataset\tbf_imgs\unfocused\FieldPos036\FieldPos036_page_2.png,0,3.531089532771148e-05,test,tbf_imgs,cnn,
D:\Dineth\focus_binary_benchmark\dataset\tbf_imgs\unfocused\FieldPos036\FieldPos036_page_3.png,0,3.864898098981939e-05,test,tbf_imgs,cnn,
D:\Dineth\focus_binary_benchmark\dataset\tbf_imgs\unfocused\FieldPos036\FieldPos036_page_4.png,0,4.226449891575612e-05,test,tbf_imgs,cnn,
D:\Dineth\focus_binary_benchmark\dataset\tbf_imgs\unfocused\FieldPos036\FieldPos036_page_5.png,0,8.248198719229549e-05,test,tbf_imgs,cnn,
D:\Dineth\focus_binary_benchmark\dataset\tbf_imgs\unfocused\FieldPos036\FieldPos036_page_6.png,0,0.000827795418445,test,tbf_imgs,cnn,
D:\Dineth\focus_binary_benchmark\dataset\tbf_imgs\unfocused\FieldPos038\FieldPos038_page_1.png,0,1.1121238458144944e-05,test,tbf_imgs,cnn,
D:\Dineth\focus_binary_benchmark\dataset\tbf_imgs\unfocused\FieldPos038\FieldPos038_page_10.png,0,1.2993799828109331e-05,test,tbf_imgs,cnn,
D:\Dineth\focus_binary_benchmark\dataset\tbf_imgs\unfocused\FieldPos038\FieldPos038_page_11.png,0,1.1238357728871051e-05,test,tbf_imgs,cnn,
D:\Dineth\focus_binary_benchmark\dataset\tbf_imgs\unfocused\FieldPos038\FieldPos038_page_12.png,0,1.012163920677267e-05,test,tbf_imgs,cnn,
D:\Dineth\focus_binary_benchmark\dataset\tbf_imgs\unfocused\FieldPos038\FieldPos038_page_13.png,0,1.163630440714769e-05,test,tbf_imgs,cnn,
D:\Dineth\focus_binary_benchmark\dataset\tbf_imgs\unfocused\FieldPos038\FieldPos038_page_14.png,0,1.259299460798502e-05,test,tbf_imgs,cnn,
D:\Dineth\focus_binary_benchmark\dataset\tbf_imgs\unfocused\FieldPos038\FieldPos038_page_2.png,0,9.794508514460176e-06,test,tbf_imgs,cnn,
D:\Dineth\focus_binary_benchmark\dataset\tbf_imgs\unfocused\FieldPos038\FieldPos038_page_3.png,0,1.1066476872656494e-05,test,tbf_imgs,cnn,
D:\Dineth\focus_binary_benchmark\dataset\tbf_imgs\unfocused\FieldPos038\FieldPos038_page_4.png,0,2.7595102437771857e-05,test,tbf_imgs,cnn,
D:\Dineth\focus_binary_benchmark\dataset\tbf_imgs\unfocused\FieldPos038\FieldPos038_page_5.png,0,0.0008341672946698,test,tbf_imgs,cnn,
D:\Dineth\focus_binary_benchmark\dataset\tbf_imgs\unfocused\FieldPos038\FieldPos038_page_9.png,0,5.152439916855656e-05,test,tbf_imgs,cnn,
D:\Dineth\focus_binary_benchmark\dataset\tbf_imgs\unfocused\FieldPos040\FieldPos040_page_1.png,0,1.7535805454826914e-05,test,tbf_imgs,cnn,
D:\Dineth\focus_binary_benchmark\dataset\tbf_imgs\unfocused\FieldPos040\FieldPos040_page_10.png,0,2.363679595873691e-05,test,tbf_imgs,cnn,
D:\Dineth\focus_binary_benchmark\dataset\tbf_imgs\unfocused\FieldPos040\FieldPos040_page_11.png,0,1.990998680412304e-05,test,tbf_imgs,cnn,
D:\Dineth\focus_binary_benchmark\dataset\tbf_imgs\unfocused\FieldPos040\FieldPos040_page_12.png,0,1.7906593711813912e-05,test,tbf_imgs,cnn,
D:\Dineth\focus_binary_benchmark\dataset\tbf_imgs\unfocused\FieldPos040\FieldPos040_page_13.png,0,2.203537769673858e-05,test,tbf_imgs,cnn,
D:\Dineth\focus_binary_benchmark\dataset\tbf_imgs\unfocused\FieldPos040\FieldPos040_page_14.png,0,2.3751947082928385e-05,test,tbf_imgs,cnn,
D:\Dineth\focus_binary_benchmark\dataset\tbf_imgs\unfocused\FieldPos040\FieldPos040_page_2.png,0,2.218036752310581e-05,test,tbf_imgs,cnn,
D:\Dineth\focus_binary_benchmark\dataset\tbf_imgs\unfocused\FieldPos040\FieldPos040_page_3.png,0,3.378668043296784e-05,test,tbf_imgs,cnn,
D:\Dineth\focus_binary_benchmark\dataset\tbf_imgs\unfocused\FieldPos040\FieldPos040_page_4.png,0,0.0001176401128759,test,tbf_imgs,cnn,
D:\Dineth\focus_binary_benchmark\dataset\tbf_imgs\unfocused\FieldPos040\FieldPos040_page_5.png,0,0.0086579052731394,test,tbf_imgs,cnn,
D:\Dineth\focus_binary_benchmark\dataset\tbf_imgs\unfocused\FieldPos040\FieldPos040_page_9.png,0,6.348767055897042e-05,test,tbf_imgs,cnn,
D:\Dineth\focus_binary_benchmark\dataset\tbf_imgs\unfocused\FieldPos044\FieldPos044_page_1.png,0,1.3652354027726687e-05,test,tbf_imgs,cnn,
D:\Dineth\focus_binary_benchmark\dataset\tbf_imgs\unfocused\FieldPos044\FieldPos044_page_10.png,0,6.705328269163147e-05,test,tbf_imgs,cnn,
D:\Dineth\focus_binary_benchmark\dataset\tbf_imgs\unfocused\FieldPos044\FieldPos044_page_11.png,0,1.916651672217995e-05,test,tbf_imgs,cnn,
D:\Dineth\focus_binary_benchmark\dataset\tbf_imgs\unfocused\FieldPos044\FieldPos044_page_12.png,0,1.2616555068234447e-05,test,tbf_imgs,cnn,
D:\Dineth\focus_binary_benchmark\dataset\tbf_imgs\unfocused\FieldPos044\FieldPos044_page_13.png,0,1.3485532690538092e-05,test,tbf_imgs,cnn,
D:\Dineth\focus_binary_benchmark\dataset\tbf_imgs\unfocused\FieldPos044\FieldPos044_page_14.png,0,1.3535097423300613e-05,test,tbf_imgs,cnn,
D:\Dineth\focus_binary_benchmark\dataset\tbf_imgs\unfocused\FieldPos044\FieldPos044_page_2.png,0,1.2332234291534404e-05,test,tbf_imgs,cnn,
D:\Dineth\focus_binary_benchmark\dataset\tbf_imgs\unfocused\FieldPos044\FieldPos044_page_3.png,0,1.2544545825221576e-05,test,tbf_imgs,cnn,
D:\Dineth\focus_binary_benchmark\dataset\tbf_imgs\unfocused\FieldPos044\FieldPos044_page_4.png,0,1.8254993847222067e-05,test,tbf_imgs,cnn,
D:\Dineth\focus_binary_benchmark\dataset\tbf_imgs\unfocused\FieldPos044\FieldPos044_page_5.png,0,3.993328209617175e-05,test,tbf_imgs,cnn,
D:\Dineth\focus_binary_benchmark\dataset\tbf_imgs\unfocused\FieldPos044\FieldPos044_page_6.png,0,0.0004431174602359,test,tbf_imgs,cnn,
D:\Dineth\focus_binary_benchmark\dataset\tbf_imgs\unfocused\FieldPos053\FieldPos053_page_1.png,0,1.3969604879093822e-05,test,tbf_imgs,cnn,
D:\Dineth\focus_binary_benchmark\dataset\tbf_imgs\unfocused\FieldPos053\FieldPos053_page_10.png,0,2.0147172108408995e-05,test,tbf_imgs,cnn,
D:\Dineth\focus_binary_benchmark\dataset\tbf_imgs\unfocused\FieldPos053\FieldPos053_page_11.png,0,1.845073711592704e-05,test,tbf_imgs,cnn,
D:\Dineth\focus_binary_benchmark\dataset\tbf_imgs\unfocused\FieldPos053\FieldPos053_page_12.png,0,1.7963153368327767e-05,test,tbf_imgs,cnn,
D:\Dineth\focus_binary_benchmark\dataset\tbf_imgs\unfocused\FieldPos053\FieldPos053_page_13.png,0,1.887079451989848e-05,test,tbf_imgs,cnn,
D:\Dineth\focus_binary_benchmark\dataset\tbf_imgs\unfocused\FieldPos053\FieldPos053_page_14.png,0,1.6905396478250623e-05,test,tbf_imgs,cnn,
D:\Dineth\focus_binary_benchmark\dataset\tbf_imgs\unfocused\FieldPos053\FieldPos053_page_2.png,0,1.5068658285599668e-05,test,tbf_imgs,cnn,
D:\Dineth\focus_binary_benchmark\dataset\tbf_imgs\unfocused\FieldPos053\FieldPos053_page_3.png,0,1.742639324220363e-05,test,tbf_imgs,cnn,
D:\Dineth\focus_binary_benchmark\dataset\tbf_imgs\unfocused\FieldPos053\FieldPos053_page_4.png,0,4.4361717300489545e-05,test,tbf_imgs,cnn,
D:\Dineth\focus_binary_benchmark\dataset\tbf_imgs\unfocused\FieldPos053\FieldPos053_page_5.png,0,0.0011441806564107,test,tbf_imgs,cnn,
D:\Dineth\focus_binary_benchmark\dataset\tbf_imgs\unfocused\FieldPos053\FieldPos053_page_9.png,0,8.139357669278979e-05,test,tbf_imgs,cnn,
D:\Dineth\focus_binary_benchmark\dataset\tbf_imgs\unfocused\FieldPos059\FieldPos059_page_1.png,0,1.2539067938632796e-05,test,tbf_imgs,cnn,
D:\Dineth\focus_binary_benchmark\dataset\tbf_imgs\unfocused\FieldPos059\FieldPos059_page_10.png,0,1.2441466424206736e-05,test,tbf_imgs,cnn,
D:\Dineth\focus_binary_benchmark\dataset\tbf_imgs\unfocused\FieldPos059\FieldPos059_page_11.png,0,1.1926752449653575e-05,test,tbf_imgs,cnn,
D:\Dineth\focus_binary_benchmark\dataset\tbf_imgs\unfocused\FieldPos059\FieldPos059_page_12.png,0,1.2010942555207292e-05,test,tbf_imgs,cnn,
D:\Dineth\focus_binary_benchmark\dataset\tbf_imgs\unfocused\FieldPos059\FieldPos059_page_13.png,0,1.3442466297419742e-05,test,tbf_imgs,cnn,
D:\Dineth\focus_binary_benchmark\dataset\tbf_imgs\unfocused\FieldPos059\FieldPos059_page_14.png,0,1.7591495634405874e-05,test,tbf_imgs,cnn,
D:\Dineth\focus_binary_benchmark\dataset\tbf_imgs\unfocused\FieldPos059\FieldPos059_page_2.png,0,1.124013670050772e-05,test,tbf_imgs,cnn,
D:\Dineth\focus_binary_benchmark\dataset\tbf_imgs\unfocused\FieldPos059\FieldPos059_page_3.png,0,2.165297519240994e-05,test,tbf_imgs,cnn,
D:\Dineth\focus_binary_benchmark\dataset\tbf_imgs\unfocused\FieldPos059\FieldPos059_page_4.png,0,0.0003251632442697,test,tbf_imgs,cnn,
D:\Dineth\focus_binary_benchmark\dataset\tbf_imgs\unfocused\FieldPos059\FieldPos059_page_8.png,0,0.0227222424000501,test,tbf_imgs,cnn,
D:\Dineth\focus_binary_benchmark\dataset\tbf_imgs\unfocused\FieldPos059\FieldPos059_page_9.png,0,3.5491542803356424e-05,test,tbf_imgs,cnn,
D:\Dineth\focus_binary_benchmark\dataset\tbf_imgs\unfocused\FieldPos066\FieldPos066_page_1.png,0,1.1170568541274406e-05,test,tbf_imgs,cnn,
D:\Dineth\focus_binary_benchmark\dataset\tbf_imgs\unfocused\FieldPos066\FieldPos066_page_10.png,0,1.2388235518301371e-05,test,tbf_imgs,cnn,
D:\Dineth\focus_binary_benchmark\dataset\tbf_imgs\unfocused\FieldPos066\FieldPos066_page_11.png,0,1.2552516636787914e-05,test,tbf_imgs,cnn,
D:\Dineth\focus_binary_benchmark\dataset\tbf_imgs\unfocused\FieldPos066\FieldPos066_page_12.png,0,1.4002149328007364e-05,test,tbf_imgs,cnn,
D:\Dineth\focus_binary_benchmark\dataset\tbf_imgs\unfocused\FieldPos066\FieldPos066_page_13.png,0,1.402030738972826e-05,test,tbf_imgs,cnn,
D:\Dineth\focus_binary_benchmark\dataset\tbf_imgs\unfocused\FieldPos066\FieldPos066_page_14.png,0,1.8210495909443125e-05,test,tbf_imgs,cnn,
D:\Dineth\focus_binary_benchmark\dataset\tbf_imgs\unfocused\FieldPos066\FieldPos066_page_2.png,0,1.6064843293861486e-05,test,tbf_imgs,cnn,
D:\Dineth\focus_binary_benchmark\dataset\tbf_imgs\unfocused\FieldPos066\FieldPos066_page_3.png,0,6.798813410568982e-05,test,tbf_imgs,cnn,
D:\Dineth\focus_binary_benchmark\dataset\tbf_imgs\unfocused\FieldPos066\FieldPos066_page_4.png,0,0.0048907129094004,test,tbf_imgs,cnn,
D:\Dineth\focus_binary_benchmark\dataset\tbf_imgs\unfocused\FieldPos066\FieldPos066_page_8.png,0,3.0351749956025745e-05,test,tbf_imgs,cnn,
D:\Dineth\focus_binary_benchmark\dataset\tbf_imgs\unfocused\FieldPos066\FieldPos066_page_9.png,0,1.269507993129082e-05,test,tbf_imgs,cnn,
D:\Dineth\focus_binary_benchmark\dataset\tbf_imgs\unfocused\FieldPos069\FieldPos069_page_1.png,0,1.0125230801349971e-05,test,tbf_imgs,cnn,
D:\Dineth\focus_binary_benchmark\dataset\tbf_imgs\unfocused\FieldPos069\FieldPos069_page_10.png,0,9.944024895958137e-06,test,tbf_imgs,cnn,
D:\Dineth\focus_binary_benchmark\dataset\tbf_imgs\unfocused\FieldPos069\FieldPos069_page_11.png,0,1.0902766916842666e-05,test,tbf_imgs,cnn,
D:\Dineth\focus_binary_benchmark\dataset\tbf_imgs\unfocused\FieldPos069\FieldPos069_page_12.png,0,1.1992880899924783e-05,test,tbf_imgs,cnn,
D:\Dineth\focus_binary_benchmark\dataset\tbf_imgs\unfocused\FieldPos069\FieldPos069_page_13.png,0,1.1932599591091275e-05,test,tbf_imgs,cnn,
D:\Dineth\focus_binary_benchmark\dataset\tbf_imgs\unfocused\FieldPos069\FieldPos069_page_14.png,0,1.4986496353230905e-05,test,tbf_imgs,cnn,
D:\Dineth\focus_binary_benchmark\dataset\tbf_imgs\unfocused\FieldPos069\FieldPos069_page_2.png,0,1.5280589650501497e-05,test,tbf_imgs,cnn,
D:\Dineth\focus_binary_benchmark\dataset\tbf_imgs\unfocused\FieldPos069\FieldPos069_page_3.png,0,7.637459930265322e-05,test,tbf_imgs,cnn,
D:\Dineth\focus_binary_benchmark\dataset\tbf_imgs\unfocused\FieldPos069\FieldPos069_page_7.png,0,0.000694322399795,test,tbf_imgs,cnn,
D:\Dineth\focus_binary_benchmark\dataset\tbf_imgs\unfocused\FieldPos069\FieldPos069_page_8.png,0,2.493056672392413e-05,test,tbf_imgs,cnn,
D:\Dineth\focus_binary_benchmark\dataset\tbf_imgs\unfocused\FieldPos069\FieldPos069_page_9.png,0,1.18525858852081e-05,test,tbf_imgs,cnn,
D:\Dineth\focus_binary_benchmark\dataset\tbf_imgs\unfocused\FieldPos074\FieldPos074_page_1.png,0,3.429392018006183e-05,test,tbf_imgs,cnn,
D:\Dineth\focus_binary_benchmark\dataset\tbf_imgs\unfocused\FieldPos074\FieldPos074_page_10.png,0,3.136333543807268e-05,test,tbf_imgs,cnn,
D:\Dineth\focus_binary_benchmark\dataset\tbf_imgs\unfocused\FieldPos074\FieldPos074_page_11.png,0,3.486738933133893e-05,test,tbf_imgs,cnn,
D:\Dineth\focus_binary_benchmark\dataset\tbf_imgs\unfocused\FieldPos074\FieldPos074_page_12.png,0,3.068428486585617e-05,test,tbf_imgs,cnn,
D:\Dineth\focus_binary_benchmark\dataset\tbf_imgs\unfocused\FieldPos074\FieldPos074_page_13.png,0,3.66004605893977e-05,test,tbf_imgs,cnn,
D:\Dineth\focus_binary_benchmark\dataset\tbf_imgs\unfocused\FieldPos074\FieldPos074_page_14.png,0,3.1808162020752206e-05,test,tbf_imgs,cnn,
D:\Dineth\focus_binary_benchmark\dataset\tbf_imgs\unfocused\FieldPos074\FieldPos074_page_2.png,0,3.363215000717901e-05,test,tbf_imgs,cnn,
D:\Dineth\focus_binary_benchmark\dataset\tbf_imgs\unfocused\FieldPos074\FieldPos074_page_3.png,0,4.476078902371228e-05,test,tbf_imgs,cnn,
D:\Dineth\focus_binary_benchmark\dataset\tbf_imgs\unfocused\FieldPos074\FieldPos074_page_4.png,0,0.0001492131996201,test,tbf_imgs,cnn,
D:\Dineth\focus_binary_benchmark\dataset\tbf_imgs\unfocused\FieldPos074\FieldPos074_page_8.png,0,0.0007289873319678,test,tbf_imgs,cnn,
D:\Dineth\focus_binary_benchmark\dataset\tbf_imgs\unfocused\FieldPos074\FieldPos074_page_9.png,0,6.873716483823955e-05,test,tbf_imgs,cnn,
D:\Dineth\focus_binary_benchmark\dataset\tbf_imgs\unfocused\FieldPos082\FieldPos082_page_1.png,0,8.943576176534407e-06,test,tbf_imgs,cnn,
D:\Dineth\focus_binary_benchmark\dataset\tbf_imgs\unfocused\FieldPos082\FieldPos082_page_10.png,0,8.073599929048214e-06,test,tbf_imgs,cnn,
D:\Dineth\focus_binary_benchmark\dataset\tbf_imgs\unfocused\FieldPos082\FieldPos082_page_11.png,0,7.787542017467786e-06,test,tbf_imgs,cnn,
D:\Dineth\focus_binary_benchmark\dataset\tbf_imgs\unfocused\FieldPos082\FieldPos082_page_12.png,0,9.246967238141224e-06,test,tbf_imgs,cnn,
D:\Dineth\focus_binary_benchmark\dataset\tbf_imgs\unfocused\FieldPos082\FieldPos082_page_13.png,0,7.687755896768067e-06,test,tbf_imgs,cnn,
D:\Dineth\focus_binary_benchmark\dataset\tbf_imgs\unfocused\FieldPos082\FieldPos082_page_14.png,0,7.179623935371637e-06,test,tbf_imgs,cnn,
D:\Dineth\focus_binary_benchmark\dataset\tbf_imgs\unfocused\FieldPos082\FieldPos082_page_2.png,0,9.389960723638067e-06,test,tbf_imgs,cnn,
D:\Dineth\focus_binary_benchmark\dataset\tbf_imgs\unfocused\FieldPos082\FieldPos082_page_3.png,0,1.2513540241343437e-05,test,tbf_imgs,cnn,
D:\Dineth\focus_binary_benchmark\dataset\tbf_imgs\unfocused\FieldPos082\FieldPos082_page_4.png,0,2.2525782696902752e-05,test,tbf_imgs,cnn,
D:\Dineth\focus_binary_benchmark\dataset\tbf_imgs\unfocused\FieldPos082\FieldPos082_page_8.png,0,1.1851432645926252e-05,test,tbf_imgs,cnn,
D:\Dineth\focus_binary_benchmark\dataset\tbf_imgs\unfocused\FieldPos082\FieldPos082_page_9.png,0,7.710258614679333e-06,test,tbf_imgs,cnn,
D:\Dineth\focus_binary_benchmark\dataset\tbf_imgs\unfocused\FieldPos103\FieldPos103_page_1.png,0,2.9109109163982797e-05,test,tbf_imgs,cnn,
D:\Dineth\focus_binary_benchmark\dataset\tbf_imgs\unfocused\FieldPos103\FieldPos103_page_10.png,0,0.0001056506735039,test,tbf_imgs,cnn,
D:\Dineth\focus_binary_benchmark\dataset\tbf_imgs\unfocused\FieldPos103\FieldPos103_page_11.png,0,4.462895594770089e-05,test,tbf_imgs,cnn,
D:\Dineth\focus_binary_benchmark\dataset\tbf_imgs\unfocused\FieldPos103\FieldPos103_page_12.png,0,2.923418651334941e-05,test,tbf_imgs,cnn,
D:\Dineth\focus_binary_benchmark\dataset\tbf_imgs\unfocused\FieldPos103\FieldPos103_page_13.png,0,2.9627728508785367e-05,test,tbf_imgs,cnn,
D:\Dineth\focus_binary_benchmark\dataset\tbf_imgs\unfocused\FieldPos103\FieldPos103_page_14.png,0,3.6759654904017225e-05,test,tbf_imgs,cnn,
D:\Dineth\focus_binary_benchmark\dataset\tbf_imgs\unfocused\FieldPos103\FieldPos103_page_2.png,0,3.290306267444976e-05,test,tbf_imgs,cnn,
D:\Dineth\focus_binary_benchmark\dataset\tbf_imgs\unfocused\FieldPos103\FieldPos103_page_3.png,0,3.1387124181492254e-05,test,tbf_imgs,cnn,
D:\Dineth\focus_binary_benchmark\dataset\tbf_imgs\unfocused\FieldPos103\FieldPos103_page_4.png,0,3.513927003950812e-05,test,tbf_imgs,cnn,
D:\Dineth\focus_binary_benchmark\dataset\tbf_imgs\unfocused\FieldPos103\FieldPos103_page_5.png,0,0.0001209712791023,test,tbf_imgs,cnn,
D:\Dineth\focus_binary_benchmark\dataset\tbf_imgs\unfocused\FieldPos103\FieldPos103_page_6.png,0,0.0023810055572539,test,tbf_imgs,cnn,
D:\Dineth\focus_binary_benchmark\dataset\tbf_imgs\unfocused\FieldPos104\FieldPos104_page_1.png,0,1.3186479918658732e-05,test,tbf_imgs,cnn,
D:\Dineth\focus_binary_benchmark\dataset\tbf_imgs\unfocused\FieldPos104\FieldPos104_page_10.png,0,1.9296363461762667e-05,test,tbf_imgs,cnn,
D:\Dineth\focus_binary_benchmark\dataset\tbf_imgs\unfocused\FieldPos104\FieldPos104_page_11.png,0,1.2159129255451262e-05,test,tbf_imgs,cnn,
D:\Dineth\focus_binary_benchmark\dataset\tbf_imgs\unfocused\FieldPos104\FieldPos104_page_12.png,0,1.2594519830599891e-05,test,tbf_imgs,cnn,
D:\Dineth\focus_binary_benchmark\dataset\tbf_imgs\unfocused\FieldPos104\FieldPos104_page_13.png,0,1.3386255886871368e-05,test,tbf_imgs,cnn,
D:\Dineth\focus_binary_benchmark\dataset\tbf_imgs\unfocused\FieldPos104\FieldPos104_page_14.png,0,1.7099500837503e-05,test,tbf_imgs,cnn,
D:\Dineth\focus_binary_benchmark\dataset\tbf_imgs\unfocused\FieldPos104\FieldPos104_page_2.png,0,1.2122888620069716e-05,test,tbf_imgs,cnn,
D:\Dineth\focus_binary_benchmark\dataset\tbf_imgs\unfocused\FieldPos104\FieldPos104_page_3.png,0,1.4802977602812462e-05,test,tbf_imgs,cnn,
D:\Dineth\focus_binary_benchmark\dataset\tbf_imgs\unfocused\FieldPos104\FieldPos104_page_4.png,0,2.381881495239213e-05,test,tbf_imgs,cnn,
D:\Dineth\focus_binary_benchmark\dataset\tbf_imgs\unfocused\FieldPos104\FieldPos104_page_5.png,0,0.0002067385939881,test,tbf_imgs,cnn,
D:\Dineth\focus_binary_benchmark\dataset\tbf_imgs\unfocused\FieldPos104\FieldPos104_page_9.png,0,0.0001099965957109,test,tbf_imgs,cnn,
D:\Dineth\focus_binary_benchmark\dataset\tbf_imgs\unfocused\FieldPos107\FieldPos107_page_1.png,0,5.8620549680199474e-05,test,tbf_imgs,cnn,
D:\Dineth\focus_binary_benchmark\dataset\tbf_imgs\unfocused\FieldPos107\FieldPos107_page_10.png,0,4.985088162356988e-05,test,tbf_imgs,cnn,
D:\Dineth\focus_binary_benchmark\dataset\tbf_imgs\unfocused\FieldPos107\FieldPos107_page_11.png,0,4.6441789891105145e-05,test,tbf_imgs,cnn,
D:\Dineth\focus_binary_benchmark\dataset\tbf_imgs\unfocused\FieldPos107\FieldPos107_page_12.png,0,5.11918515258003e-05,test,tbf_imgs,cnn,
D:\Dineth\focus_binary_benchmark\dataset\tbf_imgs\unfocused\FieldPos107\FieldPos107_page_13.png,0,4.9119069444714114e-05,test,tbf_imgs,cnn,
D:\Dineth\focus_binary_benchmark\dataset\tbf_imgs\unfocused\FieldPos107\FieldPos107_page_14.png,0,5.810928269056603e-05,test,tbf_imgs,cnn,
D:\Dineth\focus_binary_benchmark\dataset\tbf_imgs\unfocused\FieldPos107\FieldPos107_page_2.png,0,0.0001003700963337,test,tbf_imgs,cnn,
D:\Dineth\focus_binary_benchmark\dataset\tbf_imgs\unfocused\FieldPos107\FieldPos107_page_3.png,0,0.0007550454465672,test,tbf_imgs,cnn,
D:\Dineth\focus_binary_benchmark\dataset\tbf_imgs\unfocused\FieldPos107\FieldPos107_page_7.png,0,0.000648905232083,test,tbf_imgs,cnn,
D:\Dineth\focus_binary_benchmark\dataset\tbf_imgs\unfocused\FieldPos107\FieldPos107_page_8.png,0,9.125952055910602e-05,test,tbf_imgs,cnn,
D:\Dineth\focus_binary_benchmark\dataset\tbf_imgs\unfocused\FieldPos107\FieldPos107_page_9.png,0,5.5961507314350456e-05,test,tbf_imgs,cnn,
D:\Dineth\focus_binary_benchmark\dataset\tbf_imgs\unfocused\FieldPos200\FieldPos200_page_1.png,0,1.556908682687208e-05,test,tbf_imgs,cnn,
D:\Dineth\focus_binary_benchmark\dataset\tbf_imgs\unfocused\FieldPos200\FieldPos200_page_10.png,0,2.366367880313192e-05,test,tbf_imgs,cnn,
D:\Dineth\focus_binary_benchmark\dataset\tbf_imgs\unfocused\FieldPos200\FieldPos200_page_11.png,0,1.4848050341242924e-05,test,tbf_imgs,cnn,
D:\Dineth\focus_binary_benchmark\dataset\tbf_imgs\unfocused\FieldPos200\FieldPos200_page_12.png,0,1.4206624655344058e-05,test,tbf_imgs,cnn,
D:\Dineth\focus_binary_benchmark\dataset\tbf_imgs\unfocused\FieldPos200\FieldPos200_page_13.png,0,1.5693423847551458e-05,test,tbf_imgs,cnn,
D:\Dineth\focus_binary_benchmark\dataset\tbf_imgs\unfocused\FieldPos200\FieldPos200_page_14.png,0,1.8634073057910427e-05,test,tbf_imgs,cnn,
D:\Dineth\focus_binary_benchmark\dataset\tbf_imgs\unfocused\FieldPos200\FieldPos200_page_2.png,0,1.6367790522053838e-05,test,tbf_imgs,cnn,
D:\Dineth\focus_binary_benchmark\dataset\tbf_imgs\unfocused\FieldPos200\FieldPos200_page_3.png,0,1.838627395045478e-05,test,tbf_imgs,cnn,
D:\Dineth\focus_binary_benchmark\dataset\tbf_imgs\unfocused\FieldPos200\FieldPos200_page_4.png,0,4.752204040414654e-05,test,tbf_imgs,cnn,
D:\Dineth\focus_binary_benchmark\dataset\tbf_imgs\unfocused\FieldPos200\FieldPos200_page_5.png,0,0.0010995639022439,test,tbf_imgs,cnn,
D:\Dineth\focus_binary_benchmark\dataset\tbf_imgs\unfocused\FieldPos200\FieldPos200_page_9.png,0,0.0001558285148348,test,tbf_imgs,cnn,
D:\Dineth\focus_binary_benchmark\dataset\tbf_imgs\unfocused\FieldPos203\FieldPos203_page_1.png,0,2.178096656280104e-05,test,tbf_imgs,cnn,
D:\Dineth\focus_binary_benchmark\dataset\tbf_imgs\unfocused\FieldPos203\FieldPos203_page_10.png,0,4.647111927624792e-05,test,tbf_imgs,cnn,
D:\Dineth\focus_binary_benchmark\dataset\tbf_imgs\unfocused\FieldPos203\FieldPos203_page_11.png,0,2.675491305126343e-05,test,tbf_imgs,cnn,
D:\Dineth\focus_binary_benchmark\dataset\tbf_imgs\unfocused\FieldPos203\FieldPos203_page_12.png,0,2.415154995105695e-05,test,tbf_imgs,cnn,
D:\Dineth\focus_binary_benchmark\dataset\tbf_imgs\unfocused\FieldPos203\FieldPos203_page_13.png,0,2.636588578752708e-05,test,tbf_imgs,cnn,
D:\Dineth\focus_binary_benchmark\dataset\tbf_imgs\unfocused\FieldPos203\FieldPos203_page_14.png,0,2.8605647457879968e-05,test,tbf_imgs,cnn,
D:\Dineth\focus_binary_benchmark\dataset\tbf_imgs\unfocused\FieldPos203\FieldPos203_page_2.png,0,2.1753112378064543e-05,test,tbf_imgs,cnn,
D:\Dineth\focus_binary_benchmark\dataset\tbf_imgs\unfocused\FieldPos203\FieldPos203_page_3.png,0,2.601589039841201e-05,test,tbf_imgs,cnn,
D:\Dineth\focus_binary_benchmark\dataset\tbf_imgs\unfocused\FieldPos203\FieldPos203_page_4.png,0,5.697731103282422e-05,test,tbf_imgs,cnn,
D:\Dineth\focus_binary_benchmark\dataset\tbf_imgs\unfocused\FieldPos203\FieldPos203_page_5.png,0,0.001444972702302,test,tbf_imgs,cnn,
D:\Dineth\focus_binary_benchmark\dataset\tbf_imgs\unfocused\FieldPos203\FieldPos203_page_9.png,0,0.0010938617633655,test,tbf_imgs,cnn,
D:\Dineth\focus_binary_benchmark\dataset\TBSI\focused\HH1\HH1 (6).JPG,1,0.9938499331474304,test,TBSI,cnn,
D:\Dineth\focus_binary_benchmark\dataset\TBSI\focused\HH3\HH3 (6).JPG,1,0.9948082566261292,test,TBSI,cnn,
D:\Dineth\focus_binary_benchmark\dataset\TBSI\focused\HH8\HH8 (6).JPG,1,0.993918776512146,test,TBSI,cnn,
D:\Dineth\focus_binary_benchmark\dataset\TBSI\focused\HL8\HL8 (6).JPG,1,0.983687460422516,test,TBSI,cnn,
D:\Dineth\focus_binary_benchmark\dataset\TBSI\focused\LH5\LH5 (4).JPG,1,0.9976035952568054,test,TBSI,cnn,
D:\Dineth\focus_binary_benchmark\dataset\TBSI\unfocused\HH1\HH1 (1).JPG,0,1.0583231414784676e-05,test,TBSI,cnn,
D:\Dineth\focus_binary_benchmark\dataset\TBSI\unfocused\HH1\HH1 (10).JPG,0,1.083790175471222e-05,test,TBSI,cnn,
D:\Dineth\focus_binary_benchmark\dataset\TBSI\unfocused\HH1\HH1 (2).JPG,0,1.1614806680881884e-05,test,TBSI,cnn,
D:\Dineth\focus_binary_benchmark\dataset\TBSI\unfocused\HH1\HH1 (3).JPG,0,1.8843171346816238e-05,test,TBSI,cnn,
D:\Dineth\focus_binary_benchmark\dataset\TBSI\unfocused\HH1\HH1 (4).JPG,0,3.999486943939701e-05,test,TBSI,cnn,
D:\Dineth\focus_binary_benchmark\dataset\TBSI\unfocused\HH1\HH1 (8).JPG,0,0.000264228292508,test,TBSI,cnn,
D:\Dineth\focus_binary_benchmark\dataset\TBSI\unfocused\HH1\HH1 (9).JPG,0,3.0360406526597217e-05,test,TBSI,cnn,
D:\Dineth\focus_binary_benchmark\dataset\TBSI\unfocused\HH3\HH3 (1).JPG,0,2.495637636457104e-05,test,TBSI,cnn,
D:\Dineth\focus_binary_benchmark\dataset\TBSI\unfocused\HH3\HH3 (10).JPG,0,2.6786925445776436e-05,test,TBSI,cnn,
D:\Dineth\focus_binary_benchmark\dataset\TBSI\unfocused\HH3\HH3 (2).JPG,0,2.7769096050178632e-05,test,TBSI,cnn,
D:\Dineth\focus_binary_benchmark\dataset\TBSI\unfocused\HH3\HH3 (3).JPG,0,2.6667641577660103e-05,test,TBSI,cnn,
D:\Dineth\focus_binary_benchmark\dataset\TBSI\unfocused\HH3\HH3 (4).JPG,0,6.7041655711364e-05,test,TBSI,cnn,
D:\Dineth\focus_binary_benchmark\dataset\TBSI\unfocused\HH3\HH3 (8).JPG,0,0.1320772767066955,test,TBSI,cnn,
D:\Dineth\focus_binary_benchmark\dataset\TBSI\unfocused\HH3\HH3 (9).JPG,0,8.627532224636525e-05,test,TBSI,cnn,
D:\Dineth\focus_binary_benchmark\dataset\TBSI\unfocused\HH8\HH8 (1).JPG,0,1.278873060073238e-05,test,TBSI,cnn,
D:\Dineth\focus_binary_benchmark\dataset\TBSI\unfocused\HH8\HH8 (10).JPG,0,1.3575559933087789e-05,test,TBSI,cnn,
D:\Dineth\focus_binary_benchmark\dataset\TBSI\unfocused\HH8\HH8 (2).JPG,0,1.506591434008442e-05,test,TBSI,cnn,
D:\Dineth\focus_binary_benchmark\dataset\TBSI\unfocused\HH8\HH8 (3).JPG,0,1.895103014248889e-05,test,TBSI,cnn,
D:\Dineth\focus_binary_benchmark\dataset\TBSI\unfocused\HH8\HH8 (4).JPG,0,4.4741453166352585e-05,test,TBSI,cnn,
D:\Dineth\focus_binary_benchmark\dataset\TBSI\unfocused\HH8\HH8 (8).JPG,0,0.0002804838586598,test,TBSI,cnn,
D:\Dineth\focus_binary_benchmark\dataset\TBSI\unfocused\HH8\HH8 (9).JPG,0,3.742385160876438e-05,test,TBSI,cnn,
D:\Dineth\focus_binary_benchmark\dataset\TBSI\unfocused\HL8\HL8 (1).JPG,0,7.411008118651807e-05,test,TBSI,cnn,
D:\Dineth\focus_binary_benchmark\dataset\TBSI\unfocused\HL8\HL8 (10).JPG,0,0.0001646716555114,test,TBSI,cnn,
D:\Dineth\focus_binary_benchmark\dataset\TBSI\unfocused\HL8\HL8 (2).JPG,0,7.411008118651807e-05,test,TBSI,cnn,
D:\Dineth\focus_binary_benchmark\dataset\TBSI\unfocused\HL8\HL8 (3).JPG,0,0.0004776723799295,test,TBSI,cnn,
D:\Dineth\focus_binary_benchmark\dataset\TBSI\unfocused\HL8\HL8 (4).JPG,0,0.0043849982321262,test,TBSI,cnn,
D:\Dineth\focus_binary_benchmark\dataset\TBSI\unfocused\HL8\HL8 (8).JPG,0,0.0052978103049099,test,TBSI,cnn,
D:\Dineth\focus_binary_benchmark\dataset\TBSI\unfocused\HL8\HL8 (9).JPG,0,0.0004742094606626,test,TBSI,cnn,
D:\Dineth\focus_binary_benchmark\dataset\TBSI\unfocused\LH5\LH5 (1).JPG,0,0.0002346634864807,test,TBSI,cnn,
D:\Dineth\focus_binary_benchmark\dataset\TBSI\unfocused\LH5\LH5 (10).JPG,0,0.0002302156935911,test,TBSI,cnn,
D:\Dineth\focus_binary_benchmark\dataset\TBSI\unfocused\LH5\LH5 (2).JPG,0,0.0003970173711422,test,TBSI,cnn,
D:\Dineth\focus_binary_benchmark\dataset\TBSI\unfocused\LH5\LH5 (6).JPG,0,0.0003657054330687,test,TBSI,cnn,
D:\Dineth\focus_binary_benchmark\dataset\TBSI\unfocused\LH5\LH5 (7).JPG,0,0.0003517857112456,test,TBSI,cnn,
D:\Dineth\focus_binary_benchmark\dataset\TBSI\unfocused\LH5\LH5 (8).JPG,0,0.000265029084403,test,TBSI,cnn,
D:\Dineth\focus_binary_benchmark\dataset\TBSI\unfocused\LH5\LH5 (9).JPG,0,0.0002658911107573,test,TBSI,cnn,
D:\Dineth\focus_binary_benchmark\dataset\wbc\focused\106\106_6.jpg,1,0.9991245865821838,test,wbc,cnn,
D:\Dineth\focus_binary_benchmark\dataset\wbc\focused\113\113_6.jpg,1,0.999971091747284,test,wbc,cnn,
D:\Dineth\focus_binary_benchmark\dataset\wbc\focused\117\117_6.jpg,1,0.999335765838623,test,wbc,cnn,
D:\Dineth\focus_binary_benchmark\dataset\wbc\focused\118\118_6.jpg,1,0.9996110796928406,test,wbc,cnn,
D:\Dineth\focus_binary_benchmark\dataset\wbc\focused\138\138_5.jpg,1,0.9999616742134094,test,wbc,cnn,
D:\Dineth\focus_binary_benchmark\dataset\wbc\focused\143\143_7.jpg,1,0.9836267828941344,test,wbc,cnn,
D:\Dineth\focus_binary_benchmark\dataset\wbc\focused\145\145_6.jpg,1,0.93957781791687,test,wbc,cnn,
D:\Dineth\focus_binary_benchmark\dataset\wbc\focused\19\19_5.jpg,1,0.9993107914924622,test,wbc,cnn,
D:\Dineth\focus_binary_benchmark\dataset\wbc\focused\2\2_6.jpg,1,0.9997892379760742,test,wbc,cnn,
D:\Dineth\focus_binary_benchmark\dataset\wbc\focused\22\22_5.jpg,1,0.9999564290046692,test,wbc,cnn,
D:\Dineth\focus_binary_benchmark\dataset\wbc\focused\24\24_6.jpg,1,0.9999161958694458,test,wbc,cnn,
D:\Dineth\focus_binary_benchmark\dataset\wbc\focused\32\32_6.jpg,1,0.9999859929084778,test,wbc,cnn,
D:\Dineth\focus_binary_benchmark\dataset\wbc\focused\33\33_6.jpg,1,0.9999518394470216,test,wbc,cnn,
D:\Dineth\focus_binary_benchmark\dataset\wbc\focused\41\41_5.jpg,1,0.9998183846473694,test,wbc,cnn,
D:\Dineth\focus_binary_benchmark\dataset\wbc\focused\49\49_6.jpg,1,0.9985995292663574,test,wbc,cnn,
D:\Dineth\focus_binary_benchmark\dataset\wbc\focused\50\50_7.jpg,1,0.9396549463272096,test,wbc,cnn,
D:\Dineth\focus_binary_benchmark\dataset\wbc\focused\58\58_6.jpg,1,0.9166198968887328,test,wbc,cnn,
D:\Dineth\focus_binary_benchmark\dataset\wbc\focused\65\65_6.jpg,1,0.9721689224243164,test,wbc,cnn,
D:\Dineth\focus_binary_benchmark\dataset\wbc\focused\66\66_6.jpg,1,0.999770164489746,test,wbc,cnn,
D:\Dineth\focus_binary_benchmark\dataset\wbc\focused\7\7_6.jpg,1,0.9998018145561218,test,wbc,cnn,
D:\Dineth\focus_binary_benchmark\dataset\wbc\focused\76\76_5.jpg,1,0.9995916485786438,test,wbc,cnn,
D:\Dineth\focus_binary_benchmark\dataset\wbc\focused\89\89_6.jpg,1,0.9986950159072876,test,wbc,cnn,
D:\Dineth\focus_binary_benchmark\dataset\wbc\unfocused\106\106_0.jpg,0,4.637116944650188e-06,test,wbc,cnn,
D:\Dineth\focus_binary_benchmark\dataset\wbc\unfocused\106\106_1.jpg,0,1.4460954844253138e-05,test,wbc,cnn,
D:\Dineth\focus_binary_benchmark\dataset\wbc\unfocused\106\106_2.jpg,0,1.0622576155583374e-05,test,wbc,cnn,
D:\Dineth\focus_binary_benchmark\dataset\wbc\unfocused\106\106_3.jpg,0,2.847287078111549e-06,test,wbc,cnn,
D:\Dineth\focus_binary_benchmark\dataset\wbc\unfocused\106\106_4.jpg,0,2.340053652005736e-05,test,wbc,cnn,
D:\Dineth\focus_binary_benchmark\dataset\wbc\unfocused\106\106_8.jpg,0,0.0002518743567634,test,wbc,cnn,
D:\Dineth\focus_binary_benchmark\dataset\wbc\unfocused\106\106_9.jpg,0,1.483766823184851e-06,test,wbc,cnn,
D:\Dineth\focus_binary_benchmark\dataset\wbc\unfocused\113\113_0.jpg,0,4.405803338158876e-06,test,wbc,cnn,
D:\Dineth\focus_binary_benchmark\dataset\wbc\unfocused\113\113_1.jpg,0,5.434302511275746e-05,test,wbc,cnn,
D:\Dineth\focus_binary_benchmark\dataset\wbc\unfocused\113\113_2.jpg,0,0.0001489317510277,test,wbc,cnn,
D:\Dineth\focus_binary_benchmark\dataset\wbc\unfocused\113\113_3.jpg,0,1.6896241504582576e-05,test,wbc,cnn,
D:\Dineth\focus_binary_benchmark\dataset\wbc\unfocused\113\113_4.jpg,0,2.4206176021834835e-05,test,wbc,cnn,
D:\Dineth\focus_binary_benchmark\dataset\wbc\unfocused\113\113_8.jpg,0,0.0174870528280735,test,wbc,cnn,
D:\Dineth\focus_binary_benchmark\dataset\wbc\unfocused\113\113_9.jpg,0,7.159412689361488e-06,test,wbc,cnn,
D:\Dineth\focus_binary_benchmark\dataset\wbc\unfocused\117\117_0.jpg,0,1.4730430848430842e-06,test,wbc,cnn,
D:\Dineth\focus_binary_benchmark\dataset\wbc\unfocused\117\117_1.jpg,0,3.664244104584213e-06,test,wbc,cnn,
D:\Dineth\focus_binary_benchmark\dataset\wbc\unfocused\117\117_2.jpg,0,6.348145689116791e-06,test,wbc,cnn,
D:\Dineth\focus_binary_benchmark\dataset\wbc\unfocused\117\117_3.jpg,0,1.0814565030159429e-06,test,wbc,cnn,
D:\Dineth\focus_binary_benchmark\dataset\wbc\unfocused\117\117_4.jpg,0,6.786438007111428e-06,test,wbc,cnn,
D:\Dineth\focus_binary_benchmark\dataset\wbc\unfocused\117\117_8.jpg,0,0.0001763349428074,test,wbc,cnn,
D:\Dineth\focus_binary_benchmark\dataset\wbc\unfocused\117\117_9.jpg,0,2.3589745978824794e-06,test,wbc,cnn,
D:\Dineth\focus_binary_benchmark\dataset\wbc\unfocused\118\118_0.jpg,0,2.2010593966115263e-05,test,wbc,cnn,
D:\Dineth\focus_binary_benchmark\dataset\wbc\unfocused\118\118_1.jpg,0,0.000748815422412,test,wbc,cnn,
D:\Dineth\focus_binary_benchmark\dataset\wbc\unfocused\118\118_2.jpg,0,0.000749199418351,test,wbc,cnn,
D:\Dineth\focus_binary_benchmark\dataset\wbc\unfocused\118\118_3.jpg,0,7.913338777143508e-06,test,wbc,cnn,
D:\Dineth\focus_binary_benchmark\dataset\wbc\unfocused\118\118_4.jpg,0,0.0003784677828662,test,wbc,cnn,
D:\Dineth\focus_binary_benchmark\dataset\wbc\unfocused\118\118_8.jpg,0,3.25804649037309e-05,test,wbc,cnn,
D:\Dineth\focus_binary_benchmark\dataset\wbc\unfocused\118\118_9.jpg,0,3.650156941148453e-07,test,wbc,cnn,
D:\Dineth\focus_binary_benchmark\dataset\wbc\unfocused\138\138_0.jpg,0,8.46835428092163e-06,test,wbc,cnn,
D:\Dineth\focus_binary_benchmark\dataset\wbc\unfocused\138\138_1.jpg,0,1.768255970091559e-05,test,wbc,cnn,
D:\Dineth\focus_binary_benchmark\dataset\wbc\unfocused\138\138_2.jpg,0,3.1559652597934478e-06,test,wbc,cnn,
D:\Dineth\focus_binary_benchmark\dataset\wbc\unfocused\138\138_3.jpg,0,6.512633262900636e-06,test,wbc,cnn,
D:\Dineth\focus_binary_benchmark\dataset\wbc\unfocused\138\138_7.jpg,0,0.000675550836604,test,wbc,cnn,
D:\Dineth\focus_binary_benchmark\dataset\wbc\unfocused\138\138_8.jpg,0,2.112169113388518e-06,test,wbc,cnn,
D:\Dineth\focus_binary_benchmark\dataset\wbc\unfocused\138\138_9.jpg,0,1.3163483458811245e-07,test,wbc,cnn,
D:\Dineth\focus_binary_benchmark\dataset\wbc\unfocused\143\143_0.jpg,0,8.311093552038074e-05,test,wbc,cnn,
D:\Dineth\focus_binary_benchmark\dataset\wbc\unfocused\143\143_1.jpg,0,0.0035214985255151,test,wbc,cnn,
D:\Dineth\focus_binary_benchmark\dataset\wbc\unfocused\143\143_2.jpg,0,0.006113514304161,test,wbc,cnn,
D:\Dineth\focus_binary_benchmark\dataset\wbc\unfocused\143\143_3.jpg,0,0.0001548507716506,test,wbc,cnn,
D:\Dineth\focus_binary_benchmark\dataset\wbc\unfocused\143\143_4.jpg,0,3.0467811029666336e-06,test,wbc,cnn,
D:\Dineth\focus_binary_benchmark\dataset\wbc\unfocused\143\143_5.jpg,0,0.7087839841842651,test,wbc,cnn,
D:\Dineth\focus_binary_benchmark\dataset\wbc\unfocused\143\143_9.jpg,0,1.3169188605388626e-05,test,wbc,cnn,
D:\Dineth\focus_binary_benchmark\dataset\wbc\unfocused\145\145_0.jpg,0,9.844012674875556e-05,test,wbc,cnn,
D:\Dineth\focus_binary_benchmark\dataset\wbc\unfocused\145\145_1.jpg,0,0.0005947253084741,test,wbc,cnn,
D:\Dineth\focus_binary_benchmark\dataset\wbc\unfocused\145\145_2.jpg,0,0.0001519092620583,test,wbc,cnn,
D:\Dineth\focus_binary_benchmark\dataset\wbc\unfocused\145\145_3.jpg,0,9.652339031163136e-06,test,wbc,cnn,
D:\Dineth\focus_binary_benchmark\dataset\wbc\unfocused\145\145_4.jpg,0,0.0632642284035682,test,wbc,cnn,
D:\Dineth\focus_binary_benchmark\dataset\wbc\unfocused\145\145_8.jpg,0,5.11082816956332e-06,test,wbc,cnn,
D:\Dineth\focus_binary_benchmark\dataset\wbc\unfocused\145\145_9.jpg,0,3.045948631097417e-07,test,wbc,cnn,
D:\Dineth\focus_binary_benchmark\dataset\wbc\unfocused\19\19_0.jpg,0,1.4928897144272923e-05,test,wbc,cnn,
D:\Dineth\focus_binary_benchmark\dataset\wbc\unfocused\19\19_1.jpg,0,4.415975490701385e-05,test,wbc,cnn,
D:\Dineth\focus_binary_benchmark\dataset\wbc\unfocused\19\19_2.jpg,0,6.688658231723821e-06,test,wbc,cnn,
D:\Dineth\focus_binary_benchmark\dataset\wbc\unfocused\19\19_3.jpg,0,9.42529095482314e-06,test,wbc,cnn,
D:\Dineth\focus_binary_benchmark\dataset\wbc\unfocused\19\19_7.jpg,0,0.0011450991732999,test,wbc,cnn,
D:\Dineth\focus_binary_benchmark\dataset\wbc\unfocused\19\19_8.jpg,0,6.087918791308766e-06,test,wbc,cnn,
D:\Dineth\focus_binary_benchmark\dataset\wbc\unfocused\19\19_9.jpg,0,3.950842710764846e-07,test,wbc,cnn,
D:\Dineth\focus_binary_benchmark\dataset\wbc\unfocused\2\2_0.jpg,0,3.6121243738307385e-06,test,wbc,cnn,
D:\Dineth\focus_binary_benchmark\dataset\wbc\unfocused\2\2_1.jpg,0,7.920925781945698e-06,test,wbc,cnn,
D:\Dineth\focus_binary_benchmark\dataset\wbc\unfocused\2\2_2.jpg,0,2.8863664738310035e-06,test,wbc,cnn,
D:\Dineth\focus_binary_benchmark\dataset\wbc\unfocused\2\2_3.jpg,0,2.58783330764345e-07,test,wbc,cnn,
D:\Dineth\focus_binary_benchmark\dataset\wbc\unfocused\2\2_4.jpg,0,3.734245410669246e-07,test,wbc,cnn,
D:\Dineth\focus_binary_benchmark\dataset\wbc\unfocused\2\2_8.jpg,0,0.0006304775015451,test,wbc,cnn,
D:\Dineth\focus_binary_benchmark\dataset\wbc\unfocused\2\2_9.jpg,0,2.541498361097183e-06,test,wbc,cnn,
D:\Dineth\focus_binary_benchmark\dataset\wbc\unfocused\22\22_0.jpg,0,7.080688646965427e-06,test,wbc,cnn,
D:\Dineth\focus_binary_benchmark\dataset\wbc\unfocused\22\22_1.jpg,0,3.86360079573933e-06,test,wbc,cnn,
D:\Dineth\focus_binary_benchmark\dataset\wbc\unfocused\22\22_2.jpg,0,6.561897407664219e-06,test,wbc,cnn,
D:\Dineth\focus_binary_benchmark\dataset\wbc\unfocused\22\22_3.jpg,0,4.543560862657614e-06,test,wbc,cnn,
D:\Dineth\focus_binary_benchmark\dataset\wbc\unfocused\22\22_7.jpg,0,0.0010783348698168,test,wbc,cnn,
D:\Dineth\focus_binary_benchmark\dataset\wbc\unfocused\22\22_8.jpg,0,3.813845978584141e-06,test,wbc,cnn,
D:\Dineth\focus_binary_benchmark\dataset\wbc\unfocused\22\22_9.jpg,0,1.5267040964772605e-07,test,wbc,cnn,
D:\Dineth\focus_binary_benchmark\dataset\wbc\unfocused\24\24_0.jpg,0,1.026612790155923e-05,test,wbc,cnn,
D:\Dineth\focus_binary_benchmark\dataset\wbc\unfocused\24\24_1.jpg,0,1.980297838599654e-06,test,wbc,cnn,
D:\Dineth\focus_binary_benchmark\dataset\wbc\unfocused\24\24_2.jpg,0,1.9757760583161144e-06,test,wbc,cnn,
D:\Dineth\focus_binary_benchmark\dataset\wbc\unfocused\24\24_3.jpg,0,3.717343020070985e-07,test,wbc,cnn,
D:\Dineth\focus_binary_benchmark\dataset\wbc\unfocused\24\24_4.jpg,0,2.81855773209827e-06,test,wbc,cnn,
D:\Dineth\focus_binary_benchmark\dataset\wbc\unfocused\24\24_8.jpg,0,7.719312998233363e-05,test,wbc,cnn,
D:\Dineth\focus_binary_benchmark\dataset\wbc\unfocused\24\24_9.jpg,0,7.461394488927908e-07,test,wbc,cnn,
D:\Dineth\focus_binary_benchmark\dataset\wbc\unfocused\32\32_0.jpg,0,4.354092652647523e-06,test,wbc,cnn,
D:\Dineth\focus_binary_benchmark\dataset\wbc\unfocused\32\32_1.jpg,0,0.0001232742797583,test,wbc,cnn,
D:\Dineth\focus_binary_benchmark\dataset\wbc\unfocused\32\32_2.jpg,0,0.0049196458421647,test,wbc,cnn,
D:\Dineth\focus_binary_benchmark\dataset\wbc\unfocused\32\32_3.jpg,0,0.0145431896671652,test,wbc,cnn,
D:\Dineth\focus_binary_benchmark\dataset\wbc\unfocused\32\32_4.jpg,0,0.000271979777608,test,wbc,cnn,
D:\Dineth\focus_binary_benchmark\dataset\wbc\unfocused\32\32_8.jpg,0,0.0998348072171211,test,wbc,cnn,
D:\Dineth\focus_binary_benchmark\dataset\wbc\unfocused\32\32_9.jpg,0,4.191770131001249e-05,test,wbc,cnn,
D:\Dineth\focus_binary_benchmark\dataset\wbc\unfocused\33\33_0.jpg,0,6.105780357756885e-06,test,wbc,cnn,
D:\Dineth\focus_binary_benchmark\dataset\wbc\unfocused\33\33_1.jpg,0,6.897045386722311e-05,test,wbc,cnn,
D:\Dineth\focus_binary_benchmark\dataset\wbc\unfocused\33\33_2.jpg,0,0.0002683402854017,test,wbc,cnn,
D:\Dineth\focus_binary_benchmark\dataset\wbc\unfocused\33\33_3.jpg,0,0.0006354546640068,test,wbc,cnn,
D:\Dineth\focus_binary_benchmark\dataset\wbc\unfocused\33\33_4.jpg,0,0.0011156682157889,test,wbc,cnn,
D:\Dineth\focus_binary_benchmark\dataset\wbc\unfocused\33\33_8.jpg,0,0.0495826266705989,test,wbc,cnn,
D:\Dineth\focus_binary_benchmark\dataset\wbc\unfocused\33\33_9.jpg,0,2.582230081316084e-05,test,wbc,cnn,
D:\Dineth\focus_binary_benchmark\dataset\wbc\unfocused\41\41_0.jpg,0,1.3599273188447114e-05,test,wbc,cnn,
D:\Dineth\focus_binary_benchmark\dataset\wbc\unfocused\41\41_1.jpg,0,2.0529334506136365e-05,test,wbc,cnn,
D:\Dineth\focus_binary_benchmark\dataset\wbc\unfocused\41\41_2.jpg,0,1.9437526134424843e-05,test,wbc,cnn,
D:\Dineth\focus_binary_benchmark\dataset\wbc\unfocused\41\41_3.jpg,0,0.0003786177258007,test,wbc,cnn,
D:\Dineth\focus_binary_benchmark\dataset\wbc\unfocused\41\41_7.jpg,0,0.0016166182467713,test,wbc,cnn,
D:\Dineth\focus_binary_benchmark\dataset\wbc\unfocused\41\41_8.jpg,0,6.450586170103634e-06,test,wbc,cnn,
D:\Dineth\focus_binary_benchmark\dataset\wbc\unfocused\41\41_9.jpg,0,3.700905324421911e-07,test,wbc,cnn,
D:\Dineth\focus_binary_benchmark\dataset\wbc\unfocused\49\49_0.jpg,0,4.516886747296667e-06,test,wbc,cnn,
D:\Dineth\focus_binary_benchmark\dataset\wbc\unfocused\49\49_1.jpg,0,4.1565377614460886e-05,test,wbc,cnn,
D:\Dineth\focus_binary_benchmark\dataset\wbc\unfocused\49\49_2.jpg,0,2.0072475308552384e-05,test,wbc,cnn,
D:\Dineth\focus_binary_benchmark\dataset\wbc\unfocused\49\49_3.jpg,0,9.469713404541836e-07,test,wbc,cnn,
D:\Dineth\focus_binary_benchmark\dataset\wbc\unfocused\49\49_4.jpg,0,3.693670009852213e-07,test,wbc,cnn,
D:\Dineth\focus_binary_benchmark\dataset\wbc\unfocused\49\49_8.jpg,0,5.203570617595688e-05,test,wbc,cnn,
D:\Dineth\focus_binary_benchmark\dataset\wbc\unfocused\49\49_9.jpg,0,7.39131564841955e-07,test,wbc,cnn,
D:\Dineth\focus_binary_benchmark\dataset\wbc\unfocused\50\50_0.jpg,0,6.546376880578464e-07,test,wbc,cnn,
D:\Dineth\focus_binary_benchmark\dataset\wbc\unfocused\50\50_1.jpg,0,1.7110195358327474e-06,test,wbc,cnn,
D:\Dineth\focus_binary_benchmark\dataset\wbc\unfocused\50\50_2.jpg,0,2.4628654955449747e-06,test,wbc,cnn,
D:\Dineth\focus_binary_benchmark\dataset\wbc\unfocused\50\50_3.jpg,0,8.062073902692646e-06,test,wbc,cnn,
D:\Dineth\focus_binary_benchmark\dataset\wbc\unfocused\50\50_4.jpg,0,2.204508928116411e-05,test,wbc,cnn,
D:\Dineth\focus_binary_benchmark\dataset\wbc\unfocused\50\50_5.jpg,0,0.0655195489525795,test,wbc,cnn,
D:\Dineth\focus_binary_benchmark\dataset\wbc\unfocused\50\50_9.jpg,0,7.220279258035589e-06,test,wbc,cnn,
D:\Dineth\focus_binary_benchmark\dataset\wbc\unfocused\58\58_0.jpg,0,8.798775525065139e-06,test,wbc,cnn,
D:\Dineth\focus_binary_benchmark\dataset\wbc\unfocused\58\58_1.jpg,0,1.7390701032127254e-05,test,wbc,cnn,
D:\Dineth\focus_binary_benchmark\dataset\wbc\unfocused\58\58_2.jpg,0,8.705660548002925e-06,test,wbc,cnn,
D:\Dineth\focus_binary_benchmark\dataset\wbc\unfocused\58\58_3.jpg,0,8.297960448544472e-06,test,wbc,cnn,
D:\Dineth\focus_binary_benchmark\dataset\wbc\unfocused\58\58_4.jpg,0,0.017779329791665,test,wbc,cnn,
D:\Dineth\focus_binary_benchmark\dataset\wbc\unfocused\58\58_8.jpg,0,5.191432137507945e-05,test,wbc,cnn,
D:\Dineth\focus_binary_benchmark\dataset\wbc\unfocused\58\58_9.jpg,0,2.388979055467644e-06,test,wbc,cnn,
D:\Dineth\focus_binary_benchmark\dataset\wbc\unfocused\65\65_0.jpg,0,1.4025081327417864e-05,test,wbc,cnn,
D:\Dineth\focus_binary_benchmark\dataset\wbc\unfocused\65\65_1.jpg,0,2.8345253667794168e-05,test,wbc,cnn,
D:\Dineth\focus_binary_benchmark\dataset\wbc\unfocused\65\65_2.jpg,0,6.127877895778511e-06,test,wbc,cnn,
D:\Dineth\focus_binary_benchmark\dataset\wbc\unfocused\65\65_3.jpg,0,2.520402233585628e-07,test,wbc,cnn,
D:\Dineth\focus_binary_benchmark\dataset\wbc\unfocused\65\65_4.jpg,0,1.2895276995550375e-05,test,wbc,cnn,
D:\Dineth\focus_binary_benchmark\dataset\wbc\unfocused\65\65_8.jpg,0,1.2747645087074488e-05,test,wbc,cnn,
D:\Dineth\focus_binary_benchmark\dataset\wbc\unfocused\65\65_9.jpg,0,5.06710250647302e-07,test,wbc,cnn,
D:\Dineth\focus_binary_benchmark\dataset\wbc\unfocused\66\66_0.jpg,0,1.2182204045529945e-05,test,wbc,cnn,
D:\Dineth\focus_binary_benchmark\dataset\wbc\unfocused\66\66_1.jpg,0,0.0001783510670065,test,wbc,cnn,
D:\Dineth\focus_binary_benchmark\dataset\wbc\unfocused\66\66_2.jpg,0,0.0001450001436751,test,wbc,cnn,
D:\Dineth\focus_binary_benchmark\dataset\wbc\unfocused\66\66_3.jpg,0,3.393835504539311e-05,test,wbc,cnn,
D:\Dineth\focus_binary_benchmark\dataset\wbc\unfocused\66\66_4.jpg,0,0.0001162105327239,test,wbc,cnn,
D:\Dineth\focus_binary_benchmark\dataset\wbc\unfocused\66\66_8.jpg,0,0.0006977836601436,test,wbc,cnn,
D:\Dineth\focus_binary_benchmark\dataset\wbc\unfocused\66\66_9.jpg,0,3.738421810339787e-06,test,wbc,cnn,
D:\Dineth\focus_binary_benchmark\dataset\wbc\unfocused\7\7_0.jpg,0,2.681376281543635e-05,test,wbc,cnn,
D:\Dineth\focus_binary_benchmark\dataset\wbc\unfocused\7\7_1.jpg,0,0.0003666733100544,test,wbc,cnn,
D:\Dineth\focus_binary_benchmark\dataset\wbc\unfocused\7\7_2.jpg,0,0.0001319763978244,test,wbc,cnn,
D:\Dineth\focus_binary_benchmark\dataset\wbc\unfocused\7\7_3.jpg,0,0.0002508710895199,test,wbc,cnn,
D:\Dineth\focus_binary_benchmark\dataset\wbc\unfocused\7\7_4.jpg,0,0.0001439154148101,test,wbc,cnn,
D:\Dineth\focus_binary_benchmark\dataset\wbc\unfocused\7\7_8.jpg,0,0.0005772993899881,test,wbc,cnn,
D:\Dineth\focus_binary_benchmark\dataset\wbc\unfocused\7\7_9.jpg,0,4.6825516619719565e-06,test,wbc,cnn,
D:\Dineth\focus_binary_benchmark\dataset\wbc\unfocused\76\76_0.jpg,0,7.908162842795718e-06,test,wbc,cnn,
D:\Dineth\focus_binary_benchmark\dataset\wbc\unfocused\76\76_1.jpg,0,9.31545437197201e-05,test,wbc,cnn,
D:\Dineth\focus_binary_benchmark\dataset\wbc\unfocused\76\76_2.jpg,0,0.0002640695893205,test,wbc,cnn,
D:\Dineth\focus_binary_benchmark\dataset\wbc\unfocused\76\76_3.jpg,0,2.237191984022502e-05,test,wbc,cnn,
D:\Dineth\focus_binary_benchmark\dataset\wbc\unfocused\76\76_7.jpg,0,0.0004590647295117,test,wbc,cnn,
D:\Dineth\focus_binary_benchmark\dataset\wbc\unfocused\76\76_8.jpg,0,1.261731881641026e-06,test,wbc,cnn,
D:\Dineth\focus_binary_benchmark\dataset\wbc\unfocused\76\76_9.jpg,0,2.8221210257584065e-08,test,wbc,cnn,
D:\Dineth\focus_binary_benchmark\dataset\wbc\unfocused\89\89_0.jpg,0,2.1081202703499e-06,test,wbc,cnn,
D:\Dineth\focus_binary_benchmark\dataset\wbc\unfocused\89\89_1.jpg,0,5.621437139780028e-06,test,wbc,cnn,
D:\Dineth\focus_binary_benchmark\dataset\wbc\unfocused\89\89_2.jpg,0,1.7078356222555158e-06,test,wbc,cnn,
D:\Dineth\focus_binary_benchmark\dataset\wbc\unfocused\89\89_3.jpg,0,4.047419224662008e-06,test,wbc,cnn,
D:\Dineth\focus_binary_benchmark\dataset\wbc\unfocused\89\89_4.jpg,0,5.850539309903979e-05,test,wbc,cnn,
D:\Dineth\focus_binary_benchmark\dataset\wbc\unfocused\89\89_8.jpg,0,0.0003997521416749,test,wbc,cnn,
D:\Dineth\focus_binary_benchmark\dataset\wbc\unfocused\89\89_9.jpg,0,3.3491548947495176e-06,test,wbc,cnn,
D:\Dineth\focus_binary_benchmark\dataset\bma\focused\pos002_2\pos002_2_page_2.png,1,0.8270968198776245,test,bma,cnn_attention,
D:\Dineth\focus_binary_benchmark\dataset\bma\focused\pos003_3\pos003_3_page_6.png,1,0.962941586971283,test,bma,cnn_attention,
D:\Dineth\focus_binary_benchmark\dataset\bma\focused\pos004_3\pos004_3_page_11.png,1,0.9804894328117372,test,bma,cnn_attention,
D:\Dineth\focus_binary_benchmark\dataset\bma\focused\pos005_2\pos005_2_page_10.png,1,0.9481114149093628,test,bma,cnn_attention,
D:\Dineth\focus_binary_benchmark\dataset\bma\focused\pos006_1\pos006_1_page_8.png,1,0.7385991215705872,test,bma,cnn_attention,
D:\Dineth\focus_binary_benchmark\dataset\bma\unfocused\pos002_2\pos002_2_page_1.png,0,0.0024100500158965,test,bma,cnn_attention,
D:\Dineth\focus_binary_benchmark\dataset\bma\unfocused\pos002_2\pos002_2_page_10.png,0,0.0286779887974262,test,bma,cnn_attention,
D:\Dineth\focus_binary_benchmark\dataset\bma\unfocused\pos002_2\pos002_2_page_11.png,0,0.0144355269148945,test,bma,cnn_attention,
D:\Dineth\focus_binary_benchmark\dataset\bma\unfocused\pos002_2\pos002_2_page_12.png,0,0.0089026317000389,test,bma,cnn_attention,
D:\Dineth\focus_binary_benchmark\dataset\bma\unfocused\pos002_2\pos002_2_page_13.png,0,0.0058015091344714,test,bma,cnn_attention,
D:\Dineth\focus_binary_benchmark\dataset\bma\unfocused\pos002_2\pos002_2_page_4.png,0,0.7998759150505066,test,bma,cnn_attention,
D:\Dineth\focus_binary_benchmark\dataset\bma\unfocused\pos002_2\pos002_2_page_5.png,0,0.7583718299865723,test,bma,cnn_attention,
D:\Dineth\focus_binary_benchmark\dataset\bma\unfocused\pos002_2\pos002_2_page_6.png,0,0.6360882520675659,test,bma,cnn_attention,
D:\Dineth\focus_binary_benchmark\dataset\bma\unfocused\pos002_2\pos002_2_page_7.png,0,0.3807083666324615,test,bma,cnn_attention,
D:\Dineth\focus_binary_benchmark\dataset\bma\unfocused\pos002_2\pos002_2_page_8.png,0,0.173971340060234,test,bma,cnn_attention,
D:\Dineth\focus_binary_benchmark\dataset\bma\unfocused\pos002_2\pos002_2_page_9.png,0,0.0720955654978752,test,bma,cnn_attention,
D:\Dineth\focus_binary_benchmark\dataset\bma\unfocused\pos003_3\pos003_3_page_1.png,0,0.0089130001142621,test,bma,cnn_attention,
D:\Dineth\focus_binary_benchmark\dataset\bma\unfocused\pos003_3\pos003_3_page_10.png,0,0.0340272709727287,test,bma,cnn_attention,
D:\Dineth\focus_binary_benchmark\dataset\bma\unfocused\pos003_3\pos003_3_page_11.png,0,0.0402048677206039,test,bma,cnn_attention,
D:\Dineth\focus_binary_benchmark\dataset\bma\unfocused\pos003_3\pos003_3_page_12.png,0,0.0336860939860343,test,bma,cnn_attention,
D:\Dineth\focus_binary_benchmark\dataset\bma\unfocused\pos003_3\pos003_3_page_13.png,0,0.0215217750519514,test,bma,cnn_attention,
D:\Dineth\focus_binary_benchmark\dataset\bma\unfocused\pos003_3\pos003_3_page_14.png,0,0.0154286287724971,test,bma,cnn_attention,
D:\Dineth\focus_binary_benchmark\dataset\bma\unfocused\pos003_3\pos003_3_page_2.png,0,0.0671102851629257,test,bma,cnn_attention,
D:\Dineth\focus_binary_benchmark\dataset\bma\unfocused\pos003_3\pos003_3_page_3.png,0,0.1271121501922607,test,bma,cnn_attention,
D:\Dineth\focus_binary_benchmark\dataset\bma\unfocused\pos003_3\pos003_3_page_4.png,0,0.5227603316307068,test,bma,cnn_attention,
D:\Dineth\focus_binary_benchmark\dataset\bma\unfocused\pos003_3\pos003_3_page_8.png,0,0.1128607243299484,test,bma,cnn_attention,
D:\Dineth\focus_binary_benchmark\dataset\bma\unfocused\pos003_3\pos003_3_page_9.png,0,0.040359079837799,test,bma,cnn_attention,
D:\Dineth\focus_binary_benchmark\dataset\bma\unfocused\pos004_3\pos004_3_page_1.png,0,0.0361941680312156,test,bma,cnn_attention,
D:\Dineth\focus_binary_benchmark\dataset\bma\unfocused\pos004_3\pos004_3_page_13.png,0,0.1596397757530212,test,bma,cnn_attention,
D:\Dineth\focus_binary_benchmark\dataset\bma\unfocused\pos004_3\pos004_3_page_14.png,0,0.0424885340034961,test,bma,cnn_attention,
D:\Dineth\focus_binary_benchmark\dataset\bma\unfocused\pos004_3\pos004_3_page_2.png,0,0.0124367447569966,test,bma,cnn_attention,
D:\Dineth\focus_binary_benchmark\dataset\bma\unfocused\pos004_3\pos004_3_page_3.png,0,0.01575000397861,test,bma,cnn_attention,
D:\Dineth\focus_binary_benchmark\dataset\bma\unfocused\pos004_3\pos004_3_page_4.png,0,0.0221188440918922,test,bma,cnn_attention,
D:\Dineth\focus_binary_benchmark\dataset\bma\unfocused\pos004_3\pos004_3_page_5.png,0,0.0354971587657928,test,bma,cnn_attention,
D:\Dineth\focus_binary_benchmark\dataset\bma\unfocused\pos004_3\pos004_3_page_6.png,0,0.0371962748467922,test,bma,cnn_attention,
D:\Dineth\focus_binary_benchmark\dataset\bma\unfocused\pos004_3\pos004_3_page_7.png,0,0.0380950160324573,test,bma,cnn_attention,
D:\Dineth\focus_binary_benchmark\dataset\bma\unfocused\pos004_3\pos004_3_page_8.png,0,0.0779610499739646,test,bma,cnn_attention,
D:\Dineth\focus_binary_benchmark\dataset\bma\unfocused\pos004_3\pos004_3_page_9.png,0,0.4404896795749664,test,bma,cnn_attention,
D:\Dineth\focus_binary_benchmark\dataset\bma\unfocused\pos005_2\pos005_2_page_12.png,0,0.1461122184991836,test,bma,cnn_attention,
D:\Dineth\focus_binary_benchmark\dataset\bma\unfocused\pos005_2\pos005_2_page_13.png,0,0.027777737006545,test,bma,cnn_attention,
D:\Dineth\focus_binary_benchmark\dataset\bma\unfocused\pos005_2\pos005_2_page_14.png,0,0.0169428307563066,test,bma,cnn_attention,
D:\Dineth\focus_binary_benchmark\dataset\bma\unfocused\pos005_2\pos005_2_page_2.png,0,0.0159106682986021,test,bma,cnn_attention,
D:\Dineth\focus_binary_benchmark\dataset\bma\unfocused\pos005_2\pos005_2_page_3.png,0,0.0204455722123384,test,bma,cnn_attention,
D:\Dineth\focus_binary_benchmark\dataset\bma\unfocused\pos005_2\pos005_2_page_4.png,0,0.0206717923283576,test,bma,cnn_attention,
D:\Dineth\focus_binary_benchmark\dataset\bma\unfocused\pos005_2\pos005_2_page_5.png,0,0.0185295119881629,test,bma,cnn_attention,
D:\Dineth\focus_binary_benchmark\dataset\bma\unfocused\pos005_2\pos005_2_page_6.png,0,0.0184866171330213,test,bma,cnn_attention,
D:\Dineth\focus_binary_benchmark\dataset\bma\unfocused\pos005_2\pos005_2_page_7.png,0,0.032623253762722,test,bma,cnn_attention,
D:\Dineth\focus_binary_benchmark\dataset\bma\unfocused\pos005_2\pos005_2_page_8.png,0,0.1669448316097259,test,bma,cnn_attention,
D:\Dineth\focus_binary_benchmark\dataset\bma\unfocused\pos005_2\pos005_2_page_9.png,0,0.7824283838272095,test,bma,cnn_attention,
D:\Dineth\focus_binary_benchmark\dataset\bma\unfocused\pos006_1\pos006_1_page_1.png,0,0.0293162669986486,test,bma,cnn_attention,
D:\Dineth\focus_binary_benchmark\dataset\bma\unfocused\pos006_1\pos006_1_page_10.png,0,0.6932250261306763,test,bma,cnn_attention,
D:\Dineth\focus_binary_benchmark\dataset\bma\unfocused\pos006_1\pos006_1_page_11.png,0,0.1540481895208358,test,bma,cnn_attention,
D:\Dineth\focus_binary_benchmark\dataset\bma\unfocused\pos006_1\pos006_1_page_12.png,0,0.0519224144518375,test,bma,cnn_attention,
D:\Dineth\focus_binary_benchmark\dataset\bma\unfocused\pos006_1\pos006_1_page_13.png,0,0.0429838337004184,test,bma,cnn_attention,
D:\Dineth\focus_binary_benchmark\dataset\bma\unfocused\pos006_1\pos006_1_page_14.png,0,0.0432548895478248,test,bma,cnn_attention,
D:\Dineth\focus_binary_benchmark\dataset\bma\unfocused\pos006_1\pos006_1_page_2.png,0,0.0348467305302619,test,bma,cnn_attention,
D:\Dineth\focus_binary_benchmark\dataset\bma\unfocused\pos006_1\pos006_1_page_3.png,0,0.0404587872326374,test,bma,cnn_attention,
D:\Dineth\focus_binary_benchmark\dataset\bma\unfocused\pos006_1\pos006_1_page_4.png,0,0.0429013222455978,test,bma,cnn_attention,
D:\Dineth\focus_binary_benchmark\dataset\bma\unfocused\pos006_1\pos006_1_page_5.png,0,0.046712290495634,test,bma,cnn_attention,
D:\Dineth\focus_binary_benchmark\dataset\bma\unfocused\pos006_1\pos006_1_page_6.png,0,0.0713682100176811,test,bma,cnn_attention,
D:\Dineth\focus_binary_benchmark\dataset\pbs_imgs\focused\FieldPos207_Cam01_RGB_MB\FieldPos207_Cam01_RGB_MB_page_7.png,1,0.6929960250854492,test,pbs_imgs,cnn_attention,
D:\Dineth\focus_binary_benchmark\dataset\pbs_imgs\focused\FieldPos217_Cam01_RGB_MB\FieldPos217_Cam01_RGB_MB_page_2.png,1,0.958985447883606,test,pbs_imgs,cnn_attention,
D:\Dineth\focus_binary_benchmark\dataset\pbs_imgs\focused\FieldPos280_Cam01_RGB_MB\FieldPos280_Cam01_RGB_MB_page_5.png,1,0.9789807796478271,test,pbs_imgs,cnn_attention,
D:\Dineth\focus_binary_benchmark\dataset\pbs_imgs\focused\FieldPos301_Cam01_RGB_MB\FieldPos301_Cam01_RGB_MB_page_10.png,1,0.9430029392242432,test,pbs_imgs,cnn_attention,
D:\Dineth\focus_binary_benchmark\dataset\pbs_imgs\focused\FieldPos322_Cam01_RGB_MB\FieldPos322_Cam01_RGB_MB_page_5.png,1,0.9572213292121888,test,pbs_imgs,cnn_attention,
D:\Dineth\focus_binary_benchmark\dataset\pbs_imgs\focused\FieldPos344_Cam01_RGB_MB\FieldPos344_Cam01_RGB_MB_page_10.png,1,0.9576314687728882,test,pbs_imgs,cnn_attention,
D:\Dineth\focus_binary_benchmark\dataset\pbs_imgs\focused\FieldPos356_Cam01_RGB_MB\FieldPos356_Cam01_RGB_MB_page_4.png,1,0.9505257606506348,test,pbs_imgs,cnn_attention,
D:\Dineth\focus_binary_benchmark\dataset\pbs_imgs\focused\FieldPos357_Cam01_RGB_MB\FieldPos357_Cam01_RGB_MB_page_4.png,1,0.9749109148979188,test,pbs_imgs,cnn_attention,
D:\Dineth\focus_binary_benchmark\dataset\pbs_imgs\focused\FieldPos430_Cam01_RGB_MB\FieldPos430_Cam01_RGB_MB_page_8.png,1,0.9282358288764954,test,pbs_imgs,cnn_attention,
D:\Dineth\focus_binary_benchmark\dataset\pbs_imgs\focused\FieldPos434_Cam01_RGB_MB\FieldPos434_Cam01_RGB_MB_page_7.png,1,0.9329320192337036,test,pbs_imgs,cnn_attention,
D:\Dineth\focus_binary_benchmark\dataset\pbs_imgs\focused\FieldPos469_Cam01_RGB_MB\FieldPos469_Cam01_RGB_MB_page_11.png,1,0.97043639421463,test,pbs_imgs,cnn_attention,
D:\Dineth\focus_binary_benchmark\dataset\pbs_imgs\unfocused\FieldPos207_Cam01_RGB_MB\FieldPos207_Cam01_RGB_MB_page_1.png,0,0.8145154714584351,test,pbs_imgs,cnn_attention,
D:\Dineth\focus_binary_benchmark\dataset\pbs_imgs\unfocused\FieldPos207_Cam01_RGB_MB\FieldPos207_Cam01_RGB_MB_page_2.png,0,0.8287358283996582,test,pbs_imgs,cnn_attention,
D:\Dineth\focus_binary_benchmark\dataset\pbs_imgs\unfocused\FieldPos207_Cam01_RGB_MB\FieldPos207_Cam01_RGB_MB_page_3.png,0,0.9051843285560608,test,pbs_imgs,cnn_attention,
D:\Dineth\focus_binary_benchmark\dataset\pbs_imgs\unfocused\FieldPos207_Cam01_RGB_MB\FieldPos207_Cam01_RGB_MB_page_4.png,0,0.947403073310852,test,pbs_imgs,cnn_attention,
D:\Dineth\focus_binary_benchmark\dataset\pbs_imgs\unfocused\FieldPos207_Cam01_RGB_MB\FieldPos207_Cam01_RGB_MB_page_5.png,0,0.930311381816864,test,pbs_imgs,cnn_attention,
D:\Dineth\focus_binary_benchmark\dataset\pbs_imgs\unfocused\FieldPos207_Cam01_RGB_MB\FieldPos207_Cam01_RGB_MB_page_9.png,0,0.6501206159591675,test,pbs_imgs,cnn_attention,
D:\Dineth\focus_binary_benchmark\dataset\pbs_imgs\unfocused\FieldPos217_Cam01_RGB_MB\FieldPos217_Cam01_RGB_MB_page_4.png,0,0.2820987105369568,test,pbs_imgs,cnn_attention,
D:\Dineth\focus_binary_benchmark\dataset\pbs_imgs\unfocused\FieldPos217_Cam01_RGB_MB\FieldPos217_Cam01_RGB_MB_page_5.png,0,0.1780824959278106,test,pbs_imgs,cnn_attention,
D:\Dineth\focus_binary_benchmark\dataset\pbs_imgs\unfocused\FieldPos217_Cam01_RGB_MB\FieldPos217_Cam01_RGB_MB_page_6.png,0,0.0976901650428772,test,pbs_imgs,cnn_attention,
D:\Dineth\focus_binary_benchmark\dataset\pbs_imgs\unfocused\FieldPos217_Cam01_RGB_MB\FieldPos217_Cam01_RGB_MB_page_7.png,0,0.0858503282070159,test,pbs_imgs,cnn_attention,
D:\Dineth\focus_binary_benchmark\dataset\pbs_imgs\unfocused\FieldPos217_Cam01_RGB_MB\FieldPos217_Cam01_RGB_MB_page_8.png,0,0.0630446746945381,test,pbs_imgs,cnn_attention,
D:\Dineth\focus_binary_benchmark\dataset\pbs_imgs\unfocused\FieldPos217_Cam01_RGB_MB\FieldPos217_Cam01_RGB_MB_page_9.png,0,0.0666171982884407,test,pbs_imgs,cnn_attention,
D:\Dineth\focus_binary_benchmark\dataset\pbs_imgs\unfocused\FieldPos280_Cam01_RGB_MB\FieldPos280_Cam01_RGB_MB_page_1.png,0,0.0279122218489646,test,pbs_imgs,cnn_attention,
D:\Dineth\focus_binary_benchmark\dataset\pbs_imgs\unfocused\FieldPos280_Cam01_RGB_MB\FieldPos280_Cam01_RGB_MB_page_10.png,0,0.0079259574413299,test,pbs_imgs,cnn_attention,
D:\Dineth\focus_binary_benchmark\dataset\pbs_imgs\unfocused\FieldPos280_Cam01_RGB_MB\FieldPos280_Cam01_RGB_MB_page_11.png,0,0.0045019080862402,test,pbs_imgs,cnn_attention,
D:\Dineth\focus_binary_benchmark\dataset\pbs_imgs\unfocused\FieldPos280_Cam01_RGB_MB\FieldPos280_Cam01_RGB_MB_page_12.png,0,0.002521495334804,test,pbs_imgs,cnn_attention,
D:\Dineth\focus_binary_benchmark\dataset\pbs_imgs\unfocused\FieldPos280_Cam01_RGB_MB\FieldPos280_Cam01_RGB_MB_page_13.png,0,0.0014593516243621,test,pbs_imgs,cnn_attention,
D:\Dineth\focus_binary_benchmark\dataset\pbs_imgs\unfocused\FieldPos280_Cam01_RGB_MB\FieldPos280_Cam01_RGB_MB_page_14.png,0,0.0010261215502396,test,pbs_imgs,cnn_attention,
D:\Dineth\focus_binary_benchmark\dataset\pbs_imgs\unfocused\FieldPos280_Cam01_RGB_MB\FieldPos280_Cam01_RGB_MB_page_15.png,0,0.0007357902359217,test,pbs_imgs,cnn_attention,
D:\Dineth\focus_binary_benchmark\dataset\pbs_imgs\unfocused\FieldPos280_Cam01_RGB_MB\FieldPos280_Cam01_RGB_MB_page_2.png,0,0.1953300237655639,test,pbs_imgs,cnn_attention,
D:\Dineth\focus_binary_benchmark\dataset\pbs_imgs\unfocused\FieldPos280_Cam01_RGB_MB\FieldPos280_Cam01_RGB_MB_page_3.png,0,0.5842214226722717,test,pbs_imgs,cnn_attention,
D:\Dineth\focus_binary_benchmark\dataset\pbs_imgs\unfocused\FieldPos280_Cam01_RGB_MB\FieldPos280_Cam01_RGB_MB_page_7.png,0,0.7307415008544922,test,pbs_imgs,cnn_attention,
D:\Dineth\focus_binary_benchmark\dataset\pbs_imgs\unfocused\FieldPos280_Cam01_RGB_MB\FieldPos280_Cam01_RGB_MB_page_8.png,0,0.180226594209671,test,pbs_imgs,cnn_attention,
D:\Dineth\focus_binary_benchmark\dataset\pbs_imgs\unfocused\FieldPos280_Cam01_RGB_MB\FieldPos280_Cam01_RGB_MB_page_9.png,0,0.0308315325528383,test,pbs_imgs,cnn_attention,
D:\Dineth\focus_binary_benchmark\dataset\pbs_imgs\unfocused\FieldPos301_Cam01_RGB_MB\FieldPos301_Cam01_RGB_MB_page_12.png,0,0.0578917749226093,test,pbs_imgs,cnn_attention,
D:\Dineth\focus_binary_benchmark\dataset\pbs_imgs\unfocused\FieldPos301_Cam01_RGB_MB\FieldPos301_Cam01_RGB_MB_page_13.png,0,0.0336609333753585,test,pbs_imgs,cnn_attention,
D:\Dineth\focus_binary_benchmark\dataset\pbs_imgs\unfocused\FieldPos301_Cam01_RGB_MB\FieldPos301_Cam01_RGB_MB_page_14.png,0,0.0203864984214305,test,pbs_imgs,cnn_attention,
D:\Dineth\focus_binary_benchmark\dataset\pbs_imgs\unfocused\FieldPos301_Cam01_RGB_MB\FieldPos301_Cam01_RGB_MB_page_15.png,0,0.01138268224895,test,pbs_imgs,cnn_attention,
D:\Dineth\focus_binary_benchmark\dataset\pbs_imgs\unfocused\FieldPos301_Cam01_RGB_MB\FieldPos301_Cam01_RGB_MB_page_2.png,0,0.0056665358133614,test,pbs_imgs,cnn_attention,
D:\Dineth\focus_binary_benchmark\dataset\pbs_imgs\unfocused\FieldPos301_Cam01_RGB_MB\FieldPos301_Cam01_RGB_MB_page_3.png,0,0.008117226883769,test,pbs_imgs,cnn_attention,
D:\Dineth\focus_binary_benchmark\dataset\pbs_imgs\unfocused\FieldPos301_Cam01_RGB_MB\FieldPos301_Cam01_RGB_MB_page_4.png,0,0.0148327080532908,test,pbs_imgs,cnn_attention,
D:\Dineth\focus_binary_benchmark\dataset\pbs_imgs\unfocused\FieldPos301_Cam01_RGB_MB\FieldPos301_Cam01_RGB_MB_page_5.png,0,0.0271884016692638,test,pbs_imgs,cnn_attention,
D:\Dineth\focus_binary_benchmark\dataset\pbs_imgs\unfocused\FieldPos301_Cam01_RGB_MB\FieldPos301_Cam01_RGB_MB_page_6.png,0,0.0391927808523178,test,pbs_imgs,cnn_attention,
D:\Dineth\focus_binary_benchmark\dataset\pbs_imgs\unfocused\FieldPos301_Cam01_RGB_MB\FieldPos301_Cam01_RGB_MB_page_7.png,0,0.0937013402581214,test,pbs_imgs,cnn_attention,
D:\Dineth\focus_binary_benchmark\dataset\pbs_imgs\unfocused\FieldPos301_Cam01_RGB_MB\FieldPos301_Cam01_RGB_MB_page_8.png,0,0.6552591919898987,test,pbs_imgs,cnn_attention,
D:\Dineth\focus_binary_benchmark\dataset\pbs_imgs\unfocused\FieldPos301_Cam01_RGB_MB\FieldPos301_Cam01_RGB_MB_page_9.png,0,0.9486569166183472,test,pbs_imgs,cnn_attention,
D:\Dineth\focus_binary_benchmark\dataset\pbs_imgs\unfocused\FieldPos322_Cam01_RGB_MB\FieldPos322_Cam01_RGB_MB_page_1.png,0,0.0278686005622148,test,pbs_imgs,cnn_attention,
D:\Dineth\focus_binary_benchmark\dataset\pbs_imgs\unfocused\FieldPos322_Cam01_RGB_MB\FieldPos322_Cam01_RGB_MB_page_10.png,0,0.0100732315331697,test,pbs_imgs,cnn_attention,
D:\Dineth\focus_binary_benchmark\dataset\pbs_imgs\unfocused\FieldPos322_Cam01_RGB_MB\FieldPos322_Cam01_RGB_MB_page_11.png,0,0.0315978974103927,test,pbs_imgs,cnn_attention,
D:\Dineth\focus_binary_benchmark\dataset\pbs_imgs\unfocused\FieldPos322_Cam01_RGB_MB\FieldPos322_Cam01_RGB_MB_page_12.png,0,0.0530890449881553,test,pbs_imgs,cnn_attention,
D:\Dineth\focus_binary_benchmark\dataset\pbs_imgs\unfocused\FieldPos322_Cam01_RGB_MB\FieldPos322_Cam01_RGB_MB_page_13.png,0,0.0391240864992141,test,pbs_imgs,cnn_attention,
D:\Dineth\focus_binary_benchmark\dataset\pbs_imgs\unfocused\FieldPos322_Cam01_RGB_MB\FieldPos322_Cam01_RGB_MB_page_14.png,0,0.026667233556509,test,pbs_imgs,cnn_attention,
D:\Dineth\focus_binary_benchmark\dataset\pbs_imgs\unfocused\FieldPos322_Cam01_RGB_MB\FieldPos322_Cam01_RGB_MB_page_15.png,0,0.0172547549009323,test,pbs_imgs,cnn_attention,
D:\Dineth\focus_binary_benchmark\dataset\pbs_imgs\unfocused\FieldPos322_Cam01_RGB_MB\FieldPos322_Cam01_RGB_MB_page_2.png,0,0.0607685446739196,test,pbs_imgs,cnn_attention,
D:\Dineth\focus_binary_benchmark\dataset\pbs_imgs\unfocused\FieldPos322_Cam01_RGB_MB\FieldPos322_Cam01_RGB_MB_page_3.png,0,0.5114668607711792,test,pbs_imgs,cnn_attention,
D:\Dineth\focus_binary_benchmark\dataset\pbs_imgs\unfocused\FieldPos322_Cam01_RGB_MB\FieldPos322_Cam01_RGB_MB_page_7.png,0,0.064642034471035,test,pbs_imgs,cnn_attention,
D:\Dineth\focus_binary_benchmark\dataset\pbs_imgs\unfocused\FieldPos322_Cam01_RGB_MB\FieldPos322_Cam01_RGB_MB_page_8.png,0,0.0066954251378774,test,pbs_imgs,cnn_attention,
D:\Dineth\focus_binary_benchmark\dataset\pbs_imgs\unfocused\FieldPos322_Cam01_RGB_MB\FieldPos322_Cam01_RGB_MB_page_9.png,0,0.0055163688957691,test,pbs_imgs,cnn_attention,
D:\Dineth\focus_binary_benchmark\dataset\pbs_imgs\unfocused\FieldPos344_Cam01_RGB_MB\FieldPos344_Cam01_RGB_MB_page_12.png,0,0.0201924610882997,test,pbs_imgs,cnn_attention,
D:\Dineth\focus_binary_benchmark\dataset\pbs_imgs\unfocused\FieldPos344_Cam01_RGB_MB\FieldPos344_Cam01_RGB_MB_page_13.png,0,0.0052974233403801,test,pbs_imgs,cnn_attention,
D:\Dineth\focus_binary_benchmark\dataset\pbs_imgs\unfocused\FieldPos344_Cam01_RGB_MB\FieldPos344_Cam01_RGB_MB_page_14.png,0,0.0068742292933166,test,pbs_imgs,cnn_attention,
D:\Dineth\focus_binary_benchmark\dataset\pbs_imgs\unfocused\FieldPos344_Cam01_RGB_MB\FieldPos344_Cam01_RGB_MB_page_15.png,0,0.0147518813610076,test,pbs_imgs,cnn_attention,
D:\Dineth\focus_binary_benchmark\dataset\pbs_imgs\unfocused\FieldPos344_Cam01_RGB_MB\FieldPos344_Cam01_RGB_MB_page_2.png,0,0.0789958164095878,test,pbs_imgs,cnn_attention,
D:\Dineth\focus_binary_benchmark\dataset\pbs_imgs\unfocused\FieldPos344_Cam01_RGB_MB\FieldPos344_Cam01_RGB_MB_page_3.png,0,0.0447418950498104,test,pbs_imgs,cnn_attention,
D:\Dineth\focus_binary_benchmark\dataset\pbs_imgs\unfocused\FieldPos344_Cam01_RGB_MB\FieldPos344_Cam01_RGB_MB_page_4.png,0,0.0310071911662817,test,pbs_imgs,cnn_attention,
D:\Dineth\focus_binary_benchmark\dataset\pbs_imgs\unfocused\FieldPos344_Cam01_RGB_MB\FieldPos344_Cam01_RGB_MB_page_5.png,0,0.0202073119580745,test,pbs_imgs,cnn_attention,
D:\Dineth\focus_binary_benchmark\dataset\pbs_imgs\unfocused\FieldPos344_Cam01_RGB_MB\FieldPos344_Cam01_RGB_MB_page_6.png,0,0.0217109285295009,test,pbs_imgs,cnn_attention,
D:\Dineth\focus_binary_benchmark\dataset\pbs_imgs\unfocused\FieldPos344_Cam01_RGB_MB\FieldPos344_Cam01_RGB_MB_page_7.png,0,0.0504412725567817,test,pbs_imgs,cnn_attention,
D:\Dineth\focus_binary_benchmark\dataset\pbs_imgs\unfocused\FieldPos344_Cam01_RGB_MB\FieldPos344_Cam01_RGB_MB_page_8.png,0,0.4002996385097503,test,pbs_imgs,cnn_attention,
D:\Dineth\focus_binary_benchmark\dataset\pbs_imgs\unfocused\FieldPos344_Cam01_RGB_MB\FieldPos344_Cam01_RGB_MB_page_9.png,0,0.9479160308837892,test,pbs_imgs,cnn_attention,
D:\Dineth\focus_binary_benchmark\dataset\pbs_imgs\unfocused\FieldPos356_Cam01_RGB_MB\FieldPos356_Cam01_RGB_MB_page_1.png,0,0.1251656115055084,test,pbs_imgs,cnn_attention,
D:\Dineth\focus_binary_benchmark\dataset\pbs_imgs\unfocused\FieldPos356_Cam01_RGB_MB\FieldPos356_Cam01_RGB_MB_page_10.png,0,0.0139182461425662,test,pbs_imgs,cnn_attention,
D:\Dineth\focus_binary_benchmark\dataset\pbs_imgs\unfocused\FieldPos356_Cam01_RGB_MB\FieldPos356_Cam01_RGB_MB_page_11.png,0,0.0276358891278505,test,pbs_imgs,cnn_attention,
D:\Dineth\focus_binary_benchmark\dataset\pbs_imgs\unfocused\FieldPos356_Cam01_RGB_MB\FieldPos356_Cam01_RGB_MB_page_12.png,0,0.053511057049036,test,pbs_imgs,cnn_attention,
D:\Dineth\focus_binary_benchmark\dataset\pbs_imgs\unfocused\FieldPos356_Cam01_RGB_MB\FieldPos356_Cam01_RGB_MB_page_13.png,0,0.0842165127396583,test,pbs_imgs,cnn_attention,
D:\Dineth\focus_binary_benchmark\dataset\pbs_imgs\unfocused\FieldPos356_Cam01_RGB_MB\FieldPos356_Cam01_RGB_MB_page_14.png,0,0.0750902891159057,test,pbs_imgs,cnn_attention,
D:\Dineth\focus_binary_benchmark\dataset\pbs_imgs\unfocused\FieldPos356_Cam01_RGB_MB\FieldPos356_Cam01_RGB_MB_page_15.png,0,0.0824790373444557,test,pbs_imgs,cnn_attention,
D:\Dineth\focus_binary_benchmark\dataset\pbs_imgs\unfocused\FieldPos356_Cam01_RGB_MB\FieldPos356_Cam01_RGB_MB_page_2.png,0,0.6832705736160278,test,pbs_imgs,cnn_attention,
D:\Dineth\focus_binary_benchmark\dataset\pbs_imgs\unfocused\FieldPos356_Cam01_RGB_MB\FieldPos356_Cam01_RGB_MB_page_6.png,0,0.1119873970746994,test,pbs_imgs,cnn_attention,
D:\Dineth\focus_binary_benchmark\dataset\pbs_imgs\unfocused\FieldPos356_Cam01_RGB_MB\FieldPos356_Cam01_RGB_MB_page_7.png,0,0.007540582679212,test,pbs_imgs,cnn_attention,
D:\Dineth\focus_binary_benchmark\dataset\pbs_imgs\unfocused\FieldPos356_Cam01_RGB_MB\FieldPos356_Cam01_RGB_MB_page_8.png,0,0.0049727857112884,test,pbs_imgs,cnn_attention,
D:\Dineth\focus_binary_benchmark\dataset\pbs_imgs\unfocused\FieldPos356_Cam01_RGB_MB\FieldPos356_Cam01_RGB_MB_page_9.png,0,0.0078626973554492,test,pbs_imgs,cnn_attention,
D:\Dineth\focus_binary_benchmark\dataset\pbs_imgs\unfocused\FieldPos357_Cam01_RGB_MB\FieldPos357_Cam01_RGB_MB_page_1.png,0,0.2788868844509125,test,pbs_imgs,cnn_attention,
D:\Dineth\focus_binary_benchmark\dataset\pbs_imgs\unfocused\FieldPos357_Cam01_RGB_MB\FieldPos357_Cam01_RGB_MB_page_10.png,0,0.0263172555714845,test,pbs_imgs,cnn_attention,
D:\Dineth\focus_binary_benchmark\dataset\pbs_imgs\unfocused\FieldPos357_Cam01_RGB_MB\FieldPos357_Cam01_RGB_MB_page_11.png,0,0.0681323781609535,test,pbs_imgs,cnn_attention,
D:\Dineth\focus_binary_benchmark\dataset\pbs_imgs\unfocused\FieldPos357_Cam01_RGB_MB\FieldPos357_Cam01_RGB_MB_page_12.png,0,0.1402566879987716,test,pbs_imgs,cnn_attention,
D:\Dineth\focus_binary_benchmark\dataset\pbs_imgs\unfocused\FieldPos357_Cam01_RGB_MB\FieldPos357_Cam01_RGB_MB_page_13.png,0,0.1856597512960434,test,pbs_imgs,cnn_attention,
D:\Dineth\focus_binary_benchmark\dataset\pbs_imgs\unfocused\FieldPos357_Cam01_RGB_MB\FieldPos357_Cam01_RGB_MB_page_14.png,0,0.2159707099199295,test,pbs_imgs,cnn_attention,
D:\Dineth\focus_binary_benchmark\dataset\pbs_imgs\unfocused\FieldPos357_Cam01_RGB_MB\FieldPos357_Cam01_RGB_MB_page_15.png,0,0.2234552055597305,test,pbs_imgs,cnn_attention,
D:\Dineth\focus_binary_benchmark\dataset\pbs_imgs\unfocused\FieldPos357_Cam01_RGB_MB\FieldPos357_Cam01_RGB_MB_page_2.png,0,0.642868161201477,test,pbs_imgs,cnn_attention,
D:\Dineth\focus_binary_benchmark\dataset\pbs_imgs\unfocused\FieldPos357_Cam01_RGB_MB\FieldPos357_Cam01_RGB_MB_page_6.png,0,0.3972683250904083,test,pbs_imgs,cnn_attention,
D:\Dineth\focus_binary_benchmark\dataset\pbs_imgs\unfocused\FieldPos357_Cam01_RGB_MB\FieldPos357_Cam01_RGB_MB_page_7.png,0,0.0399902388453483,test,pbs_imgs,cnn_attention,
D:\Dineth\focus_binary_benchmark\dataset\pbs_imgs\unfocused\FieldPos357_Cam01_RGB_MB\FieldPos357_Cam01_RGB_MB_page_8.png,0,0.0114250602200627,test,pbs_imgs,cnn_attention,
D:\Dineth\focus_binary_benchmark\dataset\pbs_imgs\unfocused\FieldPos357_Cam01_RGB_MB\FieldPos357_Cam01_RGB_MB_page_9.png,0,0.0143112987279891,test,pbs_imgs,cnn_attention,
D:\Dineth\focus_binary_benchmark\dataset\pbs_imgs\unfocused\FieldPos430_Cam01_RGB_MB\FieldPos430_Cam01_RGB_MB_page_1.png,0,0.0194393396377563,test,pbs_imgs,cnn_attention,
D:\Dineth\focus_binary_benchmark\dataset\pbs_imgs\unfocused\FieldPos430_Cam01_RGB_MB\FieldPos430_Cam01_RGB_MB_page_10.png,0,0.0147626409307122,test,pbs_imgs,cnn_attention,
D:\Dineth\focus_binary_benchmark\dataset\pbs_imgs\unfocused\FieldPos430_Cam01_RGB_MB\FieldPos430_Cam01_RGB_MB_page_11.png,0,0.0061775017529726,test,pbs_imgs,cnn_attention,
D:\Dineth\focus_binary_benchmark\dataset\pbs_imgs\unfocused\FieldPos430_Cam01_RGB_MB\FieldPos430_Cam01_RGB_MB_page_12.png,0,0.0097275851294398,test,pbs_imgs,cnn_attention,
D:\Dineth\focus_binary_benchmark\dataset\pbs_imgs\unfocused\FieldPos430_Cam01_RGB_MB\FieldPos430_Cam01_RGB_MB_page_13.png,0,0.0208262633532285,test,pbs_imgs,cnn_attention,
D:\Dineth\focus_binary_benchmark\dataset\pbs_imgs\unfocused\FieldPos430_Cam01_RGB_MB\FieldPos430_Cam01_RGB_MB_page_14.png,0,0.0480010621249675,test,pbs_imgs,cnn_attention,
D:\Dineth\focus_binary_benchmark\dataset\pbs_imgs\unfocused\FieldPos430_Cam01_RGB_MB\FieldPos430_Cam01_RGB_MB_page_15.png,0,0.0977499112486839,test,pbs_imgs,cnn_attention,
D:\Dineth\focus_binary_benchmark\dataset\pbs_imgs\unfocused\FieldPos430_Cam01_RGB_MB\FieldPos430_Cam01_RGB_MB_page_2.png,0,0.0127533739432692,test,pbs_imgs,cnn_attention,
D:\Dineth\focus_binary_benchmark\dataset\pbs_imgs\unfocused\FieldPos430_Cam01_RGB_MB\FieldPos430_Cam01_RGB_MB_page_3.png,0,0.0105962539091706,test,pbs_imgs,cnn_attention,
D:\Dineth\focus_binary_benchmark\dataset\pbs_imgs\unfocused\FieldPos430_Cam01_RGB_MB\FieldPos430_Cam01_RGB_MB_page_4.png,0,0.0114439725875854,test,pbs_imgs,cnn_attention,
D:\Dineth\focus_binary_benchmark\dataset\pbs_imgs\unfocused\FieldPos430_Cam01_RGB_MB\FieldPos430_Cam01_RGB_MB_page_5.png,0,0.0404396876692771,test,pbs_imgs,cnn_attention,
D:\Dineth\focus_binary_benchmark\dataset\pbs_imgs\unfocused\FieldPos430_Cam01_RGB_MB\FieldPos430_Cam01_RGB_MB_page_6.png,0,0.2773691117763519,test,pbs_imgs,cnn_attention,
D:\Dineth\focus_binary_benchmark\dataset\pbs_imgs\unfocused\FieldPos434_Cam01_RGB_MB\FieldPos434_Cam01_RGB_MB_page_1.png,0,0.0242412611842155,test,pbs_imgs,cnn_attention,
D:\Dineth\focus_binary_benchmark\dataset\pbs_imgs\unfocused\FieldPos434_Cam01_RGB_MB\FieldPos434_Cam01_RGB_MB_page_10.png,0,0.0142735997214913,test,pbs_imgs,cnn_attention,
D:\Dineth\focus_binary_benchmark\dataset\pbs_imgs\unfocused\FieldPos434_Cam01_RGB_MB\FieldPos434_Cam01_RGB_MB_page_11.png,0,0.0185662880539894,test,pbs_imgs,cnn_attention,
D:\Dineth\focus_binary_benchmark\dataset\pbs_imgs\unfocused\FieldPos434_Cam01_RGB_MB\FieldPos434_Cam01_RGB_MB_page_12.png,0,0.0339918993413448,test,pbs_imgs,cnn_attention,
D:\Dineth\focus_binary_benchmark\dataset\pbs_imgs\unfocused\FieldPos434_Cam01_RGB_MB\FieldPos434_Cam01_RGB_MB_page_13.png,0,0.0693153664469719,test,pbs_imgs,cnn_attention,
D:\Dineth\focus_binary_benchmark\dataset\pbs_imgs\unfocused\FieldPos434_Cam01_RGB_MB\FieldPos434_Cam01_RGB_MB_page_14.png,0,0.1019203662872314,test,pbs_imgs,cnn_attention,
D:\Dineth\focus_binary_benchmark\dataset\pbs_imgs\unfocused\FieldPos434_Cam01_RGB_MB\FieldPos434_Cam01_RGB_MB_page_15.png,0,0.1254755705595016,test,pbs_imgs,cnn_attention,
D:\Dineth\focus_binary_benchmark\dataset\pbs_imgs\unfocused\FieldPos434_Cam01_RGB_MB\FieldPos434_Cam01_RGB_MB_page_2.png,0,0.0181318875402212,test,pbs_imgs,cnn_attention,
D:\Dineth\focus_binary_benchmark\dataset\pbs_imgs\unfocused\FieldPos434_Cam01_RGB_MB\FieldPos434_Cam01_RGB_MB_page_3.png,0,0.0152020081877708,test,pbs_imgs,cnn_attention,
D:\Dineth\focus_binary_benchmark\dataset\pbs_imgs\unfocused\FieldPos434_Cam01_RGB_MB\FieldPos434_Cam01_RGB_MB_page_4.png,0,0.0315527766942977,test,pbs_imgs,cnn_attention,
D:\Dineth\focus_binary_benchmark\dataset\pbs_imgs\unfocused\FieldPos434_Cam01_RGB_MB\FieldPos434_Cam01_RGB_MB_page_5.png,0,0.3630406260490417,test,pbs_imgs,cnn_attention,
D:\Dineth\focus_binary_benchmark\dataset\pbs_imgs\unfocused\FieldPos434_Cam01_RGB_MB\FieldPos434_Cam01_RGB_MB_page_9.png,0,0.0299027673900127,test,pbs_imgs,cnn_attention,
D:\Dineth\focus_binary_benchmark\dataset\pbs_imgs\unfocused\FieldPos469_Cam01_RGB_MB\FieldPos469_Cam01_RGB_MB_page_1.png,0,0.2075815498828888,test,pbs_imgs,cnn_attention,
D:\Dineth\focus_binary_benchmark\dataset\pbs_imgs\unfocused\FieldPos469_Cam01_RGB_MB\FieldPos469_Cam01_RGB_MB_page_13.png,0,0.7052720189094543,test,pbs_imgs,cnn_attention,
D:\Dineth\focus_binary_benchmark\dataset\pbs_imgs\unfocused\FieldPos469_Cam01_RGB_MB\FieldPos469_Cam01_RGB_MB_page_14.png,0,0.4151947498321533,test,pbs_imgs,cnn_attention,
D:\Dineth\focus_binary_benchmark\dataset\pbs_imgs\unfocused\FieldPos469_Cam01_RGB_MB\FieldPos469_Cam01_RGB_MB_page_15.png,0,0.3360440135002136,test,pbs_imgs,cnn_attention,
D:\Dineth\focus_binary_benchmark\dataset\pbs_imgs\unfocused\FieldPos469_Cam01_RGB_MB\FieldPos469_Cam01_RGB_MB_page_2.png,0,0.2023109793663025,test,pbs_imgs,cnn_attention,
D:\Dineth\focus_binary_benchmark\dataset\pbs_imgs\unfocused\FieldPos469_Cam01_RGB_MB\FieldPos469_Cam01_RGB_MB_page_3.png,0,0.223704382777214,test,pbs_imgs,cnn_attention,
D:\Dineth\focus_binary_benchmark\dataset\pbs_imgs\unfocused\FieldPos469_Cam01_RGB_MB\FieldPos469_Cam01_RGB_MB_page_4.png,0,0.2347306162118911,test,pbs_imgs,cnn_attention,
D:\Dineth\focus_binary_benchmark\dataset\pbs_imgs\unfocused\FieldPos469_Cam01_RGB_MB\FieldPos469_Cam01_RGB_MB_page_5.png,0,0.2743847668170929,test,pbs_imgs,cnn_attention,
D:\Dineth\focus_binary_benchmark\dataset\pbs_imgs\unfocused\FieldPos469_Cam01_RGB_MB\FieldPos469_Cam01_RGB_MB_page_6.png,0,0.302929550409317,test,pbs_imgs,cnn_attention,
D:\Dineth\focus_binary_benchmark\dataset\pbs_imgs\unfocused\FieldPos469_Cam01_RGB_MB\FieldPos469_Cam01_RGB_MB_page_7.png,0,0.3516624569892883,test,pbs_imgs,cnn_attention,
D:\Dineth\focus_binary_benchmark\dataset\pbs_imgs\unfocused\FieldPos469_Cam01_RGB_MB\FieldPos469_Cam01_RGB_MB_page_8.png,0,0.4416942596435547,test,pbs_imgs,cnn_attention,
D:\Dineth\focus_binary_benchmark\dataset\pbs_imgs\unfocused\FieldPos469_Cam01_RGB_MB\FieldPos469_Cam01_RGB_MB_page_9.png,0,0.6574711799621582,test,pbs_imgs,cnn_attention,
D:\Dineth\focus_binary_benchmark\dataset\tbf_imgs\focused\FieldPos000 (4)\FieldPos000 (4)_page_7.png,1,0.9996401071548462,test,tbf_imgs,cnn_attention,
D:\Dineth\focus_binary_benchmark\dataset\tbf_imgs\focused\FieldPos002 (2)\FieldPos002 (2)_page_7.png,1,0.9996089935302734,test,tbf_imgs,cnn_attention,
D:\Dineth\focus_binary_benchmark\dataset\tbf_imgs\focused\FieldPos002 (3)\FieldPos002 (3)_page_8.png,1,0.9998989701271056,test,tbf_imgs,cnn_attention,
D:\Dineth\focus_binary_benchmark\dataset\tbf_imgs\focused\FieldPos003 (4)\FieldPos003 (4)_page_7.png,1,0.9992058873176576,test,tbf_imgs,cnn_attention,
D:\Dineth\focus_binary_benchmark\dataset\tbf_imgs\focused\FieldPos004 (3)\FieldPos004 (3)_page_7.png,1,0.9996178150177002,test,tbf_imgs,cnn_attention,
D:\Dineth\focus_binary_benchmark\dataset\tbf_imgs\focused\FieldPos007 (3)\FieldPos007 (3)_page_6.png,1,0.978911519050598,test,tbf_imgs,cnn_attention,
D:\Dineth\focus_binary_benchmark\dataset\tbf_imgs\focused\FieldPos008\FieldPos008_page_7.png,1,0.9875574111938475,test,tbf_imgs,cnn_attention,
D:\Dineth\focus_binary_benchmark\dataset\tbf_imgs\focused\FieldPos010\FieldPos010_page_7.png,1,0.9208502173423768,test,tbf_imgs,cnn_attention,
D:\Dineth\focus_binary_benchmark\dataset\tbf_imgs\focused\FieldPos018 (2)\FieldPos018 (2)_page_6.png,1,0.950837016105652,test,tbf_imgs,cnn_attention,
D:\Dineth\focus_binary_benchmark\dataset\tbf_imgs\focused\FieldPos019 (2)\FieldPos019 (2)_page_6.png,1,0.950963020324707,test,tbf_imgs,cnn_attention,
D:\Dineth\focus_binary_benchmark\dataset\tbf_imgs\focused\FieldPos023\FieldPos023_page_6.png,1,0.9399590492248536,test,tbf_imgs,cnn_attention,
D:\Dineth\focus_binary_benchmark\dataset\tbf_imgs\focused\FieldPos029\FieldPos029_page_8.png,1,0.9527960419654846,test,tbf_imgs,cnn_attention,
D:\Dineth\focus_binary_benchmark\dataset\tbf_imgs\focused\FieldPos033 (2)\FieldPos033 (2)_page_8.png,1,0.9834977388381958,test,tbf_imgs,cnn_attention,
D:\Dineth\focus_binary_benchmark\dataset\tbf_imgs\focused\FieldPos036\FieldPos036_page_8.png,1,0.9776721000671388,test,tbf_imgs,cnn_attention,
D:\Dineth\focus_binary_benchmark\dataset\tbf_imgs\focused\FieldPos038\FieldPos038_page_7.png,1,0.963168740272522,test,tbf_imgs,cnn_attention,
D:\Dineth\focus_binary_benchmark\dataset\tbf_imgs\focused\FieldPos040\FieldPos040_page_7.png,1,0.9495850801467896,test,tbf_imgs,cnn_attention,
D:\Dineth\focus_binary_benchmark\dataset\tbf_imgs\focused\FieldPos044\FieldPos044_page_8.png,1,0.9447634220123292,test,tbf_imgs,cnn_attention,
D:\Dineth\focus_binary_benchmark\dataset\tbf_imgs\focused\FieldPos053\FieldPos053_page_7.png,1,0.959129273891449,test,tbf_imgs,cnn_attention,
D:\Dineth\focus_binary_benchmark\dataset\tbf_imgs\focused\FieldPos059\FieldPos059_page_6.png,1,0.9971832036972046,test,tbf_imgs,cnn_attention,
D:\Dineth\focus_binary_benchmark\dataset\tbf_imgs\focused\FieldPos066\FieldPos066_page_6.png,1,0.94170743227005,test,tbf_imgs,cnn_attention,
D:\Dineth\focus_binary_benchmark\dataset\tbf_imgs\focused\FieldPos069\FieldPos069_page_5.png,1,0.9539992213249208,test,tbf_imgs,cnn_attention,
D:\Dineth\focus_binary_benchmark\dataset\tbf_imgs\focused\FieldPos074\FieldPos074_page_6.png,1,0.9231686592102052,test,tbf_imgs,cnn_attention,
D:\Dineth\focus_binary_benchmark\dataset\tbf_imgs\focused\FieldPos082\FieldPos082_page_6.png,1,0.4177584052085876,test,tbf_imgs,cnn_attention,
D:\Dineth\focus_binary_benchmark\dataset\tbf_imgs\focused\FieldPos103\FieldPos103_page_8.png,1,0.9688339233398438,test,tbf_imgs,cnn_attention,
D:\Dineth\focus_binary_benchmark\dataset\tbf_imgs\focused\FieldPos104\FieldPos104_page_7.png,1,0.9668554067611694,test,tbf_imgs,cnn_attention,
D:\Dineth\focus_binary_benchmark\dataset\tbf_imgs\focused\FieldPos107\FieldPos107_page_5.png,1,0.986213743686676,test,tbf_imgs,cnn_attention,
D:\Dineth\focus_binary_benchmark\dataset\tbf_imgs\focused\FieldPos200\FieldPos200_page_7.png,1,0.95654296875,test,tbf_imgs,cnn_attention,
D:\Dineth\focus_binary_benchmark\dataset\tbf_imgs\focused\FieldPos203\FieldPos203_page_7.png,1,0.9744980931282043,test,tbf_imgs,cnn_attention,
D:\Dineth\focus_binary_benchmark\dataset\tbf_imgs\unfocused\FieldPos000 (4)\FieldPos000 (4)_page_1.png,0,0.0302971247583627,test,tbf_imgs,cnn_attention,
D:\Dineth\focus_binary_benchmark\dataset\tbf_imgs\unfocused\FieldPos000 (4)\FieldPos000 (4)_page_10.png,0,0.0372836366295814,test,tbf_imgs,cnn_attention,
D:\Dineth\focus_binary_benchmark\dataset\tbf_imgs\unfocused\FieldPos000 (4)\FieldPos000 (4)_page_11.png,0,0.0270928386598825,test,tbf_imgs,cnn_attention,
D:\Dineth\focus_binary_benchmark\dataset\tbf_imgs\unfocused\FieldPos000 (4)\FieldPos000 (4)_page_12.png,0,0.0270277149975299,test,tbf_imgs,cnn_attention,
D:\Dineth\focus_binary_benchmark\dataset\tbf_imgs\unfocused\FieldPos000 (4)\FieldPos000 (4)_page_13.png,0,0.0258567612618207,test,tbf_imgs,cnn_attention,
D:\Dineth\focus_binary_benchmark\dataset\tbf_imgs\unfocused\FieldPos000 (4)\FieldPos000 (4)_page_14.png,0,0.0267964452505111,test,tbf_imgs,cnn_attention,
D:\Dineth\focus_binary_benchmark\dataset\tbf_imgs\unfocused\FieldPos000 (4)\FieldPos000 (4)_page_2.png,0,0.0386964529752731,test,tbf_imgs,cnn_attention,
D:\Dineth\focus_binary_benchmark\dataset\tbf_imgs\unfocused\FieldPos000 (4)\FieldPos000 (4)_page_3.png,0,0.0596351884305477,test,tbf_imgs,cnn_attention,
D:\Dineth\focus_binary_benchmark\dataset\tbf_imgs\unfocused\FieldPos000 (4)\FieldPos000 (4)_page_4.png,0,0.3155200183391571,test,tbf_imgs,cnn_attention,
D:\Dineth\focus_binary_benchmark\dataset\tbf_imgs\unfocused\FieldPos000 (4)\FieldPos000 (4)_page_5.png,0,0.9270431995391846,test,tbf_imgs,cnn_attention,
D:\Dineth\focus_binary_benchmark\dataset\tbf_imgs\unfocused\FieldPos000 (4)\FieldPos000 (4)_page_9.png,0,0.1692607849836349,test,tbf_imgs,cnn_attention,
D:\Dineth\focus_binary_benchmark\dataset\tbf_imgs\unfocused\FieldPos002 (2)\FieldPos002 (2)_page_1.png,0,0.0115152895450592,test,tbf_imgs,cnn_attention,
D:\Dineth\focus_binary_benchmark\dataset\tbf_imgs\unfocused\FieldPos002 (2)\FieldPos002 (2)_page_10.png,0,0.0196698699146509,test,tbf_imgs,cnn_attention,
D:\Dineth\focus_binary_benchmark\dataset\tbf_imgs\unfocused\FieldPos002 (2)\FieldPos002 (2)_page_11.png,0,0.0118586905300617,test,tbf_imgs,cnn_attention,
D:\Dineth\focus_binary_benchmark\dataset\tbf_imgs\unfocused\FieldPos002 (2)\FieldPos002 (2)_page_12.png,0,0.0106260199099779,test,tbf_imgs,cnn_attention,
D:\Dineth\focus_binary_benchmark\dataset\tbf_imgs\unfocused\FieldPos002 (2)\FieldPos002 (2)_page_13.png,0,0.0104853603988885,test,tbf_imgs,cnn_attention,
D:\Dineth\focus_binary_benchmark\dataset\tbf_imgs\unfocused\FieldPos002 (2)\FieldPos002 (2)_page_14.png,0,0.0097670760005712,test,tbf_imgs,cnn_attention,
D:\Dineth\focus_binary_benchmark\dataset\tbf_imgs\unfocused\FieldPos002 (2)\FieldPos002 (2)_page_2.png,0,0.013543227687478,test,tbf_imgs,cnn_attention,
D:\Dineth\focus_binary_benchmark\dataset\tbf_imgs\unfocused\FieldPos002 (2)\FieldPos002 (2)_page_3.png,0,0.0319434069097042,test,tbf_imgs,cnn_attention,
D:\Dineth\focus_binary_benchmark\dataset\tbf_imgs\unfocused\FieldPos002 (2)\FieldPos002 (2)_page_4.png,0,0.3254602253437042,test,tbf_imgs,cnn_attention,
D:\Dineth\focus_binary_benchmark\dataset\tbf_imgs\unfocused\FieldPos002 (2)\FieldPos002 (2)_page_5.png,0,0.966418981552124,test,tbf_imgs,cnn_attention,
D:\Dineth\focus_binary_benchmark\dataset\tbf_imgs\unfocused\FieldPos002 (2)\FieldPos002 (2)_page_9.png,0,0.0832681953907013,test,tbf_imgs,cnn_attention,
D:\Dineth\focus_binary_benchmark\dataset\tbf_imgs\unfocused\FieldPos002 (3)\FieldPos002 (3)_page_1.png,0,0.016006451100111,test,tbf_imgs,cnn_attention,
D:\Dineth\focus_binary_benchmark\dataset\tbf_imgs\unfocused\FieldPos002 (3)\FieldPos002 (3)_page_10.png,0,0.4267654716968536,test,tbf_imgs,cnn_attention,
D:\Dineth\focus_binary_benchmark\dataset\tbf_imgs\unfocused\FieldPos002 (3)\FieldPos002 (3)_page_11.png,0,0.0295417495071887,test,tbf_imgs,cnn_attention,
D:\Dineth\focus_binary_benchmark\dataset\tbf_imgs\unfocused\FieldPos002 (3)\FieldPos002 (3)_page_12.png,0,0.0192310567945241,test,tbf_imgs,cnn_attention,
D:\Dineth\focus_binary_benchmark\dataset\tbf_imgs\unfocused\FieldPos002 (3)\FieldPos002 (3)_page_13.png,0,0.016865624114871,test,tbf_imgs,cnn_attention,
D:\Dineth\focus_binary_benchmark\dataset\tbf_imgs\unfocused\FieldPos002 (3)\FieldPos002 (3)_page_14.png,0,0.0142944250255823,test,tbf_imgs,cnn_attention,
D:\Dineth\focus_binary_benchmark\dataset\tbf_imgs\unfocused\FieldPos002 (3)\FieldPos002 (3)_page_2.png,0,0.0156156448647379,test,tbf_imgs,cnn_attention,
D:\Dineth\focus_binary_benchmark\dataset\tbf_imgs\unfocused\FieldPos002 (3)\FieldPos002 (3)_page_3.png,0,0.0191567260771989,test,tbf_imgs,cnn_attention,
D:\Dineth\focus_binary_benchmark\dataset\tbf_imgs\unfocused\FieldPos002 (3)\FieldPos002 (3)_page_4.png,0,0.0284934360533952,test,tbf_imgs,cnn_attention,
D:\Dineth\focus_binary_benchmark\dataset\tbf_imgs\unfocused\FieldPos002 (3)\FieldPos002 (3)_page_5.png,0,0.1611909866333007,test,tbf_imgs,cnn_attention,
D:\Dineth\focus_binary_benchmark\dataset\tbf_imgs\unfocused\FieldPos002 (3)\FieldPos002 (3)_page_6.png,0,0.9802259206771852,test,tbf_imgs,cnn_attention,
D:\Dineth\focus_binary_benchmark\dataset\tbf_imgs\unfocused\FieldPos003 (4)\FieldPos003 (4)_page_1.png,0,0.021650331094861,test,tbf_imgs,cnn_attention,
D:\Dineth\focus_binary_benchmark\dataset\tbf_imgs\unfocused\FieldPos003 (4)\FieldPos003 (4)_page_10.png,0,0.0669625103473663,test,tbf_imgs,cnn_attention,
D:\Dineth\focus_binary_benchmark\dataset\tbf_imgs\unfocused\FieldPos003 (4)\FieldPos003 (4)_page_11.png,0,0.0277915298938751,test,tbf_imgs,cnn_attention,
D:\Dineth\focus_binary_benchmark\dataset\tbf_imgs\unfocused\FieldPos003 (4)\FieldPos003 (4)_page_12.png,0,0.0231810808181762,test,tbf_imgs,cnn_attention,
D:\Dineth\focus_binary_benchmark\dataset\tbf_imgs\unfocused\FieldPos003 (4)\FieldPos003 (4)_page_13.png,0,0.0221529770642519,test,tbf_imgs,cnn_attention,
D:\Dineth\focus_binary_benchmark\dataset\tbf_imgs\unfocused\FieldPos003 (4)\FieldPos003 (4)_page_14.png,0,0.0199454315006732,test,tbf_imgs,cnn_attention,
D:\Dineth\focus_binary_benchmark\dataset\tbf_imgs\unfocused\FieldPos003 (4)\FieldPos003 (4)_page_2.png,0,0.0248015541583299,test,tbf_imgs,cnn_attention,
D:\Dineth\focus_binary_benchmark\dataset\tbf_imgs\unfocused\FieldPos003 (4)\FieldPos003 (4)_page_3.png,0,0.0315995961427688,test,tbf_imgs,cnn_attention,
D:\Dineth\focus_binary_benchmark\dataset\tbf_imgs\unfocused\FieldPos003 (4)\FieldPos003 (4)_page_4.png,0,0.090169109404087,test,tbf_imgs,cnn_attention,
D:\Dineth\focus_binary_benchmark\dataset\tbf_imgs\unfocused\FieldPos003 (4)\FieldPos003 (4)_page_5.png,0,0.6453191041946411,test,tbf_imgs,cnn_attention,
D:\Dineth\focus_binary_benchmark\dataset\tbf_imgs\unfocused\FieldPos003 (4)\FieldPos003 (4)_page_9.png,0,0.8716151714324951,test,tbf_imgs,cnn_attention,
D:\Dineth\focus_binary_benchmark\dataset\tbf_imgs\unfocused\FieldPos004 (3)\FieldPos004 (3)_page_1.png,0,0.0197142250835895,test,tbf_imgs,cnn_attention,
D:\Dineth\focus_binary_benchmark\dataset\tbf_imgs\unfocused\FieldPos004 (3)\FieldPos004 (3)_page_10.png,0,0.0591790340840816,test,tbf_imgs,cnn_attention,
D:\Dineth\focus_binary_benchmark\dataset\tbf_imgs\unfocused\FieldPos004 (3)\FieldPos004 (3)_page_11.png,0,0.0249566249549388,test,tbf_imgs,cnn_attention,
D:\Dineth\focus_binary_benchmark\dataset\tbf_imgs\unfocused\FieldPos004 (3)\FieldPos004 (3)_page_12.png,0,0.0203193537890911,test,tbf_imgs,cnn_attention,
D:\Dineth\focus_binary_benchmark\dataset\tbf_imgs\unfocused\FieldPos004 (3)\FieldPos004 (3)_page_13.png,0,0.0191292539238929,test,tbf_imgs,cnn_attention,
D:\Dineth\focus_binary_benchmark\dataset\tbf_imgs\unfocused\FieldPos004 (3)\FieldPos004 (3)_page_14.png,0,0.0177860353142023,test,tbf_imgs,cnn_attention,
D:\Dineth\focus_binary_benchmark\dataset\tbf_imgs\unfocused\FieldPos004 (3)\FieldPos004 (3)_page_2.png,0,0.0191746801137924,test,tbf_imgs,cnn_attention,
D:\Dineth\focus_binary_benchmark\dataset\tbf_imgs\unfocused\FieldPos004 (3)\FieldPos004 (3)_page_3.png,0,0.0221069809049367,test,tbf_imgs,cnn_attention,
D:\Dineth\focus_binary_benchmark\dataset\tbf_imgs\unfocused\FieldPos004 (3)\FieldPos004 (3)_page_4.png,0,0.0408853664994239,test,tbf_imgs,cnn_attention,
D:\Dineth\focus_binary_benchmark\dataset\tbf_imgs\unfocused\FieldPos004 (3)\FieldPos004 (3)_page_5.png,0,0.2956565916538238,test,tbf_imgs,cnn_attention,
D:\Dineth\focus_binary_benchmark\dataset\tbf_imgs\unfocused\FieldPos004 (3)\FieldPos004 (3)_page_9.png,0,0.8769745230674744,test,tbf_imgs,cnn_attention,
D:\Dineth\focus_binary_benchmark\dataset\tbf_imgs\unfocused\FieldPos007 (3)\FieldPos007 (3)_page_1.png,0,0.0118666561320424,test,tbf_imgs,cnn_attention,
D:\Dineth\focus_binary_benchmark\dataset\tbf_imgs\unfocused\FieldPos007 (3)\FieldPos007 (3)_page_10.png,0,0.0148569960147142,test,tbf_imgs,cnn_attention,
D:\Dineth\focus_binary_benchmark\dataset\tbf_imgs\unfocused\FieldPos007 (3)\FieldPos007 (3)_page_11.png,0,0.0127138514071702,test,tbf_imgs,cnn_attention,
D:\Dineth\focus_binary_benchmark\dataset\tbf_imgs\unfocused\FieldPos007 (3)\FieldPos007 (3)_page_12.png,0,0.0125399408861994,test,tbf_imgs,cnn_attention,
D:\Dineth\focus_binary_benchmark\dataset\tbf_imgs\unfocused\FieldPos007 (3)\FieldPos007 (3)_page_13.png,0,0.0131521541625261,test,tbf_imgs,cnn_attention,
D:\Dineth\focus_binary_benchmark\dataset\tbf_imgs\unfocused\FieldPos007 (3)\FieldPos007 (3)_page_14.png,0,0.0118383076041936,test,tbf_imgs,cnn_attention,
D:\Dineth\focus_binary_benchmark\dataset\tbf_imgs\unfocused\FieldPos007 (3)\FieldPos007 (3)_page_2.png,0,0.0127836372703313,test,tbf_imgs,cnn_attention,
D:\Dineth\focus_binary_benchmark\dataset\tbf_imgs\unfocused\FieldPos007 (3)\FieldPos007 (3)_page_3.png,0,0.0209349803626537,test,tbf_imgs,cnn_attention,
D:\Dineth\focus_binary_benchmark\dataset\tbf_imgs\unfocused\FieldPos007 (3)\FieldPos007 (3)_page_4.png,0,0.0710236057639122,test,tbf_imgs,cnn_attention,
D:\Dineth\focus_binary_benchmark\dataset\tbf_imgs\unfocused\FieldPos007 (3)\FieldPos007 (3)_page_8.png,0,0.1856407076120376,test,tbf_imgs,cnn_attention,
D:\Dineth\focus_binary_benchmark\dataset\tbf_imgs\unfocused\FieldPos007 (3)\FieldPos007 (3)_page_9.png,0,0.0209306590259075,test,tbf_imgs,cnn_attention,
D:\Dineth\focus_binary_benchmark\dataset\tbf_imgs\unfocused\FieldPos008\FieldPos008_page_1.png,0,0.0009267092682421,test,tbf_imgs,cnn_attention,
D:\Dineth\focus_binary_benchmark\dataset\tbf_imgs\unfocused\FieldPos008\FieldPos008_page_10.png,0,0.0022374663967639,test,tbf_imgs,cnn_attention,
D:\Dineth\focus_binary_benchmark\dataset\tbf_imgs\unfocused\FieldPos008\FieldPos008_page_11.png,0,0.0010524110402911,test,tbf_imgs,cnn_attention,
D:\Dineth\focus_binary_benchmark\dataset\tbf_imgs\unfocused\FieldPos008\FieldPos008_page_12.png,0,0.0009926609927788,test,tbf_imgs,cnn_attention,
D:\Dineth\focus_binary_benchmark\dataset\tbf_imgs\unfocused\FieldPos008\FieldPos008_page_13.png,0,0.0009533800766803,test,tbf_imgs,cnn_attention,
D:\Dineth\focus_binary_benchmark\dataset\tbf_imgs\unfocused\FieldPos008\FieldPos008_page_14.png,0,0.0009205666719935,test,tbf_imgs,cnn_attention,
D:\Dineth\focus_binary_benchmark\dataset\tbf_imgs\unfocused\FieldPos008\FieldPos008_page_2.png,0,0.0012063281610608,test,tbf_imgs,cnn_attention,
D:\Dineth\focus_binary_benchmark\dataset\tbf_imgs\unfocused\FieldPos008\FieldPos008_page_3.png,0,0.0018404793227091,test,tbf_imgs,cnn_attention,
D:\Dineth\focus_binary_benchmark\dataset\tbf_imgs\unfocused\FieldPos008\FieldPos008_page_4.png,0,0.011710706166923,test,tbf_imgs,cnn_attention,
D:\Dineth\focus_binary_benchmark\dataset\tbf_imgs\unfocused\FieldPos008\FieldPos008_page_5.png,0,0.3717975318431854,test,tbf_imgs,cnn_attention,
D:\Dineth\focus_binary_benchmark\dataset\tbf_imgs\unfocused\FieldPos008\FieldPos008_page_9.png,0,0.0853281468152999,test,tbf_imgs,cnn_attention,
D:\Dineth\focus_binary_benchmark\dataset\tbf_imgs\unfocused\FieldPos010\FieldPos010_page_1.png,0,0.0030461680144071,test,tbf_imgs,cnn_attention,
D:\Dineth\focus_binary_benchmark\dataset\tbf_imgs\unfocused\FieldPos010\FieldPos010_page_10.png,0,0.0044059213250875,test,tbf_imgs,cnn_attention,
D:\Dineth\focus_binary_benchmark\dataset\tbf_imgs\unfocused\FieldPos010\FieldPos010_page_11.png,0,0.003293398534879,test,tbf_imgs,cnn_attention,
D:\Dineth\focus_binary_benchmark\dataset\tbf_imgs\unfocused\FieldPos010\FieldPos010_page_12.png,0,0.0032175835222005,test,tbf_imgs,cnn_attention,
D:\Dineth\focus_binary_benchmark\dataset\tbf_imgs\unfocused\FieldPos010\FieldPos010_page_13.png,0,0.003274458926171,test,tbf_imgs,cnn_attention,
D:\Dineth\focus_binary_benchmark\dataset\tbf_imgs\unfocused\FieldPos010\FieldPos010_page_14.png,0,0.0031577819027006,test,tbf_imgs,cnn_attention,
D:\Dineth\focus_binary_benchmark\dataset\tbf_imgs\unfocused\FieldPos010\FieldPos010_page_2.png,0,0.0033101593144237,test,tbf_imgs,cnn_attention,
D:\Dineth\focus_binary_benchmark\dataset\tbf_imgs\unfocused\FieldPos010\FieldPos010_page_3.png,0,0.0038364925421774,test,tbf_imgs,cnn_attention,
D:\Dineth\focus_binary_benchmark\dataset\tbf_imgs\unfocused\FieldPos010\FieldPos010_page_4.png,0,0.007339859381318,test,tbf_imgs,cnn_attention,
D:\Dineth\focus_binary_benchmark\dataset\tbf_imgs\unfocused\FieldPos010\FieldPos010_page_5.png,0,0.0951115489006042,test,tbf_imgs,cnn_attention,
D:\Dineth\focus_binary_benchmark\dataset\tbf_imgs\unfocused\FieldPos010\FieldPos010_page_9.png,0,0.0141212772578001,test,tbf_imgs,cnn_attention,
D:\Dineth\focus_binary_benchmark\dataset\tbf_imgs\unfocused\FieldPos018 (2)\FieldPos018 (2)_page_1.png,0,0.0057858536019921,test,tbf_imgs,cnn_attention,
D:\Dineth\focus_binary_benchmark\dataset\tbf_imgs\unfocused\FieldPos018 (2)\FieldPos018 (2)_page_10.png,0,0.0066871684975922,test,tbf_imgs,cnn_attention,
D:\Dineth\focus_binary_benchmark\dataset\tbf_imgs\unfocused\FieldPos018 (2)\FieldPos018 (2)_page_11.png,0,0.0064757554791867,test,tbf_imgs,cnn_attention,
D:\Dineth\focus_binary_benchmark\dataset\tbf_imgs\unfocused\FieldPos018 (2)\FieldPos018 (2)_page_12.png,0,0.0059318570420145,test,tbf_imgs,cnn_attention,
D:\Dineth\focus_binary_benchmark\dataset\tbf_imgs\unfocused\FieldPos018 (2)\FieldPos018 (2)_page_13.png,0,0.0058988565579056,test,tbf_imgs,cnn_attention,
D:\Dineth\focus_binary_benchmark\dataset\tbf_imgs\unfocused\FieldPos018 (2)\FieldPos018 (2)_page_14.png,0,0.005899709649384,test,tbf_imgs,cnn_attention,
D:\Dineth\focus_binary_benchmark\dataset\tbf_imgs\unfocused\FieldPos018 (2)\FieldPos018 (2)_page_2.png,0,0.0066501144319772,test,tbf_imgs,cnn_attention,
D:\Dineth\focus_binary_benchmark\dataset\tbf_imgs\unfocused\FieldPos018 (2)\FieldPos018 (2)_page_3.png,0,0.0080259218811988,test,tbf_imgs,cnn_attention,
D:\Dineth\focus_binary_benchmark\dataset\tbf_imgs\unfocused\FieldPos018 (2)\FieldPos018 (2)_page_4.png,0,0.0165004190057516,test,tbf_imgs,cnn_attention,
D:\Dineth\focus_binary_benchmark\dataset\tbf_imgs\unfocused\FieldPos018 (2)\FieldPos018 (2)_page_8.png,0,0.3615440726280212,test,tbf_imgs,cnn_attention,
D:\Dineth\focus_binary_benchmark\dataset\tbf_imgs\unfocused\FieldPos018 (2)\FieldPos018 (2)_page_9.png,0,0.0107806213200092,test,tbf_imgs,cnn_attention,
D:\Dineth\focus_binary_benchmark\dataset\tbf_imgs\unfocused\FieldPos019 (2)\FieldPos019 (2)_page_1.png,0,0.0059990622103214,test,tbf_imgs,cnn_attention,
D:\Dineth\focus_binary_benchmark\dataset\tbf_imgs\unfocused\FieldPos019 (2)\FieldPos019 (2)_page_10.png,0,0.0060149151831865,test,tbf_imgs,cnn_attention,
D:\Dineth\focus_binary_benchmark\dataset\tbf_imgs\unfocused\FieldPos019 (2)\FieldPos019 (2)_page_11.png,0,0.0066089588217437,test,tbf_imgs,cnn_attention,
D:\Dineth\focus_binary_benchmark\dataset\tbf_imgs\unfocused\FieldPos019 (2)\FieldPos019 (2)_page_12.png,0,0.0062966709956526,test,tbf_imgs,cnn_attention,
D:\Dineth\focus_binary_benchmark\dataset\tbf_imgs\unfocused\FieldPos019 (2)\FieldPos019 (2)_page_13.png,0,0.0060899117961525,test,tbf_imgs,cnn_attention,
D:\Dineth\focus_binary_benchmark\dataset\tbf_imgs\unfocused\FieldPos019 (2)\FieldPos019 (2)_page_14.png,0,0.0067667211405932,test,tbf_imgs,cnn_attention,
D:\Dineth\focus_binary_benchmark\dataset\tbf_imgs\unfocused\FieldPos019 (2)\FieldPos019 (2)_page_2.png,0,0.0071589206345379,test,tbf_imgs,cnn_attention,
D:\Dineth\focus_binary_benchmark\dataset\tbf_imgs\unfocused\FieldPos019 (2)\FieldPos019 (2)_page_3.png,0,0.0126064643263816,test,tbf_imgs,cnn_attention,
D:\Dineth\focus_binary_benchmark\dataset\tbf_imgs\unfocused\FieldPos019 (2)\FieldPos019 (2)_page_4.png,0,0.0744906142354011,test,tbf_imgs,cnn_attention,
D:\Dineth\focus_binary_benchmark\dataset\tbf_imgs\unfocused\FieldPos019 (2)\FieldPos019 (2)_page_8.png,0,0.023115774616599,test,tbf_imgs,cnn_attention,
D:\Dineth\focus_binary_benchmark\dataset\tbf_imgs\unfocused\FieldPos019 (2)\FieldPos019 (2)_page_9.png,0,0.0087523227557539,test,tbf_imgs,cnn_attention,
D:\Dineth\focus_binary_benchmark\dataset\tbf_imgs\unfocused\FieldPos023\FieldPos023_page_1.png,0,0.0070361392572522,test,tbf_imgs,cnn_attention,
D:\Dineth\focus_binary_benchmark\dataset\tbf_imgs\unfocused\FieldPos023\FieldPos023_page_10.png,0,0.0071607371792197,test,tbf_imgs,cnn_attention,
D:\Dineth\focus_binary_benchmark\dataset\tbf_imgs\unfocused\FieldPos023\FieldPos023_page_11.png,0,0.0065511367283761,test,tbf_imgs,cnn_attention,
D:\Dineth\focus_binary_benchmark\dataset\tbf_imgs\unfocused\FieldPos023\FieldPos023_page_12.png,0,0.0061000101268291,test,tbf_imgs,cnn_attention,
D:\Dineth\focus_binary_benchmark\dataset\tbf_imgs\unfocused\FieldPos023\FieldPos023_page_13.png,0,0.0061471480876207,test,tbf_imgs,cnn_attention,
D:\Dineth\focus_binary_benchmark\dataset\tbf_imgs\unfocused\FieldPos023\FieldPos023_page_14.png,0,0.006048843730241,test,tbf_imgs,cnn_attention,
D:\Dineth\focus_binary_benchmark\dataset\tbf_imgs\unfocused\FieldPos023\FieldPos023_page_2.png,0,0.0068943439982831,test,tbf_imgs,cnn_attention,
D:\Dineth\focus_binary_benchmark\dataset\tbf_imgs\unfocused\FieldPos023\FieldPos023_page_3.png,0,0.0090390434488654,test,tbf_imgs,cnn_attention,
D:\Dineth\focus_binary_benchmark\dataset\tbf_imgs\unfocused\FieldPos023\FieldPos023_page_4.png,0,0.0254374872893095,test,tbf_imgs,cnn_attention,
D:\Dineth\focus_binary_benchmark\dataset\tbf_imgs\unfocused\FieldPos023\FieldPos023_page_8.png,0,0.0607877299189567,test,tbf_imgs,cnn_attention,
D:\Dineth\focus_binary_benchmark\dataset\tbf_imgs\unfocused\FieldPos023\FieldPos023_page_9.png,0,0.0091514652594923,test,tbf_imgs,cnn_attention,
D:\Dineth\focus_binary_benchmark\dataset\tbf_imgs\unfocused\FieldPos029\FieldPos029_page_1.png,0,0.0057034897617995,test,tbf_imgs,cnn_attention,
D:\Dineth\focus_binary_benchmark\dataset\tbf_imgs\unfocused\FieldPos029\FieldPos029_page_10.png,0,0.0152979772537946,test,tbf_imgs,cnn_attention,
D:\Dineth\focus_binary_benchmark\dataset\tbf_imgs\unfocused\FieldPos029\FieldPos029_page_11.png,0,0.007070570718497,test,tbf_imgs,cnn_attention,
D:\Dineth\focus_binary_benchmark\dataset\tbf_imgs\unfocused\FieldPos029\FieldPos029_page_12.png,0,0.0060707228258252,test,tbf_imgs,cnn_attention,
D:\Dineth\focus_binary_benchmark\dataset\tbf_imgs\unfocused\FieldPos029\FieldPos029_page_13.png,0,0.0059715723618865,test,tbf_imgs,cnn_attention,
D:\Dineth\focus_binary_benchmark\dataset\tbf_imgs\unfocused\FieldPos029\FieldPos029_page_14.png,0,0.0058982949703931,test,tbf_imgs,cnn_attention,
D:\Dineth\focus_binary_benchmark\dataset\tbf_imgs\unfocused\FieldPos029\FieldPos029_page_2.png,0,0.0058831493370234,test,tbf_imgs,cnn_attention,
D:\Dineth\focus_binary_benchmark\dataset\tbf_imgs\unfocused\FieldPos029\FieldPos029_page_3.png,0,0.0062264241278171,test,tbf_imgs,cnn_attention,
D:\Dineth\focus_binary_benchmark\dataset\tbf_imgs\unfocused\FieldPos029\FieldPos029_page_4.png,0,0.0071327155455946,test,tbf_imgs,cnn_attention,
D:\Dineth\focus_binary_benchmark\dataset\tbf_imgs\unfocused\FieldPos029\FieldPos029_page_5.png,0,0.013411353342235,test,tbf_imgs,cnn_attention,
D:\Dineth\focus_binary_benchmark\dataset\tbf_imgs\unfocused\FieldPos029\FieldPos029_page_6.png,0,0.110774241387844,test,tbf_imgs,cnn_attention,
D:\Dineth\focus_binary_benchmark\dataset\tbf_imgs\unfocused\FieldPos033 (2)\FieldPos033 (2)_page_1.png,0,0.0051544471643865,test,tbf_imgs,cnn_attention,
D:\Dineth\focus_binary_benchmark\dataset\tbf_imgs\unfocused\FieldPos033 (2)\FieldPos033 (2)_page_10.png,0,0.0849108099937439,test,tbf_imgs,cnn_attention,
D:\Dineth\focus_binary_benchmark\dataset\tbf_imgs\unfocused\FieldPos033 (2)\FieldPos033 (2)_page_11.png,0,0.0095351235941052,test,tbf_imgs,cnn_attention,
D:\Dineth\focus_binary_benchmark\dataset\tbf_imgs\unfocused\FieldPos033 (2)\FieldPos033 (2)_page_12.png,0,0.0062961815856397,test,tbf_imgs,cnn_attention,
D:\Dineth\focus_binary_benchmark\dataset\tbf_imgs\unfocused\FieldPos033 (2)\FieldPos033 (2)_page_13.png,0,0.005434600636363,test,tbf_imgs,cnn_attention,
D:\Dineth\focus_binary_benchmark\dataset\tbf_imgs\unfocused\FieldPos033 (2)\FieldPos033 (2)_page_14.png,0,0.0053143324330449,test,tbf_imgs,cnn_attention,
D:\Dineth\focus_binary_benchmark\dataset\tbf_imgs\unfocused\FieldPos033 (2)\FieldPos033 (2)_page_2.png,0,0.0055663208477199,test,tbf_imgs,cnn_attention,
D:\Dineth\focus_binary_benchmark\dataset\tbf_imgs\unfocused\FieldPos033 (2)\FieldPos033 (2)_page_3.png,0,0.0059183365665376,test,tbf_imgs,cnn_attention,
D:\Dineth\focus_binary_benchmark\dataset\tbf_imgs\unfocused\FieldPos033 (2)\FieldPos033 (2)_page_4.png,0,0.0071111121214926,test,tbf_imgs,cnn_attention,
D:\Dineth\focus_binary_benchmark\dataset\tbf_imgs\unfocused\FieldPos033 (2)\FieldPos033 (2)_page_5.png,0,0.0146012343466281,test,tbf_imgs,cnn_attention,
D:\Dineth\focus_binary_benchmark\dataset\tbf_imgs\unfocused\FieldPos033 (2)\FieldPos033 (2)_page_6.png,0,0.2702808678150177,test,tbf_imgs,cnn_attention,
D:\Dineth\focus_binary_benchmark\dataset\tbf_imgs\unfocused\FieldPos036\FieldPos036_page_1.png,0,0.0063338354229927,test,tbf_imgs,cnn_attention,
D:\Dineth\focus_binary_benchmark\dataset\tbf_imgs\unfocused\FieldPos036\FieldPos036_page_10.png,0,0.0801998972892761,test,tbf_imgs,cnn_attention,
D:\Dineth\focus_binary_benchmark\dataset\tbf_imgs\unfocused\FieldPos036\FieldPos036_page_11.png,0,0.0103982519358396,test,tbf_imgs,cnn_attention,
D:\Dineth\focus_binary_benchmark\dataset\tbf_imgs\unfocused\FieldPos036\FieldPos036_page_12.png,0,0.0078751109540462,test,tbf_imgs,cnn_attention,
D:\Dineth\focus_binary_benchmark\dataset\tbf_imgs\unfocused\FieldPos036\FieldPos036_page_13.png,0,0.0065581947565078,test,tbf_imgs,cnn_attention,
D:\Dineth\focus_binary_benchmark\dataset\tbf_imgs\unfocused\FieldPos036\FieldPos036_page_14.png,0,0.0066341003403067,test,tbf_imgs,cnn_attention,
D:\Dineth\focus_binary_benchmark\dataset\tbf_imgs\unfocused\FieldPos036\FieldPos036_page_2.png,0,0.0063491412438452,test,tbf_imgs,cnn_attention,
D:\Dineth\focus_binary_benchmark\dataset\tbf_imgs\unfocused\FieldPos036\FieldPos036_page_3.png,0,0.0065294145606458,test,tbf_imgs,cnn_attention,
D:\Dineth\focus_binary_benchmark\dataset\tbf_imgs\unfocused\FieldPos036\FieldPos036_page_4.png,0,0.0075214230455458,test,tbf_imgs,cnn_attention,
D:\Dineth\focus_binary_benchmark\dataset\tbf_imgs\unfocused\FieldPos036\FieldPos036_page_5.png,0,0.0112277306616306,test,tbf_imgs,cnn_attention,
D:\Dineth\focus_binary_benchmark\dataset\tbf_imgs\unfocused\FieldPos036\FieldPos036_page_6.png,0,0.0448738858103752,test,tbf_imgs,cnn_attention,
D:\Dineth\focus_binary_benchmark\dataset\tbf_imgs\unfocused\FieldPos038\FieldPos038_page_1.png,0,0.0058580581098794,test,tbf_imgs,cnn_attention,
D:\Dineth\focus_binary_benchmark\dataset\tbf_imgs\unfocused\FieldPos038\FieldPos038_page_10.png,0,0.0075393980368971,test,tbf_imgs,cnn_attention,
D:\Dineth\focus_binary_benchmark\dataset\tbf_imgs\unfocused\FieldPos038\FieldPos038_page_11.png,0,0.0064028347842395,test,tbf_imgs,cnn_attention,
D:\Dineth\focus_binary_benchmark\dataset\tbf_imgs\unfocused\FieldPos038\FieldPos038_page_12.png,0,0.0053532402962446,test,tbf_imgs,cnn_attention,
D:\Dineth\focus_binary_benchmark\dataset\tbf_imgs\unfocused\FieldPos038\FieldPos038_page_13.png,0,0.0055123390629887,test,tbf_imgs,cnn_attention,
D:\Dineth\focus_binary_benchmark\dataset\tbf_imgs\unfocused\FieldPos038\FieldPos038_page_14.png,0,0.0058956448920071,test,tbf_imgs,cnn_attention,
D:\Dineth\focus_binary_benchmark\dataset\tbf_imgs\unfocused\FieldPos038\FieldPos038_page_2.png,0,0.0059002945199608,test,tbf_imgs,cnn_attention,
D:\Dineth\focus_binary_benchmark\dataset\tbf_imgs\unfocused\FieldPos038\FieldPos038_page_3.png,0,0.0062066833488643,test,tbf_imgs,cnn_attention,
D:\Dineth\focus_binary_benchmark\dataset\tbf_imgs\unfocused\FieldPos038\FieldPos038_page_4.png,0,0.0115658659487962,test,tbf_imgs,cnn_attention,
D:\Dineth\focus_binary_benchmark\dataset\tbf_imgs\unfocused\FieldPos038\FieldPos038_page_5.png,0,0.1248581409454345,test,tbf_imgs,cnn_attention,
D:\Dineth\focus_binary_benchmark\dataset\tbf_imgs\unfocused\FieldPos038\FieldPos038_page_9.png,0,0.0169976372271776,test,tbf_imgs,cnn_attention,
D:\Dineth\focus_binary_benchmark\dataset\tbf_imgs\unfocused\FieldPos040\FieldPos040_page_1.png,0,0.0054342630319297,test,tbf_imgs,cnn_attention,
D:\Dineth\focus_binary_benchmark\dataset\tbf_imgs\unfocused\FieldPos040\FieldPos040_page_10.png,0,0.0058246576227247,test,tbf_imgs,cnn_attention,
D:\Dineth\focus_binary_benchmark\dataset\tbf_imgs\unfocused\FieldPos040\FieldPos040_page_11.png,0,0.0055022034794092,test,tbf_imgs,cnn_attention,
D:\Dineth\focus_binary_benchmark\dataset\tbf_imgs\unfocused\FieldPos040\FieldPos040_page_12.png,0,0.0053416597656905,test,tbf_imgs,cnn_attention,
D:\Dineth\focus_binary_benchmark\dataset\tbf_imgs\unfocused\FieldPos040\FieldPos040_page_13.png,0,0.0054999180138111,test,tbf_imgs,cnn_attention,
D:\Dineth\focus_binary_benchmark\dataset\tbf_imgs\unfocused\FieldPos040\FieldPos040_page_14.png,0,0.0055061341263353,test,tbf_imgs,cnn_attention,
D:\Dineth\focus_binary_benchmark\dataset\tbf_imgs\unfocused\FieldPos040\FieldPos040_page_2.png,0,0.0058750221505761,test,tbf_imgs,cnn_attention,
D:\Dineth\focus_binary_benchmark\dataset\tbf_imgs\unfocused\FieldPos040\FieldPos040_page_3.png,0,0.007310549262911,test,tbf_imgs,cnn_attention,
D:\Dineth\focus_binary_benchmark\dataset\tbf_imgs\unfocused\FieldPos040\FieldPos040_page_4.png,0,0.0152703328058123,test,tbf_imgs,cnn_attention,
D:\Dineth\focus_binary_benchmark\dataset\tbf_imgs\unfocused\FieldPos040\FieldPos040_page_5.png,0,0.2479337602853775,test,tbf_imgs,cnn_attention,
D:\Dineth\focus_binary_benchmark\dataset\tbf_imgs\unfocused\FieldPos040\FieldPos040_page_9.png,0,0.0119372736662626,test,tbf_imgs,cnn_attention,
D:\Dineth\focus_binary_benchmark\dataset\tbf_imgs\unfocused\FieldPos044\FieldPos044_page_1.png,0,0.005301110446453,test,tbf_imgs,cnn_attention,
D:\Dineth\focus_binary_benchmark\dataset\tbf_imgs\unfocused\FieldPos044\FieldPos044_page_10.png,0,0.0159016214311122,test,tbf_imgs,cnn_attention,
D:\Dineth\focus_binary_benchmark\dataset\tbf_imgs\unfocused\FieldPos044\FieldPos044_page_11.png,0,0.0072024064138531,test,tbf_imgs,cnn_attention,
D:\Dineth\focus_binary_benchmark\dataset\tbf_imgs\unfocused\FieldPos044\FieldPos044_page_12.png,0,0.0056333923712372,test,tbf_imgs,cnn_attention,
D:\Dineth\focus_binary_benchmark\dataset\tbf_imgs\unfocused\FieldPos044\FieldPos044_page_13.png,0,0.0055262288078665,test,tbf_imgs,cnn_attention,
D:\Dineth\focus_binary_benchmark\dataset\tbf_imgs\unfocused\FieldPos044\FieldPos044_page_14.png,0,0.0053741866722702,test,tbf_imgs,cnn_attention,
D:\Dineth\focus_binary_benchmark\dataset\tbf_imgs\unfocused\FieldPos044\FieldPos044_page_2.png,0,0.005651035811752,test,tbf_imgs,cnn_attention,
D:\Dineth\focus_binary_benchmark\dataset\tbf_imgs\unfocused\FieldPos044\FieldPos044_page_3.png,0,0.0058140312321484,test,tbf_imgs,cnn_attention,
D:\Dineth\focus_binary_benchmark\dataset\tbf_imgs\unfocused\FieldPos044\FieldPos044_page_4.png,0,0.0069423713721334,test,tbf_imgs,cnn_attention,
D:\Dineth\focus_binary_benchmark\dataset\tbf_imgs\unfocused\FieldPos044\FieldPos044_page_5.png,0,0.0108900610357522,test,tbf_imgs,cnn_attention,
D:\Dineth\focus_binary_benchmark\dataset\tbf_imgs\unfocused\FieldPos044\FieldPos044_page_6.png,0,0.0606203339993953,test,tbf_imgs,cnn_attention,
D:\Dineth\focus_binary_benchmark\dataset\tbf_imgs\unfocused\FieldPos053\FieldPos053_page_1.png,0,0.0088059538975358,test,tbf_imgs,cnn_attention,
D:\Dineth\focus_binary_benchmark\dataset\tbf_imgs\unfocused\FieldPos053\FieldPos053_page_10.png,0,0.0112828025594353,test,tbf_imgs,cnn_attention,
D:\Dineth\focus_binary_benchmark\dataset\tbf_imgs\unfocused\FieldPos053\FieldPos053_page_11.png,0,0.0097534516826272,test,tbf_imgs,cnn_attention,
D:\Dineth\focus_binary_benchmark\dataset\tbf_imgs\unfocused\FieldPos053\FieldPos053_page_12.png,0,0.0090559953823685,test,tbf_imgs,cnn_attention,
D:\Dineth\focus_binary_benchmark\dataset\tbf_imgs\unfocused\FieldPos053\FieldPos053_page_13.png,0,0.0095241321250796,test,tbf_imgs,cnn_attention,
D:\Dineth\focus_binary_benchmark\dataset\tbf_imgs\unfocused\FieldPos053\FieldPos053_page_14.png,0,0.0082503892481327,test,tbf_imgs,cnn_attention,
D:\Dineth\focus_binary_benchmark\dataset\tbf_imgs\unfocused\FieldPos053\FieldPos053_page_2.png,0,0.0095941526815295,test,tbf_imgs,cnn_attention,
D:\Dineth\focus_binary_benchmark\dataset\tbf_imgs\unfocused\FieldPos053\FieldPos053_page_3.png,0,0.0109839532524347,test,tbf_imgs,cnn_attention,
D:\Dineth\focus_binary_benchmark\dataset\tbf_imgs\unfocused\FieldPos053\FieldPos053_page_4.png,0,0.0179294645786285,test,tbf_imgs,cnn_attention,
D:\Dineth\focus_binary_benchmark\dataset\tbf_imgs\unfocused\FieldPos053\FieldPos053_page_5.png,0,0.1119863092899322,test,tbf_imgs,cnn_attention,
D:\Dineth\focus_binary_benchmark\dataset\tbf_imgs\unfocused\FieldPos053\FieldPos053_page_9.png,0,0.0229514967650175,test,tbf_imgs,cnn_attention,
D:\Dineth\focus_binary_benchmark\dataset\tbf_imgs\unfocused\FieldPos059\FieldPos059_page_1.png,0,0.0068442625924944,test,tbf_imgs,cnn_attention,
D:\Dineth\focus_binary_benchmark\dataset\tbf_imgs\unfocused\FieldPos059\FieldPos059_page_10.png,0,0.0074744834564626,test,tbf_imgs,cnn_attention,
D:\Dineth\focus_binary_benchmark\dataset\tbf_imgs\unfocused\FieldPos059\FieldPos059_page_11.png,0,0.0068734898231923,test,tbf_imgs,cnn_attention,
D:\Dineth\focus_binary_benchmark\dataset\tbf_imgs\unfocused\FieldPos059\FieldPos059_page_12.png,0,0.0062406994402408,test,tbf_imgs,cnn_attention,
D:\Dineth\focus_binary_benchmark\dataset\tbf_imgs\unfocused\FieldPos059\FieldPos059_page_13.png,0,0.006462815683335,test,tbf_imgs,cnn_attention,
D:\Dineth\focus_binary_benchmark\dataset\tbf_imgs\unfocused\FieldPos059\FieldPos059_page_14.png,0,0.0066260360181331,test,tbf_imgs,cnn_attention,
D:\Dineth\focus_binary_benchmark\dataset\tbf_imgs\unfocused\FieldPos059\FieldPos059_page_2.png,0,0.0072425147518515,test,tbf_imgs,cnn_attention,
D:\Dineth\focus_binary_benchmark\dataset\tbf_imgs\unfocused\FieldPos059\FieldPos059_page_3.png,0,0.0108855413272976,test,tbf_imgs,cnn_attention,
D:\Dineth\focus_binary_benchmark\dataset\tbf_imgs\unfocused\FieldPos059\FieldPos059_page_4.png,0,0.052738893777132,test,tbf_imgs,cnn_attention,
D:\Dineth\focus_binary_benchmark\dataset\tbf_imgs\unfocused\FieldPos059\FieldPos059_page_8.png,0,0.4655818343162536,test,tbf_imgs,cnn_attention,
D:\Dineth\focus_binary_benchmark\dataset\tbf_imgs\unfocused\FieldPos059\FieldPos059_page_9.png,0,0.0142878293991088,test,tbf_imgs,cnn_attention,
D:\Dineth\focus_binary_benchmark\dataset\tbf_imgs\unfocused\FieldPos066\FieldPos066_page_1.png,0,0.006816919427365,test,tbf_imgs,cnn_attention,
D:\Dineth\focus_binary_benchmark\dataset\tbf_imgs\unfocused\FieldPos066\FieldPos066_page_10.png,0,0.0058100689202547,test,tbf_imgs,cnn_attention,
D:\Dineth\focus_binary_benchmark\dataset\tbf_imgs\unfocused\FieldPos066\FieldPos066_page_11.png,0,0.0057543185539543,test,tbf_imgs,cnn_attention,
D:\Dineth\focus_binary_benchmark\dataset\tbf_imgs\unfocused\FieldPos066\FieldPos066_page_12.png,0,0.0058293286710977,test,tbf_imgs,cnn_attention,
D:\Dineth\focus_binary_benchmark\dataset\tbf_imgs\unfocused\FieldPos066\FieldPos066_page_13.png,0,0.0055821007117629,test,tbf_imgs,cnn_attention,
D:\Dineth\focus_binary_benchmark\dataset\tbf_imgs\unfocused\FieldPos066\FieldPos066_page_14.png,0,0.0059221135452389,test,tbf_imgs,cnn_attention,
D:\Dineth\focus_binary_benchmark\dataset\tbf_imgs\unfocused\FieldPos066\FieldPos066_page_2.png,0,0.0076825637370347,test,tbf_imgs,cnn_attention,
D:\Dineth\focus_binary_benchmark\dataset\tbf_imgs\unfocused\FieldPos066\FieldPos066_page_3.png,0,0.017098382115364,test,tbf_imgs,cnn_attention,
D:\Dineth\focus_binary_benchmark\dataset\tbf_imgs\unfocused\FieldPos066\FieldPos066_page_4.png,0,0.2007765769958496,test,tbf_imgs,cnn_attention,
D:\Dineth\focus_binary_benchmark\dataset\tbf_imgs\unfocused\FieldPos066\FieldPos066_page_8.png,0,0.0113262701779603,test,tbf_imgs,cnn_attention,
D:\Dineth\focus_binary_benchmark\dataset\tbf_imgs\unfocused\FieldPos066\FieldPos066_page_9.png,0,0.0061933128163218,test,tbf_imgs,cnn_attention,
D:\Dineth\focus_binary_benchmark\dataset\tbf_imgs\unfocused\FieldPos069\FieldPos069_page_1.png,0,0.0056812996044754,test,tbf_imgs,cnn_attention,
D:\Dineth\focus_binary_benchmark\dataset\tbf_imgs\unfocused\FieldPos069\FieldPos069_page_10.png,0,0.0053750229999423,test,tbf_imgs,cnn_attention,
D:\Dineth\focus_binary_benchmark\dataset\tbf_imgs\unfocused\FieldPos069\FieldPos069_page_11.png,0,0.0056056813336908,test,tbf_imgs,cnn_attention,
D:\Dineth\focus_binary_benchmark\dataset\tbf_imgs\unfocused\FieldPos069\FieldPos069_page_12.png,0,0.005315154325217,test,tbf_imgs,cnn_attention,
D:\Dineth\focus_binary_benchmark\dataset\tbf_imgs\unfocused\FieldPos069\FieldPos069_page_13.png,0,0.0050233998335897,test,tbf_imgs,cnn_attention,
D:\Dineth\focus_binary_benchmark\dataset\tbf_imgs\unfocused\FieldPos069\FieldPos069_page_14.png,0,0.0052989916875958,test,tbf_imgs,cnn_attention,
D:\Dineth\focus_binary_benchmark\dataset\tbf_imgs\unfocused\FieldPos069\FieldPos069_page_2.png,0,0.0074072480201721,test,tbf_imgs,cnn_attention,
D:\Dineth\focus_binary_benchmark\dataset\tbf_imgs\unfocused\FieldPos069\FieldPos069_page_3.png,0,0.020280685275793,test,tbf_imgs,cnn_attention,
D:\Dineth\focus_binary_benchmark\dataset\tbf_imgs\unfocused\FieldPos069\FieldPos069_page_7.png,0,0.1228004544973373,test,tbf_imgs,cnn_attention,
D:\Dineth\focus_binary_benchmark\dataset\tbf_imgs\unfocused\FieldPos069\FieldPos069_page_8.png,0,0.0100276200100779,test,tbf_imgs,cnn_attention,
D:\Dineth\focus_binary_benchmark\dataset\tbf_imgs\unfocused\FieldPos069\FieldPos069_page_9.png,0,0.0062496224418282,test,tbf_imgs,cnn_attention,
D:\Dineth\focus_binary_benchmark\dataset\tbf_imgs\unfocused\FieldPos074\FieldPos074_page_1.png,0,0.0141727989539504,test,tbf_imgs,cnn_attention,
D:\Dineth\focus_binary_benchmark\dataset\tbf_imgs\unfocused\FieldPos074\FieldPos074_page_10.png,0,0.014528039842844,test,tbf_imgs,cnn_attention,
D:\Dineth\focus_binary_benchmark\dataset\tbf_imgs\unfocused\FieldPos074\FieldPos074_page_11.png,0,0.0151170771569013,test,tbf_imgs,cnn_attention,
D:\Dineth\focus_binary_benchmark\dataset\tbf_imgs\unfocused\FieldPos074\FieldPos074_page_12.png,0,0.0138597628101706,test,tbf_imgs,cnn_attention,
D:\Dineth\focus_binary_benchmark\dataset\tbf_imgs\unfocused\FieldPos074\FieldPos074_page_13.png,0,0.0143397450447082,test,tbf_imgs,cnn_attention,
D:\Dineth\focus_binary_benchmark\dataset\tbf_imgs\unfocused\FieldPos074\FieldPos074_page_14.png,0,0.0135442214086651,test,tbf_imgs,cnn_attention,
D:\Dineth\focus_binary_benchmark\dataset\tbf_imgs\unfocused\FieldPos074\FieldPos074_page_2.png,0,0.0149237951263785,test,tbf_imgs,cnn_attention,
D:\Dineth\focus_binary_benchmark\dataset\tbf_imgs\unfocused\FieldPos074\FieldPos074_page_3.png,0,0.0178802013397216,test,tbf_imgs,cnn_attention,
D:\Dineth\focus_binary_benchmark\dataset\tbf_imgs\unfocused\FieldPos074\FieldPos074_page_4.png,0,0.0354312807321548,test,tbf_imgs,cnn_attention,
D:\Dineth\focus_binary_benchmark\dataset\tbf_imgs\unfocused\FieldPos074\FieldPos074_page_8.png,0,0.0942189469933509,test,tbf_imgs,cnn_attention,
D:\Dineth\focus_binary_benchmark\dataset\tbf_imgs\unfocused\FieldPos074\FieldPos074_page_9.png,0,0.0212597865611314,test,tbf_imgs,cnn_attention,
D:\Dineth\focus_binary_benchmark\dataset\tbf_imgs\unfocused\FieldPos082\FieldPos082_page_1.png,0,0.0464317686855793,test,tbf_imgs,cnn_attention,
D:\Dineth\focus_binary_benchmark\dataset\tbf_imgs\unfocused\FieldPos082\FieldPos082_page_10.png,0,0.0444543920457363,test,tbf_imgs,cnn_attention,
D:\Dineth\focus_binary_benchmark\dataset\tbf_imgs\unfocused\FieldPos082\FieldPos082_page_11.png,0,0.0435835570096969,test,tbf_imgs,cnn_attention,
D:\Dineth\focus_binary_benchmark\dataset\tbf_imgs\unfocused\FieldPos082\FieldPos082_page_12.png,0,0.0455994866788387,test,tbf_imgs,cnn_attention,
D:\Dineth\focus_binary_benchmark\dataset\tbf_imgs\unfocused\FieldPos082\FieldPos082_page_13.png,0,0.0441256575286388,test,tbf_imgs,cnn_attention,
D:\Dineth\focus_binary_benchmark\dataset\tbf_imgs\unfocused\FieldPos082\FieldPos082_page_14.png,0,0.0442594550549984,test,tbf_imgs,cnn_attention,
D:\Dineth\focus_binary_benchmark\dataset\tbf_imgs\unfocused\FieldPos082\FieldPos082_page_2.png,0,0.0484405048191547,test,tbf_imgs,cnn_attention,
D:\Dineth\focus_binary_benchmark\dataset\tbf_imgs\unfocused\FieldPos082\FieldPos082_page_3.png,0,0.0530029870569705,test,tbf_imgs,cnn_attention,
D:\Dineth\focus_binary_benchmark\dataset\tbf_imgs\unfocused\FieldPos082\FieldPos082_page_4.png,0,0.071036472916603,test,tbf_imgs,cnn_attention,
D:\Dineth\focus_binary_benchmark\dataset\tbf_imgs\unfocused\FieldPos082\FieldPos082_page_8.png,0,0.055417712777853,test,tbf_imgs,cnn_attention,
D:\Dineth\focus_binary_benchmark\dataset\tbf_imgs\unfocused\FieldPos082\FieldPos082_page_9.png,0,0.04582329839468,test,tbf_imgs,cnn_attention,
D:\Dineth\focus_binary_benchmark\dataset\tbf_imgs\unfocused\FieldPos103\FieldPos103_page_1.png,0,0.0086166467517614,test,tbf_imgs,cnn_attention,
D:\Dineth\focus_binary_benchmark\dataset\tbf_imgs\unfocused\FieldPos103\FieldPos103_page_10.png,0,0.0185688268393278,test,tbf_imgs,cnn_attention,
D:\Dineth\focus_binary_benchmark\dataset\tbf_imgs\unfocused\FieldPos103\FieldPos103_page_11.png,0,0.0102908657863736,test,tbf_imgs,cnn_attention,
D:\Dineth\focus_binary_benchmark\dataset\tbf_imgs\unfocused\FieldPos103\FieldPos103_page_12.png,0,0.0083627551794052,test,tbf_imgs,cnn_attention,
D:\Dineth\focus_binary_benchmark\dataset\tbf_imgs\unfocused\FieldPos103\FieldPos103_page_13.png,0,0.0079369349405169,test,tbf_imgs,cnn_attention,
D:\Dineth\focus_binary_benchmark\dataset\tbf_imgs\unfocused\FieldPos103\FieldPos103_page_14.png,0,0.0089190723374485,test,tbf_imgs,cnn_attention,
D:\Dineth\focus_binary_benchmark\dataset\tbf_imgs\unfocused\FieldPos103\FieldPos103_page_2.png,0,0.0088910395279526,test,tbf_imgs,cnn_attention,
D:\Dineth\focus_binary_benchmark\dataset\tbf_imgs\unfocused\FieldPos103\FieldPos103_page_3.png,0,0.0087864967063069,test,tbf_imgs,cnn_attention,
D:\Dineth\focus_binary_benchmark\dataset\tbf_imgs\unfocused\FieldPos103\FieldPos103_page_4.png,0,0.0097036734223365,test,tbf_imgs,cnn_attention,
D:\Dineth\focus_binary_benchmark\dataset\tbf_imgs\unfocused\FieldPos103\FieldPos103_page_5.png,0,0.0174127705395221,test,tbf_imgs,cnn_attention,
D:\Dineth\focus_binary_benchmark\dataset\tbf_imgs\unfocused\FieldPos103\FieldPos103_page_6.png,0,0.114058993756771,test,tbf_imgs,cnn_attention,
D:\Dineth\focus_binary_benchmark\dataset\tbf_imgs\unfocused\FieldPos104\FieldPos104_page_1.png,0,0.0090920021757483,test,tbf_imgs,cnn_attention,
D:\Dineth\focus_binary_benchmark\dataset\tbf_imgs\unfocused\FieldPos104\FieldPos104_page_10.png,0,0.0135022941976785,test,tbf_imgs,cnn_attention,
D:\Dineth\focus_binary_benchmark\dataset\tbf_imgs\unfocused\FieldPos104\FieldPos104_page_11.png,0,0.0096866153180599,test,tbf_imgs,cnn_attention,
D:\Dineth\focus_binary_benchmark\dataset\tbf_imgs\unfocused\FieldPos104\FieldPos104_page_12.png,0,0.0091350758448243,test,tbf_imgs,cnn_attention,
D:\Dineth\focus_binary_benchmark\dataset\tbf_imgs\unfocused\FieldPos104\FieldPos104_page_13.png,0,0.0092312069609761,test,tbf_imgs,cnn_attention,
D:\Dineth\focus_binary_benchmark\dataset\tbf_imgs\unfocused\FieldPos104\FieldPos104_page_14.png,0,0.008741489611566,test,tbf_imgs,cnn_attention,
D:\Dineth\focus_binary_benchmark\dataset\tbf_imgs\unfocused\FieldPos104\FieldPos104_page_2.png,0,0.0100727127864956,test,tbf_imgs,cnn_attention,
D:\Dineth\focus_binary_benchmark\dataset\tbf_imgs\unfocused\FieldPos104\FieldPos104_page_3.png,0,0.0105829443782567,test,tbf_imgs,cnn_attention,
D:\Dineth\focus_binary_benchmark\dataset\tbf_imgs\unfocused\FieldPos104\FieldPos104_page_4.png,0,0.0140697704628109,test,tbf_imgs,cnn_attention,
D:\Dineth\focus_binary_benchmark\dataset\tbf_imgs\unfocused\FieldPos104\FieldPos104_page_5.png,0,0.0621558390557765,test,tbf_imgs,cnn_attention,
D:\Dineth\focus_binary_benchmark\dataset\tbf_imgs\unfocused\FieldPos104\FieldPos104_page_9.png,0,0.0406229980289936,test,tbf_imgs,cnn_attention,
D:\Dineth\focus_binary_benchmark\dataset\tbf_imgs\unfocused\FieldPos107\FieldPos107_page_1.png,0,0.0239874348044395,test,tbf_imgs,cnn_attention,
D:\Dineth\focus_binary_benchmark\dataset\tbf_imgs\unfocused\FieldPos107\FieldPos107_page_10.png,0,0.0215299595147371,test,tbf_imgs,cnn_attention,
D:\Dineth\focus_binary_benchmark\dataset\tbf_imgs\unfocused\FieldPos107\FieldPos107_page_11.png,0,0.0217024143785238,test,tbf_imgs,cnn_attention,
D:\Dineth\focus_binary_benchmark\dataset\tbf_imgs\unfocused\FieldPos107\FieldPos107_page_12.png,0,0.022534105926752,test,tbf_imgs,cnn_attention,
D:\Dineth\focus_binary_benchmark\dataset\tbf_imgs\unfocused\FieldPos107\FieldPos107_page_13.png,0,0.0210897494107484,test,tbf_imgs,cnn_attention,
D:\Dineth\focus_binary_benchmark\dataset\tbf_imgs\unfocused\FieldPos107\FieldPos107_page_14.png,0,0.0209022238850593,test,tbf_imgs,cnn_attention,
D:\Dineth\focus_binary_benchmark\dataset\tbf_imgs\unfocused\FieldPos107\FieldPos107_page_2.png,0,0.0298182852566242,test,tbf_imgs,cnn_attention,
D:\Dineth\focus_binary_benchmark\dataset\tbf_imgs\unfocused\FieldPos107\FieldPos107_page_3.png,0,0.0941496267914772,test,tbf_imgs,cnn_attention,
D:\Dineth\focus_binary_benchmark\dataset\tbf_imgs\unfocused\FieldPos107\FieldPos107_page_7.png,0,0.0939698740839958,test,tbf_imgs,cnn_attention,
D:\Dineth\focus_binary_benchmark\dataset\tbf_imgs\unfocused\FieldPos107\FieldPos107_page_8.png,0,0.0281097143888473,test,tbf_imgs,cnn_attention,
D:\Dineth\focus_binary_benchmark\dataset\tbf_imgs\unfocused\FieldPos107\FieldPos107_page_9.png,0,0.0233083758503198,test,tbf_imgs,cnn_attention,
D:\Dineth\focus_binary_benchmark\dataset\tbf_imgs\unfocused\FieldPos200\FieldPos200_page_1.png,0,0.0064977859146893,test,tbf_imgs,cnn_attention,
D:\Dineth\focus_binary_benchmark\dataset\tbf_imgs\unfocused\FieldPos200\FieldPos200_page_10.png,0,0.0093605890870094,test,tbf_imgs,cnn_attention,
D:\Dineth\focus_binary_benchmark\dataset\tbf_imgs\unfocused\FieldPos200\FieldPos200_page_11.png,0,0.0071204509586095,test,tbf_imgs,cnn_attention,
D:\Dineth\focus_binary_benchmark\dataset\tbf_imgs\unfocused\FieldPos200\FieldPos200_page_12.png,0,0.0065061212517321,test,tbf_imgs,cnn_attention,
D:\Dineth\focus_binary_benchmark\dataset\tbf_imgs\unfocused\FieldPos200\FieldPos200_page_13.png,0,0.0063691716641187,test,tbf_imgs,cnn_attention,
D:\Dineth\focus_binary_benchmark\dataset\tbf_imgs\unfocused\FieldPos200\FieldPos200_page_14.png,0,0.0066868173889815,test,tbf_imgs,cnn_attention,
D:\Dineth\focus_binary_benchmark\dataset\tbf_imgs\unfocused\FieldPos200\FieldPos200_page_2.png,0,0.007440909743309,test,tbf_imgs,cnn_attention,
D:\Dineth\focus_binary_benchmark\dataset\tbf_imgs\unfocused\FieldPos200\FieldPos200_page_3.png,0,0.0075483447872102,test,tbf_imgs,cnn_attention,
D:\Dineth\focus_binary_benchmark\dataset\tbf_imgs\unfocused\FieldPos200\FieldPos200_page_4.png,0,0.0126229394227266,test,tbf_imgs,cnn_attention,
D:\Dineth\focus_binary_benchmark\dataset\tbf_imgs\unfocused\FieldPos200\FieldPos200_page_5.png,0,0.1134843453764915,test,tbf_imgs,cnn_attention,
D:\Dineth\focus_binary_benchmark\dataset\tbf_imgs\unfocused\FieldPos200\FieldPos200_page_9.png,0,0.035744272172451,test,tbf_imgs,cnn_attention,
D:\Dineth\focus_binary_benchmark\dataset\tbf_imgs\unfocused\FieldPos203\FieldPos203_page_1.png,0,0.0055726119317114,test,tbf_imgs,cnn_attention,
D:\Dineth\focus_binary_benchmark\dataset\tbf_imgs\unfocused\FieldPos203\FieldPos203_page_10.png,0,0.0091817649081349,test,tbf_imgs,cnn_attention,
D:\Dineth\focus_binary_benchmark\dataset\tbf_imgs\unfocused\FieldPos203\FieldPos203_page_11.png,0,0.0060127940960228,test,tbf_imgs,cnn_attention,
D:\Dineth\focus_binary_benchmark\dataset\tbf_imgs\unfocused\FieldPos203\FieldPos203_page_12.png,0,0.0058451937511563,test,tbf_imgs,cnn_attention,
D:\Dineth\focus_binary_benchmark\dataset\tbf_imgs\unfocused\FieldPos203\FieldPos203_page_13.png,0,0.0057154651731252,test,tbf_imgs,cnn_attention,
D:\Dineth\focus_binary_benchmark\dataset\tbf_imgs\unfocused\FieldPos203\FieldPos203_page_14.png,0,0.0058287843130528,test,tbf_imgs,cnn_attention,
D:\Dineth\focus_binary_benchmark\dataset\tbf_imgs\unfocused\FieldPos203\FieldPos203_page_2.png,0,0.0056715672835707,test,tbf_imgs,cnn_attention,
D:\Dineth\focus_binary_benchmark\dataset\tbf_imgs\unfocused\FieldPos203\FieldPos203_page_3.png,0,0.0061695561744272,test,tbf_imgs,cnn_attention,
D:\Dineth\focus_binary_benchmark\dataset\tbf_imgs\unfocused\FieldPos203\FieldPos203_page_4.png,0,0.0095531437546014,test,tbf_imgs,cnn_attention,
D:\Dineth\focus_binary_benchmark\dataset\tbf_imgs\unfocused\FieldPos203\FieldPos203_page_5.png,0,0.0808219164609909,test,tbf_imgs,cnn_attention,
D:\Dineth\focus_binary_benchmark\dataset\tbf_imgs\unfocused\FieldPos203\FieldPos203_page_9.png,0,0.0888996347784996,test,tbf_imgs,cnn_attention,
D:\Dineth\focus_binary_benchmark\dataset\TBSI\focused\HH1\HH1 (6).JPG,1,0.999828279018402,test,TBSI,cnn_attention,
D:\Dineth\focus_binary_benchmark\dataset\TBSI\focused\HH3\HH3 (6).JPG,1,0.9994186162948608,test,TBSI,cnn_attention,
D:\Dineth\focus_binary_benchmark\dataset\TBSI\focused\HH8\HH8 (6).JPG,1,0.999134361743927,test,TBSI,cnn_attention,
D:\Dineth\focus_binary_benchmark\dataset\TBSI\focused\HL8\HL8 (6).JPG,1,0.9860948324203492,test,TBSI,cnn_attention,
D:\Dineth\focus_binary_benchmark\dataset\TBSI\focused\LH5\LH5 (4).JPG,1,0.982901096343994,test,TBSI,cnn_attention,
D:\Dineth\focus_binary_benchmark\dataset\TBSI\unfocused\HH1\HH1 (1).JPG,0,0.0009617382893338,test,TBSI,cnn_attention,
D:\Dineth\focus_binary_benchmark\dataset\TBSI\unfocused\HH1\HH1 (10).JPG,0,0.0005167020717635,test,TBSI,cnn_attention,
D:\Dineth\focus_binary_benchmark\dataset\TBSI\unfocused\HH1\HH1 (2).JPG,0,0.000978970201686,test,TBSI,cnn_attention,
D:\Dineth\focus_binary_benchmark\dataset\TBSI\unfocused\HH1\HH1 (3).JPG,0,0.0006404088344424,test,TBSI,cnn_attention,
D:\Dineth\focus_binary_benchmark\dataset\TBSI\unfocused\HH1\HH1 (4).JPG,0,0.0007557959179393,test,TBSI,cnn_attention,
D:\Dineth\focus_binary_benchmark\dataset\TBSI\unfocused\HH1\HH1 (8).JPG,0,0.0040920763276517,test,TBSI,cnn_attention,
D:\Dineth\focus_binary_benchmark\dataset\TBSI\unfocused\HH1\HH1 (9).JPG,0,0.0007376574794761,test,TBSI,cnn_attention,
D:\Dineth\focus_binary_benchmark\dataset\TBSI\unfocused\HH3\HH3 (1).JPG,0,0.0089216139167547,test,TBSI,cnn_attention,
D:\Dineth\focus_binary_benchmark\dataset\TBSI\unfocused\HH3\HH3 (10).JPG,0,0.0049402001313865,test,TBSI,cnn_attention,
D:\Dineth\focus_binary_benchmark\dataset\TBSI\unfocused\HH3\HH3 (2).JPG,0,0.0081077488139271,test,TBSI,cnn_attention,
D:\Dineth\focus_binary_benchmark\dataset\TBSI\unfocused\HH3\HH3 (3).JPG,0,0.0066289585083723,test,TBSI,cnn_attention,
D:\Dineth\focus_binary_benchmark\dataset\TBSI\unfocused\HH3\HH3 (4).JPG,0,0.0069536762312054,test,TBSI,cnn_attention,
D:\Dineth\focus_binary_benchmark\dataset\TBSI\unfocused\HH3\HH3 (8).JPG,0,0.5910904407501221,test,TBSI,cnn_attention,
D:\Dineth\focus_binary_benchmark\dataset\TBSI\unfocused\HH3\HH3 (9).JPG,0,0.0053043905645608,test,TBSI,cnn_attention,
D:\Dineth\focus_binary_benchmark\dataset\TBSI\unfocused\HH8\HH8 (1).JPG,0,0.0017301939660683,test,TBSI,cnn_attention,
D:\Dineth\focus_binary_benchmark\dataset\TBSI\unfocused\HH8\HH8 (10).JPG,0,0.0018299694638699,test,TBSI,cnn_attention,
D:\Dineth\focus_binary_benchmark\dataset\TBSI\unfocused\HH8\HH8 (2).JPG,0,0.0024669866543263,test,TBSI,cnn_attention,
D:\Dineth\focus_binary_benchmark\dataset\TBSI\unfocused\HH8\HH8 (3).JPG,0,0.0017186463810503,test,TBSI,cnn_attention,
D:\Dineth\focus_binary_benchmark\dataset\TBSI\unfocused\HH8\HH8 (4).JPG,0,0.0020205024629831,test,TBSI,cnn_attention,
D:\Dineth\focus_binary_benchmark\dataset\TBSI\unfocused\HH8\HH8 (8).JPG,0,0.0119355078786611,test,TBSI,cnn_attention,
D:\Dineth\focus_binary_benchmark\dataset\TBSI\unfocused\HH8\HH8 (9).JPG,0,0.0019164844416081,test,TBSI,cnn_attention,
D:\Dineth\focus_binary_benchmark\dataset\TBSI\unfocused\HL8\HL8 (1).JPG,0,0.0099316770210862,test,TBSI,cnn_attention,
D:\Dineth\focus_binary_benchmark\dataset\TBSI\unfocused\HL8\HL8 (10).JPG,0,0.0149082550778985,test,TBSI,cnn_attention,
D:\Dineth\focus_binary_benchmark\dataset\TBSI\unfocused\HL8\HL8 (2).JPG,0,0.0099316770210862,test,TBSI,cnn_attention,
D:\Dineth\focus_binary_benchmark\dataset\TBSI\unfocused\HL8\HL8 (3).JPG,0,0.0199062563478946,test,TBSI,cnn_attention,
D:\Dineth\focus_binary_benchmark\dataset\TBSI\unfocused\HL8\HL8 (4).JPG,0,0.0673642829060554,test,TBSI,cnn_attention,
D:\Dineth\focus_binary_benchmark\dataset\TBSI\unfocused\HL8\HL8 (8).JPG,0,0.1448025405406952,test,TBSI,cnn_attention,
D:\Dineth\focus_binary_benchmark\dataset\TBSI\unfocused\HL8\HL8 (9).JPG,0,0.0257935896515846,test,TBSI,cnn_attention,
D:\Dineth\focus_binary_benchmark\dataset\TBSI\unfocused\LH5\LH5 (1).JPG,0,0.1267914772033691,test,TBSI,cnn_attention,
D:\Dineth\focus_binary_benchmark\dataset\TBSI\unfocused\LH5\LH5 (10).JPG,0,0.1253134310245514,test,TBSI,cnn_attention,
D:\Dineth\focus_binary_benchmark\dataset\TBSI\unfocused\LH5\LH5 (2).JPG,0,0.1385659724473953,test,TBSI,cnn_attention,
D:\Dineth\focus_binary_benchmark\dataset\TBSI\unfocused\LH5\LH5 (6).JPG,0,0.1437856554985046,test,TBSI,cnn_attention,
D:\Dineth\focus_binary_benchmark\dataset\TBSI\unfocused\LH5\LH5 (7).JPG,0,0.1405392289161682,test,TBSI,cnn_attention,
D:\Dineth\focus_binary_benchmark\dataset\TBSI\unfocused\LH5\LH5 (8).JPG,0,0.1250857263803482,test,TBSI,cnn_attention,
D:\Dineth\focus_binary_benchmark\dataset\TBSI\unfocused\LH5\LH5 (9).JPG,0,0.1339961588382721,test,TBSI,cnn_attention,
D:\Dineth\focus_binary_benchmark\dataset\wbc\focused\106\106_6.jpg,1,0.988905906677246,test,wbc,cnn_attention,
D:\Dineth\focus_binary_benchmark\dataset\wbc\focused\113\113_6.jpg,1,0.9877355098724364,test,wbc,cnn_attention,
D:\Dineth\focus_binary_benchmark\dataset\wbc\focused\117\117_6.jpg,1,0.9772936105728148,test,wbc,cnn_attention,
D:\Dineth\focus_binary_benchmark\dataset\wbc\focused\118\118_6.jpg,1,0.9706400036811828,test,wbc,cnn_attention,
D:\Dineth\focus_binary_benchmark\dataset\wbc\focused\138\138_5.jpg,1,0.9939702153205872,test,wbc,cnn_attention,
D:\Dineth\focus_binary_benchmark\dataset\wbc\focused\143\143_7.jpg,1,0.8452773094177246,test,wbc,cnn_attention,
D:\Dineth\focus_binary_benchmark\dataset\wbc\focused\145\145_6.jpg,1,0.9414407014846802,test,wbc,cnn_attention,
D:\Dineth\focus_binary_benchmark\dataset\wbc\focused\19\19_5.jpg,1,0.9867950081825256,test,wbc,cnn_attention,
D:\Dineth\focus_binary_benchmark\dataset\wbc\focused\2\2_6.jpg,1,0.9388766288757324,test,wbc,cnn_attention,
D:\Dineth\focus_binary_benchmark\dataset\wbc\focused\22\22_5.jpg,1,0.9842770099639891,test,wbc,cnn_attention,
D:\Dineth\focus_binary_benchmark\dataset\wbc\focused\24\24_6.jpg,1,0.9595215320587158,test,wbc,cnn_attention,
D:\Dineth\focus_binary_benchmark\dataset\wbc\focused\32\32_6.jpg,1,0.9918993711471558,test,wbc,cnn_attention,
D:\Dineth\focus_binary_benchmark\dataset\wbc\focused\33\33_6.jpg,1,0.9873524308204652,test,wbc,cnn_attention,
D:\Dineth\focus_binary_benchmark\dataset\wbc\focused\41\41_5.jpg,1,0.9760369062423706,test,wbc,cnn_attention,
D:\Dineth\focus_binary_benchmark\dataset\wbc\focused\49\49_6.jpg,1,0.987867534160614,test,wbc,cnn_attention,
D:\Dineth\focus_binary_benchmark\dataset\wbc\focused\50\50_7.jpg,1,0.9754266142845154,test,wbc,cnn_attention,
D:\Dineth\focus_binary_benchmark\dataset\wbc\focused\58\58_6.jpg,1,0.9763211607933044,test,wbc,cnn_attention,
D:\Dineth\focus_binary_benchmark\dataset\wbc\focused\65\65_6.jpg,1,0.9710721969604492,test,wbc,cnn_attention,
D:\Dineth\focus_binary_benchmark\dataset\wbc\focused\66\66_6.jpg,1,0.971577525138855,test,wbc,cnn_attention,
D:\Dineth\focus_binary_benchmark\dataset\wbc\focused\7\7_6.jpg,1,0.982833445072174,test,wbc,cnn_attention,
D:\Dineth\focus_binary_benchmark\dataset\wbc\focused\76\76_5.jpg,1,0.9937076568603516,test,wbc,cnn_attention,
D:\Dineth\focus_binary_benchmark\dataset\wbc\focused\89\89_6.jpg,1,0.9151096940040588,test,wbc,cnn_attention,
D:\Dineth\focus_binary_benchmark\dataset\wbc\unfocused\106\106_0.jpg,0,6.599780317628756e-05,test,wbc,cnn_attention,
D:\Dineth\focus_binary_benchmark\dataset\wbc\unfocused\106\106_1.jpg,0,9.783082350622864e-05,test,wbc,cnn_attention,
D:\Dineth\focus_binary_benchmark\dataset\wbc\unfocused\106\106_2.jpg,0,0.0001578100636834,test,wbc,cnn_attention,
D:\Dineth\focus_binary_benchmark\dataset\wbc\unfocused\106\106_3.jpg,0,0.0010939340572804,test,wbc,cnn_attention,
D:\Dineth\focus_binary_benchmark\dataset\wbc\unfocused\106\106_4.jpg,0,0.1109531745314598,test,wbc,cnn_attention,
D:\Dineth\focus_binary_benchmark\dataset\wbc\unfocused\106\106_8.jpg,0,0.2975108921527862,test,wbc,cnn_attention,
D:\Dineth\focus_binary_benchmark\dataset\wbc\unfocused\106\106_9.jpg,0,0.003967753611505,test,wbc,cnn_attention,
D:\Dineth\focus_binary_benchmark\dataset\wbc\unfocused\113\113_0.jpg,0,6.981255137361586e-05,test,wbc,cnn_attention,
D:\Dineth\focus_binary_benchmark\dataset\wbc\unfocused\113\113_1.jpg,0,0.0001334025728283,test,wbc,cnn_attention,
D:\Dineth\focus_binary_benchmark\dataset\wbc\unfocused\113\113_2.jpg,0,0.0002785974647849,test,wbc,cnn_attention,
D:\Dineth\focus_binary_benchmark\dataset\wbc\unfocused\113\113_3.jpg,0,0.001508996123448,test,wbc,cnn_attention,
D:\Dineth\focus_binary_benchmark\dataset\wbc\unfocused\113\113_4.jpg,0,0.0319781973958015,test,wbc,cnn_attention,
D:\Dineth\focus_binary_benchmark\dataset\wbc\unfocused\113\113_8.jpg,0,0.1026627942919731,test,wbc,cnn_attention,
D:\Dineth\focus_binary_benchmark\dataset\wbc\unfocused\113\113_9.jpg,0,0.0024529625661671,test,wbc,cnn_attention,
D:\Dineth\focus_binary_benchmark\dataset\wbc\unfocused\117\117_0.jpg,0,6.606108945561573e-05,test,wbc,cnn_attention,
D:\Dineth\focus_binary_benchmark\dataset\wbc\unfocused\117\117_1.jpg,0,0.0001262208534171,test,wbc,cnn_attention,
D:\Dineth\focus_binary_benchmark\dataset\wbc\unfocused\117\117_2.jpg,0,0.0005079226102679,test,wbc,cnn_attention,
D:\Dineth\focus_binary_benchmark\dataset\wbc\unfocused\117\117_3.jpg,0,0.0003511054092086,test,wbc,cnn_attention,
D:\Dineth\focus_binary_benchmark\dataset\wbc\unfocused\117\117_4.jpg,0,0.0183029677718877,test,wbc,cnn_attention,
D:\Dineth\focus_binary_benchmark\dataset\wbc\unfocused\117\117_8.jpg,0,0.0986739844083786,test,wbc,cnn_attention,
D:\Dineth\focus_binary_benchmark\dataset\wbc\unfocused\117\117_9.jpg,0,0.0025120382197201,test,wbc,cnn_attention,
D:\Dineth\focus_binary_benchmark\dataset\wbc\unfocused\118\118_0.jpg,0,7.209231989691034e-05,test,wbc,cnn_attention,
D:\Dineth\focus_binary_benchmark\dataset\wbc\unfocused\118\118_1.jpg,0,0.0001543065736768,test,wbc,cnn_attention,
D:\Dineth\focus_binary_benchmark\dataset\wbc\unfocused\118\118_2.jpg,0,0.0005990674835629,test,wbc,cnn_attention,
D:\Dineth\focus_binary_benchmark\dataset\wbc\unfocused\118\118_3.jpg,0,0.0031051312107592,test,wbc,cnn_attention,
D:\Dineth\focus_binary_benchmark\dataset\wbc\unfocused\118\118_4.jpg,0,0.1012099161744117,test,wbc,cnn_attention,
D:\Dineth\focus_binary_benchmark\dataset\wbc\unfocused\118\118_8.jpg,0,0.0254432167857885,test,wbc,cnn_attention,
D:\Dineth\focus_binary_benchmark\dataset\wbc\unfocused\118\118_9.jpg,0,0.0005523693980649,test,wbc,cnn_attention,
D:\Dineth\focus_binary_benchmark\dataset\wbc\unfocused\138\138_0.jpg,0,7.92810387792997e-05,test,wbc,cnn_attention,
D:\Dineth\focus_binary_benchmark\dataset\wbc\unfocused\138\138_1.jpg,0,0.0002323177468497,test,wbc,cnn_attention,
D:\Dineth\focus_binary_benchmark\dataset\wbc\unfocused\138\138_2.jpg,0,0.0014922035625204,test,wbc,cnn_attention,
D:\Dineth\focus_binary_benchmark\dataset\wbc\unfocused\138\138_3.jpg,0,0.2056598216295242,test,wbc,cnn_attention,
D:\Dineth\focus_binary_benchmark\dataset\wbc\unfocused\138\138_7.jpg,0,0.20315021276474,test,wbc,cnn_attention,
D:\Dineth\focus_binary_benchmark\dataset\wbc\unfocused\138\138_8.jpg,0,0.0013129578437656,test,wbc,cnn_attention,
D:\Dineth\focus_binary_benchmark\dataset\wbc\unfocused\138\138_9.jpg,0,7.327405182877555e-05,test,wbc,cnn_attention,
D:\Dineth\focus_binary_benchmark\dataset\wbc\unfocused\143\143_0.jpg,0,0.0001756566198309,test,wbc,cnn_attention,
D:\Dineth\focus_binary_benchmark\dataset\wbc\unfocused\143\143_1.jpg,0,0.0004032748402096,test,wbc,cnn_attention,
D:\Dineth\focus_binary_benchmark\dataset\wbc\unfocused\143\143_2.jpg,0,0.0006647929549217,test,wbc,cnn_attention,
D:\Dineth\focus_binary_benchmark\dataset\wbc\unfocused\143\143_3.jpg,0,0.0010347091592848,test,wbc,cnn_attention,
D:\Dineth\focus_binary_benchmark\dataset\wbc\unfocused\143\143_4.jpg,0,0.002309083007276,test,wbc,cnn_attention,
D:\Dineth\focus_binary_benchmark\dataset\wbc\unfocused\143\143_5.jpg,0,0.2019765377044677,test,wbc,cnn_attention,
D:\Dineth\focus_binary_benchmark\dataset\wbc\unfocused\143\143_9.jpg,0,0.0160925798118114,test,wbc,cnn_attention,
D:\Dineth\focus_binary_benchmark\dataset\wbc\unfocused\145\145_0.jpg,0,0.0001625972945475,test,wbc,cnn_attention,
D:\Dineth\focus_binary_benchmark\dataset\wbc\unfocused\145\145_1.jpg,0,0.0004053214215673,test,wbc,cnn_attention,
D:\Dineth\focus_binary_benchmark\dataset\wbc\unfocused\145\145_2.jpg,0,0.0008595088729634,test,wbc,cnn_attention,
D:\Dineth\focus_binary_benchmark\dataset\wbc\unfocused\145\145_3.jpg,0,0.0040089753456413,test,wbc,cnn_attention,
D:\Dineth\focus_binary_benchmark\dataset\wbc\unfocused\145\145_4.jpg,0,0.2832524478435516,test,wbc,cnn_attention,
D:\Dineth\focus_binary_benchmark\dataset\wbc\unfocused\145\145_8.jpg,0,0.0192285068333148,test,wbc,cnn_attention,
D:\Dineth\focus_binary_benchmark\dataset\wbc\unfocused\145\145_9.jpg,0,0.0014632529346272,test,wbc,cnn_attention,
D:\Dineth\focus_binary_benchmark\dataset\wbc\unfocused\19\19_0.jpg,0,9.832285286393017e-05,test,wbc,cnn_attention,
D:\Dineth\focus_binary_benchmark\dataset\wbc\unfocused\19\19_1.jpg,0,0.0003790760238189,test,wbc,cnn_attention,
D:\Dineth\focus_binary_benchmark\dataset\wbc\unfocused\19\19_2.jpg,0,0.0006645582034252,test,wbc,cnn_attention,
D:\Dineth\focus_binary_benchmark\dataset\wbc\unfocused\19\19_3.jpg,0,0.057031612843275,test,wbc,cnn_attention,
D:\Dineth\focus_binary_benchmark\dataset\wbc\unfocused\19\19_7.jpg,0,0.1749564856290817,test,wbc,cnn_attention,
D:\Dineth\focus_binary_benchmark\dataset\wbc\unfocused\19\19_8.jpg,0,0.0023949281312525,test,wbc,cnn_attention,
D:\Dineth\focus_binary_benchmark\dataset\wbc\unfocused\19\19_9.jpg,0,0.0001558053336339,test,wbc,cnn_attention,
D:\Dineth\focus_binary_benchmark\dataset\wbc\unfocused\2\2_0.jpg,0,6.562846101587638e-05,test,wbc,cnn_attention,
D:\Dineth\focus_binary_benchmark\dataset\wbc\unfocused\2\2_1.jpg,0,0.0001127994328271,test,wbc,cnn_attention,
D:\Dineth\focus_binary_benchmark\dataset\wbc\unfocused\2\2_2.jpg,0,0.0001293325331062,test,wbc,cnn_attention,
D:\Dineth\focus_binary_benchmark\dataset\wbc\unfocused\2\2_3.jpg,0,0.0004178666567895,test,wbc,cnn_attention,
D:\Dineth\focus_binary_benchmark\dataset\wbc\unfocused\2\2_4.jpg,0,0.0094382734969258,test,wbc,cnn_attention,
D:\Dineth\focus_binary_benchmark\dataset\wbc\unfocused\2\2_8.jpg,0,0.0257846284657716,test,wbc,cnn_attention,
D:\Dineth\focus_binary_benchmark\dataset\wbc\unfocused\2\2_9.jpg,0,0.0009405803866684,test,wbc,cnn_attention,
D:\Dineth\focus_binary_benchmark\dataset\wbc\unfocused\22\22_0.jpg,0,5.745062298956327e-05,test,wbc,cnn_attention,
D:\Dineth\focus_binary_benchmark\dataset\wbc\unfocused\22\22_1.jpg,0,7.156272477004677e-05,test,wbc,cnn_attention,
D:\Dineth\focus_binary_benchmark\dataset\wbc\unfocused\22\22_2.jpg,0,0.0023626508191227,test,wbc,cnn_attention,
D:\Dineth\focus_binary_benchmark\dataset\wbc\unfocused\22\22_3.jpg,0,0.0556915067136287,test,wbc,cnn_attention,
D:\Dineth\focus_binary_benchmark\dataset\wbc\unfocused\22\22_7.jpg,0,0.0242170337587595,test,wbc,cnn_attention,
D:\Dineth\focus_binary_benchmark\dataset\wbc\unfocused\22\22_8.jpg,0,0.0003965506039094,test,wbc,cnn_attention,
D:\Dineth\focus_binary_benchmark\dataset\wbc\unfocused\22\22_9.jpg,0,3.745563299162313e-05,test,wbc,cnn_attention,
D:\Dineth\focus_binary_benchmark\dataset\wbc\unfocused\24\24_0.jpg,0,4.205443474347703e-05,test,wbc,cnn_attention,
D:\Dineth\focus_binary_benchmark\dataset\wbc\unfocused\24\24_1.jpg,0,3.813636794802733e-05,test,wbc,cnn_attention,
D:\Dineth\focus_binary_benchmark\dataset\wbc\unfocused\24\24_2.jpg,0,0.000130289728986,test,wbc,cnn_attention,
D:\Dineth\focus_binary_benchmark\dataset\wbc\unfocused\24\24_3.jpg,0,0.0010470962151885,test,wbc,cnn_attention,
D:\Dineth\focus_binary_benchmark\dataset\wbc\unfocused\24\24_4.jpg,0,0.0581468679010868,test,wbc,cnn_attention,
D:\Dineth\focus_binary_benchmark\dataset\wbc\unfocused\24\24_8.jpg,0,0.0030333762988448,test,wbc,cnn_attention,
D:\Dineth\focus_binary_benchmark\dataset\wbc\unfocused\24\24_9.jpg,0,9.566581866238266e-05,test,wbc,cnn_attention,
D:\Dineth\focus_binary_benchmark\dataset\wbc\unfocused\32\32_0.jpg,0,2.546258838265203e-05,test,wbc,cnn_attention,
D:\Dineth\focus_binary_benchmark\dataset\wbc\unfocused\32\32_1.jpg,0,5.299763870425522e-05,test,wbc,cnn_attention,
D:\Dineth\focus_binary_benchmark\dataset\wbc\unfocused\32\32_2.jpg,0,0.0002145045000361,test,wbc,cnn_attention,
D:\Dineth\focus_binary_benchmark\dataset\wbc\unfocused\32\32_3.jpg,0,0.0010746853658929,test,wbc,cnn_attention,
D:\Dineth\focus_binary_benchmark\dataset\wbc\unfocused\32\32_4.jpg,0,0.0072846179828047,test,wbc,cnn_attention,
D:\Dineth\focus_binary_benchmark\dataset\wbc\unfocused\32\32_8.jpg,0,0.1351460516452789,test,wbc,cnn_attention,
D:\Dineth\focus_binary_benchmark\dataset\wbc\unfocused\32\32_9.jpg,0,0.0019793126266449,test,wbc,cnn_attention,
D:\Dineth\focus_binary_benchmark\dataset\wbc\unfocused\33\33_0.jpg,0,2.5901150365825742e-05,test,wbc,cnn_attention,
D:\Dineth\focus_binary_benchmark\dataset\wbc\unfocused\33\33_1.jpg,0,5.740987035096623e-05,test,wbc,cnn_attention,
D:\Dineth\focus_binary_benchmark\dataset\wbc\unfocused\33\33_2.jpg,0,0.0002226306387456,test,wbc,cnn_attention,
D:\Dineth\focus_binary_benchmark\dataset\wbc\unfocused\33\33_3.jpg,0,0.000990564469248,test,wbc,cnn_attention,
D:\Dineth\focus_binary_benchmark\dataset\wbc\unfocused\33\33_4.jpg,0,0.0173444189131259,test,wbc,cnn_attention,
D:\Dineth\focus_binary_benchmark\dataset\wbc\unfocused\33\33_8.jpg,0,0.1021317467093467,test,wbc,cnn_attention,
D:\Dineth\focus_binary_benchmark\dataset\wbc\unfocused\33\33_9.jpg,0,0.001434682868421,test,wbc,cnn_attention,
D:\Dineth\focus_binary_benchmark\dataset\wbc\unfocused\41\41_0.jpg,0,0.000254343060078,test,wbc,cnn_attention,
D:\Dineth\focus_binary_benchmark\dataset\wbc\unfocused\41\41_1.jpg,0,0.0003737623046617,test,wbc,cnn_attention,
D:\Dineth\focus_binary_benchmark\dataset\wbc\unfocused\41\41_2.jpg,0,0.0038844507653266,test,wbc,cnn_attention,
D:\Dineth\focus_binary_benchmark\dataset\wbc\unfocused\41\41_3.jpg,0,0.2189992517232895,test,wbc,cnn_attention,
D:\Dineth\focus_binary_benchmark\dataset\wbc\unfocused\41\41_7.jpg,0,0.2423603385686874,test,wbc,cnn_attention,
D:\Dineth\focus_binary_benchmark\dataset\wbc\unfocused\41\41_8.jpg,0,0.004984033294022,test,wbc,cnn_attention,
D:\Dineth\focus_binary_benchmark\dataset\wbc\unfocused\41\41_9.jpg,0,0.0004977220669388,test,wbc,cnn_attention,
D:\Dineth\focus_binary_benchmark\dataset\wbc\unfocused\49\49_0.jpg,0,1.099493329093093e-05,test,wbc,cnn_attention,
D:\Dineth\focus_binary_benchmark\dataset\wbc\unfocused\49\49_1.jpg,0,2.4918990675359964e-05,test,wbc,cnn_attention,
D:\Dineth\focus_binary_benchmark\dataset\wbc\unfocused\49\49_2.jpg,0,0.0001139345986302,test,wbc,cnn_attention,
D:\Dineth\focus_binary_benchmark\dataset\wbc\unfocused\49\49_3.jpg,0,0.0011289895046502,test,wbc,cnn_attention,
D:\Dineth\focus_binary_benchmark\dataset\wbc\unfocused\49\49_4.jpg,0,0.0892486497759819,test,wbc,cnn_attention,
D:\Dineth\focus_binary_benchmark\dataset\wbc\unfocused\49\49_8.jpg,0,0.0191488061100244,test,wbc,cnn_attention,
D:\Dineth\focus_binary_benchmark\dataset\wbc\unfocused\49\49_9.jpg,0,0.0001712822268018,test,wbc,cnn_attention,
D:\Dineth\focus_binary_benchmark\dataset\wbc\unfocused\50\50_0.jpg,0,4.873656143900007e-05,test,wbc,cnn_attention,
D:\Dineth\focus_binary_benchmark\dataset\wbc\unfocused\50\50_1.jpg,0,0.000105475919554,test,wbc,cnn_attention,
D:\Dineth\focus_binary_benchmark\dataset\wbc\unfocused\50\50_2.jpg,0,0.0002548649499658,test,wbc,cnn_attention,
D:\Dineth\focus_binary_benchmark\dataset\wbc\unfocused\50\50_3.jpg,0,0.0020767771638929,test,wbc,cnn_attention,
D:\Dineth\focus_binary_benchmark\dataset\wbc\unfocused\50\50_4.jpg,0,0.0305635165423154,test,wbc,cnn_attention,
D:\Dineth\focus_binary_benchmark\dataset\wbc\unfocused\50\50_5.jpg,0,0.7128528952598572,test,wbc,cnn_attention,
D:\Dineth\focus_binary_benchmark\dataset\wbc\unfocused\50\50_9.jpg,0,0.0240937881171703,test,wbc,cnn_attention,
D:\Dineth\focus_binary_benchmark\dataset\wbc\unfocused\58\58_0.jpg,0,7.600789831485599e-05,test,wbc,cnn_attention,
D:\Dineth\focus_binary_benchmark\dataset\wbc\unfocused\58\58_1.jpg,0,0.0001169207971543,test,wbc,cnn_attention,
D:\Dineth\focus_binary_benchmark\dataset\wbc\unfocused\58\58_2.jpg,0,0.000269128155196,test,wbc,cnn_attention,
D:\Dineth\focus_binary_benchmark\dataset\wbc\unfocused\58\58_3.jpg,0,0.0031809485517442,test,wbc,cnn_attention,
D:\Dineth\focus_binary_benchmark\dataset\wbc\unfocused\58\58_4.jpg,0,0.4781560003757477,test,wbc,cnn_attention,
D:\Dineth\focus_binary_benchmark\dataset\wbc\unfocused\58\58_8.jpg,0,0.3819730281829834,test,wbc,cnn_attention,
D:\Dineth\focus_binary_benchmark\dataset\wbc\unfocused\58\58_9.jpg,0,0.0152211291715502,test,wbc,cnn_attention,
D:\Dineth\focus_binary_benchmark\dataset\wbc\unfocused\65\65_0.jpg,0,4.783057374879718e-05,test,wbc,cnn_attention,
D:\Dineth\focus_binary_benchmark\dataset\wbc\unfocused\65\65_1.jpg,0,0.0001572225010022,test,wbc,cnn_attention,
D:\Dineth\focus_binary_benchmark\dataset\wbc\unfocused\65\65_2.jpg,0,0.0006227262783795,test,wbc,cnn_attention,
D:\Dineth\focus_binary_benchmark\dataset\wbc\unfocused\65\65_3.jpg,0,0.0021784969139844,test,wbc,cnn_attention,
D:\Dineth\focus_binary_benchmark\dataset\wbc\unfocused\65\65_4.jpg,0,0.244267389178276,test,wbc,cnn_attention,
D:\Dineth\focus_binary_benchmark\dataset\wbc\unfocused\65\65_8.jpg,0,0.0486785322427749,test,wbc,cnn_attention,
D:\Dineth\focus_binary_benchmark\dataset\wbc\unfocused\65\65_9.jpg,0,0.0012589541729539,test,wbc,cnn_attention,
D:\Dineth\focus_binary_benchmark\dataset\wbc\unfocused\66\66_0.jpg,0,0.0001363569754175,test,wbc,cnn_attention,
D:\Dineth\focus_binary_benchmark\dataset\wbc\unfocused\66\66_1.jpg,0,0.0003310330212116,test,wbc,cnn_attention,
D:\Dineth\focus_binary_benchmark\dataset\wbc\unfocused\66\66_2.jpg,0,0.001128400908783,test,wbc,cnn_attention,
D:\Dineth\focus_binary_benchmark\dataset\wbc\unfocused\66\66_3.jpg,0,0.0034917001612484,test,wbc,cnn_attention,
D:\Dineth\focus_binary_benchmark\dataset\wbc\unfocused\66\66_4.jpg,0,0.0597896315157413,test,wbc,cnn_attention,
D:\Dineth\focus_binary_benchmark\dataset\wbc\unfocused\66\66_8.jpg,0,0.0468942411243915,test,wbc,cnn_attention,
D:\Dineth\focus_binary_benchmark\dataset\wbc\unfocused\66\66_9.jpg,0,0.00149956648238,test,wbc,cnn_attention,
D:\Dineth\focus_binary_benchmark\dataset\wbc\unfocused\7\7_0.jpg,0,6.970086542423815e-05,test,wbc,cnn_attention,
D:\Dineth\focus_binary_benchmark\dataset\wbc\unfocused\7\7_1.jpg,0,0.0001989995507756,test,wbc,cnn_attention,
D:\Dineth\focus_binary_benchmark\dataset\wbc\unfocused\7\7_2.jpg,0,0.0001828478852985,test,wbc,cnn_attention,
D:\Dineth\focus_binary_benchmark\dataset\wbc\unfocused\7\7_3.jpg,0,0.0019925686065107,test,wbc,cnn_attention,
D:\Dineth\focus_binary_benchmark\dataset\wbc\unfocused\7\7_4.jpg,0,0.0669756010174751,test,wbc,cnn_attention,
D:\Dineth\focus_binary_benchmark\dataset\wbc\unfocused\7\7_8.jpg,0,0.2789267599582672,test,wbc,cnn_attention,
D:\Dineth\focus_binary_benchmark\dataset\wbc\unfocused\7\7_9.jpg,0,0.0067166648805141,test,wbc,cnn_attention,
D:\Dineth\focus_binary_benchmark\dataset\wbc\unfocused\76\76_0.jpg,0,4.884641384705901e-05,test,wbc,cnn_attention,
D:\Dineth\focus_binary_benchmark\dataset\wbc\unfocused\76\76_1.jpg,0,0.0002197875437559,test,wbc,cnn_attention,
D:\Dineth\focus_binary_benchmark\dataset\wbc\unfocused\76\76_2.jpg,0,0.0027119710575789,test,wbc,cnn_attention,
D:\Dineth\focus_binary_benchmark\dataset\wbc\unfocused\76\76_3.jpg,0,0.1028353944420814,test,wbc,cnn_attention,
D:\Dineth\focus_binary_benchmark\dataset\wbc\unfocused\76\76_7.jpg,0,0.3102914690971374,test,wbc,cnn_attention,
D:\Dineth\focus_binary_benchmark\dataset\wbc\unfocused\76\76_8.jpg,0,0.0020493895281106,test,wbc,cnn_attention,
D:\Dineth\focus_binary_benchmark\dataset\wbc\unfocused\76\76_9.jpg,0,5.8991226978832856e-05,test,wbc,cnn_attention,
D:\Dineth\focus_binary_benchmark\dataset\wbc\unfocused\89\89_0.jpg,0,2.106805368384812e-05,test,wbc,cnn_attention,
D:\Dineth\focus_binary_benchmark\dataset\wbc\unfocused\89\89_1.jpg,0,0.0001226167951244,test,wbc,cnn_attention,
D:\Dineth\focus_binary_benchmark\dataset\wbc\unfocused\89\89_2.jpg,0,0.0001343606854788,test,wbc,cnn_attention,
D:\Dineth\focus_binary_benchmark\dataset\wbc\unfocused\89\89_3.jpg,0,0.0074018859304487,test,wbc,cnn_attention,
D:\Dineth\focus_binary_benchmark\dataset\wbc\unfocused\89\89_4.jpg,0,0.1525436043739318,test,wbc,cnn_attention,
D:\Dineth\focus_binary_benchmark\dataset\wbc\unfocused\89\89_8.jpg,0,0.0176619589328765,test,wbc,cnn_attention,
D:\Dineth\focus_binary_benchmark\dataset\wbc\unfocused\89\89_9.jpg,0,0.0003388824989087,test,wbc,cnn_attention,
D:\Dineth\focus_binary_benchmark\dataset\bma\focused\pos002_2\pos002_2_page_2.png,1,0.6921846866607666,test,bma,cnn_focus_hybrid,
D:\Dineth\focus_binary_benchmark\dataset\bma\focused\pos003_3\pos003_3_page_6.png,1,0.9410425424575806,test,bma,cnn_focus_hybrid,
D:\Dineth\focus_binary_benchmark\dataset\bma\focused\pos004_3\pos004_3_page_11.png,1,0.9950722455978394,test,bma,cnn_focus_hybrid,
D:\Dineth\focus_binary_benchmark\dataset\bma\focused\pos005_2\pos005_2_page_10.png,1,0.9592987895011902,test,bma,cnn_focus_hybrid,
D:\Dineth\focus_binary_benchmark\dataset\bma\focused\pos006_1\pos006_1_page_8.png,1,0.497292697429657,test,bma,cnn_focus_hybrid,
D:\Dineth\focus_binary_benchmark\dataset\bma\unfocused\pos002_2\pos002_2_page_1.png,0,0.0003585956001188,test,bma,cnn_focus_hybrid,
D:\Dineth\focus_binary_benchmark\dataset\bma\unfocused\pos002_2\pos002_2_page_10.png,0,0.0012982598273083,test,bma,cnn_focus_hybrid,
D:\Dineth\focus_binary_benchmark\dataset\bma\unfocused\pos002_2\pos002_2_page_11.png,0,0.0007528580608777,test,bma,cnn_focus_hybrid,
D:\Dineth\focus_binary_benchmark\dataset\bma\unfocused\pos002_2\pos002_2_page_12.png,0,0.0005605696351267,test,bma,cnn_focus_hybrid,
D:\Dineth\focus_binary_benchmark\dataset\bma\unfocused\pos002_2\pos002_2_page_13.png,0,0.0004471966822165,test,bma,cnn_focus_hybrid,
D:\Dineth\focus_binary_benchmark\dataset\bma\unfocused\pos002_2\pos002_2_page_4.png,0,0.6241241693496704,test,bma,cnn_focus_hybrid,
D:\Dineth\focus_binary_benchmark\dataset\bma\unfocused\pos002_2\pos002_2_page_5.png,0,0.5234827995300293,test,bma,cnn_focus_hybrid,
D:\Dineth\focus_binary_benchmark\dataset\bma\unfocused\pos002_2\pos002_2_page_6.png,0,0.3315675258636474,test,bma,cnn_focus_hybrid,
D:\Dineth\focus_binary_benchmark\dataset\bma\unfocused\pos002_2\pos002_2_page_7.png,0,0.1100981533527374,test,bma,cnn_focus_hybrid,
D:\Dineth\focus_binary_benchmark\dataset\bma\unfocused\pos002_2\pos002_2_page_8.png,0,0.0173076353967189,test,bma,cnn_focus_hybrid,
D:\Dineth\focus_binary_benchmark\dataset\bma\unfocused\pos002_2\pos002_2_page_9.png,0,0.0035478766076266,test,bma,cnn_focus_hybrid,
D:\Dineth\focus_binary_benchmark\dataset\bma\unfocused\pos003_3\pos003_3_page_1.png,0,0.0225062444806098,test,bma,cnn_focus_hybrid,
D:\Dineth\focus_binary_benchmark\dataset\bma\unfocused\pos003_3\pos003_3_page_10.png,0,0.0175841711461544,test,bma,cnn_focus_hybrid,
D:\Dineth\focus_binary_benchmark\dataset\bma\unfocused\pos003_3\pos003_3_page_11.png,0,0.0265182983130216,test,bma,cnn_focus_hybrid,
D:\Dineth\focus_binary_benchmark\dataset\bma\unfocused\pos003_3\pos003_3_page_12.png,0,0.0296462979167699,test,bma,cnn_focus_hybrid,
D:\Dineth\focus_binary_benchmark\dataset\bma\unfocused\pos003_3\pos003_3_page_13.png,0,0.029791971668601,test,bma,cnn_focus_hybrid,
D:\Dineth\focus_binary_benchmark\dataset\bma\unfocused\pos003_3\pos003_3_page_14.png,0,0.0271480958908796,test,bma,cnn_focus_hybrid,
D:\Dineth\focus_binary_benchmark\dataset\bma\unfocused\pos003_3\pos003_3_page_2.png,0,0.0215672124177217,test,bma,cnn_focus_hybrid,
D:\Dineth\focus_binary_benchmark\dataset\bma\unfocused\pos003_3\pos003_3_page_3.png,0,0.0341824181377887,test,bma,cnn_focus_hybrid,
D:\Dineth\focus_binary_benchmark\dataset\bma\unfocused\pos003_3\pos003_3_page_4.png,0,0.1946548521518707,test,bma,cnn_focus_hybrid,
D:\Dineth\focus_binary_benchmark\dataset\bma\unfocused\pos003_3\pos003_3_page_8.png,0,0.0311986077576875,test,bma,cnn_focus_hybrid,
D:\Dineth\focus_binary_benchmark\dataset\bma\unfocused\pos003_3\pos003_3_page_9.png,0,0.0156466588377952,test,bma,cnn_focus_hybrid,
D:\Dineth\focus_binary_benchmark\dataset\bma\unfocused\pos004_3\pos004_3_page_1.png,0,0.0587778389453887,test,bma,cnn_focus_hybrid,
D:\Dineth\focus_binary_benchmark\dataset\bma\unfocused\pos004_3\pos004_3_page_13.png,0,0.1017467081546783,test,bma,cnn_focus_hybrid,
D:\Dineth\focus_binary_benchmark\dataset\bma\unfocused\pos004_3\pos004_3_page_14.png,0,0.0400066673755645,test,bma,cnn_focus_hybrid,
D:\Dineth\focus_binary_benchmark\dataset\bma\unfocused\pos004_3\pos004_3_page_2.png,0,0.0467825606465339,test,bma,cnn_focus_hybrid,
D:\Dineth\focus_binary_benchmark\dataset\bma\unfocused\pos004_3\pos004_3_page_3.png,0,0.0515755601227283,test,bma,cnn_focus_hybrid,
D:\Dineth\focus_binary_benchmark\dataset\bma\unfocused\pos004_3\pos004_3_page_4.png,0,0.0648814886808395,test,bma,cnn_focus_hybrid,
D:\Dineth\focus_binary_benchmark\dataset\bma\unfocused\pos004_3\pos004_3_page_5.png,0,0.0673582106828689,test,bma,cnn_focus_hybrid,
D:\Dineth\focus_binary_benchmark\dataset\bma\unfocused\pos004_3\pos004_3_page_6.png,0,0.0609048195183277,test,bma,cnn_focus_hybrid,
D:\Dineth\focus_binary_benchmark\dataset\bma\unfocused\pos004_3\pos004_3_page_7.png,0,0.0535654015839099,test,bma,cnn_focus_hybrid,
D:\Dineth\focus_binary_benchmark\dataset\bma\unfocused\pos004_3\pos004_3_page_8.png,0,0.0652862340211868,test,bma,cnn_focus_hybrid,
D:\Dineth\focus_binary_benchmark\dataset\bma\unfocused\pos004_3\pos004_3_page_9.png,0,0.3334459960460663,test,bma,cnn_focus_hybrid,
D:\Dineth\focus_binary_benchmark\dataset\bma\unfocused\pos005_2\pos005_2_page_12.png,0,0.0746471956372261,test,bma,cnn_focus_hybrid,
D:\Dineth\focus_binary_benchmark\dataset\bma\unfocused\pos005_2\pos005_2_page_13.png,0,0.018747255206108,test,bma,cnn_focus_hybrid,
D:\Dineth\focus_binary_benchmark\dataset\bma\unfocused\pos005_2\pos005_2_page_14.png,0,0.0185358729213476,test,bma,cnn_focus_hybrid,
D:\Dineth\focus_binary_benchmark\dataset\bma\unfocused\pos005_2\pos005_2_page_2.png,0,0.0414240323007106,test,bma,cnn_focus_hybrid,
D:\Dineth\focus_binary_benchmark\dataset\bma\unfocused\pos005_2\pos005_2_page_3.png,0,0.0411694310605526,test,bma,cnn_focus_hybrid,
D:\Dineth\focus_binary_benchmark\dataset\bma\unfocused\pos005_2\pos005_2_page_4.png,0,0.0378709807991981,test,bma,cnn_focus_hybrid,
D:\Dineth\focus_binary_benchmark\dataset\bma\unfocused\pos005_2\pos005_2_page_5.png,0,0.0303058624267578,test,bma,cnn_focus_hybrid,
D:\Dineth\focus_binary_benchmark\dataset\bma\unfocused\pos005_2\pos005_2_page_6.png,0,0.0241468828171491,test,bma,cnn_focus_hybrid,
D:\Dineth\focus_binary_benchmark\dataset\bma\unfocused\pos005_2\pos005_2_page_7.png,0,0.026094140484929,test,bma,cnn_focus_hybrid,
D:\Dineth\focus_binary_benchmark\dataset\bma\unfocused\pos005_2\pos005_2_page_8.png,0,0.0875690281391143,test,bma,cnn_focus_hybrid,
D:\Dineth\focus_binary_benchmark\dataset\bma\unfocused\pos005_2\pos005_2_page_9.png,0,0.6801148653030396,test,bma,cnn_focus_hybrid,
D:\Dineth\focus_binary_benchmark\dataset\bma\unfocused\pos006_1\pos006_1_page_1.png,0,0.0233373828232288,test,bma,cnn_focus_hybrid,
D:\Dineth\focus_binary_benchmark\dataset\bma\unfocused\pos006_1\pos006_1_page_10.png,0,0.3341148197650909,test,bma,cnn_focus_hybrid,
D:\Dineth\focus_binary_benchmark\dataset\bma\unfocused\pos006_1\pos006_1_page_11.png,0,0.0414337255060672,test,bma,cnn_focus_hybrid,
D:\Dineth\focus_binary_benchmark\dataset\bma\unfocused\pos006_1\pos006_1_page_12.png,0,0.0196747947484254,test,bma,cnn_focus_hybrid,
D:\Dineth\focus_binary_benchmark\dataset\bma\unfocused\pos006_1\pos006_1_page_13.png,0,0.0207601450383663,test,bma,cnn_focus_hybrid,
D:\Dineth\focus_binary_benchmark\dataset\bma\unfocused\pos006_1\pos006_1_page_14.png,0,0.0230379216372966,test,bma,cnn_focus_hybrid,
D:\Dineth\focus_binary_benchmark\dataset\bma\unfocused\pos006_1\pos006_1_page_2.png,0,0.0247198902070522,test,bma,cnn_focus_hybrid,
D:\Dineth\focus_binary_benchmark\dataset\bma\unfocused\pos006_1\pos006_1_page_3.png,0,0.023731967434287,test,bma,cnn_focus_hybrid,
D:\Dineth\focus_binary_benchmark\dataset\bma\unfocused\pos006_1\pos006_1_page_4.png,0,0.0223122518509626,test,bma,cnn_focus_hybrid,
D:\Dineth\focus_binary_benchmark\dataset\bma\unfocused\pos006_1\pos006_1_page_5.png,0,0.0209572054445743,test,bma,cnn_focus_hybrid,
D:\Dineth\focus_binary_benchmark\dataset\bma\unfocused\pos006_1\pos006_1_page_6.png,0,0.0251380037516355,test,bma,cnn_focus_hybrid,
D:\Dineth\focus_binary_benchmark\dataset\pbs_imgs\focused\FieldPos207_Cam01_RGB_MB\FieldPos207_Cam01_RGB_MB_page_7.png,1,0.237588420510292,test,pbs_imgs,cnn_focus_hybrid,
D:\Dineth\focus_binary_benchmark\dataset\pbs_imgs\focused\FieldPos217_Cam01_RGB_MB\FieldPos217_Cam01_RGB_MB_page_2.png,1,0.9640525579452516,test,pbs_imgs,cnn_focus_hybrid,
D:\Dineth\focus_binary_benchmark\dataset\pbs_imgs\focused\FieldPos280_Cam01_RGB_MB\FieldPos280_Cam01_RGB_MB_page_5.png,1,0.9637749195098876,test,pbs_imgs,cnn_focus_hybrid,
D:\Dineth\focus_binary_benchmark\dataset\pbs_imgs\focused\FieldPos301_Cam01_RGB_MB\FieldPos301_Cam01_RGB_MB_page_10.png,1,0.9721471667289734,test,pbs_imgs,cnn_focus_hybrid,
D:\Dineth\focus_binary_benchmark\dataset\pbs_imgs\focused\FieldPos322_Cam01_RGB_MB\FieldPos322_Cam01_RGB_MB_page_5.png,1,0.958827018737793,test,pbs_imgs,cnn_focus_hybrid,
D:\Dineth\focus_binary_benchmark\dataset\pbs_imgs\focused\FieldPos344_Cam01_RGB_MB\FieldPos344_Cam01_RGB_MB_page_10.png,1,0.9637170433998108,test,pbs_imgs,cnn_focus_hybrid,
D:\Dineth\focus_binary_benchmark\dataset\pbs_imgs\focused\FieldPos356_Cam01_RGB_MB\FieldPos356_Cam01_RGB_MB_page_4.png,1,0.943601667881012,test,pbs_imgs,cnn_focus_hybrid,
D:\Dineth\focus_binary_benchmark\dataset\pbs_imgs\focused\FieldPos357_Cam01_RGB_MB\FieldPos357_Cam01_RGB_MB_page_4.png,1,0.9696446657180786,test,pbs_imgs,cnn_focus_hybrid,
D:\Dineth\focus_binary_benchmark\dataset\pbs_imgs\focused\FieldPos430_Cam01_RGB_MB\FieldPos430_Cam01_RGB_MB_page_8.png,1,0.8726636171340942,test,pbs_imgs,cnn_focus_hybrid,
D:\Dineth\focus_binary_benchmark\dataset\pbs_imgs\focused\FieldPos434_Cam01_RGB_MB\FieldPos434_Cam01_RGB_MB_page_7.png,1,0.7825669646263123,test,pbs_imgs,cnn_focus_hybrid,
D:\Dineth\focus_binary_benchmark\dataset\pbs_imgs\focused\FieldPos469_Cam01_RGB_MB\FieldPos469_Cam01_RGB_MB_page_11.png,1,0.959796667098999,test,pbs_imgs,cnn_focus_hybrid,
D:\Dineth\focus_binary_benchmark\dataset\pbs_imgs\unfocused\FieldPos207_Cam01_RGB_MB\FieldPos207_Cam01_RGB_MB_page_1.png,0,0.3901925683021545,test,pbs_imgs,cnn_focus_hybrid,
D:\Dineth\focus_binary_benchmark\dataset\pbs_imgs\unfocused\FieldPos207_Cam01_RGB_MB\FieldPos207_Cam01_RGB_MB_page_2.png,0,0.5110574960708618,test,pbs_imgs,cnn_focus_hybrid,
D:\Dineth\focus_binary_benchmark\dataset\pbs_imgs\unfocused\FieldPos207_Cam01_RGB_MB\FieldPos207_Cam01_RGB_MB_page_3.png,0,0.7331286072731018,test,pbs_imgs,cnn_focus_hybrid,
D:\Dineth\focus_binary_benchmark\dataset\pbs_imgs\unfocused\FieldPos207_Cam01_RGB_MB\FieldPos207_Cam01_RGB_MB_page_4.png,0,0.924597978591919,test,pbs_imgs,cnn_focus_hybrid,
D:\Dineth\focus_binary_benchmark\dataset\pbs_imgs\unfocused\FieldPos207_Cam01_RGB_MB\FieldPos207_Cam01_RGB_MB_page_5.png,0,0.8285255432128906,test,pbs_imgs,cnn_focus_hybrid,
D:\Dineth\focus_binary_benchmark\dataset\pbs_imgs\unfocused\FieldPos207_Cam01_RGB_MB\FieldPos207_Cam01_RGB_MB_page_9.png,0,0.1719100326299667,test,pbs_imgs,cnn_focus_hybrid,
D:\Dineth\focus_binary_benchmark\dataset\pbs_imgs\unfocused\FieldPos217_Cam01_RGB_MB\FieldPos217_Cam01_RGB_MB_page_4.png,0,0.0490691848099231,test,pbs_imgs,cnn_focus_hybrid,
D:\Dineth\focus_binary_benchmark\dataset\pbs_imgs\unfocused\FieldPos217_Cam01_RGB_MB\FieldPos217_Cam01_RGB_MB_page_5.png,0,0.0126914139837026,test,pbs_imgs,cnn_focus_hybrid,
D:\Dineth\focus_binary_benchmark\dataset\pbs_imgs\unfocused\FieldPos217_Cam01_RGB_MB\FieldPos217_Cam01_RGB_MB_page_6.png,0,0.015514082275331,test,pbs_imgs,cnn_focus_hybrid,
D:\Dineth\focus_binary_benchmark\dataset\pbs_imgs\unfocused\FieldPos217_Cam01_RGB_MB\FieldPos217_Cam01_RGB_MB_page_7.png,0,0.0166419874876737,test,pbs_imgs,cnn_focus_hybrid,
D:\Dineth\focus_binary_benchmark\dataset\pbs_imgs\unfocused\FieldPos217_Cam01_RGB_MB\FieldPos217_Cam01_RGB_MB_page_8.png,0,0.0188769530504941,test,pbs_imgs,cnn_focus_hybrid,
D:\Dineth\focus_binary_benchmark\dataset\pbs_imgs\unfocused\FieldPos217_Cam01_RGB_MB\FieldPos217_Cam01_RGB_MB_page_9.png,0,0.0181987360119819,test,pbs_imgs,cnn_focus_hybrid,
D:\Dineth\focus_binary_benchmark\dataset\pbs_imgs\unfocused\FieldPos280_Cam01_RGB_MB\FieldPos280_Cam01_RGB_MB_page_1.png,0,0.0362457819283008,test,pbs_imgs,cnn_focus_hybrid,
D:\Dineth\focus_binary_benchmark\dataset\pbs_imgs\unfocused\FieldPos280_Cam01_RGB_MB\FieldPos280_Cam01_RGB_MB_page_10.png,0,0.0149137321859598,test,pbs_imgs,cnn_focus_hybrid,
D:\Dineth\focus_binary_benchmark\dataset\pbs_imgs\unfocused\FieldPos280_Cam01_RGB_MB\FieldPos280_Cam01_RGB_MB_page_11.png,0,0.0168867241591215,test,pbs_imgs,cnn_focus_hybrid,
D:\Dineth\focus_binary_benchmark\dataset\pbs_imgs\unfocused\FieldPos280_Cam01_RGB_MB\FieldPos280_Cam01_RGB_MB_page_12.png,0,0.0180115513503551,test,pbs_imgs,cnn_focus_hybrid,
D:\Dineth\focus_binary_benchmark\dataset\pbs_imgs\unfocused\FieldPos280_Cam01_RGB_MB\FieldPos280_Cam01_RGB_MB_page_13.png,0,0.0169909782707691,test,pbs_imgs,cnn_focus_hybrid,
D:\Dineth\focus_binary_benchmark\dataset\pbs_imgs\unfocused\FieldPos280_Cam01_RGB_MB\FieldPos280_Cam01_RGB_MB_page_14.png,0,0.0164715517312288,test,pbs_imgs,cnn_focus_hybrid,
D:\Dineth\focus_binary_benchmark\dataset\pbs_imgs\unfocused\FieldPos280_Cam01_RGB_MB\FieldPos280_Cam01_RGB_MB_page_15.png,0,0.014359675347805,test,pbs_imgs,cnn_focus_hybrid,
D:\Dineth\focus_binary_benchmark\dataset\pbs_imgs\unfocused\FieldPos280_Cam01_RGB_MB\FieldPos280_Cam01_RGB_MB_page_2.png,0,0.0934643596410751,test,pbs_imgs,cnn_focus_hybrid,
D:\Dineth\focus_binary_benchmark\dataset\pbs_imgs\unfocused\FieldPos280_Cam01_RGB_MB\FieldPos280_Cam01_RGB_MB_page_3.png,0,0.2275430709123611,test,pbs_imgs,cnn_focus_hybrid,
D:\Dineth\focus_binary_benchmark\dataset\pbs_imgs\unfocused\FieldPos280_Cam01_RGB_MB\FieldPos280_Cam01_RGB_MB_page_7.png,0,0.3285493552684784,test,pbs_imgs,cnn_focus_hybrid,
D:\Dineth\focus_binary_benchmark\dataset\pbs_imgs\unfocused\FieldPos280_Cam01_RGB_MB\FieldPos280_Cam01_RGB_MB_page_8.png,0,0.0556623861193656,test,pbs_imgs,cnn_focus_hybrid,
D:\Dineth\focus_binary_benchmark\dataset\pbs_imgs\unfocused\FieldPos280_Cam01_RGB_MB\FieldPos280_Cam01_RGB_MB_page_9.png,0,0.0263506695628166,test,pbs_imgs,cnn_focus_hybrid,
D:\Dineth\focus_binary_benchmark\dataset\pbs_imgs\unfocused\FieldPos301_Cam01_RGB_MB\FieldPos301_Cam01_RGB_MB_page_12.png,0,0.0643682777881622,test,pbs_imgs,cnn_focus_hybrid,
D:\Dineth\focus_binary_benchmark\dataset\pbs_imgs\unfocused\FieldPos301_Cam01_RGB_MB\FieldPos301_Cam01_RGB_MB_page_13.png,0,0.0308411233127117,test,pbs_imgs,cnn_focus_hybrid,
D:\Dineth\focus_binary_benchmark\dataset\pbs_imgs\unfocused\FieldPos301_Cam01_RGB_MB\FieldPos301_Cam01_RGB_MB_page_14.png,0,0.0216048955917358,test,pbs_imgs,cnn_focus_hybrid,
D:\Dineth\focus_binary_benchmark\dataset\pbs_imgs\unfocused\FieldPos301_Cam01_RGB_MB\FieldPos301_Cam01_RGB_MB_page_15.png,0,0.0194488950073719,test,pbs_imgs,cnn_focus_hybrid,
D:\Dineth\focus_binary_benchmark\dataset\pbs_imgs\unfocused\FieldPos301_Cam01_RGB_MB\FieldPos301_Cam01_RGB_MB_page_2.png,0,0.0204877089709043,test,pbs_imgs,cnn_focus_hybrid,
D:\Dineth\focus_binary_benchmark\dataset\pbs_imgs\unfocused\FieldPos301_Cam01_RGB_MB\FieldPos301_Cam01_RGB_MB_page_3.png,0,0.0212312303483486,test,pbs_imgs,cnn_focus_hybrid,
D:\Dineth\focus_binary_benchmark\dataset\pbs_imgs\unfocused\FieldPos301_Cam01_RGB_MB\FieldPos301_Cam01_RGB_MB_page_4.png,0,0.0222767386585474,test,pbs_imgs,cnn_focus_hybrid,
D:\Dineth\focus_binary_benchmark\dataset\pbs_imgs\unfocused\FieldPos301_Cam01_RGB_MB\FieldPos301_Cam01_RGB_MB_page_5.png,0,0.0289817042648792,test,pbs_imgs,cnn_focus_hybrid,
D:\Dineth\focus_binary_benchmark\dataset\pbs_imgs\unfocused\FieldPos301_Cam01_RGB_MB\FieldPos301_Cam01_RGB_MB_page_6.png,0,0.0392005071043968,test,pbs_imgs,cnn_focus_hybrid,
D:\Dineth\focus_binary_benchmark\dataset\pbs_imgs\unfocused\FieldPos301_Cam01_RGB_MB\FieldPos301_Cam01_RGB_MB_page_7.png,0,0.1009762212634086,test,pbs_imgs,cnn_focus_hybrid,
D:\Dineth\focus_binary_benchmark\dataset\pbs_imgs\unfocused\FieldPos301_Cam01_RGB_MB\FieldPos301_Cam01_RGB_MB_page_8.png,0,0.6355206966400146,test,pbs_imgs,cnn_focus_hybrid,
D:\Dineth\focus_binary_benchmark\dataset\pbs_imgs\unfocused\FieldPos301_Cam01_RGB_MB\FieldPos301_Cam01_RGB_MB_page_9.png,0,0.9725217819213868,test,pbs_imgs,cnn_focus_hybrid,
D:\Dineth\focus_binary_benchmark\dataset\pbs_imgs\unfocused\FieldPos322_Cam01_RGB_MB\FieldPos322_Cam01_RGB_MB_page_1.png,0,0.0143219167366623,test,pbs_imgs,cnn_focus_hybrid,
D:\Dineth\focus_binary_benchmark\dataset\pbs_imgs\unfocused\FieldPos322_Cam01_RGB_MB\FieldPos322_Cam01_RGB_MB_page_10.png,0,0.0083386013284325,test,pbs_imgs,cnn_focus_hybrid,
D:\Dineth\focus_binary_benchmark\dataset\pbs_imgs\unfocused\FieldPos322_Cam01_RGB_MB\FieldPos322_Cam01_RGB_MB_page_11.png,0,0.0149954799562692,test,pbs_imgs,cnn_focus_hybrid,
D:\Dineth\focus_binary_benchmark\dataset\pbs_imgs\unfocused\FieldPos322_Cam01_RGB_MB\FieldPos322_Cam01_RGB_MB_page_12.png,0,0.0232716035097837,test,pbs_imgs,cnn_focus_hybrid,
D:\Dineth\focus_binary_benchmark\dataset\pbs_imgs\unfocused\FieldPos322_Cam01_RGB_MB\FieldPos322_Cam01_RGB_MB_page_13.png,0,0.028382696211338,test,pbs_imgs,cnn_focus_hybrid,
D:\Dineth\focus_binary_benchmark\dataset\pbs_imgs\unfocused\FieldPos322_Cam01_RGB_MB\FieldPos322_Cam01_RGB_MB_page_14.png,0,0.0317251123487949,test,pbs_imgs,cnn_focus_hybrid,
D:\Dineth\focus_binary_benchmark\dataset\pbs_imgs\unfocused\FieldPos322_Cam01_RGB_MB\FieldPos322_Cam01_RGB_MB_page_15.png,0,0.0324398688971996,test,pbs_imgs,cnn_focus_hybrid,
D:\Dineth\focus_binary_benchmark\dataset\pbs_imgs\unfocused\FieldPos322_Cam01_RGB_MB\FieldPos322_Cam01_RGB_MB_page_2.png,0,0.0256569497287273,test,pbs_imgs,cnn_focus_hybrid,
D:\Dineth\focus_binary_benchmark\dataset\pbs_imgs\unfocused\FieldPos322_Cam01_RGB_MB\FieldPos322_Cam01_RGB_MB_page_3.png,0,0.2406742423772812,test,pbs_imgs,cnn_focus_hybrid,
D:\Dineth\focus_binary_benchmark\dataset\pbs_imgs\unfocused\FieldPos322_Cam01_RGB_MB\FieldPos322_Cam01_RGB_MB_page_7.png,0,0.0334488488733768,test,pbs_imgs,cnn_focus_hybrid,
D:\Dineth\focus_binary_benchmark\dataset\pbs_imgs\unfocused\FieldPos322_Cam01_RGB_MB\FieldPos322_Cam01_RGB_MB_page_8.png,0,0.005115792620927,test,pbs_imgs,cnn_focus_hybrid,
D:\Dineth\focus_binary_benchmark\dataset\pbs_imgs\unfocused\FieldPos322_Cam01_RGB_MB\FieldPos322_Cam01_RGB_MB_page_9.png,0,0.0050537916831672,test,pbs_imgs,cnn_focus_hybrid,
D:\Dineth\focus_binary_benchmark\dataset\pbs_imgs\unfocused\FieldPos344_Cam01_RGB_MB\FieldPos344_Cam01_RGB_MB_page_12.png,0,0.0184422954916954,test,pbs_imgs,cnn_focus_hybrid,
D:\Dineth\focus_binary_benchmark\dataset\pbs_imgs\unfocused\FieldPos344_Cam01_RGB_MB\FieldPos344_Cam01_RGB_MB_page_13.png,0,0.0073690088465809,test,pbs_imgs,cnn_focus_hybrid,
D:\Dineth\focus_binary_benchmark\dataset\pbs_imgs\unfocused\FieldPos344_Cam01_RGB_MB\FieldPos344_Cam01_RGB_MB_page_14.png,0,0.0086620887741446,test,pbs_imgs,cnn_focus_hybrid,
D:\Dineth\focus_binary_benchmark\dataset\pbs_imgs\unfocused\FieldPos344_Cam01_RGB_MB\FieldPos344_Cam01_RGB_MB_page_15.png,0,0.0133786089718341,test,pbs_imgs,cnn_focus_hybrid,
D:\Dineth\focus_binary_benchmark\dataset\pbs_imgs\unfocused\FieldPos344_Cam01_RGB_MB\FieldPos344_Cam01_RGB_MB_page_2.png,0,0.0250376164913177,test,pbs_imgs,cnn_focus_hybrid,
D:\Dineth\focus_binary_benchmark\dataset\pbs_imgs\unfocused\FieldPos344_Cam01_RGB_MB\FieldPos344_Cam01_RGB_MB_page_3.png,0,0.0199303869158029,test,pbs_imgs,cnn_focus_hybrid,
D:\Dineth\focus_binary_benchmark\dataset\pbs_imgs\unfocused\FieldPos344_Cam01_RGB_MB\FieldPos344_Cam01_RGB_MB_page_4.png,0,0.016733031719923,test,pbs_imgs,cnn_focus_hybrid,
D:\Dineth\focus_binary_benchmark\dataset\pbs_imgs\unfocused\FieldPos344_Cam01_RGB_MB\FieldPos344_Cam01_RGB_MB_page_5.png,0,0.0129052894189953,test,pbs_imgs,cnn_focus_hybrid,
D:\Dineth\focus_binary_benchmark\dataset\pbs_imgs\unfocused\FieldPos344_Cam01_RGB_MB\FieldPos344_Cam01_RGB_MB_page_6.png,0,0.013898815959692,test,pbs_imgs,cnn_focus_hybrid,
D:\Dineth\focus_binary_benchmark\dataset\pbs_imgs\unfocused\FieldPos344_Cam01_RGB_MB\FieldPos344_Cam01_RGB_MB_page_7.png,0,0.0259714163839817,test,pbs_imgs,cnn_focus_hybrid,
D:\Dineth\focus_binary_benchmark\dataset\pbs_imgs\unfocused\FieldPos344_Cam01_RGB_MB\FieldPos344_Cam01_RGB_MB_page_8.png,0,0.2044228911399841,test,pbs_imgs,cnn_focus_hybrid,
D:\Dineth\focus_binary_benchmark\dataset\pbs_imgs\unfocused\FieldPos344_Cam01_RGB_MB\FieldPos344_Cam01_RGB_MB_page_9.png,0,0.9406790137290956,test,pbs_imgs,cnn_focus_hybrid,
D:\Dineth\focus_binary_benchmark\dataset\pbs_imgs\unfocused\FieldPos356_Cam01_RGB_MB\FieldPos356_Cam01_RGB_MB_page_1.png,0,0.078181080520153,test,pbs_imgs,cnn_focus_hybrid,
D:\Dineth\focus_binary_benchmark\dataset\pbs_imgs\unfocused\FieldPos356_Cam01_RGB_MB\FieldPos356_Cam01_RGB_MB_page_10.png,0,0.0165136195719242,test,pbs_imgs,cnn_focus_hybrid,
D:\Dineth\focus_binary_benchmark\dataset\pbs_imgs\unfocused\FieldPos356_Cam01_RGB_MB\FieldPos356_Cam01_RGB_MB_page_11.png,0,0.0264854338020086,test,pbs_imgs,cnn_focus_hybrid,
D:\Dineth\focus_binary_benchmark\dataset\pbs_imgs\unfocused\FieldPos356_Cam01_RGB_MB\FieldPos356_Cam01_RGB_MB_page_12.png,0,0.0357137732207775,test,pbs_imgs,cnn_focus_hybrid,
D:\Dineth\focus_binary_benchmark\dataset\pbs_imgs\unfocused\FieldPos356_Cam01_RGB_MB\FieldPos356_Cam01_RGB_MB_page_13.png,0,0.0526689253747463,test,pbs_imgs,cnn_focus_hybrid,
D:\Dineth\focus_binary_benchmark\dataset\pbs_imgs\unfocused\FieldPos356_Cam01_RGB_MB\FieldPos356_Cam01_RGB_MB_page_14.png,0,0.0604568608105182,test,pbs_imgs,cnn_focus_hybrid,
D:\Dineth\focus_binary_benchmark\dataset\pbs_imgs\unfocused\FieldPos356_Cam01_RGB_MB\FieldPos356_Cam01_RGB_MB_page_15.png,0,0.064142920076847,test,pbs_imgs,cnn_focus_hybrid,
D:\Dineth\focus_binary_benchmark\dataset\pbs_imgs\unfocused\FieldPos356_Cam01_RGB_MB\FieldPos356_Cam01_RGB_MB_page_2.png,0,0.5078520774841309,test,pbs_imgs,cnn_focus_hybrid,
D:\Dineth\focus_binary_benchmark\dataset\pbs_imgs\unfocused\FieldPos356_Cam01_RGB_MB\FieldPos356_Cam01_RGB_MB_page_6.png,0,0.0839839205145835,test,pbs_imgs,cnn_focus_hybrid,
D:\Dineth\focus_binary_benchmark\dataset\pbs_imgs\unfocused\FieldPos356_Cam01_RGB_MB\FieldPos356_Cam01_RGB_MB_page_7.png,0,0.00805423874408,test,pbs_imgs,cnn_focus_hybrid,
D:\Dineth\focus_binary_benchmark\dataset\pbs_imgs\unfocused\FieldPos356_Cam01_RGB_MB\FieldPos356_Cam01_RGB_MB_page_8.png,0,0.0065297055989503,test,pbs_imgs,cnn_focus_hybrid,
D:\Dineth\focus_binary_benchmark\dataset\pbs_imgs\unfocused\FieldPos356_Cam01_RGB_MB\FieldPos356_Cam01_RGB_MB_page_9.png,0,0.0096284989267587,test,pbs_imgs,cnn_focus_hybrid,
D:\Dineth\focus_binary_benchmark\dataset\pbs_imgs\unfocused\FieldPos357_Cam01_RGB_MB\FieldPos357_Cam01_RGB_MB_page_1.png,0,0.0997747406363487,test,pbs_imgs,cnn_focus_hybrid,
D:\Dineth\focus_binary_benchmark\dataset\pbs_imgs\unfocused\FieldPos357_Cam01_RGB_MB\FieldPos357_Cam01_RGB_MB_page_10.png,0,0.0255069229751825,test,pbs_imgs,cnn_focus_hybrid,
D:\Dineth\focus_binary_benchmark\dataset\pbs_imgs\unfocused\FieldPos357_Cam01_RGB_MB\FieldPos357_Cam01_RGB_MB_page_11.png,0,0.0472687669098377,test,pbs_imgs,cnn_focus_hybrid,
D:\Dineth\focus_binary_benchmark\dataset\pbs_imgs\unfocused\FieldPos357_Cam01_RGB_MB\FieldPos357_Cam01_RGB_MB_page_12.png,0,0.0615074411034584,test,pbs_imgs,cnn_focus_hybrid,
D:\Dineth\focus_binary_benchmark\dataset\pbs_imgs\unfocused\FieldPos357_Cam01_RGB_MB\FieldPos357_Cam01_RGB_MB_page_13.png,0,0.0838322788476944,test,pbs_imgs,cnn_focus_hybrid,
D:\Dineth\focus_binary_benchmark\dataset\pbs_imgs\unfocused\FieldPos357_Cam01_RGB_MB\FieldPos357_Cam01_RGB_MB_page_14.png,0,0.1045336350798606,test,pbs_imgs,cnn_focus_hybrid,
D:\Dineth\focus_binary_benchmark\dataset\pbs_imgs\unfocused\FieldPos357_Cam01_RGB_MB\FieldPos357_Cam01_RGB_MB_page_15.png,0,0.1122234314680099,test,pbs_imgs,cnn_focus_hybrid,
D:\Dineth\focus_binary_benchmark\dataset\pbs_imgs\unfocused\FieldPos357_Cam01_RGB_MB\FieldPos357_Cam01_RGB_MB_page_2.png,0,0.3260746300220489,test,pbs_imgs,cnn_focus_hybrid,
D:\Dineth\focus_binary_benchmark\dataset\pbs_imgs\unfocused\FieldPos357_Cam01_RGB_MB\FieldPos357_Cam01_RGB_MB_page_6.png,0,0.1687808781862259,test,pbs_imgs,cnn_focus_hybrid,
D:\Dineth\focus_binary_benchmark\dataset\pbs_imgs\unfocused\FieldPos357_Cam01_RGB_MB\FieldPos357_Cam01_RGB_MB_page_7.png,0,0.0332760252058506,test,pbs_imgs,cnn_focus_hybrid,
D:\Dineth\focus_binary_benchmark\dataset\pbs_imgs\unfocused\FieldPos357_Cam01_RGB_MB\FieldPos357_Cam01_RGB_MB_page_8.png,0,0.0125624816864728,test,pbs_imgs,cnn_focus_hybrid,
D:\Dineth\focus_binary_benchmark\dataset\pbs_imgs\unfocused\FieldPos357_Cam01_RGB_MB\FieldPos357_Cam01_RGB_MB_page_9.png,0,0.0186077766120433,test,pbs_imgs,cnn_focus_hybrid,
D:\Dineth\focus_binary_benchmark\dataset\pbs_imgs\unfocused\FieldPos430_Cam01_RGB_MB\FieldPos430_Cam01_RGB_MB_page_1.png,0,0.0145902130752801,test,pbs_imgs,cnn_focus_hybrid,
D:\Dineth\focus_binary_benchmark\dataset\pbs_imgs\unfocused\FieldPos430_Cam01_RGB_MB\FieldPos430_Cam01_RGB_MB_page_10.png,0,0.0167459733784198,test,pbs_imgs,cnn_focus_hybrid,
D:\Dineth\focus_binary_benchmark\dataset\pbs_imgs\unfocused\FieldPos430_Cam01_RGB_MB\FieldPos430_Cam01_RGB_MB_page_11.png,0,0.0072807255201041,test,pbs_imgs,cnn_focus_hybrid,
D:\Dineth\focus_binary_benchmark\dataset\pbs_imgs\unfocused\FieldPos430_Cam01_RGB_MB\FieldPos430_Cam01_RGB_MB_page_12.png,0,0.0086310999467968,test,pbs_imgs,cnn_focus_hybrid,
D:\Dineth\focus_binary_benchmark\dataset\pbs_imgs\unfocused\FieldPos430_Cam01_RGB_MB\FieldPos430_Cam01_RGB_MB_page_13.png,0,0.0125816063955426,test,pbs_imgs,cnn_focus_hybrid,
D:\Dineth\focus_binary_benchmark\dataset\pbs_imgs\unfocused\FieldPos430_Cam01_RGB_MB\FieldPos430_Cam01_RGB_MB_page_14.png,0,0.0175279323011636,test,pbs_imgs,cnn_focus_hybrid,
D:\Dineth\focus_binary_benchmark\dataset\pbs_imgs\unfocused\FieldPos430_Cam01_RGB_MB\FieldPos430_Cam01_RGB_MB_page_15.png,0,0.0206715650856494,test,pbs_imgs,cnn_focus_hybrid,
D:\Dineth\focus_binary_benchmark\dataset\pbs_imgs\unfocused\FieldPos430_Cam01_RGB_MB\FieldPos430_Cam01_RGB_MB_page_2.png,0,0.0117452098056674,test,pbs_imgs,cnn_focus_hybrid,
D:\Dineth\focus_binary_benchmark\dataset\pbs_imgs\unfocused\FieldPos430_Cam01_RGB_MB\FieldPos430_Cam01_RGB_MB_page_3.png,0,0.0102957291528582,test,pbs_imgs,cnn_focus_hybrid,
D:\Dineth\focus_binary_benchmark\dataset\pbs_imgs\unfocused\FieldPos430_Cam01_RGB_MB\FieldPos430_Cam01_RGB_MB_page_4.png,0,0.0105771040543913,test,pbs_imgs,cnn_focus_hybrid,
D:\Dineth\focus_binary_benchmark\dataset\pbs_imgs\unfocused\FieldPos430_Cam01_RGB_MB\FieldPos430_Cam01_RGB_MB_page_5.png,0,0.0183571372181177,test,pbs_imgs,cnn_focus_hybrid,
D:\Dineth\focus_binary_benchmark\dataset\pbs_imgs\unfocused\FieldPos430_Cam01_RGB_MB\FieldPos430_Cam01_RGB_MB_page_6.png,0,0.126930296421051,test,pbs_imgs,cnn_focus_hybrid,
D:\Dineth\focus_binary_benchmark\dataset\pbs_imgs\unfocused\FieldPos434_Cam01_RGB_MB\FieldPos434_Cam01_RGB_MB_page_1.png,0,0.021744729951024,test,pbs_imgs,cnn_focus_hybrid,
D:\Dineth\focus_binary_benchmark\dataset\pbs_imgs\unfocused\FieldPos434_Cam01_RGB_MB\FieldPos434_Cam01_RGB_MB_page_10.png,0,0.0126073313876986,test,pbs_imgs,cnn_focus_hybrid,
D:\Dineth\focus_binary_benchmark\dataset\pbs_imgs\unfocused\FieldPos434_Cam01_RGB_MB\FieldPos434_Cam01_RGB_MB_page_11.png,0,0.0151477642357349,test,pbs_imgs,cnn_focus_hybrid,
D:\Dineth\focus_binary_benchmark\dataset\pbs_imgs\unfocused\FieldPos434_Cam01_RGB_MB\FieldPos434_Cam01_RGB_MB_page_12.png,0,0.0230504553765058,test,pbs_imgs,cnn_focus_hybrid,
D:\Dineth\focus_binary_benchmark\dataset\pbs_imgs\unfocused\FieldPos434_Cam01_RGB_MB\FieldPos434_Cam01_RGB_MB_page_13.png,0,0.0344045348465442,test,pbs_imgs,cnn_focus_hybrid,
D:\Dineth\focus_binary_benchmark\dataset\pbs_imgs\unfocused\FieldPos434_Cam01_RGB_MB\FieldPos434_Cam01_RGB_MB_page_14.png,0,0.0528370775282382,test,pbs_imgs,cnn_focus_hybrid,
D:\Dineth\focus_binary_benchmark\dataset\pbs_imgs\unfocused\FieldPos434_Cam01_RGB_MB\FieldPos434_Cam01_RGB_MB_page_15.png,0,0.0783541575074195,test,pbs_imgs,cnn_focus_hybrid,
D:\Dineth\focus_binary_benchmark\dataset\pbs_imgs\unfocused\FieldPos434_Cam01_RGB_MB\FieldPos434_Cam01_RGB_MB_page_2.png,0,0.0176147893071174,test,pbs_imgs,cnn_focus_hybrid,
D:\Dineth\focus_binary_benchmark\dataset\pbs_imgs\unfocused\FieldPos434_Cam01_RGB_MB\FieldPos434_Cam01_RGB_MB_page_3.png,0,0.0156293381005525,test,pbs_imgs,cnn_focus_hybrid,
D:\Dineth\focus_binary_benchmark\dataset\pbs_imgs\unfocused\FieldPos434_Cam01_RGB_MB\FieldPos434_Cam01_RGB_MB_page_4.png,0,0.0215401109308004,test,pbs_imgs,cnn_focus_hybrid,
D:\Dineth\focus_binary_benchmark\dataset\pbs_imgs\unfocused\FieldPos434_Cam01_RGB_MB\FieldPos434_Cam01_RGB_MB_page_5.png,0,0.1457582414150238,test,pbs_imgs,cnn_focus_hybrid,
D:\Dineth\focus_binary_benchmark\dataset\pbs_imgs\unfocused\FieldPos434_Cam01_RGB_MB\FieldPos434_Cam01_RGB_MB_page_9.png,0,0.0238364599645137,test,pbs_imgs,cnn_focus_hybrid,
D:\Dineth\focus_binary_benchmark\dataset\pbs_imgs\unfocused\FieldPos469_Cam01_RGB_MB\FieldPos469_Cam01_RGB_MB_page_1.png,0,0.1079747080802917,test,pbs_imgs,cnn_focus_hybrid,
D:\Dineth\focus_binary_benchmark\dataset\pbs_imgs\unfocused\FieldPos469_Cam01_RGB_MB\FieldPos469_Cam01_RGB_MB_page_13.png,0,0.6542642116546631,test,pbs_imgs,cnn_focus_hybrid,
D:\Dineth\focus_binary_benchmark\dataset\pbs_imgs\unfocused\FieldPos469_Cam01_RGB_MB\FieldPos469_Cam01_RGB_MB_page_14.png,0,0.3162569403648376,test,pbs_imgs,cnn_focus_hybrid,
D:\Dineth\focus_binary_benchmark\dataset\pbs_imgs\unfocused\FieldPos469_Cam01_RGB_MB\FieldPos469_Cam01_RGB_MB_page_15.png,0,0.2367864102125167,test,pbs_imgs,cnn_focus_hybrid,
D:\Dineth\focus_binary_benchmark\dataset\pbs_imgs\unfocused\FieldPos469_Cam01_RGB_MB\FieldPos469_Cam01_RGB_MB_page_2.png,0,0.1880926191806793,test,pbs_imgs,cnn_focus_hybrid,
D:\Dineth\focus_binary_benchmark\dataset\pbs_imgs\unfocused\FieldPos469_Cam01_RGB_MB\FieldPos469_Cam01_RGB_MB_page_3.png,0,0.2444542348384857,test,pbs_imgs,cnn_focus_hybrid,
D:\Dineth\focus_binary_benchmark\dataset\pbs_imgs\unfocused\FieldPos469_Cam01_RGB_MB\FieldPos469_Cam01_RGB_MB_page_4.png,0,0.1724584549665451,test,pbs_imgs,cnn_focus_hybrid,
D:\Dineth\focus_binary_benchmark\dataset\pbs_imgs\unfocused\FieldPos469_Cam01_RGB_MB\FieldPos469_Cam01_RGB_MB_page_5.png,0,0.2732060849666595,test,pbs_imgs,cnn_focus_hybrid,
D:\Dineth\focus_binary_benchmark\dataset\pbs_imgs\unfocused\FieldPos469_Cam01_RGB_MB\FieldPos469_Cam01_RGB_MB_page_6.png,0,0.2436175793409347,test,pbs_imgs,cnn_focus_hybrid,
D:\Dineth\focus_binary_benchmark\dataset\pbs_imgs\unfocused\FieldPos469_Cam01_RGB_MB\FieldPos469_Cam01_RGB_MB_page_7.png,0,0.2544730603694916,test,pbs_imgs,cnn_focus_hybrid,
D:\Dineth\focus_binary_benchmark\dataset\pbs_imgs\unfocused\FieldPos469_Cam01_RGB_MB\FieldPos469_Cam01_RGB_MB_page_8.png,0,0.2567940354347229,test,pbs_imgs,cnn_focus_hybrid,
D:\Dineth\focus_binary_benchmark\dataset\pbs_imgs\unfocused\FieldPos469_Cam01_RGB_MB\FieldPos469_Cam01_RGB_MB_page_9.png,0,0.3427017033100128,test,pbs_imgs,cnn_focus_hybrid,
D:\Dineth\focus_binary_benchmark\dataset\tbf_imgs\focused\FieldPos000 (4)\FieldPos000 (4)_page_7.png,1,0.9607622027397156,test,tbf_imgs,cnn_focus_hybrid,
D:\Dineth\focus_binary_benchmark\dataset\tbf_imgs\focused\FieldPos002 (2)\FieldPos002 (2)_page_7.png,1,0.9790762066841124,test,tbf_imgs,cnn_focus_hybrid,
D:\Dineth\focus_binary_benchmark\dataset\tbf_imgs\focused\FieldPos002 (3)\FieldPos002 (3)_page_8.png,1,0.9800519943237304,test,tbf_imgs,cnn_focus_hybrid,
D:\Dineth\focus_binary_benchmark\dataset\tbf_imgs\focused\FieldPos003 (4)\FieldPos003 (4)_page_7.png,1,0.9538978934288024,test,tbf_imgs,cnn_focus_hybrid,
D:\Dineth\focus_binary_benchmark\dataset\tbf_imgs\focused\FieldPos004 (3)\FieldPos004 (3)_page_7.png,1,0.9673964977264404,test,tbf_imgs,cnn_focus_hybrid,
D:\Dineth\focus_binary_benchmark\dataset\tbf_imgs\focused\FieldPos007 (3)\FieldPos007 (3)_page_6.png,1,0.6581624746322632,test,tbf_imgs,cnn_focus_hybrid,
D:\Dineth\focus_binary_benchmark\dataset\tbf_imgs\focused\FieldPos008\FieldPos008_page_7.png,1,0.958240270614624,test,tbf_imgs,cnn_focus_hybrid,
D:\Dineth\focus_binary_benchmark\dataset\tbf_imgs\focused\FieldPos010\FieldPos010_page_7.png,1,0.8025675415992737,test,tbf_imgs,cnn_focus_hybrid,
D:\Dineth\focus_binary_benchmark\dataset\tbf_imgs\focused\FieldPos018 (2)\FieldPos018 (2)_page_6.png,1,0.6131168007850647,test,tbf_imgs,cnn_focus_hybrid,
D:\Dineth\focus_binary_benchmark\dataset\tbf_imgs\focused\FieldPos019 (2)\FieldPos019 (2)_page_6.png,1,0.5956624746322632,test,tbf_imgs,cnn_focus_hybrid,
D:\Dineth\focus_binary_benchmark\dataset\tbf_imgs\focused\FieldPos023\FieldPos023_page_6.png,1,0.5208366513252258,test,tbf_imgs,cnn_focus_hybrid,
D:\Dineth\focus_binary_benchmark\dataset\tbf_imgs\focused\FieldPos029\FieldPos029_page_8.png,1,0.648045539855957,test,tbf_imgs,cnn_focus_hybrid,
D:\Dineth\focus_binary_benchmark\dataset\tbf_imgs\focused\FieldPos033 (2)\FieldPos033 (2)_page_8.png,1,0.8465626835823059,test,tbf_imgs,cnn_focus_hybrid,
D:\Dineth\focus_binary_benchmark\dataset\tbf_imgs\focused\FieldPos036\FieldPos036_page_8.png,1,0.7117996215820312,test,tbf_imgs,cnn_focus_hybrid,
D:\Dineth\focus_binary_benchmark\dataset\tbf_imgs\focused\FieldPos038\FieldPos038_page_7.png,1,0.69598388671875,test,tbf_imgs,cnn_focus_hybrid,
D:\Dineth\focus_binary_benchmark\dataset\tbf_imgs\focused\FieldPos040\FieldPos040_page_7.png,1,0.692847490310669,test,tbf_imgs,cnn_focus_hybrid,
D:\Dineth\focus_binary_benchmark\dataset\tbf_imgs\focused\FieldPos044\FieldPos044_page_8.png,1,0.6339021921157837,test,tbf_imgs,cnn_focus_hybrid,
D:\Dineth\focus_binary_benchmark\dataset\tbf_imgs\focused\FieldPos053\FieldPos053_page_7.png,1,0.5379173755645752,test,tbf_imgs,cnn_focus_hybrid,
D:\Dineth\focus_binary_benchmark\dataset\tbf_imgs\focused\FieldPos059\FieldPos059_page_6.png,1,0.9369567036628724,test,tbf_imgs,cnn_focus_hybrid,
D:\Dineth\focus_binary_benchmark\dataset\tbf_imgs\focused\FieldPos066\FieldPos066_page_6.png,1,0.6109421849250793,test,tbf_imgs,cnn_focus_hybrid,
D:\Dineth\focus_binary_benchmark\dataset\tbf_imgs\focused\FieldPos069\FieldPos069_page_5.png,1,0.705188512802124,test,tbf_imgs,cnn_focus_hybrid,
D:\Dineth\focus_binary_benchmark\dataset\tbf_imgs\focused\FieldPos074\FieldPos074_page_6.png,1,0.2744285762310028,test,tbf_imgs,cnn_focus_hybrid,
D:\Dineth\focus_binary_benchmark\dataset\tbf_imgs\focused\FieldPos082\FieldPos082_page_6.png,1,0.0119800986722111,test,tbf_imgs,cnn_focus_hybrid,
D:\Dineth\focus_binary_benchmark\dataset\tbf_imgs\focused\FieldPos103\FieldPos103_page_8.png,1,0.568985104560852,test,tbf_imgs,cnn_focus_hybrid,
D:\Dineth\focus_binary_benchmark\dataset\tbf_imgs\focused\FieldPos104\FieldPos104_page_7.png,1,0.5611144304275513,test,tbf_imgs,cnn_focus_hybrid,
D:\Dineth\focus_binary_benchmark\dataset\tbf_imgs\focused\FieldPos107\FieldPos107_page_5.png,1,0.5241873264312744,test,tbf_imgs,cnn_focus_hybrid,
D:\Dineth\focus_binary_benchmark\dataset\tbf_imgs\focused\FieldPos200\FieldPos200_page_7.png,1,0.6117082834243774,test,tbf_imgs,cnn_focus_hybrid,
D:\Dineth\focus_binary_benchmark\dataset\tbf_imgs\focused\FieldPos203\FieldPos203_page_7.png,1,0.7695656418800354,test,tbf_imgs,cnn_focus_hybrid,
D:\Dineth\focus_binary_benchmark\dataset\tbf_imgs\unfocused\FieldPos000 (4)\FieldPos000 (4)_page_1.png,0,0.0149801466614007,test,tbf_imgs,cnn_focus_hybrid,
D:\Dineth\focus_binary_benchmark\dataset\tbf_imgs\unfocused\FieldPos000 (4)\FieldPos000 (4)_page_10.png,0,0.0197803098708391,test,tbf_imgs,cnn_focus_hybrid,
D:\Dineth\focus_binary_benchmark\dataset\tbf_imgs\unfocused\FieldPos000 (4)\FieldPos000 (4)_page_11.png,0,0.0148805622011423,test,tbf_imgs,cnn_focus_hybrid,
D:\Dineth\focus_binary_benchmark\dataset\tbf_imgs\unfocused\FieldPos000 (4)\FieldPos000 (4)_page_12.png,0,0.0139542985707521,test,tbf_imgs,cnn_focus_hybrid,
D:\Dineth\focus_binary_benchmark\dataset\tbf_imgs\unfocused\FieldPos000 (4)\FieldPos000 (4)_page_13.png,0,0.0128094376996159,test,tbf_imgs,cnn_focus_hybrid,
D:\Dineth\focus_binary_benchmark\dataset\tbf_imgs\unfocused\FieldPos000 (4)\FieldPos000 (4)_page_14.png,0,0.012929712422192,test,tbf_imgs,cnn_focus_hybrid,
D:\Dineth\focus_binary_benchmark\dataset\tbf_imgs\unfocused\FieldPos000 (4)\FieldPos000 (4)_page_2.png,0,0.0187678784132003,test,tbf_imgs,cnn_focus_hybrid,
D:\Dineth\focus_binary_benchmark\dataset\tbf_imgs\unfocused\FieldPos000 (4)\FieldPos000 (4)_page_3.png,0,0.0265890154987573,test,tbf_imgs,cnn_focus_hybrid,
D:\Dineth\focus_binary_benchmark\dataset\tbf_imgs\unfocused\FieldPos000 (4)\FieldPos000 (4)_page_4.png,0,0.0770541802048683,test,tbf_imgs,cnn_focus_hybrid,
D:\Dineth\focus_binary_benchmark\dataset\tbf_imgs\unfocused\FieldPos000 (4)\FieldPos000 (4)_page_5.png,0,0.441737949848175,test,tbf_imgs,cnn_focus_hybrid,
D:\Dineth\focus_binary_benchmark\dataset\tbf_imgs\unfocused\FieldPos000 (4)\FieldPos000 (4)_page_9.png,0,0.0634856447577476,test,tbf_imgs,cnn_focus_hybrid,
D:\Dineth\focus_binary_benchmark\dataset\tbf_imgs\unfocused\FieldPos002 (2)\FieldPos002 (2)_page_1.png,0,0.071114033460617,test,tbf_imgs,cnn_focus_hybrid,
D:\Dineth\focus_binary_benchmark\dataset\tbf_imgs\unfocused\FieldPos002 (2)\FieldPos002 (2)_page_10.png,0,0.1231099590659141,test,tbf_imgs,cnn_focus_hybrid,
D:\Dineth\focus_binary_benchmark\dataset\tbf_imgs\unfocused\FieldPos002 (2)\FieldPos002 (2)_page_11.png,0,0.0800372809171676,test,tbf_imgs,cnn_focus_hybrid,
D:\Dineth\focus_binary_benchmark\dataset\tbf_imgs\unfocused\FieldPos002 (2)\FieldPos002 (2)_page_12.png,0,0.067868061363697,test,tbf_imgs,cnn_focus_hybrid,
D:\Dineth\focus_binary_benchmark\dataset\tbf_imgs\unfocused\FieldPos002 (2)\FieldPos002 (2)_page_13.png,0,0.063670702278614,test,tbf_imgs,cnn_focus_hybrid,
D:\Dineth\focus_binary_benchmark\dataset\tbf_imgs\unfocused\FieldPos002 (2)\FieldPos002 (2)_page_14.png,0,0.0570358671247959,test,tbf_imgs,cnn_focus_hybrid,
D:\Dineth\focus_binary_benchmark\dataset\tbf_imgs\unfocused\FieldPos002 (2)\FieldPos002 (2)_page_2.png,0,0.0864417031407356,test,tbf_imgs,cnn_focus_hybrid,
D:\Dineth\focus_binary_benchmark\dataset\tbf_imgs\unfocused\FieldPos002 (2)\FieldPos002 (2)_page_3.png,0,0.155502051115036,test,tbf_imgs,cnn_focus_hybrid,
D:\Dineth\focus_binary_benchmark\dataset\tbf_imgs\unfocused\FieldPos002 (2)\FieldPos002 (2)_page_4.png,0,0.4637361168861389,test,tbf_imgs,cnn_focus_hybrid,
D:\Dineth\focus_binary_benchmark\dataset\tbf_imgs\unfocused\FieldPos002 (2)\FieldPos002 (2)_page_5.png,0,0.9030686020851136,test,tbf_imgs,cnn_focus_hybrid,
D:\Dineth\focus_binary_benchmark\dataset\tbf_imgs\unfocused\FieldPos002 (2)\FieldPos002 (2)_page_9.png,0,0.3014205396175384,test,tbf_imgs,cnn_focus_hybrid,
D:\Dineth\focus_binary_benchmark\dataset\tbf_imgs\unfocused\FieldPos002 (3)\FieldPos002 (3)_page_1.png,0,0.0314385816454887,test,tbf_imgs,cnn_focus_hybrid,
D:\Dineth\focus_binary_benchmark\dataset\tbf_imgs\unfocused\FieldPos002 (3)\FieldPos002 (3)_page_10.png,0,0.2873329520225525,test,tbf_imgs,cnn_focus_hybrid,
D:\Dineth\focus_binary_benchmark\dataset\tbf_imgs\unfocused\FieldPos002 (3)\FieldPos002 (3)_page_11.png,0,0.0629869550466537,test,tbf_imgs,cnn_focus_hybrid,
D:\Dineth\focus_binary_benchmark\dataset\tbf_imgs\unfocused\FieldPos002 (3)\FieldPos002 (3)_page_12.png,0,0.039241537451744,test,tbf_imgs,cnn_focus_hybrid,
D:\Dineth\focus_binary_benchmark\dataset\tbf_imgs\unfocused\FieldPos002 (3)\FieldPos002 (3)_page_13.png,0,0.0344183929264545,test,tbf_imgs,cnn_focus_hybrid,
D:\Dineth\focus_binary_benchmark\dataset\tbf_imgs\unfocused\FieldPos002 (3)\FieldPos002 (3)_page_14.png,0,0.0295478943735361,test,tbf_imgs,cnn_focus_hybrid,
D:\Dineth\focus_binary_benchmark\dataset\tbf_imgs\unfocused\FieldPos002 (3)\FieldPos002 (3)_page_2.png,0,0.0321927331387996,test,tbf_imgs,cnn_focus_hybrid,
D:\Dineth\focus_binary_benchmark\dataset\tbf_imgs\unfocused\FieldPos002 (3)\FieldPos002 (3)_page_3.png,0,0.0407787077128887,test,tbf_imgs,cnn_focus_hybrid,
D:\Dineth\focus_binary_benchmark\dataset\tbf_imgs\unfocused\FieldPos002 (3)\FieldPos002 (3)_page_4.png,0,0.0542878471314907,test,tbf_imgs,cnn_focus_hybrid,
D:\Dineth\focus_binary_benchmark\dataset\tbf_imgs\unfocused\FieldPos002 (3)\FieldPos002 (3)_page_5.png,0,0.1497466415166854,test,tbf_imgs,cnn_focus_hybrid,
D:\Dineth\focus_binary_benchmark\dataset\tbf_imgs\unfocused\FieldPos002 (3)\FieldPos002 (3)_page_6.png,0,0.8466036319732666,test,tbf_imgs,cnn_focus_hybrid,
D:\Dineth\focus_binary_benchmark\dataset\tbf_imgs\unfocused\FieldPos003 (4)\FieldPos003 (4)_page_1.png,0,0.0207967665046453,test,tbf_imgs,cnn_focus_hybrid,
D:\Dineth\focus_binary_benchmark\dataset\tbf_imgs\unfocused\FieldPos003 (4)\FieldPos003 (4)_page_10.png,0,0.0602014176547527,test,tbf_imgs,cnn_focus_hybrid,
D:\Dineth\focus_binary_benchmark\dataset\tbf_imgs\unfocused\FieldPos003 (4)\FieldPos003 (4)_page_11.png,0,0.02869682200253,test,tbf_imgs,cnn_focus_hybrid,
D:\Dineth\focus_binary_benchmark\dataset\tbf_imgs\unfocused\FieldPos003 (4)\FieldPos003 (4)_page_12.png,0,0.0226643271744251,test,tbf_imgs,cnn_focus_hybrid,
D:\Dineth\focus_binary_benchmark\dataset\tbf_imgs\unfocused\FieldPos003 (4)\FieldPos003 (4)_page_13.png,0,0.021124405786395,test,tbf_imgs,cnn_focus_hybrid,
D:\Dineth\focus_binary_benchmark\dataset\tbf_imgs\unfocused\FieldPos003 (4)\FieldPos003 (4)_page_14.png,0,0.0193957332521677,test,tbf_imgs,cnn_focus_hybrid,
D:\Dineth\focus_binary_benchmark\dataset\tbf_imgs\unfocused\FieldPos003 (4)\FieldPos003 (4)_page_2.png,0,0.0232316497713327,test,tbf_imgs,cnn_focus_hybrid,
D:\Dineth\focus_binary_benchmark\dataset\tbf_imgs\unfocused\FieldPos003 (4)\FieldPos003 (4)_page_3.png,0,0.0289181526750326,test,tbf_imgs,cnn_focus_hybrid,
D:\Dineth\focus_binary_benchmark\dataset\tbf_imgs\unfocused\FieldPos003 (4)\FieldPos003 (4)_page_4.png,0,0.0598345212638378,test,tbf_imgs,cnn_focus_hybrid,
D:\Dineth\focus_binary_benchmark\dataset\tbf_imgs\unfocused\FieldPos003 (4)\FieldPos003 (4)_page_5.png,0,0.2240425050258636,test,tbf_imgs,cnn_focus_hybrid,
D:\Dineth\focus_binary_benchmark\dataset\tbf_imgs\unfocused\FieldPos003 (4)\FieldPos003 (4)_page_9.png,0,0.4834983050823211,test,tbf_imgs,cnn_focus_hybrid,
D:\Dineth\focus_binary_benchmark\dataset\tbf_imgs\unfocused\FieldPos004 (3)\FieldPos004 (3)_page_1.png,0,0.0225803777575492,test,tbf_imgs,cnn_focus_hybrid,
D:\Dineth\focus_binary_benchmark\dataset\tbf_imgs\unfocused\FieldPos004 (3)\FieldPos004 (3)_page_10.png,0,0.0632328391075134,test,tbf_imgs,cnn_focus_hybrid,
D:\Dineth\focus_binary_benchmark\dataset\tbf_imgs\unfocused\FieldPos004 (3)\FieldPos004 (3)_page_11.png,0,0.02923977188766,test,tbf_imgs,cnn_focus_hybrid,
D:\Dineth\focus_binary_benchmark\dataset\tbf_imgs\unfocused\FieldPos004 (3)\FieldPos004 (3)_page_12.png,0,0.0248456709086895,test,tbf_imgs,cnn_focus_hybrid,
D:\Dineth\focus_binary_benchmark\dataset\tbf_imgs\unfocused\FieldPos004 (3)\FieldPos004 (3)_page_13.png,0,0.0221905298531055,test,tbf_imgs,cnn_focus_hybrid,
D:\Dineth\focus_binary_benchmark\dataset\tbf_imgs\unfocused\FieldPos004 (3)\FieldPos004 (3)_page_14.png,0,0.0206943117082119,test,tbf_imgs,cnn_focus_hybrid,
D:\Dineth\focus_binary_benchmark\dataset\tbf_imgs\unfocused\FieldPos004 (3)\FieldPos004 (3)_page_2.png,0,0.0234450530260801,test,tbf_imgs,cnn_focus_hybrid,
D:\Dineth\focus_binary_benchmark\dataset\tbf_imgs\unfocused\FieldPos004 (3)\FieldPos004 (3)_page_3.png,0,0.0264692977070808,test,tbf_imgs,cnn_focus_hybrid,
D:\Dineth\focus_binary_benchmark\dataset\tbf_imgs\unfocused\FieldPos004 (3)\FieldPos004 (3)_page_4.png,0,0.0420092158019542,test,tbf_imgs,cnn_focus_hybrid,
D:\Dineth\focus_binary_benchmark\dataset\tbf_imgs\unfocused\FieldPos004 (3)\FieldPos004 (3)_page_5.png,0,0.133333146572113,test,tbf_imgs,cnn_focus_hybrid,
D:\Dineth\focus_binary_benchmark\dataset\tbf_imgs\unfocused\FieldPos004 (3)\FieldPos004 (3)_page_9.png,0,0.5281987190246582,test,tbf_imgs,cnn_focus_hybrid,
D:\Dineth\focus_binary_benchmark\dataset\tbf_imgs\unfocused\FieldPos007 (3)\FieldPos007 (3)_page_1.png,0,0.0128372097387909,test,tbf_imgs,cnn_focus_hybrid,
D:\Dineth\focus_binary_benchmark\dataset\tbf_imgs\unfocused\FieldPos007 (3)\FieldPos007 (3)_page_10.png,0,0.0143356835469603,test,tbf_imgs,cnn_focus_hybrid,
D:\Dineth\focus_binary_benchmark\dataset\tbf_imgs\unfocused\FieldPos007 (3)\FieldPos007 (3)_page_11.png,0,0.0132966330274939,test,tbf_imgs,cnn_focus_hybrid,
D:\Dineth\focus_binary_benchmark\dataset\tbf_imgs\unfocused\FieldPos007 (3)\FieldPos007 (3)_page_12.png,0,0.0126517368480563,test,tbf_imgs,cnn_focus_hybrid,
D:\Dineth\focus_binary_benchmark\dataset\tbf_imgs\unfocused\FieldPos007 (3)\FieldPos007 (3)_page_13.png,0,0.0123613979667425,test,tbf_imgs,cnn_focus_hybrid,
D:\Dineth\focus_binary_benchmark\dataset\tbf_imgs\unfocused\FieldPos007 (3)\FieldPos007 (3)_page_14.png,0,0.0116058597341179,test,tbf_imgs,cnn_focus_hybrid,
D:\Dineth\focus_binary_benchmark\dataset\tbf_imgs\unfocused\FieldPos007 (3)\FieldPos007 (3)_page_2.png,0,0.0139155173674225,test,tbf_imgs,cnn_focus_hybrid,
D:\Dineth\focus_binary_benchmark\dataset\tbf_imgs\unfocused\FieldPos007 (3)\FieldPos007 (3)_page_3.png,0,0.0193942617624998,test,tbf_imgs,cnn_focus_hybrid,
D:\Dineth\focus_binary_benchmark\dataset\tbf_imgs\unfocused\FieldPos007 (3)\FieldPos007 (3)_page_4.png,0,0.0417281836271286,test,tbf_imgs,cnn_focus_hybrid,
D:\Dineth\focus_binary_benchmark\dataset\tbf_imgs\unfocused\FieldPos007 (3)\FieldPos007 (3)_page_8.png,0,0.0736909955739975,test,tbf_imgs,cnn_focus_hybrid,
D:\Dineth\focus_binary_benchmark\dataset\tbf_imgs\unfocused\FieldPos007 (3)\FieldPos007 (3)_page_9.png,0,0.0206224787980318,test,tbf_imgs,cnn_focus_hybrid,
D:\Dineth\focus_binary_benchmark\dataset\tbf_imgs\unfocused\FieldPos008\FieldPos008_page_1.png,0,0.2978385686874389,test,tbf_imgs,cnn_focus_hybrid,
D:\Dineth\focus_binary_benchmark\dataset\tbf_imgs\unfocused\FieldPos008\FieldPos008_page_10.png,0,0.4601891636848449,test,tbf_imgs,cnn_focus_hybrid,
D:\Dineth\focus_binary_benchmark\dataset\tbf_imgs\unfocused\FieldPos008\FieldPos008_page_11.png,0,0.3176083266735077,test,tbf_imgs,cnn_focus_hybrid,
D:\Dineth\focus_binary_benchmark\dataset\tbf_imgs\unfocused\FieldPos008\FieldPos008_page_12.png,0,0.3004027903079986,test,tbf_imgs,cnn_focus_hybrid,
D:\Dineth\focus_binary_benchmark\dataset\tbf_imgs\unfocused\FieldPos008\FieldPos008_page_13.png,0,0.2890974283218384,test,tbf_imgs,cnn_focus_hybrid,
D:\Dineth\focus_binary_benchmark\dataset\tbf_imgs\unfocused\FieldPos008\FieldPos008_page_14.png,0,0.2801918983459472,test,tbf_imgs,cnn_focus_hybrid,
D:\Dineth\focus_binary_benchmark\dataset\tbf_imgs\unfocused\FieldPos008\FieldPos008_page_2.png,0,0.3340107500553131,test,tbf_imgs,cnn_focus_hybrid,
D:\Dineth\focus_binary_benchmark\dataset\tbf_imgs\unfocused\FieldPos008\FieldPos008_page_3.png,0,0.4156301617622375,test,tbf_imgs,cnn_focus_hybrid,
D:\Dineth\focus_binary_benchmark\dataset\tbf_imgs\unfocused\FieldPos008\FieldPos008_page_4.png,0,0.6463651657104492,test,tbf_imgs,cnn_focus_hybrid,
D:\Dineth\focus_binary_benchmark\dataset\tbf_imgs\unfocused\FieldPos008\FieldPos008_page_5.png,0,0.8900211453437805,test,tbf_imgs,cnn_focus_hybrid,
D:\Dineth\focus_binary_benchmark\dataset\tbf_imgs\unfocused\FieldPos008\FieldPos008_page_9.png,0,0.8153399229049683,test,tbf_imgs,cnn_focus_hybrid,
D:\Dineth\focus_binary_benchmark\dataset\tbf_imgs\unfocused\FieldPos010\FieldPos010_page_1.png,0,0.0849101245403289,test,tbf_imgs,cnn_focus_hybrid,
D:\Dineth\focus_binary_benchmark\dataset\tbf_imgs\unfocused\FieldPos010\FieldPos010_page_10.png,0,0.1138093695044517,test,tbf_imgs,cnn_focus_hybrid,
D:\Dineth\focus_binary_benchmark\dataset\tbf_imgs\unfocused\FieldPos010\FieldPos010_page_11.png,0,0.090469554066658,test,tbf_imgs,cnn_focus_hybrid,
D:\Dineth\focus_binary_benchmark\dataset\tbf_imgs\unfocused\FieldPos010\FieldPos010_page_12.png,0,0.0875955447554588,test,tbf_imgs,cnn_focus_hybrid,
D:\Dineth\focus_binary_benchmark\dataset\tbf_imgs\unfocused\FieldPos010\FieldPos010_page_13.png,0,0.0867325216531753,test,tbf_imgs,cnn_focus_hybrid,
D:\Dineth\focus_binary_benchmark\dataset\tbf_imgs\unfocused\FieldPos010\FieldPos010_page_14.png,0,0.0844190642237663,test,tbf_imgs,cnn_focus_hybrid,
D:\Dineth\focus_binary_benchmark\dataset\tbf_imgs\unfocused\FieldPos010\FieldPos010_page_2.png,0,0.094626784324646,test,tbf_imgs,cnn_focus_hybrid,
D:\Dineth\focus_binary_benchmark\dataset\tbf_imgs\unfocused\FieldPos010\FieldPos010_page_3.png,0,0.1009094193577766,test,tbf_imgs,cnn_focus_hybrid,
D:\Dineth\focus_binary_benchmark\dataset\tbf_imgs\unfocused\FieldPos010\FieldPos010_page_4.png,0,0.1487888842821121,test,tbf_imgs,cnn_focus_hybrid,
D:\Dineth\focus_binary_benchmark\dataset\tbf_imgs\unfocused\FieldPos010\FieldPos010_page_5.png,0,0.3602252602577209,test,tbf_imgs,cnn_focus_hybrid,
D:\Dineth\focus_binary_benchmark\dataset\tbf_imgs\unfocused\FieldPos010\FieldPos010_page_9.png,0,0.1920256614685058,test,tbf_imgs,cnn_focus_hybrid,
D:\Dineth\focus_binary_benchmark\dataset\tbf_imgs\unfocused\FieldPos018 (2)\FieldPos018 (2)_page_1.png,0,0.0265645962208509,test,tbf_imgs,cnn_focus_hybrid,
D:\Dineth\focus_binary_benchmark\dataset\tbf_imgs\unfocused\FieldPos018 (2)\FieldPos018 (2)_page_10.png,0,0.0279003288596868,test,tbf_imgs,cnn_focus_hybrid,
D:\Dineth\focus_binary_benchmark\dataset\tbf_imgs\unfocused\FieldPos018 (2)\FieldPos018 (2)_page_11.png,0,0.0258386265486478,test,tbf_imgs,cnn_focus_hybrid,
D:\Dineth\focus_binary_benchmark\dataset\tbf_imgs\unfocused\FieldPos018 (2)\FieldPos018 (2)_page_12.png,0,0.0238022226840257,test,tbf_imgs,cnn_focus_hybrid,
D:\Dineth\focus_binary_benchmark\dataset\tbf_imgs\unfocused\FieldPos018 (2)\FieldPos018 (2)_page_13.png,0,0.0240606889128685,test,tbf_imgs,cnn_focus_hybrid,
D:\Dineth\focus_binary_benchmark\dataset\tbf_imgs\unfocused\FieldPos018 (2)\FieldPos018 (2)_page_14.png,0,0.0234163142740726,test,tbf_imgs,cnn_focus_hybrid,
D:\Dineth\focus_binary_benchmark\dataset\tbf_imgs\unfocused\FieldPos018 (2)\FieldPos018 (2)_page_2.png,0,0.0277728866785764,test,tbf_imgs,cnn_focus_hybrid,
D:\Dineth\focus_binary_benchmark\dataset\tbf_imgs\unfocused\FieldPos018 (2)\FieldPos018 (2)_page_3.png,0,0.0320592038333416,test,tbf_imgs,cnn_focus_hybrid,
D:\Dineth\focus_binary_benchmark\dataset\tbf_imgs\unfocused\FieldPos018 (2)\FieldPos018 (2)_page_4.png,0,0.0511424914002418,test,tbf_imgs,cnn_focus_hybrid,
D:\Dineth\focus_binary_benchmark\dataset\tbf_imgs\unfocused\FieldPos018 (2)\FieldPos018 (2)_page_8.png,0,0.2238845378160476,test,tbf_imgs,cnn_focus_hybrid,
D:\Dineth\focus_binary_benchmark\dataset\tbf_imgs\unfocused\FieldPos018 (2)\FieldPos018 (2)_page_9.png,0,0.0400120504200458,test,tbf_imgs,cnn_focus_hybrid,
D:\Dineth\focus_binary_benchmark\dataset\tbf_imgs\unfocused\FieldPos019 (2)\FieldPos019 (2)_page_1.png,0,0.0259087160229682,test,tbf_imgs,cnn_focus_hybrid,
D:\Dineth\focus_binary_benchmark\dataset\tbf_imgs\unfocused\FieldPos019 (2)\FieldPos019 (2)_page_10.png,0,0.0275323186069726,test,tbf_imgs,cnn_focus_hybrid,
D:\Dineth\focus_binary_benchmark\dataset\tbf_imgs\unfocused\FieldPos019 (2)\FieldPos019 (2)_page_11.png,0,0.0263723097741603,test,tbf_imgs,cnn_focus_hybrid,
D:\Dineth\focus_binary_benchmark\dataset\tbf_imgs\unfocused\FieldPos019 (2)\FieldPos019 (2)_page_12.png,0,0.0262865684926509,test,tbf_imgs,cnn_focus_hybrid,
D:\Dineth\focus_binary_benchmark\dataset\tbf_imgs\unfocused\FieldPos019 (2)\FieldPos019 (2)_page_13.png,0,0.0243177749216556,test,tbf_imgs,cnn_focus_hybrid,
D:\Dineth\focus_binary_benchmark\dataset\tbf_imgs\unfocused\FieldPos019 (2)\FieldPos019 (2)_page_14.png,0,0.0248806402087211,test,tbf_imgs,cnn_focus_hybrid,
D:\Dineth\focus_binary_benchmark\dataset\tbf_imgs\unfocused\FieldPos019 (2)\FieldPos019 (2)_page_2.png,0,0.0294177122414112,test,tbf_imgs,cnn_focus_hybrid,
D:\Dineth\focus_binary_benchmark\dataset\tbf_imgs\unfocused\FieldPos019 (2)\FieldPos019 (2)_page_3.png,0,0.0444073192775249,test,tbf_imgs,cnn_focus_hybrid,
D:\Dineth\focus_binary_benchmark\dataset\tbf_imgs\unfocused\FieldPos019 (2)\FieldPos019 (2)_page_4.png,0,0.1039506271481514,test,tbf_imgs,cnn_focus_hybrid,
D:\Dineth\focus_binary_benchmark\dataset\tbf_imgs\unfocused\FieldPos019 (2)\FieldPos019 (2)_page_8.png,0,0.064787209033966,test,tbf_imgs,cnn_focus_hybrid,
D:\Dineth\focus_binary_benchmark\dataset\tbf_imgs\unfocused\FieldPos019 (2)\FieldPos019 (2)_page_9.png,0,0.0336455330252647,test,tbf_imgs,cnn_focus_hybrid,
D:\Dineth\focus_binary_benchmark\dataset\tbf_imgs\unfocused\FieldPos023\FieldPos023_page_1.png,0,0.0233682189136743,test,tbf_imgs,cnn_focus_hybrid,
D:\Dineth\focus_binary_benchmark\dataset\tbf_imgs\unfocused\FieldPos023\FieldPos023_page_10.png,0,0.0231432970613241,test,tbf_imgs,cnn_focus_hybrid,
D:\Dineth\focus_binary_benchmark\dataset\tbf_imgs\unfocused\FieldPos023\FieldPos023_page_11.png,0,0.0210363194346427,test,tbf_imgs,cnn_focus_hybrid,
D:\Dineth\focus_binary_benchmark\dataset\tbf_imgs\unfocused\FieldPos023\FieldPos023_page_12.png,0,0.0211885143071413,test,tbf_imgs,cnn_focus_hybrid,
D:\Dineth\focus_binary_benchmark\dataset\tbf_imgs\unfocused\FieldPos023\FieldPos023_page_13.png,0,0.0206996854394674,test,tbf_imgs,cnn_focus_hybrid,
D:\Dineth\focus_binary_benchmark\dataset\tbf_imgs\unfocused\FieldPos023\FieldPos023_page_14.png,0,0.0205833632498979,test,tbf_imgs,cnn_focus_hybrid,
D:\Dineth\focus_binary_benchmark\dataset\tbf_imgs\unfocused\FieldPos023\FieldPos023_page_2.png,0,0.0224847849458456,test,tbf_imgs,cnn_focus_hybrid,
D:\Dineth\focus_binary_benchmark\dataset\tbf_imgs\unfocused\FieldPos023\FieldPos023_page_3.png,0,0.0284018460661172,test,tbf_imgs,cnn_focus_hybrid,
D:\Dineth\focus_binary_benchmark\dataset\tbf_imgs\unfocused\FieldPos023\FieldPos023_page_4.png,0,0.0510083362460136,test,tbf_imgs,cnn_focus_hybrid,
D:\Dineth\focus_binary_benchmark\dataset\tbf_imgs\unfocused\FieldPos023\FieldPos023_page_8.png,0,0.0768533796072006,test,tbf_imgs,cnn_focus_hybrid,
D:\Dineth\focus_binary_benchmark\dataset\tbf_imgs\unfocused\FieldPos023\FieldPos023_page_9.png,0,0.0291374754160642,test,tbf_imgs,cnn_focus_hybrid,
D:\Dineth\focus_binary_benchmark\dataset\tbf_imgs\unfocused\FieldPos029\FieldPos029_page_1.png,0,0.0290667619556188,test,tbf_imgs,cnn_focus_hybrid,
D:\Dineth\focus_binary_benchmark\dataset\tbf_imgs\unfocused\FieldPos029\FieldPos029_page_10.png,0,0.0570716820657253,test,tbf_imgs,cnn_focus_hybrid,
D:\Dineth\focus_binary_benchmark\dataset\tbf_imgs\unfocused\FieldPos029\FieldPos029_page_11.png,0,0.0343484245240688,test,tbf_imgs,cnn_focus_hybrid,
D:\Dineth\focus_binary_benchmark\dataset\tbf_imgs\unfocused\FieldPos029\FieldPos029_page_12.png,0,0.0301311165094375,test,tbf_imgs,cnn_focus_hybrid,
D:\Dineth\focus_binary_benchmark\dataset\tbf_imgs\unfocused\FieldPos029\FieldPos029_page_13.png,0,0.0292019043117761,test,tbf_imgs,cnn_focus_hybrid,
D:\Dineth\focus_binary_benchmark\dataset\tbf_imgs\unfocused\FieldPos029\FieldPos029_page_14.png,0,0.0285512916743755,test,tbf_imgs,cnn_focus_hybrid,
D:\Dineth\focus_binary_benchmark\dataset\tbf_imgs\unfocused\FieldPos029\FieldPos029_page_2.png,0,0.0292122270911932,test,tbf_imgs,cnn_focus_hybrid,
D:\Dineth\focus_binary_benchmark\dataset\tbf_imgs\unfocused\FieldPos029\FieldPos029_page_3.png,0,0.0308067426085472,test,tbf_imgs,cnn_focus_hybrid,
D:\Dineth\focus_binary_benchmark\dataset\tbf_imgs\unfocused\FieldPos029\FieldPos029_page_4.png,0,0.0341622978448867,test,tbf_imgs,cnn_focus_hybrid,
D:\Dineth\focus_binary_benchmark\dataset\tbf_imgs\unfocused\FieldPos029\FieldPos029_page_5.png,0,0.0525414198637008,test,tbf_imgs,cnn_focus_hybrid,
D:\Dineth\focus_binary_benchmark\dataset\tbf_imgs\unfocused\FieldPos029\FieldPos029_page_6.png,0,0.134791225194931,test,tbf_imgs,cnn_focus_hybrid,
D:\Dineth\focus_binary_benchmark\dataset\tbf_imgs\unfocused\FieldPos033 (2)\FieldPos033 (2)_page_1.png,0,0.0320968031883239,test,tbf_imgs,cnn_focus_hybrid,
D:\Dineth\focus_binary_benchmark\dataset\tbf_imgs\unfocused\FieldPos033 (2)\FieldPos033 (2)_page_10.png,0,0.1610008031129837,test,tbf_imgs,cnn_focus_hybrid,
D:\Dineth\focus_binary_benchmark\dataset\tbf_imgs\unfocused\FieldPos033 (2)\FieldPos033 (2)_page_11.png,0,0.0522950701415538,test,tbf_imgs,cnn_focus_hybrid,
D:\Dineth\focus_binary_benchmark\dataset\tbf_imgs\unfocused\FieldPos033 (2)\FieldPos033 (2)_page_12.png,0,0.037411268800497,test,tbf_imgs,cnn_focus_hybrid,
D:\Dineth\focus_binary_benchmark\dataset\tbf_imgs\unfocused\FieldPos033 (2)\FieldPos033 (2)_page_13.png,0,0.0321091823279857,test,tbf_imgs,cnn_focus_hybrid,
D:\Dineth\focus_binary_benchmark\dataset\tbf_imgs\unfocused\FieldPos033 (2)\FieldPos033 (2)_page_14.png,0,0.0300776977092027,test,tbf_imgs,cnn_focus_hybrid,
D:\Dineth\focus_binary_benchmark\dataset\tbf_imgs\unfocused\FieldPos033 (2)\FieldPos033 (2)_page_2.png,0,0.0333916023373603,test,tbf_imgs,cnn_focus_hybrid,
D:\Dineth\focus_binary_benchmark\dataset\tbf_imgs\unfocused\FieldPos033 (2)\FieldPos033 (2)_page_3.png,0,0.0349845103919506,test,tbf_imgs,cnn_focus_hybrid,
D:\Dineth\focus_binary_benchmark\dataset\tbf_imgs\unfocused\FieldPos033 (2)\FieldPos033 (2)_page_4.png,0,0.0411245785653591,test,tbf_imgs,cnn_focus_hybrid,
D:\Dineth\focus_binary_benchmark\dataset\tbf_imgs\unfocused\FieldPos033 (2)\FieldPos033 (2)_page_5.png,0,0.0617439225316047,test,tbf_imgs,cnn_focus_hybrid,
D:\Dineth\focus_binary_benchmark\dataset\tbf_imgs\unfocused\FieldPos033 (2)\FieldPos033 (2)_page_6.png,0,0.2428015917539596,test,tbf_imgs,cnn_focus_hybrid,
D:\Dineth\focus_binary_benchmark\dataset\tbf_imgs\unfocused\FieldPos036\FieldPos036_page_1.png,0,0.0254558827728033,test,tbf_imgs,cnn_focus_hybrid,
D:\Dineth\focus_binary_benchmark\dataset\tbf_imgs\unfocused\FieldPos036\FieldPos036_page_10.png,0,0.0979290828108787,test,tbf_imgs,cnn_focus_hybrid,
D:\Dineth\focus_binary_benchmark\dataset\tbf_imgs\unfocused\FieldPos036\FieldPos036_page_11.png,0,0.0350514538586139,test,tbf_imgs,cnn_focus_hybrid,
D:\Dineth\focus_binary_benchmark\dataset\tbf_imgs\unfocused\FieldPos036\FieldPos036_page_12.png,0,0.0275678522884845,test,tbf_imgs,cnn_focus_hybrid,
D:\Dineth\focus_binary_benchmark\dataset\tbf_imgs\unfocused\FieldPos036\FieldPos036_page_13.png,0,0.024278987199068,test,tbf_imgs,cnn_focus_hybrid,
D:\Dineth\focus_binary_benchmark\dataset\tbf_imgs\unfocused\FieldPos036\FieldPos036_page_14.png,0,0.0237348359078168,test,tbf_imgs,cnn_focus_hybrid,
D:\Dineth\focus_binary_benchmark\dataset\tbf_imgs\unfocused\FieldPos036\FieldPos036_page_2.png,0,0.0244581848382949,test,tbf_imgs,cnn_focus_hybrid,
D:\Dineth\focus_binary_benchmark\dataset\tbf_imgs\unfocused\FieldPos036\FieldPos036_page_3.png,0,0.026836559176445,test,tbf_imgs,cnn_focus_hybrid,
D:\Dineth\focus_binary_benchmark\dataset\tbf_imgs\unfocused\FieldPos036\FieldPos036_page_4.png,0,0.0277557037770748,test,tbf_imgs,cnn_focus_hybrid,
D:\Dineth\focus_binary_benchmark\dataset\tbf_imgs\unfocused\FieldPos036\FieldPos036_page_5.png,0,0.0376412495970726,test,tbf_imgs,cnn_focus_hybrid,
D:\Dineth\focus_binary_benchmark\dataset\tbf_imgs\unfocused\FieldPos036\FieldPos036_page_6.png,0,0.0740346387028694,test,tbf_imgs,cnn_focus_hybrid,
D:\Dineth\focus_binary_benchmark\dataset\tbf_imgs\unfocused\FieldPos038\FieldPos038_page_1.png,0,0.0309498570859432,test,tbf_imgs,cnn_focus_hybrid,
D:\Dineth\focus_binary_benchmark\dataset\tbf_imgs\unfocused\FieldPos038\FieldPos038_page_10.png,0,0.0385439060628414,test,tbf_imgs,cnn_focus_hybrid,
D:\Dineth\focus_binary_benchmark\dataset\tbf_imgs\unfocused\FieldPos038\FieldPos038_page_11.png,0,0.0330151431262493,test,tbf_imgs,cnn_focus_hybrid,
D:\Dineth\focus_binary_benchmark\dataset\tbf_imgs\unfocused\FieldPos038\FieldPos038_page_12.png,0,0.0285815950483083,test,tbf_imgs,cnn_focus_hybrid,
D:\Dineth\focus_binary_benchmark\dataset\tbf_imgs\unfocused\FieldPos038\FieldPos038_page_13.png,0,0.0285032968968153,test,tbf_imgs,cnn_focus_hybrid,
D:\Dineth\focus_binary_benchmark\dataset\tbf_imgs\unfocused\FieldPos038\FieldPos038_page_14.png,0,0.0275653041899204,test,tbf_imgs,cnn_focus_hybrid,
D:\Dineth\focus_binary_benchmark\dataset\tbf_imgs\unfocused\FieldPos038\FieldPos038_page_2.png,0,0.0307836271822452,test,tbf_imgs,cnn_focus_hybrid,
D:\Dineth\focus_binary_benchmark\dataset\tbf_imgs\unfocused\FieldPos038\FieldPos038_page_3.png,0,0.0333611778914928,test,tbf_imgs,cnn_focus_hybrid,
D:\Dineth\focus_binary_benchmark\dataset\tbf_imgs\unfocused\FieldPos038\FieldPos038_page_4.png,0,0.0509730204939842,test,tbf_imgs,cnn_focus_hybrid,
D:\Dineth\focus_binary_benchmark\dataset\tbf_imgs\unfocused\FieldPos038\FieldPos038_page_5.png,0,0.1498862504959106,test,tbf_imgs,cnn_focus_hybrid,
D:\Dineth\focus_binary_benchmark\dataset\tbf_imgs\unfocused\FieldPos038\FieldPos038_page_9.png,0,0.0658798366785049,test,tbf_imgs,cnn_focus_hybrid,
D:\Dineth\focus_binary_benchmark\dataset\tbf_imgs\unfocused\FieldPos040\FieldPos040_page_1.png,0,0.0401195734739303,test,tbf_imgs,cnn_focus_hybrid,
D:\Dineth\focus_binary_benchmark\dataset\tbf_imgs\unfocused\FieldPos040\FieldPos040_page_10.png,0,0.0435732677578926,test,tbf_imgs,cnn_focus_hybrid,
D:\Dineth\focus_binary_benchmark\dataset\tbf_imgs\unfocused\FieldPos040\FieldPos040_page_11.png,0,0.0391501784324646,test,tbf_imgs,cnn_focus_hybrid,
D:\Dineth\focus_binary_benchmark\dataset\tbf_imgs\unfocused\FieldPos040\FieldPos040_page_12.png,0,0.0383414477109909,test,tbf_imgs,cnn_focus_hybrid,
D:\Dineth\focus_binary_benchmark\dataset\tbf_imgs\unfocused\FieldPos040\FieldPos040_page_13.png,0,0.0371114797890186,test,tbf_imgs,cnn_focus_hybrid,
D:\Dineth\focus_binary_benchmark\dataset\tbf_imgs\unfocused\FieldPos040\FieldPos040_page_14.png,0,0.0383100062608718,test,tbf_imgs,cnn_focus_hybrid,
D:\Dineth\focus_binary_benchmark\dataset\tbf_imgs\unfocused\FieldPos040\FieldPos040_page_2.png,0,0.0436437502503395,test,tbf_imgs,cnn_focus_hybrid,
D:\Dineth\focus_binary_benchmark\dataset\tbf_imgs\unfocused\FieldPos040\FieldPos040_page_3.png,0,0.0506545044481754,test,tbf_imgs,cnn_focus_hybrid,
D:\Dineth\focus_binary_benchmark\dataset\tbf_imgs\unfocused\FieldPos040\FieldPos040_page_4.png,0,0.0804788097739219,test,tbf_imgs,cnn_focus_hybrid,
D:\Dineth\focus_binary_benchmark\dataset\tbf_imgs\unfocused\FieldPos040\FieldPos040_page_5.png,0,0.2477807700634002,test,tbf_imgs,cnn_focus_hybrid,
D:\Dineth\focus_binary_benchmark\dataset\tbf_imgs\unfocused\FieldPos040\FieldPos040_page_9.png,0,0.0672323629260063,test,tbf_imgs,cnn_focus_hybrid,
D:\Dineth\focus_binary_benchmark\dataset\tbf_imgs\unfocused\FieldPos044\FieldPos044_page_1.png,0,0.0314067676663398,test,tbf_imgs,cnn_focus_hybrid,
D:\Dineth\focus_binary_benchmark\dataset\tbf_imgs\unfocused\FieldPos044\FieldPos044_page_10.png,0,0.0666835010051727,test,tbf_imgs,cnn_focus_hybrid,
D:\Dineth\focus_binary_benchmark\dataset\tbf_imgs\unfocused\FieldPos044\FieldPos044_page_11.png,0,0.0376709960401058,test,tbf_imgs,cnn_focus_hybrid,
D:\Dineth\focus_binary_benchmark\dataset\tbf_imgs\unfocused\FieldPos044\FieldPos044_page_12.png,0,0.0310219917446374,test,tbf_imgs,cnn_focus_hybrid,
D:\Dineth\focus_binary_benchmark\dataset\tbf_imgs\unfocused\FieldPos044\FieldPos044_page_13.png,0,0.030634032562375,test,tbf_imgs,cnn_focus_hybrid,
D:\Dineth\focus_binary_benchmark\dataset\tbf_imgs\unfocused\FieldPos044\FieldPos044_page_14.png,0,0.0288552157580852,test,tbf_imgs,cnn_focus_hybrid,
D:\Dineth\focus_binary_benchmark\dataset\tbf_imgs\unfocused\FieldPos044\FieldPos044_page_2.png,0,0.0308914091438055,test,tbf_imgs,cnn_focus_hybrid,
D:\Dineth\focus_binary_benchmark\dataset\tbf_imgs\unfocused\FieldPos044\FieldPos044_page_3.png,0,0.0330946519970893,test,tbf_imgs,cnn_focus_hybrid,
D:\Dineth\focus_binary_benchmark\dataset\tbf_imgs\unfocused\FieldPos044\FieldPos044_page_4.png,0,0.0379019640386104,test,tbf_imgs,cnn_focus_hybrid,
D:\Dineth\focus_binary_benchmark\dataset\tbf_imgs\unfocused\FieldPos044\FieldPos044_page_5.png,0,0.0496312417089939,test,tbf_imgs,cnn_focus_hybrid,
D:\Dineth\focus_binary_benchmark\dataset\tbf_imgs\unfocused\FieldPos044\FieldPos044_page_6.png,0,0.1053182706236839,test,tbf_imgs,cnn_focus_hybrid,
D:\Dineth\focus_binary_benchmark\dataset\tbf_imgs\unfocused\FieldPos053\FieldPos053_page_1.png,0,0.0159012135118246,test,tbf_imgs,cnn_focus_hybrid,
D:\Dineth\focus_binary_benchmark\dataset\tbf_imgs\unfocused\FieldPos053\FieldPos053_page_10.png,0,0.01881879940629,test,tbf_imgs,cnn_focus_hybrid,
D:\Dineth\focus_binary_benchmark\dataset\tbf_imgs\unfocused\FieldPos053\FieldPos053_page_11.png,0,0.0170502364635467,test,tbf_imgs,cnn_focus_hybrid,
D:\Dineth\focus_binary_benchmark\dataset\tbf_imgs\unfocused\FieldPos053\FieldPos053_page_12.png,0,0.0156284049153327,test,tbf_imgs,cnn_focus_hybrid,
D:\Dineth\focus_binary_benchmark\dataset\tbf_imgs\unfocused\FieldPos053\FieldPos053_page_13.png,0,0.0158234853297472,test,tbf_imgs,cnn_focus_hybrid,
D:\Dineth\focus_binary_benchmark\dataset\tbf_imgs\unfocused\FieldPos053\FieldPos053_page_14.png,0,0.0146220112219452,test,tbf_imgs,cnn_focus_hybrid,
D:\Dineth\focus_binary_benchmark\dataset\tbf_imgs\unfocused\FieldPos053\FieldPos053_page_2.png,0,0.0171376783400774,test,tbf_imgs,cnn_focus_hybrid,
D:\Dineth\focus_binary_benchmark\dataset\tbf_imgs\unfocused\FieldPos053\FieldPos053_page_3.png,0,0.0184191856533288,test,tbf_imgs,cnn_focus_hybrid,
D:\Dineth\focus_binary_benchmark\dataset\tbf_imgs\unfocused\FieldPos053\FieldPos053_page_4.png,0,0.0266056600958108,test,tbf_imgs,cnn_focus_hybrid,
D:\Dineth\focus_binary_benchmark\dataset\tbf_imgs\unfocused\FieldPos053\FieldPos053_page_5.png,0,0.0659455060958862,test,tbf_imgs,cnn_focus_hybrid,
D:\Dineth\focus_binary_benchmark\dataset\tbf_imgs\unfocused\FieldPos053\FieldPos053_page_9.png,0,0.030499892309308,test,tbf_imgs,cnn_focus_hybrid,
D:\Dineth\focus_binary_benchmark\dataset\tbf_imgs\unfocused\FieldPos059\FieldPos059_page_1.png,0,0.0303932037204504,test,tbf_imgs,cnn_focus_hybrid,
D:\Dineth\focus_binary_benchmark\dataset\tbf_imgs\unfocused\FieldPos059\FieldPos059_page_10.png,0,0.0346314050257205,test,tbf_imgs,cnn_focus_hybrid,
D:\Dineth\focus_binary_benchmark\dataset\tbf_imgs\unfocused\FieldPos059\FieldPos059_page_11.png,0,0.0299605801701545,test,tbf_imgs,cnn_focus_hybrid,
D:\Dineth\focus_binary_benchmark\dataset\tbf_imgs\unfocused\FieldPos059\FieldPos059_page_12.png,0,0.028225852176547,test,tbf_imgs,cnn_focus_hybrid,
D:\Dineth\focus_binary_benchmark\dataset\tbf_imgs\unfocused\FieldPos059\FieldPos059_page_13.png,0,0.0271610077470541,test,tbf_imgs,cnn_focus_hybrid,
D:\Dineth\focus_binary_benchmark\dataset\tbf_imgs\unfocused\FieldPos059\FieldPos059_page_14.png,0,0.0267726834863424,test,tbf_imgs,cnn_focus_hybrid,
D:\Dineth\focus_binary_benchmark\dataset\tbf_imgs\unfocused\FieldPos059\FieldPos059_page_2.png,0,0.0323482640087604,test,tbf_imgs,cnn_focus_hybrid,
D:\Dineth\focus_binary_benchmark\dataset\tbf_imgs\unfocused\FieldPos059\FieldPos059_page_3.png,0,0.0438316911458969,test,tbf_imgs,cnn_focus_hybrid,
D:\Dineth\focus_binary_benchmark\dataset\tbf_imgs\unfocused\FieldPos059\FieldPos059_page_4.png,0,0.1130006313323974,test,tbf_imgs,cnn_focus_hybrid,
D:\Dineth\focus_binary_benchmark\dataset\tbf_imgs\unfocused\FieldPos059\FieldPos059_page_8.png,0,0.3340054154396057,test,tbf_imgs,cnn_focus_hybrid,
D:\Dineth\focus_binary_benchmark\dataset\tbf_imgs\unfocused\FieldPos059\FieldPos059_page_9.png,0,0.057934533804655,test,tbf_imgs,cnn_focus_hybrid,
D:\Dineth\focus_binary_benchmark\dataset\tbf_imgs\unfocused\FieldPos066\FieldPos066_page_1.png,0,0.0271268896758556,test,tbf_imgs,cnn_focus_hybrid,
D:\Dineth\focus_binary_benchmark\dataset\tbf_imgs\unfocused\FieldPos066\FieldPos066_page_10.png,0,0.0250341538339853,test,tbf_imgs,cnn_focus_hybrid,
D:\Dineth\focus_binary_benchmark\dataset\tbf_imgs\unfocused\FieldPos066\FieldPos066_page_11.png,0,0.0236484371125698,test,tbf_imgs,cnn_focus_hybrid,
D:\Dineth\focus_binary_benchmark\dataset\tbf_imgs\unfocused\FieldPos066\FieldPos066_page_12.png,0,0.0244280770421028,test,tbf_imgs,cnn_focus_hybrid,
D:\Dineth\focus_binary_benchmark\dataset\tbf_imgs\unfocused\FieldPos066\FieldPos066_page_13.png,0,0.0237901285290718,test,tbf_imgs,cnn_focus_hybrid,
D:\Dineth\focus_binary_benchmark\dataset\tbf_imgs\unfocused\FieldPos066\FieldPos066_page_14.png,0,0.0234752465039491,test,tbf_imgs,cnn_focus_hybrid,
D:\Dineth\focus_binary_benchmark\dataset\tbf_imgs\unfocused\FieldPos066\FieldPos066_page_2.png,0,0.0311250407248735,test,tbf_imgs,cnn_focus_hybrid,
D:\Dineth\focus_binary_benchmark\dataset\tbf_imgs\unfocused\FieldPos066\FieldPos066_page_3.png,0,0.0486075691878795,test,tbf_imgs,cnn_focus_hybrid,
D:\Dineth\focus_binary_benchmark\dataset\tbf_imgs\unfocused\FieldPos066\FieldPos066_page_4.png,0,0.1490143090486526,test,tbf_imgs,cnn_focus_hybrid,
D:\Dineth\focus_binary_benchmark\dataset\tbf_imgs\unfocused\FieldPos066\FieldPos066_page_8.png,0,0.0406355150043964,test,tbf_imgs,cnn_focus_hybrid,
D:\Dineth\focus_binary_benchmark\dataset\tbf_imgs\unfocused\FieldPos066\FieldPos066_page_9.png,0,0.0265440419316291,test,tbf_imgs,cnn_focus_hybrid,
D:\Dineth\focus_binary_benchmark\dataset\tbf_imgs\unfocused\FieldPos069\FieldPos069_page_1.png,0,0.0370338857173919,test,tbf_imgs,cnn_focus_hybrid,
D:\Dineth\focus_binary_benchmark\dataset\tbf_imgs\unfocused\FieldPos069\FieldPos069_page_10.png,0,0.0341086387634277,test,tbf_imgs,cnn_focus_hybrid,
D:\Dineth\focus_binary_benchmark\dataset\tbf_imgs\unfocused\FieldPos069\FieldPos069_page_11.png,0,0.0326957739889621,test,tbf_imgs,cnn_focus_hybrid,
D:\Dineth\focus_binary_benchmark\dataset\tbf_imgs\unfocused\FieldPos069\FieldPos069_page_12.png,0,0.0310737509280443,test,tbf_imgs,cnn_focus_hybrid,
D:\Dineth\focus_binary_benchmark\dataset\tbf_imgs\unfocused\FieldPos069\FieldPos069_page_13.png,0,0.0302602741867303,test,tbf_imgs,cnn_focus_hybrid,
D:\Dineth\focus_binary_benchmark\dataset\tbf_imgs\unfocused\FieldPos069\FieldPos069_page_14.png,0,0.0305945891886949,test,tbf_imgs,cnn_focus_hybrid,
D:\Dineth\focus_binary_benchmark\dataset\tbf_imgs\unfocused\FieldPos069\FieldPos069_page_2.png,0,0.043588813394308,test,tbf_imgs,cnn_focus_hybrid,
D:\Dineth\focus_binary_benchmark\dataset\tbf_imgs\unfocused\FieldPos069\FieldPos069_page_3.png,0,0.0782020613551139,test,tbf_imgs,cnn_focus_hybrid,
D:\Dineth\focus_binary_benchmark\dataset\tbf_imgs\unfocused\FieldPos069\FieldPos069_page_7.png,0,0.1783308982849121,test,tbf_imgs,cnn_focus_hybrid,
D:\Dineth\focus_binary_benchmark\dataset\tbf_imgs\unfocused\FieldPos069\FieldPos069_page_8.png,0,0.055355031043291,test,tbf_imgs,cnn_focus_hybrid,
D:\Dineth\focus_binary_benchmark\dataset\tbf_imgs\unfocused\FieldPos069\FieldPos069_page_9.png,0,0.0379469245672225,test,tbf_imgs,cnn_focus_hybrid,
D:\Dineth\focus_binary_benchmark\dataset\tbf_imgs\unfocused\FieldPos074\FieldPos074_page_1.png,0,0.0114157190546393,test,tbf_imgs,cnn_focus_hybrid,
D:\Dineth\focus_binary_benchmark\dataset\tbf_imgs\unfocused\FieldPos074\FieldPos074_page_10.png,0,0.012217647396028,test,tbf_imgs,cnn_focus_hybrid,
D:\Dineth\focus_binary_benchmark\dataset\tbf_imgs\unfocused\FieldPos074\FieldPos074_page_11.png,0,0.0118798417970538,test,tbf_imgs,cnn_focus_hybrid,
D:\Dineth\focus_binary_benchmark\dataset\tbf_imgs\unfocused\FieldPos074\FieldPos074_page_12.png,0,0.011570893228054,test,tbf_imgs,cnn_focus_hybrid,
D:\Dineth\focus_binary_benchmark\dataset\tbf_imgs\unfocused\FieldPos074\FieldPos074_page_13.png,0,0.0114227654412388,test,tbf_imgs,cnn_focus_hybrid,
D:\Dineth\focus_binary_benchmark\dataset\tbf_imgs\unfocused\FieldPos074\FieldPos074_page_14.png,0,0.0106744691729545,test,tbf_imgs,cnn_focus_hybrid,
D:\Dineth\focus_binary_benchmark\dataset\tbf_imgs\unfocused\FieldPos074\FieldPos074_page_2.png,0,0.0119064254686236,test,tbf_imgs,cnn_focus_hybrid,
D:\Dineth\focus_binary_benchmark\dataset\tbf_imgs\unfocused\FieldPos074\FieldPos074_page_3.png,0,0.0132251717150211,test,tbf_imgs,cnn_focus_hybrid,
D:\Dineth\focus_binary_benchmark\dataset\tbf_imgs\unfocused\FieldPos074\FieldPos074_page_4.png,0,0.0205183010548353,test,tbf_imgs,cnn_focus_hybrid,
D:\Dineth\focus_binary_benchmark\dataset\tbf_imgs\unfocused\FieldPos074\FieldPos074_page_8.png,0,0.0361465699970722,test,tbf_imgs,cnn_focus_hybrid,
D:\Dineth\focus_binary_benchmark\dataset\tbf_imgs\unfocused\FieldPos074\FieldPos074_page_9.png,0,0.0161871444433927,test,tbf_imgs,cnn_focus_hybrid,
D:\Dineth\focus_binary_benchmark\dataset\tbf_imgs\unfocused\FieldPos082\FieldPos082_page_1.png,0,0.0023968107998371,test,tbf_imgs,cnn_focus_hybrid,
D:\Dineth\focus_binary_benchmark\dataset\tbf_imgs\unfocused\FieldPos082\FieldPos082_page_10.png,0,0.0022995490580797,test,tbf_imgs,cnn_focus_hybrid,
D:\Dineth\focus_binary_benchmark\dataset\tbf_imgs\unfocused\FieldPos082\FieldPos082_page_11.png,0,0.0022307464387267,test,tbf_imgs,cnn_focus_hybrid,
D:\Dineth\focus_binary_benchmark\dataset\tbf_imgs\unfocused\FieldPos082\FieldPos082_page_12.png,0,0.0023060103412717,test,tbf_imgs,cnn_focus_hybrid,
D:\Dineth\focus_binary_benchmark\dataset\tbf_imgs\unfocused\FieldPos082\FieldPos082_page_13.png,0,0.0021826135925948,test,tbf_imgs,cnn_focus_hybrid,
D:\Dineth\focus_binary_benchmark\dataset\tbf_imgs\unfocused\FieldPos082\FieldPos082_page_14.png,0,0.0022344428580254,test,tbf_imgs,cnn_focus_hybrid,
D:\Dineth\focus_binary_benchmark\dataset\tbf_imgs\unfocused\FieldPos082\FieldPos082_page_2.png,0,0.0025104186497628,test,tbf_imgs,cnn_focus_hybrid,
D:\Dineth\focus_binary_benchmark\dataset\tbf_imgs\unfocused\FieldPos082\FieldPos082_page_3.png,0,0.0027216942980885,test,tbf_imgs,cnn_focus_hybrid,
D:\Dineth\focus_binary_benchmark\dataset\tbf_imgs\unfocused\FieldPos082\FieldPos082_page_4.png,0,0.0031356536783277,test,tbf_imgs,cnn_focus_hybrid,
D:\Dineth\focus_binary_benchmark\dataset\tbf_imgs\unfocused\FieldPos082\FieldPos082_page_8.png,0,0.0028191967867314,test,tbf_imgs,cnn_focus_hybrid,
D:\Dineth\focus_binary_benchmark\dataset\tbf_imgs\unfocused\FieldPos082\FieldPos082_page_9.png,0,0.0023660587612539,test,tbf_imgs,cnn_focus_hybrid,
D:\Dineth\focus_binary_benchmark\dataset\tbf_imgs\unfocused\FieldPos103\FieldPos103_page_1.png,0,0.0164197962731122,test,tbf_imgs,cnn_focus_hybrid,
D:\Dineth\focus_binary_benchmark\dataset\tbf_imgs\unfocused\FieldPos103\FieldPos103_page_10.png,0,0.0283180698752403,test,tbf_imgs,cnn_focus_hybrid,
D:\Dineth\focus_binary_benchmark\dataset\tbf_imgs\unfocused\FieldPos103\FieldPos103_page_11.png,0,0.0195755660533905,test,tbf_imgs,cnn_focus_hybrid,
D:\Dineth\focus_binary_benchmark\dataset\tbf_imgs\unfocused\FieldPos103\FieldPos103_page_12.png,0,0.0165266431868076,test,tbf_imgs,cnn_focus_hybrid,
D:\Dineth\focus_binary_benchmark\dataset\tbf_imgs\unfocused\FieldPos103\FieldPos103_page_13.png,0,0.0157053750008344,test,tbf_imgs,cnn_focus_hybrid,
D:\Dineth\focus_binary_benchmark\dataset\tbf_imgs\unfocused\FieldPos103\FieldPos103_page_14.png,0,0.0164993833750486,test,tbf_imgs,cnn_focus_hybrid,
D:\Dineth\focus_binary_benchmark\dataset\tbf_imgs\unfocused\FieldPos103\FieldPos103_page_2.png,0,0.0170300621539354,test,tbf_imgs,cnn_focus_hybrid,
D:\Dineth\focus_binary_benchmark\dataset\tbf_imgs\unfocused\FieldPos103\FieldPos103_page_3.png,0,0.0167909022420644,test,tbf_imgs,cnn_focus_hybrid,
D:\Dineth\focus_binary_benchmark\dataset\tbf_imgs\unfocused\FieldPos103\FieldPos103_page_4.png,0,0.0182505100965499,test,tbf_imgs,cnn_focus_hybrid,
D:\Dineth\focus_binary_benchmark\dataset\tbf_imgs\unfocused\FieldPos103\FieldPos103_page_5.png,0,0.0276852119714021,test,tbf_imgs,cnn_focus_hybrid,
D:\Dineth\focus_binary_benchmark\dataset\tbf_imgs\unfocused\FieldPos103\FieldPos103_page_6.png,0,0.0637703984975814,test,tbf_imgs,cnn_focus_hybrid,
D:\Dineth\focus_binary_benchmark\dataset\tbf_imgs\unfocused\FieldPos104\FieldPos104_page_1.png,0,0.0166450161486864,test,tbf_imgs,cnn_focus_hybrid,
D:\Dineth\focus_binary_benchmark\dataset\tbf_imgs\unfocused\FieldPos104\FieldPos104_page_10.png,0,0.0213803574442863,test,tbf_imgs,cnn_focus_hybrid,
D:\Dineth\focus_binary_benchmark\dataset\tbf_imgs\unfocused\FieldPos104\FieldPos104_page_11.png,0,0.0160985086113214,test,tbf_imgs,cnn_focus_hybrid,
D:\Dineth\focus_binary_benchmark\dataset\tbf_imgs\unfocused\FieldPos104\FieldPos104_page_12.png,0,0.0156516972929239,test,tbf_imgs,cnn_focus_hybrid,
D:\Dineth\focus_binary_benchmark\dataset\tbf_imgs\unfocused\FieldPos104\FieldPos104_page_13.png,0,0.0151842143386602,test,tbf_imgs,cnn_focus_hybrid,
D:\Dineth\focus_binary_benchmark\dataset\tbf_imgs\unfocused\FieldPos104\FieldPos104_page_14.png,0,0.0148408282548189,test,tbf_imgs,cnn_focus_hybrid,
D:\Dineth\focus_binary_benchmark\dataset\tbf_imgs\unfocused\FieldPos104\FieldPos104_page_2.png,0,0.0169807709753513,test,tbf_imgs,cnn_focus_hybrid,
D:\Dineth\focus_binary_benchmark\dataset\tbf_imgs\unfocused\FieldPos104\FieldPos104_page_3.png,0,0.0177154168486595,test,tbf_imgs,cnn_focus_hybrid,
D:\Dineth\focus_binary_benchmark\dataset\tbf_imgs\unfocused\FieldPos104\FieldPos104_page_4.png,0,0.0216291360557079,test,tbf_imgs,cnn_focus_hybrid,
D:\Dineth\focus_binary_benchmark\dataset\tbf_imgs\unfocused\FieldPos104\FieldPos104_page_5.png,0,0.0499309636652469,test,tbf_imgs,cnn_focus_hybrid,
D:\Dineth\focus_binary_benchmark\dataset\tbf_imgs\unfocused\FieldPos104\FieldPos104_page_9.png,0,0.0425502620637416,test,tbf_imgs,cnn_focus_hybrid,
D:\Dineth\focus_binary_benchmark\dataset\tbf_imgs\unfocused\FieldPos107\FieldPos107_page_1.png,0,0.0090985344722867,test,tbf_imgs,cnn_focus_hybrid,
D:\Dineth\focus_binary_benchmark\dataset\tbf_imgs\unfocused\FieldPos107\FieldPos107_page_10.png,0,0.008473576977849,test,tbf_imgs,cnn_focus_hybrid,
D:\Dineth\focus_binary_benchmark\dataset\tbf_imgs\unfocused\FieldPos107\FieldPos107_page_11.png,0,0.0083370395004749,test,tbf_imgs,cnn_focus_hybrid,
D:\Dineth\focus_binary_benchmark\dataset\tbf_imgs\unfocused\FieldPos107\FieldPos107_page_12.png,0,0.0081764478236436,test,tbf_imgs,cnn_focus_hybrid,
D:\Dineth\focus_binary_benchmark\dataset\tbf_imgs\unfocused\FieldPos107\FieldPos107_page_13.png,0,0.0079926447942852,test,tbf_imgs,cnn_focus_hybrid,
D:\Dineth\focus_binary_benchmark\dataset\tbf_imgs\unfocused\FieldPos107\FieldPos107_page_14.png,0,0.0079868305474519,test,tbf_imgs,cnn_focus_hybrid,
D:\Dineth\focus_binary_benchmark\dataset\tbf_imgs\unfocused\FieldPos107\FieldPos107_page_2.png,0,0.0112745920196175,test,tbf_imgs,cnn_focus_hybrid,
D:\Dineth\focus_binary_benchmark\dataset\tbf_imgs\unfocused\FieldPos107\FieldPos107_page_3.png,0,0.0194897893816232,test,tbf_imgs,cnn_focus_hybrid,
D:\Dineth\focus_binary_benchmark\dataset\tbf_imgs\unfocused\FieldPos107\FieldPos107_page_7.png,0,0.0208071731030941,test,tbf_imgs,cnn_focus_hybrid,
D:\Dineth\focus_binary_benchmark\dataset\tbf_imgs\unfocused\FieldPos107\FieldPos107_page_8.png,0,0.0107149770483374,test,tbf_imgs,cnn_focus_hybrid,
D:\Dineth\focus_binary_benchmark\dataset\tbf_imgs\unfocused\FieldPos107\FieldPos107_page_9.png,0,0.0091526769101619,test,tbf_imgs,cnn_focus_hybrid,
D:\Dineth\focus_binary_benchmark\dataset\tbf_imgs\unfocused\FieldPos200\FieldPos200_page_1.png,0,0.0197536367923021,test,tbf_imgs,cnn_focus_hybrid,
D:\Dineth\focus_binary_benchmark\dataset\tbf_imgs\unfocused\FieldPos200\FieldPos200_page_10.png,0,0.0252154525369405,test,tbf_imgs,cnn_focus_hybrid,
D:\Dineth\focus_binary_benchmark\dataset\tbf_imgs\unfocused\FieldPos200\FieldPos200_page_11.png,0,0.0208481084555387,test,tbf_imgs,cnn_focus_hybrid,
D:\Dineth\focus_binary_benchmark\dataset\tbf_imgs\unfocused\FieldPos200\FieldPos200_page_12.png,0,0.0186633337289094,test,tbf_imgs,cnn_focus_hybrid,
D:\Dineth\focus_binary_benchmark\dataset\tbf_imgs\unfocused\FieldPos200\FieldPos200_page_13.png,0,0.0185381285846233,test,tbf_imgs,cnn_focus_hybrid,
D:\Dineth\focus_binary_benchmark\dataset\tbf_imgs\unfocused\FieldPos200\FieldPos200_page_14.png,0,0.0190938096493482,test,tbf_imgs,cnn_focus_hybrid,
D:\Dineth\focus_binary_benchmark\dataset\tbf_imgs\unfocused\FieldPos200\FieldPos200_page_2.png,0,0.022199036553502,test,tbf_imgs,cnn_focus_hybrid,
D:\Dineth\focus_binary_benchmark\dataset\tbf_imgs\unfocused\FieldPos200\FieldPos200_page_3.png,0,0.023029888048768,test,tbf_imgs,cnn_focus_hybrid,
D:\Dineth\focus_binary_benchmark\dataset\tbf_imgs\unfocused\FieldPos200\FieldPos200_page_4.png,0,0.0329834073781967,test,tbf_imgs,cnn_focus_hybrid,
D:\Dineth\focus_binary_benchmark\dataset\tbf_imgs\unfocused\FieldPos200\FieldPos200_page_5.png,0,0.0882656574249267,test,tbf_imgs,cnn_focus_hybrid,
D:\Dineth\focus_binary_benchmark\dataset\tbf_imgs\unfocused\FieldPos200\FieldPos200_page_9.png,0,0.0584421679377555,test,tbf_imgs,cnn_focus_hybrid,
D:\Dineth\focus_binary_benchmark\dataset\tbf_imgs\unfocused\FieldPos203\FieldPos203_page_1.png,0,0.0352384857833385,test,tbf_imgs,cnn_focus_hybrid,
D:\Dineth\focus_binary_benchmark\dataset\tbf_imgs\unfocused\FieldPos203\FieldPos203_page_10.png,0,0.0537210702896118,test,tbf_imgs,cnn_focus_hybrid,
D:\Dineth\focus_binary_benchmark\dataset\tbf_imgs\unfocused\FieldPos203\FieldPos203_page_11.png,0,0.0377723909914493,test,tbf_imgs,cnn_focus_hybrid,
D:\Dineth\focus_binary_benchmark\dataset\tbf_imgs\unfocused\FieldPos203\FieldPos203_page_12.png,0,0.035917941480875,test,tbf_imgs,cnn_focus_hybrid,
D:\Dineth\focus_binary_benchmark\dataset\tbf_imgs\unfocused\FieldPos203\FieldPos203_page_13.png,0,0.0342545323073864,test,tbf_imgs,cnn_focus_hybrid,
D:\Dineth\focus_binary_benchmark\dataset\tbf_imgs\unfocused\FieldPos203\FieldPos203_page_14.png,0,0.0337071828544139,test,tbf_imgs,cnn_focus_hybrid,
D:\Dineth\focus_binary_benchmark\dataset\tbf_imgs\unfocused\FieldPos203\FieldPos203_page_2.png,0,0.036309964954853,test,tbf_imgs,cnn_focus_hybrid,
D:\Dineth\focus_binary_benchmark\dataset\tbf_imgs\unfocused\FieldPos203\FieldPos203_page_3.png,0,0.0395116731524467,test,tbf_imgs,cnn_focus_hybrid,
D:\Dineth\focus_binary_benchmark\dataset\tbf_imgs\unfocused\FieldPos203\FieldPos203_page_4.png,0,0.0527259968221187,test,tbf_imgs,cnn_focus_hybrid,
D:\Dineth\focus_binary_benchmark\dataset\tbf_imgs\unfocused\FieldPos203\FieldPos203_page_5.png,0,0.1388872414827346,test,tbf_imgs,cnn_focus_hybrid,
D:\Dineth\focus_binary_benchmark\dataset\tbf_imgs\unfocused\FieldPos203\FieldPos203_page_9.png,0,0.1550200432538986,test,tbf_imgs,cnn_focus_hybrid,
D:\Dineth\focus_binary_benchmark\dataset\TBSI\focused\HH1\HH1 (6).JPG,1,0.9951118230819702,test,TBSI,cnn_focus_hybrid,
D:\Dineth\focus_binary_benchmark\dataset\TBSI\focused\HH3\HH3 (6).JPG,1,0.9795923829078674,test,TBSI,cnn_focus_hybrid,
D:\Dineth\focus_binary_benchmark\dataset\TBSI\focused\HH8\HH8 (6).JPG,1,0.4926421642303467,test,TBSI,cnn_focus_hybrid,
D:\Dineth\focus_binary_benchmark\dataset\TBSI\focused\HL8\HL8 (6).JPG,1,0.9668539762496948,test,TBSI,cnn_focus_hybrid,
D:\Dineth\focus_binary_benchmark\dataset\TBSI\focused\LH5\LH5 (4).JPG,1,0.8459398150444031,test,TBSI,cnn_focus_hybrid,
D:\Dineth\focus_binary_benchmark\dataset\TBSI\unfocused\HH1\HH1 (1).JPG,0,0.0005921918200328,test,TBSI,cnn_focus_hybrid,
D:\Dineth\focus_binary_benchmark\dataset\TBSI\unfocused\HH1\HH1 (10).JPG,0,0.000139590803883,test,TBSI,cnn_focus_hybrid,
D:\Dineth\focus_binary_benchmark\dataset\TBSI\unfocused\HH1\HH1 (2).JPG,0,0.0006467535858973,test,TBSI,cnn_focus_hybrid,
D:\Dineth\focus_binary_benchmark\dataset\TBSI\unfocused\HH1\HH1 (3).JPG,0,0.0001631635532248,test,TBSI,cnn_focus_hybrid,
D:\Dineth\focus_binary_benchmark\dataset\TBSI\unfocused\HH1\HH1 (4).JPG,0,0.0001065259275492,test,TBSI,cnn_focus_hybrid,
D:\Dineth\focus_binary_benchmark\dataset\TBSI\unfocused\HH1\HH1 (8).JPG,0,0.0001017502581817,test,TBSI,cnn_focus_hybrid,
D:\Dineth\focus_binary_benchmark\dataset\TBSI\unfocused\HH1\HH1 (9).JPG,0,9.555768338032068e-05,test,TBSI,cnn_focus_hybrid,
D:\Dineth\focus_binary_benchmark\dataset\TBSI\unfocused\HH3\HH3 (1).JPG,0,0.0084412349388003,test,TBSI,cnn_focus_hybrid,
D:\Dineth\focus_binary_benchmark\dataset\TBSI\unfocused\HH3\HH3 (10).JPG,0,0.0022608386352658,test,TBSI,cnn_focus_hybrid,
D:\Dineth\focus_binary_benchmark\dataset\TBSI\unfocused\HH3\HH3 (2).JPG,0,0.0072528007440268,test,TBSI,cnn_focus_hybrid,
D:\Dineth\focus_binary_benchmark\dataset\TBSI\unfocused\HH3\HH3 (3).JPG,0,0.0044393842108547,test,TBSI,cnn_focus_hybrid,
D:\Dineth\focus_binary_benchmark\dataset\TBSI\unfocused\HH3\HH3 (4).JPG,0,0.0027180677279829,test,TBSI,cnn_focus_hybrid,
D:\Dineth\focus_binary_benchmark\dataset\TBSI\unfocused\HH3\HH3 (8).JPG,0,0.0074645988643169,test,TBSI,cnn_focus_hybrid,
D:\Dineth\focus_binary_benchmark\dataset\TBSI\unfocused\HH3\HH3 (9).JPG,0,0.0011117284884676,test,TBSI,cnn_focus_hybrid,
D:\Dineth\focus_binary_benchmark\dataset\TBSI\unfocused\HH8\HH8 (1).JPG,0,0.0005145851173438,test,TBSI,cnn_focus_hybrid,
D:\Dineth\focus_binary_benchmark\dataset\TBSI\unfocused\HH8\HH8 (10).JPG,0,0.0005936903180554,test,TBSI,cnn_focus_hybrid,
D:\Dineth\focus_binary_benchmark\dataset\TBSI\unfocused\HH8\HH8 (2).JPG,0,0.0011015448253601,test,TBSI,cnn_focus_hybrid,
D:\Dineth\focus_binary_benchmark\dataset\TBSI\unfocused\HH8\HH8 (3).JPG,0,0.0004624071589205,test,TBSI,cnn_focus_hybrid,
D:\Dineth\focus_binary_benchmark\dataset\TBSI\unfocused\HH8\HH8 (4).JPG,0,0.0003036480629816,test,TBSI,cnn_focus_hybrid,
D:\Dineth\focus_binary_benchmark\dataset\TBSI\unfocused\HH8\HH8 (8).JPG,0,0.000365181476809,test,TBSI,cnn_focus_hybrid,
D:\Dineth\focus_binary_benchmark\dataset\TBSI\unfocused\HH8\HH8 (9).JPG,0,0.0002659737656358,test,TBSI,cnn_focus_hybrid,
D:\Dineth\focus_binary_benchmark\dataset\TBSI\unfocused\HL8\HL8 (1).JPG,0,0.0457109212875366,test,TBSI,cnn_focus_hybrid,
D:\Dineth\focus_binary_benchmark\dataset\TBSI\unfocused\HL8\HL8 (10).JPG,0,0.0513938516378402,test,TBSI,cnn_focus_hybrid,
D:\Dineth\focus_binary_benchmark\dataset\TBSI\unfocused\HL8\HL8 (2).JPG,0,0.0457109212875366,test,TBSI,cnn_focus_hybrid,
D:\Dineth\focus_binary_benchmark\dataset\TBSI\unfocused\HL8\HL8 (3).JPG,0,0.0423120073974132,test,TBSI,cnn_focus_hybrid,
D:\Dineth\focus_binary_benchmark\dataset\TBSI\unfocused\HL8\HL8 (4).JPG,0,0.0558151453733444,test,TBSI,cnn_focus_hybrid,
D:\Dineth\focus_binary_benchmark\dataset\TBSI\unfocused\HL8\HL8 (8).JPG,0,0.1026001721620559,test,TBSI,cnn_focus_hybrid,
D:\Dineth\focus_binary_benchmark\dataset\TBSI\unfocused\HL8\HL8 (9).JPG,0,0.0560867339372634,test,TBSI,cnn_focus_hybrid,
D:\Dineth\focus_binary_benchmark\dataset\TBSI\unfocused\LH5\LH5 (1).JPG,0,0.1751689910888672,test,TBSI,cnn_focus_hybrid,
D:\Dineth\focus_binary_benchmark\dataset\TBSI\unfocused\LH5\LH5 (10).JPG,0,0.1710443049669265,test,TBSI,cnn_focus_hybrid,
D:\Dineth\focus_binary_benchmark\dataset\TBSI\unfocused\LH5\LH5 (2).JPG,0,0.1676258444786071,test,TBSI,cnn_focus_hybrid,
D:\Dineth\focus_binary_benchmark\dataset\TBSI\unfocused\LH5\LH5 (6).JPG,0,0.1449459195137024,test,TBSI,cnn_focus_hybrid,
D:\Dineth\focus_binary_benchmark\dataset\TBSI\unfocused\LH5\LH5 (7).JPG,0,0.2132526636123657,test,TBSI,cnn_focus_hybrid,
D:\Dineth\focus_binary_benchmark\dataset\TBSI\unfocused\LH5\LH5 (8).JPG,0,0.1465703547000885,test,TBSI,cnn_focus_hybrid,
D:\Dineth\focus_binary_benchmark\dataset\TBSI\unfocused\LH5\LH5 (9).JPG,0,0.1656987518072128,test,TBSI,cnn_focus_hybrid,
D:\Dineth\focus_binary_benchmark\dataset\wbc\focused\106\106_6.jpg,1,0.9288398623466492,test,wbc,cnn_focus_hybrid,
D:\Dineth\focus_binary_benchmark\dataset\wbc\focused\113\113_6.jpg,1,0.9202280044555664,test,wbc,cnn_focus_hybrid,
D:\Dineth\focus_binary_benchmark\dataset\wbc\focused\117\117_6.jpg,1,0.8359519839286804,test,wbc,cnn_focus_hybrid,
D:\Dineth\focus_binary_benchmark\dataset\wbc\focused\118\118_6.jpg,1,0.5714954733848572,test,wbc,cnn_focus_hybrid,
D:\Dineth\focus_binary_benchmark\dataset\wbc\focused\138\138_5.jpg,1,0.9710922241210938,test,wbc,cnn_focus_hybrid,
D:\Dineth\focus_binary_benchmark\dataset\wbc\focused\143\143_7.jpg,1,0.4557499885559082,test,wbc,cnn_focus_hybrid,
D:\Dineth\focus_binary_benchmark\dataset\wbc\focused\145\145_6.jpg,1,0.6757423877716064,test,wbc,cnn_focus_hybrid,
D:\Dineth\focus_binary_benchmark\dataset\wbc\focused\19\19_5.jpg,1,0.929138481616974,test,wbc,cnn_focus_hybrid,
D:\Dineth\focus_binary_benchmark\dataset\wbc\focused\2\2_6.jpg,1,0.503737211227417,test,wbc,cnn_focus_hybrid,
D:\Dineth\focus_binary_benchmark\dataset\wbc\focused\22\22_5.jpg,1,0.9131639003753662,test,wbc,cnn_focus_hybrid,
D:\Dineth\focus_binary_benchmark\dataset\wbc\focused\24\24_6.jpg,1,0.3059507310390472,test,wbc,cnn_focus_hybrid,
D:\Dineth\focus_binary_benchmark\dataset\wbc\focused\32\32_6.jpg,1,0.9516021013259888,test,wbc,cnn_focus_hybrid,
D:\Dineth\focus_binary_benchmark\dataset\wbc\focused\33\33_6.jpg,1,0.9460673332214355,test,wbc,cnn_focus_hybrid,
D:\Dineth\focus_binary_benchmark\dataset\wbc\focused\41\41_5.jpg,1,0.9312658309936525,test,wbc,cnn_focus_hybrid,
D:\Dineth\focus_binary_benchmark\dataset\wbc\focused\49\49_6.jpg,1,0.8352921009063721,test,wbc,cnn_focus_hybrid,
D:\Dineth\focus_binary_benchmark\dataset\wbc\focused\50\50_7.jpg,1,0.4997968971729278,test,wbc,cnn_focus_hybrid,
D:\Dineth\focus_binary_benchmark\dataset\wbc\focused\58\58_6.jpg,1,0.9393366575241088,test,wbc,cnn_focus_hybrid,
D:\Dineth\focus_binary_benchmark\dataset\wbc\focused\65\65_6.jpg,1,0.6442137360572815,test,wbc,cnn_focus_hybrid,
D:\Dineth\focus_binary_benchmark\dataset\wbc\focused\66\66_6.jpg,1,0.8828665614128113,test,wbc,cnn_focus_hybrid,
D:\Dineth\focus_binary_benchmark\dataset\wbc\focused\7\7_6.jpg,1,0.8681206703186035,test,wbc,cnn_focus_hybrid,
D:\Dineth\focus_binary_benchmark\dataset\wbc\focused\76\76_5.jpg,1,0.960793912410736,test,wbc,cnn_focus_hybrid,
D:\Dineth\focus_binary_benchmark\dataset\wbc\focused\89\89_6.jpg,1,0.6417962908744812,test,wbc,cnn_focus_hybrid,
D:\Dineth\focus_binary_benchmark\dataset\wbc\unfocused\106\106_0.jpg,0,7.683635340072215e-05,test,wbc,cnn_focus_hybrid,
D:\Dineth\focus_binary_benchmark\dataset\wbc\unfocused\106\106_1.jpg,0,0.0001565936545375,test,wbc,cnn_focus_hybrid,
D:\Dineth\focus_binary_benchmark\dataset\wbc\unfocused\106\106_2.jpg,0,0.0001884424418676,test,wbc,cnn_focus_hybrid,
D:\Dineth\focus_binary_benchmark\dataset\wbc\unfocused\106\106_3.jpg,0,0.0010439278557896,test,wbc,cnn_focus_hybrid,
D:\Dineth\focus_binary_benchmark\dataset\wbc\unfocused\106\106_4.jpg,0,0.1276694238185882,test,wbc,cnn_focus_hybrid,
D:\Dineth\focus_binary_benchmark\dataset\wbc\unfocused\106\106_8.jpg,0,0.1012991145253181,test,wbc,cnn_focus_hybrid,
D:\Dineth\focus_binary_benchmark\dataset\wbc\unfocused\106\106_9.jpg,0,0.0024035996757447,test,wbc,cnn_focus_hybrid,
D:\Dineth\focus_binary_benchmark\dataset\wbc\unfocused\113\113_0.jpg,0,2.273538120789453e-05,test,wbc,cnn_focus_hybrid,
D:\Dineth\focus_binary_benchmark\dataset\wbc\unfocused\113\113_1.jpg,0,4.430650005815551e-05,test,wbc,cnn_focus_hybrid,
D:\Dineth\focus_binary_benchmark\dataset\wbc\unfocused\113\113_2.jpg,0,0.0001090069272322,test,wbc,cnn_focus_hybrid,
D:\Dineth\focus_binary_benchmark\dataset\wbc\unfocused\113\113_3.jpg,0,0.0007149640005081,test,wbc,cnn_focus_hybrid,
D:\Dineth\focus_binary_benchmark\dataset\wbc\unfocused\113\113_4.jpg,0,0.02412074431777,test,wbc,cnn_focus_hybrid,
D:\Dineth\focus_binary_benchmark\dataset\wbc\unfocused\113\113_8.jpg,0,0.0221165716648101,test,wbc,cnn_focus_hybrid,
D:\Dineth\focus_binary_benchmark\dataset\wbc\unfocused\113\113_9.jpg,0,0.0007178314263001,test,wbc,cnn_focus_hybrid,
D:\Dineth\focus_binary_benchmark\dataset\wbc\unfocused\117\117_0.jpg,0,6.664123793598264e-05,test,wbc,cnn_focus_hybrid,
D:\Dineth\focus_binary_benchmark\dataset\wbc\unfocused\117\117_1.jpg,0,0.0001196755838464,test,wbc,cnn_focus_hybrid,
D:\Dineth\focus_binary_benchmark\dataset\wbc\unfocused\117\117_2.jpg,0,0.0002787350967992,test,wbc,cnn_focus_hybrid,
D:\Dineth\focus_binary_benchmark\dataset\wbc\unfocused\117\117_3.jpg,0,0.000292137498036,test,wbc,cnn_focus_hybrid,
D:\Dineth\focus_binary_benchmark\dataset\wbc\unfocused\117\117_4.jpg,0,0.0187271777540445,test,wbc,cnn_focus_hybrid,
D:\Dineth\focus_binary_benchmark\dataset\wbc\unfocused\117\117_8.jpg,0,0.0257179047912359,test,wbc,cnn_focus_hybrid,
D:\Dineth\focus_binary_benchmark\dataset\wbc\unfocused\117\117_9.jpg,0,0.0009688465506769,test,wbc,cnn_focus_hybrid,
D:\Dineth\focus_binary_benchmark\dataset\wbc\unfocused\118\118_0.jpg,0,8.784033707343042e-05,test,wbc,cnn_focus_hybrid,
D:\Dineth\focus_binary_benchmark\dataset\wbc\unfocused\118\118_1.jpg,0,0.0001552213798277,test,wbc,cnn_focus_hybrid,
D:\Dineth\focus_binary_benchmark\dataset\wbc\unfocused\118\118_2.jpg,0,0.0003386312455404,test,wbc,cnn_focus_hybrid,
D:\Dineth\focus_binary_benchmark\dataset\wbc\unfocused\118\118_3.jpg,0,0.0017912493785843,test,wbc,cnn_focus_hybrid,
D:\Dineth\focus_binary_benchmark\dataset\wbc\unfocused\118\118_4.jpg,0,0.0823172479867935,test,wbc,cnn_focus_hybrid,
D:\Dineth\focus_binary_benchmark\dataset\wbc\unfocused\118\118_8.jpg,0,0.0033550343941897,test,wbc,cnn_focus_hybrid,
D:\Dineth\focus_binary_benchmark\dataset\wbc\unfocused\118\118_9.jpg,0,0.0001263092126464,test,wbc,cnn_focus_hybrid,
D:\Dineth\focus_binary_benchmark\dataset\wbc\unfocused\138\138_0.jpg,0,0.0001059889109455,test,wbc,cnn_focus_hybrid,
D:\Dineth\focus_binary_benchmark\dataset\wbc\unfocused\138\138_1.jpg,0,0.0001656230888329,test,wbc,cnn_focus_hybrid,
D:\Dineth\focus_binary_benchmark\dataset\wbc\unfocused\138\138_2.jpg,0,0.001036632223986,test,wbc,cnn_focus_hybrid,
D:\Dineth\focus_binary_benchmark\dataset\wbc\unfocused\138\138_3.jpg,0,0.1384582817554474,test,wbc,cnn_focus_hybrid,
D:\Dineth\focus_binary_benchmark\dataset\wbc\unfocused\138\138_7.jpg,0,0.0350448787212371,test,wbc,cnn_focus_hybrid,
D:\Dineth\focus_binary_benchmark\dataset\wbc\unfocused\138\138_8.jpg,0,0.0004409295797813,test,wbc,cnn_focus_hybrid,
D:\Dineth\focus_binary_benchmark\dataset\wbc\unfocused\138\138_9.jpg,0,3.4757598768919706e-05,test,wbc,cnn_focus_hybrid,
D:\Dineth\focus_binary_benchmark\dataset\wbc\unfocused\143\143_0.jpg,0,0.0002288535761181,test,wbc,cnn_focus_hybrid,
D:\Dineth\focus_binary_benchmark\dataset\wbc\unfocused\143\143_1.jpg,0,0.0004149886372033,test,wbc,cnn_focus_hybrid,
D:\Dineth\focus_binary_benchmark\dataset\wbc\unfocused\143\143_2.jpg,0,0.0006088173831813,test,wbc,cnn_focus_hybrid,
D:\Dineth\focus_binary_benchmark\dataset\wbc\unfocused\143\143_3.jpg,0,0.0008444209815934,test,wbc,cnn_focus_hybrid,
D:\Dineth\focus_binary_benchmark\dataset\wbc\unfocused\143\143_4.jpg,0,0.0046768472529947,test,wbc,cnn_focus_hybrid,
D:\Dineth\focus_binary_benchmark\dataset\wbc\unfocused\143\143_5.jpg,0,0.2011883705854416,test,wbc,cnn_focus_hybrid,
D:\Dineth\focus_binary_benchmark\dataset\wbc\unfocused\143\143_9.jpg,0,0.0070952726528048,test,wbc,cnn_focus_hybrid,
D:\Dineth\focus_binary_benchmark\dataset\wbc\unfocused\145\145_0.jpg,0,0.0001669209304964,test,wbc,cnn_focus_hybrid,
D:\Dineth\focus_binary_benchmark\dataset\wbc\unfocused\145\145_1.jpg,0,0.0004516865592449,test,wbc,cnn_focus_hybrid,
D:\Dineth\focus_binary_benchmark\dataset\wbc\unfocused\145\145_2.jpg,0,0.0009261081577278,test,wbc,cnn_focus_hybrid,
D:\Dineth\focus_binary_benchmark\dataset\wbc\unfocused\145\145_3.jpg,0,0.0081230029463768,test,wbc,cnn_focus_hybrid,
D:\Dineth\focus_binary_benchmark\dataset\wbc\unfocused\145\145_4.jpg,0,0.317402720451355,test,wbc,cnn_focus_hybrid,
D:\Dineth\focus_binary_benchmark\dataset\wbc\unfocused\145\145_8.jpg,0,0.0064960503950715,test,wbc,cnn_focus_hybrid,
D:\Dineth\focus_binary_benchmark\dataset\wbc\unfocused\145\145_9.jpg,0,0.0007027555839158,test,wbc,cnn_focus_hybrid,
D:\Dineth\focus_binary_benchmark\dataset\wbc\unfocused\19\19_0.jpg,0,0.000193025523913,test,wbc,cnn_focus_hybrid,
D:\Dineth\focus_binary_benchmark\dataset\wbc\unfocused\19\19_1.jpg,0,0.000617531419266,test,wbc,cnn_focus_hybrid,
D:\Dineth\focus_binary_benchmark\dataset\wbc\unfocused\19\19_2.jpg,0,0.0011118978727608,test,wbc,cnn_focus_hybrid,
D:\Dineth\focus_binary_benchmark\dataset\wbc\unfocused\19\19_3.jpg,0,0.0680491402745246,test,wbc,cnn_focus_hybrid,
D:\Dineth\focus_binary_benchmark\dataset\wbc\unfocused\19\19_7.jpg,0,0.0449034459888935,test,wbc,cnn_focus_hybrid,
D:\Dineth\focus_binary_benchmark\dataset\wbc\unfocused\19\19_8.jpg,0,0.0014266003854572,test,wbc,cnn_focus_hybrid,
D:\Dineth\focus_binary_benchmark\dataset\wbc\unfocused\19\19_9.jpg,0,0.0001653687359066,test,wbc,cnn_focus_hybrid,
D:\Dineth\focus_binary_benchmark\dataset\wbc\unfocused\2\2_0.jpg,0,1.6170655726455152e-05,test,wbc,cnn_focus_hybrid,
D:\Dineth\focus_binary_benchmark\dataset\wbc\unfocused\2\2_1.jpg,0,2.814189974742476e-05,test,wbc,cnn_focus_hybrid,
D:\Dineth\focus_binary_benchmark\dataset\wbc\unfocused\2\2_2.jpg,0,3.3631826227065176e-05,test,wbc,cnn_focus_hybrid,
D:\Dineth\focus_binary_benchmark\dataset\wbc\unfocused\2\2_3.jpg,0,0.0001142010951298,test,wbc,cnn_focus_hybrid,
D:\Dineth\focus_binary_benchmark\dataset\wbc\unfocused\2\2_4.jpg,0,0.0043112845160067,test,wbc,cnn_focus_hybrid,
D:\Dineth\focus_binary_benchmark\dataset\wbc\unfocused\2\2_8.jpg,0,0.005527046509087,test,wbc,cnn_focus_hybrid,
D:\Dineth\focus_binary_benchmark\dataset\wbc\unfocused\2\2_9.jpg,0,0.0003293504705652,test,wbc,cnn_focus_hybrid,
D:\Dineth\focus_binary_benchmark\dataset\wbc\unfocused\22\22_0.jpg,0,6.785579898860306e-05,test,wbc,cnn_focus_hybrid,
D:\Dineth\focus_binary_benchmark\dataset\wbc\unfocused\22\22_1.jpg,0,5.134208549861796e-05,test,wbc,cnn_focus_hybrid,
D:\Dineth\focus_binary_benchmark\dataset\wbc\unfocused\22\22_2.jpg,0,0.0008356338366866,test,wbc,cnn_focus_hybrid,
D:\Dineth\focus_binary_benchmark\dataset\wbc\unfocused\22\22_3.jpg,0,0.0340729653835296,test,wbc,cnn_focus_hybrid,
D:\Dineth\focus_binary_benchmark\dataset\wbc\unfocused\22\22_7.jpg,0,0.0066486876457929,test,wbc,cnn_focus_hybrid,
D:\Dineth\focus_binary_benchmark\dataset\wbc\unfocused\22\22_8.jpg,0,0.0001894668675959,test,wbc,cnn_focus_hybrid,
D:\Dineth\focus_binary_benchmark\dataset\wbc\unfocused\22\22_9.jpg,0,2.1643272702931423e-05,test,wbc,cnn_focus_hybrid,
D:\Dineth\focus_binary_benchmark\dataset\wbc\unfocused\24\24_0.jpg,0,1.006385082291672e-05,test,wbc,cnn_focus_hybrid,
D:\Dineth\focus_binary_benchmark\dataset\wbc\unfocused\24\24_1.jpg,0,1.0916238352365326e-05,test,wbc,cnn_focus_hybrid,
D:\Dineth\focus_binary_benchmark\dataset\wbc\unfocused\24\24_2.jpg,0,3.062131509068422e-05,test,wbc,cnn_focus_hybrid,
D:\Dineth\focus_binary_benchmark\dataset\wbc\unfocused\24\24_3.jpg,0,0.0002076614036923,test,wbc,cnn_focus_hybrid,
D:\Dineth\focus_binary_benchmark\dataset\wbc\unfocused\24\24_4.jpg,0,0.0229750182479619,test,wbc,cnn_focus_hybrid,
D:\Dineth\focus_binary_benchmark\dataset\wbc\unfocused\24\24_8.jpg,0,0.0001609843893675,test,wbc,cnn_focus_hybrid,
D:\Dineth\focus_binary_benchmark\dataset\wbc\unfocused\24\24_9.jpg,0,8.283192073577084e-06,test,wbc,cnn_focus_hybrid,
D:\Dineth\focus_binary_benchmark\dataset\wbc\unfocused\32\32_0.jpg,0,8.665146742714569e-05,test,wbc,cnn_focus_hybrid,
D:\Dineth\focus_binary_benchmark\dataset\wbc\unfocused\32\32_1.jpg,0,0.0001428893301635,test,wbc,cnn_focus_hybrid,
D:\Dineth\focus_binary_benchmark\dataset\wbc\unfocused\32\32_2.jpg,0,0.0005920169060118,test,wbc,cnn_focus_hybrid,
D:\Dineth\focus_binary_benchmark\dataset\wbc\unfocused\32\32_3.jpg,0,0.0018715685000643,test,wbc,cnn_focus_hybrid,
D:\Dineth\focus_binary_benchmark\dataset\wbc\unfocused\32\32_4.jpg,0,0.0252919699996709,test,wbc,cnn_focus_hybrid,
D:\Dineth\focus_binary_benchmark\dataset\wbc\unfocused\32\32_8.jpg,0,0.050781276077032,test,wbc,cnn_focus_hybrid,
D:\Dineth\focus_binary_benchmark\dataset\wbc\unfocused\32\32_9.jpg,0,0.0020681421738117,test,wbc,cnn_focus_hybrid,
D:\Dineth\focus_binary_benchmark\dataset\wbc\unfocused\33\33_0.jpg,0,0.0001980521483346,test,wbc,cnn_focus_hybrid,
D:\Dineth\focus_binary_benchmark\dataset\wbc\unfocused\33\33_1.jpg,0,0.0003119914617855,test,wbc,cnn_focus_hybrid,
D:\Dineth\focus_binary_benchmark\dataset\wbc\unfocused\33\33_2.jpg,0,0.0009106780635192,test,wbc,cnn_focus_hybrid,
D:\Dineth\focus_binary_benchmark\dataset\wbc\unfocused\33\33_3.jpg,0,0.0030525315087288,test,wbc,cnn_focus_hybrid,
D:\Dineth\focus_binary_benchmark\dataset\wbc\unfocused\33\33_4.jpg,0,0.0908085629343986,test,wbc,cnn_focus_hybrid,
D:\Dineth\focus_binary_benchmark\dataset\wbc\unfocused\33\33_8.jpg,0,0.0751581564545631,test,wbc,cnn_focus_hybrid,
D:\Dineth\focus_binary_benchmark\dataset\wbc\unfocused\33\33_9.jpg,0,0.0028430167585611,test,wbc,cnn_focus_hybrid,
D:\Dineth\focus_binary_benchmark\dataset\wbc\unfocused\41\41_0.jpg,0,0.0005847535212524,test,wbc,cnn_focus_hybrid,
D:\Dineth\focus_binary_benchmark\dataset\wbc\unfocused\41\41_1.jpg,0,0.0007905655074864,test,wbc,cnn_focus_hybrid,
D:\Dineth\focus_binary_benchmark\dataset\wbc\unfocused\41\41_2.jpg,0,0.0052505321800708,test,wbc,cnn_focus_hybrid,
D:\Dineth\focus_binary_benchmark\dataset\wbc\unfocused\41\41_3.jpg,0,0.2114582806825637,test,wbc,cnn_focus_hybrid,
D:\Dineth\focus_binary_benchmark\dataset\wbc\unfocused\41\41_7.jpg,0,0.0983336716890335,test,wbc,cnn_focus_hybrid,
D:\Dineth\focus_binary_benchmark\dataset\wbc\unfocused\41\41_8.jpg,0,0.0038332752883434,test,wbc,cnn_focus_hybrid,
D:\Dineth\focus_binary_benchmark\dataset\wbc\unfocused\41\41_9.jpg,0,0.0005859642405994,test,wbc,cnn_focus_hybrid,
D:\Dineth\focus_binary_benchmark\dataset\wbc\unfocused\49\49_0.jpg,0,1.918466750794323e-06,test,wbc,cnn_focus_hybrid,
D:\Dineth\focus_binary_benchmark\dataset\wbc\unfocused\49\49_1.jpg,0,3.7870256619498832e-06,test,wbc,cnn_focus_hybrid,
D:\Dineth\focus_binary_benchmark\dataset\wbc\unfocused\49\49_2.jpg,0,1.2985028661205432e-05,test,wbc,cnn_focus_hybrid,
D:\Dineth\focus_binary_benchmark\dataset\wbc\unfocused\49\49_3.jpg,0,0.0001165360008599,test,wbc,cnn_focus_hybrid,
D:\Dineth\focus_binary_benchmark\dataset\wbc\unfocused\49\49_4.jpg,0,0.0290370341390371,test,wbc,cnn_focus_hybrid,
D:\Dineth\focus_binary_benchmark\dataset\wbc\unfocused\49\49_8.jpg,0,0.0024485574103891,test,wbc,cnn_focus_hybrid,
D:\Dineth\focus_binary_benchmark\dataset\wbc\unfocused\49\49_9.jpg,0,2.9830780476913787e-05,test,wbc,cnn_focus_hybrid,
D:\Dineth\focus_binary_benchmark\dataset\wbc\unfocused\50\50_0.jpg,0,2.6818084734259173e-05,test,wbc,cnn_focus_hybrid,
D:\Dineth\focus_binary_benchmark\dataset\wbc\unfocused\50\50_1.jpg,0,6.879553257022053e-05,test,wbc,cnn_focus_hybrid,
D:\Dineth\focus_binary_benchmark\dataset\wbc\unfocused\50\50_2.jpg,0,0.0001464002853026,test,wbc,cnn_focus_hybrid,
D:\Dineth\focus_binary_benchmark\dataset\wbc\unfocused\50\50_3.jpg,0,0.0006962707848288,test,wbc,cnn_focus_hybrid,
D:\Dineth\focus_binary_benchmark\dataset\wbc\unfocused\50\50_4.jpg,0,0.0128944339230656,test,wbc,cnn_focus_hybrid,
D:\Dineth\focus_binary_benchmark\dataset\wbc\unfocused\50\50_5.jpg,0,0.3134058117866516,test,wbc,cnn_focus_hybrid,
D:\Dineth\focus_binary_benchmark\dataset\wbc\unfocused\50\50_9.jpg,0,0.0028928145766258,test,wbc,cnn_focus_hybrid,
D:\Dineth\focus_binary_benchmark\dataset\wbc\unfocused\58\58_0.jpg,0,0.000142998076626,test,wbc,cnn_focus_hybrid,
D:\Dineth\focus_binary_benchmark\dataset\wbc\unfocused\58\58_1.jpg,0,0.0001771497627487,test,wbc,cnn_focus_hybrid,
D:\Dineth\focus_binary_benchmark\dataset\wbc\unfocused\58\58_2.jpg,0,0.0003042824100703,test,wbc,cnn_focus_hybrid,
D:\Dineth\focus_binary_benchmark\dataset\wbc\unfocused\58\58_3.jpg,0,0.0061075864359736,test,wbc,cnn_focus_hybrid,
D:\Dineth\focus_binary_benchmark\dataset\wbc\unfocused\58\58_4.jpg,0,0.481749951839447,test,wbc,cnn_focus_hybrid,
D:\Dineth\focus_binary_benchmark\dataset\wbc\unfocused\58\58_8.jpg,0,0.1869467496871948,test,wbc,cnn_focus_hybrid,
D:\Dineth\focus_binary_benchmark\dataset\wbc\unfocused\58\58_9.jpg,0,0.0124016068875789,test,wbc,cnn_focus_hybrid,
D:\Dineth\focus_binary_benchmark\dataset\wbc\unfocused\65\65_0.jpg,0,2.531035897845868e-05,test,wbc,cnn_focus_hybrid,
D:\Dineth\focus_binary_benchmark\dataset\wbc\unfocused\65\65_1.jpg,0,5.674263593391515e-05,test,wbc,cnn_focus_hybrid,
D:\Dineth\focus_binary_benchmark\dataset\wbc\unfocused\65\65_2.jpg,0,0.0001692131627351,test,wbc,cnn_focus_hybrid,
D:\Dineth\focus_binary_benchmark\dataset\wbc\unfocused\65\65_3.jpg,0,0.0008153142407536,test,wbc,cnn_focus_hybrid,
D:\Dineth\focus_binary_benchmark\dataset\wbc\unfocused\65\65_4.jpg,0,0.0900749340653419,test,wbc,cnn_focus_hybrid,
D:\Dineth\focus_binary_benchmark\dataset\wbc\unfocused\65\65_8.jpg,0,0.0084308730438351,test,wbc,cnn_focus_hybrid,
D:\Dineth\focus_binary_benchmark\dataset\wbc\unfocused\65\65_9.jpg,0,0.0004023511137347,test,wbc,cnn_focus_hybrid,
D:\Dineth\focus_binary_benchmark\dataset\wbc\unfocused\66\66_0.jpg,0,0.0002812598831951,test,wbc,cnn_focus_hybrid,
D:\Dineth\focus_binary_benchmark\dataset\wbc\unfocused\66\66_1.jpg,0,0.0006288535660132,test,wbc,cnn_focus_hybrid,
D:\Dineth\focus_binary_benchmark\dataset\wbc\unfocused\66\66_2.jpg,0,0.0016159041551873,test,wbc,cnn_focus_hybrid,
D:\Dineth\focus_binary_benchmark\dataset\wbc\unfocused\66\66_3.jpg,0,0.0039604790508747,test,wbc,cnn_focus_hybrid,
D:\Dineth\focus_binary_benchmark\dataset\wbc\unfocused\66\66_4.jpg,0,0.0862418711185455,test,wbc,cnn_focus_hybrid,
D:\Dineth\focus_binary_benchmark\dataset\wbc\unfocused\66\66_8.jpg,0,0.0218705479055643,test,wbc,cnn_focus_hybrid,
D:\Dineth\focus_binary_benchmark\dataset\wbc\unfocused\66\66_9.jpg,0,0.001131686149165,test,wbc,cnn_focus_hybrid,
D:\Dineth\focus_binary_benchmark\dataset\wbc\unfocused\7\7_0.jpg,0,8.26296818559058e-05,test,wbc,cnn_focus_hybrid,
D:\Dineth\focus_binary_benchmark\dataset\wbc\unfocused\7\7_1.jpg,0,0.0001869074476417,test,wbc,cnn_focus_hybrid,
D:\Dineth\focus_binary_benchmark\dataset\wbc\unfocused\7\7_2.jpg,0,0.000262056622887,test,wbc,cnn_focus_hybrid,
D:\Dineth\focus_binary_benchmark\dataset\wbc\unfocused\7\7_3.jpg,0,0.0024212948046624,test,wbc,cnn_focus_hybrid,
D:\Dineth\focus_binary_benchmark\dataset\wbc\unfocused\7\7_4.jpg,0,0.087829366326332,test,wbc,cnn_focus_hybrid,
D:\Dineth\focus_binary_benchmark\dataset\wbc\unfocused\7\7_8.jpg,0,0.0465538799762725,test,wbc,cnn_focus_hybrid,
D:\Dineth\focus_binary_benchmark\dataset\wbc\unfocused\7\7_9.jpg,0,0.0020239495206624,test,wbc,cnn_focus_hybrid,
D:\Dineth\focus_binary_benchmark\dataset\wbc\unfocused\76\76_0.jpg,0,3.421539076953195e-05,test,wbc,cnn_focus_hybrid,
D:\Dineth\focus_binary_benchmark\dataset\wbc\unfocused\76\76_1.jpg,0,0.00015486907796,test,wbc,cnn_focus_hybrid,
D:\Dineth\focus_binary_benchmark\dataset\wbc\unfocused\76\76_2.jpg,0,0.0011693475535139,test,wbc,cnn_focus_hybrid,
D:\Dineth\focus_binary_benchmark\dataset\wbc\unfocused\76\76_3.jpg,0,0.0378780290484428,test,wbc,cnn_focus_hybrid,
D:\Dineth\focus_binary_benchmark\dataset\wbc\unfocused\76\76_7.jpg,0,0.0226415619254112,test,wbc,cnn_focus_hybrid,
D:\Dineth\focus_binary_benchmark\dataset\wbc\unfocused\76\76_8.jpg,0,0.0002649118541739,test,wbc,cnn_focus_hybrid,
D:\Dineth\focus_binary_benchmark\dataset\wbc\unfocused\76\76_9.jpg,0,1.3334715731616598e-05,test,wbc,cnn_focus_hybrid,
D:\Dineth\focus_binary_benchmark\dataset\wbc\unfocused\89\89_0.jpg,0,2.126652543665841e-05,test,wbc,cnn_focus_hybrid,
D:\Dineth\focus_binary_benchmark\dataset\wbc\unfocused\89\89_1.jpg,0,0.0001171789626823,test,wbc,cnn_focus_hybrid,
D:\Dineth\focus_binary_benchmark\dataset\wbc\unfocused\89\89_2.jpg,0,0.0001124231566791,test,wbc,cnn_focus_hybrid,
D:\Dineth\focus_binary_benchmark\dataset\wbc\unfocused\89\89_3.jpg,0,0.0054104346781969,test,wbc,cnn_focus_hybrid,
D:\Dineth\focus_binary_benchmark\dataset\wbc\unfocused\89\89_4.jpg,0,0.17864590883255,test,wbc,cnn_focus_hybrid,
D:\Dineth\focus_binary_benchmark\dataset\wbc\unfocused\89\89_8.jpg,0,0.0050206207670271,test,wbc,cnn_focus_hybrid,
D:\Dineth\focus_binary_benchmark\dataset\wbc\unfocused\89\89_9.jpg,0,0.0001437047758372,test,wbc,cnn_focus_hybrid,
D:\Dineth\focus_binary_benchmark\dataset\bma\focused\pos002_2\pos002_2_page_2.png,1,0.7967114448547363,test,bma,focus_dnn,
D:\Dineth\focus_binary_benchmark\dataset\bma\focused\pos003_3\pos003_3_page_6.png,1,0.8040517568588257,test,bma,focus_dnn,
D:\Dineth\focus_binary_benchmark\dataset\bma\focused\pos004_3\pos004_3_page_11.png,1,0.8038665056228638,test,bma,focus_dnn,
D:\Dineth\focus_binary_benchmark\dataset\bma\focused\pos005_2\pos005_2_page_10.png,1,0.7735575437545776,test,bma,focus_dnn,
D:\Dineth\focus_binary_benchmark\dataset\bma\focused\pos006_1\pos006_1_page_8.png,1,0.8049302101135254,test,bma,focus_dnn,
D:\Dineth\focus_binary_benchmark\dataset\bma\unfocused\pos002_2\pos002_2_page_1.png,0,0.1325947493314743,test,bma,focus_dnn,
D:\Dineth\focus_binary_benchmark\dataset\bma\unfocused\pos002_2\pos002_2_page_10.png,0,0.046882402151823,test,bma,focus_dnn,
D:\Dineth\focus_binary_benchmark\dataset\bma\unfocused\pos002_2\pos002_2_page_11.png,0,0.0513375289738178,test,bma,focus_dnn,
D:\Dineth\focus_binary_benchmark\dataset\bma\unfocused\pos002_2\pos002_2_page_12.png,0,0.064646266400814,test,bma,focus_dnn,
D:\Dineth\focus_binary_benchmark\dataset\bma\unfocused\pos002_2\pos002_2_page_13.png,0,0.0857283845543861,test,bma,focus_dnn,
D:\Dineth\focus_binary_benchmark\dataset\bma\unfocused\pos002_2\pos002_2_page_4.png,0,0.7995816469192505,test,bma,focus_dnn,
D:\Dineth\focus_binary_benchmark\dataset\bma\unfocused\pos002_2\pos002_2_page_5.png,0,0.79660564661026,test,bma,focus_dnn,
D:\Dineth\focus_binary_benchmark\dataset\bma\unfocused\pos002_2\pos002_2_page_6.png,0,0.77889084815979,test,bma,focus_dnn,
D:\Dineth\focus_binary_benchmark\dataset\bma\unfocused\pos002_2\pos002_2_page_7.png,0,0.6588754653930664,test,bma,focus_dnn,
D:\Dineth\focus_binary_benchmark\dataset\bma\unfocused\pos002_2\pos002_2_page_8.png,0,0.234775498509407,test,bma,focus_dnn,
D:\Dineth\focus_binary_benchmark\dataset\bma\unfocused\pos002_2\pos002_2_page_9.png,0,0.070796824991703,test,bma,focus_dnn,
D:\Dineth\focus_binary_benchmark\dataset\bma\unfocused\pos003_3\pos003_3_page_1.png,0,0.0949891656637191,test,bma,focus_dnn,
D:\Dineth\focus_binary_benchmark\dataset\bma\unfocused\pos003_3\pos003_3_page_10.png,0,0.4933062791824341,test,bma,focus_dnn,
D:\Dineth\focus_binary_benchmark\dataset\bma\unfocused\pos003_3\pos003_3_page_11.png,0,0.0973164513707161,test,bma,focus_dnn,
D:\Dineth\focus_binary_benchmark\dataset\bma\unfocused\pos003_3\pos003_3_page_12.png,0,0.0633041560649871,test,bma,focus_dnn,
D:\Dineth\focus_binary_benchmark\dataset\bma\unfocused\pos003_3\pos003_3_page_13.png,0,0.0543644353747367,test,bma,focus_dnn,
D:\Dineth\focus_binary_benchmark\dataset\bma\unfocused\pos003_3\pos003_3_page_14.png,0,0.0614082850515842,test,bma,focus_dnn,
D:\Dineth\focus_binary_benchmark\dataset\bma\unfocused\pos003_3\pos003_3_page_2.png,0,0.7993120551109314,test,bma,focus_dnn,
D:\Dineth\focus_binary_benchmark\dataset\bma\unfocused\pos003_3\pos003_3_page_3.png,0,0.8070038557052612,test,bma,focus_dnn,
D:\Dineth\focus_binary_benchmark\dataset\bma\unfocused\pos003_3\pos003_3_page_4.png,0,0.7907854914665222,test,bma,focus_dnn,
D:\Dineth\focus_binary_benchmark\dataset\bma\unfocused\pos003_3\pos003_3_page_8.png,0,0.7998320460319519,test,bma,focus_dnn,
D:\Dineth\focus_binary_benchmark\dataset\bma\unfocused\pos003_3\pos003_3_page_9.png,0,0.8017088174819946,test,bma,focus_dnn,
D:\Dineth\focus_binary_benchmark\dataset\bma\unfocused\pos004_3\pos004_3_page_1.png,0,0.1507883667945861,test,bma,focus_dnn,
D:\Dineth\focus_binary_benchmark\dataset\bma\unfocused\pos004_3\pos004_3_page_13.png,0,0.7742937207221985,test,bma,focus_dnn,
D:\Dineth\focus_binary_benchmark\dataset\bma\unfocused\pos004_3\pos004_3_page_14.png,0,0.8161027431488037,test,bma,focus_dnn,
D:\Dineth\focus_binary_benchmark\dataset\bma\unfocused\pos004_3\pos004_3_page_2.png,0,0.0518104657530784,test,bma,focus_dnn,
D:\Dineth\focus_binary_benchmark\dataset\bma\unfocused\pos004_3\pos004_3_page_3.png,0,0.0545081682503223,test,bma,focus_dnn,
D:\Dineth\focus_binary_benchmark\dataset\bma\unfocused\pos004_3\pos004_3_page_4.png,0,0.0669024139642715,test,bma,focus_dnn,
D:\Dineth\focus_binary_benchmark\dataset\bma\unfocused\pos004_3\pos004_3_page_5.png,0,0.1166570633649826,test,bma,focus_dnn,
D:\Dineth\focus_binary_benchmark\dataset\bma\unfocused\pos004_3\pos004_3_page_6.png,0,0.3648718595504761,test,bma,focus_dnn,
D:\Dineth\focus_binary_benchmark\dataset\bma\unfocused\pos004_3\pos004_3_page_7.png,0,0.7780200242996216,test,bma,focus_dnn,
D:\Dineth\focus_binary_benchmark\dataset\bma\unfocused\pos004_3\pos004_3_page_8.png,0,0.8078905940055847,test,bma,focus_dnn,
D:\Dineth\focus_binary_benchmark\dataset\bma\unfocused\pos004_3\pos004_3_page_9.png,0,0.7800296545028687,test,bma,focus_dnn,
D:\Dineth\focus_binary_benchmark\dataset\bma\unfocused\pos005_2\pos005_2_page_12.png,0,0.7548717260360718,test,bma,focus_dnn,
D:\Dineth\focus_binary_benchmark\dataset\bma\unfocused\pos005_2\pos005_2_page_13.png,0,0.7739596962928772,test,bma,focus_dnn,
D:\Dineth\focus_binary_benchmark\dataset\bma\unfocused\pos005_2\pos005_2_page_14.png,0,0.8280653357505798,test,bma,focus_dnn,
D:\Dineth\focus_binary_benchmark\dataset\bma\unfocused\pos005_2\pos005_2_page_2.png,0,0.0731065571308136,test,bma,focus_dnn,
D:\Dineth\focus_binary_benchmark\dataset\bma\unfocused\pos005_2\pos005_2_page_3.png,0,0.1098185032606124,test,bma,focus_dnn,
D:\Dineth\focus_binary_benchmark\dataset\bma\unfocused\pos005_2\pos005_2_page_4.png,0,0.2864117920398712,test,bma,focus_dnn,
D:\Dineth\focus_binary_benchmark\dataset\bma\unfocused\pos005_2\pos005_2_page_5.png,0,0.7389228940010071,test,bma,focus_dnn,
D:\Dineth\focus_binary_benchmark\dataset\bma\unfocused\pos005_2\pos005_2_page_6.png,0,0.8223011493682861,test,bma,focus_dnn,
D:\Dineth\focus_binary_benchmark\dataset\bma\unfocused\pos005_2\pos005_2_page_7.png,0,0.796549916267395,test,bma,focus_dnn,
D:\Dineth\focus_binary_benchmark\dataset\bma\unfocused\pos005_2\pos005_2_page_8.png,0,0.7627878785133362,test,bma,focus_dnn,
D:\Dineth\focus_binary_benchmark\dataset\bma\unfocused\pos005_2\pos005_2_page_9.png,0,0.7642244696617126,test,bma,focus_dnn,
D:\Dineth\focus_binary_benchmark\dataset\bma\unfocused\pos006_1\pos006_1_page_1.png,0,0.0621367208659648,test,bma,focus_dnn,
D:\Dineth\focus_binary_benchmark\dataset\bma\unfocused\pos006_1\pos006_1_page_10.png,0,0.8040441274642944,test,bma,focus_dnn,
D:\Dineth\focus_binary_benchmark\dataset\bma\unfocused\pos006_1\pos006_1_page_11.png,0,0.798652172088623,test,bma,focus_dnn,
D:\Dineth\focus_binary_benchmark\dataset\bma\unfocused\pos006_1\pos006_1_page_12.png,0,0.6581032276153564,test,bma,focus_dnn,
D:\Dineth\focus_binary_benchmark\dataset\bma\unfocused\pos006_1\pos006_1_page_13.png,0,0.195322498679161,test,bma,focus_dnn,
D:\Dineth\focus_binary_benchmark\dataset\bma\unfocused\pos006_1\pos006_1_page_14.png,0,0.0825434327125549,test,bma,focus_dnn,
D:\Dineth\focus_binary_benchmark\dataset\bma\unfocused\pos006_1\pos006_1_page_2.png,0,0.0747883692383766,test,bma,focus_dnn,
D:\Dineth\focus_binary_benchmark\dataset\bma\unfocused\pos006_1\pos006_1_page_3.png,0,0.0880151242017746,test,bma,focus_dnn,
D:\Dineth\focus_binary_benchmark\dataset\bma\unfocused\pos006_1\pos006_1_page_4.png,0,0.1275490969419479,test,bma,focus_dnn,
D:\Dineth\focus_binary_benchmark\dataset\bma\unfocused\pos006_1\pos006_1_page_5.png,0,0.2835628986358642,test,bma,focus_dnn,
D:\Dineth\focus_binary_benchmark\dataset\bma\unfocused\pos006_1\pos006_1_page_6.png,0,0.7003756761550903,test,bma,focus_dnn,
D:\Dineth\focus_binary_benchmark\dataset\pbs_imgs\focused\FieldPos207_Cam01_RGB_MB\FieldPos207_Cam01_RGB_MB_page_7.png,1,0.7978916168212891,test,pbs_imgs,focus_dnn,
D:\Dineth\focus_binary_benchmark\dataset\pbs_imgs\focused\FieldPos217_Cam01_RGB_MB\FieldPos217_Cam01_RGB_MB_page_2.png,1,0.7411100268363953,test,pbs_imgs,focus_dnn,
D:\Dineth\focus_binary_benchmark\dataset\pbs_imgs\focused\FieldPos280_Cam01_RGB_MB\FieldPos280_Cam01_RGB_MB_page_5.png,1,0.6963822841644287,test,pbs_imgs,focus_dnn,
D:\Dineth\focus_binary_benchmark\dataset\pbs_imgs\focused\FieldPos301_Cam01_RGB_MB\FieldPos301_Cam01_RGB_MB_page_10.png,1,0.8203723430633545,test,pbs_imgs,focus_dnn,
D:\Dineth\focus_binary_benchmark\dataset\pbs_imgs\focused\FieldPos322_Cam01_RGB_MB\FieldPos322_Cam01_RGB_MB_page_5.png,1,0.7971780300140381,test,pbs_imgs,focus_dnn,
D:\Dineth\focus_binary_benchmark\dataset\pbs_imgs\focused\FieldPos344_Cam01_RGB_MB\FieldPos344_Cam01_RGB_MB_page_10.png,1,0.8064358234405518,test,pbs_imgs,focus_dnn,
D:\Dineth\focus_binary_benchmark\dataset\pbs_imgs\focused\FieldPos356_Cam01_RGB_MB\FieldPos356_Cam01_RGB_MB_page_4.png,1,0.7983123660087585,test,pbs_imgs,focus_dnn,
D:\Dineth\focus_binary_benchmark\dataset\pbs_imgs\focused\FieldPos357_Cam01_RGB_MB\FieldPos357_Cam01_RGB_MB_page_4.png,1,0.8086255788803101,test,pbs_imgs,focus_dnn,
D:\Dineth\focus_binary_benchmark\dataset\pbs_imgs\focused\FieldPos430_Cam01_RGB_MB\FieldPos430_Cam01_RGB_MB_page_8.png,1,0.8003281354904175,test,pbs_imgs,focus_dnn,
D:\Dineth\focus_binary_benchmark\dataset\pbs_imgs\focused\FieldPos434_Cam01_RGB_MB\FieldPos434_Cam01_RGB_MB_page_7.png,1,0.7586982250213623,test,pbs_imgs,focus_dnn,
D:\Dineth\focus_binary_benchmark\dataset\pbs_imgs\focused\FieldPos469_Cam01_RGB_MB\FieldPos469_Cam01_RGB_MB_page_11.png,1,0.2257778048515319,test,pbs_imgs,focus_dnn,
D:\Dineth\focus_binary_benchmark\dataset\pbs_imgs\unfocused\FieldPos207_Cam01_RGB_MB\FieldPos207_Cam01_RGB_MB_page_1.png,0,0.7605665922164917,test,pbs_imgs,focus_dnn,
D:\Dineth\focus_binary_benchmark\dataset\pbs_imgs\unfocused\FieldPos207_Cam01_RGB_MB\FieldPos207_Cam01_RGB_MB_page_2.png,0,0.8163167834281921,test,pbs_imgs,focus_dnn,
D:\Dineth\focus_binary_benchmark\dataset\pbs_imgs\unfocused\FieldPos207_Cam01_RGB_MB\FieldPos207_Cam01_RGB_MB_page_3.png,0,0.8332583904266357,test,pbs_imgs,focus_dnn,
D:\Dineth\focus_binary_benchmark\dataset\pbs_imgs\unfocused\FieldPos207_Cam01_RGB_MB\FieldPos207_Cam01_RGB_MB_page_4.png,0,0.8452499508857727,test,pbs_imgs,focus_dnn,
D:\Dineth\focus_binary_benchmark\dataset\pbs_imgs\unfocused\FieldPos207_Cam01_RGB_MB\FieldPos207_Cam01_RGB_MB_page_5.png,0,0.8441447019577026,test,pbs_imgs,focus_dnn,
D:\Dineth\focus_binary_benchmark\dataset\pbs_imgs\unfocused\FieldPos207_Cam01_RGB_MB\FieldPos207_Cam01_RGB_MB_page_9.png,0,0.4471271932125091,test,pbs_imgs,focus_dnn,
D:\Dineth\focus_binary_benchmark\dataset\pbs_imgs\unfocused\FieldPos217_Cam01_RGB_MB\FieldPos217_Cam01_RGB_MB_page_4.png,0,0.1170510202646255,test,pbs_imgs,focus_dnn,
D:\Dineth\focus_binary_benchmark\dataset\pbs_imgs\unfocused\FieldPos217_Cam01_RGB_MB\FieldPos217_Cam01_RGB_MB_page_5.png,0,0.155416190624237,test,pbs_imgs,focus_dnn,
D:\Dineth\focus_binary_benchmark\dataset\pbs_imgs\unfocused\FieldPos217_Cam01_RGB_MB\FieldPos217_Cam01_RGB_MB_page_6.png,0,0.1631779074668884,test,pbs_imgs,focus_dnn,
D:\Dineth\focus_binary_benchmark\dataset\pbs_imgs\unfocused\FieldPos217_Cam01_RGB_MB\FieldPos217_Cam01_RGB_MB_page_7.png,0,0.2068297266960144,test,pbs_imgs,focus_dnn,
D:\Dineth\focus_binary_benchmark\dataset\pbs_imgs\unfocused\FieldPos217_Cam01_RGB_MB\FieldPos217_Cam01_RGB_MB_page_8.png,0,0.2393360435962677,test,pbs_imgs,focus_dnn,
D:\Dineth\focus_binary_benchmark\dataset\pbs_imgs\unfocused\FieldPos217_Cam01_RGB_MB\FieldPos217_Cam01_RGB_MB_page_9.png,0,0.259907603263855,test,pbs_imgs,focus_dnn,
D:\Dineth\focus_binary_benchmark\dataset\pbs_imgs\unfocused\FieldPos280_Cam01_RGB_MB\FieldPos280_Cam01_RGB_MB_page_1.png,0,0.1420314759016037,test,pbs_imgs,focus_dnn,
D:\Dineth\focus_binary_benchmark\dataset\pbs_imgs\unfocused\FieldPos280_Cam01_RGB_MB\FieldPos280_Cam01_RGB_MB_page_10.png,0,0.1429839879274368,test,pbs_imgs,focus_dnn,
D:\Dineth\focus_binary_benchmark\dataset\pbs_imgs\unfocused\FieldPos280_Cam01_RGB_MB\FieldPos280_Cam01_RGB_MB_page_11.png,0,0.189363032579422,test,pbs_imgs,focus_dnn,
D:\Dineth\focus_binary_benchmark\dataset\pbs_imgs\unfocused\FieldPos280_Cam01_RGB_MB\FieldPos280_Cam01_RGB_MB_page_12.png,0,0.2167077213525772,test,pbs_imgs,focus_dnn,
D:\Dineth\focus_binary_benchmark\dataset\pbs_imgs\unfocused\FieldPos280_Cam01_RGB_MB\FieldPos280_Cam01_RGB_MB_page_13.png,0,0.2399014681577682,test,pbs_imgs,focus_dnn,
D:\Dineth\focus_binary_benchmark\dataset\pbs_imgs\unfocused\FieldPos280_Cam01_RGB_MB\FieldPos280_Cam01_RGB_MB_page_14.png,0,0.2624622583389282,test,pbs_imgs,focus_dnn,
D:\Dineth\focus_binary_benchmark\dataset\pbs_imgs\unfocused\FieldPos280_Cam01_RGB_MB\FieldPos280_Cam01_RGB_MB_page_15.png,0,0.2763929367065429,test,pbs_imgs,focus_dnn,
D:\Dineth\focus_binary_benchmark\dataset\pbs_imgs\unfocused\FieldPos280_Cam01_RGB_MB\FieldPos280_Cam01_RGB_MB_page_2.png,0,0.1177283972501754,test,pbs_imgs,focus_dnn,
D:\Dineth\focus_binary_benchmark\dataset\pbs_imgs\unfocused\FieldPos280_Cam01_RGB_MB\FieldPos280_Cam01_RGB_MB_page_3.png,0,0.136687621474266,test,pbs_imgs,focus_dnn,
D:\Dineth\focus_binary_benchmark\dataset\pbs_imgs\unfocused\FieldPos280_Cam01_RGB_MB\FieldPos280_Cam01_RGB_MB_page_7.png,0,0.2378987520933151,test,pbs_imgs,focus_dnn,
D:\Dineth\focus_binary_benchmark\dataset\pbs_imgs\unfocused\FieldPos280_Cam01_RGB_MB\FieldPos280_Cam01_RGB_MB_page_8.png,0,0.1042068973183631,test,pbs_imgs,focus_dnn,
D:\Dineth\focus_binary_benchmark\dataset\pbs_imgs\unfocused\FieldPos280_Cam01_RGB_MB\FieldPos280_Cam01_RGB_MB_page_9.png,0,0.1335904449224472,test,pbs_imgs,focus_dnn,
D:\Dineth\focus_binary_benchmark\dataset\pbs_imgs\unfocused\FieldPos301_Cam01_RGB_MB\FieldPos301_Cam01_RGB_MB_page_12.png,0,0.2675422728061676,test,pbs_imgs,focus_dnn,
D:\Dineth\focus_binary_benchmark\dataset\pbs_imgs\unfocused\FieldPos301_Cam01_RGB_MB\FieldPos301_Cam01_RGB_MB_page_13.png,0,0.0918394103646278,test,pbs_imgs,focus_dnn,
D:\Dineth\focus_binary_benchmark\dataset\pbs_imgs\unfocused\FieldPos301_Cam01_RGB_MB\FieldPos301_Cam01_RGB_MB_page_14.png,0,0.0599523372948169,test,pbs_imgs,focus_dnn,
D:\Dineth\focus_binary_benchmark\dataset\pbs_imgs\unfocused\FieldPos301_Cam01_RGB_MB\FieldPos301_Cam01_RGB_MB_page_15.png,0,0.0763451382517814,test,pbs_imgs,focus_dnn,
D:\Dineth\focus_binary_benchmark\dataset\pbs_imgs\unfocused\FieldPos301_Cam01_RGB_MB\FieldPos301_Cam01_RGB_MB_page_2.png,0,0.1428082287311554,test,pbs_imgs,focus_dnn,
D:\Dineth\focus_binary_benchmark\dataset\pbs_imgs\unfocused\FieldPos301_Cam01_RGB_MB\FieldPos301_Cam01_RGB_MB_page_3.png,0,0.1152693927288055,test,pbs_imgs,focus_dnn,
D:\Dineth\focus_binary_benchmark\dataset\pbs_imgs\unfocused\FieldPos301_Cam01_RGB_MB\FieldPos301_Cam01_RGB_MB_page_4.png,0,0.1022140011191368,test,pbs_imgs,focus_dnn,
D:\Dineth\focus_binary_benchmark\dataset\pbs_imgs\unfocused\FieldPos301_Cam01_RGB_MB\FieldPos301_Cam01_RGB_MB_page_5.png,0,0.0681082084774971,test,pbs_imgs,focus_dnn,
D:\Dineth\focus_binary_benchmark\dataset\pbs_imgs\unfocused\FieldPos301_Cam01_RGB_MB\FieldPos301_Cam01_RGB_MB_page_6.png,0,0.0870953723788261,test,pbs_imgs,focus_dnn,
D:\Dineth\focus_binary_benchmark\dataset\pbs_imgs\unfocused\FieldPos301_Cam01_RGB_MB\FieldPos301_Cam01_RGB_MB_page_7.png,0,0.2683245837688446,test,pbs_imgs,focus_dnn,
D:\Dineth\focus_binary_benchmark\dataset\pbs_imgs\unfocused\FieldPos301_Cam01_RGB_MB\FieldPos301_Cam01_RGB_MB_page_8.png,0,0.7461320757865906,test,pbs_imgs,focus_dnn,
D:\Dineth\focus_binary_benchmark\dataset\pbs_imgs\unfocused\FieldPos301_Cam01_RGB_MB\FieldPos301_Cam01_RGB_MB_page_9.png,0,0.8216395378112793,test,pbs_imgs,focus_dnn,
D:\Dineth\focus_binary_benchmark\dataset\pbs_imgs\unfocused\FieldPos322_Cam01_RGB_MB\FieldPos322_Cam01_RGB_MB_page_1.png,0,0.6549803018569946,test,pbs_imgs,focus_dnn,
D:\Dineth\focus_binary_benchmark\dataset\pbs_imgs\unfocused\FieldPos322_Cam01_RGB_MB\FieldPos322_Cam01_RGB_MB_page_10.png,0,0.0652951300144195,test,pbs_imgs,focus_dnn,
D:\Dineth\focus_binary_benchmark\dataset\pbs_imgs\unfocused\FieldPos322_Cam01_RGB_MB\FieldPos322_Cam01_RGB_MB_page_11.png,0,0.0556071288883686,test,pbs_imgs,focus_dnn,
D:\Dineth\focus_binary_benchmark\dataset\pbs_imgs\unfocused\FieldPos322_Cam01_RGB_MB\FieldPos322_Cam01_RGB_MB_page_12.png,0,0.0901550650596618,test,pbs_imgs,focus_dnn,
D:\Dineth\focus_binary_benchmark\dataset\pbs_imgs\unfocused\FieldPos322_Cam01_RGB_MB\FieldPos322_Cam01_RGB_MB_page_13.png,0,0.1243546530604362,test,pbs_imgs,focus_dnn,
D:\Dineth\focus_binary_benchmark\dataset\pbs_imgs\unfocused\FieldPos322_Cam01_RGB_MB\FieldPos322_Cam01_RGB_MB_page_14.png,0,0.1520667821168899,test,pbs_imgs,focus_dnn,
D:\Dineth\focus_binary_benchmark\dataset\pbs_imgs\unfocused\FieldPos322_Cam01_RGB_MB\FieldPos322_Cam01_RGB_MB_page_15.png,0,0.187523752450943,test,pbs_imgs,focus_dnn,
D:\Dineth\focus_binary_benchmark\dataset\pbs_imgs\unfocused\FieldPos322_Cam01_RGB_MB\FieldPos322_Cam01_RGB_MB_page_2.png,0,0.7584571838378906,test,pbs_imgs,focus_dnn,
D:\Dineth\focus_binary_benchmark\dataset\pbs_imgs\unfocused\FieldPos322_Cam01_RGB_MB\FieldPos322_Cam01_RGB_MB_page_3.png,0,0.7986586093902588,test,pbs_imgs,focus_dnn,
D:\Dineth\focus_binary_benchmark\dataset\pbs_imgs\unfocused\FieldPos322_Cam01_RGB_MB\FieldPos322_Cam01_RGB_MB_page_7.png,0,0.8006824254989624,test,pbs_imgs,focus_dnn,
D:\Dineth\focus_binary_benchmark\dataset\pbs_imgs\unfocused\FieldPos322_Cam01_RGB_MB\FieldPos322_Cam01_RGB_MB_page_8.png,0,0.7839921116828918,test,pbs_imgs,focus_dnn,
D:\Dineth\focus_binary_benchmark\dataset\pbs_imgs\unfocused\FieldPos322_Cam01_RGB_MB\FieldPos322_Cam01_RGB_MB_page_9.png,0,0.1835415661334991,test,pbs_imgs,focus_dnn,
D:\Dineth\focus_binary_benchmark\dataset\pbs_imgs\unfocused\FieldPos344_Cam01_RGB_MB\FieldPos344_Cam01_RGB_MB_page_12.png,0,0.6701864004135132,test,pbs_imgs,focus_dnn,
D:\Dineth\focus_binary_benchmark\dataset\pbs_imgs\unfocused\FieldPos344_Cam01_RGB_MB\FieldPos344_Cam01_RGB_MB_page_13.png,0,0.1659717410802841,test,pbs_imgs,focus_dnn,
D:\Dineth\focus_binary_benchmark\dataset\pbs_imgs\unfocused\FieldPos344_Cam01_RGB_MB\FieldPos344_Cam01_RGB_MB_page_14.png,0,0.0552331283688545,test,pbs_imgs,focus_dnn,
D:\Dineth\focus_binary_benchmark\dataset\pbs_imgs\unfocused\FieldPos344_Cam01_RGB_MB\FieldPos344_Cam01_RGB_MB_page_15.png,0,0.0513220131397247,test,pbs_imgs,focus_dnn,
D:\Dineth\focus_binary_benchmark\dataset\pbs_imgs\unfocused\FieldPos344_Cam01_RGB_MB\FieldPos344_Cam01_RGB_MB_page_2.png,0,0.1053492128849029,test,pbs_imgs,focus_dnn,
D:\Dineth\focus_binary_benchmark\dataset\pbs_imgs\unfocused\FieldPos344_Cam01_RGB_MB\FieldPos344_Cam01_RGB_MB_page_3.png,0,0.0782651826739311,test,pbs_imgs,focus_dnn,
D:\Dineth\focus_binary_benchmark\dataset\pbs_imgs\unfocused\FieldPos344_Cam01_RGB_MB\FieldPos344_Cam01_RGB_MB_page_4.png,0,0.0712840482592582,test,pbs_imgs,focus_dnn,
D:\Dineth\focus_binary_benchmark\dataset\pbs_imgs\unfocused\FieldPos344_Cam01_RGB_MB\FieldPos344_Cam01_RGB_MB_page_5.png,0,0.0542365573346614,test,pbs_imgs,focus_dnn,
D:\Dineth\focus_binary_benchmark\dataset\pbs_imgs\unfocused\FieldPos344_Cam01_RGB_MB\FieldPos344_Cam01_RGB_MB_page_6.png,0,0.1018752455711364,test,pbs_imgs,focus_dnn,
D:\Dineth\focus_binary_benchmark\dataset\pbs_imgs\unfocused\FieldPos344_Cam01_RGB_MB\FieldPos344_Cam01_RGB_MB_page_7.png,0,0.2327471077442169,test,pbs_imgs,focus_dnn,
D:\Dineth\focus_binary_benchmark\dataset\pbs_imgs\unfocused\FieldPos344_Cam01_RGB_MB\FieldPos344_Cam01_RGB_MB_page_8.png,0,0.7050037384033203,test,pbs_imgs,focus_dnn,
D:\Dineth\focus_binary_benchmark\dataset\pbs_imgs\unfocused\FieldPos344_Cam01_RGB_MB\FieldPos344_Cam01_RGB_MB_page_9.png,0,0.8038790225982666,test,pbs_imgs,focus_dnn,
D:\Dineth\focus_binary_benchmark\dataset\pbs_imgs\unfocused\FieldPos356_Cam01_RGB_MB\FieldPos356_Cam01_RGB_MB_page_1.png,0,0.8021247982978821,test,pbs_imgs,focus_dnn,
D:\Dineth\focus_binary_benchmark\dataset\pbs_imgs\unfocused\FieldPos356_Cam01_RGB_MB\FieldPos356_Cam01_RGB_MB_page_10.png,0,0.0482787862420082,test,pbs_imgs,focus_dnn,
D:\Dineth\focus_binary_benchmark\dataset\pbs_imgs\unfocused\FieldPos356_Cam01_RGB_MB\FieldPos356_Cam01_RGB_MB_page_11.png,0,0.0485883764922618,test,pbs_imgs,focus_dnn,
D:\Dineth\focus_binary_benchmark\dataset\pbs_imgs\unfocused\FieldPos356_Cam01_RGB_MB\FieldPos356_Cam01_RGB_MB_page_12.png,0,0.0640523210167884,test,pbs_imgs,focus_dnn,
D:\Dineth\focus_binary_benchmark\dataset\pbs_imgs\unfocused\FieldPos356_Cam01_RGB_MB\FieldPos356_Cam01_RGB_MB_page_13.png,0,0.0907708033919334,test,pbs_imgs,focus_dnn,
D:\Dineth\focus_binary_benchmark\dataset\pbs_imgs\unfocused\FieldPos356_Cam01_RGB_MB\FieldPos356_Cam01_RGB_MB_page_14.png,0,0.1068305224180221,test,pbs_imgs,focus_dnn,
D:\Dineth\focus_binary_benchmark\dataset\pbs_imgs\unfocused\FieldPos356_Cam01_RGB_MB\FieldPos356_Cam01_RGB_MB_page_15.png,0,0.1372899860143661,test,pbs_imgs,focus_dnn,
D:\Dineth\focus_binary_benchmark\dataset\pbs_imgs\unfocused\FieldPos356_Cam01_RGB_MB\FieldPos356_Cam01_RGB_MB_page_2.png,0,0.8001639246940613,test,pbs_imgs,focus_dnn,
D:\Dineth\focus_binary_benchmark\dataset\pbs_imgs\unfocused\FieldPos356_Cam01_RGB_MB\FieldPos356_Cam01_RGB_MB_page_6.png,0,0.8006958365440369,test,pbs_imgs,focus_dnn,
D:\Dineth\focus_binary_benchmark\dataset\pbs_imgs\unfocused\FieldPos356_Cam01_RGB_MB\FieldPos356_Cam01_RGB_MB_page_7.png,0,0.811651885509491,test,pbs_imgs,focus_dnn,
D:\Dineth\focus_binary_benchmark\dataset\pbs_imgs\unfocused\FieldPos356_Cam01_RGB_MB\FieldPos356_Cam01_RGB_MB_page_8.png,0,0.5517014265060425,test,pbs_imgs,focus_dnn,
D:\Dineth\focus_binary_benchmark\dataset\pbs_imgs\unfocused\FieldPos356_Cam01_RGB_MB\FieldPos356_Cam01_RGB_MB_page_9.png,0,0.0824887827038765,test,pbs_imgs,focus_dnn,
D:\Dineth\focus_binary_benchmark\dataset\pbs_imgs\unfocused\FieldPos357_Cam01_RGB_MB\FieldPos357_Cam01_RGB_MB_page_1.png,0,0.3192811608314514,test,pbs_imgs,focus_dnn,
D:\Dineth\focus_binary_benchmark\dataset\pbs_imgs\unfocused\FieldPos357_Cam01_RGB_MB\FieldPos357_Cam01_RGB_MB_page_10.png,0,0.0507495962083339,test,pbs_imgs,focus_dnn,
D:\Dineth\focus_binary_benchmark\dataset\pbs_imgs\unfocused\FieldPos357_Cam01_RGB_MB\FieldPos357_Cam01_RGB_MB_page_11.png,0,0.0824699252843856,test,pbs_imgs,focus_dnn,
D:\Dineth\focus_binary_benchmark\dataset\pbs_imgs\unfocused\FieldPos357_Cam01_RGB_MB\FieldPos357_Cam01_RGB_MB_page_12.png,0,0.1133310496807098,test,pbs_imgs,focus_dnn,
D:\Dineth\focus_binary_benchmark\dataset\pbs_imgs\unfocused\FieldPos357_Cam01_RGB_MB\FieldPos357_Cam01_RGB_MB_page_13.png,0,0.1340977996587753,test,pbs_imgs,focus_dnn,
D:\Dineth\focus_binary_benchmark\dataset\pbs_imgs\unfocused\FieldPos357_Cam01_RGB_MB\FieldPos357_Cam01_RGB_MB_page_14.png,0,0.1688553243875503,test,pbs_imgs,focus_dnn,
D:\Dineth\focus_binary_benchmark\dataset\pbs_imgs\unfocused\FieldPos357_Cam01_RGB_MB\FieldPos357_Cam01_RGB_MB_page_15.png,0,0.1827202886343002,test,pbs_imgs,focus_dnn,
D:\Dineth\focus_binary_benchmark\dataset\pbs_imgs\unfocused\FieldPos357_Cam01_RGB_MB\FieldPos357_Cam01_RGB_MB_page_2.png,0,0.4994324147701263,test,pbs_imgs,focus_dnn,
D:\Dineth\focus_binary_benchmark\dataset\pbs_imgs\unfocused\FieldPos357_Cam01_RGB_MB\FieldPos357_Cam01_RGB_MB_page_6.png,0,0.6269761323928833,test,pbs_imgs,focus_dnn,
D:\Dineth\focus_binary_benchmark\dataset\pbs_imgs\unfocused\FieldPos357_Cam01_RGB_MB\FieldPos357_Cam01_RGB_MB_page_7.png,0,0.2314939349889755,test,pbs_imgs,focus_dnn,
D:\Dineth\focus_binary_benchmark\dataset\pbs_imgs\unfocused\FieldPos357_Cam01_RGB_MB\FieldPos357_Cam01_RGB_MB_page_8.png,0,0.0950866118073463,test,pbs_imgs,focus_dnn,
D:\Dineth\focus_binary_benchmark\dataset\pbs_imgs\unfocused\FieldPos357_Cam01_RGB_MB\FieldPos357_Cam01_RGB_MB_page_9.png,0,0.0509468726813793,test,pbs_imgs,focus_dnn,
D:\Dineth\focus_binary_benchmark\dataset\pbs_imgs\unfocused\FieldPos430_Cam01_RGB_MB\FieldPos430_Cam01_RGB_MB_page_1.png,0,0.0566015057265758,test,pbs_imgs,focus_dnn,
D:\Dineth\focus_binary_benchmark\dataset\pbs_imgs\unfocused\FieldPos430_Cam01_RGB_MB\FieldPos430_Cam01_RGB_MB_page_10.png,0,0.3770785629749298,test,pbs_imgs,focus_dnn,
D:\Dineth\focus_binary_benchmark\dataset\pbs_imgs\unfocused\FieldPos430_Cam01_RGB_MB\FieldPos430_Cam01_RGB_MB_page_11.png,0,0.1251641809940338,test,pbs_imgs,focus_dnn,
D:\Dineth\focus_binary_benchmark\dataset\pbs_imgs\unfocused\FieldPos430_Cam01_RGB_MB\FieldPos430_Cam01_RGB_MB_page_12.png,0,0.0488958805799484,test,pbs_imgs,focus_dnn,
D:\Dineth\focus_binary_benchmark\dataset\pbs_imgs\unfocused\FieldPos430_Cam01_RGB_MB\FieldPos430_Cam01_RGB_MB_page_13.png,0,0.0531837046146392,test,pbs_imgs,focus_dnn,
D:\Dineth\focus_binary_benchmark\dataset\pbs_imgs\unfocused\FieldPos430_Cam01_RGB_MB\FieldPos430_Cam01_RGB_MB_page_14.png,0,0.0745948776602745,test,pbs_imgs,focus_dnn,
D:\Dineth\focus_binary_benchmark\dataset\pbs_imgs\unfocused\FieldPos430_Cam01_RGB_MB\FieldPos430_Cam01_RGB_MB_page_15.png,0,0.1051287278532981,test,pbs_imgs,focus_dnn,
D:\Dineth\focus_binary_benchmark\dataset\pbs_imgs\unfocused\FieldPos430_Cam01_RGB_MB\FieldPos430_Cam01_RGB_MB_page_2.png,0,0.0507853589951992,test,pbs_imgs,focus_dnn,
D:\Dineth\focus_binary_benchmark\dataset\pbs_imgs\unfocused\FieldPos430_Cam01_RGB_MB\FieldPos430_Cam01_RGB_MB_page_3.png,0,0.0530795268714427,test,pbs_imgs,focus_dnn,
D:\Dineth\focus_binary_benchmark\dataset\pbs_imgs\unfocused\FieldPos430_Cam01_RGB_MB\FieldPos430_Cam01_RGB_MB_page_4.png,0,0.0796114653348922,test,pbs_imgs,focus_dnn,
D:\Dineth\focus_binary_benchmark\dataset\pbs_imgs\unfocused\FieldPos430_Cam01_RGB_MB\FieldPos430_Cam01_RGB_MB_page_5.png,0,0.2070636004209518,test,pbs_imgs,focus_dnn,
D:\Dineth\focus_binary_benchmark\dataset\pbs_imgs\unfocused\FieldPos430_Cam01_RGB_MB\FieldPos430_Cam01_RGB_MB_page_6.png,0,0.5672782063484192,test,pbs_imgs,focus_dnn,
D:\Dineth\focus_binary_benchmark\dataset\pbs_imgs\unfocused\FieldPos434_Cam01_RGB_MB\FieldPos434_Cam01_RGB_MB_page_1.png,0,0.0555008798837661,test,pbs_imgs,focus_dnn,
D:\Dineth\focus_binary_benchmark\dataset\pbs_imgs\unfocused\FieldPos434_Cam01_RGB_MB\FieldPos434_Cam01_RGB_MB_page_10.png,0,0.0881928279995918,test,pbs_imgs,focus_dnn,
D:\Dineth\focus_binary_benchmark\dataset\pbs_imgs\unfocused\FieldPos434_Cam01_RGB_MB\FieldPos434_Cam01_RGB_MB_page_11.png,0,0.0521262548863887,test,pbs_imgs,focus_dnn,
D:\Dineth\focus_binary_benchmark\dataset\pbs_imgs\unfocused\FieldPos434_Cam01_RGB_MB\FieldPos434_Cam01_RGB_MB_page_12.png,0,0.0605953186750412,test,pbs_imgs,focus_dnn,
D:\Dineth\focus_binary_benchmark\dataset\pbs_imgs\unfocused\FieldPos434_Cam01_RGB_MB\FieldPos434_Cam01_RGB_MB_page_13.png,0,0.0857106149196624,test,pbs_imgs,focus_dnn,
D:\Dineth\focus_binary_benchmark\dataset\pbs_imgs\unfocused\FieldPos434_Cam01_RGB_MB\FieldPos434_Cam01_RGB_MB_page_14.png,0,0.1050214320421218,test,pbs_imgs,focus_dnn,
D:\Dineth\focus_binary_benchmark\dataset\pbs_imgs\unfocused\FieldPos434_Cam01_RGB_MB\FieldPos434_Cam01_RGB_MB_page_15.png,0,0.1409475207328796,test,pbs_imgs,focus_dnn,
D:\Dineth\focus_binary_benchmark\dataset\pbs_imgs\unfocused\FieldPos434_Cam01_RGB_MB\FieldPos434_Cam01_RGB_MB_page_2.png,0,0.0546753071248531,test,pbs_imgs,focus_dnn,
D:\Dineth\focus_binary_benchmark\dataset\pbs_imgs\unfocused\FieldPos434_Cam01_RGB_MB\FieldPos434_Cam01_RGB_MB_page_3.png,0,0.0890375897288322,test,pbs_imgs,focus_dnn,
D:\Dineth\focus_binary_benchmark\dataset\pbs_imgs\unfocused\FieldPos434_Cam01_RGB_MB\FieldPos434_Cam01_RGB_MB_page_4.png,0,0.1783974915742874,test,pbs_imgs,focus_dnn,
D:\Dineth\focus_binary_benchmark\dataset\pbs_imgs\unfocused\FieldPos434_Cam01_RGB_MB\FieldPos434_Cam01_RGB_MB_page_5.png,0,0.5301640033721924,test,pbs_imgs,focus_dnn,
D:\Dineth\focus_binary_benchmark\dataset\pbs_imgs\unfocused\FieldPos434_Cam01_RGB_MB\FieldPos434_Cam01_RGB_MB_page_9.png,0,0.3125540316104889,test,pbs_imgs,focus_dnn,
D:\Dineth\focus_binary_benchmark\dataset\pbs_imgs\unfocused\FieldPos469_Cam01_RGB_MB\FieldPos469_Cam01_RGB_MB_page_1.png,0,0.2617038786411285,test,pbs_imgs,focus_dnn,
D:\Dineth\focus_binary_benchmark\dataset\pbs_imgs\unfocused\FieldPos469_Cam01_RGB_MB\FieldPos469_Cam01_RGB_MB_page_13.png,0,0.1334912329912185,test,pbs_imgs,focus_dnn,
D:\Dineth\focus_binary_benchmark\dataset\pbs_imgs\unfocused\FieldPos469_Cam01_RGB_MB\FieldPos469_Cam01_RGB_MB_page_14.png,0,0.1450120955705642,test,pbs_imgs,focus_dnn,
D:\Dineth\focus_binary_benchmark\dataset\pbs_imgs\unfocused\FieldPos469_Cam01_RGB_MB\FieldPos469_Cam01_RGB_MB_page_15.png,0,0.1526433229446411,test,pbs_imgs,focus_dnn,
D:\Dineth\focus_binary_benchmark\dataset\pbs_imgs\unfocused\FieldPos469_Cam01_RGB_MB\FieldPos469_Cam01_RGB_MB_page_2.png,0,0.2495822608470916,test,pbs_imgs,focus_dnn,
D:\Dineth\focus_binary_benchmark\dataset\pbs_imgs\unfocused\FieldPos469_Cam01_RGB_MB\FieldPos469_Cam01_RGB_MB_page_3.png,0,0.2316984087228775,test,pbs_imgs,focus_dnn,
D:\Dineth\focus_binary_benchmark\dataset\pbs_imgs\unfocused\FieldPos469_Cam01_RGB_MB\FieldPos469_Cam01_RGB_MB_page_4.png,0,0.2299201935529709,test,pbs_imgs,focus_dnn,
D:\Dineth\focus_binary_benchmark\dataset\pbs_imgs\unfocused\FieldPos469_Cam01_RGB_MB\FieldPos469_Cam01_RGB_MB_page_5.png,0,0.2001899480819702,test,pbs_imgs,focus_dnn,
D:\Dineth\focus_binary_benchmark\dataset\pbs_imgs\unfocused\FieldPos469_Cam01_RGB_MB\FieldPos469_Cam01_RGB_MB_page_6.png,0,0.1946938931941986,test,pbs_imgs,focus_dnn,
D:\Dineth\focus_binary_benchmark\dataset\pbs_imgs\unfocused\FieldPos469_Cam01_RGB_MB\FieldPos469_Cam01_RGB_MB_page_7.png,0,0.1797937601804733,test,pbs_imgs,focus_dnn,
D:\Dineth\focus_binary_benchmark\dataset\pbs_imgs\unfocused\FieldPos469_Cam01_RGB_MB\FieldPos469_Cam01_RGB_MB_page_8.png,0,0.1673546731472015,test,pbs_imgs,focus_dnn,
D:\Dineth\focus_binary_benchmark\dataset\pbs_imgs\unfocused\FieldPos469_Cam01_RGB_MB\FieldPos469_Cam01_RGB_MB_page_9.png,0,0.1780309975147247,test,pbs_imgs,focus_dnn,
D:\Dineth\focus_binary_benchmark\dataset\tbf_imgs\focused\FieldPos000 (4)\FieldPos000 (4)_page_7.png,1,0.4125479161739349,test,tbf_imgs,focus_dnn,
D:\Dineth\focus_binary_benchmark\dataset\tbf_imgs\focused\FieldPos002 (2)\FieldPos002 (2)_page_7.png,1,0.4167376458644867,test,tbf_imgs,focus_dnn,
D:\Dineth\focus_binary_benchmark\dataset\tbf_imgs\focused\FieldPos002 (3)\FieldPos002 (3)_page_8.png,1,0.428867369890213,test,tbf_imgs,focus_dnn,
D:\Dineth\focus_binary_benchmark\dataset\tbf_imgs\focused\FieldPos003 (4)\FieldPos003 (4)_page_7.png,1,0.4146688878536224,test,tbf_imgs,focus_dnn,
D:\Dineth\focus_binary_benchmark\dataset\tbf_imgs\focused\FieldPos004 (3)\FieldPos004 (3)_page_7.png,1,0.4211056530475616,test,tbf_imgs,focus_dnn,
D:\Dineth\focus_binary_benchmark\dataset\tbf_imgs\focused\FieldPos007 (3)\FieldPos007 (3)_page_6.png,1,0.4148388504981994,test,tbf_imgs,focus_dnn,
D:\Dineth\focus_binary_benchmark\dataset\tbf_imgs\focused\FieldPos008\FieldPos008_page_7.png,1,0.4097498953342438,test,tbf_imgs,focus_dnn,
D:\Dineth\focus_binary_benchmark\dataset\tbf_imgs\focused\FieldPos010\FieldPos010_page_7.png,1,0.4142258167266845,test,tbf_imgs,focus_dnn,
D:\Dineth\focus_binary_benchmark\dataset\tbf_imgs\focused\FieldPos018 (2)\FieldPos018 (2)_page_6.png,1,0.4187079071998596,test,tbf_imgs,focus_dnn,
D:\Dineth\focus_binary_benchmark\dataset\tbf_imgs\focused\FieldPos019 (2)\FieldPos019 (2)_page_6.png,1,0.4184392094612121,test,tbf_imgs,focus_dnn,
D:\Dineth\focus_binary_benchmark\dataset\tbf_imgs\focused\FieldPos023\FieldPos023_page_6.png,1,0.4189658463001251,test,tbf_imgs,focus_dnn,
D:\Dineth\focus_binary_benchmark\dataset\tbf_imgs\focused\FieldPos029\FieldPos029_page_8.png,1,0.4187080264091491,test,tbf_imgs,focus_dnn,
D:\Dineth\focus_binary_benchmark\dataset\tbf_imgs\focused\FieldPos033 (2)\FieldPos033 (2)_page_8.png,1,0.419060081243515,test,tbf_imgs,focus_dnn,
D:\Dineth\focus_binary_benchmark\dataset\tbf_imgs\focused\FieldPos036\FieldPos036_page_8.png,1,0.4208819270133972,test,tbf_imgs,focus_dnn,
D:\Dineth\focus_binary_benchmark\dataset\tbf_imgs\focused\FieldPos038\FieldPos038_page_7.png,1,0.4182866811752319,test,tbf_imgs,focus_dnn,
D:\Dineth\focus_binary_benchmark\dataset\tbf_imgs\focused\FieldPos040\FieldPos040_page_7.png,1,0.4170928597450256,test,tbf_imgs,focus_dnn,
D:\Dineth\focus_binary_benchmark\dataset\tbf_imgs\focused\FieldPos044\FieldPos044_page_8.png,1,0.4173280000686645,test,tbf_imgs,focus_dnn,
D:\Dineth\focus_binary_benchmark\dataset\tbf_imgs\focused\FieldPos053\FieldPos053_page_7.png,1,0.4195612668991089,test,tbf_imgs,focus_dnn,
D:\Dineth\focus_binary_benchmark\dataset\tbf_imgs\focused\FieldPos059\FieldPos059_page_6.png,1,0.4237418472766876,test,tbf_imgs,focus_dnn,
D:\Dineth\focus_binary_benchmark\dataset\tbf_imgs\focused\FieldPos066\FieldPos066_page_6.png,1,0.4179279506206512,test,tbf_imgs,focus_dnn,
D:\Dineth\focus_binary_benchmark\dataset\tbf_imgs\focused\FieldPos069\FieldPos069_page_5.png,1,0.4179330170154571,test,tbf_imgs,focus_dnn,
D:\Dineth\focus_binary_benchmark\dataset\tbf_imgs\focused\FieldPos074\FieldPos074_page_6.png,1,0.4174190461635589,test,tbf_imgs,focus_dnn,
D:\Dineth\focus_binary_benchmark\dataset\tbf_imgs\focused\FieldPos082\FieldPos082_page_6.png,1,0.3905348181724548,test,tbf_imgs,focus_dnn,
D:\Dineth\focus_binary_benchmark\dataset\tbf_imgs\focused\FieldPos103\FieldPos103_page_8.png,1,0.4215396642684936,test,tbf_imgs,focus_dnn,
D:\Dineth\focus_binary_benchmark\dataset\tbf_imgs\focused\FieldPos104\FieldPos104_page_7.png,1,0.4189939200878143,test,tbf_imgs,focus_dnn,
D:\Dineth\focus_binary_benchmark\dataset\tbf_imgs\focused\FieldPos107\FieldPos107_page_5.png,1,0.4188710153102875,test,tbf_imgs,focus_dnn,
D:\Dineth\focus_binary_benchmark\dataset\tbf_imgs\focused\FieldPos200\FieldPos200_page_7.png,1,0.41864675283432,test,tbf_imgs,focus_dnn,
D:\Dineth\focus_binary_benchmark\dataset\tbf_imgs\focused\FieldPos203\FieldPos203_page_7.png,1,0.4195534288883209,test,tbf_imgs,focus_dnn,
D:\Dineth\focus_binary_benchmark\dataset\tbf_imgs\unfocused\FieldPos000 (4)\FieldPos000 (4)_page_1.png,0,0.3960487842559814,test,tbf_imgs,focus_dnn,
D:\Dineth\focus_binary_benchmark\dataset\tbf_imgs\unfocused\FieldPos000 (4)\FieldPos000 (4)_page_10.png,0,0.3914926052093506,test,tbf_imgs,focus_dnn,
D:\Dineth\focus_binary_benchmark\dataset\tbf_imgs\unfocused\FieldPos000 (4)\FieldPos000 (4)_page_11.png,0,0.393301248550415,test,tbf_imgs,focus_dnn,
D:\Dineth\focus_binary_benchmark\dataset\tbf_imgs\unfocused\FieldPos000 (4)\FieldPos000 (4)_page_12.png,0,0.3948553502559662,test,tbf_imgs,focus_dnn,
D:\Dineth\focus_binary_benchmark\dataset\tbf_imgs\unfocused\FieldPos000 (4)\FieldPos000 (4)_page_13.png,0,0.3966176509857178,test,tbf_imgs,focus_dnn,
D:\Dineth\focus_binary_benchmark\dataset\tbf_imgs\unfocused\FieldPos000 (4)\FieldPos000 (4)_page_14.png,0,0.397614061832428,test,tbf_imgs,focus_dnn,
D:\Dineth\focus_binary_benchmark\dataset\tbf_imgs\unfocused\FieldPos000 (4)\FieldPos000 (4)_page_2.png,0,0.3952416479587555,test,tbf_imgs,focus_dnn,
D:\Dineth\focus_binary_benchmark\dataset\tbf_imgs\unfocused\FieldPos000 (4)\FieldPos000 (4)_page_3.png,0,0.3941680490970611,test,tbf_imgs,focus_dnn,
D:\Dineth\focus_binary_benchmark\dataset\tbf_imgs\unfocused\FieldPos000 (4)\FieldPos000 (4)_page_4.png,0,0.3955340981483459,test,tbf_imgs,focus_dnn,
D:\Dineth\focus_binary_benchmark\dataset\tbf_imgs\unfocused\FieldPos000 (4)\FieldPos000 (4)_page_5.png,0,0.4001397788524627,test,tbf_imgs,focus_dnn,
D:\Dineth\focus_binary_benchmark\dataset\tbf_imgs\unfocused\FieldPos000 (4)\FieldPos000 (4)_page_9.png,0,0.3919492661952972,test,tbf_imgs,focus_dnn,
D:\Dineth\focus_binary_benchmark\dataset\tbf_imgs\unfocused\FieldPos002 (2)\FieldPos002 (2)_page_1.png,0,0.3995135128498077,test,tbf_imgs,focus_dnn,
D:\Dineth\focus_binary_benchmark\dataset\tbf_imgs\unfocused\FieldPos002 (2)\FieldPos002 (2)_page_10.png,0,0.3940756320953369,test,tbf_imgs,focus_dnn,
D:\Dineth\focus_binary_benchmark\dataset\tbf_imgs\unfocused\FieldPos002 (2)\FieldPos002 (2)_page_11.png,0,0.3966121971607208,test,tbf_imgs,focus_dnn,
D:\Dineth\focus_binary_benchmark\dataset\tbf_imgs\unfocused\FieldPos002 (2)\FieldPos002 (2)_page_12.png,0,0.3988322615623474,test,tbf_imgs,focus_dnn,
D:\Dineth\focus_binary_benchmark\dataset\tbf_imgs\unfocused\FieldPos002 (2)\FieldPos002 (2)_page_13.png,0,0.4009100496768951,test,tbf_imgs,focus_dnn,
D:\Dineth\focus_binary_benchmark\dataset\tbf_imgs\unfocused\FieldPos002 (2)\FieldPos002 (2)_page_14.png,0,0.4030910134315491,test,tbf_imgs,focus_dnn,
D:\Dineth\focus_binary_benchmark\dataset\tbf_imgs\unfocused\FieldPos002 (2)\FieldPos002 (2)_page_2.png,0,0.3975761532783508,test,tbf_imgs,focus_dnn,
D:\Dineth\focus_binary_benchmark\dataset\tbf_imgs\unfocused\FieldPos002 (2)\FieldPos002 (2)_page_3.png,0,0.39670529961586,test,tbf_imgs,focus_dnn,
D:\Dineth\focus_binary_benchmark\dataset\tbf_imgs\unfocused\FieldPos002 (2)\FieldPos002 (2)_page_4.png,0,0.3986948132514953,test,tbf_imgs,focus_dnn,
D:\Dineth\focus_binary_benchmark\dataset\tbf_imgs\unfocused\FieldPos002 (2)\FieldPos002 (2)_page_5.png,0,0.4056317508220672,test,tbf_imgs,focus_dnn,
D:\Dineth\focus_binary_benchmark\dataset\tbf_imgs\unfocused\FieldPos002 (2)\FieldPos002 (2)_page_9.png,0,0.3942899703979492,test,tbf_imgs,focus_dnn,
D:\Dineth\focus_binary_benchmark\dataset\tbf_imgs\unfocused\FieldPos002 (3)\FieldPos002 (3)_page_1.png,0,0.4062454998493194,test,tbf_imgs,focus_dnn,
D:\Dineth\focus_binary_benchmark\dataset\tbf_imgs\unfocused\FieldPos002 (3)\FieldPos002 (3)_page_10.png,0,0.4029024839401245,test,tbf_imgs,focus_dnn,
D:\Dineth\focus_binary_benchmark\dataset\tbf_imgs\unfocused\FieldPos002 (3)\FieldPos002 (3)_page_11.png,0,0.4012522101402282,test,tbf_imgs,focus_dnn,
D:\Dineth\focus_binary_benchmark\dataset\tbf_imgs\unfocused\FieldPos002 (3)\FieldPos002 (3)_page_12.png,0,0.4024162590503692,test,tbf_imgs,focus_dnn,
D:\Dineth\focus_binary_benchmark\dataset\tbf_imgs\unfocused\FieldPos002 (3)\FieldPos002 (3)_page_13.png,0,0.4037514626979828,test,tbf_imgs,focus_dnn,
D:\Dineth\focus_binary_benchmark\dataset\tbf_imgs\unfocused\FieldPos002 (3)\FieldPos002 (3)_page_14.png,0,0.4055822491645813,test,tbf_imgs,focus_dnn,
D:\Dineth\focus_binary_benchmark\dataset\tbf_imgs\unfocused\FieldPos002 (3)\FieldPos002 (3)_page_2.png,0,0.4047267436981201,test,tbf_imgs,focus_dnn,
D:\Dineth\focus_binary_benchmark\dataset\tbf_imgs\unfocused\FieldPos002 (3)\FieldPos002 (3)_page_3.png,0,0.4035196900367737,test,tbf_imgs,focus_dnn,
D:\Dineth\focus_binary_benchmark\dataset\tbf_imgs\unfocused\FieldPos002 (3)\FieldPos002 (3)_page_4.png,0,0.4025182723999023,test,tbf_imgs,focus_dnn,
D:\Dineth\focus_binary_benchmark\dataset\tbf_imgs\unfocused\FieldPos002 (3)\FieldPos002 (3)_page_5.png,0,0.402798980474472,test,tbf_imgs,focus_dnn,
D:\Dineth\focus_binary_benchmark\dataset\tbf_imgs\unfocused\FieldPos002 (3)\FieldPos002 (3)_page_6.png,0,0.4132342934608459,test,tbf_imgs,focus_dnn,
D:\Dineth\focus_binary_benchmark\dataset\tbf_imgs\unfocused\FieldPos003 (4)\FieldPos003 (4)_page_1.png,0,0.40056112408638,test,tbf_imgs,focus_dnn,
D:\Dineth\focus_binary_benchmark\dataset\tbf_imgs\unfocused\FieldPos003 (4)\FieldPos003 (4)_page_10.png,0,0.3962542712688446,test,tbf_imgs,focus_dnn,
D:\Dineth\focus_binary_benchmark\dataset\tbf_imgs\unfocused\FieldPos003 (4)\FieldPos003 (4)_page_11.png,0,0.3963334262371063,test,tbf_imgs,focus_dnn,
D:\Dineth\focus_binary_benchmark\dataset\tbf_imgs\unfocused\FieldPos003 (4)\FieldPos003 (4)_page_12.png,0,0.3979318141937256,test,tbf_imgs,focus_dnn,
D:\Dineth\focus_binary_benchmark\dataset\tbf_imgs\unfocused\FieldPos003 (4)\FieldPos003 (4)_page_13.png,0,0.3994770646095276,test,tbf_imgs,focus_dnn,
D:\Dineth\focus_binary_benchmark\dataset\tbf_imgs\unfocused\FieldPos003 (4)\FieldPos003 (4)_page_14.png,0,0.4006180167198181,test,tbf_imgs,focus_dnn,
D:\Dineth\focus_binary_benchmark\dataset\tbf_imgs\unfocused\FieldPos003 (4)\FieldPos003 (4)_page_2.png,0,0.3990230858325958,test,tbf_imgs,focus_dnn,
D:\Dineth\focus_binary_benchmark\dataset\tbf_imgs\unfocused\FieldPos003 (4)\FieldPos003 (4)_page_3.png,0,0.3983050882816314,test,tbf_imgs,focus_dnn,
D:\Dineth\focus_binary_benchmark\dataset\tbf_imgs\unfocused\FieldPos003 (4)\FieldPos003 (4)_page_4.png,0,0.3984681367874145,test,tbf_imgs,focus_dnn,
D:\Dineth\focus_binary_benchmark\dataset\tbf_imgs\unfocused\FieldPos003 (4)\FieldPos003 (4)_page_5.png,0,0.4013780951499939,test,tbf_imgs,focus_dnn,
D:\Dineth\focus_binary_benchmark\dataset\tbf_imgs\unfocused\FieldPos003 (4)\FieldPos003 (4)_page_9.png,0,0.4006734788417816,test,tbf_imgs,focus_dnn,
D:\Dineth\focus_binary_benchmark\dataset\tbf_imgs\unfocused\FieldPos004 (3)\FieldPos004 (3)_page_1.png,0,0.4019810855388641,test,tbf_imgs,focus_dnn,
D:\Dineth\focus_binary_benchmark\dataset\tbf_imgs\unfocused\FieldPos004 (3)\FieldPos004 (3)_page_10.png,0,0.3958366811275482,test,tbf_imgs,focus_dnn,
D:\Dineth\focus_binary_benchmark\dataset\tbf_imgs\unfocused\FieldPos004 (3)\FieldPos004 (3)_page_11.png,0,0.3966802358627319,test,tbf_imgs,focus_dnn,
D:\Dineth\focus_binary_benchmark\dataset\tbf_imgs\unfocused\FieldPos004 (3)\FieldPos004 (3)_page_12.png,0,0.3985078930854797,test,tbf_imgs,focus_dnn,
D:\Dineth\focus_binary_benchmark\dataset\tbf_imgs\unfocused\FieldPos004 (3)\FieldPos004 (3)_page_13.png,0,0.4001660943031311,test,tbf_imgs,focus_dnn,
D:\Dineth\focus_binary_benchmark\dataset\tbf_imgs\unfocused\FieldPos004 (3)\FieldPos004 (3)_page_14.png,0,0.4019129276275635,test,tbf_imgs,focus_dnn,
D:\Dineth\focus_binary_benchmark\dataset\tbf_imgs\unfocused\FieldPos004 (3)\FieldPos004 (3)_page_2.png,0,0.4001649022102356,test,tbf_imgs,focus_dnn,
D:\Dineth\focus_binary_benchmark\dataset\tbf_imgs\unfocused\FieldPos004 (3)\FieldPos004 (3)_page_3.png,0,0.3989972770214081,test,tbf_imgs,focus_dnn,
D:\Dineth\focus_binary_benchmark\dataset\tbf_imgs\unfocused\FieldPos004 (3)\FieldPos004 (3)_page_4.png,0,0.3978506326675415,test,tbf_imgs,focus_dnn,
D:\Dineth\focus_binary_benchmark\dataset\tbf_imgs\unfocused\FieldPos004 (3)\FieldPos004 (3)_page_5.png,0,0.3991918861865997,test,tbf_imgs,focus_dnn,
D:\Dineth\focus_binary_benchmark\dataset\tbf_imgs\unfocused\FieldPos004 (3)\FieldPos004 (3)_page_9.png,0,0.4016119539737701,test,tbf_imgs,focus_dnn,
D:\Dineth\focus_binary_benchmark\dataset\tbf_imgs\unfocused\FieldPos007 (3)\FieldPos007 (3)_page_1.png,0,0.4063692390918731,test,tbf_imgs,focus_dnn,
D:\Dineth\focus_binary_benchmark\dataset\tbf_imgs\unfocused\FieldPos007 (3)\FieldPos007 (3)_page_10.png,0,0.4048304855823517,test,tbf_imgs,focus_dnn,
D:\Dineth\focus_binary_benchmark\dataset\tbf_imgs\unfocused\FieldPos007 (3)\FieldPos007 (3)_page_11.png,0,0.4056077897548675,test,tbf_imgs,focus_dnn,
D:\Dineth\focus_binary_benchmark\dataset\tbf_imgs\unfocused\FieldPos007 (3)\FieldPos007 (3)_page_12.png,0,0.4066236019134521,test,tbf_imgs,focus_dnn,
D:\Dineth\focus_binary_benchmark\dataset\tbf_imgs\unfocused\FieldPos007 (3)\FieldPos007 (3)_page_13.png,0,0.4075221717357635,test,tbf_imgs,focus_dnn,
D:\Dineth\focus_binary_benchmark\dataset\tbf_imgs\unfocused\FieldPos007 (3)\FieldPos007 (3)_page_14.png,0,0.4079985022544861,test,tbf_imgs,focus_dnn,
D:\Dineth\focus_binary_benchmark\dataset\tbf_imgs\unfocused\FieldPos007 (3)\FieldPos007 (3)_page_2.png,0,0.405385822057724,test,tbf_imgs,focus_dnn,
D:\Dineth\focus_binary_benchmark\dataset\tbf_imgs\unfocused\FieldPos007 (3)\FieldPos007 (3)_page_3.png,0,0.4046771824359894,test,tbf_imgs,focus_dnn,
D:\Dineth\focus_binary_benchmark\dataset\tbf_imgs\unfocused\FieldPos007 (3)\FieldPos007 (3)_page_4.png,0,0.4060794711112976,test,tbf_imgs,focus_dnn,
D:\Dineth\focus_binary_benchmark\dataset\tbf_imgs\unfocused\FieldPos007 (3)\FieldPos007 (3)_page_8.png,0,0.4059572219848633,test,tbf_imgs,focus_dnn,
D:\Dineth\focus_binary_benchmark\dataset\tbf_imgs\unfocused\FieldPos007 (3)\FieldPos007 (3)_page_9.png,0,0.4044406116008758,test,tbf_imgs,focus_dnn,
D:\Dineth\focus_binary_benchmark\dataset\tbf_imgs\unfocused\FieldPos008\FieldPos008_page_1.png,0,0.3976562619209289,test,tbf_imgs,focus_dnn,
D:\Dineth\focus_binary_benchmark\dataset\tbf_imgs\unfocused\FieldPos008\FieldPos008_page_10.png,0,0.3988855481147766,test,tbf_imgs,focus_dnn,
D:\Dineth\focus_binary_benchmark\dataset\tbf_imgs\unfocused\FieldPos008\FieldPos008_page_11.png,0,0.3976961374282837,test,tbf_imgs,focus_dnn,
D:\Dineth\focus_binary_benchmark\dataset\tbf_imgs\unfocused\FieldPos008\FieldPos008_page_12.png,0,0.39771768450737,test,tbf_imgs,focus_dnn,
D:\Dineth\focus_binary_benchmark\dataset\tbf_imgs\unfocused\FieldPos008\FieldPos008_page_13.png,0,0.397718995809555,test,tbf_imgs,focus_dnn,
D:\Dineth\focus_binary_benchmark\dataset\tbf_imgs\unfocused\FieldPos008\FieldPos008_page_14.png,0,0.3978671729564667,test,tbf_imgs,focus_dnn,
D:\Dineth\focus_binary_benchmark\dataset\tbf_imgs\unfocused\FieldPos008\FieldPos008_page_2.png,0,0.397719144821167,test,tbf_imgs,focus_dnn,
D:\Dineth\focus_binary_benchmark\dataset\tbf_imgs\unfocused\FieldPos008\FieldPos008_page_3.png,0,0.3984425961971283,test,tbf_imgs,focus_dnn,
D:\Dineth\focus_binary_benchmark\dataset\tbf_imgs\unfocused\FieldPos008\FieldPos008_page_4.png,0,0.4011389315128326,test,tbf_imgs,focus_dnn,
D:\Dineth\focus_binary_benchmark\dataset\tbf_imgs\unfocused\FieldPos008\FieldPos008_page_5.png,0,0.4053326547145843,test,tbf_imgs,focus_dnn,
D:\Dineth\focus_binary_benchmark\dataset\tbf_imgs\unfocused\FieldPos008\FieldPos008_page_9.png,0,0.4027155935764313,test,tbf_imgs,focus_dnn,
D:\Dineth\focus_binary_benchmark\dataset\tbf_imgs\unfocused\FieldPos010\FieldPos010_page_1.png,0,0.407116562128067,test,tbf_imgs,focus_dnn,
D:\Dineth\focus_binary_benchmark\dataset\tbf_imgs\unfocused\FieldPos010\FieldPos010_page_10.png,0,0.4071028530597687,test,tbf_imgs,focus_dnn,
D:\Dineth\focus_binary_benchmark\dataset\tbf_imgs\unfocused\FieldPos010\FieldPos010_page_11.png,0,0.4071881473064422,test,tbf_imgs,focus_dnn,
D:\Dineth\focus_binary_benchmark\dataset\tbf_imgs\unfocused\FieldPos010\FieldPos010_page_12.png,0,0.4071230888366699,test,tbf_imgs,focus_dnn,
D:\Dineth\focus_binary_benchmark\dataset\tbf_imgs\unfocused\FieldPos010\FieldPos010_page_13.png,0,0.4072687327861786,test,tbf_imgs,focus_dnn,
D:\Dineth\focus_binary_benchmark\dataset\tbf_imgs\unfocused\FieldPos010\FieldPos010_page_14.png,0,0.4073785841464996,test,tbf_imgs,focus_dnn,
D:\Dineth\focus_binary_benchmark\dataset\tbf_imgs\unfocused\FieldPos010\FieldPos010_page_2.png,0,0.406976044178009,test,tbf_imgs,focus_dnn,
D:\Dineth\focus_binary_benchmark\dataset\tbf_imgs\unfocused\FieldPos010\FieldPos010_page_3.png,0,0.4071886241436004,test,tbf_imgs,focus_dnn,
D:\Dineth\focus_binary_benchmark\dataset\tbf_imgs\unfocused\FieldPos010\FieldPos010_page_4.png,0,0.4079360365867615,test,tbf_imgs,focus_dnn,
D:\Dineth\focus_binary_benchmark\dataset\tbf_imgs\unfocused\FieldPos010\FieldPos010_page_5.png,0,0.4103004038333893,test,tbf_imgs,focus_dnn,
D:\Dineth\focus_binary_benchmark\dataset\tbf_imgs\unfocused\FieldPos010\FieldPos010_page_9.png,0,0.4083530306816101,test,tbf_imgs,focus_dnn,
D:\Dineth\focus_binary_benchmark\dataset\tbf_imgs\unfocused\FieldPos018 (2)\FieldPos018 (2)_page_1.png,0,0.4106869697570801,test,tbf_imgs,focus_dnn,
D:\Dineth\focus_binary_benchmark\dataset\tbf_imgs\unfocused\FieldPos018 (2)\FieldPos018 (2)_page_10.png,0,0.4098040461540222,test,tbf_imgs,focus_dnn,
D:\Dineth\focus_binary_benchmark\dataset\tbf_imgs\unfocused\FieldPos018 (2)\FieldPos018 (2)_page_11.png,0,0.4103200435638428,test,tbf_imgs,focus_dnn,
D:\Dineth\focus_binary_benchmark\dataset\tbf_imgs\unfocused\FieldPos018 (2)\FieldPos018 (2)_page_12.png,0,0.4106980264186859,test,tbf_imgs,focus_dnn,
D:\Dineth\focus_binary_benchmark\dataset\tbf_imgs\unfocused\FieldPos018 (2)\FieldPos018 (2)_page_13.png,0,0.4106286764144897,test,tbf_imgs,focus_dnn,
D:\Dineth\focus_binary_benchmark\dataset\tbf_imgs\unfocused\FieldPos018 (2)\FieldPos018 (2)_page_14.png,0,0.4112425148487091,test,tbf_imgs,focus_dnn,
D:\Dineth\focus_binary_benchmark\dataset\tbf_imgs\unfocused\FieldPos018 (2)\FieldPos018 (2)_page_2.png,0,0.4101119637489319,test,tbf_imgs,focus_dnn,
D:\Dineth\focus_binary_benchmark\dataset\tbf_imgs\unfocused\FieldPos018 (2)\FieldPos018 (2)_page_3.png,0,0.4103785157203674,test,tbf_imgs,focus_dnn,
D:\Dineth\focus_binary_benchmark\dataset\tbf_imgs\unfocused\FieldPos018 (2)\FieldPos018 (2)_page_4.png,0,0.4110552668571472,test,tbf_imgs,focus_dnn,
D:\Dineth\focus_binary_benchmark\dataset\tbf_imgs\unfocused\FieldPos018 (2)\FieldPos018 (2)_page_8.png,0,0.4139668643474579,test,tbf_imgs,focus_dnn,
D:\Dineth\focus_binary_benchmark\dataset\tbf_imgs\unfocused\FieldPos018 (2)\FieldPos018 (2)_page_9.png,0,0.4103645086288452,test,tbf_imgs,focus_dnn,
D:\Dineth\focus_binary_benchmark\dataset\tbf_imgs\unfocused\FieldPos019 (2)\FieldPos019 (2)_page_1.png,0,0.4112934172153473,test,tbf_imgs,focus_dnn,
D:\Dineth\focus_binary_benchmark\dataset\tbf_imgs\unfocused\FieldPos019 (2)\FieldPos019 (2)_page_10.png,0,0.4115093350410461,test,tbf_imgs,focus_dnn,
D:\Dineth\focus_binary_benchmark\dataset\tbf_imgs\unfocused\FieldPos019 (2)\FieldPos019 (2)_page_11.png,0,0.4116182923316955,test,tbf_imgs,focus_dnn,
D:\Dineth\focus_binary_benchmark\dataset\tbf_imgs\unfocused\FieldPos019 (2)\FieldPos019 (2)_page_12.png,0,0.4117636382579803,test,tbf_imgs,focus_dnn,
D:\Dineth\focus_binary_benchmark\dataset\tbf_imgs\unfocused\FieldPos019 (2)\FieldPos019 (2)_page_13.png,0,0.4117678105831146,test,tbf_imgs,focus_dnn,
D:\Dineth\focus_binary_benchmark\dataset\tbf_imgs\unfocused\FieldPos019 (2)\FieldPos019 (2)_page_14.png,0,0.4122635424137115,test,tbf_imgs,focus_dnn,
D:\Dineth\focus_binary_benchmark\dataset\tbf_imgs\unfocused\FieldPos019 (2)\FieldPos019 (2)_page_2.png,0,0.4109286069869995,test,tbf_imgs,focus_dnn,
D:\Dineth\focus_binary_benchmark\dataset\tbf_imgs\unfocused\FieldPos019 (2)\FieldPos019 (2)_page_3.png,0,0.4118215143680572,test,tbf_imgs,focus_dnn,
D:\Dineth\focus_binary_benchmark\dataset\tbf_imgs\unfocused\FieldPos019 (2)\FieldPos019 (2)_page_4.png,0,0.4137481451034546,test,tbf_imgs,focus_dnn,
D:\Dineth\focus_binary_benchmark\dataset\tbf_imgs\unfocused\FieldPos019 (2)\FieldPos019 (2)_page_8.png,0,0.4122896492481231,test,tbf_imgs,focus_dnn,
D:\Dineth\focus_binary_benchmark\dataset\tbf_imgs\unfocused\FieldPos019 (2)\FieldPos019 (2)_page_9.png,0,0.4112316071987152,test,tbf_imgs,focus_dnn,
D:\Dineth\focus_binary_benchmark\dataset\tbf_imgs\unfocused\FieldPos023\FieldPos023_page_1.png,0,0.4117735028266907,test,tbf_imgs,focus_dnn,
D:\Dineth\focus_binary_benchmark\dataset\tbf_imgs\unfocused\FieldPos023\FieldPos023_page_10.png,0,0.4118731021881103,test,tbf_imgs,focus_dnn,
D:\Dineth\focus_binary_benchmark\dataset\tbf_imgs\unfocused\FieldPos023\FieldPos023_page_11.png,0,0.4118872284889221,test,tbf_imgs,focus_dnn,
D:\Dineth\focus_binary_benchmark\dataset\tbf_imgs\unfocused\FieldPos023\FieldPos023_page_12.png,0,0.4122713506221771,test,tbf_imgs,focus_dnn,
D:\Dineth\focus_binary_benchmark\dataset\tbf_imgs\unfocused\FieldPos023\FieldPos023_page_13.png,0,0.4127901792526245,test,tbf_imgs,focus_dnn,
D:\Dineth\focus_binary_benchmark\dataset\tbf_imgs\unfocused\FieldPos023\FieldPos023_page_14.png,0,0.4128567278385162,test,tbf_imgs,focus_dnn,
D:\Dineth\focus_binary_benchmark\dataset\tbf_imgs\unfocused\FieldPos023\FieldPos023_page_2.png,0,0.4116565585136413,test,tbf_imgs,focus_dnn,
D:\Dineth\focus_binary_benchmark\dataset\tbf_imgs\unfocused\FieldPos023\FieldPos023_page_3.png,0,0.4114990830421448,test,tbf_imgs,focus_dnn,
D:\Dineth\focus_binary_benchmark\dataset\tbf_imgs\unfocused\FieldPos023\FieldPos023_page_4.png,0,0.4129844307899475,test,tbf_imgs,focus_dnn,
D:\Dineth\focus_binary_benchmark\dataset\tbf_imgs\unfocused\FieldPos023\FieldPos023_page_8.png,0,0.4131036698818207,test,tbf_imgs,focus_dnn,
D:\Dineth\focus_binary_benchmark\dataset\tbf_imgs\unfocused\FieldPos023\FieldPos023_page_9.png,0,0.4116626977920532,test,tbf_imgs,focus_dnn,
D:\Dineth\focus_binary_benchmark\dataset\tbf_imgs\unfocused\FieldPos029\FieldPos029_page_1.png,0,0.4123536944389343,test,tbf_imgs,focus_dnn,
D:\Dineth\focus_binary_benchmark\dataset\tbf_imgs\unfocused\FieldPos029\FieldPos029_page_10.png,0,0.4123091399669647,test,tbf_imgs,focus_dnn,
D:\Dineth\focus_binary_benchmark\dataset\tbf_imgs\unfocused\FieldPos029\FieldPos029_page_11.png,0,0.4115158915519714,test,tbf_imgs,focus_dnn,
D:\Dineth\focus_binary_benchmark\dataset\tbf_imgs\unfocused\FieldPos029\FieldPos029_page_12.png,0,0.4117204248905182,test,tbf_imgs,focus_dnn,
D:\Dineth\focus_binary_benchmark\dataset\tbf_imgs\unfocused\FieldPos029\FieldPos029_page_13.png,0,0.4120769798755646,test,tbf_imgs,focus_dnn,
D:\Dineth\focus_binary_benchmark\dataset\tbf_imgs\unfocused\FieldPos029\FieldPos029_page_14.png,0,0.4122762978076935,test,tbf_imgs,focus_dnn,
D:\Dineth\focus_binary_benchmark\dataset\tbf_imgs\unfocused\FieldPos029\FieldPos029_page_2.png,0,0.4120709300041199,test,tbf_imgs,focus_dnn,
D:\Dineth\focus_binary_benchmark\dataset\tbf_imgs\unfocused\FieldPos029\FieldPos029_page_3.png,0,0.4114551842212677,test,tbf_imgs,focus_dnn,
D:\Dineth\focus_binary_benchmark\dataset\tbf_imgs\unfocused\FieldPos029\FieldPos029_page_4.png,0,0.4114793539047241,test,tbf_imgs,focus_dnn,
D:\Dineth\focus_binary_benchmark\dataset\tbf_imgs\unfocused\FieldPos029\FieldPos029_page_5.png,0,0.4120284020900726,test,tbf_imgs,focus_dnn,
D:\Dineth\focus_binary_benchmark\dataset\tbf_imgs\unfocused\FieldPos029\FieldPos029_page_6.png,0,0.4139933884143829,test,tbf_imgs,focus_dnn,
D:\Dineth\focus_binary_benchmark\dataset\tbf_imgs\unfocused\FieldPos033 (2)\FieldPos033 (2)_page_1.png,0,0.4097534716129303,test,tbf_imgs,focus_dnn,
D:\Dineth\focus_binary_benchmark\dataset\tbf_imgs\unfocused\FieldPos033 (2)\FieldPos033 (2)_page_10.png,0,0.4105415046215057,test,tbf_imgs,focus_dnn,
D:\Dineth\focus_binary_benchmark\dataset\tbf_imgs\unfocused\FieldPos033 (2)\FieldPos033 (2)_page_11.png,0,0.4089019894599914,test,tbf_imgs,focus_dnn,
D:\Dineth\focus_binary_benchmark\dataset\tbf_imgs\unfocused\FieldPos033 (2)\FieldPos033 (2)_page_12.png,0,0.4088367819786072,test,tbf_imgs,focus_dnn,
D:\Dineth\focus_binary_benchmark\dataset\tbf_imgs\unfocused\FieldPos033 (2)\FieldPos033 (2)_page_13.png,0,0.4091758131980896,test,tbf_imgs,focus_dnn,
D:\Dineth\focus_binary_benchmark\dataset\tbf_imgs\unfocused\FieldPos033 (2)\FieldPos033 (2)_page_14.png,0,0.4097999632358551,test,tbf_imgs,focus_dnn,
D:\Dineth\focus_binary_benchmark\dataset\tbf_imgs\unfocused\FieldPos033 (2)\FieldPos033 (2)_page_2.png,0,0.4094607830047607,test,tbf_imgs,focus_dnn,
D:\Dineth\focus_binary_benchmark\dataset\tbf_imgs\unfocused\FieldPos033 (2)\FieldPos033 (2)_page_3.png,0,0.4088318347930908,test,tbf_imgs,focus_dnn,
D:\Dineth\focus_binary_benchmark\dataset\tbf_imgs\unfocused\FieldPos033 (2)\FieldPos033 (2)_page_4.png,0,0.4087186753749847,test,tbf_imgs,focus_dnn,
D:\Dineth\focus_binary_benchmark\dataset\tbf_imgs\unfocused\FieldPos033 (2)\FieldPos033 (2)_page_5.png,0,0.4098042845726013,test,tbf_imgs,focus_dnn,
D:\Dineth\focus_binary_benchmark\dataset\tbf_imgs\unfocused\FieldPos033 (2)\FieldPos033 (2)_page_6.png,0,0.4135636389255523,test,tbf_imgs,focus_dnn,
D:\Dineth\focus_binary_benchmark\dataset\tbf_imgs\unfocused\FieldPos036\FieldPos036_page_1.png,0,0.413220465183258,test,tbf_imgs,focus_dnn,
D:\Dineth\focus_binary_benchmark\dataset\tbf_imgs\unfocused\FieldPos036\FieldPos036_page_10.png,0,0.4142482280731201,test,tbf_imgs,focus_dnn,
D:\Dineth\focus_binary_benchmark\dataset\tbf_imgs\unfocused\FieldPos036\FieldPos036_page_11.png,0,0.4123792052268982,test,tbf_imgs,focus_dnn,
D:\Dineth\focus_binary_benchmark\dataset\tbf_imgs\unfocused\FieldPos036\FieldPos036_page_12.png,0,0.4123667180538177,test,tbf_imgs,focus_dnn,
D:\Dineth\focus_binary_benchmark\dataset\tbf_imgs\unfocused\FieldPos036\FieldPos036_page_13.png,0,0.4125274419784546,test,tbf_imgs,focus_dnn,
D:\Dineth\focus_binary_benchmark\dataset\tbf_imgs\unfocused\FieldPos036\FieldPos036_page_14.png,0,0.4130634069442749,test,tbf_imgs,focus_dnn,
D:\Dineth\focus_binary_benchmark\dataset\tbf_imgs\unfocused\FieldPos036\FieldPos036_page_2.png,0,0.4127893149852752,test,tbf_imgs,focus_dnn,
D:\Dineth\focus_binary_benchmark\dataset\tbf_imgs\unfocused\FieldPos036\FieldPos036_page_3.png,0,0.4127919673919678,test,tbf_imgs,focus_dnn,
D:\Dineth\focus_binary_benchmark\dataset\tbf_imgs\unfocused\FieldPos036\FieldPos036_page_4.png,0,0.4124407172203064,test,tbf_imgs,focus_dnn,
D:\Dineth\focus_binary_benchmark\dataset\tbf_imgs\unfocused\FieldPos036\FieldPos036_page_5.png,0,0.4127088487148285,test,tbf_imgs,focus_dnn,
D:\Dineth\focus_binary_benchmark\dataset\tbf_imgs\unfocused\FieldPos036\FieldPos036_page_6.png,0,0.4141771197319031,test,tbf_imgs,focus_dnn,
D:\Dineth\focus_binary_benchmark\dataset\tbf_imgs\unfocused\FieldPos038\FieldPos038_page_1.png,0,0.4099080860614776,test,tbf_imgs,focus_dnn,
D:\Dineth\focus_binary_benchmark\dataset\tbf_imgs\unfocused\FieldPos038\FieldPos038_page_10.png,0,0.4093640446662903,test,tbf_imgs,focus_dnn,
D:\Dineth\focus_binary_benchmark\dataset\tbf_imgs\unfocused\FieldPos038\FieldPos038_page_11.png,0,0.4095788896083832,test,tbf_imgs,focus_dnn,
D:\Dineth\focus_binary_benchmark\dataset\tbf_imgs\unfocused\FieldPos038\FieldPos038_page_12.png,0,0.4098385870456695,test,tbf_imgs,focus_dnn,
D:\Dineth\focus_binary_benchmark\dataset\tbf_imgs\unfocused\FieldPos038\FieldPos038_page_13.png,0,0.4103606939315796,test,tbf_imgs,focus_dnn,
D:\Dineth\focus_binary_benchmark\dataset\tbf_imgs\unfocused\FieldPos038\FieldPos038_page_14.png,0,0.4104427397251129,test,tbf_imgs,focus_dnn,
D:\Dineth\focus_binary_benchmark\dataset\tbf_imgs\unfocused\FieldPos038\FieldPos038_page_2.png,0,0.4097051918506622,test,tbf_imgs,focus_dnn,
D:\Dineth\focus_binary_benchmark\dataset\tbf_imgs\unfocused\FieldPos038\FieldPos038_page_3.png,0,0.4094587564468384,test,tbf_imgs,focus_dnn,
D:\Dineth\focus_binary_benchmark\dataset\tbf_imgs\unfocused\FieldPos038\FieldPos038_page_4.png,0,0.4101369082927704,test,tbf_imgs,focus_dnn,
D:\Dineth\focus_binary_benchmark\dataset\tbf_imgs\unfocused\FieldPos038\FieldPos038_page_5.png,0,0.4122197926044464,test,tbf_imgs,focus_dnn,
D:\Dineth\focus_binary_benchmark\dataset\tbf_imgs\unfocused\FieldPos038\FieldPos038_page_9.png,0,0.4105823338031769,test,tbf_imgs,focus_dnn,
D:\Dineth\focus_binary_benchmark\dataset\tbf_imgs\unfocused\FieldPos040\FieldPos040_page_1.png,0,0.4094938635826111,test,tbf_imgs,focus_dnn,
D:\Dineth\focus_binary_benchmark\dataset\tbf_imgs\unfocused\FieldPos040\FieldPos040_page_10.png,0,0.4096157252788543,test,tbf_imgs,focus_dnn,
D:\Dineth\focus_binary_benchmark\dataset\tbf_imgs\unfocused\FieldPos040\FieldPos040_page_11.png,0,0.4095214307308197,test,tbf_imgs,focus_dnn,
D:\Dineth\focus_binary_benchmark\dataset\tbf_imgs\unfocused\FieldPos040\FieldPos040_page_12.png,0,0.4097163379192352,test,tbf_imgs,focus_dnn,
D:\Dineth\focus_binary_benchmark\dataset\tbf_imgs\unfocused\FieldPos040\FieldPos040_page_13.png,0,0.4102869033813476,test,tbf_imgs,focus_dnn,
D:\Dineth\focus_binary_benchmark\dataset\tbf_imgs\unfocused\FieldPos040\FieldPos040_page_14.png,0,0.4105874896049499,test,tbf_imgs,focus_dnn,
D:\Dineth\focus_binary_benchmark\dataset\tbf_imgs\unfocused\FieldPos040\FieldPos040_page_2.png,0,0.4094701707363128,test,tbf_imgs,focus_dnn,
D:\Dineth\focus_binary_benchmark\dataset\tbf_imgs\unfocused\FieldPos040\FieldPos040_page_3.png,0,0.4094015657901764,test,tbf_imgs,focus_dnn,
D:\Dineth\focus_binary_benchmark\dataset\tbf_imgs\unfocused\FieldPos040\FieldPos040_page_4.png,0,0.4102701544761657,test,tbf_imgs,focus_dnn,
D:\Dineth\focus_binary_benchmark\dataset\tbf_imgs\unfocused\FieldPos040\FieldPos040_page_5.png,0,0.4134103059768677,test,tbf_imgs,focus_dnn,
D:\Dineth\focus_binary_benchmark\dataset\tbf_imgs\unfocused\FieldPos040\FieldPos040_page_9.png,0,0.4098306000232696,test,tbf_imgs,focus_dnn,
D:\Dineth\focus_binary_benchmark\dataset\tbf_imgs\unfocused\FieldPos044\FieldPos044_page_1.png,0,0.41033935546875,test,tbf_imgs,focus_dnn,
D:\Dineth\focus_binary_benchmark\dataset\tbf_imgs\unfocused\FieldPos044\FieldPos044_page_10.png,0,0.4107207059860229,test,tbf_imgs,focus_dnn,
D:\Dineth\focus_binary_benchmark\dataset\tbf_imgs\unfocused\FieldPos044\FieldPos044_page_11.png,0,0.4098890721797943,test,tbf_imgs,focus_dnn,
D:\Dineth\focus_binary_benchmark\dataset\tbf_imgs\unfocused\FieldPos044\FieldPos044_page_12.png,0,0.4100700914859772,test,tbf_imgs,focus_dnn,
D:\Dineth\focus_binary_benchmark\dataset\tbf_imgs\unfocused\FieldPos044\FieldPos044_page_13.png,0,0.4102595448493957,test,tbf_imgs,focus_dnn,
D:\Dineth\focus_binary_benchmark\dataset\tbf_imgs\unfocused\FieldPos044\FieldPos044_page_14.png,0,0.4105302691459656,test,tbf_imgs,focus_dnn,
D:\Dineth\focus_binary_benchmark\dataset\tbf_imgs\unfocused\FieldPos044\FieldPos044_page_2.png,0,0.4101901352405548,test,tbf_imgs,focus_dnn,
D:\Dineth\focus_binary_benchmark\dataset\tbf_imgs\unfocused\FieldPos044\FieldPos044_page_3.png,0,0.4099713265895843,test,tbf_imgs,focus_dnn,
D:\Dineth\focus_binary_benchmark\dataset\tbf_imgs\unfocused\FieldPos044\FieldPos044_page_4.png,0,0.4098961353302002,test,tbf_imgs,focus_dnn,
D:\Dineth\focus_binary_benchmark\dataset\tbf_imgs\unfocused\FieldPos044\FieldPos044_page_5.png,0,0.4107165336608886,test,tbf_imgs,focus_dnn,
D:\Dineth\focus_binary_benchmark\dataset\tbf_imgs\unfocused\FieldPos044\FieldPos044_page_6.png,0,0.4127710461616516,test,tbf_imgs,focus_dnn,
D:\Dineth\focus_binary_benchmark\dataset\tbf_imgs\unfocused\FieldPos053\FieldPos053_page_1.png,0,0.4117469489574432,test,tbf_imgs,focus_dnn,
D:\Dineth\focus_binary_benchmark\dataset\tbf_imgs\unfocused\FieldPos053\FieldPos053_page_10.png,0,0.4112972617149353,test,tbf_imgs,focus_dnn,
D:\Dineth\focus_binary_benchmark\dataset\tbf_imgs\unfocused\FieldPos053\FieldPos053_page_11.png,0,0.4113924503326416,test,tbf_imgs,focus_dnn,
D:\Dineth\focus_binary_benchmark\dataset\tbf_imgs\unfocused\FieldPos053\FieldPos053_page_12.png,0,0.4120706021785736,test,tbf_imgs,focus_dnn,
D:\Dineth\focus_binary_benchmark\dataset\tbf_imgs\unfocused\FieldPos053\FieldPos053_page_13.png,0,0.4125578999519348,test,tbf_imgs,focus_dnn,
D:\Dineth\focus_binary_benchmark\dataset\tbf_imgs\unfocused\FieldPos053\FieldPos053_page_14.png,0,0.4126151502132416,test,tbf_imgs,focus_dnn,
D:\Dineth\focus_binary_benchmark\dataset\tbf_imgs\unfocused\FieldPos053\FieldPos053_page_2.png,0,0.4114277958869934,test,tbf_imgs,focus_dnn,
D:\Dineth\focus_binary_benchmark\dataset\tbf_imgs\unfocused\FieldPos053\FieldPos053_page_3.png,0,0.4109759330749511,test,tbf_imgs,focus_dnn,
D:\Dineth\focus_binary_benchmark\dataset\tbf_imgs\unfocused\FieldPos053\FieldPos053_page_4.png,0,0.4118582606315613,test,tbf_imgs,focus_dnn,
D:\Dineth\focus_binary_benchmark\dataset\tbf_imgs\unfocused\FieldPos053\FieldPos053_page_5.png,0,0.4138893783092499,test,tbf_imgs,focus_dnn,
D:\Dineth\focus_binary_benchmark\dataset\tbf_imgs\unfocused\FieldPos053\FieldPos053_page_9.png,0,0.4118378162384033,test,tbf_imgs,focus_dnn,
D:\Dineth\focus_binary_benchmark\dataset\tbf_imgs\unfocused\FieldPos059\FieldPos059_page_1.png,0,0.409885436296463,test,tbf_imgs,focus_dnn,
D:\Dineth\focus_binary_benchmark\dataset\tbf_imgs\unfocused\FieldPos059\FieldPos059_page_10.png,0,0.4091194272041321,test,tbf_imgs,focus_dnn,
D:\Dineth\focus_binary_benchmark\dataset\tbf_imgs\unfocused\FieldPos059\FieldPos059_page_11.png,0,0.4097054302692413,test,tbf_imgs,focus_dnn,
D:\Dineth\focus_binary_benchmark\dataset\tbf_imgs\unfocused\FieldPos059\FieldPos059_page_12.png,0,0.4099805653095245,test,tbf_imgs,focus_dnn,
D:\Dineth\focus_binary_benchmark\dataset\tbf_imgs\unfocused\FieldPos059\FieldPos059_page_13.png,0,0.4107479453086853,test,tbf_imgs,focus_dnn,
D:\Dineth\focus_binary_benchmark\dataset\tbf_imgs\unfocused\FieldPos059\FieldPos059_page_14.png,0,0.4109551608562469,test,tbf_imgs,focus_dnn,
D:\Dineth\focus_binary_benchmark\dataset\tbf_imgs\unfocused\FieldPos059\FieldPos059_page_2.png,0,0.4093205034732818,test,tbf_imgs,focus_dnn,
D:\Dineth\focus_binary_benchmark\dataset\tbf_imgs\unfocused\FieldPos059\FieldPos059_page_3.png,0,0.4094774723052978,test,tbf_imgs,focus_dnn,
D:\Dineth\focus_binary_benchmark\dataset\tbf_imgs\unfocused\FieldPos059\FieldPos059_page_4.png,0,0.4109094142913818,test,tbf_imgs,focus_dnn,
D:\Dineth\focus_binary_benchmark\dataset\tbf_imgs\unfocused\FieldPos059\FieldPos059_page_8.png,0,0.4133850336074829,test,tbf_imgs,focus_dnn,
D:\Dineth\focus_binary_benchmark\dataset\tbf_imgs\unfocused\FieldPos059\FieldPos059_page_9.png,0,0.4096018373966217,test,tbf_imgs,focus_dnn,
D:\Dineth\focus_binary_benchmark\dataset\tbf_imgs\unfocused\FieldPos066\FieldPos066_page_1.png,0,0.4104837775230407,test,tbf_imgs,focus_dnn,
D:\Dineth\focus_binary_benchmark\dataset\tbf_imgs\unfocused\FieldPos066\FieldPos066_page_10.png,0,0.41065713763237,test,tbf_imgs,focus_dnn,
D:\Dineth\focus_binary_benchmark\dataset\tbf_imgs\unfocused\FieldPos066\FieldPos066_page_11.png,0,0.4114047884941101,test,tbf_imgs,focus_dnn,
D:\Dineth\focus_binary_benchmark\dataset\tbf_imgs\unfocused\FieldPos066\FieldPos066_page_12.png,0,0.4117860496044159,test,tbf_imgs,focus_dnn,
D:\Dineth\focus_binary_benchmark\dataset\tbf_imgs\unfocused\FieldPos066\FieldPos066_page_13.png,0,0.4118319451808929,test,tbf_imgs,focus_dnn,
D:\Dineth\focus_binary_benchmark\dataset\tbf_imgs\unfocused\FieldPos066\FieldPos066_page_14.png,0,0.4124217927455902,test,tbf_imgs,focus_dnn,
D:\Dineth\focus_binary_benchmark\dataset\tbf_imgs\unfocused\FieldPos066\FieldPos066_page_2.png,0,0.4107362926006317,test,tbf_imgs,focus_dnn,
D:\Dineth\focus_binary_benchmark\dataset\tbf_imgs\unfocused\FieldPos066\FieldPos066_page_3.png,0,0.4116047918796539,test,tbf_imgs,focus_dnn,
D:\Dineth\focus_binary_benchmark\dataset\tbf_imgs\unfocused\FieldPos066\FieldPos066_page_4.png,0,0.4143107235431671,test,tbf_imgs,focus_dnn,
D:\Dineth\focus_binary_benchmark\dataset\tbf_imgs\unfocused\FieldPos066\FieldPos066_page_8.png,0,0.4107539653778076,test,tbf_imgs,focus_dnn,
D:\Dineth\focus_binary_benchmark\dataset\tbf_imgs\unfocused\FieldPos066\FieldPos066_page_9.png,0,0.4104802012443542,test,tbf_imgs,focus_dnn,
D:\Dineth\focus_binary_benchmark\dataset\tbf_imgs\unfocused\FieldPos069\FieldPos069_page_1.png,0,0.4090242683887481,test,tbf_imgs,focus_dnn,
D:\Dineth\focus_binary_benchmark\dataset\tbf_imgs\unfocused\FieldPos069\FieldPos069_page_10.png,0,0.4096990823745727,test,tbf_imgs,focus_dnn,
D:\Dineth\focus_binary_benchmark\dataset\tbf_imgs\unfocused\FieldPos069\FieldPos069_page_11.png,0,0.4098942875862121,test,tbf_imgs,focus_dnn,
D:\Dineth\focus_binary_benchmark\dataset\tbf_imgs\unfocused\FieldPos069\FieldPos069_page_12.png,0,0.4102818965911865,test,tbf_imgs,focus_dnn,
D:\Dineth\focus_binary_benchmark\dataset\tbf_imgs\unfocused\FieldPos069\FieldPos069_page_13.png,0,0.4104987382888794,test,tbf_imgs,focus_dnn,
D:\Dineth\focus_binary_benchmark\dataset\tbf_imgs\unfocused\FieldPos069\FieldPos069_page_14.png,0,0.4109082520008087,test,tbf_imgs,focus_dnn,
D:\Dineth\focus_binary_benchmark\dataset\tbf_imgs\unfocused\FieldPos069\FieldPos069_page_2.png,0,0.4095393121242523,test,tbf_imgs,focus_dnn,
D:\Dineth\focus_binary_benchmark\dataset\tbf_imgs\unfocused\FieldPos069\FieldPos069_page_3.png,0,0.4104331731796264,test,tbf_imgs,focus_dnn,
D:\Dineth\focus_binary_benchmark\dataset\tbf_imgs\unfocused\FieldPos069\FieldPos069_page_7.png,0,0.4117436408996582,test,tbf_imgs,focus_dnn,
D:\Dineth\focus_binary_benchmark\dataset\tbf_imgs\unfocused\FieldPos069\FieldPos069_page_8.png,0,0.4093938171863556,test,tbf_imgs,focus_dnn,
D:\Dineth\focus_binary_benchmark\dataset\tbf_imgs\unfocused\FieldPos069\FieldPos069_page_9.png,0,0.4091307520866394,test,tbf_imgs,focus_dnn,
D:\Dineth\focus_binary_benchmark\dataset\tbf_imgs\unfocused\FieldPos074\FieldPos074_page_1.png,0,0.4109277129173279,test,tbf_imgs,focus_dnn,
D:\Dineth\focus_binary_benchmark\dataset\tbf_imgs\unfocused\FieldPos074\FieldPos074_page_10.png,0,0.4102315306663513,test,tbf_imgs,focus_dnn,
D:\Dineth\focus_binary_benchmark\dataset\tbf_imgs\unfocused\FieldPos074\FieldPos074_page_11.png,0,0.4111378490924835,test,tbf_imgs,focus_dnn,
D:\Dineth\focus_binary_benchmark\dataset\tbf_imgs\unfocused\FieldPos074\FieldPos074_page_12.png,0,0.4112096726894378,test,tbf_imgs,focus_dnn,
D:\Dineth\focus_binary_benchmark\dataset\tbf_imgs\unfocused\FieldPos074\FieldPos074_page_13.png,0,0.4113781452178955,test,tbf_imgs,focus_dnn,
D:\Dineth\focus_binary_benchmark\dataset\tbf_imgs\unfocused\FieldPos074\FieldPos074_page_14.png,0,0.4118047058582306,test,tbf_imgs,focus_dnn,
D:\Dineth\focus_binary_benchmark\dataset\tbf_imgs\unfocused\FieldPos074\FieldPos074_page_2.png,0,0.4108370542526245,test,tbf_imgs,focus_dnn,
D:\Dineth\focus_binary_benchmark\dataset\tbf_imgs\unfocused\FieldPos074\FieldPos074_page_3.png,0,0.4106158912181854,test,tbf_imgs,focus_dnn,
D:\Dineth\focus_binary_benchmark\dataset\tbf_imgs\unfocused\FieldPos074\FieldPos074_page_4.png,0,0.4112693667411804,test,tbf_imgs,focus_dnn,
D:\Dineth\focus_binary_benchmark\dataset\tbf_imgs\unfocused\FieldPos074\FieldPos074_page_8.png,0,0.411960631608963,test,tbf_imgs,focus_dnn,
D:\Dineth\focus_binary_benchmark\dataset\tbf_imgs\unfocused\FieldPos074\FieldPos074_page_9.png,0,0.4107469618320465,test,tbf_imgs,focus_dnn,
D:\Dineth\focus_binary_benchmark\dataset\tbf_imgs\unfocused\FieldPos082\FieldPos082_page_1.png,0,0.3878121078014374,test,tbf_imgs,focus_dnn,
D:\Dineth\focus_binary_benchmark\dataset\tbf_imgs\unfocused\FieldPos082\FieldPos082_page_10.png,0,0.3874053657054901,test,tbf_imgs,focus_dnn,
D:\Dineth\focus_binary_benchmark\dataset\tbf_imgs\unfocused\FieldPos082\FieldPos082_page_11.png,0,0.3879787027835846,test,tbf_imgs,focus_dnn,
D:\Dineth\focus_binary_benchmark\dataset\tbf_imgs\unfocused\FieldPos082\FieldPos082_page_12.png,0,0.3877807259559631,test,tbf_imgs,focus_dnn,
D:\Dineth\focus_binary_benchmark\dataset\tbf_imgs\unfocused\FieldPos082\FieldPos082_page_13.png,0,0.3879080414772033,test,tbf_imgs,focus_dnn,
D:\Dineth\focus_binary_benchmark\dataset\tbf_imgs\unfocused\FieldPos082\FieldPos082_page_14.png,0,0.3877440094947815,test,tbf_imgs,focus_dnn,
D:\Dineth\focus_binary_benchmark\dataset\tbf_imgs\unfocused\FieldPos082\FieldPos082_page_2.png,0,0.3877779841423034,test,tbf_imgs,focus_dnn,
D:\Dineth\focus_binary_benchmark\dataset\tbf_imgs\unfocused\FieldPos082\FieldPos082_page_3.png,0,0.3875761330127716,test,tbf_imgs,focus_dnn,
D:\Dineth\focus_binary_benchmark\dataset\tbf_imgs\unfocused\FieldPos082\FieldPos082_page_4.png,0,0.3879211246967315,test,tbf_imgs,focus_dnn,
D:\Dineth\focus_binary_benchmark\dataset\tbf_imgs\unfocused\FieldPos082\FieldPos082_page_8.png,0,0.3873704373836517,test,tbf_imgs,focus_dnn,
D:\Dineth\focus_binary_benchmark\dataset\tbf_imgs\unfocused\FieldPos082\FieldPos082_page_9.png,0,0.3871865272521972,test,tbf_imgs,focus_dnn,
D:\Dineth\focus_binary_benchmark\dataset\tbf_imgs\unfocused\FieldPos103\FieldPos103_page_1.png,0,0.4135601818561554,test,tbf_imgs,focus_dnn,
D:\Dineth\focus_binary_benchmark\dataset\tbf_imgs\unfocused\FieldPos103\FieldPos103_page_10.png,0,0.4137484729290008,test,tbf_imgs,focus_dnn,
D:\Dineth\focus_binary_benchmark\dataset\tbf_imgs\unfocused\FieldPos103\FieldPos103_page_11.png,0,0.4132391810417175,test,tbf_imgs,focus_dnn,
D:\Dineth\focus_binary_benchmark\dataset\tbf_imgs\unfocused\FieldPos103\FieldPos103_page_12.png,0,0.4130920767784118,test,tbf_imgs,focus_dnn,
D:\Dineth\focus_binary_benchmark\dataset\tbf_imgs\unfocused\FieldPos103\FieldPos103_page_13.png,0,0.4135069251060486,test,tbf_imgs,focus_dnn,
D:\Dineth\focus_binary_benchmark\dataset\tbf_imgs\unfocused\FieldPos103\FieldPos103_page_14.png,0,0.4141925573348999,test,tbf_imgs,focus_dnn,
D:\Dineth\focus_binary_benchmark\dataset\tbf_imgs\unfocused\FieldPos103\FieldPos103_page_2.png,0,0.4132742285728454,test,tbf_imgs,focus_dnn,
D:\Dineth\focus_binary_benchmark\dataset\tbf_imgs\unfocused\FieldPos103\FieldPos103_page_3.png,0,0.4129840135574341,test,tbf_imgs,focus_dnn,
D:\Dineth\focus_binary_benchmark\dataset\tbf_imgs\unfocused\FieldPos103\FieldPos103_page_4.png,0,0.4131920635700226,test,tbf_imgs,focus_dnn,
D:\Dineth\focus_binary_benchmark\dataset\tbf_imgs\unfocused\FieldPos103\FieldPos103_page_5.png,0,0.4136964678764343,test,tbf_imgs,focus_dnn,
D:\Dineth\focus_binary_benchmark\dataset\tbf_imgs\unfocused\FieldPos103\FieldPos103_page_6.png,0,0.4159055948257446,test,tbf_imgs,focus_dnn,
D:\Dineth\focus_binary_benchmark\dataset\tbf_imgs\unfocused\FieldPos104\FieldPos104_page_1.png,0,0.411503791809082,test,tbf_imgs,focus_dnn,
D:\Dineth\focus_binary_benchmark\dataset\tbf_imgs\unfocused\FieldPos104\FieldPos104_page_10.png,0,0.4103364944458008,test,tbf_imgs,focus_dnn,
D:\Dineth\focus_binary_benchmark\dataset\tbf_imgs\unfocused\FieldPos104\FieldPos104_page_11.png,0,0.4107337892055511,test,tbf_imgs,focus_dnn,
D:\Dineth\focus_binary_benchmark\dataset\tbf_imgs\unfocused\FieldPos104\FieldPos104_page_12.png,0,0.4108571410179138,test,tbf_imgs,focus_dnn,
D:\Dineth\focus_binary_benchmark\dataset\tbf_imgs\unfocused\FieldPos104\FieldPos104_page_13.png,0,0.4114964604377746,test,tbf_imgs,focus_dnn,
D:\Dineth\focus_binary_benchmark\dataset\tbf_imgs\unfocused\FieldPos104\FieldPos104_page_14.png,0,0.412017673254013,test,tbf_imgs,focus_dnn,
D:\Dineth\focus_binary_benchmark\dataset\tbf_imgs\unfocused\FieldPos104\FieldPos104_page_2.png,0,0.4108925461769104,test,tbf_imgs,focus_dnn,
D:\Dineth\focus_binary_benchmark\dataset\tbf_imgs\unfocused\FieldPos104\FieldPos104_page_3.png,0,0.4105139076709747,test,tbf_imgs,focus_dnn,
D:\Dineth\focus_binary_benchmark\dataset\tbf_imgs\unfocused\FieldPos104\FieldPos104_page_4.png,0,0.4105954766273498,test,tbf_imgs,focus_dnn,
D:\Dineth\focus_binary_benchmark\dataset\tbf_imgs\unfocused\FieldPos104\FieldPos104_page_5.png,0,0.412000447511673,test,tbf_imgs,focus_dnn,
D:\Dineth\focus_binary_benchmark\dataset\tbf_imgs\unfocused\FieldPos104\FieldPos104_page_9.png,0,0.4114336967468261,test,tbf_imgs,focus_dnn,
D:\Dineth\focus_binary_benchmark\dataset\tbf_imgs\unfocused\FieldPos107\FieldPos107_page_1.png,0,0.4098584353923797,test,tbf_imgs,focus_dnn,
D:\Dineth\focus_binary_benchmark\dataset\tbf_imgs\unfocused\FieldPos107\FieldPos107_page_10.png,0,0.4100688397884369,test,tbf_imgs,focus_dnn,
D:\Dineth\focus_binary_benchmark\dataset\tbf_imgs\unfocused\FieldPos107\FieldPos107_page_11.png,0,0.4100916385650635,test,tbf_imgs,focus_dnn,
D:\Dineth\focus_binary_benchmark\dataset\tbf_imgs\unfocused\FieldPos107\FieldPos107_page_12.png,0,0.410703182220459,test,tbf_imgs,focus_dnn,
D:\Dineth\focus_binary_benchmark\dataset\tbf_imgs\unfocused\FieldPos107\FieldPos107_page_13.png,0,0.4107490181922912,test,tbf_imgs,focus_dnn,
D:\Dineth\focus_binary_benchmark\dataset\tbf_imgs\unfocused\FieldPos107\FieldPos107_page_14.png,0,0.4113045632839203,test,tbf_imgs,focus_dnn,
D:\Dineth\focus_binary_benchmark\dataset\tbf_imgs\unfocused\FieldPos107\FieldPos107_page_2.png,0,0.4098420143127441,test,tbf_imgs,focus_dnn,
D:\Dineth\focus_binary_benchmark\dataset\tbf_imgs\unfocused\FieldPos107\FieldPos107_page_3.png,0,0.4111943244934082,test,tbf_imgs,focus_dnn,
D:\Dineth\focus_binary_benchmark\dataset\tbf_imgs\unfocused\FieldPos107\FieldPos107_page_7.png,0,0.4103010892868042,test,tbf_imgs,focus_dnn,
D:\Dineth\focus_binary_benchmark\dataset\tbf_imgs\unfocused\FieldPos107\FieldPos107_page_8.png,0,0.4095347225666046,test,tbf_imgs,focus_dnn,
D:\Dineth\focus_binary_benchmark\dataset\tbf_imgs\unfocused\FieldPos107\FieldPos107_page_9.png,0,0.4096068143844604,test,tbf_imgs,focus_dnn,
D:\Dineth\focus_binary_benchmark\dataset\tbf_imgs\unfocused\FieldPos200\FieldPos200_page_1.png,0,0.4112862944602966,test,tbf_imgs,focus_dnn,
D:\Dineth\focus_binary_benchmark\dataset\tbf_imgs\unfocused\FieldPos200\FieldPos200_page_10.png,0,0.410768985748291,test,tbf_imgs,focus_dnn,
D:\Dineth\focus_binary_benchmark\dataset\tbf_imgs\unfocused\FieldPos200\FieldPos200_page_11.png,0,0.4106900095939636,test,tbf_imgs,focus_dnn,
D:\Dineth\focus_binary_benchmark\dataset\tbf_imgs\unfocused\FieldPos200\FieldPos200_page_12.png,0,0.4110554456710815,test,tbf_imgs,focus_dnn,
D:\Dineth\focus_binary_benchmark\dataset\tbf_imgs\unfocused\FieldPos200\FieldPos200_page_13.png,0,0.4113747179508209,test,tbf_imgs,focus_dnn,
D:\Dineth\focus_binary_benchmark\dataset\tbf_imgs\unfocused\FieldPos200\FieldPos200_page_14.png,0,0.4119849801063537,test,tbf_imgs,focus_dnn,
D:\Dineth\focus_binary_benchmark\dataset\tbf_imgs\unfocused\FieldPos200\FieldPos200_page_2.png,0,0.4107668399810791,test,tbf_imgs,focus_dnn,
D:\Dineth\focus_binary_benchmark\dataset\tbf_imgs\unfocused\FieldPos200\FieldPos200_page_3.png,0,0.4108381867408752,test,tbf_imgs,focus_dnn,
D:\Dineth\focus_binary_benchmark\dataset\tbf_imgs\unfocused\FieldPos200\FieldPos200_page_4.png,0,0.4109617471694946,test,tbf_imgs,focus_dnn,
D:\Dineth\focus_binary_benchmark\dataset\tbf_imgs\unfocused\FieldPos200\FieldPos200_page_5.png,0,0.4130806922912597,test,tbf_imgs,focus_dnn,
D:\Dineth\focus_binary_benchmark\dataset\tbf_imgs\unfocused\FieldPos200\FieldPos200_page_9.png,0,0.4115999639034271,test,tbf_imgs,focus_dnn,
D:\Dineth\focus_binary_benchmark\dataset\tbf_imgs\unfocused\FieldPos203\FieldPos203_page_1.png,0,0.410723865032196,test,tbf_imgs,focus_dnn,
D:\Dineth\focus_binary_benchmark\dataset\tbf_imgs\unfocused\FieldPos203\FieldPos203_page_10.png,0,0.4106025397777557,test,tbf_imgs,focus_dnn,
D:\Dineth\focus_binary_benchmark\dataset\tbf_imgs\unfocused\FieldPos203\FieldPos203_page_11.png,0,0.4104636311531067,test,tbf_imgs,focus_dnn,
D:\Dineth\focus_binary_benchmark\dataset\tbf_imgs\unfocused\FieldPos203\FieldPos203_page_12.png,0,0.4107347130775451,test,tbf_imgs,focus_dnn,
D:\Dineth\focus_binary_benchmark\dataset\tbf_imgs\unfocused\FieldPos203\FieldPos203_page_13.png,0,0.4108100235462188,test,tbf_imgs,focus_dnn,
D:\Dineth\focus_binary_benchmark\dataset\tbf_imgs\unfocused\FieldPos203\FieldPos203_page_14.png,0,0.4110697209835052,test,tbf_imgs,focus_dnn,
D:\Dineth\focus_binary_benchmark\dataset\tbf_imgs\unfocused\FieldPos203\FieldPos203_page_2.png,0,0.4103263318538666,test,tbf_imgs,focus_dnn,
D:\Dineth\focus_binary_benchmark\dataset\tbf_imgs\unfocused\FieldPos203\FieldPos203_page_3.png,0,0.4104996621608734,test,tbf_imgs,focus_dnn,
D:\Dineth\focus_binary_benchmark\dataset\tbf_imgs\unfocused\FieldPos203\FieldPos203_page_4.png,0,0.4106754958629608,test,tbf_imgs,focus_dnn,
D:\Dineth\focus_binary_benchmark\dataset\tbf_imgs\unfocused\FieldPos203\FieldPos203_page_5.png,0,0.4129768013954162,test,tbf_imgs,focus_dnn,
D:\Dineth\focus_binary_benchmark\dataset\tbf_imgs\unfocused\FieldPos203\FieldPos203_page_9.png,0,0.4128956198692322,test,tbf_imgs,focus_dnn,
D:\Dineth\focus_binary_benchmark\dataset\TBSI\focused\HH1\HH1 (6).JPG,1,0.8936962485313416,test,TBSI,focus_dnn,
D:\Dineth\focus_binary_benchmark\dataset\TBSI\focused\HH3\HH3 (6).JPG,1,0.9061599373817444,test,TBSI,focus_dnn,
D:\Dineth\focus_binary_benchmark\dataset\TBSI\focused\HH8\HH8 (6).JPG,1,0.9046316146850586,test,TBSI,focus_dnn,
D:\Dineth\focus_binary_benchmark\dataset\TBSI\focused\HL8\HL8 (6).JPG,1,0.9101911187171936,test,TBSI,focus_dnn,
D:\Dineth\focus_binary_benchmark\dataset\TBSI\focused\LH5\LH5 (4).JPG,1,0.7010444402694702,test,TBSI,focus_dnn,
D:\Dineth\focus_binary_benchmark\dataset\TBSI\unfocused\HH1\HH1 (1).JPG,0,0.5671009421348572,test,TBSI,focus_dnn,
D:\Dineth\focus_binary_benchmark\dataset\TBSI\unfocused\HH1\HH1 (10).JPG,0,0.5622676610946655,test,TBSI,focus_dnn,
D:\Dineth\focus_binary_benchmark\dataset\TBSI\unfocused\HH1\HH1 (2).JPG,0,0.5618335008621216,test,TBSI,focus_dnn,
D:\Dineth\focus_binary_benchmark\dataset\TBSI\unfocused\HH1\HH1 (3).JPG,0,0.5496825575828552,test,TBSI,focus_dnn,
D:\Dineth\focus_binary_benchmark\dataset\TBSI\unfocused\HH1\HH1 (4).JPG,0,0.5519005060195923,test,TBSI,focus_dnn,
D:\Dineth\focus_binary_benchmark\dataset\TBSI\unfocused\HH1\HH1 (8).JPG,0,0.5806639194488525,test,TBSI,focus_dnn,
D:\Dineth\focus_binary_benchmark\dataset\TBSI\unfocused\HH1\HH1 (9).JPG,0,0.551323652267456,test,TBSI,focus_dnn,
D:\Dineth\focus_binary_benchmark\dataset\TBSI\unfocused\HH3\HH3 (1).JPG,0,0.5709942579269409,test,TBSI,focus_dnn,
D:\Dineth\focus_binary_benchmark\dataset\TBSI\unfocused\HH3\HH3 (10).JPG,0,0.5632363557815552,test,TBSI,focus_dnn,
D:\Dineth\focus_binary_benchmark\dataset\TBSI\unfocused\HH3\HH3 (2).JPG,0,0.5661982297897339,test,TBSI,focus_dnn,
D:\Dineth\focus_binary_benchmark\dataset\TBSI\unfocused\HH3\HH3 (3).JPG,0,0.5639752149581909,test,TBSI,focus_dnn,
D:\Dineth\focus_binary_benchmark\dataset\TBSI\unfocused\HH3\HH3 (4).JPG,0,0.5491564869880676,test,TBSI,focus_dnn,
D:\Dineth\focus_binary_benchmark\dataset\TBSI\unfocused\HH3\HH3 (8).JPG,0,0.7342798113822937,test,TBSI,focus_dnn,
D:\Dineth\focus_binary_benchmark\dataset\TBSI\unfocused\HH3\HH3 (9).JPG,0,0.5474453568458557,test,TBSI,focus_dnn,
D:\Dineth\focus_binary_benchmark\dataset\TBSI\unfocused\HH8\HH8 (1).JPG,0,0.5674291849136353,test,TBSI,focus_dnn,
D:\Dineth\focus_binary_benchmark\dataset\TBSI\unfocused\HH8\HH8 (10).JPG,0,0.5647311210632324,test,TBSI,focus_dnn,
D:\Dineth\focus_binary_benchmark\dataset\TBSI\unfocused\HH8\HH8 (2).JPG,0,0.5628626346588135,test,TBSI,focus_dnn,
D:\Dineth\focus_binary_benchmark\dataset\TBSI\unfocused\HH8\HH8 (3).JPG,0,0.5550278425216675,test,TBSI,focus_dnn,
D:\Dineth\focus_binary_benchmark\dataset\TBSI\unfocused\HH8\HH8 (4).JPG,0,0.5419069528579712,test,TBSI,focus_dnn,
D:\Dineth\focus_binary_benchmark\dataset\TBSI\unfocused\HH8\HH8 (8).JPG,0,0.5503882169723511,test,TBSI,focus_dnn,
D:\Dineth\focus_binary_benchmark\dataset\TBSI\unfocused\HH8\HH8 (9).JPG,0,0.5468342304229736,test,TBSI,focus_dnn,
D:\Dineth\focus_binary_benchmark\dataset\TBSI\unfocused\HL8\HL8 (1).JPG,0,0.67952561378479,test,TBSI,focus_dnn,
D:\Dineth\focus_binary_benchmark\dataset\TBSI\unfocused\HL8\HL8 (10).JPG,0,0.6909460425376892,test,TBSI,focus_dnn,
D:\Dineth\focus_binary_benchmark\dataset\TBSI\unfocused\HL8\HL8 (2).JPG,0,0.67952561378479,test,TBSI,focus_dnn,
D:\Dineth\focus_binary_benchmark\dataset\TBSI\unfocused\HL8\HL8 (3).JPG,0,0.7124886512756348,test,TBSI,focus_dnn,
D:\Dineth\focus_binary_benchmark\dataset\TBSI\unfocused\HL8\HL8 (4).JPG,0,0.7522743940353394,test,TBSI,focus_dnn,
D:\Dineth\focus_binary_benchmark\dataset\TBSI\unfocused\HL8\HL8 (8).JPG,0,0.7359014749526978,test,TBSI,focus_dnn,
D:\Dineth\focus_binary_benchmark\dataset\TBSI\unfocused\HL8\HL8 (9).JPG,0,0.6988052725791931,test,TBSI,focus_dnn,
D:\Dineth\focus_binary_benchmark\dataset\TBSI\unfocused\LH5\LH5 (1).JPG,0,0.5801874995231628,test,TBSI,focus_dnn,
D:\Dineth\focus_binary_benchmark\dataset\TBSI\unfocused\LH5\LH5 (10).JPG,0,0.5800931453704834,test,TBSI,focus_dnn,
D:\Dineth\focus_binary_benchmark\dataset\TBSI\unfocused\LH5\LH5 (2).JPG,0,0.5784534215927124,test,TBSI,focus_dnn,
D:\Dineth\focus_binary_benchmark\dataset\TBSI\unfocused\LH5\LH5 (6).JPG,0,0.5749411582946777,test,TBSI,focus_dnn,
D:\Dineth\focus_binary_benchmark\dataset\TBSI\unfocused\LH5\LH5 (7).JPG,0,0.5787949562072754,test,TBSI,focus_dnn,
D:\Dineth\focus_binary_benchmark\dataset\TBSI\unfocused\LH5\LH5 (8).JPG,0,0.581934928894043,test,TBSI,focus_dnn,
D:\Dineth\focus_binary_benchmark\dataset\TBSI\unfocused\LH5\LH5 (9).JPG,0,0.5827705264091492,test,TBSI,focus_dnn,
D:\Dineth\focus_binary_benchmark\dataset\wbc\focused\106\106_6.jpg,1,0.8408328890800476,test,wbc,focus_dnn,
D:\Dineth\focus_binary_benchmark\dataset\wbc\focused\113\113_6.jpg,1,0.8479812145233154,test,wbc,focus_dnn,
D:\Dineth\focus_binary_benchmark\dataset\wbc\focused\117\117_6.jpg,1,0.8424539566040039,test,wbc,focus_dnn,
D:\Dineth\focus_binary_benchmark\dataset\wbc\focused\118\118_6.jpg,1,0.8420395851135254,test,wbc,focus_dnn,
D:\Dineth\focus_binary_benchmark\dataset\wbc\focused\138\138_5.jpg,1,0.8243688941001892,test,wbc,focus_dnn,
D:\Dineth\focus_binary_benchmark\dataset\wbc\focused\143\143_7.jpg,1,0.3393822610378265,test,wbc,focus_dnn,
D:\Dineth\focus_binary_benchmark\dataset\wbc\focused\145\145_6.jpg,1,0.6373692750930786,test,wbc,focus_dnn,
D:\Dineth\focus_binary_benchmark\dataset\wbc\focused\19\19_5.jpg,1,0.8451244235038757,test,wbc,focus_dnn,
D:\Dineth\focus_binary_benchmark\dataset\wbc\focused\2\2_6.jpg,1,0.8115532994270325,test,wbc,focus_dnn,
D:\Dineth\focus_binary_benchmark\dataset\wbc\focused\22\22_5.jpg,1,0.8499456644058228,test,wbc,focus_dnn,
D:\Dineth\focus_binary_benchmark\dataset\wbc\focused\24\24_6.jpg,1,0.8521445989608765,test,wbc,focus_dnn,
D:\Dineth\focus_binary_benchmark\dataset\wbc\focused\32\32_6.jpg,1,0.849434494972229,test,wbc,focus_dnn,
D:\Dineth\focus_binary_benchmark\dataset\wbc\focused\33\33_6.jpg,1,0.8460593223571777,test,wbc,focus_dnn,
D:\Dineth\focus_binary_benchmark\dataset\wbc\focused\41\41_5.jpg,1,0.8207792043685913,test,wbc,focus_dnn,
D:\Dineth\focus_binary_benchmark\dataset\wbc\focused\49\49_6.jpg,1,0.8253166079521179,test,wbc,focus_dnn,
D:\Dineth\focus_binary_benchmark\dataset\wbc\focused\50\50_7.jpg,1,0.8196611404418945,test,wbc,focus_dnn,
D:\Dineth\focus_binary_benchmark\dataset\wbc\focused\58\58_6.jpg,1,0.8178049325942993,test,wbc,focus_dnn,
D:\Dineth\focus_binary_benchmark\dataset\wbc\focused\65\65_6.jpg,1,0.8478412628173828,test,wbc,focus_dnn,
D:\Dineth\focus_binary_benchmark\dataset\wbc\focused\66\66_6.jpg,1,0.7013442516326904,test,wbc,focus_dnn,
D:\Dineth\focus_binary_benchmark\dataset\wbc\focused\7\7_6.jpg,1,0.8069397807121277,test,wbc,focus_dnn,
D:\Dineth\focus_binary_benchmark\dataset\wbc\focused\76\76_5.jpg,1,0.8363736271858215,test,wbc,focus_dnn,
D:\Dineth\focus_binary_benchmark\dataset\wbc\focused\89\89_6.jpg,1,0.8460134267807007,test,wbc,focus_dnn,
D:\Dineth\focus_binary_benchmark\dataset\wbc\unfocused\106\106_0.jpg,0,0.1771738678216934,test,wbc,focus_dnn,
D:\Dineth\focus_binary_benchmark\dataset\wbc\unfocused\106\106_1.jpg,0,0.120779238641262,test,wbc,focus_dnn,
D:\Dineth\focus_binary_benchmark\dataset\wbc\unfocused\106\106_2.jpg,0,0.1173160374164581,test,wbc,focus_dnn,
D:\Dineth\focus_binary_benchmark\dataset\wbc\unfocused\106\106_3.jpg,0,0.0916747748851776,test,wbc,focus_dnn,
D:\Dineth\focus_binary_benchmark\dataset\wbc\unfocused\106\106_4.jpg,0,0.0803794041275978,test,wbc,focus_dnn,
D:\Dineth\focus_binary_benchmark\dataset\wbc\unfocused\106\106_8.jpg,0,0.3304895162582397,test,wbc,focus_dnn,
D:\Dineth\focus_binary_benchmark\dataset\wbc\unfocused\106\106_9.jpg,0,0.0493719652295112,test,wbc,focus_dnn,
D:\Dineth\focus_binary_benchmark\dataset\wbc\unfocused\113\113_0.jpg,0,0.1135217547416687,test,wbc,focus_dnn,
D:\Dineth\focus_binary_benchmark\dataset\wbc\unfocused\113\113_1.jpg,0,0.0723962634801864,test,wbc,focus_dnn,
D:\Dineth\focus_binary_benchmark\dataset\wbc\unfocused\113\113_2.jpg,0,0.0591683872044086,test,wbc,focus_dnn,
D:\Dineth\focus_binary_benchmark\dataset\wbc\unfocused\113\113_3.jpg,0,0.0601037703454494,test,wbc,focus_dnn,
D:\Dineth\focus_binary_benchmark\dataset\wbc\unfocused\113\113_4.jpg,0,0.0641983672976493,test,wbc,focus_dnn,
D:\Dineth\focus_binary_benchmark\dataset\wbc\unfocused\113\113_8.jpg,0,0.1467427611351013,test,wbc,focus_dnn,
D:\Dineth\focus_binary_benchmark\dataset\wbc\unfocused\113\113_9.jpg,0,0.04514005407691,test,wbc,focus_dnn,
D:\Dineth\focus_binary_benchmark\dataset\wbc\unfocused\117\117_0.jpg,0,0.108109064400196,test,wbc,focus_dnn,
D:\Dineth\focus_binary_benchmark\dataset\wbc\unfocused\117\117_1.jpg,0,0.0726474523544311,test,wbc,focus_dnn,
D:\Dineth\focus_binary_benchmark\dataset\wbc\unfocused\117\117_2.jpg,0,0.0567252412438392,test,wbc,focus_dnn,
D:\Dineth\focus_binary_benchmark\dataset\wbc\unfocused\117\117_3.jpg,0,0.0903287157416343,test,wbc,focus_dnn,
D:\Dineth\focus_binary_benchmark\dataset\wbc\unfocused\117\117_4.jpg,0,0.0687016919255256,test,wbc,focus_dnn,
D:\Dineth\focus_binary_benchmark\dataset\wbc\unfocused\117\117_8.jpg,0,0.1584541499614715,test,wbc,focus_dnn,
D:\Dineth\focus_binary_benchmark\dataset\wbc\unfocused\117\117_9.jpg,0,0.0463323518633842,test,wbc,focus_dnn,
D:\Dineth\focus_binary_benchmark\dataset\wbc\unfocused\118\118_0.jpg,0,0.1267638355493545,test,wbc,focus_dnn,
D:\Dineth\focus_binary_benchmark\dataset\wbc\unfocused\118\118_1.jpg,0,0.0703349485993385,test,wbc,focus_dnn,
D:\Dineth\focus_binary_benchmark\dataset\wbc\unfocused\118\118_2.jpg,0,0.0580648891627788,test,wbc,focus_dnn,
D:\Dineth\focus_binary_benchmark\dataset\wbc\unfocused\118\118_3.jpg,0,0.0686798319220542,test,wbc,focus_dnn,
D:\Dineth\focus_binary_benchmark\dataset\wbc\unfocused\118\118_4.jpg,0,0.0767762660980224,test,wbc,focus_dnn,
D:\Dineth\focus_binary_benchmark\dataset\wbc\unfocused\118\118_8.jpg,0,0.0821005180478096,test,wbc,focus_dnn,
D:\Dineth\focus_binary_benchmark\dataset\wbc\unfocused\118\118_9.jpg,0,0.0515478700399398,test,wbc,focus_dnn,
D:\Dineth\focus_binary_benchmark\dataset\wbc\unfocused\138\138_0.jpg,0,0.091119684278965,test,wbc,focus_dnn,
D:\Dineth\focus_binary_benchmark\dataset\wbc\unfocused\138\138_1.jpg,0,0.0596196018159389,test,wbc,focus_dnn,
D:\Dineth\focus_binary_benchmark\dataset\wbc\unfocused\138\138_2.jpg,0,0.0647919848561286,test,wbc,focus_dnn,
D:\Dineth\focus_binary_benchmark\dataset\wbc\unfocused\138\138_3.jpg,0,0.1505571752786636,test,wbc,focus_dnn,
D:\Dineth\focus_binary_benchmark\dataset\wbc\unfocused\138\138_7.jpg,0,0.4429763555526733,test,wbc,focus_dnn,
D:\Dineth\focus_binary_benchmark\dataset\wbc\unfocused\138\138_8.jpg,0,0.0482576377689838,test,wbc,focus_dnn,
D:\Dineth\focus_binary_benchmark\dataset\wbc\unfocused\138\138_9.jpg,0,0.0800047144293785,test,wbc,focus_dnn,
D:\Dineth\focus_binary_benchmark\dataset\wbc\unfocused\143\143_0.jpg,0,0.1286056041717529,test,wbc,focus_dnn,
D:\Dineth\focus_binary_benchmark\dataset\wbc\unfocused\143\143_1.jpg,0,0.0815750211477279,test,wbc,focus_dnn,
D:\Dineth\focus_binary_benchmark\dataset\wbc\unfocused\143\143_2.jpg,0,0.0702997744083404,test,wbc,focus_dnn,
D:\Dineth\focus_binary_benchmark\dataset\wbc\unfocused\143\143_3.jpg,0,0.0920704081654548,test,wbc,focus_dnn,
D:\Dineth\focus_binary_benchmark\dataset\wbc\unfocused\143\143_4.jpg,0,0.0988449305295944,test,wbc,focus_dnn,
D:\Dineth\focus_binary_benchmark\dataset\wbc\unfocused\143\143_5.jpg,0,0.0623637735843658,test,wbc,focus_dnn,
D:\Dineth\focus_binary_benchmark\dataset\wbc\unfocused\143\143_9.jpg,0,0.0461267419159412,test,wbc,focus_dnn,
D:\Dineth\focus_binary_benchmark\dataset\wbc\unfocused\145\145_0.jpg,0,0.1141519472002983,test,wbc,focus_dnn,
D:\Dineth\focus_binary_benchmark\dataset\wbc\unfocused\145\145_1.jpg,0,0.0708732455968856,test,wbc,focus_dnn,
D:\Dineth\focus_binary_benchmark\dataset\wbc\unfocused\145\145_2.jpg,0,0.0805163532495498,test,wbc,focus_dnn,
D:\Dineth\focus_binary_benchmark\dataset\wbc\unfocused\145\145_3.jpg,0,0.0758185014128685,test,wbc,focus_dnn,
D:\Dineth\focus_binary_benchmark\dataset\wbc\unfocused\145\145_4.jpg,0,0.079132005572319,test,wbc,focus_dnn,
D:\Dineth\focus_binary_benchmark\dataset\wbc\unfocused\145\145_8.jpg,0,0.04800745844841,test,wbc,focus_dnn,
D:\Dineth\focus_binary_benchmark\dataset\wbc\unfocused\145\145_9.jpg,0,0.0664748325943946,test,wbc,focus_dnn,
D:\Dineth\focus_binary_benchmark\dataset\wbc\unfocused\19\19_0.jpg,0,0.0879752188920974,test,wbc,focus_dnn,
D:\Dineth\focus_binary_benchmark\dataset\wbc\unfocused\19\19_1.jpg,0,0.0569741316139698,test,wbc,focus_dnn,
D:\Dineth\focus_binary_benchmark\dataset\wbc\unfocused\19\19_2.jpg,0,0.0583608523011207,test,wbc,focus_dnn,
D:\Dineth\focus_binary_benchmark\dataset\wbc\unfocused\19\19_3.jpg,0,0.0825722888112068,test,wbc,focus_dnn,
D:\Dineth\focus_binary_benchmark\dataset\wbc\unfocused\19\19_7.jpg,0,0.1963879615068435,test,wbc,focus_dnn,
D:\Dineth\focus_binary_benchmark\dataset\wbc\unfocused\19\19_8.jpg,0,0.0485761761665344,test,wbc,focus_dnn,
D:\Dineth\focus_binary_benchmark\dataset\wbc\unfocused\19\19_9.jpg,0,0.0821906551718711,test,wbc,focus_dnn,
D:\Dineth\focus_binary_benchmark\dataset\wbc\unfocused\2\2_0.jpg,0,0.1175311952829361,test,wbc,focus_dnn,
D:\Dineth\focus_binary_benchmark\dataset\wbc\unfocused\2\2_1.jpg,0,0.0777876898646354,test,wbc,focus_dnn,
D:\Dineth\focus_binary_benchmark\dataset\wbc\unfocused\2\2_2.jpg,0,0.0773969590663909,test,wbc,focus_dnn,
D:\Dineth\focus_binary_benchmark\dataset\wbc\unfocused\2\2_3.jpg,0,0.0972261875867843,test,wbc,focus_dnn,
D:\Dineth\focus_binary_benchmark\dataset\wbc\unfocused\2\2_4.jpg,0,0.0599709749221801,test,wbc,focus_dnn,
D:\Dineth\focus_binary_benchmark\dataset\wbc\unfocused\2\2_8.jpg,0,0.069631777703762,test,wbc,focus_dnn,
D:\Dineth\focus_binary_benchmark\dataset\wbc\unfocused\2\2_9.jpg,0,0.0485307462513446,test,wbc,focus_dnn,
D:\Dineth\focus_binary_benchmark\dataset\wbc\unfocused\22\22_0.jpg,0,0.0691777318716049,test,wbc,focus_dnn,
D:\Dineth\focus_binary_benchmark\dataset\wbc\unfocused\22\22_1.jpg,0,0.0731133446097374,test,wbc,focus_dnn,
D:\Dineth\focus_binary_benchmark\dataset\wbc\unfocused\22\22_2.jpg,0,0.0602127127349376,test,wbc,focus_dnn,
D:\Dineth\focus_binary_benchmark\dataset\wbc\unfocused\22\22_3.jpg,0,0.0894821435213089,test,wbc,focus_dnn,
D:\Dineth\focus_binary_benchmark\dataset\wbc\unfocused\22\22_7.jpg,0,0.1793051660060882,test,wbc,focus_dnn,
D:\Dineth\focus_binary_benchmark\dataset\wbc\unfocused\22\22_8.jpg,0,0.046448640525341,test,wbc,focus_dnn,
D:\Dineth\focus_binary_benchmark\dataset\wbc\unfocused\22\22_9.jpg,0,0.0897796526551246,test,wbc,focus_dnn,
D:\Dineth\focus_binary_benchmark\dataset\wbc\unfocused\24\24_0.jpg,0,0.0652543008327484,test,wbc,focus_dnn,
D:\Dineth\focus_binary_benchmark\dataset\wbc\unfocused\24\24_1.jpg,0,0.0614185854792594,test,wbc,focus_dnn,
D:\Dineth\focus_binary_benchmark\dataset\wbc\unfocused\24\24_2.jpg,0,0.0522502921521663,test,wbc,focus_dnn,
D:\Dineth\focus_binary_benchmark\dataset\wbc\unfocused\24\24_3.jpg,0,0.0590511225163936,test,wbc,focus_dnn,
D:\Dineth\focus_binary_benchmark\dataset\wbc\unfocused\24\24_4.jpg,0,0.117911510169506,test,wbc,focus_dnn,
D:\Dineth\focus_binary_benchmark\dataset\wbc\unfocused\24\24_8.jpg,0,0.0572443157434463,test,wbc,focus_dnn,
D:\Dineth\focus_binary_benchmark\dataset\wbc\unfocused\24\24_9.jpg,0,0.0554848536849021,test,wbc,focus_dnn,
D:\Dineth\focus_binary_benchmark\dataset\wbc\unfocused\32\32_0.jpg,0,0.1686895787715912,test,wbc,focus_dnn,
D:\Dineth\focus_binary_benchmark\dataset\wbc\unfocused\32\32_1.jpg,0,0.1077006384730339,test,wbc,focus_dnn,
D:\Dineth\focus_binary_benchmark\dataset\wbc\unfocused\32\32_2.jpg,0,0.0553917735815048,test,wbc,focus_dnn,
D:\Dineth\focus_binary_benchmark\dataset\wbc\unfocused\32\32_3.jpg,0,0.0564969591796398,test,wbc,focus_dnn,
D:\Dineth\focus_binary_benchmark\dataset\wbc\unfocused\32\32_4.jpg,0,0.0655218213796615,test,wbc,focus_dnn,
D:\Dineth\focus_binary_benchmark\dataset\wbc\unfocused\32\32_8.jpg,0,0.1451306045055389,test,wbc,focus_dnn,
D:\Dineth\focus_binary_benchmark\dataset\wbc\unfocused\32\32_9.jpg,0,0.0449717007577419,test,wbc,focus_dnn,
D:\Dineth\focus_binary_benchmark\dataset\wbc\unfocused\33\33_0.jpg,0,0.1628039330244064,test,wbc,focus_dnn,
D:\Dineth\focus_binary_benchmark\dataset\wbc\unfocused\33\33_1.jpg,0,0.104209616780281,test,wbc,focus_dnn,
D:\Dineth\focus_binary_benchmark\dataset\wbc\unfocused\33\33_2.jpg,0,0.0649049803614616,test,wbc,focus_dnn,
D:\Dineth\focus_binary_benchmark\dataset\wbc\unfocused\33\33_3.jpg,0,0.0550536774098873,test,wbc,focus_dnn,
D:\Dineth\focus_binary_benchmark\dataset\wbc\unfocused\33\33_4.jpg,0,0.0602592751383781,test,wbc,focus_dnn,
D:\Dineth\focus_binary_benchmark\dataset\wbc\unfocused\33\33_8.jpg,0,0.1198242232203483,test,wbc,focus_dnn,
D:\Dineth\focus_binary_benchmark\dataset\wbc\unfocused\33\33_9.jpg,0,0.0447122156620025,test,wbc,focus_dnn,
D:\Dineth\focus_binary_benchmark\dataset\wbc\unfocused\41\41_0.jpg,0,0.1182101815938949,test,wbc,focus_dnn,
D:\Dineth\focus_binary_benchmark\dataset\wbc\unfocused\41\41_1.jpg,0,0.0963203459978103,test,wbc,focus_dnn,
D:\Dineth\focus_binary_benchmark\dataset\wbc\unfocused\41\41_2.jpg,0,0.0650577694177627,test,wbc,focus_dnn,
D:\Dineth\focus_binary_benchmark\dataset\wbc\unfocused\41\41_3.jpg,0,0.0744297578930854,test,wbc,focus_dnn,
D:\Dineth\focus_binary_benchmark\dataset\wbc\unfocused\41\41_7.jpg,0,0.0776906609535217,test,wbc,focus_dnn,
D:\Dineth\focus_binary_benchmark\dataset\wbc\unfocused\41\41_8.jpg,0,0.050356388092041,test,wbc,focus_dnn,
D:\Dineth\focus_binary_benchmark\dataset\wbc\unfocused\41\41_9.jpg,0,0.0968226641416549,test,wbc,focus_dnn,
D:\Dineth\focus_binary_benchmark\dataset\wbc\unfocused\49\49_0.jpg,0,0.0757413208484649,test,wbc,focus_dnn,
D:\Dineth\focus_binary_benchmark\dataset\wbc\unfocused\49\49_1.jpg,0,0.0482266470789909,test,wbc,focus_dnn,
D:\Dineth\focus_binary_benchmark\dataset\wbc\unfocused\49\49_2.jpg,0,0.0598279871046543,test,wbc,focus_dnn,
D:\Dineth\focus_binary_benchmark\dataset\wbc\unfocused\49\49_3.jpg,0,0.0742455497384071,test,wbc,focus_dnn,
D:\Dineth\focus_binary_benchmark\dataset\wbc\unfocused\49\49_4.jpg,0,0.2272195816040039,test,wbc,focus_dnn,
D:\Dineth\focus_binary_benchmark\dataset\wbc\unfocused\49\49_8.jpg,0,0.71474289894104,test,wbc,focus_dnn,
D:\Dineth\focus_binary_benchmark\dataset\wbc\unfocused\49\49_9.jpg,0,0.0630939975380897,test,wbc,focus_dnn,
D:\Dineth\focus_binary_benchmark\dataset\wbc\unfocused\50\50_0.jpg,0,0.1381414085626602,test,wbc,focus_dnn,
D:\Dineth\focus_binary_benchmark\dataset\wbc\unfocused\50\50_1.jpg,0,0.0864346250891685,test,wbc,focus_dnn,
D:\Dineth\focus_binary_benchmark\dataset\wbc\unfocused\50\50_2.jpg,0,0.0687148571014404,test,wbc,focus_dnn,
D:\Dineth\focus_binary_benchmark\dataset\wbc\unfocused\50\50_3.jpg,0,0.0581200420856475,test,wbc,focus_dnn,
D:\Dineth\focus_binary_benchmark\dataset\wbc\unfocused\50\50_4.jpg,0,0.0622806064784526,test,wbc,focus_dnn,
D:\Dineth\focus_binary_benchmark\dataset\wbc\unfocused\50\50_5.jpg,0,0.1627594977617263,test,wbc,focus_dnn,
D:\Dineth\focus_binary_benchmark\dataset\wbc\unfocused\50\50_9.jpg,0,0.0548742078244686,test,wbc,focus_dnn,
D:\Dineth\focus_binary_benchmark\dataset\wbc\unfocused\58\58_0.jpg,0,0.1439334154129028,test,wbc,focus_dnn,
D:\Dineth\focus_binary_benchmark\dataset\wbc\unfocused\58\58_1.jpg,0,0.1091032102704048,test,wbc,focus_dnn,
D:\Dineth\focus_binary_benchmark\dataset\wbc\unfocused\58\58_2.jpg,0,0.1129975765943527,test,wbc,focus_dnn,
D:\Dineth\focus_binary_benchmark\dataset\wbc\unfocused\58\58_3.jpg,0,0.0691447108983993,test,wbc,focus_dnn,
D:\Dineth\focus_binary_benchmark\dataset\wbc\unfocused\58\58_4.jpg,0,0.0828223526477813,test,wbc,focus_dnn,
D:\Dineth\focus_binary_benchmark\dataset\wbc\unfocused\58\58_8.jpg,0,0.1263288259506225,test,wbc,focus_dnn,
D:\Dineth\focus_binary_benchmark\dataset\wbc\unfocused\58\58_9.jpg,0,0.0433092936873436,test,wbc,focus_dnn,
D:\Dineth\focus_binary_benchmark\dataset\wbc\unfocused\65\65_0.jpg,0,0.080315351486206,test,wbc,focus_dnn,
D:\Dineth\focus_binary_benchmark\dataset\wbc\unfocused\65\65_1.jpg,0,0.056330606341362,test,wbc,focus_dnn,
D:\Dineth\focus_binary_benchmark\dataset\wbc\unfocused\65\65_2.jpg,0,0.0580849163234233,test,wbc,focus_dnn,
D:\Dineth\focus_binary_benchmark\dataset\wbc\unfocused\65\65_3.jpg,0,0.0626745745539665,test,wbc,focus_dnn,
D:\Dineth\focus_binary_benchmark\dataset\wbc\unfocused\65\65_4.jpg,0,0.1015629693865776,test,wbc,focus_dnn,
D:\Dineth\focus_binary_benchmark\dataset\wbc\unfocused\65\65_8.jpg,0,0.2069858312606811,test,wbc,focus_dnn,
D:\Dineth\focus_binary_benchmark\dataset\wbc\unfocused\65\65_9.jpg,0,0.0472978390753269,test,wbc,focus_dnn,
D:\Dineth\focus_binary_benchmark\dataset\wbc\unfocused\66\66_0.jpg,0,0.1717818528413772,test,wbc,focus_dnn,
D:\Dineth\focus_binary_benchmark\dataset\wbc\unfocused\66\66_1.jpg,0,0.0969498828053474,test,wbc,focus_dnn,
D:\Dineth\focus_binary_benchmark\dataset\wbc\unfocused\66\66_2.jpg,0,0.0696568340063095,test,wbc,focus_dnn,
D:\Dineth\focus_binary_benchmark\dataset\wbc\unfocused\66\66_3.jpg,0,0.0722258538007736,test,wbc,focus_dnn,
D:\Dineth\focus_binary_benchmark\dataset\wbc\unfocused\66\66_4.jpg,0,0.0627008900046348,test,wbc,focus_dnn,
D:\Dineth\focus_binary_benchmark\dataset\wbc\unfocused\66\66_8.jpg,0,0.0500346198678016,test,wbc,focus_dnn,
D:\Dineth\focus_binary_benchmark\dataset\wbc\unfocused\66\66_9.jpg,0,0.0661544203758239,test,wbc,focus_dnn,
D:\Dineth\focus_binary_benchmark\dataset\wbc\unfocused\7\7_0.jpg,0,0.144714668393135,test,wbc,focus_dnn,
D:\Dineth\focus_binary_benchmark\dataset\wbc\unfocused\7\7_1.jpg,0,0.0945808514952659,test,wbc,focus_dnn,
D:\Dineth\focus_binary_benchmark\dataset\wbc\unfocused\7\7_2.jpg,0,0.1155266836285591,test,wbc,focus_dnn,
D:\Dineth\focus_binary_benchmark\dataset\wbc\unfocused\7\7_3.jpg,0,0.0734498798847198,test,wbc,focus_dnn,
D:\Dineth\focus_binary_benchmark\dataset\wbc\unfocused\7\7_4.jpg,0,0.0778111219406127,test,wbc,focus_dnn,
D:\Dineth\focus_binary_benchmark\dataset\wbc\unfocused\7\7_8.jpg,0,0.1179222166538238,test,wbc,focus_dnn,
D:\Dineth\focus_binary_benchmark\dataset\wbc\unfocused\7\7_9.jpg,0,0.0482963137328624,test,wbc,focus_dnn,
D:\Dineth\focus_binary_benchmark\dataset\wbc\unfocused\76\76_0.jpg,0,0.0850083008408546,test,wbc,focus_dnn,
D:\Dineth\focus_binary_benchmark\dataset\wbc\unfocused\76\76_1.jpg,0,0.0471572801470756,test,wbc,focus_dnn,
D:\Dineth\focus_binary_benchmark\dataset\wbc\unfocused\76\76_2.jpg,0,0.0642855241894722,test,wbc,focus_dnn,
D:\Dineth\focus_binary_benchmark\dataset\wbc\unfocused\76\76_3.jpg,0,0.1501094847917556,test,wbc,focus_dnn,
D:\Dineth\focus_binary_benchmark\dataset\wbc\unfocused\76\76_7.jpg,0,0.751183032989502,test,wbc,focus_dnn,
D:\Dineth\focus_binary_benchmark\dataset\wbc\unfocused\76\76_8.jpg,0,0.0572932362556457,test,wbc,focus_dnn,
D:\Dineth\focus_binary_benchmark\dataset\wbc\unfocused\76\76_9.jpg,0,0.066069521009922,test,wbc,focus_dnn,
D:\Dineth\focus_binary_benchmark\dataset\wbc\unfocused\89\89_0.jpg,0,0.1163514330983161,test,wbc,focus_dnn,
D:\Dineth\focus_binary_benchmark\dataset\wbc\unfocused\89\89_1.jpg,0,0.0639771521091461,test,wbc,focus_dnn,
D:\Dineth\focus_binary_benchmark\dataset\wbc\unfocused\89\89_2.jpg,0,0.0686325430870056,test,wbc,focus_dnn,
D:\Dineth\focus_binary_benchmark\dataset\wbc\unfocused\89\89_3.jpg,0,0.0601542964577674,test,wbc,focus_dnn,
D:\Dineth\focus_binary_benchmark\dataset\wbc\unfocused\89\89_4.jpg,0,0.167649894952774,test,wbc,focus_dnn,
D:\Dineth\focus_binary_benchmark\dataset\wbc\unfocused\89\89_8.jpg,0,0.1191246137022972,test,wbc,focus_dnn,
D:\Dineth\focus_binary_benchmark\dataset\wbc\unfocused\89\89_9.jpg,0,0.0442057959735393,test,wbc,focus_dnn,
D:\Dineth\focus_binary_benchmark\dataset\bma\focused\pos002_2\pos002_2_page_2.png,1,0.0046880613081157,test,bma,hybrid_vit,
D:\Dineth\focus_binary_benchmark\dataset\bma\focused\pos003_3\pos003_3_page_6.png,1,0.9685342311859132,test,bma,hybrid_vit,
D:\Dineth\focus_binary_benchmark\dataset\bma\focused\pos004_3\pos004_3_page_11.png,1,0.99973064661026,test,bma,hybrid_vit,
D:\Dineth\focus_binary_benchmark\dataset\bma\focused\pos005_2\pos005_2_page_10.png,1,0.9995611906051636,test,bma,hybrid_vit,
D:\Dineth\focus_binary_benchmark\dataset\bma\focused\pos006_1\pos006_1_page_8.png,1,0.4564972817897796,test,bma,hybrid_vit,
D:\Dineth\focus_binary_benchmark\dataset\bma\unfocused\pos002_2\pos002_2_page_1.png,0,0.0007523890235461,test,bma,hybrid_vit,
D:\Dineth\focus_binary_benchmark\dataset\bma\unfocused\pos002_2\pos002_2_page_10.png,0,0.0011694923741742,test,bma,hybrid_vit,
D:\Dineth\focus_binary_benchmark\dataset\bma\unfocused\pos002_2\pos002_2_page_11.png,0,0.0014758118195459,test,bma,hybrid_vit,
D:\Dineth\focus_binary_benchmark\dataset\bma\unfocused\pos002_2\pos002_2_page_12.png,0,0.0022030659019947,test,bma,hybrid_vit,
D:\Dineth\focus_binary_benchmark\dataset\bma\unfocused\pos002_2\pos002_2_page_13.png,0,0.0016026160446926,test,bma,hybrid_vit,
D:\Dineth\focus_binary_benchmark\dataset\bma\unfocused\pos002_2\pos002_2_page_4.png,0,0.002339812926948,test,bma,hybrid_vit,
D:\Dineth\focus_binary_benchmark\dataset\bma\unfocused\pos002_2\pos002_2_page_5.png,0,0.0019521428039297,test,bma,hybrid_vit,
D:\Dineth\focus_binary_benchmark\dataset\bma\unfocused\pos002_2\pos002_2_page_6.png,0,0.0007325547048822,test,bma,hybrid_vit,
D:\Dineth\focus_binary_benchmark\dataset\bma\unfocused\pos002_2\pos002_2_page_7.png,0,0.0009478723513893,test,bma,hybrid_vit,
D:\Dineth\focus_binary_benchmark\dataset\bma\unfocused\pos002_2\pos002_2_page_8.png,0,0.001651786849834,test,bma,hybrid_vit,
D:\Dineth\focus_binary_benchmark\dataset\bma\unfocused\pos002_2\pos002_2_page_9.png,0,0.0007636677473783,test,bma,hybrid_vit,
D:\Dineth\focus_binary_benchmark\dataset\bma\unfocused\pos003_3\pos003_3_page_1.png,0,0.0111777214333415,test,bma,hybrid_vit,
D:\Dineth\focus_binary_benchmark\dataset\bma\unfocused\pos003_3\pos003_3_page_10.png,0,0.0002722238714341,test,bma,hybrid_vit,
D:\Dineth\focus_binary_benchmark\dataset\bma\unfocused\pos003_3\pos003_3_page_11.png,0,0.0003040315932594,test,bma,hybrid_vit,
D:\Dineth\focus_binary_benchmark\dataset\bma\unfocused\pos003_3\pos003_3_page_12.png,0,0.000780148548074,test,bma,hybrid_vit,
D:\Dineth\focus_binary_benchmark\dataset\bma\unfocused\pos003_3\pos003_3_page_13.png,0,0.0017754065338522,test,bma,hybrid_vit,
D:\Dineth\focus_binary_benchmark\dataset\bma\unfocused\pos003_3\pos003_3_page_14.png,0,0.0054453895427286,test,bma,hybrid_vit,
D:\Dineth\focus_binary_benchmark\dataset\bma\unfocused\pos003_3\pos003_3_page_2.png,0,0.0001253836526302,test,bma,hybrid_vit,
D:\Dineth\focus_binary_benchmark\dataset\bma\unfocused\pos003_3\pos003_3_page_3.png,0,0.0002291937853442,test,bma,hybrid_vit,
D:\Dineth\focus_binary_benchmark\dataset\bma\unfocused\pos003_3\pos003_3_page_4.png,0,0.002661338308826,test,bma,hybrid_vit,
D:\Dineth\focus_binary_benchmark\dataset\bma\unfocused\pos003_3\pos003_3_page_8.png,0,0.0010282769799232,test,bma,hybrid_vit,
D:\Dineth\focus_binary_benchmark\dataset\bma\unfocused\pos003_3\pos003_3_page_9.png,0,0.0001505768887,test,bma,hybrid_vit,
D:\Dineth\focus_binary_benchmark\dataset\bma\unfocused\pos004_3\pos004_3_page_1.png,0,0.0001477072801208,test,bma,hybrid_vit,
D:\Dineth\focus_binary_benchmark\dataset\bma\unfocused\pos004_3\pos004_3_page_13.png,0,0.0007572016911581,test,bma,hybrid_vit,
D:\Dineth\focus_binary_benchmark\dataset\bma\unfocused\pos004_3\pos004_3_page_14.png,0,0.0002951289934571,test,bma,hybrid_vit,
D:\Dineth\focus_binary_benchmark\dataset\bma\unfocused\pos004_3\pos004_3_page_2.png,0,7.890113920439035e-05,test,bma,hybrid_vit,
D:\Dineth\focus_binary_benchmark\dataset\bma\unfocused\pos004_3\pos004_3_page_3.png,0,8.550576603738591e-05,test,bma,hybrid_vit,
D:\Dineth\focus_binary_benchmark\dataset\bma\unfocused\pos004_3\pos004_3_page_4.png,0,0.0001824139471864,test,bma,hybrid_vit,
D:\Dineth\focus_binary_benchmark\dataset\bma\unfocused\pos004_3\pos004_3_page_5.png,0,0.0002244367060484,test,bma,hybrid_vit,
D:\Dineth\focus_binary_benchmark\dataset\bma\unfocused\pos004_3\pos004_3_page_6.png,0,0.0001898862828966,test,bma,hybrid_vit,
D:\Dineth\focus_binary_benchmark\dataset\bma\unfocused\pos004_3\pos004_3_page_7.png,0,0.0001958667853614,test,bma,hybrid_vit,
D:\Dineth\focus_binary_benchmark\dataset\bma\unfocused\pos004_3\pos004_3_page_8.png,0,0.0006056235870346,test,bma,hybrid_vit,
D:\Dineth\focus_binary_benchmark\dataset\bma\unfocused\pos004_3\pos004_3_page_9.png,0,0.0700295865535736,test,bma,hybrid_vit,
D:\Dineth\focus_binary_benchmark\dataset\bma\unfocused\pos005_2\pos005_2_page_12.png,0,0.4925920963287353,test,bma,hybrid_vit,
D:\Dineth\focus_binary_benchmark\dataset\bma\unfocused\pos005_2\pos005_2_page_13.png,0,0.0072135436348617,test,bma,hybrid_vit,
D:\Dineth\focus_binary_benchmark\dataset\bma\unfocused\pos005_2\pos005_2_page_14.png,0,0.0025068689137697,test,bma,hybrid_vit,
D:\Dineth\focus_binary_benchmark\dataset\bma\unfocused\pos005_2\pos005_2_page_2.png,0,0.0016822591423988,test,bma,hybrid_vit,
D:\Dineth\focus_binary_benchmark\dataset\bma\unfocused\pos005_2\pos005_2_page_3.png,0,0.0013321376172825,test,bma,hybrid_vit,
D:\Dineth\focus_binary_benchmark\dataset\bma\unfocused\pos005_2\pos005_2_page_4.png,0,0.0008596268016844,test,bma,hybrid_vit,
D:\Dineth\focus_binary_benchmark\dataset\bma\unfocused\pos005_2\pos005_2_page_5.png,0,0.0010455885203555,test,bma,hybrid_vit,
D:\Dineth\focus_binary_benchmark\dataset\bma\unfocused\pos005_2\pos005_2_page_6.png,0,0.0011958730174228,test,bma,hybrid_vit,
D:\Dineth\focus_binary_benchmark\dataset\bma\unfocused\pos005_2\pos005_2_page_7.png,0,0.0038758201990276,test,bma,hybrid_vit,
D:\Dineth\focus_binary_benchmark\dataset\bma\unfocused\pos005_2\pos005_2_page_8.png,0,0.3486045002937317,test,bma,hybrid_vit,
D:\Dineth\focus_binary_benchmark\dataset\bma\unfocused\pos005_2\pos005_2_page_9.png,0,0.9988312125205994,test,bma,hybrid_vit,
D:\Dineth\focus_binary_benchmark\dataset\bma\unfocused\pos006_1\pos006_1_page_1.png,0,0.0001457375765312,test,bma,hybrid_vit,
D:\Dineth\focus_binary_benchmark\dataset\bma\unfocused\pos006_1\pos006_1_page_10.png,0,0.5510587692260742,test,bma,hybrid_vit,
D:\Dineth\focus_binary_benchmark\dataset\bma\unfocused\pos006_1\pos006_1_page_11.png,0,0.0048531759530305,test,bma,hybrid_vit,
D:\Dineth\focus_binary_benchmark\dataset\bma\unfocused\pos006_1\pos006_1_page_12.png,0,0.0002892846823669,test,bma,hybrid_vit,
D:\Dineth\focus_binary_benchmark\dataset\bma\unfocused\pos006_1\pos006_1_page_13.png,0,0.0002589999057818,test,bma,hybrid_vit,
D:\Dineth\focus_binary_benchmark\dataset\bma\unfocused\pos006_1\pos006_1_page_14.png,0,0.0001352956023765,test,bma,hybrid_vit,
D:\Dineth\focus_binary_benchmark\dataset\bma\unfocused\pos006_1\pos006_1_page_2.png,0,0.0001512891467427,test,bma,hybrid_vit,
D:\Dineth\focus_binary_benchmark\dataset\bma\unfocused\pos006_1\pos006_1_page_3.png,0,0.0002300340274814,test,bma,hybrid_vit,
D:\Dineth\focus_binary_benchmark\dataset\bma\unfocused\pos006_1\pos006_1_page_4.png,0,0.0005770433344878,test,bma,hybrid_vit,
D:\Dineth\focus_binary_benchmark\dataset\bma\unfocused\pos006_1\pos006_1_page_5.png,0,0.0003616567992139,test,bma,hybrid_vit,
D:\Dineth\focus_binary_benchmark\dataset\bma\unfocused\pos006_1\pos006_1_page_6.png,0,0.000640601851046,test,bma,hybrid_vit,
D:\Dineth\focus_binary_benchmark\dataset\pbs_imgs\focused\FieldPos207_Cam01_RGB_MB\FieldPos207_Cam01_RGB_MB_page_7.png,1,0.0002564302703831,test,pbs_imgs,hybrid_vit,
D:\Dineth\focus_binary_benchmark\dataset\pbs_imgs\focused\FieldPos217_Cam01_RGB_MB\FieldPos217_Cam01_RGB_MB_page_2.png,1,0.998281478881836,test,pbs_imgs,hybrid_vit,
D:\Dineth\focus_binary_benchmark\dataset\pbs_imgs\focused\FieldPos280_Cam01_RGB_MB\FieldPos280_Cam01_RGB_MB_page_5.png,1,0.9997150897979736,test,pbs_imgs,hybrid_vit,
D:\Dineth\focus_binary_benchmark\dataset\pbs_imgs\focused\FieldPos301_Cam01_RGB_MB\FieldPos301_Cam01_RGB_MB_page_10.png,1,0.9994972944259644,test,pbs_imgs,hybrid_vit,
D:\Dineth\focus_binary_benchmark\dataset\pbs_imgs\focused\FieldPos322_Cam01_RGB_MB\FieldPos322_Cam01_RGB_MB_page_5.png,1,0.9826865196228028,test,pbs_imgs,hybrid_vit,
D:\Dineth\focus_binary_benchmark\dataset\pbs_imgs\focused\FieldPos344_Cam01_RGB_MB\FieldPos344_Cam01_RGB_MB_page_10.png,1,0.926362931728363,test,pbs_imgs,hybrid_vit,
D:\Dineth\focus_binary_benchmark\dataset\pbs_imgs\focused\FieldPos356_Cam01_RGB_MB\FieldPos356_Cam01_RGB_MB_page_4.png,1,0.7411675453186035,test,pbs_imgs,hybrid_vit,
D:\Dineth\focus_binary_benchmark\dataset\pbs_imgs\focused\FieldPos357_Cam01_RGB_MB\FieldPos357_Cam01_RGB_MB_page_4.png,1,0.9962546229362488,test,pbs_imgs,hybrid_vit,
D:\Dineth\focus_binary_benchmark\dataset\pbs_imgs\focused\FieldPos430_Cam01_RGB_MB\FieldPos430_Cam01_RGB_MB_page_8.png,1,0.9548603892326356,test,pbs_imgs,hybrid_vit,
D:\Dineth\focus_binary_benchmark\dataset\pbs_imgs\focused\FieldPos434_Cam01_RGB_MB\FieldPos434_Cam01_RGB_MB_page_7.png,1,0.6237305402755737,test,pbs_imgs,hybrid_vit,
D:\Dineth\focus_binary_benchmark\dataset\pbs_imgs\focused\FieldPos469_Cam01_RGB_MB\FieldPos469_Cam01_RGB_MB_page_11.png,1,0.9574248790740968,test,pbs_imgs,hybrid_vit,
D:\Dineth\focus_binary_benchmark\dataset\pbs_imgs\unfocused\FieldPos207_Cam01_RGB_MB\FieldPos207_Cam01_RGB_MB_page_1.png,0,9.193041478283703e-05,test,pbs_imgs,hybrid_vit,
D:\Dineth\focus_binary_benchmark\dataset\pbs_imgs\unfocused\FieldPos207_Cam01_RGB_MB\FieldPos207_Cam01_RGB_MB_page_2.png,0,0.0002456077490933,test,pbs_imgs,hybrid_vit,
D:\Dineth\focus_binary_benchmark\dataset\pbs_imgs\unfocused\FieldPos207_Cam01_RGB_MB\FieldPos207_Cam01_RGB_MB_page_3.png,0,0.0237185936421155,test,pbs_imgs,hybrid_vit,
D:\Dineth\focus_binary_benchmark\dataset\pbs_imgs\unfocused\FieldPos207_Cam01_RGB_MB\FieldPos207_Cam01_RGB_MB_page_4.png,0,0.7571752071380615,test,pbs_imgs,hybrid_vit,
D:\Dineth\focus_binary_benchmark\dataset\pbs_imgs\unfocused\FieldPos207_Cam01_RGB_MB\FieldPos207_Cam01_RGB_MB_page_5.png,0,0.3449666202068329,test,pbs_imgs,hybrid_vit,
D:\Dineth\focus_binary_benchmark\dataset\pbs_imgs\unfocused\FieldPos207_Cam01_RGB_MB\FieldPos207_Cam01_RGB_MB_page_9.png,0,0.0003351024643052,test,pbs_imgs,hybrid_vit,
D:\Dineth\focus_binary_benchmark\dataset\pbs_imgs\unfocused\FieldPos217_Cam01_RGB_MB\FieldPos217_Cam01_RGB_MB_page_4.png,0,0.1789135932922363,test,pbs_imgs,hybrid_vit,
D:\Dineth\focus_binary_benchmark\dataset\pbs_imgs\unfocused\FieldPos217_Cam01_RGB_MB\FieldPos217_Cam01_RGB_MB_page_5.png,0,0.0610779747366905,test,pbs_imgs,hybrid_vit,
D:\Dineth\focus_binary_benchmark\dataset\pbs_imgs\unfocused\FieldPos217_Cam01_RGB_MB\FieldPos217_Cam01_RGB_MB_page_6.png,0,0.1691765636205673,test,pbs_imgs,hybrid_vit,
D:\Dineth\focus_binary_benchmark\dataset\pbs_imgs\unfocused\FieldPos217_Cam01_RGB_MB\FieldPos217_Cam01_RGB_MB_page_7.png,0,0.5450781583786011,test,pbs_imgs,hybrid_vit,
D:\Dineth\focus_binary_benchmark\dataset\pbs_imgs\unfocused\FieldPos217_Cam01_RGB_MB\FieldPos217_Cam01_RGB_MB_page_8.png,0,0.5933911800384521,test,pbs_imgs,hybrid_vit,
D:\Dineth\focus_binary_benchmark\dataset\pbs_imgs\unfocused\FieldPos217_Cam01_RGB_MB\FieldPos217_Cam01_RGB_MB_page_9.png,0,0.176079511642456,test,pbs_imgs,hybrid_vit,
D:\Dineth\focus_binary_benchmark\dataset\pbs_imgs\unfocused\FieldPos280_Cam01_RGB_MB\FieldPos280_Cam01_RGB_MB_page_1.png,0,0.0010346022900193,test,pbs_imgs,hybrid_vit,
D:\Dineth\focus_binary_benchmark\dataset\pbs_imgs\unfocused\FieldPos280_Cam01_RGB_MB\FieldPos280_Cam01_RGB_MB_page_10.png,0,0.0004727724008262,test,pbs_imgs,hybrid_vit,
D:\Dineth\focus_binary_benchmark\dataset\pbs_imgs\unfocused\FieldPos280_Cam01_RGB_MB\FieldPos280_Cam01_RGB_MB_page_11.png,0,0.0010139090009033,test,pbs_imgs,hybrid_vit,
D:\Dineth\focus_binary_benchmark\dataset\pbs_imgs\unfocused\FieldPos280_Cam01_RGB_MB\FieldPos280_Cam01_RGB_MB_page_12.png,0,0.0028058513998985,test,pbs_imgs,hybrid_vit,
D:\Dineth\focus_binary_benchmark\dataset\pbs_imgs\unfocused\FieldPos280_Cam01_RGB_MB\FieldPos280_Cam01_RGB_MB_page_13.png,0,0.0030668585095554,test,pbs_imgs,hybrid_vit,
D:\Dineth\focus_binary_benchmark\dataset\pbs_imgs\unfocused\FieldPos280_Cam01_RGB_MB\FieldPos280_Cam01_RGB_MB_page_14.png,0,0.0016511247958987,test,pbs_imgs,hybrid_vit,
D:\Dineth\focus_binary_benchmark\dataset\pbs_imgs\unfocused\FieldPos280_Cam01_RGB_MB\FieldPos280_Cam01_RGB_MB_page_15.png,0,0.0029854068998247,test,pbs_imgs,hybrid_vit,
D:\Dineth\focus_binary_benchmark\dataset\pbs_imgs\unfocused\FieldPos280_Cam01_RGB_MB\FieldPos280_Cam01_RGB_MB_page_2.png,0,0.0008252252009697,test,pbs_imgs,hybrid_vit,
D:\Dineth\focus_binary_benchmark\dataset\pbs_imgs\unfocused\FieldPos280_Cam01_RGB_MB\FieldPos280_Cam01_RGB_MB_page_3.png,0,0.0033408482559025,test,pbs_imgs,hybrid_vit,
D:\Dineth\focus_binary_benchmark\dataset\pbs_imgs\unfocused\FieldPos280_Cam01_RGB_MB\FieldPos280_Cam01_RGB_MB_page_7.png,0,0.483148843050003,test,pbs_imgs,hybrid_vit,
D:\Dineth\focus_binary_benchmark\dataset\pbs_imgs\unfocused\FieldPos280_Cam01_RGB_MB\FieldPos280_Cam01_RGB_MB_page_8.png,0,0.0006515495479106,test,pbs_imgs,hybrid_vit,
D:\Dineth\focus_binary_benchmark\dataset\pbs_imgs\unfocused\FieldPos280_Cam01_RGB_MB\FieldPos280_Cam01_RGB_MB_page_9.png,0,0.0003351312479935,test,pbs_imgs,hybrid_vit,
D:\Dineth\focus_binary_benchmark\dataset\pbs_imgs\unfocused\FieldPos301_Cam01_RGB_MB\FieldPos301_Cam01_RGB_MB_page_12.png,0,0.0635371357202529,test,pbs_imgs,hybrid_vit,
D:\Dineth\focus_binary_benchmark\dataset\pbs_imgs\unfocused\FieldPos301_Cam01_RGB_MB\FieldPos301_Cam01_RGB_MB_page_13.png,0,0.0054902345873415,test,pbs_imgs,hybrid_vit,
D:\Dineth\focus_binary_benchmark\dataset\pbs_imgs\unfocused\FieldPos301_Cam01_RGB_MB\FieldPos301_Cam01_RGB_MB_page_14.png,0,0.0053123799152672,test,pbs_imgs,hybrid_vit,
D:\Dineth\focus_binary_benchmark\dataset\pbs_imgs\unfocused\FieldPos301_Cam01_RGB_MB\FieldPos301_Cam01_RGB_MB_page_15.png,0,0.0625992119312286,test,pbs_imgs,hybrid_vit,
D:\Dineth\focus_binary_benchmark\dataset\pbs_imgs\unfocused\FieldPos301_Cam01_RGB_MB\FieldPos301_Cam01_RGB_MB_page_2.png,0,0.0678638964891433,test,pbs_imgs,hybrid_vit,
D:\Dineth\focus_binary_benchmark\dataset\pbs_imgs\unfocused\FieldPos301_Cam01_RGB_MB\FieldPos301_Cam01_RGB_MB_page_3.png,0,0.1916798055171966,test,pbs_imgs,hybrid_vit,
D:\Dineth\focus_binary_benchmark\dataset\pbs_imgs\unfocused\FieldPos301_Cam01_RGB_MB\FieldPos301_Cam01_RGB_MB_page_4.png,0,0.0710266828536987,test,pbs_imgs,hybrid_vit,
D:\Dineth\focus_binary_benchmark\dataset\pbs_imgs\unfocused\FieldPos301_Cam01_RGB_MB\FieldPos301_Cam01_RGB_MB_page_5.png,0,0.0557950399816036,test,pbs_imgs,hybrid_vit,
D:\Dineth\focus_binary_benchmark\dataset\pbs_imgs\unfocused\FieldPos301_Cam01_RGB_MB\FieldPos301_Cam01_RGB_MB_page_6.png,0,0.021148145198822,test,pbs_imgs,hybrid_vit,
D:\Dineth\focus_binary_benchmark\dataset\pbs_imgs\unfocused\FieldPos301_Cam01_RGB_MB\FieldPos301_Cam01_RGB_MB_page_7.png,0,0.0589736141264438,test,pbs_imgs,hybrid_vit,
D:\Dineth\focus_binary_benchmark\dataset\pbs_imgs\unfocused\FieldPos301_Cam01_RGB_MB\FieldPos301_Cam01_RGB_MB_page_8.png,0,0.9851200580596924,test,pbs_imgs,hybrid_vit,
D:\Dineth\focus_binary_benchmark\dataset\pbs_imgs\unfocused\FieldPos301_Cam01_RGB_MB\FieldPos301_Cam01_RGB_MB_page_9.png,0,0.999508023262024,test,pbs_imgs,hybrid_vit,
D:\Dineth\focus_binary_benchmark\dataset\pbs_imgs\unfocused\FieldPos322_Cam01_RGB_MB\FieldPos322_Cam01_RGB_MB_page_1.png,0,0.0041280440054833,test,pbs_imgs,hybrid_vit,
D:\Dineth\focus_binary_benchmark\dataset\pbs_imgs\unfocused\FieldPos322_Cam01_RGB_MB\FieldPos322_Cam01_RGB_MB_page_10.png,0,0.0024388048332184,test,pbs_imgs,hybrid_vit,
D:\Dineth\focus_binary_benchmark\dataset\pbs_imgs\unfocused\FieldPos322_Cam01_RGB_MB\FieldPos322_Cam01_RGB_MB_page_11.png,0,0.0078684315085411,test,pbs_imgs,hybrid_vit,
D:\Dineth\focus_binary_benchmark\dataset\pbs_imgs\unfocused\FieldPos322_Cam01_RGB_MB\FieldPos322_Cam01_RGB_MB_page_12.png,0,0.0071381242014467,test,pbs_imgs,hybrid_vit,
D:\Dineth\focus_binary_benchmark\dataset\pbs_imgs\unfocused\FieldPos322_Cam01_RGB_MB\FieldPos322_Cam01_RGB_MB_page_13.png,0,0.0067269443534314,test,pbs_imgs,hybrid_vit,
D:\Dineth\focus_binary_benchmark\dataset\pbs_imgs\unfocused\FieldPos322_Cam01_RGB_MB\FieldPos322_Cam01_RGB_MB_page_14.png,0,0.007625535596162,test,pbs_imgs,hybrid_vit,
D:\Dineth\focus_binary_benchmark\dataset\pbs_imgs\unfocused\FieldPos322_Cam01_RGB_MB\FieldPos322_Cam01_RGB_MB_page_15.png,0,0.0684961527585983,test,pbs_imgs,hybrid_vit,
D:\Dineth\focus_binary_benchmark\dataset\pbs_imgs\unfocused\FieldPos322_Cam01_RGB_MB\FieldPos322_Cam01_RGB_MB_page_2.png,0,0.0070706107653677,test,pbs_imgs,hybrid_vit,
D:\Dineth\focus_binary_benchmark\dataset\pbs_imgs\unfocused\FieldPos322_Cam01_RGB_MB\FieldPos322_Cam01_RGB_MB_page_3.png,0,0.1238732635974884,test,pbs_imgs,hybrid_vit,
D:\Dineth\focus_binary_benchmark\dataset\pbs_imgs\unfocused\FieldPos322_Cam01_RGB_MB\FieldPos322_Cam01_RGB_MB_page_7.png,0,0.0053635025396943,test,pbs_imgs,hybrid_vit,
D:\Dineth\focus_binary_benchmark\dataset\pbs_imgs\unfocused\FieldPos322_Cam01_RGB_MB\FieldPos322_Cam01_RGB_MB_page_8.png,0,0.0017441911622881,test,pbs_imgs,hybrid_vit,
D:\Dineth\focus_binary_benchmark\dataset\pbs_imgs\unfocused\FieldPos322_Cam01_RGB_MB\FieldPos322_Cam01_RGB_MB_page_9.png,0,0.0014490812318399,test,pbs_imgs,hybrid_vit,
D:\Dineth\focus_binary_benchmark\dataset\pbs_imgs\unfocused\FieldPos344_Cam01_RGB_MB\FieldPos344_Cam01_RGB_MB_page_12.png,0,0.0010722137521952,test,pbs_imgs,hybrid_vit,
D:\Dineth\focus_binary_benchmark\dataset\pbs_imgs\unfocused\FieldPos344_Cam01_RGB_MB\FieldPos344_Cam01_RGB_MB_page_13.png,0,0.0010117890778928,test,pbs_imgs,hybrid_vit,
D:\Dineth\focus_binary_benchmark\dataset\pbs_imgs\unfocused\FieldPos344_Cam01_RGB_MB\FieldPos344_Cam01_RGB_MB_page_14.png,0,0.0013179718516767,test,pbs_imgs,hybrid_vit,
D:\Dineth\focus_binary_benchmark\dataset\pbs_imgs\unfocused\FieldPos344_Cam01_RGB_MB\FieldPos344_Cam01_RGB_MB_page_15.png,0,0.0025022372137755,test,pbs_imgs,hybrid_vit,
D:\Dineth\focus_binary_benchmark\dataset\pbs_imgs\unfocused\FieldPos344_Cam01_RGB_MB\FieldPos344_Cam01_RGB_MB_page_2.png,0,0.0109977452084422,test,pbs_imgs,hybrid_vit,
D:\Dineth\focus_binary_benchmark\dataset\pbs_imgs\unfocused\FieldPos344_Cam01_RGB_MB\FieldPos344_Cam01_RGB_MB_page_3.png,0,0.0020278466399759,test,pbs_imgs,hybrid_vit,
D:\Dineth\focus_binary_benchmark\dataset\pbs_imgs\unfocused\FieldPos344_Cam01_RGB_MB\FieldPos344_Cam01_RGB_MB_page_4.png,0,0.0010750479996204,test,pbs_imgs,hybrid_vit,
D:\Dineth\focus_binary_benchmark\dataset\pbs_imgs\unfocused\FieldPos344_Cam01_RGB_MB\FieldPos344_Cam01_RGB_MB_page_5.png,0,0.0008176429546438,test,pbs_imgs,hybrid_vit,
D:\Dineth\focus_binary_benchmark\dataset\pbs_imgs\unfocused\FieldPos344_Cam01_RGB_MB\FieldPos344_Cam01_RGB_MB_page_6.png,0,0.000741998956073,test,pbs_imgs,hybrid_vit,
D:\Dineth\focus_binary_benchmark\dataset\pbs_imgs\unfocused\FieldPos344_Cam01_RGB_MB\FieldPos344_Cam01_RGB_MB_page_7.png,0,0.0006836900138296,test,pbs_imgs,hybrid_vit,
D:\Dineth\focus_binary_benchmark\dataset\pbs_imgs\unfocused\FieldPos344_Cam01_RGB_MB\FieldPos344_Cam01_RGB_MB_page_8.png,0,0.0013479117769747,test,pbs_imgs,hybrid_vit,
D:\Dineth\focus_binary_benchmark\dataset\pbs_imgs\unfocused\FieldPos344_Cam01_RGB_MB\FieldPos344_Cam01_RGB_MB_page_9.png,0,0.5960617065429688,test,pbs_imgs,hybrid_vit,
D:\Dineth\focus_binary_benchmark\dataset\pbs_imgs\unfocused\FieldPos356_Cam01_RGB_MB\FieldPos356_Cam01_RGB_MB_page_1.png,0,0.0005422720569185,test,pbs_imgs,hybrid_vit,
D:\Dineth\focus_binary_benchmark\dataset\pbs_imgs\unfocused\FieldPos356_Cam01_RGB_MB\FieldPos356_Cam01_RGB_MB_page_10.png,0,0.0034304955042898,test,pbs_imgs,hybrid_vit,
D:\Dineth\focus_binary_benchmark\dataset\pbs_imgs\unfocused\FieldPos356_Cam01_RGB_MB\FieldPos356_Cam01_RGB_MB_page_11.png,0,0.0117609994485974,test,pbs_imgs,hybrid_vit,
D:\Dineth\focus_binary_benchmark\dataset\pbs_imgs\unfocused\FieldPos356_Cam01_RGB_MB\FieldPos356_Cam01_RGB_MB_page_12.png,0,0.0048698061145842,test,pbs_imgs,hybrid_vit,
D:\Dineth\focus_binary_benchmark\dataset\pbs_imgs\unfocused\FieldPos356_Cam01_RGB_MB\FieldPos356_Cam01_RGB_MB_page_13.png,0,0.003559520933777,test,pbs_imgs,hybrid_vit,
D:\Dineth\focus_binary_benchmark\dataset\pbs_imgs\unfocused\FieldPos356_Cam01_RGB_MB\FieldPos356_Cam01_RGB_MB_page_14.png,0,0.009678860194981,test,pbs_imgs,hybrid_vit,
D:\Dineth\focus_binary_benchmark\dataset\pbs_imgs\unfocused\FieldPos356_Cam01_RGB_MB\FieldPos356_Cam01_RGB_MB_page_15.png,0,0.018463559448719,test,pbs_imgs,hybrid_vit,
D:\Dineth\focus_binary_benchmark\dataset\pbs_imgs\unfocused\FieldPos356_Cam01_RGB_MB\FieldPos356_Cam01_RGB_MB_page_2.png,0,0.0040502422489225,test,pbs_imgs,hybrid_vit,
D:\Dineth\focus_binary_benchmark\dataset\pbs_imgs\unfocused\FieldPos356_Cam01_RGB_MB\FieldPos356_Cam01_RGB_MB_page_6.png,0,0.0013474207371473,test,pbs_imgs,hybrid_vit,
D:\Dineth\focus_binary_benchmark\dataset\pbs_imgs\unfocused\FieldPos356_Cam01_RGB_MB\FieldPos356_Cam01_RGB_MB_page_7.png,0,0.0003244596882723,test,pbs_imgs,hybrid_vit,
D:\Dineth\focus_binary_benchmark\dataset\pbs_imgs\unfocused\FieldPos356_Cam01_RGB_MB\FieldPos356_Cam01_RGB_MB_page_8.png,0,0.000276448961813,test,pbs_imgs,hybrid_vit,
D:\Dineth\focus_binary_benchmark\dataset\pbs_imgs\unfocused\FieldPos356_Cam01_RGB_MB\FieldPos356_Cam01_RGB_MB_page_9.png,0,0.0006418790435418,test,pbs_imgs,hybrid_vit,
D:\Dineth\focus_binary_benchmark\dataset\pbs_imgs\unfocused\FieldPos357_Cam01_RGB_MB\FieldPos357_Cam01_RGB_MB_page_1.png,0,0.0069462647661566,test,pbs_imgs,hybrid_vit,
D:\Dineth\focus_binary_benchmark\dataset\pbs_imgs\unfocused\FieldPos357_Cam01_RGB_MB\FieldPos357_Cam01_RGB_MB_page_10.png,0,0.0014939302345737,test,pbs_imgs,hybrid_vit,
D:\Dineth\focus_binary_benchmark\dataset\pbs_imgs\unfocused\FieldPos357_Cam01_RGB_MB\FieldPos357_Cam01_RGB_MB_page_11.png,0,0.0049856328405439,test,pbs_imgs,hybrid_vit,
D:\Dineth\focus_binary_benchmark\dataset\pbs_imgs\unfocused\FieldPos357_Cam01_RGB_MB\FieldPos357_Cam01_RGB_MB_page_12.png,0,0.0030727102421224,test,pbs_imgs,hybrid_vit,
D:\Dineth\focus_binary_benchmark\dataset\pbs_imgs\unfocused\FieldPos357_Cam01_RGB_MB\FieldPos357_Cam01_RGB_MB_page_13.png,0,0.011301664635539,test,pbs_imgs,hybrid_vit,
D:\Dineth\focus_binary_benchmark\dataset\pbs_imgs\unfocused\FieldPos357_Cam01_RGB_MB\FieldPos357_Cam01_RGB_MB_page_14.png,0,0.0160515271127223,test,pbs_imgs,hybrid_vit,
D:\Dineth\focus_binary_benchmark\dataset\pbs_imgs\unfocused\FieldPos357_Cam01_RGB_MB\FieldPos357_Cam01_RGB_MB_page_15.png,0,0.0217777527868747,test,pbs_imgs,hybrid_vit,
D:\Dineth\focus_binary_benchmark\dataset\pbs_imgs\unfocused\FieldPos357_Cam01_RGB_MB\FieldPos357_Cam01_RGB_MB_page_2.png,0,0.1443828493356704,test,pbs_imgs,hybrid_vit,
D:\Dineth\focus_binary_benchmark\dataset\pbs_imgs\unfocused\FieldPos357_Cam01_RGB_MB\FieldPos357_Cam01_RGB_MB_page_6.png,0,0.0110270883888006,test,pbs_imgs,hybrid_vit,
D:\Dineth\focus_binary_benchmark\dataset\pbs_imgs\unfocused\FieldPos357_Cam01_RGB_MB\FieldPos357_Cam01_RGB_MB_page_7.png,0,0.0016919913468882,test,pbs_imgs,hybrid_vit,
D:\Dineth\focus_binary_benchmark\dataset\pbs_imgs\unfocused\FieldPos357_Cam01_RGB_MB\FieldPos357_Cam01_RGB_MB_page_8.png,0,0.0005085773882456,test,pbs_imgs,hybrid_vit,
D:\Dineth\focus_binary_benchmark\dataset\pbs_imgs\unfocused\FieldPos357_Cam01_RGB_MB\FieldPos357_Cam01_RGB_MB_page_9.png,0,0.0008069570176303,test,pbs_imgs,hybrid_vit,
D:\Dineth\focus_binary_benchmark\dataset\pbs_imgs\unfocused\FieldPos430_Cam01_RGB_MB\FieldPos430_Cam01_RGB_MB_page_1.png,0,0.002124479971826,test,pbs_imgs,hybrid_vit,
D:\Dineth\focus_binary_benchmark\dataset\pbs_imgs\unfocused\FieldPos430_Cam01_RGB_MB\FieldPos430_Cam01_RGB_MB_page_10.png,0,0.0009589334367774,test,pbs_imgs,hybrid_vit,
D:\Dineth\focus_binary_benchmark\dataset\pbs_imgs\unfocused\FieldPos430_Cam01_RGB_MB\FieldPos430_Cam01_RGB_MB_page_11.png,0,0.000550297787413,test,pbs_imgs,hybrid_vit,
D:\Dineth\focus_binary_benchmark\dataset\pbs_imgs\unfocused\FieldPos430_Cam01_RGB_MB\FieldPos430_Cam01_RGB_MB_page_12.png,0,0.0004794592096004,test,pbs_imgs,hybrid_vit,
D:\Dineth\focus_binary_benchmark\dataset\pbs_imgs\unfocused\FieldPos430_Cam01_RGB_MB\FieldPos430_Cam01_RGB_MB_page_13.png,0,0.0007470150594599,test,pbs_imgs,hybrid_vit,
D:\Dineth\focus_binary_benchmark\dataset\pbs_imgs\unfocused\FieldPos430_Cam01_RGB_MB\FieldPos430_Cam01_RGB_MB_page_14.png,0,0.0012016274267807,test,pbs_imgs,hybrid_vit,
D:\Dineth\focus_binary_benchmark\dataset\pbs_imgs\unfocused\FieldPos430_Cam01_RGB_MB\FieldPos430_Cam01_RGB_MB_page_15.png,0,0.0075198356062173,test,pbs_imgs,hybrid_vit,
D:\Dineth\focus_binary_benchmark\dataset\pbs_imgs\unfocused\FieldPos430_Cam01_RGB_MB\FieldPos430_Cam01_RGB_MB_page_2.png,0,0.0024741762317717,test,pbs_imgs,hybrid_vit,
D:\Dineth\focus_binary_benchmark\dataset\pbs_imgs\unfocused\FieldPos430_Cam01_RGB_MB\FieldPos430_Cam01_RGB_MB_page_3.png,0,0.0023333481512963,test,pbs_imgs,hybrid_vit,
D:\Dineth\focus_binary_benchmark\dataset\pbs_imgs\unfocused\FieldPos430_Cam01_RGB_MB\FieldPos430_Cam01_RGB_MB_page_4.png,0,0.0028381869196891,test,pbs_imgs,hybrid_vit,
D:\Dineth\focus_binary_benchmark\dataset\pbs_imgs\unfocused\FieldPos430_Cam01_RGB_MB\FieldPos430_Cam01_RGB_MB_page_5.png,0,0.001741200685501,test,pbs_imgs,hybrid_vit,
D:\Dineth\focus_binary_benchmark\dataset\pbs_imgs\unfocused\FieldPos430_Cam01_RGB_MB\FieldPos430_Cam01_RGB_MB_page_6.png,0,0.02092139236629,test,pbs_imgs,hybrid_vit,
D:\Dineth\focus_binary_benchmark\dataset\pbs_imgs\unfocused\FieldPos434_Cam01_RGB_MB\FieldPos434_Cam01_RGB_MB_page_1.png,0,0.0001201713093905,test,pbs_imgs,hybrid_vit,
D:\Dineth\focus_binary_benchmark\dataset\pbs_imgs\unfocused\FieldPos434_Cam01_RGB_MB\FieldPos434_Cam01_RGB_MB_page_10.png,0,0.0002600088482722,test,pbs_imgs,hybrid_vit,
D:\Dineth\focus_binary_benchmark\dataset\pbs_imgs\unfocused\FieldPos434_Cam01_RGB_MB\FieldPos434_Cam01_RGB_MB_page_11.png,0,0.0001594916539033,test,pbs_imgs,hybrid_vit,
D:\Dineth\focus_binary_benchmark\dataset\pbs_imgs\unfocused\FieldPos434_Cam01_RGB_MB\FieldPos434_Cam01_RGB_MB_page_12.png,0,0.0001195703007397,test,pbs_imgs,hybrid_vit,
D:\Dineth\focus_binary_benchmark\dataset\pbs_imgs\unfocused\FieldPos434_Cam01_RGB_MB\FieldPos434_Cam01_RGB_MB_page_13.png,0,0.000161107716849,test,pbs_imgs,hybrid_vit,
D:\Dineth\focus_binary_benchmark\dataset\pbs_imgs\unfocused\FieldPos434_Cam01_RGB_MB\FieldPos434_Cam01_RGB_MB_page_14.png,0,0.0008319165208376,test,pbs_imgs,hybrid_vit,
D:\Dineth\focus_binary_benchmark\dataset\pbs_imgs\unfocused\FieldPos434_Cam01_RGB_MB\FieldPos434_Cam01_RGB_MB_page_15.png,0,0.0029108121525496,test,pbs_imgs,hybrid_vit,
D:\Dineth\focus_binary_benchmark\dataset\pbs_imgs\unfocused\FieldPos434_Cam01_RGB_MB\FieldPos434_Cam01_RGB_MB_page_2.png,0,0.0001325694465776,test,pbs_imgs,hybrid_vit,
D:\Dineth\focus_binary_benchmark\dataset\pbs_imgs\unfocused\FieldPos434_Cam01_RGB_MB\FieldPos434_Cam01_RGB_MB_page_3.png,0,0.0001842903293436,test,pbs_imgs,hybrid_vit,
D:\Dineth\focus_binary_benchmark\dataset\pbs_imgs\unfocused\FieldPos434_Cam01_RGB_MB\FieldPos434_Cam01_RGB_MB_page_4.png,0,0.0002557695552241,test,pbs_imgs,hybrid_vit,
D:\Dineth\focus_binary_benchmark\dataset\pbs_imgs\unfocused\FieldPos434_Cam01_RGB_MB\FieldPos434_Cam01_RGB_MB_page_5.png,0,0.0040564578957855,test,pbs_imgs,hybrid_vit,
D:\Dineth\focus_binary_benchmark\dataset\pbs_imgs\unfocused\FieldPos434_Cam01_RGB_MB\FieldPos434_Cam01_RGB_MB_page_9.png,0,0.0008086261805146,test,pbs_imgs,hybrid_vit,
D:\Dineth\focus_binary_benchmark\dataset\pbs_imgs\unfocused\FieldPos469_Cam01_RGB_MB\FieldPos469_Cam01_RGB_MB_page_1.png,0,8.281228656414896e-05,test,pbs_imgs,hybrid_vit,
D:\Dineth\focus_binary_benchmark\dataset\pbs_imgs\unfocused\FieldPos469_Cam01_RGB_MB\FieldPos469_Cam01_RGB_MB_page_13.png,0,0.0081012099981307,test,pbs_imgs,hybrid_vit,
D:\Dineth\focus_binary_benchmark\dataset\pbs_imgs\unfocused\FieldPos469_Cam01_RGB_MB\FieldPos469_Cam01_RGB_MB_page_14.png,0,0.0003629699931479,test,pbs_imgs,hybrid_vit,
D:\Dineth\focus_binary_benchmark\dataset\pbs_imgs\unfocused\FieldPos469_Cam01_RGB_MB\FieldPos469_Cam01_RGB_MB_page_15.png,0,0.0001577116927364,test,pbs_imgs,hybrid_vit,
D:\Dineth\focus_binary_benchmark\dataset\pbs_imgs\unfocused\FieldPos469_Cam01_RGB_MB\FieldPos469_Cam01_RGB_MB_page_2.png,0,7.971496233949438e-05,test,pbs_imgs,hybrid_vit,
D:\Dineth\focus_binary_benchmark\dataset\pbs_imgs\unfocused\FieldPos469_Cam01_RGB_MB\FieldPos469_Cam01_RGB_MB_page_3.png,0,7.938256021589041e-05,test,pbs_imgs,hybrid_vit,
D:\Dineth\focus_binary_benchmark\dataset\pbs_imgs\unfocused\FieldPos469_Cam01_RGB_MB\FieldPos469_Cam01_RGB_MB_page_4.png,0,0.0001105237679439,test,pbs_imgs,hybrid_vit,
D:\Dineth\focus_binary_benchmark\dataset\pbs_imgs\unfocused\FieldPos469_Cam01_RGB_MB\FieldPos469_Cam01_RGB_MB_page_5.png,0,0.0001545193372294,test,pbs_imgs,hybrid_vit,
D:\Dineth\focus_binary_benchmark\dataset\pbs_imgs\unfocused\FieldPos469_Cam01_RGB_MB\FieldPos469_Cam01_RGB_MB_page_6.png,0,9.985057840822265e-05,test,pbs_imgs,hybrid_vit,
D:\Dineth\focus_binary_benchmark\dataset\pbs_imgs\unfocused\FieldPos469_Cam01_RGB_MB\FieldPos469_Cam01_RGB_MB_page_7.png,0,9.243955719284712e-05,test,pbs_imgs,hybrid_vit,
D:\Dineth\focus_binary_benchmark\dataset\pbs_imgs\unfocused\FieldPos469_Cam01_RGB_MB\FieldPos469_Cam01_RGB_MB_page_8.png,0,0.0001198753379867,test,pbs_imgs,hybrid_vit,
D:\Dineth\focus_binary_benchmark\dataset\pbs_imgs\unfocused\FieldPos469_Cam01_RGB_MB\FieldPos469_Cam01_RGB_MB_page_9.png,0,0.0010679460829123,test,pbs_imgs,hybrid_vit,
D:\Dineth\focus_binary_benchmark\dataset\tbf_imgs\focused\FieldPos000 (4)\FieldPos000 (4)_page_7.png,1,0.0538531020283699,test,tbf_imgs,hybrid_vit,
D:\Dineth\focus_binary_benchmark\dataset\tbf_imgs\focused\FieldPos002 (2)\FieldPos002 (2)_page_7.png,1,0.9372987747192384,test,tbf_imgs,hybrid_vit,
D:\Dineth\focus_binary_benchmark\dataset\tbf_imgs\focused\FieldPos002 (3)\FieldPos002 (3)_page_8.png,1,0.9966859817504884,test,tbf_imgs,hybrid_vit,
D:\Dineth\focus_binary_benchmark\dataset\tbf_imgs\focused\FieldPos003 (4)\FieldPos003 (4)_page_7.png,1,0.9889299869537354,test,tbf_imgs,hybrid_vit,
D:\Dineth\focus_binary_benchmark\dataset\tbf_imgs\focused\FieldPos004 (3)\FieldPos004 (3)_page_7.png,1,0.6791884899139404,test,tbf_imgs,hybrid_vit,
D:\Dineth\focus_binary_benchmark\dataset\tbf_imgs\focused\FieldPos007 (3)\FieldPos007 (3)_page_6.png,1,0.9815516471862792,test,tbf_imgs,hybrid_vit,
D:\Dineth\focus_binary_benchmark\dataset\tbf_imgs\focused\FieldPos008\FieldPos008_page_7.png,1,0.3163466155529022,test,tbf_imgs,hybrid_vit,
D:\Dineth\focus_binary_benchmark\dataset\tbf_imgs\focused\FieldPos010\FieldPos010_page_7.png,1,0.0768228396773338,test,tbf_imgs,hybrid_vit,
D:\Dineth\focus_binary_benchmark\dataset\tbf_imgs\focused\FieldPos018 (2)\FieldPos018 (2)_page_6.png,1,0.7490321397781372,test,tbf_imgs,hybrid_vit,
D:\Dineth\focus_binary_benchmark\dataset\tbf_imgs\focused\FieldPos019 (2)\FieldPos019 (2)_page_6.png,1,0.6428319215774536,test,tbf_imgs,hybrid_vit,
D:\Dineth\focus_binary_benchmark\dataset\tbf_imgs\focused\FieldPos023\FieldPos023_page_6.png,1,0.0183398984372615,test,tbf_imgs,hybrid_vit,
D:\Dineth\focus_binary_benchmark\dataset\tbf_imgs\focused\FieldPos029\FieldPos029_page_8.png,1,0.3604777753353119,test,tbf_imgs,hybrid_vit,
D:\Dineth\focus_binary_benchmark\dataset\tbf_imgs\focused\FieldPos033 (2)\FieldPos033 (2)_page_8.png,1,0.4111908376216888,test,tbf_imgs,hybrid_vit,
D:\Dineth\focus_binary_benchmark\dataset\tbf_imgs\focused\FieldPos036\FieldPos036_page_8.png,1,0.8982511758804321,test,tbf_imgs,hybrid_vit,
D:\Dineth\focus_binary_benchmark\dataset\tbf_imgs\focused\FieldPos038\FieldPos038_page_7.png,1,0.9645580649375916,test,tbf_imgs,hybrid_vit,
D:\Dineth\focus_binary_benchmark\dataset\tbf_imgs\focused\FieldPos040\FieldPos040_page_7.png,1,0.45142662525177,test,tbf_imgs,hybrid_vit,
D:\Dineth\focus_binary_benchmark\dataset\tbf_imgs\focused\FieldPos044\FieldPos044_page_8.png,1,0.926762580871582,test,tbf_imgs,hybrid_vit,
D:\Dineth\focus_binary_benchmark\dataset\tbf_imgs\focused\FieldPos053\FieldPos053_page_7.png,1,0.1065263003110885,test,tbf_imgs,hybrid_vit,
D:\Dineth\focus_binary_benchmark\dataset\tbf_imgs\focused\FieldPos059\FieldPos059_page_6.png,1,0.979124903678894,test,tbf_imgs,hybrid_vit,
D:\Dineth\focus_binary_benchmark\dataset\tbf_imgs\focused\FieldPos066\FieldPos066_page_6.png,1,0.019214566797018,test,tbf_imgs,hybrid_vit,
D:\Dineth\focus_binary_benchmark\dataset\tbf_imgs\focused\FieldPos069\FieldPos069_page_5.png,1,0.8799176216125488,test,tbf_imgs,hybrid_vit,
D:\Dineth\focus_binary_benchmark\dataset\tbf_imgs\focused\FieldPos074\FieldPos074_page_6.png,1,0.924222767353058,test,tbf_imgs,hybrid_vit,
D:\Dineth\focus_binary_benchmark\dataset\tbf_imgs\focused\FieldPos082\FieldPos082_page_6.png,1,0.4698301553726196,test,tbf_imgs,hybrid_vit,
D:\Dineth\focus_binary_benchmark\dataset\tbf_imgs\focused\FieldPos103\FieldPos103_page_8.png,1,0.9793810844421388,test,tbf_imgs,hybrid_vit,
D:\Dineth\focus_binary_benchmark\dataset\tbf_imgs\focused\FieldPos104\FieldPos104_page_7.png,1,0.24093559384346,test,tbf_imgs,hybrid_vit,
D:\Dineth\focus_binary_benchmark\dataset\tbf_imgs\focused\FieldPos107\FieldPos107_page_5.png,1,0.9837613701820374,test,tbf_imgs,hybrid_vit,
D:\Dineth\focus_binary_benchmark\dataset\tbf_imgs\focused\FieldPos200\FieldPos200_page_7.png,1,0.7564492225646973,test,tbf_imgs,hybrid_vit,
D:\Dineth\focus_binary_benchmark\dataset\tbf_imgs\focused\FieldPos203\FieldPos203_page_7.png,1,0.8968364000320435,test,tbf_imgs,hybrid_vit,
D:\Dineth\focus_binary_benchmark\dataset\tbf_imgs\unfocused\FieldPos000 (4)\FieldPos000 (4)_page_1.png,0,4.67641293653287e-05,test,tbf_imgs,hybrid_vit,
D:\Dineth\focus_binary_benchmark\dataset\tbf_imgs\unfocused\FieldPos000 (4)\FieldPos000 (4)_page_10.png,0,0.0001383026101393,test,tbf_imgs,hybrid_vit,
D:\Dineth\focus_binary_benchmark\dataset\tbf_imgs\unfocused\FieldPos000 (4)\FieldPos000 (4)_page_11.png,0,6.899847357999533e-05,test,tbf_imgs,hybrid_vit,
D:\Dineth\focus_binary_benchmark\dataset\tbf_imgs\unfocused\FieldPos000 (4)\FieldPos000 (4)_page_12.png,0,4.842644193558954e-05,test,tbf_imgs,hybrid_vit,
D:\Dineth\focus_binary_benchmark\dataset\tbf_imgs\unfocused\FieldPos000 (4)\FieldPos000 (4)_page_13.png,0,4.179228562861681e-05,test,tbf_imgs,hybrid_vit,
D:\Dineth\focus_binary_benchmark\dataset\tbf_imgs\unfocused\FieldPos000 (4)\FieldPos000 (4)_page_14.png,0,3.970790567109361e-05,test,tbf_imgs,hybrid_vit,
D:\Dineth\focus_binary_benchmark\dataset\tbf_imgs\unfocused\FieldPos000 (4)\FieldPos000 (4)_page_2.png,0,7.614095375174657e-05,test,tbf_imgs,hybrid_vit,
D:\Dineth\focus_binary_benchmark\dataset\tbf_imgs\unfocused\FieldPos000 (4)\FieldPos000 (4)_page_3.png,0,0.0001688488991931,test,tbf_imgs,hybrid_vit,
D:\Dineth\focus_binary_benchmark\dataset\tbf_imgs\unfocused\FieldPos000 (4)\FieldPos000 (4)_page_4.png,0,0.0007203103159554,test,tbf_imgs,hybrid_vit,
D:\Dineth\focus_binary_benchmark\dataset\tbf_imgs\unfocused\FieldPos000 (4)\FieldPos000 (4)_page_5.png,0,0.006210264749825,test,tbf_imgs,hybrid_vit,
D:\Dineth\focus_binary_benchmark\dataset\tbf_imgs\unfocused\FieldPos000 (4)\FieldPos000 (4)_page_9.png,0,0.0006719381781294,test,tbf_imgs,hybrid_vit,
D:\Dineth\focus_binary_benchmark\dataset\tbf_imgs\unfocused\FieldPos002 (2)\FieldPos002 (2)_page_1.png,0,0.0003207572735846,test,tbf_imgs,hybrid_vit,
D:\Dineth\focus_binary_benchmark\dataset\tbf_imgs\unfocused\FieldPos002 (2)\FieldPos002 (2)_page_10.png,0,0.0016660706605762,test,tbf_imgs,hybrid_vit,
D:\Dineth\focus_binary_benchmark\dataset\tbf_imgs\unfocused\FieldPos002 (2)\FieldPos002 (2)_page_11.png,0,0.0002599253493826,test,tbf_imgs,hybrid_vit,
D:\Dineth\focus_binary_benchmark\dataset\tbf_imgs\unfocused\FieldPos002 (2)\FieldPos002 (2)_page_12.png,0,0.000138639297802,test,tbf_imgs,hybrid_vit,
D:\Dineth\focus_binary_benchmark\dataset\tbf_imgs\unfocused\FieldPos002 (2)\FieldPos002 (2)_page_13.png,0,0.0001064070384018,test,tbf_imgs,hybrid_vit,
D:\Dineth\focus_binary_benchmark\dataset\tbf_imgs\unfocused\FieldPos002 (2)\FieldPos002 (2)_page_14.png,0,9.25911226659082e-05,test,tbf_imgs,hybrid_vit,
D:\Dineth\focus_binary_benchmark\dataset\tbf_imgs\unfocused\FieldPos002 (2)\FieldPos002 (2)_page_2.png,0,0.0027060788124799,test,tbf_imgs,hybrid_vit,
D:\Dineth\focus_binary_benchmark\dataset\tbf_imgs\unfocused\FieldPos002 (2)\FieldPos002 (2)_page_3.png,0,0.1326312720775604,test,tbf_imgs,hybrid_vit,
D:\Dineth\focus_binary_benchmark\dataset\tbf_imgs\unfocused\FieldPos002 (2)\FieldPos002 (2)_page_4.png,0,0.895986795425415,test,tbf_imgs,hybrid_vit,
D:\Dineth\focus_binary_benchmark\dataset\tbf_imgs\unfocused\FieldPos002 (2)\FieldPos002 (2)_page_5.png,0,0.9701128005981444,test,tbf_imgs,hybrid_vit,
D:\Dineth\focus_binary_benchmark\dataset\tbf_imgs\unfocused\FieldPos002 (2)\FieldPos002 (2)_page_9.png,0,0.0473721325397491,test,tbf_imgs,hybrid_vit,
D:\Dineth\focus_binary_benchmark\dataset\tbf_imgs\unfocused\FieldPos002 (3)\FieldPos002 (3)_page_1.png,0,0.0006079849554225,test,tbf_imgs,hybrid_vit,
D:\Dineth\focus_binary_benchmark\dataset\tbf_imgs\unfocused\FieldPos002 (3)\FieldPos002 (3)_page_10.png,0,0.4036639034748077,test,tbf_imgs,hybrid_vit,
D:\Dineth\focus_binary_benchmark\dataset\tbf_imgs\unfocused\FieldPos002 (3)\FieldPos002 (3)_page_11.png,0,0.0165610201656818,test,tbf_imgs,hybrid_vit,
D:\Dineth\focus_binary_benchmark\dataset\tbf_imgs\unfocused\FieldPos002 (3)\FieldPos002 (3)_page_12.png,0,0.0039166947826743,test,tbf_imgs,hybrid_vit,
D:\Dineth\focus_binary_benchmark\dataset\tbf_imgs\unfocused\FieldPos002 (3)\FieldPos002 (3)_page_13.png,0,0.0021827993914484,test,tbf_imgs,hybrid_vit,
D:\Dineth\focus_binary_benchmark\dataset\tbf_imgs\unfocused\FieldPos002 (3)\FieldPos002 (3)_page_14.png,0,0.0012550904648378,test,tbf_imgs,hybrid_vit,
D:\Dineth\focus_binary_benchmark\dataset\tbf_imgs\unfocused\FieldPos002 (3)\FieldPos002 (3)_page_2.png,0,0.0014589590718969,test,tbf_imgs,hybrid_vit,
D:\Dineth\focus_binary_benchmark\dataset\tbf_imgs\unfocused\FieldPos002 (3)\FieldPos002 (3)_page_3.png,0,0.0050060334615409,test,tbf_imgs,hybrid_vit,
D:\Dineth\focus_binary_benchmark\dataset\tbf_imgs\unfocused\FieldPos002 (3)\FieldPos002 (3)_page_4.png,0,0.0235164668411016,test,tbf_imgs,hybrid_vit,
D:\Dineth\focus_binary_benchmark\dataset\tbf_imgs\unfocused\FieldPos002 (3)\FieldPos002 (3)_page_5.png,0,0.1177286282181739,test,tbf_imgs,hybrid_vit,
D:\Dineth\focus_binary_benchmark\dataset\tbf_imgs\unfocused\FieldPos002 (3)\FieldPos002 (3)_page_6.png,0,0.95559960603714,test,tbf_imgs,hybrid_vit,
D:\Dineth\focus_binary_benchmark\dataset\tbf_imgs\unfocused\FieldPos003 (4)\FieldPos003 (4)_page_1.png,0,5.306176535668783e-05,test,tbf_imgs,hybrid_vit,
D:\Dineth\focus_binary_benchmark\dataset\tbf_imgs\unfocused\FieldPos003 (4)\FieldPos003 (4)_page_10.png,0,0.0042922082357108,test,tbf_imgs,hybrid_vit,
D:\Dineth\focus_binary_benchmark\dataset\tbf_imgs\unfocused\FieldPos003 (4)\FieldPos003 (4)_page_11.png,0,0.0002152322122128,test,tbf_imgs,hybrid_vit,
D:\Dineth\focus_binary_benchmark\dataset\tbf_imgs\unfocused\FieldPos003 (4)\FieldPos003 (4)_page_12.png,0,6.845654570497572e-05,test,tbf_imgs,hybrid_vit,
D:\Dineth\focus_binary_benchmark\dataset\tbf_imgs\unfocused\FieldPos003 (4)\FieldPos003 (4)_page_13.png,0,4.42349846707657e-05,test,tbf_imgs,hybrid_vit,
D:\Dineth\focus_binary_benchmark\dataset\tbf_imgs\unfocused\FieldPos003 (4)\FieldPos003 (4)_page_14.png,0,3.7360561691457406e-05,test,tbf_imgs,hybrid_vit,
D:\Dineth\focus_binary_benchmark\dataset\tbf_imgs\unfocused\FieldPos003 (4)\FieldPos003 (4)_page_2.png,0,9.875161049421877e-05,test,tbf_imgs,hybrid_vit,
D:\Dineth\focus_binary_benchmark\dataset\tbf_imgs\unfocused\FieldPos003 (4)\FieldPos003 (4)_page_3.png,0,0.0004049882409162,test,tbf_imgs,hybrid_vit,
D:\Dineth\focus_binary_benchmark\dataset\tbf_imgs\unfocused\FieldPos003 (4)\FieldPos003 (4)_page_4.png,0,0.0074433055706322,test,tbf_imgs,hybrid_vit,
D:\Dineth\focus_binary_benchmark\dataset\tbf_imgs\unfocused\FieldPos003 (4)\FieldPos003 (4)_page_5.png,0,0.6379002332687378,test,tbf_imgs,hybrid_vit,
D:\Dineth\focus_binary_benchmark\dataset\tbf_imgs\unfocused\FieldPos003 (4)\FieldPos003 (4)_page_9.png,0,0.4334037899971008,test,tbf_imgs,hybrid_vit,
D:\Dineth\focus_binary_benchmark\dataset\tbf_imgs\unfocused\FieldPos004 (3)\FieldPos004 (3)_page_1.png,0,9.21594983083196e-05,test,tbf_imgs,hybrid_vit,
D:\Dineth\focus_binary_benchmark\dataset\tbf_imgs\unfocused\FieldPos004 (3)\FieldPos004 (3)_page_10.png,0,0.0018211310962215,test,tbf_imgs,hybrid_vit,
D:\Dineth\focus_binary_benchmark\dataset\tbf_imgs\unfocused\FieldPos004 (3)\FieldPos004 (3)_page_11.png,0,0.0003629553248174,test,tbf_imgs,hybrid_vit,
D:\Dineth\focus_binary_benchmark\dataset\tbf_imgs\unfocused\FieldPos004 (3)\FieldPos004 (3)_page_12.png,0,0.0001612403430044,test,tbf_imgs,hybrid_vit,
D:\Dineth\focus_binary_benchmark\dataset\tbf_imgs\unfocused\FieldPos004 (3)\FieldPos004 (3)_page_13.png,0,0.0001092381498892,test,tbf_imgs,hybrid_vit,
D:\Dineth\focus_binary_benchmark\dataset\tbf_imgs\unfocused\FieldPos004 (3)\FieldPos004 (3)_page_14.png,0,8.579480345360935e-05,test,tbf_imgs,hybrid_vit,
D:\Dineth\focus_binary_benchmark\dataset\tbf_imgs\unfocused\FieldPos004 (3)\FieldPos004 (3)_page_2.png,0,0.0001207867462653,test,tbf_imgs,hybrid_vit,
D:\Dineth\focus_binary_benchmark\dataset\tbf_imgs\unfocused\FieldPos004 (3)\FieldPos004 (3)_page_3.png,0,0.0002358570200158,test,tbf_imgs,hybrid_vit,
D:\Dineth\focus_binary_benchmark\dataset\tbf_imgs\unfocused\FieldPos004 (3)\FieldPos004 (3)_page_4.png,0,0.0007736425031907,test,tbf_imgs,hybrid_vit,
D:\Dineth\focus_binary_benchmark\dataset\tbf_imgs\unfocused\FieldPos004 (3)\FieldPos004 (3)_page_5.png,0,0.0109235271811485,test,tbf_imgs,hybrid_vit,
D:\Dineth\focus_binary_benchmark\dataset\tbf_imgs\unfocused\FieldPos004 (3)\FieldPos004 (3)_page_9.png,0,0.0574827007949352,test,tbf_imgs,hybrid_vit,
D:\Dineth\focus_binary_benchmark\dataset\tbf_imgs\unfocused\FieldPos007 (3)\FieldPos007 (3)_page_1.png,0,0.0023614347446709,test,tbf_imgs,hybrid_vit,
D:\Dineth\focus_binary_benchmark\dataset\tbf_imgs\unfocused\FieldPos007 (3)\FieldPos007 (3)_page_10.png,0,0.0047457558102905,test,tbf_imgs,hybrid_vit,
D:\Dineth\focus_binary_benchmark\dataset\tbf_imgs\unfocused\FieldPos007 (3)\FieldPos007 (3)_page_11.png,0,0.0009580850019119,test,tbf_imgs,hybrid_vit,
D:\Dineth\focus_binary_benchmark\dataset\tbf_imgs\unfocused\FieldPos007 (3)\FieldPos007 (3)_page_12.png,0,0.0002502044371794,test,tbf_imgs,hybrid_vit,
D:\Dineth\focus_binary_benchmark\dataset\tbf_imgs\unfocused\FieldPos007 (3)\FieldPos007 (3)_page_13.png,0,0.0001062429000739,test,tbf_imgs,hybrid_vit,
D:\Dineth\focus_binary_benchmark\dataset\tbf_imgs\unfocused\FieldPos007 (3)\FieldPos007 (3)_page_14.png,0,7.555235060863197e-05,test,tbf_imgs,hybrid_vit,
D:\Dineth\focus_binary_benchmark\dataset\tbf_imgs\unfocused\FieldPos007 (3)\FieldPos007 (3)_page_2.png,0,0.0249975901097059,test,tbf_imgs,hybrid_vit,
D:\Dineth\focus_binary_benchmark\dataset\tbf_imgs\unfocused\FieldPos007 (3)\FieldPos007 (3)_page_3.png,0,0.2064581364393234,test,tbf_imgs,hybrid_vit,
D:\Dineth\focus_binary_benchmark\dataset\tbf_imgs\unfocused\FieldPos007 (3)\FieldPos007 (3)_page_4.png,0,0.8771122694015503,test,tbf_imgs,hybrid_vit,
D:\Dineth\focus_binary_benchmark\dataset\tbf_imgs\unfocused\FieldPos007 (3)\FieldPos007 (3)_page_8.png,0,0.7607304453849792,test,tbf_imgs,hybrid_vit,
D:\Dineth\focus_binary_benchmark\dataset\tbf_imgs\unfocused\FieldPos007 (3)\FieldPos007 (3)_page_9.png,0,0.1713107526302337,test,tbf_imgs,hybrid_vit,
D:\Dineth\focus_binary_benchmark\dataset\tbf_imgs\unfocused\FieldPos008\FieldPos008_page_1.png,0,0.0095409750938415,test,tbf_imgs,hybrid_vit,
D:\Dineth\focus_binary_benchmark\dataset\tbf_imgs\unfocused\FieldPos008\FieldPos008_page_10.png,0,0.0268983375281095,test,tbf_imgs,hybrid_vit,
D:\Dineth\focus_binary_benchmark\dataset\tbf_imgs\unfocused\FieldPos008\FieldPos008_page_11.png,0,0.0079702548682689,test,tbf_imgs,hybrid_vit,
D:\Dineth\focus_binary_benchmark\dataset\tbf_imgs\unfocused\FieldPos008\FieldPos008_page_12.png,0,0.0087199695408344,test,tbf_imgs,hybrid_vit,
D:\Dineth\focus_binary_benchmark\dataset\tbf_imgs\unfocused\FieldPos008\FieldPos008_page_13.png,0,0.0064010666683316,test,tbf_imgs,hybrid_vit,
D:\Dineth\focus_binary_benchmark\dataset\tbf_imgs\unfocused\FieldPos008\FieldPos008_page_14.png,0,0.012064192444086,test,tbf_imgs,hybrid_vit,
D:\Dineth\focus_binary_benchmark\dataset\tbf_imgs\unfocused\FieldPos008\FieldPos008_page_2.png,0,0.0073210634291172,test,tbf_imgs,hybrid_vit,
D:\Dineth\focus_binary_benchmark\dataset\tbf_imgs\unfocused\FieldPos008\FieldPos008_page_3.png,0,0.0090316291898489,test,tbf_imgs,hybrid_vit,
D:\Dineth\focus_binary_benchmark\dataset\tbf_imgs\unfocused\FieldPos008\FieldPos008_page_4.png,0,0.0183572750538587,test,tbf_imgs,hybrid_vit,
D:\Dineth\focus_binary_benchmark\dataset\tbf_imgs\unfocused\FieldPos008\FieldPos008_page_5.png,0,0.0740266442298889,test,tbf_imgs,hybrid_vit,
D:\Dineth\focus_binary_benchmark\dataset\tbf_imgs\unfocused\FieldPos008\FieldPos008_page_9.png,0,0.0468733347952365,test,tbf_imgs,hybrid_vit,
D:\Dineth\focus_binary_benchmark\dataset\tbf_imgs\unfocused\FieldPos010\FieldPos010_page_1.png,0,0.003277548123151,test,tbf_imgs,hybrid_vit,
D:\Dineth\focus_binary_benchmark\dataset\tbf_imgs\unfocused\FieldPos010\FieldPos010_page_10.png,0,0.0075677740387618,test,tbf_imgs,hybrid_vit,
D:\Dineth\focus_binary_benchmark\dataset\tbf_imgs\unfocused\FieldPos010\FieldPos010_page_11.png,0,0.0054539879783988,test,tbf_imgs,hybrid_vit,
D:\Dineth\focus_binary_benchmark\dataset\tbf_imgs\unfocused\FieldPos010\FieldPos010_page_12.png,0,0.0036413061898201,test,tbf_imgs,hybrid_vit,
D:\Dineth\focus_binary_benchmark\dataset\tbf_imgs\unfocused\FieldPos010\FieldPos010_page_13.png,0,0.002778488676995,test,tbf_imgs,hybrid_vit,
D:\Dineth\focus_binary_benchmark\dataset\tbf_imgs\unfocused\FieldPos010\FieldPos010_page_14.png,0,0.0025356975384056,test,tbf_imgs,hybrid_vit,
D:\Dineth\focus_binary_benchmark\dataset\tbf_imgs\unfocused\FieldPos010\FieldPos010_page_2.png,0,0.0030438906978815,test,tbf_imgs,hybrid_vit,
D:\Dineth\focus_binary_benchmark\dataset\tbf_imgs\unfocused\FieldPos010\FieldPos010_page_3.png,0,0.0082361670210957,test,tbf_imgs,hybrid_vit,
D:\Dineth\focus_binary_benchmark\dataset\tbf_imgs\unfocused\FieldPos010\FieldPos010_page_4.png,0,0.01877261698246,test,tbf_imgs,hybrid_vit,
D:\Dineth\focus_binary_benchmark\dataset\tbf_imgs\unfocused\FieldPos010\FieldPos010_page_5.png,0,0.062406588345766,test,tbf_imgs,hybrid_vit,
D:\Dineth\focus_binary_benchmark\dataset\tbf_imgs\unfocused\FieldPos010\FieldPos010_page_9.png,0,0.011031555943191,test,tbf_imgs,hybrid_vit,
D:\Dineth\focus_binary_benchmark\dataset\tbf_imgs\unfocused\FieldPos018 (2)\FieldPos018 (2)_page_1.png,0,9.242704254575074e-05,test,tbf_imgs,hybrid_vit,
D:\Dineth\focus_binary_benchmark\dataset\tbf_imgs\unfocused\FieldPos018 (2)\FieldPos018 (2)_page_10.png,0,0.0003706854477059,test,tbf_imgs,hybrid_vit,
D:\Dineth\focus_binary_benchmark\dataset\tbf_imgs\unfocused\FieldPos018 (2)\FieldPos018 (2)_page_11.png,0,0.0001037846013787,test,tbf_imgs,hybrid_vit,
D:\Dineth\focus_binary_benchmark\dataset\tbf_imgs\unfocused\FieldPos018 (2)\FieldPos018 (2)_page_12.png,0,5.438097286969423e-05,test,tbf_imgs,hybrid_vit,
D:\Dineth\focus_binary_benchmark\dataset\tbf_imgs\unfocused\FieldPos018 (2)\FieldPos018 (2)_page_13.png,0,4.365690620034002e-05,test,tbf_imgs,hybrid_vit,
D:\Dineth\focus_binary_benchmark\dataset\tbf_imgs\unfocused\FieldPos018 (2)\FieldPos018 (2)_page_14.png,0,3.828588160104118e-05,test,tbf_imgs,hybrid_vit,
D:\Dineth\focus_binary_benchmark\dataset\tbf_imgs\unfocused\FieldPos018 (2)\FieldPos018 (2)_page_2.png,0,0.0002359994250582,test,tbf_imgs,hybrid_vit,
D:\Dineth\focus_binary_benchmark\dataset\tbf_imgs\unfocused\FieldPos018 (2)\FieldPos018 (2)_page_3.png,0,0.0019485377706587,test,tbf_imgs,hybrid_vit,
D:\Dineth\focus_binary_benchmark\dataset\tbf_imgs\unfocused\FieldPos018 (2)\FieldPos018 (2)_page_4.png,0,0.0123959323391318,test,tbf_imgs,hybrid_vit,
D:\Dineth\focus_binary_benchmark\dataset\tbf_imgs\unfocused\FieldPos018 (2)\FieldPos018 (2)_page_8.png,0,0.0561834424734115,test,tbf_imgs,hybrid_vit,
D:\Dineth\focus_binary_benchmark\dataset\tbf_imgs\unfocused\FieldPos018 (2)\FieldPos018 (2)_page_9.png,0,0.0026461193338036,test,tbf_imgs,hybrid_vit,
D:\Dineth\focus_binary_benchmark\dataset\tbf_imgs\unfocused\FieldPos019 (2)\FieldPos019 (2)_page_1.png,0,0.0012198270997032,test,tbf_imgs,hybrid_vit,
D:\Dineth\focus_binary_benchmark\dataset\tbf_imgs\unfocused\FieldPos019 (2)\FieldPos019 (2)_page_10.png,0,0.0003875016118399,test,tbf_imgs,hybrid_vit,
D:\Dineth\focus_binary_benchmark\dataset\tbf_imgs\unfocused\FieldPos019 (2)\FieldPos019 (2)_page_11.png,0,0.0002822522073984,test,tbf_imgs,hybrid_vit,
D:\Dineth\focus_binary_benchmark\dataset\tbf_imgs\unfocused\FieldPos019 (2)\FieldPos019 (2)_page_12.png,0,0.0002255447034258,test,tbf_imgs,hybrid_vit,
D:\Dineth\focus_binary_benchmark\dataset\tbf_imgs\unfocused\FieldPos019 (2)\FieldPos019 (2)_page_13.png,0,0.0002321091596968,test,tbf_imgs,hybrid_vit,
D:\Dineth\focus_binary_benchmark\dataset\tbf_imgs\unfocused\FieldPos019 (2)\FieldPos019 (2)_page_14.png,0,0.000233049649978,test,tbf_imgs,hybrid_vit,
D:\Dineth\focus_binary_benchmark\dataset\tbf_imgs\unfocused\FieldPos019 (2)\FieldPos019 (2)_page_2.png,0,0.0059770769439637,test,tbf_imgs,hybrid_vit,
D:\Dineth\focus_binary_benchmark\dataset\tbf_imgs\unfocused\FieldPos019 (2)\FieldPos019 (2)_page_3.png,0,0.0563534535467624,test,tbf_imgs,hybrid_vit,
D:\Dineth\focus_binary_benchmark\dataset\tbf_imgs\unfocused\FieldPos019 (2)\FieldPos019 (2)_page_4.png,0,0.4974691569805145,test,tbf_imgs,hybrid_vit,
D:\Dineth\focus_binary_benchmark\dataset\tbf_imgs\unfocused\FieldPos019 (2)\FieldPos019 (2)_page_8.png,0,0.0063571301288902,test,tbf_imgs,hybrid_vit,
D:\Dineth\focus_binary_benchmark\dataset\tbf_imgs\unfocused\FieldPos019 (2)\FieldPos019 (2)_page_9.png,0,0.0009898154530674,test,tbf_imgs,hybrid_vit,
D:\Dineth\focus_binary_benchmark\dataset\tbf_imgs\unfocused\FieldPos023\FieldPos023_page_1.png,0,0.0006135057774372,test,tbf_imgs,hybrid_vit,
D:\Dineth\focus_binary_benchmark\dataset\tbf_imgs\unfocused\FieldPos023\FieldPos023_page_10.png,0,0.0004685636668,test,tbf_imgs,hybrid_vit,
D:\Dineth\focus_binary_benchmark\dataset\tbf_imgs\unfocused\FieldPos023\FieldPos023_page_11.png,0,0.0003107316733803,test,tbf_imgs,hybrid_vit,
D:\Dineth\focus_binary_benchmark\dataset\tbf_imgs\unfocused\FieldPos023\FieldPos023_page_12.png,0,0.0003068147052545,test,tbf_imgs,hybrid_vit,
D:\Dineth\focus_binary_benchmark\dataset\tbf_imgs\unfocused\FieldPos023\FieldPos023_page_13.png,0,0.0003995974839199,test,tbf_imgs,hybrid_vit,
D:\Dineth\focus_binary_benchmark\dataset\tbf_imgs\unfocused\FieldPos023\FieldPos023_page_14.png,0,0.0003800010017585,test,tbf_imgs,hybrid_vit,
D:\Dineth\focus_binary_benchmark\dataset\tbf_imgs\unfocused\FieldPos023\FieldPos023_page_2.png,0,0.0012411009520292,test,tbf_imgs,hybrid_vit,
D:\Dineth\focus_binary_benchmark\dataset\tbf_imgs\unfocused\FieldPos023\FieldPos023_page_3.png,0,0.003951053135097,test,tbf_imgs,hybrid_vit,
D:\Dineth\focus_binary_benchmark\dataset\tbf_imgs\unfocused\FieldPos023\FieldPos023_page_4.png,0,0.0091777564957737,test,tbf_imgs,hybrid_vit,
D:\Dineth\focus_binary_benchmark\dataset\tbf_imgs\unfocused\FieldPos023\FieldPos023_page_8.png,0,0.003021765500307,test,tbf_imgs,hybrid_vit,
D:\Dineth\focus_binary_benchmark\dataset\tbf_imgs\unfocused\FieldPos023\FieldPos023_page_9.png,0,0.000907530193217,test,tbf_imgs,hybrid_vit,
D:\Dineth\focus_binary_benchmark\dataset\tbf_imgs\unfocused\FieldPos029\FieldPos029_page_1.png,0,0.0006891792290844,test,tbf_imgs,hybrid_vit,
D:\Dineth\focus_binary_benchmark\dataset\tbf_imgs\unfocused\FieldPos029\FieldPos029_page_10.png,0,0.0034090976696461,test,tbf_imgs,hybrid_vit,
D:\Dineth\focus_binary_benchmark\dataset\tbf_imgs\unfocused\FieldPos029\FieldPos029_page_11.png,0,0.0013259744737297,test,tbf_imgs,hybrid_vit,
D:\Dineth\focus_binary_benchmark\dataset\tbf_imgs\unfocused\FieldPos029\FieldPos029_page_12.png,0,0.0007756234263069,test,tbf_imgs,hybrid_vit,
D:\Dineth\focus_binary_benchmark\dataset\tbf_imgs\unfocused\FieldPos029\FieldPos029_page_13.png,0,0.0006159454351291,test,tbf_imgs,hybrid_vit,
D:\Dineth\focus_binary_benchmark\dataset\tbf_imgs\unfocused\FieldPos029\FieldPos029_page_14.png,0,0.0005933268694207,test,tbf_imgs,hybrid_vit,
D:\Dineth\focus_binary_benchmark\dataset\tbf_imgs\unfocused\FieldPos029\FieldPos029_page_2.png,0,0.0012737191282212,test,tbf_imgs,hybrid_vit,
D:\Dineth\focus_binary_benchmark\dataset\tbf_imgs\unfocused\FieldPos029\FieldPos029_page_3.png,0,0.002635970711708,test,tbf_imgs,hybrid_vit,
D:\Dineth\focus_binary_benchmark\dataset\tbf_imgs\unfocused\FieldPos029\FieldPos029_page_4.png,0,0.0085292197763919,test,tbf_imgs,hybrid_vit,
D:\Dineth\focus_binary_benchmark\dataset\tbf_imgs\unfocused\FieldPos029\FieldPos029_page_5.png,0,0.0330490246415138,test,tbf_imgs,hybrid_vit,
D:\Dineth\focus_binary_benchmark\dataset\tbf_imgs\unfocused\FieldPos029\FieldPos029_page_6.png,0,0.1749381422996521,test,tbf_imgs,hybrid_vit,
D:\Dineth\focus_binary_benchmark\dataset\tbf_imgs\unfocused\FieldPos033 (2)\FieldPos033 (2)_page_1.png,0,0.0001092350285034,test,tbf_imgs,hybrid_vit,
D:\Dineth\focus_binary_benchmark\dataset\tbf_imgs\unfocused\FieldPos033 (2)\FieldPos033 (2)_page_10.png,0,0.0155210234224796,test,tbf_imgs,hybrid_vit,
D:\Dineth\focus_binary_benchmark\dataset\tbf_imgs\unfocused\FieldPos033 (2)\FieldPos033 (2)_page_11.png,0,0.0016415013233199,test,tbf_imgs,hybrid_vit,
D:\Dineth\focus_binary_benchmark\dataset\tbf_imgs\unfocused\FieldPos033 (2)\FieldPos033 (2)_page_12.png,0,0.0003162948996759,test,tbf_imgs,hybrid_vit,
D:\Dineth\focus_binary_benchmark\dataset\tbf_imgs\unfocused\FieldPos033 (2)\FieldPos033 (2)_page_13.png,0,0.0001271655637538,test,tbf_imgs,hybrid_vit,
D:\Dineth\focus_binary_benchmark\dataset\tbf_imgs\unfocused\FieldPos033 (2)\FieldPos033 (2)_page_14.png,0,8.89056027517654e-05,test,tbf_imgs,hybrid_vit,
D:\Dineth\focus_binary_benchmark\dataset\tbf_imgs\unfocused\FieldPos033 (2)\FieldPos033 (2)_page_2.png,0,0.0001929857826326,test,tbf_imgs,hybrid_vit,
D:\Dineth\focus_binary_benchmark\dataset\tbf_imgs\unfocused\FieldPos033 (2)\FieldPos033 (2)_page_3.png,0,0.0006745932041667,test,tbf_imgs,hybrid_vit,
D:\Dineth\focus_binary_benchmark\dataset\tbf_imgs\unfocused\FieldPos033 (2)\FieldPos033 (2)_page_4.png,0,0.0031633465550839,test,tbf_imgs,hybrid_vit,
D:\Dineth\focus_binary_benchmark\dataset\tbf_imgs\unfocused\FieldPos033 (2)\FieldPos033 (2)_page_5.png,0,0.0224186219274997,test,tbf_imgs,hybrid_vit,
D:\Dineth\focus_binary_benchmark\dataset\tbf_imgs\unfocused\FieldPos033 (2)\FieldPos033 (2)_page_6.png,0,0.1704197078943252,test,tbf_imgs,hybrid_vit,
D:\Dineth\focus_binary_benchmark\dataset\tbf_imgs\unfocused\FieldPos036\FieldPos036_page_1.png,0,0.0182199589908123,test,tbf_imgs,hybrid_vit,
D:\Dineth\focus_binary_benchmark\dataset\tbf_imgs\unfocused\FieldPos036\FieldPos036_page_10.png,0,0.5585578680038452,test,tbf_imgs,hybrid_vit,
D:\Dineth\focus_binary_benchmark\dataset\tbf_imgs\unfocused\FieldPos036\FieldPos036_page_11.png,0,0.0499172657728195,test,tbf_imgs,hybrid_vit,
D:\Dineth\focus_binary_benchmark\dataset\tbf_imgs\unfocused\FieldPos036\FieldPos036_page_12.png,0,0.0466370023787021,test,tbf_imgs,hybrid_vit,
D:\Dineth\focus_binary_benchmark\dataset\tbf_imgs\unfocused\FieldPos036\FieldPos036_page_13.png,0,0.0189878977835178,test,tbf_imgs,hybrid_vit,
D:\Dineth\focus_binary_benchmark\dataset\tbf_imgs\unfocused\FieldPos036\FieldPos036_page_14.png,0,0.0115955537185072,test,tbf_imgs,hybrid_vit,
D:\Dineth\focus_binary_benchmark\dataset\tbf_imgs\unfocused\FieldPos036\FieldPos036_page_2.png,0,0.0319741480052471,test,tbf_imgs,hybrid_vit,
D:\Dineth\focus_binary_benchmark\dataset\tbf_imgs\unfocused\FieldPos036\FieldPos036_page_3.png,0,0.0964398384094238,test,tbf_imgs,hybrid_vit,
D:\Dineth\focus_binary_benchmark\dataset\tbf_imgs\unfocused\FieldPos036\FieldPos036_page_4.png,0,0.3169490694999695,test,tbf_imgs,hybrid_vit,
D:\Dineth\focus_binary_benchmark\dataset\tbf_imgs\unfocused\FieldPos036\FieldPos036_page_5.png,0,0.6623169183731079,test,tbf_imgs,hybrid_vit,
D:\Dineth\focus_binary_benchmark\dataset\tbf_imgs\unfocused\FieldPos036\FieldPos036_page_6.png,0,0.7996071577072144,test,tbf_imgs,hybrid_vit,
D:\Dineth\focus_binary_benchmark\dataset\tbf_imgs\unfocused\FieldPos038\FieldPos038_page_1.png,0,0.0001430343691026,test,tbf_imgs,hybrid_vit,
D:\Dineth\focus_binary_benchmark\dataset\tbf_imgs\unfocused\FieldPos038\FieldPos038_page_10.png,0,0.0012227235129103,test,tbf_imgs,hybrid_vit,
D:\Dineth\focus_binary_benchmark\dataset\tbf_imgs\unfocused\FieldPos038\FieldPos038_page_11.png,0,0.0002698457974474,test,tbf_imgs,hybrid_vit,
D:\Dineth\focus_binary_benchmark\dataset\tbf_imgs\unfocused\FieldPos038\FieldPos038_page_12.png,0,7.800935418345034e-05,test,tbf_imgs,hybrid_vit,
D:\Dineth\focus_binary_benchmark\dataset\tbf_imgs\unfocused\FieldPos038\FieldPos038_page_13.png,0,5.922678246861324e-05,test,tbf_imgs,hybrid_vit,
D:\Dineth\focus_binary_benchmark\dataset\tbf_imgs\unfocused\FieldPos038\FieldPos038_page_14.png,0,4.749998333863914e-05,test,tbf_imgs,hybrid_vit,
D:\Dineth\focus_binary_benchmark\dataset\tbf_imgs\unfocused\FieldPos038\FieldPos038_page_2.png,0,0.0007405748474411,test,tbf_imgs,hybrid_vit,
D:\Dineth\focus_binary_benchmark\dataset\tbf_imgs\unfocused\FieldPos038\FieldPos038_page_3.png,0,0.0043702814728021,test,tbf_imgs,hybrid_vit,
D:\Dineth\focus_binary_benchmark\dataset\tbf_imgs\unfocused\FieldPos038\FieldPos038_page_4.png,0,0.2982628345489502,test,tbf_imgs,hybrid_vit,
D:\Dineth\focus_binary_benchmark\dataset\tbf_imgs\unfocused\FieldPos038\FieldPos038_page_5.png,0,0.8867051601409912,test,tbf_imgs,hybrid_vit,
D:\Dineth\focus_binary_benchmark\dataset\tbf_imgs\unfocused\FieldPos038\FieldPos038_page_9.png,0,0.0128463860601186,test,tbf_imgs,hybrid_vit,
D:\Dineth\focus_binary_benchmark\dataset\tbf_imgs\unfocused\FieldPos040\FieldPos040_page_1.png,0,0.0011093412758782,test,tbf_imgs,hybrid_vit,
D:\Dineth\focus_binary_benchmark\dataset\tbf_imgs\unfocused\FieldPos040\FieldPos040_page_10.png,0,0.0005827744025737,test,tbf_imgs,hybrid_vit,
D:\Dineth\focus_binary_benchmark\dataset\tbf_imgs\unfocused\FieldPos040\FieldPos040_page_11.png,0,0.0001726138434605,test,tbf_imgs,hybrid_vit,
D:\Dineth\focus_binary_benchmark\dataset\tbf_imgs\unfocused\FieldPos040\FieldPos040_page_12.png,0,9.838973346631974e-05,test,tbf_imgs,hybrid_vit,
D:\Dineth\focus_binary_benchmark\dataset\tbf_imgs\unfocused\FieldPos040\FieldPos040_page_13.png,0,7.21168689779006e-05,test,tbf_imgs,hybrid_vit,
D:\Dineth\focus_binary_benchmark\dataset\tbf_imgs\unfocused\FieldPos040\FieldPos040_page_14.png,0,7.14521884219721e-05,test,tbf_imgs,hybrid_vit,
D:\Dineth\focus_binary_benchmark\dataset\tbf_imgs\unfocused\FieldPos040\FieldPos040_page_2.png,0,0.004183888901025,test,tbf_imgs,hybrid_vit,
D:\Dineth\focus_binary_benchmark\dataset\tbf_imgs\unfocused\FieldPos040\FieldPos040_page_3.png,0,0.0192523524165153,test,tbf_imgs,hybrid_vit,
D:\Dineth\focus_binary_benchmark\dataset\tbf_imgs\unfocused\FieldPos040\FieldPos040_page_4.png,0,0.1236732006072998,test,tbf_imgs,hybrid_vit,
D:\Dineth\focus_binary_benchmark\dataset\tbf_imgs\unfocused\FieldPos040\FieldPos040_page_5.png,0,0.4306131899356842,test,tbf_imgs,hybrid_vit,
D:\Dineth\focus_binary_benchmark\dataset\tbf_imgs\unfocused\FieldPos040\FieldPos040_page_9.png,0,0.0054419664666056,test,tbf_imgs,hybrid_vit,
D:\Dineth\focus_binary_benchmark\dataset\tbf_imgs\unfocused\FieldPos044\FieldPos044_page_1.png,0,0.0003928882651962,test,tbf_imgs,hybrid_vit,
D:\Dineth\focus_binary_benchmark\dataset\tbf_imgs\unfocused\FieldPos044\FieldPos044_page_10.png,0,0.0636027157306671,test,tbf_imgs,hybrid_vit,
D:\Dineth\focus_binary_benchmark\dataset\tbf_imgs\unfocused\FieldPos044\FieldPos044_page_11.png,0,0.0065707322210073,test,tbf_imgs,hybrid_vit,
D:\Dineth\focus_binary_benchmark\dataset\tbf_imgs\unfocused\FieldPos044\FieldPos044_page_12.png,0,0.0009208969422616,test,tbf_imgs,hybrid_vit,
D:\Dineth\focus_binary_benchmark\dataset\tbf_imgs\unfocused\FieldPos044\FieldPos044_page_13.png,0,0.0002346287947148,test,tbf_imgs,hybrid_vit,
D:\Dineth\focus_binary_benchmark\dataset\tbf_imgs\unfocused\FieldPos044\FieldPos044_page_14.png,0,0.0001385057112202,test,tbf_imgs,hybrid_vit,
D:\Dineth\focus_binary_benchmark\dataset\tbf_imgs\unfocused\FieldPos044\FieldPos044_page_2.png,0,0.0011373426532372,test,tbf_imgs,hybrid_vit,
D:\Dineth\focus_binary_benchmark\dataset\tbf_imgs\unfocused\FieldPos044\FieldPos044_page_3.png,0,0.0071041127666831,test,tbf_imgs,hybrid_vit,
D:\Dineth\focus_binary_benchmark\dataset\tbf_imgs\unfocused\FieldPos044\FieldPos044_page_4.png,0,0.051290962845087,test,tbf_imgs,hybrid_vit,
D:\Dineth\focus_binary_benchmark\dataset\tbf_imgs\unfocused\FieldPos044\FieldPos044_page_5.png,0,0.3666392564773559,test,tbf_imgs,hybrid_vit,
D:\Dineth\focus_binary_benchmark\dataset\tbf_imgs\unfocused\FieldPos044\FieldPos044_page_6.png,0,0.8459796905517578,test,tbf_imgs,hybrid_vit,
D:\Dineth\focus_binary_benchmark\dataset\tbf_imgs\unfocused\FieldPos053\FieldPos053_page_1.png,0,0.0001627963210921,test,tbf_imgs,hybrid_vit,
D:\Dineth\focus_binary_benchmark\dataset\tbf_imgs\unfocused\FieldPos053\FieldPos053_page_10.png,0,0.0005161334993317,test,tbf_imgs,hybrid_vit,
D:\Dineth\focus_binary_benchmark\dataset\tbf_imgs\unfocused\FieldPos053\FieldPos053_page_11.png,0,0.0002052868076134,test,tbf_imgs,hybrid_vit,
D:\Dineth\focus_binary_benchmark\dataset\tbf_imgs\unfocused\FieldPos053\FieldPos053_page_12.png,0,0.0001299514988204,test,tbf_imgs,hybrid_vit,
D:\Dineth\focus_binary_benchmark\dataset\tbf_imgs\unfocused\FieldPos053\FieldPos053_page_13.png,0,8.887534204404801e-05,test,tbf_imgs,hybrid_vit,
D:\Dineth\focus_binary_benchmark\dataset\tbf_imgs\unfocused\FieldPos053\FieldPos053_page_14.png,0,7.02655961504206e-05,test,tbf_imgs,hybrid_vit,
D:\Dineth\focus_binary_benchmark\dataset\tbf_imgs\unfocused\FieldPos053\FieldPos053_page_2.png,0,0.0002674524730537,test,tbf_imgs,hybrid_vit,
D:\Dineth\focus_binary_benchmark\dataset\tbf_imgs\unfocused\FieldPos053\FieldPos053_page_3.png,0,0.0008055095677264,test,tbf_imgs,hybrid_vit,
D:\Dineth\focus_binary_benchmark\dataset\tbf_imgs\unfocused\FieldPos053\FieldPos053_page_4.png,0,0.0047780643217265,test,tbf_imgs,hybrid_vit,
D:\Dineth\focus_binary_benchmark\dataset\tbf_imgs\unfocused\FieldPos053\FieldPos053_page_5.png,0,0.0350037962198257,test,tbf_imgs,hybrid_vit,
D:\Dineth\focus_binary_benchmark\dataset\tbf_imgs\unfocused\FieldPos053\FieldPos053_page_9.png,0,0.0026961842086166,test,tbf_imgs,hybrid_vit,
D:\Dineth\focus_binary_benchmark\dataset\tbf_imgs\unfocused\FieldPos059\FieldPos059_page_1.png,0,0.0003086937067564,test,tbf_imgs,hybrid_vit,
D:\Dineth\focus_binary_benchmark\dataset\tbf_imgs\unfocused\FieldPos059\FieldPos059_page_10.png,0,0.0007919373456388,test,tbf_imgs,hybrid_vit,
D:\Dineth\focus_binary_benchmark\dataset\tbf_imgs\unfocused\FieldPos059\FieldPos059_page_11.png,0,0.0001937359920702,test,tbf_imgs,hybrid_vit,
D:\Dineth\focus_binary_benchmark\dataset\tbf_imgs\unfocused\FieldPos059\FieldPos059_page_12.png,0,0.0001118238797062,test,tbf_imgs,hybrid_vit,
D:\Dineth\focus_binary_benchmark\dataset\tbf_imgs\unfocused\FieldPos059\FieldPos059_page_13.png,0,7.4222385592293e-05,test,tbf_imgs,hybrid_vit,
D:\Dineth\focus_binary_benchmark\dataset\tbf_imgs\unfocused\FieldPos059\FieldPos059_page_14.png,0,6.483541073976085e-05,test,tbf_imgs,hybrid_vit,
D:\Dineth\focus_binary_benchmark\dataset\tbf_imgs\unfocused\FieldPos059\FieldPos059_page_2.png,0,0.0023817939218133,test,tbf_imgs,hybrid_vit,
D:\Dineth\focus_binary_benchmark\dataset\tbf_imgs\unfocused\FieldPos059\FieldPos059_page_3.png,0,0.0589677393436431,test,tbf_imgs,hybrid_vit,
D:\Dineth\focus_binary_benchmark\dataset\tbf_imgs\unfocused\FieldPos059\FieldPos059_page_4.png,0,0.5085955858230591,test,tbf_imgs,hybrid_vit,
D:\Dineth\focus_binary_benchmark\dataset\tbf_imgs\unfocused\FieldPos059\FieldPos059_page_8.png,0,0.4777610301971435,test,tbf_imgs,hybrid_vit,
D:\Dineth\focus_binary_benchmark\dataset\tbf_imgs\unfocused\FieldPos059\FieldPos059_page_9.png,0,0.0190650727599859,test,tbf_imgs,hybrid_vit,
D:\Dineth\focus_binary_benchmark\dataset\tbf_imgs\unfocused\FieldPos066\FieldPos066_page_1.png,0,0.0005616269772872,test,tbf_imgs,hybrid_vit,
D:\Dineth\focus_binary_benchmark\dataset\tbf_imgs\unfocused\FieldPos066\FieldPos066_page_10.png,0,0.0001268135674763,test,tbf_imgs,hybrid_vit,
D:\Dineth\focus_binary_benchmark\dataset\tbf_imgs\unfocused\FieldPos066\FieldPos066_page_11.png,0,8.890916797099635e-05,test,tbf_imgs,hybrid_vit,
D:\Dineth\focus_binary_benchmark\dataset\tbf_imgs\unfocused\FieldPos066\FieldPos066_page_12.png,0,7.597920921398327e-05,test,tbf_imgs,hybrid_vit,
D:\Dineth\focus_binary_benchmark\dataset\tbf_imgs\unfocused\FieldPos066\FieldPos066_page_13.png,0,6.093350384617224e-05,test,tbf_imgs,hybrid_vit,
D:\Dineth\focus_binary_benchmark\dataset\tbf_imgs\unfocused\FieldPos066\FieldPos066_page_14.png,0,6.191213469719514e-05,test,tbf_imgs,hybrid_vit,
D:\Dineth\focus_binary_benchmark\dataset\tbf_imgs\unfocused\FieldPos066\FieldPos066_page_2.png,0,0.0018186259549111,test,tbf_imgs,hybrid_vit,
D:\Dineth\focus_binary_benchmark\dataset\tbf_imgs\unfocused\FieldPos066\FieldPos066_page_3.png,0,0.0077412980608642,test,tbf_imgs,hybrid_vit,
D:\Dineth\focus_binary_benchmark\dataset\tbf_imgs\unfocused\FieldPos066\FieldPos066_page_4.png,0,0.0440368466079235,test,tbf_imgs,hybrid_vit,
D:\Dineth\focus_binary_benchmark\dataset\tbf_imgs\unfocused\FieldPos066\FieldPos066_page_8.png,0,0.0005459859385155,test,tbf_imgs,hybrid_vit,
D:\Dineth\focus_binary_benchmark\dataset\tbf_imgs\unfocused\FieldPos066\FieldPos066_page_9.png,0,0.0002089498011628,test,tbf_imgs,hybrid_vit,
D:\Dineth\focus_binary_benchmark\dataset\tbf_imgs\unfocused\FieldPos069\FieldPos069_page_1.png,0,0.0041274870745837,test,tbf_imgs,hybrid_vit,
D:\Dineth\focus_binary_benchmark\dataset\tbf_imgs\unfocused\FieldPos069\FieldPos069_page_10.png,0,0.0002083470171783,test,tbf_imgs,hybrid_vit,
D:\Dineth\focus_binary_benchmark\dataset\tbf_imgs\unfocused\FieldPos069\FieldPos069_page_11.png,0,0.000100277015008,test,tbf_imgs,hybrid_vit,
D:\Dineth\focus_binary_benchmark\dataset\tbf_imgs\unfocused\FieldPos069\FieldPos069_page_12.png,0,6.361451232805848e-05,test,tbf_imgs,hybrid_vit,
D:\Dineth\focus_binary_benchmark\dataset\tbf_imgs\unfocused\FieldPos069\FieldPos069_page_13.png,0,7.152335456339642e-05,test,tbf_imgs,hybrid_vit,
D:\Dineth\focus_binary_benchmark\dataset\tbf_imgs\unfocused\FieldPos069\FieldPos069_page_14.png,0,6.187252438394353e-05,test,tbf_imgs,hybrid_vit,
D:\Dineth\focus_binary_benchmark\dataset\tbf_imgs\unfocused\FieldPos069\FieldPos069_page_2.png,0,0.0119310552254319,test,tbf_imgs,hybrid_vit,
D:\Dineth\focus_binary_benchmark\dataset\tbf_imgs\unfocused\FieldPos069\FieldPos069_page_3.png,0,0.2045080214738845,test,tbf_imgs,hybrid_vit,
D:\Dineth\focus_binary_benchmark\dataset\tbf_imgs\unfocused\FieldPos069\FieldPos069_page_7.png,0,0.3253302872180938,test,tbf_imgs,hybrid_vit,
D:\Dineth\focus_binary_benchmark\dataset\tbf_imgs\unfocused\FieldPos069\FieldPos069_page_8.png,0,0.0174021758139133,test,tbf_imgs,hybrid_vit,
D:\Dineth\focus_binary_benchmark\dataset\tbf_imgs\unfocused\FieldPos069\FieldPos069_page_9.png,0,0.0012062437599524,test,tbf_imgs,hybrid_vit,
D:\Dineth\focus_binary_benchmark\dataset\tbf_imgs\unfocused\FieldPos074\FieldPos074_page_1.png,0,0.0039987983182072,test,tbf_imgs,hybrid_vit,
D:\Dineth\focus_binary_benchmark\dataset\tbf_imgs\unfocused\FieldPos074\FieldPos074_page_10.png,0,0.0141463140025734,test,tbf_imgs,hybrid_vit,
D:\Dineth\focus_binary_benchmark\dataset\tbf_imgs\unfocused\FieldPos074\FieldPos074_page_11.png,0,0.0051091131754219,test,tbf_imgs,hybrid_vit,
D:\Dineth\focus_binary_benchmark\dataset\tbf_imgs\unfocused\FieldPos074\FieldPos074_page_12.png,0,0.0026774792931973,test,tbf_imgs,hybrid_vit,
D:\Dineth\focus_binary_benchmark\dataset\tbf_imgs\unfocused\FieldPos074\FieldPos074_page_13.png,0,0.0017474852502346,test,tbf_imgs,hybrid_vit,
D:\Dineth\focus_binary_benchmark\dataset\tbf_imgs\unfocused\FieldPos074\FieldPos074_page_14.png,0,0.0011966365855187,test,tbf_imgs,hybrid_vit,
D:\Dineth\focus_binary_benchmark\dataset\tbf_imgs\unfocused\FieldPos074\FieldPos074_page_2.png,0,0.0130837326869368,test,tbf_imgs,hybrid_vit,
D:\Dineth\focus_binary_benchmark\dataset\tbf_imgs\unfocused\FieldPos074\FieldPos074_page_3.png,0,0.0767590478062629,test,tbf_imgs,hybrid_vit,
D:\Dineth\focus_binary_benchmark\dataset\tbf_imgs\unfocused\FieldPos074\FieldPos074_page_4.png,0,0.3386003971099853,test,tbf_imgs,hybrid_vit,
D:\Dineth\focus_binary_benchmark\dataset\tbf_imgs\unfocused\FieldPos074\FieldPos074_page_8.png,0,0.4872695207595825,test,tbf_imgs,hybrid_vit,
D:\Dineth\focus_binary_benchmark\dataset\tbf_imgs\unfocused\FieldPos074\FieldPos074_page_9.png,0,0.0817946344614029,test,tbf_imgs,hybrid_vit,
D:\Dineth\focus_binary_benchmark\dataset\tbf_imgs\unfocused\FieldPos082\FieldPos082_page_1.png,0,0.1903132051229477,test,tbf_imgs,hybrid_vit,
D:\Dineth\focus_binary_benchmark\dataset\tbf_imgs\unfocused\FieldPos082\FieldPos082_page_10.png,0,0.0425387620925903,test,tbf_imgs,hybrid_vit,
D:\Dineth\focus_binary_benchmark\dataset\tbf_imgs\unfocused\FieldPos082\FieldPos082_page_11.png,0,0.0410423688590526,test,tbf_imgs,hybrid_vit,
D:\Dineth\focus_binary_benchmark\dataset\tbf_imgs\unfocused\FieldPos082\FieldPos082_page_12.png,0,0.0286896731704473,test,tbf_imgs,hybrid_vit,
D:\Dineth\focus_binary_benchmark\dataset\tbf_imgs\unfocused\FieldPos082\FieldPos082_page_13.png,0,0.0230921376496553,test,tbf_imgs,hybrid_vit,
D:\Dineth\focus_binary_benchmark\dataset\tbf_imgs\unfocused\FieldPos082\FieldPos082_page_14.png,0,0.0227863155305385,test,tbf_imgs,hybrid_vit,
D:\Dineth\focus_binary_benchmark\dataset\tbf_imgs\unfocused\FieldPos082\FieldPos082_page_2.png,0,0.3967691361904144,test,tbf_imgs,hybrid_vit,
D:\Dineth\focus_binary_benchmark\dataset\tbf_imgs\unfocused\FieldPos082\FieldPos082_page_3.png,0,0.7270642518997192,test,tbf_imgs,hybrid_vit,
D:\Dineth\focus_binary_benchmark\dataset\tbf_imgs\unfocused\FieldPos082\FieldPos082_page_4.png,0,0.772086501121521,test,tbf_imgs,hybrid_vit,
D:\Dineth\focus_binary_benchmark\dataset\tbf_imgs\unfocused\FieldPos082\FieldPos082_page_8.png,0,0.1698134243488311,test,tbf_imgs,hybrid_vit,
D:\Dineth\focus_binary_benchmark\dataset\tbf_imgs\unfocused\FieldPos082\FieldPos082_page_9.png,0,0.1069125905632972,test,tbf_imgs,hybrid_vit,
D:\Dineth\focus_binary_benchmark\dataset\tbf_imgs\unfocused\FieldPos103\FieldPos103_page_1.png,0,0.0102337934076786,test,tbf_imgs,hybrid_vit,
D:\Dineth\focus_binary_benchmark\dataset\tbf_imgs\unfocused\FieldPos103\FieldPos103_page_10.png,0,0.1198438853025436,test,tbf_imgs,hybrid_vit,
D:\Dineth\focus_binary_benchmark\dataset\tbf_imgs\unfocused\FieldPos103\FieldPos103_page_11.png,0,0.0238427687436342,test,tbf_imgs,hybrid_vit,
D:\Dineth\focus_binary_benchmark\dataset\tbf_imgs\unfocused\FieldPos103\FieldPos103_page_12.png,0,0.0101140672340989,test,tbf_imgs,hybrid_vit,
D:\Dineth\focus_binary_benchmark\dataset\tbf_imgs\unfocused\FieldPos103\FieldPos103_page_13.png,0,0.0061112637631595,test,tbf_imgs,hybrid_vit,
D:\Dineth\focus_binary_benchmark\dataset\tbf_imgs\unfocused\FieldPos103\FieldPos103_page_14.png,0,0.0031881593167781,test,tbf_imgs,hybrid_vit,
D:\Dineth\focus_binary_benchmark\dataset\tbf_imgs\unfocused\FieldPos103\FieldPos103_page_2.png,0,0.0249984879046678,test,tbf_imgs,hybrid_vit,
D:\Dineth\focus_binary_benchmark\dataset\tbf_imgs\unfocused\FieldPos103\FieldPos103_page_3.png,0,0.0690669938921928,test,tbf_imgs,hybrid_vit,
D:\Dineth\focus_binary_benchmark\dataset\tbf_imgs\unfocused\FieldPos103\FieldPos103_page_4.png,0,0.4226937294006347,test,tbf_imgs,hybrid_vit,
D:\Dineth\focus_binary_benchmark\dataset\tbf_imgs\unfocused\FieldPos103\FieldPos103_page_5.png,0,0.8798278570175171,test,tbf_imgs,hybrid_vit,
D:\Dineth\focus_binary_benchmark\dataset\tbf_imgs\unfocused\FieldPos103\FieldPos103_page_6.png,0,0.985590934753418,test,tbf_imgs,hybrid_vit,
D:\Dineth\focus_binary_benchmark\dataset\tbf_imgs\unfocused\FieldPos104\FieldPos104_page_1.png,0,0.0001353963889414,test,tbf_imgs,hybrid_vit,
D:\Dineth\focus_binary_benchmark\dataset\tbf_imgs\unfocused\FieldPos104\FieldPos104_page_10.png,0,0.0006055131088942,test,tbf_imgs,hybrid_vit,
D:\Dineth\focus_binary_benchmark\dataset\tbf_imgs\unfocused\FieldPos104\FieldPos104_page_11.png,0,0.0001861183700384,test,tbf_imgs,hybrid_vit,
D:\Dineth\focus_binary_benchmark\dataset\tbf_imgs\unfocused\FieldPos104\FieldPos104_page_12.png,0,9.602564387023448e-05,test,tbf_imgs,hybrid_vit,
D:\Dineth\focus_binary_benchmark\dataset\tbf_imgs\unfocused\FieldPos104\FieldPos104_page_13.png,0,7.343319157371297e-05,test,tbf_imgs,hybrid_vit,
D:\Dineth\focus_binary_benchmark\dataset\tbf_imgs\unfocused\FieldPos104\FieldPos104_page_14.png,0,6.88563086441718e-05,test,tbf_imgs,hybrid_vit,
D:\Dineth\focus_binary_benchmark\dataset\tbf_imgs\unfocused\FieldPos104\FieldPos104_page_2.png,0,0.0002501490525901,test,tbf_imgs,hybrid_vit,
D:\Dineth\focus_binary_benchmark\dataset\tbf_imgs\unfocused\FieldPos104\FieldPos104_page_3.png,0,0.0008194324909709,test,tbf_imgs,hybrid_vit,
D:\Dineth\focus_binary_benchmark\dataset\tbf_imgs\unfocused\FieldPos104\FieldPos104_page_4.png,0,0.0032224475871771,test,tbf_imgs,hybrid_vit,
D:\Dineth\focus_binary_benchmark\dataset\tbf_imgs\unfocused\FieldPos104\FieldPos104_page_5.png,0,0.0206493325531482,test,tbf_imgs,hybrid_vit,
D:\Dineth\focus_binary_benchmark\dataset\tbf_imgs\unfocused\FieldPos104\FieldPos104_page_9.png,0,0.0030188346281647,test,tbf_imgs,hybrid_vit,
D:\Dineth\focus_binary_benchmark\dataset\tbf_imgs\unfocused\FieldPos107\FieldPos107_page_1.png,0,0.0880849212408065,test,tbf_imgs,hybrid_vit,
D:\Dineth\focus_binary_benchmark\dataset\tbf_imgs\unfocused\FieldPos107\FieldPos107_page_10.png,0,0.0312168002128601,test,tbf_imgs,hybrid_vit,
D:\Dineth\focus_binary_benchmark\dataset\tbf_imgs\unfocused\FieldPos107\FieldPos107_page_11.png,0,0.0277103632688522,test,tbf_imgs,hybrid_vit,
D:\Dineth\focus_binary_benchmark\dataset\tbf_imgs\unfocused\FieldPos107\FieldPos107_page_12.png,0,0.0189133696258068,test,tbf_imgs,hybrid_vit,
D:\Dineth\focus_binary_benchmark\dataset\tbf_imgs\unfocused\FieldPos107\FieldPos107_page_13.png,0,0.0154653042554855,test,tbf_imgs,hybrid_vit,
D:\Dineth\focus_binary_benchmark\dataset\tbf_imgs\unfocused\FieldPos107\FieldPos107_page_14.png,0,0.0136943459510803,test,tbf_imgs,hybrid_vit,
D:\Dineth\focus_binary_benchmark\dataset\tbf_imgs\unfocused\FieldPos107\FieldPos107_page_2.png,0,0.3357354700565338,test,tbf_imgs,hybrid_vit,
D:\Dineth\focus_binary_benchmark\dataset\tbf_imgs\unfocused\FieldPos107\FieldPos107_page_3.png,0,0.8887004256248474,test,tbf_imgs,hybrid_vit,
D:\Dineth\focus_binary_benchmark\dataset\tbf_imgs\unfocused\FieldPos107\FieldPos107_page_7.png,0,0.7073193788528442,test,tbf_imgs,hybrid_vit,
D:\Dineth\focus_binary_benchmark\dataset\tbf_imgs\unfocused\FieldPos107\FieldPos107_page_8.png,0,0.2080147415399551,test,tbf_imgs,hybrid_vit,
D:\Dineth\focus_binary_benchmark\dataset\tbf_imgs\unfocused\FieldPos107\FieldPos107_page_9.png,0,0.0683587193489074,test,tbf_imgs,hybrid_vit,
D:\Dineth\focus_binary_benchmark\dataset\tbf_imgs\unfocused\FieldPos200\FieldPos200_page_1.png,0,0.0007955779437907,test,tbf_imgs,hybrid_vit,
D:\Dineth\focus_binary_benchmark\dataset\tbf_imgs\unfocused\FieldPos200\FieldPos200_page_10.png,0,0.0014001076342538,test,tbf_imgs,hybrid_vit,
D:\Dineth\focus_binary_benchmark\dataset\tbf_imgs\unfocused\FieldPos200\FieldPos200_page_11.png,0,0.0005981072899885,test,tbf_imgs,hybrid_vit,
D:\Dineth\focus_binary_benchmark\dataset\tbf_imgs\unfocused\FieldPos200\FieldPos200_page_12.png,0,0.0003033399116247,test,tbf_imgs,hybrid_vit,
D:\Dineth\focus_binary_benchmark\dataset\tbf_imgs\unfocused\FieldPos200\FieldPos200_page_13.png,0,0.0001839362375903,test,tbf_imgs,hybrid_vit,
D:\Dineth\focus_binary_benchmark\dataset\tbf_imgs\unfocused\FieldPos200\FieldPos200_page_14.png,0,0.0001877152535598,test,tbf_imgs,hybrid_vit,
D:\Dineth\focus_binary_benchmark\dataset\tbf_imgs\unfocused\FieldPos200\FieldPos200_page_2.png,0,0.0013222321867942,test,tbf_imgs,hybrid_vit,
D:\Dineth\focus_binary_benchmark\dataset\tbf_imgs\unfocused\FieldPos200\FieldPos200_page_3.png,0,0.0075048324652016,test,tbf_imgs,hybrid_vit,
D:\Dineth\focus_binary_benchmark\dataset\tbf_imgs\unfocused\FieldPos200\FieldPos200_page_4.png,0,0.1023595705628395,test,tbf_imgs,hybrid_vit,
D:\Dineth\focus_binary_benchmark\dataset\tbf_imgs\unfocused\FieldPos200\FieldPos200_page_5.png,0,0.6716722249984741,test,tbf_imgs,hybrid_vit,
D:\Dineth\focus_binary_benchmark\dataset\tbf_imgs\unfocused\FieldPos200\FieldPos200_page_9.png,0,0.0097916582599282,test,tbf_imgs,hybrid_vit,
D:\Dineth\focus_binary_benchmark\dataset\tbf_imgs\unfocused\FieldPos203\FieldPos203_page_1.png,0,0.0014799514319747,test,tbf_imgs,hybrid_vit,
D:\Dineth\focus_binary_benchmark\dataset\tbf_imgs\unfocused\FieldPos203\FieldPos203_page_10.png,0,0.0118066715076565,test,tbf_imgs,hybrid_vit,
D:\Dineth\focus_binary_benchmark\dataset\tbf_imgs\unfocused\FieldPos203\FieldPos203_page_11.png,0,0.0036131436936557,test,tbf_imgs,hybrid_vit,
D:\Dineth\focus_binary_benchmark\dataset\tbf_imgs\unfocused\FieldPos203\FieldPos203_page_12.png,0,0.0009648363338783,test,tbf_imgs,hybrid_vit,
D:\Dineth\focus_binary_benchmark\dataset\tbf_imgs\unfocused\FieldPos203\FieldPos203_page_13.png,0,0.000333955627866,test,tbf_imgs,hybrid_vit,
D:\Dineth\focus_binary_benchmark\dataset\tbf_imgs\unfocused\FieldPos203\FieldPos203_page_14.png,0,0.0001714657264528,test,tbf_imgs,hybrid_vit,
D:\Dineth\focus_binary_benchmark\dataset\tbf_imgs\unfocused\FieldPos203\FieldPos203_page_2.png,0,0.0158530212938785,test,tbf_imgs,hybrid_vit,
D:\Dineth\focus_binary_benchmark\dataset\tbf_imgs\unfocused\FieldPos203\FieldPos203_page_3.png,0,0.1352278143167495,test,tbf_imgs,hybrid_vit,
D:\Dineth\focus_binary_benchmark\dataset\tbf_imgs\unfocused\FieldPos203\FieldPos203_page_4.png,0,0.5355043411254883,test,tbf_imgs,hybrid_vit,
D:\Dineth\focus_binary_benchmark\dataset\tbf_imgs\unfocused\FieldPos203\FieldPos203_page_5.png,0,0.876552402973175,test,tbf_imgs,hybrid_vit,
D:\Dineth\focus_binary_benchmark\dataset\tbf_imgs\unfocused\FieldPos203\FieldPos203_page_9.png,0,0.1820648610591888,test,tbf_imgs,hybrid_vit,
D:\Dineth\focus_binary_benchmark\dataset\TBSI\focused\HH1\HH1 (6).JPG,1,0.9986435770988464,test,TBSI,hybrid_vit,
D:\Dineth\focus_binary_benchmark\dataset\TBSI\focused\HH3\HH3 (6).JPG,1,0.9991098046302797,test,TBSI,hybrid_vit,
D:\Dineth\focus_binary_benchmark\dataset\TBSI\focused\HH8\HH8 (6).JPG,1,0.9740089178085328,test,TBSI,hybrid_vit,
D:\Dineth\focus_binary_benchmark\dataset\TBSI\focused\HL8\HL8 (6).JPG,1,0.9974111318588256,test,TBSI,hybrid_vit,
D:\Dineth\focus_binary_benchmark\dataset\TBSI\focused\LH5\LH5 (4).JPG,1,0.9995836019515992,test,TBSI,hybrid_vit,
D:\Dineth\focus_binary_benchmark\dataset\TBSI\unfocused\HH1\HH1 (1).JPG,0,0.0001441842177882,test,TBSI,hybrid_vit,
D:\Dineth\focus_binary_benchmark\dataset\TBSI\unfocused\HH1\HH1 (10).JPG,0,8.716338925296441e-05,test,TBSI,hybrid_vit,
D:\Dineth\focus_binary_benchmark\dataset\TBSI\unfocused\HH1\HH1 (2).JPG,0,0.0002180999581469,test,TBSI,hybrid_vit,
D:\Dineth\focus_binary_benchmark\dataset\TBSI\unfocused\HH1\HH1 (3).JPG,0,0.0001811731635825,test,TBSI,hybrid_vit,
D:\Dineth\focus_binary_benchmark\dataset\TBSI\unfocused\HH1\HH1 (4).JPG,0,0.0005536111420951,test,TBSI,hybrid_vit,
D:\Dineth\focus_binary_benchmark\dataset\TBSI\unfocused\HH1\HH1 (8).JPG,0,0.0753048732876777,test,TBSI,hybrid_vit,
D:\Dineth\focus_binary_benchmark\dataset\TBSI\unfocused\HH1\HH1 (9).JPG,0,0.0002460176765453,test,TBSI,hybrid_vit,
D:\Dineth\focus_binary_benchmark\dataset\TBSI\unfocused\HH3\HH3 (1).JPG,0,7.633863424416631e-05,test,TBSI,hybrid_vit,
D:\Dineth\focus_binary_benchmark\dataset\TBSI\unfocused\HH3\HH3 (10).JPG,0,0.0001589181483723,test,TBSI,hybrid_vit,
D:\Dineth\focus_binary_benchmark\dataset\TBSI\unfocused\HH3\HH3 (2).JPG,0,0.0001523900573374,test,TBSI,hybrid_vit,
D:\Dineth\focus_binary_benchmark\dataset\TBSI\unfocused\HH3\HH3 (3).JPG,0,0.0002331625437363,test,TBSI,hybrid_vit,
D:\Dineth\focus_binary_benchmark\dataset\TBSI\unfocused\HH3\HH3 (4).JPG,0,0.0001423241919837,test,TBSI,hybrid_vit,
D:\Dineth\focus_binary_benchmark\dataset\TBSI\unfocused\HH3\HH3 (8).JPG,0,0.7904096841812134,test,TBSI,hybrid_vit,
D:\Dineth\focus_binary_benchmark\dataset\TBSI\unfocused\HH3\HH3 (9).JPG,0,0.0005311730783432,test,TBSI,hybrid_vit,
D:\Dineth\focus_binary_benchmark\dataset\TBSI\unfocused\HH8\HH8 (1).JPG,0,0.0001130434247897,test,TBSI,hybrid_vit,
D:\Dineth\focus_binary_benchmark\dataset\TBSI\unfocused\HH8\HH8 (10).JPG,0,0.0001418648753315,test,TBSI,hybrid_vit,
D:\Dineth\focus_binary_benchmark\dataset\TBSI\unfocused\HH8\HH8 (2).JPG,0,0.0001267834450118,test,TBSI,hybrid_vit,
D:\Dineth\focus_binary_benchmark\dataset\TBSI\unfocused\HH8\HH8 (3).JPG,0,9.618051990401e-05,test,TBSI,hybrid_vit,
D:\Dineth\focus_binary_benchmark\dataset\TBSI\unfocused\HH8\HH8 (4).JPG,0,0.0002277651656186,test,TBSI,hybrid_vit,
D:\Dineth\focus_binary_benchmark\dataset\TBSI\unfocused\HH8\HH8 (8).JPG,0,0.0123221529647707,test,TBSI,hybrid_vit,
D:\Dineth\focus_binary_benchmark\dataset\TBSI\unfocused\HH8\HH8 (9).JPG,0,0.0002805335971061,test,TBSI,hybrid_vit,
D:\Dineth\focus_binary_benchmark\dataset\TBSI\unfocused\HL8\HL8 (1).JPG,0,0.000277676503174,test,TBSI,hybrid_vit,
D:\Dineth\focus_binary_benchmark\dataset\TBSI\unfocused\HL8\HL8 (10).JPG,0,0.0001683733426034,test,TBSI,hybrid_vit,
D:\Dineth\focus_binary_benchmark\dataset\TBSI\unfocused\HL8\HL8 (2).JPG,0,0.000277676503174,test,TBSI,hybrid_vit,
D:\Dineth\focus_binary_benchmark\dataset\TBSI\unfocused\HL8\HL8 (3).JPG,0,0.0001811379188438,test,TBSI,hybrid_vit,
D:\Dineth\focus_binary_benchmark\dataset\TBSI\unfocused\HL8\HL8 (4).JPG,0,0.000647539331112,test,TBSI,hybrid_vit,
D:\Dineth\focus_binary_benchmark\dataset\TBSI\unfocused\HL8\HL8 (8).JPG,0,0.0007224143482744,test,TBSI,hybrid_vit,
D:\Dineth\focus_binary_benchmark\dataset\TBSI\unfocused\HL8\HL8 (9).JPG,0,0.0003308566811028,test,TBSI,hybrid_vit,
D:\Dineth\focus_binary_benchmark\dataset\TBSI\unfocused\LH5\LH5 (1).JPG,0,0.0001591695763636,test,TBSI,hybrid_vit,
D:\Dineth\focus_binary_benchmark\dataset\TBSI\unfocused\LH5\LH5 (10).JPG,0,0.0001611222978681,test,TBSI,hybrid_vit,
D:\Dineth\focus_binary_benchmark\dataset\TBSI\unfocused\LH5\LH5 (2).JPG,0,0.0002241385809611,test,TBSI,hybrid_vit,
D:\Dineth\focus_binary_benchmark\dataset\TBSI\unfocused\LH5\LH5 (6).JPG,0,0.0032139413524419,test,TBSI,hybrid_vit,
D:\Dineth\focus_binary_benchmark\dataset\TBSI\unfocused\LH5\LH5 (7).JPG,0,0.0002271130797453,test,TBSI,hybrid_vit,
D:\Dineth\focus_binary_benchmark\dataset\TBSI\unfocused\LH5\LH5 (8).JPG,0,0.0001921459770528,test,TBSI,hybrid_vit,
D:\Dineth\focus_binary_benchmark\dataset\TBSI\unfocused\LH5\LH5 (9).JPG,0,0.00021582939371,test,TBSI,hybrid_vit,
D:\Dineth\focus_binary_benchmark\dataset\wbc\focused\106\106_6.jpg,1,0.9975489377975464,test,wbc,hybrid_vit,
D:\Dineth\focus_binary_benchmark\dataset\wbc\focused\113\113_6.jpg,1,0.9991652369499208,test,wbc,hybrid_vit,
D:\Dineth\focus_binary_benchmark\dataset\wbc\focused\117\117_6.jpg,1,0.9988235235214232,test,wbc,hybrid_vit,
D:\Dineth\focus_binary_benchmark\dataset\wbc\focused\118\118_6.jpg,1,0.9987307786941528,test,wbc,hybrid_vit,
D:\Dineth\focus_binary_benchmark\dataset\wbc\focused\138\138_5.jpg,1,0.9992044568061828,test,wbc,hybrid_vit,
D:\Dineth\focus_binary_benchmark\dataset\wbc\focused\143\143_7.jpg,1,0.998031735420227,test,wbc,hybrid_vit,
D:\Dineth\focus_binary_benchmark\dataset\wbc\focused\145\145_6.jpg,1,0.1260176450014114,test,wbc,hybrid_vit,
D:\Dineth\focus_binary_benchmark\dataset\wbc\focused\19\19_5.jpg,1,0.9992384910583496,test,wbc,hybrid_vit,
D:\Dineth\focus_binary_benchmark\dataset\wbc\focused\2\2_6.jpg,1,0.9896182417869568,test,wbc,hybrid_vit,
D:\Dineth\focus_binary_benchmark\dataset\wbc\focused\22\22_5.jpg,1,0.999870538711548,test,wbc,hybrid_vit,
D:\Dineth\focus_binary_benchmark\dataset\wbc\focused\24\24_6.jpg,1,0.9998372793197632,test,wbc,hybrid_vit,
D:\Dineth\focus_binary_benchmark\dataset\wbc\focused\32\32_6.jpg,1,0.99980890750885,test,wbc,hybrid_vit,
D:\Dineth\focus_binary_benchmark\dataset\wbc\focused\33\33_6.jpg,1,0.9817380905151368,test,wbc,hybrid_vit,
D:\Dineth\focus_binary_benchmark\dataset\wbc\focused\41\41_5.jpg,1,0.9996264576911926,test,wbc,hybrid_vit,
D:\Dineth\focus_binary_benchmark\dataset\wbc\focused\49\49_6.jpg,1,0.6917675733566284,test,wbc,hybrid_vit,
D:\Dineth\focus_binary_benchmark\dataset\wbc\focused\50\50_7.jpg,1,0.8324084281921387,test,wbc,hybrid_vit,
D:\Dineth\focus_binary_benchmark\dataset\wbc\focused\58\58_6.jpg,1,0.963004469871521,test,wbc,hybrid_vit,
D:\Dineth\focus_binary_benchmark\dataset\wbc\focused\65\65_6.jpg,1,0.9821220636367798,test,wbc,hybrid_vit,
D:\Dineth\focus_binary_benchmark\dataset\wbc\focused\66\66_6.jpg,1,0.9998835921287536,test,wbc,hybrid_vit,
D:\Dineth\focus_binary_benchmark\dataset\wbc\focused\7\7_6.jpg,1,0.9994078874588012,test,wbc,hybrid_vit,
D:\Dineth\focus_binary_benchmark\dataset\wbc\focused\76\76_5.jpg,1,0.9948668479919434,test,wbc,hybrid_vit,
D:\Dineth\focus_binary_benchmark\dataset\wbc\focused\89\89_6.jpg,1,0.8995126485824585,test,wbc,hybrid_vit,
D:\Dineth\focus_binary_benchmark\dataset\wbc\unfocused\106\106_0.jpg,0,5.098119072499685e-05,test,wbc,hybrid_vit,
D:\Dineth\focus_binary_benchmark\dataset\wbc\unfocused\106\106_1.jpg,0,3.1471434340346605e-05,test,wbc,hybrid_vit,
D:\Dineth\focus_binary_benchmark\dataset\wbc\unfocused\106\106_2.jpg,0,4.687821274274029e-05,test,wbc,hybrid_vit,
D:\Dineth\focus_binary_benchmark\dataset\wbc\unfocused\106\106_3.jpg,0,4.071639705216512e-05,test,wbc,hybrid_vit,
D:\Dineth\focus_binary_benchmark\dataset\wbc\unfocused\106\106_4.jpg,0,0.0014422815293073,test,wbc,hybrid_vit,
D:\Dineth\focus_binary_benchmark\dataset\wbc\unfocused\106\106_8.jpg,0,0.0119755445048213,test,wbc,hybrid_vit,
D:\Dineth\focus_binary_benchmark\dataset\wbc\unfocused\106\106_9.jpg,0,5.02079346915707e-05,test,wbc,hybrid_vit,
D:\Dineth\focus_binary_benchmark\dataset\wbc\unfocused\113\113_0.jpg,0,5.841697566211224e-05,test,wbc,hybrid_vit,
D:\Dineth\focus_binary_benchmark\dataset\wbc\unfocused\113\113_1.jpg,0,0.000111860470497,test,wbc,hybrid_vit,
D:\Dineth\focus_binary_benchmark\dataset\wbc\unfocused\113\113_2.jpg,0,8.606972551206127e-05,test,wbc,hybrid_vit,
D:\Dineth\focus_binary_benchmark\dataset\wbc\unfocused\113\113_3.jpg,0,0.0001125472554122,test,wbc,hybrid_vit,
D:\Dineth\focus_binary_benchmark\dataset\wbc\unfocused\113\113_4.jpg,0,0.0003272896865382,test,wbc,hybrid_vit,
D:\Dineth\focus_binary_benchmark\dataset\wbc\unfocused\113\113_8.jpg,0,0.0843982622027397,test,wbc,hybrid_vit,
D:\Dineth\focus_binary_benchmark\dataset\wbc\unfocused\113\113_9.jpg,0,0.0002513806102797,test,wbc,hybrid_vit,
D:\Dineth\focus_binary_benchmark\dataset\wbc\unfocused\117\117_0.jpg,0,5.823775791213848e-05,test,wbc,hybrid_vit,
D:\Dineth\focus_binary_benchmark\dataset\wbc\unfocused\117\117_1.jpg,0,4.9950191169045866e-05,test,wbc,hybrid_vit,
D:\Dineth\focus_binary_benchmark\dataset\wbc\unfocused\117\117_2.jpg,0,5.1402686949586496e-05,test,wbc,hybrid_vit,
D:\Dineth\focus_binary_benchmark\dataset\wbc\unfocused\117\117_3.jpg,0,5.752490324084647e-05,test,wbc,hybrid_vit,
D:\Dineth\focus_binary_benchmark\dataset\wbc\unfocused\117\117_4.jpg,0,0.000215243504499,test,wbc,hybrid_vit,
D:\Dineth\focus_binary_benchmark\dataset\wbc\unfocused\117\117_8.jpg,0,0.0524114519357681,test,wbc,hybrid_vit,
D:\Dineth\focus_binary_benchmark\dataset\wbc\unfocused\117\117_9.jpg,0,0.0010527620324864,test,wbc,hybrid_vit,
D:\Dineth\focus_binary_benchmark\dataset\wbc\unfocused\118\118_0.jpg,0,0.0001110873636207,test,wbc,hybrid_vit,
D:\Dineth\focus_binary_benchmark\dataset\wbc\unfocused\118\118_1.jpg,0,0.0001111230667447,test,wbc,hybrid_vit,
D:\Dineth\focus_binary_benchmark\dataset\wbc\unfocused\118\118_2.jpg,0,0.0005722295609302,test,wbc,hybrid_vit,
D:\Dineth\focus_binary_benchmark\dataset\wbc\unfocused\118\118_3.jpg,0,0.0002289954572916,test,wbc,hybrid_vit,
D:\Dineth\focus_binary_benchmark\dataset\wbc\unfocused\118\118_4.jpg,0,0.0162137653678655,test,wbc,hybrid_vit,
D:\Dineth\focus_binary_benchmark\dataset\wbc\unfocused\118\118_8.jpg,0,0.0003118609311059,test,wbc,hybrid_vit,
D:\Dineth\focus_binary_benchmark\dataset\wbc\unfocused\118\118_9.jpg,0,4.551860183710232e-05,test,wbc,hybrid_vit,
D:\Dineth\focus_binary_benchmark\dataset\wbc\unfocused\138\138_0.jpg,0,6.575154839083552e-05,test,wbc,hybrid_vit,
D:\Dineth\focus_binary_benchmark\dataset\wbc\unfocused\138\138_1.jpg,0,0.0002226811629952,test,wbc,hybrid_vit,
D:\Dineth\focus_binary_benchmark\dataset\wbc\unfocused\138\138_2.jpg,0,0.0002901771513279,test,wbc,hybrid_vit,
D:\Dineth\focus_binary_benchmark\dataset\wbc\unfocused\138\138_3.jpg,0,0.0007381999166682,test,wbc,hybrid_vit,
D:\Dineth\focus_binary_benchmark\dataset\wbc\unfocused\138\138_7.jpg,0,0.0298500433564186,test,wbc,hybrid_vit,
D:\Dineth\focus_binary_benchmark\dataset\wbc\unfocused\138\138_8.jpg,0,7.595667557325214e-05,test,wbc,hybrid_vit,
D:\Dineth\focus_binary_benchmark\dataset\wbc\unfocused\138\138_9.jpg,0,5.3516021580435336e-05,test,wbc,hybrid_vit,
D:\Dineth\focus_binary_benchmark\dataset\wbc\unfocused\143\143_0.jpg,0,4.683741281041876e-05,test,wbc,hybrid_vit,
D:\Dineth\focus_binary_benchmark\dataset\wbc\unfocused\143\143_1.jpg,0,0.0001126211136579,test,wbc,hybrid_vit,
D:\Dineth\focus_binary_benchmark\dataset\wbc\unfocused\143\143_2.jpg,0,0.0002300395135534,test,wbc,hybrid_vit,
D:\Dineth\focus_binary_benchmark\dataset\wbc\unfocused\143\143_3.jpg,0,0.0001051081344485,test,wbc,hybrid_vit,
D:\Dineth\focus_binary_benchmark\dataset\wbc\unfocused\143\143_4.jpg,0,0.0002140495198545,test,wbc,hybrid_vit,
D:\Dineth\focus_binary_benchmark\dataset\wbc\unfocused\143\143_5.jpg,0,0.8693761229515076,test,wbc,hybrid_vit,
D:\Dineth\focus_binary_benchmark\dataset\wbc\unfocused\143\143_9.jpg,0,0.001200346276164,test,wbc,hybrid_vit,
D:\Dineth\focus_binary_benchmark\dataset\wbc\unfocused\145\145_0.jpg,0,6.094187119742856e-05,test,wbc,hybrid_vit,
D:\Dineth\focus_binary_benchmark\dataset\wbc\unfocused\145\145_1.jpg,0,7.953698514029384e-05,test,wbc,hybrid_vit,
D:\Dineth\focus_binary_benchmark\dataset\wbc\unfocused\145\145_2.jpg,0,8.321370842168108e-05,test,wbc,hybrid_vit,
D:\Dineth\focus_binary_benchmark\dataset\wbc\unfocused\145\145_3.jpg,0,0.0002202505274908,test,wbc,hybrid_vit,
D:\Dineth\focus_binary_benchmark\dataset\wbc\unfocused\145\145_4.jpg,0,0.1723214238882064,test,wbc,hybrid_vit,
D:\Dineth\focus_binary_benchmark\dataset\wbc\unfocused\145\145_8.jpg,0,9.736846550367773e-05,test,wbc,hybrid_vit,
D:\Dineth\focus_binary_benchmark\dataset\wbc\unfocused\145\145_9.jpg,0,4.378837184049189e-05,test,wbc,hybrid_vit,
D:\Dineth\focus_binary_benchmark\dataset\wbc\unfocused\19\19_0.jpg,0,4.9111386033473536e-05,test,wbc,hybrid_vit,
D:\Dineth\focus_binary_benchmark\dataset\wbc\unfocused\19\19_1.jpg,0,8.513792272424325e-05,test,wbc,hybrid_vit,
D:\Dineth\focus_binary_benchmark\dataset\wbc\unfocused\19\19_2.jpg,0,0.0001527540589449,test,wbc,hybrid_vit,
D:\Dineth\focus_binary_benchmark\dataset\wbc\unfocused\19\19_3.jpg,0,0.0004586507566273,test,wbc,hybrid_vit,
D:\Dineth\focus_binary_benchmark\dataset\wbc\unfocused\19\19_7.jpg,0,0.000201855553314,test,wbc,hybrid_vit,
D:\Dineth\focus_binary_benchmark\dataset\wbc\unfocused\19\19_8.jpg,0,4.905273817712441e-05,test,wbc,hybrid_vit,
D:\Dineth\focus_binary_benchmark\dataset\wbc\unfocused\19\19_9.jpg,0,3.007471968885511e-05,test,wbc,hybrid_vit,
D:\Dineth\focus_binary_benchmark\dataset\wbc\unfocused\2\2_0.jpg,0,4.212704880046658e-05,test,wbc,hybrid_vit,
D:\Dineth\focus_binary_benchmark\dataset\wbc\unfocused\2\2_1.jpg,0,5.389521538745612e-05,test,wbc,hybrid_vit,
D:\Dineth\focus_binary_benchmark\dataset\wbc\unfocused\2\2_2.jpg,0,6.707560532959178e-05,test,wbc,hybrid_vit,
D:\Dineth\focus_binary_benchmark\dataset\wbc\unfocused\2\2_3.jpg,0,5.5724423873471096e-05,test,wbc,hybrid_vit,
D:\Dineth\focus_binary_benchmark\dataset\wbc\unfocused\2\2_4.jpg,0,0.0002641028549987,test,wbc,hybrid_vit,
D:\Dineth\focus_binary_benchmark\dataset\wbc\unfocused\2\2_8.jpg,0,0.0008561951108276,test,wbc,hybrid_vit,
D:\Dineth\focus_binary_benchmark\dataset\wbc\unfocused\2\2_9.jpg,0,9.72316920524463e-05,test,wbc,hybrid_vit,
D:\Dineth\focus_binary_benchmark\dataset\wbc\unfocused\22\22_0.jpg,0,0.0001354319101665,test,wbc,hybrid_vit,
D:\Dineth\focus_binary_benchmark\dataset\wbc\unfocused\22\22_1.jpg,0,0.0001385012146783,test,wbc,hybrid_vit,
D:\Dineth\focus_binary_benchmark\dataset\wbc\unfocused\22\22_2.jpg,0,0.0001051034269039,test,wbc,hybrid_vit,
D:\Dineth\focus_binary_benchmark\dataset\wbc\unfocused\22\22_3.jpg,0,0.0001967727584997,test,wbc,hybrid_vit,
D:\Dineth\focus_binary_benchmark\dataset\wbc\unfocused\22\22_7.jpg,0,0.0117118274793028,test,wbc,hybrid_vit,
D:\Dineth\focus_binary_benchmark\dataset\wbc\unfocused\22\22_8.jpg,0,0.0001257538824575,test,wbc,hybrid_vit,
D:\Dineth\focus_binary_benchmark\dataset\wbc\unfocused\22\22_9.jpg,0,7.284023013198748e-05,test,wbc,hybrid_vit,
D:\Dineth\focus_binary_benchmark\dataset\wbc\unfocused\24\24_0.jpg,0,0.0002770136052276,test,wbc,hybrid_vit,
D:\Dineth\focus_binary_benchmark\dataset\wbc\unfocused\24\24_1.jpg,0,0.000125916005345,test,wbc,hybrid_vit,
D:\Dineth\focus_binary_benchmark\dataset\wbc\unfocused\24\24_2.jpg,0,8.778808842180297e-05,test,wbc,hybrid_vit,
D:\Dineth\focus_binary_benchmark\dataset\wbc\unfocused\24\24_3.jpg,0,0.0001164772402262,test,wbc,hybrid_vit,
D:\Dineth\focus_binary_benchmark\dataset\wbc\unfocused\24\24_4.jpg,0,0.0499100498855114,test,wbc,hybrid_vit,
D:\Dineth\focus_binary_benchmark\dataset\wbc\unfocused\24\24_8.jpg,0,0.0045438115485012,test,wbc,hybrid_vit,
D:\Dineth\focus_binary_benchmark\dataset\wbc\unfocused\24\24_9.jpg,0,3.716972059919499e-05,test,wbc,hybrid_vit,
D:\Dineth\focus_binary_benchmark\dataset\wbc\unfocused\32\32_0.jpg,0,0.0001518158824183,test,wbc,hybrid_vit,
D:\Dineth\focus_binary_benchmark\dataset\wbc\unfocused\32\32_1.jpg,0,0.0001492761075496,test,wbc,hybrid_vit,
D:\Dineth\focus_binary_benchmark\dataset\wbc\unfocused\32\32_2.jpg,0,0.0001911542494781,test,wbc,hybrid_vit,
D:\Dineth\focus_binary_benchmark\dataset\wbc\unfocused\32\32_3.jpg,0,0.0004936252371408,test,wbc,hybrid_vit,
D:\Dineth\focus_binary_benchmark\dataset\wbc\unfocused\32\32_4.jpg,0,0.000937083386816,test,wbc,hybrid_vit,
D:\Dineth\focus_binary_benchmark\dataset\wbc\unfocused\32\32_8.jpg,0,0.0123024955391883,test,wbc,hybrid_vit,
D:\Dineth\focus_binary_benchmark\dataset\wbc\unfocused\32\32_9.jpg,0,0.0003622065996751,test,wbc,hybrid_vit,
D:\Dineth\focus_binary_benchmark\dataset\wbc\unfocused\33\33_0.jpg,0,7.903247023932636e-05,test,wbc,hybrid_vit,
D:\Dineth\focus_binary_benchmark\dataset\wbc\unfocused\33\33_1.jpg,0,0.0001205860389745,test,wbc,hybrid_vit,
D:\Dineth\focus_binary_benchmark\dataset\wbc\unfocused\33\33_2.jpg,0,0.0002748982515186,test,wbc,hybrid_vit,
D:\Dineth\focus_binary_benchmark\dataset\wbc\unfocused\33\33_3.jpg,0,0.0001131247263401,test,wbc,hybrid_vit,
D:\Dineth\focus_binary_benchmark\dataset\wbc\unfocused\33\33_4.jpg,0,0.0002465288271196,test,wbc,hybrid_vit,
D:\Dineth\focus_binary_benchmark\dataset\wbc\unfocused\33\33_8.jpg,0,0.0025240092072635,test,wbc,hybrid_vit,
D:\Dineth\focus_binary_benchmark\dataset\wbc\unfocused\33\33_9.jpg,0,7.782775355735794e-05,test,wbc,hybrid_vit,
D:\Dineth\focus_binary_benchmark\dataset\wbc\unfocused\41\41_0.jpg,0,0.0001539710210636,test,wbc,hybrid_vit,
D:\Dineth\focus_binary_benchmark\dataset\wbc\unfocused\41\41_1.jpg,0,0.0001343623589491,test,wbc,hybrid_vit,
D:\Dineth\focus_binary_benchmark\dataset\wbc\unfocused\41\41_2.jpg,0,9.312222391599788e-05,test,wbc,hybrid_vit,
D:\Dineth\focus_binary_benchmark\dataset\wbc\unfocused\41\41_3.jpg,0,0.0465420596301555,test,wbc,hybrid_vit,
D:\Dineth\focus_binary_benchmark\dataset\wbc\unfocused\41\41_7.jpg,0,0.0238586999475955,test,wbc,hybrid_vit,
D:\Dineth\focus_binary_benchmark\dataset\wbc\unfocused\41\41_8.jpg,0,0.0001788109802873,test,wbc,hybrid_vit,
D:\Dineth\focus_binary_benchmark\dataset\wbc\unfocused\41\41_9.jpg,0,4.8871526814764366e-05,test,wbc,hybrid_vit,
D:\Dineth\focus_binary_benchmark\dataset\wbc\unfocused\49\49_0.jpg,0,3.787353489315137e-05,test,wbc,hybrid_vit,
D:\Dineth\focus_binary_benchmark\dataset\wbc\unfocused\49\49_1.jpg,0,3.877490235026926e-05,test,wbc,hybrid_vit,
D:\Dineth\focus_binary_benchmark\dataset\wbc\unfocused\49\49_2.jpg,0,9.418954141438007e-05,test,wbc,hybrid_vit,
D:\Dineth\focus_binary_benchmark\dataset\wbc\unfocused\49\49_3.jpg,0,0.000192382998648,test,wbc,hybrid_vit,
D:\Dineth\focus_binary_benchmark\dataset\wbc\unfocused\49\49_4.jpg,0,0.0005159758147783,test,wbc,hybrid_vit,
D:\Dineth\focus_binary_benchmark\dataset\wbc\unfocused\49\49_8.jpg,0,0.0001086896299966,test,wbc,hybrid_vit,
D:\Dineth\focus_binary_benchmark\dataset\wbc\unfocused\49\49_9.jpg,0,8.260296453954652e-05,test,wbc,hybrid_vit,
D:\Dineth\focus_binary_benchmark\dataset\wbc\unfocused\50\50_0.jpg,0,3.515589560265653e-05,test,wbc,hybrid_vit,
D:\Dineth\focus_binary_benchmark\dataset\wbc\unfocused\50\50_1.jpg,0,3.291247776360251e-05,test,wbc,hybrid_vit,
D:\Dineth\focus_binary_benchmark\dataset\wbc\unfocused\50\50_2.jpg,0,4.7056157200131565e-05,test,wbc,hybrid_vit,
D:\Dineth\focus_binary_benchmark\dataset\wbc\unfocused\50\50_3.jpg,0,0.0001700049615465,test,wbc,hybrid_vit,
D:\Dineth\focus_binary_benchmark\dataset\wbc\unfocused\50\50_4.jpg,0,0.0002142614684998,test,wbc,hybrid_vit,
D:\Dineth\focus_binary_benchmark\dataset\wbc\unfocused\50\50_5.jpg,0,0.0759138464927673,test,wbc,hybrid_vit,
D:\Dineth\focus_binary_benchmark\dataset\wbc\unfocused\50\50_9.jpg,0,0.0001477382465964,test,wbc,hybrid_vit,
D:\Dineth\focus_binary_benchmark\dataset\wbc\unfocused\58\58_0.jpg,0,5.969736957922578e-05,test,wbc,hybrid_vit,
D:\Dineth\focus_binary_benchmark\dataset\wbc\unfocused\58\58_1.jpg,0,6.607444811379537e-05,test,wbc,hybrid_vit,
D:\Dineth\focus_binary_benchmark\dataset\wbc\unfocused\58\58_2.jpg,0,5.233514457358979e-05,test,wbc,hybrid_vit,
D:\Dineth\focus_binary_benchmark\dataset\wbc\unfocused\58\58_3.jpg,0,0.0001106839699787,test,wbc,hybrid_vit,
D:\Dineth\focus_binary_benchmark\dataset\wbc\unfocused\58\58_4.jpg,0,0.022695068269968,test,wbc,hybrid_vit,
D:\Dineth\focus_binary_benchmark\dataset\wbc\unfocused\58\58_8.jpg,0,0.0023591509088873,test,wbc,hybrid_vit,
D:\Dineth\focus_binary_benchmark\dataset\wbc\unfocused\58\58_9.jpg,0,0.0001601202238816,test,wbc,hybrid_vit,
D:\Dineth\focus_binary_benchmark\dataset\wbc\unfocused\65\65_0.jpg,0,4.329008879722096e-05,test,wbc,hybrid_vit,
D:\Dineth\focus_binary_benchmark\dataset\wbc\unfocused\65\65_1.jpg,0,4.561463720165193e-05,test,wbc,hybrid_vit,
D:\Dineth\focus_binary_benchmark\dataset\wbc\unfocused\65\65_2.jpg,0,5.79294610361103e-05,test,wbc,hybrid_vit,
D:\Dineth\focus_binary_benchmark\dataset\wbc\unfocused\65\65_3.jpg,0,6.103713531047106e-05,test,wbc,hybrid_vit,
D:\Dineth\focus_binary_benchmark\dataset\wbc\unfocused\65\65_4.jpg,0,0.0008390304283238,test,wbc,hybrid_vit,
D:\Dineth\focus_binary_benchmark\dataset\wbc\unfocused\65\65_8.jpg,0,0.0003228299319744,test,wbc,hybrid_vit,
D:\Dineth\focus_binary_benchmark\dataset\wbc\unfocused\65\65_9.jpg,0,0.0001182353662443,test,wbc,hybrid_vit,
D:\Dineth\focus_binary_benchmark\dataset\wbc\unfocused\66\66_0.jpg,0,3.898234353982844e-05,test,wbc,hybrid_vit,
D:\Dineth\focus_binary_benchmark\dataset\wbc\unfocused\66\66_1.jpg,0,6.114135612733662e-05,test,wbc,hybrid_vit,
D:\Dineth\focus_binary_benchmark\dataset\wbc\unfocused\66\66_2.jpg,0,6.472711538663134e-05,test,wbc,hybrid_vit,
D:\Dineth\focus_binary_benchmark\dataset\wbc\unfocused\66\66_3.jpg,0,8.464436541544273e-05,test,wbc,hybrid_vit,
D:\Dineth\focus_binary_benchmark\dataset\wbc\unfocused\66\66_4.jpg,0,0.0003067702637054,test,wbc,hybrid_vit,
D:\Dineth\focus_binary_benchmark\dataset\wbc\unfocused\66\66_8.jpg,0,0.0017686504870653,test,wbc,hybrid_vit,
D:\Dineth\focus_binary_benchmark\dataset\wbc\unfocused\66\66_9.jpg,0,6.393239891622216e-05,test,wbc,hybrid_vit,
D:\Dineth\focus_binary_benchmark\dataset\wbc\unfocused\7\7_0.jpg,0,9.269067959394306e-05,test,wbc,hybrid_vit,
D:\Dineth\focus_binary_benchmark\dataset\wbc\unfocused\7\7_1.jpg,0,0.0011729755206033,test,wbc,hybrid_vit,
D:\Dineth\focus_binary_benchmark\dataset\wbc\unfocused\7\7_2.jpg,0,0.0002313228760613,test,wbc,hybrid_vit,
D:\Dineth\focus_binary_benchmark\dataset\wbc\unfocused\7\7_3.jpg,0,0.0002298338804394,test,wbc,hybrid_vit,
D:\Dineth\focus_binary_benchmark\dataset\wbc\unfocused\7\7_4.jpg,0,0.0010372041724622,test,wbc,hybrid_vit,
D:\Dineth\focus_binary_benchmark\dataset\wbc\unfocused\7\7_8.jpg,0,0.0003284139384049,test,wbc,hybrid_vit,
D:\Dineth\focus_binary_benchmark\dataset\wbc\unfocused\7\7_9.jpg,0,0.0001356527791358,test,wbc,hybrid_vit,
D:\Dineth\focus_binary_benchmark\dataset\wbc\unfocused\76\76_0.jpg,0,4.8691410484025255e-05,test,wbc,hybrid_vit,
D:\Dineth\focus_binary_benchmark\dataset\wbc\unfocused\76\76_1.jpg,0,4.182949123787694e-05,test,wbc,hybrid_vit,
D:\Dineth\focus_binary_benchmark\dataset\wbc\unfocused\76\76_2.jpg,0,5.99088343733456e-05,test,wbc,hybrid_vit,
D:\Dineth\focus_binary_benchmark\dataset\wbc\unfocused\76\76_3.jpg,0,9.187221439788118e-05,test,wbc,hybrid_vit,
D:\Dineth\focus_binary_benchmark\dataset\wbc\unfocused\76\76_7.jpg,0,0.0019135061884298,test,wbc,hybrid_vit,
D:\Dineth\focus_binary_benchmark\dataset\wbc\unfocused\76\76_8.jpg,0,0.000105631435872,test,wbc,hybrid_vit,
D:\Dineth\focus_binary_benchmark\dataset\wbc\unfocused\76\76_9.jpg,0,4.576958235702477e-05,test,wbc,hybrid_vit,
D:\Dineth\focus_binary_benchmark\dataset\wbc\unfocused\89\89_0.jpg,0,6.790292536607012e-05,test,wbc,hybrid_vit,
D:\Dineth\focus_binary_benchmark\dataset\wbc\unfocused\89\89_1.jpg,0,8.182986493920907e-05,test,wbc,hybrid_vit,
D:\Dineth\focus_binary_benchmark\dataset\wbc\unfocused\89\89_2.jpg,0,0.0001874746667454,test,wbc,hybrid_vit,
D:\Dineth\focus_binary_benchmark\dataset\wbc\unfocused\89\89_3.jpg,0,0.0001910924911499,test,wbc,hybrid_vit,
D:\Dineth\focus_binary_benchmark\dataset\wbc\unfocused\89\89_4.jpg,0,0.0378172695636749,test,wbc,hybrid_vit,
D:\Dineth\focus_binary_benchmark\dataset\wbc\unfocused\89\89_8.jpg,0,0.0003539899480529,test,wbc,hybrid_vit,
D:\Dineth\focus_binary_benchmark\dataset\wbc\unfocused\89\89_9.jpg,0,7.265057502081618e-05,test,wbc,hybrid_vit,
D:\Dineth\focus_binary_benchmark\dataset\bma\focused\pos002_2\pos002_2_page_2.png,1,0.0240744818001985,test,bma,transfer,
D:\Dineth\focus_binary_benchmark\dataset\bma\focused\pos003_3\pos003_3_page_6.png,1,0.5316493511199951,test,bma,transfer,
D:\Dineth\focus_binary_benchmark\dataset\bma\focused\pos004_3\pos004_3_page_11.png,1,0.9535395503044128,test,bma,transfer,
D:\Dineth\focus_binary_benchmark\dataset\bma\focused\pos005_2\pos005_2_page_10.png,1,0.4496471285820007,test,bma,transfer,
D:\Dineth\focus_binary_benchmark\dataset\bma\focused\pos006_1\pos006_1_page_8.png,1,0.596741795539856,test,bma,transfer,
D:\Dineth\focus_binary_benchmark\dataset\bma\unfocused\pos002_2\pos002_2_page_1.png,0,0.0232405494898557,test,bma,transfer,
D:\Dineth\focus_binary_benchmark\dataset\bma\unfocused\pos002_2\pos002_2_page_10.png,0,0.021793657913804,test,bma,transfer,
D:\Dineth\focus_binary_benchmark\dataset\bma\unfocused\pos002_2\pos002_2_page_11.png,0,0.0397574827075004,test,bma,transfer,
D:\Dineth\focus_binary_benchmark\dataset\bma\unfocused\pos002_2\pos002_2_page_12.png,0,0.0251937210559844,test,bma,transfer,
D:\Dineth\focus_binary_benchmark\dataset\bma\unfocused\pos002_2\pos002_2_page_13.png,0,0.0258366502821445,test,bma,transfer,
D:\Dineth\focus_binary_benchmark\dataset\bma\unfocused\pos002_2\pos002_2_page_4.png,0,0.0195437129586935,test,bma,transfer,
D:\Dineth\focus_binary_benchmark\dataset\bma\unfocused\pos002_2\pos002_2_page_5.png,0,0.0097610866650938,test,bma,transfer,
D:\Dineth\focus_binary_benchmark\dataset\bma\unfocused\pos002_2\pos002_2_page_6.png,0,0.0099253226071596,test,bma,transfer,
D:\Dineth\focus_binary_benchmark\dataset\bma\unfocused\pos002_2\pos002_2_page_7.png,0,0.0072457110509276,test,bma,transfer,
D:\Dineth\focus_binary_benchmark\dataset\bma\unfocused\pos002_2\pos002_2_page_8.png,0,0.0129314847290515,test,bma,transfer,
D:\Dineth\focus_binary_benchmark\dataset\bma\unfocused\pos002_2\pos002_2_page_9.png,0,0.0170729160308837,test,bma,transfer,
D:\Dineth\focus_binary_benchmark\dataset\bma\unfocused\pos003_3\pos003_3_page_1.png,0,0.0073016476817429,test,bma,transfer,
D:\Dineth\focus_binary_benchmark\dataset\bma\unfocused\pos003_3\pos003_3_page_10.png,0,0.0047826995141804,test,bma,transfer,
D:\Dineth\focus_binary_benchmark\dataset\bma\unfocused\pos003_3\pos003_3_page_11.png,0,0.0041892123408615,test,bma,transfer,
D:\Dineth\focus_binary_benchmark\dataset\bma\unfocused\pos003_3\pos003_3_page_12.png,0,0.00479157269001,test,bma,transfer,
D:\Dineth\focus_binary_benchmark\dataset\bma\unfocused\pos003_3\pos003_3_page_13.png,0,0.0073831346817314,test,bma,transfer,
D:\Dineth\focus_binary_benchmark\dataset\bma\unfocused\pos003_3\pos003_3_page_14.png,0,0.0090112080797553,test,bma,transfer,
D:\Dineth\focus_binary_benchmark\dataset\bma\unfocused\pos003_3\pos003_3_page_2.png,0,0.0069841863587498,test,bma,transfer,
D:\Dineth\focus_binary_benchmark\dataset\bma\unfocused\pos003_3\pos003_3_page_3.png,0,0.0136153697967529,test,bma,transfer,
D:\Dineth\focus_binary_benchmark\dataset\bma\unfocused\pos003_3\pos003_3_page_4.png,0,0.0349041745066642,test,bma,transfer,
D:\Dineth\focus_binary_benchmark\dataset\bma\unfocused\pos003_3\pos003_3_page_8.png,0,0.0182118061929941,test,bma,transfer,
D:\Dineth\focus_binary_benchmark\dataset\bma\unfocused\pos003_3\pos003_3_page_9.png,0,0.0071057137101888,test,bma,transfer,
D:\Dineth\focus_binary_benchmark\dataset\bma\unfocused\pos004_3\pos004_3_page_1.png,0,0.0017432732274755,test,bma,transfer,
D:\Dineth\focus_binary_benchmark\dataset\bma\unfocused\pos004_3\pos004_3_page_13.png,0,0.2914081811904907,test,bma,transfer,
D:\Dineth\focus_binary_benchmark\dataset\bma\unfocused\pos004_3\pos004_3_page_14.png,0,0.0338390581309795,test,bma,transfer,
D:\Dineth\focus_binary_benchmark\dataset\bma\unfocused\pos004_3\pos004_3_page_2.png,0,0.0017958644311875,test,bma,transfer,
D:\Dineth\focus_binary_benchmark\dataset\bma\unfocused\pos004_3\pos004_3_page_3.png,0,0.0021525584161281,test,bma,transfer,
D:\Dineth\focus_binary_benchmark\dataset\bma\unfocused\pos004_3\pos004_3_page_4.png,0,0.0024709054268896,test,bma,transfer,
D:\Dineth\focus_binary_benchmark\dataset\bma\unfocused\pos004_3\pos004_3_page_5.png,0,0.0028651540633291,test,bma,transfer,
D:\Dineth\focus_binary_benchmark\dataset\bma\unfocused\pos004_3\pos004_3_page_6.png,0,0.0040423469617962,test,bma,transfer,
D:\Dineth\focus_binary_benchmark\dataset\bma\unfocused\pos004_3\pos004_3_page_7.png,0,0.0097490642219781,test,bma,transfer,
D:\Dineth\focus_binary_benchmark\dataset\bma\unfocused\pos004_3\pos004_3_page_8.png,0,0.0291912984102964,test,bma,transfer,
D:\Dineth\focus_binary_benchmark\dataset\bma\unfocused\pos004_3\pos004_3_page_9.png,0,0.2172856926918029,test,bma,transfer,
D:\Dineth\focus_binary_benchmark\dataset\bma\unfocused\pos005_2\pos005_2_page_12.png,0,0.046014379709959,test,bma,transfer,
D:\Dineth\focus_binary_benchmark\dataset\bma\unfocused\pos005_2\pos005_2_page_13.png,0,0.0128527553752064,test,bma,transfer,
D:\Dineth\focus_binary_benchmark\dataset\bma\unfocused\pos005_2\pos005_2_page_14.png,0,0.0023552733473479,test,bma,transfer,
D:\Dineth\focus_binary_benchmark\dataset\bma\unfocused\pos005_2\pos005_2_page_2.png,0,0.0012295751366764,test,bma,transfer,
D:\Dineth\focus_binary_benchmark\dataset\bma\unfocused\pos005_2\pos005_2_page_3.png,0,0.0007172334589995,test,bma,transfer,
D:\Dineth\focus_binary_benchmark\dataset\bma\unfocused\pos005_2\pos005_2_page_4.png,0,0.0007064467063173,test,bma,transfer,
D:\Dineth\focus_binary_benchmark\dataset\bma\unfocused\pos005_2\pos005_2_page_5.png,0,0.0005574997630901,test,bma,transfer,
D:\Dineth\focus_binary_benchmark\dataset\bma\unfocused\pos005_2\pos005_2_page_6.png,0,0.0007264920859597,test,bma,transfer,
D:\Dineth\focus_binary_benchmark\dataset\bma\unfocused\pos005_2\pos005_2_page_7.png,0,0.0015661348588764,test,bma,transfer,
D:\Dineth\focus_binary_benchmark\dataset\bma\unfocused\pos005_2\pos005_2_page_8.png,0,0.0052196877077221,test,bma,transfer,
D:\Dineth\focus_binary_benchmark\dataset\bma\unfocused\pos005_2\pos005_2_page_9.png,0,0.0628398060798645,test,bma,transfer,
D:\Dineth\focus_binary_benchmark\dataset\bma\unfocused\pos006_1\pos006_1_page_1.png,0,0.0020619966089725,test,bma,transfer,
D:\Dineth\focus_binary_benchmark\dataset\bma\unfocused\pos006_1\pos006_1_page_10.png,0,0.8374581336975098,test,bma,transfer,
D:\Dineth\focus_binary_benchmark\dataset\bma\unfocused\pos006_1\pos006_1_page_11.png,0,0.4445520937442779,test,bma,transfer,
D:\Dineth\focus_binary_benchmark\dataset\bma\unfocused\pos006_1\pos006_1_page_12.png,0,0.0701978430151939,test,bma,transfer,
D:\Dineth\focus_binary_benchmark\dataset\bma\unfocused\pos006_1\pos006_1_page_13.png,0,0.0108121186494827,test,bma,transfer,
D:\Dineth\focus_binary_benchmark\dataset\bma\unfocused\pos006_1\pos006_1_page_14.png,0,0.0044732484966516,test,bma,transfer,
D:\Dineth\focus_binary_benchmark\dataset\bma\unfocused\pos006_1\pos006_1_page_2.png,0,0.0014710004907101,test,bma,transfer,
D:\Dineth\focus_binary_benchmark\dataset\bma\unfocused\pos006_1\pos006_1_page_3.png,0,0.0013739314163103,test,bma,transfer,
D:\Dineth\focus_binary_benchmark\dataset\bma\unfocused\pos006_1\pos006_1_page_4.png,0,0.0031782644800841,test,bma,transfer,
D:\Dineth\focus_binary_benchmark\dataset\bma\unfocused\pos006_1\pos006_1_page_5.png,0,0.0066492957994341,test,bma,transfer,
D:\Dineth\focus_binary_benchmark\dataset\bma\unfocused\pos006_1\pos006_1_page_6.png,0,0.0217613875865936,test,bma,transfer,
D:\Dineth\focus_binary_benchmark\dataset\pbs_imgs\focused\FieldPos207_Cam01_RGB_MB\FieldPos207_Cam01_RGB_MB_page_7.png,1,0.1017249301075935,test,pbs_imgs,transfer,
D:\Dineth\focus_binary_benchmark\dataset\pbs_imgs\focused\FieldPos217_Cam01_RGB_MB\FieldPos217_Cam01_RGB_MB_page_2.png,1,0.7754166722297668,test,pbs_imgs,transfer,
D:\Dineth\focus_binary_benchmark\dataset\pbs_imgs\focused\FieldPos280_Cam01_RGB_MB\FieldPos280_Cam01_RGB_MB_page_5.png,1,0.7609776258468628,test,pbs_imgs,transfer,
D:\Dineth\focus_binary_benchmark\dataset\pbs_imgs\focused\FieldPos301_Cam01_RGB_MB\FieldPos301_Cam01_RGB_MB_page_10.png,1,0.8522283434867859,test,pbs_imgs,transfer,
D:\Dineth\focus_binary_benchmark\dataset\pbs_imgs\focused\FieldPos322_Cam01_RGB_MB\FieldPos322_Cam01_RGB_MB_page_5.png,1,0.4149228930473327,test,pbs_imgs,transfer,
D:\Dineth\focus_binary_benchmark\dataset\pbs_imgs\focused\FieldPos344_Cam01_RGB_MB\FieldPos344_Cam01_RGB_MB_page_10.png,1,0.7399587631225586,test,pbs_imgs,transfer,
D:\Dineth\focus_binary_benchmark\dataset\pbs_imgs\focused\FieldPos356_Cam01_RGB_MB\FieldPos356_Cam01_RGB_MB_page_4.png,1,0.9774174094200134,test,pbs_imgs,transfer,
D:\Dineth\focus_binary_benchmark\dataset\pbs_imgs\focused\FieldPos357_Cam01_RGB_MB\FieldPos357_Cam01_RGB_MB_page_4.png,1,0.9666156768798828,test,pbs_imgs,transfer,
D:\Dineth\focus_binary_benchmark\dataset\pbs_imgs\focused\FieldPos430_Cam01_RGB_MB\FieldPos430_Cam01_RGB_MB_page_8.png,1,0.9718204736709596,test,pbs_imgs,transfer,
D:\Dineth\focus_binary_benchmark\dataset\pbs_imgs\focused\FieldPos434_Cam01_RGB_MB\FieldPos434_Cam01_RGB_MB_page_7.png,1,0.7890855669975281,test,pbs_imgs,transfer,
D:\Dineth\focus_binary_benchmark\dataset\pbs_imgs\focused\FieldPos469_Cam01_RGB_MB\FieldPos469_Cam01_RGB_MB_page_11.png,1,0.474965751171112,test,pbs_imgs,transfer,
D:\Dineth\focus_binary_benchmark\dataset\pbs_imgs\unfocused\FieldPos207_Cam01_RGB_MB\FieldPos207_Cam01_RGB_MB_page_1.png,0,0.0485394746065139,test,pbs_imgs,transfer,
D:\Dineth\focus_binary_benchmark\dataset\pbs_imgs\unfocused\FieldPos207_Cam01_RGB_MB\FieldPos207_Cam01_RGB_MB_page_2.png,0,0.0399726293981075,test,pbs_imgs,transfer,
D:\Dineth\focus_binary_benchmark\dataset\pbs_imgs\unfocused\FieldPos207_Cam01_RGB_MB\FieldPos207_Cam01_RGB_MB_page_3.png,0,0.310752660036087,test,pbs_imgs,transfer,
D:\Dineth\focus_binary_benchmark\dataset\pbs_imgs\unfocused\FieldPos207_Cam01_RGB_MB\FieldPos207_Cam01_RGB_MB_page_4.png,0,0.801444411277771,test,pbs_imgs,transfer,
D:\Dineth\focus_binary_benchmark\dataset\pbs_imgs\unfocused\FieldPos207_Cam01_RGB_MB\FieldPos207_Cam01_RGB_MB_page_5.png,0,0.8189040422439575,test,pbs_imgs,transfer,
D:\Dineth\focus_binary_benchmark\dataset\pbs_imgs\unfocused\FieldPos207_Cam01_RGB_MB\FieldPos207_Cam01_RGB_MB_page_9.png,0,0.1177143603563308,test,pbs_imgs,transfer,
D:\Dineth\focus_binary_benchmark\dataset\pbs_imgs\unfocused\FieldPos217_Cam01_RGB_MB\FieldPos217_Cam01_RGB_MB_page_4.png,0,0.0344609469175338,test,pbs_imgs,transfer,
D:\Dineth\focus_binary_benchmark\dataset\pbs_imgs\unfocused\FieldPos217_Cam01_RGB_MB\FieldPos217_Cam01_RGB_MB_page_5.png,0,0.0237058755010366,test,pbs_imgs,transfer,
D:\Dineth\focus_binary_benchmark\dataset\pbs_imgs\unfocused\FieldPos217_Cam01_RGB_MB\FieldPos217_Cam01_RGB_MB_page_6.png,0,0.0571182332932949,test,pbs_imgs,transfer,
D:\Dineth\focus_binary_benchmark\dataset\pbs_imgs\unfocused\FieldPos217_Cam01_RGB_MB\FieldPos217_Cam01_RGB_MB_page_7.png,0,0.1321156919002533,test,pbs_imgs,transfer,
D:\Dineth\focus_binary_benchmark\dataset\pbs_imgs\unfocused\FieldPos217_Cam01_RGB_MB\FieldPos217_Cam01_RGB_MB_page_8.png,0,0.2521311640739441,test,pbs_imgs,transfer,
D:\Dineth\focus_binary_benchmark\dataset\pbs_imgs\unfocused\FieldPos217_Cam01_RGB_MB\FieldPos217_Cam01_RGB_MB_page_9.png,0,0.6269752979278564,test,pbs_imgs,transfer,
D:\Dineth\focus_binary_benchmark\dataset\pbs_imgs\unfocused\FieldPos280_Cam01_RGB_MB\FieldPos280_Cam01_RGB_MB_page_1.png,0,0.0285484939813613,test,pbs_imgs,transfer,
D:\Dineth\focus_binary_benchmark\dataset\pbs_imgs\unfocused\FieldPos280_Cam01_RGB_MB\FieldPos280_Cam01_RGB_MB_page_10.png,0,0.0116824237629771,test,pbs_imgs,transfer,
D:\Dineth\focus_binary_benchmark\dataset\pbs_imgs\unfocused\FieldPos280_Cam01_RGB_MB\FieldPos280_Cam01_RGB_MB_page_11.png,0,0.0178158842027187,test,pbs_imgs,transfer,
D:\Dineth\focus_binary_benchmark\dataset\pbs_imgs\unfocused\FieldPos280_Cam01_RGB_MB\FieldPos280_Cam01_RGB_MB_page_12.png,0,0.0386650338768959,test,pbs_imgs,transfer,
D:\Dineth\focus_binary_benchmark\dataset\pbs_imgs\unfocused\FieldPos280_Cam01_RGB_MB\FieldPos280_Cam01_RGB_MB_page_13.png,0,0.0467551127076149,test,pbs_imgs,transfer,
D:\Dineth\focus_binary_benchmark\dataset\pbs_imgs\unfocused\FieldPos280_Cam01_RGB_MB\FieldPos280_Cam01_RGB_MB_page_14.png,0,0.0501430332660675,test,pbs_imgs,transfer,
D:\Dineth\focus_binary_benchmark\dataset\pbs_imgs\unfocused\FieldPos280_Cam01_RGB_MB\FieldPos280_Cam01_RGB_MB_page_15.png,0,0.0415775850415229,test,pbs_imgs,transfer,
D:\Dineth\focus_binary_benchmark\dataset\pbs_imgs\unfocused\FieldPos280_Cam01_RGB_MB\FieldPos280_Cam01_RGB_MB_page_2.png,0,0.0362743996083736,test,pbs_imgs,transfer,
D:\Dineth\focus_binary_benchmark\dataset\pbs_imgs\unfocused\FieldPos280_Cam01_RGB_MB\FieldPos280_Cam01_RGB_MB_page_3.png,0,0.1022030413150787,test,pbs_imgs,transfer,
D:\Dineth\focus_binary_benchmark\dataset\pbs_imgs\unfocused\FieldPos280_Cam01_RGB_MB\FieldPos280_Cam01_RGB_MB_page_7.png,0,0.1343005299568176,test,pbs_imgs,transfer,
D:\Dineth\focus_binary_benchmark\dataset\pbs_imgs\unfocused\FieldPos280_Cam01_RGB_MB\FieldPos280_Cam01_RGB_MB_page_8.png,0,0.0176522992551326,test,pbs_imgs,transfer,
D:\Dineth\focus_binary_benchmark\dataset\pbs_imgs\unfocused\FieldPos280_Cam01_RGB_MB\FieldPos280_Cam01_RGB_MB_page_9.png,0,0.0099337361752986,test,pbs_imgs,transfer,
D:\Dineth\focus_binary_benchmark\dataset\pbs_imgs\unfocused\FieldPos301_Cam01_RGB_MB\FieldPos301_Cam01_RGB_MB_page_12.png,0,0.0460725873708725,test,pbs_imgs,transfer,
D:\Dineth\focus_binary_benchmark\dataset\pbs_imgs\unfocused\FieldPos301_Cam01_RGB_MB\FieldPos301_Cam01_RGB_MB_page_13.png,0,0.024066749960184,test,pbs_imgs,transfer,
D:\Dineth\focus_binary_benchmark\dataset\pbs_imgs\unfocused\FieldPos301_Cam01_RGB_MB\FieldPos301_Cam01_RGB_MB_page_14.png,0,0.0210125111043453,test,pbs_imgs,transfer,
D:\Dineth\focus_binary_benchmark\dataset\pbs_imgs\unfocused\FieldPos301_Cam01_RGB_MB\FieldPos301_Cam01_RGB_MB_page_15.png,0,0.0143532110378146,test,pbs_imgs,transfer,
D:\Dineth\focus_binary_benchmark\dataset\pbs_imgs\unfocused\FieldPos301_Cam01_RGB_MB\FieldPos301_Cam01_RGB_MB_page_2.png,0,0.0048111723735928,test,pbs_imgs,transfer,
D:\Dineth\focus_binary_benchmark\dataset\pbs_imgs\unfocused\FieldPos301_Cam01_RGB_MB\FieldPos301_Cam01_RGB_MB_page_3.png,0,0.005995528306812,test,pbs_imgs,transfer,
D:\Dineth\focus_binary_benchmark\dataset\pbs_imgs\unfocused\FieldPos301_Cam01_RGB_MB\FieldPos301_Cam01_RGB_MB_page_4.png,0,0.0083965798839926,test,pbs_imgs,transfer,
D:\Dineth\focus_binary_benchmark\dataset\pbs_imgs\unfocused\FieldPos301_Cam01_RGB_MB\FieldPos301_Cam01_RGB_MB_page_5.png,0,0.0087421359494328,test,pbs_imgs,transfer,
D:\Dineth\focus_binary_benchmark\dataset\pbs_imgs\unfocused\FieldPos301_Cam01_RGB_MB\FieldPos301_Cam01_RGB_MB_page_6.png,0,0.0102408714592456,test,pbs_imgs,transfer,
D:\Dineth\focus_binary_benchmark\dataset\pbs_imgs\unfocused\FieldPos301_Cam01_RGB_MB\FieldPos301_Cam01_RGB_MB_page_7.png,0,0.0217096749693155,test,pbs_imgs,transfer,
D:\Dineth\focus_binary_benchmark\dataset\pbs_imgs\unfocused\FieldPos301_Cam01_RGB_MB\FieldPos301_Cam01_RGB_MB_page_8.png,0,0.1708028465509414,test,pbs_imgs,transfer,
D:\Dineth\focus_binary_benchmark\dataset\pbs_imgs\unfocused\FieldPos301_Cam01_RGB_MB\FieldPos301_Cam01_RGB_MB_page_9.png,0,0.8136635422706604,test,pbs_imgs,transfer,
D:\Dineth\focus_binary_benchmark\dataset\pbs_imgs\unfocused\FieldPos322_Cam01_RGB_MB\FieldPos322_Cam01_RGB_MB_page_1.png,0,0.0139950886368751,test,pbs_imgs,transfer,
D:\Dineth\focus_binary_benchmark\dataset\pbs_imgs\unfocused\FieldPos322_Cam01_RGB_MB\FieldPos322_Cam01_RGB_MB_page_10.png,0,0.017488619312644,test,pbs_imgs,transfer,
D:\Dineth\focus_binary_benchmark\dataset\pbs_imgs\unfocused\FieldPos322_Cam01_RGB_MB\FieldPos322_Cam01_RGB_MB_page_11.png,0,0.0224730968475341,test,pbs_imgs,transfer,
D:\Dineth\focus_binary_benchmark\dataset\pbs_imgs\unfocused\FieldPos322_Cam01_RGB_MB\FieldPos322_Cam01_RGB_MB_page_12.png,0,0.0188327468931674,test,pbs_imgs,transfer,
D:\Dineth\focus_binary_benchmark\dataset\pbs_imgs\unfocused\FieldPos322_Cam01_RGB_MB\FieldPos322_Cam01_RGB_MB_page_13.png,0,0.0277986954897642,test,pbs_imgs,transfer,
D:\Dineth\focus_binary_benchmark\dataset\pbs_imgs\unfocused\FieldPos322_Cam01_RGB_MB\FieldPos322_Cam01_RGB_MB_page_14.png,0,0.0762725248932838,test,pbs_imgs,transfer,
D:\Dineth\focus_binary_benchmark\dataset\pbs_imgs\unfocused\FieldPos322_Cam01_RGB_MB\FieldPos322_Cam01_RGB_MB_page_15.png,0,0.1073995232582092,test,pbs_imgs,transfer,
D:\Dineth\focus_binary_benchmark\dataset\pbs_imgs\unfocused\FieldPos322_Cam01_RGB_MB\FieldPos322_Cam01_RGB_MB_page_2.png,0,0.0193243827670812,test,pbs_imgs,transfer,
D:\Dineth\focus_binary_benchmark\dataset\pbs_imgs\unfocused\FieldPos322_Cam01_RGB_MB\FieldPos322_Cam01_RGB_MB_page_3.png,0,0.0543935671448707,test,pbs_imgs,transfer,
D:\Dineth\focus_binary_benchmark\dataset\pbs_imgs\unfocused\FieldPos322_Cam01_RGB_MB\FieldPos322_Cam01_RGB_MB_page_7.png,0,0.0311248712241649,test,pbs_imgs,transfer,
D:\Dineth\focus_binary_benchmark\dataset\pbs_imgs\unfocused\FieldPos322_Cam01_RGB_MB\FieldPos322_Cam01_RGB_MB_page_8.png,0,0.0145755922421813,test,pbs_imgs,transfer,
D:\Dineth\focus_binary_benchmark\dataset\pbs_imgs\unfocused\FieldPos322_Cam01_RGB_MB\FieldPos322_Cam01_RGB_MB_page_9.png,0,0.0100787440314888,test,pbs_imgs,transfer,
D:\Dineth\focus_binary_benchmark\dataset\pbs_imgs\unfocused\FieldPos344_Cam01_RGB_MB\FieldPos344_Cam01_RGB_MB_page_12.png,0,0.0060307602398097,test,pbs_imgs,transfer,
D:\Dineth\focus_binary_benchmark\dataset\pbs_imgs\unfocused\FieldPos344_Cam01_RGB_MB\FieldPos344_Cam01_RGB_MB_page_13.png,0,0.0038411039859056,test,pbs_imgs,transfer,
D:\Dineth\focus_binary_benchmark\dataset\pbs_imgs\unfocused\FieldPos344_Cam01_RGB_MB\FieldPos344_Cam01_RGB_MB_page_14.png,0,0.004505718126893,test,pbs_imgs,transfer,
D:\Dineth\focus_binary_benchmark\dataset\pbs_imgs\unfocused\FieldPos344_Cam01_RGB_MB\FieldPos344_Cam01_RGB_MB_page_15.png,0,0.0078775389119982,test,pbs_imgs,transfer,
D:\Dineth\focus_binary_benchmark\dataset\pbs_imgs\unfocused\FieldPos344_Cam01_RGB_MB\FieldPos344_Cam01_RGB_MB_page_2.png,0,0.0244826413691043,test,pbs_imgs,transfer,
D:\Dineth\focus_binary_benchmark\dataset\pbs_imgs\unfocused\FieldPos344_Cam01_RGB_MB\FieldPos344_Cam01_RGB_MB_page_3.png,0,0.0139369359239935,test,pbs_imgs,transfer,
D:\Dineth\focus_binary_benchmark\dataset\pbs_imgs\unfocused\FieldPos344_Cam01_RGB_MB\FieldPos344_Cam01_RGB_MB_page_4.png,0,0.0056294938549399,test,pbs_imgs,transfer,
D:\Dineth\focus_binary_benchmark\dataset\pbs_imgs\unfocused\FieldPos344_Cam01_RGB_MB\FieldPos344_Cam01_RGB_MB_page_5.png,0,0.0032201004214584,test,pbs_imgs,transfer,
D:\Dineth\focus_binary_benchmark\dataset\pbs_imgs\unfocused\FieldPos344_Cam01_RGB_MB\FieldPos344_Cam01_RGB_MB_page_6.png,0,0.0033457500394433,test,pbs_imgs,transfer,
D:\Dineth\focus_binary_benchmark\dataset\pbs_imgs\unfocused\FieldPos344_Cam01_RGB_MB\FieldPos344_Cam01_RGB_MB_page_7.png,0,0.0048582307063043,test,pbs_imgs,transfer,
D:\Dineth\focus_binary_benchmark\dataset\pbs_imgs\unfocused\FieldPos344_Cam01_RGB_MB\FieldPos344_Cam01_RGB_MB_page_8.png,0,0.0487660206854343,test,pbs_imgs,transfer,
D:\Dineth\focus_binary_benchmark\dataset\pbs_imgs\unfocused\FieldPos344_Cam01_RGB_MB\FieldPos344_Cam01_RGB_MB_page_9.png,0,0.7127797603607178,test,pbs_imgs,transfer,
D:\Dineth\focus_binary_benchmark\dataset\pbs_imgs\unfocused\FieldPos356_Cam01_RGB_MB\FieldPos356_Cam01_RGB_MB_page_1.png,0,0.0508624464273452,test,pbs_imgs,transfer,
D:\Dineth\focus_binary_benchmark\dataset\pbs_imgs\unfocused\FieldPos356_Cam01_RGB_MB\FieldPos356_Cam01_RGB_MB_page_10.png,0,0.01111960131675,test,pbs_imgs,transfer,
D:\Dineth\focus_binary_benchmark\dataset\pbs_imgs\unfocused\FieldPos356_Cam01_RGB_MB\FieldPos356_Cam01_RGB_MB_page_11.png,0,0.0212739706039428,test,pbs_imgs,transfer,
D:\Dineth\focus_binary_benchmark\dataset\pbs_imgs\unfocused\FieldPos356_Cam01_RGB_MB\FieldPos356_Cam01_RGB_MB_page_12.png,0,0.014065352268517,test,pbs_imgs,transfer,
D:\Dineth\focus_binary_benchmark\dataset\pbs_imgs\unfocused\FieldPos356_Cam01_RGB_MB\FieldPos356_Cam01_RGB_MB_page_13.png,0,0.0180505532771348,test,pbs_imgs,transfer,
D:\Dineth\focus_binary_benchmark\dataset\pbs_imgs\unfocused\FieldPos356_Cam01_RGB_MB\FieldPos356_Cam01_RGB_MB_page_14.png,0,0.0263446941971778,test,pbs_imgs,transfer,
D:\Dineth\focus_binary_benchmark\dataset\pbs_imgs\unfocused\FieldPos356_Cam01_RGB_MB\FieldPos356_Cam01_RGB_MB_page_15.png,0,0.0107129188254475,test,pbs_imgs,transfer,
D:\Dineth\focus_binary_benchmark\dataset\pbs_imgs\unfocused\FieldPos356_Cam01_RGB_MB\FieldPos356_Cam01_RGB_MB_page_2.png,0,0.5903798341751099,test,pbs_imgs,transfer,
D:\Dineth\focus_binary_benchmark\dataset\pbs_imgs\unfocused\FieldPos356_Cam01_RGB_MB\FieldPos356_Cam01_RGB_MB_page_6.png,0,0.3347542881965637,test,pbs_imgs,transfer,
D:\Dineth\focus_binary_benchmark\dataset\pbs_imgs\unfocused\FieldPos356_Cam01_RGB_MB\FieldPos356_Cam01_RGB_MB_page_7.png,0,0.0261567775160074,test,pbs_imgs,transfer,
D:\Dineth\focus_binary_benchmark\dataset\pbs_imgs\unfocused\FieldPos356_Cam01_RGB_MB\FieldPos356_Cam01_RGB_MB_page_8.png,0,0.0096364868804812,test,pbs_imgs,transfer,
D:\Dineth\focus_binary_benchmark\dataset\pbs_imgs\unfocused\FieldPos356_Cam01_RGB_MB\FieldPos356_Cam01_RGB_MB_page_9.png,0,0.0073238876648247,test,pbs_imgs,transfer,
D:\Dineth\focus_binary_benchmark\dataset\pbs_imgs\unfocused\FieldPos357_Cam01_RGB_MB\FieldPos357_Cam01_RGB_MB_page_1.png,0,0.1117282286286354,test,pbs_imgs,transfer,
D:\Dineth\focus_binary_benchmark\dataset\pbs_imgs\unfocused\FieldPos357_Cam01_RGB_MB\FieldPos357_Cam01_RGB_MB_page_10.png,0,0.0061325505375862,test,pbs_imgs,transfer,
D:\Dineth\focus_binary_benchmark\dataset\pbs_imgs\unfocused\FieldPos357_Cam01_RGB_MB\FieldPos357_Cam01_RGB_MB_page_11.png,0,0.0242865532636642,test,pbs_imgs,transfer,
D:\Dineth\focus_binary_benchmark\dataset\pbs_imgs\unfocused\FieldPos357_Cam01_RGB_MB\FieldPos357_Cam01_RGB_MB_page_12.png,0,0.0588009618222713,test,pbs_imgs,transfer,
D:\Dineth\focus_binary_benchmark\dataset\pbs_imgs\unfocused\FieldPos357_Cam01_RGB_MB\FieldPos357_Cam01_RGB_MB_page_13.png,0,0.0620016530156135,test,pbs_imgs,transfer,
D:\Dineth\focus_binary_benchmark\dataset\pbs_imgs\unfocused\FieldPos357_Cam01_RGB_MB\FieldPos357_Cam01_RGB_MB_page_14.png,0,0.0605825334787368,test,pbs_imgs,transfer,
D:\Dineth\focus_binary_benchmark\dataset\pbs_imgs\unfocused\FieldPos357_Cam01_RGB_MB\FieldPos357_Cam01_RGB_MB_page_15.png,0,0.0657118558883667,test,pbs_imgs,transfer,
D:\Dineth\focus_binary_benchmark\dataset\pbs_imgs\unfocused\FieldPos357_Cam01_RGB_MB\FieldPos357_Cam01_RGB_MB_page_2.png,0,0.5285665988922119,test,pbs_imgs,transfer,
D:\Dineth\focus_binary_benchmark\dataset\pbs_imgs\unfocused\FieldPos357_Cam01_RGB_MB\FieldPos357_Cam01_RGB_MB_page_6.png,0,0.1729973703622818,test,pbs_imgs,transfer,
D:\Dineth\focus_binary_benchmark\dataset\pbs_imgs\unfocused\FieldPos357_Cam01_RGB_MB\FieldPos357_Cam01_RGB_MB_page_7.png,0,0.0280760526657104,test,pbs_imgs,transfer,
D:\Dineth\focus_binary_benchmark\dataset\pbs_imgs\unfocused\FieldPos357_Cam01_RGB_MB\FieldPos357_Cam01_RGB_MB_page_8.png,0,0.0080612823367118,test,pbs_imgs,transfer,
D:\Dineth\focus_binary_benchmark\dataset\pbs_imgs\unfocused\FieldPos357_Cam01_RGB_MB\FieldPos357_Cam01_RGB_MB_page_9.png,0,0.0045292912982404,test,pbs_imgs,transfer,
D:\Dineth\focus_binary_benchmark\dataset\pbs_imgs\unfocused\FieldPos430_Cam01_RGB_MB\FieldPos430_Cam01_RGB_MB_page_1.png,0,0.0083280205726623,test,pbs_imgs,transfer,
D:\Dineth\focus_binary_benchmark\dataset\pbs_imgs\unfocused\FieldPos430_Cam01_RGB_MB\FieldPos430_Cam01_RGB_MB_page_10.png,0,0.0715951323509216,test,pbs_imgs,transfer,
D:\Dineth\focus_binary_benchmark\dataset\pbs_imgs\unfocused\FieldPos430_Cam01_RGB_MB\FieldPos430_Cam01_RGB_MB_page_11.png,0,0.0103033063933253,test,pbs_imgs,transfer,
D:\Dineth\focus_binary_benchmark\dataset\pbs_imgs\unfocused\FieldPos430_Cam01_RGB_MB\FieldPos430_Cam01_RGB_MB_page_12.png,0,0.0057849292643368,test,pbs_imgs,transfer,
D:\Dineth\focus_binary_benchmark\dataset\pbs_imgs\unfocused\FieldPos430_Cam01_RGB_MB\FieldPos430_Cam01_RGB_MB_page_13.png,0,0.0068778269924223,test,pbs_imgs,transfer,
D:\Dineth\focus_binary_benchmark\dataset\pbs_imgs\unfocused\FieldPos430_Cam01_RGB_MB\FieldPos430_Cam01_RGB_MB_page_14.png,0,0.0117090726271271,test,pbs_imgs,transfer,
D:\Dineth\focus_binary_benchmark\dataset\pbs_imgs\unfocused\FieldPos430_Cam01_RGB_MB\FieldPos430_Cam01_RGB_MB_page_15.png,0,0.0158838890492916,test,pbs_imgs,transfer,
D:\Dineth\focus_binary_benchmark\dataset\pbs_imgs\unfocused\FieldPos430_Cam01_RGB_MB\FieldPos430_Cam01_RGB_MB_page_2.png,0,0.0062833814881742,test,pbs_imgs,transfer,
D:\Dineth\focus_binary_benchmark\dataset\pbs_imgs\unfocused\FieldPos430_Cam01_RGB_MB\FieldPos430_Cam01_RGB_MB_page_3.png,0,0.005206448957324,test,pbs_imgs,transfer,
D:\Dineth\focus_binary_benchmark\dataset\pbs_imgs\unfocused\FieldPos430_Cam01_RGB_MB\FieldPos430_Cam01_RGB_MB_page_4.png,0,0.0079795839264988,test,pbs_imgs,transfer,
D:\Dineth\focus_binary_benchmark\dataset\pbs_imgs\unfocused\FieldPos430_Cam01_RGB_MB\FieldPos430_Cam01_RGB_MB_page_5.png,0,0.0306117869913578,test,pbs_imgs,transfer,
D:\Dineth\focus_binary_benchmark\dataset\pbs_imgs\unfocused\FieldPos430_Cam01_RGB_MB\FieldPos430_Cam01_RGB_MB_page_6.png,0,0.3783352375030517,test,pbs_imgs,transfer,
D:\Dineth\focus_binary_benchmark\dataset\pbs_imgs\unfocused\FieldPos434_Cam01_RGB_MB\FieldPos434_Cam01_RGB_MB_page_1.png,0,0.0070545300841331,test,pbs_imgs,transfer,
D:\Dineth\focus_binary_benchmark\dataset\pbs_imgs\unfocused\FieldPos434_Cam01_RGB_MB\FieldPos434_Cam01_RGB_MB_page_10.png,0,0.0112269008532166,test,pbs_imgs,transfer,
D:\Dineth\focus_binary_benchmark\dataset\pbs_imgs\unfocused\FieldPos434_Cam01_RGB_MB\FieldPos434_Cam01_RGB_MB_page_11.png,0,0.0082282060757279,test,pbs_imgs,transfer,
D:\Dineth\focus_binary_benchmark\dataset\pbs_imgs\unfocused\FieldPos434_Cam01_RGB_MB\FieldPos434_Cam01_RGB_MB_page_12.png,0,0.0079735172912478,test,pbs_imgs,transfer,
D:\Dineth\focus_binary_benchmark\dataset\pbs_imgs\unfocused\FieldPos434_Cam01_RGB_MB\FieldPos434_Cam01_RGB_MB_page_13.png,0,0.0102237621322274,test,pbs_imgs,transfer,
D:\Dineth\focus_binary_benchmark\dataset\pbs_imgs\unfocused\FieldPos434_Cam01_RGB_MB\FieldPos434_Cam01_RGB_MB_page_14.png,0,0.00795145239681,test,pbs_imgs,transfer,
D:\Dineth\focus_binary_benchmark\dataset\pbs_imgs\unfocused\FieldPos434_Cam01_RGB_MB\FieldPos434_Cam01_RGB_MB_page_15.png,0,0.0050287460908293,test,pbs_imgs,transfer,
D:\Dineth\focus_binary_benchmark\dataset\pbs_imgs\unfocused\FieldPos434_Cam01_RGB_MB\FieldPos434_Cam01_RGB_MB_page_2.png,0,0.0070443698205053,test,pbs_imgs,transfer,
D:\Dineth\focus_binary_benchmark\dataset\pbs_imgs\unfocused\FieldPos434_Cam01_RGB_MB\FieldPos434_Cam01_RGB_MB_page_3.png,0,0.0095687080174684,test,pbs_imgs,transfer,
D:\Dineth\focus_binary_benchmark\dataset\pbs_imgs\unfocused\FieldPos434_Cam01_RGB_MB\FieldPos434_Cam01_RGB_MB_page_4.png,0,0.0092949215322732,test,pbs_imgs,transfer,
D:\Dineth\focus_binary_benchmark\dataset\pbs_imgs\unfocused\FieldPos434_Cam01_RGB_MB\FieldPos434_Cam01_RGB_MB_page_5.png,0,0.1164589077234268,test,pbs_imgs,transfer,
D:\Dineth\focus_binary_benchmark\dataset\pbs_imgs\unfocused\FieldPos434_Cam01_RGB_MB\FieldPos434_Cam01_RGB_MB_page_9.png,0,0.0216534864157438,test,pbs_imgs,transfer,
D:\Dineth\focus_binary_benchmark\dataset\pbs_imgs\unfocused\FieldPos469_Cam01_RGB_MB\FieldPos469_Cam01_RGB_MB_page_1.png,0,0.0100843925029039,test,pbs_imgs,transfer,
D:\Dineth\focus_binary_benchmark\dataset\pbs_imgs\unfocused\FieldPos469_Cam01_RGB_MB\FieldPos469_Cam01_RGB_MB_page_13.png,0,0.0127814281731843,test,pbs_imgs,transfer,
D:\Dineth\focus_binary_benchmark\dataset\pbs_imgs\unfocused\FieldPos469_Cam01_RGB_MB\FieldPos469_Cam01_RGB_MB_page_14.png,0,0.0042919414117932,test,pbs_imgs,transfer,
D:\Dineth\focus_binary_benchmark\dataset\pbs_imgs\unfocused\FieldPos469_Cam01_RGB_MB\FieldPos469_Cam01_RGB_MB_page_15.png,0,0.0037277583032846,test,pbs_imgs,transfer,
D:\Dineth\focus_binary_benchmark\dataset\pbs_imgs\unfocused\FieldPos469_Cam01_RGB_MB\FieldPos469_Cam01_RGB_MB_page_2.png,0,0.0127514107152819,test,pbs_imgs,transfer,
D:\Dineth\focus_binary_benchmark\dataset\pbs_imgs\unfocused\FieldPos469_Cam01_RGB_MB\FieldPos469_Cam01_RGB_MB_page_3.png,0,0.0137297818437218,test,pbs_imgs,transfer,
D:\Dineth\focus_binary_benchmark\dataset\pbs_imgs\unfocused\FieldPos469_Cam01_RGB_MB\FieldPos469_Cam01_RGB_MB_page_4.png,0,0.0166924428194761,test,pbs_imgs,transfer,
D:\Dineth\focus_binary_benchmark\dataset\pbs_imgs\unfocused\FieldPos469_Cam01_RGB_MB\FieldPos469_Cam01_RGB_MB_page_5.png,0,0.0142777189612388,test,pbs_imgs,transfer,
D:\Dineth\focus_binary_benchmark\dataset\pbs_imgs\unfocused\FieldPos469_Cam01_RGB_MB\FieldPos469_Cam01_RGB_MB_page_6.png,0,0.0112125538289546,test,pbs_imgs,transfer,
D:\Dineth\focus_binary_benchmark\dataset\pbs_imgs\unfocused\FieldPos469_Cam01_RGB_MB\FieldPos469_Cam01_RGB_MB_page_7.png,0,0.0049482961185276,test,pbs_imgs,transfer,
D:\Dineth\focus_binary_benchmark\dataset\pbs_imgs\unfocused\FieldPos469_Cam01_RGB_MB\FieldPos469_Cam01_RGB_MB_page_8.png,0,0.0041708564385771,test,pbs_imgs,transfer,
D:\Dineth\focus_binary_benchmark\dataset\pbs_imgs\unfocused\FieldPos469_Cam01_RGB_MB\FieldPos469_Cam01_RGB_MB_page_9.png,0,0.0130807636305689,test,pbs_imgs,transfer,
D:\Dineth\focus_binary_benchmark\dataset\tbf_imgs\focused\FieldPos000 (4)\FieldPos000 (4)_page_7.png,1,0.9290135502815248,test,tbf_imgs,transfer,
D:\Dineth\focus_binary_benchmark\dataset\tbf_imgs\focused\FieldPos002 (2)\FieldPos002 (2)_page_7.png,1,0.7768300771713257,test,tbf_imgs,transfer,
D:\Dineth\focus_binary_benchmark\dataset\tbf_imgs\focused\FieldPos002 (3)\FieldPos002 (3)_page_8.png,1,0.914956033229828,test,tbf_imgs,transfer,
D:\Dineth\focus_binary_benchmark\dataset\tbf_imgs\focused\FieldPos003 (4)\FieldPos003 (4)_page_7.png,1,0.5475412607192993,test,tbf_imgs,transfer,
D:\Dineth\focus_binary_benchmark\dataset\tbf_imgs\focused\FieldPos004 (3)\FieldPos004 (3)_page_7.png,1,0.9869508743286132,test,tbf_imgs,transfer,
D:\Dineth\focus_binary_benchmark\dataset\tbf_imgs\focused\FieldPos007 (3)\FieldPos007 (3)_page_6.png,1,0.9878461360931396,test,tbf_imgs,transfer,
D:\Dineth\focus_binary_benchmark\dataset\tbf_imgs\focused\FieldPos008\FieldPos008_page_7.png,1,0.8811599612236023,test,tbf_imgs,transfer,
D:\Dineth\focus_binary_benchmark\dataset\tbf_imgs\focused\FieldPos010\FieldPos010_page_7.png,1,0.2807591557502746,test,tbf_imgs,transfer,
D:\Dineth\focus_binary_benchmark\dataset\tbf_imgs\focused\FieldPos018 (2)\FieldPos018 (2)_page_6.png,1,0.9306017160415648,test,tbf_imgs,transfer,
D:\Dineth\focus_binary_benchmark\dataset\tbf_imgs\focused\FieldPos019 (2)\FieldPos019 (2)_page_6.png,1,0.9771102666854858,test,tbf_imgs,transfer,
D:\Dineth\focus_binary_benchmark\dataset\tbf_imgs\focused\FieldPos023\FieldPos023_page_6.png,1,0.8889110088348389,test,tbf_imgs,transfer,
D:\Dineth\focus_binary_benchmark\dataset\tbf_imgs\focused\FieldPos029\FieldPos029_page_8.png,1,0.9698004126548768,test,tbf_imgs,transfer,
D:\Dineth\focus_binary_benchmark\dataset\tbf_imgs\focused\FieldPos033 (2)\FieldPos033 (2)_page_8.png,1,0.8340694308280945,test,tbf_imgs,transfer,
D:\Dineth\focus_binary_benchmark\dataset\tbf_imgs\focused\FieldPos036\FieldPos036_page_8.png,1,0.8099080324172974,test,tbf_imgs,transfer,
D:\Dineth\focus_binary_benchmark\dataset\tbf_imgs\focused\FieldPos038\FieldPos038_page_7.png,1,0.982616364955902,test,tbf_imgs,transfer,
D:\Dineth\focus_binary_benchmark\dataset\tbf_imgs\focused\FieldPos040\FieldPos040_page_7.png,1,0.8125652074813843,test,tbf_imgs,transfer,
D:\Dineth\focus_binary_benchmark\dataset\tbf_imgs\focused\FieldPos044\FieldPos044_page_8.png,1,0.9817729592323304,test,tbf_imgs,transfer,
D:\Dineth\focus_binary_benchmark\dataset\tbf_imgs\focused\FieldPos053\FieldPos053_page_7.png,1,0.9127236008644104,test,tbf_imgs,transfer,
D:\Dineth\focus_binary_benchmark\dataset\tbf_imgs\focused\FieldPos059\FieldPos059_page_6.png,1,0.966942012310028,test,tbf_imgs,transfer,
D:\Dineth\focus_binary_benchmark\dataset\tbf_imgs\focused\FieldPos066\FieldPos066_page_6.png,1,0.6357420682907104,test,tbf_imgs,transfer,
D:\Dineth\focus_binary_benchmark\dataset\tbf_imgs\focused\FieldPos069\FieldPos069_page_5.png,1,0.8473105430603027,test,tbf_imgs,transfer,
D:\Dineth\focus_binary_benchmark\dataset\tbf_imgs\focused\FieldPos074\FieldPos074_page_6.png,1,0.975467085838318,test,tbf_imgs,transfer,
D:\Dineth\focus_binary_benchmark\dataset\tbf_imgs\focused\FieldPos082\FieldPos082_page_6.png,1,0.2875895202159881,test,tbf_imgs,transfer,
D:\Dineth\focus_binary_benchmark\dataset\tbf_imgs\focused\FieldPos103\FieldPos103_page_8.png,1,0.8505061864852905,test,tbf_imgs,transfer,
D:\Dineth\focus_binary_benchmark\dataset\tbf_imgs\focused\FieldPos104\FieldPos104_page_7.png,1,0.7898138761520386,test,tbf_imgs,transfer,
D:\Dineth\focus_binary_benchmark\dataset\tbf_imgs\focused\FieldPos107\FieldPos107_page_5.png,1,0.6244727373123169,test,tbf_imgs,transfer,
D:\Dineth\focus_binary_benchmark\dataset\tbf_imgs\focused\FieldPos200\FieldPos200_page_7.png,1,0.9321586489677428,test,tbf_imgs,transfer,
D:\Dineth\focus_binary_benchmark\dataset\tbf_imgs\focused\FieldPos203\FieldPos203_page_7.png,1,0.9255720376968384,test,tbf_imgs,transfer,
D:\Dineth\focus_binary_benchmark\dataset\tbf_imgs\unfocused\FieldPos000 (4)\FieldPos000 (4)_page_1.png,0,0.0005296076997183,test,tbf_imgs,transfer,
D:\Dineth\focus_binary_benchmark\dataset\tbf_imgs\unfocused\FieldPos000 (4)\FieldPos000 (4)_page_10.png,0,0.0014155856333673,test,tbf_imgs,transfer,
D:\Dineth\focus_binary_benchmark\dataset\tbf_imgs\unfocused\FieldPos000 (4)\FieldPos000 (4)_page_11.png,0,0.000416685885284,test,tbf_imgs,transfer,
D:\Dineth\focus_binary_benchmark\dataset\tbf_imgs\unfocused\FieldPos000 (4)\FieldPos000 (4)_page_12.png,0,0.0001846871600719,test,tbf_imgs,transfer,
D:\Dineth\focus_binary_benchmark\dataset\tbf_imgs\unfocused\FieldPos000 (4)\FieldPos000 (4)_page_13.png,0,0.0001182239793706,test,tbf_imgs,transfer,
D:\Dineth\focus_binary_benchmark\dataset\tbf_imgs\unfocused\FieldPos000 (4)\FieldPos000 (4)_page_14.png,0,0.0001019307965179,test,tbf_imgs,transfer,
D:\Dineth\focus_binary_benchmark\dataset\tbf_imgs\unfocused\FieldPos000 (4)\FieldPos000 (4)_page_2.png,0,0.0014183890307322,test,tbf_imgs,transfer,
D:\Dineth\focus_binary_benchmark\dataset\tbf_imgs\unfocused\FieldPos000 (4)\FieldPos000 (4)_page_3.png,0,0.0029816522728651,test,tbf_imgs,transfer,
D:\Dineth\focus_binary_benchmark\dataset\tbf_imgs\unfocused\FieldPos000 (4)\FieldPos000 (4)_page_4.png,0,0.0184216126799583,test,tbf_imgs,transfer,
D:\Dineth\focus_binary_benchmark\dataset\tbf_imgs\unfocused\FieldPos000 (4)\FieldPos000 (4)_page_5.png,0,0.1835912764072418,test,tbf_imgs,transfer,
D:\Dineth\focus_binary_benchmark\dataset\tbf_imgs\unfocused\FieldPos000 (4)\FieldPos000 (4)_page_9.png,0,0.0129279606044292,test,tbf_imgs,transfer,
D:\Dineth\focus_binary_benchmark\dataset\tbf_imgs\unfocused\FieldPos002 (2)\FieldPos002 (2)_page_1.png,0,0.017256049439311,test,tbf_imgs,transfer,
D:\Dineth\focus_binary_benchmark\dataset\tbf_imgs\unfocused\FieldPos002 (2)\FieldPos002 (2)_page_10.png,0,0.0718873888254165,test,tbf_imgs,transfer,
D:\Dineth\focus_binary_benchmark\dataset\tbf_imgs\unfocused\FieldPos002 (2)\FieldPos002 (2)_page_11.png,0,0.0180595647543668,test,tbf_imgs,transfer,
D:\Dineth\focus_binary_benchmark\dataset\tbf_imgs\unfocused\FieldPos002 (2)\FieldPos002 (2)_page_12.png,0,0.0060028731822967,test,tbf_imgs,transfer,
D:\Dineth\focus_binary_benchmark\dataset\tbf_imgs\unfocused\FieldPos002 (2)\FieldPos002 (2)_page_13.png,0,0.0024818209931254,test,tbf_imgs,transfer,
D:\Dineth\focus_binary_benchmark\dataset\tbf_imgs\unfocused\FieldPos002 (2)\FieldPos002 (2)_page_14.png,0,0.0010649489704519,test,tbf_imgs,transfer,
D:\Dineth\focus_binary_benchmark\dataset\tbf_imgs\unfocused\FieldPos002 (2)\FieldPos002 (2)_page_2.png,0,0.0767110437154769,test,tbf_imgs,transfer,
D:\Dineth\focus_binary_benchmark\dataset\tbf_imgs\unfocused\FieldPos002 (2)\FieldPos002 (2)_page_3.png,0,0.3386351466178894,test,tbf_imgs,transfer,
D:\Dineth\focus_binary_benchmark\dataset\tbf_imgs\unfocused\FieldPos002 (2)\FieldPos002 (2)_page_4.png,0,0.7401856184005737,test,tbf_imgs,transfer,
D:\Dineth\focus_binary_benchmark\dataset\tbf_imgs\unfocused\FieldPos002 (2)\FieldPos002 (2)_page_5.png,0,0.900960087776184,test,tbf_imgs,transfer,
D:\Dineth\focus_binary_benchmark\dataset\tbf_imgs\unfocused\FieldPos002 (2)\FieldPos002 (2)_page_9.png,0,0.2151955068111419,test,tbf_imgs,transfer,
D:\Dineth\focus_binary_benchmark\dataset\tbf_imgs\unfocused\FieldPos002 (3)\FieldPos002 (3)_page_1.png,0,0.001106142764911,test,tbf_imgs,transfer,
D:\Dineth\focus_binary_benchmark\dataset\tbf_imgs\unfocused\FieldPos002 (3)\FieldPos002 (3)_page_10.png,0,0.3210102617740631,test,tbf_imgs,transfer,
D:\Dineth\focus_binary_benchmark\dataset\tbf_imgs\unfocused\FieldPos002 (3)\FieldPos002 (3)_page_11.png,0,0.0373554714024066,test,tbf_imgs,transfer,
D:\Dineth\focus_binary_benchmark\dataset\tbf_imgs\unfocused\FieldPos002 (3)\FieldPos002 (3)_page_12.png,0,0.0056344852782785,test,tbf_imgs,transfer,
D:\Dineth\focus_binary_benchmark\dataset\tbf_imgs\unfocused\FieldPos002 (3)\FieldPos002 (3)_page_13.png,0,0.0023947842419147,test,tbf_imgs,transfer,
D:\Dineth\focus_binary_benchmark\dataset\tbf_imgs\unfocused\FieldPos002 (3)\FieldPos002 (3)_page_14.png,0,0.0008710759575478,test,tbf_imgs,transfer,
D:\Dineth\focus_binary_benchmark\dataset\tbf_imgs\unfocused\FieldPos002 (3)\FieldPos002 (3)_page_2.png,0,0.0021199870388954,test,tbf_imgs,transfer,
D:\Dineth\focus_binary_benchmark\dataset\tbf_imgs\unfocused\FieldPos002 (3)\FieldPos002 (3)_page_3.png,0,0.0063270898535847,test,tbf_imgs,transfer,
D:\Dineth\focus_binary_benchmark\dataset\tbf_imgs\unfocused\FieldPos002 (3)\FieldPos002 (3)_page_4.png,0,0.0364221632480621,test,tbf_imgs,transfer,
D:\Dineth\focus_binary_benchmark\dataset\tbf_imgs\unfocused\FieldPos002 (3)\FieldPos002 (3)_page_5.png,0,0.2076844871044159,test,tbf_imgs,transfer,
D:\Dineth\focus_binary_benchmark\dataset\tbf_imgs\unfocused\FieldPos002 (3)\FieldPos002 (3)_page_6.png,0,0.8094866275787354,test,tbf_imgs,transfer,
D:\Dineth\focus_binary_benchmark\dataset\tbf_imgs\unfocused\FieldPos003 (4)\FieldPos003 (4)_page_1.png,0,0.000302818021737,test,tbf_imgs,transfer,
D:\Dineth\focus_binary_benchmark\dataset\tbf_imgs\unfocused\FieldPos003 (4)\FieldPos003 (4)_page_10.png,0,0.0040204422548413,test,tbf_imgs,transfer,
D:\Dineth\focus_binary_benchmark\dataset\tbf_imgs\unfocused\FieldPos003 (4)\FieldPos003 (4)_page_11.png,0,0.0015480245929211,test,tbf_imgs,transfer,
D:\Dineth\focus_binary_benchmark\dataset\tbf_imgs\unfocused\FieldPos003 (4)\FieldPos003 (4)_page_12.png,0,0.0005587895284406,test,tbf_imgs,transfer,
D:\Dineth\focus_binary_benchmark\dataset\tbf_imgs\unfocused\FieldPos003 (4)\FieldPos003 (4)_page_13.png,0,0.0002454460191074,test,tbf_imgs,transfer,
D:\Dineth\focus_binary_benchmark\dataset\tbf_imgs\unfocused\FieldPos003 (4)\FieldPos003 (4)_page_14.png,0,0.0001466917747166,test,tbf_imgs,transfer,
D:\Dineth\focus_binary_benchmark\dataset\tbf_imgs\unfocused\FieldPos003 (4)\FieldPos003 (4)_page_2.png,0,0.0005574486567638,test,tbf_imgs,transfer,
D:\Dineth\focus_binary_benchmark\dataset\tbf_imgs\unfocused\FieldPos003 (4)\FieldPos003 (4)_page_3.png,0,0.0013959516072645,test,tbf_imgs,transfer,
D:\Dineth\focus_binary_benchmark\dataset\tbf_imgs\unfocused\FieldPos003 (4)\FieldPos003 (4)_page_4.png,0,0.0054194540716707,test,tbf_imgs,transfer,
D:\Dineth\focus_binary_benchmark\dataset\tbf_imgs\unfocused\FieldPos003 (4)\FieldPos003 (4)_page_5.png,0,0.0351583138108253,test,tbf_imgs,transfer,
D:\Dineth\focus_binary_benchmark\dataset\tbf_imgs\unfocused\FieldPos003 (4)\FieldPos003 (4)_page_9.png,0,0.0382058732211589,test,tbf_imgs,transfer,
D:\Dineth\focus_binary_benchmark\dataset\tbf_imgs\unfocused\FieldPos004 (3)\FieldPos004 (3)_page_1.png,0,0.0010765939950942,test,tbf_imgs,transfer,
D:\Dineth\focus_binary_benchmark\dataset\tbf_imgs\unfocused\FieldPos004 (3)\FieldPos004 (3)_page_10.png,0,0.1018151640892028,test,tbf_imgs,transfer,
D:\Dineth\focus_binary_benchmark\dataset\tbf_imgs\unfocused\FieldPos004 (3)\FieldPos004 (3)_page_11.png,0,0.0127375395968556,test,tbf_imgs,transfer,
D:\Dineth\focus_binary_benchmark\dataset\tbf_imgs\unfocused\FieldPos004 (3)\FieldPos004 (3)_page_12.png,0,0.0031091293785721,test,tbf_imgs,transfer,
D:\Dineth\focus_binary_benchmark\dataset\tbf_imgs\unfocused\FieldPos004 (3)\FieldPos004 (3)_page_13.png,0,0.0011304379440844,test,tbf_imgs,transfer,
D:\Dineth\focus_binary_benchmark\dataset\tbf_imgs\unfocused\FieldPos004 (3)\FieldPos004 (3)_page_14.png,0,0.0006590645643882,test,tbf_imgs,transfer,
D:\Dineth\focus_binary_benchmark\dataset\tbf_imgs\unfocused\FieldPos004 (3)\FieldPos004 (3)_page_2.png,0,0.0019933660514652,test,tbf_imgs,transfer,
D:\Dineth\focus_binary_benchmark\dataset\tbf_imgs\unfocused\FieldPos004 (3)\FieldPos004 (3)_page_3.png,0,0.0070222569629549,test,tbf_imgs,transfer,
D:\Dineth\focus_binary_benchmark\dataset\tbf_imgs\unfocused\FieldPos004 (3)\FieldPos004 (3)_page_4.png,0,0.0479205697774887,test,tbf_imgs,transfer,
D:\Dineth\focus_binary_benchmark\dataset\tbf_imgs\unfocused\FieldPos004 (3)\FieldPos004 (3)_page_5.png,0,0.3825747668743133,test,tbf_imgs,transfer,
D:\Dineth\focus_binary_benchmark\dataset\tbf_imgs\unfocused\FieldPos004 (3)\FieldPos004 (3)_page_9.png,0,0.7315908074378967,test,tbf_imgs,transfer,
D:\Dineth\focus_binary_benchmark\dataset\tbf_imgs\unfocused\FieldPos007 (3)\FieldPos007 (3)_page_1.png,0,0.0017947731539607,test,tbf_imgs,transfer,
D:\Dineth\focus_binary_benchmark\dataset\tbf_imgs\unfocused\FieldPos007 (3)\FieldPos007 (3)_page_10.png,0,0.0084680374711751,test,tbf_imgs,transfer,
D:\Dineth\focus_binary_benchmark\dataset\tbf_imgs\unfocused\FieldPos007 (3)\FieldPos007 (3)_page_11.png,0,0.0018188675167039,test,tbf_imgs,transfer,
D:\Dineth\focus_binary_benchmark\dataset\tbf_imgs\unfocused\FieldPos007 (3)\FieldPos007 (3)_page_12.png,0,0.0005886870203539,test,tbf_imgs,transfer,
D:\Dineth\focus_binary_benchmark\dataset\tbf_imgs\unfocused\FieldPos007 (3)\FieldPos007 (3)_page_13.png,0,0.0002354849275434,test,tbf_imgs,transfer,
D:\Dineth\focus_binary_benchmark\dataset\tbf_imgs\unfocused\FieldPos007 (3)\FieldPos007 (3)_page_14.png,0,0.0001809357927413,test,tbf_imgs,transfer,
D:\Dineth\focus_binary_benchmark\dataset\tbf_imgs\unfocused\FieldPos007 (3)\FieldPos007 (3)_page_2.png,0,0.0105097498744726,test,tbf_imgs,transfer,
D:\Dineth\focus_binary_benchmark\dataset\tbf_imgs\unfocused\FieldPos007 (3)\FieldPos007 (3)_page_3.png,0,0.1196458712220192,test,tbf_imgs,transfer,
D:\Dineth\focus_binary_benchmark\dataset\tbf_imgs\unfocused\FieldPos007 (3)\FieldPos007 (3)_page_4.png,0,0.7129881381988525,test,tbf_imgs,transfer,
D:\Dineth\focus_binary_benchmark\dataset\tbf_imgs\unfocused\FieldPos007 (3)\FieldPos007 (3)_page_8.png,0,0.7192872762680054,test,tbf_imgs,transfer,
D:\Dineth\focus_binary_benchmark\dataset\tbf_imgs\unfocused\FieldPos007 (3)\FieldPos007 (3)_page_9.png,0,0.0929122939705848,test,tbf_imgs,transfer,
D:\Dineth\focus_binary_benchmark\dataset\tbf_imgs\unfocused\FieldPos008\FieldPos008_page_1.png,0,0.1527781933546066,test,tbf_imgs,transfer,
D:\Dineth\focus_binary_benchmark\dataset\tbf_imgs\unfocused\FieldPos008\FieldPos008_page_10.png,0,0.4931666851043701,test,tbf_imgs,transfer,
D:\Dineth\focus_binary_benchmark\dataset\tbf_imgs\unfocused\FieldPos008\FieldPos008_page_11.png,0,0.2649112939834595,test,tbf_imgs,transfer,
D:\Dineth\focus_binary_benchmark\dataset\tbf_imgs\unfocused\FieldPos008\FieldPos008_page_12.png,0,0.1906647533178329,test,tbf_imgs,transfer,
D:\Dineth\focus_binary_benchmark\dataset\tbf_imgs\unfocused\FieldPos008\FieldPos008_page_13.png,0,0.1489710807800293,test,tbf_imgs,transfer,
D:\Dineth\focus_binary_benchmark\dataset\tbf_imgs\unfocused\FieldPos008\FieldPos008_page_14.png,0,0.122480608522892,test,tbf_imgs,transfer,
D:\Dineth\focus_binary_benchmark\dataset\tbf_imgs\unfocused\FieldPos008\FieldPos008_page_2.png,0,0.2056132107973098,test,tbf_imgs,transfer,
D:\Dineth\focus_binary_benchmark\dataset\tbf_imgs\unfocused\FieldPos008\FieldPos008_page_3.png,0,0.3053283393383026,test,tbf_imgs,transfer,
D:\Dineth\focus_binary_benchmark\dataset\tbf_imgs\unfocused\FieldPos008\FieldPos008_page_4.png,0,0.4648454189300537,test,tbf_imgs,transfer,
D:\Dineth\focus_binary_benchmark\dataset\tbf_imgs\unfocused\FieldPos008\FieldPos008_page_5.png,0,0.6856928467750549,test,tbf_imgs,transfer,
D:\Dineth\focus_binary_benchmark\dataset\tbf_imgs\unfocused\FieldPos008\FieldPos008_page_9.png,0,0.7093315720558167,test,tbf_imgs,transfer,
D:\Dineth\focus_binary_benchmark\dataset\tbf_imgs\unfocused\FieldPos010\FieldPos010_page_1.png,0,0.0126682762056589,test,tbf_imgs,transfer,
D:\Dineth\focus_binary_benchmark\dataset\tbf_imgs\unfocused\FieldPos010\FieldPos010_page_10.png,0,0.015396979637444,test,tbf_imgs,transfer,
D:\Dineth\focus_binary_benchmark\dataset\tbf_imgs\unfocused\FieldPos010\FieldPos010_page_11.png,0,0.0109826270490884,test,tbf_imgs,transfer,
D:\Dineth\focus_binary_benchmark\dataset\tbf_imgs\unfocused\FieldPos010\FieldPos010_page_12.png,0,0.0096001951023936,test,tbf_imgs,transfer,
D:\Dineth\focus_binary_benchmark\dataset\tbf_imgs\unfocused\FieldPos010\FieldPos010_page_13.png,0,0.0095686586573719,test,tbf_imgs,transfer,
D:\Dineth\focus_binary_benchmark\dataset\tbf_imgs\unfocused\FieldPos010\FieldPos010_page_14.png,0,0.0107531296089291,test,tbf_imgs,transfer,
D:\Dineth\focus_binary_benchmark\dataset\tbf_imgs\unfocused\FieldPos010\FieldPos010_page_2.png,0,0.0189646743237972,test,tbf_imgs,transfer,
D:\Dineth\focus_binary_benchmark\dataset\tbf_imgs\unfocused\FieldPos010\FieldPos010_page_3.png,0,0.0327269546687603,test,tbf_imgs,transfer,
D:\Dineth\focus_binary_benchmark\dataset\tbf_imgs\unfocused\FieldPos010\FieldPos010_page_4.png,0,0.0663690194487571,test,tbf_imgs,transfer,
D:\Dineth\focus_binary_benchmark\dataset\tbf_imgs\unfocused\FieldPos010\FieldPos010_page_5.png,0,0.1774228662252426,test,tbf_imgs,transfer,
D:\Dineth\focus_binary_benchmark\dataset\tbf_imgs\unfocused\FieldPos010\FieldPos010_page_9.png,0,0.0256094690412282,test,tbf_imgs,transfer,
D:\Dineth\focus_binary_benchmark\dataset\tbf_imgs\unfocused\FieldPos018 (2)\FieldPos018 (2)_page_1.png,0,0.0029224273748695,test,tbf_imgs,transfer,
D:\Dineth\focus_binary_benchmark\dataset\tbf_imgs\unfocused\FieldPos018 (2)\FieldPos018 (2)_page_10.png,0,0.0098798377439379,test,tbf_imgs,transfer,
D:\Dineth\focus_binary_benchmark\dataset\tbf_imgs\unfocused\FieldPos018 (2)\FieldPos018 (2)_page_11.png,0,0.0030217829626053,test,tbf_imgs,transfer,
D:\Dineth\focus_binary_benchmark\dataset\tbf_imgs\unfocused\FieldPos018 (2)\FieldPos018 (2)_page_12.png,0,0.0011204764014109,test,tbf_imgs,transfer,
D:\Dineth\focus_binary_benchmark\dataset\tbf_imgs\unfocused\FieldPos018 (2)\FieldPos018 (2)_page_13.png,0,0.0007198118255473,test,tbf_imgs,transfer,
D:\Dineth\focus_binary_benchmark\dataset\tbf_imgs\unfocused\FieldPos018 (2)\FieldPos018 (2)_page_14.png,0,0.0004763072647619,test,tbf_imgs,transfer,
D:\Dineth\focus_binary_benchmark\dataset\tbf_imgs\unfocused\FieldPos018 (2)\FieldPos018 (2)_page_2.png,0,0.0091884518042206,test,tbf_imgs,transfer,
D:\Dineth\focus_binary_benchmark\dataset\tbf_imgs\unfocused\FieldPos018 (2)\FieldPos018 (2)_page_3.png,0,0.0507449582219123,test,tbf_imgs,transfer,
D:\Dineth\focus_binary_benchmark\dataset\tbf_imgs\unfocused\FieldPos018 (2)\FieldPos018 (2)_page_4.png,0,0.2477923035621643,test,tbf_imgs,transfer,
D:\Dineth\focus_binary_benchmark\dataset\tbf_imgs\unfocused\FieldPos018 (2)\FieldPos018 (2)_page_8.png,0,0.4552715718746185,test,tbf_imgs,transfer,
D:\Dineth\focus_binary_benchmark\dataset\tbf_imgs\unfocused\FieldPos018 (2)\FieldPos018 (2)_page_9.png,0,0.0561465062201023,test,tbf_imgs,transfer,
D:\Dineth\focus_binary_benchmark\dataset\tbf_imgs\unfocused\FieldPos019 (2)\FieldPos019 (2)_page_1.png,0,0.1003210470080375,test,tbf_imgs,transfer,
D:\Dineth\focus_binary_benchmark\dataset\tbf_imgs\unfocused\FieldPos019 (2)\FieldPos019 (2)_page_10.png,0,0.0202130563557147,test,tbf_imgs,transfer,
D:\Dineth\focus_binary_benchmark\dataset\tbf_imgs\unfocused\FieldPos019 (2)\FieldPos019 (2)_page_11.png,0,0.0099690426141023,test,tbf_imgs,transfer,
D:\Dineth\focus_binary_benchmark\dataset\tbf_imgs\unfocused\FieldPos019 (2)\FieldPos019 (2)_page_12.png,0,0.0066556800156831,test,tbf_imgs,transfer,
D:\Dineth\focus_binary_benchmark\dataset\tbf_imgs\unfocused\FieldPos019 (2)\FieldPos019 (2)_page_13.png,0,0.0043967361561954,test,tbf_imgs,transfer,
D:\Dineth\focus_binary_benchmark\dataset\tbf_imgs\unfocused\FieldPos019 (2)\FieldPos019 (2)_page_14.png,0,0.0051201651804149,test,tbf_imgs,transfer,
D:\Dineth\focus_binary_benchmark\dataset\tbf_imgs\unfocused\FieldPos019 (2)\FieldPos019 (2)_page_2.png,0,0.2977229952812195,test,tbf_imgs,transfer,
D:\Dineth\focus_binary_benchmark\dataset\tbf_imgs\unfocused\FieldPos019 (2)\FieldPos019 (2)_page_3.png,0,0.806789219379425,test,tbf_imgs,transfer,
D:\Dineth\focus_binary_benchmark\dataset\tbf_imgs\unfocused\FieldPos019 (2)\FieldPos019 (2)_page_4.png,0,0.9622067213058472,test,tbf_imgs,transfer,
D:\Dineth\focus_binary_benchmark\dataset\tbf_imgs\unfocused\FieldPos019 (2)\FieldPos019 (2)_page_8.png,0,0.3168974220752716,test,tbf_imgs,transfer,
D:\Dineth\focus_binary_benchmark\dataset\tbf_imgs\unfocused\FieldPos019 (2)\FieldPos019 (2)_page_9.png,0,0.0941440537571907,test,tbf_imgs,transfer,
D:\Dineth\focus_binary_benchmark\dataset\tbf_imgs\unfocused\FieldPos023\FieldPos023_page_1.png,0,0.0277318526059389,test,tbf_imgs,transfer,
D:\Dineth\focus_binary_benchmark\dataset\tbf_imgs\unfocused\FieldPos023\FieldPos023_page_10.png,0,0.0189639758318662,test,tbf_imgs,transfer,
D:\Dineth\focus_binary_benchmark\dataset\tbf_imgs\unfocused\FieldPos023\FieldPos023_page_11.png,0,0.0104585709050297,test,tbf_imgs,transfer,
D:\Dineth\focus_binary_benchmark\dataset\tbf_imgs\unfocused\FieldPos023\FieldPos023_page_12.png,0,0.0064251124858856,test,tbf_imgs,transfer,
D:\Dineth\focus_binary_benchmark\dataset\tbf_imgs\unfocused\FieldPos023\FieldPos023_page_13.png,0,0.0050833136774599,test,tbf_imgs,transfer,
D:\Dineth\focus_binary_benchmark\dataset\tbf_imgs\unfocused\FieldPos023\FieldPos023_page_14.png,0,0.0043789902701973,test,tbf_imgs,transfer,
D:\Dineth\focus_binary_benchmark\dataset\tbf_imgs\unfocused\FieldPos023\FieldPos023_page_2.png,0,0.0628789439797401,test,tbf_imgs,transfer,
D:\Dineth\focus_binary_benchmark\dataset\tbf_imgs\unfocused\FieldPos023\FieldPos023_page_3.png,0,0.1862577497959137,test,tbf_imgs,transfer,
D:\Dineth\focus_binary_benchmark\dataset\tbf_imgs\unfocused\FieldPos023\FieldPos023_page_4.png,0,0.5879843235015869,test,tbf_imgs,transfer,
D:\Dineth\focus_binary_benchmark\dataset\tbf_imgs\unfocused\FieldPos023\FieldPos023_page_8.png,0,0.2275014668703079,test,tbf_imgs,transfer,
D:\Dineth\focus_binary_benchmark\dataset\tbf_imgs\unfocused\FieldPos023\FieldPos023_page_9.png,0,0.0567880012094974,test,tbf_imgs,transfer,
D:\Dineth\focus_binary_benchmark\dataset\tbf_imgs\unfocused\FieldPos029\FieldPos029_page_1.png,0,0.007129696663469,test,tbf_imgs,transfer,
D:\Dineth\focus_binary_benchmark\dataset\tbf_imgs\unfocused\FieldPos029\FieldPos029_page_10.png,0,0.1811655312776565,test,tbf_imgs,transfer,
D:\Dineth\focus_binary_benchmark\dataset\tbf_imgs\unfocused\FieldPos029\FieldPos029_page_11.png,0,0.034815777093172,test,tbf_imgs,transfer,
D:\Dineth\focus_binary_benchmark\dataset\tbf_imgs\unfocused\FieldPos029\FieldPos029_page_12.png,0,0.0114882970228791,test,tbf_imgs,transfer,
D:\Dineth\focus_binary_benchmark\dataset\tbf_imgs\unfocused\FieldPos029\FieldPos029_page_13.png,0,0.0051631252281367,test,tbf_imgs,transfer,
D:\Dineth\focus_binary_benchmark\dataset\tbf_imgs\unfocused\FieldPos029\FieldPos029_page_14.png,0,0.0028969368431717,test,tbf_imgs,transfer,
D:\Dineth\focus_binary_benchmark\dataset\tbf_imgs\unfocused\FieldPos029\FieldPos029_page_2.png,0,0.0180754177272319,test,tbf_imgs,transfer,
D:\Dineth\focus_binary_benchmark\dataset\tbf_imgs\unfocused\FieldPos029\FieldPos029_page_3.png,0,0.057068146765232,test,tbf_imgs,transfer,
D:\Dineth\focus_binary_benchmark\dataset\tbf_imgs\unfocused\FieldPos029\FieldPos029_page_4.png,0,0.197512999176979,test,tbf_imgs,transfer,
D:\Dineth\focus_binary_benchmark\dataset\tbf_imgs\unfocused\FieldPos029\FieldPos029_page_5.png,0,0.6550792455673218,test,tbf_imgs,transfer,
D:\Dineth\focus_binary_benchmark\dataset\tbf_imgs\unfocused\FieldPos029\FieldPos029_page_6.png,0,0.9409803152084352,test,tbf_imgs,transfer,
D:\Dineth\focus_binary_benchmark\dataset\tbf_imgs\unfocused\FieldPos033 (2)\FieldPos033 (2)_page_1.png,0,0.0031687128357589,test,tbf_imgs,transfer,
D:\Dineth\focus_binary_benchmark\dataset\tbf_imgs\unfocused\FieldPos033 (2)\FieldPos033 (2)_page_10.png,0,0.1226566880941391,test,tbf_imgs,transfer,
D:\Dineth\focus_binary_benchmark\dataset\tbf_imgs\unfocused\FieldPos033 (2)\FieldPos033 (2)_page_11.png,0,0.0231926999986171,test,tbf_imgs,transfer,
D:\Dineth\focus_binary_benchmark\dataset\tbf_imgs\unfocused\FieldPos033 (2)\FieldPos033 (2)_page_12.png,0,0.0068035507574677,test,tbf_imgs,transfer,
D:\Dineth\focus_binary_benchmark\dataset\tbf_imgs\unfocused\FieldPos033 (2)\FieldPos033 (2)_page_13.png,0,0.0025948332622647,test,tbf_imgs,transfer,
D:\Dineth\focus_binary_benchmark\dataset\tbf_imgs\unfocused\FieldPos033 (2)\FieldPos033 (2)_page_14.png,0,0.0014173325616866,test,tbf_imgs,transfer,
D:\Dineth\focus_binary_benchmark\dataset\tbf_imgs\unfocused\FieldPos033 (2)\FieldPos033 (2)_page_2.png,0,0.0076866690069437,test,tbf_imgs,transfer,
D:\Dineth\focus_binary_benchmark\dataset\tbf_imgs\unfocused\FieldPos033 (2)\FieldPos033 (2)_page_3.png,0,0.0207123942673206,test,tbf_imgs,transfer,
D:\Dineth\focus_binary_benchmark\dataset\tbf_imgs\unfocused\FieldPos033 (2)\FieldPos033 (2)_page_4.png,0,0.078669361770153,test,tbf_imgs,transfer,
D:\Dineth\focus_binary_benchmark\dataset\tbf_imgs\unfocused\FieldPos033 (2)\FieldPos033 (2)_page_5.png,0,0.2931417822837829,test,tbf_imgs,transfer,
D:\Dineth\focus_binary_benchmark\dataset\tbf_imgs\unfocused\FieldPos033 (2)\FieldPos033 (2)_page_6.png,0,0.7540357708930969,test,tbf_imgs,transfer,
D:\Dineth\focus_binary_benchmark\dataset\tbf_imgs\unfocused\FieldPos036\FieldPos036_page_1.png,0,0.0341444164514541,test,tbf_imgs,transfer,
D:\Dineth\focus_binary_benchmark\dataset\tbf_imgs\unfocused\FieldPos036\FieldPos036_page_10.png,0,0.2908456027507782,test,tbf_imgs,transfer,
D:\Dineth\focus_binary_benchmark\dataset\tbf_imgs\unfocused\FieldPos036\FieldPos036_page_11.png,0,0.0806123465299606,test,tbf_imgs,transfer,
D:\Dineth\focus_binary_benchmark\dataset\tbf_imgs\unfocused\FieldPos036\FieldPos036_page_12.png,0,0.0541957952082157,test,tbf_imgs,transfer,
D:\Dineth\focus_binary_benchmark\dataset\tbf_imgs\unfocused\FieldPos036\FieldPos036_page_13.png,0,0.0347311422228813,test,tbf_imgs,transfer,
D:\Dineth\focus_binary_benchmark\dataset\tbf_imgs\unfocused\FieldPos036\FieldPos036_page_14.png,0,0.0261668842285871,test,tbf_imgs,transfer,
D:\Dineth\focus_binary_benchmark\dataset\tbf_imgs\unfocused\FieldPos036\FieldPos036_page_2.png,0,0.0486733019351959,test,tbf_imgs,transfer,
D:\Dineth\focus_binary_benchmark\dataset\tbf_imgs\unfocused\FieldPos036\FieldPos036_page_3.png,0,0.0827368050813674,test,tbf_imgs,transfer,
D:\Dineth\focus_binary_benchmark\dataset\tbf_imgs\unfocused\FieldPos036\FieldPos036_page_4.png,0,0.1634214967489242,test,tbf_imgs,transfer,
D:\Dineth\focus_binary_benchmark\dataset\tbf_imgs\unfocused\FieldPos036\FieldPos036_page_5.png,0,0.3754334449768066,test,tbf_imgs,transfer,
D:\Dineth\focus_binary_benchmark\dataset\tbf_imgs\unfocused\FieldPos036\FieldPos036_page_6.png,0,0.6651351451873779,test,tbf_imgs,transfer,
D:\Dineth\focus_binary_benchmark\dataset\tbf_imgs\unfocused\FieldPos038\FieldPos038_page_1.png,0,0.002161446493119,test,tbf_imgs,transfer,
D:\Dineth\focus_binary_benchmark\dataset\tbf_imgs\unfocused\FieldPos038\FieldPos038_page_10.png,0,0.0191661138087511,test,tbf_imgs,transfer,
D:\Dineth\focus_binary_benchmark\dataset\tbf_imgs\unfocused\FieldPos038\FieldPos038_page_11.png,0,0.0040670582093298,test,tbf_imgs,transfer,
D:\Dineth\focus_binary_benchmark\dataset\tbf_imgs\unfocused\FieldPos038\FieldPos038_page_12.png,0,0.0010200546821579,test,tbf_imgs,transfer,
D:\Dineth\focus_binary_benchmark\dataset\tbf_imgs\unfocused\FieldPos038\FieldPos038_page_13.png,0,0.0004520391230471,test,tbf_imgs,transfer,
D:\Dineth\focus_binary_benchmark\dataset\tbf_imgs\unfocused\FieldPos038\FieldPos038_page_14.png,0,0.000232329708524,test,tbf_imgs,transfer,
D:\Dineth\focus_binary_benchmark\dataset\tbf_imgs\unfocused\FieldPos038\FieldPos038_page_2.png,0,0.0071948166005313,test,tbf_imgs,transfer,
D:\Dineth\focus_binary_benchmark\dataset\tbf_imgs\unfocused\FieldPos038\FieldPos038_page_3.png,0,0.0321259275078773,test,tbf_imgs,transfer,
D:\Dineth\focus_binary_benchmark\dataset\tbf_imgs\unfocused\FieldPos038\FieldPos038_page_4.png,0,0.4392362833023071,test,tbf_imgs,transfer,
D:\Dineth\focus_binary_benchmark\dataset\tbf_imgs\unfocused\FieldPos038\FieldPos038_page_5.png,0,0.9263656735420228,test,tbf_imgs,transfer,
D:\Dineth\focus_binary_benchmark\dataset\tbf_imgs\unfocused\FieldPos038\FieldPos038_page_9.png,0,0.2096606343984604,test,tbf_imgs,transfer,
D:\Dineth\focus_binary_benchmark\dataset\tbf_imgs\unfocused\FieldPos040\FieldPos040_page_1.png,0,0.0214006062597036,test,tbf_imgs,transfer,
D:\Dineth\focus_binary_benchmark\dataset\tbf_imgs\unfocused\FieldPos040\FieldPos040_page_10.png,0,0.0234971847385168,test,tbf_imgs,transfer,
D:\Dineth\focus_binary_benchmark\dataset\tbf_imgs\unfocused\FieldPos040\FieldPos040_page_11.png,0,0.0067097013816237,test,tbf_imgs,transfer,
D:\Dineth\focus_binary_benchmark\dataset\tbf_imgs\unfocused\FieldPos040\FieldPos040_page_12.png,0,0.0034046049695461,test,tbf_imgs,transfer,
D:\Dineth\focus_binary_benchmark\dataset\tbf_imgs\unfocused\FieldPos040\FieldPos040_page_13.png,0,0.0020138770341873,test,tbf_imgs,transfer,
D:\Dineth\focus_binary_benchmark\dataset\tbf_imgs\unfocused\FieldPos040\FieldPos040_page_14.png,0,0.001301284879446,test,tbf_imgs,transfer,
D:\Dineth\focus_binary_benchmark\dataset\tbf_imgs\unfocused\FieldPos040\FieldPos040_page_2.png,0,0.0879193246364593,test,tbf_imgs,transfer,
D:\Dineth\focus_binary_benchmark\dataset\tbf_imgs\unfocused\FieldPos040\FieldPos040_page_3.png,0,0.2595996260643005,test,tbf_imgs,transfer,
D:\Dineth\focus_binary_benchmark\dataset\tbf_imgs\unfocused\FieldPos040\FieldPos040_page_4.png,0,0.6446367502212524,test,tbf_imgs,transfer,
D:\Dineth\focus_binary_benchmark\dataset\tbf_imgs\unfocused\FieldPos040\FieldPos040_page_5.png,0,0.8887600898742676,test,tbf_imgs,transfer,
D:\Dineth\focus_binary_benchmark\dataset\tbf_imgs\unfocused\FieldPos040\FieldPos040_page_9.png,0,0.0950954258441925,test,tbf_imgs,transfer,
D:\Dineth\focus_binary_benchmark\dataset\tbf_imgs\unfocused\FieldPos044\FieldPos044_page_1.png,0,0.0143099864944815,test,tbf_imgs,transfer,
D:\Dineth\focus_binary_benchmark\dataset\tbf_imgs\unfocused\FieldPos044\FieldPos044_page_10.png,0,0.5836785435676575,test,tbf_imgs,transfer,
D:\Dineth\focus_binary_benchmark\dataset\tbf_imgs\unfocused\FieldPos044\FieldPos044_page_11.png,0,0.1524960249662399,test,tbf_imgs,transfer,
D:\Dineth\focus_binary_benchmark\dataset\tbf_imgs\unfocused\FieldPos044\FieldPos044_page_12.png,0,0.045649878680706,test,tbf_imgs,transfer,
D:\Dineth\focus_binary_benchmark\dataset\tbf_imgs\unfocused\FieldPos044\FieldPos044_page_13.png,0,0.0139166815206408,test,tbf_imgs,transfer,
D:\Dineth\focus_binary_benchmark\dataset\tbf_imgs\unfocused\FieldPos044\FieldPos044_page_14.png,0,0.0082987807691097,test,tbf_imgs,transfer,
D:\Dineth\focus_binary_benchmark\dataset\tbf_imgs\unfocused\FieldPos044\FieldPos044_page_2.png,0,0.0308574885129928,test,tbf_imgs,transfer,
D:\Dineth\focus_binary_benchmark\dataset\tbf_imgs\unfocused\FieldPos044\FieldPos044_page_3.png,0,0.0832269117236137,test,tbf_imgs,transfer,
D:\Dineth\focus_binary_benchmark\dataset\tbf_imgs\unfocused\FieldPos044\FieldPos044_page_4.png,0,0.3120343089103699,test,tbf_imgs,transfer,
D:\Dineth\focus_binary_benchmark\dataset\tbf_imgs\unfocused\FieldPos044\FieldPos044_page_5.png,0,0.7695125341415405,test,tbf_imgs,transfer,
D:\Dineth\focus_binary_benchmark\dataset\tbf_imgs\unfocused\FieldPos044\FieldPos044_page_6.png,0,0.943744659423828,test,tbf_imgs,transfer,
D:\Dineth\focus_binary_benchmark\dataset\tbf_imgs\unfocused\FieldPos053\FieldPos053_page_1.png,0,0.001669910387136,test,tbf_imgs,transfer,
D:\Dineth\focus_binary_benchmark\dataset\tbf_imgs\unfocused\FieldPos053\FieldPos053_page_10.png,0,0.0076157515868544,test,tbf_imgs,transfer,
D:\Dineth\focus_binary_benchmark\dataset\tbf_imgs\unfocused\FieldPos053\FieldPos053_page_11.png,0,0.0019821424502879,test,tbf_imgs,transfer,
D:\Dineth\focus_binary_benchmark\dataset\tbf_imgs\unfocused\FieldPos053\FieldPos053_page_12.png,0,0.000926321663428,test,tbf_imgs,transfer,
D:\Dineth\focus_binary_benchmark\dataset\tbf_imgs\unfocused\FieldPos053\FieldPos053_page_13.png,0,0.0007343699107877,test,tbf_imgs,transfer,
D:\Dineth\focus_binary_benchmark\dataset\tbf_imgs\unfocused\FieldPos053\FieldPos053_page_14.png,0,0.0006273396429605,test,tbf_imgs,transfer,
D:\Dineth\focus_binary_benchmark\dataset\tbf_imgs\unfocused\FieldPos053\FieldPos053_page_2.png,0,0.0043702153488993,test,tbf_imgs,transfer,
D:\Dineth\focus_binary_benchmark\dataset\tbf_imgs\unfocused\FieldPos053\FieldPos053_page_3.png,0,0.0115351397544145,test,tbf_imgs,transfer,
D:\Dineth\focus_binary_benchmark\dataset\tbf_imgs\unfocused\FieldPos053\FieldPos053_page_4.png,0,0.1230369731783866,test,tbf_imgs,transfer,
D:\Dineth\focus_binary_benchmark\dataset\tbf_imgs\unfocused\FieldPos053\FieldPos053_page_5.png,0,0.6628513336181641,test,tbf_imgs,transfer,
D:\Dineth\focus_binary_benchmark\dataset\tbf_imgs\unfocused\FieldPos053\FieldPos053_page_9.png,0,0.0997382402420044,test,tbf_imgs,transfer,
D:\Dineth\focus_binary_benchmark\dataset\tbf_imgs\unfocused\FieldPos059\FieldPos059_page_1.png,0,0.0021371676120907,test,tbf_imgs,transfer,
D:\Dineth\focus_binary_benchmark\dataset\tbf_imgs\unfocused\FieldPos059\FieldPos059_page_10.png,0,0.0060559920966625,test,tbf_imgs,transfer,
D:\Dineth\focus_binary_benchmark\dataset\tbf_imgs\unfocused\FieldPos059\FieldPos059_page_11.png,0,0.0022235251963138,test,tbf_imgs,transfer,
D:\Dineth\focus_binary_benchmark\dataset\tbf_imgs\unfocused\FieldPos059\FieldPos059_page_12.png,0,0.0010130912996828,test,tbf_imgs,transfer,
D:\Dineth\focus_binary_benchmark\dataset\tbf_imgs\unfocused\FieldPos059\FieldPos059_page_13.png,0,0.0004270592471584,test,tbf_imgs,transfer,
D:\Dineth\focus_binary_benchmark\dataset\tbf_imgs\unfocused\FieldPos059\FieldPos059_page_14.png,0,0.0002660115715116,test,tbf_imgs,transfer,
D:\Dineth\focus_binary_benchmark\dataset\tbf_imgs\unfocused\FieldPos059\FieldPos059_page_2.png,0,0.0074399136938154,test,tbf_imgs,transfer,
D:\Dineth\focus_binary_benchmark\dataset\tbf_imgs\unfocused\FieldPos059\FieldPos059_page_3.png,0,0.0383049398660659,test,tbf_imgs,transfer,
D:\Dineth\focus_binary_benchmark\dataset\tbf_imgs\unfocused\FieldPos059\FieldPos059_page_4.png,0,0.3956085741519928,test,tbf_imgs,transfer,
D:\Dineth\focus_binary_benchmark\dataset\tbf_imgs\unfocused\FieldPos059\FieldPos059_page_8.png,0,0.4243390560150146,test,tbf_imgs,transfer,
D:\Dineth\focus_binary_benchmark\dataset\tbf_imgs\unfocused\FieldPos059\FieldPos059_page_9.png,0,0.0368700884282588,test,tbf_imgs,transfer,
D:\Dineth\focus_binary_benchmark\dataset\tbf_imgs\unfocused\FieldPos066\FieldPos066_page_1.png,0,0.0223763808608055,test,tbf_imgs,transfer,
D:\Dineth\focus_binary_benchmark\dataset\tbf_imgs\unfocused\FieldPos066\FieldPos066_page_10.png,0,0.0019109260756522,test,tbf_imgs,transfer,
D:\Dineth\focus_binary_benchmark\dataset\tbf_imgs\unfocused\FieldPos066\FieldPos066_page_11.png,0,0.0007224562577903,test,tbf_imgs,transfer,
D:\Dineth\focus_binary_benchmark\dataset\tbf_imgs\unfocused\FieldPos066\FieldPos066_page_12.png,0,0.000524322327692,test,tbf_imgs,transfer,
D:\Dineth\focus_binary_benchmark\dataset\tbf_imgs\unfocused\FieldPos066\FieldPos066_page_13.png,0,0.0003948918893001,test,tbf_imgs,transfer,
D:\Dineth\focus_binary_benchmark\dataset\tbf_imgs\unfocused\FieldPos066\FieldPos066_page_14.png,0,0.0003499604936223,test,tbf_imgs,transfer,
D:\Dineth\focus_binary_benchmark\dataset\tbf_imgs\unfocused\FieldPos066\FieldPos066_page_2.png,0,0.0856505259871482,test,tbf_imgs,transfer,
D:\Dineth\focus_binary_benchmark\dataset\tbf_imgs\unfocused\FieldPos066\FieldPos066_page_3.png,0,0.4145206212997436,test,tbf_imgs,transfer,
D:\Dineth\focus_binary_benchmark\dataset\tbf_imgs\unfocused\FieldPos066\FieldPos066_page_4.png,0,0.8081411719322205,test,tbf_imgs,transfer,
D:\Dineth\focus_binary_benchmark\dataset\tbf_imgs\unfocused\FieldPos066\FieldPos066_page_8.png,0,0.017749136313796,test,tbf_imgs,transfer,
D:\Dineth\focus_binary_benchmark\dataset\tbf_imgs\unfocused\FieldPos066\FieldPos066_page_9.png,0,0.0049011777155101,test,tbf_imgs,transfer,
D:\Dineth\focus_binary_benchmark\dataset\tbf_imgs\unfocused\FieldPos069\FieldPos069_page_1.png,0,0.0097357043996453,test,tbf_imgs,transfer,
D:\Dineth\focus_binary_benchmark\dataset\tbf_imgs\unfocused\FieldPos069\FieldPos069_page_10.png,0,0.0021847747266292,test,tbf_imgs,transfer,
D:\Dineth\focus_binary_benchmark\dataset\tbf_imgs\unfocused\FieldPos069\FieldPos069_page_11.png,0,0.0011584354797378,test,tbf_imgs,transfer,
D:\Dineth\focus_binary_benchmark\dataset\tbf_imgs\unfocused\FieldPos069\FieldPos069_page_12.png,0,0.0007849800749681,test,tbf_imgs,transfer,
D:\Dineth\focus_binary_benchmark\dataset\tbf_imgs\unfocused\FieldPos069\FieldPos069_page_13.png,0,0.0006685577682219,test,tbf_imgs,transfer,
D:\Dineth\focus_binary_benchmark\dataset\tbf_imgs\unfocused\FieldPos069\FieldPos069_page_14.png,0,0.0006927076610736,test,tbf_imgs,transfer,
D:\Dineth\focus_binary_benchmark\dataset\tbf_imgs\unfocused\FieldPos069\FieldPos069_page_2.png,0,0.0465312264859676,test,tbf_imgs,transfer,
D:\Dineth\focus_binary_benchmark\dataset\tbf_imgs\unfocused\FieldPos069\FieldPos069_page_3.png,0,0.2957861125469208,test,tbf_imgs,transfer,
D:\Dineth\focus_binary_benchmark\dataset\tbf_imgs\unfocused\FieldPos069\FieldPos069_page_7.png,0,0.1453762203454971,test,tbf_imgs,transfer,
D:\Dineth\focus_binary_benchmark\dataset\tbf_imgs\unfocused\FieldPos069\FieldPos069_page_8.png,0,0.0180947259068489,test,tbf_imgs,transfer,
D:\Dineth\focus_binary_benchmark\dataset\tbf_imgs\unfocused\FieldPos069\FieldPos069_page_9.png,0,0.0058340043760836,test,tbf_imgs,transfer,
D:\Dineth\focus_binary_benchmark\dataset\tbf_imgs\unfocused\FieldPos074\FieldPos074_page_1.png,0,0.0220648404210805,test,tbf_imgs,transfer,
D:\Dineth\focus_binary_benchmark\dataset\tbf_imgs\unfocused\FieldPos074\FieldPos074_page_10.png,0,0.0781968608498573,test,tbf_imgs,transfer,
D:\Dineth\focus_binary_benchmark\dataset\tbf_imgs\unfocused\FieldPos074\FieldPos074_page_11.png,0,0.0234390329569578,test,tbf_imgs,transfer,
D:\Dineth\focus_binary_benchmark\dataset\tbf_imgs\unfocused\FieldPos074\FieldPos074_page_12.png,0,0.0132245449349284,test,tbf_imgs,transfer,
D:\Dineth\focus_binary_benchmark\dataset\tbf_imgs\unfocused\FieldPos074\FieldPos074_page_13.png,0,0.0090125799179077,test,tbf_imgs,transfer,
D:\Dineth\focus_binary_benchmark\dataset\tbf_imgs\unfocused\FieldPos074\FieldPos074_page_14.png,0,0.0070581180043518,test,tbf_imgs,transfer,
D:\Dineth\focus_binary_benchmark\dataset\tbf_imgs\unfocused\FieldPos074\FieldPos074_page_2.png,0,0.0594956241548061,test,tbf_imgs,transfer,
D:\Dineth\focus_binary_benchmark\dataset\tbf_imgs\unfocused\FieldPos074\FieldPos074_page_3.png,0,0.2157669365406036,test,tbf_imgs,transfer,
D:\Dineth\focus_binary_benchmark\dataset\tbf_imgs\unfocused\FieldPos074\FieldPos074_page_4.png,0,0.6847133040428162,test,tbf_imgs,transfer,
D:\Dineth\focus_binary_benchmark\dataset\tbf_imgs\unfocused\FieldPos074\FieldPos074_page_8.png,0,0.6926850080490112,test,tbf_imgs,transfer,
D:\Dineth\focus_binary_benchmark\dataset\tbf_imgs\unfocused\FieldPos074\FieldPos074_page_9.png,0,0.3105879724025726,test,tbf_imgs,transfer,
D:\Dineth\focus_binary_benchmark\dataset\tbf_imgs\unfocused\FieldPos082\FieldPos082_page_1.png,0,0.1599206924438476,test,tbf_imgs,transfer,
D:\Dineth\focus_binary_benchmark\dataset\tbf_imgs\unfocused\FieldPos082\FieldPos082_page_10.png,0,0.0410232134163379,test,tbf_imgs,transfer,
D:\Dineth\focus_binary_benchmark\dataset\tbf_imgs\unfocused\FieldPos082\FieldPos082_page_11.png,0,0.028757456690073,test,tbf_imgs,transfer,
D:\Dineth\focus_binary_benchmark\dataset\tbf_imgs\unfocused\FieldPos082\FieldPos082_page_12.png,0,0.0245752055197954,test,tbf_imgs,transfer,
D:\Dineth\focus_binary_benchmark\dataset\tbf_imgs\unfocused\FieldPos082\FieldPos082_page_13.png,0,0.0230348072946071,test,tbf_imgs,transfer,
D:\Dineth\focus_binary_benchmark\dataset\tbf_imgs\unfocused\FieldPos082\FieldPos082_page_14.png,0,0.027257040143013,test,tbf_imgs,transfer,
D:\Dineth\focus_binary_benchmark\dataset\tbf_imgs\unfocused\FieldPos082\FieldPos082_page_2.png,0,0.2868246138095855,test,tbf_imgs,transfer,
D:\Dineth\focus_binary_benchmark\dataset\tbf_imgs\unfocused\FieldPos082\FieldPos082_page_3.png,0,0.5117451548576355,test,tbf_imgs,transfer,
D:\Dineth\focus_binary_benchmark\dataset\tbf_imgs\unfocused\FieldPos082\FieldPos082_page_4.png,0,0.5598905682563782,test,tbf_imgs,transfer,
D:\Dineth\focus_binary_benchmark\dataset\tbf_imgs\unfocused\FieldPos082\FieldPos082_page_8.png,0,0.1161327958106994,test,tbf_imgs,transfer,
D:\Dineth\focus_binary_benchmark\dataset\tbf_imgs\unfocused\FieldPos082\FieldPos082_page_9.png,0,0.0656188875436782,test,tbf_imgs,transfer,
D:\Dineth\focus_binary_benchmark\dataset\tbf_imgs\unfocused\FieldPos103\FieldPos103_page_1.png,0,0.0222491156309843,test,tbf_imgs,transfer,
D:\Dineth\focus_binary_benchmark\dataset\tbf_imgs\unfocused\FieldPos103\FieldPos103_page_10.png,0,0.1200475841760635,test,tbf_imgs,transfer,
D:\Dineth\focus_binary_benchmark\dataset\tbf_imgs\unfocused\FieldPos103\FieldPos103_page_11.png,0,0.0542309209704399,test,tbf_imgs,transfer,
D:\Dineth\focus_binary_benchmark\dataset\tbf_imgs\unfocused\FieldPos103\FieldPos103_page_12.png,0,0.028944656252861,test,tbf_imgs,transfer,
D:\Dineth\focus_binary_benchmark\dataset\tbf_imgs\unfocused\FieldPos103\FieldPos103_page_13.png,0,0.0200700685381889,test,tbf_imgs,transfer,
D:\Dineth\focus_binary_benchmark\dataset\tbf_imgs\unfocused\FieldPos103\FieldPos103_page_14.png,0,0.0157861374318599,test,tbf_imgs,transfer,
D:\Dineth\focus_binary_benchmark\dataset\tbf_imgs\unfocused\FieldPos103\FieldPos103_page_2.png,0,0.0394259355962276,test,tbf_imgs,transfer,
D:\Dineth\focus_binary_benchmark\dataset\tbf_imgs\unfocused\FieldPos103\FieldPos103_page_3.png,0,0.0581700503826141,test,tbf_imgs,transfer,
D:\Dineth\focus_binary_benchmark\dataset\tbf_imgs\unfocused\FieldPos103\FieldPos103_page_4.png,0,0.1111510097980499,test,tbf_imgs,transfer,
D:\Dineth\focus_binary_benchmark\dataset\tbf_imgs\unfocused\FieldPos103\FieldPos103_page_5.png,0,0.4725435376167297,test,tbf_imgs,transfer,
D:\Dineth\focus_binary_benchmark\dataset\tbf_imgs\unfocused\FieldPos103\FieldPos103_page_6.png,0,0.7956942319869995,test,tbf_imgs,transfer,
D:\Dineth\focus_binary_benchmark\dataset\tbf_imgs\unfocused\FieldPos104\FieldPos104_page_1.png,0,0.0007173544145189,test,tbf_imgs,transfer,
D:\Dineth\focus_binary_benchmark\dataset\tbf_imgs\unfocused\FieldPos104\FieldPos104_page_10.png,0,0.0078083304688334,test,tbf_imgs,transfer,
D:\Dineth\focus_binary_benchmark\dataset\tbf_imgs\unfocused\FieldPos104\FieldPos104_page_11.png,0,0.0019883615896105,test,tbf_imgs,transfer,
D:\Dineth\focus_binary_benchmark\dataset\tbf_imgs\unfocused\FieldPos104\FieldPos104_page_12.png,0,0.0006307082949206,test,tbf_imgs,transfer,
D:\Dineth\focus_binary_benchmark\dataset\tbf_imgs\unfocused\FieldPos104\FieldPos104_page_13.png,0,0.0002629072114359,test,tbf_imgs,transfer,
D:\Dineth\focus_binary_benchmark\dataset\tbf_imgs\unfocused\FieldPos104\FieldPos104_page_14.png,0,0.0001889977429527,test,tbf_imgs,transfer,
D:\Dineth\focus_binary_benchmark\dataset\tbf_imgs\unfocused\FieldPos104\FieldPos104_page_2.png,0,0.0022520679049193,test,tbf_imgs,transfer,
D:\Dineth\focus_binary_benchmark\dataset\tbf_imgs\unfocused\FieldPos104\FieldPos104_page_3.png,0,0.007754270453006,test,tbf_imgs,transfer,
D:\Dineth\focus_binary_benchmark\dataset\tbf_imgs\unfocused\FieldPos104\FieldPos104_page_4.png,0,0.0326158888638019,test,tbf_imgs,transfer,
D:\Dineth\focus_binary_benchmark\dataset\tbf_imgs\unfocused\FieldPos104\FieldPos104_page_5.png,0,0.2738121151924133,test,tbf_imgs,transfer,
D:\Dineth\focus_binary_benchmark\dataset\tbf_imgs\unfocused\FieldPos104\FieldPos104_page_9.png,0,0.0434476025402545,test,tbf_imgs,transfer,
D:\Dineth\focus_binary_benchmark\dataset\tbf_imgs\unfocused\FieldPos107\FieldPos107_page_1.png,0,0.0904194414615631,test,tbf_imgs,transfer,
D:\Dineth\focus_binary_benchmark\dataset\tbf_imgs\unfocused\FieldPos107\FieldPos107_page_10.png,0,0.0464319288730621,test,tbf_imgs,transfer,
D:\Dineth\focus_binary_benchmark\dataset\tbf_imgs\unfocused\FieldPos107\FieldPos107_page_11.png,0,0.0309458319097757,test,tbf_imgs,transfer,
D:\Dineth\focus_binary_benchmark\dataset\tbf_imgs\unfocused\FieldPos107\FieldPos107_page_12.png,0,0.027185209095478,test,tbf_imgs,transfer,
D:\Dineth\focus_binary_benchmark\dataset\tbf_imgs\unfocused\FieldPos107\FieldPos107_page_13.png,0,0.0258718822151422,test,tbf_imgs,transfer,
D:\Dineth\focus_binary_benchmark\dataset\tbf_imgs\unfocused\FieldPos107\FieldPos107_page_14.png,0,0.0293747652322053,test,tbf_imgs,transfer,
D:\Dineth\focus_binary_benchmark\dataset\tbf_imgs\unfocused\FieldPos107\FieldPos107_page_2.png,0,0.1442926377058029,test,tbf_imgs,transfer,
D:\Dineth\focus_binary_benchmark\dataset\tbf_imgs\unfocused\FieldPos107\FieldPos107_page_3.png,0,0.2885806262493133,test,tbf_imgs,transfer,
D:\Dineth\focus_binary_benchmark\dataset\tbf_imgs\unfocused\FieldPos107\FieldPos107_page_7.png,0,0.2229063808917999,test,tbf_imgs,transfer,
D:\Dineth\focus_binary_benchmark\dataset\tbf_imgs\unfocused\FieldPos107\FieldPos107_page_8.png,0,0.1049334183335304,test,tbf_imgs,transfer,
D:\Dineth\focus_binary_benchmark\dataset\tbf_imgs\unfocused\FieldPos107\FieldPos107_page_9.png,0,0.0660939961671829,test,tbf_imgs,transfer,
D:\Dineth\focus_binary_benchmark\dataset\tbf_imgs\unfocused\FieldPos200\FieldPos200_page_1.png,0,0.0170801673084497,test,tbf_imgs,transfer,
D:\Dineth\focus_binary_benchmark\dataset\tbf_imgs\unfocused\FieldPos200\FieldPos200_page_10.png,0,0.0471750348806381,test,tbf_imgs,transfer,
D:\Dineth\focus_binary_benchmark\dataset\tbf_imgs\unfocused\FieldPos200\FieldPos200_page_11.png,0,0.0145392213016748,test,tbf_imgs,transfer,
D:\Dineth\focus_binary_benchmark\dataset\tbf_imgs\unfocused\FieldPos200\FieldPos200_page_12.png,0,0.0067560290917754,test,tbf_imgs,transfer,
D:\Dineth\focus_binary_benchmark\dataset\tbf_imgs\unfocused\FieldPos200\FieldPos200_page_13.png,0,0.0038403598591685,test,tbf_imgs,transfer,
D:\Dineth\focus_binary_benchmark\dataset\tbf_imgs\unfocused\FieldPos200\FieldPos200_page_14.png,0,0.0032585768494755,test,tbf_imgs,transfer,
D:\Dineth\focus_binary_benchmark\dataset\tbf_imgs\unfocused\FieldPos200\FieldPos200_page_2.png,0,0.0455361120402812,test,tbf_imgs,transfer,
D:\Dineth\focus_binary_benchmark\dataset\tbf_imgs\unfocused\FieldPos200\FieldPos200_page_3.png,0,0.1799703985452652,test,tbf_imgs,transfer,
D:\Dineth\focus_binary_benchmark\dataset\tbf_imgs\unfocused\FieldPos200\FieldPos200_page_4.png,0,0.5457963943481445,test,tbf_imgs,transfer,
D:\Dineth\focus_binary_benchmark\dataset\tbf_imgs\unfocused\FieldPos200\FieldPos200_page_5.png,0,0.8996984958648682,test,tbf_imgs,transfer,
D:\Dineth\focus_binary_benchmark\dataset\tbf_imgs\unfocused\FieldPos200\FieldPos200_page_9.png,0,0.3189243376255035,test,tbf_imgs,transfer,
D:\Dineth\focus_binary_benchmark\dataset\tbf_imgs\unfocused\FieldPos203\FieldPos203_page_1.png,0,0.0045196460559964,test,tbf_imgs,transfer,
D:\Dineth\focus_binary_benchmark\dataset\tbf_imgs\unfocused\FieldPos203\FieldPos203_page_10.png,0,0.043250098824501,test,tbf_imgs,transfer,
D:\Dineth\focus_binary_benchmark\dataset\tbf_imgs\unfocused\FieldPos203\FieldPos203_page_11.png,0,0.0121969087049365,test,tbf_imgs,transfer,
D:\Dineth\focus_binary_benchmark\dataset\tbf_imgs\unfocused\FieldPos203\FieldPos203_page_12.png,0,0.0041936603374779,test,tbf_imgs,transfer,
D:\Dineth\focus_binary_benchmark\dataset\tbf_imgs\unfocused\FieldPos203\FieldPos203_page_13.png,0,0.0015821054112166,test,tbf_imgs,transfer,
D:\Dineth\focus_binary_benchmark\dataset\tbf_imgs\unfocused\FieldPos203\FieldPos203_page_14.png,0,0.001060415408574,test,tbf_imgs,transfer,
D:\Dineth\focus_binary_benchmark\dataset\tbf_imgs\unfocused\FieldPos203\FieldPos203_page_2.png,0,0.0116881737485528,test,tbf_imgs,transfer,
D:\Dineth\focus_binary_benchmark\dataset\tbf_imgs\unfocused\FieldPos203\FieldPos203_page_3.png,0,0.0437963493168354,test,tbf_imgs,transfer,
D:\Dineth\focus_binary_benchmark\dataset\tbf_imgs\unfocused\FieldPos203\FieldPos203_page_4.png,0,0.1974525898694992,test,tbf_imgs,transfer,
D:\Dineth\focus_binary_benchmark\dataset\tbf_imgs\unfocused\FieldPos203\FieldPos203_page_5.png,0,0.8325443267822266,test,tbf_imgs,transfer,
D:\Dineth\focus_binary_benchmark\dataset\tbf_imgs\unfocused\FieldPos203\FieldPos203_page_9.png,0,0.3364580571651459,test,tbf_imgs,transfer,
D:\Dineth\focus_binary_benchmark\dataset\TBSI\focused\HH1\HH1 (6).JPG,1,0.9923173189163208,test,TBSI,transfer,
D:\Dineth\focus_binary_benchmark\dataset\TBSI\focused\HH3\HH3 (6).JPG,1,0.9850950241088868,test,TBSI,transfer,
D:\Dineth\focus_binary_benchmark\dataset\TBSI\focused\HH8\HH8 (6).JPG,1,0.959691286087036,test,TBSI,transfer,
D:\Dineth\focus_binary_benchmark\dataset\TBSI\focused\HL8\HL8 (6).JPG,1,0.980867087841034,test,TBSI,transfer,
D:\Dineth\focus_binary_benchmark\dataset\TBSI\focused\LH5\LH5 (4).JPG,1,0.9977320432662964,test,TBSI,transfer,
D:\Dineth\focus_binary_benchmark\dataset\TBSI\unfocused\HH1\HH1 (1).JPG,0,0.0026438941713422,test,TBSI,transfer,
D:\Dineth\focus_binary_benchmark\dataset\TBSI\unfocused\HH1\HH1 (10).JPG,0,0.0054919039830565,test,TBSI,transfer,
D:\Dineth\focus_binary_benchmark\dataset\TBSI\unfocused\HH1\HH1 (2).JPG,0,0.0035209045745432,test,TBSI,transfer,
D:\Dineth\focus_binary_benchmark\dataset\TBSI\unfocused\HH1\HH1 (3).JPG,0,0.0067680990323424,test,TBSI,transfer,
D:\Dineth\focus_binary_benchmark\dataset\TBSI\unfocused\HH1\HH1 (4).JPG,0,0.0221818871796131,test,TBSI,transfer,
D:\Dineth\focus_binary_benchmark\dataset\TBSI\unfocused\HH1\HH1 (8).JPG,0,0.0387810356914997,test,TBSI,transfer,
D:\Dineth\focus_binary_benchmark\dataset\TBSI\unfocused\HH1\HH1 (9).JPG,0,0.0170978624373674,test,TBSI,transfer,
D:\Dineth\focus_binary_benchmark\dataset\TBSI\unfocused\HH3\HH3 (1).JPG,0,0.002379831392318,test,TBSI,transfer,
D:\Dineth\focus_binary_benchmark\dataset\TBSI\unfocused\HH3\HH3 (10).JPG,0,0.0072712092660367,test,TBSI,transfer,
D:\Dineth\focus_binary_benchmark\dataset\TBSI\unfocused\HH3\HH3 (2).JPG,0,0.0030313965398818,test,TBSI,transfer,
D:\Dineth\focus_binary_benchmark\dataset\TBSI\unfocused\HH3\HH3 (3).JPG,0,0.0037213217001408,test,TBSI,transfer,
D:\Dineth\focus_binary_benchmark\dataset\TBSI\unfocused\HH3\HH3 (4).JPG,0,0.0072399196214973,test,TBSI,transfer,
D:\Dineth\focus_binary_benchmark\dataset\TBSI\unfocused\HH3\HH3 (8).JPG,0,0.9019638299942015,test,TBSI,transfer,
D:\Dineth\focus_binary_benchmark\dataset\TBSI\unfocused\HH3\HH3 (9).JPG,0,0.0404017828404903,test,TBSI,transfer,
D:\Dineth\focus_binary_benchmark\dataset\TBSI\unfocused\HH8\HH8 (1).JPG,0,0.004661364480853,test,TBSI,transfer,
D:\Dineth\focus_binary_benchmark\dataset\TBSI\unfocused\HH8\HH8 (10).JPG,0,0.0152122322469949,test,TBSI,transfer,
D:\Dineth\focus_binary_benchmark\dataset\TBSI\unfocused\HH8\HH8 (2).JPG,0,0.0081423465162515,test,TBSI,transfer,
D:\Dineth\focus_binary_benchmark\dataset\TBSI\unfocused\HH8\HH8 (3).JPG,0,0.0060868388973176,test,TBSI,transfer,
D:\Dineth\focus_binary_benchmark\dataset\TBSI\unfocused\HH8\HH8 (4).JPG,0,0.0192438382655382,test,TBSI,transfer,
D:\Dineth\focus_binary_benchmark\dataset\TBSI\unfocused\HH8\HH8 (8).JPG,0,0.0729626417160034,test,TBSI,transfer,
D:\Dineth\focus_binary_benchmark\dataset\TBSI\unfocused\HH8\HH8 (9).JPG,0,0.0473120994865894,test,TBSI,transfer,
D:\Dineth\focus_binary_benchmark\dataset\TBSI\unfocused\HL8\HL8 (1).JPG,0,0.0077059743925929,test,TBSI,transfer,
D:\Dineth\focus_binary_benchmark\dataset\TBSI\unfocused\HL8\HL8 (10).JPG,0,0.017299111932516,test,TBSI,transfer,
D:\Dineth\focus_binary_benchmark\dataset\TBSI\unfocused\HL8\HL8 (2).JPG,0,0.0077059743925929,test,TBSI,transfer,
D:\Dineth\focus_binary_benchmark\dataset\TBSI\unfocused\HL8\HL8 (3).JPG,0,0.0361841581761837,test,TBSI,transfer,
D:\Dineth\focus_binary_benchmark\dataset\TBSI\unfocused\HL8\HL8 (4).JPG,0,0.0916856899857521,test,TBSI,transfer,
D:\Dineth\focus_binary_benchmark\dataset\TBSI\unfocused\HL8\HL8 (8).JPG,0,0.1462162733078003,test,TBSI,transfer,
D:\Dineth\focus_binary_benchmark\dataset\TBSI\unfocused\HL8\HL8 (9).JPG,0,0.0478096529841423,test,TBSI,transfer,
D:\Dineth\focus_binary_benchmark\dataset\TBSI\unfocused\LH5\LH5 (1).JPG,0,0.0025670914910733,test,TBSI,transfer,
D:\Dineth\focus_binary_benchmark\dataset\TBSI\unfocused\LH5\LH5 (10).JPG,0,0.002613057848066,test,TBSI,transfer,
D:\Dineth\focus_binary_benchmark\dataset\TBSI\unfocused\LH5\LH5 (2).JPG,0,0.0129191093146801,test,TBSI,transfer,
D:\Dineth\focus_binary_benchmark\dataset\TBSI\unfocused\LH5\LH5 (6).JPG,0,0.0923695117235183,test,TBSI,transfer,
D:\Dineth\focus_binary_benchmark\dataset\TBSI\unfocused\LH5\LH5 (7).JPG,0,0.0068486956879496,test,TBSI,transfer,
D:\Dineth\focus_binary_benchmark\dataset\TBSI\unfocused\LH5\LH5 (8).JPG,0,0.0012309204321354,test,TBSI,transfer,
D:\Dineth\focus_binary_benchmark\dataset\TBSI\unfocused\LH5\LH5 (9).JPG,0,0.00329877785407,test,TBSI,transfer,
D:\Dineth\focus_binary_benchmark\dataset\wbc\focused\106\106_6.jpg,1,0.9813655614852904,test,wbc,transfer,
D:\Dineth\focus_binary_benchmark\dataset\wbc\focused\113\113_6.jpg,1,0.9940844774246216,test,wbc,transfer,
D:\Dineth\focus_binary_benchmark\dataset\wbc\focused\117\117_6.jpg,1,0.9761021137237548,test,wbc,transfer,
D:\Dineth\focus_binary_benchmark\dataset\wbc\focused\118\118_6.jpg,1,0.9700472950935364,test,wbc,transfer,
D:\Dineth\focus_binary_benchmark\dataset\wbc\focused\138\138_5.jpg,1,0.986436367034912,test,wbc,transfer,
D:\Dineth\focus_binary_benchmark\dataset\wbc\focused\143\143_7.jpg,1,0.6281430721282959,test,wbc,transfer,
D:\Dineth\focus_binary_benchmark\dataset\wbc\focused\145\145_6.jpg,1,0.9044048190116882,test,wbc,transfer,
D:\Dineth\focus_binary_benchmark\dataset\wbc\focused\19\19_5.jpg,1,0.9461806416511536,test,wbc,transfer,
D:\Dineth\focus_binary_benchmark\dataset\wbc\focused\2\2_6.jpg,1,0.9909151196479796,test,wbc,transfer,
D:\Dineth\focus_binary_benchmark\dataset\wbc\focused\22\22_5.jpg,1,0.9950228333473206,test,wbc,transfer,
D:\Dineth\focus_binary_benchmark\dataset\wbc\focused\24\24_6.jpg,1,0.7831300497055054,test,wbc,transfer,
D:\Dineth\focus_binary_benchmark\dataset\wbc\focused\32\32_6.jpg,1,0.952287495136261,test,wbc,transfer,
D:\Dineth\focus_binary_benchmark\dataset\wbc\focused\33\33_6.jpg,1,0.8951272964477539,test,wbc,transfer,
D:\Dineth\focus_binary_benchmark\dataset\wbc\focused\41\41_5.jpg,1,0.9053961634635924,test,wbc,transfer,
D:\Dineth\focus_binary_benchmark\dataset\wbc\focused\49\49_6.jpg,1,0.9496852159500122,test,wbc,transfer,
D:\Dineth\focus_binary_benchmark\dataset\wbc\focused\50\50_7.jpg,1,0.897066593170166,test,wbc,transfer,
D:\Dineth\focus_binary_benchmark\dataset\wbc\focused\58\58_6.jpg,1,0.3908904790878296,test,wbc,transfer,
D:\Dineth\focus_binary_benchmark\dataset\wbc\focused\65\65_6.jpg,1,0.8096946477890015,test,wbc,transfer,
D:\Dineth\focus_binary_benchmark\dataset\wbc\focused\66\66_6.jpg,1,0.9870179891586304,test,wbc,transfer,
D:\Dineth\focus_binary_benchmark\dataset\wbc\focused\7\7_6.jpg,1,0.9796220064163208,test,wbc,transfer,
D:\Dineth\focus_binary_benchmark\dataset\wbc\focused\76\76_5.jpg,1,0.7903536558151245,test,wbc,transfer,
D:\Dineth\focus_binary_benchmark\dataset\wbc\focused\89\89_6.jpg,1,0.9621575474739076,test,wbc,transfer,
D:\Dineth\focus_binary_benchmark\dataset\wbc\unfocused\106\106_0.jpg,0,0.0067536327987909,test,wbc,transfer,
D:\Dineth\focus_binary_benchmark\dataset\wbc\unfocused\106\106_1.jpg,0,0.0055767381563782,test,wbc,transfer,
D:\Dineth\focus_binary_benchmark\dataset\wbc\unfocused\106\106_2.jpg,0,0.0062218084931373,test,wbc,transfer,
D:\Dineth\focus_binary_benchmark\dataset\wbc\unfocused\106\106_3.jpg,0,0.0056146271526813,test,wbc,transfer,
D:\Dineth\focus_binary_benchmark\dataset\wbc\unfocused\106\106_4.jpg,0,0.0328594669699668,test,wbc,transfer,
D:\Dineth\focus_binary_benchmark\dataset\wbc\unfocused\106\106_8.jpg,0,0.4413755536079407,test,wbc,transfer,
D:\Dineth\focus_binary_benchmark\dataset\wbc\unfocused\106\106_9.jpg,0,0.0122724305838346,test,wbc,transfer,
D:\Dineth\focus_binary_benchmark\dataset\wbc\unfocused\113\113_0.jpg,0,0.0102122314274311,test,wbc,transfer,
D:\Dineth\focus_binary_benchmark\dataset\wbc\unfocused\113\113_1.jpg,0,0.0128026204183697,test,wbc,transfer,
D:\Dineth\focus_binary_benchmark\dataset\wbc\unfocused\113\113_2.jpg,0,0.0090997293591499,test,wbc,transfer,
D:\Dineth\focus_binary_benchmark\dataset\wbc\unfocused\113\113_3.jpg,0,0.0129120033234357,test,wbc,transfer,
D:\Dineth\focus_binary_benchmark\dataset\wbc\unfocused\113\113_4.jpg,0,0.0010196221992373,test,wbc,transfer,
D:\Dineth\focus_binary_benchmark\dataset\wbc\unfocused\113\113_8.jpg,0,0.0386141650378704,test,wbc,transfer,
D:\Dineth\focus_binary_benchmark\dataset\wbc\unfocused\113\113_9.jpg,0,0.0017977537354454,test,wbc,transfer,
D:\Dineth\focus_binary_benchmark\dataset\wbc\unfocused\117\117_0.jpg,0,0.0150947654619812,test,wbc,transfer,
D:\Dineth\focus_binary_benchmark\dataset\wbc\unfocused\117\117_1.jpg,0,0.0106391869485378,test,wbc,transfer,
D:\Dineth\focus_binary_benchmark\dataset\wbc\unfocused\117\117_2.jpg,0,0.0164009556174278,test,wbc,transfer,
D:\Dineth\focus_binary_benchmark\dataset\wbc\unfocused\117\117_3.jpg,0,0.007798362057656,test,wbc,transfer,
D:\Dineth\focus_binary_benchmark\dataset\wbc\unfocused\117\117_4.jpg,0,0.0029174976516515,test,wbc,transfer,
D:\Dineth\focus_binary_benchmark\dataset\wbc\unfocused\117\117_8.jpg,0,0.3651406466960907,test,wbc,transfer,
D:\Dineth\focus_binary_benchmark\dataset\wbc\unfocused\117\117_9.jpg,0,0.0270174145698547,test,wbc,transfer,
D:\Dineth\focus_binary_benchmark\dataset\wbc\unfocused\118\118_0.jpg,0,0.0350395664572715,test,wbc,transfer,
D:\Dineth\focus_binary_benchmark\dataset\wbc\unfocused\118\118_1.jpg,0,0.0466816797852516,test,wbc,transfer,
D:\Dineth\focus_binary_benchmark\dataset\wbc\unfocused\118\118_2.jpg,0,0.0474247634410858,test,wbc,transfer,
D:\Dineth\focus_binary_benchmark\dataset\wbc\unfocused\118\118_3.jpg,0,0.0100428080186247,test,wbc,transfer,
D:\Dineth\focus_binary_benchmark\dataset\wbc\unfocused\118\118_4.jpg,0,0.1377158761024475,test,wbc,transfer,
D:\Dineth\focus_binary_benchmark\dataset\wbc\unfocused\118\118_8.jpg,0,0.0214566402137279,test,wbc,transfer,
D:\Dineth\focus_binary_benchmark\dataset\wbc\unfocused\118\118_9.jpg,0,0.0064854291267693,test,wbc,transfer,
D:\Dineth\focus_binary_benchmark\dataset\wbc\unfocused\138\138_0.jpg,0,0.020196221768856,test,wbc,transfer,
D:\Dineth\focus_binary_benchmark\dataset\wbc\unfocused\138\138_1.jpg,0,0.0214177649468183,test,wbc,transfer,
D:\Dineth\focus_binary_benchmark\dataset\wbc\unfocused\138\138_2.jpg,0,0.0104611227288842,test,wbc,transfer,
D:\Dineth\focus_binary_benchmark\dataset\wbc\unfocused\138\138_3.jpg,0,0.0022452240809798,test,wbc,transfer,
D:\Dineth\focus_binary_benchmark\dataset\wbc\unfocused\138\138_7.jpg,0,0.0710005611181259,test,wbc,transfer,
D:\Dineth\focus_binary_benchmark\dataset\wbc\unfocused\138\138_8.jpg,0,0.0051939003169536,test,wbc,transfer,
D:\Dineth\focus_binary_benchmark\dataset\wbc\unfocused\138\138_9.jpg,0,0.0020371228456497,test,wbc,transfer,
D:\Dineth\focus_binary_benchmark\dataset\wbc\unfocused\143\143_0.jpg,0,0.0121159171685576,test,wbc,transfer,
D:\Dineth\focus_binary_benchmark\dataset\wbc\unfocused\143\143_1.jpg,0,0.0105354776605963,test,wbc,transfer,
D:\Dineth\focus_binary_benchmark\dataset\wbc\unfocused\143\143_2.jpg,0,0.0065704057924449,test,wbc,transfer,
D:\Dineth\focus_binary_benchmark\dataset\wbc\unfocused\143\143_3.jpg,0,0.0037126285023987,test,wbc,transfer,
D:\Dineth\focus_binary_benchmark\dataset\wbc\unfocused\143\143_4.jpg,0,0.001812299946323,test,wbc,transfer,
D:\Dineth\focus_binary_benchmark\dataset\wbc\unfocused\143\143_5.jpg,0,0.6020363569259644,test,wbc,transfer,
D:\Dineth\focus_binary_benchmark\dataset\wbc\unfocused\143\143_9.jpg,0,0.003680003574118,test,wbc,transfer,
D:\Dineth\focus_binary_benchmark\dataset\wbc\unfocused\145\145_0.jpg,0,0.0185035485774278,test,wbc,transfer,
D:\Dineth\focus_binary_benchmark\dataset\wbc\unfocused\145\145_1.jpg,0,0.0225916355848312,test,wbc,transfer,
D:\Dineth\focus_binary_benchmark\dataset\wbc\unfocused\145\145_2.jpg,0,0.0278823263943195,test,wbc,transfer,
D:\Dineth\focus_binary_benchmark\dataset\wbc\unfocused\145\145_3.jpg,0,0.0068609174340963,test,wbc,transfer,
D:\Dineth\focus_binary_benchmark\dataset\wbc\unfocused\145\145_4.jpg,0,0.1503063589334488,test,wbc,transfer,
D:\Dineth\focus_binary_benchmark\dataset\wbc\unfocused\145\145_8.jpg,0,0.0049423645250499,test,wbc,transfer,
D:\Dineth\focus_binary_benchmark\dataset\wbc\unfocused\145\145_9.jpg,0,0.0012695984914898,test,wbc,transfer,
D:\Dineth\focus_binary_benchmark\dataset\wbc\unfocused\19\19_0.jpg,0,0.0090763308107852,test,wbc,transfer,
D:\Dineth\focus_binary_benchmark\dataset\wbc\unfocused\19\19_1.jpg,0,0.0084420852363109,test,wbc,transfer,
D:\Dineth\focus_binary_benchmark\dataset\wbc\unfocused\19\19_2.jpg,0,0.0071399421431124,test,wbc,transfer,
D:\Dineth\focus_binary_benchmark\dataset\wbc\unfocused\19\19_3.jpg,0,0.0010141360107809,test,wbc,transfer,
D:\Dineth\focus_binary_benchmark\dataset\wbc\unfocused\19\19_7.jpg,0,0.0051774997264146,test,wbc,transfer,
D:\Dineth\focus_binary_benchmark\dataset\wbc\unfocused\19\19_8.jpg,0,0.0003279805823694,test,wbc,transfer,
D:\Dineth\focus_binary_benchmark\dataset\wbc\unfocused\19\19_9.jpg,0,0.0003980826586484,test,wbc,transfer,
D:\Dineth\focus_binary_benchmark\dataset\wbc\unfocused\2\2_0.jpg,0,0.0093694236129522,test,wbc,transfer,
D:\Dineth\focus_binary_benchmark\dataset\wbc\unfocused\2\2_1.jpg,0,0.0035887123085558,test,wbc,transfer,
D:\Dineth\focus_binary_benchmark\dataset\wbc\unfocused\2\2_2.jpg,0,0.0113241113722324,test,wbc,transfer,
D:\Dineth\focus_binary_benchmark\dataset\wbc\unfocused\2\2_3.jpg,0,0.0220900252461433,test,wbc,transfer,
D:\Dineth\focus_binary_benchmark\dataset\wbc\unfocused\2\2_4.jpg,0,0.007761450484395,test,wbc,transfer,
D:\Dineth\focus_binary_benchmark\dataset\wbc\unfocused\2\2_8.jpg,0,0.06137590482831,test,wbc,transfer,
D:\Dineth\focus_binary_benchmark\dataset\wbc\unfocused\2\2_9.jpg,0,0.0024221509229391,test,wbc,transfer,
D:\Dineth\focus_binary_benchmark\dataset\wbc\unfocused\22\22_0.jpg,0,0.0297243371605873,test,wbc,transfer,
D:\Dineth\focus_binary_benchmark\dataset\wbc\unfocused\22\22_1.jpg,0,0.0159377790987491,test,wbc,transfer,
D:\Dineth\focus_binary_benchmark\dataset\wbc\unfocused\22\22_2.jpg,0,0.0140756517648696,test,wbc,transfer,
D:\Dineth\focus_binary_benchmark\dataset\wbc\unfocused\22\22_3.jpg,0,0.0152753591537475,test,wbc,transfer,
D:\Dineth\focus_binary_benchmark\dataset\wbc\unfocused\22\22_7.jpg,0,0.1694753617048263,test,wbc,transfer,
D:\Dineth\focus_binary_benchmark\dataset\wbc\unfocused\22\22_8.jpg,0,0.006083914078772,test,wbc,transfer,
D:\Dineth\focus_binary_benchmark\dataset\wbc\unfocused\22\22_9.jpg,0,0.0011927814921364,test,wbc,transfer,
D:\Dineth\focus_binary_benchmark\dataset\wbc\unfocused\24\24_0.jpg,0,0.0150018204003572,test,wbc,transfer,
D:\Dineth\focus_binary_benchmark\dataset\wbc\unfocused\24\24_1.jpg,0,0.0160167049616575,test,wbc,transfer,
D:\Dineth\focus_binary_benchmark\dataset\wbc\unfocused\24\24_2.jpg,0,0.0172431971877813,test,wbc,transfer,
D:\Dineth\focus_binary_benchmark\dataset\wbc\unfocused\24\24_3.jpg,0,0.0208219159394502,test,wbc,transfer,
D:\Dineth\focus_binary_benchmark\dataset\wbc\unfocused\24\24_4.jpg,0,0.0358616858720779,test,wbc,transfer,
D:\Dineth\focus_binary_benchmark\dataset\wbc\unfocused\24\24_8.jpg,0,0.0066184699535369,test,wbc,transfer,
D:\Dineth\focus_binary_benchmark\dataset\wbc\unfocused\24\24_9.jpg,0,0.0024705084506422,test,wbc,transfer,
D:\Dineth\focus_binary_benchmark\dataset\wbc\unfocused\32\32_0.jpg,0,0.021332187578082,test,wbc,transfer,
D:\Dineth\focus_binary_benchmark\dataset\wbc\unfocused\32\32_1.jpg,0,0.0214067529886961,test,wbc,transfer,
D:\Dineth\focus_binary_benchmark\dataset\wbc\unfocused\32\32_2.jpg,0,0.0099007850512862,test,wbc,transfer,
D:\Dineth\focus_binary_benchmark\dataset\wbc\unfocused\32\32_3.jpg,0,0.0244163144379854,test,wbc,transfer,
D:\Dineth\focus_binary_benchmark\dataset\wbc\unfocused\32\32_4.jpg,0,0.0193606689572334,test,wbc,transfer,
D:\Dineth\focus_binary_benchmark\dataset\wbc\unfocused\32\32_8.jpg,0,0.0873080492019653,test,wbc,transfer,
D:\Dineth\focus_binary_benchmark\dataset\wbc\unfocused\32\32_9.jpg,0,0.0355113223195076,test,wbc,transfer,
D:\Dineth\focus_binary_benchmark\dataset\wbc\unfocused\33\33_0.jpg,0,0.0052098180167376,test,wbc,transfer,
D:\Dineth\focus_binary_benchmark\dataset\wbc\unfocused\33\33_1.jpg,0,0.0061621954664587,test,wbc,transfer,
D:\Dineth\focus_binary_benchmark\dataset\wbc\unfocused\33\33_2.jpg,0,0.008419563062489,test,wbc,transfer,
D:\Dineth\focus_binary_benchmark\dataset\wbc\unfocused\33\33_3.jpg,0,0.006591597571969,test,wbc,transfer,
D:\Dineth\focus_binary_benchmark\dataset\wbc\unfocused\33\33_4.jpg,0,0.0125119434669613,test,wbc,transfer,
D:\Dineth\focus_binary_benchmark\dataset\wbc\unfocused\33\33_8.jpg,0,0.0124672288075089,test,wbc,transfer,
D:\Dineth\focus_binary_benchmark\dataset\wbc\unfocused\33\33_9.jpg,0,0.0046115568839013,test,wbc,transfer,
D:\Dineth\focus_binary_benchmark\dataset\wbc\unfocused\41\41_0.jpg,0,0.0040022488683462,test,wbc,transfer,
D:\Dineth\focus_binary_benchmark\dataset\wbc\unfocused\41\41_1.jpg,0,0.0019317175028845,test,wbc,transfer,
D:\Dineth\focus_binary_benchmark\dataset\wbc\unfocused\41\41_2.jpg,0,0.0045133321546018,test,wbc,transfer,
D:\Dineth\focus_binary_benchmark\dataset\wbc\unfocused\41\41_3.jpg,0,0.0104934135451912,test,wbc,transfer,
D:\Dineth\focus_binary_benchmark\dataset\wbc\unfocused\41\41_7.jpg,0,0.0126044759526848,test,wbc,transfer,
D:\Dineth\focus_binary_benchmark\dataset\wbc\unfocused\41\41_8.jpg,0,0.0004288788186386,test,wbc,transfer,
D:\Dineth\focus_binary_benchmark\dataset\wbc\unfocused\41\41_9.jpg,0,0.0002731121785473,test,wbc,transfer,
D:\Dineth\focus_binary_benchmark\dataset\wbc\unfocused\49\49_0.jpg,0,0.0066941534169018,test,wbc,transfer,
D:\Dineth\focus_binary_benchmark\dataset\wbc\unfocused\49\49_1.jpg,0,0.0101336408406496,test,wbc,transfer,
D:\Dineth\focus_binary_benchmark\dataset\wbc\unfocused\49\49_2.jpg,0,0.0274679567664861,test,wbc,transfer,
D:\Dineth\focus_binary_benchmark\dataset\wbc\unfocused\49\49_3.jpg,0,0.0323264263570308,test,wbc,transfer,
D:\Dineth\focus_binary_benchmark\dataset\wbc\unfocused\49\49_4.jpg,0,0.0169567745178937,test,wbc,transfer,
D:\Dineth\focus_binary_benchmark\dataset\wbc\unfocused\49\49_8.jpg,0,0.0070438431575894,test,wbc,transfer,
D:\Dineth\focus_binary_benchmark\dataset\wbc\unfocused\49\49_9.jpg,0,0.0017386969411745,test,wbc,transfer,
D:\Dineth\focus_binary_benchmark\dataset\wbc\unfocused\50\50_0.jpg,0,0.0075870868749916,test,wbc,transfer,
D:\Dineth\focus_binary_benchmark\dataset\wbc\unfocused\50\50_1.jpg,0,0.0111732892692089,test,wbc,transfer,
D:\Dineth\focus_binary_benchmark\dataset\wbc\unfocused\50\50_2.jpg,0,0.0145401218906044,test,wbc,transfer,
D:\Dineth\focus_binary_benchmark\dataset\wbc\unfocused\50\50_3.jpg,0,0.0130679486319422,test,wbc,transfer,
D:\Dineth\focus_binary_benchmark\dataset\wbc\unfocused\50\50_4.jpg,0,0.0084553230553865,test,wbc,transfer,
D:\Dineth\focus_binary_benchmark\dataset\wbc\unfocused\50\50_5.jpg,0,0.4604848027229309,test,wbc,transfer,
D:\Dineth\focus_binary_benchmark\dataset\wbc\unfocused\50\50_9.jpg,0,0.0079365791752934,test,wbc,transfer,
D:\Dineth\focus_binary_benchmark\dataset\wbc\unfocused\58\58_0.jpg,0,0.0049193166196346,test,wbc,transfer,
D:\Dineth\focus_binary_benchmark\dataset\wbc\unfocused\58\58_1.jpg,0,0.015787148848176,test,wbc,transfer,
D:\Dineth\focus_binary_benchmark\dataset\wbc\unfocused\58\58_2.jpg,0,0.0196582060307264,test,wbc,transfer,
D:\Dineth\focus_binary_benchmark\dataset\wbc\unfocused\58\58_3.jpg,0,0.0204496029764413,test,wbc,transfer,
D:\Dineth\focus_binary_benchmark\dataset\wbc\unfocused\58\58_4.jpg,0,0.0338909327983856,test,wbc,transfer,
D:\Dineth\focus_binary_benchmark\dataset\wbc\unfocused\58\58_8.jpg,0,0.0010518110357224,test,wbc,transfer,
D:\Dineth\focus_binary_benchmark\dataset\wbc\unfocused\58\58_9.jpg,0,0.0009786483133211,test,wbc,transfer,
D:\Dineth\focus_binary_benchmark\dataset\wbc\unfocused\65\65_0.jpg,0,0.0068259187974035,test,wbc,transfer,
D:\Dineth\focus_binary_benchmark\dataset\wbc\unfocused\65\65_1.jpg,0,0.0144402021542191,test,wbc,transfer,
D:\Dineth\focus_binary_benchmark\dataset\wbc\unfocused\65\65_2.jpg,0,0.012025318108499,test,wbc,transfer,
D:\Dineth\focus_binary_benchmark\dataset\wbc\unfocused\65\65_3.jpg,0,0.012893340550363,test,wbc,transfer,
D:\Dineth\focus_binary_benchmark\dataset\wbc\unfocused\65\65_4.jpg,0,0.1183775812387466,test,wbc,transfer,
D:\Dineth\focus_binary_benchmark\dataset\wbc\unfocused\65\65_8.jpg,0,0.0049721701070666,test,wbc,transfer,
D:\Dineth\focus_binary_benchmark\dataset\wbc\unfocused\65\65_9.jpg,0,0.0017150219064205,test,wbc,transfer,
D:\Dineth\focus_binary_benchmark\dataset\wbc\unfocused\66\66_0.jpg,0,0.0358774028718471,test,wbc,transfer,
D:\Dineth\focus_binary_benchmark\dataset\wbc\unfocused\66\66_1.jpg,0,0.0376207791268825,test,wbc,transfer,
D:\Dineth\focus_binary_benchmark\dataset\wbc\unfocused\66\66_2.jpg,0,0.0315063968300819,test,wbc,transfer,
D:\Dineth\focus_binary_benchmark\dataset\wbc\unfocused\66\66_3.jpg,0,0.0118828918784856,test,wbc,transfer,
D:\Dineth\focus_binary_benchmark\dataset\wbc\unfocused\66\66_4.jpg,0,0.0039883931167423,test,wbc,transfer,
D:\Dineth\focus_binary_benchmark\dataset\wbc\unfocused\66\66_8.jpg,0,0.0406890772283077,test,wbc,transfer,
D:\Dineth\focus_binary_benchmark\dataset\wbc\unfocused\66\66_9.jpg,0,0.0042321141809225,test,wbc,transfer,
D:\Dineth\focus_binary_benchmark\dataset\wbc\unfocused\7\7_0.jpg,0,0.0071292310021817,test,wbc,transfer,
D:\Dineth\focus_binary_benchmark\dataset\wbc\unfocused\7\7_1.jpg,0,0.0139975771307945,test,wbc,transfer,
D:\Dineth\focus_binary_benchmark\dataset\wbc\unfocused\7\7_2.jpg,0,0.0078979972749948,test,wbc,transfer,
D:\Dineth\focus_binary_benchmark\dataset\wbc\unfocused\7\7_3.jpg,0,0.0216186475008726,test,wbc,transfer,
D:\Dineth\focus_binary_benchmark\dataset\wbc\unfocused\7\7_4.jpg,0,0.0035984427668154,test,wbc,transfer,
D:\Dineth\focus_binary_benchmark\dataset\wbc\unfocused\7\7_8.jpg,0,0.0277840141206979,test,wbc,transfer,
D:\Dineth\focus_binary_benchmark\dataset\wbc\unfocused\7\7_9.jpg,0,0.00118093425408,test,wbc,transfer,
D:\Dineth\focus_binary_benchmark\dataset\wbc\unfocused\76\76_0.jpg,0,0.0112317604944109,test,wbc,transfer,
D:\Dineth\focus_binary_benchmark\dataset\wbc\unfocused\76\76_1.jpg,0,0.0135019971057772,test,wbc,transfer,
D:\Dineth\focus_binary_benchmark\dataset\wbc\unfocused\76\76_2.jpg,0,0.013979666866362,test,wbc,transfer,
D:\Dineth\focus_binary_benchmark\dataset\wbc\unfocused\76\76_3.jpg,0,0.0153197785839438,test,wbc,transfer,
D:\Dineth\focus_binary_benchmark\dataset\wbc\unfocused\76\76_7.jpg,0,0.0206321217119693,test,wbc,transfer,
D:\Dineth\focus_binary_benchmark\dataset\wbc\unfocused\76\76_8.jpg,0,0.0018046784680336,test,wbc,transfer,
D:\Dineth\focus_binary_benchmark\dataset\wbc\unfocused\76\76_9.jpg,0,0.0010013669962063,test,wbc,transfer,
D:\Dineth\focus_binary_benchmark\dataset\wbc\unfocused\89\89_0.jpg,0,0.0215798579156398,test,wbc,transfer,
D:\Dineth\focus_binary_benchmark\dataset\wbc\unfocused\89\89_1.jpg,0,0.0105053223669528,test,wbc,transfer,
D:\Dineth\focus_binary_benchmark\dataset\wbc\unfocused\89\89_2.jpg,0,0.0251305252313613,test,wbc,transfer,
D:\Dineth\focus_binary_benchmark\dataset\wbc\unfocused\89\89_3.jpg,0,0.1252896785736084,test,wbc,transfer,
D:\Dineth\focus_binary_benchmark\dataset\wbc\unfocused\89\89_4.jpg,0,0.0939226076006889,test,wbc,transfer,
D:\Dineth\focus_binary_benchmark\dataset\wbc\unfocused\89\89_8.jpg,0,0.119034394621849,test,wbc,transfer,
D:\Dineth\focus_binary_benchmark\dataset\wbc\unfocused\89\89_9.jpg,0,0.0100001785904169,test,wbc,transfer,
D:\Dineth\focus_binary_benchmark\dataset\bma\focused\pos002_2\pos002_2_page_2.png,1,0.0043947575613856,test,bma,vit,
D:\Dineth\focus_binary_benchmark\dataset\bma\focused\pos003_3\pos003_3_page_6.png,1,0.0879563316702842,test,bma,vit,
D:\Dineth\focus_binary_benchmark\dataset\bma\focused\pos004_3\pos004_3_page_11.png,1,0.340774804353714,test,bma,vit,
D:\Dineth\focus_binary_benchmark\dataset\bma\focused\pos005_2\pos005_2_page_10.png,1,0.0043260143138468,test,bma,vit,
D:\Dineth\focus_binary_benchmark\dataset\bma\focused\pos006_1\pos006_1_page_8.png,1,0.0135941337794065,test,bma,vit,
D:\Dineth\focus_binary_benchmark\dataset\bma\unfocused\pos002_2\pos002_2_page_1.png,0,0.0024951098021119,test,bma,vit,
D:\Dineth\focus_binary_benchmark\dataset\bma\unfocused\pos002_2\pos002_2_page_10.png,0,0.0026192914228886,test,bma,vit,
D:\Dineth\focus_binary_benchmark\dataset\bma\unfocused\pos002_2\pos002_2_page_11.png,0,0.0025628362782299,test,bma,vit,
D:\Dineth\focus_binary_benchmark\dataset\bma\unfocused\pos002_2\pos002_2_page_12.png,0,0.0025262429844588,test,bma,vit,
D:\Dineth\focus_binary_benchmark\dataset\bma\unfocused\pos002_2\pos002_2_page_13.png,0,0.0025024800561368,test,bma,vit,
D:\Dineth\focus_binary_benchmark\dataset\bma\unfocused\pos002_2\pos002_2_page_4.png,0,0.0041845282539725,test,bma,vit,
D:\Dineth\focus_binary_benchmark\dataset\bma\unfocused\pos002_2\pos002_2_page_5.png,0,0.0039142174646258,test,bma,vit,
D:\Dineth\focus_binary_benchmark\dataset\bma\unfocused\pos002_2\pos002_2_page_6.png,0,0.0035589777398854,test,bma,vit,
D:\Dineth\focus_binary_benchmark\dataset\bma\unfocused\pos002_2\pos002_2_page_7.png,0,0.0032116428483277,test,bma,vit,
D:\Dineth\focus_binary_benchmark\dataset\bma\unfocused\pos002_2\pos002_2_page_8.png,0,0.002930621150881,test,bma,vit,
D:\Dineth\focus_binary_benchmark\dataset\bma\unfocused\pos002_2\pos002_2_page_9.png,0,0.0027345272246748,test,bma,vit,
D:\Dineth\focus_binary_benchmark\dataset\bma\unfocused\pos003_3\pos003_3_page_1.png,0,0.0019630019087344,test,bma,vit,
D:\Dineth\focus_binary_benchmark\dataset\bma\unfocused\pos003_3\pos003_3_page_10.png,0,0.0030036347452551,test,bma,vit,
D:\Dineth\focus_binary_benchmark\dataset\bma\unfocused\pos003_3\pos003_3_page_11.png,0,0.0023796467576175,test,bma,vit,
D:\Dineth\focus_binary_benchmark\dataset\bma\unfocused\pos003_3\pos003_3_page_12.png,0,0.002148442203179,test,bma,vit,
D:\Dineth\focus_binary_benchmark\dataset\bma\unfocused\pos003_3\pos003_3_page_13.png,0,0.0020009416621178,test,bma,vit,
D:\Dineth\focus_binary_benchmark\dataset\bma\unfocused\pos003_3\pos003_3_page_14.png,0,0.0019001231994479,test,bma,vit,
D:\Dineth\focus_binary_benchmark\dataset\bma\unfocused\pos003_3\pos003_3_page_2.png,0,0.0029628090560436,test,bma,vit,
D:\Dineth\focus_binary_benchmark\dataset\bma\unfocused\pos003_3\pos003_3_page_3.png,0,0.0035264380276203,test,bma,vit,
D:\Dineth\focus_binary_benchmark\dataset\bma\unfocused\pos003_3\pos003_3_page_4.png,0,0.0045848535373806,test,bma,vit,
D:\Dineth\focus_binary_benchmark\dataset\bma\unfocused\pos003_3\pos003_3_page_8.png,0,0.0070663942024111,test,bma,vit,
D:\Dineth\focus_binary_benchmark\dataset\bma\unfocused\pos003_3\pos003_3_page_9.png,0,0.0040228636935353,test,bma,vit,
D:\Dineth\focus_binary_benchmark\dataset\bma\unfocused\pos004_3\pos004_3_page_1.png,0,0.0018481989391148,test,bma,vit,
D:\Dineth\focus_binary_benchmark\dataset\bma\unfocused\pos004_3\pos004_3_page_13.png,0,0.0094862775877118,test,bma,vit,
D:\Dineth\focus_binary_benchmark\dataset\bma\unfocused\pos004_3\pos004_3_page_14.png,0,0.0029772189445793,test,bma,vit,
D:\Dineth\focus_binary_benchmark\dataset\bma\unfocused\pos004_3\pos004_3_page_2.png,0,0.0019509752746671,test,bma,vit,
D:\Dineth\focus_binary_benchmark\dataset\bma\unfocused\pos004_3\pos004_3_page_3.png,0,0.0018982694018632,test,bma,vit,
D:\Dineth\focus_binary_benchmark\dataset\bma\unfocused\pos004_3\pos004_3_page_4.png,0,0.0018189878901466,test,bma,vit,
D:\Dineth\focus_binary_benchmark\dataset\bma\unfocused\pos004_3\pos004_3_page_5.png,0,0.0017891846364364,test,bma,vit,
D:\Dineth\focus_binary_benchmark\dataset\bma\unfocused\pos004_3\pos004_3_page_6.png,0,0.0017908512381836,test,bma,vit,
D:\Dineth\focus_binary_benchmark\dataset\bma\unfocused\pos004_3\pos004_3_page_7.png,0,0.0019105596002191,test,bma,vit,
D:\Dineth\focus_binary_benchmark\dataset\bma\unfocused\pos004_3\pos004_3_page_8.png,0,0.0032014374155551,test,bma,vit,
D:\Dineth\focus_binary_benchmark\dataset\bma\unfocused\pos004_3\pos004_3_page_9.png,0,0.0496267974376678,test,bma,vit,
D:\Dineth\focus_binary_benchmark\dataset\bma\unfocused\pos005_2\pos005_2_page_12.png,0,0.0037914775311946,test,bma,vit,
D:\Dineth\focus_binary_benchmark\dataset\bma\unfocused\pos005_2\pos005_2_page_13.png,0,0.003295965027064,test,bma,vit,
D:\Dineth\focus_binary_benchmark\dataset\bma\unfocused\pos005_2\pos005_2_page_14.png,0,0.0028426137287169,test,bma,vit,
D:\Dineth\focus_binary_benchmark\dataset\bma\unfocused\pos005_2\pos005_2_page_2.png,0,0.0019138605566695,test,bma,vit,
D:\Dineth\focus_binary_benchmark\dataset\bma\unfocused\pos005_2\pos005_2_page_3.png,0,0.0019832926336675,test,bma,vit,
D:\Dineth\focus_binary_benchmark\dataset\bma\unfocused\pos005_2\pos005_2_page_4.png,0,0.0021127928048372,test,bma,vit,
D:\Dineth\focus_binary_benchmark\dataset\bma\unfocused\pos005_2\pos005_2_page_5.png,0,0.0023045483976602,test,bma,vit,
D:\Dineth\focus_binary_benchmark\dataset\bma\unfocused\pos005_2\pos005_2_page_6.png,0,0.0025590397417545,test,bma,vit,
D:\Dineth\focus_binary_benchmark\dataset\bma\unfocused\pos005_2\pos005_2_page_7.png,0,0.0029302616603672,test,bma,vit,
D:\Dineth\focus_binary_benchmark\dataset\bma\unfocused\pos005_2\pos005_2_page_8.png,0,0.0034322089049965,test,bma,vit,
D:\Dineth\focus_binary_benchmark\dataset\bma\unfocused\pos005_2\pos005_2_page_9.png,0,0.0039032716304063,test,bma,vit,
D:\Dineth\focus_binary_benchmark\dataset\bma\unfocused\pos006_1\pos006_1_page_1.png,0,0.0021497593261301,test,bma,vit,
D:\Dineth\focus_binary_benchmark\dataset\bma\unfocused\pos006_1\pos006_1_page_10.png,0,0.0090773729607462,test,bma,vit,
D:\Dineth\focus_binary_benchmark\dataset\bma\unfocused\pos006_1\pos006_1_page_11.png,0,0.0061557833105325,test,bma,vit,
D:\Dineth\focus_binary_benchmark\dataset\bma\unfocused\pos006_1\pos006_1_page_12.png,0,0.0039280126802623,test,bma,vit,
D:\Dineth\focus_binary_benchmark\dataset\bma\unfocused\pos006_1\pos006_1_page_13.png,0,0.0030200134497135,test,bma,vit,
D:\Dineth\focus_binary_benchmark\dataset\bma\unfocused\pos006_1\pos006_1_page_14.png,0,0.0024580750614404,test,bma,vit,
D:\Dineth\focus_binary_benchmark\dataset\bma\unfocused\pos006_1\pos006_1_page_2.png,0,0.0022724990267306,test,bma,vit,
D:\Dineth\focus_binary_benchmark\dataset\bma\unfocused\pos006_1\pos006_1_page_3.png,0,0.0024384835269302,test,bma,vit,
D:\Dineth\focus_binary_benchmark\dataset\bma\unfocused\pos006_1\pos006_1_page_4.png,0,0.0028114083688706,test,bma,vit,
D:\Dineth\focus_binary_benchmark\dataset\bma\unfocused\pos006_1\pos006_1_page_5.png,0,0.0033301073126494,test,bma,vit,
D:\Dineth\focus_binary_benchmark\dataset\bma\unfocused\pos006_1\pos006_1_page_6.png,0,0.0042304419912397,test,bma,vit,
D:\Dineth\focus_binary_benchmark\dataset\pbs_imgs\focused\FieldPos207_Cam01_RGB_MB\FieldPos207_Cam01_RGB_MB_page_7.png,1,0.639655351638794,test,pbs_imgs,vit,
D:\Dineth\focus_binary_benchmark\dataset\pbs_imgs\focused\FieldPos217_Cam01_RGB_MB\FieldPos217_Cam01_RGB_MB_page_2.png,1,0.4424047768115997,test,pbs_imgs,vit,
D:\Dineth\focus_binary_benchmark\dataset\pbs_imgs\focused\FieldPos280_Cam01_RGB_MB\FieldPos280_Cam01_RGB_MB_page_5.png,1,0.384629875421524,test,pbs_imgs,vit,
D:\Dineth\focus_binary_benchmark\dataset\pbs_imgs\focused\FieldPos301_Cam01_RGB_MB\FieldPos301_Cam01_RGB_MB_page_10.png,1,0.6318804025650024,test,pbs_imgs,vit,
D:\Dineth\focus_binary_benchmark\dataset\pbs_imgs\focused\FieldPos322_Cam01_RGB_MB\FieldPos322_Cam01_RGB_MB_page_5.png,1,0.4273269772529602,test,pbs_imgs,vit,
D:\Dineth\focus_binary_benchmark\dataset\pbs_imgs\focused\FieldPos344_Cam01_RGB_MB\FieldPos344_Cam01_RGB_MB_page_10.png,1,0.425410121679306,test,pbs_imgs,vit,
D:\Dineth\focus_binary_benchmark\dataset\pbs_imgs\focused\FieldPos356_Cam01_RGB_MB\FieldPos356_Cam01_RGB_MB_page_4.png,1,0.3759918510913849,test,pbs_imgs,vit,
D:\Dineth\focus_binary_benchmark\dataset\pbs_imgs\focused\FieldPos357_Cam01_RGB_MB\FieldPos357_Cam01_RGB_MB_page_4.png,1,0.5791172981262207,test,pbs_imgs,vit,
D:\Dineth\focus_binary_benchmark\dataset\pbs_imgs\focused\FieldPos430_Cam01_RGB_MB\FieldPos430_Cam01_RGB_MB_page_8.png,1,0.4639626443386078,test,pbs_imgs,vit,
D:\Dineth\focus_binary_benchmark\dataset\pbs_imgs\focused\FieldPos434_Cam01_RGB_MB\FieldPos434_Cam01_RGB_MB_page_7.png,1,0.3852593302726745,test,pbs_imgs,vit,
D:\Dineth\focus_binary_benchmark\dataset\pbs_imgs\focused\FieldPos469_Cam01_RGB_MB\FieldPos469_Cam01_RGB_MB_page_11.png,1,0.4092938005924225,test,pbs_imgs,vit,
D:\Dineth\focus_binary_benchmark\dataset\pbs_imgs\unfocused\FieldPos207_Cam01_RGB_MB\FieldPos207_Cam01_RGB_MB_page_1.png,0,0.7504771947860718,test,pbs_imgs,vit,
D:\Dineth\focus_binary_benchmark\dataset\pbs_imgs\unfocused\FieldPos207_Cam01_RGB_MB\FieldPos207_Cam01_RGB_MB_page_2.png,0,0.6012229323387146,test,pbs_imgs,vit,
D:\Dineth\focus_binary_benchmark\dataset\pbs_imgs\unfocused\FieldPos207_Cam01_RGB_MB\FieldPos207_Cam01_RGB_MB_page_3.png,0,0.6088510751724243,test,pbs_imgs,vit,
D:\Dineth\focus_binary_benchmark\dataset\pbs_imgs\unfocused\FieldPos207_Cam01_RGB_MB\FieldPos207_Cam01_RGB_MB_page_4.png,0,0.5872048735618591,test,pbs_imgs,vit,
D:\Dineth\focus_binary_benchmark\dataset\pbs_imgs\unfocused\FieldPos207_Cam01_RGB_MB\FieldPos207_Cam01_RGB_MB_page_5.png,0,0.5427060127258301,test,pbs_imgs,vit,
D:\Dineth\focus_binary_benchmark\dataset\pbs_imgs\unfocused\FieldPos207_Cam01_RGB_MB\FieldPos207_Cam01_RGB_MB_page_9.png,0,0.37397500872612,test,pbs_imgs,vit,
D:\Dineth\focus_binary_benchmark\dataset\pbs_imgs\unfocused\FieldPos217_Cam01_RGB_MB\FieldPos217_Cam01_RGB_MB_page_4.png,0,0.4064953625202179,test,pbs_imgs,vit,
D:\Dineth\focus_binary_benchmark\dataset\pbs_imgs\unfocused\FieldPos217_Cam01_RGB_MB\FieldPos217_Cam01_RGB_MB_page_5.png,0,0.3907244503498077,test,pbs_imgs,vit,
D:\Dineth\focus_binary_benchmark\dataset\pbs_imgs\unfocused\FieldPos217_Cam01_RGB_MB\FieldPos217_Cam01_RGB_MB_page_6.png,0,0.3995933830738067,test,pbs_imgs,vit,
D:\Dineth\focus_binary_benchmark\dataset\pbs_imgs\unfocused\FieldPos217_Cam01_RGB_MB\FieldPos217_Cam01_RGB_MB_page_7.png,0,0.3897320926189422,test,pbs_imgs,vit,
D:\Dineth\focus_binary_benchmark\dataset\pbs_imgs\unfocused\FieldPos217_Cam01_RGB_MB\FieldPos217_Cam01_RGB_MB_page_8.png,0,0.3872252106666565,test,pbs_imgs,vit,
D:\Dineth\focus_binary_benchmark\dataset\pbs_imgs\unfocused\FieldPos217_Cam01_RGB_MB\FieldPos217_Cam01_RGB_MB_page_9.png,0,0.3808749616146087,test,pbs_imgs,vit,
D:\Dineth\focus_binary_benchmark\dataset\pbs_imgs\unfocused\FieldPos280_Cam01_RGB_MB\FieldPos280_Cam01_RGB_MB_page_1.png,0,0.372819185256958,test,pbs_imgs,vit,
D:\Dineth\focus_binary_benchmark\dataset\pbs_imgs\unfocused\FieldPos280_Cam01_RGB_MB\FieldPos280_Cam01_RGB_MB_page_10.png,0,0.3683893084526062,test,pbs_imgs,vit,
D:\Dineth\focus_binary_benchmark\dataset\pbs_imgs\unfocused\FieldPos280_Cam01_RGB_MB\FieldPos280_Cam01_RGB_MB_page_11.png,0,0.3688145577907562,test,pbs_imgs,vit,
D:\Dineth\focus_binary_benchmark\dataset\pbs_imgs\unfocused\FieldPos280_Cam01_RGB_MB\FieldPos280_Cam01_RGB_MB_page_12.png,0,0.3690883815288543,test,pbs_imgs,vit,
D:\Dineth\focus_binary_benchmark\dataset\pbs_imgs\unfocused\FieldPos280_Cam01_RGB_MB\FieldPos280_Cam01_RGB_MB_page_13.png,0,0.3668150901794433,test,pbs_imgs,vit,
D:\Dineth\focus_binary_benchmark\dataset\pbs_imgs\unfocused\FieldPos280_Cam01_RGB_MB\FieldPos280_Cam01_RGB_MB_page_14.png,0,0.3652703464031219,test,pbs_imgs,vit,
D:\Dineth\focus_binary_benchmark\dataset\pbs_imgs\unfocused\FieldPos280_Cam01_RGB_MB\FieldPos280_Cam01_RGB_MB_page_15.png,0,0.3627180457115173,test,pbs_imgs,vit,
D:\Dineth\focus_binary_benchmark\dataset\pbs_imgs\unfocused\FieldPos280_Cam01_RGB_MB\FieldPos280_Cam01_RGB_MB_page_2.png,0,0.3712299466133117,test,pbs_imgs,vit,
D:\Dineth\focus_binary_benchmark\dataset\pbs_imgs\unfocused\FieldPos280_Cam01_RGB_MB\FieldPos280_Cam01_RGB_MB_page_3.png,0,0.3752968609333038,test,pbs_imgs,vit,
D:\Dineth\focus_binary_benchmark\dataset\pbs_imgs\unfocused\FieldPos280_Cam01_RGB_MB\FieldPos280_Cam01_RGB_MB_page_7.png,0,0.3851745426654815,test,pbs_imgs,vit,
D:\Dineth\focus_binary_benchmark\dataset\pbs_imgs\unfocused\FieldPos280_Cam01_RGB_MB\FieldPos280_Cam01_RGB_MB_page_8.png,0,0.3818634450435638,test,pbs_imgs,vit,
D:\Dineth\focus_binary_benchmark\dataset\pbs_imgs\unfocused\FieldPos280_Cam01_RGB_MB\FieldPos280_Cam01_RGB_MB_page_9.png,0,0.3779563307762146,test,pbs_imgs,vit,
D:\Dineth\focus_binary_benchmark\dataset\pbs_imgs\unfocused\FieldPos301_Cam01_RGB_MB\FieldPos301_Cam01_RGB_MB_page_12.png,0,0.5552936792373657,test,pbs_imgs,vit,
D:\Dineth\focus_binary_benchmark\dataset\pbs_imgs\unfocused\FieldPos301_Cam01_RGB_MB\FieldPos301_Cam01_RGB_MB_page_13.png,0,0.5292121171951294,test,pbs_imgs,vit,
D:\Dineth\focus_binary_benchmark\dataset\pbs_imgs\unfocused\FieldPos301_Cam01_RGB_MB\FieldPos301_Cam01_RGB_MB_page_14.png,0,0.4906619489192962,test,pbs_imgs,vit,
D:\Dineth\focus_binary_benchmark\dataset\pbs_imgs\unfocused\FieldPos301_Cam01_RGB_MB\FieldPos301_Cam01_RGB_MB_page_15.png,0,0.4615710079669952,test,pbs_imgs,vit,
D:\Dineth\focus_binary_benchmark\dataset\pbs_imgs\unfocused\FieldPos301_Cam01_RGB_MB\FieldPos301_Cam01_RGB_MB_page_2.png,0,0.4155429899692535,test,pbs_imgs,vit,
D:\Dineth\focus_binary_benchmark\dataset\pbs_imgs\unfocused\FieldPos301_Cam01_RGB_MB\FieldPos301_Cam01_RGB_MB_page_3.png,0,0.4368704557418823,test,pbs_imgs,vit,
D:\Dineth\focus_binary_benchmark\dataset\pbs_imgs\unfocused\FieldPos301_Cam01_RGB_MB\FieldPos301_Cam01_RGB_MB_page_4.png,0,0.4412900507450104,test,pbs_imgs,vit,
D:\Dineth\focus_binary_benchmark\dataset\pbs_imgs\unfocused\FieldPos301_Cam01_RGB_MB\FieldPos301_Cam01_RGB_MB_page_5.png,0,0.4814993441104889,test,pbs_imgs,vit,
D:\Dineth\focus_binary_benchmark\dataset\pbs_imgs\unfocused\FieldPos301_Cam01_RGB_MB\FieldPos301_Cam01_RGB_MB_page_6.png,0,0.5096114873886108,test,pbs_imgs,vit,
D:\Dineth\focus_binary_benchmark\dataset\pbs_imgs\unfocused\FieldPos301_Cam01_RGB_MB\FieldPos301_Cam01_RGB_MB_page_7.png,0,0.5482676029205322,test,pbs_imgs,vit,
D:\Dineth\focus_binary_benchmark\dataset\pbs_imgs\unfocused\FieldPos301_Cam01_RGB_MB\FieldPos301_Cam01_RGB_MB_page_8.png,0,0.5887895822525024,test,pbs_imgs,vit,
D:\Dineth\focus_binary_benchmark\dataset\pbs_imgs\unfocused\FieldPos301_Cam01_RGB_MB\FieldPos301_Cam01_RGB_MB_page_9.png,0,0.6177346706390381,test,pbs_imgs,vit,
D:\Dineth\focus_binary_benchmark\dataset\pbs_imgs\unfocused\FieldPos322_Cam01_RGB_MB\FieldPos322_Cam01_RGB_MB_page_1.png,0,0.3706912100315094,test,pbs_imgs,vit,
D:\Dineth\focus_binary_benchmark\dataset\pbs_imgs\unfocused\FieldPos322_Cam01_RGB_MB\FieldPos322_Cam01_RGB_MB_page_10.png,0,0.2922416925430298,test,pbs_imgs,vit,
D:\Dineth\focus_binary_benchmark\dataset\pbs_imgs\unfocused\FieldPos322_Cam01_RGB_MB\FieldPos322_Cam01_RGB_MB_page_11.png,0,0.3055511713027954,test,pbs_imgs,vit,
D:\Dineth\focus_binary_benchmark\dataset\pbs_imgs\unfocused\FieldPos322_Cam01_RGB_MB\FieldPos322_Cam01_RGB_MB_page_12.png,0,0.3175697922706604,test,pbs_imgs,vit,
D:\Dineth\focus_binary_benchmark\dataset\pbs_imgs\unfocused\FieldPos322_Cam01_RGB_MB\FieldPos322_Cam01_RGB_MB_page_13.png,0,0.3281358182430267,test,pbs_imgs,vit,
D:\Dineth\focus_binary_benchmark\dataset\pbs_imgs\unfocused\FieldPos322_Cam01_RGB_MB\FieldPos322_Cam01_RGB_MB_page_14.png,0,0.3333854377269745,test,pbs_imgs,vit,
D:\Dineth\focus_binary_benchmark\dataset\pbs_imgs\unfocused\FieldPos322_Cam01_RGB_MB\FieldPos322_Cam01_RGB_MB_page_15.png,0,0.3431664705276489,test,pbs_imgs,vit,
D:\Dineth\focus_binary_benchmark\dataset\pbs_imgs\unfocused\FieldPos322_Cam01_RGB_MB\FieldPos322_Cam01_RGB_MB_page_2.png,0,0.3872565925121307,test,pbs_imgs,vit,
D:\Dineth\focus_binary_benchmark\dataset\pbs_imgs\unfocused\FieldPos322_Cam01_RGB_MB\FieldPos322_Cam01_RGB_MB_page_3.png,0,0.4075269699096679,test,pbs_imgs,vit,
D:\Dineth\focus_binary_benchmark\dataset\pbs_imgs\unfocused\FieldPos322_Cam01_RGB_MB\FieldPos322_Cam01_RGB_MB_page_7.png,0,0.3606654703617096,test,pbs_imgs,vit,
D:\Dineth\focus_binary_benchmark\dataset\pbs_imgs\unfocused\FieldPos322_Cam01_RGB_MB\FieldPos322_Cam01_RGB_MB_page_8.png,0,0.3271794021129608,test,pbs_imgs,vit,
D:\Dineth\focus_binary_benchmark\dataset\pbs_imgs\unfocused\FieldPos322_Cam01_RGB_MB\FieldPos322_Cam01_RGB_MB_page_9.png,0,0.3071223795413971,test,pbs_imgs,vit,
D:\Dineth\focus_binary_benchmark\dataset\pbs_imgs\unfocused\FieldPos344_Cam01_RGB_MB\FieldPos344_Cam01_RGB_MB_page_12.png,0,0.1776927262544632,test,pbs_imgs,vit,
D:\Dineth\focus_binary_benchmark\dataset\pbs_imgs\unfocused\FieldPos344_Cam01_RGB_MB\FieldPos344_Cam01_RGB_MB_page_13.png,0,0.0872422084212303,test,pbs_imgs,vit,
D:\Dineth\focus_binary_benchmark\dataset\pbs_imgs\unfocused\FieldPos344_Cam01_RGB_MB\FieldPos344_Cam01_RGB_MB_page_14.png,0,0.0891212448477745,test,pbs_imgs,vit,
D:\Dineth\focus_binary_benchmark\dataset\pbs_imgs\unfocused\FieldPos344_Cam01_RGB_MB\FieldPos344_Cam01_RGB_MB_page_15.png,0,0.0845884010195732,test,pbs_imgs,vit,
D:\Dineth\focus_binary_benchmark\dataset\pbs_imgs\unfocused\FieldPos344_Cam01_RGB_MB\FieldPos344_Cam01_RGB_MB_page_2.png,0,0.2034017145633697,test,pbs_imgs,vit,
D:\Dineth\focus_binary_benchmark\dataset\pbs_imgs\unfocused\FieldPos344_Cam01_RGB_MB\FieldPos344_Cam01_RGB_MB_page_3.png,0,0.167941004037857,test,pbs_imgs,vit,
D:\Dineth\focus_binary_benchmark\dataset\pbs_imgs\unfocused\FieldPos344_Cam01_RGB_MB\FieldPos344_Cam01_RGB_MB_page_4.png,0,0.2011376023292541,test,pbs_imgs,vit,
D:\Dineth\focus_binary_benchmark\dataset\pbs_imgs\unfocused\FieldPos344_Cam01_RGB_MB\FieldPos344_Cam01_RGB_MB_page_5.png,0,0.194846048951149,test,pbs_imgs,vit,
D:\Dineth\focus_binary_benchmark\dataset\pbs_imgs\unfocused\FieldPos344_Cam01_RGB_MB\FieldPos344_Cam01_RGB_MB_page_6.png,0,0.2389053851366043,test,pbs_imgs,vit,
D:\Dineth\focus_binary_benchmark\dataset\pbs_imgs\unfocused\FieldPos344_Cam01_RGB_MB\FieldPos344_Cam01_RGB_MB_page_7.png,0,0.28496053814888,test,pbs_imgs,vit,
D:\Dineth\focus_binary_benchmark\dataset\pbs_imgs\unfocused\FieldPos344_Cam01_RGB_MB\FieldPos344_Cam01_RGB_MB_page_8.png,0,0.3185714483261108,test,pbs_imgs,vit,
D:\Dineth\focus_binary_benchmark\dataset\pbs_imgs\unfocused\FieldPos344_Cam01_RGB_MB\FieldPos344_Cam01_RGB_MB_page_9.png,0,0.3472867906093597,test,pbs_imgs,vit,
D:\Dineth\focus_binary_benchmark\dataset\pbs_imgs\unfocused\FieldPos356_Cam01_RGB_MB\FieldPos356_Cam01_RGB_MB_page_1.png,0,0.3693561553955078,test,pbs_imgs,vit,
D:\Dineth\focus_binary_benchmark\dataset\pbs_imgs\unfocused\FieldPos356_Cam01_RGB_MB\FieldPos356_Cam01_RGB_MB_page_10.png,0,0.1960549354553222,test,pbs_imgs,vit,
D:\Dineth\focus_binary_benchmark\dataset\pbs_imgs\unfocused\FieldPos356_Cam01_RGB_MB\FieldPos356_Cam01_RGB_MB_page_11.png,0,0.1905480772256851,test,pbs_imgs,vit,
D:\Dineth\focus_binary_benchmark\dataset\pbs_imgs\unfocused\FieldPos356_Cam01_RGB_MB\FieldPos356_Cam01_RGB_MB_page_12.png,0,0.2063507437705993,test,pbs_imgs,vit,
D:\Dineth\focus_binary_benchmark\dataset\pbs_imgs\unfocused\FieldPos356_Cam01_RGB_MB\FieldPos356_Cam01_RGB_MB_page_13.png,0,0.2243491560220718,test,pbs_imgs,vit,
D:\Dineth\focus_binary_benchmark\dataset\pbs_imgs\unfocused\FieldPos356_Cam01_RGB_MB\FieldPos356_Cam01_RGB_MB_page_14.png,0,0.2178010940551757,test,pbs_imgs,vit,
D:\Dineth\focus_binary_benchmark\dataset\pbs_imgs\unfocused\FieldPos356_Cam01_RGB_MB\FieldPos356_Cam01_RGB_MB_page_15.png,0,0.2574104070663452,test,pbs_imgs,vit,
D:\Dineth\focus_binary_benchmark\dataset\pbs_imgs\unfocused\FieldPos356_Cam01_RGB_MB\FieldPos356_Cam01_RGB_MB_page_2.png,0,0.369938313961029,test,pbs_imgs,vit,
D:\Dineth\focus_binary_benchmark\dataset\pbs_imgs\unfocused\FieldPos356_Cam01_RGB_MB\FieldPos356_Cam01_RGB_MB_page_6.png,0,0.2674921751022339,test,pbs_imgs,vit,
D:\Dineth\focus_binary_benchmark\dataset\pbs_imgs\unfocused\FieldPos356_Cam01_RGB_MB\FieldPos356_Cam01_RGB_MB_page_7.png,0,0.2254865020513534,test,pbs_imgs,vit,
D:\Dineth\focus_binary_benchmark\dataset\pbs_imgs\unfocused\FieldPos356_Cam01_RGB_MB\FieldPos356_Cam01_RGB_MB_page_8.png,0,0.2084756046533584,test,pbs_imgs,vit,
D:\Dineth\focus_binary_benchmark\dataset\pbs_imgs\unfocused\FieldPos356_Cam01_RGB_MB\FieldPos356_Cam01_RGB_MB_page_9.png,0,0.2229566723108291,test,pbs_imgs,vit,
D:\Dineth\focus_binary_benchmark\dataset\pbs_imgs\unfocused\FieldPos357_Cam01_RGB_MB\FieldPos357_Cam01_RGB_MB_page_1.png,0,0.6144636869430542,test,pbs_imgs,vit,
D:\Dineth\focus_binary_benchmark\dataset\pbs_imgs\unfocused\FieldPos357_Cam01_RGB_MB\FieldPos357_Cam01_RGB_MB_page_10.png,0,0.4650255143642425,test,pbs_imgs,vit,
D:\Dineth\focus_binary_benchmark\dataset\pbs_imgs\unfocused\FieldPos357_Cam01_RGB_MB\FieldPos357_Cam01_RGB_MB_page_11.png,0,0.4222255349159241,test,pbs_imgs,vit,
D:\Dineth\focus_binary_benchmark\dataset\pbs_imgs\unfocused\FieldPos357_Cam01_RGB_MB\FieldPos357_Cam01_RGB_MB_page_12.png,0,0.3861675560474396,test,pbs_imgs,vit,
D:\Dineth\focus_binary_benchmark\dataset\pbs_imgs\unfocused\FieldPos357_Cam01_RGB_MB\FieldPos357_Cam01_RGB_MB_page_13.png,0,0.3058090507984161,test,pbs_imgs,vit,
D:\Dineth\focus_binary_benchmark\dataset\pbs_imgs\unfocused\FieldPos357_Cam01_RGB_MB\FieldPos357_Cam01_RGB_MB_page_14.png,0,0.3336936235427856,test,pbs_imgs,vit,
D:\Dineth\focus_binary_benchmark\dataset\pbs_imgs\unfocused\FieldPos357_Cam01_RGB_MB\FieldPos357_Cam01_RGB_MB_page_15.png,0,0.3013291358947754,test,pbs_imgs,vit,
D:\Dineth\focus_binary_benchmark\dataset\pbs_imgs\unfocused\FieldPos357_Cam01_RGB_MB\FieldPos357_Cam01_RGB_MB_page_2.png,0,0.5912955403327942,test,pbs_imgs,vit,
D:\Dineth\focus_binary_benchmark\dataset\pbs_imgs\unfocused\FieldPos357_Cam01_RGB_MB\FieldPos357_Cam01_RGB_MB_page_6.png,0,0.5797483921051025,test,pbs_imgs,vit,
D:\Dineth\focus_binary_benchmark\dataset\pbs_imgs\unfocused\FieldPos357_Cam01_RGB_MB\FieldPos357_Cam01_RGB_MB_page_7.png,0,0.5648249387741089,test,pbs_imgs,vit,
D:\Dineth\focus_binary_benchmark\dataset\pbs_imgs\unfocused\FieldPos357_Cam01_RGB_MB\FieldPos357_Cam01_RGB_MB_page_8.png,0,0.4720330238342285,test,pbs_imgs,vit,
D:\Dineth\focus_binary_benchmark\dataset\pbs_imgs\unfocused\FieldPos357_Cam01_RGB_MB\FieldPos357_Cam01_RGB_MB_page_9.png,0,0.5007487535476685,test,pbs_imgs,vit,
D:\Dineth\focus_binary_benchmark\dataset\pbs_imgs\unfocused\FieldPos430_Cam01_RGB_MB\FieldPos430_Cam01_RGB_MB_page_1.png,0,0.1428733021020889,test,pbs_imgs,vit,
D:\Dineth\focus_binary_benchmark\dataset\pbs_imgs\unfocused\FieldPos430_Cam01_RGB_MB\FieldPos430_Cam01_RGB_MB_page_10.png,0,0.3382681906223297,test,pbs_imgs,vit,
D:\Dineth\focus_binary_benchmark\dataset\pbs_imgs\unfocused\FieldPos430_Cam01_RGB_MB\FieldPos430_Cam01_RGB_MB_page_11.png,0,0.2545707523822784,test,pbs_imgs,vit,
D:\Dineth\focus_binary_benchmark\dataset\pbs_imgs\unfocused\FieldPos430_Cam01_RGB_MB\FieldPos430_Cam01_RGB_MB_page_12.png,0,0.2261396944522857,test,pbs_imgs,vit,
D:\Dineth\focus_binary_benchmark\dataset\pbs_imgs\unfocused\FieldPos430_Cam01_RGB_MB\FieldPos430_Cam01_RGB_MB_page_13.png,0,0.205097496509552,test,pbs_imgs,vit,
D:\Dineth\focus_binary_benchmark\dataset\pbs_imgs\unfocused\FieldPos430_Cam01_RGB_MB\FieldPos430_Cam01_RGB_MB_page_14.png,0,0.219119593501091,test,pbs_imgs,vit,
D:\Dineth\focus_binary_benchmark\dataset\pbs_imgs\unfocused\FieldPos430_Cam01_RGB_MB\FieldPos430_Cam01_RGB_MB_page_15.png,0,0.2489173710346222,test,pbs_imgs,vit,
D:\Dineth\focus_binary_benchmark\dataset\pbs_imgs\unfocused\FieldPos430_Cam01_RGB_MB\FieldPos430_Cam01_RGB_MB_page_2.png,0,0.1340433806180954,test,pbs_imgs,vit,
D:\Dineth\focus_binary_benchmark\dataset\pbs_imgs\unfocused\FieldPos430_Cam01_RGB_MB\FieldPos430_Cam01_RGB_MB_page_3.png,0,0.1486691236495971,test,pbs_imgs,vit,
D:\Dineth\focus_binary_benchmark\dataset\pbs_imgs\unfocused\FieldPos430_Cam01_RGB_MB\FieldPos430_Cam01_RGB_MB_page_4.png,0,0.1913770735263824,test,pbs_imgs,vit,
D:\Dineth\focus_binary_benchmark\dataset\pbs_imgs\unfocused\FieldPos430_Cam01_RGB_MB\FieldPos430_Cam01_RGB_MB_page_5.png,0,0.3296830356121063,test,pbs_imgs,vit,
D:\Dineth\focus_binary_benchmark\dataset\pbs_imgs\unfocused\FieldPos430_Cam01_RGB_MB\FieldPos430_Cam01_RGB_MB_page_6.png,0,0.3688862919807434,test,pbs_imgs,vit,
D:\Dineth\focus_binary_benchmark\dataset\pbs_imgs\unfocused\FieldPos434_Cam01_RGB_MB\FieldPos434_Cam01_RGB_MB_page_1.png,0,0.3089233636856079,test,pbs_imgs,vit,
D:\Dineth\focus_binary_benchmark\dataset\pbs_imgs\unfocused\FieldPos434_Cam01_RGB_MB\FieldPos434_Cam01_RGB_MB_page_10.png,0,0.3336049616336822,test,pbs_imgs,vit,
D:\Dineth\focus_binary_benchmark\dataset\pbs_imgs\unfocused\FieldPos434_Cam01_RGB_MB\FieldPos434_Cam01_RGB_MB_page_11.png,0,0.3289898335933685,test,pbs_imgs,vit,
D:\Dineth\focus_binary_benchmark\dataset\pbs_imgs\unfocused\FieldPos434_Cam01_RGB_MB\FieldPos434_Cam01_RGB_MB_page_12.png,0,0.3233124911785126,test,pbs_imgs,vit,
D:\Dineth\focus_binary_benchmark\dataset\pbs_imgs\unfocused\FieldPos434_Cam01_RGB_MB\FieldPos434_Cam01_RGB_MB_page_13.png,0,0.3277393579483032,test,pbs_imgs,vit,
D:\Dineth\focus_binary_benchmark\dataset\pbs_imgs\unfocused\FieldPos434_Cam01_RGB_MB\FieldPos434_Cam01_RGB_MB_page_14.png,0,0.3183620274066925,test,pbs_imgs,vit,
D:\Dineth\focus_binary_benchmark\dataset\pbs_imgs\unfocused\FieldPos434_Cam01_RGB_MB\FieldPos434_Cam01_RGB_MB_page_15.png,0,0.3275506198406219,test,pbs_imgs,vit,
D:\Dineth\focus_binary_benchmark\dataset\pbs_imgs\unfocused\FieldPos434_Cam01_RGB_MB\FieldPos434_Cam01_RGB_MB_page_2.png,0,0.3082907199859619,test,pbs_imgs,vit,
D:\Dineth\focus_binary_benchmark\dataset\pbs_imgs\unfocused\FieldPos434_Cam01_RGB_MB\FieldPos434_Cam01_RGB_MB_page_3.png,0,0.3007132411003113,test,pbs_imgs,vit,
D:\Dineth\focus_binary_benchmark\dataset\pbs_imgs\unfocused\FieldPos434_Cam01_RGB_MB\FieldPos434_Cam01_RGB_MB_page_4.png,0,0.3191896378993988,test,pbs_imgs,vit,
D:\Dineth\focus_binary_benchmark\dataset\pbs_imgs\unfocused\FieldPos434_Cam01_RGB_MB\FieldPos434_Cam01_RGB_MB_page_5.png,0,0.366908460855484,test,pbs_imgs,vit,
D:\Dineth\focus_binary_benchmark\dataset\pbs_imgs\unfocused\FieldPos434_Cam01_RGB_MB\FieldPos434_Cam01_RGB_MB_page_9.png,0,0.3184778094291687,test,pbs_imgs,vit,
D:\Dineth\focus_binary_benchmark\dataset\pbs_imgs\unfocused\FieldPos469_Cam01_RGB_MB\FieldPos469_Cam01_RGB_MB_page_1.png,0,0.3615293502807617,test,pbs_imgs,vit,
D:\Dineth\focus_binary_benchmark\dataset\pbs_imgs\unfocused\FieldPos469_Cam01_RGB_MB\FieldPos469_Cam01_RGB_MB_page_13.png,0,0.3821797370910644,test,pbs_imgs,vit,
D:\Dineth\focus_binary_benchmark\dataset\pbs_imgs\unfocused\FieldPos469_Cam01_RGB_MB\FieldPos469_Cam01_RGB_MB_page_14.png,0,0.3756272792816162,test,pbs_imgs,vit,
D:\Dineth\focus_binary_benchmark\dataset\pbs_imgs\unfocused\FieldPos469_Cam01_RGB_MB\FieldPos469_Cam01_RGB_MB_page_15.png,0,0.3745748400688171,test,pbs_imgs,vit,
D:\Dineth\focus_binary_benchmark\dataset\pbs_imgs\unfocused\FieldPos469_Cam01_RGB_MB\FieldPos469_Cam01_RGB_MB_page_2.png,0,0.3628301620483398,test,pbs_imgs,vit,
D:\Dineth\focus_binary_benchmark\dataset\pbs_imgs\unfocused\FieldPos469_Cam01_RGB_MB\FieldPos469_Cam01_RGB_MB_page_3.png,0,0.3606638014316559,test,pbs_imgs,vit,
D:\Dineth\focus_binary_benchmark\dataset\pbs_imgs\unfocused\FieldPos469_Cam01_RGB_MB\FieldPos469_Cam01_RGB_MB_page_4.png,0,0.3697933852672577,test,pbs_imgs,vit,
D:\Dineth\focus_binary_benchmark\dataset\pbs_imgs\unfocused\FieldPos469_Cam01_RGB_MB\FieldPos469_Cam01_RGB_MB_page_5.png,0,0.3687904775142669,test,pbs_imgs,vit,
D:\Dineth\focus_binary_benchmark\dataset\pbs_imgs\unfocused\FieldPos469_Cam01_RGB_MB\FieldPos469_Cam01_RGB_MB_page_6.png,0,0.37498939037323,test,pbs_imgs,vit,
D:\Dineth\focus_binary_benchmark\dataset\pbs_imgs\unfocused\FieldPos469_Cam01_RGB_MB\FieldPos469_Cam01_RGB_MB_page_7.png,0,0.3854889571666717,test,pbs_imgs,vit,
D:\Dineth\focus_binary_benchmark\dataset\pbs_imgs\unfocused\FieldPos469_Cam01_RGB_MB\FieldPos469_Cam01_RGB_MB_page_8.png,0,0.3969287872314453,test,pbs_imgs,vit,
D:\Dineth\focus_binary_benchmark\dataset\pbs_imgs\unfocused\FieldPos469_Cam01_RGB_MB\FieldPos469_Cam01_RGB_MB_page_9.png,0,0.4049522280693054,test,pbs_imgs,vit,
D:\Dineth\focus_binary_benchmark\dataset\tbf_imgs\focused\FieldPos000 (4)\FieldPos000 (4)_page_7.png,1,0.4035884737968445,test,tbf_imgs,vit,
D:\Dineth\focus_binary_benchmark\dataset\tbf_imgs\focused\FieldPos002 (2)\FieldPos002 (2)_page_7.png,1,0.4286080300807953,test,tbf_imgs,vit,
D:\Dineth\focus_binary_benchmark\dataset\tbf_imgs\focused\FieldPos002 (3)\FieldPos002 (3)_page_8.png,1,0.4276122152805328,test,tbf_imgs,vit,
D:\Dineth\focus_binary_benchmark\dataset\tbf_imgs\focused\FieldPos003 (4)\FieldPos003 (4)_page_7.png,1,0.4576930105686188,test,tbf_imgs,vit,
D:\Dineth\focus_binary_benchmark\dataset\tbf_imgs\focused\FieldPos004 (3)\FieldPos004 (3)_page_7.png,1,0.4323925971984863,test,tbf_imgs,vit,
D:\Dineth\focus_binary_benchmark\dataset\tbf_imgs\focused\FieldPos007 (3)\FieldPos007 (3)_page_6.png,1,0.4237668216228485,test,tbf_imgs,vit,
D:\Dineth\focus_binary_benchmark\dataset\tbf_imgs\focused\FieldPos008\FieldPos008_page_7.png,1,0.3731291592121124,test,tbf_imgs,vit,
D:\Dineth\focus_binary_benchmark\dataset\tbf_imgs\focused\FieldPos010\FieldPos010_page_7.png,1,0.4387817978858948,test,tbf_imgs,vit,
D:\Dineth\focus_binary_benchmark\dataset\tbf_imgs\focused\FieldPos018 (2)\FieldPos018 (2)_page_6.png,1,0.4303593933582306,test,tbf_imgs,vit,
D:\Dineth\focus_binary_benchmark\dataset\tbf_imgs\focused\FieldPos019 (2)\FieldPos019 (2)_page_6.png,1,0.4266835749149322,test,tbf_imgs,vit,
D:\Dineth\focus_binary_benchmark\dataset\tbf_imgs\focused\FieldPos023\FieldPos023_page_6.png,1,0.4320990741252899,test,tbf_imgs,vit,
D:\Dineth\focus_binary_benchmark\dataset\tbf_imgs\focused\FieldPos029\FieldPos029_page_8.png,1,0.4258024990558624,test,tbf_imgs,vit,
D:\Dineth\focus_binary_benchmark\dataset\tbf_imgs\focused\FieldPos033 (2)\FieldPos033 (2)_page_8.png,1,0.4105199575424194,test,tbf_imgs,vit,
D:\Dineth\focus_binary_benchmark\dataset\tbf_imgs\focused\FieldPos036\FieldPos036_page_8.png,1,0.4318785071372986,test,tbf_imgs,vit,
D:\Dineth\focus_binary_benchmark\dataset\tbf_imgs\focused\FieldPos038\FieldPos038_page_7.png,1,0.4271600842475891,test,tbf_imgs,vit,
D:\Dineth\focus_binary_benchmark\dataset\tbf_imgs\focused\FieldPos040\FieldPos040_page_7.png,1,0.4366425573825836,test,tbf_imgs,vit,
D:\Dineth\focus_binary_benchmark\dataset\tbf_imgs\focused\FieldPos044\FieldPos044_page_8.png,1,0.4303569197654724,test,tbf_imgs,vit,
D:\Dineth\focus_binary_benchmark\dataset\tbf_imgs\focused\FieldPos053\FieldPos053_page_7.png,1,0.4308007657527923,test,tbf_imgs,vit,
D:\Dineth\focus_binary_benchmark\dataset\tbf_imgs\focused\FieldPos059\FieldPos059_page_6.png,1,0.4330044388771057,test,tbf_imgs,vit,
D:\Dineth\focus_binary_benchmark\dataset\tbf_imgs\focused\FieldPos066\FieldPos066_page_6.png,1,0.4318660497665405,test,tbf_imgs,vit,
D:\Dineth\focus_binary_benchmark\dataset\tbf_imgs\focused\FieldPos069\FieldPos069_page_5.png,1,0.429772138595581,test,tbf_imgs,vit,
D:\Dineth\focus_binary_benchmark\dataset\tbf_imgs\focused\FieldPos074\FieldPos074_page_6.png,1,0.4236395955085754,test,tbf_imgs,vit,
D:\Dineth\focus_binary_benchmark\dataset\tbf_imgs\focused\FieldPos082\FieldPos082_page_6.png,1,0.4160433113574981,test,tbf_imgs,vit,
D:\Dineth\focus_binary_benchmark\dataset\tbf_imgs\focused\FieldPos103\FieldPos103_page_8.png,1,0.4273704588413238,test,tbf_imgs,vit,
D:\Dineth\focus_binary_benchmark\dataset\tbf_imgs\focused\FieldPos104\FieldPos104_page_7.png,1,0.4319182634353637,test,tbf_imgs,vit,
D:\Dineth\focus_binary_benchmark\dataset\tbf_imgs\focused\FieldPos107\FieldPos107_page_5.png,1,0.4242042303085327,test,tbf_imgs,vit,
D:\Dineth\focus_binary_benchmark\dataset\tbf_imgs\focused\FieldPos200\FieldPos200_page_7.png,1,0.4294424653053283,test,tbf_imgs,vit,
D:\Dineth\focus_binary_benchmark\dataset\tbf_imgs\focused\FieldPos203\FieldPos203_page_7.png,1,0.4349838495254516,test,tbf_imgs,vit,
D:\Dineth\focus_binary_benchmark\dataset\tbf_imgs\unfocused\FieldPos000 (4)\FieldPos000 (4)_page_1.png,0,0.4134796261787414,test,tbf_imgs,vit,
D:\Dineth\focus_binary_benchmark\dataset\tbf_imgs\unfocused\FieldPos000 (4)\FieldPos000 (4)_page_10.png,0,0.4051072597503662,test,tbf_imgs,vit,
D:\Dineth\focus_binary_benchmark\dataset\tbf_imgs\unfocused\FieldPos000 (4)\FieldPos000 (4)_page_11.png,0,0.4069203436374664,test,tbf_imgs,vit,
D:\Dineth\focus_binary_benchmark\dataset\tbf_imgs\unfocused\FieldPos000 (4)\FieldPos000 (4)_page_12.png,0,0.4073885381221771,test,tbf_imgs,vit,
D:\Dineth\focus_binary_benchmark\dataset\tbf_imgs\unfocused\FieldPos000 (4)\FieldPos000 (4)_page_13.png,0,0.4094732105731964,test,tbf_imgs,vit,
D:\Dineth\focus_binary_benchmark\dataset\tbf_imgs\unfocused\FieldPos000 (4)\FieldPos000 (4)_page_14.png,0,0.411186546087265,test,tbf_imgs,vit,
D:\Dineth\focus_binary_benchmark\dataset\tbf_imgs\unfocused\FieldPos000 (4)\FieldPos000 (4)_page_2.png,0,0.4075281620025635,test,tbf_imgs,vit,
D:\Dineth\focus_binary_benchmark\dataset\tbf_imgs\unfocused\FieldPos000 (4)\FieldPos000 (4)_page_3.png,0,0.4057542383670807,test,tbf_imgs,vit,
D:\Dineth\focus_binary_benchmark\dataset\tbf_imgs\unfocused\FieldPos000 (4)\FieldPos000 (4)_page_4.png,0,0.4041581749916076,test,tbf_imgs,vit,
D:\Dineth\focus_binary_benchmark\dataset\tbf_imgs\unfocused\FieldPos000 (4)\FieldPos000 (4)_page_5.png,0,0.4016574919223785,test,tbf_imgs,vit,
D:\Dineth\focus_binary_benchmark\dataset\tbf_imgs\unfocused\FieldPos000 (4)\FieldPos000 (4)_page_9.png,0,0.4056302309036255,test,tbf_imgs,vit,
D:\Dineth\focus_binary_benchmark\dataset\tbf_imgs\unfocused\FieldPos002 (2)\FieldPos002 (2)_page_1.png,0,0.4266851544380188,test,tbf_imgs,vit,
D:\Dineth\focus_binary_benchmark\dataset\tbf_imgs\unfocused\FieldPos002 (2)\FieldPos002 (2)_page_10.png,0,0.4255542755126953,test,tbf_imgs,vit,
D:\Dineth\focus_binary_benchmark\dataset\tbf_imgs\unfocused\FieldPos002 (2)\FieldPos002 (2)_page_11.png,0,0.4264510571956634,test,tbf_imgs,vit,
D:\Dineth\focus_binary_benchmark\dataset\tbf_imgs\unfocused\FieldPos002 (2)\FieldPos002 (2)_page_12.png,0,0.4244136214256286,test,tbf_imgs,vit,
D:\Dineth\focus_binary_benchmark\dataset\tbf_imgs\unfocused\FieldPos002 (2)\FieldPos002 (2)_page_13.png,0,0.4237467050552368,test,tbf_imgs,vit,
D:\Dineth\focus_binary_benchmark\dataset\tbf_imgs\unfocused\FieldPos002 (2)\FieldPos002 (2)_page_14.png,0,0.4274929761886596,test,tbf_imgs,vit,
D:\Dineth\focus_binary_benchmark\dataset\tbf_imgs\unfocused\FieldPos002 (2)\FieldPos002 (2)_page_2.png,0,0.4274725317955017,test,tbf_imgs,vit,
D:\Dineth\focus_binary_benchmark\dataset\tbf_imgs\unfocused\FieldPos002 (2)\FieldPos002 (2)_page_3.png,0,0.4278082847595215,test,tbf_imgs,vit,
D:\Dineth\focus_binary_benchmark\dataset\tbf_imgs\unfocused\FieldPos002 (2)\FieldPos002 (2)_page_4.png,0,0.4250786900520324,test,tbf_imgs,vit,
D:\Dineth\focus_binary_benchmark\dataset\tbf_imgs\unfocused\FieldPos002 (2)\FieldPos002 (2)_page_5.png,0,0.4229505956172943,test,tbf_imgs,vit,
D:\Dineth\focus_binary_benchmark\dataset\tbf_imgs\unfocused\FieldPos002 (2)\FieldPos002 (2)_page_9.png,0,0.4248858094215393,test,tbf_imgs,vit,
D:\Dineth\focus_binary_benchmark\dataset\tbf_imgs\unfocused\FieldPos002 (3)\FieldPos002 (3)_page_1.png,0,0.4312449097633362,test,tbf_imgs,vit,
D:\Dineth\focus_binary_benchmark\dataset\tbf_imgs\unfocused\FieldPos002 (3)\FieldPos002 (3)_page_10.png,0,0.4305164217948913,test,tbf_imgs,vit,
D:\Dineth\focus_binary_benchmark\dataset\tbf_imgs\unfocused\FieldPos002 (3)\FieldPos002 (3)_page_11.png,0,0.4273618161678314,test,tbf_imgs,vit,
D:\Dineth\focus_binary_benchmark\dataset\tbf_imgs\unfocused\FieldPos002 (3)\FieldPos002 (3)_page_12.png,0,0.42842498421669,test,tbf_imgs,vit,
D:\Dineth\focus_binary_benchmark\dataset\tbf_imgs\unfocused\FieldPos002 (3)\FieldPos002 (3)_page_13.png,0,0.4289059340953827,test,tbf_imgs,vit,
D:\Dineth\focus_binary_benchmark\dataset\tbf_imgs\unfocused\FieldPos002 (3)\FieldPos002 (3)_page_14.png,0,0.4282437264919281,test,tbf_imgs,vit,
D:\Dineth\focus_binary_benchmark\dataset\tbf_imgs\unfocused\FieldPos002 (3)\FieldPos002 (3)_page_2.png,0,0.4273838698863983,test,tbf_imgs,vit,
D:\Dineth\focus_binary_benchmark\dataset\tbf_imgs\unfocused\FieldPos002 (3)\FieldPos002 (3)_page_3.png,0,0.4281280040740967,test,tbf_imgs,vit,
D:\Dineth\focus_binary_benchmark\dataset\tbf_imgs\unfocused\FieldPos002 (3)\FieldPos002 (3)_page_4.png,0,0.4280638098716736,test,tbf_imgs,vit,
D:\Dineth\focus_binary_benchmark\dataset\tbf_imgs\unfocused\FieldPos002 (3)\FieldPos002 (3)_page_5.png,0,0.4250527918338775,test,tbf_imgs,vit,
D:\Dineth\focus_binary_benchmark\dataset\tbf_imgs\unfocused\FieldPos002 (3)\FieldPos002 (3)_page_6.png,0,0.4270282685756683,test,tbf_imgs,vit,
D:\Dineth\focus_binary_benchmark\dataset\tbf_imgs\unfocused\FieldPos003 (4)\FieldPos003 (4)_page_1.png,0,0.4547801911830902,test,tbf_imgs,vit,
D:\Dineth\focus_binary_benchmark\dataset\tbf_imgs\unfocused\FieldPos003 (4)\FieldPos003 (4)_page_10.png,0,0.445778340101242,test,tbf_imgs,vit,
D:\Dineth\focus_binary_benchmark\dataset\tbf_imgs\unfocused\FieldPos003 (4)\FieldPos003 (4)_page_11.png,0,0.4430768191814422,test,tbf_imgs,vit,
D:\Dineth\focus_binary_benchmark\dataset\tbf_imgs\unfocused\FieldPos003 (4)\FieldPos003 (4)_page_12.png,0,0.4400051832199096,test,tbf_imgs,vit,
D:\Dineth\focus_binary_benchmark\dataset\tbf_imgs\unfocused\FieldPos003 (4)\FieldPos003 (4)_page_13.png,0,0.4396375715732574,test,tbf_imgs,vit,
D:\Dineth\focus_binary_benchmark\dataset\tbf_imgs\unfocused\FieldPos003 (4)\FieldPos003 (4)_page_14.png,0,0.4374643862247467,test,tbf_imgs,vit,
D:\Dineth\focus_binary_benchmark\dataset\tbf_imgs\unfocused\FieldPos003 (4)\FieldPos003 (4)_page_2.png,0,0.4575785398483276,test,tbf_imgs,vit,
D:\Dineth\focus_binary_benchmark\dataset\tbf_imgs\unfocused\FieldPos003 (4)\FieldPos003 (4)_page_3.png,0,0.4587292671203613,test,tbf_imgs,vit,
D:\Dineth\focus_binary_benchmark\dataset\tbf_imgs\unfocused\FieldPos003 (4)\FieldPos003 (4)_page_4.png,0,0.4638312757015228,test,tbf_imgs,vit,
D:\Dineth\focus_binary_benchmark\dataset\tbf_imgs\unfocused\FieldPos003 (4)\FieldPos003 (4)_page_5.png,0,0.4638651311397552,test,tbf_imgs,vit,
D:\Dineth\focus_binary_benchmark\dataset\tbf_imgs\unfocused\FieldPos003 (4)\FieldPos003 (4)_page_9.png,0,0.448169857263565,test,tbf_imgs,vit,
D:\Dineth\focus_binary_benchmark\dataset\tbf_imgs\unfocused\FieldPos004 (3)\FieldPos004 (3)_page_1.png,0,0.4289900362491607,test,tbf_imgs,vit,
D:\Dineth\focus_binary_benchmark\dataset\tbf_imgs\unfocused\FieldPos004 (3)\FieldPos004 (3)_page_10.png,0,0.4315561652183532,test,tbf_imgs,vit,
D:\Dineth\focus_binary_benchmark\dataset\tbf_imgs\unfocused\FieldPos004 (3)\FieldPos004 (3)_page_11.png,0,0.4323203861713409,test,tbf_imgs,vit,
D:\Dineth\focus_binary_benchmark\dataset\tbf_imgs\unfocused\FieldPos004 (3)\FieldPos004 (3)_page_12.png,0,0.4325490891933441,test,tbf_imgs,vit,
D:\Dineth\focus_binary_benchmark\dataset\tbf_imgs\unfocused\FieldPos004 (3)\FieldPos004 (3)_page_13.png,0,0.4294744729995727,test,tbf_imgs,vit,
D:\Dineth\focus_binary_benchmark\dataset\tbf_imgs\unfocused\FieldPos004 (3)\FieldPos004 (3)_page_14.png,0,0.4291908144950866,test,tbf_imgs,vit,
D:\Dineth\focus_binary_benchmark\dataset\tbf_imgs\unfocused\FieldPos004 (3)\FieldPos004 (3)_page_2.png,0,0.4300157725811004,test,tbf_imgs,vit,
D:\Dineth\focus_binary_benchmark\dataset\tbf_imgs\unfocused\FieldPos004 (3)\FieldPos004 (3)_page_3.png,0,0.4291114509105682,test,tbf_imgs,vit,
D:\Dineth\focus_binary_benchmark\dataset\tbf_imgs\unfocused\FieldPos004 (3)\FieldPos004 (3)_page_4.png,0,0.4283325672149658,test,tbf_imgs,vit,
D:\Dineth\focus_binary_benchmark\dataset\tbf_imgs\unfocused\FieldPos004 (3)\FieldPos004 (3)_page_5.png,0,0.42957603931427,test,tbf_imgs,vit,
D:\Dineth\focus_binary_benchmark\dataset\tbf_imgs\unfocused\FieldPos004 (3)\FieldPos004 (3)_page_9.png,0,0.4306052625179291,test,tbf_imgs,vit,
D:\Dineth\focus_binary_benchmark\dataset\tbf_imgs\unfocused\FieldPos007 (3)\FieldPos007 (3)_page_1.png,0,0.4227862954139709,test,tbf_imgs,vit,
D:\Dineth\focus_binary_benchmark\dataset\tbf_imgs\unfocused\FieldPos007 (3)\FieldPos007 (3)_page_10.png,0,0.4217468500137329,test,tbf_imgs,vit,
D:\Dineth\focus_binary_benchmark\dataset\tbf_imgs\unfocused\FieldPos007 (3)\FieldPos007 (3)_page_11.png,0,0.4207703769207001,test,tbf_imgs,vit,
D:\Dineth\focus_binary_benchmark\dataset\tbf_imgs\unfocused\FieldPos007 (3)\FieldPos007 (3)_page_12.png,0,0.4217904508113861,test,tbf_imgs,vit,
D:\Dineth\focus_binary_benchmark\dataset\tbf_imgs\unfocused\FieldPos007 (3)\FieldPos007 (3)_page_13.png,0,0.4231095910072326,test,tbf_imgs,vit,
D:\Dineth\focus_binary_benchmark\dataset\tbf_imgs\unfocused\FieldPos007 (3)\FieldPos007 (3)_page_14.png,0,0.4231070280075073,test,tbf_imgs,vit,
D:\Dineth\focus_binary_benchmark\dataset\tbf_imgs\unfocused\FieldPos007 (3)\FieldPos007 (3)_page_2.png,0,0.4241754412651062,test,tbf_imgs,vit,
D:\Dineth\focus_binary_benchmark\dataset\tbf_imgs\unfocused\FieldPos007 (3)\FieldPos007 (3)_page_3.png,0,0.4209810793399811,test,tbf_imgs,vit,
D:\Dineth\focus_binary_benchmark\dataset\tbf_imgs\unfocused\FieldPos007 (3)\FieldPos007 (3)_page_4.png,0,0.4212969541549682,test,tbf_imgs,vit,
D:\Dineth\focus_binary_benchmark\dataset\tbf_imgs\unfocused\FieldPos007 (3)\FieldPos007 (3)_page_8.png,0,0.4224033951759338,test,tbf_imgs,vit,
D:\Dineth\focus_binary_benchmark\dataset\tbf_imgs\unfocused\FieldPos007 (3)\FieldPos007 (3)_page_9.png,0,0.4232162833213806,test,tbf_imgs,vit,
D:\Dineth\focus_binary_benchmark\dataset\tbf_imgs\unfocused\FieldPos008\FieldPos008_page_1.png,0,0.3723172843456268,test,tbf_imgs,vit,
D:\Dineth\focus_binary_benchmark\dataset\tbf_imgs\unfocused\FieldPos008\FieldPos008_page_10.png,0,0.3776604235172272,test,tbf_imgs,vit,
D:\Dineth\focus_binary_benchmark\dataset\tbf_imgs\unfocused\FieldPos008\FieldPos008_page_11.png,0,0.3790772557258606,test,tbf_imgs,vit,
D:\Dineth\focus_binary_benchmark\dataset\tbf_imgs\unfocused\FieldPos008\FieldPos008_page_12.png,0,0.3821547925472259,test,tbf_imgs,vit,
D:\Dineth\focus_binary_benchmark\dataset\tbf_imgs\unfocused\FieldPos008\FieldPos008_page_13.png,0,0.3775212466716766,test,tbf_imgs,vit,
D:\Dineth\focus_binary_benchmark\dataset\tbf_imgs\unfocused\FieldPos008\FieldPos008_page_14.png,0,0.3828733563423157,test,tbf_imgs,vit,
D:\Dineth\focus_binary_benchmark\dataset\tbf_imgs\unfocused\FieldPos008\FieldPos008_page_2.png,0,0.3706165254116058,test,tbf_imgs,vit,
D:\Dineth\focus_binary_benchmark\dataset\tbf_imgs\unfocused\FieldPos008\FieldPos008_page_3.png,0,0.3694465160369873,test,tbf_imgs,vit,
D:\Dineth\focus_binary_benchmark\dataset\tbf_imgs\unfocused\FieldPos008\FieldPos008_page_4.png,0,0.3723371922969818,test,tbf_imgs,vit,
D:\Dineth\focus_binary_benchmark\dataset\tbf_imgs\unfocused\FieldPos008\FieldPos008_page_5.png,0,0.3605716228485107,test,tbf_imgs,vit,
D:\Dineth\focus_binary_benchmark\dataset\tbf_imgs\unfocused\FieldPos008\FieldPos008_page_9.png,0,0.3778973221778869,test,tbf_imgs,vit,
D:\Dineth\focus_binary_benchmark\dataset\tbf_imgs\unfocused\FieldPos010\FieldPos010_page_1.png,0,0.4339104294776916,test,tbf_imgs,vit,
D:\Dineth\focus_binary_benchmark\dataset\tbf_imgs\unfocused\FieldPos010\FieldPos010_page_10.png,0,0.4348155260086059,test,tbf_imgs,vit,
D:\Dineth\focus_binary_benchmark\dataset\tbf_imgs\unfocused\FieldPos010\FieldPos010_page_11.png,0,0.4354946911334991,test,tbf_imgs,vit,
D:\Dineth\focus_binary_benchmark\dataset\tbf_imgs\unfocused\FieldPos010\FieldPos010_page_12.png,0,0.4349890947341919,test,tbf_imgs,vit,
D:\Dineth\focus_binary_benchmark\dataset\tbf_imgs\unfocused\FieldPos010\FieldPos010_page_13.png,0,0.4367556571960449,test,tbf_imgs,vit,
D:\Dineth\focus_binary_benchmark\dataset\tbf_imgs\unfocused\FieldPos010\FieldPos010_page_14.png,0,0.4356775879859924,test,tbf_imgs,vit,
D:\Dineth\focus_binary_benchmark\dataset\tbf_imgs\unfocused\FieldPos010\FieldPos010_page_2.png,0,0.4361262619495392,test,tbf_imgs,vit,
D:\Dineth\focus_binary_benchmark\dataset\tbf_imgs\unfocused\FieldPos010\FieldPos010_page_3.png,0,0.4365931451320648,test,tbf_imgs,vit,
D:\Dineth\focus_binary_benchmark\dataset\tbf_imgs\unfocused\FieldPos010\FieldPos010_page_4.png,0,0.4357553720474243,test,tbf_imgs,vit,
D:\Dineth\focus_binary_benchmark\dataset\tbf_imgs\unfocused\FieldPos010\FieldPos010_page_5.png,0,0.4379390776157379,test,tbf_imgs,vit,
D:\Dineth\focus_binary_benchmark\dataset\tbf_imgs\unfocused\FieldPos010\FieldPos010_page_9.png,0,0.4359042942523956,test,tbf_imgs,vit,
D:\Dineth\focus_binary_benchmark\dataset\tbf_imgs\unfocused\FieldPos018 (2)\FieldPos018 (2)_page_1.png,0,0.4311431646347046,test,tbf_imgs,vit,
D:\Dineth\focus_binary_benchmark\dataset\tbf_imgs\unfocused\FieldPos018 (2)\FieldPos018 (2)_page_10.png,0,0.4321652054786682,test,tbf_imgs,vit,
D:\Dineth\focus_binary_benchmark\dataset\tbf_imgs\unfocused\FieldPos018 (2)\FieldPos018 (2)_page_11.png,0,0.4321205019950866,test,tbf_imgs,vit,
D:\Dineth\focus_binary_benchmark\dataset\tbf_imgs\unfocused\FieldPos018 (2)\FieldPos018 (2)_page_12.png,0,0.4327339828014374,test,tbf_imgs,vit,
D:\Dineth\focus_binary_benchmark\dataset\tbf_imgs\unfocused\FieldPos018 (2)\FieldPos018 (2)_page_13.png,0,0.4308399856090545,test,tbf_imgs,vit,
D:\Dineth\focus_binary_benchmark\dataset\tbf_imgs\unfocused\FieldPos018 (2)\FieldPos018 (2)_page_14.png,0,0.4308773279190063,test,tbf_imgs,vit,
D:\Dineth\focus_binary_benchmark\dataset\tbf_imgs\unfocused\FieldPos018 (2)\FieldPos018 (2)_page_2.png,0,0.4296905398368835,test,tbf_imgs,vit,
D:\Dineth\focus_binary_benchmark\dataset\tbf_imgs\unfocused\FieldPos018 (2)\FieldPos018 (2)_page_3.png,0,0.4321078658103943,test,tbf_imgs,vit,
D:\Dineth\focus_binary_benchmark\dataset\tbf_imgs\unfocused\FieldPos018 (2)\FieldPos018 (2)_page_4.png,0,0.4316332042217254,test,tbf_imgs,vit,
D:\Dineth\focus_binary_benchmark\dataset\tbf_imgs\unfocused\FieldPos018 (2)\FieldPos018 (2)_page_8.png,0,0.4333232641220093,test,tbf_imgs,vit,
D:\Dineth\focus_binary_benchmark\dataset\tbf_imgs\unfocused\FieldPos018 (2)\FieldPos018 (2)_page_9.png,0,0.4319774508476257,test,tbf_imgs,vit,
D:\Dineth\focus_binary_benchmark\dataset\tbf_imgs\unfocused\FieldPos019 (2)\FieldPos019 (2)_page_1.png,0,0.4308747351169586,test,tbf_imgs,vit,
D:\Dineth\focus_binary_benchmark\dataset\tbf_imgs\unfocused\FieldPos019 (2)\FieldPos019 (2)_page_10.png,0,0.4313040971755981,test,tbf_imgs,vit,
D:\Dineth\focus_binary_benchmark\dataset\tbf_imgs\unfocused\FieldPos019 (2)\FieldPos019 (2)_page_11.png,0,0.4298643767833709,test,tbf_imgs,vit,
D:\Dineth\focus_binary_benchmark\dataset\tbf_imgs\unfocused\FieldPos019 (2)\FieldPos019 (2)_page_12.png,0,0.4329167306423187,test,tbf_imgs,vit,
D:\Dineth\focus_binary_benchmark\dataset\tbf_imgs\unfocused\FieldPos019 (2)\FieldPos019 (2)_page_13.png,0,0.431693971157074,test,tbf_imgs,vit,
D:\Dineth\focus_binary_benchmark\dataset\tbf_imgs\unfocused\FieldPos019 (2)\FieldPos019 (2)_page_14.png,0,0.4302952587604522,test,tbf_imgs,vit,
D:\Dineth\focus_binary_benchmark\dataset\tbf_imgs\unfocused\FieldPos019 (2)\FieldPos019 (2)_page_2.png,0,0.4289307594299316,test,tbf_imgs,vit,
D:\Dineth\focus_binary_benchmark\dataset\tbf_imgs\unfocused\FieldPos019 (2)\FieldPos019 (2)_page_3.png,0,0.4297527074813843,test,tbf_imgs,vit,
D:\Dineth\focus_binary_benchmark\dataset\tbf_imgs\unfocused\FieldPos019 (2)\FieldPos019 (2)_page_4.png,0,0.4305620491504669,test,tbf_imgs,vit,
D:\Dineth\focus_binary_benchmark\dataset\tbf_imgs\unfocused\FieldPos019 (2)\FieldPos019 (2)_page_8.png,0,0.4294512271881103,test,tbf_imgs,vit,
D:\Dineth\focus_binary_benchmark\dataset\tbf_imgs\unfocused\FieldPos019 (2)\FieldPos019 (2)_page_9.png,0,0.4293226599693298,test,tbf_imgs,vit,
D:\Dineth\focus_binary_benchmark\dataset\tbf_imgs\unfocused\FieldPos023\FieldPos023_page_1.png,0,0.4311551451683044,test,tbf_imgs,vit,
D:\Dineth\focus_binary_benchmark\dataset\tbf_imgs\unfocused\FieldPos023\FieldPos023_page_10.png,0,0.4302664697170257,test,tbf_imgs,vit,
D:\Dineth\focus_binary_benchmark\dataset\tbf_imgs\unfocused\FieldPos023\FieldPos023_page_11.png,0,0.4303692579269409,test,tbf_imgs,vit,
D:\Dineth\focus_binary_benchmark\dataset\tbf_imgs\unfocused\FieldPos023\FieldPos023_page_12.png,0,0.4305987954139709,test,tbf_imgs,vit,
D:\Dineth\focus_binary_benchmark\dataset\tbf_imgs\unfocused\FieldPos023\FieldPos023_page_13.png,0,0.4291698336601257,test,tbf_imgs,vit,
D:\Dineth\focus_binary_benchmark\dataset\tbf_imgs\unfocused\FieldPos023\FieldPos023_page_14.png,0,0.4289004802703857,test,tbf_imgs,vit,
D:\Dineth\focus_binary_benchmark\dataset\tbf_imgs\unfocused\FieldPos023\FieldPos023_page_2.png,0,0.4306037724018097,test,tbf_imgs,vit,
D:\Dineth\focus_binary_benchmark\dataset\tbf_imgs\unfocused\FieldPos023\FieldPos023_page_3.png,0,0.4306173622608185,test,tbf_imgs,vit,
D:\Dineth\focus_binary_benchmark\dataset\tbf_imgs\unfocused\FieldPos023\FieldPos023_page_4.png,0,0.4308410286903381,test,tbf_imgs,vit,
D:\Dineth\focus_binary_benchmark\dataset\tbf_imgs\unfocused\FieldPos023\FieldPos023_page_8.png,0,0.430626630783081,test,tbf_imgs,vit,
D:\Dineth\focus_binary_benchmark\dataset\tbf_imgs\unfocused\FieldPos023\FieldPos023_page_9.png,0,0.4288581907749176,test,tbf_imgs,vit,
D:\Dineth\focus_binary_benchmark\dataset\tbf_imgs\unfocused\FieldPos029\FieldPos029_page_1.png,0,0.4317162930965423,test,tbf_imgs,vit,
D:\Dineth\focus_binary_benchmark\dataset\tbf_imgs\unfocused\FieldPos029\FieldPos029_page_10.png,0,0.4286887645721435,test,tbf_imgs,vit,
D:\Dineth\focus_binary_benchmark\dataset\tbf_imgs\unfocused\FieldPos029\FieldPos029_page_11.png,0,0.4291858375072479,test,tbf_imgs,vit,
D:\Dineth\focus_binary_benchmark\dataset\tbf_imgs\unfocused\FieldPos029\FieldPos029_page_12.png,0,0.4297070801258087,test,tbf_imgs,vit,
D:\Dineth\focus_binary_benchmark\dataset\tbf_imgs\unfocused\FieldPos029\FieldPos029_page_13.png,0,0.4298435151576996,test,tbf_imgs,vit,
D:\Dineth\focus_binary_benchmark\dataset\tbf_imgs\unfocused\FieldPos029\FieldPos029_page_14.png,0,0.4323396682739258,test,tbf_imgs,vit,
D:\Dineth\focus_binary_benchmark\dataset\tbf_imgs\unfocused\FieldPos029\FieldPos029_page_2.png,0,0.4304819107055664,test,tbf_imgs,vit,
D:\Dineth\focus_binary_benchmark\dataset\tbf_imgs\unfocused\FieldPos029\FieldPos029_page_3.png,0,0.4305206537246704,test,tbf_imgs,vit,
D:\Dineth\focus_binary_benchmark\dataset\tbf_imgs\unfocused\FieldPos029\FieldPos029_page_4.png,0,0.4306630492210388,test,tbf_imgs,vit,
D:\Dineth\focus_binary_benchmark\dataset\tbf_imgs\unfocused\FieldPos029\FieldPos029_page_5.png,0,0.4308651685714721,test,tbf_imgs,vit,
D:\Dineth\focus_binary_benchmark\dataset\tbf_imgs\unfocused\FieldPos029\FieldPos029_page_6.png,0,0.4300512671470642,test,tbf_imgs,vit,
D:\Dineth\focus_binary_benchmark\dataset\tbf_imgs\unfocused\FieldPos033 (2)\FieldPos033 (2)_page_1.png,0,0.4129661023616791,test,tbf_imgs,vit,
D:\Dineth\focus_binary_benchmark\dataset\tbf_imgs\unfocused\FieldPos033 (2)\FieldPos033 (2)_page_10.png,0,0.4109663069248199,test,tbf_imgs,vit,
D:\Dineth\focus_binary_benchmark\dataset\tbf_imgs\unfocused\FieldPos033 (2)\FieldPos033 (2)_page_11.png,0,0.4120470583438873,test,tbf_imgs,vit,
D:\Dineth\focus_binary_benchmark\dataset\tbf_imgs\unfocused\FieldPos033 (2)\FieldPos033 (2)_page_12.png,0,0.413261353969574,test,tbf_imgs,vit,
D:\Dineth\focus_binary_benchmark\dataset\tbf_imgs\unfocused\FieldPos033 (2)\FieldPos033 (2)_page_13.png,0,0.4138223826885223,test,tbf_imgs,vit,
D:\Dineth\focus_binary_benchmark\dataset\tbf_imgs\unfocused\FieldPos033 (2)\FieldPos033 (2)_page_14.png,0,0.4138199090957641,test,tbf_imgs,vit,
D:\Dineth\focus_binary_benchmark\dataset\tbf_imgs\unfocused\FieldPos033 (2)\FieldPos033 (2)_page_2.png,0,0.4108034372329712,test,tbf_imgs,vit,
D:\Dineth\focus_binary_benchmark\dataset\tbf_imgs\unfocused\FieldPos033 (2)\FieldPos033 (2)_page_3.png,0,0.4111078381538391,test,tbf_imgs,vit,
D:\Dineth\focus_binary_benchmark\dataset\tbf_imgs\unfocused\FieldPos033 (2)\FieldPos033 (2)_page_4.png,0,0.4095377027988434,test,tbf_imgs,vit,
D:\Dineth\focus_binary_benchmark\dataset\tbf_imgs\unfocused\FieldPos033 (2)\FieldPos033 (2)_page_5.png,0,0.4076138436794281,test,tbf_imgs,vit,
D:\Dineth\focus_binary_benchmark\dataset\tbf_imgs\unfocused\FieldPos033 (2)\FieldPos033 (2)_page_6.png,0,0.4107535481452942,test,tbf_imgs,vit,
D:\Dineth\focus_binary_benchmark\dataset\tbf_imgs\unfocused\FieldPos036\FieldPos036_page_1.png,0,0.4317795038223266,test,tbf_imgs,vit,
D:\Dineth\focus_binary_benchmark\dataset\tbf_imgs\unfocused\FieldPos036\FieldPos036_page_10.png,0,0.431449145078659,test,tbf_imgs,vit,
D:\Dineth\focus_binary_benchmark\dataset\tbf_imgs\unfocused\FieldPos036\FieldPos036_page_11.png,0,0.4304715096950531,test,tbf_imgs,vit,
D:\Dineth\focus_binary_benchmark\dataset\tbf_imgs\unfocused\FieldPos036\FieldPos036_page_12.png,0,0.4320115149021148,test,tbf_imgs,vit,
D:\Dineth\focus_binary_benchmark\dataset\tbf_imgs\unfocused\FieldPos036\FieldPos036_page_13.png,0,0.4322700500488281,test,tbf_imgs,vit,
D:\Dineth\focus_binary_benchmark\dataset\tbf_imgs\unfocused\FieldPos036\FieldPos036_page_14.png,0,0.4326767325401306,test,tbf_imgs,vit,
D:\Dineth\focus_binary_benchmark\dataset\tbf_imgs\unfocused\FieldPos036\FieldPos036_page_2.png,0,0.4332227408885956,test,tbf_imgs,vit,
D:\Dineth\focus_binary_benchmark\dataset\tbf_imgs\unfocused\FieldPos036\FieldPos036_page_3.png,0,0.4330760538578033,test,tbf_imgs,vit,
D:\Dineth\focus_binary_benchmark\dataset\tbf_imgs\unfocused\FieldPos036\FieldPos036_page_4.png,0,0.432485818862915,test,tbf_imgs,vit,
D:\Dineth\focus_binary_benchmark\dataset\tbf_imgs\unfocused\FieldPos036\FieldPos036_page_5.png,0,0.430475115776062,test,tbf_imgs,vit,
D:\Dineth\focus_binary_benchmark\dataset\tbf_imgs\unfocused\FieldPos036\FieldPos036_page_6.png,0,0.432562381029129,test,tbf_imgs,vit,
D:\Dineth\focus_binary_benchmark\dataset\tbf_imgs\unfocused\FieldPos038\FieldPos038_page_1.png,0,0.4305294752120971,test,tbf_imgs,vit,
D:\Dineth\focus_binary_benchmark\dataset\tbf_imgs\unfocused\FieldPos038\FieldPos038_page_10.png,0,0.4276869595050812,test,tbf_imgs,vit,
D:\Dineth\focus_binary_benchmark\dataset\tbf_imgs\unfocused\FieldPos038\FieldPos038_page_11.png,0,0.4290575385093689,test,tbf_imgs,vit,
D:\Dineth\focus_binary_benchmark\dataset\tbf_imgs\unfocused\FieldPos038\FieldPos038_page_12.png,0,0.4291020035743713,test,tbf_imgs,vit,
D:\Dineth\focus_binary_benchmark\dataset\tbf_imgs\unfocused\FieldPos038\FieldPos038_page_13.png,0,0.4304658472537994,test,tbf_imgs,vit,
D:\Dineth\focus_binary_benchmark\dataset\tbf_imgs\unfocused\FieldPos038\FieldPos038_page_14.png,0,0.4307934641838074,test,tbf_imgs,vit,
D:\Dineth\focus_binary_benchmark\dataset\tbf_imgs\unfocused\FieldPos038\FieldPos038_page_2.png,0,0.4277382791042328,test,tbf_imgs,vit,
D:\Dineth\focus_binary_benchmark\dataset\tbf_imgs\unfocused\FieldPos038\FieldPos038_page_3.png,0,0.4283642768859863,test,tbf_imgs,vit,
D:\Dineth\focus_binary_benchmark\dataset\tbf_imgs\unfocused\FieldPos038\FieldPos038_page_4.png,0,0.4289538562297821,test,tbf_imgs,vit,
D:\Dineth\focus_binary_benchmark\dataset\tbf_imgs\unfocused\FieldPos038\FieldPos038_page_5.png,0,0.426633358001709,test,tbf_imgs,vit,
D:\Dineth\focus_binary_benchmark\dataset\tbf_imgs\unfocused\FieldPos038\FieldPos038_page_9.png,0,0.427934855222702,test,tbf_imgs,vit,
D:\Dineth\focus_binary_benchmark\dataset\tbf_imgs\unfocused\FieldPos040\FieldPos040_page_1.png,0,0.4341334700584411,test,tbf_imgs,vit,
D:\Dineth\focus_binary_benchmark\dataset\tbf_imgs\unfocused\FieldPos040\FieldPos040_page_10.png,0,0.4347379505634308,test,tbf_imgs,vit,
D:\Dineth\focus_binary_benchmark\dataset\tbf_imgs\unfocused\FieldPos040\FieldPos040_page_11.png,0,0.4355720281600952,test,tbf_imgs,vit,
D:\Dineth\focus_binary_benchmark\dataset\tbf_imgs\unfocused\FieldPos040\FieldPos040_page_12.png,0,0.434068888425827,test,tbf_imgs,vit,
D:\Dineth\focus_binary_benchmark\dataset\tbf_imgs\unfocused\FieldPos040\FieldPos040_page_13.png,0,0.4357462227344513,test,tbf_imgs,vit,
D:\Dineth\focus_binary_benchmark\dataset\tbf_imgs\unfocused\FieldPos040\FieldPos040_page_14.png,0,0.4340848326683044,test,tbf_imgs,vit,
D:\Dineth\focus_binary_benchmark\dataset\tbf_imgs\unfocused\FieldPos040\FieldPos040_page_2.png,0,0.4353252947330475,test,tbf_imgs,vit,
D:\Dineth\focus_binary_benchmark\dataset\tbf_imgs\unfocused\FieldPos040\FieldPos040_page_3.png,0,0.4337289929389953,test,tbf_imgs,vit,
D:\Dineth\focus_binary_benchmark\dataset\tbf_imgs\unfocused\FieldPos040\FieldPos040_page_4.png,0,0.4358721971511841,test,tbf_imgs,vit,
D:\Dineth\focus_binary_benchmark\dataset\tbf_imgs\unfocused\FieldPos040\FieldPos040_page_5.png,0,0.4341857731342315,test,tbf_imgs,vit,
D:\Dineth\focus_binary_benchmark\dataset\tbf_imgs\unfocused\FieldPos040\FieldPos040_page_9.png,0,0.4358784854412079,test,tbf_imgs,vit,
D:\Dineth\focus_binary_benchmark\dataset\tbf_imgs\unfocused\FieldPos044\FieldPos044_page_1.png,0,0.4299841523170471,test,tbf_imgs,vit,
D:\Dineth\focus_binary_benchmark\dataset\tbf_imgs\unfocused\FieldPos044\FieldPos044_page_10.png,0,0.4291599690914154,test,tbf_imgs,vit,
D:\Dineth\focus_binary_benchmark\dataset\tbf_imgs\unfocused\FieldPos044\FieldPos044_page_11.png,0,0.429799735546112,test,tbf_imgs,vit,
D:\Dineth\focus_binary_benchmark\dataset\tbf_imgs\unfocused\FieldPos044\FieldPos044_page_12.png,0,0.430003672838211,test,tbf_imgs,vit,
D:\Dineth\focus_binary_benchmark\dataset\tbf_imgs\unfocused\FieldPos044\FieldPos044_page_13.png,0,0.4279038906097412,test,tbf_imgs,vit,
D:\Dineth\focus_binary_benchmark\dataset\tbf_imgs\unfocused\FieldPos044\FieldPos044_page_14.png,0,0.4296380281448364,test,tbf_imgs,vit,
D:\Dineth\focus_binary_benchmark\dataset\tbf_imgs\unfocused\FieldPos044\FieldPos044_page_2.png,0,0.4306547343730926,test,tbf_imgs,vit,
D:\Dineth\focus_binary_benchmark\dataset\tbf_imgs\unfocused\FieldPos044\FieldPos044_page_3.png,0,0.4305003881454468,test,tbf_imgs,vit,
D:\Dineth\focus_binary_benchmark\dataset\tbf_imgs\unfocused\FieldPos044\FieldPos044_page_4.png,0,0.4324033558368683,test,tbf_imgs,vit,
D:\Dineth\focus_binary_benchmark\dataset\tbf_imgs\unfocused\FieldPos044\FieldPos044_page_5.png,0,0.4307842552661896,test,tbf_imgs,vit,
D:\Dineth\focus_binary_benchmark\dataset\tbf_imgs\unfocused\FieldPos044\FieldPos044_page_6.png,0,0.4307065606117248,test,tbf_imgs,vit,
D:\Dineth\focus_binary_benchmark\dataset\tbf_imgs\unfocused\FieldPos053\FieldPos053_page_1.png,0,0.4280239343643188,test,tbf_imgs,vit,
D:\Dineth\focus_binary_benchmark\dataset\tbf_imgs\unfocused\FieldPos053\FieldPos053_page_10.png,0,0.4287207424640655,test,tbf_imgs,vit,
D:\Dineth\focus_binary_benchmark\dataset\tbf_imgs\unfocused\FieldPos053\FieldPos053_page_11.png,0,0.4288191497325897,test,tbf_imgs,vit,
D:\Dineth\focus_binary_benchmark\dataset\tbf_imgs\unfocused\FieldPos053\FieldPos053_page_12.png,0,0.428471028804779,test,tbf_imgs,vit,
D:\Dineth\focus_binary_benchmark\dataset\tbf_imgs\unfocused\FieldPos053\FieldPos053_page_13.png,0,0.426849901676178,test,tbf_imgs,vit,
D:\Dineth\focus_binary_benchmark\dataset\tbf_imgs\unfocused\FieldPos053\FieldPos053_page_14.png,0,0.4269082546234131,test,tbf_imgs,vit,
D:\Dineth\focus_binary_benchmark\dataset\tbf_imgs\unfocused\FieldPos053\FieldPos053_page_2.png,0,0.4278168082237243,test,tbf_imgs,vit,
D:\Dineth\focus_binary_benchmark\dataset\tbf_imgs\unfocused\FieldPos053\FieldPos053_page_3.png,0,0.4282888174057007,test,tbf_imgs,vit,
D:\Dineth\focus_binary_benchmark\dataset\tbf_imgs\unfocused\FieldPos053\FieldPos053_page_4.png,0,0.4288776516914367,test,tbf_imgs,vit,
D:\Dineth\focus_binary_benchmark\dataset\tbf_imgs\unfocused\FieldPos053\FieldPos053_page_5.png,0,0.4279042780399322,test,tbf_imgs,vit,
D:\Dineth\focus_binary_benchmark\dataset\tbf_imgs\unfocused\FieldPos053\FieldPos053_page_9.png,0,0.4296442568302154,test,tbf_imgs,vit,
D:\Dineth\focus_binary_benchmark\dataset\tbf_imgs\unfocused\FieldPos059\FieldPos059_page_1.png,0,0.4355546534061432,test,tbf_imgs,vit,
D:\Dineth\focus_binary_benchmark\dataset\tbf_imgs\unfocused\FieldPos059\FieldPos059_page_10.png,0,0.4346641004085541,test,tbf_imgs,vit,
D:\Dineth\focus_binary_benchmark\dataset\tbf_imgs\unfocused\FieldPos059\FieldPos059_page_11.png,0,0.4363096952438354,test,tbf_imgs,vit,
D:\Dineth\focus_binary_benchmark\dataset\tbf_imgs\unfocused\FieldPos059\FieldPos059_page_12.png,0,0.4360724091529846,test,tbf_imgs,vit,
D:\Dineth\focus_binary_benchmark\dataset\tbf_imgs\unfocused\FieldPos059\FieldPos059_page_13.png,0,0.4366759955883026,test,tbf_imgs,vit,
D:\Dineth\focus_binary_benchmark\dataset\tbf_imgs\unfocused\FieldPos059\FieldPos059_page_14.png,0,0.4350577294826507,test,tbf_imgs,vit,
D:\Dineth\focus_binary_benchmark\dataset\tbf_imgs\unfocused\FieldPos059\FieldPos059_page_2.png,0,0.4355039298534393,test,tbf_imgs,vit,
D:\Dineth\focus_binary_benchmark\dataset\tbf_imgs\unfocused\FieldPos059\FieldPos059_page_3.png,0,0.4355856776237488,test,tbf_imgs,vit,
D:\Dineth\focus_binary_benchmark\dataset\tbf_imgs\unfocused\FieldPos059\FieldPos059_page_4.png,0,0.4361163377761841,test,tbf_imgs,vit,
D:\Dineth\focus_binary_benchmark\dataset\tbf_imgs\unfocused\FieldPos059\FieldPos059_page_8.png,0,0.4335477352142334,test,tbf_imgs,vit,
D:\Dineth\focus_binary_benchmark\dataset\tbf_imgs\unfocused\FieldPos059\FieldPos059_page_9.png,0,0.4339943826198578,test,tbf_imgs,vit,
D:\Dineth\focus_binary_benchmark\dataset\tbf_imgs\unfocused\FieldPos066\FieldPos066_page_1.png,0,0.4330017566680908,test,tbf_imgs,vit,
D:\Dineth\focus_binary_benchmark\dataset\tbf_imgs\unfocused\FieldPos066\FieldPos066_page_10.png,0,0.4330214858055115,test,tbf_imgs,vit,
D:\Dineth\focus_binary_benchmark\dataset\tbf_imgs\unfocused\FieldPos066\FieldPos066_page_11.png,0,0.4313691258430481,test,tbf_imgs,vit,
D:\Dineth\focus_binary_benchmark\dataset\tbf_imgs\unfocused\FieldPos066\FieldPos066_page_12.png,0,0.430677205324173,test,tbf_imgs,vit,
D:\Dineth\focus_binary_benchmark\dataset\tbf_imgs\unfocused\FieldPos066\FieldPos066_page_13.png,0,0.4353067278861999,test,tbf_imgs,vit,
D:\Dineth\focus_binary_benchmark\dataset\tbf_imgs\unfocused\FieldPos066\FieldPos066_page_14.png,0,0.4338220953941345,test,tbf_imgs,vit,
D:\Dineth\focus_binary_benchmark\dataset\tbf_imgs\unfocused\FieldPos066\FieldPos066_page_2.png,0,0.4357451200485229,test,tbf_imgs,vit,
D:\Dineth\focus_binary_benchmark\dataset\tbf_imgs\unfocused\FieldPos066\FieldPos066_page_3.png,0,0.4323391020298004,test,tbf_imgs,vit,
D:\Dineth\focus_binary_benchmark\dataset\tbf_imgs\unfocused\FieldPos066\FieldPos066_page_4.png,0,0.4333900213241577,test,tbf_imgs,vit,
D:\Dineth\focus_binary_benchmark\dataset\tbf_imgs\unfocused\FieldPos066\FieldPos066_page_8.png,0,0.4333432912826538,test,tbf_imgs,vit,
D:\Dineth\focus_binary_benchmark\dataset\tbf_imgs\unfocused\FieldPos066\FieldPos066_page_9.png,0,0.434571236371994,test,tbf_imgs,vit,
D:\Dineth\focus_binary_benchmark\dataset\tbf_imgs\unfocused\FieldPos069\FieldPos069_page_1.png,0,0.4318454563617706,test,tbf_imgs,vit,
D:\Dineth\focus_binary_benchmark\dataset\tbf_imgs\unfocused\FieldPos069\FieldPos069_page_10.png,0,0.4290320873260498,test,tbf_imgs,vit,
D:\Dineth\focus_binary_benchmark\dataset\tbf_imgs\unfocused\FieldPos069\FieldPos069_page_11.png,0,0.430145263671875,test,tbf_imgs,vit,
D:\Dineth\focus_binary_benchmark\dataset\tbf_imgs\unfocused\FieldPos069\FieldPos069_page_12.png,0,0.4292830526828766,test,tbf_imgs,vit,
D:\Dineth\focus_binary_benchmark\dataset\tbf_imgs\unfocused\FieldPos069\FieldPos069_page_13.png,0,0.4292650818824768,test,tbf_imgs,vit,
D:\Dineth\focus_binary_benchmark\dataset\tbf_imgs\unfocused\FieldPos069\FieldPos069_page_14.png,0,0.4288278818130493,test,tbf_imgs,vit,
D:\Dineth\focus_binary_benchmark\dataset\tbf_imgs\unfocused\FieldPos069\FieldPos069_page_2.png,0,0.4314250946044922,test,tbf_imgs,vit,
D:\Dineth\focus_binary_benchmark\dataset\tbf_imgs\unfocused\FieldPos069\FieldPos069_page_3.png,0,0.4302600920200348,test,tbf_imgs,vit,
D:\Dineth\focus_binary_benchmark\dataset\tbf_imgs\unfocused\FieldPos069\FieldPos069_page_7.png,0,0.4293385446071625,test,tbf_imgs,vit,
D:\Dineth\focus_binary_benchmark\dataset\tbf_imgs\unfocused\FieldPos069\FieldPos069_page_8.png,0,0.4306303858757019,test,tbf_imgs,vit,
D:\Dineth\focus_binary_benchmark\dataset\tbf_imgs\unfocused\FieldPos069\FieldPos069_page_9.png,0,0.4309794902801513,test,tbf_imgs,vit,
D:\Dineth\focus_binary_benchmark\dataset\tbf_imgs\unfocused\FieldPos074\FieldPos074_page_1.png,0,0.421189934015274,test,tbf_imgs,vit,
D:\Dineth\focus_binary_benchmark\dataset\tbf_imgs\unfocused\FieldPos074\FieldPos074_page_10.png,0,0.4232654571533203,test,tbf_imgs,vit,
D:\Dineth\focus_binary_benchmark\dataset\tbf_imgs\unfocused\FieldPos074\FieldPos074_page_11.png,0,0.4230954647064209,test,tbf_imgs,vit,
D:\Dineth\focus_binary_benchmark\dataset\tbf_imgs\unfocused\FieldPos074\FieldPos074_page_12.png,0,0.4218081533908844,test,tbf_imgs,vit,
D:\Dineth\focus_binary_benchmark\dataset\tbf_imgs\unfocused\FieldPos074\FieldPos074_page_13.png,0,0.422247976064682,test,tbf_imgs,vit,
D:\Dineth\focus_binary_benchmark\dataset\tbf_imgs\unfocused\FieldPos074\FieldPos074_page_14.png,0,0.4232640266418457,test,tbf_imgs,vit,
D:\Dineth\focus_binary_benchmark\dataset\tbf_imgs\unfocused\FieldPos074\FieldPos074_page_2.png,0,0.4226818084716797,test,tbf_imgs,vit,
D:\Dineth\focus_binary_benchmark\dataset\tbf_imgs\unfocused\FieldPos074\FieldPos074_page_3.png,0,0.4227890074253082,test,tbf_imgs,vit,
D:\Dineth\focus_binary_benchmark\dataset\tbf_imgs\unfocused\FieldPos074\FieldPos074_page_4.png,0,0.424897164106369,test,tbf_imgs,vit,
D:\Dineth\focus_binary_benchmark\dataset\tbf_imgs\unfocused\FieldPos074\FieldPos074_page_8.png,0,0.4231723546981811,test,tbf_imgs,vit,
D:\Dineth\focus_binary_benchmark\dataset\tbf_imgs\unfocused\FieldPos074\FieldPos074_page_9.png,0,0.4227901101112366,test,tbf_imgs,vit,
D:\Dineth\focus_binary_benchmark\dataset\tbf_imgs\unfocused\FieldPos082\FieldPos082_page_1.png,0,0.4141982793807983,test,tbf_imgs,vit,
D:\Dineth\focus_binary_benchmark\dataset\tbf_imgs\unfocused\FieldPos082\FieldPos082_page_10.png,0,0.4144127666950226,test,tbf_imgs,vit,
D:\Dineth\focus_binary_benchmark\dataset\tbf_imgs\unfocused\FieldPos082\FieldPos082_page_11.png,0,0.4147665202617645,test,tbf_imgs,vit,
D:\Dineth\focus_binary_benchmark\dataset\tbf_imgs\unfocused\FieldPos082\FieldPos082_page_12.png,0,0.4139858484268188,test,tbf_imgs,vit,
D:\Dineth\focus_binary_benchmark\dataset\tbf_imgs\unfocused\FieldPos082\FieldPos082_page_13.png,0,0.4147917926311493,test,tbf_imgs,vit,
D:\Dineth\focus_binary_benchmark\dataset\tbf_imgs\unfocused\FieldPos082\FieldPos082_page_14.png,0,0.4145779609680176,test,tbf_imgs,vit,
D:\Dineth\focus_binary_benchmark\dataset\tbf_imgs\unfocused\FieldPos082\FieldPos082_page_2.png,0,0.4147014021873474,test,tbf_imgs,vit,
D:\Dineth\focus_binary_benchmark\dataset\tbf_imgs\unfocused\FieldPos082\FieldPos082_page_3.png,0,0.4136634171009063,test,tbf_imgs,vit,
D:\Dineth\focus_binary_benchmark\dataset\tbf_imgs\unfocused\FieldPos082\FieldPos082_page_4.png,0,0.4148071706295013,test,tbf_imgs,vit,
D:\Dineth\focus_binary_benchmark\dataset\tbf_imgs\unfocused\FieldPos082\FieldPos082_page_8.png,0,0.4142160713672638,test,tbf_imgs,vit,
D:\Dineth\focus_binary_benchmark\dataset\tbf_imgs\unfocused\FieldPos082\FieldPos082_page_9.png,0,0.4142438173294067,test,tbf_imgs,vit,
D:\Dineth\focus_binary_benchmark\dataset\tbf_imgs\unfocused\FieldPos103\FieldPos103_page_1.png,0,0.4289556443691253,test,tbf_imgs,vit,
D:\Dineth\focus_binary_benchmark\dataset\tbf_imgs\unfocused\FieldPos103\FieldPos103_page_10.png,0,0.4281846880912781,test,tbf_imgs,vit,
D:\Dineth\focus_binary_benchmark\dataset\tbf_imgs\unfocused\FieldPos103\FieldPos103_page_11.png,0,0.4279294013977051,test,tbf_imgs,vit,
D:\Dineth\focus_binary_benchmark\dataset\tbf_imgs\unfocused\FieldPos103\FieldPos103_page_12.png,0,0.4284285008907318,test,tbf_imgs,vit,
D:\Dineth\focus_binary_benchmark\dataset\tbf_imgs\unfocused\FieldPos103\FieldPos103_page_13.png,0,0.4275712072849273,test,tbf_imgs,vit,
D:\Dineth\focus_binary_benchmark\dataset\tbf_imgs\unfocused\FieldPos103\FieldPos103_page_14.png,0,0.4268470704555511,test,tbf_imgs,vit,
D:\Dineth\focus_binary_benchmark\dataset\tbf_imgs\unfocused\FieldPos103\FieldPos103_page_2.png,0,0.4286595284938812,test,tbf_imgs,vit,
D:\Dineth\focus_binary_benchmark\dataset\tbf_imgs\unfocused\FieldPos103\FieldPos103_page_3.png,0,0.4275610446929931,test,tbf_imgs,vit,
D:\Dineth\focus_binary_benchmark\dataset\tbf_imgs\unfocused\FieldPos103\FieldPos103_page_4.png,0,0.428748220205307,test,tbf_imgs,vit,
D:\Dineth\focus_binary_benchmark\dataset\tbf_imgs\unfocused\FieldPos103\FieldPos103_page_5.png,0,0.4278584122657776,test,tbf_imgs,vit,
D:\Dineth\focus_binary_benchmark\dataset\tbf_imgs\unfocused\FieldPos103\FieldPos103_page_6.png,0,0.4263384342193603,test,tbf_imgs,vit,
D:\Dineth\focus_binary_benchmark\dataset\tbf_imgs\unfocused\FieldPos104\FieldPos104_page_1.png,0,0.4320136606693268,test,tbf_imgs,vit,
D:\Dineth\focus_binary_benchmark\dataset\tbf_imgs\unfocused\FieldPos104\FieldPos104_page_10.png,0,0.4322766661643982,test,tbf_imgs,vit,
D:\Dineth\focus_binary_benchmark\dataset\tbf_imgs\unfocused\FieldPos104\FieldPos104_page_11.png,0,0.4342420399188995,test,tbf_imgs,vit,
D:\Dineth\focus_binary_benchmark\dataset\tbf_imgs\unfocused\FieldPos104\FieldPos104_page_12.png,0,0.4307175874710083,test,tbf_imgs,vit,
D:\Dineth\focus_binary_benchmark\dataset\tbf_imgs\unfocused\FieldPos104\FieldPos104_page_13.png,0,0.4331173896789551,test,tbf_imgs,vit,
D:\Dineth\focus_binary_benchmark\dataset\tbf_imgs\unfocused\FieldPos104\FieldPos104_page_14.png,0,0.4328999519348144,test,tbf_imgs,vit,
D:\Dineth\focus_binary_benchmark\dataset\tbf_imgs\unfocused\FieldPos104\FieldPos104_page_2.png,0,0.4324389696121216,test,tbf_imgs,vit,
D:\Dineth\focus_binary_benchmark\dataset\tbf_imgs\unfocused\FieldPos104\FieldPos104_page_3.png,0,0.4320785999298095,test,tbf_imgs,vit,
D:\Dineth\focus_binary_benchmark\dataset\tbf_imgs\unfocused\FieldPos104\FieldPos104_page_4.png,0,0.4305443167686462,test,tbf_imgs,vit,
D:\Dineth\focus_binary_benchmark\dataset\tbf_imgs\unfocused\FieldPos104\FieldPos104_page_5.png,0,0.4315352439880371,test,tbf_imgs,vit,
D:\Dineth\focus_binary_benchmark\dataset\tbf_imgs\unfocused\FieldPos104\FieldPos104_page_9.png,0,0.432102233171463,test,tbf_imgs,vit,
D:\Dineth\focus_binary_benchmark\dataset\tbf_imgs\unfocused\FieldPos107\FieldPos107_page_1.png,0,0.4227051138877868,test,tbf_imgs,vit,
D:\Dineth\focus_binary_benchmark\dataset\tbf_imgs\unfocused\FieldPos107\FieldPos107_page_10.png,0,0.4234315454959869,test,tbf_imgs,vit,
D:\Dineth\focus_binary_benchmark\dataset\tbf_imgs\unfocused\FieldPos107\FieldPos107_page_11.png,0,0.4226322472095489,test,tbf_imgs,vit,
D:\Dineth\focus_binary_benchmark\dataset\tbf_imgs\unfocused\FieldPos107\FieldPos107_page_12.png,0,0.4224916100502014,test,tbf_imgs,vit,
D:\Dineth\focus_binary_benchmark\dataset\tbf_imgs\unfocused\FieldPos107\FieldPos107_page_13.png,0,0.4240589737892151,test,tbf_imgs,vit,
D:\Dineth\focus_binary_benchmark\dataset\tbf_imgs\unfocused\FieldPos107\FieldPos107_page_14.png,0,0.4206395447254181,test,tbf_imgs,vit,
D:\Dineth\focus_binary_benchmark\dataset\tbf_imgs\unfocused\FieldPos107\FieldPos107_page_2.png,0,0.4239189028739929,test,tbf_imgs,vit,
D:\Dineth\focus_binary_benchmark\dataset\tbf_imgs\unfocused\FieldPos107\FieldPos107_page_3.png,0,0.4251963496208191,test,tbf_imgs,vit,
D:\Dineth\focus_binary_benchmark\dataset\tbf_imgs\unfocused\FieldPos107\FieldPos107_page_7.png,0,0.4236872792243957,test,tbf_imgs,vit,
D:\Dineth\focus_binary_benchmark\dataset\tbf_imgs\unfocused\FieldPos107\FieldPos107_page_8.png,0,0.4230285584926605,test,tbf_imgs,vit,
D:\Dineth\focus_binary_benchmark\dataset\tbf_imgs\unfocused\FieldPos107\FieldPos107_page_9.png,0,0.421734482049942,test,tbf_imgs,vit,
D:\Dineth\focus_binary_benchmark\dataset\tbf_imgs\unfocused\FieldPos200\FieldPos200_page_1.png,0,0.4286374747753143,test,tbf_imgs,vit,
D:\Dineth\focus_binary_benchmark\dataset\tbf_imgs\unfocused\FieldPos200\FieldPos200_page_10.png,0,0.4287207424640655,test,tbf_imgs,vit,
D:\Dineth\focus_binary_benchmark\dataset\tbf_imgs\unfocused\FieldPos200\FieldPos200_page_11.png,0,0.4294824600219726,test,tbf_imgs,vit,
D:\Dineth\focus_binary_benchmark\dataset\tbf_imgs\unfocused\FieldPos200\FieldPos200_page_12.png,0,0.4307718276977539,test,tbf_imgs,vit,
D:\Dineth\focus_binary_benchmark\dataset\tbf_imgs\unfocused\FieldPos200\FieldPos200_page_13.png,0,0.4285263419151306,test,tbf_imgs,vit,
D:\Dineth\focus_binary_benchmark\dataset\tbf_imgs\unfocused\FieldPos200\FieldPos200_page_14.png,0,0.4299629330635071,test,tbf_imgs,vit,
D:\Dineth\focus_binary_benchmark\dataset\tbf_imgs\unfocused\FieldPos200\FieldPos200_page_2.png,0,0.4297073185443878,test,tbf_imgs,vit,
D:\Dineth\focus_binary_benchmark\dataset\tbf_imgs\unfocused\FieldPos200\FieldPos200_page_3.png,0,0.4287216067314148,test,tbf_imgs,vit,
D:\Dineth\focus_binary_benchmark\dataset\tbf_imgs\unfocused\FieldPos200\FieldPos200_page_4.png,0,0.4303392171859741,test,tbf_imgs,vit,
D:\Dineth\focus_binary_benchmark\dataset\tbf_imgs\unfocused\FieldPos200\FieldPos200_page_5.png,0,0.4297289252281189,test,tbf_imgs,vit,
D:\Dineth\focus_binary_benchmark\dataset\tbf_imgs\unfocused\FieldPos200\FieldPos200_page_9.png,0,0.4305405020713806,test,tbf_imgs,vit,
D:\Dineth\focus_binary_benchmark\dataset\tbf_imgs\unfocused\FieldPos203\FieldPos203_page_1.png,0,0.4337933957576751,test,tbf_imgs,vit,
D:\Dineth\focus_binary_benchmark\dataset\tbf_imgs\unfocused\FieldPos203\FieldPos203_page_10.png,0,0.4337432086467743,test,tbf_imgs,vit,
D:\Dineth\focus_binary_benchmark\dataset\tbf_imgs\unfocused\FieldPos203\FieldPos203_page_11.png,0,0.4329133331775665,test,tbf_imgs,vit,
D:\Dineth\focus_binary_benchmark\dataset\tbf_imgs\unfocused\FieldPos203\FieldPos203_page_12.png,0,0.4325438439846039,test,tbf_imgs,vit,
D:\Dineth\focus_binary_benchmark\dataset\tbf_imgs\unfocused\FieldPos203\FieldPos203_page_13.png,0,0.4322435259819031,test,tbf_imgs,vit,
D:\Dineth\focus_binary_benchmark\dataset\tbf_imgs\unfocused\FieldPos203\FieldPos203_page_14.png,0,0.4321705400943756,test,tbf_imgs,vit,
D:\Dineth\focus_binary_benchmark\dataset\tbf_imgs\unfocused\FieldPos203\FieldPos203_page_2.png,0,0.4325335919857025,test,tbf_imgs,vit,
D:\Dineth\focus_binary_benchmark\dataset\tbf_imgs\unfocused\FieldPos203\FieldPos203_page_3.png,0,0.4321593046188354,test,tbf_imgs,vit,
D:\Dineth\focus_binary_benchmark\dataset\tbf_imgs\unfocused\FieldPos203\FieldPos203_page_4.png,0,0.4343535900115967,test,tbf_imgs,vit,
D:\Dineth\focus_binary_benchmark\dataset\tbf_imgs\unfocused\FieldPos203\FieldPos203_page_5.png,0,0.4336743354797363,test,tbf_imgs,vit,
D:\Dineth\focus_binary_benchmark\dataset\tbf_imgs\unfocused\FieldPos203\FieldPos203_page_9.png,0,0.4327680468559265,test,tbf_imgs,vit,
D:\Dineth\focus_binary_benchmark\dataset\TBSI\focused\HH1\HH1 (6).JPG,1,0.6492536067962646,test,TBSI,vit,
D:\Dineth\focus_binary_benchmark\dataset\TBSI\focused\HH3\HH3 (6).JPG,1,0.5073162913322449,test,TBSI,vit,
D:\Dineth\focus_binary_benchmark\dataset\TBSI\focused\HH8\HH8 (6).JPG,1,0.7281090617179871,test,TBSI,vit,
D:\Dineth\focus_binary_benchmark\dataset\TBSI\focused\HL8\HL8 (6).JPG,1,0.5196653604507446,test,TBSI,vit,
D:\Dineth\focus_binary_benchmark\dataset\TBSI\focused\LH5\LH5 (4).JPG,1,0.3898406624794006,test,TBSI,vit,
D:\Dineth\focus_binary_benchmark\dataset\TBSI\unfocused\HH1\HH1 (1).JPG,0,0.4543321430683136,test,TBSI,vit,
D:\Dineth\focus_binary_benchmark\dataset\TBSI\unfocused\HH1\HH1 (10).JPG,0,0.465056836605072,test,TBSI,vit,
D:\Dineth\focus_binary_benchmark\dataset\TBSI\unfocused\HH1\HH1 (2).JPG,0,0.4653040468692779,test,TBSI,vit,
D:\Dineth\focus_binary_benchmark\dataset\TBSI\unfocused\HH1\HH1 (3).JPG,0,0.4692688882350921,test,TBSI,vit,
D:\Dineth\focus_binary_benchmark\dataset\TBSI\unfocused\HH1\HH1 (4).JPG,0,0.4622502624988556,test,TBSI,vit,
D:\Dineth\focus_binary_benchmark\dataset\TBSI\unfocused\HH1\HH1 (8).JPG,0,0.5267988443374634,test,TBSI,vit,
D:\Dineth\focus_binary_benchmark\dataset\TBSI\unfocused\HH1\HH1 (9).JPG,0,0.5333327054977417,test,TBSI,vit,
D:\Dineth\focus_binary_benchmark\dataset\TBSI\unfocused\HH3\HH3 (1).JPG,0,0.3586606681346893,test,TBSI,vit,
D:\Dineth\focus_binary_benchmark\dataset\TBSI\unfocused\HH3\HH3 (10).JPG,0,0.3663789927959442,test,TBSI,vit,
D:\Dineth\focus_binary_benchmark\dataset\TBSI\unfocused\HH3\HH3 (2).JPG,0,0.3459151089191437,test,TBSI,vit,
D:\Dineth\focus_binary_benchmark\dataset\TBSI\unfocused\HH3\HH3 (3).JPG,0,0.3804563879966736,test,TBSI,vit,
D:\Dineth\focus_binary_benchmark\dataset\TBSI\unfocused\HH3\HH3 (4).JPG,0,0.3694999814033508,test,TBSI,vit,
D:\Dineth\focus_binary_benchmark\dataset\TBSI\unfocused\HH3\HH3 (8).JPG,0,0.4553984701633453,test,TBSI,vit,
D:\Dineth\focus_binary_benchmark\dataset\TBSI\unfocused\HH3\HH3 (9).JPG,0,0.4034653007984161,test,TBSI,vit,
D:\Dineth\focus_binary_benchmark\dataset\TBSI\unfocused\HH8\HH8 (1).JPG,0,0.3828927874565124,test,TBSI,vit,
D:\Dineth\focus_binary_benchmark\dataset\TBSI\unfocused\HH8\HH8 (10).JPG,0,0.3856533169746399,test,TBSI,vit,
D:\Dineth\focus_binary_benchmark\dataset\TBSI\unfocused\HH8\HH8 (2).JPG,0,0.3592278659343719,test,TBSI,vit,
D:\Dineth\focus_binary_benchmark\dataset\TBSI\unfocused\HH8\HH8 (3).JPG,0,0.3780142664909363,test,TBSI,vit,
D:\Dineth\focus_binary_benchmark\dataset\TBSI\unfocused\HH8\HH8 (4).JPG,0,0.41667440533638,test,TBSI,vit,
D:\Dineth\focus_binary_benchmark\dataset\TBSI\unfocused\HH8\HH8 (8).JPG,0,0.4964093267917633,test,TBSI,vit,
D:\Dineth\focus_binary_benchmark\dataset\TBSI\unfocused\HH8\HH8 (9).JPG,0,0.4159106314182281,test,TBSI,vit,
D:\Dineth\focus_binary_benchmark\dataset\TBSI\unfocused\HL8\HL8 (1).JPG,0,0.4568720757961273,test,TBSI,vit,
D:\Dineth\focus_binary_benchmark\dataset\TBSI\unfocused\HL8\HL8 (10).JPG,0,0.4980631470680237,test,TBSI,vit,
D:\Dineth\focus_binary_benchmark\dataset\TBSI\unfocused\HL8\HL8 (2).JPG,0,0.4568721950054168,test,TBSI,vit,
D:\Dineth\focus_binary_benchmark\dataset\TBSI\unfocused\HL8\HL8 (3).JPG,0,0.4767994284629822,test,TBSI,vit,
D:\Dineth\focus_binary_benchmark\dataset\TBSI\unfocused\HL8\HL8 (4).JPG,0,0.4996783137321472,test,TBSI,vit,
D:\Dineth\focus_binary_benchmark\dataset\TBSI\unfocused\HL8\HL8 (8).JPG,0,0.5423102974891663,test,TBSI,vit,
D:\Dineth\focus_binary_benchmark\dataset\TBSI\unfocused\HL8\HL8 (9).JPG,0,0.5250566005706787,test,TBSI,vit,
D:\Dineth\focus_binary_benchmark\dataset\TBSI\unfocused\LH5\LH5 (1).JPG,0,0.3982391357421875,test,TBSI,vit,
D:\Dineth\focus_binary_benchmark\dataset\TBSI\unfocused\LH5\LH5 (10).JPG,0,0.4215507507324219,test,TBSI,vit,
D:\Dineth\focus_binary_benchmark\dataset\TBSI\unfocused\LH5\LH5 (2).JPG,0,0.4060271382331848,test,TBSI,vit,
D:\Dineth\focus_binary_benchmark\dataset\TBSI\unfocused\LH5\LH5 (6).JPG,0,0.4080148339271545,test,TBSI,vit,
D:\Dineth\focus_binary_benchmark\dataset\TBSI\unfocused\LH5\LH5 (7).JPG,0,0.419823557138443,test,TBSI,vit,
D:\Dineth\focus_binary_benchmark\dataset\TBSI\unfocused\LH5\LH5 (8).JPG,0,0.401746541261673,test,TBSI,vit,
D:\Dineth\focus_binary_benchmark\dataset\TBSI\unfocused\LH5\LH5 (9).JPG,0,0.407610148191452,test,TBSI,vit,
D:\Dineth\focus_binary_benchmark\dataset\wbc\focused\106\106_6.jpg,1,0.9871103763580322,test,wbc,vit,
D:\Dineth\focus_binary_benchmark\dataset\wbc\focused\113\113_6.jpg,1,0.9906190633773804,test,wbc,vit,
D:\Dineth\focus_binary_benchmark\dataset\wbc\focused\117\117_6.jpg,1,0.8107323050498962,test,wbc,vit,
D:\Dineth\focus_binary_benchmark\dataset\wbc\focused\118\118_6.jpg,1,0.3979969918727875,test,wbc,vit,
D:\Dineth\focus_binary_benchmark\dataset\wbc\focused\138\138_5.jpg,1,0.991079330444336,test,wbc,vit,
D:\Dineth\focus_binary_benchmark\dataset\wbc\focused\143\143_7.jpg,1,0.0084868716076016,test,wbc,vit,
D:\Dineth\focus_binary_benchmark\dataset\wbc\focused\145\145_6.jpg,1,0.9461377263069152,test,wbc,vit,
D:\Dineth\focus_binary_benchmark\dataset\wbc\focused\19\19_5.jpg,1,0.9695188999176024,test,wbc,vit,
D:\Dineth\focus_binary_benchmark\dataset\wbc\focused\2\2_6.jpg,1,0.9777784943580629,test,wbc,vit,
D:\Dineth\focus_binary_benchmark\dataset\wbc\focused\22\22_5.jpg,1,0.991234004497528,test,wbc,vit,
D:\Dineth\focus_binary_benchmark\dataset\wbc\focused\24\24_6.jpg,1,0.9869534969329834,test,wbc,vit,
D:\Dineth\focus_binary_benchmark\dataset\wbc\focused\32\32_6.jpg,1,0.9920859336853028,test,wbc,vit,
D:\Dineth\focus_binary_benchmark\dataset\wbc\focused\33\33_6.jpg,1,0.989694893360138,test,wbc,vit,
D:\Dineth\focus_binary_benchmark\dataset\wbc\focused\41\41_5.jpg,1,0.9797378182411194,test,wbc,vit,
D:\Dineth\focus_binary_benchmark\dataset\wbc\focused\49\49_6.jpg,1,0.9915980100631714,test,wbc,vit,
D:\Dineth\focus_binary_benchmark\dataset\wbc\focused\50\50_7.jpg,1,0.5680069923400879,test,wbc,vit,
D:\Dineth\focus_binary_benchmark\dataset\wbc\focused\58\58_6.jpg,1,0.9661272168159484,test,wbc,vit,
D:\Dineth\focus_binary_benchmark\dataset\wbc\focused\65\65_6.jpg,1,0.3074109852313995,test,wbc,vit,
D:\Dineth\focus_binary_benchmark\dataset\wbc\focused\66\66_6.jpg,1,0.9764809012413024,test,wbc,vit,
D:\Dineth\focus_binary_benchmark\dataset\wbc\focused\7\7_6.jpg,1,0.8842388987541199,test,wbc,vit,
D:\Dineth\focus_binary_benchmark\dataset\wbc\focused\76\76_5.jpg,1,0.9911335706710817,test,wbc,vit,
D:\Dineth\focus_binary_benchmark\dataset\wbc\focused\89\89_6.jpg,1,0.4208491742610931,test,wbc,vit,
D:\Dineth\focus_binary_benchmark\dataset\wbc\unfocused\106\106_0.jpg,0,0.0024734935723245,test,wbc,vit,
D:\Dineth\focus_binary_benchmark\dataset\wbc\unfocused\106\106_1.jpg,0,0.0023993307258933,test,wbc,vit,
D:\Dineth\focus_binary_benchmark\dataset\wbc\unfocused\106\106_2.jpg,0,0.0026720247697085,test,wbc,vit,
D:\Dineth\focus_binary_benchmark\dataset\wbc\unfocused\106\106_3.jpg,0,0.0029948386363685,test,wbc,vit,
D:\Dineth\focus_binary_benchmark\dataset\wbc\unfocused\106\106_4.jpg,0,0.0024226983077824,test,wbc,vit,
D:\Dineth\focus_binary_benchmark\dataset\wbc\unfocused\106\106_8.jpg,0,0.6733154654502869,test,wbc,vit,
D:\Dineth\focus_binary_benchmark\dataset\wbc\unfocused\106\106_9.jpg,0,0.0046572317369282,test,wbc,vit,
D:\Dineth\focus_binary_benchmark\dataset\wbc\unfocused\113\113_0.jpg,0,0.0019310759380459,test,wbc,vit,
D:\Dineth\focus_binary_benchmark\dataset\wbc\unfocused\113\113_1.jpg,0,0.0025174005422741,test,wbc,vit,
D:\Dineth\focus_binary_benchmark\dataset\wbc\unfocused\113\113_2.jpg,0,0.0025388957001268,test,wbc,vit,
D:\Dineth\focus_binary_benchmark\dataset\wbc\unfocused\113\113_3.jpg,0,0.0034464886412024,test,wbc,vit,
D:\Dineth\focus_binary_benchmark\dataset\wbc\unfocused\113\113_4.jpg,0,0.3311434388160705,test,wbc,vit,
D:\Dineth\focus_binary_benchmark\dataset\wbc\unfocused\113\113_8.jpg,0,0.008886070922017,test,wbc,vit,
D:\Dineth\focus_binary_benchmark\dataset\wbc\unfocused\113\113_9.jpg,0,0.0029898909851908,test,wbc,vit,
D:\Dineth\focus_binary_benchmark\dataset\wbc\unfocused\117\117_0.jpg,0,0.0025037196464836,test,wbc,vit,
D:\Dineth\focus_binary_benchmark\dataset\wbc\unfocused\117\117_1.jpg,0,0.0024600543547421,test,wbc,vit,
D:\Dineth\focus_binary_benchmark\dataset\wbc\unfocused\117\117_2.jpg,0,0.0036962791346013,test,wbc,vit,
D:\Dineth\focus_binary_benchmark\dataset\wbc\unfocused\117\117_3.jpg,0,0.0026911587920039,test,wbc,vit,
D:\Dineth\focus_binary_benchmark\dataset\wbc\unfocused\117\117_4.jpg,0,0.0022911359556019,test,wbc,vit,
D:\Dineth\focus_binary_benchmark\dataset\wbc\unfocused\117\117_8.jpg,0,0.0110511127859354,test,wbc,vit,
D:\Dineth\focus_binary_benchmark\dataset\wbc\unfocused\117\117_9.jpg,0,0.0036231705453246,test,wbc,vit,
D:\Dineth\focus_binary_benchmark\dataset\wbc\unfocused\118\118_0.jpg,0,0.0020459936931729,test,wbc,vit,
D:\Dineth\focus_binary_benchmark\dataset\wbc\unfocused\118\118_1.jpg,0,0.0018926115008071,test,wbc,vit,
D:\Dineth\focus_binary_benchmark\dataset\wbc\unfocused\118\118_2.jpg,0,0.0026955571956932,test,wbc,vit,
D:\Dineth\focus_binary_benchmark\dataset\wbc\unfocused\118\118_3.jpg,0,0.0019491388229653,test,wbc,vit,
D:\Dineth\focus_binary_benchmark\dataset\wbc\unfocused\118\118_4.jpg,0,0.0020077463705092,test,wbc,vit,
D:\Dineth\focus_binary_benchmark\dataset\wbc\unfocused\118\118_8.jpg,0,0.0261270422488451,test,wbc,vit,
D:\Dineth\focus_binary_benchmark\dataset\wbc\unfocused\118\118_9.jpg,0,0.0030873855575919,test,wbc,vit,
D:\Dineth\focus_binary_benchmark\dataset\wbc\unfocused\138\138_0.jpg,0,0.0027926510665565,test,wbc,vit,
D:\Dineth\focus_binary_benchmark\dataset\wbc\unfocused\138\138_1.jpg,0,0.0032114202622324,test,wbc,vit,
D:\Dineth\focus_binary_benchmark\dataset\wbc\unfocused\138\138_2.jpg,0,0.0072787371464073,test,wbc,vit,
D:\Dineth\focus_binary_benchmark\dataset\wbc\unfocused\138\138_3.jpg,0,0.1964953243732452,test,wbc,vit,
D:\Dineth\focus_binary_benchmark\dataset\wbc\unfocused\138\138_7.jpg,0,0.978086531162262,test,wbc,vit,
D:\Dineth\focus_binary_benchmark\dataset\wbc\unfocused\138\138_8.jpg,0,0.0026096699293702,test,wbc,vit,
D:\Dineth\focus_binary_benchmark\dataset\wbc\unfocused\138\138_9.jpg,0,0.0018751098541542,test,wbc,vit,
D:\Dineth\focus_binary_benchmark\dataset\wbc\unfocused\143\143_0.jpg,0,0.0021608478855341,test,wbc,vit,
D:\Dineth\focus_binary_benchmark\dataset\wbc\unfocused\143\143_1.jpg,0,0.0017221890157088,test,wbc,vit,
D:\Dineth\focus_binary_benchmark\dataset\wbc\unfocused\143\143_2.jpg,0,0.0018466165056452,test,wbc,vit,
D:\Dineth\focus_binary_benchmark\dataset\wbc\unfocused\143\143_3.jpg,0,0.0018311309395357,test,wbc,vit,
D:\Dineth\focus_binary_benchmark\dataset\wbc\unfocused\143\143_4.jpg,0,0.0019193033222109,test,wbc,vit,
D:\Dineth\focus_binary_benchmark\dataset\wbc\unfocused\143\143_5.jpg,0,0.0020721482578665,test,wbc,vit,
D:\Dineth\focus_binary_benchmark\dataset\wbc\unfocused\143\143_9.jpg,0,0.0024062697775661,test,wbc,vit,
D:\Dineth\focus_binary_benchmark\dataset\wbc\unfocused\145\145_0.jpg,0,0.0025660675019025,test,wbc,vit,
D:\Dineth\focus_binary_benchmark\dataset\wbc\unfocused\145\145_1.jpg,0,0.0024280180223286,test,wbc,vit,
D:\Dineth\focus_binary_benchmark\dataset\wbc\unfocused\145\145_2.jpg,0,0.0024267616681754,test,wbc,vit,
D:\Dineth\focus_binary_benchmark\dataset\wbc\unfocused\145\145_3.jpg,0,0.0022717684041708,test,wbc,vit,
D:\Dineth\focus_binary_benchmark\dataset\wbc\unfocused\145\145_4.jpg,0,0.0023702695034444,test,wbc,vit,
D:\Dineth\focus_binary_benchmark\dataset\wbc\unfocused\145\145_8.jpg,0,0.0033673788420856,test,wbc,vit,
D:\Dineth\focus_binary_benchmark\dataset\wbc\unfocused\145\145_9.jpg,0,0.0024338148068636,test,wbc,vit,
D:\Dineth\focus_binary_benchmark\dataset\wbc\unfocused\19\19_0.jpg,0,0.0019973362796008,test,wbc,vit,
D:\Dineth\focus_binary_benchmark\dataset\wbc\unfocused\19\19_1.jpg,0,0.0020561420824378,test,wbc,vit,
D:\Dineth\focus_binary_benchmark\dataset\wbc\unfocused\19\19_2.jpg,0,0.0019398347940295,test,wbc,vit,
D:\Dineth\focus_binary_benchmark\dataset\wbc\unfocused\19\19_3.jpg,0,0.0025244425050914,test,wbc,vit,
D:\Dineth\focus_binary_benchmark\dataset\wbc\unfocused\19\19_7.jpg,0,0.0161929707974195,test,wbc,vit,
D:\Dineth\focus_binary_benchmark\dataset\wbc\unfocused\19\19_8.jpg,0,0.0042367945425212,test,wbc,vit,
D:\Dineth\focus_binary_benchmark\dataset\wbc\unfocused\19\19_9.jpg,0,0.0027191122062504,test,wbc,vit,
D:\Dineth\focus_binary_benchmark\dataset\wbc\unfocused\2\2_0.jpg,0,0.0015514502301812,test,wbc,vit,
D:\Dineth\focus_binary_benchmark\dataset\wbc\unfocused\2\2_1.jpg,0,0.0015851295320317,test,wbc,vit,
D:\Dineth\focus_binary_benchmark\dataset\wbc\unfocused\2\2_2.jpg,0,0.0016524592647328,test,wbc,vit,
D:\Dineth\focus_binary_benchmark\dataset\wbc\unfocused\2\2_3.jpg,0,0.0015697312774136,test,wbc,vit,
D:\Dineth\focus_binary_benchmark\dataset\wbc\unfocused\2\2_4.jpg,0,0.275283545255661,test,wbc,vit,
D:\Dineth\focus_binary_benchmark\dataset\wbc\unfocused\2\2_8.jpg,0,0.1817974895238876,test,wbc,vit,
D:\Dineth\focus_binary_benchmark\dataset\wbc\unfocused\2\2_9.jpg,0,0.0034544279333204,test,wbc,vit,
D:\Dineth\focus_binary_benchmark\dataset\wbc\unfocused\22\22_0.jpg,0,0.001852547051385,test,wbc,vit,
D:\Dineth\focus_binary_benchmark\dataset\wbc\unfocused\22\22_1.jpg,0,0.001733218319714,test,wbc,vit,
D:\Dineth\focus_binary_benchmark\dataset\wbc\unfocused\22\22_2.jpg,0,0.0043349335901439,test,wbc,vit,
D:\Dineth\focus_binary_benchmark\dataset\wbc\unfocused\22\22_3.jpg,0,0.0072130756452679,test,wbc,vit,
D:\Dineth\focus_binary_benchmark\dataset\wbc\unfocused\22\22_7.jpg,0,0.9747316837310792,test,wbc,vit,
D:\Dineth\focus_binary_benchmark\dataset\wbc\unfocused\22\22_8.jpg,0,0.0030508921481668,test,wbc,vit,
D:\Dineth\focus_binary_benchmark\dataset\wbc\unfocused\22\22_9.jpg,0,0.0018367698648944,test,wbc,vit,
D:\Dineth\focus_binary_benchmark\dataset\wbc\unfocused\24\24_0.jpg,0,0.001589024439454,test,wbc,vit,
D:\Dineth\focus_binary_benchmark\dataset\wbc\unfocused\24\24_1.jpg,0,0.001636411063373,test,wbc,vit,
D:\Dineth\focus_binary_benchmark\dataset\wbc\unfocused\24\24_2.jpg,0,0.0016310672508552,test,wbc,vit,
D:\Dineth\focus_binary_benchmark\dataset\wbc\unfocused\24\24_3.jpg,0,0.0017538877436891,test,wbc,vit,
D:\Dineth\focus_binary_benchmark\dataset\wbc\unfocused\24\24_4.jpg,0,0.1663107722997665,test,wbc,vit,
D:\Dineth\focus_binary_benchmark\dataset\wbc\unfocused\24\24_8.jpg,0,0.0035593651700764,test,wbc,vit,
D:\Dineth\focus_binary_benchmark\dataset\wbc\unfocused\24\24_9.jpg,0,0.0019426885992288,test,wbc,vit,
D:\Dineth\focus_binary_benchmark\dataset\wbc\unfocused\32\32_0.jpg,0,0.0017561049899086,test,wbc,vit,
D:\Dineth\focus_binary_benchmark\dataset\wbc\unfocused\32\32_1.jpg,0,0.001808094442822,test,wbc,vit,
D:\Dineth\focus_binary_benchmark\dataset\wbc\unfocused\32\32_2.jpg,0,0.0017294998979195,test,wbc,vit,
D:\Dineth\focus_binary_benchmark\dataset\wbc\unfocused\32\32_3.jpg,0,0.0017977639799937,test,wbc,vit,
D:\Dineth\focus_binary_benchmark\dataset\wbc\unfocused\32\32_4.jpg,0,0.0019883571658283,test,wbc,vit,
D:\Dineth\focus_binary_benchmark\dataset\wbc\unfocused\32\32_8.jpg,0,0.0078262127935886,test,wbc,vit,
D:\Dineth\focus_binary_benchmark\dataset\wbc\unfocused\32\32_9.jpg,0,0.002503914758563,test,wbc,vit,
D:\Dineth\focus_binary_benchmark\dataset\wbc\unfocused\33\33_0.jpg,0,0.0016494577284902,test,wbc,vit,
D:\Dineth\focus_binary_benchmark\dataset\wbc\unfocused\33\33_1.jpg,0,0.0015635635936632,test,wbc,vit,
D:\Dineth\focus_binary_benchmark\dataset\wbc\unfocused\33\33_2.jpg,0,0.0016173763433471,test,wbc,vit,
D:\Dineth\focus_binary_benchmark\dataset\wbc\unfocused\33\33_3.jpg,0,0.9112088084220886,test,wbc,vit,
D:\Dineth\focus_binary_benchmark\dataset\wbc\unfocused\33\33_4.jpg,0,0.0019111771835014,test,wbc,vit,
D:\Dineth\focus_binary_benchmark\dataset\wbc\unfocused\33\33_8.jpg,0,0.9174752235412598,test,wbc,vit,
D:\Dineth\focus_binary_benchmark\dataset\wbc\unfocused\33\33_9.jpg,0,0.0027483615558594,test,wbc,vit,
D:\Dineth\focus_binary_benchmark\dataset\wbc\unfocused\41\41_0.jpg,0,0.0019923767540603,test,wbc,vit,
D:\Dineth\focus_binary_benchmark\dataset\wbc\unfocused\41\41_1.jpg,0,0.0018732321914285,test,wbc,vit,
D:\Dineth\focus_binary_benchmark\dataset\wbc\unfocused\41\41_2.jpg,0,0.0020037756767123,test,wbc,vit,
D:\Dineth\focus_binary_benchmark\dataset\wbc\unfocused\41\41_3.jpg,0,0.0029305026400834,test,wbc,vit,
D:\Dineth\focus_binary_benchmark\dataset\wbc\unfocused\41\41_7.jpg,0,0.6585142612457275,test,wbc,vit,
D:\Dineth\focus_binary_benchmark\dataset\wbc\unfocused\41\41_8.jpg,0,0.0024860685225576,test,wbc,vit,
D:\Dineth\focus_binary_benchmark\dataset\wbc\unfocused\41\41_9.jpg,0,0.0020008981227874,test,wbc,vit,
D:\Dineth\focus_binary_benchmark\dataset\wbc\unfocused\49\49_0.jpg,0,0.0017694738926365,test,wbc,vit,
D:\Dineth\focus_binary_benchmark\dataset\wbc\unfocused\49\49_1.jpg,0,0.0020171527285128,test,wbc,vit,
D:\Dineth\focus_binary_benchmark\dataset\wbc\unfocused\49\49_2.jpg,0,0.0016969311982393,test,wbc,vit,
D:\Dineth\focus_binary_benchmark\dataset\wbc\unfocused\49\49_3.jpg,0,0.0016902429051697,test,wbc,vit,
D:\Dineth\focus_binary_benchmark\dataset\wbc\unfocused\49\49_4.jpg,0,0.0020320767071098,test,wbc,vit,
D:\Dineth\focus_binary_benchmark\dataset\wbc\unfocused\49\49_8.jpg,0,0.9575961828231812,test,wbc,vit,
D:\Dineth\focus_binary_benchmark\dataset\wbc\unfocused\49\49_9.jpg,0,0.0034902519546449,test,wbc,vit,
D:\Dineth\focus_binary_benchmark\dataset\wbc\unfocused\50\50_0.jpg,0,0.0022510781418532,test,wbc,vit,
D:\Dineth\focus_binary_benchmark\dataset\wbc\unfocused\50\50_1.jpg,0,0.0020141755230724,test,wbc,vit,
D:\Dineth\focus_binary_benchmark\dataset\wbc\unfocused\50\50_2.jpg,0,0.0019231681944802,test,wbc,vit,
D:\Dineth\focus_binary_benchmark\dataset\wbc\unfocused\50\50_3.jpg,0,0.0022121553774923,test,wbc,vit,
D:\Dineth\focus_binary_benchmark\dataset\wbc\unfocused\50\50_4.jpg,0,0.001944898511283,test,wbc,vit,
D:\Dineth\focus_binary_benchmark\dataset\wbc\unfocused\50\50_5.jpg,0,0.0027225643862038,test,wbc,vit,
D:\Dineth\focus_binary_benchmark\dataset\wbc\unfocused\50\50_9.jpg,0,0.0046639116480946,test,wbc,vit,
D:\Dineth\focus_binary_benchmark\dataset\wbc\unfocused\58\58_0.jpg,0,0.0021446833852678,test,wbc,vit,
D:\Dineth\focus_binary_benchmark\dataset\wbc\unfocused\58\58_1.jpg,0,0.0019911041017621,test,wbc,vit,
D:\Dineth\focus_binary_benchmark\dataset\wbc\unfocused\58\58_2.jpg,0,0.0018291091546416,test,wbc,vit,
D:\Dineth\focus_binary_benchmark\dataset\wbc\unfocused\58\58_3.jpg,0,0.0021341515239328,test,wbc,vit,
D:\Dineth\focus_binary_benchmark\dataset\wbc\unfocused\58\58_4.jpg,0,0.9689986705780028,test,wbc,vit,
D:\Dineth\focus_binary_benchmark\dataset\wbc\unfocused\58\58_8.jpg,0,0.705241322517395,test,wbc,vit,
D:\Dineth\focus_binary_benchmark\dataset\wbc\unfocused\58\58_9.jpg,0,0.0396079123020172,test,wbc,vit,
D:\Dineth\focus_binary_benchmark\dataset\wbc\unfocused\65\65_0.jpg,0,0.0020938424859195,test,wbc,vit,
D:\Dineth\focus_binary_benchmark\dataset\wbc\unfocused\65\65_1.jpg,0,0.0022396314889192,test,wbc,vit,
D:\Dineth\focus_binary_benchmark\dataset\wbc\unfocused\65\65_2.jpg,0,0.0024010397028177,test,wbc,vit,
D:\Dineth\focus_binary_benchmark\dataset\wbc\unfocused\65\65_3.jpg,0,0.0026504544075578,test,wbc,vit,
D:\Dineth\focus_binary_benchmark\dataset\wbc\unfocused\65\65_4.jpg,0,0.0076382481493055,test,wbc,vit,
D:\Dineth\focus_binary_benchmark\dataset\wbc\unfocused\65\65_8.jpg,0,0.0325659848749637,test,wbc,vit,
D:\Dineth\focus_binary_benchmark\dataset\wbc\unfocused\65\65_9.jpg,0,0.0047336365096271,test,wbc,vit,
D:\Dineth\focus_binary_benchmark\dataset\wbc\unfocused\66\66_0.jpg,0,0.0042150653898715,test,wbc,vit,
D:\Dineth\focus_binary_benchmark\dataset\wbc\unfocused\66\66_1.jpg,0,0.0032151555642485,test,wbc,vit,
D:\Dineth\focus_binary_benchmark\dataset\wbc\unfocused\66\66_2.jpg,0,0.0034162299707531,test,wbc,vit,
D:\Dineth\focus_binary_benchmark\dataset\wbc\unfocused\66\66_3.jpg,0,0.0065243560820817,test,wbc,vit,
D:\Dineth\focus_binary_benchmark\dataset\wbc\unfocused\66\66_4.jpg,0,0.0056662643328309,test,wbc,vit,
D:\Dineth\focus_binary_benchmark\dataset\wbc\unfocused\66\66_8.jpg,0,0.009540126658976,test,wbc,vit,
D:\Dineth\focus_binary_benchmark\dataset\wbc\unfocused\66\66_9.jpg,0,0.0027321318630129,test,wbc,vit,
D:\Dineth\focus_binary_benchmark\dataset\wbc\unfocused\7\7_0.jpg,0,0.0030928144697099,test,wbc,vit,
D:\Dineth\focus_binary_benchmark\dataset\wbc\unfocused\7\7_1.jpg,0,0.0032015377655625,test,wbc,vit,
D:\Dineth\focus_binary_benchmark\dataset\wbc\unfocused\7\7_2.jpg,0,0.0033559845760464,test,wbc,vit,
D:\Dineth\focus_binary_benchmark\dataset\wbc\unfocused\7\7_3.jpg,0,0.0035153327044099,test,wbc,vit,
D:\Dineth\focus_binary_benchmark\dataset\wbc\unfocused\7\7_4.jpg,0,0.0033737311605364,test,wbc,vit,
D:\Dineth\focus_binary_benchmark\dataset\wbc\unfocused\7\7_8.jpg,0,0.0238937996327877,test,wbc,vit,
D:\Dineth\focus_binary_benchmark\dataset\wbc\unfocused\7\7_9.jpg,0,0.0027574319392442,test,wbc,vit,
D:\Dineth\focus_binary_benchmark\dataset\wbc\unfocused\76\76_0.jpg,0,0.0028291137423366,test,wbc,vit,
D:\Dineth\focus_binary_benchmark\dataset\wbc\unfocused\76\76_1.jpg,0,0.0023440609220415,test,wbc,vit,
D:\Dineth\focus_binary_benchmark\dataset\wbc\unfocused\76\76_2.jpg,0,0.0024137927684932,test,wbc,vit,
D:\Dineth\focus_binary_benchmark\dataset\wbc\unfocused\76\76_3.jpg,0,0.0128263812512159,test,wbc,vit,
D:\Dineth\focus_binary_benchmark\dataset\wbc\unfocused\76\76_7.jpg,0,0.8526906371116638,test,wbc,vit,
D:\Dineth\focus_binary_benchmark\dataset\wbc\unfocused\76\76_8.jpg,0,0.0047075431793928,test,wbc,vit,
D:\Dineth\focus_binary_benchmark\dataset\wbc\unfocused\76\76_9.jpg,0,0.0021470093633979,test,wbc,vit,
D:\Dineth\focus_binary_benchmark\dataset\wbc\unfocused\89\89_0.jpg,0,0.0016351613448932,test,wbc,vit,
D:\Dineth\focus_binary_benchmark\dataset\wbc\unfocused\89\89_1.jpg,0,0.001701929140836,test,wbc,vit,
D:\Dineth\focus_binary_benchmark\dataset\wbc\unfocused\89\89_2.jpg,0,0.0015898114070296,test,wbc,vit,
D:\Dineth\focus_binary_benchmark\dataset\wbc\unfocused\89\89_3.jpg,0,0.0017754294676706,test,wbc,vit,
D:\Dineth\focus_binary_benchmark\dataset\wbc\unfocused\89\89_4.jpg,0,0.002306024543941,test,wbc,vit,
D:\Dineth\focus_binary_benchmark\dataset\wbc\unfocused\89\89_8.jpg,0,0.0039919181726872,test,wbc,vit,
D:\Dineth\focus_binary_benchmark\dataset\wbc\unfocused\89\89_9.jpg,0,0.0025325757451355,test,wbc,vit,
D:\Dineth\focus_binary_benchmark\dataset\bma\focused\pos002_2\pos002_2_page_2.png,1,0.2858678462909582,test,bma,classical_ml,gradient_boosting
D:\Dineth\focus_binary_benchmark\dataset\bma\focused\pos003_3\pos003_3_page_6.png,1,0.9657475987368916,test,bma,classical_ml,gradient_boosting
D:\Dineth\focus_binary_benchmark\dataset\bma\focused\pos004_3\pos004_3_page_11.png,1,0.9700341855904882,test,bma,classical_ml,gradient_boosting
D:\Dineth\focus_binary_benchmark\dataset\bma\focused\pos005_2\pos005_2_page_10.png,1,0.9523524423890406,test,bma,classical_ml,gradient_boosting
D:\Dineth\focus_binary_benchmark\dataset\bma\focused\pos006_1\pos006_1_page_8.png,1,0.3168908455219876,test,bma,classical_ml,gradient_boosting
D:\Dineth\focus_binary_benchmark\dataset\bma\unfocused\pos002_2\pos002_2_page_1.png,0,0.0047759476869509,test,bma,classical_ml,gradient_boosting
D:\Dineth\focus_binary_benchmark\dataset\bma\unfocused\pos002_2\pos002_2_page_10.png,0,0.0015983116515635,test,bma,classical_ml,gradient_boosting
D:\Dineth\focus_binary_benchmark\dataset\bma\unfocused\pos002_2\pos002_2_page_11.png,0,0.0028031383440929,test,bma,classical_ml,gradient_boosting
D:\Dineth\focus_binary_benchmark\dataset\bma\unfocused\pos002_2\pos002_2_page_12.png,0,0.0136496157466212,test,bma,classical_ml,gradient_boosting
D:\Dineth\focus_binary_benchmark\dataset\bma\unfocused\pos002_2\pos002_2_page_13.png,0,0.0024182361499684,test,bma,classical_ml,gradient_boosting
D:\Dineth\focus_binary_benchmark\dataset\bma\unfocused\pos002_2\pos002_2_page_4.png,0,0.0404238850215942,test,bma,classical_ml,gradient_boosting
D:\Dineth\focus_binary_benchmark\dataset\bma\unfocused\pos002_2\pos002_2_page_5.png,0,0.0172574713176704,test,bma,classical_ml,gradient_boosting
D:\Dineth\focus_binary_benchmark\dataset\bma\unfocused\pos002_2\pos002_2_page_6.png,0,7.285219628257388e-05,test,bma,classical_ml,gradient_boosting
D:\Dineth\focus_binary_benchmark\dataset\bma\unfocused\pos002_2\pos002_2_page_7.png,0,0.1981150467486036,test,bma,classical_ml,gradient_boosting
D:\Dineth\focus_binary_benchmark\dataset\bma\unfocused\pos002_2\pos002_2_page_8.png,0,0.0039028485862678,test,bma,classical_ml,gradient_boosting
D:\Dineth\focus_binary_benchmark\dataset\bma\unfocused\pos002_2\pos002_2_page_9.png,0,0.054921871551597,test,bma,classical_ml,gradient_boosting
D:\Dineth\focus_binary_benchmark\dataset\bma\unfocused\pos003_3\pos003_3_page_1.png,0,0.0024182361499684,test,bma,classical_ml,gradient_boosting
D:\Dineth\focus_binary_benchmark\dataset\bma\unfocused\pos003_3\pos003_3_page_10.png,0,0.0042235257499127,test,bma,classical_ml,gradient_boosting
D:\Dineth\focus_binary_benchmark\dataset\bma\unfocused\pos003_3\pos003_3_page_11.png,0,0.0064879572119598,test,bma,classical_ml,gradient_boosting
D:\Dineth\focus_binary_benchmark\dataset\bma\unfocused\pos003_3\pos003_3_page_12.png,0,0.0017378435365743,test,bma,classical_ml,gradient_boosting
D:\Dineth\focus_binary_benchmark\dataset\bma\unfocused\pos003_3\pos003_3_page_13.png,0,0.0128828570528109,test,bma,classical_ml,gradient_boosting
D:\Dineth\focus_binary_benchmark\dataset\bma\unfocused\pos003_3\pos003_3_page_14.png,0,0.0021687950295605,test,bma,classical_ml,gradient_boosting
D:\Dineth\focus_binary_benchmark\dataset\bma\unfocused\pos003_3\pos003_3_page_2.png,0,0.0007348431738377,test,bma,classical_ml,gradient_boosting
D:\Dineth\focus_binary_benchmark\dataset\bma\unfocused\pos003_3\pos003_3_page_3.png,0,0.001169502116369,test,bma,classical_ml,gradient_boosting
D:\Dineth\focus_binary_benchmark\dataset\bma\unfocused\pos003_3\pos003_3_page_4.png,0,0.0101505931853731,test,bma,classical_ml,gradient_boosting
D:\Dineth\focus_binary_benchmark\dataset\bma\unfocused\pos003_3\pos003_3_page_8.png,0,0.0001906257242176,test,bma,classical_ml,gradient_boosting
D:\Dineth\focus_binary_benchmark\dataset\bma\unfocused\pos003_3\pos003_3_page_9.png,0,0.0009183390824506,test,bma,classical_ml,gradient_boosting
D:\Dineth\focus_binary_benchmark\dataset\bma\unfocused\pos004_3\pos004_3_page_1.png,0,0.0030958315466153,test,bma,classical_ml,gradient_boosting
D:\Dineth\focus_binary_benchmark\dataset\bma\unfocused\pos004_3\pos004_3_page_13.png,0,0.0045749002410582,test,bma,classical_ml,gradient_boosting
D:\Dineth\focus_binary_benchmark\dataset\bma\unfocused\pos004_3\pos004_3_page_14.png,0,0.0006763667581446,test,bma,classical_ml,gradient_boosting
D:\Dineth\focus_binary_benchmark\dataset\bma\unfocused\pos004_3\pos004_3_page_2.png,0,0.0319002841134805,test,bma,classical_ml,gradient_boosting
D:\Dineth\focus_binary_benchmark\dataset\bma\unfocused\pos004_3\pos004_3_page_3.png,0,0.0030788356074568,test,bma,classical_ml,gradient_boosting
D:\Dineth\focus_binary_benchmark\dataset\bma\unfocused\pos004_3\pos004_3_page_4.png,0,0.0158943065263738,test,bma,classical_ml,gradient_boosting
D:\Dineth\focus_binary_benchmark\dataset\bma\unfocused\pos004_3\pos004_3_page_5.png,0,0.0186642289399015,test,bma,classical_ml,gradient_boosting
D:\Dineth\focus_binary_benchmark\dataset\bma\unfocused\pos004_3\pos004_3_page_6.png,0,0.008727911579178,test,bma,classical_ml,gradient_boosting
D:\Dineth\focus_binary_benchmark\dataset\bma\unfocused\pos004_3\pos004_3_page_7.png,0,0.0098378434669596,test,bma,classical_ml,gradient_boosting
D:\Dineth\focus_binary_benchmark\dataset\bma\unfocused\pos004_3\pos004_3_page_8.png,0,0.0001965703326428,test,bma,classical_ml,gradient_boosting
D:\Dineth\focus_binary_benchmark\dataset\bma\unfocused\pos004_3\pos004_3_page_9.png,0,0.0172764679160703,test,bma,classical_ml,gradient_boosting
D:\Dineth\focus_binary_benchmark\dataset\bma\unfocused\pos005_2\pos005_2_page_12.png,0,0.0573201664513229,test,bma,classical_ml,gradient_boosting
D:\Dineth\focus_binary_benchmark\dataset\bma\unfocused\pos005_2\pos005_2_page_13.png,0,0.0001329609580327,test,bma,classical_ml,gradient_boosting
D:\Dineth\focus_binary_benchmark\dataset\bma\unfocused\pos005_2\pos005_2_page_14.png,0,0.0513891639406065,test,bma,classical_ml,gradient_boosting
D:\Dineth\focus_binary_benchmark\dataset\bma\unfocused\pos005_2\pos005_2_page_2.png,0,0.0102894560671931,test,bma,classical_ml,gradient_boosting
D:\Dineth\focus_binary_benchmark\dataset\bma\unfocused\pos005_2\pos005_2_page_3.png,0,0.0048049792720484,test,bma,classical_ml,gradient_boosting
D:\Dineth\focus_binary_benchmark\dataset\bma\unfocused\pos005_2\pos005_2_page_4.png,0,0.1157203317273597,test,bma,classical_ml,gradient_boosting
D:\Dineth\focus_binary_benchmark\dataset\bma\unfocused\pos005_2\pos005_2_page_5.png,0,0.0059695472217503,test,bma,classical_ml,gradient_boosting
D:\Dineth\focus_binary_benchmark\dataset\bma\unfocused\pos005_2\pos005_2_page_6.png,0,0.0045683165281128,test,bma,classical_ml,gradient_boosting
D:\Dineth\focus_binary_benchmark\dataset\bma\unfocused\pos005_2\pos005_2_page_7.png,0,0.0023981516017588,test,bma,classical_ml,gradient_boosting
D:\Dineth\focus_binary_benchmark\dataset\bma\unfocused\pos005_2\pos005_2_page_8.png,0,0.0339053167909298,test,bma,classical_ml,gradient_boosting
D:\Dineth\focus_binary_benchmark\dataset\bma\unfocused\pos005_2\pos005_2_page_9.png,0,0.8359166962702057,test,bma,classical_ml,gradient_boosting
D:\Dineth\focus_binary_benchmark\dataset\bma\unfocused\pos006_1\pos006_1_page_1.png,0,0.0010541283995146,test,bma,classical_ml,gradient_boosting
D:\Dineth\focus_binary_benchmark\dataset\bma\unfocused\pos006_1\pos006_1_page_10.png,0,0.5667857689687642,test,bma,classical_ml,gradient_boosting
D:\Dineth\focus_binary_benchmark\dataset\bma\unfocused\pos006_1\pos006_1_page_11.png,0,0.0003389697600988,test,bma,classical_ml,gradient_boosting
D:\Dineth\focus_binary_benchmark\dataset\bma\unfocused\pos006_1\pos006_1_page_12.png,0,0.0328150313100563,test,bma,classical_ml,gradient_boosting
D:\Dineth\focus_binary_benchmark\dataset\bma\unfocused\pos006_1\pos006_1_page_13.png,0,0.0237805203163357,test,bma,classical_ml,gradient_boosting
D:\Dineth\focus_binary_benchmark\dataset\bma\unfocused\pos006_1\pos006_1_page_14.png,0,0.0005053149215541,test,bma,classical_ml,gradient_boosting
D:\Dineth\focus_binary_benchmark\dataset\bma\unfocused\pos006_1\pos006_1_page_2.png,0,0.0015983116515635,test,bma,classical_ml,gradient_boosting
D:\Dineth\focus_binary_benchmark\dataset\bma\unfocused\pos006_1\pos006_1_page_3.png,0,0.0014061630800916,test,bma,classical_ml,gradient_boosting
D:\Dineth\focus_binary_benchmark\dataset\bma\unfocused\pos006_1\pos006_1_page_4.png,0,0.0037725805060047,test,bma,classical_ml,gradient_boosting
D:\Dineth\focus_binary_benchmark\dataset\bma\unfocused\pos006_1\pos006_1_page_5.png,0,0.0020864349238232,test,bma,classical_ml,gradient_boosting
D:\Dineth\focus_binary_benchmark\dataset\bma\unfocused\pos006_1\pos006_1_page_6.png,0,0.0298002196720849,test,bma,classical_ml,gradient_boosting
D:\Dineth\focus_binary_benchmark\dataset\pbs_imgs\focused\FieldPos207_Cam01_RGB_MB\FieldPos207_Cam01_RGB_MB_page_7.png,1,0.0502019564819674,test,pbs_imgs,classical_ml,gradient_boosting
D:\Dineth\focus_binary_benchmark\dataset\pbs_imgs\focused\FieldPos217_Cam01_RGB_MB\FieldPos217_Cam01_RGB_MB_page_2.png,1,0.7194498732297279,test,pbs_imgs,classical_ml,gradient_boosting
D:\Dineth\focus_binary_benchmark\dataset\pbs_imgs\focused\FieldPos280_Cam01_RGB_MB\FieldPos280_Cam01_RGB_MB_page_5.png,1,0.8037497224090666,test,pbs_imgs,classical_ml,gradient_boosting
D:\Dineth\focus_binary_benchmark\dataset\pbs_imgs\focused\FieldPos301_Cam01_RGB_MB\FieldPos301_Cam01_RGB_MB_page_10.png,1,0.7813034084282239,test,pbs_imgs,classical_ml,gradient_boosting
D:\Dineth\focus_binary_benchmark\dataset\pbs_imgs\focused\FieldPos322_Cam01_RGB_MB\FieldPos322_Cam01_RGB_MB_page_5.png,1,0.796138708481763,test,pbs_imgs,classical_ml,gradient_boosting
D:\Dineth\focus_binary_benchmark\dataset\pbs_imgs\focused\FieldPos344_Cam01_RGB_MB\FieldPos344_Cam01_RGB_MB_page_10.png,1,0.5932530786851686,test,pbs_imgs,classical_ml,gradient_boosting
D:\Dineth\focus_binary_benchmark\dataset\pbs_imgs\focused\FieldPos356_Cam01_RGB_MB\FieldPos356_Cam01_RGB_MB_page_4.png,1,0.2584662265773167,test,pbs_imgs,classical_ml,gradient_boosting
D:\Dineth\focus_binary_benchmark\dataset\pbs_imgs\focused\FieldPos357_Cam01_RGB_MB\FieldPos357_Cam01_RGB_MB_page_4.png,1,0.554135480334094,test,pbs_imgs,classical_ml,gradient_boosting
D:\Dineth\focus_binary_benchmark\dataset\pbs_imgs\focused\FieldPos430_Cam01_RGB_MB\FieldPos430_Cam01_RGB_MB_page_8.png,1,0.5843018782303423,test,pbs_imgs,classical_ml,gradient_boosting
D:\Dineth\focus_binary_benchmark\dataset\pbs_imgs\focused\FieldPos434_Cam01_RGB_MB\FieldPos434_Cam01_RGB_MB_page_7.png,1,0.6694076639903408,test,pbs_imgs,classical_ml,gradient_boosting
D:\Dineth\focus_binary_benchmark\dataset\pbs_imgs\focused\FieldPos469_Cam01_RGB_MB\FieldPos469_Cam01_RGB_MB_page_11.png,1,0.3991634687153315,test,pbs_imgs,classical_ml,gradient_boosting
D:\Dineth\focus_binary_benchmark\dataset\pbs_imgs\unfocused\FieldPos207_Cam01_RGB_MB\FieldPos207_Cam01_RGB_MB_page_1.png,0,0.0497560873380761,test,pbs_imgs,classical_ml,gradient_boosting
D:\Dineth\focus_binary_benchmark\dataset\pbs_imgs\unfocused\FieldPos207_Cam01_RGB_MB\FieldPos207_Cam01_RGB_MB_page_2.png,0,0.0059513131532853,test,pbs_imgs,classical_ml,gradient_boosting
D:\Dineth\focus_binary_benchmark\dataset\pbs_imgs\unfocused\FieldPos207_Cam01_RGB_MB\FieldPos207_Cam01_RGB_MB_page_3.png,0,0.26100174198147,test,pbs_imgs,classical_ml,gradient_boosting
D:\Dineth\focus_binary_benchmark\dataset\pbs_imgs\unfocused\FieldPos207_Cam01_RGB_MB\FieldPos207_Cam01_RGB_MB_page_4.png,0,0.7098252106951256,test,pbs_imgs,classical_ml,gradient_boosting
D:\Dineth\focus_binary_benchmark\dataset\pbs_imgs\unfocused\FieldPos207_Cam01_RGB_MB\FieldPos207_Cam01_RGB_MB_page_5.png,0,0.5715199544321744,test,pbs_imgs,classical_ml,gradient_boosting
D:\Dineth\focus_binary_benchmark\dataset\pbs_imgs\unfocused\FieldPos207_Cam01_RGB_MB\FieldPos207_Cam01_RGB_MB_page_9.png,0,0.036606829120143,test,pbs_imgs,classical_ml,gradient_boosting
D:\Dineth\focus_binary_benchmark\dataset\pbs_imgs\unfocused\FieldPos217_Cam01_RGB_MB\FieldPos217_Cam01_RGB_MB_page_4.png,0,0.0516898268028299,test,pbs_imgs,classical_ml,gradient_boosting
D:\Dineth\focus_binary_benchmark\dataset\pbs_imgs\unfocused\FieldPos217_Cam01_RGB_MB\FieldPos217_Cam01_RGB_MB_page_5.png,0,0.0105745231991722,test,pbs_imgs,classical_ml,gradient_boosting
D:\Dineth\focus_binary_benchmark\dataset\pbs_imgs\unfocused\FieldPos217_Cam01_RGB_MB\FieldPos217_Cam01_RGB_MB_page_6.png,0,0.0986278977271283,test,pbs_imgs,classical_ml,gradient_boosting
D:\Dineth\focus_binary_benchmark\dataset\pbs_imgs\unfocused\FieldPos217_Cam01_RGB_MB\FieldPos217_Cam01_RGB_MB_page_7.png,0,0.0040918786321758,test,pbs_imgs,classical_ml,gradient_boosting
D:\Dineth\focus_binary_benchmark\dataset\pbs_imgs\unfocused\FieldPos217_Cam01_RGB_MB\FieldPos217_Cam01_RGB_MB_page_8.png,0,0.0066574810586787,test,pbs_imgs,classical_ml,gradient_boosting
D:\Dineth\focus_binary_benchmark\dataset\pbs_imgs\unfocused\FieldPos217_Cam01_RGB_MB\FieldPos217_Cam01_RGB_MB_page_9.png,0,0.0106472681903443,test,pbs_imgs,classical_ml,gradient_boosting
D:\Dineth\focus_binary_benchmark\dataset\pbs_imgs\unfocused\FieldPos280_Cam01_RGB_MB\FieldPos280_Cam01_RGB_MB_page_1.png,0,0.0047788900596909,test,pbs_imgs,classical_ml,gradient_boosting
D:\Dineth\focus_binary_benchmark\dataset\pbs_imgs\unfocused\FieldPos280_Cam01_RGB_MB\FieldPos280_Cam01_RGB_MB_page_10.png,0,0.009698230412845,test,pbs_imgs,classical_ml,gradient_boosting
D:\Dineth\focus_binary_benchmark\dataset\pbs_imgs\unfocused\FieldPos280_Cam01_RGB_MB\FieldPos280_Cam01_RGB_MB_page_11.png,0,0.0042049732072801,test,pbs_imgs,classical_ml,gradient_boosting
D:\Dineth\focus_binary_benchmark\dataset\pbs_imgs\unfocused\FieldPos280_Cam01_RGB_MB\FieldPos280_Cam01_RGB_MB_page_12.png,0,0.0051347262149198,test,pbs_imgs,classical_ml,gradient_boosting
D:\Dineth\focus_binary_benchmark\dataset\pbs_imgs\unfocused\FieldPos280_Cam01_RGB_MB\FieldPos280_Cam01_RGB_MB_page_13.png,0,0.0268832534935598,test,pbs_imgs,classical_ml,gradient_boosting
D:\Dineth\focus_binary_benchmark\dataset\pbs_imgs\unfocused\FieldPos280_Cam01_RGB_MB\FieldPos280_Cam01_RGB_MB_page_14.png,0,0.2518310154213533,test,pbs_imgs,classical_ml,gradient_boosting
D:\Dineth\focus_binary_benchmark\dataset\pbs_imgs\unfocused\FieldPos280_Cam01_RGB_MB\FieldPos280_Cam01_RGB_MB_page_15.png,0,0.0511140299151384,test,pbs_imgs,classical_ml,gradient_boosting
D:\Dineth\focus_binary_benchmark\dataset\pbs_imgs\unfocused\FieldPos280_Cam01_RGB_MB\FieldPos280_Cam01_RGB_MB_page_2.png,0,0.0231887945088369,test,pbs_imgs,classical_ml,gradient_boosting
D:\Dineth\focus_binary_benchmark\dataset\pbs_imgs\unfocused\FieldPos280_Cam01_RGB_MB\FieldPos280_Cam01_RGB_MB_page_3.png,0,0.204199350566088,test,pbs_imgs,classical_ml,gradient_boosting
D:\Dineth\focus_binary_benchmark\dataset\pbs_imgs\unfocused\FieldPos280_Cam01_RGB_MB\FieldPos280_Cam01_RGB_MB_page_7.png,0,0.0358570047235233,test,pbs_imgs,classical_ml,gradient_boosting
D:\Dineth\focus_binary_benchmark\dataset\pbs_imgs\unfocused\FieldPos280_Cam01_RGB_MB\FieldPos280_Cam01_RGB_MB_page_8.png,0,0.0118217043783624,test,pbs_imgs,classical_ml,gradient_boosting
D:\Dineth\focus_binary_benchmark\dataset\pbs_imgs\unfocused\FieldPos280_Cam01_RGB_MB\FieldPos280_Cam01_RGB_MB_page_9.png,0,0.0047788900596909,test,pbs_imgs,classical_ml,gradient_boosting
D:\Dineth\focus_binary_benchmark\dataset\pbs_imgs\unfocused\FieldPos301_Cam01_RGB_MB\FieldPos301_Cam01_RGB_MB_page_12.png,0,0.0588006815835491,test,pbs_imgs,classical_ml,gradient_boosting
D:\Dineth\focus_binary_benchmark\dataset\pbs_imgs\unfocused\FieldPos301_Cam01_RGB_MB\FieldPos301_Cam01_RGB_MB_page_13.png,0,0.1759229062799686,test,pbs_imgs,classical_ml,gradient_boosting
D:\Dineth\focus_binary_benchmark\dataset\pbs_imgs\unfocused\FieldPos301_Cam01_RGB_MB\FieldPos301_Cam01_RGB_MB_page_14.png,0,0.0053336023892747,test,pbs_imgs,classical_ml,gradient_boosting
D:\Dineth\focus_binary_benchmark\dataset\pbs_imgs\unfocused\FieldPos301_Cam01_RGB_MB\FieldPos301_Cam01_RGB_MB_page_15.png,0,0.0012311531578209,test,pbs_imgs,classical_ml,gradient_boosting
D:\Dineth\focus_binary_benchmark\dataset\pbs_imgs\unfocused\FieldPos301_Cam01_RGB_MB\FieldPos301_Cam01_RGB_MB_page_2.png,0,0.0042366390006266,test,pbs_imgs,classical_ml,gradient_boosting
D:\Dineth\focus_binary_benchmark\dataset\pbs_imgs\unfocused\FieldPos301_Cam01_RGB_MB\FieldPos301_Cam01_RGB_MB_page_3.png,0,0.2021518011861053,test,pbs_imgs,classical_ml,gradient_boosting
D:\Dineth\focus_binary_benchmark\dataset\pbs_imgs\unfocused\FieldPos301_Cam01_RGB_MB\FieldPos301_Cam01_RGB_MB_page_4.png,0,0.0051428608690852,test,pbs_imgs,classical_ml,gradient_boosting
D:\Dineth\focus_binary_benchmark\dataset\pbs_imgs\unfocused\FieldPos301_Cam01_RGB_MB\FieldPos301_Cam01_RGB_MB_page_5.png,0,0.0187832484261947,test,pbs_imgs,classical_ml,gradient_boosting
D:\Dineth\focus_binary_benchmark\dataset\pbs_imgs\unfocused\FieldPos301_Cam01_RGB_MB\FieldPos301_Cam01_RGB_MB_page_6.png,0,0.0490668600888324,test,pbs_imgs,classical_ml,gradient_boosting
D:\Dineth\focus_binary_benchmark\dataset\pbs_imgs\unfocused\FieldPos301_Cam01_RGB_MB\FieldPos301_Cam01_RGB_MB_page_7.png,0,0.263273009413223,test,pbs_imgs,classical_ml,gradient_boosting
D:\Dineth\focus_binary_benchmark\dataset\pbs_imgs\unfocused\FieldPos301_Cam01_RGB_MB\FieldPos301_Cam01_RGB_MB_page_8.png,0,0.1365552618487529,test,pbs_imgs,classical_ml,gradient_boosting
D:\Dineth\focus_binary_benchmark\dataset\pbs_imgs\unfocused\FieldPos301_Cam01_RGB_MB\FieldPos301_Cam01_RGB_MB_page_9.png,0,0.6851291194701838,test,pbs_imgs,classical_ml,gradient_boosting
D:\Dineth\focus_binary_benchmark\dataset\pbs_imgs\unfocused\FieldPos322_Cam01_RGB_MB\FieldPos322_Cam01_RGB_MB_page_1.png,0,0.5538332427795465,test,pbs_imgs,classical_ml,gradient_boosting
D:\Dineth\focus_binary_benchmark\dataset\pbs_imgs\unfocused\FieldPos322_Cam01_RGB_MB\FieldPos322_Cam01_RGB_MB_page_10.png,0,0.0078714781374997,test,pbs_imgs,classical_ml,gradient_boosting
D:\Dineth\focus_binary_benchmark\dataset\pbs_imgs\unfocused\FieldPos322_Cam01_RGB_MB\FieldPos322_Cam01_RGB_MB_page_11.png,0,0.0145219696500256,test,pbs_imgs,classical_ml,gradient_boosting
D:\Dineth\focus_binary_benchmark\dataset\pbs_imgs\unfocused\FieldPos322_Cam01_RGB_MB\FieldPos322_Cam01_RGB_MB_page_12.png,0,0.0026040095692829,test,pbs_imgs,classical_ml,gradient_boosting
D:\Dineth\focus_binary_benchmark\dataset\pbs_imgs\unfocused\FieldPos322_Cam01_RGB_MB\FieldPos322_Cam01_RGB_MB_page_13.png,0,0.0037470296715019,test,pbs_imgs,classical_ml,gradient_boosting
D:\Dineth\focus_binary_benchmark\dataset\pbs_imgs\unfocused\FieldPos322_Cam01_RGB_MB\FieldPos322_Cam01_RGB_MB_page_14.png,0,0.004084070121459,test,pbs_imgs,classical_ml,gradient_boosting
D:\Dineth\focus_binary_benchmark\dataset\pbs_imgs\unfocused\FieldPos322_Cam01_RGB_MB\FieldPos322_Cam01_RGB_MB_page_15.png,0,0.0138769772749614,test,pbs_imgs,classical_ml,gradient_boosting
D:\Dineth\focus_binary_benchmark\dataset\pbs_imgs\unfocused\FieldPos322_Cam01_RGB_MB\FieldPos322_Cam01_RGB_MB_page_2.png,0,0.0001062470768248,test,pbs_imgs,classical_ml,gradient_boosting
D:\Dineth\focus_binary_benchmark\dataset\pbs_imgs\unfocused\FieldPos322_Cam01_RGB_MB\FieldPos322_Cam01_RGB_MB_page_3.png,0,0.2210520584917713,test,pbs_imgs,classical_ml,gradient_boosting
D:\Dineth\focus_binary_benchmark\dataset\pbs_imgs\unfocused\FieldPos322_Cam01_RGB_MB\FieldPos322_Cam01_RGB_MB_page_7.png,0,0.0381275067692474,test,pbs_imgs,classical_ml,gradient_boosting
D:\Dineth\focus_binary_benchmark\dataset\pbs_imgs\unfocused\FieldPos322_Cam01_RGB_MB\FieldPos322_Cam01_RGB_MB_page_8.png,0,6.048207369718699e-05,test,pbs_imgs,classical_ml,gradient_boosting
D:\Dineth\focus_binary_benchmark\dataset\pbs_imgs\unfocused\FieldPos322_Cam01_RGB_MB\FieldPos322_Cam01_RGB_MB_page_9.png,0,0.0009931191259454,test,pbs_imgs,classical_ml,gradient_boosting
D:\Dineth\focus_binary_benchmark\dataset\pbs_imgs\unfocused\FieldPos344_Cam01_RGB_MB\FieldPos344_Cam01_RGB_MB_page_12.png,0,0.789787836192644,test,pbs_imgs,classical_ml,gradient_boosting
D:\Dineth\focus_binary_benchmark\dataset\pbs_imgs\unfocused\FieldPos344_Cam01_RGB_MB\FieldPos344_Cam01_RGB_MB_page_13.png,0,0.0008878819859957,test,pbs_imgs,classical_ml,gradient_boosting
D:\Dineth\focus_binary_benchmark\dataset\pbs_imgs\unfocused\FieldPos344_Cam01_RGB_MB\FieldPos344_Cam01_RGB_MB_page_14.png,0,0.0114811304223074,test,pbs_imgs,classical_ml,gradient_boosting
D:\Dineth\focus_binary_benchmark\dataset\pbs_imgs\unfocused\FieldPos344_Cam01_RGB_MB\FieldPos344_Cam01_RGB_MB_page_15.png,0,0.0142214044949777,test,pbs_imgs,classical_ml,gradient_boosting
D:\Dineth\focus_binary_benchmark\dataset\pbs_imgs\unfocused\FieldPos344_Cam01_RGB_MB\FieldPos344_Cam01_RGB_MB_page_2.png,0,0.0031541508057759,test,pbs_imgs,classical_ml,gradient_boosting
D:\Dineth\focus_binary_benchmark\dataset\pbs_imgs\unfocused\FieldPos344_Cam01_RGB_MB\FieldPos344_Cam01_RGB_MB_page_3.png,0,0.0026955817190119,test,pbs_imgs,classical_ml,gradient_boosting
D:\Dineth\focus_binary_benchmark\dataset\pbs_imgs\unfocused\FieldPos344_Cam01_RGB_MB\FieldPos344_Cam01_RGB_MB_page_4.png,0,0.008377867080578,test,pbs_imgs,classical_ml,gradient_boosting
D:\Dineth\focus_binary_benchmark\dataset\pbs_imgs\unfocused\FieldPos344_Cam01_RGB_MB\FieldPos344_Cam01_RGB_MB_page_5.png,0,0.0073801453739364,test,pbs_imgs,classical_ml,gradient_boosting
D:\Dineth\focus_binary_benchmark\dataset\pbs_imgs\unfocused\FieldPos344_Cam01_RGB_MB\FieldPos344_Cam01_RGB_MB_page_6.png,0,0.1634529814901477,test,pbs_imgs,classical_ml,gradient_boosting
D:\Dineth\focus_binary_benchmark\dataset\pbs_imgs\unfocused\FieldPos344_Cam01_RGB_MB\FieldPos344_Cam01_RGB_MB_page_7.png,0,0.0273556727729106,test,pbs_imgs,classical_ml,gradient_boosting
D:\Dineth\focus_binary_benchmark\dataset\pbs_imgs\unfocused\FieldPos344_Cam01_RGB_MB\FieldPos344_Cam01_RGB_MB_page_8.png,0,0.1591556623411417,test,pbs_imgs,classical_ml,gradient_boosting
D:\Dineth\focus_binary_benchmark\dataset\pbs_imgs\unfocused\FieldPos344_Cam01_RGB_MB\FieldPos344_Cam01_RGB_MB_page_9.png,0,0.3798743696968311,test,pbs_imgs,classical_ml,gradient_boosting
D:\Dineth\focus_binary_benchmark\dataset\pbs_imgs\unfocused\FieldPos356_Cam01_RGB_MB\FieldPos356_Cam01_RGB_MB_page_1.png,0,0.1962793020865247,test,pbs_imgs,classical_ml,gradient_boosting
D:\Dineth\focus_binary_benchmark\dataset\pbs_imgs\unfocused\FieldPos356_Cam01_RGB_MB\FieldPos356_Cam01_RGB_MB_page_10.png,0,0.0200768889888291,test,pbs_imgs,classical_ml,gradient_boosting
D:\Dineth\focus_binary_benchmark\dataset\pbs_imgs\unfocused\FieldPos356_Cam01_RGB_MB\FieldPos356_Cam01_RGB_MB_page_11.png,0,0.0036753756885035,test,pbs_imgs,classical_ml,gradient_boosting
D:\Dineth\focus_binary_benchmark\dataset\pbs_imgs\unfocused\FieldPos356_Cam01_RGB_MB\FieldPos356_Cam01_RGB_MB_page_12.png,0,0.0131540496088835,test,pbs_imgs,classical_ml,gradient_boosting
D:\Dineth\focus_binary_benchmark\dataset\pbs_imgs\unfocused\FieldPos356_Cam01_RGB_MB\FieldPos356_Cam01_RGB_MB_page_13.png,0,0.002703835005928,test,pbs_imgs,classical_ml,gradient_boosting
D:\Dineth\focus_binary_benchmark\dataset\pbs_imgs\unfocused\FieldPos356_Cam01_RGB_MB\FieldPos356_Cam01_RGB_MB_page_14.png,0,0.0032749968114915,test,pbs_imgs,classical_ml,gradient_boosting
D:\Dineth\focus_binary_benchmark\dataset\pbs_imgs\unfocused\FieldPos356_Cam01_RGB_MB\FieldPos356_Cam01_RGB_MB_page_15.png,0,0.0055247644540167,test,pbs_imgs,classical_ml,gradient_boosting
D:\Dineth\focus_binary_benchmark\dataset\pbs_imgs\unfocused\FieldPos356_Cam01_RGB_MB\FieldPos356_Cam01_RGB_MB_page_2.png,0,0.4312187749615139,test,pbs_imgs,classical_ml,gradient_boosting
D:\Dineth\focus_binary_benchmark\dataset\pbs_imgs\unfocused\FieldPos356_Cam01_RGB_MB\FieldPos356_Cam01_RGB_MB_page_6.png,0,0.0418966936574611,test,pbs_imgs,classical_ml,gradient_boosting
D:\Dineth\focus_binary_benchmark\dataset\pbs_imgs\unfocused\FieldPos356_Cam01_RGB_MB\FieldPos356_Cam01_RGB_MB_page_7.png,0,0.0005770835382891,test,pbs_imgs,classical_ml,gradient_boosting
D:\Dineth\focus_binary_benchmark\dataset\pbs_imgs\unfocused\FieldPos356_Cam01_RGB_MB\FieldPos356_Cam01_RGB_MB_page_8.png,0,0.0118020729597646,test,pbs_imgs,classical_ml,gradient_boosting
D:\Dineth\focus_binary_benchmark\dataset\pbs_imgs\unfocused\FieldPos356_Cam01_RGB_MB\FieldPos356_Cam01_RGB_MB_page_9.png,0,0.0057257406703172,test,pbs_imgs,classical_ml,gradient_boosting
D:\Dineth\focus_binary_benchmark\dataset\pbs_imgs\unfocused\FieldPos357_Cam01_RGB_MB\FieldPos357_Cam01_RGB_MB_page_1.png,0,0.0085254329302285,test,pbs_imgs,classical_ml,gradient_boosting
D:\Dineth\focus_binary_benchmark\dataset\pbs_imgs\unfocused\FieldPos357_Cam01_RGB_MB\FieldPos357_Cam01_RGB_MB_page_10.png,0,0.010931154174461,test,pbs_imgs,classical_ml,gradient_boosting
D:\Dineth\focus_binary_benchmark\dataset\pbs_imgs\unfocused\FieldPos357_Cam01_RGB_MB\FieldPos357_Cam01_RGB_MB_page_11.png,0,0.0023289303835499,test,pbs_imgs,classical_ml,gradient_boosting
D:\Dineth\focus_binary_benchmark\dataset\pbs_imgs\unfocused\FieldPos357_Cam01_RGB_MB\FieldPos357_Cam01_RGB_MB_page_12.png,0,0.0032749968114915,test,pbs_imgs,classical_ml,gradient_boosting
D:\Dineth\focus_binary_benchmark\dataset\pbs_imgs\unfocused\FieldPos357_Cam01_RGB_MB\FieldPos357_Cam01_RGB_MB_page_13.png,0,0.0042685235762271,test,pbs_imgs,classical_ml,gradient_boosting
D:\Dineth\focus_binary_benchmark\dataset\pbs_imgs\unfocused\FieldPos357_Cam01_RGB_MB\FieldPos357_Cam01_RGB_MB_page_14.png,0,0.0054850647449979,test,pbs_imgs,classical_ml,gradient_boosting
D:\Dineth\focus_binary_benchmark\dataset\pbs_imgs\unfocused\FieldPos357_Cam01_RGB_MB\FieldPos357_Cam01_RGB_MB_page_15.png,0,0.0138769772749614,test,pbs_imgs,classical_ml,gradient_boosting
D:\Dineth\focus_binary_benchmark\dataset\pbs_imgs\unfocused\FieldPos357_Cam01_RGB_MB\FieldPos357_Cam01_RGB_MB_page_2.png,0,0.7865506777209427,test,pbs_imgs,classical_ml,gradient_boosting
D:\Dineth\focus_binary_benchmark\dataset\pbs_imgs\unfocused\FieldPos357_Cam01_RGB_MB\FieldPos357_Cam01_RGB_MB_page_6.png,0,0.4174709093483406,test,pbs_imgs,classical_ml,gradient_boosting
D:\Dineth\focus_binary_benchmark\dataset\pbs_imgs\unfocused\FieldPos357_Cam01_RGB_MB\FieldPos357_Cam01_RGB_MB_page_7.png,0,0.0015244071327668,test,pbs_imgs,classical_ml,gradient_boosting
D:\Dineth\focus_binary_benchmark\dataset\pbs_imgs\unfocused\FieldPos357_Cam01_RGB_MB\FieldPos357_Cam01_RGB_MB_page_8.png,0,0.021303713671586,test,pbs_imgs,classical_ml,gradient_boosting
D:\Dineth\focus_binary_benchmark\dataset\pbs_imgs\unfocused\FieldPos357_Cam01_RGB_MB\FieldPos357_Cam01_RGB_MB_page_9.png,0,0.0054955903082376,test,pbs_imgs,classical_ml,gradient_boosting
D:\Dineth\focus_binary_benchmark\dataset\pbs_imgs\unfocused\FieldPos430_Cam01_RGB_MB\FieldPos430_Cam01_RGB_MB_page_1.png,0,0.0145219696500256,test,pbs_imgs,classical_ml,gradient_boosting
D:\Dineth\focus_binary_benchmark\dataset\pbs_imgs\unfocused\FieldPos430_Cam01_RGB_MB\FieldPos430_Cam01_RGB_MB_page_10.png,0,0.001536972531206,test,pbs_imgs,classical_ml,gradient_boosting
D:\Dineth\focus_binary_benchmark\dataset\pbs_imgs\unfocused\FieldPos430_Cam01_RGB_MB\FieldPos430_Cam01_RGB_MB_page_11.png,0,0.8039104319301522,test,pbs_imgs,classical_ml,gradient_boosting
D:\Dineth\focus_binary_benchmark\dataset\pbs_imgs\unfocused\FieldPos430_Cam01_RGB_MB\FieldPos430_Cam01_RGB_MB_page_12.png,0,0.0079737083580684,test,pbs_imgs,classical_ml,gradient_boosting
D:\Dineth\focus_binary_benchmark\dataset\pbs_imgs\unfocused\FieldPos430_Cam01_RGB_MB\FieldPos430_Cam01_RGB_MB_page_13.png,0,0.0227802390593183,test,pbs_imgs,classical_ml,gradient_boosting
D:\Dineth\focus_binary_benchmark\dataset\pbs_imgs\unfocused\FieldPos430_Cam01_RGB_MB\FieldPos430_Cam01_RGB_MB_page_14.png,0,0.0015050470749524,test,pbs_imgs,classical_ml,gradient_boosting
D:\Dineth\focus_binary_benchmark\dataset\pbs_imgs\unfocused\FieldPos430_Cam01_RGB_MB\FieldPos430_Cam01_RGB_MB_page_15.png,0,0.0032749968114915,test,pbs_imgs,classical_ml,gradient_boosting
D:\Dineth\focus_binary_benchmark\dataset\pbs_imgs\unfocused\FieldPos430_Cam01_RGB_MB\FieldPos430_Cam01_RGB_MB_page_2.png,0,0.0028651109906919,test,pbs_imgs,classical_ml,gradient_boosting
D:\Dineth\focus_binary_benchmark\dataset\pbs_imgs\unfocused\FieldPos430_Cam01_RGB_MB\FieldPos430_Cam01_RGB_MB_page_3.png,0,0.0054955903082376,test,pbs_imgs,classical_ml,gradient_boosting
D:\Dineth\focus_binary_benchmark\dataset\pbs_imgs\unfocused\FieldPos430_Cam01_RGB_MB\FieldPos430_Cam01_RGB_MB_page_4.png,0,0.0330789946389381,test,pbs_imgs,classical_ml,gradient_boosting
D:\Dineth\focus_binary_benchmark\dataset\pbs_imgs\unfocused\FieldPos430_Cam01_RGB_MB\FieldPos430_Cam01_RGB_MB_page_5.png,0,0.0601999739960819,test,pbs_imgs,classical_ml,gradient_boosting
D:\Dineth\focus_binary_benchmark\dataset\pbs_imgs\unfocused\FieldPos430_Cam01_RGB_MB\FieldPos430_Cam01_RGB_MB_page_6.png,0,0.0525409825993552,test,pbs_imgs,classical_ml,gradient_boosting
D:\Dineth\focus_binary_benchmark\dataset\pbs_imgs\unfocused\FieldPos434_Cam01_RGB_MB\FieldPos434_Cam01_RGB_MB_page_1.png,0,0.0054905752900077,test,pbs_imgs,classical_ml,gradient_boosting
D:\Dineth\focus_binary_benchmark\dataset\pbs_imgs\unfocused\FieldPos434_Cam01_RGB_MB\FieldPos434_Cam01_RGB_MB_page_10.png,0,0.0466499719806569,test,pbs_imgs,classical_ml,gradient_boosting
D:\Dineth\focus_binary_benchmark\dataset\pbs_imgs\unfocused\FieldPos434_Cam01_RGB_MB\FieldPos434_Cam01_RGB_MB_page_11.png,0,0.0240946456044254,test,pbs_imgs,classical_ml,gradient_boosting
D:\Dineth\focus_binary_benchmark\dataset\pbs_imgs\unfocused\FieldPos434_Cam01_RGB_MB\FieldPos434_Cam01_RGB_MB_page_12.png,0,0.0018500306079828,test,pbs_imgs,classical_ml,gradient_boosting
D:\Dineth\focus_binary_benchmark\dataset\pbs_imgs\unfocused\FieldPos434_Cam01_RGB_MB\FieldPos434_Cam01_RGB_MB_page_13.png,0,0.1290990946218603,test,pbs_imgs,classical_ml,gradient_boosting
D:\Dineth\focus_binary_benchmark\dataset\pbs_imgs\unfocused\FieldPos434_Cam01_RGB_MB\FieldPos434_Cam01_RGB_MB_page_14.png,0,0.002703835005928,test,pbs_imgs,classical_ml,gradient_boosting
D:\Dineth\focus_binary_benchmark\dataset\pbs_imgs\unfocused\FieldPos434_Cam01_RGB_MB\FieldPos434_Cam01_RGB_MB_page_15.png,0,0.0042356805425585,test,pbs_imgs,classical_ml,gradient_boosting
D:\Dineth\focus_binary_benchmark\dataset\pbs_imgs\unfocused\FieldPos434_Cam01_RGB_MB\FieldPos434_Cam01_RGB_MB_page_2.png,0,0.023627055955753,test,pbs_imgs,classical_ml,gradient_boosting
D:\Dineth\focus_binary_benchmark\dataset\pbs_imgs\unfocused\FieldPos434_Cam01_RGB_MB\FieldPos434_Cam01_RGB_MB_page_3.png,0,0.0356116465176131,test,pbs_imgs,classical_ml,gradient_boosting
D:\Dineth\focus_binary_benchmark\dataset\pbs_imgs\unfocused\FieldPos434_Cam01_RGB_MB\FieldPos434_Cam01_RGB_MB_page_4.png,0,0.025487102859927,test,pbs_imgs,classical_ml,gradient_boosting
D:\Dineth\focus_binary_benchmark\dataset\pbs_imgs\unfocused\FieldPos434_Cam01_RGB_MB\FieldPos434_Cam01_RGB_MB_page_5.png,0,0.0060626175949987,test,pbs_imgs,classical_ml,gradient_boosting
D:\Dineth\focus_binary_benchmark\dataset\pbs_imgs\unfocused\FieldPos434_Cam01_RGB_MB\FieldPos434_Cam01_RGB_MB_page_9.png,0,0.0004562958953343,test,pbs_imgs,classical_ml,gradient_boosting
D:\Dineth\focus_binary_benchmark\dataset\pbs_imgs\unfocused\FieldPos469_Cam01_RGB_MB\FieldPos469_Cam01_RGB_MB_page_1.png,0,0.0253438005558132,test,pbs_imgs,classical_ml,gradient_boosting
D:\Dineth\focus_binary_benchmark\dataset\pbs_imgs\unfocused\FieldPos469_Cam01_RGB_MB\FieldPos469_Cam01_RGB_MB_page_13.png,0,0.095077727256624,test,pbs_imgs,classical_ml,gradient_boosting
D:\Dineth\focus_binary_benchmark\dataset\pbs_imgs\unfocused\FieldPos469_Cam01_RGB_MB\FieldPos469_Cam01_RGB_MB_page_14.png,0,0.0383356091866609,test,pbs_imgs,classical_ml,gradient_boosting
D:\Dineth\focus_binary_benchmark\dataset\pbs_imgs\unfocused\FieldPos469_Cam01_RGB_MB\FieldPos469_Cam01_RGB_MB_page_15.png,0,0.0548047976254627,test,pbs_imgs,classical_ml,gradient_boosting
D:\Dineth\focus_binary_benchmark\dataset\pbs_imgs\unfocused\FieldPos469_Cam01_RGB_MB\FieldPos469_Cam01_RGB_MB_page_2.png,0,0.0223563138953792,test,pbs_imgs,classical_ml,gradient_boosting
D:\Dineth\focus_binary_benchmark\dataset\pbs_imgs\unfocused\FieldPos469_Cam01_RGB_MB\FieldPos469_Cam01_RGB_MB_page_3.png,0,0.0139432890448273,test,pbs_imgs,classical_ml,gradient_boosting
D:\Dineth\focus_binary_benchmark\dataset\pbs_imgs\unfocused\FieldPos469_Cam01_RGB_MB\FieldPos469_Cam01_RGB_MB_page_4.png,0,0.0122858870921642,test,pbs_imgs,classical_ml,gradient_boosting
D:\Dineth\focus_binary_benchmark\dataset\pbs_imgs\unfocused\FieldPos469_Cam01_RGB_MB\FieldPos469_Cam01_RGB_MB_page_5.png,0,0.0041693687351785,test,pbs_imgs,classical_ml,gradient_boosting
D:\Dineth\focus_binary_benchmark\dataset\pbs_imgs\unfocused\FieldPos469_Cam01_RGB_MB\FieldPos469_Cam01_RGB_MB_page_6.png,0,0.0044988983402182,test,pbs_imgs,classical_ml,gradient_boosting
D:\Dineth\focus_binary_benchmark\dataset\pbs_imgs\unfocused\FieldPos469_Cam01_RGB_MB\FieldPos469_Cam01_RGB_MB_page_7.png,0,0.0510233477179024,test,pbs_imgs,classical_ml,gradient_boosting
D:\Dineth\focus_binary_benchmark\dataset\pbs_imgs\unfocused\FieldPos469_Cam01_RGB_MB\FieldPos469_Cam01_RGB_MB_page_8.png,0,0.1045922127031574,test,pbs_imgs,classical_ml,gradient_boosting
D:\Dineth\focus_binary_benchmark\dataset\pbs_imgs\unfocused\FieldPos469_Cam01_RGB_MB\FieldPos469_Cam01_RGB_MB_page_9.png,0,0.4116760339430689,test,pbs_imgs,classical_ml,gradient_boosting
D:\Dineth\focus_binary_benchmark\dataset\tbf_imgs\focused\FieldPos000 (4)\FieldPos000 (4)_page_7.png,1,0.4587920282592404,test,tbf_imgs,classical_ml,gradient_boosting
D:\Dineth\focus_binary_benchmark\dataset\tbf_imgs\focused\FieldPos002 (2)\FieldPos002 (2)_page_7.png,1,0.4587920282592404,test,tbf_imgs,classical_ml,gradient_boosting
D:\Dineth\focus_binary_benchmark\dataset\tbf_imgs\focused\FieldPos002 (3)\FieldPos002 (3)_page_8.png,1,0.4587920282592404,test,tbf_imgs,classical_ml,gradient_boosting
D:\Dineth\focus_binary_benchmark\dataset\tbf_imgs\focused\FieldPos003 (4)\FieldPos003 (4)_page_7.png,1,0.4587920282592404,test,tbf_imgs,classical_ml,gradient_boosting
D:\Dineth\focus_binary_benchmark\dataset\tbf_imgs\focused\FieldPos004 (3)\FieldPos004 (3)_page_7.png,1,0.4587920282592404,test,tbf_imgs,classical_ml,gradient_boosting
D:\Dineth\focus_binary_benchmark\dataset\tbf_imgs\focused\FieldPos007 (3)\FieldPos007 (3)_page_6.png,1,0.4587920282592404,test,tbf_imgs,classical_ml,gradient_boosting
D:\Dineth\focus_binary_benchmark\dataset\tbf_imgs\focused\FieldPos008\FieldPos008_page_7.png,1,0.4587920282592404,test,tbf_imgs,classical_ml,gradient_boosting
D:\Dineth\focus_binary_benchmark\dataset\tbf_imgs\focused\FieldPos010\FieldPos010_page_7.png,1,0.4587920282592404,test,tbf_imgs,classical_ml,gradient_boosting
D:\Dineth\focus_binary_benchmark\dataset\tbf_imgs\focused\FieldPos018 (2)\FieldPos018 (2)_page_6.png,1,0.4587920282592404,test,tbf_imgs,classical_ml,gradient_boosting
D:\Dineth\focus_binary_benchmark\dataset\tbf_imgs\focused\FieldPos019 (2)\FieldPos019 (2)_page_6.png,1,0.4587920282592404,test,tbf_imgs,classical_ml,gradient_boosting
D:\Dineth\focus_binary_benchmark\dataset\tbf_imgs\focused\FieldPos023\FieldPos023_page_6.png,1,0.4587920282592404,test,tbf_imgs,classical_ml,gradient_boosting
D:\Dineth\focus_binary_benchmark\dataset\tbf_imgs\focused\FieldPos029\FieldPos029_page_8.png,1,0.4587920282592404,test,tbf_imgs,classical_ml,gradient_boosting
D:\Dineth\focus_binary_benchmark\dataset\tbf_imgs\focused\FieldPos033 (2)\FieldPos033 (2)_page_8.png,1,0.4587920282592404,test,tbf_imgs,classical_ml,gradient_boosting
D:\Dineth\focus_binary_benchmark\dataset\tbf_imgs\focused\FieldPos036\FieldPos036_page_8.png,1,0.4587920282592404,test,tbf_imgs,classical_ml,gradient_boosting
D:\Dineth\focus_binary_benchmark\dataset\tbf_imgs\focused\FieldPos038\FieldPos038_page_7.png,1,0.4587920282592404,test,tbf_imgs,classical_ml,gradient_boosting
D:\Dineth\focus_binary_benchmark\dataset\tbf_imgs\focused\FieldPos040\FieldPos040_page_7.png,1,0.4587920282592404,test,tbf_imgs,classical_ml,gradient_boosting
D:\Dineth\focus_binary_benchmark\dataset\tbf_imgs\focused\FieldPos044\FieldPos044_page_8.png,1,0.4587920282592404,test,tbf_imgs,classical_ml,gradient_boosting
D:\Dineth\focus_binary_benchmark\dataset\tbf_imgs\focused\FieldPos053\FieldPos053_page_7.png,1,0.4587920282592404,test,tbf_imgs,classical_ml,gradient_boosting
D:\Dineth\focus_binary_benchmark\dataset\tbf_imgs\focused\FieldPos059\FieldPos059_page_6.png,1,0.4587920282592404,test,tbf_imgs,classical_ml,gradient_boosting
D:\Dineth\focus_binary_benchmark\dataset\tbf_imgs\focused\FieldPos066\FieldPos066_page_6.png,1,0.4587920282592404,test,tbf_imgs,classical_ml,gradient_boosting
D:\Dineth\focus_binary_benchmark\dataset\tbf_imgs\focused\FieldPos069\FieldPos069_page_5.png,1,0.4587920282592404,test,tbf_imgs,classical_ml,gradient_boosting
D:\Dineth\focus_binary_benchmark\dataset\tbf_imgs\focused\FieldPos074\FieldPos074_page_6.png,1,0.4587920282592404,test,tbf_imgs,classical_ml,gradient_boosting
D:\Dineth\focus_binary_benchmark\dataset\tbf_imgs\focused\FieldPos082\FieldPos082_page_6.png,1,0.4587920282592404,test,tbf_imgs,classical_ml,gradient_boosting
D:\Dineth\focus_binary_benchmark\dataset\tbf_imgs\focused\FieldPos103\FieldPos103_page_8.png,1,0.4587920282592404,test,tbf_imgs,classical_ml,gradient_boosting
D:\Dineth\focus_binary_benchmark\dataset\tbf_imgs\focused\FieldPos104\FieldPos104_page_7.png,1,0.4587920282592404,test,tbf_imgs,classical_ml,gradient_boosting
D:\Dineth\focus_binary_benchmark\dataset\tbf_imgs\focused\FieldPos107\FieldPos107_page_5.png,1,0.4587920282592404,test,tbf_imgs,classical_ml,gradient_boosting
D:\Dineth\focus_binary_benchmark\dataset\tbf_imgs\focused\FieldPos200\FieldPos200_page_7.png,1,0.4587920282592404,test,tbf_imgs,classical_ml,gradient_boosting
D:\Dineth\focus_binary_benchmark\dataset\tbf_imgs\focused\FieldPos203\FieldPos203_page_7.png,1,0.4587920282592404,test,tbf_imgs,classical_ml,gradient_boosting
D:\Dineth\focus_binary_benchmark\dataset\tbf_imgs\unfocused\FieldPos000 (4)\FieldPos000 (4)_page_1.png,0,0.4587920282592404,test,tbf_imgs,classical_ml,gradient_boosting
D:\Dineth\focus_binary_benchmark\dataset\tbf_imgs\unfocused\FieldPos000 (4)\FieldPos000 (4)_page_10.png,0,0.4587920282592404,test,tbf_imgs,classical_ml,gradient_boosting
D:\Dineth\focus_binary_benchmark\dataset\tbf_imgs\unfocused\FieldPos000 (4)\FieldPos000 (4)_page_11.png,0,0.4587920282592404,test,tbf_imgs,classical_ml,gradient_boosting
D:\Dineth\focus_binary_benchmark\dataset\tbf_imgs\unfocused\FieldPos000 (4)\FieldPos000 (4)_page_12.png,0,0.4587920282592404,test,tbf_imgs,classical_ml,gradient_boosting
D:\Dineth\focus_binary_benchmark\dataset\tbf_imgs\unfocused\FieldPos000 (4)\FieldPos000 (4)_page_13.png,0,0.4587920282592404,test,tbf_imgs,classical_ml,gradient_boosting
D:\Dineth\focus_binary_benchmark\dataset\tbf_imgs\unfocused\FieldPos000 (4)\FieldPos000 (4)_page_14.png,0,0.4587920282592404,test,tbf_imgs,classical_ml,gradient_boosting
D:\Dineth\focus_binary_benchmark\dataset\tbf_imgs\unfocused\FieldPos000 (4)\FieldPos000 (4)_page_2.png,0,0.4587920282592404,test,tbf_imgs,classical_ml,gradient_boosting
D:\Dineth\focus_binary_benchmark\dataset\tbf_imgs\unfocused\FieldPos000 (4)\FieldPos000 (4)_page_3.png,0,0.4587920282592404,test,tbf_imgs,classical_ml,gradient_boosting
D:\Dineth\focus_binary_benchmark\dataset\tbf_imgs\unfocused\FieldPos000 (4)\FieldPos000 (4)_page_4.png,0,0.4587920282592404,test,tbf_imgs,classical_ml,gradient_boosting
D:\Dineth\focus_binary_benchmark\dataset\tbf_imgs\unfocused\FieldPos000 (4)\FieldPos000 (4)_page_5.png,0,0.4587920282592404,test,tbf_imgs,classical_ml,gradient_boosting
D:\Dineth\focus_binary_benchmark\dataset\tbf_imgs\unfocused\FieldPos000 (4)\FieldPos000 (4)_page_9.png,0,0.4587920282592404,test,tbf_imgs,classical_ml,gradient_boosting
D:\Dineth\focus_binary_benchmark\dataset\tbf_imgs\unfocused\FieldPos002 (2)\FieldPos002 (2)_page_1.png,0,0.4587920282592404,test,tbf_imgs,classical_ml,gradient_boosting
D:\Dineth\focus_binary_benchmark\dataset\tbf_imgs\unfocused\FieldPos002 (2)\FieldPos002 (2)_page_10.png,0,0.4587920282592404,test,tbf_imgs,classical_ml,gradient_boosting
D:\Dineth\focus_binary_benchmark\dataset\tbf_imgs\unfocused\FieldPos002 (2)\FieldPos002 (2)_page_11.png,0,0.4587920282592404,test,tbf_imgs,classical_ml,gradient_boosting
D:\Dineth\focus_binary_benchmark\dataset\tbf_imgs\unfocused\FieldPos002 (2)\FieldPos002 (2)_page_12.png,0,0.4587920282592404,test,tbf_imgs,classical_ml,gradient_boosting
D:\Dineth\focus_binary_benchmark\dataset\tbf_imgs\unfocused\FieldPos002 (2)\FieldPos002 (2)_page_13.png,0,0.4587920282592404,test,tbf_imgs,classical_ml,gradient_boosting
D:\Dineth\focus_binary_benchmark\dataset\tbf_imgs\unfocused\FieldPos002 (2)\FieldPos002 (2)_page_14.png,0,0.4587920282592404,test,tbf_imgs,classical_ml,gradient_boosting
D:\Dineth\focus_binary_benchmark\dataset\tbf_imgs\unfocused\FieldPos002 (2)\FieldPos002 (2)_page_2.png,0,0.4587920282592404,test,tbf_imgs,classical_ml,gradient_boosting
D:\Dineth\focus_binary_benchmark\dataset\tbf_imgs\unfocused\FieldPos002 (2)\FieldPos002 (2)_page_3.png,0,0.4587920282592404,test,tbf_imgs,classical_ml,gradient_boosting
D:\Dineth\focus_binary_benchmark\dataset\tbf_imgs\unfocused\FieldPos002 (2)\FieldPos002 (2)_page_4.png,0,0.4587920282592404,test,tbf_imgs,classical_ml,gradient_boosting
D:\Dineth\focus_binary_benchmark\dataset\tbf_imgs\unfocused\FieldPos002 (2)\FieldPos002 (2)_page_5.png,0,0.4587920282592404,test,tbf_imgs,classical_ml,gradient_boosting
D:\Dineth\focus_binary_benchmark\dataset\tbf_imgs\unfocused\FieldPos002 (2)\FieldPos002 (2)_page_9.png,0,0.4587920282592404,test,tbf_imgs,classical_ml,gradient_boosting
D:\Dineth\focus_binary_benchmark\dataset\tbf_imgs\unfocused\FieldPos002 (3)\FieldPos002 (3)_page_1.png,0,0.4587920282592404,test,tbf_imgs,classical_ml,gradient_boosting
D:\Dineth\focus_binary_benchmark\dataset\tbf_imgs\unfocused\FieldPos002 (3)\FieldPos002 (3)_page_10.png,0,0.4587920282592404,test,tbf_imgs,classical_ml,gradient_boosting
D:\Dineth\focus_binary_benchmark\dataset\tbf_imgs\unfocused\FieldPos002 (3)\FieldPos002 (3)_page_11.png,0,0.4587920282592404,test,tbf_imgs,classical_ml,gradient_boosting
D:\Dineth\focus_binary_benchmark\dataset\tbf_imgs\unfocused\FieldPos002 (3)\FieldPos002 (3)_page_12.png,0,0.4587920282592404,test,tbf_imgs,classical_ml,gradient_boosting
D:\Dineth\focus_binary_benchmark\dataset\tbf_imgs\unfocused\FieldPos002 (3)\FieldPos002 (3)_page_13.png,0,0.4587920282592404,test,tbf_imgs,classical_ml,gradient_boosting
D:\Dineth\focus_binary_benchmark\dataset\tbf_imgs\unfocused\FieldPos002 (3)\FieldPos002 (3)_page_14.png,0,0.4587920282592404,test,tbf_imgs,classical_ml,gradient_boosting
D:\Dineth\focus_binary_benchmark\dataset\tbf_imgs\unfocused\FieldPos002 (3)\FieldPos002 (3)_page_2.png,0,0.4587920282592404,test,tbf_imgs,classical_ml,gradient_boosting
D:\Dineth\focus_binary_benchmark\dataset\tbf_imgs\unfocused\FieldPos002 (3)\FieldPos002 (3)_page_3.png,0,0.4587920282592404,test,tbf_imgs,classical_ml,gradient_boosting
D:\Dineth\focus_binary_benchmark\dataset\tbf_imgs\unfocused\FieldPos002 (3)\FieldPos002 (3)_page_4.png,0,0.4587920282592404,test,tbf_imgs,classical_ml,gradient_boosting
D:\Dineth\focus_binary_benchmark\dataset\tbf_imgs\unfocused\FieldPos002 (3)\FieldPos002 (3)_page_5.png,0,0.4587920282592404,test,tbf_imgs,classical_ml,gradient_boosting
D:\Dineth\focus_binary_benchmark\dataset\tbf_imgs\unfocused\FieldPos002 (3)\FieldPos002 (3)_page_6.png,0,0.4587920282592404,test,tbf_imgs,classical_ml,gradient_boosting
D:\Dineth\focus_binary_benchmark\dataset\tbf_imgs\unfocused\FieldPos003 (4)\FieldPos003 (4)_page_1.png,0,0.4587920282592404,test,tbf_imgs,classical_ml,gradient_boosting
D:\Dineth\focus_binary_benchmark\dataset\tbf_imgs\unfocused\FieldPos003 (4)\FieldPos003 (4)_page_10.png,0,0.4587920282592404,test,tbf_imgs,classical_ml,gradient_boosting
D:\Dineth\focus_binary_benchmark\dataset\tbf_imgs\unfocused\FieldPos003 (4)\FieldPos003 (4)_page_11.png,0,0.4587920282592404,test,tbf_imgs,classical_ml,gradient_boosting
D:\Dineth\focus_binary_benchmark\dataset\tbf_imgs\unfocused\FieldPos003 (4)\FieldPos003 (4)_page_12.png,0,0.4587920282592404,test,tbf_imgs,classical_ml,gradient_boosting
D:\Dineth\focus_binary_benchmark\dataset\tbf_imgs\unfocused\FieldPos003 (4)\FieldPos003 (4)_page_13.png,0,0.4587920282592404,test,tbf_imgs,classical_ml,gradient_boosting
D:\Dineth\focus_binary_benchmark\dataset\tbf_imgs\unfocused\FieldPos003 (4)\FieldPos003 (4)_page_14.png,0,0.4587920282592404,test,tbf_imgs,classical_ml,gradient_boosting
D:\Dineth\focus_binary_benchmark\dataset\tbf_imgs\unfocused\FieldPos003 (4)\FieldPos003 (4)_page_2.png,0,0.4587920282592404,test,tbf_imgs,classical_ml,gradient_boosting
D:\Dineth\focus_binary_benchmark\dataset\tbf_imgs\unfocused\FieldPos003 (4)\FieldPos003 (4)_page_3.png,0,0.4587920282592404,test,tbf_imgs,classical_ml,gradient_boosting
D:\Dineth\focus_binary_benchmark\dataset\tbf_imgs\unfocused\FieldPos003 (4)\FieldPos003 (4)_page_4.png,0,0.4587920282592404,test,tbf_imgs,classical_ml,gradient_boosting
D:\Dineth\focus_binary_benchmark\dataset\tbf_imgs\unfocused\FieldPos003 (4)\FieldPos003 (4)_page_5.png,0,0.4587920282592404,test,tbf_imgs,classical_ml,gradient_boosting
D:\Dineth\focus_binary_benchmark\dataset\tbf_imgs\unfocused\FieldPos003 (4)\FieldPos003 (4)_page_9.png,0,0.4587920282592404,test,tbf_imgs,classical_ml,gradient_boosting
D:\Dineth\focus_binary_benchmark\dataset\tbf_imgs\unfocused\FieldPos004 (3)\FieldPos004 (3)_page_1.png,0,0.4587920282592404,test,tbf_imgs,classical_ml,gradient_boosting
D:\Dineth\focus_binary_benchmark\dataset\tbf_imgs\unfocused\FieldPos004 (3)\FieldPos004 (3)_page_10.png,0,0.4587920282592404,test,tbf_imgs,classical_ml,gradient_boosting
D:\Dineth\focus_binary_benchmark\dataset\tbf_imgs\unfocused\FieldPos004 (3)\FieldPos004 (3)_page_11.png,0,0.4587920282592404,test,tbf_imgs,classical_ml,gradient_boosting
D:\Dineth\focus_binary_benchmark\dataset\tbf_imgs\unfocused\FieldPos004 (3)\FieldPos004 (3)_page_12.png,0,0.4587920282592404,test,tbf_imgs,classical_ml,gradient_boosting
D:\Dineth\focus_binary_benchmark\dataset\tbf_imgs\unfocused\FieldPos004 (3)\FieldPos004 (3)_page_13.png,0,0.4587920282592404,test,tbf_imgs,classical_ml,gradient_boosting
D:\Dineth\focus_binary_benchmark\dataset\tbf_imgs\unfocused\FieldPos004 (3)\FieldPos004 (3)_page_14.png,0,0.4587920282592404,test,tbf_imgs,classical_ml,gradient_boosting
D:\Dineth\focus_binary_benchmark\dataset\tbf_imgs\unfocused\FieldPos004 (3)\FieldPos004 (3)_page_2.png,0,0.4587920282592404,test,tbf_imgs,classical_ml,gradient_boosting
D:\Dineth\focus_binary_benchmark\dataset\tbf_imgs\unfocused\FieldPos004 (3)\FieldPos004 (3)_page_3.png,0,0.4587920282592404,test,tbf_imgs,classical_ml,gradient_boosting
D:\Dineth\focus_binary_benchmark\dataset\tbf_imgs\unfocused\FieldPos004 (3)\FieldPos004 (3)_page_4.png,0,0.4587920282592404,test,tbf_imgs,classical_ml,gradient_boosting
D:\Dineth\focus_binary_benchmark\dataset\tbf_imgs\unfocused\FieldPos004 (3)\FieldPos004 (3)_page_5.png,0,0.4587920282592404,test,tbf_imgs,classical_ml,gradient_boosting
D:\Dineth\focus_binary_benchmark\dataset\tbf_imgs\unfocused\FieldPos004 (3)\FieldPos004 (3)_page_9.png,0,0.4587920282592404,test,tbf_imgs,classical_ml,gradient_boosting
D:\Dineth\focus_binary_benchmark\dataset\tbf_imgs\unfocused\FieldPos007 (3)\FieldPos007 (3)_page_1.png,0,0.4587920282592404,test,tbf_imgs,classical_ml,gradient_boosting
D:\Dineth\focus_binary_benchmark\dataset\tbf_imgs\unfocused\FieldPos007 (3)\FieldPos007 (3)_page_10.png,0,0.4587920282592404,test,tbf_imgs,classical_ml,gradient_boosting
D:\Dineth\focus_binary_benchmark\dataset\tbf_imgs\unfocused\FieldPos007 (3)\FieldPos007 (3)_page_11.png,0,0.4587920282592404,test,tbf_imgs,classical_ml,gradient_boosting
D:\Dineth\focus_binary_benchmark\dataset\tbf_imgs\unfocused\FieldPos007 (3)\FieldPos007 (3)_page_12.png,0,0.4587920282592404,test,tbf_imgs,classical_ml,gradient_boosting
D:\Dineth\focus_binary_benchmark\dataset\tbf_imgs\unfocused\FieldPos007 (3)\FieldPos007 (3)_page_13.png,0,0.4587920282592404,test,tbf_imgs,classical_ml,gradient_boosting
D:\Dineth\focus_binary_benchmark\dataset\tbf_imgs\unfocused\FieldPos007 (3)\FieldPos007 (3)_page_14.png,0,0.4587920282592404,test,tbf_imgs,classical_ml,gradient_boosting
D:\Dineth\focus_binary_benchmark\dataset\tbf_imgs\unfocused\FieldPos007 (3)\FieldPos007 (3)_page_2.png,0,0.4587920282592404,test,tbf_imgs,classical_ml,gradient_boosting
D:\Dineth\focus_binary_benchmark\dataset\tbf_imgs\unfocused\FieldPos007 (3)\FieldPos007 (3)_page_3.png,0,0.4587920282592404,test,tbf_imgs,classical_ml,gradient_boosting
D:\Dineth\focus_binary_benchmark\dataset\tbf_imgs\unfocused\FieldPos007 (3)\FieldPos007 (3)_page_4.png,0,0.4587920282592404,test,tbf_imgs,classical_ml,gradient_boosting
D:\Dineth\focus_binary_benchmark\dataset\tbf_imgs\unfocused\FieldPos007 (3)\FieldPos007 (3)_page_8.png,0,0.4587920282592404,test,tbf_imgs,classical_ml,gradient_boosting
D:\Dineth\focus_binary_benchmark\dataset\tbf_imgs\unfocused\FieldPos007 (3)\FieldPos007 (3)_page_9.png,0,0.4587920282592404,test,tbf_imgs,classical_ml,gradient_boosting
D:\Dineth\focus_binary_benchmark\dataset\tbf_imgs\unfocused\FieldPos008\FieldPos008_page_1.png,0,0.4587920282592404,test,tbf_imgs,classical_ml,gradient_boosting
D:\Dineth\focus_binary_benchmark\dataset\tbf_imgs\unfocused\FieldPos008\FieldPos008_page_10.png,0,0.4587920282592404,test,tbf_imgs,classical_ml,gradient_boosting
D:\Dineth\focus_binary_benchmark\dataset\tbf_imgs\unfocused\FieldPos008\FieldPos008_page_11.png,0,0.4587920282592404,test,tbf_imgs,classical_ml,gradient_boosting
D:\Dineth\focus_binary_benchmark\dataset\tbf_imgs\unfocused\FieldPos008\FieldPos008_page_12.png,0,0.4587920282592404,test,tbf_imgs,classical_ml,gradient_boosting
D:\Dineth\focus_binary_benchmark\dataset\tbf_imgs\unfocused\FieldPos008\FieldPos008_page_13.png,0,0.4587920282592404,test,tbf_imgs,classical_ml,gradient_boosting
D:\Dineth\focus_binary_benchmark\dataset\tbf_imgs\unfocused\FieldPos008\FieldPos008_page_14.png,0,0.4587920282592404,test,tbf_imgs,classical_ml,gradient_boosting
D:\Dineth\focus_binary_benchmark\dataset\tbf_imgs\unfocused\FieldPos008\FieldPos008_page_2.png,0,0.4587920282592404,test,tbf_imgs,classical_ml,gradient_boosting
D:\Dineth\focus_binary_benchmark\dataset\tbf_imgs\unfocused\FieldPos008\FieldPos008_page_3.png,0,0.4587920282592404,test,tbf_imgs,classical_ml,gradient_boosting
D:\Dineth\focus_binary_benchmark\dataset\tbf_imgs\unfocused\FieldPos008\FieldPos008_page_4.png,0,0.4587920282592404,test,tbf_imgs,classical_ml,gradient_boosting
D:\Dineth\focus_binary_benchmark\dataset\tbf_imgs\unfocused\FieldPos008\FieldPos008_page_5.png,0,0.4587920282592404,test,tbf_imgs,classical_ml,gradient_boosting
D:\Dineth\focus_binary_benchmark\dataset\tbf_imgs\unfocused\FieldPos008\FieldPos008_page_9.png,0,0.4587920282592404,test,tbf_imgs,classical_ml,gradient_boosting
D:\Dineth\focus_binary_benchmark\dataset\tbf_imgs\unfocused\FieldPos010\FieldPos010_page_1.png,0,0.4587920282592404,test,tbf_imgs,classical_ml,gradient_boosting
D:\Dineth\focus_binary_benchmark\dataset\tbf_imgs\unfocused\FieldPos010\FieldPos010_page_10.png,0,0.4587920282592404,test,tbf_imgs,classical_ml,gradient_boosting
D:\Dineth\focus_binary_benchmark\dataset\tbf_imgs\unfocused\FieldPos010\FieldPos010_page_11.png,0,0.4587920282592404,test,tbf_imgs,classical_ml,gradient_boosting
D:\Dineth\focus_binary_benchmark\dataset\tbf_imgs\unfocused\FieldPos010\FieldPos010_page_12.png,0,0.4587920282592404,test,tbf_imgs,classical_ml,gradient_boosting
D:\Dineth\focus_binary_benchmark\dataset\tbf_imgs\unfocused\FieldPos010\FieldPos010_page_13.png,0,0.4587920282592404,test,tbf_imgs,classical_ml,gradient_boosting
D:\Dineth\focus_binary_benchmark\dataset\tbf_imgs\unfocused\FieldPos010\FieldPos010_page_14.png,0,0.4587920282592404,test,tbf_imgs,classical_ml,gradient_boosting
D:\Dineth\focus_binary_benchmark\dataset\tbf_imgs\unfocused\FieldPos010\FieldPos010_page_2.png,0,0.4587920282592404,test,tbf_imgs,classical_ml,gradient_boosting
D:\Dineth\focus_binary_benchmark\dataset\tbf_imgs\unfocused\FieldPos010\FieldPos010_page_3.png,0,0.4587920282592404,test,tbf_imgs,classical_ml,gradient_boosting
D:\Dineth\focus_binary_benchmark\dataset\tbf_imgs\unfocused\FieldPos010\FieldPos010_page_4.png,0,0.4587920282592404,test,tbf_imgs,classical_ml,gradient_boosting
D:\Dineth\focus_binary_benchmark\dataset\tbf_imgs\unfocused\FieldPos010\FieldPos010_page_5.png,0,0.4587920282592404,test,tbf_imgs,classical_ml,gradient_boosting
D:\Dineth\focus_binary_benchmark\dataset\tbf_imgs\unfocused\FieldPos010\FieldPos010_page_9.png,0,0.4587920282592404,test,tbf_imgs,classical_ml,gradient_boosting
D:\Dineth\focus_binary_benchmark\dataset\tbf_imgs\unfocused\FieldPos018 (2)\FieldPos018 (2)_page_1.png,0,0.4587920282592404,test,tbf_imgs,classical_ml,gradient_boosting
D:\Dineth\focus_binary_benchmark\dataset\tbf_imgs\unfocused\FieldPos018 (2)\FieldPos018 (2)_page_10.png,0,0.4587920282592404,test,tbf_imgs,classical_ml,gradient_boosting
D:\Dineth\focus_binary_benchmark\dataset\tbf_imgs\unfocused\FieldPos018 (2)\FieldPos018 (2)_page_11.png,0,0.4587920282592404,test,tbf_imgs,classical_ml,gradient_boosting
D:\Dineth\focus_binary_benchmark\dataset\tbf_imgs\unfocused\FieldPos018 (2)\FieldPos018 (2)_page_12.png,0,0.4587920282592404,test,tbf_imgs,classical_ml,gradient_boosting
D:\Dineth\focus_binary_benchmark\dataset\tbf_imgs\unfocused\FieldPos018 (2)\FieldPos018 (2)_page_13.png,0,0.4587920282592404,test,tbf_imgs,classical_ml,gradient_boosting
D:\Dineth\focus_binary_benchmark\dataset\tbf_imgs\unfocused\FieldPos018 (2)\FieldPos018 (2)_page_14.png,0,0.4587920282592404,test,tbf_imgs,classical_ml,gradient_boosting
D:\Dineth\focus_binary_benchmark\dataset\tbf_imgs\unfocused\FieldPos018 (2)\FieldPos018 (2)_page_2.png,0,0.4587920282592404,test,tbf_imgs,classical_ml,gradient_boosting
D:\Dineth\focus_binary_benchmark\dataset\tbf_imgs\unfocused\FieldPos018 (2)\FieldPos018 (2)_page_3.png,0,0.4587920282592404,test,tbf_imgs,classical_ml,gradient_boosting
D:\Dineth\focus_binary_benchmark\dataset\tbf_imgs\unfocused\FieldPos018 (2)\FieldPos018 (2)_page_4.png,0,0.4587920282592404,test,tbf_imgs,classical_ml,gradient_boosting
D:\Dineth\focus_binary_benchmark\dataset\tbf_imgs\unfocused\FieldPos018 (2)\FieldPos018 (2)_page_8.png,0,0.4587920282592404,test,tbf_imgs,classical_ml,gradient_boosting
D:\Dineth\focus_binary_benchmark\dataset\tbf_imgs\unfocused\FieldPos018 (2)\FieldPos018 (2)_page_9.png,0,0.4587920282592404,test,tbf_imgs,classical_ml,gradient_boosting
D:\Dineth\focus_binary_benchmark\dataset\tbf_imgs\unfocused\FieldPos019 (2)\FieldPos019 (2)_page_1.png,0,0.4587920282592404,test,tbf_imgs,classical_ml,gradient_boosting
D:\Dineth\focus_binary_benchmark\dataset\tbf_imgs\unfocused\FieldPos019 (2)\FieldPos019 (2)_page_10.png,0,0.4587920282592404,test,tbf_imgs,classical_ml,gradient_boosting
D:\Dineth\focus_binary_benchmark\dataset\tbf_imgs\unfocused\FieldPos019 (2)\FieldPos019 (2)_page_11.png,0,0.4587920282592404,test,tbf_imgs,classical_ml,gradient_boosting
D:\Dineth\focus_binary_benchmark\dataset\tbf_imgs\unfocused\FieldPos019 (2)\FieldPos019 (2)_page_12.png,0,0.4587920282592404,test,tbf_imgs,classical_ml,gradient_boosting
D:\Dineth\focus_binary_benchmark\dataset\tbf_imgs\unfocused\FieldPos019 (2)\FieldPos019 (2)_page_13.png,0,0.4587920282592404,test,tbf_imgs,classical_ml,gradient_boosting
D:\Dineth\focus_binary_benchmark\dataset\tbf_imgs\unfocused\FieldPos019 (2)\FieldPos019 (2)_page_14.png,0,0.4587920282592404,test,tbf_imgs,classical_ml,gradient_boosting
D:\Dineth\focus_binary_benchmark\dataset\tbf_imgs\unfocused\FieldPos019 (2)\FieldPos019 (2)_page_2.png,0,0.4587920282592404,test,tbf_imgs,classical_ml,gradient_boosting
D:\Dineth\focus_binary_benchmark\dataset\tbf_imgs\unfocused\FieldPos019 (2)\FieldPos019 (2)_page_3.png,0,0.4587920282592404,test,tbf_imgs,classical_ml,gradient_boosting
D:\Dineth\focus_binary_benchmark\dataset\tbf_imgs\unfocused\FieldPos019 (2)\FieldPos019 (2)_page_4.png,0,0.4587920282592404,test,tbf_imgs,classical_ml,gradient_boosting
D:\Dineth\focus_binary_benchmark\dataset\tbf_imgs\unfocused\FieldPos019 (2)\FieldPos019 (2)_page_8.png,0,0.4587920282592404,test,tbf_imgs,classical_ml,gradient_boosting
D:\Dineth\focus_binary_benchmark\dataset\tbf_imgs\unfocused\FieldPos019 (2)\FieldPos019 (2)_page_9.png,0,0.4587920282592404,test,tbf_imgs,classical_ml,gradient_boosting
D:\Dineth\focus_binary_benchmark\dataset\tbf_imgs\unfocused\FieldPos023\FieldPos023_page_1.png,0,0.4587920282592404,test,tbf_imgs,classical_ml,gradient_boosting
D:\Dineth\focus_binary_benchmark\dataset\tbf_imgs\unfocused\FieldPos023\FieldPos023_page_10.png,0,0.4587920282592404,test,tbf_imgs,classical_ml,gradient_boosting
D:\Dineth\focus_binary_benchmark\dataset\tbf_imgs\unfocused\FieldPos023\FieldPos023_page_11.png,0,0.4587920282592404,test,tbf_imgs,classical_ml,gradient_boosting
D:\Dineth\focus_binary_benchmark\dataset\tbf_imgs\unfocused\FieldPos023\FieldPos023_page_12.png,0,0.4587920282592404,test,tbf_imgs,classical_ml,gradient_boosting
D:\Dineth\focus_binary_benchmark\dataset\tbf_imgs\unfocused\FieldPos023\FieldPos023_page_13.png,0,0.4587920282592404,test,tbf_imgs,classical_ml,gradient_boosting
D:\Dineth\focus_binary_benchmark\dataset\tbf_imgs\unfocused\FieldPos023\FieldPos023_page_14.png,0,0.4587920282592404,test,tbf_imgs,classical_ml,gradient_boosting
D:\Dineth\focus_binary_benchmark\dataset\tbf_imgs\unfocused\FieldPos023\FieldPos023_page_2.png,0,0.4587920282592404,test,tbf_imgs,classical_ml,gradient_boosting
D:\Dineth\focus_binary_benchmark\dataset\tbf_imgs\unfocused\FieldPos023\FieldPos023_page_3.png,0,0.4587920282592404,test,tbf_imgs,classical_ml,gradient_boosting
D:\Dineth\focus_binary_benchmark\dataset\tbf_imgs\unfocused\FieldPos023\FieldPos023_page_4.png,0,0.4587920282592404,test,tbf_imgs,classical_ml,gradient_boosting
D:\Dineth\focus_binary_benchmark\dataset\tbf_imgs\unfocused\FieldPos023\FieldPos023_page_8.png,0,0.4587920282592404,test,tbf_imgs,classical_ml,gradient_boosting
D:\Dineth\focus_binary_benchmark\dataset\tbf_imgs\unfocused\FieldPos023\FieldPos023_page_9.png,0,0.4587920282592404,test,tbf_imgs,classical_ml,gradient_boosting
D:\Dineth\focus_binary_benchmark\dataset\tbf_imgs\unfocused\FieldPos029\FieldPos029_page_1.png,0,0.4587920282592404,test,tbf_imgs,classical_ml,gradient_boosting
D:\Dineth\focus_binary_benchmark\dataset\tbf_imgs\unfocused\FieldPos029\FieldPos029_page_10.png,0,0.4587920282592404,test,tbf_imgs,classical_ml,gradient_boosting
D:\Dineth\focus_binary_benchmark\dataset\tbf_imgs\unfocused\FieldPos029\FieldPos029_page_11.png,0,0.4587920282592404,test,tbf_imgs,classical_ml,gradient_boosting
D:\Dineth\focus_binary_benchmark\dataset\tbf_imgs\unfocused\FieldPos029\FieldPos029_page_12.png,0,0.4587920282592404,test,tbf_imgs,classical_ml,gradient_boosting
D:\Dineth\focus_binary_benchmark\dataset\tbf_imgs\unfocused\FieldPos029\FieldPos029_page_13.png,0,0.4587920282592404,test,tbf_imgs,classical_ml,gradient_boosting
D:\Dineth\focus_binary_benchmark\dataset\tbf_imgs\unfocused\FieldPos029\FieldPos029_page_14.png,0,0.4587920282592404,test,tbf_imgs,classical_ml,gradient_boosting
D:\Dineth\focus_binary_benchmark\dataset\tbf_imgs\unfocused\FieldPos029\FieldPos029_page_2.png,0,0.4587920282592404,test,tbf_imgs,classical_ml,gradient_boosting
D:\Dineth\focus_binary_benchmark\dataset\tbf_imgs\unfocused\FieldPos029\FieldPos029_page_3.png,0,0.4587920282592404,test,tbf_imgs,classical_ml,gradient_boosting
D:\Dineth\focus_binary_benchmark\dataset\tbf_imgs\unfocused\FieldPos029\FieldPos029_page_4.png,0,0.4587920282592404,test,tbf_imgs,classical_ml,gradient_boosting
D:\Dineth\focus_binary_benchmark\dataset\tbf_imgs\unfocused\FieldPos029\FieldPos029_page_5.png,0,0.4587920282592404,test,tbf_imgs,classical_ml,gradient_boosting
D:\Dineth\focus_binary_benchmark\dataset\tbf_imgs\unfocused\FieldPos029\FieldPos029_page_6.png,0,0.4587920282592404,test,tbf_imgs,classical_ml,gradient_boosting
D:\Dineth\focus_binary_benchmark\dataset\tbf_imgs\unfocused\FieldPos033 (2)\FieldPos033 (2)_page_1.png,0,0.4587920282592404,test,tbf_imgs,classical_ml,gradient_boosting
D:\Dineth\focus_binary_benchmark\dataset\tbf_imgs\unfocused\FieldPos033 (2)\FieldPos033 (2)_page_10.png,0,0.4587920282592404,test,tbf_imgs,classical_ml,gradient_boosting
D:\Dineth\focus_binary_benchmark\dataset\tbf_imgs\unfocused\FieldPos033 (2)\FieldPos033 (2)_page_11.png,0,0.4587920282592404,test,tbf_imgs,classical_ml,gradient_boosting
D:\Dineth\focus_binary_benchmark\dataset\tbf_imgs\unfocused\FieldPos033 (2)\FieldPos033 (2)_page_12.png,0,0.4587920282592404,test,tbf_imgs,classical_ml,gradient_boosting
D:\Dineth\focus_binary_benchmark\dataset\tbf_imgs\unfocused\FieldPos033 (2)\FieldPos033 (2)_page_13.png,0,0.4587920282592404,test,tbf_imgs,classical_ml,gradient_boosting
D:\Dineth\focus_binary_benchmark\dataset\tbf_imgs\unfocused\FieldPos033 (2)\FieldPos033 (2)_page_14.png,0,0.4587920282592404,test,tbf_imgs,classical_ml,gradient_boosting
D:\Dineth\focus_binary_benchmark\dataset\tbf_imgs\unfocused\FieldPos033 (2)\FieldPos033 (2)_page_2.png,0,0.4587920282592404,test,tbf_imgs,classical_ml,gradient_boosting
D:\Dineth\focus_binary_benchmark\dataset\tbf_imgs\unfocused\FieldPos033 (2)\FieldPos033 (2)_page_3.png,0,0.4587920282592404,test,tbf_imgs,classical_ml,gradient_boosting
D:\Dineth\focus_binary_benchmark\dataset\tbf_imgs\unfocused\FieldPos033 (2)\FieldPos033 (2)_page_4.png,0,0.4587920282592404,test,tbf_imgs,classical_ml,gradient_boosting
D:\Dineth\focus_binary_benchmark\dataset\tbf_imgs\unfocused\FieldPos033 (2)\FieldPos033 (2)_page_5.png,0,0.4587920282592404,test,tbf_imgs,classical_ml,gradient_boosting
D:\Dineth\focus_binary_benchmark\dataset\tbf_imgs\unfocused\FieldPos033 (2)\FieldPos033 (2)_page_6.png,0,0.4587920282592404,test,tbf_imgs,classical_ml,gradient_boosting
D:\Dineth\focus_binary_benchmark\dataset\tbf_imgs\unfocused\FieldPos036\FieldPos036_page_1.png,0,0.4587920282592404,test,tbf_imgs,classical_ml,gradient_boosting
D:\Dineth\focus_binary_benchmark\dataset\tbf_imgs\unfocused\FieldPos036\FieldPos036_page_10.png,0,0.4587920282592404,test,tbf_imgs,classical_ml,gradient_boosting
D:\Dineth\focus_binary_benchmark\dataset\tbf_imgs\unfocused\FieldPos036\FieldPos036_page_11.png,0,0.4587920282592404,test,tbf_imgs,classical_ml,gradient_boosting
D:\Dineth\focus_binary_benchmark\dataset\tbf_imgs\unfocused\FieldPos036\FieldPos036_page_12.png,0,0.4587920282592404,test,tbf_imgs,classical_ml,gradient_boosting
D:\Dineth\focus_binary_benchmark\dataset\tbf_imgs\unfocused\FieldPos036\FieldPos036_page_13.png,0,0.4587920282592404,test,tbf_imgs,classical_ml,gradient_boosting
D:\Dineth\focus_binary_benchmark\dataset\tbf_imgs\unfocused\FieldPos036\FieldPos036_page_14.png,0,0.4587920282592404,test,tbf_imgs,classical_ml,gradient_boosting
D:\Dineth\focus_binary_benchmark\dataset\tbf_imgs\unfocused\FieldPos036\FieldPos036_page_2.png,0,0.4587920282592404,test,tbf_imgs,classical_ml,gradient_boosting
D:\Dineth\focus_binary_benchmark\dataset\tbf_imgs\unfocused\FieldPos036\FieldPos036_page_3.png,0,0.4587920282592404,test,tbf_imgs,classical_ml,gradient_boosting
D:\Dineth\focus_binary_benchmark\dataset\tbf_imgs\unfocused\FieldPos036\FieldPos036_page_4.png,0,0.4587920282592404,test,tbf_imgs,classical_ml,gradient_boosting
D:\Dineth\focus_binary_benchmark\dataset\tbf_imgs\unfocused\FieldPos036\FieldPos036_page_5.png,0,0.4587920282592404,test,tbf_imgs,classical_ml,gradient_boosting
D:\Dineth\focus_binary_benchmark\dataset\tbf_imgs\unfocused\FieldPos036\FieldPos036_page_6.png,0,0.4587920282592404,test,tbf_imgs,classical_ml,gradient_boosting
D:\Dineth\focus_binary_benchmark\dataset\tbf_imgs\unfocused\FieldPos038\FieldPos038_page_1.png,0,0.4587920282592404,test,tbf_imgs,classical_ml,gradient_boosting
D:\Dineth\focus_binary_benchmark\dataset\tbf_imgs\unfocused\FieldPos038\FieldPos038_page_10.png,0,0.4587920282592404,test,tbf_imgs,classical_ml,gradient_boosting
D:\Dineth\focus_binary_benchmark\dataset\tbf_imgs\unfocused\FieldPos038\FieldPos038_page_11.png,0,0.4587920282592404,test,tbf_imgs,classical_ml,gradient_boosting
D:\Dineth\focus_binary_benchmark\dataset\tbf_imgs\unfocused\FieldPos038\FieldPos038_page_12.png,0,0.4587920282592404,test,tbf_imgs,classical_ml,gradient_boosting
D:\Dineth\focus_binary_benchmark\dataset\tbf_imgs\unfocused\FieldPos038\FieldPos038_page_13.png,0,0.4587920282592404,test,tbf_imgs,classical_ml,gradient_boosting
D:\Dineth\focus_binary_benchmark\dataset\tbf_imgs\unfocused\FieldPos038\FieldPos038_page_14.png,0,0.4587920282592404,test,tbf_imgs,classical_ml,gradient_boosting
D:\Dineth\focus_binary_benchmark\dataset\tbf_imgs\unfocused\FieldPos038\FieldPos038_page_2.png,0,0.4587920282592404,test,tbf_imgs,classical_ml,gradient_boosting
D:\Dineth\focus_binary_benchmark\dataset\tbf_imgs\unfocused\FieldPos038\FieldPos038_page_3.png,0,0.4587920282592404,test,tbf_imgs,classical_ml,gradient_boosting
D:\Dineth\focus_binary_benchmark\dataset\tbf_imgs\unfocused\FieldPos038\FieldPos038_page_4.png,0,0.4587920282592404,test,tbf_imgs,classical_ml,gradient_boosting
D:\Dineth\focus_binary_benchmark\dataset\tbf_imgs\unfocused\FieldPos038\FieldPos038_page_5.png,0,0.4587920282592404,test,tbf_imgs,classical_ml,gradient_boosting
D:\Dineth\focus_binary_benchmark\dataset\tbf_imgs\unfocused\FieldPos038\FieldPos038_page_9.png,0,0.4587920282592404,test,tbf_imgs,classical_ml,gradient_boosting
D:\Dineth\focus_binary_benchmark\dataset\tbf_imgs\unfocused\FieldPos040\FieldPos040_page_1.png,0,0.4587920282592404,test,tbf_imgs,classical_ml,gradient_boosting
D:\Dineth\focus_binary_benchmark\dataset\tbf_imgs\unfocused\FieldPos040\FieldPos040_page_10.png,0,0.4587920282592404,test,tbf_imgs,classical_ml,gradient_boosting
D:\Dineth\focus_binary_benchmark\dataset\tbf_imgs\unfocused\FieldPos040\FieldPos040_page_11.png,0,0.4587920282592404,test,tbf_imgs,classical_ml,gradient_boosting
D:\Dineth\focus_binary_benchmark\dataset\tbf_imgs\unfocused\FieldPos040\FieldPos040_page_12.png,0,0.4587920282592404,test,tbf_imgs,classical_ml,gradient_boosting
D:\Dineth\focus_binary_benchmark\dataset\tbf_imgs\unfocused\FieldPos040\FieldPos040_page_13.png,0,0.4587920282592404,test,tbf_imgs,classical_ml,gradient_boosting
D:\Dineth\focus_binary_benchmark\dataset\tbf_imgs\unfocused\FieldPos040\FieldPos040_page_14.png,0,0.4587920282592404,test,tbf_imgs,classical_ml,gradient_boosting
D:\Dineth\focus_binary_benchmark\dataset\tbf_imgs\unfocused\FieldPos040\FieldPos040_page_2.png,0,0.4587920282592404,test,tbf_imgs,classical_ml,gradient_boosting
D:\Dineth\focus_binary_benchmark\dataset\tbf_imgs\unfocused\FieldPos040\FieldPos040_page_3.png,0,0.4587920282592404,test,tbf_imgs,classical_ml,gradient_boosting
D:\Dineth\focus_binary_benchmark\dataset\tbf_imgs\unfocused\FieldPos040\FieldPos040_page_4.png,0,0.4587920282592404,test,tbf_imgs,classical_ml,gradient_boosting
D:\Dineth\focus_binary_benchmark\dataset\tbf_imgs\unfocused\FieldPos040\FieldPos040_page_5.png,0,0.4587920282592404,test,tbf_imgs,classical_ml,gradient_boosting
D:\Dineth\focus_binary_benchmark\dataset\tbf_imgs\unfocused\FieldPos040\FieldPos040_page_9.png,0,0.4587920282592404,test,tbf_imgs,classical_ml,gradient_boosting
D:\Dineth\focus_binary_benchmark\dataset\tbf_imgs\unfocused\FieldPos044\FieldPos044_page_1.png,0,0.4587920282592404,test,tbf_imgs,classical_ml,gradient_boosting
D:\Dineth\focus_binary_benchmark\dataset\tbf_imgs\unfocused\FieldPos044\FieldPos044_page_10.png,0,0.4587920282592404,test,tbf_imgs,classical_ml,gradient_boosting
D:\Dineth\focus_binary_benchmark\dataset\tbf_imgs\unfocused\FieldPos044\FieldPos044_page_11.png,0,0.4587920282592404,test,tbf_imgs,classical_ml,gradient_boosting
D:\Dineth\focus_binary_benchmark\dataset\tbf_imgs\unfocused\FieldPos044\FieldPos044_page_12.png,0,0.4587920282592404,test,tbf_imgs,classical_ml,gradient_boosting
D:\Dineth\focus_binary_benchmark\dataset\tbf_imgs\unfocused\FieldPos044\FieldPos044_page_13.png,0,0.4587920282592404,test,tbf_imgs,classical_ml,gradient_boosting
D:\Dineth\focus_binary_benchmark\dataset\tbf_imgs\unfocused\FieldPos044\FieldPos044_page_14.png,0,0.4587920282592404,test,tbf_imgs,classical_ml,gradient_boosting
D:\Dineth\focus_binary_benchmark\dataset\tbf_imgs\unfocused\FieldPos044\FieldPos044_page_2.png,0,0.4587920282592404,test,tbf_imgs,classical_ml,gradient_boosting
D:\Dineth\focus_binary_benchmark\dataset\tbf_imgs\unfocused\FieldPos044\FieldPos044_page_3.png,0,0.4587920282592404,test,tbf_imgs,classical_ml,gradient_boosting
D:\Dineth\focus_binary_benchmark\dataset\tbf_imgs\unfocused\FieldPos044\FieldPos044_page_4.png,0,0.4587920282592404,test,tbf_imgs,classical_ml,gradient_boosting
D:\Dineth\focus_binary_benchmark\dataset\tbf_imgs\unfocused\FieldPos044\FieldPos044_page_5.png,0,0.4587920282592404,test,tbf_imgs,classical_ml,gradient_boosting
D:\Dineth\focus_binary_benchmark\dataset\tbf_imgs\unfocused\FieldPos044\FieldPos044_page_6.png,0,0.4587920282592404,test,tbf_imgs,classical_ml,gradient_boosting
D:\Dineth\focus_binary_benchmark\dataset\tbf_imgs\unfocused\FieldPos053\FieldPos053_page_1.png,0,0.4587920282592404,test,tbf_imgs,classical_ml,gradient_boosting
D:\Dineth\focus_binary_benchmark\dataset\tbf_imgs\unfocused\FieldPos053\FieldPos053_page_10.png,0,0.4587920282592404,test,tbf_imgs,classical_ml,gradient_boosting
D:\Dineth\focus_binary_benchmark\dataset\tbf_imgs\unfocused\FieldPos053\FieldPos053_page_11.png,0,0.4587920282592404,test,tbf_imgs,classical_ml,gradient_boosting
D:\Dineth\focus_binary_benchmark\dataset\tbf_imgs\unfocused\FieldPos053\FieldPos053_page_12.png,0,0.4587920282592404,test,tbf_imgs,classical_ml,gradient_boosting
D:\Dineth\focus_binary_benchmark\dataset\tbf_imgs\unfocused\FieldPos053\FieldPos053_page_13.png,0,0.4587920282592404,test,tbf_imgs,classical_ml,gradient_boosting
D:\Dineth\focus_binary_benchmark\dataset\tbf_imgs\unfocused\FieldPos053\FieldPos053_page_14.png,0,0.4587920282592404,test,tbf_imgs,classical_ml,gradient_boosting
D:\Dineth\focus_binary_benchmark\dataset\tbf_imgs\unfocused\FieldPos053\FieldPos053_page_2.png,0,0.4587920282592404,test,tbf_imgs,classical_ml,gradient_boosting
D:\Dineth\focus_binary_benchmark\dataset\tbf_imgs\unfocused\FieldPos053\FieldPos053_page_3.png,0,0.4587920282592404,test,tbf_imgs,classical_ml,gradient_boosting
D:\Dineth\focus_binary_benchmark\dataset\tbf_imgs\unfocused\FieldPos053\FieldPos053_page_4.png,0,0.4587920282592404,test,tbf_imgs,classical_ml,gradient_boosting
D:\Dineth\focus_binary_benchmark\dataset\tbf_imgs\unfocused\FieldPos053\FieldPos053_page_5.png,0,0.4587920282592404,test,tbf_imgs,classical_ml,gradient_boosting
D:\Dineth\focus_binary_benchmark\dataset\tbf_imgs\unfocused\FieldPos053\FieldPos053_page_9.png,0,0.4587920282592404,test,tbf_imgs,classical_ml,gradient_boosting
D:\Dineth\focus_binary_benchmark\dataset\tbf_imgs\unfocused\FieldPos059\FieldPos059_page_1.png,0,0.4587920282592404,test,tbf_imgs,classical_ml,gradient_boosting
D:\Dineth\focus_binary_benchmark\dataset\tbf_imgs\unfocused\FieldPos059\FieldPos059_page_10.png,0,0.4587920282592404,test,tbf_imgs,classical_ml,gradient_boosting
D:\Dineth\focus_binary_benchmark\dataset\tbf_imgs\unfocused\FieldPos059\FieldPos059_page_11.png,0,0.4587920282592404,test,tbf_imgs,classical_ml,gradient_boosting
D:\Dineth\focus_binary_benchmark\dataset\tbf_imgs\unfocused\FieldPos059\FieldPos059_page_12.png,0,0.4587920282592404,test,tbf_imgs,classical_ml,gradient_boosting
D:\Dineth\focus_binary_benchmark\dataset\tbf_imgs\unfocused\FieldPos059\FieldPos059_page_13.png,0,0.4587920282592404,test,tbf_imgs,classical_ml,gradient_boosting
D:\Dineth\focus_binary_benchmark\dataset\tbf_imgs\unfocused\FieldPos059\FieldPos059_page_14.png,0,0.4587920282592404,test,tbf_imgs,classical_ml,gradient_boosting
D:\Dineth\focus_binary_benchmark\dataset\tbf_imgs\unfocused\FieldPos059\FieldPos059_page_2.png,0,0.4587920282592404,test,tbf_imgs,classical_ml,gradient_boosting
D:\Dineth\focus_binary_benchmark\dataset\tbf_imgs\unfocused\FieldPos059\FieldPos059_page_3.png,0,0.4587920282592404,test,tbf_imgs,classical_ml,gradient_boosting
D:\Dineth\focus_binary_benchmark\dataset\tbf_imgs\unfocused\FieldPos059\FieldPos059_page_4.png,0,0.4587920282592404,test,tbf_imgs,classical_ml,gradient_boosting
D:\Dineth\focus_binary_benchmark\dataset\tbf_imgs\unfocused\FieldPos059\FieldPos059_page_8.png,0,0.4587920282592404,test,tbf_imgs,classical_ml,gradient_boosting
D:\Dineth\focus_binary_benchmark\dataset\tbf_imgs\unfocused\FieldPos059\FieldPos059_page_9.png,0,0.4587920282592404,test,tbf_imgs,classical_ml,gradient_boosting
D:\Dineth\focus_binary_benchmark\dataset\tbf_imgs\unfocused\FieldPos066\FieldPos066_page_1.png,0,0.4587920282592404,test,tbf_imgs,classical_ml,gradient_boosting
D:\Dineth\focus_binary_benchmark\dataset\tbf_imgs\unfocused\FieldPos066\FieldPos066_page_10.png,0,0.4587920282592404,test,tbf_imgs,classical_ml,gradient_boosting
D:\Dineth\focus_binary_benchmark\dataset\tbf_imgs\unfocused\FieldPos066\FieldPos066_page_11.png,0,0.4587920282592404,test,tbf_imgs,classical_ml,gradient_boosting
D:\Dineth\focus_binary_benchmark\dataset\tbf_imgs\unfocused\FieldPos066\FieldPos066_page_12.png,0,0.4587920282592404,test,tbf_imgs,classical_ml,gradient_boosting
D:\Dineth\focus_binary_benchmark\dataset\tbf_imgs\unfocused\FieldPos066\FieldPos066_page_13.png,0,0.4587920282592404,test,tbf_imgs,classical_ml,gradient_boosting
D:\Dineth\focus_binary_benchmark\dataset\tbf_imgs\unfocused\FieldPos066\FieldPos066_page_14.png,0,0.4587920282592404,test,tbf_imgs,classical_ml,gradient_boosting
D:\Dineth\focus_binary_benchmark\dataset\tbf_imgs\unfocused\FieldPos066\FieldPos066_page_2.png,0,0.4587920282592404,test,tbf_imgs,classical_ml,gradient_boosting
D:\Dineth\focus_binary_benchmark\dataset\tbf_imgs\unfocused\FieldPos066\FieldPos066_page_3.png,0,0.4587920282592404,test,tbf_imgs,classical_ml,gradient_boosting
D:\Dineth\focus_binary_benchmark\dataset\tbf_imgs\unfocused\FieldPos066\FieldPos066_page_4.png,0,0.4587920282592404,test,tbf_imgs,classical_ml,gradient_boosting
D:\Dineth\focus_binary_benchmark\dataset\tbf_imgs\unfocused\FieldPos066\FieldPos066_page_8.png,0,0.4587920282592404,test,tbf_imgs,classical_ml,gradient_boosting
D:\Dineth\focus_binary_benchmark\dataset\tbf_imgs\unfocused\FieldPos066\FieldPos066_page_9.png,0,0.4587920282592404,test,tbf_imgs,classical_ml,gradient_boosting
D:\Dineth\focus_binary_benchmark\dataset\tbf_imgs\unfocused\FieldPos069\FieldPos069_page_1.png,0,0.4587920282592404,test,tbf_imgs,classical_ml,gradient_boosting
D:\Dineth\focus_binary_benchmark\dataset\tbf_imgs\unfocused\FieldPos069\FieldPos069_page_10.png,0,0.4587920282592404,test,tbf_imgs,classical_ml,gradient_boosting
D:\Dineth\focus_binary_benchmark\dataset\tbf_imgs\unfocused\FieldPos069\FieldPos069_page_11.png,0,0.4587920282592404,test,tbf_imgs,classical_ml,gradient_boosting
D:\Dineth\focus_binary_benchmark\dataset\tbf_imgs\unfocused\FieldPos069\FieldPos069_page_12.png,0,0.4587920282592404,test,tbf_imgs,classical_ml,gradient_boosting
D:\Dineth\focus_binary_benchmark\dataset\tbf_imgs\unfocused\FieldPos069\FieldPos069_page_13.png,0,0.4587920282592404,test,tbf_imgs,classical_ml,gradient_boosting
D:\Dineth\focus_binary_benchmark\dataset\tbf_imgs\unfocused\FieldPos069\FieldPos069_page_14.png,0,0.4587920282592404,test,tbf_imgs,classical_ml,gradient_boosting
D:\Dineth\focus_binary_benchmark\dataset\tbf_imgs\unfocused\FieldPos069\FieldPos069_page_2.png,0,0.4587920282592404,test,tbf_imgs,classical_ml,gradient_boosting
D:\Dineth\focus_binary_benchmark\dataset\tbf_imgs\unfocused\FieldPos069\FieldPos069_page_3.png,0,0.4587920282592404,test,tbf_imgs,classical_ml,gradient_boosting
D:\Dineth\focus_binary_benchmark\dataset\tbf_imgs\unfocused\FieldPos069\FieldPos069_page_7.png,0,0.4587920282592404,test,tbf_imgs,classical_ml,gradient_boosting
D:\Dineth\focus_binary_benchmark\dataset\tbf_imgs\unfocused\FieldPos069\FieldPos069_page_8.png,0,0.4587920282592404,test,tbf_imgs,classical_ml,gradient_boosting
D:\Dineth\focus_binary_benchmark\dataset\tbf_imgs\unfocused\FieldPos069\FieldPos069_page_9.png,0,0.4587920282592404,test,tbf_imgs,classical_ml,gradient_boosting
D:\Dineth\focus_binary_benchmark\dataset\tbf_imgs\unfocused\FieldPos074\FieldPos074_page_1.png,0,0.4587920282592404,test,tbf_imgs,classical_ml,gradient_boosting
D:\Dineth\focus_binary_benchmark\dataset\tbf_imgs\unfocused\FieldPos074\FieldPos074_page_10.png,0,0.4587920282592404,test,tbf_imgs,classical_ml,gradient_boosting
D:\Dineth\focus_binary_benchmark\dataset\tbf_imgs\unfocused\FieldPos074\FieldPos074_page_11.png,0,0.4587920282592404,test,tbf_imgs,classical_ml,gradient_boosting
D:\Dineth\focus_binary_benchmark\dataset\tbf_imgs\unfocused\FieldPos074\FieldPos074_page_12.png,0,0.4587920282592404,test,tbf_imgs,classical_ml,gradient_boosting
D:\Dineth\focus_binary_benchmark\dataset\tbf_imgs\unfocused\FieldPos074\FieldPos074_page_13.png,0,0.4587920282592404,test,tbf_imgs,classical_ml,gradient_boosting
D:\Dineth\focus_binary_benchmark\dataset\tbf_imgs\unfocused\FieldPos074\FieldPos074_page_14.png,0,0.4587920282592404,test,tbf_imgs,classical_ml,gradient_boosting
D:\Dineth\focus_binary_benchmark\dataset\tbf_imgs\unfocused\FieldPos074\FieldPos074_page_2.png,0,0.4587920282592404,test,tbf_imgs,classical_ml,gradient_boosting
D:\Dineth\focus_binary_benchmark\dataset\tbf_imgs\unfocused\FieldPos074\FieldPos074_page_3.png,0,0.4587920282592404,test,tbf_imgs,classical_ml,gradient_boosting
D:\Dineth\focus_binary_benchmark\dataset\tbf_imgs\unfocused\FieldPos074\FieldPos074_page_4.png,0,0.4587920282592404,test,tbf_imgs,classical_ml,gradient_boosting
D:\Dineth\focus_binary_benchmark\dataset\tbf_imgs\unfocused\FieldPos074\FieldPos074_page_8.png,0,0.4587920282592404,test,tbf_imgs,classical_ml,gradient_boosting
D:\Dineth\focus_binary_benchmark\dataset\tbf_imgs\unfocused\FieldPos074\FieldPos074_page_9.png,0,0.4587920282592404,test,tbf_imgs,classical_ml,gradient_boosting
D:\Dineth\focus_binary_benchmark\dataset\tbf_imgs\unfocused\FieldPos082\FieldPos082_page_1.png,0,0.4587920282592404,test,tbf_imgs,classical_ml,gradient_boosting
D:\Dineth\focus_binary_benchmark\dataset\tbf_imgs\unfocused\FieldPos082\FieldPos082_page_10.png,0,0.4587920282592404,test,tbf_imgs,classical_ml,gradient_boosting
D:\Dineth\focus_binary_benchmark\dataset\tbf_imgs\unfocused\FieldPos082\FieldPos082_page_11.png,0,0.4587920282592404,test,tbf_imgs,classical_ml,gradient_boosting
D:\Dineth\focus_binary_benchmark\dataset\tbf_imgs\unfocused\FieldPos082\FieldPos082_page_12.png,0,0.4587920282592404,test,tbf_imgs,classical_ml,gradient_boosting
D:\Dineth\focus_binary_benchmark\dataset\tbf_imgs\unfocused\FieldPos082\FieldPos082_page_13.png,0,0.4587920282592404,test,tbf_imgs,classical_ml,gradient_boosting
D:\Dineth\focus_binary_benchmark\dataset\tbf_imgs\unfocused\FieldPos082\FieldPos082_page_14.png,0,0.4587920282592404,test,tbf_imgs,classical_ml,gradient_boosting
D:\Dineth\focus_binary_benchmark\dataset\tbf_imgs\unfocused\FieldPos082\FieldPos082_page_2.png,0,0.4587920282592404,test,tbf_imgs,classical_ml,gradient_boosting
D:\Dineth\focus_binary_benchmark\dataset\tbf_imgs\unfocused\FieldPos082\FieldPos082_page_3.png,0,0.4587920282592404,test,tbf_imgs,classical_ml,gradient_boosting
D:\Dineth\focus_binary_benchmark\dataset\tbf_imgs\unfocused\FieldPos082\FieldPos082_page_4.png,0,0.4587920282592404,test,tbf_imgs,classical_ml,gradient_boosting
D:\Dineth\focus_binary_benchmark\dataset\tbf_imgs\unfocused\FieldPos082\FieldPos082_page_8.png,0,0.4587920282592404,test,tbf_imgs,classical_ml,gradient_boosting
D:\Dineth\focus_binary_benchmark\dataset\tbf_imgs\unfocused\FieldPos082\FieldPos082_page_9.png,0,0.4587920282592404,test,tbf_imgs,classical_ml,gradient_boosting
D:\Dineth\focus_binary_benchmark\dataset\tbf_imgs\unfocused\FieldPos103\FieldPos103_page_1.png,0,0.4587920282592404,test,tbf_imgs,classical_ml,gradient_boosting
D:\Dineth\focus_binary_benchmark\dataset\tbf_imgs\unfocused\FieldPos103\FieldPos103_page_10.png,0,0.4587920282592404,test,tbf_imgs,classical_ml,gradient_boosting
D:\Dineth\focus_binary_benchmark\dataset\tbf_imgs\unfocused\FieldPos103\FieldPos103_page_11.png,0,0.4587920282592404,test,tbf_imgs,classical_ml,gradient_boosting
D:\Dineth\focus_binary_benchmark\dataset\tbf_imgs\unfocused\FieldPos103\FieldPos103_page_12.png,0,0.4587920282592404,test,tbf_imgs,classical_ml,gradient_boosting
D:\Dineth\focus_binary_benchmark\dataset\tbf_imgs\unfocused\FieldPos103\FieldPos103_page_13.png,0,0.4587920282592404,test,tbf_imgs,classical_ml,gradient_boosting
D:\Dineth\focus_binary_benchmark\dataset\tbf_imgs\unfocused\FieldPos103\FieldPos103_page_14.png,0,0.4587920282592404,test,tbf_imgs,classical_ml,gradient_boosting
D:\Dineth\focus_binary_benchmark\dataset\tbf_imgs\unfocused\FieldPos103\FieldPos103_page_2.png,0,0.4587920282592404,test,tbf_imgs,classical_ml,gradient_boosting
D:\Dineth\focus_binary_benchmark\dataset\tbf_imgs\unfocused\FieldPos103\FieldPos103_page_3.png,0,0.4587920282592404,test,tbf_imgs,classical_ml,gradient_boosting
D:\Dineth\focus_binary_benchmark\dataset\tbf_imgs\unfocused\FieldPos103\FieldPos103_page_4.png,0,0.4587920282592404,test,tbf_imgs,classical_ml,gradient_boosting
D:\Dineth\focus_binary_benchmark\dataset\tbf_imgs\unfocused\FieldPos103\FieldPos103_page_5.png,0,0.4587920282592404,test,tbf_imgs,classical_ml,gradient_boosting
D:\Dineth\focus_binary_benchmark\dataset\tbf_imgs\unfocused\FieldPos103\FieldPos103_page_6.png,0,0.4587920282592404,test,tbf_imgs,classical_ml,gradient_boosting
D:\Dineth\focus_binary_benchmark\dataset\tbf_imgs\unfocused\FieldPos104\FieldPos104_page_1.png,0,0.4587920282592404,test,tbf_imgs,classical_ml,gradient_boosting
D:\Dineth\focus_binary_benchmark\dataset\tbf_imgs\unfocused\FieldPos104\FieldPos104_page_10.png,0,0.4587920282592404,test,tbf_imgs,classical_ml,gradient_boosting
D:\Dineth\focus_binary_benchmark\dataset\tbf_imgs\unfocused\FieldPos104\FieldPos104_page_11.png,0,0.4587920282592404,test,tbf_imgs,classical_ml,gradient_boosting
D:\Dineth\focus_binary_benchmark\dataset\tbf_imgs\unfocused\FieldPos104\FieldPos104_page_12.png,0,0.4587920282592404,test,tbf_imgs,classical_ml,gradient_boosting
D:\Dineth\focus_binary_benchmark\dataset\tbf_imgs\unfocused\FieldPos104\FieldPos104_page_13.png,0,0.4587920282592404,test,tbf_imgs,classical_ml,gradient_boosting
D:\Dineth\focus_binary_benchmark\dataset\tbf_imgs\unfocused\FieldPos104\FieldPos104_page_14.png,0,0.4587920282592404,test,tbf_imgs,classical_ml,gradient_boosting
D:\Dineth\focus_binary_benchmark\dataset\tbf_imgs\unfocused\FieldPos104\FieldPos104_page_2.png,0,0.4587920282592404,test,tbf_imgs,classical_ml,gradient_boosting
D:\Dineth\focus_binary_benchmark\dataset\tbf_imgs\unfocused\FieldPos104\FieldPos104_page_3.png,0,0.4587920282592404,test,tbf_imgs,classical_ml,gradient_boosting
D:\Dineth\focus_binary_benchmark\dataset\tbf_imgs\unfocused\FieldPos104\FieldPos104_page_4.png,0,0.4587920282592404,test,tbf_imgs,classical_ml,gradient_boosting
D:\Dineth\focus_binary_benchmark\dataset\tbf_imgs\unfocused\FieldPos104\FieldPos104_page_5.png,0,0.4587920282592404,test,tbf_imgs,classical_ml,gradient_boosting
D:\Dineth\focus_binary_benchmark\dataset\tbf_imgs\unfocused\FieldPos104\FieldPos104_page_9.png,0,0.4587920282592404,test,tbf_imgs,classical_ml,gradient_boosting
D:\Dineth\focus_binary_benchmark\dataset\tbf_imgs\unfocused\FieldPos107\FieldPos107_page_1.png,0,0.4587920282592404,test,tbf_imgs,classical_ml,gradient_boosting
D:\Dineth\focus_binary_benchmark\dataset\tbf_imgs\unfocused\FieldPos107\FieldPos107_page_10.png,0,0.4587920282592404,test,tbf_imgs,classical_ml,gradient_boosting
D:\Dineth\focus_binary_benchmark\dataset\tbf_imgs\unfocused\FieldPos107\FieldPos107_page_11.png,0,0.4587920282592404,test,tbf_imgs,classical_ml,gradient_boosting
D:\Dineth\focus_binary_benchmark\dataset\tbf_imgs\unfocused\FieldPos107\FieldPos107_page_12.png,0,0.4587920282592404,test,tbf_imgs,classical_ml,gradient_boosting
D:\Dineth\focus_binary_benchmark\dataset\tbf_imgs\unfocused\FieldPos107\FieldPos107_page_13.png,0,0.4587920282592404,test,tbf_imgs,classical_ml,gradient_boosting
D:\Dineth\focus_binary_benchmark\dataset\tbf_imgs\unfocused\FieldPos107\FieldPos107_page_14.png,0,0.4587920282592404,test,tbf_imgs,classical_ml,gradient_boosting
D:\Dineth\focus_binary_benchmark\dataset\tbf_imgs\unfocused\FieldPos107\FieldPos107_page_2.png,0,0.4587920282592404,test,tbf_imgs,classical_ml,gradient_boosting
D:\Dineth\focus_binary_benchmark\dataset\tbf_imgs\unfocused\FieldPos107\FieldPos107_page_3.png,0,0.4587920282592404,test,tbf_imgs,classical_ml,gradient_boosting
D:\Dineth\focus_binary_benchmark\dataset\tbf_imgs\unfocused\FieldPos107\FieldPos107_page_7.png,0,0.4587920282592404,test,tbf_imgs,classical_ml,gradient_boosting
D:\Dineth\focus_binary_benchmark\dataset\tbf_imgs\unfocused\FieldPos107\FieldPos107_page_8.png,0,0.4587920282592404,test,tbf_imgs,classical_ml,gradient_boosting
D:\Dineth\focus_binary_benchmark\dataset\tbf_imgs\unfocused\FieldPos107\FieldPos107_page_9.png,0,0.4587920282592404,test,tbf_imgs,classical_ml,gradient_boosting
D:\Dineth\focus_binary_benchmark\dataset\tbf_imgs\unfocused\FieldPos200\FieldPos200_page_1.png,0,0.4587920282592404,test,tbf_imgs,classical_ml,gradient_boosting
D:\Dineth\focus_binary_benchmark\dataset\tbf_imgs\unfocused\FieldPos200\FieldPos200_page_10.png,0,0.4587920282592404,test,tbf_imgs,classical_ml,gradient_boosting
D:\Dineth\focus_binary_benchmark\dataset\tbf_imgs\unfocused\FieldPos200\FieldPos200_page_11.png,0,0.4587920282592404,test,tbf_imgs,classical_ml,gradient_boosting
D:\Dineth\focus_binary_benchmark\dataset\tbf_imgs\unfocused\FieldPos200\FieldPos200_page_12.png,0,0.4587920282592404,test,tbf_imgs,classical_ml,gradient_boosting
D:\Dineth\focus_binary_benchmark\dataset\tbf_imgs\unfocused\FieldPos200\FieldPos200_page_13.png,0,0.4587920282592404,test,tbf_imgs,classical_ml,gradient_boosting
D:\Dineth\focus_binary_benchmark\dataset\tbf_imgs\unfocused\FieldPos200\FieldPos200_page_14.png,0,0.4587920282592404,test,tbf_imgs,classical_ml,gradient_boosting
D:\Dineth\focus_binary_benchmark\dataset\tbf_imgs\unfocused\FieldPos200\FieldPos200_page_2.png,0,0.4587920282592404,test,tbf_imgs,classical_ml,gradient_boosting
D:\Dineth\focus_binary_benchmark\dataset\tbf_imgs\unfocused\FieldPos200\FieldPos200_page_3.png,0,0.4587920282592404,test,tbf_imgs,classical_ml,gradient_boosting
D:\Dineth\focus_binary_benchmark\dataset\tbf_imgs\unfocused\FieldPos200\FieldPos200_page_4.png,0,0.4587920282592404,test,tbf_imgs,classical_ml,gradient_boosting
D:\Dineth\focus_binary_benchmark\dataset\tbf_imgs\unfocused\FieldPos200\FieldPos200_page_5.png,0,0.4587920282592404,test,tbf_imgs,classical_ml,gradient_boosting
D:\Dineth\focus_binary_benchmark\dataset\tbf_imgs\unfocused\FieldPos200\FieldPos200_page_9.png,0,0.4587920282592404,test,tbf_imgs,classical_ml,gradient_boosting
D:\Dineth\focus_binary_benchmark\dataset\tbf_imgs\unfocused\FieldPos203\FieldPos203_page_1.png,0,0.4587920282592404,test,tbf_imgs,classical_ml,gradient_boosting
D:\Dineth\focus_binary_benchmark\dataset\tbf_imgs\unfocused\FieldPos203\FieldPos203_page_10.png,0,0.4587920282592404,test,tbf_imgs,classical_ml,gradient_boosting
D:\Dineth\focus_binary_benchmark\dataset\tbf_imgs\unfocused\FieldPos203\FieldPos203_page_11.png,0,0.4587920282592404,test,tbf_imgs,classical_ml,gradient_boosting
D:\Dineth\focus_binary_benchmark\dataset\tbf_imgs\unfocused\FieldPos203\FieldPos203_page_12.png,0,0.4587920282592404,test,tbf_imgs,classical_ml,gradient_boosting
D:\Dineth\focus_binary_benchmark\dataset\tbf_imgs\unfocused\FieldPos203\FieldPos203_page_13.png,0,0.4587920282592404,test,tbf_imgs,classical_ml,gradient_boosting
D:\Dineth\focus_binary_benchmark\dataset\tbf_imgs\unfocused\FieldPos203\FieldPos203_page_14.png,0,0.4587920282592404,test,tbf_imgs,classical_ml,gradient_boosting
D:\Dineth\focus_binary_benchmark\dataset\tbf_imgs\unfocused\FieldPos203\FieldPos203_page_2.png,0,0.4587920282592404,test,tbf_imgs,classical_ml,gradient_boosting
D:\Dineth\focus_binary_benchmark\dataset\tbf_imgs\unfocused\FieldPos203\FieldPos203_page_3.png,0,0.4587920282592404,test,tbf_imgs,classical_ml,gradient_boosting
D:\Dineth\focus_binary_benchmark\dataset\tbf_imgs\unfocused\FieldPos203\FieldPos203_page_4.png,0,0.4587920282592404,test,tbf_imgs,classical_ml,gradient_boosting
D:\Dineth\focus_binary_benchmark\dataset\tbf_imgs\unfocused\FieldPos203\FieldPos203_page_5.png,0,0.4587920282592404,test,tbf_imgs,classical_ml,gradient_boosting
D:\Dineth\focus_binary_benchmark\dataset\tbf_imgs\unfocused\FieldPos203\FieldPos203_page_9.png,0,0.4587920282592404,test,tbf_imgs,classical_ml,gradient_boosting
D:\Dineth\focus_binary_benchmark\dataset\TBSI\focused\HH1\HH1 (6).JPG,1,0.5682250219646433,test,TBSI,classical_ml,gradient_boosting
D:\Dineth\focus_binary_benchmark\dataset\TBSI\focused\HH3\HH3 (6).JPG,1,0.9732790196940008,test,TBSI,classical_ml,gradient_boosting
D:\Dineth\focus_binary_benchmark\dataset\TBSI\focused\HH8\HH8 (6).JPG,1,0.9765086726875574,test,TBSI,classical_ml,gradient_boosting
D:\Dineth\focus_binary_benchmark\dataset\TBSI\focused\HL8\HL8 (6).JPG,1,0.6058664907848793,test,TBSI,classical_ml,gradient_boosting
D:\Dineth\focus_binary_benchmark\dataset\TBSI\focused\LH5\LH5 (4).JPG,1,0.9144819860446228,test,TBSI,classical_ml,gradient_boosting
D:\Dineth\focus_binary_benchmark\dataset\TBSI\unfocused\HH1\HH1 (1).JPG,0,0.0905407029276145,test,TBSI,classical_ml,gradient_boosting
D:\Dineth\focus_binary_benchmark\dataset\TBSI\unfocused\HH1\HH1 (10).JPG,0,0.0017551226473124,test,TBSI,classical_ml,gradient_boosting
D:\Dineth\focus_binary_benchmark\dataset\TBSI\unfocused\HH1\HH1 (2).JPG,0,0.0017551226473124,test,TBSI,classical_ml,gradient_boosting
D:\Dineth\focus_binary_benchmark\dataset\TBSI\unfocused\HH1\HH1 (3).JPG,0,0.0072624961426658,test,TBSI,classical_ml,gradient_boosting
D:\Dineth\focus_binary_benchmark\dataset\TBSI\unfocused\HH1\HH1 (4).JPG,0,0.0093797677937775,test,TBSI,classical_ml,gradient_boosting
D:\Dineth\focus_binary_benchmark\dataset\TBSI\unfocused\HH1\HH1 (8).JPG,0,0.0331214430053217,test,TBSI,classical_ml,gradient_boosting
D:\Dineth\focus_binary_benchmark\dataset\TBSI\unfocused\HH1\HH1 (9).JPG,0,0.0194567792156895,test,TBSI,classical_ml,gradient_boosting
D:\Dineth\focus_binary_benchmark\dataset\TBSI\unfocused\HH3\HH3 (1).JPG,0,0.0905407029276145,test,TBSI,classical_ml,gradient_boosting
D:\Dineth\focus_binary_benchmark\dataset\TBSI\unfocused\HH3\HH3 (10).JPG,0,0.0905407029276145,test,TBSI,classical_ml,gradient_boosting
D:\Dineth\focus_binary_benchmark\dataset\TBSI\unfocused\HH3\HH3 (2).JPG,0,0.0905407029276145,test,TBSI,classical_ml,gradient_boosting
D:\Dineth\focus_binary_benchmark\dataset\TBSI\unfocused\HH3\HH3 (3).JPG,0,0.0017551226473124,test,TBSI,classical_ml,gradient_boosting
D:\Dineth\focus_binary_benchmark\dataset\TBSI\unfocused\HH3\HH3 (4).JPG,0,0.0060191094281605,test,TBSI,classical_ml,gradient_boosting
D:\Dineth\focus_binary_benchmark\dataset\TBSI\unfocused\HH3\HH3 (8).JPG,0,0.5153665200589099,test,TBSI,classical_ml,gradient_boosting
D:\Dineth\focus_binary_benchmark\dataset\TBSI\unfocused\HH3\HH3 (9).JPG,0,0.0218800718817033,test,TBSI,classical_ml,gradient_boosting
D:\Dineth\focus_binary_benchmark\dataset\TBSI\unfocused\HH8\HH8 (1).JPG,0,0.0726540307619735,test,TBSI,classical_ml,gradient_boosting
D:\Dineth\focus_binary_benchmark\dataset\TBSI\unfocused\HH8\HH8 (10).JPG,0,0.0905407029276145,test,TBSI,classical_ml,gradient_boosting
D:\Dineth\focus_binary_benchmark\dataset\TBSI\unfocused\HH8\HH8 (2).JPG,0,0.0017551226473124,test,TBSI,classical_ml,gradient_boosting
D:\Dineth\focus_binary_benchmark\dataset\TBSI\unfocused\HH8\HH8 (3).JPG,0,0.0346282079043045,test,TBSI,classical_ml,gradient_boosting
D:\Dineth\focus_binary_benchmark\dataset\TBSI\unfocused\HH8\HH8 (4).JPG,0,0.0087397689305344,test,TBSI,classical_ml,gradient_boosting
D:\Dineth\focus_binary_benchmark\dataset\TBSI\unfocused\HH8\HH8 (8).JPG,0,0.031236230648208,test,TBSI,classical_ml,gradient_boosting
D:\Dineth\focus_binary_benchmark\dataset\TBSI\unfocused\HH8\HH8 (9).JPG,0,0.0346282079043045,test,TBSI,classical_ml,gradient_boosting
D:\Dineth\focus_binary_benchmark\dataset\TBSI\unfocused\HL8\HL8 (1).JPG,0,0.0856675926014723,test,TBSI,classical_ml,gradient_boosting
D:\Dineth\focus_binary_benchmark\dataset\TBSI\unfocused\HL8\HL8 (10).JPG,0,0.0856675926014723,test,TBSI,classical_ml,gradient_boosting
D:\Dineth\focus_binary_benchmark\dataset\TBSI\unfocused\HL8\HL8 (2).JPG,0,0.0856675926014723,test,TBSI,classical_ml,gradient_boosting
D:\Dineth\focus_binary_benchmark\dataset\TBSI\unfocused\HL8\HL8 (3).JPG,0,0.0127784896609363,test,TBSI,classical_ml,gradient_boosting
D:\Dineth\focus_binary_benchmark\dataset\TBSI\unfocused\HL8\HL8 (4).JPG,0,0.031236230648208,test,TBSI,classical_ml,gradient_boosting
D:\Dineth\focus_binary_benchmark\dataset\TBSI\unfocused\HL8\HL8 (8).JPG,0,0.031236230648208,test,TBSI,classical_ml,gradient_boosting
D:\Dineth\focus_binary_benchmark\dataset\TBSI\unfocused\HL8\HL8 (9).JPG,0,0.0127784896609363,test,TBSI,classical_ml,gradient_boosting
D:\Dineth\focus_binary_benchmark\dataset\TBSI\unfocused\LH5\LH5 (1).JPG,0,0.0088636030934314,test,TBSI,classical_ml,gradient_boosting
D:\Dineth\focus_binary_benchmark\dataset\TBSI\unfocused\LH5\LH5 (10).JPG,0,0.0091262403914916,test,TBSI,classical_ml,gradient_boosting
D:\Dineth\focus_binary_benchmark\dataset\TBSI\unfocused\LH5\LH5 (2).JPG,0,0.0905407029276145,test,TBSI,classical_ml,gradient_boosting
D:\Dineth\focus_binary_benchmark\dataset\TBSI\unfocused\LH5\LH5 (6).JPG,0,0.0017551226473124,test,TBSI,classical_ml,gradient_boosting
D:\Dineth\focus_binary_benchmark\dataset\TBSI\unfocused\LH5\LH5 (7).JPG,0,0.0160230311503062,test,TBSI,classical_ml,gradient_boosting
D:\Dineth\focus_binary_benchmark\dataset\TBSI\unfocused\LH5\LH5 (8).JPG,0,0.0091262403914916,test,TBSI,classical_ml,gradient_boosting
D:\Dineth\focus_binary_benchmark\dataset\TBSI\unfocused\LH5\LH5 (9).JPG,0,0.0091262403914916,test,TBSI,classical_ml,gradient_boosting
D:\Dineth\focus_binary_benchmark\dataset\wbc\focused\106\106_6.jpg,1,0.9981372594851023,test,wbc,classical_ml,gradient_boosting
D:\Dineth\focus_binary_benchmark\dataset\wbc\focused\113\113_6.jpg,1,0.999185426339212,test,wbc,classical_ml,gradient_boosting
D:\Dineth\focus_binary_benchmark\dataset\wbc\focused\117\117_6.jpg,1,0.9975122103028992,test,wbc,classical_ml,gradient_boosting
D:\Dineth\focus_binary_benchmark\dataset\wbc\focused\118\118_6.jpg,1,0.9911718838758832,test,wbc,classical_ml,gradient_boosting
D:\Dineth\focus_binary_benchmark\dataset\wbc\focused\138\138_5.jpg,1,0.9995055542420732,test,wbc,classical_ml,gradient_boosting
D:\Dineth\focus_binary_benchmark\dataset\wbc\focused\143\143_7.jpg,1,0.0049331912089151,test,wbc,classical_ml,gradient_boosting
D:\Dineth\focus_binary_benchmark\dataset\wbc\focused\145\145_6.jpg,1,0.9691762614891434,test,wbc,classical_ml,gradient_boosting
D:\Dineth\focus_binary_benchmark\dataset\wbc\focused\19\19_5.jpg,1,0.9980944682048132,test,wbc,classical_ml,gradient_boosting
D:\Dineth\focus_binary_benchmark\dataset\wbc\focused\2\2_6.jpg,1,0.9834223915238046,test,wbc,classical_ml,gradient_boosting
D:\Dineth\focus_binary_benchmark\dataset\wbc\focused\22\22_5.jpg,1,0.9986808491229116,test,wbc,classical_ml,gradient_boosting
D:\Dineth\focus_binary_benchmark\dataset\wbc\focused\24\24_6.jpg,1,0.9983342106819634,test,wbc,classical_ml,gradient_boosting
D:\Dineth\focus_binary_benchmark\dataset\wbc\focused\32\32_6.jpg,1,0.9914564494029278,test,wbc,classical_ml,gradient_boosting
D:\Dineth\focus_binary_benchmark\dataset\wbc\focused\33\33_6.jpg,1,0.998797258196032,test,wbc,classical_ml,gradient_boosting
D:\Dineth\focus_binary_benchmark\dataset\wbc\focused\41\41_5.jpg,1,0.9979599874463252,test,wbc,classical_ml,gradient_boosting
D:\Dineth\focus_binary_benchmark\dataset\wbc\focused\49\49_6.jpg,1,0.9995486304208696,test,wbc,classical_ml,gradient_boosting
D:\Dineth\focus_binary_benchmark\dataset\wbc\focused\50\50_7.jpg,1,0.9044655725528268,test,wbc,classical_ml,gradient_boosting
D:\Dineth\focus_binary_benchmark\dataset\wbc\focused\58\58_6.jpg,1,0.924711761022286,test,wbc,classical_ml,gradient_boosting
D:\Dineth\focus_binary_benchmark\dataset\wbc\focused\65\65_6.jpg,1,0.9849618918599587,test,wbc,classical_ml,gradient_boosting
D:\Dineth\focus_binary_benchmark\dataset\wbc\focused\66\66_6.jpg,1,0.9950598208505868,test,wbc,classical_ml,gradient_boosting
D:\Dineth\focus_binary_benchmark\dataset\wbc\focused\7\7_6.jpg,1,0.8226673435576418,test,wbc,classical_ml,gradient_boosting
D:\Dineth\focus_binary_benchmark\dataset\wbc\focused\76\76_5.jpg,1,0.9803814607696576,test,wbc,classical_ml,gradient_boosting
D:\Dineth\focus_binary_benchmark\dataset\wbc\focused\89\89_6.jpg,1,0.9866739058789714,test,wbc,classical_ml,gradient_boosting
D:\Dineth\focus_binary_benchmark\dataset\wbc\unfocused\106\106_0.jpg,0,0.0042356805425585,test,wbc,classical_ml,gradient_boosting
D:\Dineth\focus_binary_benchmark\dataset\wbc\unfocused\106\106_1.jpg,0,0.002703835005928,test,wbc,classical_ml,gradient_boosting
D:\Dineth\focus_binary_benchmark\dataset\wbc\unfocused\106\106_2.jpg,0,0.0055453060068121,test,wbc,classical_ml,gradient_boosting
D:\Dineth\focus_binary_benchmark\dataset\wbc\unfocused\106\106_3.jpg,0,0.0242737570790382,test,wbc,classical_ml,gradient_boosting
D:\Dineth\focus_binary_benchmark\dataset\wbc\unfocused\106\106_4.jpg,0,0.0046038673170274,test,wbc,classical_ml,gradient_boosting
D:\Dineth\focus_binary_benchmark\dataset\wbc\unfocused\106\106_8.jpg,0,0.0030915487483336,test,wbc,classical_ml,gradient_boosting
D:\Dineth\focus_binary_benchmark\dataset\wbc\unfocused\106\106_9.jpg,0,0.0016353880597889,test,wbc,classical_ml,gradient_boosting
D:\Dineth\focus_binary_benchmark\dataset\wbc\unfocused\113\113_0.jpg,0,0.0032749968114915,test,wbc,classical_ml,gradient_boosting
D:\Dineth\focus_binary_benchmark\dataset\wbc\unfocused\113\113_1.jpg,0,0.0056531533033948,test,wbc,classical_ml,gradient_boosting
D:\Dineth\focus_binary_benchmark\dataset\wbc\unfocused\113\113_2.jpg,0,0.0017280617943305,test,wbc,classical_ml,gradient_boosting
D:\Dineth\focus_binary_benchmark\dataset\wbc\unfocused\113\113_3.jpg,0,0.0076490935537847,test,wbc,classical_ml,gradient_boosting
D:\Dineth\focus_binary_benchmark\dataset\wbc\unfocused\113\113_4.jpg,0,0.0051546536949174,test,wbc,classical_ml,gradient_boosting
D:\Dineth\focus_binary_benchmark\dataset\wbc\unfocused\113\113_8.jpg,0,0.0010324246190358,test,wbc,classical_ml,gradient_boosting
D:\Dineth\focus_binary_benchmark\dataset\wbc\unfocused\113\113_9.jpg,0,0.0013078988965729,test,wbc,classical_ml,gradient_boosting
D:\Dineth\focus_binary_benchmark\dataset\wbc\unfocused\117\117_0.jpg,0,0.002703835005928,test,wbc,classical_ml,gradient_boosting
D:\Dineth\focus_binary_benchmark\dataset\wbc\unfocused\117\117_1.jpg,0,0.1524399488746546,test,wbc,classical_ml,gradient_boosting
D:\Dineth\focus_binary_benchmark\dataset\wbc\unfocused\117\117_2.jpg,0,0.001792285422557,test,wbc,classical_ml,gradient_boosting
D:\Dineth\focus_binary_benchmark\dataset\wbc\unfocused\117\117_3.jpg,0,0.0016816027537153,test,wbc,classical_ml,gradient_boosting
D:\Dineth\focus_binary_benchmark\dataset\wbc\unfocused\117\117_4.jpg,0,0.0040494500605893,test,wbc,classical_ml,gradient_boosting
D:\Dineth\focus_binary_benchmark\dataset\wbc\unfocused\117\117_8.jpg,0,0.0010168598607179,test,wbc,classical_ml,gradient_boosting
D:\Dineth\focus_binary_benchmark\dataset\wbc\unfocused\117\117_9.jpg,0,0.0012446677765809,test,wbc,classical_ml,gradient_boosting
D:\Dineth\focus_binary_benchmark\dataset\wbc\unfocused\118\118_0.jpg,0,0.0032749968114915,test,wbc,classical_ml,gradient_boosting
D:\Dineth\focus_binary_benchmark\dataset\wbc\unfocused\118\118_1.jpg,0,0.0024187531868672,test,wbc,classical_ml,gradient_boosting
D:\Dineth\focus_binary_benchmark\dataset\wbc\unfocused\118\118_2.jpg,0,0.001792285422557,test,wbc,classical_ml,gradient_boosting
D:\Dineth\focus_binary_benchmark\dataset\wbc\unfocused\118\118_3.jpg,0,0.0146963070791263,test,wbc,classical_ml,gradient_boosting
D:\Dineth\focus_binary_benchmark\dataset\wbc\unfocused\118\118_4.jpg,0,0.004917108492774,test,wbc,classical_ml,gradient_boosting
D:\Dineth\focus_binary_benchmark\dataset\wbc\unfocused\118\118_8.jpg,0,0.0020638033765818,test,wbc,classical_ml,gradient_boosting
D:\Dineth\focus_binary_benchmark\dataset\wbc\unfocused\118\118_9.jpg,0,0.0017871041029594,test,wbc,classical_ml,gradient_boosting
D:\Dineth\focus_binary_benchmark\dataset\wbc\unfocused\138\138_0.jpg,0,0.0024182361499684,test,wbc,classical_ml,gradient_boosting
D:\Dineth\focus_binary_benchmark\dataset\wbc\unfocused\138\138_1.jpg,0,0.0051236344683536,test,wbc,classical_ml,gradient_boosting
D:\Dineth\focus_binary_benchmark\dataset\wbc\unfocused\138\138_2.jpg,0,0.0061565527214667,test,wbc,classical_ml,gradient_boosting
D:\Dineth\focus_binary_benchmark\dataset\wbc\unfocused\138\138_3.jpg,0,0.0025498201302279,test,wbc,classical_ml,gradient_boosting
D:\Dineth\focus_binary_benchmark\dataset\wbc\unfocused\138\138_7.jpg,0,0.0049059342683169,test,wbc,classical_ml,gradient_boosting
D:\Dineth\focus_binary_benchmark\dataset\wbc\unfocused\138\138_8.jpg,0,0.0015389265912111,test,wbc,classical_ml,gradient_boosting
D:\Dineth\focus_binary_benchmark\dataset\wbc\unfocused\138\138_9.jpg,0,0.0015628094879298,test,wbc,classical_ml,gradient_boosting
D:\Dineth\focus_binary_benchmark\dataset\wbc\unfocused\143\143_0.jpg,0,0.0037466086102463,test,wbc,classical_ml,gradient_boosting
D:\Dineth\focus_binary_benchmark\dataset\wbc\unfocused\143\143_1.jpg,0,0.0015628094879298,test,wbc,classical_ml,gradient_boosting
D:\Dineth\focus_binary_benchmark\dataset\wbc\unfocused\143\143_2.jpg,0,0.0041786184899628,test,wbc,classical_ml,gradient_boosting
D:\Dineth\focus_binary_benchmark\dataset\wbc\unfocused\143\143_3.jpg,0,0.0013943546425048,test,wbc,classical_ml,gradient_boosting
D:\Dineth\focus_binary_benchmark\dataset\wbc\unfocused\143\143_4.jpg,0,0.0006161556487635,test,wbc,classical_ml,gradient_boosting
D:\Dineth\focus_binary_benchmark\dataset\wbc\unfocused\143\143_5.jpg,0,0.0044948778036937,test,wbc,classical_ml,gradient_boosting
D:\Dineth\focus_binary_benchmark\dataset\wbc\unfocused\143\143_9.jpg,0,0.0016923364691498,test,wbc,classical_ml,gradient_boosting
D:\Dineth\focus_binary_benchmark\dataset\wbc\unfocused\145\145_0.jpg,0,0.002703835005928,test,wbc,classical_ml,gradient_boosting
D:\Dineth\focus_binary_benchmark\dataset\wbc\unfocused\145\145_1.jpg,0,0.0013112750508451,test,wbc,classical_ml,gradient_boosting
D:\Dineth\focus_binary_benchmark\dataset\wbc\unfocused\145\145_2.jpg,0,0.0142678562959464,test,wbc,classical_ml,gradient_boosting
D:\Dineth\focus_binary_benchmark\dataset\wbc\unfocused\145\145_3.jpg,0,0.0101217883775031,test,wbc,classical_ml,gradient_boosting
D:\Dineth\focus_binary_benchmark\dataset\wbc\unfocused\145\145_4.jpg,0,0.0020679624427114,test,wbc,classical_ml,gradient_boosting
D:\Dineth\focus_binary_benchmark\dataset\wbc\unfocused\145\145_8.jpg,0,0.0011896503292593,test,wbc,classical_ml,gradient_boosting
D:\Dineth\focus_binary_benchmark\dataset\wbc\unfocused\145\145_9.jpg,0,0.0086138147009547,test,wbc,classical_ml,gradient_boosting
D:\Dineth\focus_binary_benchmark\dataset\wbc\unfocused\19\19_0.jpg,0,0.0015628094879298,test,wbc,classical_ml,gradient_boosting
D:\Dineth\focus_binary_benchmark\dataset\wbc\unfocused\19\19_1.jpg,0,0.0031538060083898,test,wbc,classical_ml,gradient_boosting
D:\Dineth\focus_binary_benchmark\dataset\wbc\unfocused\19\19_2.jpg,0,0.0028577087745872,test,wbc,classical_ml,gradient_boosting
D:\Dineth\focus_binary_benchmark\dataset\wbc\unfocused\19\19_3.jpg,0,0.0022692969791187,test,wbc,classical_ml,gradient_boosting
D:\Dineth\focus_binary_benchmark\dataset\wbc\unfocused\19\19_7.jpg,0,0.001005792248593,test,wbc,classical_ml,gradient_boosting
D:\Dineth\focus_binary_benchmark\dataset\wbc\unfocused\19\19_8.jpg,0,0.0021377160928383,test,wbc,classical_ml,gradient_boosting
D:\Dineth\focus_binary_benchmark\dataset\wbc\unfocused\19\19_9.jpg,0,0.0024182361499684,test,wbc,classical_ml,gradient_boosting
D:\Dineth\focus_binary_benchmark\dataset\wbc\unfocused\2\2_0.jpg,0,0.0032749968114915,test,wbc,classical_ml,gradient_boosting
D:\Dineth\focus_binary_benchmark\dataset\wbc\unfocused\2\2_1.jpg,0,0.0022352414280725,test,wbc,classical_ml,gradient_boosting
D:\Dineth\focus_binary_benchmark\dataset\wbc\unfocused\2\2_2.jpg,0,0.024905565215718,test,wbc,classical_ml,gradient_boosting
D:\Dineth\focus_binary_benchmark\dataset\wbc\unfocused\2\2_3.jpg,0,0.0005428371978212,test,wbc,classical_ml,gradient_boosting
D:\Dineth\focus_binary_benchmark\dataset\wbc\unfocused\2\2_4.jpg,0,0.0210297301013432,test,wbc,classical_ml,gradient_boosting
D:\Dineth\focus_binary_benchmark\dataset\wbc\unfocused\2\2_8.jpg,0,0.0011028771872941,test,wbc,classical_ml,gradient_boosting
D:\Dineth\focus_binary_benchmark\dataset\wbc\unfocused\2\2_9.jpg,0,0.0017871041029594,test,wbc,classical_ml,gradient_boosting
D:\Dineth\focus_binary_benchmark\dataset\wbc\unfocused\22\22_0.jpg,0,0.0020351511776012,test,wbc,classical_ml,gradient_boosting
D:\Dineth\focus_binary_benchmark\dataset\wbc\unfocused\22\22_1.jpg,0,0.0135162176894382,test,wbc,classical_ml,gradient_boosting
D:\Dineth\focus_binary_benchmark\dataset\wbc\unfocused\22\22_2.jpg,0,0.0037905383153596,test,wbc,classical_ml,gradient_boosting
D:\Dineth\focus_binary_benchmark\dataset\wbc\unfocused\22\22_3.jpg,0,0.0028914086630174,test,wbc,classical_ml,gradient_boosting
D:\Dineth\focus_binary_benchmark\dataset\wbc\unfocused\22\22_7.jpg,0,0.0010253200834164,test,wbc,classical_ml,gradient_boosting
D:\Dineth\focus_binary_benchmark\dataset\wbc\unfocused\22\22_8.jpg,0,0.0016106263168157,test,wbc,classical_ml,gradient_boosting
D:\Dineth\focus_binary_benchmark\dataset\wbc\unfocused\22\22_9.jpg,0,0.002703835005928,test,wbc,classical_ml,gradient_boosting
D:\Dineth\focus_binary_benchmark\dataset\wbc\unfocused\24\24_0.jpg,0,0.0012969125301359,test,wbc,classical_ml,gradient_boosting
D:\Dineth\focus_binary_benchmark\dataset\wbc\unfocused\24\24_1.jpg,0,0.0020802358728121,test,wbc,classical_ml,gradient_boosting
D:\Dineth\focus_binary_benchmark\dataset\wbc\unfocused\24\24_2.jpg,0,0.0105405715211235,test,wbc,classical_ml,gradient_boosting
D:\Dineth\focus_binary_benchmark\dataset\wbc\unfocused\24\24_3.jpg,0,0.0157378712170271,test,wbc,classical_ml,gradient_boosting
D:\Dineth\focus_binary_benchmark\dataset\wbc\unfocused\24\24_4.jpg,0,0.0034370932172736,test,wbc,classical_ml,gradient_boosting
D:\Dineth\focus_binary_benchmark\dataset\wbc\unfocused\24\24_8.jpg,0,0.0006319828282697,test,wbc,classical_ml,gradient_boosting
D:\Dineth\focus_binary_benchmark\dataset\wbc\unfocused\24\24_9.jpg,0,0.0021687950295605,test,wbc,classical_ml,gradient_boosting
D:\Dineth\focus_binary_benchmark\dataset\wbc\unfocused\32\32_0.jpg,0,0.0042356805425585,test,wbc,classical_ml,gradient_boosting
D:\Dineth\focus_binary_benchmark\dataset\wbc\unfocused\32\32_1.jpg,0,0.002703835005928,test,wbc,classical_ml,gradient_boosting
D:\Dineth\focus_binary_benchmark\dataset\wbc\unfocused\32\32_2.jpg,0,0.004650013801502,test,wbc,classical_ml,gradient_boosting
D:\Dineth\focus_binary_benchmark\dataset\wbc\unfocused\32\32_3.jpg,0,0.0185228021667674,test,wbc,classical_ml,gradient_boosting
D:\Dineth\focus_binary_benchmark\dataset\wbc\unfocused\32\32_4.jpg,0,0.0027800484577477,test,wbc,classical_ml,gradient_boosting
D:\Dineth\focus_binary_benchmark\dataset\wbc\unfocused\32\32_8.jpg,0,0.0010144814135849,test,wbc,classical_ml,gradient_boosting
D:\Dineth\focus_binary_benchmark\dataset\wbc\unfocused\32\32_9.jpg,0,0.0016106263168157,test,wbc,classical_ml,gradient_boosting
D:\Dineth\focus_binary_benchmark\dataset\wbc\unfocused\33\33_0.jpg,0,0.0042356805425585,test,wbc,classical_ml,gradient_boosting
D:\Dineth\focus_binary_benchmark\dataset\wbc\unfocused\33\33_1.jpg,0,0.002703835005928,test,wbc,classical_ml,gradient_boosting
D:\Dineth\focus_binary_benchmark\dataset\wbc\unfocused\33\33_2.jpg,0,0.0025974089862024,test,wbc,classical_ml,gradient_boosting
D:\Dineth\focus_binary_benchmark\dataset\wbc\unfocused\33\33_3.jpg,0,0.0068816146294629,test,wbc,classical_ml,gradient_boosting
D:\Dineth\focus_binary_benchmark\dataset\wbc\unfocused\33\33_4.jpg,0,0.0174471817478617,test,wbc,classical_ml,gradient_boosting
D:\Dineth\focus_binary_benchmark\dataset\wbc\unfocused\33\33_8.jpg,0,0.0010096787726909,test,wbc,classical_ml,gradient_boosting
D:\Dineth\focus_binary_benchmark\dataset\wbc\unfocused\33\33_9.jpg,0,0.0016106263168157,test,wbc,classical_ml,gradient_boosting
D:\Dineth\focus_binary_benchmark\dataset\wbc\unfocused\41\41_0.jpg,0,0.002703835005928,test,wbc,classical_ml,gradient_boosting
D:\Dineth\focus_binary_benchmark\dataset\wbc\unfocused\41\41_1.jpg,0,0.0031363145380992,test,wbc,classical_ml,gradient_boosting
D:\Dineth\focus_binary_benchmark\dataset\wbc\unfocused\41\41_2.jpg,0,0.0013528420187439,test,wbc,classical_ml,gradient_boosting
D:\Dineth\focus_binary_benchmark\dataset\wbc\unfocused\41\41_3.jpg,0,0.0242660658737549,test,wbc,classical_ml,gradient_boosting
D:\Dineth\focus_binary_benchmark\dataset\wbc\unfocused\41\41_7.jpg,0,0.0012621391790909,test,wbc,classical_ml,gradient_boosting
D:\Dineth\focus_binary_benchmark\dataset\wbc\unfocused\41\41_8.jpg,0,0.0017849678901684,test,wbc,classical_ml,gradient_boosting
D:\Dineth\focus_binary_benchmark\dataset\wbc\unfocused\41\41_9.jpg,0,0.002703835005928,test,wbc,classical_ml,gradient_boosting
D:\Dineth\focus_binary_benchmark\dataset\wbc\unfocused\49\49_0.jpg,0,0.0011794658388951,test,wbc,classical_ml,gradient_boosting
D:\Dineth\focus_binary_benchmark\dataset\wbc\unfocused\49\49_1.jpg,0,0.0319466137056532,test,wbc,classical_ml,gradient_boosting
D:\Dineth\focus_binary_benchmark\dataset\wbc\unfocused\49\49_2.jpg,0,0.0099676353977591,test,wbc,classical_ml,gradient_boosting
D:\Dineth\focus_binary_benchmark\dataset\wbc\unfocused\49\49_3.jpg,0,0.0147305521061054,test,wbc,classical_ml,gradient_boosting
D:\Dineth\focus_binary_benchmark\dataset\wbc\unfocused\49\49_4.jpg,0,0.0014002042557209,test,wbc,classical_ml,gradient_boosting
D:\Dineth\focus_binary_benchmark\dataset\wbc\unfocused\49\49_8.jpg,0,0.0079932192584891,test,wbc,classical_ml,gradient_boosting
D:\Dineth\focus_binary_benchmark\dataset\wbc\unfocused\49\49_9.jpg,0,0.0016144352926945,test,wbc,classical_ml,gradient_boosting
D:\Dineth\focus_binary_benchmark\dataset\wbc\unfocused\50\50_0.jpg,0,0.0037470296715019,test,wbc,classical_ml,gradient_boosting
D:\Dineth\focus_binary_benchmark\dataset\wbc\unfocused\50\50_1.jpg,0,0.0015628094879298,test,wbc,classical_ml,gradient_boosting
D:\Dineth\focus_binary_benchmark\dataset\wbc\unfocused\50\50_2.jpg,0,0.0031847083540459,test,wbc,classical_ml,gradient_boosting
D:\Dineth\focus_binary_benchmark\dataset\wbc\unfocused\50\50_3.jpg,0,0.0022543304823051,test,wbc,classical_ml,gradient_boosting
D:\Dineth\focus_binary_benchmark\dataset\wbc\unfocused\50\50_4.jpg,0,0.0182871424501952,test,wbc,classical_ml,gradient_boosting
D:\Dineth\focus_binary_benchmark\dataset\wbc\unfocused\50\50_5.jpg,0,0.0017588506792931,test,wbc,classical_ml,gradient_boosting
D:\Dineth\focus_binary_benchmark\dataset\wbc\unfocused\50\50_9.jpg,0,0.0014051964966748,test,wbc,classical_ml,gradient_boosting
D:\Dineth\focus_binary_benchmark\dataset\wbc\unfocused\58\58_0.jpg,0,0.0042685235762271,test,wbc,classical_ml,gradient_boosting
D:\Dineth\focus_binary_benchmark\dataset\wbc\unfocused\58\58_1.jpg,0,0.002703835005928,test,wbc,classical_ml,gradient_boosting
D:\Dineth\focus_binary_benchmark\dataset\wbc\unfocused\58\58_2.jpg,0,0.0058775630881702,test,wbc,classical_ml,gradient_boosting
D:\Dineth\focus_binary_benchmark\dataset\wbc\unfocused\58\58_3.jpg,0,0.010186408610603,test,wbc,classical_ml,gradient_boosting
D:\Dineth\focus_binary_benchmark\dataset\wbc\unfocused\58\58_4.jpg,0,0.0146301521849412,test,wbc,classical_ml,gradient_boosting
D:\Dineth\focus_binary_benchmark\dataset\wbc\unfocused\58\58_8.jpg,0,0.0006129518275316,test,wbc,classical_ml,gradient_boosting
D:\Dineth\focus_binary_benchmark\dataset\wbc\unfocused\58\58_9.jpg,0,0.0011304267274897,test,wbc,classical_ml,gradient_boosting
D:\Dineth\focus_binary_benchmark\dataset\wbc\unfocused\65\65_0.jpg,0,0.0022352414280725,test,wbc,classical_ml,gradient_boosting
D:\Dineth\focus_binary_benchmark\dataset\wbc\unfocused\65\65_1.jpg,0,0.004650013801502,test,wbc,classical_ml,gradient_boosting
D:\Dineth\focus_binary_benchmark\dataset\wbc\unfocused\65\65_2.jpg,0,0.0281668447085205,test,wbc,classical_ml,gradient_boosting
D:\Dineth\focus_binary_benchmark\dataset\wbc\unfocused\65\65_3.jpg,0,0.0120586373813928,test,wbc,classical_ml,gradient_boosting
D:\Dineth\focus_binary_benchmark\dataset\wbc\unfocused\65\65_4.jpg,0,0.0094600548422498,test,wbc,classical_ml,gradient_boosting
D:\Dineth\focus_binary_benchmark\dataset\wbc\unfocused\65\65_8.jpg,0,0.0089616313840614,test,wbc,classical_ml,gradient_boosting
D:\Dineth\focus_binary_benchmark\dataset\wbc\unfocused\65\65_9.jpg,0,0.0011304267274897,test,wbc,classical_ml,gradient_boosting
D:\Dineth\focus_binary_benchmark\dataset\wbc\unfocused\66\66_0.jpg,0,0.0042356805425585,test,wbc,classical_ml,gradient_boosting
D:\Dineth\focus_binary_benchmark\dataset\wbc\unfocused\66\66_1.jpg,0,0.0024182361499684,test,wbc,classical_ml,gradient_boosting
D:\Dineth\focus_binary_benchmark\dataset\wbc\unfocused\66\66_2.jpg,0,0.0013417456433072,test,wbc,classical_ml,gradient_boosting
D:\Dineth\focus_binary_benchmark\dataset\wbc\unfocused\66\66_3.jpg,0,0.0023884723327368,test,wbc,classical_ml,gradient_boosting
D:\Dineth\focus_binary_benchmark\dataset\wbc\unfocused\66\66_4.jpg,0,0.0057748711135319,test,wbc,classical_ml,gradient_boosting
D:\Dineth\focus_binary_benchmark\dataset\wbc\unfocused\66\66_8.jpg,0,0.0019942942217281,test,wbc,classical_ml,gradient_boosting
D:\Dineth\focus_binary_benchmark\dataset\wbc\unfocused\66\66_9.jpg,0,0.0136496157466212,test,wbc,classical_ml,gradient_boosting
D:\Dineth\focus_binary_benchmark\dataset\wbc\unfocused\7\7_0.jpg,0,0.0042685235762271,test,wbc,classical_ml,gradient_boosting
D:\Dineth\focus_binary_benchmark\dataset\wbc\unfocused\7\7_1.jpg,0,0.0024182361499684,test,wbc,classical_ml,gradient_boosting
D:\Dineth\focus_binary_benchmark\dataset\wbc\unfocused\7\7_2.jpg,0,0.002703835005928,test,wbc,classical_ml,gradient_boosting
D:\Dineth\focus_binary_benchmark\dataset\wbc\unfocused\7\7_3.jpg,0,0.0023884723327368,test,wbc,classical_ml,gradient_boosting
D:\Dineth\focus_binary_benchmark\dataset\wbc\unfocused\7\7_4.jpg,0,0.0048066687835662,test,wbc,classical_ml,gradient_boosting
D:\Dineth\focus_binary_benchmark\dataset\wbc\unfocused\7\7_8.jpg,0,0.0012506948394852,test,wbc,classical_ml,gradient_boosting
D:\Dineth\focus_binary_benchmark\dataset\wbc\unfocused\7\7_9.jpg,0,0.001695938470917,test,wbc,classical_ml,gradient_boosting
D:\Dineth\focus_binary_benchmark\dataset\wbc\unfocused\76\76_0.jpg,0,0.0015628094879298,test,wbc,classical_ml,gradient_boosting
D:\Dineth\focus_binary_benchmark\dataset\wbc\unfocused\76\76_1.jpg,0,0.0107893796708909,test,wbc,classical_ml,gradient_boosting
D:\Dineth\focus_binary_benchmark\dataset\wbc\unfocused\76\76_2.jpg,0,0.0021158911971302,test,wbc,classical_ml,gradient_boosting
D:\Dineth\focus_binary_benchmark\dataset\wbc\unfocused\76\76_3.jpg,0,0.001507908011442,test,wbc,classical_ml,gradient_boosting
D:\Dineth\focus_binary_benchmark\dataset\wbc\unfocused\76\76_7.jpg,0,0.9500155501224118,test,wbc,classical_ml,gradient_boosting
D:\Dineth\focus_binary_benchmark\dataset\wbc\unfocused\76\76_8.jpg,0,0.0006319828282697,test,wbc,classical_ml,gradient_boosting
D:\Dineth\focus_binary_benchmark\dataset\wbc\unfocused\76\76_9.jpg,0,0.0067082272245438,test,wbc,classical_ml,gradient_boosting
D:\Dineth\focus_binary_benchmark\dataset\wbc\unfocused\89\89_0.jpg,0,0.0032749968114915,test,wbc,classical_ml,gradient_boosting
D:\Dineth\focus_binary_benchmark\dataset\wbc\unfocused\89\89_1.jpg,0,0.0035407733714465,test,wbc,classical_ml,gradient_boosting
D:\Dineth\focus_binary_benchmark\dataset\wbc\unfocused\89\89_2.jpg,0,0.0039708512441465,test,wbc,classical_ml,gradient_boosting
D:\Dineth\focus_binary_benchmark\dataset\wbc\unfocused\89\89_3.jpg,0,0.005018540171684,test,wbc,classical_ml,gradient_boosting
D:\Dineth\focus_binary_benchmark\dataset\wbc\unfocused\89\89_4.jpg,0,0.0074983970099713,test,wbc,classical_ml,gradient_boosting
D:\Dineth\focus_binary_benchmark\dataset\wbc\unfocused\89\89_8.jpg,0,0.0011047286214334,test,wbc,classical_ml,gradient_boosting
D:\Dineth\focus_binary_benchmark\dataset\wbc\unfocused\89\89_9.jpg,0,0.0018912131264775,test,wbc,classical_ml,gradient_boosting
