dataset,image_path,label,stack_id,patient_id,source
bma,D:\Dineth\focus_binary_benchmark\dataset\bma\focused\pos000_0\pos000_0_page_8.png,1,pos000_0,,dataset
bma,D:\Dineth\focus_binary_benchmark\dataset\bma\focused\pos000_1\pos000_1_page_8.png,1,pos000_1,,dataset
bma,D:\Dineth\focus_binary_benchmark\dataset\bma\focused\pos000_2\pos000_2_page_8.png,1,pos000_2,,dataset
bma,D:\Dineth\focus_binary_benchmark\dataset\bma\focused\pos000_3\pos000_3_page_8.png,1,pos000_3,,dataset
bma,D:\Dineth\focus_binary_benchmark\dataset\bma\focused\pos001_0\pos001_0_page_8.png,1,pos001_0,,dataset
bma,D:\Dineth\focus_binary_benchmark\dataset\bma\focused\pos001_1\pos001_1_page_2.png,1,pos001_1,,dataset
bma,D:\Dineth\focus_binary_benchmark\dataset\bma\focused\pos001_2\pos001_2_page_4.png,1,pos001_2,,dataset
bma,D:\Dineth\focus_binary_benchmark\dataset\bma\focused\pos001_3\pos001_3_page_5.png,1,pos001_3,,dataset
bma,D:\Dineth\focus_binary_benchmark\dataset\bma\focused\pos002_0\pos002_0_page_2.png,1,pos002_0,,dataset
bma,D:\Dineth\focus_binary_benchmark\dataset\bma\focused\pos002_1\pos002_1_page_2.png,1,pos002_1,,dataset
bma,D:\Dineth\focus_binary_benchmark\dataset\bma\focused\pos002_2\pos002_2_page_2.png,1,pos002_2,,dataset
bma,D:\Dineth\focus_binary_benchmark\dataset\bma\focused\pos002_3\pos002_3_page_5.png,1,pos002_3,,dataset
bma,D:\Dineth\focus_binary_benchmark\dataset\bma\focused\pos003_0\pos003_0_page_4.png,1,pos003_0,,dataset
bma,D:\Dineth\focus_binary_benchmark\dataset\bma\focused\pos003_1\pos003_1_page_4.png,1,pos003_1,,dataset
bma,D:\Dineth\focus_binary_benchmark\dataset\bma\focused\pos003_2\pos003_2_page_6.png,1,pos003_2,,dataset
bma,D:\Dineth\focus_binary_benchmark\dataset\bma\focused\pos003_3\pos003_3_page_6.png,1,pos003_3,,dataset
bma,D:\Dineth\focus_binary_benchmark\dataset\bma\focused\pos004_0\pos004_0_page_2.png,1,pos004_0,,dataset
bma,D:\Dineth\focus_binary_benchmark\dataset\bma\focused\pos004_1\pos004_1_page_10.png,1,pos004_1,,dataset
bma,D:\Dineth\focus_binary_benchmark\dataset\bma\focused\pos004_2\pos004_2_page_11.png,1,pos004_2,,dataset
bma,D:\Dineth\focus_binary_benchmark\dataset\bma\focused\pos004_3\pos004_3_page_11.png,1,pos004_3,,dataset
bma,D:\Dineth\focus_binary_benchmark\dataset\bma\focused\pos005_0\pos005_0_page_10.png,1,pos005_0,,dataset
bma,D:\Dineth\focus_binary_benchmark\dataset\bma\focused\pos005_1\pos005_1_page_10.png,1,pos005_1,,dataset
bma,D:\Dineth\focus_binary_benchmark\dataset\bma\focused\pos005_2\pos005_2_page_10.png,1,pos005_2,,dataset
bma,D:\Dineth\focus_binary_benchmark\dataset\bma\focused\pos005_3\pos005_3_page_10.png,1,pos005_3,,dataset
bma,D:\Dineth\focus_binary_benchmark\dataset\bma\focused\pos006_0\pos006_0_page_10.png,1,pos006_0,,dataset
bma,D:\Dineth\focus_binary_benchmark\dataset\bma\focused\pos006_1\pos006_1_page_8.png,1,pos006_1,,dataset
bma,D:\Dineth\focus_binary_benchmark\dataset\bma\focused\pos006_2\pos006_2_page_10.png,1,pos006_2,,dataset
bma,D:\Dineth\focus_binary_benchmark\dataset\bma\focused\pos006_3\pos006_3_page_10.png,1,pos006_3,,dataset
bma,D:\Dineth\focus_binary_benchmark\dataset\bma\focused\pos007_0\pos007_0_page_8.png,1,pos007_0,,dataset
bma,D:\Dineth\focus_binary_benchmark\dataset\bma\focused\pos007_1\pos007_1_page_8.png,1,pos007_1,,dataset
bma,D:\Dineth\focus_binary_benchmark\dataset\bma\focused\pos007_2\pos007_2_page_10.png,1,pos007_2,,dataset
bma,D:\Dineth\focus_binary_benchmark\dataset\bma\focused\pos007_3\pos007_3_page_10.png,1,pos007_3,,dataset
bma,D:\Dineth\focus_binary_benchmark\dataset\bma\focused\pos008_0\pos008_0_page_4.png,1,pos008_0,,dataset
bma,D:\Dineth\focus_binary_benchmark\dataset\bma\focused\pos008_1\pos008_1_page_4.png,1,pos008_1,,dataset
bma,D:\Dineth\focus_binary_benchmark\dataset\bma\focused\pos008_2\pos008_2_page_6.png,1,pos008_2,,dataset
bma,D:\Dineth\focus_binary_benchmark\dataset\bma\focused\pos008_3\pos008_3_page_6.png,1,pos008_3,,dataset
bma,D:\Dineth\focus_binary_benchmark\dataset\bma\focused\pos009_0\pos009_0_page_4.png,1,pos009_0,,dataset
bma,D:\Dineth\focus_binary_benchmark\dataset\bma\focused\pos009_1\pos009_1_page_4.png,1,pos009_1,,dataset
bma,D:\Dineth\focus_binary_benchmark\dataset\bma\unfocused\pos000_0\pos000_0_page_1.png,0,pos000_0,,dataset
bma,D:\Dineth\focus_binary_benchmark\dataset\bma\unfocused\pos000_0\pos000_0_page_10.png,0,pos000_0,,dataset
bma,D:\Dineth\focus_binary_benchmark\dataset\bma\unfocused\pos000_0\pos000_0_page_11.png,0,pos000_0,,dataset
bma,D:\Dineth\focus_binary_benchmark\dataset\bma\unfocused\pos000_0\pos000_0_page_12.png,0,pos000_0,,dataset
bma,D:\Dineth\focus_binary_benchmark\dataset\bma\unfocused\pos000_0\pos000_0_page_13.png,0,pos000_0,,dataset
bma,D:\Dineth\focus_binary_benchmark\dataset\bma\unfocused\pos000_0\pos000_0_page_14.png,0,pos000_0,,dataset
bma,D:\Dineth\focus_binary_benchmark\dataset\bma\unfocused\pos000_0\pos000_0_page_2.png,0,pos000_0,,dataset
bma,D:\Dineth\focus_binary_benchmark\dataset\bma\unfocused\pos000_0\pos000_0_page_3.png,0,pos000_0,,dataset
bma,D:\Dineth\focus_binary_benchmark\dataset\bma\unfocused\pos000_0\pos000_0_page_4.png,0,pos000_0,,dataset
bma,D:\Dineth\focus_binary_benchmark\dataset\bma\unfocused\pos000_0\pos000_0_page_5.png,0,pos000_0,,dataset
bma,D:\Dineth\focus_binary_benchmark\dataset\bma\unfocused\pos000_0\pos000_0_page_6.png,0,pos000_0,,dataset
bma,D:\Dineth\focus_binary_benchmark\dataset\bma\unfocused\pos000_1\pos000_1_page_1.png,0,pos000_1,,dataset
bma,D:\Dineth\focus_binary_benchmark\dataset\bma\unfocused\pos000_1\pos000_1_page_10.png,0,pos000_1,,dataset
bma,D:\Dineth\focus_binary_benchmark\dataset\bma\unfocused\pos000_1\pos000_1_page_11.png,0,pos000_1,,dataset
bma,D:\Dineth\focus_binary_benchmark\dataset\bma\unfocused\pos000_1\pos000_1_page_12.png,0,pos000_1,,dataset
bma,D:\Dineth\focus_binary_benchmark\dataset\bma\unfocused\pos000_1\pos000_1_page_13.png,0,pos000_1,,dataset
bma,D:\Dineth\focus_binary_benchmark\dataset\bma\unfocused\pos000_1\pos000_1_page_14.png,0,pos000_1,,dataset
bma,D:\Dineth\focus_binary_benchmark\dataset\bma\unfocused\pos000_1\pos000_1_page_2.png,0,pos000_1,,dataset
bma,D:\Dineth\focus_binary_benchmark\dataset\bma\unfocused\pos000_1\pos000_1_page_3.png,0,pos000_1,,dataset
bma,D:\Dineth\focus_binary_benchmark\dataset\bma\unfocused\pos000_1\pos000_1_page_4.png,0,pos000_1,,dataset
bma,D:\Dineth\focus_binary_benchmark\dataset\bma\unfocused\pos000_1\pos000_1_page_5.png,0,pos000_1,,dataset
bma,D:\Dineth\focus_binary_benchmark\dataset\bma\unfocused\pos000_1\pos000_1_page_6.png,0,pos000_1,,dataset
bma,D:\Dineth\focus_binary_benchmark\dataset\bma\unfocused\pos000_2\pos000_2_page_1.png,0,pos000_2,,dataset
bma,D:\Dineth\focus_binary_benchmark\dataset\bma\unfocused\pos000_2\pos000_2_page_10.png,0,pos000_2,,dataset
bma,D:\Dineth\focus_binary_benchmark\dataset\bma\unfocused\pos000_2\pos000_2_page_11.png,0,pos000_2,,dataset
bma,D:\Dineth\focus_binary_benchmark\dataset\bma\unfocused\pos000_2\pos000_2_page_12.png,0,pos000_2,,dataset
bma,D:\Dineth\focus_binary_benchmark\dataset\bma\unfocused\pos000_2\pos000_2_page_13.png,0,pos000_2,,dataset
bma,D:\Dineth\focus_binary_benchmark\dataset\bma\unfocused\pos000_2\pos000_2_page_14.png,0,pos000_2,,dataset
bma,D:\Dineth\focus_binary_benchmark\dataset\bma\unfocused\pos000_2\pos000_2_page_2.png,0,pos000_2,,dataset
bma,D:\Dineth\focus_binary_benchmark\dataset\bma\unfocused\pos000_2\pos000_2_page_3.png,0,pos000_2,,dataset
bma,D:\Dineth\focus_binary_benchmark\dataset\bma\unfocused\pos000_2\pos000_2_page_4.png,0,pos000_2,,dataset
bma,D:\Dineth\focus_binary_benchmark\dataset\bma\unfocused\pos000_2\pos000_2_page_5.png,0,pos000_2,,dataset
bma,D:\Dineth\focus_binary_benchmark\dataset\bma\unfocused\pos000_2\pos000_2_page_6.png,0,pos000_2,,dataset
bma,D:\Dineth\focus_binary_benchmark\dataset\bma\unfocused\pos000_3\pos000_3_page_1.png,0,pos000_3,,dataset
bma,D:\Dineth\focus_binary_benchmark\dataset\bma\unfocused\pos000_3\pos000_3_page_10.png,0,pos000_3,,dataset
bma,D:\Dineth\focus_binary_benchmark\dataset\bma\unfocused\pos000_3\pos000_3_page_11.png,0,pos000_3,,dataset
bma,D:\Dineth\focus_binary_benchmark\dataset\bma\unfocused\pos000_3\pos000_3_page_12.png,0,pos000_3,,dataset
bma,D:\Dineth\focus_binary_benchmark\dataset\bma\unfocused\pos000_3\pos000_3_page_13.png,0,pos000_3,,dataset
bma,D:\Dineth\focus_binary_benchmark\dataset\bma\unfocused\pos000_3\pos000_3_page_14.png,0,pos000_3,,dataset
bma,D:\Dineth\focus_binary_benchmark\dataset\bma\unfocused\pos000_3\pos000_3_page_2.png,0,pos000_3,,dataset
bma,D:\Dineth\focus_binary_benchmark\dataset\bma\unfocused\pos000_3\pos000_3_page_3.png,0,pos000_3,,dataset
bma,D:\Dineth\focus_binary_benchmark\dataset\bma\unfocused\pos000_3\pos000_3_page_4.png,0,pos000_3,,dataset
bma,D:\Dineth\focus_binary_benchmark\dataset\bma\unfocused\pos000_3\pos000_3_page_5.png,0,pos000_3,,dataset
bma,D:\Dineth\focus_binary_benchmark\dataset\bma\unfocused\pos000_3\pos000_3_page_6.png,0,pos000_3,,dataset
bma,D:\Dineth\focus_binary_benchmark\dataset\bma\unfocused\pos001_0\pos001_0_page_1.png,0,pos001_0,,dataset
bma,D:\Dineth\focus_binary_benchmark\dataset\bma\unfocused\pos001_0\pos001_0_page_10.png,0,pos001_0,,dataset
bma,D:\Dineth\focus_binary_benchmark\dataset\bma\unfocused\pos001_0\pos001_0_page_11.png,0,pos001_0,,dataset
bma,D:\Dineth\focus_binary_benchmark\dataset\bma\unfocused\pos001_0\pos001_0_page_12.png,0,pos001_0,,dataset
bma,D:\Dineth\focus_binary_benchmark\dataset\bma\unfocused\pos001_0\pos001_0_page_13.png,0,pos001_0,,dataset
bma,D:\Dineth\focus_binary_benchmark\dataset\bma\unfocused\pos001_0\pos001_0_page_14.png,0,pos001_0,,dataset
bma,D:\Dineth\focus_binary_benchmark\dataset\bma\unfocused\pos001_0\pos001_0_page_2.png,0,pos001_0,,dataset
bma,D:\Dineth\focus_binary_benchmark\dataset\bma\unfocused\pos001_0\pos001_0_page_3.png,0,pos001_0,,dataset
bma,D:\Dineth\focus_binary_benchmark\dataset\bma\unfocused\pos001_0\pos001_0_page_4.png,0,pos001_0,,dataset
bma,D:\Dineth\focus_binary_benchmark\dataset\bma\unfocused\pos001_0\pos001_0_page_5.png,0,pos001_0,,dataset
bma,D:\Dineth\focus_binary_benchmark\dataset\bma\unfocused\pos001_0\pos001_0_page_6.png,0,pos001_0,,dataset
bma,D:\Dineth\focus_binary_benchmark\dataset\bma\unfocused\pos001_1\pos001_1_page_1.png,0,pos001_1,,dataset
bma,D:\Dineth\focus_binary_benchmark\dataset\bma\unfocused\pos001_1\pos001_1_page_10.png,0,pos001_1,,dataset
bma,D:\Dineth\focus_binary_benchmark\dataset\bma\unfocused\pos001_1\pos001_1_page_11.png,0,pos001_1,,dataset
bma,D:\Dineth\focus_binary_benchmark\dataset\bma\unfocused\pos001_1\pos001_1_page_12.png,0,pos001_1,,dataset
bma,D:\Dineth\focus_binary_benchmark\dataset\bma\unfocused\pos001_1\pos001_1_page_13.png,0,pos001_1,,dataset
bma,D:\Dineth\focus_binary_benchmark\dataset\bma\unfocused\pos001_1\pos001_1_page_4.png,0,pos001_1,,dataset
bma,D:\Dineth\focus_binary_benchmark\dataset\bma\unfocused\pos001_1\pos001_1_page_5.png,0,pos001_1,,dataset
bma,D:\Dineth\focus_binary_benchmark\dataset\bma\unfocused\pos001_1\pos001_1_page_6.png,0,pos001_1,,dataset
bma,D:\Dineth\focus_binary_benchmark\dataset\bma\unfocused\pos001_1\pos001_1_page_7.png,0,pos001_1,,dataset
bma,D:\Dineth\focus_binary_benchmark\dataset\bma\unfocused\pos001_1\pos001_1_page_8.png,0,pos001_1,,dataset
bma,D:\Dineth\focus_binary_benchmark\dataset\bma\unfocused\pos001_1\pos001_1_page_9.png,0,pos001_1,,dataset
bma,D:\Dineth\focus_binary_benchmark\dataset\bma\unfocused\pos001_2\pos001_2_page_1.png,0,pos001_2,,dataset
bma,D:\Dineth\focus_binary_benchmark\dataset\bma\unfocused\pos001_2\pos001_2_page_10.png,0,pos001_2,,dataset
bma,D:\Dineth\focus_binary_benchmark\dataset\bma\unfocused\pos001_2\pos001_2_page_11.png,0,pos001_2,,dataset
bma,D:\Dineth\focus_binary_benchmark\dataset\bma\unfocused\pos001_2\pos001_2_page_12.png,0,pos001_2,,dataset
bma,D:\Dineth\focus_binary_benchmark\dataset\bma\unfocused\pos001_2\pos001_2_page_13.png,0,pos001_2,,dataset
bma,D:\Dineth\focus_binary_benchmark\dataset\bma\unfocused\pos001_2\pos001_2_page_14.png,0,pos001_2,,dataset
bma,D:\Dineth\focus_binary_benchmark\dataset\bma\unfocused\pos001_2\pos001_2_page_2.png,0,pos001_2,,dataset
bma,D:\Dineth\focus_binary_benchmark\dataset\bma\unfocused\pos001_2\pos001_2_page_6.png,0,pos001_2,,dataset
bma,D:\Dineth\focus_binary_benchmark\dataset\bma\unfocused\pos001_2\pos001_2_page_7.png,0,pos001_2,,dataset
bma,D:\Dineth\focus_binary_benchmark\dataset\bma\unfocused\pos001_2\pos001_2_page_8.png,0,pos001_2,,dataset
bma,D:\Dineth\focus_binary_benchmark\dataset\bma\unfocused\pos001_2\pos001_2_page_9.png,0,pos001_2,,dataset
bma,D:\Dineth\focus_binary_benchmark\dataset\bma\unfocused\pos001_3\pos001_3_page_1.png,0,pos001_3,,dataset
bma,D:\Dineth\focus_binary_benchmark\dataset\bma\unfocused\pos001_3\pos001_3_page_10.png,0,pos001_3,,dataset
bma,D:\Dineth\focus_binary_benchmark\dataset\bma\unfocused\pos001_3\pos001_3_page_11.png,0,pos001_3,,dataset
bma,D:\Dineth\focus_binary_benchmark\dataset\bma\unfocused\pos001_3\pos001_3_page_12.png,0,pos001_3,,dataset
bma,D:\Dineth\focus_binary_benchmark\dataset\bma\unfocused\pos001_3\pos001_3_page_13.png,0,pos001_3,,dataset
bma,D:\Dineth\focus_binary_benchmark\dataset\bma\unfocused\pos001_3\pos001_3_page_14.png,0,pos001_3,,dataset
bma,D:\Dineth\focus_binary_benchmark\dataset\bma\unfocused\pos001_3\pos001_3_page_2.png,0,pos001_3,,dataset
bma,D:\Dineth\focus_binary_benchmark\dataset\bma\unfocused\pos001_3\pos001_3_page_3.png,0,pos001_3,,dataset
bma,D:\Dineth\focus_binary_benchmark\dataset\bma\unfocused\pos001_3\pos001_3_page_7.png,0,pos001_3,,dataset
bma,D:\Dineth\focus_binary_benchmark\dataset\bma\unfocused\pos001_3\pos001_3_page_8.png,0,pos001_3,,dataset
bma,D:\Dineth\focus_binary_benchmark\dataset\bma\unfocused\pos001_3\pos001_3_page_9.png,0,pos001_3,,dataset
bma,D:\Dineth\focus_binary_benchmark\dataset\bma\unfocused\pos002_0\pos002_0_page_1.png,0,pos002_0,,dataset
bma,D:\Dineth\focus_binary_benchmark\dataset\bma\unfocused\pos002_0\pos002_0_page_10.png,0,pos002_0,,dataset
bma,D:\Dineth\focus_binary_benchmark\dataset\bma\unfocused\pos002_0\pos002_0_page_11.png,0,pos002_0,,dataset
bma,D:\Dineth\focus_binary_benchmark\dataset\bma\unfocused\pos002_0\pos002_0_page_12.png,0,pos002_0,,dataset
bma,D:\Dineth\focus_binary_benchmark\dataset\bma\unfocused\pos002_0\pos002_0_page_13.png,0,pos002_0,,dataset
bma,D:\Dineth\focus_binary_benchmark\dataset\bma\unfocused\pos002_0\pos002_0_page_4.png,0,pos002_0,,dataset
bma,D:\Dineth\focus_binary_benchmark\dataset\bma\unfocused\pos002_0\pos002_0_page_5.png,0,pos002_0,,dataset
bma,D:\Dineth\focus_binary_benchmark\dataset\bma\unfocused\pos002_0\pos002_0_page_6.png,0,pos002_0,,dataset
bma,D:\Dineth\focus_binary_benchmark\dataset\bma\unfocused\pos002_0\pos002_0_page_7.png,0,pos002_0,,dataset
bma,D:\Dineth\focus_binary_benchmark\dataset\bma\unfocused\pos002_0\pos002_0_page_8.png,0,pos002_0,,dataset
bma,D:\Dineth\focus_binary_benchmark\dataset\bma\unfocused\pos002_0\pos002_0_page_9.png,0,pos002_0,,dataset
bma,D:\Dineth\focus_binary_benchmark\dataset\bma\unfocused\pos002_1\pos002_1_page_1.png,0,pos002_1,,dataset
bma,D:\Dineth\focus_binary_benchmark\dataset\bma\unfocused\pos002_1\pos002_1_page_10.png,0,pos002_1,,dataset
bma,D:\Dineth\focus_binary_benchmark\dataset\bma\unfocused\pos002_1\pos002_1_page_11.png,0,pos002_1,,dataset
bma,D:\Dineth\focus_binary_benchmark\dataset\bma\unfocused\pos002_1\pos002_1_page_12.png,0,pos002_1,,dataset
bma,D:\Dineth\focus_binary_benchmark\dataset\bma\unfocused\pos002_1\pos002_1_page_13.png,0,pos002_1,,dataset
bma,D:\Dineth\focus_binary_benchmark\dataset\bma\unfocused\pos002_1\pos002_1_page_4.png,0,pos002_1,,dataset
bma,D:\Dineth\focus_binary_benchmark\dataset\bma\unfocused\pos002_1\pos002_1_page_5.png,0,pos002_1,,dataset
bma,D:\Dineth\focus_binary_benchmark\dataset\bma\unfocused\pos002_1\pos002_1_page_6.png,0,pos002_1,,dataset
bma,D:\Dineth\focus_binary_benchmark\dataset\bma\unfocused\pos002_1\pos002_1_page_7.png,0,pos002_1,,dataset
bma,D:\Dineth\focus_binary_benchmark\dataset\bma\unfocused\pos002_1\pos002_1_page_8.png,0,pos002_1,,dataset
bma,D:\Dineth\focus_binary_benchmark\dataset\bma\unfocused\pos002_1\pos002_1_page_9.png,0,pos002_1,,dataset
bma,D:\Dineth\focus_binary_benchmark\dataset\bma\unfocused\pos002_2\pos002_2_page_1.png,0,pos002_2,,dataset
bma,D:\Dineth\focus_binary_benchmark\dataset\bma\unfocused\pos002_2\pos002_2_page_10.png,0,pos002_2,,dataset
bma,D:\Dineth\focus_binary_benchmark\dataset\bma\unfocused\pos002_2\pos002_2_page_11.png,0,pos002_2,,dataset
bma,D:\Dineth\focus_binary_benchmark\dataset\bma\unfocused\pos002_2\pos002_2_page_12.png,0,pos002_2,,dataset
bma,D:\Dineth\focus_binary_benchmark\dataset\bma\unfocused\pos002_2\pos002_2_page_13.png,0,pos002_2,,dataset
bma,D:\Dineth\focus_binary_benchmark\dataset\bma\unfocused\pos002_2\pos002_2_page_4.png,0,pos002_2,,dataset
bma,D:\Dineth\focus_binary_benchmark\dataset\bma\unfocused\pos002_2\pos002_2_page_5.png,0,pos002_2,,dataset
bma,D:\Dineth\focus_binary_benchmark\dataset\bma\unfocused\pos002_2\pos002_2_page_6.png,0,pos002_2,,dataset
bma,D:\Dineth\focus_binary_benchmark\dataset\bma\unfocused\pos002_2\pos002_2_page_7.png,0,pos002_2,,dataset
bma,D:\Dineth\focus_binary_benchmark\dataset\bma\unfocused\pos002_2\pos002_2_page_8.png,0,pos002_2,,dataset
bma,D:\Dineth\focus_binary_benchmark\dataset\bma\unfocused\pos002_2\pos002_2_page_9.png,0,pos002_2,,dataset
bma,D:\Dineth\focus_binary_benchmark\dataset\bma\unfocused\pos002_3\pos002_3_page_1.png,0,pos002_3,,dataset
bma,D:\Dineth\focus_binary_benchmark\dataset\bma\unfocused\pos002_3\pos002_3_page_10.png,0,pos002_3,,dataset
bma,D:\Dineth\focus_binary_benchmark\dataset\bma\unfocused\pos002_3\pos002_3_page_11.png,0,pos002_3,,dataset
bma,D:\Dineth\focus_binary_benchmark\dataset\bma\unfocused\pos002_3\pos002_3_page_12.png,0,pos002_3,,dataset
bma,D:\Dineth\focus_binary_benchmark\dataset\bma\unfocused\pos002_3\pos002_3_page_13.png,0,pos002_3,,dataset
bma,D:\Dineth\focus_binary_benchmark\dataset\bma\unfocused\pos002_3\pos002_3_page_14.png,0,pos002_3,,dataset
bma,D:\Dineth\focus_binary_benchmark\dataset\bma\unfocused\pos002_3\pos002_3_page_2.png,0,pos002_3,,dataset
bma,D:\Dineth\focus_binary_benchmark\dataset\bma\unfocused\pos002_3\pos002_3_page_3.png,0,pos002_3,,dataset
bma,D:\Dineth\focus_binary_benchmark\dataset\bma\unfocused\pos002_3\pos002_3_page_7.png,0,pos002_3,,dataset
bma,D:\Dineth\focus_binary_benchmark\dataset\bma\unfocused\pos002_3\pos002_3_page_8.png,0,pos002_3,,dataset
bma,D:\Dineth\focus_binary_benchmark\dataset\bma\unfocused\pos002_3\pos002_3_page_9.png,0,pos002_3,,dataset
bma,D:\Dineth\focus_binary_benchmark\dataset\bma\unfocused\pos003_0\pos003_0_page_1.png,0,pos003_0,,dataset
bma,D:\Dineth\focus_binary_benchmark\dataset\bma\unfocused\pos003_0\pos003_0_page_10.png,0,pos003_0,,dataset
bma,D:\Dineth\focus_binary_benchmark\dataset\bma\unfocused\pos003_0\pos003_0_page_11.png,0,pos003_0,,dataset
bma,D:\Dineth\focus_binary_benchmark\dataset\bma\unfocused\pos003_0\pos003_0_page_12.png,0,pos003_0,,dataset
bma,D:\Dineth\focus_binary_benchmark\dataset\bma\unfocused\pos003_0\pos003_0_page_13.png,0,pos003_0,,dataset
bma,D:\Dineth\focus_binary_benchmark\dataset\bma\unfocused\pos003_0\pos003_0_page_14.png,0,pos003_0,,dataset
bma,D:\Dineth\focus_binary_benchmark\dataset\bma\unfocused\pos003_0\pos003_0_page_2.png,0,pos003_0,,dataset
bma,D:\Dineth\focus_binary_benchmark\dataset\bma\unfocused\pos003_0\pos003_0_page_6.png,0,pos003_0,,dataset
bma,D:\Dineth\focus_binary_benchmark\dataset\bma\unfocused\pos003_0\pos003_0_page_7.png,0,pos003_0,,dataset
bma,D:\Dineth\focus_binary_benchmark\dataset\bma\unfocused\pos003_0\pos003_0_page_8.png,0,pos003_0,,dataset
bma,D:\Dineth\focus_binary_benchmark\dataset\bma\unfocused\pos003_0\pos003_0_page_9.png,0,pos003_0,,dataset
bma,D:\Dineth\focus_binary_benchmark\dataset\bma\unfocused\pos003_1\pos003_1_page_1.png,0,pos003_1,,dataset
bma,D:\Dineth\focus_binary_benchmark\dataset\bma\unfocused\pos003_1\pos003_1_page_10.png,0,pos003_1,,dataset
bma,D:\Dineth\focus_binary_benchmark\dataset\bma\unfocused\pos003_1\pos003_1_page_11.png,0,pos003_1,,dataset
bma,D:\Dineth\focus_binary_benchmark\dataset\bma\unfocused\pos003_1\pos003_1_page_12.png,0,pos003_1,,dataset
bma,D:\Dineth\focus_binary_benchmark\dataset\bma\unfocused\pos003_1\pos003_1_page_13.png,0,pos003_1,,dataset
bma,D:\Dineth\focus_binary_benchmark\dataset\bma\unfocused\pos003_1\pos003_1_page_14.png,0,pos003_1,,dataset
bma,D:\Dineth\focus_binary_benchmark\dataset\bma\unfocused\pos003_1\pos003_1_page_2.png,0,pos003_1,,dataset
bma,D:\Dineth\focus_binary_benchmark\dataset\bma\unfocused\pos003_1\pos003_1_page_6.png,0,pos003_1,,dataset
bma,D:\Dineth\focus_binary_benchmark\dataset\bma\unfocused\pos003_1\pos003_1_page_7.png,0,pos003_1,,dataset
bma,D:\Dineth\focus_binary_benchmark\dataset\bma\unfocused\pos003_1\pos003_1_page_8.png,0,pos003_1,,dataset
bma,D:\Dineth\focus_binary_benchmark\dataset\bma\unfocused\pos003_1\pos003_1_page_9.png,0,pos003_1,,dataset
bma,D:\Dineth\focus_binary_benchmark\dataset\bma\unfocused\pos003_2\pos003_2_page_1.png,0,pos003_2,,dataset
bma,D:\Dineth\focus_binary_benchmark\dataset\bma\unfocused\pos003_2\pos003_2_page_10.png,0,pos003_2,,dataset
bma,D:\Dineth\focus_binary_benchmark\dataset\bma\unfocused\pos003_2\pos003_2_page_11.png,0,pos003_2,,dataset
bma,D:\Dineth\focus_binary_benchmark\dataset\bma\unfocused\pos003_2\pos003_2_page_12.png,0,pos003_2,,dataset
bma,D:\Dineth\focus_binary_benchmark\dataset\bma\unfocused\pos003_2\pos003_2_page_13.png,0,pos003_2,,dataset
bma,D:\Dineth\focus_binary_benchmark\dataset\bma\unfocused\pos003_2\pos003_2_page_14.png,0,pos003_2,,dataset
bma,D:\Dineth\focus_binary_benchmark\dataset\bma\unfocused\pos003_2\pos003_2_page_2.png,0,pos003_2,,dataset
bma,D:\Dineth\focus_binary_benchmark\dataset\bma\unfocused\pos003_2\pos003_2_page_3.png,0,pos003_2,,dataset
bma,D:\Dineth\focus_binary_benchmark\dataset\bma\unfocused\pos003_2\pos003_2_page_4.png,0,pos003_2,,dataset
bma,D:\Dineth\focus_binary_benchmark\dataset\bma\unfocused\pos003_2\pos003_2_page_8.png,0,pos003_2,,dataset
bma,D:\Dineth\focus_binary_benchmark\dataset\bma\unfocused\pos003_2\pos003_2_page_9.png,0,pos003_2,,dataset
bma,D:\Dineth\focus_binary_benchmark\dataset\bma\unfocused\pos003_3\pos003_3_page_1.png,0,pos003_3,,dataset
bma,D:\Dineth\focus_binary_benchmark\dataset\bma\unfocused\pos003_3\pos003_3_page_10.png,0,pos003_3,,dataset
bma,D:\Dineth\focus_binary_benchmark\dataset\bma\unfocused\pos003_3\pos003_3_page_11.png,0,pos003_3,,dataset
bma,D:\Dineth\focus_binary_benchmark\dataset\bma\unfocused\pos003_3\pos003_3_page_12.png,0,pos003_3,,dataset
bma,D:\Dineth\focus_binary_benchmark\dataset\bma\unfocused\pos003_3\pos003_3_page_13.png,0,pos003_3,,dataset
bma,D:\Dineth\focus_binary_benchmark\dataset\bma\unfocused\pos003_3\pos003_3_page_14.png,0,pos003_3,,dataset
bma,D:\Dineth\focus_binary_benchmark\dataset\bma\unfocused\pos003_3\pos003_3_page_2.png,0,pos003_3,,dataset
bma,D:\Dineth\focus_binary_benchmark\dataset\bma\unfocused\pos003_3\pos003_3_page_3.png,0,pos003_3,,dataset
bma,D:\Dineth\focus_binary_benchmark\dataset\bma\unfocused\pos003_3\pos003_3_page_4.png,0,pos003_3,,dataset
bma,D:\Dineth\focus_binary_benchmark\dataset\bma\unfocused\pos003_3\pos003_3_page_8.png,0,pos003_3,,dataset
bma,D:\Dineth\focus_binary_benchmark\dataset\bma\unfocused\pos003_3\pos003_3_page_9.png,0,pos003_3,,dataset
bma,D:\Dineth\focus_binary_benchmark\dataset\bma\unfocused\pos004_0\pos004_0_page_1.png,0,pos004_0,,dataset
bma,D:\Dineth\focus_binary_benchmark\dataset\bma\unfocused\pos004_0\pos004_0_page_10.png,0,pos004_0,,dataset
bma,D:\Dineth\focus_binary_benchmark\dataset\bma\unfocused\pos004_0\pos004_0_page_11.png,0,pos004_0,,dataset
bma,D:\Dineth\focus_binary_benchmark\dataset\bma\unfocused\pos004_0\pos004_0_page_12.png,0,pos004_0,,dataset
bma,D:\Dineth\focus_binary_benchmark\dataset\bma\unfocused\pos004_0\pos004_0_page_13.png,0,pos004_0,,dataset
bma,D:\Dineth\focus_binary_benchmark\dataset\bma\unfocused\pos004_0\pos004_0_page_4.png,0,pos004_0,,dataset
bma,D:\Dineth\focus_binary_benchmark\dataset\bma\unfocused\pos004_0\pos004_0_page_5.png,0,pos004_0,,dataset
bma,D:\Dineth\focus_binary_benchmark\dataset\bma\unfocused\pos004_0\pos004_0_page_6.png,0,pos004_0,,dataset
bma,D:\Dineth\focus_binary_benchmark\dataset\bma\unfocused\pos004_0\pos004_0_page_7.png,0,pos004_0,,dataset
bma,D:\Dineth\focus_binary_benchmark\dataset\bma\unfocused\pos004_0\pos004_0_page_8.png,0,pos004_0,,dataset
bma,D:\Dineth\focus_binary_benchmark\dataset\bma\unfocused\pos004_0\pos004_0_page_9.png,0,pos004_0,,dataset
bma,D:\Dineth\focus_binary_benchmark\dataset\bma\unfocused\pos004_1\pos004_1_page_12.png,0,pos004_1,,dataset
bma,D:\Dineth\focus_binary_benchmark\dataset\bma\unfocused\pos004_1\pos004_1_page_13.png,0,pos004_1,,dataset
bma,D:\Dineth\focus_binary_benchmark\dataset\bma\unfocused\pos004_1\pos004_1_page_14.png,0,pos004_1,,dataset
bma,D:\Dineth\focus_binary_benchmark\dataset\bma\unfocused\pos004_1\pos004_1_page_2.png,0,pos004_1,,dataset
bma,D:\Dineth\focus_binary_benchmark\dataset\bma\unfocused\pos004_1\pos004_1_page_3.png,0,pos004_1,,dataset
bma,D:\Dineth\focus_binary_benchmark\dataset\bma\unfocused\pos004_1\pos004_1_page_4.png,0,pos004_1,,dataset
bma,D:\Dineth\focus_binary_benchmark\dataset\bma\unfocused\pos004_1\pos004_1_page_5.png,0,pos004_1,,dataset
bma,D:\Dineth\focus_binary_benchmark\dataset\bma\unfocused\pos004_1\pos004_1_page_6.png,0,pos004_1,,dataset
bma,D:\Dineth\focus_binary_benchmark\dataset\bma\unfocused\pos004_1\pos004_1_page_7.png,0,pos004_1,,dataset
bma,D:\Dineth\focus_binary_benchmark\dataset\bma\unfocused\pos004_1\pos004_1_page_8.png,0,pos004_1,,dataset
bma,D:\Dineth\focus_binary_benchmark\dataset\bma\unfocused\pos004_1\pos004_1_page_9.png,0,pos004_1,,dataset
bma,D:\Dineth\focus_binary_benchmark\dataset\bma\unfocused\pos004_2\pos004_2_page_1.png,0,pos004_2,,dataset
bma,D:\Dineth\focus_binary_benchmark\dataset\bma\unfocused\pos004_2\pos004_2_page_13.png,0,pos004_2,,dataset
bma,D:\Dineth\focus_binary_benchmark\dataset\bma\unfocused\pos004_2\pos004_2_page_14.png,0,pos004_2,,dataset
bma,D:\Dineth\focus_binary_benchmark\dataset\bma\unfocused\pos004_2\pos004_2_page_2.png,0,pos004_2,,dataset
bma,D:\Dineth\focus_binary_benchmark\dataset\bma\unfocused\pos004_2\pos004_2_page_3.png,0,pos004_2,,dataset
bma,D:\Dineth\focus_binary_benchmark\dataset\bma\unfocused\pos004_2\pos004_2_page_4.png,0,pos004_2,,dataset
bma,D:\Dineth\focus_binary_benchmark\dataset\bma\unfocused\pos004_2\pos004_2_page_5.png,0,pos004_2,,dataset
bma,D:\Dineth\focus_binary_benchmark\dataset\bma\unfocused\pos004_2\pos004_2_page_6.png,0,pos004_2,,dataset
bma,D:\Dineth\focus_binary_benchmark\dataset\bma\unfocused\pos004_2\pos004_2_page_7.png,0,pos004_2,,dataset
bma,D:\Dineth\focus_binary_benchmark\dataset\bma\unfocused\pos004_2\pos004_2_page_8.png,0,pos004_2,,dataset
bma,D:\Dineth\focus_binary_benchmark\dataset\bma\unfocused\pos004_2\pos004_2_page_9.png,0,pos004_2,,dataset
bma,D:\Dineth\focus_binary_benchmark\dataset\bma\unfocused\pos004_3\pos004_3_page_1.png,0,pos004_3,,dataset
bma,D:\Dineth\focus_binary_benchmark\dataset\bma\unfocused\pos004_3\pos004_3_page_13.png,0,pos004_3,,dataset
bma,D:\Dineth\focus_binary_benchmark\dataset\bma\unfocused\pos004_3\pos004_3_page_14.png,0,pos004_3,,dataset
bma,D:\Dineth\focus_binary_benchmark\dataset\bma\unfocused\pos004_3\pos004_3_page_2.png,0,pos004_3,,dataset
bma,D:\Dineth\focus_binary_benchmark\dataset\bma\unfocused\pos004_3\pos004_3_page_3.png,0,pos004_3,,dataset
bma,D:\Dineth\focus_binary_benchmark\dataset\bma\unfocused\pos004_3\pos004_3_page_4.png,0,pos004_3,,dataset
bma,D:\Dineth\focus_binary_benchmark\dataset\bma\unfocused\pos004_3\pos004_3_page_5.png,0,pos004_3,,dataset
bma,D:\Dineth\focus_binary_benchmark\dataset\bma\unfocused\pos004_3\pos004_3_page_6.png,0,pos004_3,,dataset
bma,D:\Dineth\focus_binary_benchmark\dataset\bma\unfocused\pos004_3\pos004_3_page_7.png,0,pos004_3,,dataset
bma,D:\Dineth\focus_binary_benchmark\dataset\bma\unfocused\pos004_3\pos004_3_page_8.png,0,pos004_3,,dataset
bma,D:\Dineth\focus_binary_benchmark\dataset\bma\unfocused\pos004_3\pos004_3_page_9.png,0,pos004_3,,dataset
bma,D:\Dineth\focus_binary_benchmark\dataset\bma\unfocused\pos005_0\pos005_0_page_12.png,0,pos005_0,,dataset
bma,D:\Dineth\focus_binary_benchmark\dataset\bma\unfocused\pos005_0\pos005_0_page_13.png,0,pos005_0,,dataset
bma,D:\Dineth\focus_binary_benchmark\dataset\bma\unfocused\pos005_0\pos005_0_page_14.png,0,pos005_0,,dataset
bma,D:\Dineth\focus_binary_benchmark\dataset\bma\unfocused\pos005_0\pos005_0_page_2.png,0,pos005_0,,dataset
bma,D:\Dineth\focus_binary_benchmark\dataset\bma\unfocused\pos005_0\pos005_0_page_3.png,0,pos005_0,,dataset
bma,D:\Dineth\focus_binary_benchmark\dataset\bma\unfocused\pos005_0\pos005_0_page_4.png,0,pos005_0,,dataset
bma,D:\Dineth\focus_binary_benchmark\dataset\bma\unfocused\pos005_0\pos005_0_page_5.png,0,pos005_0,,dataset
bma,D:\Dineth\focus_binary_benchmark\dataset\bma\unfocused\pos005_0\pos005_0_page_6.png,0,pos005_0,,dataset
bma,D:\Dineth\focus_binary_benchmark\dataset\bma\unfocused\pos005_0\pos005_0_page_7.png,0,pos005_0,,dataset
bma,D:\Dineth\focus_binary_benchmark\dataset\bma\unfocused\pos005_0\pos005_0_page_8.png,0,pos005_0,,dataset
bma,D:\Dineth\focus_binary_benchmark\dataset\bma\unfocused\pos005_0\pos005_0_page_9.png,0,pos005_0,,dataset
bma,D:\Dineth\focus_binary_benchmark\dataset\bma\unfocused\pos005_1\pos005_1_page_12.png,0,pos005_1,,dataset
bma,D:\Dineth\focus_binary_benchmark\dataset\bma\unfocused\pos005_1\pos005_1_page_13.png,0,pos005_1,,dataset
bma,D:\Dineth\focus_binary_benchmark\dataset\bma\unfocused\pos005_1\pos005_1_page_14.png,0,pos005_1,,dataset
bma,D:\Dineth\focus_binary_benchmark\dataset\bma\unfocused\pos005_1\pos005_1_page_2.png,0,pos005_1,,dataset
bma,D:\Dineth\focus_binary_benchmark\dataset\bma\unfocused\pos005_1\pos005_1_page_3.png,0,pos005_1,,dataset
bma,D:\Dineth\focus_binary_benchmark\dataset\bma\unfocused\pos005_1\pos005_1_page_4.png,0,pos005_1,,dataset
bma,D:\Dineth\focus_binary_benchmark\dataset\bma\unfocused\pos005_1\pos005_1_page_5.png,0,pos005_1,,dataset
bma,D:\Dineth\focus_binary_benchmark\dataset\bma\unfocused\pos005_1\pos005_1_page_6.png,0,pos005_1,,dataset
bma,D:\Dineth\focus_binary_benchmark\dataset\bma\unfocused\pos005_1\pos005_1_page_7.png,0,pos005_1,,dataset
bma,D:\Dineth\focus_binary_benchmark\dataset\bma\unfocused\pos005_1\pos005_1_page_8.png,0,pos005_1,,dataset
bma,D:\Dineth\focus_binary_benchmark\dataset\bma\unfocused\pos005_1\pos005_1_page_9.png,0,pos005_1,,dataset
bma,D:\Dineth\focus_binary_benchmark\dataset\bma\unfocused\pos005_2\pos005_2_page_12.png,0,pos005_2,,dataset
bma,D:\Dineth\focus_binary_benchmark\dataset\bma\unfocused\pos005_2\pos005_2_page_13.png,0,pos005_2,,dataset
bma,D:\Dineth\focus_binary_benchmark\dataset\bma\unfocused\pos005_2\pos005_2_page_14.png,0,pos005_2,,dataset
bma,D:\Dineth\focus_binary_benchmark\dataset\bma\unfocused\pos005_2\pos005_2_page_2.png,0,pos005_2,,dataset
bma,D:\Dineth\focus_binary_benchmark\dataset\bma\unfocused\pos005_2\pos005_2_page_3.png,0,pos005_2,,dataset
bma,D:\Dineth\focus_binary_benchmark\dataset\bma\unfocused\pos005_2\pos005_2_page_4.png,0,pos005_2,,dataset
bma,D:\Dineth\focus_binary_benchmark\dataset\bma\unfocused\pos005_2\pos005_2_page_5.png,0,pos005_2,,dataset
bma,D:\Dineth\focus_binary_benchmark\dataset\bma\unfocused\pos005_2\pos005_2_page_6.png,0,pos005_2,,dataset
bma,D:\Dineth\focus_binary_benchmark\dataset\bma\unfocused\pos005_2\pos005_2_page_7.png,0,pos005_2,,dataset
bma,D:\Dineth\focus_binary_benchmark\dataset\bma\unfocused\pos005_2\pos005_2_page_8.png,0,pos005_2,,dataset
bma,D:\Dineth\focus_binary_benchmark\dataset\bma\unfocused\pos005_2\pos005_2_page_9.png,0,pos005_2,,dataset
bma,D:\Dineth\focus_binary_benchmark\dataset\bma\unfocused\pos005_3\pos005_3_page_12.png,0,pos005_3,,dataset
bma,D:\Dineth\focus_binary_benchmark\dataset\bma\unfocused\pos005_3\pos005_3_page_13.png,0,pos005_3,,dataset
bma,D:\Dineth\focus_binary_benchmark\dataset\bma\unfocused\pos005_3\pos005_3_page_14.png,0,pos005_3,,dataset
bma,D:\Dineth\focus_binary_benchmark\dataset\bma\unfocused\pos005_3\pos005_3_page_2.png,0,pos005_3,,dataset
bma,D:\Dineth\focus_binary_benchmark\dataset\bma\unfocused\pos005_3\pos005_3_page_3.png,0,pos005_3,,dataset
bma,D:\Dineth\focus_binary_benchmark\dataset\bma\unfocused\pos005_3\pos005_3_page_4.png,0,pos005_3,,dataset
bma,D:\Dineth\focus_binary_benchmark\dataset\bma\unfocused\pos005_3\pos005_3_page_5.png,0,pos005_3,,dataset
bma,D:\Dineth\focus_binary_benchmark\dataset\bma\unfocused\pos005_3\pos005_3_page_6.png,0,pos005_3,,dataset
bma,D:\Dineth\focus_binary_benchmark\dataset\bma\unfocused\pos005_3\pos005_3_page_7.png,0,pos005_3,,dataset
bma,D:\Dineth\focus_binary_benchmark\dataset\bma\unfocused\pos005_3\pos005_3_page_8.png,0,pos005_3,,dataset
bma,D:\Dineth\focus_binary_benchmark\dataset\bma\unfocused\pos005_3\pos005_3_page_9.png,0,pos005_3,,dataset
bma,D:\Dineth\focus_binary_benchmark\dataset\bma\unfocused\pos006_0\pos006_0_page_12.png,0,pos006_0,,dataset
bma,D:\Dineth\focus_binary_benchmark\dataset\bma\unfocused\pos006_0\pos006_0_page_13.png,0,pos006_0,,dataset
bma,D:\Dineth\focus_binary_benchmark\dataset\bma\unfocused\pos006_0\pos006_0_page_14.png,0,pos006_0,,dataset
bma,D:\Dineth\focus_binary_benchmark\dataset\bma\unfocused\pos006_0\pos006_0_page_2.png,0,pos006_0,,dataset
bma,D:\Dineth\focus_binary_benchmark\dataset\bma\unfocused\pos006_0\pos006_0_page_3.png,0,pos006_0,,dataset
bma,D:\Dineth\focus_binary_benchmark\dataset\bma\unfocused\pos006_0\pos006_0_page_4.png,0,pos006_0,,dataset
bma,D:\Dineth\focus_binary_benchmark\dataset\bma\unfocused\pos006_0\pos006_0_page_5.png,0,pos006_0,,dataset
bma,D:\Dineth\focus_binary_benchmark\dataset\bma\unfocused\pos006_0\pos006_0_page_6.png,0,pos006_0,,dataset
bma,D:\Dineth\focus_binary_benchmark\dataset\bma\unfocused\pos006_0\pos006_0_page_7.png,0,pos006_0,,dataset
bma,D:\Dineth\focus_binary_benchmark\dataset\bma\unfocused\pos006_0\pos006_0_page_8.png,0,pos006_0,,dataset
bma,D:\Dineth\focus_binary_benchmark\dataset\bma\unfocused\pos006_0\pos006_0_page_9.png,0,pos006_0,,dataset
bma,D:\Dineth\focus_binary_benchmark\dataset\bma\unfocused\pos006_1\pos006_1_page_1.png,0,pos006_1,,dataset
bma,D:\Dineth\focus_binary_benchmark\dataset\bma\unfocused\pos006_1\pos006_1_page_10.png,0,pos006_1,,dataset
bma,D:\Dineth\focus_binary_benchmark\dataset\bma\unfocused\pos006_1\pos006_1_page_11.png,0,pos006_1,,dataset
bma,D:\Dineth\focus_binary_benchmark\dataset\bma\unfocused\pos006_1\pos006_1_page_12.png,0,pos006_1,,dataset
bma,D:\Dineth\focus_binary_benchmark\dataset\bma\unfocused\pos006_1\pos006_1_page_13.png,0,pos006_1,,dataset
bma,D:\Dineth\focus_binary_benchmark\dataset\bma\unfocused\pos006_1\pos006_1_page_14.png,0,pos006_1,,dataset
bma,D:\Dineth\focus_binary_benchmark\dataset\bma\unfocused\pos006_1\pos006_1_page_2.png,0,pos006_1,,dataset
bma,D:\Dineth\focus_binary_benchmark\dataset\bma\unfocused\pos006_1\pos006_1_page_3.png,0,pos006_1,,dataset
bma,D:\Dineth\focus_binary_benchmark\dataset\bma\unfocused\pos006_1\pos006_1_page_4.png,0,pos006_1,,dataset
bma,D:\Dineth\focus_binary_benchmark\dataset\bma\unfocused\pos006_1\pos006_1_page_5.png,0,pos006_1,,dataset
bma,D:\Dineth\focus_binary_benchmark\dataset\bma\unfocused\pos006_1\pos006_1_page_6.png,0,pos006_1,,dataset
bma,D:\Dineth\focus_binary_benchmark\dataset\bma\unfocused\pos006_2\pos006_2_page_12.png,0,pos006_2,,dataset
bma,D:\Dineth\focus_binary_benchmark\dataset\bma\unfocused\pos006_2\pos006_2_page_13.png,0,pos006_2,,dataset
bma,D:\Dineth\focus_binary_benchmark\dataset\bma\unfocused\pos006_2\pos006_2_page_14.png,0,pos006_2,,dataset
bma,D:\Dineth\focus_binary_benchmark\dataset\bma\unfocused\pos006_2\pos006_2_page_2.png,0,pos006_2,,dataset
bma,D:\Dineth\focus_binary_benchmark\dataset\bma\unfocused\pos006_2\pos006_2_page_3.png,0,pos006_2,,dataset
bma,D:\Dineth\focus_binary_benchmark\dataset\bma\unfocused\pos006_2\pos006_2_page_4.png,0,pos006_2,,dataset
bma,D:\Dineth\focus_binary_benchmark\dataset\bma\unfocused\pos006_2\pos006_2_page_5.png,0,pos006_2,,dataset
bma,D:\Dineth\focus_binary_benchmark\dataset\bma\unfocused\pos006_2\pos006_2_page_6.png,0,pos006_2,,dataset
bma,D:\Dineth\focus_binary_benchmark\dataset\bma\unfocused\pos006_2\pos006_2_page_7.png,0,pos006_2,,dataset
bma,D:\Dineth\focus_binary_benchmark\dataset\bma\unfocused\pos006_2\pos006_2_page_8.png,0,pos006_2,,dataset
bma,D:\Dineth\focus_binary_benchmark\dataset\bma\unfocused\pos006_2\pos006_2_page_9.png,0,pos006_2,,dataset
bma,D:\Dineth\focus_binary_benchmark\dataset\bma\unfocused\pos006_3\pos006_3_page_12.png,0,pos006_3,,dataset
bma,D:\Dineth\focus_binary_benchmark\dataset\bma\unfocused\pos006_3\pos006_3_page_13.png,0,pos006_3,,dataset
bma,D:\Dineth\focus_binary_benchmark\dataset\bma\unfocused\pos006_3\pos006_3_page_14.png,0,pos006_3,,dataset
bma,D:\Dineth\focus_binary_benchmark\dataset\bma\unfocused\pos006_3\pos006_3_page_2.png,0,pos006_3,,dataset
bma,D:\Dineth\focus_binary_benchmark\dataset\bma\unfocused\pos006_3\pos006_3_page_3.png,0,pos006_3,,dataset
bma,D:\Dineth\focus_binary_benchmark\dataset\bma\unfocused\pos006_3\pos006_3_page_4.png,0,pos006_3,,dataset
bma,D:\Dineth\focus_binary_benchmark\dataset\bma\unfocused\pos006_3\pos006_3_page_5.png,0,pos006_3,,dataset
bma,D:\Dineth\focus_binary_benchmark\dataset\bma\unfocused\pos006_3\pos006_3_page_6.png,0,pos006_3,,dataset
bma,D:\Dineth\focus_binary_benchmark\dataset\bma\unfocused\pos006_3\pos006_3_page_7.png,0,pos006_3,,dataset
bma,D:\Dineth\focus_binary_benchmark\dataset\bma\unfocused\pos006_3\pos006_3_page_8.png,0,pos006_3,,dataset
bma,D:\Dineth\focus_binary_benchmark\dataset\bma\unfocused\pos006_3\pos006_3_page_9.png,0,pos006_3,,dataset
bma,D:\Dineth\focus_binary_benchmark\dataset\bma\unfocused\pos007_0\pos007_0_page_1.png,0,pos007_0,,dataset
bma,D:\Dineth\focus_binary_benchmark\dataset\bma\unfocused\pos007_0\pos007_0_page_10.png,0,pos007_0,,dataset
bma,D:\Dineth\focus_binary_benchmark\dataset\bma\unfocused\pos007_0\pos007_0_page_11.png,0,pos007_0,,dataset
bma,D:\Dineth\focus_binary_benchmark\dataset\bma\unfocused\pos007_0\pos007_0_page_12.png,0,pos007_0,,dataset
bma,D:\Dineth\focus_binary_benchmark\dataset\bma\unfocused\pos007_0\pos007_0_page_13.png,0,pos007_0,,dataset
bma,D:\Dineth\focus_binary_benchmark\dataset\bma\unfocused\pos007_0\pos007_0_page_14.png,0,pos007_0,,dataset
bma,D:\Dineth\focus_binary_benchmark\dataset\bma\unfocused\pos007_0\pos007_0_page_2.png,0,pos007_0,,dataset
bma,D:\Dineth\focus_binary_benchmark\dataset\bma\unfocused\pos007_0\pos007_0_page_3.png,0,pos007_0,,dataset
bma,D:\Dineth\focus_binary_benchmark\dataset\bma\unfocused\pos007_0\pos007_0_page_4.png,0,pos007_0,,dataset
bma,D:\Dineth\focus_binary_benchmark\dataset\bma\unfocused\pos007_0\pos007_0_page_5.png,0,pos007_0,,dataset
bma,D:\Dineth\focus_binary_benchmark\dataset\bma\unfocused\pos007_0\pos007_0_page_6.png,0,pos007_0,,dataset
bma,D:\Dineth\focus_binary_benchmark\dataset\bma\unfocused\pos007_1\pos007_1_page_1.png,0,pos007_1,,dataset
bma,D:\Dineth\focus_binary_benchmark\dataset\bma\unfocused\pos007_1\pos007_1_page_10.png,0,pos007_1,,dataset
bma,D:\Dineth\focus_binary_benchmark\dataset\bma\unfocused\pos007_1\pos007_1_page_11.png,0,pos007_1,,dataset
bma,D:\Dineth\focus_binary_benchmark\dataset\bma\unfocused\pos007_1\pos007_1_page_12.png,0,pos007_1,,dataset
bma,D:\Dineth\focus_binary_benchmark\dataset\bma\unfocused\pos007_1\pos007_1_page_13.png,0,pos007_1,,dataset
bma,D:\Dineth\focus_binary_benchmark\dataset\bma\unfocused\pos007_1\pos007_1_page_14.png,0,pos007_1,,dataset
bma,D:\Dineth\focus_binary_benchmark\dataset\bma\unfocused\pos007_1\pos007_1_page_2.png,0,pos007_1,,dataset
bma,D:\Dineth\focus_binary_benchmark\dataset\bma\unfocused\pos007_1\pos007_1_page_3.png,0,pos007_1,,dataset
bma,D:\Dineth\focus_binary_benchmark\dataset\bma\unfocused\pos007_1\pos007_1_page_4.png,0,pos007_1,,dataset
bma,D:\Dineth\focus_binary_benchmark\dataset\bma\unfocused\pos007_1\pos007_1_page_5.png,0,pos007_1,,dataset
bma,D:\Dineth\focus_binary_benchmark\dataset\bma\unfocused\pos007_1\pos007_1_page_6.png,0,pos007_1,,dataset
bma,D:\Dineth\focus_binary_benchmark\dataset\bma\unfocused\pos007_2\pos007_2_page_12.png,0,pos007_2,,dataset
bma,D:\Dineth\focus_binary_benchmark\dataset\bma\unfocused\pos007_2\pos007_2_page_13.png,0,pos007_2,,dataset
bma,D:\Dineth\focus_binary_benchmark\dataset\bma\unfocused\pos007_2\pos007_2_page_14.png,0,pos007_2,,dataset
bma,D:\Dineth\focus_binary_benchmark\dataset\bma\unfocused\pos007_2\pos007_2_page_2.png,0,pos007_2,,dataset
bma,D:\Dineth\focus_binary_benchmark\dataset\bma\unfocused\pos007_2\pos007_2_page_3.png,0,pos007_2,,dataset
bma,D:\Dineth\focus_binary_benchmark\dataset\bma\unfocused\pos007_2\pos007_2_page_4.png,0,pos007_2,,dataset
bma,D:\Dineth\focus_binary_benchmark\dataset\bma\unfocused\pos007_2\pos007_2_page_5.png,0,pos007_2,,dataset
bma,D:\Dineth\focus_binary_benchmark\dataset\bma\unfocused\pos007_2\pos007_2_page_6.png,0,pos007_2,,dataset
bma,D:\Dineth\focus_binary_benchmark\dataset\bma\unfocused\pos007_2\pos007_2_page_7.png,0,pos007_2,,dataset
bma,D:\Dineth\focus_binary_benchmark\dataset\bma\unfocused\pos007_2\pos007_2_page_8.png,0,pos007_2,,dataset
bma,D:\Dineth\focus_binary_benchmark\dataset\bma\unfocused\pos007_2\pos007_2_page_9.png,0,pos007_2,,dataset
bma,D:\Dineth\focus_binary_benchmark\dataset\bma\unfocused\pos007_3\pos007_3_page_12.png,0,pos007_3,,dataset
bma,D:\Dineth\focus_binary_benchmark\dataset\bma\unfocused\pos007_3\pos007_3_page_13.png,0,pos007_3,,dataset
bma,D:\Dineth\focus_binary_benchmark\dataset\bma\unfocused\pos007_3\pos007_3_page_14.png,0,pos007_3,,dataset
bma,D:\Dineth\focus_binary_benchmark\dataset\bma\unfocused\pos007_3\pos007_3_page_2.png,0,pos007_3,,dataset
bma,D:\Dineth\focus_binary_benchmark\dataset\bma\unfocused\pos007_3\pos007_3_page_3.png,0,pos007_3,,dataset
bma,D:\Dineth\focus_binary_benchmark\dataset\bma\unfocused\pos007_3\pos007_3_page_4.png,0,pos007_3,,dataset
bma,D:\Dineth\focus_binary_benchmark\dataset\bma\unfocused\pos007_3\pos007_3_page_5.png,0,pos007_3,,dataset
bma,D:\Dineth\focus_binary_benchmark\dataset\bma\unfocused\pos007_3\pos007_3_page_6.png,0,pos007_3,,dataset
bma,D:\Dineth\focus_binary_benchmark\dataset\bma\unfocused\pos007_3\pos007_3_page_7.png,0,pos007_3,,dataset
bma,D:\Dineth\focus_binary_benchmark\dataset\bma\unfocused\pos007_3\pos007_3_page_8.png,0,pos007_3,,dataset
bma,D:\Dineth\focus_binary_benchmark\dataset\bma\unfocused\pos007_3\pos007_3_page_9.png,0,pos007_3,,dataset
bma,D:\Dineth\focus_binary_benchmark\dataset\bma\unfocused\pos008_0\pos008_0_page_1.png,0,pos008_0,,dataset
bma,D:\Dineth\focus_binary_benchmark\dataset\bma\unfocused\pos008_0\pos008_0_page_10.png,0,pos008_0,,dataset
bma,D:\Dineth\focus_binary_benchmark\dataset\bma\unfocused\pos008_0\pos008_0_page_11.png,0,pos008_0,,dataset
bma,D:\Dineth\focus_binary_benchmark\dataset\bma\unfocused\pos008_0\pos008_0_page_12.png,0,pos008_0,,dataset
bma,D:\Dineth\focus_binary_benchmark\dataset\bma\unfocused\pos008_0\pos008_0_page_13.png,0,pos008_0,,dataset
bma,D:\Dineth\focus_binary_benchmark\dataset\bma\unfocused\pos008_0\pos008_0_page_14.png,0,pos008_0,,dataset
bma,D:\Dineth\focus_binary_benchmark\dataset\bma\unfocused\pos008_0\pos008_0_page_2.png,0,pos008_0,,dataset
bma,D:\Dineth\focus_binary_benchmark\dataset\bma\unfocused\pos008_0\pos008_0_page_6.png,0,pos008_0,,dataset
bma,D:\Dineth\focus_binary_benchmark\dataset\bma\unfocused\pos008_0\pos008_0_page_7.png,0,pos008_0,,dataset
bma,D:\Dineth\focus_binary_benchmark\dataset\bma\unfocused\pos008_0\pos008_0_page_8.png,0,pos008_0,,dataset
bma,D:\Dineth\focus_binary_benchmark\dataset\bma\unfocused\pos008_0\pos008_0_page_9.png,0,pos008_0,,dataset
bma,D:\Dineth\focus_binary_benchmark\dataset\bma\unfocused\pos008_1\pos008_1_page_1.png,0,pos008_1,,dataset
bma,D:\Dineth\focus_binary_benchmark\dataset\bma\unfocused\pos008_1\pos008_1_page_10.png,0,pos008_1,,dataset
bma,D:\Dineth\focus_binary_benchmark\dataset\bma\unfocused\pos008_1\pos008_1_page_11.png,0,pos008_1,,dataset
bma,D:\Dineth\focus_binary_benchmark\dataset\bma\unfocused\pos008_1\pos008_1_page_12.png,0,pos008_1,,dataset
bma,D:\Dineth\focus_binary_benchmark\dataset\bma\unfocused\pos008_1\pos008_1_page_13.png,0,pos008_1,,dataset
bma,D:\Dineth\focus_binary_benchmark\dataset\bma\unfocused\pos008_1\pos008_1_page_14.png,0,pos008_1,,dataset
bma,D:\Dineth\focus_binary_benchmark\dataset\bma\unfocused\pos008_1\pos008_1_page_2.png,0,pos008_1,,dataset
bma,D:\Dineth\focus_binary_benchmark\dataset\bma\unfocused\pos008_1\pos008_1_page_6.png,0,pos008_1,,dataset
bma,D:\Dineth\focus_binary_benchmark\dataset\bma\unfocused\pos008_1\pos008_1_page_7.png,0,pos008_1,,dataset
bma,D:\Dineth\focus_binary_benchmark\dataset\bma\unfocused\pos008_1\pos008_1_page_8.png,0,pos008_1,,dataset
bma,D:\Dineth\focus_binary_benchmark\dataset\bma\unfocused\pos008_1\pos008_1_page_9.png,0,pos008_1,,dataset
bma,D:\Dineth\focus_binary_benchmark\dataset\bma\unfocused\pos008_2\pos008_2_page_1.png,0,pos008_2,,dataset
bma,D:\Dineth\focus_binary_benchmark\dataset\bma\unfocused\pos008_2\pos008_2_page_10.png,0,pos008_2,,dataset
bma,D:\Dineth\focus_binary_benchmark\dataset\bma\unfocused\pos008_2\pos008_2_page_11.png,0,pos008_2,,dataset
bma,D:\Dineth\focus_binary_benchmark\dataset\bma\unfocused\pos008_2\pos008_2_page_12.png,0,pos008_2,,dataset
bma,D:\Dineth\focus_binary_benchmark\dataset\bma\unfocused\pos008_2\pos008_2_page_13.png,0,pos008_2,,dataset
bma,D:\Dineth\focus_binary_benchmark\dataset\bma\unfocused\pos008_2\pos008_2_page_14.png,0,pos008_2,,dataset
bma,D:\Dineth\focus_binary_benchmark\dataset\bma\unfocused\pos008_2\pos008_2_page_2.png,0,pos008_2,,dataset
bma,D:\Dineth\focus_binary_benchmark\dataset\bma\unfocused\pos008_2\pos008_2_page_3.png,0,pos008_2,,dataset
bma,D:\Dineth\focus_binary_benchmark\dataset\bma\unfocused\pos008_2\pos008_2_page_4.png,0,pos008_2,,dataset
bma,D:\Dineth\focus_binary_benchmark\dataset\bma\unfocused\pos008_2\pos008_2_page_8.png,0,pos008_2,,dataset
bma,D:\Dineth\focus_binary_benchmark\dataset\bma\unfocused\pos008_2\pos008_2_page_9.png,0,pos008_2,,dataset
bma,D:\Dineth\focus_binary_benchmark\dataset\bma\unfocused\pos008_3\pos008_3_page_1.png,0,pos008_3,,dataset
bma,D:\Dineth\focus_binary_benchmark\dataset\bma\unfocused\pos008_3\pos008_3_page_10.png,0,pos008_3,,dataset
bma,D:\Dineth\focus_binary_benchmark\dataset\bma\unfocused\pos008_3\pos008_3_page_11.png,0,pos008_3,,dataset
bma,D:\Dineth\focus_binary_benchmark\dataset\bma\unfocused\pos008_3\pos008_3_page_12.png,0,pos008_3,,dataset
bma,D:\Dineth\focus_binary_benchmark\dataset\bma\unfocused\pos008_3\pos008_3_page_13.png,0,pos008_3,,dataset
bma,D:\Dineth\focus_binary_benchmark\dataset\bma\unfocused\pos008_3\pos008_3_page_14.png,0,pos008_3,,dataset
bma,D:\Dineth\focus_binary_benchmark\dataset\bma\unfocused\pos008_3\pos008_3_page_2.png,0,pos008_3,,dataset
bma,D:\Dineth\focus_binary_benchmark\dataset\bma\unfocused\pos008_3\pos008_3_page_3.png,0,pos008_3,,dataset
bma,D:\Dineth\focus_binary_benchmark\dataset\bma\unfocused\pos008_3\pos008_3_page_4.png,0,pos008_3,,dataset
bma,D:\Dineth\focus_binary_benchmark\dataset\bma\unfocused\pos008_3\pos008_3_page_8.png,0,pos008_3,,dataset
bma,D:\Dineth\focus_binary_benchmark\dataset\bma\unfocused\pos008_3\pos008_3_page_9.png,0,pos008_3,,dataset
bma,D:\Dineth\focus_binary_benchmark\dataset\bma\unfocused\pos009_0\pos009_0_page_1.png,0,pos009_0,,dataset
bma,D:\Dineth\focus_binary_benchmark\dataset\bma\unfocused\pos009_0\pos009_0_page_10.png,0,pos009_0,,dataset
bma,D:\Dineth\focus_binary_benchmark\dataset\bma\unfocused\pos009_0\pos009_0_page_11.png,0,pos009_0,,dataset
bma,D:\Dineth\focus_binary_benchmark\dataset\bma\unfocused\pos009_0\pos009_0_page_12.png,0,pos009_0,,dataset
bma,D:\Dineth\focus_binary_benchmark\dataset\bma\unfocused\pos009_0\pos009_0_page_13.png,0,pos009_0,,dataset
bma,D:\Dineth\focus_binary_benchmark\dataset\bma\unfocused\pos009_0\pos009_0_page_14.png,0,pos009_0,,dataset
bma,D:\Dineth\focus_binary_benchmark\dataset\bma\unfocused\pos009_0\pos009_0_page_2.png,0,pos009_0,,dataset
bma,D:\Dineth\focus_binary_benchmark\dataset\bma\unfocused\pos009_0\pos009_0_page_6.png,0,pos009_0,,dataset
bma,D:\Dineth\focus_binary_benchmark\dataset\bma\unfocused\pos009_0\pos009_0_page_7.png,0,pos009_0,,dataset
bma,D:\Dineth\focus_binary_benchmark\dataset\bma\unfocused\pos009_0\pos009_0_page_8.png,0,pos009_0,,dataset
bma,D:\Dineth\focus_binary_benchmark\dataset\bma\unfocused\pos009_0\pos009_0_page_9.png,0,pos009_0,,dataset
bma,D:\Dineth\focus_binary_benchmark\dataset\bma\unfocused\pos009_1\pos009_1_page_1.png,0,pos009_1,,dataset
bma,D:\Dineth\focus_binary_benchmark\dataset\bma\unfocused\pos009_1\pos009_1_page_10.png,0,pos009_1,,dataset
bma,D:\Dineth\focus_binary_benchmark\dataset\bma\unfocused\pos009_1\pos009_1_page_11.png,0,pos009_1,,dataset
bma,D:\Dineth\focus_binary_benchmark\dataset\bma\unfocused\pos009_1\pos009_1_page_12.png,0,pos009_1,,dataset
bma,D:\Dineth\focus_binary_benchmark\dataset\bma\unfocused\pos009_1\pos009_1_page_13.png,0,pos009_1,,dataset
bma,D:\Dineth\focus_binary_benchmark\dataset\bma\unfocused\pos009_1\pos009_1_page_14.png,0,pos009_1,,dataset
bma,D:\Dineth\focus_binary_benchmark\dataset\bma\unfocused\pos009_1\pos009_1_page_2.png,0,pos009_1,,dataset
bma,D:\Dineth\focus_binary_benchmark\dataset\bma\unfocused\pos009_1\pos009_1_page_6.png,0,pos009_1,,dataset
bma,D:\Dineth\focus_binary_benchmark\dataset\bma\unfocused\pos009_1\pos009_1_page_7.png,0,pos009_1,,dataset
bma,D:\Dineth\focus_binary_benchmark\dataset\bma\unfocused\pos009_1\pos009_1_page_8.png,0,pos009_1,,dataset
bma,D:\Dineth\focus_binary_benchmark\dataset\bma\unfocused\pos009_1\pos009_1_page_9.png,0,pos009_1,,dataset
pbs_imgs,D:\Dineth\focus_binary_benchmark\dataset\pbs_imgs\focused\FieldPos001_Cam01_RGB_MB\FieldPos001_Cam01_RGB_MB_page_5.png,1,FieldPos001_Cam01_RGB_MB,,dataset
pbs_imgs,D:\Dineth\focus_binary_benchmark\dataset\pbs_imgs\focused\FieldPos019_Cam01_RGB_MB\FieldPos019_Cam01_RGB_MB_page_2.png,1,FieldPos019_Cam01_RGB_MB,,dataset
pbs_imgs,D:\Dineth\focus_binary_benchmark\dataset\pbs_imgs\focused\FieldPos085_Cam01_RGB_MB\FieldPos085_Cam01_RGB_MB_page_2.png,1,FieldPos085_Cam01_RGB_MB,,dataset
pbs_imgs,D:\Dineth\focus_binary_benchmark\dataset\pbs_imgs\focused\FieldPos100_Cam01_RGB_MB\FieldPos100_Cam01_RGB_MB_page_8.png,1,FieldPos100_Cam01_RGB_MB,,dataset
pbs_imgs,D:\Dineth\focus_binary_benchmark\dataset\pbs_imgs\focused\FieldPos113_Cam01_RGB_MB\FieldPos113_Cam01_RGB_MB_page_2.png,1,FieldPos113_Cam01_RGB_MB,,dataset
pbs_imgs,D:\Dineth\focus_binary_benchmark\dataset\pbs_imgs\focused\FieldPos134_Cam01_RGB_MB\FieldPos134_Cam01_RGB_MB_page_8.png,1,FieldPos134_Cam01_RGB_MB,,dataset
pbs_imgs,D:\Dineth\focus_binary_benchmark\dataset\pbs_imgs\focused\FieldPos179_Cam01_RGB_MB\FieldPos179_Cam01_RGB_MB_page_8.png,1,FieldPos179_Cam01_RGB_MB,,dataset
pbs_imgs,D:\Dineth\focus_binary_benchmark\dataset\pbs_imgs\focused\FieldPos192_Cam01_RGB_MB\FieldPos192_Cam01_RGB_MB_page_7.png,1,FieldPos192_Cam01_RGB_MB,,dataset
pbs_imgs,D:\Dineth\focus_binary_benchmark\dataset\pbs_imgs\focused\FieldPos206_Cam01_RGB_MB\FieldPos206_Cam01_RGB_MB_page_6.png,1,FieldPos206_Cam01_RGB_MB,,dataset
pbs_imgs,D:\Dineth\focus_binary_benchmark\dataset\pbs_imgs\focused\FieldPos207_Cam01_RGB_MB\FieldPos207_Cam01_RGB_MB_page_7.png,1,FieldPos207_Cam01_RGB_MB,,dataset
pbs_imgs,D:\Dineth\focus_binary_benchmark\dataset\pbs_imgs\focused\FieldPos215_Cam01_RGB_MB\FieldPos215_Cam01_RGB_MB_page_2.png,1,FieldPos215_Cam01_RGB_MB,,dataset
pbs_imgs,D:\Dineth\focus_binary_benchmark\dataset\pbs_imgs\focused\FieldPos216_Cam01_RGB_MB\FieldPos216_Cam01_RGB_MB_page_3.png,1,FieldPos216_Cam01_RGB_MB,,dataset
pbs_imgs,D:\Dineth\focus_binary_benchmark\dataset\pbs_imgs\focused\FieldPos217_Cam01_RGB_MB\FieldPos217_Cam01_RGB_MB_page_2.png,1,FieldPos217_Cam01_RGB_MB,,dataset
pbs_imgs,D:\Dineth\focus_binary_benchmark\dataset\pbs_imgs\focused\FieldPos218_Cam01_RGB_MB\FieldPos218_Cam01_RGB_MB_page_8.png,1,FieldPos218_Cam01_RGB_MB,,dataset
pbs_imgs,D:\Dineth\focus_binary_benchmark\dataset\pbs_imgs\focused\FieldPos219_Cam01_RGB_MB\FieldPos219_Cam01_RGB_MB_page_4.png,1,FieldPos219_Cam01_RGB_MB,,dataset
pbs_imgs,D:\Dineth\focus_binary_benchmark\dataset\pbs_imgs\focused\FieldPos227_Cam01_RGB_MB\FieldPos227_Cam01_RGB_MB_page_2.png,1,FieldPos227_Cam01_RGB_MB,,dataset
pbs_imgs,D:\Dineth\focus_binary_benchmark\dataset\pbs_imgs\focused\FieldPos231_Cam01_RGB_MB\FieldPos231_Cam01_RGB_MB_page_6.png,1,FieldPos231_Cam01_RGB_MB,,dataset
pbs_imgs,D:\Dineth\focus_binary_benchmark\dataset\pbs_imgs\focused\FieldPos237_Cam01_RGB_MB\FieldPos237_Cam01_RGB_MB_page_4.png,1,FieldPos237_Cam01_RGB_MB,,dataset
pbs_imgs,D:\Dineth\focus_binary_benchmark\dataset\pbs_imgs\focused\FieldPos238_Cam01_RGB_MB\FieldPos238_Cam01_RGB_MB_page_2.png,1,FieldPos238_Cam01_RGB_MB,,dataset
pbs_imgs,D:\Dineth\focus_binary_benchmark\dataset\pbs_imgs\focused\FieldPos240_Cam01_RGB_MB\FieldPos240_Cam01_RGB_MB_page_6.png,1,FieldPos240_Cam01_RGB_MB,,dataset
pbs_imgs,D:\Dineth\focus_binary_benchmark\dataset\pbs_imgs\focused\FieldPos241_Cam01_RGB_MB\FieldPos241_Cam01_RGB_MB_page_4.png,1,FieldPos241_Cam01_RGB_MB,,dataset
pbs_imgs,D:\Dineth\focus_binary_benchmark\dataset\pbs_imgs\focused\FieldPos255_Cam01_RGB_MB\FieldPos255_Cam01_RGB_MB_page_2.png,1,FieldPos255_Cam01_RGB_MB,,dataset
pbs_imgs,D:\Dineth\focus_binary_benchmark\dataset\pbs_imgs\focused\FieldPos256_Cam01_RGB_MB\FieldPos256_Cam01_RGB_MB_page_7.png,1,FieldPos256_Cam01_RGB_MB,,dataset
pbs_imgs,D:\Dineth\focus_binary_benchmark\dataset\pbs_imgs\focused\FieldPos278_Cam01_RGB_MB\FieldPos278_Cam01_RGB_MB_page_3.png,1,FieldPos278_Cam01_RGB_MB,,dataset
pbs_imgs,D:\Dineth\focus_binary_benchmark\dataset\pbs_imgs\focused\FieldPos280_Cam01_RGB_MB\FieldPos280_Cam01_RGB_MB_page_5.png,1,FieldPos280_Cam01_RGB_MB,,dataset
pbs_imgs,D:\Dineth\focus_binary_benchmark\dataset\pbs_imgs\focused\FieldPos281_Cam01_RGB_MB\FieldPos281_Cam01_RGB_MB_page_3.png,1,FieldPos281_Cam01_RGB_MB,,dataset
pbs_imgs,D:\Dineth\focus_binary_benchmark\dataset\pbs_imgs\focused\FieldPos297_Cam01_RGB_MB\FieldPos297_Cam01_RGB_MB_page_11.png,1,FieldPos297_Cam01_RGB_MB,,dataset
pbs_imgs,D:\Dineth\focus_binary_benchmark\dataset\pbs_imgs\focused\FieldPos298_Cam01_RGB_MB\FieldPos298_Cam01_RGB_MB_page_10.png,1,FieldPos298_Cam01_RGB_MB,,dataset
pbs_imgs,D:\Dineth\focus_binary_benchmark\dataset\pbs_imgs\focused\FieldPos301_Cam01_RGB_MB\FieldPos301_Cam01_RGB_MB_page_10.png,1,FieldPos301_Cam01_RGB_MB,,dataset
pbs_imgs,D:\Dineth\focus_binary_benchmark\dataset\pbs_imgs\focused\FieldPos302_Cam01_RGB_MB\FieldPos302_Cam01_RGB_MB_page_10.png,1,FieldPos302_Cam01_RGB_MB,,dataset
pbs_imgs,D:\Dineth\focus_binary_benchmark\dataset\pbs_imgs\focused\FieldPos317_Cam01_RGB_MB\FieldPos317_Cam01_RGB_MB_page_5.png,1,FieldPos317_Cam01_RGB_MB,,dataset
pbs_imgs,D:\Dineth\focus_binary_benchmark\dataset\pbs_imgs\focused\FieldPos318_Cam01_RGB_MB\FieldPos318_Cam01_RGB_MB_page_15.png,1,FieldPos318_Cam01_RGB_MB,,dataset
pbs_imgs,D:\Dineth\focus_binary_benchmark\dataset\pbs_imgs\focused\FieldPos321_Cam01_RGB_MB\FieldPos321_Cam01_RGB_MB_page_2.png,1,FieldPos321_Cam01_RGB_MB,,dataset
pbs_imgs,D:\Dineth\focus_binary_benchmark\dataset\pbs_imgs\focused\FieldPos322_Cam01_RGB_MB\FieldPos322_Cam01_RGB_MB_page_5.png,1,FieldPos322_Cam01_RGB_MB,,dataset
pbs_imgs,D:\Dineth\focus_binary_benchmark\dataset\pbs_imgs\focused\FieldPos336_Cam01_RGB_MB\FieldPos336_Cam01_RGB_MB_page_15.png,1,FieldPos336_Cam01_RGB_MB,,dataset
pbs_imgs,D:\Dineth\focus_binary_benchmark\dataset\pbs_imgs\focused\FieldPos337_Cam01_RGB_MB\FieldPos337_Cam01_RGB_MB_page_11.png,1,FieldPos337_Cam01_RGB_MB,,dataset
pbs_imgs,D:\Dineth\focus_binary_benchmark\dataset\pbs_imgs\focused\FieldPos343_Cam01_RGB_MB\FieldPos343_Cam01_RGB_MB_page_8.png,1,FieldPos343_Cam01_RGB_MB,,dataset
pbs_imgs,D:\Dineth\focus_binary_benchmark\dataset\pbs_imgs\focused\FieldPos344_Cam01_RGB_MB\FieldPos344_Cam01_RGB_MB_page_10.png,1,FieldPos344_Cam01_RGB_MB,,dataset
pbs_imgs,D:\Dineth\focus_binary_benchmark\dataset\pbs_imgs\focused\FieldPos356_Cam01_RGB_MB\FieldPos356_Cam01_RGB_MB_page_4.png,1,FieldPos356_Cam01_RGB_MB,,dataset
pbs_imgs,D:\Dineth\focus_binary_benchmark\dataset\pbs_imgs\focused\FieldPos357_Cam01_RGB_MB\FieldPos357_Cam01_RGB_MB_page_4.png,1,FieldPos357_Cam01_RGB_MB,,dataset
pbs_imgs,D:\Dineth\focus_binary_benchmark\dataset\pbs_imgs\focused\FieldPos362_Cam01_RGB_MB\FieldPos362_Cam01_RGB_MB_page_4.png,1,FieldPos362_Cam01_RGB_MB,,dataset
pbs_imgs,D:\Dineth\focus_binary_benchmark\dataset\pbs_imgs\focused\FieldPos363_Cam01_RGB_MB\FieldPos363_Cam01_RGB_MB_page_4.png,1,FieldPos363_Cam01_RGB_MB,,dataset
pbs_imgs,D:\Dineth\focus_binary_benchmark\dataset\pbs_imgs\focused\FieldPos374_Cam01_RGB_MB\FieldPos374_Cam01_RGB_MB_page_10.png,1,FieldPos374_Cam01_RGB_MB,,dataset
pbs_imgs,D:\Dineth\focus_binary_benchmark\dataset\pbs_imgs\focused\FieldPos375_Cam01_RGB_MB\FieldPos375_Cam01_RGB_MB_page_10.png,1,FieldPos375_Cam01_RGB_MB,,dataset
pbs_imgs,D:\Dineth\focus_binary_benchmark\dataset\pbs_imgs\focused\FieldPos384_Cam01_RGB_MB\FieldPos384_Cam01_RGB_MB_page_11.png,1,FieldPos384_Cam01_RGB_MB,,dataset
pbs_imgs,D:\Dineth\focus_binary_benchmark\dataset\pbs_imgs\focused\FieldPos385_Cam01_RGB_MB\FieldPos385_Cam01_RGB_MB_page_8.png,1,FieldPos385_Cam01_RGB_MB,,dataset
pbs_imgs,D:\Dineth\focus_binary_benchmark\dataset\pbs_imgs\focused\FieldPos386_Cam01_RGB_MB\FieldPos386_Cam01_RGB_MB_page_8.png,1,FieldPos386_Cam01_RGB_MB,,dataset
pbs_imgs,D:\Dineth\focus_binary_benchmark\dataset\pbs_imgs\focused\FieldPos395_Cam01_RGB_MB\FieldPos395_Cam01_RGB_MB_page_3.png,1,FieldPos395_Cam01_RGB_MB,,dataset
pbs_imgs,D:\Dineth\focus_binary_benchmark\dataset\pbs_imgs\focused\FieldPos396_Cam01_RGB_MB\FieldPos396_Cam01_RGB_MB_page_3.png,1,FieldPos396_Cam01_RGB_MB,,dataset
pbs_imgs,D:\Dineth\focus_binary_benchmark\dataset\pbs_imgs\focused\FieldPos404_Cam01_RGB_MB\FieldPos404_Cam01_RGB_MB_page_2.png,1,FieldPos404_Cam01_RGB_MB,,dataset
pbs_imgs,D:\Dineth\focus_binary_benchmark\dataset\pbs_imgs\focused\FieldPos409_Cam01_RGB_MB\FieldPos409_Cam01_RGB_MB_page_6.png,1,FieldPos409_Cam01_RGB_MB,,dataset
pbs_imgs,D:\Dineth\focus_binary_benchmark\dataset\pbs_imgs\focused\FieldPos411_Cam01_RGB_MB\FieldPos411_Cam01_RGB_MB_page_7.png,1,FieldPos411_Cam01_RGB_MB,,dataset
pbs_imgs,D:\Dineth\focus_binary_benchmark\dataset\pbs_imgs\focused\FieldPos412_Cam01_RGB_MB\FieldPos412_Cam01_RGB_MB_page_8.png,1,FieldPos412_Cam01_RGB_MB,,dataset
pbs_imgs,D:\Dineth\focus_binary_benchmark\dataset\pbs_imgs\focused\FieldPos413_Cam01_RGB_MB\FieldPos413_Cam01_RGB_MB_page_8.png,1,FieldPos413_Cam01_RGB_MB,,dataset
pbs_imgs,D:\Dineth\focus_binary_benchmark\dataset\pbs_imgs\focused\FieldPos414_Cam01_RGB_MB\FieldPos414_Cam01_RGB_MB_page_10.png,1,FieldPos414_Cam01_RGB_MB,,dataset
pbs_imgs,D:\Dineth\focus_binary_benchmark\dataset\pbs_imgs\focused\FieldPos426_Cam01_RGB_MB\FieldPos426_Cam01_RGB_MB_page_10.png,1,FieldPos426_Cam01_RGB_MB,,dataset
pbs_imgs,D:\Dineth\focus_binary_benchmark\dataset\pbs_imgs\focused\FieldPos427_Cam01_RGB_MB\FieldPos427_Cam01_RGB_MB_page_11.png,1,FieldPos427_Cam01_RGB_MB,,dataset
pbs_imgs,D:\Dineth\focus_binary_benchmark\dataset\pbs_imgs\focused\FieldPos428_Cam01_RGB_MB\FieldPos428_Cam01_RGB_MB_page_8.png,1,FieldPos428_Cam01_RGB_MB,,dataset
pbs_imgs,D:\Dineth\focus_binary_benchmark\dataset\pbs_imgs\focused\FieldPos429_Cam01_RGB_MB\FieldPos429_Cam01_RGB_MB_page_10.png,1,FieldPos429_Cam01_RGB_MB,,dataset
pbs_imgs,D:\Dineth\focus_binary_benchmark\dataset\pbs_imgs\focused\FieldPos430_Cam01_RGB_MB\FieldPos430_Cam01_RGB_MB_page_8.png,1,FieldPos430_Cam01_RGB_MB,,dataset
pbs_imgs,D:\Dineth\focus_binary_benchmark\dataset\pbs_imgs\focused\FieldPos432_Cam01_RGB_MB\FieldPos432_Cam01_RGB_MB_page_8.png,1,FieldPos432_Cam01_RGB_MB,,dataset
pbs_imgs,D:\Dineth\focus_binary_benchmark\dataset\pbs_imgs\focused\FieldPos433_Cam01_RGB_MB\FieldPos433_Cam01_RGB_MB_page_5.png,1,FieldPos433_Cam01_RGB_MB,,dataset
pbs_imgs,D:\Dineth\focus_binary_benchmark\dataset\pbs_imgs\focused\FieldPos434_Cam01_RGB_MB\FieldPos434_Cam01_RGB_MB_page_7.png,1,FieldPos434_Cam01_RGB_MB,,dataset
pbs_imgs,D:\Dineth\focus_binary_benchmark\dataset\pbs_imgs\focused\FieldPos435_Cam01_RGB_MB\FieldPos435_Cam01_RGB_MB_page_4.png,1,FieldPos435_Cam01_RGB_MB,,dataset
pbs_imgs,D:\Dineth\focus_binary_benchmark\dataset\pbs_imgs\focused\FieldPos445_Cam01_RGB_MB\FieldPos445_Cam01_RGB_MB_page_15.png,1,FieldPos445_Cam01_RGB_MB,,dataset
pbs_imgs,D:\Dineth\focus_binary_benchmark\dataset\pbs_imgs\focused\FieldPos446_Cam01_RGB_MB\FieldPos446_Cam01_RGB_MB_page_5.png,1,FieldPos446_Cam01_RGB_MB,,dataset
pbs_imgs,D:\Dineth\focus_binary_benchmark\dataset\pbs_imgs\focused\FieldPos447_Cam01_RGB_MB\FieldPos447_Cam01_RGB_MB_page_8.png,1,FieldPos447_Cam01_RGB_MB,,dataset
pbs_imgs,D:\Dineth\focus_binary_benchmark\dataset\pbs_imgs\focused\FieldPos448_Cam01_RGB_MB\FieldPos448_Cam01_RGB_MB_page_8.png,1,FieldPos448_Cam01_RGB_MB,,dataset
pbs_imgs,D:\Dineth\focus_binary_benchmark\dataset\pbs_imgs\focused\FieldPos449_Cam01_RGB_MB\FieldPos449_Cam01_RGB_MB_page_8.png,1,FieldPos449_Cam01_RGB_MB,,dataset
pbs_imgs,D:\Dineth\focus_binary_benchmark\dataset\pbs_imgs\focused\FieldPos450_Cam01_RGB_MB\FieldPos450_Cam01_RGB_MB_page_10.png,1,FieldPos450_Cam01_RGB_MB,,dataset
pbs_imgs,D:\Dineth\focus_binary_benchmark\dataset\pbs_imgs\focused\FieldPos451_Cam01_RGB_MB\FieldPos451_Cam01_RGB_MB_page_10.png,1,FieldPos451_Cam01_RGB_MB,,dataset
pbs_imgs,D:\Dineth\focus_binary_benchmark\dataset\pbs_imgs\focused\FieldPos452_Cam01_RGB_MB\FieldPos452_Cam01_RGB_MB_page_12.png,1,FieldPos452_Cam01_RGB_MB,,dataset
pbs_imgs,D:\Dineth\focus_binary_benchmark\dataset\pbs_imgs\focused\FieldPos468_Cam01_RGB_MB\FieldPos468_Cam01_RGB_MB_page_10.png,1,FieldPos468_Cam01_RGB_MB,,dataset
pbs_imgs,D:\Dineth\focus_binary_benchmark\dataset\pbs_imgs\focused\FieldPos469_Cam01_RGB_MB\FieldPos469_Cam01_RGB_MB_page_11.png,1,FieldPos469_Cam01_RGB_MB,,dataset
pbs_imgs,D:\Dineth\focus_binary_benchmark\dataset\pbs_imgs\focused\FieldPos470_Cam01_RGB_MB\FieldPos470_Cam01_RGB_MB_page_8.png,1,FieldPos470_Cam01_RGB_MB,,dataset
pbs_imgs,D:\Dineth\focus_binary_benchmark\dataset\pbs_imgs\focused\FieldPos471_Cam01_RGB_MB\FieldPos471_Cam01_RGB_MB_page_8.png,1,FieldPos471_Cam01_RGB_MB,,dataset
pbs_imgs,D:\Dineth\focus_binary_benchmark\dataset\pbs_imgs\focused\FieldPos472_Cam01_RGB_MB\FieldPos472_Cam01_RGB_MB_page_8.png,1,FieldPos472_Cam01_RGB_MB,,dataset
pbs_imgs,D:\Dineth\focus_binary_benchmark\dataset\pbs_imgs\unfocused\FieldPos001_Cam01_RGB_MB\FieldPos001_Cam01_RGB_MB_page_1.png,0,FieldPos001_Cam01_RGB_MB,,dataset
pbs_imgs,D:\Dineth\focus_binary_benchmark\dataset\pbs_imgs\unfocused\FieldPos001_Cam01_RGB_MB\FieldPos001_Cam01_RGB_MB_page_2.png,0,FieldPos001_Cam01_RGB_MB,,dataset
pbs_imgs,D:\Dineth\focus_binary_benchmark\dataset\pbs_imgs\unfocused\FieldPos001_Cam01_RGB_MB\FieldPos001_Cam01_RGB_MB_page_3.png,0,FieldPos001_Cam01_RGB_MB,,dataset
pbs_imgs,D:\Dineth\focus_binary_benchmark\dataset\pbs_imgs\unfocused\FieldPos001_Cam01_RGB_MB\FieldPos001_Cam01_RGB_MB_page_7.png,0,FieldPos001_Cam01_RGB_MB,,dataset
pbs_imgs,D:\Dineth\focus_binary_benchmark\dataset\pbs_imgs\unfocused\FieldPos001_Cam01_RGB_MB\FieldPos001_Cam01_RGB_MB_page_8.png,0,FieldPos001_Cam01_RGB_MB,,dataset
pbs_imgs,D:\Dineth\focus_binary_benchmark\dataset\pbs_imgs\unfocused\FieldPos001_Cam01_RGB_MB\FieldPos001_Cam01_RGB_MB_page_9.png,0,FieldPos001_Cam01_RGB_MB,,dataset
pbs_imgs,D:\Dineth\focus_binary_benchmark\dataset\pbs_imgs\unfocused\FieldPos019_Cam01_RGB_MB\FieldPos019_Cam01_RGB_MB_page_4.png,0,FieldPos019_Cam01_RGB_MB,,dataset
pbs_imgs,D:\Dineth\focus_binary_benchmark\dataset\pbs_imgs\unfocused\FieldPos019_Cam01_RGB_MB\FieldPos019_Cam01_RGB_MB_page_5.png,0,FieldPos019_Cam01_RGB_MB,,dataset
pbs_imgs,D:\Dineth\focus_binary_benchmark\dataset\pbs_imgs\unfocused\FieldPos019_Cam01_RGB_MB\FieldPos019_Cam01_RGB_MB_page_6.png,0,FieldPos019_Cam01_RGB_MB,,dataset
pbs_imgs,D:\Dineth\focus_binary_benchmark\dataset\pbs_imgs\unfocused\FieldPos019_Cam01_RGB_MB\FieldPos019_Cam01_RGB_MB_page_7.png,0,FieldPos019_Cam01_RGB_MB,,dataset
pbs_imgs,D:\Dineth\focus_binary_benchmark\dataset\pbs_imgs\unfocused\FieldPos019_Cam01_RGB_MB\FieldPos019_Cam01_RGB_MB_page_8.png,0,FieldPos019_Cam01_RGB_MB,,dataset
pbs_imgs,D:\Dineth\focus_binary_benchmark\dataset\pbs_imgs\unfocused\FieldPos019_Cam01_RGB_MB\FieldPos019_Cam01_RGB_MB_page_9.png,0,FieldPos019_Cam01_RGB_MB,,dataset
pbs_imgs,D:\Dineth\focus_binary_benchmark\dataset\pbs_imgs\unfocused\FieldPos085_Cam01_RGB_MB\FieldPos085_Cam01_RGB_MB_page_4.png,0,FieldPos085_Cam01_RGB_MB,,dataset
pbs_imgs,D:\Dineth\focus_binary_benchmark\dataset\pbs_imgs\unfocused\FieldPos085_Cam01_RGB_MB\FieldPos085_Cam01_RGB_MB_page_5.png,0,FieldPos085_Cam01_RGB_MB,,dataset
pbs_imgs,D:\Dineth\focus_binary_benchmark\dataset\pbs_imgs\unfocused\FieldPos085_Cam01_RGB_MB\FieldPos085_Cam01_RGB_MB_page_6.png,0,FieldPos085_Cam01_RGB_MB,,dataset
pbs_imgs,D:\Dineth\focus_binary_benchmark\dataset\pbs_imgs\unfocused\FieldPos085_Cam01_RGB_MB\FieldPos085_Cam01_RGB_MB_page_7.png,0,FieldPos085_Cam01_RGB_MB,,dataset
pbs_imgs,D:\Dineth\focus_binary_benchmark\dataset\pbs_imgs\unfocused\FieldPos085_Cam01_RGB_MB\FieldPos085_Cam01_RGB_MB_page_8.png,0,FieldPos085_Cam01_RGB_MB,,dataset
pbs_imgs,D:\Dineth\focus_binary_benchmark\dataset\pbs_imgs\unfocused\FieldPos085_Cam01_RGB_MB\FieldPos085_Cam01_RGB_MB_page_9.png,0,FieldPos085_Cam01_RGB_MB,,dataset
pbs_imgs,D:\Dineth\focus_binary_benchmark\dataset\pbs_imgs\unfocused\FieldPos100_Cam01_RGB_MB\FieldPos100_Cam01_RGB_MB_page_1.png,0,FieldPos100_Cam01_RGB_MB,,dataset
pbs_imgs,D:\Dineth\focus_binary_benchmark\dataset\pbs_imgs\unfocused\FieldPos100_Cam01_RGB_MB\FieldPos100_Cam01_RGB_MB_page_10.png,0,FieldPos100_Cam01_RGB_MB,,dataset
pbs_imgs,D:\Dineth\focus_binary_benchmark\dataset\pbs_imgs\unfocused\FieldPos100_Cam01_RGB_MB\FieldPos100_Cam01_RGB_MB_page_11.png,0,FieldPos100_Cam01_RGB_MB,,dataset
pbs_imgs,D:\Dineth\focus_binary_benchmark\dataset\pbs_imgs\unfocused\FieldPos100_Cam01_RGB_MB\FieldPos100_Cam01_RGB_MB_page_12.png,0,FieldPos100_Cam01_RGB_MB,,dataset
pbs_imgs,D:\Dineth\focus_binary_benchmark\dataset\pbs_imgs\unfocused\FieldPos100_Cam01_RGB_MB\FieldPos100_Cam01_RGB_MB_page_13.png,0,FieldPos100_Cam01_RGB_MB,,dataset
pbs_imgs,D:\Dineth\focus_binary_benchmark\dataset\pbs_imgs\unfocused\FieldPos100_Cam01_RGB_MB\FieldPos100_Cam01_RGB_MB_page_14.png,0,FieldPos100_Cam01_RGB_MB,,dataset
pbs_imgs,D:\Dineth\focus_binary_benchmark\dataset\pbs_imgs\unfocused\FieldPos100_Cam01_RGB_MB\FieldPos100_Cam01_RGB_MB_page_15.png,0,FieldPos100_Cam01_RGB_MB,,dataset
pbs_imgs,D:\Dineth\focus_binary_benchmark\dataset\pbs_imgs\unfocused\FieldPos100_Cam01_RGB_MB\FieldPos100_Cam01_RGB_MB_page_2.png,0,FieldPos100_Cam01_RGB_MB,,dataset
pbs_imgs,D:\Dineth\focus_binary_benchmark\dataset\pbs_imgs\unfocused\FieldPos100_Cam01_RGB_MB\FieldPos100_Cam01_RGB_MB_page_3.png,0,FieldPos100_Cam01_RGB_MB,,dataset
pbs_imgs,D:\Dineth\focus_binary_benchmark\dataset\pbs_imgs\unfocused\FieldPos100_Cam01_RGB_MB\FieldPos100_Cam01_RGB_MB_page_4.png,0,FieldPos100_Cam01_RGB_MB,,dataset
pbs_imgs,D:\Dineth\focus_binary_benchmark\dataset\pbs_imgs\unfocused\FieldPos100_Cam01_RGB_MB\FieldPos100_Cam01_RGB_MB_page_5.png,0,FieldPos100_Cam01_RGB_MB,,dataset
pbs_imgs,D:\Dineth\focus_binary_benchmark\dataset\pbs_imgs\unfocused\FieldPos100_Cam01_RGB_MB\FieldPos100_Cam01_RGB_MB_page_6.png,0,FieldPos100_Cam01_RGB_MB,,dataset
pbs_imgs,D:\Dineth\focus_binary_benchmark\dataset\pbs_imgs\unfocused\FieldPos113_Cam01_RGB_MB\FieldPos113_Cam01_RGB_MB_page_4.png,0,FieldPos113_Cam01_RGB_MB,,dataset
pbs_imgs,D:\Dineth\focus_binary_benchmark\dataset\pbs_imgs\unfocused\FieldPos113_Cam01_RGB_MB\FieldPos113_Cam01_RGB_MB_page_5.png,0,FieldPos113_Cam01_RGB_MB,,dataset
pbs_imgs,D:\Dineth\focus_binary_benchmark\dataset\pbs_imgs\unfocused\FieldPos113_Cam01_RGB_MB\FieldPos113_Cam01_RGB_MB_page_6.png,0,FieldPos113_Cam01_RGB_MB,,dataset
pbs_imgs,D:\Dineth\focus_binary_benchmark\dataset\pbs_imgs\unfocused\FieldPos113_Cam01_RGB_MB\FieldPos113_Cam01_RGB_MB_page_7.png,0,FieldPos113_Cam01_RGB_MB,,dataset
pbs_imgs,D:\Dineth\focus_binary_benchmark\dataset\pbs_imgs\unfocused\FieldPos113_Cam01_RGB_MB\FieldPos113_Cam01_RGB_MB_page_8.png,0,FieldPos113_Cam01_RGB_MB,,dataset
pbs_imgs,D:\Dineth\focus_binary_benchmark\dataset\pbs_imgs\unfocused\FieldPos113_Cam01_RGB_MB\FieldPos113_Cam01_RGB_MB_page_9.png,0,FieldPos113_Cam01_RGB_MB,,dataset
pbs_imgs,D:\Dineth\focus_binary_benchmark\dataset\pbs_imgs\unfocused\FieldPos134_Cam01_RGB_MB\FieldPos134_Cam01_RGB_MB_page_1.png,0,FieldPos134_Cam01_RGB_MB,,dataset
pbs_imgs,D:\Dineth\focus_binary_benchmark\dataset\pbs_imgs\unfocused\FieldPos134_Cam01_RGB_MB\FieldPos134_Cam01_RGB_MB_page_2.png,0,FieldPos134_Cam01_RGB_MB,,dataset
pbs_imgs,D:\Dineth\focus_binary_benchmark\dataset\pbs_imgs\unfocused\FieldPos134_Cam01_RGB_MB\FieldPos134_Cam01_RGB_MB_page_3.png,0,FieldPos134_Cam01_RGB_MB,,dataset
pbs_imgs,D:\Dineth\focus_binary_benchmark\dataset\pbs_imgs\unfocused\FieldPos134_Cam01_RGB_MB\FieldPos134_Cam01_RGB_MB_page_4.png,0,FieldPos134_Cam01_RGB_MB,,dataset
pbs_imgs,D:\Dineth\focus_binary_benchmark\dataset\pbs_imgs\unfocused\FieldPos134_Cam01_RGB_MB\FieldPos134_Cam01_RGB_MB_page_5.png,0,FieldPos134_Cam01_RGB_MB,,dataset
pbs_imgs,D:\Dineth\focus_binary_benchmark\dataset\pbs_imgs\unfocused\FieldPos134_Cam01_RGB_MB\FieldPos134_Cam01_RGB_MB_page_6.png,0,FieldPos134_Cam01_RGB_MB,,dataset
pbs_imgs,D:\Dineth\focus_binary_benchmark\dataset\pbs_imgs\unfocused\FieldPos179_Cam01_RGB_MB\FieldPos179_Cam01_RGB_MB_page_1.png,0,FieldPos179_Cam01_RGB_MB,,dataset
pbs_imgs,D:\Dineth\focus_binary_benchmark\dataset\pbs_imgs\unfocused\FieldPos179_Cam01_RGB_MB\FieldPos179_Cam01_RGB_MB_page_2.png,0,FieldPos179_Cam01_RGB_MB,,dataset
pbs_imgs,D:\Dineth\focus_binary_benchmark\dataset\pbs_imgs\unfocused\FieldPos179_Cam01_RGB_MB\FieldPos179_Cam01_RGB_MB_page_3.png,0,FieldPos179_Cam01_RGB_MB,,dataset
pbs_imgs,D:\Dineth\focus_binary_benchmark\dataset\pbs_imgs\unfocused\FieldPos179_Cam01_RGB_MB\FieldPos179_Cam01_RGB_MB_page_4.png,0,FieldPos179_Cam01_RGB_MB,,dataset
pbs_imgs,D:\Dineth\focus_binary_benchmark\dataset\pbs_imgs\unfocused\FieldPos179_Cam01_RGB_MB\FieldPos179_Cam01_RGB_MB_page_5.png,0,FieldPos179_Cam01_RGB_MB,,dataset
pbs_imgs,D:\Dineth\focus_binary_benchmark\dataset\pbs_imgs\unfocused\FieldPos179_Cam01_RGB_MB\FieldPos179_Cam01_RGB_MB_page_6.png,0,FieldPos179_Cam01_RGB_MB,,dataset
pbs_imgs,D:\Dineth\focus_binary_benchmark\dataset\pbs_imgs\unfocused\FieldPos192_Cam01_RGB_MB\FieldPos192_Cam01_RGB_MB_page_1.png,0,FieldPos192_Cam01_RGB_MB,,dataset
pbs_imgs,D:\Dineth\focus_binary_benchmark\dataset\pbs_imgs\unfocused\FieldPos192_Cam01_RGB_MB\FieldPos192_Cam01_RGB_MB_page_2.png,0,FieldPos192_Cam01_RGB_MB,,dataset
pbs_imgs,D:\Dineth\focus_binary_benchmark\dataset\pbs_imgs\unfocused\FieldPos192_Cam01_RGB_MB\FieldPos192_Cam01_RGB_MB_page_3.png,0,FieldPos192_Cam01_RGB_MB,,dataset
pbs_imgs,D:\Dineth\focus_binary_benchmark\dataset\pbs_imgs\unfocused\FieldPos192_Cam01_RGB_MB\FieldPos192_Cam01_RGB_MB_page_4.png,0,FieldPos192_Cam01_RGB_MB,,dataset
pbs_imgs,D:\Dineth\focus_binary_benchmark\dataset\pbs_imgs\unfocused\FieldPos192_Cam01_RGB_MB\FieldPos192_Cam01_RGB_MB_page_5.png,0,FieldPos192_Cam01_RGB_MB,,dataset
pbs_imgs,D:\Dineth\focus_binary_benchmark\dataset\pbs_imgs\unfocused\FieldPos192_Cam01_RGB_MB\FieldPos192_Cam01_RGB_MB_page_9.png,0,FieldPos192_Cam01_RGB_MB,,dataset
pbs_imgs,D:\Dineth\focus_binary_benchmark\dataset\pbs_imgs\unfocused\FieldPos206_Cam01_RGB_MB\FieldPos206_Cam01_RGB_MB_page_1.png,0,FieldPos206_Cam01_RGB_MB,,dataset
pbs_imgs,D:\Dineth\focus_binary_benchmark\dataset\pbs_imgs\unfocused\FieldPos206_Cam01_RGB_MB\FieldPos206_Cam01_RGB_MB_page_2.png,0,FieldPos206_Cam01_RGB_MB,,dataset
pbs_imgs,D:\Dineth\focus_binary_benchmark\dataset\pbs_imgs\unfocused\FieldPos206_Cam01_RGB_MB\FieldPos206_Cam01_RGB_MB_page_3.png,0,FieldPos206_Cam01_RGB_MB,,dataset
pbs_imgs,D:\Dineth\focus_binary_benchmark\dataset\pbs_imgs\unfocused\FieldPos206_Cam01_RGB_MB\FieldPos206_Cam01_RGB_MB_page_4.png,0,FieldPos206_Cam01_RGB_MB,,dataset
pbs_imgs,D:\Dineth\focus_binary_benchmark\dataset\pbs_imgs\unfocused\FieldPos206_Cam01_RGB_MB\FieldPos206_Cam01_RGB_MB_page_8.png,0,FieldPos206_Cam01_RGB_MB,,dataset
pbs_imgs,D:\Dineth\focus_binary_benchmark\dataset\pbs_imgs\unfocused\FieldPos206_Cam01_RGB_MB\FieldPos206_Cam01_RGB_MB_page_9.png,0,FieldPos206_Cam01_RGB_MB,,dataset
pbs_imgs,D:\Dineth\focus_binary_benchmark\dataset\pbs_imgs\unfocused\FieldPos207_Cam01_RGB_MB\FieldPos207_Cam01_RGB_MB_page_1.png,0,FieldPos207_Cam01_RGB_MB,,dataset
pbs_imgs,D:\Dineth\focus_binary_benchmark\dataset\pbs_imgs\unfocused\FieldPos207_Cam01_RGB_MB\FieldPos207_Cam01_RGB_MB_page_2.png,0,FieldPos207_Cam01_RGB_MB,,dataset
pbs_imgs,D:\Dineth\focus_binary_benchmark\dataset\pbs_imgs\unfocused\FieldPos207_Cam01_RGB_MB\FieldPos207_Cam01_RGB_MB_page_3.png,0,FieldPos207_Cam01_RGB_MB,,dataset
pbs_imgs,D:\Dineth\focus_binary_benchmark\dataset\pbs_imgs\unfocused\FieldPos207_Cam01_RGB_MB\FieldPos207_Cam01_RGB_MB_page_4.png,0,FieldPos207_Cam01_RGB_MB,,dataset
pbs_imgs,D:\Dineth\focus_binary_benchmark\dataset\pbs_imgs\unfocused\FieldPos207_Cam01_RGB_MB\FieldPos207_Cam01_RGB_MB_page_5.png,0,FieldPos207_Cam01_RGB_MB,,dataset
pbs_imgs,D:\Dineth\focus_binary_benchmark\dataset\pbs_imgs\unfocused\FieldPos207_Cam01_RGB_MB\FieldPos207_Cam01_RGB_MB_page_9.png,0,FieldPos207_Cam01_RGB_MB,,dataset
pbs_imgs,D:\Dineth\focus_binary_benchmark\dataset\pbs_imgs\unfocused\FieldPos215_Cam01_RGB_MB\FieldPos215_Cam01_RGB_MB_page_4.png,0,FieldPos215_Cam01_RGB_MB,,dataset
pbs_imgs,D:\Dineth\focus_binary_benchmark\dataset\pbs_imgs\unfocused\FieldPos215_Cam01_RGB_MB\FieldPos215_Cam01_RGB_MB_page_5.png,0,FieldPos215_Cam01_RGB_MB,,dataset
pbs_imgs,D:\Dineth\focus_binary_benchmark\dataset\pbs_imgs\unfocused\FieldPos215_Cam01_RGB_MB\FieldPos215_Cam01_RGB_MB_page_6.png,0,FieldPos215_Cam01_RGB_MB,,dataset
pbs_imgs,D:\Dineth\focus_binary_benchmark\dataset\pbs_imgs\unfocused\FieldPos215_Cam01_RGB_MB\FieldPos215_Cam01_RGB_MB_page_7.png,0,FieldPos215_Cam01_RGB_MB,,dataset
pbs_imgs,D:\Dineth\focus_binary_benchmark\dataset\pbs_imgs\unfocused\FieldPos215_Cam01_RGB_MB\FieldPos215_Cam01_RGB_MB_page_8.png,0,FieldPos215_Cam01_RGB_MB,,dataset
pbs_imgs,D:\Dineth\focus_binary_benchmark\dataset\pbs_imgs\unfocused\FieldPos215_Cam01_RGB_MB\FieldPos215_Cam01_RGB_MB_page_9.png,0,FieldPos215_Cam01_RGB_MB,,dataset
pbs_imgs,D:\Dineth\focus_binary_benchmark\dataset\pbs_imgs\unfocused\FieldPos216_Cam01_RGB_MB\FieldPos216_Cam01_RGB_MB_page_1.png,0,FieldPos216_Cam01_RGB_MB,,dataset
pbs_imgs,D:\Dineth\focus_binary_benchmark\dataset\pbs_imgs\unfocused\FieldPos216_Cam01_RGB_MB\FieldPos216_Cam01_RGB_MB_page_5.png,0,FieldPos216_Cam01_RGB_MB,,dataset
pbs_imgs,D:\Dineth\focus_binary_benchmark\dataset\pbs_imgs\unfocused\FieldPos216_Cam01_RGB_MB\FieldPos216_Cam01_RGB_MB_page_6.png,0,FieldPos216_Cam01_RGB_MB,,dataset
pbs_imgs,D:\Dineth\focus_binary_benchmark\dataset\pbs_imgs\unfocused\FieldPos216_Cam01_RGB_MB\FieldPos216_Cam01_RGB_MB_page_7.png,0,FieldPos216_Cam01_RGB_MB,,dataset
pbs_imgs,D:\Dineth\focus_binary_benchmark\dataset\pbs_imgs\unfocused\FieldPos216_Cam01_RGB_MB\FieldPos216_Cam01_RGB_MB_page_8.png,0,FieldPos216_Cam01_RGB_MB,,dataset
pbs_imgs,D:\Dineth\focus_binary_benchmark\dataset\pbs_imgs\unfocused\FieldPos216_Cam01_RGB_MB\FieldPos216_Cam01_RGB_MB_page_9.png,0,FieldPos216_Cam01_RGB_MB,,dataset
pbs_imgs,D:\Dineth\focus_binary_benchmark\dataset\pbs_imgs\unfocused\FieldPos217_Cam01_RGB_MB\FieldPos217_Cam01_RGB_MB_page_4.png,0,FieldPos217_Cam01_RGB_MB,,dataset
pbs_imgs,D:\Dineth\focus_binary_benchmark\dataset\pbs_imgs\unfocused\FieldPos217_Cam01_RGB_MB\FieldPos217_Cam01_RGB_MB_page_5.png,0,FieldPos217_Cam01_RGB_MB,,dataset
pbs_imgs,D:\Dineth\focus_binary_benchmark\dataset\pbs_imgs\unfocused\FieldPos217_Cam01_RGB_MB\FieldPos217_Cam01_RGB_MB_page_6.png,0,FieldPos217_Cam01_RGB_MB,,dataset
pbs_imgs,D:\Dineth\focus_binary_benchmark\dataset\pbs_imgs\unfocused\FieldPos217_Cam01_RGB_MB\FieldPos217_Cam01_RGB_MB_page_7.png,0,FieldPos217_Cam01_RGB_MB,,dataset
pbs_imgs,D:\Dineth\focus_binary_benchmark\dataset\pbs_imgs\unfocused\FieldPos217_Cam01_RGB_MB\FieldPos217_Cam01_RGB_MB_page_8.png,0,FieldPos217_Cam01_RGB_MB,,dataset
pbs_imgs,D:\Dineth\focus_binary_benchmark\dataset\pbs_imgs\unfocused\FieldPos217_Cam01_RGB_MB\FieldPos217_Cam01_RGB_MB_page_9.png,0,FieldPos217_Cam01_RGB_MB,,dataset
pbs_imgs,D:\Dineth\focus_binary_benchmark\dataset\pbs_imgs\unfocused\FieldPos218_Cam01_RGB_MB\FieldPos218_Cam01_RGB_MB_page_1.png,0,FieldPos218_Cam01_RGB_MB,,dataset
pbs_imgs,D:\Dineth\focus_binary_benchmark\dataset\pbs_imgs\unfocused\FieldPos218_Cam01_RGB_MB\FieldPos218_Cam01_RGB_MB_page_2.png,0,FieldPos218_Cam01_RGB_MB,,dataset
pbs_imgs,D:\Dineth\focus_binary_benchmark\dataset\pbs_imgs\unfocused\FieldPos218_Cam01_RGB_MB\FieldPos218_Cam01_RGB_MB_page_3.png,0,FieldPos218_Cam01_RGB_MB,,dataset
pbs_imgs,D:\Dineth\focus_binary_benchmark\dataset\pbs_imgs\unfocused\FieldPos218_Cam01_RGB_MB\FieldPos218_Cam01_RGB_MB_page_4.png,0,FieldPos218_Cam01_RGB_MB,,dataset
pbs_imgs,D:\Dineth\focus_binary_benchmark\dataset\pbs_imgs\unfocused\FieldPos218_Cam01_RGB_MB\FieldPos218_Cam01_RGB_MB_page_5.png,0,FieldPos218_Cam01_RGB_MB,,dataset
pbs_imgs,D:\Dineth\focus_binary_benchmark\dataset\pbs_imgs\unfocused\FieldPos218_Cam01_RGB_MB\FieldPos218_Cam01_RGB_MB_page_6.png,0,FieldPos218_Cam01_RGB_MB,,dataset
pbs_imgs,D:\Dineth\focus_binary_benchmark\dataset\pbs_imgs\unfocused\FieldPos219_Cam01_RGB_MB\FieldPos219_Cam01_RGB_MB_page_1.png,0,FieldPos219_Cam01_RGB_MB,,dataset
pbs_imgs,D:\Dineth\focus_binary_benchmark\dataset\pbs_imgs\unfocused\FieldPos219_Cam01_RGB_MB\FieldPos219_Cam01_RGB_MB_page_2.png,0,FieldPos219_Cam01_RGB_MB,,dataset
pbs_imgs,D:\Dineth\focus_binary_benchmark\dataset\pbs_imgs\unfocused\FieldPos219_Cam01_RGB_MB\FieldPos219_Cam01_RGB_MB_page_6.png,0,FieldPos219_Cam01_RGB_MB,,dataset
pbs_imgs,D:\Dineth\focus_binary_benchmark\dataset\pbs_imgs\unfocused\FieldPos219_Cam01_RGB_MB\FieldPos219_Cam01_RGB_MB_page_7.png,0,FieldPos219_Cam01_RGB_MB,,dataset
pbs_imgs,D:\Dineth\focus_binary_benchmark\dataset\pbs_imgs\unfocused\FieldPos219_Cam01_RGB_MB\FieldPos219_Cam01_RGB_MB_page_8.png,0,FieldPos219_Cam01_RGB_MB,,dataset
pbs_imgs,D:\Dineth\focus_binary_benchmark\dataset\pbs_imgs\unfocused\FieldPos219_Cam01_RGB_MB\FieldPos219_Cam01_RGB_MB_page_9.png,0,FieldPos219_Cam01_RGB_MB,,dataset
pbs_imgs,D:\Dineth\focus_binary_benchmark\dataset\pbs_imgs\unfocused\FieldPos227_Cam01_RGB_MB\FieldPos227_Cam01_RGB_MB_page_4.png,0,FieldPos227_Cam01_RGB_MB,,dataset
pbs_imgs,D:\Dineth\focus_binary_benchmark\dataset\pbs_imgs\unfocused\FieldPos227_Cam01_RGB_MB\FieldPos227_Cam01_RGB_MB_page_5.png,0,FieldPos227_Cam01_RGB_MB,,dataset
pbs_imgs,D:\Dineth\focus_binary_benchmark\dataset\pbs_imgs\unfocused\FieldPos227_Cam01_RGB_MB\FieldPos227_Cam01_RGB_MB_page_6.png,0,FieldPos227_Cam01_RGB_MB,,dataset
pbs_imgs,D:\Dineth\focus_binary_benchmark\dataset\pbs_imgs\unfocused\FieldPos227_Cam01_RGB_MB\FieldPos227_Cam01_RGB_MB_page_7.png,0,FieldPos227_Cam01_RGB_MB,,dataset
pbs_imgs,D:\Dineth\focus_binary_benchmark\dataset\pbs_imgs\unfocused\FieldPos227_Cam01_RGB_MB\FieldPos227_Cam01_RGB_MB_page_8.png,0,FieldPos227_Cam01_RGB_MB,,dataset
pbs_imgs,D:\Dineth\focus_binary_benchmark\dataset\pbs_imgs\unfocused\FieldPos227_Cam01_RGB_MB\FieldPos227_Cam01_RGB_MB_page_9.png,0,FieldPos227_Cam01_RGB_MB,,dataset
pbs_imgs,D:\Dineth\focus_binary_benchmark\dataset\pbs_imgs\unfocused\FieldPos231_Cam01_RGB_MB\FieldPos231_Cam01_RGB_MB_page_1.png,0,FieldPos231_Cam01_RGB_MB,,dataset
pbs_imgs,D:\Dineth\focus_binary_benchmark\dataset\pbs_imgs\unfocused\FieldPos231_Cam01_RGB_MB\FieldPos231_Cam01_RGB_MB_page_2.png,0,FieldPos231_Cam01_RGB_MB,,dataset
pbs_imgs,D:\Dineth\focus_binary_benchmark\dataset\pbs_imgs\unfocused\FieldPos231_Cam01_RGB_MB\FieldPos231_Cam01_RGB_MB_page_3.png,0,FieldPos231_Cam01_RGB_MB,,dataset
pbs_imgs,D:\Dineth\focus_binary_benchmark\dataset\pbs_imgs\unfocused\FieldPos231_Cam01_RGB_MB\FieldPos231_Cam01_RGB_MB_page_4.png,0,FieldPos231_Cam01_RGB_MB,,dataset
pbs_imgs,D:\Dineth\focus_binary_benchmark\dataset\pbs_imgs\unfocused\FieldPos231_Cam01_RGB_MB\FieldPos231_Cam01_RGB_MB_page_8.png,0,FieldPos231_Cam01_RGB_MB,,dataset
pbs_imgs,D:\Dineth\focus_binary_benchmark\dataset\pbs_imgs\unfocused\FieldPos231_Cam01_RGB_MB\FieldPos231_Cam01_RGB_MB_page_9.png,0,FieldPos231_Cam01_RGB_MB,,dataset
pbs_imgs,D:\Dineth\focus_binary_benchmark\dataset\pbs_imgs\unfocused\FieldPos237_Cam01_RGB_MB\FieldPos237_Cam01_RGB_MB_page_1.png,0,FieldPos237_Cam01_RGB_MB,,dataset
pbs_imgs,D:\Dineth\focus_binary_benchmark\dataset\pbs_imgs\unfocused\FieldPos237_Cam01_RGB_MB\FieldPos237_Cam01_RGB_MB_page_2.png,0,FieldPos237_Cam01_RGB_MB,,dataset
pbs_imgs,D:\Dineth\focus_binary_benchmark\dataset\pbs_imgs\unfocused\FieldPos237_Cam01_RGB_MB\FieldPos237_Cam01_RGB_MB_page_6.png,0,FieldPos237_Cam01_RGB_MB,,dataset
pbs_imgs,D:\Dineth\focus_binary_benchmark\dataset\pbs_imgs\unfocused\FieldPos237_Cam01_RGB_MB\FieldPos237_Cam01_RGB_MB_page_7.png,0,FieldPos237_Cam01_RGB_MB,,dataset
pbs_imgs,D:\Dineth\focus_binary_benchmark\dataset\pbs_imgs\unfocused\FieldPos237_Cam01_RGB_MB\FieldPos237_Cam01_RGB_MB_page_8.png,0,FieldPos237_Cam01_RGB_MB,,dataset
pbs_imgs,D:\Dineth\focus_binary_benchmark\dataset\pbs_imgs\unfocused\FieldPos237_Cam01_RGB_MB\FieldPos237_Cam01_RGB_MB_page_9.png,0,FieldPos237_Cam01_RGB_MB,,dataset
pbs_imgs,D:\Dineth\focus_binary_benchmark\dataset\pbs_imgs\unfocused\FieldPos238_Cam01_RGB_MB\FieldPos238_Cam01_RGB_MB_page_4.png,0,FieldPos238_Cam01_RGB_MB,,dataset
pbs_imgs,D:\Dineth\focus_binary_benchmark\dataset\pbs_imgs\unfocused\FieldPos238_Cam01_RGB_MB\FieldPos238_Cam01_RGB_MB_page_5.png,0,FieldPos238_Cam01_RGB_MB,,dataset
pbs_imgs,D:\Dineth\focus_binary_benchmark\dataset\pbs_imgs\unfocused\FieldPos238_Cam01_RGB_MB\FieldPos238_Cam01_RGB_MB_page_6.png,0,FieldPos238_Cam01_RGB_MB,,dataset
pbs_imgs,D:\Dineth\focus_binary_benchmark\dataset\pbs_imgs\unfocused\FieldPos238_Cam01_RGB_MB\FieldPos238_Cam01_RGB_MB_page_7.png,0,FieldPos238_Cam01_RGB_MB,,dataset
pbs_imgs,D:\Dineth\focus_binary_benchmark\dataset\pbs_imgs\unfocused\FieldPos238_Cam01_RGB_MB\FieldPos238_Cam01_RGB_MB_page_8.png,0,FieldPos238_Cam01_RGB_MB,,dataset
pbs_imgs,D:\Dineth\focus_binary_benchmark\dataset\pbs_imgs\unfocused\FieldPos238_Cam01_RGB_MB\FieldPos238_Cam01_RGB_MB_page_9.png,0,FieldPos238_Cam01_RGB_MB,,dataset
pbs_imgs,D:\Dineth\focus_binary_benchmark\dataset\pbs_imgs\unfocused\FieldPos240_Cam01_RGB_MB\FieldPos240_Cam01_RGB_MB_page_1.png,0,FieldPos240_Cam01_RGB_MB,,dataset
pbs_imgs,D:\Dineth\focus_binary_benchmark\dataset\pbs_imgs\unfocused\FieldPos240_Cam01_RGB_MB\FieldPos240_Cam01_RGB_MB_page_10.png,0,FieldPos240_Cam01_RGB_MB,,dataset
pbs_imgs,D:\Dineth\focus_binary_benchmark\dataset\pbs_imgs\unfocused\FieldPos240_Cam01_RGB_MB\FieldPos240_Cam01_RGB_MB_page_11.png,0,FieldPos240_Cam01_RGB_MB,,dataset
pbs_imgs,D:\Dineth\focus_binary_benchmark\dataset\pbs_imgs\unfocused\FieldPos240_Cam01_RGB_MB\FieldPos240_Cam01_RGB_MB_page_12.png,0,FieldPos240_Cam01_RGB_MB,,dataset
pbs_imgs,D:\Dineth\focus_binary_benchmark\dataset\pbs_imgs\unfocused\FieldPos240_Cam01_RGB_MB\FieldPos240_Cam01_RGB_MB_page_13.png,0,FieldPos240_Cam01_RGB_MB,,dataset
pbs_imgs,D:\Dineth\focus_binary_benchmark\dataset\pbs_imgs\unfocused\FieldPos240_Cam01_RGB_MB\FieldPos240_Cam01_RGB_MB_page_14.png,0,FieldPos240_Cam01_RGB_MB,,dataset
pbs_imgs,D:\Dineth\focus_binary_benchmark\dataset\pbs_imgs\unfocused\FieldPos240_Cam01_RGB_MB\FieldPos240_Cam01_RGB_MB_page_15.png,0,FieldPos240_Cam01_RGB_MB,,dataset
pbs_imgs,D:\Dineth\focus_binary_benchmark\dataset\pbs_imgs\unfocused\FieldPos240_Cam01_RGB_MB\FieldPos240_Cam01_RGB_MB_page_2.png,0,FieldPos240_Cam01_RGB_MB,,dataset
pbs_imgs,D:\Dineth\focus_binary_benchmark\dataset\pbs_imgs\unfocused\FieldPos240_Cam01_RGB_MB\FieldPos240_Cam01_RGB_MB_page_3.png,0,FieldPos240_Cam01_RGB_MB,,dataset
pbs_imgs,D:\Dineth\focus_binary_benchmark\dataset\pbs_imgs\unfocused\FieldPos240_Cam01_RGB_MB\FieldPos240_Cam01_RGB_MB_page_4.png,0,FieldPos240_Cam01_RGB_MB,,dataset
pbs_imgs,D:\Dineth\focus_binary_benchmark\dataset\pbs_imgs\unfocused\FieldPos240_Cam01_RGB_MB\FieldPos240_Cam01_RGB_MB_page_8.png,0,FieldPos240_Cam01_RGB_MB,,dataset
pbs_imgs,D:\Dineth\focus_binary_benchmark\dataset\pbs_imgs\unfocused\FieldPos240_Cam01_RGB_MB\FieldPos240_Cam01_RGB_MB_page_9.png,0,FieldPos240_Cam01_RGB_MB,,dataset
pbs_imgs,D:\Dineth\focus_binary_benchmark\dataset\pbs_imgs\unfocused\FieldPos241_Cam01_RGB_MB\FieldPos241_Cam01_RGB_MB_page_1.png,0,FieldPos241_Cam01_RGB_MB,,dataset
pbs_imgs,D:\Dineth\focus_binary_benchmark\dataset\pbs_imgs\unfocused\FieldPos241_Cam01_RGB_MB\FieldPos241_Cam01_RGB_MB_page_10.png,0,FieldPos241_Cam01_RGB_MB,,dataset
pbs_imgs,D:\Dineth\focus_binary_benchmark\dataset\pbs_imgs\unfocused\FieldPos241_Cam01_RGB_MB\FieldPos241_Cam01_RGB_MB_page_11.png,0,FieldPos241_Cam01_RGB_MB,,dataset
pbs_imgs,D:\Dineth\focus_binary_benchmark\dataset\pbs_imgs\unfocused\FieldPos241_Cam01_RGB_MB\FieldPos241_Cam01_RGB_MB_page_12.png,0,FieldPos241_Cam01_RGB_MB,,dataset
pbs_imgs,D:\Dineth\focus_binary_benchmark\dataset\pbs_imgs\unfocused\FieldPos241_Cam01_RGB_MB\FieldPos241_Cam01_RGB_MB_page_13.png,0,FieldPos241_Cam01_RGB_MB,,dataset
pbs_imgs,D:\Dineth\focus_binary_benchmark\dataset\pbs_imgs\unfocused\FieldPos241_Cam01_RGB_MB\FieldPos241_Cam01_RGB_MB_page_14.png,0,FieldPos241_Cam01_RGB_MB,,dataset
pbs_imgs,D:\Dineth\focus_binary_benchmark\dataset\pbs_imgs\unfocused\FieldPos241_Cam01_RGB_MB\FieldPos241_Cam01_RGB_MB_page_15.png,0,FieldPos241_Cam01_RGB_MB,,dataset
pbs_imgs,D:\Dineth\focus_binary_benchmark\dataset\pbs_imgs\unfocused\FieldPos241_Cam01_RGB_MB\FieldPos241_Cam01_RGB_MB_page_2.png,0,FieldPos241_Cam01_RGB_MB,,dataset
pbs_imgs,D:\Dineth\focus_binary_benchmark\dataset\pbs_imgs\unfocused\FieldPos241_Cam01_RGB_MB\FieldPos241_Cam01_RGB_MB_page_6.png,0,FieldPos241_Cam01_RGB_MB,,dataset
pbs_imgs,D:\Dineth\focus_binary_benchmark\dataset\pbs_imgs\unfocused\FieldPos241_Cam01_RGB_MB\FieldPos241_Cam01_RGB_MB_page_7.png,0,FieldPos241_Cam01_RGB_MB,,dataset
pbs_imgs,D:\Dineth\focus_binary_benchmark\dataset\pbs_imgs\unfocused\FieldPos241_Cam01_RGB_MB\FieldPos241_Cam01_RGB_MB_page_8.png,0,FieldPos241_Cam01_RGB_MB,,dataset
pbs_imgs,D:\Dineth\focus_binary_benchmark\dataset\pbs_imgs\unfocused\FieldPos241_Cam01_RGB_MB\FieldPos241_Cam01_RGB_MB_page_9.png,0,FieldPos241_Cam01_RGB_MB,,dataset
pbs_imgs,D:\Dineth\focus_binary_benchmark\dataset\pbs_imgs\unfocused\FieldPos255_Cam01_RGB_MB\FieldPos255_Cam01_RGB_MB_page_4.png,0,FieldPos255_Cam01_RGB_MB,,dataset
pbs_imgs,D:\Dineth\focus_binary_benchmark\dataset\pbs_imgs\unfocused\FieldPos255_Cam01_RGB_MB\FieldPos255_Cam01_RGB_MB_page_5.png,0,FieldPos255_Cam01_RGB_MB,,dataset
pbs_imgs,D:\Dineth\focus_binary_benchmark\dataset\pbs_imgs\unfocused\FieldPos255_Cam01_RGB_MB\FieldPos255_Cam01_RGB_MB_page_6.png,0,FieldPos255_Cam01_RGB_MB,,dataset
pbs_imgs,D:\Dineth\focus_binary_benchmark\dataset\pbs_imgs\unfocused\FieldPos255_Cam01_RGB_MB\FieldPos255_Cam01_RGB_MB_page_7.png,0,FieldPos255_Cam01_RGB_MB,,dataset
pbs_imgs,D:\Dineth\focus_binary_benchmark\dataset\pbs_imgs\unfocused\FieldPos255_Cam01_RGB_MB\FieldPos255_Cam01_RGB_MB_page_8.png,0,FieldPos255_Cam01_RGB_MB,,dataset
pbs_imgs,D:\Dineth\focus_binary_benchmark\dataset\pbs_imgs\unfocused\FieldPos255_Cam01_RGB_MB\FieldPos255_Cam01_RGB_MB_page_9.png,0,FieldPos255_Cam01_RGB_MB,,dataset
pbs_imgs,D:\Dineth\focus_binary_benchmark\dataset\pbs_imgs\unfocused\FieldPos256_Cam01_RGB_MB\FieldPos256_Cam01_RGB_MB_page_1.png,0,FieldPos256_Cam01_RGB_MB,,dataset
pbs_imgs,D:\Dineth\focus_binary_benchmark\dataset\pbs_imgs\unfocused\FieldPos256_Cam01_RGB_MB\FieldPos256_Cam01_RGB_MB_page_2.png,0,FieldPos256_Cam01_RGB_MB,,dataset
pbs_imgs,D:\Dineth\focus_binary_benchmark\dataset\pbs_imgs\unfocused\FieldPos256_Cam01_RGB_MB\FieldPos256_Cam01_RGB_MB_page_3.png,0,FieldPos256_Cam01_RGB_MB,,dataset
pbs_imgs,D:\Dineth\focus_binary_benchmark\dataset\pbs_imgs\unfocused\FieldPos256_Cam01_RGB_MB\FieldPos256_Cam01_RGB_MB_page_4.png,0,FieldPos256_Cam01_RGB_MB,,dataset
pbs_imgs,D:\Dineth\focus_binary_benchmark\dataset\pbs_imgs\unfocused\FieldPos256_Cam01_RGB_MB\FieldPos256_Cam01_RGB_MB_page_5.png,0,FieldPos256_Cam01_RGB_MB,,dataset
pbs_imgs,D:\Dineth\focus_binary_benchmark\dataset\pbs_imgs\unfocused\FieldPos256_Cam01_RGB_MB\FieldPos256_Cam01_RGB_MB_page_9.png,0,FieldPos256_Cam01_RGB_MB,,dataset
pbs_imgs,D:\Dineth\focus_binary_benchmark\dataset\pbs_imgs\unfocused\FieldPos278_Cam01_RGB_MB\FieldPos278_Cam01_RGB_MB_page_1.png,0,FieldPos278_Cam01_RGB_MB,,dataset
pbs_imgs,D:\Dineth\focus_binary_benchmark\dataset\pbs_imgs\unfocused\FieldPos278_Cam01_RGB_MB\FieldPos278_Cam01_RGB_MB_page_10.png,0,FieldPos278_Cam01_RGB_MB,,dataset
pbs_imgs,D:\Dineth\focus_binary_benchmark\dataset\pbs_imgs\unfocused\FieldPos278_Cam01_RGB_MB\FieldPos278_Cam01_RGB_MB_page_11.png,0,FieldPos278_Cam01_RGB_MB,,dataset
pbs_imgs,D:\Dineth\focus_binary_benchmark\dataset\pbs_imgs\unfocused\FieldPos278_Cam01_RGB_MB\FieldPos278_Cam01_RGB_MB_page_12.png,0,FieldPos278_Cam01_RGB_MB,,dataset
pbs_imgs,D:\Dineth\focus_binary_benchmark\dataset\pbs_imgs\unfocused\FieldPos278_Cam01_RGB_MB\FieldPos278_Cam01_RGB_MB_page_13.png,0,FieldPos278_Cam01_RGB_MB,,dataset
pbs_imgs,D:\Dineth\focus_binary_benchmark\dataset\pbs_imgs\unfocused\FieldPos278_Cam01_RGB_MB\FieldPos278_Cam01_RGB_MB_page_14.png,0,FieldPos278_Cam01_RGB_MB,,dataset
pbs_imgs,D:\Dineth\focus_binary_benchmark\dataset\pbs_imgs\unfocused\FieldPos278_Cam01_RGB_MB\FieldPos278_Cam01_RGB_MB_page_15.png,0,FieldPos278_Cam01_RGB_MB,,dataset
pbs_imgs,D:\Dineth\focus_binary_benchmark\dataset\pbs_imgs\unfocused\FieldPos278_Cam01_RGB_MB\FieldPos278_Cam01_RGB_MB_page_5.png,0,FieldPos278_Cam01_RGB_MB,,dataset
pbs_imgs,D:\Dineth\focus_binary_benchmark\dataset\pbs_imgs\unfocused\FieldPos278_Cam01_RGB_MB\FieldPos278_Cam01_RGB_MB_page_6.png,0,FieldPos278_Cam01_RGB_MB,,dataset
pbs_imgs,D:\Dineth\focus_binary_benchmark\dataset\pbs_imgs\unfocused\FieldPos278_Cam01_RGB_MB\FieldPos278_Cam01_RGB_MB_page_7.png,0,FieldPos278_Cam01_RGB_MB,,dataset
pbs_imgs,D:\Dineth\focus_binary_benchmark\dataset\pbs_imgs\unfocused\FieldPos278_Cam01_RGB_MB\FieldPos278_Cam01_RGB_MB_page_8.png,0,FieldPos278_Cam01_RGB_MB,,dataset
pbs_imgs,D:\Dineth\focus_binary_benchmark\dataset\pbs_imgs\unfocused\FieldPos278_Cam01_RGB_MB\FieldPos278_Cam01_RGB_MB_page_9.png,0,FieldPos278_Cam01_RGB_MB,,dataset
pbs_imgs,D:\Dineth\focus_binary_benchmark\dataset\pbs_imgs\unfocused\FieldPos280_Cam01_RGB_MB\FieldPos280_Cam01_RGB_MB_page_1.png,0,FieldPos280_Cam01_RGB_MB,,dataset
pbs_imgs,D:\Dineth\focus_binary_benchmark\dataset\pbs_imgs\unfocused\FieldPos280_Cam01_RGB_MB\FieldPos280_Cam01_RGB_MB_page_10.png,0,FieldPos280_Cam01_RGB_MB,,dataset
pbs_imgs,D:\Dineth\focus_binary_benchmark\dataset\pbs_imgs\unfocused\FieldPos280_Cam01_RGB_MB\FieldPos280_Cam01_RGB_MB_page_11.png,0,FieldPos280_Cam01_RGB_MB,,dataset
pbs_imgs,D:\Dineth\focus_binary_benchmark\dataset\pbs_imgs\unfocused\FieldPos280_Cam01_RGB_MB\FieldPos280_Cam01_RGB_MB_page_12.png,0,FieldPos280_Cam01_RGB_MB,,dataset
pbs_imgs,D:\Dineth\focus_binary_benchmark\dataset\pbs_imgs\unfocused\FieldPos280_Cam01_RGB_MB\FieldPos280_Cam01_RGB_MB_page_13.png,0,FieldPos280_Cam01_RGB_MB,,dataset
pbs_imgs,D:\Dineth\focus_binary_benchmark\dataset\pbs_imgs\unfocused\FieldPos280_Cam01_RGB_MB\FieldPos280_Cam01_RGB_MB_page_14.png,0,FieldPos280_Cam01_RGB_MB,,dataset
pbs_imgs,D:\Dineth\focus_binary_benchmark\dataset\pbs_imgs\unfocused\FieldPos280_Cam01_RGB_MB\FieldPos280_Cam01_RGB_MB_page_15.png,0,FieldPos280_Cam01_RGB_MB,,dataset
pbs_imgs,D:\Dineth\focus_binary_benchmark\dataset\pbs_imgs\unfocused\FieldPos280_Cam01_RGB_MB\FieldPos280_Cam01_RGB_MB_page_2.png,0,FieldPos280_Cam01_RGB_MB,,dataset
pbs_imgs,D:\Dineth\focus_binary_benchmark\dataset\pbs_imgs\unfocused\FieldPos280_Cam01_RGB_MB\FieldPos280_Cam01_RGB_MB_page_3.png,0,FieldPos280_Cam01_RGB_MB,,dataset
pbs_imgs,D:\Dineth\focus_binary_benchmark\dataset\pbs_imgs\unfocused\FieldPos280_Cam01_RGB_MB\FieldPos280_Cam01_RGB_MB_page_7.png,0,FieldPos280_Cam01_RGB_MB,,dataset
pbs_imgs,D:\Dineth\focus_binary_benchmark\dataset\pbs_imgs\unfocused\FieldPos280_Cam01_RGB_MB\FieldPos280_Cam01_RGB_MB_page_8.png,0,FieldPos280_Cam01_RGB_MB,,dataset
pbs_imgs,D:\Dineth\focus_binary_benchmark\dataset\pbs_imgs\unfocused\FieldPos280_Cam01_RGB_MB\FieldPos280_Cam01_RGB_MB_page_9.png,0,FieldPos280_Cam01_RGB_MB,,dataset
pbs_imgs,D:\Dineth\focus_binary_benchmark\dataset\pbs_imgs\unfocused\FieldPos281_Cam01_RGB_MB\FieldPos281_Cam01_RGB_MB_page_1.png,0,FieldPos281_Cam01_RGB_MB,,dataset
pbs_imgs,D:\Dineth\focus_binary_benchmark\dataset\pbs_imgs\unfocused\FieldPos281_Cam01_RGB_MB\FieldPos281_Cam01_RGB_MB_page_10.png,0,FieldPos281_Cam01_RGB_MB,,dataset
pbs_imgs,D:\Dineth\focus_binary_benchmark\dataset\pbs_imgs\unfocused\FieldPos281_Cam01_RGB_MB\FieldPos281_Cam01_RGB_MB_page_11.png,0,FieldPos281_Cam01_RGB_MB,,dataset
pbs_imgs,D:\Dineth\focus_binary_benchmark\dataset\pbs_imgs\unfocused\FieldPos281_Cam01_RGB_MB\FieldPos281_Cam01_RGB_MB_page_12.png,0,FieldPos281_Cam01_RGB_MB,,dataset
pbs_imgs,D:\Dineth\focus_binary_benchmark\dataset\pbs_imgs\unfocused\FieldPos281_Cam01_RGB_MB\FieldPos281_Cam01_RGB_MB_page_13.png,0,FieldPos281_Cam01_RGB_MB,,dataset
pbs_imgs,D:\Dineth\focus_binary_benchmark\dataset\pbs_imgs\unfocused\FieldPos281_Cam01_RGB_MB\FieldPos281_Cam01_RGB_MB_page_14.png,0,FieldPos281_Cam01_RGB_MB,,dataset
pbs_imgs,D:\Dineth\focus_binary_benchmark\dataset\pbs_imgs\unfocused\FieldPos281_Cam01_RGB_MB\FieldPos281_Cam01_RGB_MB_page_15.png,0,FieldPos281_Cam01_RGB_MB,,dataset
pbs_imgs,D:\Dineth\focus_binary_benchmark\dataset\pbs_imgs\unfocused\FieldPos281_Cam01_RGB_MB\FieldPos281_Cam01_RGB_MB_page_5.png,0,FieldPos281_Cam01_RGB_MB,,dataset
pbs_imgs,D:\Dineth\focus_binary_benchmark\dataset\pbs_imgs\unfocused\FieldPos281_Cam01_RGB_MB\FieldPos281_Cam01_RGB_MB_page_6.png,0,FieldPos281_Cam01_RGB_MB,,dataset
pbs_imgs,D:\Dineth\focus_binary_benchmark\dataset\pbs_imgs\unfocused\FieldPos281_Cam01_RGB_MB\FieldPos281_Cam01_RGB_MB_page_7.png,0,FieldPos281_Cam01_RGB_MB,,dataset
pbs_imgs,D:\Dineth\focus_binary_benchmark\dataset\pbs_imgs\unfocused\FieldPos281_Cam01_RGB_MB\FieldPos281_Cam01_RGB_MB_page_8.png,0,FieldPos281_Cam01_RGB_MB,,dataset
pbs_imgs,D:\Dineth\focus_binary_benchmark\dataset\pbs_imgs\unfocused\FieldPos281_Cam01_RGB_MB\FieldPos281_Cam01_RGB_MB_page_9.png,0,FieldPos281_Cam01_RGB_MB,,dataset
pbs_imgs,D:\Dineth\focus_binary_benchmark\dataset\pbs_imgs\unfocused\FieldPos297_Cam01_RGB_MB\FieldPos297_Cam01_RGB_MB_page_1.png,0,FieldPos297_Cam01_RGB_MB,,dataset
pbs_imgs,D:\Dineth\focus_binary_benchmark\dataset\pbs_imgs\unfocused\FieldPos297_Cam01_RGB_MB\FieldPos297_Cam01_RGB_MB_page_13.png,0,FieldPos297_Cam01_RGB_MB,,dataset
pbs_imgs,D:\Dineth\focus_binary_benchmark\dataset\pbs_imgs\unfocused\FieldPos297_Cam01_RGB_MB\FieldPos297_Cam01_RGB_MB_page_14.png,0,FieldPos297_Cam01_RGB_MB,,dataset
pbs_imgs,D:\Dineth\focus_binary_benchmark\dataset\pbs_imgs\unfocused\FieldPos297_Cam01_RGB_MB\FieldPos297_Cam01_RGB_MB_page_15.png,0,FieldPos297_Cam01_RGB_MB,,dataset
pbs_imgs,D:\Dineth\focus_binary_benchmark\dataset\pbs_imgs\unfocused\FieldPos297_Cam01_RGB_MB\FieldPos297_Cam01_RGB_MB_page_2.png,0,FieldPos297_Cam01_RGB_MB,,dataset
pbs_imgs,D:\Dineth\focus_binary_benchmark\dataset\pbs_imgs\unfocused\FieldPos297_Cam01_RGB_MB\FieldPos297_Cam01_RGB_MB_page_3.png,0,FieldPos297_Cam01_RGB_MB,,dataset
pbs_imgs,D:\Dineth\focus_binary_benchmark\dataset\pbs_imgs\unfocused\FieldPos297_Cam01_RGB_MB\FieldPos297_Cam01_RGB_MB_page_4.png,0,FieldPos297_Cam01_RGB_MB,,dataset
pbs_imgs,D:\Dineth\focus_binary_benchmark\dataset\pbs_imgs\unfocused\FieldPos297_Cam01_RGB_MB\FieldPos297_Cam01_RGB_MB_page_5.png,0,FieldPos297_Cam01_RGB_MB,,dataset
pbs_imgs,D:\Dineth\focus_binary_benchmark\dataset\pbs_imgs\unfocused\FieldPos297_Cam01_RGB_MB\FieldPos297_Cam01_RGB_MB_page_6.png,0,FieldPos297_Cam01_RGB_MB,,dataset
pbs_imgs,D:\Dineth\focus_binary_benchmark\dataset\pbs_imgs\unfocused\FieldPos297_Cam01_RGB_MB\FieldPos297_Cam01_RGB_MB_page_7.png,0,FieldPos297_Cam01_RGB_MB,,dataset
pbs_imgs,D:\Dineth\focus_binary_benchmark\dataset\pbs_imgs\unfocused\FieldPos297_Cam01_RGB_MB\FieldPos297_Cam01_RGB_MB_page_8.png,0,FieldPos297_Cam01_RGB_MB,,dataset
pbs_imgs,D:\Dineth\focus_binary_benchmark\dataset\pbs_imgs\unfocused\FieldPos297_Cam01_RGB_MB\FieldPos297_Cam01_RGB_MB_page_9.png,0,FieldPos297_Cam01_RGB_MB,,dataset
pbs_imgs,D:\Dineth\focus_binary_benchmark\dataset\pbs_imgs\unfocused\FieldPos298_Cam01_RGB_MB\FieldPos298_Cam01_RGB_MB_page_12.png,0,FieldPos298_Cam01_RGB_MB,,dataset
pbs_imgs,D:\Dineth\focus_binary_benchmark\dataset\pbs_imgs\unfocused\FieldPos298_Cam01_RGB_MB\FieldPos298_Cam01_RGB_MB_page_13.png,0,FieldPos298_Cam01_RGB_MB,,dataset
pbs_imgs,D:\Dineth\focus_binary_benchmark\dataset\pbs_imgs\unfocused\FieldPos298_Cam01_RGB_MB\FieldPos298_Cam01_RGB_MB_page_14.png,0,FieldPos298_Cam01_RGB_MB,,dataset
pbs_imgs,D:\Dineth\focus_binary_benchmark\dataset\pbs_imgs\unfocused\FieldPos298_Cam01_RGB_MB\FieldPos298_Cam01_RGB_MB_page_15.png,0,FieldPos298_Cam01_RGB_MB,,dataset
pbs_imgs,D:\Dineth\focus_binary_benchmark\dataset\pbs_imgs\unfocused\FieldPos298_Cam01_RGB_MB\FieldPos298_Cam01_RGB_MB_page_2.png,0,FieldPos298_Cam01_RGB_MB,,dataset
pbs_imgs,D:\Dineth\focus_binary_benchmark\dataset\pbs_imgs\unfocused\FieldPos298_Cam01_RGB_MB\FieldPos298_Cam01_RGB_MB_page_3.png,0,FieldPos298_Cam01_RGB_MB,,dataset
pbs_imgs,D:\Dineth\focus_binary_benchmark\dataset\pbs_imgs\unfocused\FieldPos298_Cam01_RGB_MB\FieldPos298_Cam01_RGB_MB_page_4.png,0,FieldPos298_Cam01_RGB_MB,,dataset
pbs_imgs,D:\Dineth\focus_binary_benchmark\dataset\pbs_imgs\unfocused\FieldPos298_Cam01_RGB_MB\FieldPos298_Cam01_RGB_MB_page_5.png,0,FieldPos298_Cam01_RGB_MB,,dataset
pbs_imgs,D:\Dineth\focus_binary_benchmark\dataset\pbs_imgs\unfocused\FieldPos298_Cam01_RGB_MB\FieldPos298_Cam01_RGB_MB_page_6.png,0,FieldPos298_Cam01_RGB_MB,,dataset
pbs_imgs,D:\Dineth\focus_binary_benchmark\dataset\pbs_imgs\unfocused\FieldPos298_Cam01_RGB_MB\FieldPos298_Cam01_RGB_MB_page_7.png,0,FieldPos298_Cam01_RGB_MB,,dataset
pbs_imgs,D:\Dineth\focus_binary_benchmark\dataset\pbs_imgs\unfocused\FieldPos298_Cam01_RGB_MB\FieldPos298_Cam01_RGB_MB_page_8.png,0,FieldPos298_Cam01_RGB_MB,,dataset
pbs_imgs,D:\Dineth\focus_binary_benchmark\dataset\pbs_imgs\unfocused\FieldPos298_Cam01_RGB_MB\FieldPos298_Cam01_RGB_MB_page_9.png,0,FieldPos298_Cam01_RGB_MB,,dataset
pbs_imgs,D:\Dineth\focus_binary_benchmark\dataset\pbs_imgs\unfocused\FieldPos301_Cam01_RGB_MB\FieldPos301_Cam01_RGB_MB_page_12.png,0,FieldPos301_Cam01_RGB_MB,,dataset
pbs_imgs,D:\Dineth\focus_binary_benchmark\dataset\pbs_imgs\unfocused\FieldPos301_Cam01_RGB_MB\FieldPos301_Cam01_RGB_MB_page_13.png,0,FieldPos301_Cam01_RGB_MB,,dataset
pbs_imgs,D:\Dineth\focus_binary_benchmark\dataset\pbs_imgs\unfocused\FieldPos301_Cam01_RGB_MB\FieldPos301_Cam01_RGB_MB_page_14.png,0,FieldPos301_Cam01_RGB_MB,,dataset
pbs_imgs,D:\Dineth\focus_binary_benchmark\dataset\pbs_imgs\unfocused\FieldPos301_Cam01_RGB_MB\FieldPos301_Cam01_RGB_MB_page_15.png,0,FieldPos301_Cam01_RGB_MB,,dataset
pbs_imgs,D:\Dineth\focus_binary_benchmark\dataset\pbs_imgs\unfocused\FieldPos301_Cam01_RGB_MB\FieldPos301_Cam01_RGB_MB_page_2.png,0,FieldPos301_Cam01_RGB_MB,,dataset
pbs_imgs,D:\Dineth\focus_binary_benchmark\dataset\pbs_imgs\unfocused\FieldPos301_Cam01_RGB_MB\FieldPos301_Cam01_RGB_MB_page_3.png,0,FieldPos301_Cam01_RGB_MB,,dataset
pbs_imgs,D:\Dineth\focus_binary_benchmark\dataset\pbs_imgs\unfocused\FieldPos301_Cam01_RGB_MB\FieldPos301_Cam01_RGB_MB_page_4.png,0,FieldPos301_Cam01_RGB_MB,,dataset
pbs_imgs,D:\Dineth\focus_binary_benchmark\dataset\pbs_imgs\unfocused\FieldPos301_Cam01_RGB_MB\FieldPos301_Cam01_RGB_MB_page_5.png,0,FieldPos301_Cam01_RGB_MB,,dataset
pbs_imgs,D:\Dineth\focus_binary_benchmark\dataset\pbs_imgs\unfocused\FieldPos301_Cam01_RGB_MB\FieldPos301_Cam01_RGB_MB_page_6.png,0,FieldPos301_Cam01_RGB_MB,,dataset
pbs_imgs,D:\Dineth\focus_binary_benchmark\dataset\pbs_imgs\unfocused\FieldPos301_Cam01_RGB_MB\FieldPos301_Cam01_RGB_MB_page_7.png,0,FieldPos301_Cam01_RGB_MB,,dataset
pbs_imgs,D:\Dineth\focus_binary_benchmark\dataset\pbs_imgs\unfocused\FieldPos301_Cam01_RGB_MB\FieldPos301_Cam01_RGB_MB_page_8.png,0,FieldPos301_Cam01_RGB_MB,,dataset
pbs_imgs,D:\Dineth\focus_binary_benchmark\dataset\pbs_imgs\unfocused\FieldPos301_Cam01_RGB_MB\FieldPos301_Cam01_RGB_MB_page_9.png,0,FieldPos301_Cam01_RGB_MB,,dataset
pbs_imgs,D:\Dineth\focus_binary_benchmark\dataset\pbs_imgs\unfocused\FieldPos302_Cam01_RGB_MB\FieldPos302_Cam01_RGB_MB_page_12.png,0,FieldPos302_Cam01_RGB_MB,,dataset
pbs_imgs,D:\Dineth\focus_binary_benchmark\dataset\pbs_imgs\unfocused\FieldPos302_Cam01_RGB_MB\FieldPos302_Cam01_RGB_MB_page_13.png,0,FieldPos302_Cam01_RGB_MB,,dataset
pbs_imgs,D:\Dineth\focus_binary_benchmark\dataset\pbs_imgs\unfocused\FieldPos302_Cam01_RGB_MB\FieldPos302_Cam01_RGB_MB_page_14.png,0,FieldPos302_Cam01_RGB_MB,,dataset
pbs_imgs,D:\Dineth\focus_binary_benchmark\dataset\pbs_imgs\unfocused\FieldPos302_Cam01_RGB_MB\FieldPos302_Cam01_RGB_MB_page_15.png,0,FieldPos302_Cam01_RGB_MB,,dataset
pbs_imgs,D:\Dineth\focus_binary_benchmark\dataset\pbs_imgs\unfocused\FieldPos302_Cam01_RGB_MB\FieldPos302_Cam01_RGB_MB_page_2.png,0,FieldPos302_Cam01_RGB_MB,,dataset
pbs_imgs,D:\Dineth\focus_binary_benchmark\dataset\pbs_imgs\unfocused\FieldPos302_Cam01_RGB_MB\FieldPos302_Cam01_RGB_MB_page_3.png,0,FieldPos302_Cam01_RGB_MB,,dataset
pbs_imgs,D:\Dineth\focus_binary_benchmark\dataset\pbs_imgs\unfocused\FieldPos302_Cam01_RGB_MB\FieldPos302_Cam01_RGB_MB_page_4.png,0,FieldPos302_Cam01_RGB_MB,,dataset
pbs_imgs,D:\Dineth\focus_binary_benchmark\dataset\pbs_imgs\unfocused\FieldPos302_Cam01_RGB_MB\FieldPos302_Cam01_RGB_MB_page_5.png,0,FieldPos302_Cam01_RGB_MB,,dataset
pbs_imgs,D:\Dineth\focus_binary_benchmark\dataset\pbs_imgs\unfocused\FieldPos302_Cam01_RGB_MB\FieldPos302_Cam01_RGB_MB_page_6.png,0,FieldPos302_Cam01_RGB_MB,,dataset
pbs_imgs,D:\Dineth\focus_binary_benchmark\dataset\pbs_imgs\unfocused\FieldPos302_Cam01_RGB_MB\FieldPos302_Cam01_RGB_MB_page_7.png,0,FieldPos302_Cam01_RGB_MB,,dataset
pbs_imgs,D:\Dineth\focus_binary_benchmark\dataset\pbs_imgs\unfocused\FieldPos302_Cam01_RGB_MB\FieldPos302_Cam01_RGB_MB_page_8.png,0,FieldPos302_Cam01_RGB_MB,,dataset
pbs_imgs,D:\Dineth\focus_binary_benchmark\dataset\pbs_imgs\unfocused\FieldPos302_Cam01_RGB_MB\FieldPos302_Cam01_RGB_MB_page_9.png,0,FieldPos302_Cam01_RGB_MB,,dataset
pbs_imgs,D:\Dineth\focus_binary_benchmark\dataset\pbs_imgs\unfocused\FieldPos317_Cam01_RGB_MB\FieldPos317_Cam01_RGB_MB_page_1.png,0,FieldPos317_Cam01_RGB_MB,,dataset
pbs_imgs,D:\Dineth\focus_binary_benchmark\dataset\pbs_imgs\unfocused\FieldPos317_Cam01_RGB_MB\FieldPos317_Cam01_RGB_MB_page_10.png,0,FieldPos317_Cam01_RGB_MB,,dataset
pbs_imgs,D:\Dineth\focus_binary_benchmark\dataset\pbs_imgs\unfocused\FieldPos317_Cam01_RGB_MB\FieldPos317_Cam01_RGB_MB_page_11.png,0,FieldPos317_Cam01_RGB_MB,,dataset
pbs_imgs,D:\Dineth\focus_binary_benchmark\dataset\pbs_imgs\unfocused\FieldPos317_Cam01_RGB_MB\FieldPos317_Cam01_RGB_MB_page_12.png,0,FieldPos317_Cam01_RGB_MB,,dataset
pbs_imgs,D:\Dineth\focus_binary_benchmark\dataset\pbs_imgs\unfocused\FieldPos317_Cam01_RGB_MB\FieldPos317_Cam01_RGB_MB_page_13.png,0,FieldPos317_Cam01_RGB_MB,,dataset
pbs_imgs,D:\Dineth\focus_binary_benchmark\dataset\pbs_imgs\unfocused\FieldPos317_Cam01_RGB_MB\FieldPos317_Cam01_RGB_MB_page_14.png,0,FieldPos317_Cam01_RGB_MB,,dataset
pbs_imgs,D:\Dineth\focus_binary_benchmark\dataset\pbs_imgs\unfocused\FieldPos317_Cam01_RGB_MB\FieldPos317_Cam01_RGB_MB_page_15.png,0,FieldPos317_Cam01_RGB_MB,,dataset
pbs_imgs,D:\Dineth\focus_binary_benchmark\dataset\pbs_imgs\unfocused\FieldPos317_Cam01_RGB_MB\FieldPos317_Cam01_RGB_MB_page_2.png,0,FieldPos317_Cam01_RGB_MB,,dataset
pbs_imgs,D:\Dineth\focus_binary_benchmark\dataset\pbs_imgs\unfocused\FieldPos317_Cam01_RGB_MB\FieldPos317_Cam01_RGB_MB_page_3.png,0,FieldPos317_Cam01_RGB_MB,,dataset
pbs_imgs,D:\Dineth\focus_binary_benchmark\dataset\pbs_imgs\unfocused\FieldPos317_Cam01_RGB_MB\FieldPos317_Cam01_RGB_MB_page_7.png,0,FieldPos317_Cam01_RGB_MB,,dataset
pbs_imgs,D:\Dineth\focus_binary_benchmark\dataset\pbs_imgs\unfocused\FieldPos317_Cam01_RGB_MB\FieldPos317_Cam01_RGB_MB_page_8.png,0,FieldPos317_Cam01_RGB_MB,,dataset
pbs_imgs,D:\Dineth\focus_binary_benchmark\dataset\pbs_imgs\unfocused\FieldPos317_Cam01_RGB_MB\FieldPos317_Cam01_RGB_MB_page_9.png,0,FieldPos317_Cam01_RGB_MB,,dataset
pbs_imgs,D:\Dineth\focus_binary_benchmark\dataset\pbs_imgs\unfocused\FieldPos318_Cam01_RGB_MB\FieldPos318_Cam01_RGB_MB_page_1.png,0,FieldPos318_Cam01_RGB_MB,,dataset
pbs_imgs,D:\Dineth\focus_binary_benchmark\dataset\pbs_imgs\unfocused\FieldPos318_Cam01_RGB_MB\FieldPos318_Cam01_RGB_MB_page_10.png,0,FieldPos318_Cam01_RGB_MB,,dataset
pbs_imgs,D:\Dineth\focus_binary_benchmark\dataset\pbs_imgs\unfocused\FieldPos318_Cam01_RGB_MB\FieldPos318_Cam01_RGB_MB_page_11.png,0,FieldPos318_Cam01_RGB_MB,,dataset
pbs_imgs,D:\Dineth\focus_binary_benchmark\dataset\pbs_imgs\unfocused\FieldPos318_Cam01_RGB_MB\FieldPos318_Cam01_RGB_MB_page_12.png,0,FieldPos318_Cam01_RGB_MB,,dataset
pbs_imgs,D:\Dineth\focus_binary_benchmark\dataset\pbs_imgs\unfocused\FieldPos318_Cam01_RGB_MB\FieldPos318_Cam01_RGB_MB_page_13.png,0,FieldPos318_Cam01_RGB_MB,,dataset
pbs_imgs,D:\Dineth\focus_binary_benchmark\dataset\pbs_imgs\unfocused\FieldPos318_Cam01_RGB_MB\FieldPos318_Cam01_RGB_MB_page_3.png,0,FieldPos318_Cam01_RGB_MB,,dataset
pbs_imgs,D:\Dineth\focus_binary_benchmark\dataset\pbs_imgs\unfocused\FieldPos318_Cam01_RGB_MB\FieldPos318_Cam01_RGB_MB_page_4.png,0,FieldPos318_Cam01_RGB_MB,,dataset
pbs_imgs,D:\Dineth\focus_binary_benchmark\dataset\pbs_imgs\unfocused\FieldPos318_Cam01_RGB_MB\FieldPos318_Cam01_RGB_MB_page_5.png,0,FieldPos318_Cam01_RGB_MB,,dataset
pbs_imgs,D:\Dineth\focus_binary_benchmark\dataset\pbs_imgs\unfocused\FieldPos318_Cam01_RGB_MB\FieldPos318_Cam01_RGB_MB_page_6.png,0,FieldPos318_Cam01_RGB_MB,,dataset
pbs_imgs,D:\Dineth\focus_binary_benchmark\dataset\pbs_imgs\unfocused\FieldPos318_Cam01_RGB_MB\FieldPos318_Cam01_RGB_MB_page_7.png,0,FieldPos318_Cam01_RGB_MB,,dataset
pbs_imgs,D:\Dineth\focus_binary_benchmark\dataset\pbs_imgs\unfocused\FieldPos318_Cam01_RGB_MB\FieldPos318_Cam01_RGB_MB_page_8.png,0,FieldPos318_Cam01_RGB_MB,,dataset
pbs_imgs,D:\Dineth\focus_binary_benchmark\dataset\pbs_imgs\unfocused\FieldPos318_Cam01_RGB_MB\FieldPos318_Cam01_RGB_MB_page_9.png,0,FieldPos318_Cam01_RGB_MB,,dataset
pbs_imgs,D:\Dineth\focus_binary_benchmark\dataset\pbs_imgs\unfocused\FieldPos321_Cam01_RGB_MB\FieldPos321_Cam01_RGB_MB_page_1.png,0,FieldPos321_Cam01_RGB_MB,,dataset
pbs_imgs,D:\Dineth\focus_binary_benchmark\dataset\pbs_imgs\unfocused\FieldPos321_Cam01_RGB_MB\FieldPos321_Cam01_RGB_MB_page_10.png,0,FieldPos321_Cam01_RGB_MB,,dataset
pbs_imgs,D:\Dineth\focus_binary_benchmark\dataset\pbs_imgs\unfocused\FieldPos321_Cam01_RGB_MB\FieldPos321_Cam01_RGB_MB_page_11.png,0,FieldPos321_Cam01_RGB_MB,,dataset
pbs_imgs,D:\Dineth\focus_binary_benchmark\dataset\pbs_imgs\unfocused\FieldPos321_Cam01_RGB_MB\FieldPos321_Cam01_RGB_MB_page_12.png,0,FieldPos321_Cam01_RGB_MB,,dataset
pbs_imgs,D:\Dineth\focus_binary_benchmark\dataset\pbs_imgs\unfocused\FieldPos321_Cam01_RGB_MB\FieldPos321_Cam01_RGB_MB_page_13.png,0,FieldPos321_Cam01_RGB_MB,,dataset
pbs_imgs,D:\Dineth\focus_binary_benchmark\dataset\pbs_imgs\unfocused\FieldPos321_Cam01_RGB_MB\FieldPos321_Cam01_RGB_MB_page_14.png,0,FieldPos321_Cam01_RGB_MB,,dataset
pbs_imgs,D:\Dineth\focus_binary_benchmark\dataset\pbs_imgs\unfocused\FieldPos321_Cam01_RGB_MB\FieldPos321_Cam01_RGB_MB_page_4.png,0,FieldPos321_Cam01_RGB_MB,,dataset
pbs_imgs,D:\Dineth\focus_binary_benchmark\dataset\pbs_imgs\unfocused\FieldPos321_Cam01_RGB_MB\FieldPos321_Cam01_RGB_MB_page_5.png,0,FieldPos321_Cam01_RGB_MB,,dataset
pbs_imgs,D:\Dineth\focus_binary_benchmark\dataset\pbs_imgs\unfocused\FieldPos321_Cam01_RGB_MB\FieldPos321_Cam01_RGB_MB_page_6.png,0,FieldPos321_Cam01_RGB_MB,,dataset
pbs_imgs,D:\Dineth\focus_binary_benchmark\dataset\pbs_imgs\unfocused\FieldPos321_Cam01_RGB_MB\FieldPos321_Cam01_RGB_MB_page_7.png,0,FieldPos321_Cam01_RGB_MB,,dataset
pbs_imgs,D:\Dineth\focus_binary_benchmark\dataset\pbs_imgs\unfocused\FieldPos321_Cam01_RGB_MB\FieldPos321_Cam01_RGB_MB_page_8.png,0,FieldPos321_Cam01_RGB_MB,,dataset
pbs_imgs,D:\Dineth\focus_binary_benchmark\dataset\pbs_imgs\unfocused\FieldPos321_Cam01_RGB_MB\FieldPos321_Cam01_RGB_MB_page_9.png,0,FieldPos321_Cam01_RGB_MB,,dataset
pbs_imgs,D:\Dineth\focus_binary_benchmark\dataset\pbs_imgs\unfocused\FieldPos322_Cam01_RGB_MB\FieldPos322_Cam01_RGB_MB_page_1.png,0,FieldPos322_Cam01_RGB_MB,,dataset
pbs_imgs,D:\Dineth\focus_binary_benchmark\dataset\pbs_imgs\unfocused\FieldPos322_Cam01_RGB_MB\FieldPos322_Cam01_RGB_MB_page_10.png,0,FieldPos322_Cam01_RGB_MB,,dataset
pbs_imgs,D:\Dineth\focus_binary_benchmark\dataset\pbs_imgs\unfocused\FieldPos322_Cam01_RGB_MB\FieldPos322_Cam01_RGB_MB_page_11.png,0,FieldPos322_Cam01_RGB_MB,,dataset
pbs_imgs,D:\Dineth\focus_binary_benchmark\dataset\pbs_imgs\unfocused\FieldPos322_Cam01_RGB_MB\FieldPos322_Cam01_RGB_MB_page_12.png,0,FieldPos322_Cam01_RGB_MB,,dataset
pbs_imgs,D:\Dineth\focus_binary_benchmark\dataset\pbs_imgs\unfocused\FieldPos322_Cam01_RGB_MB\FieldPos322_Cam01_RGB_MB_page_13.png,0,FieldPos322_Cam01_RGB_MB,,dataset
pbs_imgs,D:\Dineth\focus_binary_benchmark\dataset\pbs_imgs\unfocused\FieldPos322_Cam01_RGB_MB\FieldPos322_Cam01_RGB_MB_page_14.png,0,FieldPos322_Cam01_RGB_MB,,dataset
pbs_imgs,D:\Dineth\focus_binary_benchmark\dataset\pbs_imgs\unfocused\FieldPos322_Cam01_RGB_MB\FieldPos322_Cam01_RGB_MB_page_15.png,0,FieldPos322_Cam01_RGB_MB,,dataset
pbs_imgs,D:\Dineth\focus_binary_benchmark\dataset\pbs_imgs\unfocused\FieldPos322_Cam01_RGB_MB\FieldPos322_Cam01_RGB_MB_page_2.png,0,FieldPos322_Cam01_RGB_MB,,dataset
pbs_imgs,D:\Dineth\focus_binary_benchmark\dataset\pbs_imgs\unfocused\FieldPos322_Cam01_RGB_MB\FieldPos322_Cam01_RGB_MB_page_3.png,0,FieldPos322_Cam01_RGB_MB,,dataset
pbs_imgs,D:\Dineth\focus_binary_benchmark\dataset\pbs_imgs\unfocused\FieldPos322_Cam01_RGB_MB\FieldPos322_Cam01_RGB_MB_page_7.png,0,FieldPos322_Cam01_RGB_MB,,dataset
pbs_imgs,D:\Dineth\focus_binary_benchmark\dataset\pbs_imgs\unfocused\FieldPos322_Cam01_RGB_MB\FieldPos322_Cam01_RGB_MB_page_8.png,0,FieldPos322_Cam01_RGB_MB,,dataset
pbs_imgs,D:\Dineth\focus_binary_benchmark\dataset\pbs_imgs\unfocused\FieldPos322_Cam01_RGB_MB\FieldPos322_Cam01_RGB_MB_page_9.png,0,FieldPos322_Cam01_RGB_MB,,dataset
pbs_imgs,D:\Dineth\focus_binary_benchmark\dataset\pbs_imgs\unfocused\FieldPos336_Cam01_RGB_MB\FieldPos336_Cam01_RGB_MB_page_1.png,0,FieldPos336_Cam01_RGB_MB,,dataset
pbs_imgs,D:\Dineth\focus_binary_benchmark\dataset\pbs_imgs\unfocused\FieldPos336_Cam01_RGB_MB\FieldPos336_Cam01_RGB_MB_page_10.png,0,FieldPos336_Cam01_RGB_MB,,dataset
pbs_imgs,D:\Dineth\focus_binary_benchmark\dataset\pbs_imgs\unfocused\FieldPos336_Cam01_RGB_MB\FieldPos336_Cam01_RGB_MB_page_11.png,0,FieldPos336_Cam01_RGB_MB,,dataset
pbs_imgs,D:\Dineth\focus_binary_benchmark\dataset\pbs_imgs\unfocused\FieldPos336_Cam01_RGB_MB\FieldPos336_Cam01_RGB_MB_page_12.png,0,FieldPos336_Cam01_RGB_MB,,dataset
pbs_imgs,D:\Dineth\focus_binary_benchmark\dataset\pbs_imgs\unfocused\FieldPos336_Cam01_RGB_MB\FieldPos336_Cam01_RGB_MB_page_13.png,0,FieldPos336_Cam01_RGB_MB,,dataset
pbs_imgs,D:\Dineth\focus_binary_benchmark\dataset\pbs_imgs\unfocused\FieldPos336_Cam01_RGB_MB\FieldPos336_Cam01_RGB_MB_page_3.png,0,FieldPos336_Cam01_RGB_MB,,dataset
pbs_imgs,D:\Dineth\focus_binary_benchmark\dataset\pbs_imgs\unfocused\FieldPos336_Cam01_RGB_MB\FieldPos336_Cam01_RGB_MB_page_4.png,0,FieldPos336_Cam01_RGB_MB,,dataset
pbs_imgs,D:\Dineth\focus_binary_benchmark\dataset\pbs_imgs\unfocused\FieldPos336_Cam01_RGB_MB\FieldPos336_Cam01_RGB_MB_page_5.png,0,FieldPos336_Cam01_RGB_MB,,dataset
pbs_imgs,D:\Dineth\focus_binary_benchmark\dataset\pbs_imgs\unfocused\FieldPos336_Cam01_RGB_MB\FieldPos336_Cam01_RGB_MB_page_6.png,0,FieldPos336_Cam01_RGB_MB,,dataset
pbs_imgs,D:\Dineth\focus_binary_benchmark\dataset\pbs_imgs\unfocused\FieldPos336_Cam01_RGB_MB\FieldPos336_Cam01_RGB_MB_page_7.png,0,FieldPos336_Cam01_RGB_MB,,dataset
pbs_imgs,D:\Dineth\focus_binary_benchmark\dataset\pbs_imgs\unfocused\FieldPos336_Cam01_RGB_MB\FieldPos336_Cam01_RGB_MB_page_8.png,0,FieldPos336_Cam01_RGB_MB,,dataset
pbs_imgs,D:\Dineth\focus_binary_benchmark\dataset\pbs_imgs\unfocused\FieldPos336_Cam01_RGB_MB\FieldPos336_Cam01_RGB_MB_page_9.png,0,FieldPos336_Cam01_RGB_MB,,dataset
pbs_imgs,D:\Dineth\focus_binary_benchmark\dataset\pbs_imgs\unfocused\FieldPos337_Cam01_RGB_MB\FieldPos337_Cam01_RGB_MB_page_1.png,0,FieldPos337_Cam01_RGB_MB,,dataset
pbs_imgs,D:\Dineth\focus_binary_benchmark\dataset\pbs_imgs\unfocused\FieldPos337_Cam01_RGB_MB\FieldPos337_Cam01_RGB_MB_page_13.png,0,FieldPos337_Cam01_RGB_MB,,dataset
pbs_imgs,D:\Dineth\focus_binary_benchmark\dataset\pbs_imgs\unfocused\FieldPos337_Cam01_RGB_MB\FieldPos337_Cam01_RGB_MB_page_14.png,0,FieldPos337_Cam01_RGB_MB,,dataset
pbs_imgs,D:\Dineth\focus_binary_benchmark\dataset\pbs_imgs\unfocused\FieldPos337_Cam01_RGB_MB\FieldPos337_Cam01_RGB_MB_page_15.png,0,FieldPos337_Cam01_RGB_MB,,dataset
pbs_imgs,D:\Dineth\focus_binary_benchmark\dataset\pbs_imgs\unfocused\FieldPos337_Cam01_RGB_MB\FieldPos337_Cam01_RGB_MB_page_2.png,0,FieldPos337_Cam01_RGB_MB,,dataset
pbs_imgs,D:\Dineth\focus_binary_benchmark\dataset\pbs_imgs\unfocused\FieldPos337_Cam01_RGB_MB\FieldPos337_Cam01_RGB_MB_page_3.png,0,FieldPos337_Cam01_RGB_MB,,dataset
pbs_imgs,D:\Dineth\focus_binary_benchmark\dataset\pbs_imgs\unfocused\FieldPos337_Cam01_RGB_MB\FieldPos337_Cam01_RGB_MB_page_4.png,0,FieldPos337_Cam01_RGB_MB,,dataset
pbs_imgs,D:\Dineth\focus_binary_benchmark\dataset\pbs_imgs\unfocused\FieldPos337_Cam01_RGB_MB\FieldPos337_Cam01_RGB_MB_page_5.png,0,FieldPos337_Cam01_RGB_MB,,dataset
pbs_imgs,D:\Dineth\focus_binary_benchmark\dataset\pbs_imgs\unfocused\FieldPos337_Cam01_RGB_MB\FieldPos337_Cam01_RGB_MB_page_6.png,0,FieldPos337_Cam01_RGB_MB,,dataset
pbs_imgs,D:\Dineth\focus_binary_benchmark\dataset\pbs_imgs\unfocused\FieldPos337_Cam01_RGB_MB\FieldPos337_Cam01_RGB_MB_page_7.png,0,FieldPos337_Cam01_RGB_MB,,dataset
pbs_imgs,D:\Dineth\focus_binary_benchmark\dataset\pbs_imgs\unfocused\FieldPos337_Cam01_RGB_MB\FieldPos337_Cam01_RGB_MB_page_8.png,0,FieldPos337_Cam01_RGB_MB,,dataset
pbs_imgs,D:\Dineth\focus_binary_benchmark\dataset\pbs_imgs\unfocused\FieldPos337_Cam01_RGB_MB\FieldPos337_Cam01_RGB_MB_page_9.png,0,FieldPos337_Cam01_RGB_MB,,dataset
pbs_imgs,D:\Dineth\focus_binary_benchmark\dataset\pbs_imgs\unfocused\FieldPos343_Cam01_RGB_MB\FieldPos343_Cam01_RGB_MB_page_1.png,0,FieldPos343_Cam01_RGB_MB,,dataset
pbs_imgs,D:\Dineth\focus_binary_benchmark\dataset\pbs_imgs\unfocused\FieldPos343_Cam01_RGB_MB\FieldPos343_Cam01_RGB_MB_page_10.png,0,FieldPos343_Cam01_RGB_MB,,dataset
pbs_imgs,D:\Dineth\focus_binary_benchmark\dataset\pbs_imgs\unfocused\FieldPos343_Cam01_RGB_MB\FieldPos343_Cam01_RGB_MB_page_11.png,0,FieldPos343_Cam01_RGB_MB,,dataset
pbs_imgs,D:\Dineth\focus_binary_benchmark\dataset\pbs_imgs\unfocused\FieldPos343_Cam01_RGB_MB\FieldPos343_Cam01_RGB_MB_page_12.png,0,FieldPos343_Cam01_RGB_MB,,dataset
pbs_imgs,D:\Dineth\focus_binary_benchmark\dataset\pbs_imgs\unfocused\FieldPos343_Cam01_RGB_MB\FieldPos343_Cam01_RGB_MB_page_13.png,0,FieldPos343_Cam01_RGB_MB,,dataset
pbs_imgs,D:\Dineth\focus_binary_benchmark\dataset\pbs_imgs\unfocused\FieldPos343_Cam01_RGB_MB\FieldPos343_Cam01_RGB_MB_page_14.png,0,FieldPos343_Cam01_RGB_MB,,dataset
pbs_imgs,D:\Dineth\focus_binary_benchmark\dataset\pbs_imgs\unfocused\FieldPos343_Cam01_RGB_MB\FieldPos343_Cam01_RGB_MB_page_15.png,0,FieldPos343_Cam01_RGB_MB,,dataset
pbs_imgs,D:\Dineth\focus_binary_benchmark\dataset\pbs_imgs\unfocused\FieldPos343_Cam01_RGB_MB\FieldPos343_Cam01_RGB_MB_page_2.png,0,FieldPos343_Cam01_RGB_MB,,dataset
pbs_imgs,D:\Dineth\focus_binary_benchmark\dataset\pbs_imgs\unfocused\FieldPos343_Cam01_RGB_MB\FieldPos343_Cam01_RGB_MB_page_3.png,0,FieldPos343_Cam01_RGB_MB,,dataset
pbs_imgs,D:\Dineth\focus_binary_benchmark\dataset\pbs_imgs\unfocused\FieldPos343_Cam01_RGB_MB\FieldPos343_Cam01_RGB_MB_page_4.png,0,FieldPos343_Cam01_RGB_MB,,dataset
pbs_imgs,D:\Dineth\focus_binary_benchmark\dataset\pbs_imgs\unfocused\FieldPos343_Cam01_RGB_MB\FieldPos343_Cam01_RGB_MB_page_5.png,0,FieldPos343_Cam01_RGB_MB,,dataset
pbs_imgs,D:\Dineth\focus_binary_benchmark\dataset\pbs_imgs\unfocused\FieldPos343_Cam01_RGB_MB\FieldPos343_Cam01_RGB_MB_page_6.png,0,FieldPos343_Cam01_RGB_MB,,dataset
pbs_imgs,D:\Dineth\focus_binary_benchmark\dataset\pbs_imgs\unfocused\FieldPos344_Cam01_RGB_MB\FieldPos344_Cam01_RGB_MB_page_12.png,0,FieldPos344_Cam01_RGB_MB,,dataset
pbs_imgs,D:\Dineth\focus_binary_benchmark\dataset\pbs_imgs\unfocused\FieldPos344_Cam01_RGB_MB\FieldPos344_Cam01_RGB_MB_page_13.png,0,FieldPos344_Cam01_RGB_MB,,dataset
pbs_imgs,D:\Dineth\focus_binary_benchmark\dataset\pbs_imgs\unfocused\FieldPos344_Cam01_RGB_MB\FieldPos344_Cam01_RGB_MB_page_14.png,0,FieldPos344_Cam01_RGB_MB,,dataset
pbs_imgs,D:\Dineth\focus_binary_benchmark\dataset\pbs_imgs\unfocused\FieldPos344_Cam01_RGB_MB\FieldPos344_Cam01_RGB_MB_page_15.png,0,FieldPos344_Cam01_RGB_MB,,dataset
pbs_imgs,D:\Dineth\focus_binary_benchmark\dataset\pbs_imgs\unfocused\FieldPos344_Cam01_RGB_MB\FieldPos344_Cam01_RGB_MB_page_2.png,0,FieldPos344_Cam01_RGB_MB,,dataset
pbs_imgs,D:\Dineth\focus_binary_benchmark\dataset\pbs_imgs\unfocused\FieldPos344_Cam01_RGB_MB\FieldPos344_Cam01_RGB_MB_page_3.png,0,FieldPos344_Cam01_RGB_MB,,dataset
pbs_imgs,D:\Dineth\focus_binary_benchmark\dataset\pbs_imgs\unfocused\FieldPos344_Cam01_RGB_MB\FieldPos344_Cam01_RGB_MB_page_4.png,0,FieldPos344_Cam01_RGB_MB,,dataset
pbs_imgs,D:\Dineth\focus_binary_benchmark\dataset\pbs_imgs\unfocused\FieldPos344_Cam01_RGB_MB\FieldPos344_Cam01_RGB_MB_page_5.png,0,FieldPos344_Cam01_RGB_MB,,dataset
pbs_imgs,D:\Dineth\focus_binary_benchmark\dataset\pbs_imgs\unfocused\FieldPos344_Cam01_RGB_MB\FieldPos344_Cam01_RGB_MB_page_6.png,0,FieldPos344_Cam01_RGB_MB,,dataset
pbs_imgs,D:\Dineth\focus_binary_benchmark\dataset\pbs_imgs\unfocused\FieldPos344_Cam01_RGB_MB\FieldPos344_Cam01_RGB_MB_page_7.png,0,FieldPos344_Cam01_RGB_MB,,dataset
pbs_imgs,D:\Dineth\focus_binary_benchmark\dataset\pbs_imgs\unfocused\FieldPos344_Cam01_RGB_MB\FieldPos344_Cam01_RGB_MB_page_8.png,0,FieldPos344_Cam01_RGB_MB,,dataset
pbs_imgs,D:\Dineth\focus_binary_benchmark\dataset\pbs_imgs\unfocused\FieldPos344_Cam01_RGB_MB\FieldPos344_Cam01_RGB_MB_page_9.png,0,FieldPos344_Cam01_RGB_MB,,dataset
pbs_imgs,D:\Dineth\focus_binary_benchmark\dataset\pbs_imgs\unfocused\FieldPos356_Cam01_RGB_MB\FieldPos356_Cam01_RGB_MB_page_1.png,0,FieldPos356_Cam01_RGB_MB,,dataset
pbs_imgs,D:\Dineth\focus_binary_benchmark\dataset\pbs_imgs\unfocused\FieldPos356_Cam01_RGB_MB\FieldPos356_Cam01_RGB_MB_page_10.png,0,FieldPos356_Cam01_RGB_MB,,dataset
pbs_imgs,D:\Dineth\focus_binary_benchmark\dataset\pbs_imgs\unfocused\FieldPos356_Cam01_RGB_MB\FieldPos356_Cam01_RGB_MB_page_11.png,0,FieldPos356_Cam01_RGB_MB,,dataset
pbs_imgs,D:\Dineth\focus_binary_benchmark\dataset\pbs_imgs\unfocused\FieldPos356_Cam01_RGB_MB\FieldPos356_Cam01_RGB_MB_page_12.png,0,FieldPos356_Cam01_RGB_MB,,dataset
pbs_imgs,D:\Dineth\focus_binary_benchmark\dataset\pbs_imgs\unfocused\FieldPos356_Cam01_RGB_MB\FieldPos356_Cam01_RGB_MB_page_13.png,0,FieldPos356_Cam01_RGB_MB,,dataset
pbs_imgs,D:\Dineth\focus_binary_benchmark\dataset\pbs_imgs\unfocused\FieldPos356_Cam01_RGB_MB\FieldPos356_Cam01_RGB_MB_page_14.png,0,FieldPos356_Cam01_RGB_MB,,dataset
pbs_imgs,D:\Dineth\focus_binary_benchmark\dataset\pbs_imgs\unfocused\FieldPos356_Cam01_RGB_MB\FieldPos356_Cam01_RGB_MB_page_15.png,0,FieldPos356_Cam01_RGB_MB,,dataset
pbs_imgs,D:\Dineth\focus_binary_benchmark\dataset\pbs_imgs\unfocused\FieldPos356_Cam01_RGB_MB\FieldPos356_Cam01_RGB_MB_page_2.png,0,FieldPos356_Cam01_RGB_MB,,dataset
pbs_imgs,D:\Dineth\focus_binary_benchmark\dataset\pbs_imgs\unfocused\FieldPos356_Cam01_RGB_MB\FieldPos356_Cam01_RGB_MB_page_6.png,0,FieldPos356_Cam01_RGB_MB,,dataset
pbs_imgs,D:\Dineth\focus_binary_benchmark\dataset\pbs_imgs\unfocused\FieldPos356_Cam01_RGB_MB\FieldPos356_Cam01_RGB_MB_page_7.png,0,FieldPos356_Cam01_RGB_MB,,dataset
pbs_imgs,D:\Dineth\focus_binary_benchmark\dataset\pbs_imgs\unfocused\FieldPos356_Cam01_RGB_MB\FieldPos356_Cam01_RGB_MB_page_8.png,0,FieldPos356_Cam01_RGB_MB,,dataset
pbs_imgs,D:\Dineth\focus_binary_benchmark\dataset\pbs_imgs\unfocused\FieldPos356_Cam01_RGB_MB\FieldPos356_Cam01_RGB_MB_page_9.png,0,FieldPos356_Cam01_RGB_MB,,dataset
pbs_imgs,D:\Dineth\focus_binary_benchmark\dataset\pbs_imgs\unfocused\FieldPos357_Cam01_RGB_MB\FieldPos357_Cam01_RGB_MB_page_1.png,0,FieldPos357_Cam01_RGB_MB,,dataset
pbs_imgs,D:\Dineth\focus_binary_benchmark\dataset\pbs_imgs\unfocused\FieldPos357_Cam01_RGB_MB\FieldPos357_Cam01_RGB_MB_page_10.png,0,FieldPos357_Cam01_RGB_MB,,dataset
pbs_imgs,D:\Dineth\focus_binary_benchmark\dataset\pbs_imgs\unfocused\FieldPos357_Cam01_RGB_MB\FieldPos357_Cam01_RGB_MB_page_11.png,0,FieldPos357_Cam01_RGB_MB,,dataset
pbs_imgs,D:\Dineth\focus_binary_benchmark\dataset\pbs_imgs\unfocused\FieldPos357_Cam01_RGB_MB\FieldPos357_Cam01_RGB_MB_page_12.png,0,FieldPos357_Cam01_RGB_MB,,dataset
pbs_imgs,D:\Dineth\focus_binary_benchmark\dataset\pbs_imgs\unfocused\FieldPos357_Cam01_RGB_MB\FieldPos357_Cam01_RGB_MB_page_13.png,0,FieldPos357_Cam01_RGB_MB,,dataset
pbs_imgs,D:\Dineth\focus_binary_benchmark\dataset\pbs_imgs\unfocused\FieldPos357_Cam01_RGB_MB\FieldPos357_Cam01_RGB_MB_page_14.png,0,FieldPos357_Cam01_RGB_MB,,dataset
pbs_imgs,D:\Dineth\focus_binary_benchmark\dataset\pbs_imgs\unfocused\FieldPos357_Cam01_RGB_MB\FieldPos357_Cam01_RGB_MB_page_15.png,0,FieldPos357_Cam01_RGB_MB,,dataset
pbs_imgs,D:\Dineth\focus_binary_benchmark\dataset\pbs_imgs\unfocused\FieldPos357_Cam01_RGB_MB\FieldPos357_Cam01_RGB_MB_page_2.png,0,FieldPos357_Cam01_RGB_MB,,dataset
pbs_imgs,D:\Dineth\focus_binary_benchmark\dataset\pbs_imgs\unfocused\FieldPos357_Cam01_RGB_MB\FieldPos357_Cam01_RGB_MB_page_6.png,0,FieldPos357_Cam01_RGB_MB,,dataset
pbs_imgs,D:\Dineth\focus_binary_benchmark\dataset\pbs_imgs\unfocused\FieldPos357_Cam01_RGB_MB\FieldPos357_Cam01_RGB_MB_page_7.png,0,FieldPos357_Cam01_RGB_MB,,dataset
pbs_imgs,D:\Dineth\focus_binary_benchmark\dataset\pbs_imgs\unfocused\FieldPos357_Cam01_RGB_MB\FieldPos357_Cam01_RGB_MB_page_8.png,0,FieldPos357_Cam01_RGB_MB,,dataset
pbs_imgs,D:\Dineth\focus_binary_benchmark\dataset\pbs_imgs\unfocused\FieldPos357_Cam01_RGB_MB\FieldPos357_Cam01_RGB_MB_page_9.png,0,FieldPos357_Cam01_RGB_MB,,dataset
pbs_imgs,D:\Dineth\focus_binary_benchmark\dataset\pbs_imgs\unfocused\FieldPos362_Cam01_RGB_MB\FieldPos362_Cam01_RGB_MB_page_1.png,0,FieldPos362_Cam01_RGB_MB,,dataset
pbs_imgs,D:\Dineth\focus_binary_benchmark\dataset\pbs_imgs\unfocused\FieldPos362_Cam01_RGB_MB\FieldPos362_Cam01_RGB_MB_page_10.png,0,FieldPos362_Cam01_RGB_MB,,dataset
pbs_imgs,D:\Dineth\focus_binary_benchmark\dataset\pbs_imgs\unfocused\FieldPos362_Cam01_RGB_MB\FieldPos362_Cam01_RGB_MB_page_11.png,0,FieldPos362_Cam01_RGB_MB,,dataset
pbs_imgs,D:\Dineth\focus_binary_benchmark\dataset\pbs_imgs\unfocused\FieldPos362_Cam01_RGB_MB\FieldPos362_Cam01_RGB_MB_page_12.png,0,FieldPos362_Cam01_RGB_MB,,dataset
pbs_imgs,D:\Dineth\focus_binary_benchmark\dataset\pbs_imgs\unfocused\FieldPos362_Cam01_RGB_MB\FieldPos362_Cam01_RGB_MB_page_13.png,0,FieldPos362_Cam01_RGB_MB,,dataset
pbs_imgs,D:\Dineth\focus_binary_benchmark\dataset\pbs_imgs\unfocused\FieldPos362_Cam01_RGB_MB\FieldPos362_Cam01_RGB_MB_page_14.png,0,FieldPos362_Cam01_RGB_MB,,dataset
pbs_imgs,D:\Dineth\focus_binary_benchmark\dataset\pbs_imgs\unfocused\FieldPos362_Cam01_RGB_MB\FieldPos362_Cam01_RGB_MB_page_15.png,0,FieldPos362_Cam01_RGB_MB,,dataset
pbs_imgs,D:\Dineth\focus_binary_benchmark\dataset\pbs_imgs\unfocused\FieldPos362_Cam01_RGB_MB\FieldPos362_Cam01_RGB_MB_page_2.png,0,FieldPos362_Cam01_RGB_MB,,dataset
pbs_imgs,D:\Dineth\focus_binary_benchmark\dataset\pbs_imgs\unfocused\FieldPos362_Cam01_RGB_MB\FieldPos362_Cam01_RGB_MB_page_6.png,0,FieldPos362_Cam01_RGB_MB,,dataset
pbs_imgs,D:\Dineth\focus_binary_benchmark\dataset\pbs_imgs\unfocused\FieldPos362_Cam01_RGB_MB\FieldPos362_Cam01_RGB_MB_page_7.png,0,FieldPos362_Cam01_RGB_MB,,dataset
pbs_imgs,D:\Dineth\focus_binary_benchmark\dataset\pbs_imgs\unfocused\FieldPos362_Cam01_RGB_MB\FieldPos362_Cam01_RGB_MB_page_8.png,0,FieldPos362_Cam01_RGB_MB,,dataset
pbs_imgs,D:\Dineth\focus_binary_benchmark\dataset\pbs_imgs\unfocused\FieldPos362_Cam01_RGB_MB\FieldPos362_Cam01_RGB_MB_page_9.png,0,FieldPos362_Cam01_RGB_MB,,dataset
pbs_imgs,D:\Dineth\focus_binary_benchmark\dataset\pbs_imgs\unfocused\FieldPos363_Cam01_RGB_MB\FieldPos363_Cam01_RGB_MB_page_1.png,0,FieldPos363_Cam01_RGB_MB,,dataset
pbs_imgs,D:\Dineth\focus_binary_benchmark\dataset\pbs_imgs\unfocused\FieldPos363_Cam01_RGB_MB\FieldPos363_Cam01_RGB_MB_page_10.png,0,FieldPos363_Cam01_RGB_MB,,dataset
pbs_imgs,D:\Dineth\focus_binary_benchmark\dataset\pbs_imgs\unfocused\FieldPos363_Cam01_RGB_MB\FieldPos363_Cam01_RGB_MB_page_11.png,0,FieldPos363_Cam01_RGB_MB,,dataset
pbs_imgs,D:\Dineth\focus_binary_benchmark\dataset\pbs_imgs\unfocused\FieldPos363_Cam01_RGB_MB\FieldPos363_Cam01_RGB_MB_page_12.png,0,FieldPos363_Cam01_RGB_MB,,dataset
pbs_imgs,D:\Dineth\focus_binary_benchmark\dataset\pbs_imgs\unfocused\FieldPos363_Cam01_RGB_MB\FieldPos363_Cam01_RGB_MB_page_13.png,0,FieldPos363_Cam01_RGB_MB,,dataset
pbs_imgs,D:\Dineth\focus_binary_benchmark\dataset\pbs_imgs\unfocused\FieldPos363_Cam01_RGB_MB\FieldPos363_Cam01_RGB_MB_page_14.png,0,FieldPos363_Cam01_RGB_MB,,dataset
pbs_imgs,D:\Dineth\focus_binary_benchmark\dataset\pbs_imgs\unfocused\FieldPos363_Cam01_RGB_MB\FieldPos363_Cam01_RGB_MB_page_15.png,0,FieldPos363_Cam01_RGB_MB,,dataset
pbs_imgs,D:\Dineth\focus_binary_benchmark\dataset\pbs_imgs\unfocused\FieldPos363_Cam01_RGB_MB\FieldPos363_Cam01_RGB_MB_page_2.png,0,FieldPos363_Cam01_RGB_MB,,dataset
pbs_imgs,D:\Dineth\focus_binary_benchmark\dataset\pbs_imgs\unfocused\FieldPos363_Cam01_RGB_MB\FieldPos363_Cam01_RGB_MB_page_6.png,0,FieldPos363_Cam01_RGB_MB,,dataset
pbs_imgs,D:\Dineth\focus_binary_benchmark\dataset\pbs_imgs\unfocused\FieldPos363_Cam01_RGB_MB\FieldPos363_Cam01_RGB_MB_page_7.png,0,FieldPos363_Cam01_RGB_MB,,dataset
pbs_imgs,D:\Dineth\focus_binary_benchmark\dataset\pbs_imgs\unfocused\FieldPos363_Cam01_RGB_MB\FieldPos363_Cam01_RGB_MB_page_8.png,0,FieldPos363_Cam01_RGB_MB,,dataset
pbs_imgs,D:\Dineth\focus_binary_benchmark\dataset\pbs_imgs\unfocused\FieldPos363_Cam01_RGB_MB\FieldPos363_Cam01_RGB_MB_page_9.png,0,FieldPos363_Cam01_RGB_MB,,dataset
pbs_imgs,D:\Dineth\focus_binary_benchmark\dataset\pbs_imgs\unfocused\FieldPos374_Cam01_RGB_MB\FieldPos374_Cam01_RGB_MB_page_12.png,0,FieldPos374_Cam01_RGB_MB,,dataset
pbs_imgs,D:\Dineth\focus_binary_benchmark\dataset\pbs_imgs\unfocused\FieldPos374_Cam01_RGB_MB\FieldPos374_Cam01_RGB_MB_page_13.png,0,FieldPos374_Cam01_RGB_MB,,dataset
pbs_imgs,D:\Dineth\focus_binary_benchmark\dataset\pbs_imgs\unfocused\FieldPos374_Cam01_RGB_MB\FieldPos374_Cam01_RGB_MB_page_14.png,0,FieldPos374_Cam01_RGB_MB,,dataset
pbs_imgs,D:\Dineth\focus_binary_benchmark\dataset\pbs_imgs\unfocused\FieldPos374_Cam01_RGB_MB\FieldPos374_Cam01_RGB_MB_page_15.png,0,FieldPos374_Cam01_RGB_MB,,dataset
pbs_imgs,D:\Dineth\focus_binary_benchmark\dataset\pbs_imgs\unfocused\FieldPos374_Cam01_RGB_MB\FieldPos374_Cam01_RGB_MB_page_2.png,0,FieldPos374_Cam01_RGB_MB,,dataset
pbs_imgs,D:\Dineth\focus_binary_benchmark\dataset\pbs_imgs\unfocused\FieldPos374_Cam01_RGB_MB\FieldPos374_Cam01_RGB_MB_page_3.png,0,FieldPos374_Cam01_RGB_MB,,dataset
pbs_imgs,D:\Dineth\focus_binary_benchmark\dataset\pbs_imgs\unfocused\FieldPos374_Cam01_RGB_MB\FieldPos374_Cam01_RGB_MB_page_4.png,0,FieldPos374_Cam01_RGB_MB,,dataset
pbs_imgs,D:\Dineth\focus_binary_benchmark\dataset\pbs_imgs\unfocused\FieldPos374_Cam01_RGB_MB\FieldPos374_Cam01_RGB_MB_page_5.png,0,FieldPos374_Cam01_RGB_MB,,dataset
pbs_imgs,D:\Dineth\focus_binary_benchmark\dataset\pbs_imgs\unfocused\FieldPos374_Cam01_RGB_MB\FieldPos374_Cam01_RGB_MB_page_6.png,0,FieldPos374_Cam01_RGB_MB,,dataset
pbs_imgs,D:\Dineth\focus_binary_benchmark\dataset\pbs_imgs\unfocused\FieldPos374_Cam01_RGB_MB\FieldPos374_Cam01_RGB_MB_page_7.png,0,FieldPos374_Cam01_RGB_MB,,dataset
pbs_imgs,D:\Dineth\focus_binary_benchmark\dataset\pbs_imgs\unfocused\FieldPos374_Cam01_RGB_MB\FieldPos374_Cam01_RGB_MB_page_8.png,0,FieldPos374_Cam01_RGB_MB,,dataset
pbs_imgs,D:\Dineth\focus_binary_benchmark\dataset\pbs_imgs\unfocused\FieldPos374_Cam01_RGB_MB\FieldPos374_Cam01_RGB_MB_page_9.png,0,FieldPos374_Cam01_RGB_MB,,dataset
pbs_imgs,D:\Dineth\focus_binary_benchmark\dataset\pbs_imgs\unfocused\FieldPos375_Cam01_RGB_MB\FieldPos375_Cam01_RGB_MB_page_12.png,0,FieldPos375_Cam01_RGB_MB,,dataset
pbs_imgs,D:\Dineth\focus_binary_benchmark\dataset\pbs_imgs\unfocused\FieldPos375_Cam01_RGB_MB\FieldPos375_Cam01_RGB_MB_page_13.png,0,FieldPos375_Cam01_RGB_MB,,dataset
pbs_imgs,D:\Dineth\focus_binary_benchmark\dataset\pbs_imgs\unfocused\FieldPos375_Cam01_RGB_MB\FieldPos375_Cam01_RGB_MB_page_14.png,0,FieldPos375_Cam01_RGB_MB,,dataset
pbs_imgs,D:\Dineth\focus_binary_benchmark\dataset\pbs_imgs\unfocused\FieldPos375_Cam01_RGB_MB\FieldPos375_Cam01_RGB_MB_page_15.png,0,FieldPos375_Cam01_RGB_MB,,dataset
pbs_imgs,D:\Dineth\focus_binary_benchmark\dataset\pbs_imgs\unfocused\FieldPos375_Cam01_RGB_MB\FieldPos375_Cam01_RGB_MB_page_2.png,0,FieldPos375_Cam01_RGB_MB,,dataset
pbs_imgs,D:\Dineth\focus_binary_benchmark\dataset\pbs_imgs\unfocused\FieldPos375_Cam01_RGB_MB\FieldPos375_Cam01_RGB_MB_page_3.png,0,FieldPos375_Cam01_RGB_MB,,dataset
pbs_imgs,D:\Dineth\focus_binary_benchmark\dataset\pbs_imgs\unfocused\FieldPos375_Cam01_RGB_MB\FieldPos375_Cam01_RGB_MB_page_4.png,0,FieldPos375_Cam01_RGB_MB,,dataset
pbs_imgs,D:\Dineth\focus_binary_benchmark\dataset\pbs_imgs\unfocused\FieldPos375_Cam01_RGB_MB\FieldPos375_Cam01_RGB_MB_page_5.png,0,FieldPos375_Cam01_RGB_MB,,dataset
pbs_imgs,D:\Dineth\focus_binary_benchmark\dataset\pbs_imgs\unfocused\FieldPos375_Cam01_RGB_MB\FieldPos375_Cam01_RGB_MB_page_6.png,0,FieldPos375_Cam01_RGB_MB,,dataset
pbs_imgs,D:\Dineth\focus_binary_benchmark\dataset\pbs_imgs\unfocused\FieldPos375_Cam01_RGB_MB\FieldPos375_Cam01_RGB_MB_page_7.png,0,FieldPos375_Cam01_RGB_MB,,dataset
pbs_imgs,D:\Dineth\focus_binary_benchmark\dataset\pbs_imgs\unfocused\FieldPos375_Cam01_RGB_MB\FieldPos375_Cam01_RGB_MB_page_8.png,0,FieldPos375_Cam01_RGB_MB,,dataset
pbs_imgs,D:\Dineth\focus_binary_benchmark\dataset\pbs_imgs\unfocused\FieldPos375_Cam01_RGB_MB\FieldPos375_Cam01_RGB_MB_page_9.png,0,FieldPos375_Cam01_RGB_MB,,dataset
pbs_imgs,D:\Dineth\focus_binary_benchmark\dataset\pbs_imgs\unfocused\FieldPos384_Cam01_RGB_MB\FieldPos384_Cam01_RGB_MB_page_1.png,0,FieldPos384_Cam01_RGB_MB,,dataset
pbs_imgs,D:\Dineth\focus_binary_benchmark\dataset\pbs_imgs\unfocused\FieldPos384_Cam01_RGB_MB\FieldPos384_Cam01_RGB_MB_page_13.png,0,FieldPos384_Cam01_RGB_MB,,dataset
pbs_imgs,D:\Dineth\focus_binary_benchmark\dataset\pbs_imgs\unfocused\FieldPos384_Cam01_RGB_MB\FieldPos384_Cam01_RGB_MB_page_14.png,0,FieldPos384_Cam01_RGB_MB,,dataset
pbs_imgs,D:\Dineth\focus_binary_benchmark\dataset\pbs_imgs\unfocused\FieldPos384_Cam01_RGB_MB\FieldPos384_Cam01_RGB_MB_page_15.png,0,FieldPos384_Cam01_RGB_MB,,dataset
pbs_imgs,D:\Dineth\focus_binary_benchmark\dataset\pbs_imgs\unfocused\FieldPos384_Cam01_RGB_MB\FieldPos384_Cam01_RGB_MB_page_2.png,0,FieldPos384_Cam01_RGB_MB,,dataset
pbs_imgs,D:\Dineth\focus_binary_benchmark\dataset\pbs_imgs\unfocused\FieldPos384_Cam01_RGB_MB\FieldPos384_Cam01_RGB_MB_page_3.png,0,FieldPos384_Cam01_RGB_MB,,dataset
pbs_imgs,D:\Dineth\focus_binary_benchmark\dataset\pbs_imgs\unfocused\FieldPos384_Cam01_RGB_MB\FieldPos384_Cam01_RGB_MB_page_4.png,0,FieldPos384_Cam01_RGB_MB,,dataset
pbs_imgs,D:\Dineth\focus_binary_benchmark\dataset\pbs_imgs\unfocused\FieldPos384_Cam01_RGB_MB\FieldPos384_Cam01_RGB_MB_page_5.png,0,FieldPos384_Cam01_RGB_MB,,dataset
pbs_imgs,D:\Dineth\focus_binary_benchmark\dataset\pbs_imgs\unfocused\FieldPos384_Cam01_RGB_MB\FieldPos384_Cam01_RGB_MB_page_6.png,0,FieldPos384_Cam01_RGB_MB,,dataset
pbs_imgs,D:\Dineth\focus_binary_benchmark\dataset\pbs_imgs\unfocused\FieldPos384_Cam01_RGB_MB\FieldPos384_Cam01_RGB_MB_page_7.png,0,FieldPos384_Cam01_RGB_MB,,dataset
pbs_imgs,D:\Dineth\focus_binary_benchmark\dataset\pbs_imgs\unfocused\FieldPos384_Cam01_RGB_MB\FieldPos384_Cam01_RGB_MB_page_8.png,0,FieldPos384_Cam01_RGB_MB,,dataset
pbs_imgs,D:\Dineth\focus_binary_benchmark\dataset\pbs_imgs\unfocused\FieldPos384_Cam01_RGB_MB\FieldPos384_Cam01_RGB_MB_page_9.png,0,FieldPos384_Cam01_RGB_MB,,dataset
pbs_imgs,D:\Dineth\focus_binary_benchmark\dataset\pbs_imgs\unfocused\FieldPos385_Cam01_RGB_MB\FieldPos385_Cam01_RGB_MB_page_1.png,0,FieldPos385_Cam01_RGB_MB,,dataset
pbs_imgs,D:\Dineth\focus_binary_benchmark\dataset\pbs_imgs\unfocused\FieldPos385_Cam01_RGB_MB\FieldPos385_Cam01_RGB_MB_page_10.png,0,FieldPos385_Cam01_RGB_MB,,dataset
pbs_imgs,D:\Dineth\focus_binary_benchmark\dataset\pbs_imgs\unfocused\FieldPos385_Cam01_RGB_MB\FieldPos385_Cam01_RGB_MB_page_11.png,0,FieldPos385_Cam01_RGB_MB,,dataset
pbs_imgs,D:\Dineth\focus_binary_benchmark\dataset\pbs_imgs\unfocused\FieldPos385_Cam01_RGB_MB\FieldPos385_Cam01_RGB_MB_page_12.png,0,FieldPos385_Cam01_RGB_MB,,dataset
pbs_imgs,D:\Dineth\focus_binary_benchmark\dataset\pbs_imgs\unfocused\FieldPos385_Cam01_RGB_MB\FieldPos385_Cam01_RGB_MB_page_13.png,0,FieldPos385_Cam01_RGB_MB,,dataset
pbs_imgs,D:\Dineth\focus_binary_benchmark\dataset\pbs_imgs\unfocused\FieldPos385_Cam01_RGB_MB\FieldPos385_Cam01_RGB_MB_page_14.png,0,FieldPos385_Cam01_RGB_MB,,dataset
pbs_imgs,D:\Dineth\focus_binary_benchmark\dataset\pbs_imgs\unfocused\FieldPos385_Cam01_RGB_MB\FieldPos385_Cam01_RGB_MB_page_15.png,0,FieldPos385_Cam01_RGB_MB,,dataset
pbs_imgs,D:\Dineth\focus_binary_benchmark\dataset\pbs_imgs\unfocused\FieldPos385_Cam01_RGB_MB\FieldPos385_Cam01_RGB_MB_page_2.png,0,FieldPos385_Cam01_RGB_MB,,dataset
pbs_imgs,D:\Dineth\focus_binary_benchmark\dataset\pbs_imgs\unfocused\FieldPos385_Cam01_RGB_MB\FieldPos385_Cam01_RGB_MB_page_3.png,0,FieldPos385_Cam01_RGB_MB,,dataset
pbs_imgs,D:\Dineth\focus_binary_benchmark\dataset\pbs_imgs\unfocused\FieldPos385_Cam01_RGB_MB\FieldPos385_Cam01_RGB_MB_page_4.png,0,FieldPos385_Cam01_RGB_MB,,dataset
pbs_imgs,D:\Dineth\focus_binary_benchmark\dataset\pbs_imgs\unfocused\FieldPos385_Cam01_RGB_MB\FieldPos385_Cam01_RGB_MB_page_5.png,0,FieldPos385_Cam01_RGB_MB,,dataset
pbs_imgs,D:\Dineth\focus_binary_benchmark\dataset\pbs_imgs\unfocused\FieldPos385_Cam01_RGB_MB\FieldPos385_Cam01_RGB_MB_page_6.png,0,FieldPos385_Cam01_RGB_MB,,dataset
pbs_imgs,D:\Dineth\focus_binary_benchmark\dataset\pbs_imgs\unfocused\FieldPos386_Cam01_RGB_MB\FieldPos386_Cam01_RGB_MB_page_1.png,0,FieldPos386_Cam01_RGB_MB,,dataset
pbs_imgs,D:\Dineth\focus_binary_benchmark\dataset\pbs_imgs\unfocused\FieldPos386_Cam01_RGB_MB\FieldPos386_Cam01_RGB_MB_page_10.png,0,FieldPos386_Cam01_RGB_MB,,dataset
pbs_imgs,D:\Dineth\focus_binary_benchmark\dataset\pbs_imgs\unfocused\FieldPos386_Cam01_RGB_MB\FieldPos386_Cam01_RGB_MB_page_11.png,0,FieldPos386_Cam01_RGB_MB,,dataset
pbs_imgs,D:\Dineth\focus_binary_benchmark\dataset\pbs_imgs\unfocused\FieldPos386_Cam01_RGB_MB\FieldPos386_Cam01_RGB_MB_page_12.png,0,FieldPos386_Cam01_RGB_MB,,dataset
pbs_imgs,D:\Dineth\focus_binary_benchmark\dataset\pbs_imgs\unfocused\FieldPos386_Cam01_RGB_MB\FieldPos386_Cam01_RGB_MB_page_13.png,0,FieldPos386_Cam01_RGB_MB,,dataset
pbs_imgs,D:\Dineth\focus_binary_benchmark\dataset\pbs_imgs\unfocused\FieldPos386_Cam01_RGB_MB\FieldPos386_Cam01_RGB_MB_page_14.png,0,FieldPos386_Cam01_RGB_MB,,dataset
pbs_imgs,D:\Dineth\focus_binary_benchmark\dataset\pbs_imgs\unfocused\FieldPos386_Cam01_RGB_MB\FieldPos386_Cam01_RGB_MB_page_15.png,0,FieldPos386_Cam01_RGB_MB,,dataset
pbs_imgs,D:\Dineth\focus_binary_benchmark\dataset\pbs_imgs\unfocused\FieldPos386_Cam01_RGB_MB\FieldPos386_Cam01_RGB_MB_page_2.png,0,FieldPos386_Cam01_RGB_MB,,dataset
pbs_imgs,D:\Dineth\focus_binary_benchmark\dataset\pbs_imgs\unfocused\FieldPos386_Cam01_RGB_MB\FieldPos386_Cam01_RGB_MB_page_3.png,0,FieldPos386_Cam01_RGB_MB,,dataset
pbs_imgs,D:\Dineth\focus_binary_benchmark\dataset\pbs_imgs\unfocused\FieldPos386_Cam01_RGB_MB\FieldPos386_Cam01_RGB_MB_page_4.png,0,FieldPos386_Cam01_RGB_MB,,dataset
pbs_imgs,D:\Dineth\focus_binary_benchmark\dataset\pbs_imgs\unfocused\FieldPos386_Cam01_RGB_MB\FieldPos386_Cam01_RGB_MB_page_5.png,0,FieldPos386_Cam01_RGB_MB,,dataset
pbs_imgs,D:\Dineth\focus_binary_benchmark\dataset\pbs_imgs\unfocused\FieldPos386_Cam01_RGB_MB\FieldPos386_Cam01_RGB_MB_page_6.png,0,FieldPos386_Cam01_RGB_MB,,dataset
pbs_imgs,D:\Dineth\focus_binary_benchmark\dataset\pbs_imgs\unfocused\FieldPos395_Cam01_RGB_MB\FieldPos395_Cam01_RGB_MB_page_1.png,0,FieldPos395_Cam01_RGB_MB,,dataset
pbs_imgs,D:\Dineth\focus_binary_benchmark\dataset\pbs_imgs\unfocused\FieldPos395_Cam01_RGB_MB\FieldPos395_Cam01_RGB_MB_page_10.png,0,FieldPos395_Cam01_RGB_MB,,dataset
pbs_imgs,D:\Dineth\focus_binary_benchmark\dataset\pbs_imgs\unfocused\FieldPos395_Cam01_RGB_MB\FieldPos395_Cam01_RGB_MB_page_11.png,0,FieldPos395_Cam01_RGB_MB,,dataset
pbs_imgs,D:\Dineth\focus_binary_benchmark\dataset\pbs_imgs\unfocused\FieldPos395_Cam01_RGB_MB\FieldPos395_Cam01_RGB_MB_page_12.png,0,FieldPos395_Cam01_RGB_MB,,dataset
pbs_imgs,D:\Dineth\focus_binary_benchmark\dataset\pbs_imgs\unfocused\FieldPos395_Cam01_RGB_MB\FieldPos395_Cam01_RGB_MB_page_13.png,0,FieldPos395_Cam01_RGB_MB,,dataset
pbs_imgs,D:\Dineth\focus_binary_benchmark\dataset\pbs_imgs\unfocused\FieldPos395_Cam01_RGB_MB\FieldPos395_Cam01_RGB_MB_page_14.png,0,FieldPos395_Cam01_RGB_MB,,dataset
pbs_imgs,D:\Dineth\focus_binary_benchmark\dataset\pbs_imgs\unfocused\FieldPos395_Cam01_RGB_MB\FieldPos395_Cam01_RGB_MB_page_15.png,0,FieldPos395_Cam01_RGB_MB,,dataset
pbs_imgs,D:\Dineth\focus_binary_benchmark\dataset\pbs_imgs\unfocused\FieldPos395_Cam01_RGB_MB\FieldPos395_Cam01_RGB_MB_page_5.png,0,FieldPos395_Cam01_RGB_MB,,dataset
pbs_imgs,D:\Dineth\focus_binary_benchmark\dataset\pbs_imgs\unfocused\FieldPos395_Cam01_RGB_MB\FieldPos395_Cam01_RGB_MB_page_6.png,0,FieldPos395_Cam01_RGB_MB,,dataset
pbs_imgs,D:\Dineth\focus_binary_benchmark\dataset\pbs_imgs\unfocused\FieldPos395_Cam01_RGB_MB\FieldPos395_Cam01_RGB_MB_page_7.png,0,FieldPos395_Cam01_RGB_MB,,dataset
pbs_imgs,D:\Dineth\focus_binary_benchmark\dataset\pbs_imgs\unfocused\FieldPos395_Cam01_RGB_MB\FieldPos395_Cam01_RGB_MB_page_8.png,0,FieldPos395_Cam01_RGB_MB,,dataset
pbs_imgs,D:\Dineth\focus_binary_benchmark\dataset\pbs_imgs\unfocused\FieldPos395_Cam01_RGB_MB\FieldPos395_Cam01_RGB_MB_page_9.png,0,FieldPos395_Cam01_RGB_MB,,dataset
pbs_imgs,D:\Dineth\focus_binary_benchmark\dataset\pbs_imgs\unfocused\FieldPos396_Cam01_RGB_MB\FieldPos396_Cam01_RGB_MB_page_1.png,0,FieldPos396_Cam01_RGB_MB,,dataset
pbs_imgs,D:\Dineth\focus_binary_benchmark\dataset\pbs_imgs\unfocused\FieldPos396_Cam01_RGB_MB\FieldPos396_Cam01_RGB_MB_page_10.png,0,FieldPos396_Cam01_RGB_MB,,dataset
pbs_imgs,D:\Dineth\focus_binary_benchmark\dataset\pbs_imgs\unfocused\FieldPos396_Cam01_RGB_MB\FieldPos396_Cam01_RGB_MB_page_11.png,0,FieldPos396_Cam01_RGB_MB,,dataset
pbs_imgs,D:\Dineth\focus_binary_benchmark\dataset\pbs_imgs\unfocused\FieldPos396_Cam01_RGB_MB\FieldPos396_Cam01_RGB_MB_page_12.png,0,FieldPos396_Cam01_RGB_MB,,dataset
pbs_imgs,D:\Dineth\focus_binary_benchmark\dataset\pbs_imgs\unfocused\FieldPos396_Cam01_RGB_MB\FieldPos396_Cam01_RGB_MB_page_13.png,0,FieldPos396_Cam01_RGB_MB,,dataset
pbs_imgs,D:\Dineth\focus_binary_benchmark\dataset\pbs_imgs\unfocused\FieldPos396_Cam01_RGB_MB\FieldPos396_Cam01_RGB_MB_page_14.png,0,FieldPos396_Cam01_RGB_MB,,dataset
pbs_imgs,D:\Dineth\focus_binary_benchmark\dataset\pbs_imgs\unfocused\FieldPos396_Cam01_RGB_MB\FieldPos396_Cam01_RGB_MB_page_15.png,0,FieldPos396_Cam01_RGB_MB,,dataset
pbs_imgs,D:\Dineth\focus_binary_benchmark\dataset\pbs_imgs\unfocused\FieldPos396_Cam01_RGB_MB\FieldPos396_Cam01_RGB_MB_page_5.png,0,FieldPos396_Cam01_RGB_MB,,dataset
pbs_imgs,D:\Dineth\focus_binary_benchmark\dataset\pbs_imgs\unfocused\FieldPos396_Cam01_RGB_MB\FieldPos396_Cam01_RGB_MB_page_6.png,0,FieldPos396_Cam01_RGB_MB,,dataset
pbs_imgs,D:\Dineth\focus_binary_benchmark\dataset\pbs_imgs\unfocused\FieldPos396_Cam01_RGB_MB\FieldPos396_Cam01_RGB_MB_page_7.png,0,FieldPos396_Cam01_RGB_MB,,dataset
pbs_imgs,D:\Dineth\focus_binary_benchmark\dataset\pbs_imgs\unfocused\FieldPos396_Cam01_RGB_MB\FieldPos396_Cam01_RGB_MB_page_8.png,0,FieldPos396_Cam01_RGB_MB,,dataset
pbs_imgs,D:\Dineth\focus_binary_benchmark\dataset\pbs_imgs\unfocused\FieldPos396_Cam01_RGB_MB\FieldPos396_Cam01_RGB_MB_page_9.png,0,FieldPos396_Cam01_RGB_MB,,dataset
pbs_imgs,D:\Dineth\focus_binary_benchmark\dataset\pbs_imgs\unfocused\FieldPos404_Cam01_RGB_MB\FieldPos404_Cam01_RGB_MB_page_1.png,0,FieldPos404_Cam01_RGB_MB,,dataset
pbs_imgs,D:\Dineth\focus_binary_benchmark\dataset\pbs_imgs\unfocused\FieldPos404_Cam01_RGB_MB\FieldPos404_Cam01_RGB_MB_page_10.png,0,FieldPos404_Cam01_RGB_MB,,dataset
pbs_imgs,D:\Dineth\focus_binary_benchmark\dataset\pbs_imgs\unfocused\FieldPos404_Cam01_RGB_MB\FieldPos404_Cam01_RGB_MB_page_11.png,0,FieldPos404_Cam01_RGB_MB,,dataset
pbs_imgs,D:\Dineth\focus_binary_benchmark\dataset\pbs_imgs\unfocused\FieldPos404_Cam01_RGB_MB\FieldPos404_Cam01_RGB_MB_page_12.png,0,FieldPos404_Cam01_RGB_MB,,dataset
pbs_imgs,D:\Dineth\focus_binary_benchmark\dataset\pbs_imgs\unfocused\FieldPos404_Cam01_RGB_MB\FieldPos404_Cam01_RGB_MB_page_13.png,0,FieldPos404_Cam01_RGB_MB,,dataset
pbs_imgs,D:\Dineth\focus_binary_benchmark\dataset\pbs_imgs\unfocused\FieldPos404_Cam01_RGB_MB\FieldPos404_Cam01_RGB_MB_page_14.png,0,FieldPos404_Cam01_RGB_MB,,dataset
pbs_imgs,D:\Dineth\focus_binary_benchmark\dataset\pbs_imgs\unfocused\FieldPos404_Cam01_RGB_MB\FieldPos404_Cam01_RGB_MB_page_4.png,0,FieldPos404_Cam01_RGB_MB,,dataset
pbs_imgs,D:\Dineth\focus_binary_benchmark\dataset\pbs_imgs\unfocused\FieldPos404_Cam01_RGB_MB\FieldPos404_Cam01_RGB_MB_page_5.png,0,FieldPos404_Cam01_RGB_MB,,dataset
pbs_imgs,D:\Dineth\focus_binary_benchmark\dataset\pbs_imgs\unfocused\FieldPos404_Cam01_RGB_MB\FieldPos404_Cam01_RGB_MB_page_6.png,0,FieldPos404_Cam01_RGB_MB,,dataset
pbs_imgs,D:\Dineth\focus_binary_benchmark\dataset\pbs_imgs\unfocused\FieldPos404_Cam01_RGB_MB\FieldPos404_Cam01_RGB_MB_page_7.png,0,FieldPos404_Cam01_RGB_MB,,dataset
pbs_imgs,D:\Dineth\focus_binary_benchmark\dataset\pbs_imgs\unfocused\FieldPos404_Cam01_RGB_MB\FieldPos404_Cam01_RGB_MB_page_8.png,0,FieldPos404_Cam01_RGB_MB,,dataset
pbs_imgs,D:\Dineth\focus_binary_benchmark\dataset\pbs_imgs\unfocused\FieldPos404_Cam01_RGB_MB\FieldPos404_Cam01_RGB_MB_page_9.png,0,FieldPos404_Cam01_RGB_MB,,dataset
pbs_imgs,D:\Dineth\focus_binary_benchmark\dataset\pbs_imgs\unfocused\FieldPos409_Cam01_RGB_MB\FieldPos409_Cam01_RGB_MB_page_1.png,0,FieldPos409_Cam01_RGB_MB,,dataset
pbs_imgs,D:\Dineth\focus_binary_benchmark\dataset\pbs_imgs\unfocused\FieldPos409_Cam01_RGB_MB\FieldPos409_Cam01_RGB_MB_page_10.png,0,FieldPos409_Cam01_RGB_MB,,dataset
pbs_imgs,D:\Dineth\focus_binary_benchmark\dataset\pbs_imgs\unfocused\FieldPos409_Cam01_RGB_MB\FieldPos409_Cam01_RGB_MB_page_11.png,0,FieldPos409_Cam01_RGB_MB,,dataset
pbs_imgs,D:\Dineth\focus_binary_benchmark\dataset\pbs_imgs\unfocused\FieldPos409_Cam01_RGB_MB\FieldPos409_Cam01_RGB_MB_page_12.png,0,FieldPos409_Cam01_RGB_MB,,dataset
pbs_imgs,D:\Dineth\focus_binary_benchmark\dataset\pbs_imgs\unfocused\FieldPos409_Cam01_RGB_MB\FieldPos409_Cam01_RGB_MB_page_13.png,0,FieldPos409_Cam01_RGB_MB,,dataset
pbs_imgs,D:\Dineth\focus_binary_benchmark\dataset\pbs_imgs\unfocused\FieldPos409_Cam01_RGB_MB\FieldPos409_Cam01_RGB_MB_page_14.png,0,FieldPos409_Cam01_RGB_MB,,dataset
pbs_imgs,D:\Dineth\focus_binary_benchmark\dataset\pbs_imgs\unfocused\FieldPos409_Cam01_RGB_MB\FieldPos409_Cam01_RGB_MB_page_15.png,0,FieldPos409_Cam01_RGB_MB,,dataset
pbs_imgs,D:\Dineth\focus_binary_benchmark\dataset\pbs_imgs\unfocused\FieldPos409_Cam01_RGB_MB\FieldPos409_Cam01_RGB_MB_page_2.png,0,FieldPos409_Cam01_RGB_MB,,dataset
pbs_imgs,D:\Dineth\focus_binary_benchmark\dataset\pbs_imgs\unfocused\FieldPos409_Cam01_RGB_MB\FieldPos409_Cam01_RGB_MB_page_3.png,0,FieldPos409_Cam01_RGB_MB,,dataset
pbs_imgs,D:\Dineth\focus_binary_benchmark\dataset\pbs_imgs\unfocused\FieldPos409_Cam01_RGB_MB\FieldPos409_Cam01_RGB_MB_page_4.png,0,FieldPos409_Cam01_RGB_MB,,dataset
pbs_imgs,D:\Dineth\focus_binary_benchmark\dataset\pbs_imgs\unfocused\FieldPos409_Cam01_RGB_MB\FieldPos409_Cam01_RGB_MB_page_8.png,0,FieldPos409_Cam01_RGB_MB,,dataset
pbs_imgs,D:\Dineth\focus_binary_benchmark\dataset\pbs_imgs\unfocused\FieldPos409_Cam01_RGB_MB\FieldPos409_Cam01_RGB_MB_page_9.png,0,FieldPos409_Cam01_RGB_MB,,dataset
pbs_imgs,D:\Dineth\focus_binary_benchmark\dataset\pbs_imgs\unfocused\FieldPos411_Cam01_RGB_MB\FieldPos411_Cam01_RGB_MB_page_1.png,0,FieldPos411_Cam01_RGB_MB,,dataset
pbs_imgs,D:\Dineth\focus_binary_benchmark\dataset\pbs_imgs\unfocused\FieldPos411_Cam01_RGB_MB\FieldPos411_Cam01_RGB_MB_page_10.png,0,FieldPos411_Cam01_RGB_MB,,dataset
pbs_imgs,D:\Dineth\focus_binary_benchmark\dataset\pbs_imgs\unfocused\FieldPos411_Cam01_RGB_MB\FieldPos411_Cam01_RGB_MB_page_11.png,0,FieldPos411_Cam01_RGB_MB,,dataset
pbs_imgs,D:\Dineth\focus_binary_benchmark\dataset\pbs_imgs\unfocused\FieldPos411_Cam01_RGB_MB\FieldPos411_Cam01_RGB_MB_page_12.png,0,FieldPos411_Cam01_RGB_MB,,dataset
pbs_imgs,D:\Dineth\focus_binary_benchmark\dataset\pbs_imgs\unfocused\FieldPos411_Cam01_RGB_MB\FieldPos411_Cam01_RGB_MB_page_13.png,0,FieldPos411_Cam01_RGB_MB,,dataset
pbs_imgs,D:\Dineth\focus_binary_benchmark\dataset\pbs_imgs\unfocused\FieldPos411_Cam01_RGB_MB\FieldPos411_Cam01_RGB_MB_page_14.png,0,FieldPos411_Cam01_RGB_MB,,dataset
pbs_imgs,D:\Dineth\focus_binary_benchmark\dataset\pbs_imgs\unfocused\FieldPos411_Cam01_RGB_MB\FieldPos411_Cam01_RGB_MB_page_15.png,0,FieldPos411_Cam01_RGB_MB,,dataset
pbs_imgs,D:\Dineth\focus_binary_benchmark\dataset\pbs_imgs\unfocused\FieldPos411_Cam01_RGB_MB\FieldPos411_Cam01_RGB_MB_page_2.png,0,FieldPos411_Cam01_RGB_MB,,dataset
pbs_imgs,D:\Dineth\focus_binary_benchmark\dataset\pbs_imgs\unfocused\FieldPos411_Cam01_RGB_MB\FieldPos411_Cam01_RGB_MB_page_3.png,0,FieldPos411_Cam01_RGB_MB,,dataset
pbs_imgs,D:\Dineth\focus_binary_benchmark\dataset\pbs_imgs\unfocused\FieldPos411_Cam01_RGB_MB\FieldPos411_Cam01_RGB_MB_page_4.png,0,FieldPos411_Cam01_RGB_MB,,dataset
pbs_imgs,D:\Dineth\focus_binary_benchmark\dataset\pbs_imgs\unfocused\FieldPos411_Cam01_RGB_MB\FieldPos411_Cam01_RGB_MB_page_5.png,0,FieldPos411_Cam01_RGB_MB,,dataset
pbs_imgs,D:\Dineth\focus_binary_benchmark\dataset\pbs_imgs\unfocused\FieldPos411_Cam01_RGB_MB\FieldPos411_Cam01_RGB_MB_page_9.png,0,FieldPos411_Cam01_RGB_MB,,dataset
pbs_imgs,D:\Dineth\focus_binary_benchmark\dataset\pbs_imgs\unfocused\FieldPos412_Cam01_RGB_MB\FieldPos412_Cam01_RGB_MB_page_1.png,0,FieldPos412_Cam01_RGB_MB,,dataset
pbs_imgs,D:\Dineth\focus_binary_benchmark\dataset\pbs_imgs\unfocused\FieldPos412_Cam01_RGB_MB\FieldPos412_Cam01_RGB_MB_page_10.png,0,FieldPos412_Cam01_RGB_MB,,dataset
pbs_imgs,D:\Dineth\focus_binary_benchmark\dataset\pbs_imgs\unfocused\FieldPos412_Cam01_RGB_MB\FieldPos412_Cam01_RGB_MB_page_11.png,0,FieldPos412_Cam01_RGB_MB,,dataset
pbs_imgs,D:\Dineth\focus_binary_benchmark\dataset\pbs_imgs\unfocused\FieldPos412_Cam01_RGB_MB\FieldPos412_Cam01_RGB_MB_page_12.png,0,FieldPos412_Cam01_RGB_MB,,dataset
pbs_imgs,D:\Dineth\focus_binary_benchmark\dataset\pbs_imgs\unfocused\FieldPos412_Cam01_RGB_MB\FieldPos412_Cam01_RGB_MB_page_13.png,0,FieldPos412_Cam01_RGB_MB,,dataset
pbs_imgs,D:\Dineth\focus_binary_benchmark\dataset\pbs_imgs\unfocused\FieldPos412_Cam01_RGB_MB\FieldPos412_Cam01_RGB_MB_page_14.png,0,FieldPos412_Cam01_RGB_MB,,dataset
pbs_imgs,D:\Dineth\focus_binary_benchmark\dataset\pbs_imgs\unfocused\FieldPos412_Cam01_RGB_MB\FieldPos412_Cam01_RGB_MB_page_15.png,0,FieldPos412_Cam01_RGB_MB,,dataset
pbs_imgs,D:\Dineth\focus_binary_benchmark\dataset\pbs_imgs\unfocused\FieldPos412_Cam01_RGB_MB\FieldPos412_Cam01_RGB_MB_page_2.png,0,FieldPos412_Cam01_RGB_MB,,dataset
pbs_imgs,D:\Dineth\focus_binary_benchmark\dataset\pbs_imgs\unfocused\FieldPos412_Cam01_RGB_MB\FieldPos412_Cam01_RGB_MB_page_3.png,0,FieldPos412_Cam01_RGB_MB,,dataset
pbs_imgs,D:\Dineth\focus_binary_benchmark\dataset\pbs_imgs\unfocused\FieldPos412_Cam01_RGB_MB\FieldPos412_Cam01_RGB_MB_page_4.png,0,FieldPos412_Cam01_RGB_MB,,dataset
pbs_imgs,D:\Dineth\focus_binary_benchmark\dataset\pbs_imgs\unfocused\FieldPos412_Cam01_RGB_MB\FieldPos412_Cam01_RGB_MB_page_5.png,0,FieldPos412_Cam01_RGB_MB,,dataset
pbs_imgs,D:\Dineth\focus_binary_benchmark\dataset\pbs_imgs\unfocused\FieldPos412_Cam01_RGB_MB\FieldPos412_Cam01_RGB_MB_page_6.png,0,FieldPos412_Cam01_RGB_MB,,dataset
pbs_imgs,D:\Dineth\focus_binary_benchmark\dataset\pbs_imgs\unfocused\FieldPos413_Cam01_RGB_MB\FieldPos413_Cam01_RGB_MB_page_1.png,0,FieldPos413_Cam01_RGB_MB,,dataset
pbs_imgs,D:\Dineth\focus_binary_benchmark\dataset\pbs_imgs\unfocused\FieldPos413_Cam01_RGB_MB\FieldPos413_Cam01_RGB_MB_page_10.png,0,FieldPos413_Cam01_RGB_MB,,dataset
pbs_imgs,D:\Dineth\focus_binary_benchmark\dataset\pbs_imgs\unfocused\FieldPos413_Cam01_RGB_MB\FieldPos413_Cam01_RGB_MB_page_11.png,0,FieldPos413_Cam01_RGB_MB,,dataset
pbs_imgs,D:\Dineth\focus_binary_benchmark\dataset\pbs_imgs\unfocused\FieldPos413_Cam01_RGB_MB\FieldPos413_Cam01_RGB_MB_page_12.png,0,FieldPos413_Cam01_RGB_MB,,dataset
pbs_imgs,D:\Dineth\focus_binary_benchmark\dataset\pbs_imgs\unfocused\FieldPos413_Cam01_RGB_MB\FieldPos413_Cam01_RGB_MB_page_13.png,0,FieldPos413_Cam01_RGB_MB,,dataset
pbs_imgs,D:\Dineth\focus_binary_benchmark\dataset\pbs_imgs\unfocused\FieldPos413_Cam01_RGB_MB\FieldPos413_Cam01_RGB_MB_page_14.png,0,FieldPos413_Cam01_RGB_MB,,dataset
pbs_imgs,D:\Dineth\focus_binary_benchmark\dataset\pbs_imgs\unfocused\FieldPos413_Cam01_RGB_MB\FieldPos413_Cam01_RGB_MB_page_15.png,0,FieldPos413_Cam01_RGB_MB,,dataset
pbs_imgs,D:\Dineth\focus_binary_benchmark\dataset\pbs_imgs\unfocused\FieldPos413_Cam01_RGB_MB\FieldPos413_Cam01_RGB_MB_page_2.png,0,FieldPos413_Cam01_RGB_MB,,dataset
pbs_imgs,D:\Dineth\focus_binary_benchmark\dataset\pbs_imgs\unfocused\FieldPos413_Cam01_RGB_MB\FieldPos413_Cam01_RGB_MB_page_3.png,0,FieldPos413_Cam01_RGB_MB,,dataset
pbs_imgs,D:\Dineth\focus_binary_benchmark\dataset\pbs_imgs\unfocused\FieldPos413_Cam01_RGB_MB\FieldPos413_Cam01_RGB_MB_page_4.png,0,FieldPos413_Cam01_RGB_MB,,dataset
pbs_imgs,D:\Dineth\focus_binary_benchmark\dataset\pbs_imgs\unfocused\FieldPos413_Cam01_RGB_MB\FieldPos413_Cam01_RGB_MB_page_5.png,0,FieldPos413_Cam01_RGB_MB,,dataset
pbs_imgs,D:\Dineth\focus_binary_benchmark\dataset\pbs_imgs\unfocused\FieldPos413_Cam01_RGB_MB\FieldPos413_Cam01_RGB_MB_page_6.png,0,FieldPos413_Cam01_RGB_MB,,dataset
pbs_imgs,D:\Dineth\focus_binary_benchmark\dataset\pbs_imgs\unfocused\FieldPos414_Cam01_RGB_MB\FieldPos414_Cam01_RGB_MB_page_12.png,0,FieldPos414_Cam01_RGB_MB,,dataset
pbs_imgs,D:\Dineth\focus_binary_benchmark\dataset\pbs_imgs\unfocused\FieldPos414_Cam01_RGB_MB\FieldPos414_Cam01_RGB_MB_page_13.png,0,FieldPos414_Cam01_RGB_MB,,dataset
pbs_imgs,D:\Dineth\focus_binary_benchmark\dataset\pbs_imgs\unfocused\FieldPos414_Cam01_RGB_MB\FieldPos414_Cam01_RGB_MB_page_14.png,0,FieldPos414_Cam01_RGB_MB,,dataset
pbs_imgs,D:\Dineth\focus_binary_benchmark\dataset\pbs_imgs\unfocused\FieldPos414_Cam01_RGB_MB\FieldPos414_Cam01_RGB_MB_page_15.png,0,FieldPos414_Cam01_RGB_MB,,dataset
pbs_imgs,D:\Dineth\focus_binary_benchmark\dataset\pbs_imgs\unfocused\FieldPos414_Cam01_RGB_MB\FieldPos414_Cam01_RGB_MB_page_2.png,0,FieldPos414_Cam01_RGB_MB,,dataset
pbs_imgs,D:\Dineth\focus_binary_benchmark\dataset\pbs_imgs\unfocused\FieldPos414_Cam01_RGB_MB\FieldPos414_Cam01_RGB_MB_page_3.png,0,FieldPos414_Cam01_RGB_MB,,dataset
pbs_imgs,D:\Dineth\focus_binary_benchmark\dataset\pbs_imgs\unfocused\FieldPos414_Cam01_RGB_MB\FieldPos414_Cam01_RGB_MB_page_4.png,0,FieldPos414_Cam01_RGB_MB,,dataset
pbs_imgs,D:\Dineth\focus_binary_benchmark\dataset\pbs_imgs\unfocused\FieldPos414_Cam01_RGB_MB\FieldPos414_Cam01_RGB_MB_page_5.png,0,FieldPos414_Cam01_RGB_MB,,dataset
pbs_imgs,D:\Dineth\focus_binary_benchmark\dataset\pbs_imgs\unfocused\FieldPos414_Cam01_RGB_MB\FieldPos414_Cam01_RGB_MB_page_6.png,0,FieldPos414_Cam01_RGB_MB,,dataset
pbs_imgs,D:\Dineth\focus_binary_benchmark\dataset\pbs_imgs\unfocused\FieldPos414_Cam01_RGB_MB\FieldPos414_Cam01_RGB_MB_page_7.png,0,FieldPos414_Cam01_RGB_MB,,dataset
pbs_imgs,D:\Dineth\focus_binary_benchmark\dataset\pbs_imgs\unfocused\FieldPos414_Cam01_RGB_MB\FieldPos414_Cam01_RGB_MB_page_8.png,0,FieldPos414_Cam01_RGB_MB,,dataset
pbs_imgs,D:\Dineth\focus_binary_benchmark\dataset\pbs_imgs\unfocused\FieldPos414_Cam01_RGB_MB\FieldPos414_Cam01_RGB_MB_page_9.png,0,FieldPos414_Cam01_RGB_MB,,dataset
pbs_imgs,D:\Dineth\focus_binary_benchmark\dataset\pbs_imgs\unfocused\FieldPos426_Cam01_RGB_MB\FieldPos426_Cam01_RGB_MB_page_12.png,0,FieldPos426_Cam01_RGB_MB,,dataset
pbs_imgs,D:\Dineth\focus_binary_benchmark\dataset\pbs_imgs\unfocused\FieldPos426_Cam01_RGB_MB\FieldPos426_Cam01_RGB_MB_page_13.png,0,FieldPos426_Cam01_RGB_MB,,dataset
pbs_imgs,D:\Dineth\focus_binary_benchmark\dataset\pbs_imgs\unfocused\FieldPos426_Cam01_RGB_MB\FieldPos426_Cam01_RGB_MB_page_14.png,0,FieldPos426_Cam01_RGB_MB,,dataset
pbs_imgs,D:\Dineth\focus_binary_benchmark\dataset\pbs_imgs\unfocused\FieldPos426_Cam01_RGB_MB\FieldPos426_Cam01_RGB_MB_page_15.png,0,FieldPos426_Cam01_RGB_MB,,dataset
pbs_imgs,D:\Dineth\focus_binary_benchmark\dataset\pbs_imgs\unfocused\FieldPos426_Cam01_RGB_MB\FieldPos426_Cam01_RGB_MB_page_2.png,0,FieldPos426_Cam01_RGB_MB,,dataset
pbs_imgs,D:\Dineth\focus_binary_benchmark\dataset\pbs_imgs\unfocused\FieldPos426_Cam01_RGB_MB\FieldPos426_Cam01_RGB_MB_page_3.png,0,FieldPos426_Cam01_RGB_MB,,dataset
pbs_imgs,D:\Dineth\focus_binary_benchmark\dataset\pbs_imgs\unfocused\FieldPos426_Cam01_RGB_MB\FieldPos426_Cam01_RGB_MB_page_4.png,0,FieldPos426_Cam01_RGB_MB,,dataset
pbs_imgs,D:\Dineth\focus_binary_benchmark\dataset\pbs_imgs\unfocused\FieldPos426_Cam01_RGB_MB\FieldPos426_Cam01_RGB_MB_page_5.png,0,FieldPos426_Cam01_RGB_MB,,dataset
pbs_imgs,D:\Dineth\focus_binary_benchmark\dataset\pbs_imgs\unfocused\FieldPos426_Cam01_RGB_MB\FieldPos426_Cam01_RGB_MB_page_6.png,0,FieldPos426_Cam01_RGB_MB,,dataset
pbs_imgs,D:\Dineth\focus_binary_benchmark\dataset\pbs_imgs\unfocused\FieldPos426_Cam01_RGB_MB\FieldPos426_Cam01_RGB_MB_page_7.png,0,FieldPos426_Cam01_RGB_MB,,dataset
pbs_imgs,D:\Dineth\focus_binary_benchmark\dataset\pbs_imgs\unfocused\FieldPos426_Cam01_RGB_MB\FieldPos426_Cam01_RGB_MB_page_8.png,0,FieldPos426_Cam01_RGB_MB,,dataset
pbs_imgs,D:\Dineth\focus_binary_benchmark\dataset\pbs_imgs\unfocused\FieldPos426_Cam01_RGB_MB\FieldPos426_Cam01_RGB_MB_page_9.png,0,FieldPos426_Cam01_RGB_MB,,dataset
pbs_imgs,D:\Dineth\focus_binary_benchmark\dataset\pbs_imgs\unfocused\FieldPos427_Cam01_RGB_MB\FieldPos427_Cam01_RGB_MB_page_1.png,0,FieldPos427_Cam01_RGB_MB,,dataset
pbs_imgs,D:\Dineth\focus_binary_benchmark\dataset\pbs_imgs\unfocused\FieldPos427_Cam01_RGB_MB\FieldPos427_Cam01_RGB_MB_page_13.png,0,FieldPos427_Cam01_RGB_MB,,dataset
pbs_imgs,D:\Dineth\focus_binary_benchmark\dataset\pbs_imgs\unfocused\FieldPos427_Cam01_RGB_MB\FieldPos427_Cam01_RGB_MB_page_14.png,0,FieldPos427_Cam01_RGB_MB,,dataset
pbs_imgs,D:\Dineth\focus_binary_benchmark\dataset\pbs_imgs\unfocused\FieldPos427_Cam01_RGB_MB\FieldPos427_Cam01_RGB_MB_page_15.png,0,FieldPos427_Cam01_RGB_MB,,dataset
pbs_imgs,D:\Dineth\focus_binary_benchmark\dataset\pbs_imgs\unfocused\FieldPos427_Cam01_RGB_MB\FieldPos427_Cam01_RGB_MB_page_2.png,0,FieldPos427_Cam01_RGB_MB,,dataset
pbs_imgs,D:\Dineth\focus_binary_benchmark\dataset\pbs_imgs\unfocused\FieldPos427_Cam01_RGB_MB\FieldPos427_Cam01_RGB_MB_page_3.png,0,FieldPos427_Cam01_RGB_MB,,dataset
pbs_imgs,D:\Dineth\focus_binary_benchmark\dataset\pbs_imgs\unfocused\FieldPos427_Cam01_RGB_MB\FieldPos427_Cam01_RGB_MB_page_4.png,0,FieldPos427_Cam01_RGB_MB,,dataset
pbs_imgs,D:\Dineth\focus_binary_benchmark\dataset\pbs_imgs\unfocused\FieldPos427_Cam01_RGB_MB\FieldPos427_Cam01_RGB_MB_page_5.png,0,FieldPos427_Cam01_RGB_MB,,dataset
pbs_imgs,D:\Dineth\focus_binary_benchmark\dataset\pbs_imgs\unfocused\FieldPos427_Cam01_RGB_MB\FieldPos427_Cam01_RGB_MB_page_6.png,0,FieldPos427_Cam01_RGB_MB,,dataset
pbs_imgs,D:\Dineth\focus_binary_benchmark\dataset\pbs_imgs\unfocused\FieldPos427_Cam01_RGB_MB\FieldPos427_Cam01_RGB_MB_page_7.png,0,FieldPos427_Cam01_RGB_MB,,dataset
pbs_imgs,D:\Dineth\focus_binary_benchmark\dataset\pbs_imgs\unfocused\FieldPos427_Cam01_RGB_MB\FieldPos427_Cam01_RGB_MB_page_8.png,0,FieldPos427_Cam01_RGB_MB,,dataset
pbs_imgs,D:\Dineth\focus_binary_benchmark\dataset\pbs_imgs\unfocused\FieldPos427_Cam01_RGB_MB\FieldPos427_Cam01_RGB_MB_page_9.png,0,FieldPos427_Cam01_RGB_MB,,dataset
pbs_imgs,D:\Dineth\focus_binary_benchmark\dataset\pbs_imgs\unfocused\FieldPos428_Cam01_RGB_MB\FieldPos428_Cam01_RGB_MB_page_1.png,0,FieldPos428_Cam01_RGB_MB,,dataset
pbs_imgs,D:\Dineth\focus_binary_benchmark\dataset\pbs_imgs\unfocused\FieldPos428_Cam01_RGB_MB\FieldPos428_Cam01_RGB_MB_page_10.png,0,FieldPos428_Cam01_RGB_MB,,dataset
pbs_imgs,D:\Dineth\focus_binary_benchmark\dataset\pbs_imgs\unfocused\FieldPos428_Cam01_RGB_MB\FieldPos428_Cam01_RGB_MB_page_11.png,0,FieldPos428_Cam01_RGB_MB,,dataset
pbs_imgs,D:\Dineth\focus_binary_benchmark\dataset\pbs_imgs\unfocused\FieldPos428_Cam01_RGB_MB\FieldPos428_Cam01_RGB_MB_page_12.png,0,FieldPos428_Cam01_RGB_MB,,dataset
pbs_imgs,D:\Dineth\focus_binary_benchmark\dataset\pbs_imgs\unfocused\FieldPos428_Cam01_RGB_MB\FieldPos428_Cam01_RGB_MB_page_13.png,0,FieldPos428_Cam01_RGB_MB,,dataset
pbs_imgs,D:\Dineth\focus_binary_benchmark\dataset\pbs_imgs\unfocused\FieldPos428_Cam01_RGB_MB\FieldPos428_Cam01_RGB_MB_page_14.png,0,FieldPos428_Cam01_RGB_MB,,dataset
pbs_imgs,D:\Dineth\focus_binary_benchmark\dataset\pbs_imgs\unfocused\FieldPos428_Cam01_RGB_MB\FieldPos428_Cam01_RGB_MB_page_15.png,0,FieldPos428_Cam01_RGB_MB,,dataset
pbs_imgs,D:\Dineth\focus_binary_benchmark\dataset\pbs_imgs\unfocused\FieldPos428_Cam01_RGB_MB\FieldPos428_Cam01_RGB_MB_page_2.png,0,FieldPos428_Cam01_RGB_MB,,dataset
pbs_imgs,D:\Dineth\focus_binary_benchmark\dataset\pbs_imgs\unfocused\FieldPos428_Cam01_RGB_MB\FieldPos428_Cam01_RGB_MB_page_3.png,0,FieldPos428_Cam01_RGB_MB,,dataset
pbs_imgs,D:\Dineth\focus_binary_benchmark\dataset\pbs_imgs\unfocused\FieldPos428_Cam01_RGB_MB\FieldPos428_Cam01_RGB_MB_page_4.png,0,FieldPos428_Cam01_RGB_MB,,dataset
pbs_imgs,D:\Dineth\focus_binary_benchmark\dataset\pbs_imgs\unfocused\FieldPos428_Cam01_RGB_MB\FieldPos428_Cam01_RGB_MB_page_5.png,0,FieldPos428_Cam01_RGB_MB,,dataset
pbs_imgs,D:\Dineth\focus_binary_benchmark\dataset\pbs_imgs\unfocused\FieldPos428_Cam01_RGB_MB\FieldPos428_Cam01_RGB_MB_page_6.png,0,FieldPos428_Cam01_RGB_MB,,dataset
pbs_imgs,D:\Dineth\focus_binary_benchmark\dataset\pbs_imgs\unfocused\FieldPos429_Cam01_RGB_MB\FieldPos429_Cam01_RGB_MB_page_12.png,0,FieldPos429_Cam01_RGB_MB,,dataset
pbs_imgs,D:\Dineth\focus_binary_benchmark\dataset\pbs_imgs\unfocused\FieldPos429_Cam01_RGB_MB\FieldPos429_Cam01_RGB_MB_page_13.png,0,FieldPos429_Cam01_RGB_MB,,dataset
pbs_imgs,D:\Dineth\focus_binary_benchmark\dataset\pbs_imgs\unfocused\FieldPos429_Cam01_RGB_MB\FieldPos429_Cam01_RGB_MB_page_14.png,0,FieldPos429_Cam01_RGB_MB,,dataset
pbs_imgs,D:\Dineth\focus_binary_benchmark\dataset\pbs_imgs\unfocused\FieldPos429_Cam01_RGB_MB\FieldPos429_Cam01_RGB_MB_page_15.png,0,FieldPos429_Cam01_RGB_MB,,dataset
pbs_imgs,D:\Dineth\focus_binary_benchmark\dataset\pbs_imgs\unfocused\FieldPos429_Cam01_RGB_MB\FieldPos429_Cam01_RGB_MB_page_2.png,0,FieldPos429_Cam01_RGB_MB,,dataset
pbs_imgs,D:\Dineth\focus_binary_benchmark\dataset\pbs_imgs\unfocused\FieldPos429_Cam01_RGB_MB\FieldPos429_Cam01_RGB_MB_page_3.png,0,FieldPos429_Cam01_RGB_MB,,dataset
pbs_imgs,D:\Dineth\focus_binary_benchmark\dataset\pbs_imgs\unfocused\FieldPos429_Cam01_RGB_MB\FieldPos429_Cam01_RGB_MB_page_4.png,0,FieldPos429_Cam01_RGB_MB,,dataset
pbs_imgs,D:\Dineth\focus_binary_benchmark\dataset\pbs_imgs\unfocused\FieldPos429_Cam01_RGB_MB\FieldPos429_Cam01_RGB_MB_page_5.png,0,FieldPos429_Cam01_RGB_MB,,dataset
pbs_imgs,D:\Dineth\focus_binary_benchmark\dataset\pbs_imgs\unfocused\FieldPos429_Cam01_RGB_MB\FieldPos429_Cam01_RGB_MB_page_6.png,0,FieldPos429_Cam01_RGB_MB,,dataset
pbs_imgs,D:\Dineth\focus_binary_benchmark\dataset\pbs_imgs\unfocused\FieldPos429_Cam01_RGB_MB\FieldPos429_Cam01_RGB_MB_page_7.png,0,FieldPos429_Cam01_RGB_MB,,dataset
pbs_imgs,D:\Dineth\focus_binary_benchmark\dataset\pbs_imgs\unfocused\FieldPos429_Cam01_RGB_MB\FieldPos429_Cam01_RGB_MB_page_8.png,0,FieldPos429_Cam01_RGB_MB,,dataset
pbs_imgs,D:\Dineth\focus_binary_benchmark\dataset\pbs_imgs\unfocused\FieldPos429_Cam01_RGB_MB\FieldPos429_Cam01_RGB_MB_page_9.png,0,FieldPos429_Cam01_RGB_MB,,dataset
pbs_imgs,D:\Dineth\focus_binary_benchmark\dataset\pbs_imgs\unfocused\FieldPos430_Cam01_RGB_MB\FieldPos430_Cam01_RGB_MB_page_1.png,0,FieldPos430_Cam01_RGB_MB,,dataset
pbs_imgs,D:\Dineth\focus_binary_benchmark\dataset\pbs_imgs\unfocused\FieldPos430_Cam01_RGB_MB\FieldPos430_Cam01_RGB_MB_page_10.png,0,FieldPos430_Cam01_RGB_MB,,dataset
pbs_imgs,D:\Dineth\focus_binary_benchmark\dataset\pbs_imgs\unfocused\FieldPos430_Cam01_RGB_MB\FieldPos430_Cam01_RGB_MB_page_11.png,0,FieldPos430_Cam01_RGB_MB,,dataset
pbs_imgs,D:\Dineth\focus_binary_benchmark\dataset\pbs_imgs\unfocused\FieldPos430_Cam01_RGB_MB\FieldPos430_Cam01_RGB_MB_page_12.png,0,FieldPos430_Cam01_RGB_MB,,dataset
pbs_imgs,D:\Dineth\focus_binary_benchmark\dataset\pbs_imgs\unfocused\FieldPos430_Cam01_RGB_MB\FieldPos430_Cam01_RGB_MB_page_13.png,0,FieldPos430_Cam01_RGB_MB,,dataset
pbs_imgs,D:\Dineth\focus_binary_benchmark\dataset\pbs_imgs\unfocused\FieldPos430_Cam01_RGB_MB\FieldPos430_Cam01_RGB_MB_page_14.png,0,FieldPos430_Cam01_RGB_MB,,dataset
pbs_imgs,D:\Dineth\focus_binary_benchmark\dataset\pbs_imgs\unfocused\FieldPos430_Cam01_RGB_MB\FieldPos430_Cam01_RGB_MB_page_15.png,0,FieldPos430_Cam01_RGB_MB,,dataset
pbs_imgs,D:\Dineth\focus_binary_benchmark\dataset\pbs_imgs\unfocused\FieldPos430_Cam01_RGB_MB\FieldPos430_Cam01_RGB_MB_page_2.png,0,FieldPos430_Cam01_RGB_MB,,dataset
pbs_imgs,D:\Dineth\focus_binary_benchmark\dataset\pbs_imgs\unfocused\FieldPos430_Cam01_RGB_MB\FieldPos430_Cam01_RGB_MB_page_3.png,0,FieldPos430_Cam01_RGB_MB,,dataset
pbs_imgs,D:\Dineth\focus_binary_benchmark\dataset\pbs_imgs\unfocused\FieldPos430_Cam01_RGB_MB\FieldPos430_Cam01_RGB_MB_page_4.png,0,FieldPos430_Cam01_RGB_MB,,dataset
pbs_imgs,D:\Dineth\focus_binary_benchmark\dataset\pbs_imgs\unfocused\FieldPos430_Cam01_RGB_MB\FieldPos430_Cam01_RGB_MB_page_5.png,0,FieldPos430_Cam01_RGB_MB,,dataset
pbs_imgs,D:\Dineth\focus_binary_benchmark\dataset\pbs_imgs\unfocused\FieldPos430_Cam01_RGB_MB\FieldPos430_Cam01_RGB_MB_page_6.png,0,FieldPos430_Cam01_RGB_MB,,dataset
pbs_imgs,D:\Dineth\focus_binary_benchmark\dataset\pbs_imgs\unfocused\FieldPos432_Cam01_RGB_MB\FieldPos432_Cam01_RGB_MB_page_1.png,0,FieldPos432_Cam01_RGB_MB,,dataset
pbs_imgs,D:\Dineth\focus_binary_benchmark\dataset\pbs_imgs\unfocused\FieldPos432_Cam01_RGB_MB\FieldPos432_Cam01_RGB_MB_page_10.png,0,FieldPos432_Cam01_RGB_MB,,dataset
pbs_imgs,D:\Dineth\focus_binary_benchmark\dataset\pbs_imgs\unfocused\FieldPos432_Cam01_RGB_MB\FieldPos432_Cam01_RGB_MB_page_11.png,0,FieldPos432_Cam01_RGB_MB,,dataset
pbs_imgs,D:\Dineth\focus_binary_benchmark\dataset\pbs_imgs\unfocused\FieldPos432_Cam01_RGB_MB\FieldPos432_Cam01_RGB_MB_page_12.png,0,FieldPos432_Cam01_RGB_MB,,dataset
pbs_imgs,D:\Dineth\focus_binary_benchmark\dataset\pbs_imgs\unfocused\FieldPos432_Cam01_RGB_MB\FieldPos432_Cam01_RGB_MB_page_13.png,0,FieldPos432_Cam01_RGB_MB,,dataset
pbs_imgs,D:\Dineth\focus_binary_benchmark\dataset\pbs_imgs\unfocused\FieldPos432_Cam01_RGB_MB\FieldPos432_Cam01_RGB_MB_page_14.png,0,FieldPos432_Cam01_RGB_MB,,dataset
pbs_imgs,D:\Dineth\focus_binary_benchmark\dataset\pbs_imgs\unfocused\FieldPos432_Cam01_RGB_MB\FieldPos432_Cam01_RGB_MB_page_15.png,0,FieldPos432_Cam01_RGB_MB,,dataset
pbs_imgs,D:\Dineth\focus_binary_benchmark\dataset\pbs_imgs\unfocused\FieldPos432_Cam01_RGB_MB\FieldPos432_Cam01_RGB_MB_page_2.png,0,FieldPos432_Cam01_RGB_MB,,dataset
pbs_imgs,D:\Dineth\focus_binary_benchmark\dataset\pbs_imgs\unfocused\FieldPos432_Cam01_RGB_MB\FieldPos432_Cam01_RGB_MB_page_3.png,0,FieldPos432_Cam01_RGB_MB,,dataset
pbs_imgs,D:\Dineth\focus_binary_benchmark\dataset\pbs_imgs\unfocused\FieldPos432_Cam01_RGB_MB\FieldPos432_Cam01_RGB_MB_page_4.png,0,FieldPos432_Cam01_RGB_MB,,dataset
pbs_imgs,D:\Dineth\focus_binary_benchmark\dataset\pbs_imgs\unfocused\FieldPos432_Cam01_RGB_MB\FieldPos432_Cam01_RGB_MB_page_5.png,0,FieldPos432_Cam01_RGB_MB,,dataset
pbs_imgs,D:\Dineth\focus_binary_benchmark\dataset\pbs_imgs\unfocused\FieldPos432_Cam01_RGB_MB\FieldPos432_Cam01_RGB_MB_page_6.png,0,FieldPos432_Cam01_RGB_MB,,dataset
pbs_imgs,D:\Dineth\focus_binary_benchmark\dataset\pbs_imgs\unfocused\FieldPos433_Cam01_RGB_MB\FieldPos433_Cam01_RGB_MB_page_1.png,0,FieldPos433_Cam01_RGB_MB,,dataset
pbs_imgs,D:\Dineth\focus_binary_benchmark\dataset\pbs_imgs\unfocused\FieldPos433_Cam01_RGB_MB\FieldPos433_Cam01_RGB_MB_page_10.png,0,FieldPos433_Cam01_RGB_MB,,dataset
pbs_imgs,D:\Dineth\focus_binary_benchmark\dataset\pbs_imgs\unfocused\FieldPos433_Cam01_RGB_MB\FieldPos433_Cam01_RGB_MB_page_11.png,0,FieldPos433_Cam01_RGB_MB,,dataset
pbs_imgs,D:\Dineth\focus_binary_benchmark\dataset\pbs_imgs\unfocused\FieldPos433_Cam01_RGB_MB\FieldPos433_Cam01_RGB_MB_page_12.png,0,FieldPos433_Cam01_RGB_MB,,dataset
pbs_imgs,D:\Dineth\focus_binary_benchmark\dataset\pbs_imgs\unfocused\FieldPos433_Cam01_RGB_MB\FieldPos433_Cam01_RGB_MB_page_13.png,0,FieldPos433_Cam01_RGB_MB,,dataset
pbs_imgs,D:\Dineth\focus_binary_benchmark\dataset\pbs_imgs\unfocused\FieldPos433_Cam01_RGB_MB\FieldPos433_Cam01_RGB_MB_page_14.png,0,FieldPos433_Cam01_RGB_MB,,dataset
pbs_imgs,D:\Dineth\focus_binary_benchmark\dataset\pbs_imgs\unfocused\FieldPos433_Cam01_RGB_MB\FieldPos433_Cam01_RGB_MB_page_15.png,0,FieldPos433_Cam01_RGB_MB,,dataset
pbs_imgs,D:\Dineth\focus_binary_benchmark\dataset\pbs_imgs\unfocused\FieldPos433_Cam01_RGB_MB\FieldPos433_Cam01_RGB_MB_page_2.png,0,FieldPos433_Cam01_RGB_MB,,dataset
pbs_imgs,D:\Dineth\focus_binary_benchmark\dataset\pbs_imgs\unfocused\FieldPos433_Cam01_RGB_MB\FieldPos433_Cam01_RGB_MB_page_3.png,0,FieldPos433_Cam01_RGB_MB,,dataset
pbs_imgs,D:\Dineth\focus_binary_benchmark\dataset\pbs_imgs\unfocused\FieldPos433_Cam01_RGB_MB\FieldPos433_Cam01_RGB_MB_page_7.png,0,FieldPos433_Cam01_RGB_MB,,dataset
pbs_imgs,D:\Dineth\focus_binary_benchmark\dataset\pbs_imgs\unfocused\FieldPos433_Cam01_RGB_MB\FieldPos433_Cam01_RGB_MB_page_8.png,0,FieldPos433_Cam01_RGB_MB,,dataset
pbs_imgs,D:\Dineth\focus_binary_benchmark\dataset\pbs_imgs\unfocused\FieldPos433_Cam01_RGB_MB\FieldPos433_Cam01_RGB_MB_page_9.png,0,FieldPos433_Cam01_RGB_MB,,dataset
pbs_imgs,D:\Dineth\focus_binary_benchmark\dataset\pbs_imgs\unfocused\FieldPos434_Cam01_RGB_MB\FieldPos434_Cam01_RGB_MB_page_1.png,0,FieldPos434_Cam01_RGB_MB,,dataset
pbs_imgs,D:\Dineth\focus_binary_benchmark\dataset\pbs_imgs\unfocused\FieldPos434_Cam01_RGB_MB\FieldPos434_Cam01_RGB_MB_page_10.png,0,FieldPos434_Cam01_RGB_MB,,dataset
pbs_imgs,D:\Dineth\focus_binary_benchmark\dataset\pbs_imgs\unfocused\FieldPos434_Cam01_RGB_MB\FieldPos434_Cam01_RGB_MB_page_11.png,0,FieldPos434_Cam01_RGB_MB,,dataset
pbs_imgs,D:\Dineth\focus_binary_benchmark\dataset\pbs_imgs\unfocused\FieldPos434_Cam01_RGB_MB\FieldPos434_Cam01_RGB_MB_page_12.png,0,FieldPos434_Cam01_RGB_MB,,dataset
pbs_imgs,D:\Dineth\focus_binary_benchmark\dataset\pbs_imgs\unfocused\FieldPos434_Cam01_RGB_MB\FieldPos434_Cam01_RGB_MB_page_13.png,0,FieldPos434_Cam01_RGB_MB,,dataset
pbs_imgs,D:\Dineth\focus_binary_benchmark\dataset\pbs_imgs\unfocused\FieldPos434_Cam01_RGB_MB\FieldPos434_Cam01_RGB_MB_page_14.png,0,FieldPos434_Cam01_RGB_MB,,dataset
pbs_imgs,D:\Dineth\focus_binary_benchmark\dataset\pbs_imgs\unfocused\FieldPos434_Cam01_RGB_MB\FieldPos434_Cam01_RGB_MB_page_15.png,0,FieldPos434_Cam01_RGB_MB,,dataset
pbs_imgs,D:\Dineth\focus_binary_benchmark\dataset\pbs_imgs\unfocused\FieldPos434_Cam01_RGB_MB\FieldPos434_Cam01_RGB_MB_page_2.png,0,FieldPos434_Cam01_RGB_MB,,dataset
pbs_imgs,D:\Dineth\focus_binary_benchmark\dataset\pbs_imgs\unfocused\FieldPos434_Cam01_RGB_MB\FieldPos434_Cam01_RGB_MB_page_3.png,0,FieldPos434_Cam01_RGB_MB,,dataset
pbs_imgs,D:\Dineth\focus_binary_benchmark\dataset\pbs_imgs\unfocused\FieldPos434_Cam01_RGB_MB\FieldPos434_Cam01_RGB_MB_page_4.png,0,FieldPos434_Cam01_RGB_MB,,dataset
pbs_imgs,D:\Dineth\focus_binary_benchmark\dataset\pbs_imgs\unfocused\FieldPos434_Cam01_RGB_MB\FieldPos434_Cam01_RGB_MB_page_5.png,0,FieldPos434_Cam01_RGB_MB,,dataset
pbs_imgs,D:\Dineth\focus_binary_benchmark\dataset\pbs_imgs\unfocused\FieldPos434_Cam01_RGB_MB\FieldPos434_Cam01_RGB_MB_page_9.png,0,FieldPos434_Cam01_RGB_MB,,dataset
pbs_imgs,D:\Dineth\focus_binary_benchmark\dataset\pbs_imgs\unfocused\FieldPos435_Cam01_RGB_MB\FieldPos435_Cam01_RGB_MB_page_1.png,0,FieldPos435_Cam01_RGB_MB,,dataset
pbs_imgs,D:\Dineth\focus_binary_benchmark\dataset\pbs_imgs\unfocused\FieldPos435_Cam01_RGB_MB\FieldPos435_Cam01_RGB_MB_page_10.png,0,FieldPos435_Cam01_RGB_MB,,dataset
pbs_imgs,D:\Dineth\focus_binary_benchmark\dataset\pbs_imgs\unfocused\FieldPos435_Cam01_RGB_MB\FieldPos435_Cam01_RGB_MB_page_11.png,0,FieldPos435_Cam01_RGB_MB,,dataset
pbs_imgs,D:\Dineth\focus_binary_benchmark\dataset\pbs_imgs\unfocused\FieldPos435_Cam01_RGB_MB\FieldPos435_Cam01_RGB_MB_page_12.png,0,FieldPos435_Cam01_RGB_MB,,dataset
pbs_imgs,D:\Dineth\focus_binary_benchmark\dataset\pbs_imgs\unfocused\FieldPos435_Cam01_RGB_MB\FieldPos435_Cam01_RGB_MB_page_13.png,0,FieldPos435_Cam01_RGB_MB,,dataset
pbs_imgs,D:\Dineth\focus_binary_benchmark\dataset\pbs_imgs\unfocused\FieldPos435_Cam01_RGB_MB\FieldPos435_Cam01_RGB_MB_page_14.png,0,FieldPos435_Cam01_RGB_MB,,dataset
pbs_imgs,D:\Dineth\focus_binary_benchmark\dataset\pbs_imgs\unfocused\FieldPos435_Cam01_RGB_MB\FieldPos435_Cam01_RGB_MB_page_15.png,0,FieldPos435_Cam01_RGB_MB,,dataset
pbs_imgs,D:\Dineth\focus_binary_benchmark\dataset\pbs_imgs\unfocused\FieldPos435_Cam01_RGB_MB\FieldPos435_Cam01_RGB_MB_page_2.png,0,FieldPos435_Cam01_RGB_MB,,dataset
pbs_imgs,D:\Dineth\focus_binary_benchmark\dataset\pbs_imgs\unfocused\FieldPos435_Cam01_RGB_MB\FieldPos435_Cam01_RGB_MB_page_6.png,0,FieldPos435_Cam01_RGB_MB,,dataset
pbs_imgs,D:\Dineth\focus_binary_benchmark\dataset\pbs_imgs\unfocused\FieldPos435_Cam01_RGB_MB\FieldPos435_Cam01_RGB_MB_page_7.png,0,FieldPos435_Cam01_RGB_MB,,dataset
pbs_imgs,D:\Dineth\focus_binary_benchmark\dataset\pbs_imgs\unfocused\FieldPos435_Cam01_RGB_MB\FieldPos435_Cam01_RGB_MB_page_8.png,0,FieldPos435_Cam01_RGB_MB,,dataset
pbs_imgs,D:\Dineth\focus_binary_benchmark\dataset\pbs_imgs\unfocused\FieldPos435_Cam01_RGB_MB\FieldPos435_Cam01_RGB_MB_page_9.png,0,FieldPos435_Cam01_RGB_MB,,dataset
pbs_imgs,D:\Dineth\focus_binary_benchmark\dataset\pbs_imgs\unfocused\FieldPos445_Cam01_RGB_MB\FieldPos445_Cam01_RGB_MB_page_1.png,0,FieldPos445_Cam01_RGB_MB,,dataset
pbs_imgs,D:\Dineth\focus_binary_benchmark\dataset\pbs_imgs\unfocused\FieldPos445_Cam01_RGB_MB\FieldPos445_Cam01_RGB_MB_page_10.png,0,FieldPos445_Cam01_RGB_MB,,dataset
pbs_imgs,D:\Dineth\focus_binary_benchmark\dataset\pbs_imgs\unfocused\FieldPos445_Cam01_RGB_MB\FieldPos445_Cam01_RGB_MB_page_11.png,0,FieldPos445_Cam01_RGB_MB,,dataset
pbs_imgs,D:\Dineth\focus_binary_benchmark\dataset\pbs_imgs\unfocused\FieldPos445_Cam01_RGB_MB\FieldPos445_Cam01_RGB_MB_page_12.png,0,FieldPos445_Cam01_RGB_MB,,dataset
pbs_imgs,D:\Dineth\focus_binary_benchmark\dataset\pbs_imgs\unfocused\FieldPos445_Cam01_RGB_MB\FieldPos445_Cam01_RGB_MB_page_13.png,0,FieldPos445_Cam01_RGB_MB,,dataset
pbs_imgs,D:\Dineth\focus_binary_benchmark\dataset\pbs_imgs\unfocused\FieldPos445_Cam01_RGB_MB\FieldPos445_Cam01_RGB_MB_page_3.png,0,FieldPos445_Cam01_RGB_MB,,dataset
pbs_imgs,D:\Dineth\focus_binary_benchmark\dataset\pbs_imgs\unfocused\FieldPos445_Cam01_RGB_MB\FieldPos445_Cam01_RGB_MB_page_4.png,0,FieldPos445_Cam01_RGB_MB,,dataset
pbs_imgs,D:\Dineth\focus_binary_benchmark\dataset\pbs_imgs\unfocused\FieldPos445_Cam01_RGB_MB\FieldPos445_Cam01_RGB_MB_page_5.png,0,FieldPos445_Cam01_RGB_MB,,dataset
pbs_imgs,D:\Dineth\focus_binary_benchmark\dataset\pbs_imgs\unfocused\FieldPos445_Cam01_RGB_MB\FieldPos445_Cam01_RGB_MB_page_6.png,0,FieldPos445_Cam01_RGB_MB,,dataset
pbs_imgs,D:\Dineth\focus_binary_benchmark\dataset\pbs_imgs\unfocused\FieldPos445_Cam01_RGB_MB\FieldPos445_Cam01_RGB_MB_page_7.png,0,FieldPos445_Cam01_RGB_MB,,dataset
pbs_imgs,D:\Dineth\focus_binary_benchmark\dataset\pbs_imgs\unfocused\FieldPos445_Cam01_RGB_MB\FieldPos445_Cam01_RGB_MB_page_8.png,0,FieldPos445_Cam01_RGB_MB,,dataset
pbs_imgs,D:\Dineth\focus_binary_benchmark\dataset\pbs_imgs\unfocused\FieldPos445_Cam01_RGB_MB\FieldPos445_Cam01_RGB_MB_page_9.png,0,FieldPos445_Cam01_RGB_MB,,dataset
pbs_imgs,D:\Dineth\focus_binary_benchmark\dataset\pbs_imgs\unfocused\FieldPos446_Cam01_RGB_MB\FieldPos446_Cam01_RGB_MB_page_1.png,0,FieldPos446_Cam01_RGB_MB,,dataset
pbs_imgs,D:\Dineth\focus_binary_benchmark\dataset\pbs_imgs\unfocused\FieldPos446_Cam01_RGB_MB\FieldPos446_Cam01_RGB_MB_page_10.png,0,FieldPos446_Cam01_RGB_MB,,dataset
pbs_imgs,D:\Dineth\focus_binary_benchmark\dataset\pbs_imgs\unfocused\FieldPos446_Cam01_RGB_MB\FieldPos446_Cam01_RGB_MB_page_11.png,0,FieldPos446_Cam01_RGB_MB,,dataset
pbs_imgs,D:\Dineth\focus_binary_benchmark\dataset\pbs_imgs\unfocused\FieldPos446_Cam01_RGB_MB\FieldPos446_Cam01_RGB_MB_page_12.png,0,FieldPos446_Cam01_RGB_MB,,dataset
pbs_imgs,D:\Dineth\focus_binary_benchmark\dataset\pbs_imgs\unfocused\FieldPos446_Cam01_RGB_MB\FieldPos446_Cam01_RGB_MB_page_13.png,0,FieldPos446_Cam01_RGB_MB,,dataset
pbs_imgs,D:\Dineth\focus_binary_benchmark\dataset\pbs_imgs\unfocused\FieldPos446_Cam01_RGB_MB\FieldPos446_Cam01_RGB_MB_page_14.png,0,FieldPos446_Cam01_RGB_MB,,dataset
pbs_imgs,D:\Dineth\focus_binary_benchmark\dataset\pbs_imgs\unfocused\FieldPos446_Cam01_RGB_MB\FieldPos446_Cam01_RGB_MB_page_15.png,0,FieldPos446_Cam01_RGB_MB,,dataset
pbs_imgs,D:\Dineth\focus_binary_benchmark\dataset\pbs_imgs\unfocused\FieldPos446_Cam01_RGB_MB\FieldPos446_Cam01_RGB_MB_page_2.png,0,FieldPos446_Cam01_RGB_MB,,dataset
pbs_imgs,D:\Dineth\focus_binary_benchmark\dataset\pbs_imgs\unfocused\FieldPos446_Cam01_RGB_MB\FieldPos446_Cam01_RGB_MB_page_3.png,0,FieldPos446_Cam01_RGB_MB,,dataset
pbs_imgs,D:\Dineth\focus_binary_benchmark\dataset\pbs_imgs\unfocused\FieldPos446_Cam01_RGB_MB\FieldPos446_Cam01_RGB_MB_page_7.png,0,FieldPos446_Cam01_RGB_MB,,dataset
pbs_imgs,D:\Dineth\focus_binary_benchmark\dataset\pbs_imgs\unfocused\FieldPos446_Cam01_RGB_MB\FieldPos446_Cam01_RGB_MB_page_8.png,0,FieldPos446_Cam01_RGB_MB,,dataset
pbs_imgs,D:\Dineth\focus_binary_benchmark\dataset\pbs_imgs\unfocused\FieldPos446_Cam01_RGB_MB\FieldPos446_Cam01_RGB_MB_page_9.png,0,FieldPos446_Cam01_RGB_MB,,dataset
pbs_imgs,D:\Dineth\focus_binary_benchmark\dataset\pbs_imgs\unfocused\FieldPos447_Cam01_RGB_MB\FieldPos447_Cam01_RGB_MB_page_1.png,0,FieldPos447_Cam01_RGB_MB,,dataset
pbs_imgs,D:\Dineth\focus_binary_benchmark\dataset\pbs_imgs\unfocused\FieldPos447_Cam01_RGB_MB\FieldPos447_Cam01_RGB_MB_page_10.png,0,FieldPos447_Cam01_RGB_MB,,dataset
pbs_imgs,D:\Dineth\focus_binary_benchmark\dataset\pbs_imgs\unfocused\FieldPos447_Cam01_RGB_MB\FieldPos447_Cam01_RGB_MB_page_11.png,0,FieldPos447_Cam01_RGB_MB,,dataset
pbs_imgs,D:\Dineth\focus_binary_benchmark\dataset\pbs_imgs\unfocused\FieldPos447_Cam01_RGB_MB\FieldPos447_Cam01_RGB_MB_page_12.png,0,FieldPos447_Cam01_RGB_MB,,dataset
pbs_imgs,D:\Dineth\focus_binary_benchmark\dataset\pbs_imgs\unfocused\FieldPos447_Cam01_RGB_MB\FieldPos447_Cam01_RGB_MB_page_13.png,0,FieldPos447_Cam01_RGB_MB,,dataset
pbs_imgs,D:\Dineth\focus_binary_benchmark\dataset\pbs_imgs\unfocused\FieldPos447_Cam01_RGB_MB\FieldPos447_Cam01_RGB_MB_page_14.png,0,FieldPos447_Cam01_RGB_MB,,dataset
pbs_imgs,D:\Dineth\focus_binary_benchmark\dataset\pbs_imgs\unfocused\FieldPos447_Cam01_RGB_MB\FieldPos447_Cam01_RGB_MB_page_15.png,0,FieldPos447_Cam01_RGB_MB,,dataset
pbs_imgs,D:\Dineth\focus_binary_benchmark\dataset\pbs_imgs\unfocused\FieldPos447_Cam01_RGB_MB\FieldPos447_Cam01_RGB_MB_page_2.png,0,FieldPos447_Cam01_RGB_MB,,dataset
pbs_imgs,D:\Dineth\focus_binary_benchmark\dataset\pbs_imgs\unfocused\FieldPos447_Cam01_RGB_MB\FieldPos447_Cam01_RGB_MB_page_3.png,0,FieldPos447_Cam01_RGB_MB,,dataset
pbs_imgs,D:\Dineth\focus_binary_benchmark\dataset\pbs_imgs\unfocused\FieldPos447_Cam01_RGB_MB\FieldPos447_Cam01_RGB_MB_page_4.png,0,FieldPos447_Cam01_RGB_MB,,dataset
pbs_imgs,D:\Dineth\focus_binary_benchmark\dataset\pbs_imgs\unfocused\FieldPos447_Cam01_RGB_MB\FieldPos447_Cam01_RGB_MB_page_5.png,0,FieldPos447_Cam01_RGB_MB,,dataset
pbs_imgs,D:\Dineth\focus_binary_benchmark\dataset\pbs_imgs\unfocused\FieldPos447_Cam01_RGB_MB\FieldPos447_Cam01_RGB_MB_page_6.png,0,FieldPos447_Cam01_RGB_MB,,dataset
pbs_imgs,D:\Dineth\focus_binary_benchmark\dataset\pbs_imgs\unfocused\FieldPos448_Cam01_RGB_MB\FieldPos448_Cam01_RGB_MB_page_1.png,0,FieldPos448_Cam01_RGB_MB,,dataset
pbs_imgs,D:\Dineth\focus_binary_benchmark\dataset\pbs_imgs\unfocused\FieldPos448_Cam01_RGB_MB\FieldPos448_Cam01_RGB_MB_page_10.png,0,FieldPos448_Cam01_RGB_MB,,dataset
pbs_imgs,D:\Dineth\focus_binary_benchmark\dataset\pbs_imgs\unfocused\FieldPos448_Cam01_RGB_MB\FieldPos448_Cam01_RGB_MB_page_11.png,0,FieldPos448_Cam01_RGB_MB,,dataset
pbs_imgs,D:\Dineth\focus_binary_benchmark\dataset\pbs_imgs\unfocused\FieldPos448_Cam01_RGB_MB\FieldPos448_Cam01_RGB_MB_page_12.png,0,FieldPos448_Cam01_RGB_MB,,dataset
pbs_imgs,D:\Dineth\focus_binary_benchmark\dataset\pbs_imgs\unfocused\FieldPos448_Cam01_RGB_MB\FieldPos448_Cam01_RGB_MB_page_13.png,0,FieldPos448_Cam01_RGB_MB,,dataset
pbs_imgs,D:\Dineth\focus_binary_benchmark\dataset\pbs_imgs\unfocused\FieldPos448_Cam01_RGB_MB\FieldPos448_Cam01_RGB_MB_page_14.png,0,FieldPos448_Cam01_RGB_MB,,dataset
pbs_imgs,D:\Dineth\focus_binary_benchmark\dataset\pbs_imgs\unfocused\FieldPos448_Cam01_RGB_MB\FieldPos448_Cam01_RGB_MB_page_15.png,0,FieldPos448_Cam01_RGB_MB,,dataset
pbs_imgs,D:\Dineth\focus_binary_benchmark\dataset\pbs_imgs\unfocused\FieldPos448_Cam01_RGB_MB\FieldPos448_Cam01_RGB_MB_page_2.png,0,FieldPos448_Cam01_RGB_MB,,dataset
pbs_imgs,D:\Dineth\focus_binary_benchmark\dataset\pbs_imgs\unfocused\FieldPos448_Cam01_RGB_MB\FieldPos448_Cam01_RGB_MB_page_3.png,0,FieldPos448_Cam01_RGB_MB,,dataset
pbs_imgs,D:\Dineth\focus_binary_benchmark\dataset\pbs_imgs\unfocused\FieldPos448_Cam01_RGB_MB\FieldPos448_Cam01_RGB_MB_page_4.png,0,FieldPos448_Cam01_RGB_MB,,dataset
pbs_imgs,D:\Dineth\focus_binary_benchmark\dataset\pbs_imgs\unfocused\FieldPos448_Cam01_RGB_MB\FieldPos448_Cam01_RGB_MB_page_5.png,0,FieldPos448_Cam01_RGB_MB,,dataset
pbs_imgs,D:\Dineth\focus_binary_benchmark\dataset\pbs_imgs\unfocused\FieldPos448_Cam01_RGB_MB\FieldPos448_Cam01_RGB_MB_page_6.png,0,FieldPos448_Cam01_RGB_MB,,dataset
pbs_imgs,D:\Dineth\focus_binary_benchmark\dataset\pbs_imgs\unfocused\FieldPos449_Cam01_RGB_MB\FieldPos449_Cam01_RGB_MB_page_1.png,0,FieldPos449_Cam01_RGB_MB,,dataset
pbs_imgs,D:\Dineth\focus_binary_benchmark\dataset\pbs_imgs\unfocused\FieldPos449_Cam01_RGB_MB\FieldPos449_Cam01_RGB_MB_page_10.png,0,FieldPos449_Cam01_RGB_MB,,dataset
pbs_imgs,D:\Dineth\focus_binary_benchmark\dataset\pbs_imgs\unfocused\FieldPos449_Cam01_RGB_MB\FieldPos449_Cam01_RGB_MB_page_11.png,0,FieldPos449_Cam01_RGB_MB,,dataset
pbs_imgs,D:\Dineth\focus_binary_benchmark\dataset\pbs_imgs\unfocused\FieldPos449_Cam01_RGB_MB\FieldPos449_Cam01_RGB_MB_page_12.png,0,FieldPos449_Cam01_RGB_MB,,dataset
pbs_imgs,D:\Dineth\focus_binary_benchmark\dataset\pbs_imgs\unfocused\FieldPos449_Cam01_RGB_MB\FieldPos449_Cam01_RGB_MB_page_13.png,0,FieldPos449_Cam01_RGB_MB,,dataset
pbs_imgs,D:\Dineth\focus_binary_benchmark\dataset\pbs_imgs\unfocused\FieldPos449_Cam01_RGB_MB\FieldPos449_Cam01_RGB_MB_page_14.png,0,FieldPos449_Cam01_RGB_MB,,dataset
pbs_imgs,D:\Dineth\focus_binary_benchmark\dataset\pbs_imgs\unfocused\FieldPos449_Cam01_RGB_MB\FieldPos449_Cam01_RGB_MB_page_15.png,0,FieldPos449_Cam01_RGB_MB,,dataset
pbs_imgs,D:\Dineth\focus_binary_benchmark\dataset\pbs_imgs\unfocused\FieldPos449_Cam01_RGB_MB\FieldPos449_Cam01_RGB_MB_page_2.png,0,FieldPos449_Cam01_RGB_MB,,dataset
pbs_imgs,D:\Dineth\focus_binary_benchmark\dataset\pbs_imgs\unfocused\FieldPos449_Cam01_RGB_MB\FieldPos449_Cam01_RGB_MB_page_3.png,0,FieldPos449_Cam01_RGB_MB,,dataset
pbs_imgs,D:\Dineth\focus_binary_benchmark\dataset\pbs_imgs\unfocused\FieldPos449_Cam01_RGB_MB\FieldPos449_Cam01_RGB_MB_page_4.png,0,FieldPos449_Cam01_RGB_MB,,dataset
pbs_imgs,D:\Dineth\focus_binary_benchmark\dataset\pbs_imgs\unfocused\FieldPos449_Cam01_RGB_MB\FieldPos449_Cam01_RGB_MB_page_5.png,0,FieldPos449_Cam01_RGB_MB,,dataset
pbs_imgs,D:\Dineth\focus_binary_benchmark\dataset\pbs_imgs\unfocused\FieldPos449_Cam01_RGB_MB\FieldPos449_Cam01_RGB_MB_page_6.png,0,FieldPos449_Cam01_RGB_MB,,dataset
pbs_imgs,D:\Dineth\focus_binary_benchmark\dataset\pbs_imgs\unfocused\FieldPos450_Cam01_RGB_MB\FieldPos450_Cam01_RGB_MB_page_12.png,0,FieldPos450_Cam01_RGB_MB,,dataset
pbs_imgs,D:\Dineth\focus_binary_benchmark\dataset\pbs_imgs\unfocused\FieldPos450_Cam01_RGB_MB\FieldPos450_Cam01_RGB_MB_page_13.png,0,FieldPos450_Cam01_RGB_MB,,dataset
pbs_imgs,D:\Dineth\focus_binary_benchmark\dataset\pbs_imgs\unfocused\FieldPos450_Cam01_RGB_MB\FieldPos450_Cam01_RGB_MB_page_14.png,0,FieldPos450_Cam01_RGB_MB,,dataset
pbs_imgs,D:\Dineth\focus_binary_benchmark\dataset\pbs_imgs\unfocused\FieldPos450_Cam01_RGB_MB\FieldPos450_Cam01_RGB_MB_page_15.png,0,FieldPos450_Cam01_RGB_MB,,dataset
pbs_imgs,D:\Dineth\focus_binary_benchmark\dataset\pbs_imgs\unfocused\FieldPos450_Cam01_RGB_MB\FieldPos450_Cam01_RGB_MB_page_2.png,0,FieldPos450_Cam01_RGB_MB,,dataset
pbs_imgs,D:\Dineth\focus_binary_benchmark\dataset\pbs_imgs\unfocused\FieldPos450_Cam01_RGB_MB\FieldPos450_Cam01_RGB_MB_page_3.png,0,FieldPos450_Cam01_RGB_MB,,dataset
pbs_imgs,D:\Dineth\focus_binary_benchmark\dataset\pbs_imgs\unfocused\FieldPos450_Cam01_RGB_MB\FieldPos450_Cam01_RGB_MB_page_4.png,0,FieldPos450_Cam01_RGB_MB,,dataset
pbs_imgs,D:\Dineth\focus_binary_benchmark\dataset\pbs_imgs\unfocused\FieldPos450_Cam01_RGB_MB\FieldPos450_Cam01_RGB_MB_page_5.png,0,FieldPos450_Cam01_RGB_MB,,dataset
pbs_imgs,D:\Dineth\focus_binary_benchmark\dataset\pbs_imgs\unfocused\FieldPos450_Cam01_RGB_MB\FieldPos450_Cam01_RGB_MB_page_6.png,0,FieldPos450_Cam01_RGB_MB,,dataset
pbs_imgs,D:\Dineth\focus_binary_benchmark\dataset\pbs_imgs\unfocused\FieldPos450_Cam01_RGB_MB\FieldPos450_Cam01_RGB_MB_page_7.png,0,FieldPos450_Cam01_RGB_MB,,dataset
pbs_imgs,D:\Dineth\focus_binary_benchmark\dataset\pbs_imgs\unfocused\FieldPos450_Cam01_RGB_MB\FieldPos450_Cam01_RGB_MB_page_8.png,0,FieldPos450_Cam01_RGB_MB,,dataset
pbs_imgs,D:\Dineth\focus_binary_benchmark\dataset\pbs_imgs\unfocused\FieldPos450_Cam01_RGB_MB\FieldPos450_Cam01_RGB_MB_page_9.png,0,FieldPos450_Cam01_RGB_MB,,dataset
pbs_imgs,D:\Dineth\focus_binary_benchmark\dataset\pbs_imgs\unfocused\FieldPos451_Cam01_RGB_MB\FieldPos451_Cam01_RGB_MB_page_12.png,0,FieldPos451_Cam01_RGB_MB,,dataset
pbs_imgs,D:\Dineth\focus_binary_benchmark\dataset\pbs_imgs\unfocused\FieldPos451_Cam01_RGB_MB\FieldPos451_Cam01_RGB_MB_page_13.png,0,FieldPos451_Cam01_RGB_MB,,dataset
pbs_imgs,D:\Dineth\focus_binary_benchmark\dataset\pbs_imgs\unfocused\FieldPos451_Cam01_RGB_MB\FieldPos451_Cam01_RGB_MB_page_14.png,0,FieldPos451_Cam01_RGB_MB,,dataset
pbs_imgs,D:\Dineth\focus_binary_benchmark\dataset\pbs_imgs\unfocused\FieldPos451_Cam01_RGB_MB\FieldPos451_Cam01_RGB_MB_page_15.png,0,FieldPos451_Cam01_RGB_MB,,dataset
pbs_imgs,D:\Dineth\focus_binary_benchmark\dataset\pbs_imgs\unfocused\FieldPos451_Cam01_RGB_MB\FieldPos451_Cam01_RGB_MB_page_2.png,0,FieldPos451_Cam01_RGB_MB,,dataset
pbs_imgs,D:\Dineth\focus_binary_benchmark\dataset\pbs_imgs\unfocused\FieldPos451_Cam01_RGB_MB\FieldPos451_Cam01_RGB_MB_page_3.png,0,FieldPos451_Cam01_RGB_MB,,dataset
pbs_imgs,D:\Dineth\focus_binary_benchmark\dataset\pbs_imgs\unfocused\FieldPos451_Cam01_RGB_MB\FieldPos451_Cam01_RGB_MB_page_4.png,0,FieldPos451_Cam01_RGB_MB,,dataset
pbs_imgs,D:\Dineth\focus_binary_benchmark\dataset\pbs_imgs\unfocused\FieldPos451_Cam01_RGB_MB\FieldPos451_Cam01_RGB_MB_page_5.png,0,FieldPos451_Cam01_RGB_MB,,dataset
pbs_imgs,D:\Dineth\focus_binary_benchmark\dataset\pbs_imgs\unfocused\FieldPos451_Cam01_RGB_MB\FieldPos451_Cam01_RGB_MB_page_6.png,0,FieldPos451_Cam01_RGB_MB,,dataset
pbs_imgs,D:\Dineth\focus_binary_benchmark\dataset\pbs_imgs\unfocused\FieldPos451_Cam01_RGB_MB\FieldPos451_Cam01_RGB_MB_page_7.png,0,FieldPos451_Cam01_RGB_MB,,dataset
pbs_imgs,D:\Dineth\focus_binary_benchmark\dataset\pbs_imgs\unfocused\FieldPos451_Cam01_RGB_MB\FieldPos451_Cam01_RGB_MB_page_8.png,0,FieldPos451_Cam01_RGB_MB,,dataset
pbs_imgs,D:\Dineth\focus_binary_benchmark\dataset\pbs_imgs\unfocused\FieldPos451_Cam01_RGB_MB\FieldPos451_Cam01_RGB_MB_page_9.png,0,FieldPos451_Cam01_RGB_MB,,dataset
pbs_imgs,D:\Dineth\focus_binary_benchmark\dataset\pbs_imgs\unfocused\FieldPos452_Cam01_RGB_MB\FieldPos452_Cam01_RGB_MB_page_1.png,0,FieldPos452_Cam01_RGB_MB,,dataset
pbs_imgs,D:\Dineth\focus_binary_benchmark\dataset\pbs_imgs\unfocused\FieldPos452_Cam01_RGB_MB\FieldPos452_Cam01_RGB_MB_page_10.png,0,FieldPos452_Cam01_RGB_MB,,dataset
pbs_imgs,D:\Dineth\focus_binary_benchmark\dataset\pbs_imgs\unfocused\FieldPos452_Cam01_RGB_MB\FieldPos452_Cam01_RGB_MB_page_14.png,0,FieldPos452_Cam01_RGB_MB,,dataset
pbs_imgs,D:\Dineth\focus_binary_benchmark\dataset\pbs_imgs\unfocused\FieldPos452_Cam01_RGB_MB\FieldPos452_Cam01_RGB_MB_page_15.png,0,FieldPos452_Cam01_RGB_MB,,dataset
pbs_imgs,D:\Dineth\focus_binary_benchmark\dataset\pbs_imgs\unfocused\FieldPos452_Cam01_RGB_MB\FieldPos452_Cam01_RGB_MB_page_2.png,0,FieldPos452_Cam01_RGB_MB,,dataset
pbs_imgs,D:\Dineth\focus_binary_benchmark\dataset\pbs_imgs\unfocused\FieldPos452_Cam01_RGB_MB\FieldPos452_Cam01_RGB_MB_page_3.png,0,FieldPos452_Cam01_RGB_MB,,dataset
pbs_imgs,D:\Dineth\focus_binary_benchmark\dataset\pbs_imgs\unfocused\FieldPos452_Cam01_RGB_MB\FieldPos452_Cam01_RGB_MB_page_4.png,0,FieldPos452_Cam01_RGB_MB,,dataset
pbs_imgs,D:\Dineth\focus_binary_benchmark\dataset\pbs_imgs\unfocused\FieldPos452_Cam01_RGB_MB\FieldPos452_Cam01_RGB_MB_page_5.png,0,FieldPos452_Cam01_RGB_MB,,dataset
pbs_imgs,D:\Dineth\focus_binary_benchmark\dataset\pbs_imgs\unfocused\FieldPos452_Cam01_RGB_MB\FieldPos452_Cam01_RGB_MB_page_6.png,0,FieldPos452_Cam01_RGB_MB,,dataset
pbs_imgs,D:\Dineth\focus_binary_benchmark\dataset\pbs_imgs\unfocused\FieldPos452_Cam01_RGB_MB\FieldPos452_Cam01_RGB_MB_page_7.png,0,FieldPos452_Cam01_RGB_MB,,dataset
pbs_imgs,D:\Dineth\focus_binary_benchmark\dataset\pbs_imgs\unfocused\FieldPos452_Cam01_RGB_MB\FieldPos452_Cam01_RGB_MB_page_8.png,0,FieldPos452_Cam01_RGB_MB,,dataset
pbs_imgs,D:\Dineth\focus_binary_benchmark\dataset\pbs_imgs\unfocused\FieldPos452_Cam01_RGB_MB\FieldPos452_Cam01_RGB_MB_page_9.png,0,FieldPos452_Cam01_RGB_MB,,dataset
pbs_imgs,D:\Dineth\focus_binary_benchmark\dataset\pbs_imgs\unfocused\FieldPos468_Cam01_RGB_MB\FieldPos468_Cam01_RGB_MB_page_12.png,0,FieldPos468_Cam01_RGB_MB,,dataset
pbs_imgs,D:\Dineth\focus_binary_benchmark\dataset\pbs_imgs\unfocused\FieldPos468_Cam01_RGB_MB\FieldPos468_Cam01_RGB_MB_page_13.png,0,FieldPos468_Cam01_RGB_MB,,dataset
pbs_imgs,D:\Dineth\focus_binary_benchmark\dataset\pbs_imgs\unfocused\FieldPos468_Cam01_RGB_MB\FieldPos468_Cam01_RGB_MB_page_14.png,0,FieldPos468_Cam01_RGB_MB,,dataset
pbs_imgs,D:\Dineth\focus_binary_benchmark\dataset\pbs_imgs\unfocused\FieldPos468_Cam01_RGB_MB\FieldPos468_Cam01_RGB_MB_page_15.png,0,FieldPos468_Cam01_RGB_MB,,dataset
pbs_imgs,D:\Dineth\focus_binary_benchmark\dataset\pbs_imgs\unfocused\FieldPos468_Cam01_RGB_MB\FieldPos468_Cam01_RGB_MB_page_2.png,0,FieldPos468_Cam01_RGB_MB,,dataset
pbs_imgs,D:\Dineth\focus_binary_benchmark\dataset\pbs_imgs\unfocused\FieldPos468_Cam01_RGB_MB\FieldPos468_Cam01_RGB_MB_page_3.png,0,FieldPos468_Cam01_RGB_MB,,dataset
pbs_imgs,D:\Dineth\focus_binary_benchmark\dataset\pbs_imgs\unfocused\FieldPos468_Cam01_RGB_MB\FieldPos468_Cam01_RGB_MB_page_4.png,0,FieldPos468_Cam01_RGB_MB,,dataset
pbs_imgs,D:\Dineth\focus_binary_benchmark\dataset\pbs_imgs\unfocused\FieldPos468_Cam01_RGB_MB\FieldPos468_Cam01_RGB_MB_page_5.png,0,FieldPos468_Cam01_RGB_MB,,dataset
pbs_imgs,D:\Dineth\focus_binary_benchmark\dataset\pbs_imgs\unfocused\FieldPos468_Cam01_RGB_MB\FieldPos468_Cam01_RGB_MB_page_6.png,0,FieldPos468_Cam01_RGB_MB,,dataset
pbs_imgs,D:\Dineth\focus_binary_benchmark\dataset\pbs_imgs\unfocused\FieldPos468_Cam01_RGB_MB\FieldPos468_Cam01_RGB_MB_page_7.png,0,FieldPos468_Cam01_RGB_MB,,dataset
pbs_imgs,D:\Dineth\focus_binary_benchmark\dataset\pbs_imgs\unfocused\FieldPos468_Cam01_RGB_MB\FieldPos468_Cam01_RGB_MB_page_8.png,0,FieldPos468_Cam01_RGB_MB,,dataset
pbs_imgs,D:\Dineth\focus_binary_benchmark\dataset\pbs_imgs\unfocused\FieldPos468_Cam01_RGB_MB\FieldPos468_Cam01_RGB_MB_page_9.png,0,FieldPos468_Cam01_RGB_MB,,dataset
pbs_imgs,D:\Dineth\focus_binary_benchmark\dataset\pbs_imgs\unfocused\FieldPos469_Cam01_RGB_MB\FieldPos469_Cam01_RGB_MB_page_1.png,0,FieldPos469_Cam01_RGB_MB,,dataset
pbs_imgs,D:\Dineth\focus_binary_benchmark\dataset\pbs_imgs\unfocused\FieldPos469_Cam01_RGB_MB\FieldPos469_Cam01_RGB_MB_page_13.png,0,FieldPos469_Cam01_RGB_MB,,dataset
pbs_imgs,D:\Dineth\focus_binary_benchmark\dataset\pbs_imgs\unfocused\FieldPos469_Cam01_RGB_MB\FieldPos469_Cam01_RGB_MB_page_14.png,0,FieldPos469_Cam01_RGB_MB,,dataset
pbs_imgs,D:\Dineth\focus_binary_benchmark\dataset\pbs_imgs\unfocused\FieldPos469_Cam01_RGB_MB\FieldPos469_Cam01_RGB_MB_page_15.png,0,FieldPos469_Cam01_RGB_MB,,dataset
pbs_imgs,D:\Dineth\focus_binary_benchmark\dataset\pbs_imgs\unfocused\FieldPos469_Cam01_RGB_MB\FieldPos469_Cam01_RGB_MB_page_2.png,0,FieldPos469_Cam01_RGB_MB,,dataset
pbs_imgs,D:\Dineth\focus_binary_benchmark\dataset\pbs_imgs\unfocused\FieldPos469_Cam01_RGB_MB\FieldPos469_Cam01_RGB_MB_page_3.png,0,FieldPos469_Cam01_RGB_MB,,dataset
pbs_imgs,D:\Dineth\focus_binary_benchmark\dataset\pbs_imgs\unfocused\FieldPos469_Cam01_RGB_MB\FieldPos469_Cam01_RGB_MB_page_4.png,0,FieldPos469_Cam01_RGB_MB,,dataset
pbs_imgs,D:\Dineth\focus_binary_benchmark\dataset\pbs_imgs\unfocused\FieldPos469_Cam01_RGB_MB\FieldPos469_Cam01_RGB_MB_page_5.png,0,FieldPos469_Cam01_RGB_MB,,dataset
pbs_imgs,D:\Dineth\focus_binary_benchmark\dataset\pbs_imgs\unfocused\FieldPos469_Cam01_RGB_MB\FieldPos469_Cam01_RGB_MB_page_6.png,0,FieldPos469_Cam01_RGB_MB,,dataset
pbs_imgs,D:\Dineth\focus_binary_benchmark\dataset\pbs_imgs\unfocused\FieldPos469_Cam01_RGB_MB\FieldPos469_Cam01_RGB_MB_page_7.png,0,FieldPos469_Cam01_RGB_MB,,dataset
pbs_imgs,D:\Dineth\focus_binary_benchmark\dataset\pbs_imgs\unfocused\FieldPos469_Cam01_RGB_MB\FieldPos469_Cam01_RGB_MB_page_8.png,0,FieldPos469_Cam01_RGB_MB,,dataset
pbs_imgs,D:\Dineth\focus_binary_benchmark\dataset\pbs_imgs\unfocused\FieldPos469_Cam01_RGB_MB\FieldPos469_Cam01_RGB_MB_page_9.png,0,FieldPos469_Cam01_RGB_MB,,dataset
pbs_imgs,D:\Dineth\focus_binary_benchmark\dataset\pbs_imgs\unfocused\FieldPos470_Cam01_RGB_MB\FieldPos470_Cam01_RGB_MB_page_1.png,0,FieldPos470_Cam01_RGB_MB,,dataset
pbs_imgs,D:\Dineth\focus_binary_benchmark\dataset\pbs_imgs\unfocused\FieldPos470_Cam01_RGB_MB\FieldPos470_Cam01_RGB_MB_page_10.png,0,FieldPos470_Cam01_RGB_MB,,dataset
pbs_imgs,D:\Dineth\focus_binary_benchmark\dataset\pbs_imgs\unfocused\FieldPos470_Cam01_RGB_MB\FieldPos470_Cam01_RGB_MB_page_11.png,0,FieldPos470_Cam01_RGB_MB,,dataset
pbs_imgs,D:\Dineth\focus_binary_benchmark\dataset\pbs_imgs\unfocused\FieldPos470_Cam01_RGB_MB\FieldPos470_Cam01_RGB_MB_page_12.png,0,FieldPos470_Cam01_RGB_MB,,dataset
pbs_imgs,D:\Dineth\focus_binary_benchmark\dataset\pbs_imgs\unfocused\FieldPos470_Cam01_RGB_MB\FieldPos470_Cam01_RGB_MB_page_13.png,0,FieldPos470_Cam01_RGB_MB,,dataset
pbs_imgs,D:\Dineth\focus_binary_benchmark\dataset\pbs_imgs\unfocused\FieldPos470_Cam01_RGB_MB\FieldPos470_Cam01_RGB_MB_page_14.png,0,FieldPos470_Cam01_RGB_MB,,dataset
pbs_imgs,D:\Dineth\focus_binary_benchmark\dataset\pbs_imgs\unfocused\FieldPos470_Cam01_RGB_MB\FieldPos470_Cam01_RGB_MB_page_15.png,0,FieldPos470_Cam01_RGB_MB,,dataset
pbs_imgs,D:\Dineth\focus_binary_benchmark\dataset\pbs_imgs\unfocused\FieldPos470_Cam01_RGB_MB\FieldPos470_Cam01_RGB_MB_page_2.png,0,FieldPos470_Cam01_RGB_MB,,dataset
pbs_imgs,D:\Dineth\focus_binary_benchmark\dataset\pbs_imgs\unfocused\FieldPos470_Cam01_RGB_MB\FieldPos470_Cam01_RGB_MB_page_3.png,0,FieldPos470_Cam01_RGB_MB,,dataset
pbs_imgs,D:\Dineth\focus_binary_benchmark\dataset\pbs_imgs\unfocused\FieldPos470_Cam01_RGB_MB\FieldPos470_Cam01_RGB_MB_page_4.png,0,FieldPos470_Cam01_RGB_MB,,dataset
pbs_imgs,D:\Dineth\focus_binary_benchmark\dataset\pbs_imgs\unfocused\FieldPos470_Cam01_RGB_MB\FieldPos470_Cam01_RGB_MB_page_5.png,0,FieldPos470_Cam01_RGB_MB,,dataset
pbs_imgs,D:\Dineth\focus_binary_benchmark\dataset\pbs_imgs\unfocused\FieldPos470_Cam01_RGB_MB\FieldPos470_Cam01_RGB_MB_page_6.png,0,FieldPos470_Cam01_RGB_MB,,dataset
pbs_imgs,D:\Dineth\focus_binary_benchmark\dataset\pbs_imgs\unfocused\FieldPos471_Cam01_RGB_MB\FieldPos471_Cam01_RGB_MB_page_1.png,0,FieldPos471_Cam01_RGB_MB,,dataset
pbs_imgs,D:\Dineth\focus_binary_benchmark\dataset\pbs_imgs\unfocused\FieldPos471_Cam01_RGB_MB\FieldPos471_Cam01_RGB_MB_page_10.png,0,FieldPos471_Cam01_RGB_MB,,dataset
pbs_imgs,D:\Dineth\focus_binary_benchmark\dataset\pbs_imgs\unfocused\FieldPos471_Cam01_RGB_MB\FieldPos471_Cam01_RGB_MB_page_11.png,0,FieldPos471_Cam01_RGB_MB,,dataset
pbs_imgs,D:\Dineth\focus_binary_benchmark\dataset\pbs_imgs\unfocused\FieldPos471_Cam01_RGB_MB\FieldPos471_Cam01_RGB_MB_page_12.png,0,FieldPos471_Cam01_RGB_MB,,dataset
pbs_imgs,D:\Dineth\focus_binary_benchmark\dataset\pbs_imgs\unfocused\FieldPos471_Cam01_RGB_MB\FieldPos471_Cam01_RGB_MB_page_13.png,0,FieldPos471_Cam01_RGB_MB,,dataset
pbs_imgs,D:\Dineth\focus_binary_benchmark\dataset\pbs_imgs\unfocused\FieldPos471_Cam01_RGB_MB\FieldPos471_Cam01_RGB_MB_page_14.png,0,FieldPos471_Cam01_RGB_MB,,dataset
pbs_imgs,D:\Dineth\focus_binary_benchmark\dataset\pbs_imgs\unfocused\FieldPos471_Cam01_RGB_MB\FieldPos471_Cam01_RGB_MB_page_15.png,0,FieldPos471_Cam01_RGB_MB,,dataset
pbs_imgs,D:\Dineth\focus_binary_benchmark\dataset\pbs_imgs\unfocused\FieldPos471_Cam01_RGB_MB\FieldPos471_Cam01_RGB_MB_page_2.png,0,FieldPos471_Cam01_RGB_MB,,dataset
pbs_imgs,D:\Dineth\focus_binary_benchmark\dataset\pbs_imgs\unfocused\FieldPos471_Cam01_RGB_MB\FieldPos471_Cam01_RGB_MB_page_3.png,0,FieldPos471_Cam01_RGB_MB,,dataset
pbs_imgs,D:\Dineth\focus_binary_benchmark\dataset\pbs_imgs\unfocused\FieldPos471_Cam01_RGB_MB\FieldPos471_Cam01_RGB_MB_page_4.png,0,FieldPos471_Cam01_RGB_MB,,dataset
pbs_imgs,D:\Dineth\focus_binary_benchmark\dataset\pbs_imgs\unfocused\FieldPos471_Cam01_RGB_MB\FieldPos471_Cam01_RGB_MB_page_5.png,0,FieldPos471_Cam01_RGB_MB,,dataset
pbs_imgs,D:\Dineth\focus_binary_benchmark\dataset\pbs_imgs\unfocused\FieldPos471_Cam01_RGB_MB\FieldPos471_Cam01_RGB_MB_page_6.png,0,FieldPos471_Cam01_RGB_MB,,dataset
pbs_imgs,D:\Dineth\focus_binary_benchmark\dataset\pbs_imgs\unfocused\FieldPos472_Cam01_RGB_MB\FieldPos472_Cam01_RGB_MB_page_1.png,0,FieldPos472_Cam01_RGB_MB,,dataset
pbs_imgs,D:\Dineth\focus_binary_benchmark\dataset\pbs_imgs\unfocused\FieldPos472_Cam01_RGB_MB\FieldPos472_Cam01_RGB_MB_page_10.png,0,FieldPos472_Cam01_RGB_MB,,dataset
pbs_imgs,D:\Dineth\focus_binary_benchmark\dataset\pbs_imgs\unfocused\FieldPos472_Cam01_RGB_MB\FieldPos472_Cam01_RGB_MB_page_11.png,0,FieldPos472_Cam01_RGB_MB,,dataset
pbs_imgs,D:\Dineth\focus_binary_benchmark\dataset\pbs_imgs\unfocused\FieldPos472_Cam01_RGB_MB\FieldPos472_Cam01_RGB_MB_page_12.png,0,FieldPos472_Cam01_RGB_MB,,dataset
pbs_imgs,D:\Dineth\focus_binary_benchmark\dataset\pbs_imgs\unfocused\FieldPos472_Cam01_RGB_MB\FieldPos472_Cam01_RGB_MB_page_13.png,0,FieldPos472_Cam01_RGB_MB,,dataset
pbs_imgs,D:\Dineth\focus_binary_benchmark\dataset\pbs_imgs\unfocused\FieldPos472_Cam01_RGB_MB\FieldPos472_Cam01_RGB_MB_page_14.png,0,FieldPos472_Cam01_RGB_MB,,dataset
pbs_imgs,D:\Dineth\focus_binary_benchmark\dataset\pbs_imgs\unfocused\FieldPos472_Cam01_RGB_MB\FieldPos472_Cam01_RGB_MB_page_15.png,0,FieldPos472_Cam01_RGB_MB,,dataset
pbs_imgs,D:\Dineth\focus_binary_benchmark\dataset\pbs_imgs\unfocused\FieldPos472_Cam01_RGB_MB\FieldPos472_Cam01_RGB_MB_page_2.png,0,FieldPos472_Cam01_RGB_MB,,dataset
pbs_imgs,D:\Dineth\focus_binary_benchmark\dataset\pbs_imgs\unfocused\FieldPos472_Cam01_RGB_MB\FieldPos472_Cam01_RGB_MB_page_3.png,0,FieldPos472_Cam01_RGB_MB,,dataset
pbs_imgs,D:\Dineth\focus_binary_benchmark\dataset\pbs_imgs\unfocused\FieldPos472_Cam01_RGB_MB\FieldPos472_Cam01_RGB_MB_page_4.png,0,FieldPos472_Cam01_RGB_MB,,dataset
pbs_imgs,D:\Dineth\focus_binary_benchmark\dataset\pbs_imgs\unfocused\FieldPos472_Cam01_RGB_MB\FieldPos472_Cam01_RGB_MB_page_5.png,0,FieldPos472_Cam01_RGB_MB,,dataset
pbs_imgs,D:\Dineth\focus_binary_benchmark\dataset\pbs_imgs\unfocused\FieldPos472_Cam01_RGB_MB\FieldPos472_Cam01_RGB_MB_page_6.png,0,FieldPos472_Cam01_RGB_MB,,dataset
tbf_imgs,D:\Dineth\focus_binary_benchmark\dataset\tbf_imgs\focused\FieldPos000\FieldPos000_page_5.png,1,FieldPos000,,dataset
tbf_imgs,D:\Dineth\focus_binary_benchmark\dataset\tbf_imgs\focused\FieldPos000 (2)\FieldPos000 (2)_page_7.png,1,FieldPos000 (2),,dataset
tbf_imgs,D:\Dineth\focus_binary_benchmark\dataset\tbf_imgs\focused\FieldPos000 (3)\FieldPos000 (3)_page_8.png,1,FieldPos000 (3),,dataset
tbf_imgs,D:\Dineth\focus_binary_benchmark\dataset\tbf_imgs\focused\FieldPos000 (4)\FieldPos000 (4)_page_7.png,1,FieldPos000 (4),,dataset
tbf_imgs,D:\Dineth\focus_binary_benchmark\dataset\tbf_imgs\focused\FieldPos000 (5)\FieldPos000 (5)_page_8.png,1,FieldPos000 (5),,dataset
tbf_imgs,D:\Dineth\focus_binary_benchmark\dataset\tbf_imgs\focused\FieldPos000 (6)\FieldPos000 (6)_page_7.png,1,FieldPos000 (6),,dataset
tbf_imgs,D:\Dineth\focus_binary_benchmark\dataset\tbf_imgs\focused\FieldPos001\FieldPos001_page_5.png,1,FieldPos001,,dataset
tbf_imgs,D:\Dineth\focus_binary_benchmark\dataset\tbf_imgs\focused\FieldPos001 (2)\FieldPos001 (2)_page_8.png,1,FieldPos001 (2),,dataset
tbf_imgs,D:\Dineth\focus_binary_benchmark\dataset\tbf_imgs\focused\FieldPos001 (3)\FieldPos001 (3)_page_8.png,1,FieldPos001 (3),,dataset
tbf_imgs,D:\Dineth\focus_binary_benchmark\dataset\tbf_imgs\focused\FieldPos001 (4)\FieldPos001 (4)_page_7.png,1,FieldPos001 (4),,dataset
tbf_imgs,D:\Dineth\focus_binary_benchmark\dataset\tbf_imgs\focused\FieldPos001 (5)\FieldPos001 (5)_page_8.png,1,FieldPos001 (5),,dataset
tbf_imgs,D:\Dineth\focus_binary_benchmark\dataset\tbf_imgs\focused\FieldPos001 (6)\FieldPos001 (6)_page_7.png,1,FieldPos001 (6),,dataset
tbf_imgs,D:\Dineth\focus_binary_benchmark\dataset\tbf_imgs\focused\FieldPos001 (7)\FieldPos001 (7)_page_7.png,1,FieldPos001 (7),,dataset
tbf_imgs,D:\Dineth\focus_binary_benchmark\dataset\tbf_imgs\focused\FieldPos002\FieldPos002_page_6.png,1,FieldPos002,,dataset
tbf_imgs,D:\Dineth\focus_binary_benchmark\dataset\tbf_imgs\focused\FieldPos002 (2)\FieldPos002 (2)_page_7.png,1,FieldPos002 (2),,dataset
tbf_imgs,D:\Dineth\focus_binary_benchmark\dataset\tbf_imgs\focused\FieldPos002 (3)\FieldPos002 (3)_page_8.png,1,FieldPos002 (3),,dataset
tbf_imgs,D:\Dineth\focus_binary_benchmark\dataset\tbf_imgs\focused\FieldPos002 (4)\FieldPos002 (4)_page_7.png,1,FieldPos002 (4),,dataset
tbf_imgs,D:\Dineth\focus_binary_benchmark\dataset\tbf_imgs\focused\FieldPos002 (5)\FieldPos002 (5)_page_8.png,1,FieldPos002 (5),,dataset
tbf_imgs,D:\Dineth\focus_binary_benchmark\dataset\tbf_imgs\focused\FieldPos002 (6)\FieldPos002 (6)_page_8.png,1,FieldPos002 (6),,dataset
tbf_imgs,D:\Dineth\focus_binary_benchmark\dataset\tbf_imgs\focused\FieldPos003\FieldPos003_page_6.png,1,FieldPos003,,dataset
tbf_imgs,D:\Dineth\focus_binary_benchmark\dataset\tbf_imgs\focused\FieldPos003 (2)\FieldPos003 (2)_page_6.png,1,FieldPos003 (2),,dataset
tbf_imgs,D:\Dineth\focus_binary_benchmark\dataset\tbf_imgs\focused\FieldPos003 (3)\FieldPos003 (3)_page_7.png,1,FieldPos003 (3),,dataset
tbf_imgs,D:\Dineth\focus_binary_benchmark\dataset\tbf_imgs\focused\FieldPos003 (4)\FieldPos003 (4)_page_7.png,1,FieldPos003 (4),,dataset
tbf_imgs,D:\Dineth\focus_binary_benchmark\dataset\tbf_imgs\focused\FieldPos003 (5)\FieldPos003 (5)_page_6.png,1,FieldPos003 (5),,dataset
tbf_imgs,D:\Dineth\focus_binary_benchmark\dataset\tbf_imgs\focused\FieldPos004\FieldPos004_page_7.png,1,FieldPos004,,dataset
tbf_imgs,D:\Dineth\focus_binary_benchmark\dataset\tbf_imgs\focused\FieldPos004 (2)\FieldPos004 (2)_page_6.png,1,FieldPos004 (2),,dataset
tbf_imgs,D:\Dineth\focus_binary_benchmark\dataset\tbf_imgs\focused\FieldPos004 (3)\FieldPos004 (3)_page_7.png,1,FieldPos004 (3),,dataset
tbf_imgs,D:\Dineth\focus_binary_benchmark\dataset\tbf_imgs\focused\FieldPos004 (4)\FieldPos004 (4)_page_7.png,1,FieldPos004 (4),,dataset
tbf_imgs,D:\Dineth\focus_binary_benchmark\dataset\tbf_imgs\focused\FieldPos004 (5)\FieldPos004 (5)_page_7.png,1,FieldPos004 (5),,dataset
tbf_imgs,D:\Dineth\focus_binary_benchmark\dataset\tbf_imgs\focused\FieldPos005\FieldPos005_page_7.png,1,FieldPos005,,dataset
tbf_imgs,D:\Dineth\focus_binary_benchmark\dataset\tbf_imgs\focused\FieldPos005 (2)\FieldPos005 (2)_page_7.png,1,FieldPos005 (2),,dataset
tbf_imgs,D:\Dineth\focus_binary_benchmark\dataset\tbf_imgs\focused\FieldPos006\FieldPos006_page_7.png,1,FieldPos006,,dataset
tbf_imgs,D:\Dineth\focus_binary_benchmark\dataset\tbf_imgs\focused\FieldPos006 (2)\FieldPos006 (2)_page_7.png,1,FieldPos006 (2),,dataset
tbf_imgs,D:\Dineth\focus_binary_benchmark\dataset\tbf_imgs\focused\FieldPos007\FieldPos007_page_8.png,1,FieldPos007,,dataset
tbf_imgs,D:\Dineth\focus_binary_benchmark\dataset\tbf_imgs\focused\FieldPos007 (2)\FieldPos007 (2)_page_10.png,1,FieldPos007 (2),,dataset
tbf_imgs,D:\Dineth\focus_binary_benchmark\dataset\tbf_imgs\focused\FieldPos007 (3)\FieldPos007 (3)_page_6.png,1,FieldPos007 (3),,dataset
tbf_imgs,D:\Dineth\focus_binary_benchmark\dataset\tbf_imgs\focused\FieldPos008\FieldPos008_page_7.png,1,FieldPos008,,dataset
tbf_imgs,D:\Dineth\focus_binary_benchmark\dataset\tbf_imgs\focused\FieldPos008 (2)\FieldPos008 (2)_page_7.png,1,FieldPos008 (2),,dataset
tbf_imgs,D:\Dineth\focus_binary_benchmark\dataset\tbf_imgs\focused\FieldPos009\FieldPos009_page_7.png,1,FieldPos009,,dataset
tbf_imgs,D:\Dineth\focus_binary_benchmark\dataset\tbf_imgs\focused\FieldPos009 (2)\FieldPos009 (2)_page_7.png,1,FieldPos009 (2),,dataset
tbf_imgs,D:\Dineth\focus_binary_benchmark\dataset\tbf_imgs\focused\FieldPos009 (3)\FieldPos009 (3)_page_7.png,1,FieldPos009 (3),,dataset
tbf_imgs,D:\Dineth\focus_binary_benchmark\dataset\tbf_imgs\focused\FieldPos010\FieldPos010_page_7.png,1,FieldPos010,,dataset
tbf_imgs,D:\Dineth\focus_binary_benchmark\dataset\tbf_imgs\focused\FieldPos010 (2)\FieldPos010 (2)_page_7.png,1,FieldPos010 (2),,dataset
tbf_imgs,D:\Dineth\focus_binary_benchmark\dataset\tbf_imgs\focused\FieldPos011\FieldPos011_page_6.png,1,FieldPos011,,dataset
tbf_imgs,D:\Dineth\focus_binary_benchmark\dataset\tbf_imgs\focused\FieldPos011 (2)\FieldPos011 (2)_page_8.png,1,FieldPos011 (2),,dataset
tbf_imgs,D:\Dineth\focus_binary_benchmark\dataset\tbf_imgs\focused\FieldPos012\FieldPos012_page_5.png,1,FieldPos012,,dataset
tbf_imgs,D:\Dineth\focus_binary_benchmark\dataset\tbf_imgs\focused\FieldPos012 (2)\FieldPos012 (2)_page_8.png,1,FieldPos012 (2),,dataset
tbf_imgs,D:\Dineth\focus_binary_benchmark\dataset\tbf_imgs\focused\FieldPos013\FieldPos013_page_7.png,1,FieldPos013,,dataset
tbf_imgs,D:\Dineth\focus_binary_benchmark\dataset\tbf_imgs\focused\FieldPos013 (2)\FieldPos013 (2)_page_8.png,1,FieldPos013 (2),,dataset
tbf_imgs,D:\Dineth\focus_binary_benchmark\dataset\tbf_imgs\focused\FieldPos014\FieldPos014_page_5.png,1,FieldPos014,,dataset
tbf_imgs,D:\Dineth\focus_binary_benchmark\dataset\tbf_imgs\focused\FieldPos014 (2)\FieldPos014 (2)_page_8.png,1,FieldPos014 (2),,dataset
tbf_imgs,D:\Dineth\focus_binary_benchmark\dataset\tbf_imgs\focused\FieldPos015\FieldPos015_page_7.png,1,FieldPos015,,dataset
tbf_imgs,D:\Dineth\focus_binary_benchmark\dataset\tbf_imgs\focused\FieldPos015 (2)\FieldPos015 (2)_page_8.png,1,FieldPos015 (2),,dataset
tbf_imgs,D:\Dineth\focus_binary_benchmark\dataset\tbf_imgs\focused\FieldPos015 (3)\FieldPos015 (3)_page_8.png,1,FieldPos015 (3),,dataset
tbf_imgs,D:\Dineth\focus_binary_benchmark\dataset\tbf_imgs\focused\FieldPos016\FieldPos016_page_7.png,1,FieldPos016,,dataset
tbf_imgs,D:\Dineth\focus_binary_benchmark\dataset\tbf_imgs\focused\FieldPos017\FieldPos017_page_5.png,1,FieldPos017,,dataset
tbf_imgs,D:\Dineth\focus_binary_benchmark\dataset\tbf_imgs\focused\FieldPos017 (2)\FieldPos017 (2)_page_7.png,1,FieldPos017 (2),,dataset
tbf_imgs,D:\Dineth\focus_binary_benchmark\dataset\tbf_imgs\focused\FieldPos018\FieldPos018_page_5.png,1,FieldPos018,,dataset
tbf_imgs,D:\Dineth\focus_binary_benchmark\dataset\tbf_imgs\focused\FieldPos018 (2)\FieldPos018 (2)_page_6.png,1,FieldPos018 (2),,dataset
tbf_imgs,D:\Dineth\focus_binary_benchmark\dataset\tbf_imgs\focused\FieldPos018 (3)\FieldPos018 (3)_page_6.png,1,FieldPos018 (3),,dataset
tbf_imgs,D:\Dineth\focus_binary_benchmark\dataset\tbf_imgs\focused\FieldPos019\FieldPos019_page_5.png,1,FieldPos019,,dataset
tbf_imgs,D:\Dineth\focus_binary_benchmark\dataset\tbf_imgs\focused\FieldPos019 (2)\FieldPos019 (2)_page_6.png,1,FieldPos019 (2),,dataset
tbf_imgs,D:\Dineth\focus_binary_benchmark\dataset\tbf_imgs\focused\FieldPos020\FieldPos020_page_5.png,1,FieldPos020,,dataset
tbf_imgs,D:\Dineth\focus_binary_benchmark\dataset\tbf_imgs\focused\FieldPos020 (2)\FieldPos020 (2)_page_7.png,1,FieldPos020 (2),,dataset
tbf_imgs,D:\Dineth\focus_binary_benchmark\dataset\tbf_imgs\focused\FieldPos020 (3)\FieldPos020 (3)_page_7.png,1,FieldPos020 (3),,dataset
tbf_imgs,D:\Dineth\focus_binary_benchmark\dataset\tbf_imgs\focused\FieldPos021\FieldPos021_page_7.png,1,FieldPos021,,dataset
tbf_imgs,D:\Dineth\focus_binary_benchmark\dataset\tbf_imgs\focused\FieldPos022\FieldPos022_page_7.png,1,FieldPos022,,dataset
tbf_imgs,D:\Dineth\focus_binary_benchmark\dataset\tbf_imgs\focused\FieldPos023\FieldPos023_page_6.png,1,FieldPos023,,dataset
tbf_imgs,D:\Dineth\focus_binary_benchmark\dataset\tbf_imgs\focused\FieldPos024\FieldPos024_page_8.png,1,FieldPos024,,dataset
tbf_imgs,D:\Dineth\focus_binary_benchmark\dataset\tbf_imgs\focused\FieldPos025\FieldPos025_page_8.png,1,FieldPos025,,dataset
tbf_imgs,D:\Dineth\focus_binary_benchmark\dataset\tbf_imgs\focused\FieldPos026\FieldPos026_page_8.png,1,FieldPos026,,dataset
tbf_imgs,D:\Dineth\focus_binary_benchmark\dataset\tbf_imgs\focused\FieldPos027\FieldPos027_page_8.png,1,FieldPos027,,dataset
tbf_imgs,D:\Dineth\focus_binary_benchmark\dataset\tbf_imgs\focused\FieldPos028\FieldPos028_page_8.png,1,FieldPos028,,dataset
tbf_imgs,D:\Dineth\focus_binary_benchmark\dataset\tbf_imgs\focused\FieldPos029\FieldPos029_page_8.png,1,FieldPos029,,dataset
tbf_imgs,D:\Dineth\focus_binary_benchmark\dataset\tbf_imgs\focused\FieldPos030\FieldPos030_page_7.png,1,FieldPos030,,dataset
tbf_imgs,D:\Dineth\focus_binary_benchmark\dataset\tbf_imgs\focused\FieldPos031\FieldPos031_page_8.png,1,FieldPos031,,dataset
tbf_imgs,D:\Dineth\focus_binary_benchmark\dataset\tbf_imgs\focused\FieldPos032\FieldPos032_page_8.png,1,FieldPos032,,dataset
tbf_imgs,D:\Dineth\focus_binary_benchmark\dataset\tbf_imgs\focused\FieldPos033\FieldPos033_page_8.png,1,FieldPos033,,dataset
tbf_imgs,D:\Dineth\focus_binary_benchmark\dataset\tbf_imgs\focused\FieldPos033 (2)\FieldPos033 (2)_page_8.png,1,FieldPos033 (2),,dataset
tbf_imgs,D:\Dineth\focus_binary_benchmark\dataset\tbf_imgs\focused\FieldPos034\FieldPos034_page_8.png,1,FieldPos034,,dataset
tbf_imgs,D:\Dineth\focus_binary_benchmark\dataset\tbf_imgs\focused\FieldPos035\FieldPos035_page_8.png,1,FieldPos035,,dataset
tbf_imgs,D:\Dineth\focus_binary_benchmark\dataset\tbf_imgs\focused\FieldPos036\FieldPos036_page_8.png,1,FieldPos036,,dataset
tbf_imgs,D:\Dineth\focus_binary_benchmark\dataset\tbf_imgs\focused\FieldPos036 (2)\FieldPos036 (2)_page_8.png,1,FieldPos036 (2),,dataset
tbf_imgs,D:\Dineth\focus_binary_benchmark\dataset\tbf_imgs\focused\FieldPos037\FieldPos037_page_7.png,1,FieldPos037,,dataset
tbf_imgs,D:\Dineth\focus_binary_benchmark\dataset\tbf_imgs\focused\FieldPos038\FieldPos038_page_7.png,1,FieldPos038,,dataset
tbf_imgs,D:\Dineth\focus_binary_benchmark\dataset\tbf_imgs\focused\FieldPos038 (2)\FieldPos038 (2)_page_7.png,1,FieldPos038 (2),,dataset
tbf_imgs,D:\Dineth\focus_binary_benchmark\dataset\tbf_imgs\focused\FieldPos039\FieldPos039_page_6.png,1,FieldPos039,,dataset
tbf_imgs,D:\Dineth\focus_binary_benchmark\dataset\tbf_imgs\focused\FieldPos040\FieldPos040_page_7.png,1,FieldPos040,,dataset
tbf_imgs,D:\Dineth\focus_binary_benchmark\dataset\tbf_imgs\focused\FieldPos041\FieldPos041_page_7.png,1,FieldPos041,,dataset
tbf_imgs,D:\Dineth\focus_binary_benchmark\dataset\tbf_imgs\focused\FieldPos042\FieldPos042_page_8.png,1,FieldPos042,,dataset
tbf_imgs,D:\Dineth\focus_binary_benchmark\dataset\tbf_imgs\focused\FieldPos042 (2)\FieldPos042 (2)_page_8.png,1,FieldPos042 (2),,dataset
tbf_imgs,D:\Dineth\focus_binary_benchmark\dataset\tbf_imgs\focused\FieldPos043\FieldPos043_page_8.png,1,FieldPos043,,dataset
tbf_imgs,D:\Dineth\focus_binary_benchmark\dataset\tbf_imgs\focused\FieldPos043 (2)\FieldPos043 (2)_page_8.png,1,FieldPos043 (2),,dataset
tbf_imgs,D:\Dineth\focus_binary_benchmark\dataset\tbf_imgs\focused\FieldPos044\FieldPos044_page_8.png,1,FieldPos044,,dataset
tbf_imgs,D:\Dineth\focus_binary_benchmark\dataset\tbf_imgs\focused\FieldPos045\FieldPos045_page_8.png,1,FieldPos045,,dataset
tbf_imgs,D:\Dineth\focus_binary_benchmark\dataset\tbf_imgs\focused\FieldPos046\FieldPos046_page_8.png,1,FieldPos046,,dataset
tbf_imgs,D:\Dineth\focus_binary_benchmark\dataset\tbf_imgs\focused\FieldPos046 (2)\FieldPos046 (2)_page_8.png,1,FieldPos046 (2),,dataset
tbf_imgs,D:\Dineth\focus_binary_benchmark\dataset\tbf_imgs\focused\FieldPos047\FieldPos047_page_8.png,1,FieldPos047,,dataset
tbf_imgs,D:\Dineth\focus_binary_benchmark\dataset\tbf_imgs\focused\FieldPos047 (2)\FieldPos047 (2)_page_8.png,1,FieldPos047 (2),,dataset
tbf_imgs,D:\Dineth\focus_binary_benchmark\dataset\tbf_imgs\focused\FieldPos048\FieldPos048_page_8.png,1,FieldPos048,,dataset
tbf_imgs,D:\Dineth\focus_binary_benchmark\dataset\tbf_imgs\focused\FieldPos049\FieldPos049_page_8.png,1,FieldPos049,,dataset
tbf_imgs,D:\Dineth\focus_binary_benchmark\dataset\tbf_imgs\focused\FieldPos050\FieldPos050_page_7.png,1,FieldPos050,,dataset
tbf_imgs,D:\Dineth\focus_binary_benchmark\dataset\tbf_imgs\focused\FieldPos051\FieldPos051_page_6.png,1,FieldPos051,,dataset
tbf_imgs,D:\Dineth\focus_binary_benchmark\dataset\tbf_imgs\focused\FieldPos052\FieldPos052_page_6.png,1,FieldPos052,,dataset
tbf_imgs,D:\Dineth\focus_binary_benchmark\dataset\tbf_imgs\focused\FieldPos052 (2)\FieldPos052 (2)_page_6.png,1,FieldPos052 (2),,dataset
tbf_imgs,D:\Dineth\focus_binary_benchmark\dataset\tbf_imgs\focused\FieldPos053\FieldPos053_page_7.png,1,FieldPos053,,dataset
tbf_imgs,D:\Dineth\focus_binary_benchmark\dataset\tbf_imgs\focused\FieldPos054\FieldPos054_page_7.png,1,FieldPos054,,dataset
tbf_imgs,D:\Dineth\focus_binary_benchmark\dataset\tbf_imgs\focused\FieldPos055\FieldPos055_page_8.png,1,FieldPos055,,dataset
tbf_imgs,D:\Dineth\focus_binary_benchmark\dataset\tbf_imgs\focused\FieldPos055 (2)\FieldPos055 (2)_page_8.png,1,FieldPos055 (2),,dataset
tbf_imgs,D:\Dineth\focus_binary_benchmark\dataset\tbf_imgs\focused\FieldPos056\FieldPos056_page_8.png,1,FieldPos056,,dataset
tbf_imgs,D:\Dineth\focus_binary_benchmark\dataset\tbf_imgs\focused\FieldPos057\FieldPos057_page_6.png,1,FieldPos057,,dataset
tbf_imgs,D:\Dineth\focus_binary_benchmark\dataset\tbf_imgs\focused\FieldPos058\FieldPos058_page_6.png,1,FieldPos058,,dataset
tbf_imgs,D:\Dineth\focus_binary_benchmark\dataset\tbf_imgs\focused\FieldPos059\FieldPos059_page_6.png,1,FieldPos059,,dataset
tbf_imgs,D:\Dineth\focus_binary_benchmark\dataset\tbf_imgs\focused\FieldPos060\FieldPos060_page_7.png,1,FieldPos060,,dataset
tbf_imgs,D:\Dineth\focus_binary_benchmark\dataset\tbf_imgs\focused\FieldPos061\FieldPos061_page_8.png,1,FieldPos061,,dataset
tbf_imgs,D:\Dineth\focus_binary_benchmark\dataset\tbf_imgs\focused\FieldPos062\FieldPos062_page_8.png,1,FieldPos062,,dataset
tbf_imgs,D:\Dineth\focus_binary_benchmark\dataset\tbf_imgs\focused\FieldPos062 (2)\FieldPos062 (2)_page_8.png,1,FieldPos062 (2),,dataset
tbf_imgs,D:\Dineth\focus_binary_benchmark\dataset\tbf_imgs\focused\FieldPos063\FieldPos063_page_8.png,1,FieldPos063,,dataset
tbf_imgs,D:\Dineth\focus_binary_benchmark\dataset\tbf_imgs\focused\FieldPos064\FieldPos064_page_6.png,1,FieldPos064,,dataset
tbf_imgs,D:\Dineth\focus_binary_benchmark\dataset\tbf_imgs\focused\FieldPos065\FieldPos065_page_6.png,1,FieldPos065,,dataset
tbf_imgs,D:\Dineth\focus_binary_benchmark\dataset\tbf_imgs\focused\FieldPos066\FieldPos066_page_6.png,1,FieldPos066,,dataset
tbf_imgs,D:\Dineth\focus_binary_benchmark\dataset\tbf_imgs\focused\FieldPos066 (2)\FieldPos066 (2)_page_6.png,1,FieldPos066 (2),,dataset
tbf_imgs,D:\Dineth\focus_binary_benchmark\dataset\tbf_imgs\focused\FieldPos067\FieldPos067_page_5.png,1,FieldPos067,,dataset
tbf_imgs,D:\Dineth\focus_binary_benchmark\dataset\tbf_imgs\focused\FieldPos067 (2)\FieldPos067 (2)_page_5.png,1,FieldPos067 (2),,dataset
tbf_imgs,D:\Dineth\focus_binary_benchmark\dataset\tbf_imgs\focused\FieldPos068\FieldPos068_page_7.png,1,FieldPos068,,dataset
tbf_imgs,D:\Dineth\focus_binary_benchmark\dataset\tbf_imgs\focused\FieldPos069\FieldPos069_page_5.png,1,FieldPos069,,dataset
tbf_imgs,D:\Dineth\focus_binary_benchmark\dataset\tbf_imgs\focused\FieldPos070\FieldPos070_page_6.png,1,FieldPos070,,dataset
tbf_imgs,D:\Dineth\focus_binary_benchmark\dataset\tbf_imgs\focused\FieldPos071\FieldPos071_page_8.png,1,FieldPos071,,dataset
tbf_imgs,D:\Dineth\focus_binary_benchmark\dataset\tbf_imgs\focused\FieldPos072\FieldPos072_page_8.png,1,FieldPos072,,dataset
tbf_imgs,D:\Dineth\focus_binary_benchmark\dataset\tbf_imgs\focused\FieldPos073\FieldPos073_page_6.png,1,FieldPos073,,dataset
tbf_imgs,D:\Dineth\focus_binary_benchmark\dataset\tbf_imgs\focused\FieldPos074\FieldPos074_page_6.png,1,FieldPos074,,dataset
tbf_imgs,D:\Dineth\focus_binary_benchmark\dataset\tbf_imgs\focused\FieldPos076\FieldPos076_page_5.png,1,FieldPos076,,dataset
tbf_imgs,D:\Dineth\focus_binary_benchmark\dataset\tbf_imgs\focused\FieldPos077\FieldPos077_page_5.png,1,FieldPos077,,dataset
tbf_imgs,D:\Dineth\focus_binary_benchmark\dataset\tbf_imgs\focused\FieldPos078\FieldPos078_page_6.png,1,FieldPos078,,dataset
tbf_imgs,D:\Dineth\focus_binary_benchmark\dataset\tbf_imgs\focused\FieldPos079\FieldPos079_page_6.png,1,FieldPos079,,dataset
tbf_imgs,D:\Dineth\focus_binary_benchmark\dataset\tbf_imgs\focused\FieldPos080\FieldPos080_page_6.png,1,FieldPos080,,dataset
tbf_imgs,D:\Dineth\focus_binary_benchmark\dataset\tbf_imgs\focused\FieldPos081\FieldPos081_page_5.png,1,FieldPos081,,dataset
tbf_imgs,D:\Dineth\focus_binary_benchmark\dataset\tbf_imgs\focused\FieldPos082\FieldPos082_page_6.png,1,FieldPos082,,dataset
tbf_imgs,D:\Dineth\focus_binary_benchmark\dataset\tbf_imgs\focused\FieldPos083\FieldPos083_page_5.png,1,FieldPos083,,dataset
tbf_imgs,D:\Dineth\focus_binary_benchmark\dataset\tbf_imgs\focused\FieldPos084\FieldPos084_page_6.png,1,FieldPos084,,dataset
tbf_imgs,D:\Dineth\focus_binary_benchmark\dataset\tbf_imgs\focused\FieldPos085\FieldPos085_page_7.png,1,FieldPos085,,dataset
tbf_imgs,D:\Dineth\focus_binary_benchmark\dataset\tbf_imgs\focused\FieldPos086\FieldPos086_page_7.png,1,FieldPos086,,dataset
tbf_imgs,D:\Dineth\focus_binary_benchmark\dataset\tbf_imgs\focused\FieldPos086 (2)\FieldPos086 (2)_page_7.png,1,FieldPos086 (2),,dataset
tbf_imgs,D:\Dineth\focus_binary_benchmark\dataset\tbf_imgs\focused\FieldPos087\FieldPos087_page_7.png,1,FieldPos087,,dataset
tbf_imgs,D:\Dineth\focus_binary_benchmark\dataset\tbf_imgs\focused\FieldPos088\FieldPos088_page_8.png,1,FieldPos088,,dataset
tbf_imgs,D:\Dineth\focus_binary_benchmark\dataset\tbf_imgs\focused\FieldPos089\FieldPos089_page_6.png,1,FieldPos089,,dataset
tbf_imgs,D:\Dineth\focus_binary_benchmark\dataset\tbf_imgs\focused\FieldPos090\FieldPos090_page_6.png,1,FieldPos090,,dataset
tbf_imgs,D:\Dineth\focus_binary_benchmark\dataset\tbf_imgs\focused\FieldPos090 (2)\FieldPos090 (2)_page_6.png,1,FieldPos090 (2),,dataset
tbf_imgs,D:\Dineth\focus_binary_benchmark\dataset\tbf_imgs\focused\FieldPos091\FieldPos091_page_7.png,1,FieldPos091,,dataset
tbf_imgs,D:\Dineth\focus_binary_benchmark\dataset\tbf_imgs\focused\FieldPos092\FieldPos092_page_6.png,1,FieldPos092,,dataset
tbf_imgs,D:\Dineth\focus_binary_benchmark\dataset\tbf_imgs\focused\FieldPos093\FieldPos093_page_5.png,1,FieldPos093,,dataset
tbf_imgs,D:\Dineth\focus_binary_benchmark\dataset\tbf_imgs\focused\FieldPos094\FieldPos094_page_6.png,1,FieldPos094,,dataset
tbf_imgs,D:\Dineth\focus_binary_benchmark\dataset\tbf_imgs\focused\FieldPos095\FieldPos095_page_5.png,1,FieldPos095,,dataset
tbf_imgs,D:\Dineth\focus_binary_benchmark\dataset\tbf_imgs\focused\FieldPos096\FieldPos096_page_6.png,1,FieldPos096,,dataset
tbf_imgs,D:\Dineth\focus_binary_benchmark\dataset\tbf_imgs\focused\FieldPos097\FieldPos097_page_6.png,1,FieldPos097,,dataset
tbf_imgs,D:\Dineth\focus_binary_benchmark\dataset\tbf_imgs\focused\FieldPos098\FieldPos098_page_6.png,1,FieldPos098,,dataset
tbf_imgs,D:\Dineth\focus_binary_benchmark\dataset\tbf_imgs\focused\FieldPos099\FieldPos099_page_6.png,1,FieldPos099,,dataset
tbf_imgs,D:\Dineth\focus_binary_benchmark\dataset\tbf_imgs\focused\FieldPos100\FieldPos100_page_6.png,1,FieldPos100,,dataset
tbf_imgs,D:\Dineth\focus_binary_benchmark\dataset\tbf_imgs\focused\FieldPos101\FieldPos101_page_6.png,1,FieldPos101,,dataset
tbf_imgs,D:\Dineth\focus_binary_benchmark\dataset\tbf_imgs\focused\FieldPos102\FieldPos102_page_7.png,1,FieldPos102,,dataset
tbf_imgs,D:\Dineth\focus_binary_benchmark\dataset\tbf_imgs\focused\FieldPos103\FieldPos103_page_8.png,1,FieldPos103,,dataset
tbf_imgs,D:\Dineth\focus_binary_benchmark\dataset\tbf_imgs\focused\FieldPos103 (2)\FieldPos103 (2)_page_8.png,1,FieldPos103 (2),,dataset
tbf_imgs,D:\Dineth\focus_binary_benchmark\dataset\tbf_imgs\focused\FieldPos104\FieldPos104_page_7.png,1,FieldPos104,,dataset
tbf_imgs,D:\Dineth\focus_binary_benchmark\dataset\tbf_imgs\focused\FieldPos105\FieldPos105_page_7.png,1,FieldPos105,,dataset
tbf_imgs,D:\Dineth\focus_binary_benchmark\dataset\tbf_imgs\focused\FieldPos106\FieldPos106_page_7.png,1,FieldPos106,,dataset
tbf_imgs,D:\Dineth\focus_binary_benchmark\dataset\tbf_imgs\focused\FieldPos107\FieldPos107_page_5.png,1,FieldPos107,,dataset
tbf_imgs,D:\Dineth\focus_binary_benchmark\dataset\tbf_imgs\focused\FieldPos108\FieldPos108_page_5.png,1,FieldPos108,,dataset
tbf_imgs,D:\Dineth\focus_binary_benchmark\dataset\tbf_imgs\focused\FieldPos109\FieldPos109_page_5.png,1,FieldPos109,,dataset
tbf_imgs,D:\Dineth\focus_binary_benchmark\dataset\tbf_imgs\focused\FieldPos110\FieldPos110_page_7.png,1,FieldPos110,,dataset
tbf_imgs,D:\Dineth\focus_binary_benchmark\dataset\tbf_imgs\focused\FieldPos111\FieldPos111_page_8.png,1,FieldPos111,,dataset
tbf_imgs,D:\Dineth\focus_binary_benchmark\dataset\tbf_imgs\focused\FieldPos112\FieldPos112_page_8.png,1,FieldPos112,,dataset
tbf_imgs,D:\Dineth\focus_binary_benchmark\dataset\tbf_imgs\focused\FieldPos113\FieldPos113_page_6.png,1,FieldPos113,,dataset
tbf_imgs,D:\Dineth\focus_binary_benchmark\dataset\tbf_imgs\focused\FieldPos114\FieldPos114_page_6.png,1,FieldPos114,,dataset
tbf_imgs,D:\Dineth\focus_binary_benchmark\dataset\tbf_imgs\focused\FieldPos115\FieldPos115_page_5.png,1,FieldPos115,,dataset
tbf_imgs,D:\Dineth\focus_binary_benchmark\dataset\tbf_imgs\focused\FieldPos121\FieldPos121_page_6.png,1,FieldPos121,,dataset
tbf_imgs,D:\Dineth\focus_binary_benchmark\dataset\tbf_imgs\focused\FieldPos123\FieldPos123_page_5.png,1,FieldPos123,,dataset
tbf_imgs,D:\Dineth\focus_binary_benchmark\dataset\tbf_imgs\focused\FieldPos125\FieldPos125_page_7.png,1,FieldPos125,,dataset
tbf_imgs,D:\Dineth\focus_binary_benchmark\dataset\tbf_imgs\focused\FieldPos200\FieldPos200_page_7.png,1,FieldPos200,,dataset
tbf_imgs,D:\Dineth\focus_binary_benchmark\dataset\tbf_imgs\focused\FieldPos203\FieldPos203_page_7.png,1,FieldPos203,,dataset
tbf_imgs,D:\Dineth\focus_binary_benchmark\dataset\tbf_imgs\focused\FieldPos208\FieldPos208_page_8.png,1,FieldPos208,,dataset
tbf_imgs,D:\Dineth\focus_binary_benchmark\dataset\tbf_imgs\focused\FieldPos211\FieldPos211_page_6.png,1,FieldPos211,,dataset
tbf_imgs,D:\Dineth\focus_binary_benchmark\dataset\tbf_imgs\focused\FieldPos299\FieldPos299_page_6.png,1,FieldPos299,,dataset
tbf_imgs,D:\Dineth\focus_binary_benchmark\dataset\tbf_imgs\unfocused\FieldPos000\FieldPos000_page_1.png,0,FieldPos000,,dataset
tbf_imgs,D:\Dineth\focus_binary_benchmark\dataset\tbf_imgs\unfocused\FieldPos000\FieldPos000_page_10.png,0,FieldPos000,,dataset
tbf_imgs,D:\Dineth\focus_binary_benchmark\dataset\tbf_imgs\unfocused\FieldPos000\FieldPos000_page_11.png,0,FieldPos000,,dataset
tbf_imgs,D:\Dineth\focus_binary_benchmark\dataset\tbf_imgs\unfocused\FieldPos000\FieldPos000_page_12.png,0,FieldPos000,,dataset
tbf_imgs,D:\Dineth\focus_binary_benchmark\dataset\tbf_imgs\unfocused\FieldPos000\FieldPos000_page_13.png,0,FieldPos000,,dataset
tbf_imgs,D:\Dineth\focus_binary_benchmark\dataset\tbf_imgs\unfocused\FieldPos000\FieldPos000_page_14.png,0,FieldPos000,,dataset
tbf_imgs,D:\Dineth\focus_binary_benchmark\dataset\tbf_imgs\unfocused\FieldPos000\FieldPos000_page_2.png,0,FieldPos000,,dataset
tbf_imgs,D:\Dineth\focus_binary_benchmark\dataset\tbf_imgs\unfocused\FieldPos000\FieldPos000_page_3.png,0,FieldPos000,,dataset
tbf_imgs,D:\Dineth\focus_binary_benchmark\dataset\tbf_imgs\unfocused\FieldPos000\FieldPos000_page_7.png,0,FieldPos000,,dataset
tbf_imgs,D:\Dineth\focus_binary_benchmark\dataset\tbf_imgs\unfocused\FieldPos000\FieldPos000_page_8.png,0,FieldPos000,,dataset
tbf_imgs,D:\Dineth\focus_binary_benchmark\dataset\tbf_imgs\unfocused\FieldPos000\FieldPos000_page_9.png,0,FieldPos000,,dataset
tbf_imgs,D:\Dineth\focus_binary_benchmark\dataset\tbf_imgs\unfocused\FieldPos000 (2)\FieldPos000 (2)_page_1.png,0,FieldPos000 (2),,dataset
tbf_imgs,D:\Dineth\focus_binary_benchmark\dataset\tbf_imgs\unfocused\FieldPos000 (2)\FieldPos000 (2)_page_10.png,0,FieldPos000 (2),,dataset
tbf_imgs,D:\Dineth\focus_binary_benchmark\dataset\tbf_imgs\unfocused\FieldPos000 (2)\FieldPos000 (2)_page_11.png,0,FieldPos000 (2),,dataset
tbf_imgs,D:\Dineth\focus_binary_benchmark\dataset\tbf_imgs\unfocused\FieldPos000 (2)\FieldPos000 (2)_page_12.png,0,FieldPos000 (2),,dataset
tbf_imgs,D:\Dineth\focus_binary_benchmark\dataset\tbf_imgs\unfocused\FieldPos000 (2)\FieldPos000 (2)_page_13.png,0,FieldPos000 (2),,dataset
tbf_imgs,D:\Dineth\focus_binary_benchmark\dataset\tbf_imgs\unfocused\FieldPos000 (2)\FieldPos000 (2)_page_14.png,0,FieldPos000 (2),,dataset
tbf_imgs,D:\Dineth\focus_binary_benchmark\dataset\tbf_imgs\unfocused\FieldPos000 (2)\FieldPos000 (2)_page_2.png,0,FieldPos000 (2),,dataset
tbf_imgs,D:\Dineth\focus_binary_benchmark\dataset\tbf_imgs\unfocused\FieldPos000 (2)\FieldPos000 (2)_page_3.png,0,FieldPos000 (2),,dataset
tbf_imgs,D:\Dineth\focus_binary_benchmark\dataset\tbf_imgs\unfocused\FieldPos000 (2)\FieldPos000 (2)_page_4.png,0,FieldPos000 (2),,dataset
tbf_imgs,D:\Dineth\focus_binary_benchmark\dataset\tbf_imgs\unfocused\FieldPos000 (2)\FieldPos000 (2)_page_5.png,0,FieldPos000 (2),,dataset
tbf_imgs,D:\Dineth\focus_binary_benchmark\dataset\tbf_imgs\unfocused\FieldPos000 (2)\FieldPos000 (2)_page_9.png,0,FieldPos000 (2),,dataset
tbf_imgs,D:\Dineth\focus_binary_benchmark\dataset\tbf_imgs\unfocused\FieldPos000 (3)\FieldPos000 (3)_page_1.png,0,FieldPos000 (3),,dataset
tbf_imgs,D:\Dineth\focus_binary_benchmark\dataset\tbf_imgs\unfocused\FieldPos000 (3)\FieldPos000 (3)_page_10.png,0,FieldPos000 (3),,dataset
tbf_imgs,D:\Dineth\focus_binary_benchmark\dataset\tbf_imgs\unfocused\FieldPos000 (3)\FieldPos000 (3)_page_11.png,0,FieldPos000 (3),,dataset
tbf_imgs,D:\Dineth\focus_binary_benchmark\dataset\tbf_imgs\unfocused\FieldPos000 (3)\FieldPos000 (3)_page_12.png,0,FieldPos000 (3),,dataset
tbf_imgs,D:\Dineth\focus_binary_benchmark\dataset\tbf_imgs\unfocused\FieldPos000 (3)\FieldPos000 (3)_page_13.png,0,FieldPos000 (3),,dataset
tbf_imgs,D:\Dineth\focus_binary_benchmark\dataset\tbf_imgs\unfocused\FieldPos000 (3)\FieldPos000 (3)_page_14.png,0,FieldPos000 (3),,dataset
tbf_imgs,D:\Dineth\focus_binary_benchmark\dataset\tbf_imgs\unfocused\FieldPos000 (3)\FieldPos000 (3)_page_2.png,0,FieldPos000 (3),,dataset
tbf_imgs,D:\Dineth\focus_binary_benchmark\dataset\tbf_imgs\unfocused\FieldPos000 (3)\FieldPos000 (3)_page_3.png,0,FieldPos000 (3),,dataset
tbf_imgs,D:\Dineth\focus_binary_benchmark\dataset\tbf_imgs\unfocused\FieldPos000 (3)\FieldPos000 (3)_page_4.png,0,FieldPos000 (3),,dataset
tbf_imgs,D:\Dineth\focus_binary_benchmark\dataset\tbf_imgs\unfocused\FieldPos000 (3)\FieldPos000 (3)_page_5.png,0,FieldPos000 (3),,dataset
tbf_imgs,D:\Dineth\focus_binary_benchmark\dataset\tbf_imgs\unfocused\FieldPos000 (3)\FieldPos000 (3)_page_6.png,0,FieldPos000 (3),,dataset
tbf_imgs,D:\Dineth\focus_binary_benchmark\dataset\tbf_imgs\unfocused\FieldPos000 (4)\FieldPos000 (4)_page_1.png,0,FieldPos000 (4),,dataset
tbf_imgs,D:\Dineth\focus_binary_benchmark\dataset\tbf_imgs\unfocused\FieldPos000 (4)\FieldPos000 (4)_page_10.png,0,FieldPos000 (4),,dataset
tbf_imgs,D:\Dineth\focus_binary_benchmark\dataset\tbf_imgs\unfocused\FieldPos000 (4)\FieldPos000 (4)_page_11.png,0,FieldPos000 (4),,dataset
tbf_imgs,D:\Dineth\focus_binary_benchmark\dataset\tbf_imgs\unfocused\FieldPos000 (4)\FieldPos000 (4)_page_12.png,0,FieldPos000 (4),,dataset
tbf_imgs,D:\Dineth\focus_binary_benchmark\dataset\tbf_imgs\unfocused\FieldPos000 (4)\FieldPos000 (4)_page_13.png,0,FieldPos000 (4),,dataset
tbf_imgs,D:\Dineth\focus_binary_benchmark\dataset\tbf_imgs\unfocused\FieldPos000 (4)\FieldPos000 (4)_page_14.png,0,FieldPos000 (4),,dataset
tbf_imgs,D:\Dineth\focus_binary_benchmark\dataset\tbf_imgs\unfocused\FieldPos000 (4)\FieldPos000 (4)_page_2.png,0,FieldPos000 (4),,dataset
tbf_imgs,D:\Dineth\focus_binary_benchmark\dataset\tbf_imgs\unfocused\FieldPos000 (4)\FieldPos000 (4)_page_3.png,0,FieldPos000 (4),,dataset
tbf_imgs,D:\Dineth\focus_binary_benchmark\dataset\tbf_imgs\unfocused\FieldPos000 (4)\FieldPos000 (4)_page_4.png,0,FieldPos000 (4),,dataset
tbf_imgs,D:\Dineth\focus_binary_benchmark\dataset\tbf_imgs\unfocused\FieldPos000 (4)\FieldPos000 (4)_page_5.png,0,FieldPos000 (4),,dataset
tbf_imgs,D:\Dineth\focus_binary_benchmark\dataset\tbf_imgs\unfocused\FieldPos000 (4)\FieldPos000 (4)_page_9.png,0,FieldPos000 (4),,dataset
tbf_imgs,D:\Dineth\focus_binary_benchmark\dataset\tbf_imgs\unfocused\FieldPos000 (5)\FieldPos000 (5)_page_1.png,0,FieldPos000 (5),,dataset
tbf_imgs,D:\Dineth\focus_binary_benchmark\dataset\tbf_imgs\unfocused\FieldPos000 (5)\FieldPos000 (5)_page_10.png,0,FieldPos000 (5),,dataset
tbf_imgs,D:\Dineth\focus_binary_benchmark\dataset\tbf_imgs\unfocused\FieldPos000 (5)\FieldPos000 (5)_page_11.png,0,FieldPos000 (5),,dataset
tbf_imgs,D:\Dineth\focus_binary_benchmark\dataset\tbf_imgs\unfocused\FieldPos000 (5)\FieldPos000 (5)_page_12.png,0,FieldPos000 (5),,dataset
tbf_imgs,D:\Dineth\focus_binary_benchmark\dataset\tbf_imgs\unfocused\FieldPos000 (5)\FieldPos000 (5)_page_13.png,0,FieldPos000 (5),,dataset
tbf_imgs,D:\Dineth\focus_binary_benchmark\dataset\tbf_imgs\unfocused\FieldPos000 (5)\FieldPos000 (5)_page_14.png,0,FieldPos000 (5),,dataset
tbf_imgs,D:\Dineth\focus_binary_benchmark\dataset\tbf_imgs\unfocused\FieldPos000 (5)\FieldPos000 (5)_page_2.png,0,FieldPos000 (5),,dataset
tbf_imgs,D:\Dineth\focus_binary_benchmark\dataset\tbf_imgs\unfocused\FieldPos000 (5)\FieldPos000 (5)_page_3.png,0,FieldPos000 (5),,dataset
tbf_imgs,D:\Dineth\focus_binary_benchmark\dataset\tbf_imgs\unfocused\FieldPos000 (5)\FieldPos000 (5)_page_4.png,0,FieldPos000 (5),,dataset
tbf_imgs,D:\Dineth\focus_binary_benchmark\dataset\tbf_imgs\unfocused\FieldPos000 (5)\FieldPos000 (5)_page_5.png,0,FieldPos000 (5),,dataset
tbf_imgs,D:\Dineth\focus_binary_benchmark\dataset\tbf_imgs\unfocused\FieldPos000 (5)\FieldPos000 (5)_page_6.png,0,FieldPos000 (5),,dataset
tbf_imgs,D:\Dineth\focus_binary_benchmark\dataset\tbf_imgs\unfocused\FieldPos000 (6)\FieldPos000 (6)_page_1.png,0,FieldPos000 (6),,dataset
tbf_imgs,D:\Dineth\focus_binary_benchmark\dataset\tbf_imgs\unfocused\FieldPos000 (6)\FieldPos000 (6)_page_10.png,0,FieldPos000 (6),,dataset
tbf_imgs,D:\Dineth\focus_binary_benchmark\dataset\tbf_imgs\unfocused\FieldPos000 (6)\FieldPos000 (6)_page_11.png,0,FieldPos000 (6),,dataset
tbf_imgs,D:\Dineth\focus_binary_benchmark\dataset\tbf_imgs\unfocused\FieldPos000 (6)\FieldPos000 (6)_page_12.png,0,FieldPos000 (6),,dataset
tbf_imgs,D:\Dineth\focus_binary_benchmark\dataset\tbf_imgs\unfocused\FieldPos000 (6)\FieldPos000 (6)_page_13.png,0,FieldPos000 (6),,dataset
tbf_imgs,D:\Dineth\focus_binary_benchmark\dataset\tbf_imgs\unfocused\FieldPos000 (6)\FieldPos000 (6)_page_14.png,0,FieldPos000 (6),,dataset
tbf_imgs,D:\Dineth\focus_binary_benchmark\dataset\tbf_imgs\unfocused\FieldPos000 (6)\FieldPos000 (6)_page_2.png,0,FieldPos000 (6),,dataset
tbf_imgs,D:\Dineth\focus_binary_benchmark\dataset\tbf_imgs\unfocused\FieldPos000 (6)\FieldPos000 (6)_page_3.png,0,FieldPos000 (6),,dataset
tbf_imgs,D:\Dineth\focus_binary_benchmark\dataset\tbf_imgs\unfocused\FieldPos000 (6)\FieldPos000 (6)_page_4.png,0,FieldPos000 (6),,dataset
tbf_imgs,D:\Dineth\focus_binary_benchmark\dataset\tbf_imgs\unfocused\FieldPos000 (6)\FieldPos000 (6)_page_5.png,0,FieldPos000 (6),,dataset
tbf_imgs,D:\Dineth\focus_binary_benchmark\dataset\tbf_imgs\unfocused\FieldPos000 (6)\FieldPos000 (6)_page_9.png,0,FieldPos000 (6),,dataset
tbf_imgs,D:\Dineth\focus_binary_benchmark\dataset\tbf_imgs\unfocused\FieldPos001\FieldPos001_page_1.png,0,FieldPos001,,dataset
tbf_imgs,D:\Dineth\focus_binary_benchmark\dataset\tbf_imgs\unfocused\FieldPos001\FieldPos001_page_10.png,0,FieldPos001,,dataset
tbf_imgs,D:\Dineth\focus_binary_benchmark\dataset\tbf_imgs\unfocused\FieldPos001\FieldPos001_page_11.png,0,FieldPos001,,dataset
tbf_imgs,D:\Dineth\focus_binary_benchmark\dataset\tbf_imgs\unfocused\FieldPos001\FieldPos001_page_12.png,0,FieldPos001,,dataset
tbf_imgs,D:\Dineth\focus_binary_benchmark\dataset\tbf_imgs\unfocused\FieldPos001\FieldPos001_page_13.png,0,FieldPos001,,dataset
tbf_imgs,D:\Dineth\focus_binary_benchmark\dataset\tbf_imgs\unfocused\FieldPos001\FieldPos001_page_14.png,0,FieldPos001,,dataset
tbf_imgs,D:\Dineth\focus_binary_benchmark\dataset\tbf_imgs\unfocused\FieldPos001\FieldPos001_page_2.png,0,FieldPos001,,dataset
tbf_imgs,D:\Dineth\focus_binary_benchmark\dataset\tbf_imgs\unfocused\FieldPos001\FieldPos001_page_3.png,0,FieldPos001,,dataset
tbf_imgs,D:\Dineth\focus_binary_benchmark\dataset\tbf_imgs\unfocused\FieldPos001\FieldPos001_page_7.png,0,FieldPos001,,dataset
tbf_imgs,D:\Dineth\focus_binary_benchmark\dataset\tbf_imgs\unfocused\FieldPos001\FieldPos001_page_8.png,0,FieldPos001,,dataset
tbf_imgs,D:\Dineth\focus_binary_benchmark\dataset\tbf_imgs\unfocused\FieldPos001\FieldPos001_page_9.png,0,FieldPos001,,dataset
tbf_imgs,D:\Dineth\focus_binary_benchmark\dataset\tbf_imgs\unfocused\FieldPos001 (2)\FieldPos001 (2)_page_1.png,0,FieldPos001 (2),,dataset
tbf_imgs,D:\Dineth\focus_binary_benchmark\dataset\tbf_imgs\unfocused\FieldPos001 (2)\FieldPos001 (2)_page_10.png,0,FieldPos001 (2),,dataset
tbf_imgs,D:\Dineth\focus_binary_benchmark\dataset\tbf_imgs\unfocused\FieldPos001 (2)\FieldPos001 (2)_page_11.png,0,FieldPos001 (2),,dataset
tbf_imgs,D:\Dineth\focus_binary_benchmark\dataset\tbf_imgs\unfocused\FieldPos001 (2)\FieldPos001 (2)_page_12.png,0,FieldPos001 (2),,dataset
tbf_imgs,D:\Dineth\focus_binary_benchmark\dataset\tbf_imgs\unfocused\FieldPos001 (2)\FieldPos001 (2)_page_13.png,0,FieldPos001 (2),,dataset
tbf_imgs,D:\Dineth\focus_binary_benchmark\dataset\tbf_imgs\unfocused\FieldPos001 (2)\FieldPos001 (2)_page_14.png,0,FieldPos001 (2),,dataset
tbf_imgs,D:\Dineth\focus_binary_benchmark\dataset\tbf_imgs\unfocused\FieldPos001 (2)\FieldPos001 (2)_page_2.png,0,FieldPos001 (2),,dataset
tbf_imgs,D:\Dineth\focus_binary_benchmark\dataset\tbf_imgs\unfocused\FieldPos001 (2)\FieldPos001 (2)_page_3.png,0,FieldPos001 (2),,dataset
tbf_imgs,D:\Dineth\focus_binary_benchmark\dataset\tbf_imgs\unfocused\FieldPos001 (2)\FieldPos001 (2)_page_4.png,0,FieldPos001 (2),,dataset
tbf_imgs,D:\Dineth\focus_binary_benchmark\dataset\tbf_imgs\unfocused\FieldPos001 (2)\FieldPos001 (2)_page_5.png,0,FieldPos001 (2),,dataset
tbf_imgs,D:\Dineth\focus_binary_benchmark\dataset\tbf_imgs\unfocused\FieldPos001 (2)\FieldPos001 (2)_page_6.png,0,FieldPos001 (2),,dataset
tbf_imgs,D:\Dineth\focus_binary_benchmark\dataset\tbf_imgs\unfocused\FieldPos001 (3)\FieldPos001 (3)_page_1.png,0,FieldPos001 (3),,dataset
tbf_imgs,D:\Dineth\focus_binary_benchmark\dataset\tbf_imgs\unfocused\FieldPos001 (3)\FieldPos001 (3)_page_10.png,0,FieldPos001 (3),,dataset
tbf_imgs,D:\Dineth\focus_binary_benchmark\dataset\tbf_imgs\unfocused\FieldPos001 (3)\FieldPos001 (3)_page_11.png,0,FieldPos001 (3),,dataset
tbf_imgs,D:\Dineth\focus_binary_benchmark\dataset\tbf_imgs\unfocused\FieldPos001 (3)\FieldPos001 (3)_page_12.png,0,FieldPos001 (3),,dataset
tbf_imgs,D:\Dineth\focus_binary_benchmark\dataset\tbf_imgs\unfocused\FieldPos001 (3)\FieldPos001 (3)_page_13.png,0,FieldPos001 (3),,dataset
tbf_imgs,D:\Dineth\focus_binary_benchmark\dataset\tbf_imgs\unfocused\FieldPos001 (3)\FieldPos001 (3)_page_14.png,0,FieldPos001 (3),,dataset
tbf_imgs,D:\Dineth\focus_binary_benchmark\dataset\tbf_imgs\unfocused\FieldPos001 (3)\FieldPos001 (3)_page_2.png,0,FieldPos001 (3),,dataset
tbf_imgs,D:\Dineth\focus_binary_benchmark\dataset\tbf_imgs\unfocused\FieldPos001 (3)\FieldPos001 (3)_page_3.png,0,FieldPos001 (3),,dataset
tbf_imgs,D:\Dineth\focus_binary_benchmark\dataset\tbf_imgs\unfocused\FieldPos001 (3)\FieldPos001 (3)_page_4.png,0,FieldPos001 (3),,dataset
tbf_imgs,D:\Dineth\focus_binary_benchmark\dataset\tbf_imgs\unfocused\FieldPos001 (3)\FieldPos001 (3)_page_5.png,0,FieldPos001 (3),,dataset
tbf_imgs,D:\Dineth\focus_binary_benchmark\dataset\tbf_imgs\unfocused\FieldPos001 (3)\FieldPos001 (3)_page_6.png,0,FieldPos001 (3),,dataset
tbf_imgs,D:\Dineth\focus_binary_benchmark\dataset\tbf_imgs\unfocused\FieldPos001 (4)\FieldPos001 (4)_page_1.png,0,FieldPos001 (4),,dataset
tbf_imgs,D:\Dineth\focus_binary_benchmark\dataset\tbf_imgs\unfocused\FieldPos001 (4)\FieldPos001 (4)_page_10.png,0,FieldPos001 (4),,dataset
tbf_imgs,D:\Dineth\focus_binary_benchmark\dataset\tbf_imgs\unfocused\FieldPos001 (4)\FieldPos001 (4)_page_11.png,0,FieldPos001 (4),,dataset
tbf_imgs,D:\Dineth\focus_binary_benchmark\dataset\tbf_imgs\unfocused\FieldPos001 (4)\FieldPos001 (4)_page_12.png,0,FieldPos001 (4),,dataset
tbf_imgs,D:\Dineth\focus_binary_benchmark\dataset\tbf_imgs\unfocused\FieldPos001 (4)\FieldPos001 (4)_page_13.png,0,FieldPos001 (4),,dataset
tbf_imgs,D:\Dineth\focus_binary_benchmark\dataset\tbf_imgs\unfocused\FieldPos001 (4)\FieldPos001 (4)_page_14.png,0,FieldPos001 (4),,dataset
tbf_imgs,D:\Dineth\focus_binary_benchmark\dataset\tbf_imgs\unfocused\FieldPos001 (4)\FieldPos001 (4)_page_2.png,0,FieldPos001 (4),,dataset
tbf_imgs,D:\Dineth\focus_binary_benchmark\dataset\tbf_imgs\unfocused\FieldPos001 (4)\FieldPos001 (4)_page_3.png,0,FieldPos001 (4),,dataset
tbf_imgs,D:\Dineth\focus_binary_benchmark\dataset\tbf_imgs\unfocused\FieldPos001 (4)\FieldPos001 (4)_page_4.png,0,FieldPos001 (4),,dataset
tbf_imgs,D:\Dineth\focus_binary_benchmark\dataset\tbf_imgs\unfocused\FieldPos001 (4)\FieldPos001 (4)_page_5.png,0,FieldPos001 (4),,dataset
tbf_imgs,D:\Dineth\focus_binary_benchmark\dataset\tbf_imgs\unfocused\FieldPos001 (4)\FieldPos001 (4)_page_9.png,0,FieldPos001 (4),,dataset
tbf_imgs,D:\Dineth\focus_binary_benchmark\dataset\tbf_imgs\unfocused\FieldPos001 (5)\FieldPos001 (5)_page_1.png,0,FieldPos001 (5),,dataset
tbf_imgs,D:\Dineth\focus_binary_benchmark\dataset\tbf_imgs\unfocused\FieldPos001 (5)\FieldPos001 (5)_page_10.png,0,FieldPos001 (5),,dataset
tbf_imgs,D:\Dineth\focus_binary_benchmark\dataset\tbf_imgs\unfocused\FieldPos001 (5)\FieldPos001 (5)_page_11.png,0,FieldPos001 (5),,dataset
tbf_imgs,D:\Dineth\focus_binary_benchmark\dataset\tbf_imgs\unfocused\FieldPos001 (5)\FieldPos001 (5)_page_12.png,0,FieldPos001 (5),,dataset
tbf_imgs,D:\Dineth\focus_binary_benchmark\dataset\tbf_imgs\unfocused\FieldPos001 (5)\FieldPos001 (5)_page_13.png,0,FieldPos001 (5),,dataset
tbf_imgs,D:\Dineth\focus_binary_benchmark\dataset\tbf_imgs\unfocused\FieldPos001 (5)\FieldPos001 (5)_page_14.png,0,FieldPos001 (5),,dataset
tbf_imgs,D:\Dineth\focus_binary_benchmark\dataset\tbf_imgs\unfocused\FieldPos001 (5)\FieldPos001 (5)_page_2.png,0,FieldPos001 (5),,dataset
tbf_imgs,D:\Dineth\focus_binary_benchmark\dataset\tbf_imgs\unfocused\FieldPos001 (5)\FieldPos001 (5)_page_3.png,0,FieldPos001 (5),,dataset
tbf_imgs,D:\Dineth\focus_binary_benchmark\dataset\tbf_imgs\unfocused\FieldPos001 (5)\FieldPos001 (5)_page_4.png,0,FieldPos001 (5),,dataset
tbf_imgs,D:\Dineth\focus_binary_benchmark\dataset\tbf_imgs\unfocused\FieldPos001 (5)\FieldPos001 (5)_page_5.png,0,FieldPos001 (5),,dataset
tbf_imgs,D:\Dineth\focus_binary_benchmark\dataset\tbf_imgs\unfocused\FieldPos001 (5)\FieldPos001 (5)_page_6.png,0,FieldPos001 (5),,dataset
tbf_imgs,D:\Dineth\focus_binary_benchmark\dataset\tbf_imgs\unfocused\FieldPos001 (6)\FieldPos001 (6)_page_1.png,0,FieldPos001 (6),,dataset
tbf_imgs,D:\Dineth\focus_binary_benchmark\dataset\tbf_imgs\unfocused\FieldPos001 (6)\FieldPos001 (6)_page_10.png,0,FieldPos001 (6),,dataset
tbf_imgs,D:\Dineth\focus_binary_benchmark\dataset\tbf_imgs\unfocused\FieldPos001 (6)\FieldPos001 (6)_page_11.png,0,FieldPos001 (6),,dataset
tbf_imgs,D:\Dineth\focus_binary_benchmark\dataset\tbf_imgs\unfocused\FieldPos001 (6)\FieldPos001 (6)_page_12.png,0,FieldPos001 (6),,dataset
tbf_imgs,D:\Dineth\focus_binary_benchmark\dataset\tbf_imgs\unfocused\FieldPos001 (6)\FieldPos001 (6)_page_13.png,0,FieldPos001 (6),,dataset
tbf_imgs,D:\Dineth\focus_binary_benchmark\dataset\tbf_imgs\unfocused\FieldPos001 (6)\FieldPos001 (6)_page_14.png,0,FieldPos001 (6),,dataset
tbf_imgs,D:\Dineth\focus_binary_benchmark\dataset\tbf_imgs\unfocused\FieldPos001 (6)\FieldPos001 (6)_page_2.png,0,FieldPos001 (6),,dataset
tbf_imgs,D:\Dineth\focus_binary_benchmark\dataset\tbf_imgs\unfocused\FieldPos001 (6)\FieldPos001 (6)_page_3.png,0,FieldPos001 (6),,dataset
tbf_imgs,D:\Dineth\focus_binary_benchmark\dataset\tbf_imgs\unfocused\FieldPos001 (6)\FieldPos001 (6)_page_4.png,0,FieldPos001 (6),,dataset
tbf_imgs,D:\Dineth\focus_binary_benchmark\dataset\tbf_imgs\unfocused\FieldPos001 (6)\FieldPos001 (6)_page_5.png,0,FieldPos001 (6),,dataset
tbf_imgs,D:\Dineth\focus_binary_benchmark\dataset\tbf_imgs\unfocused\FieldPos001 (6)\FieldPos001 (6)_page_9.png,0,FieldPos001 (6),,dataset
tbf_imgs,D:\Dineth\focus_binary_benchmark\dataset\tbf_imgs\unfocused\FieldPos001 (7)\FieldPos001 (7)_page_1.png,0,FieldPos001 (7),,dataset
tbf_imgs,D:\Dineth\focus_binary_benchmark\dataset\tbf_imgs\unfocused\FieldPos001 (7)\FieldPos001 (7)_page_10.png,0,FieldPos001 (7),,dataset
tbf_imgs,D:\Dineth\focus_binary_benchmark\dataset\tbf_imgs\unfocused\FieldPos001 (7)\FieldPos001 (7)_page_11.png,0,FieldPos001 (7),,dataset
tbf_imgs,D:\Dineth\focus_binary_benchmark\dataset\tbf_imgs\unfocused\FieldPos001 (7)\FieldPos001 (7)_page_12.png,0,FieldPos001 (7),,dataset
tbf_imgs,D:\Dineth\focus_binary_benchmark\dataset\tbf_imgs\unfocused\FieldPos001 (7)\FieldPos001 (7)_page_13.png,0,FieldPos001 (7),,dataset
tbf_imgs,D:\Dineth\focus_binary_benchmark\dataset\tbf_imgs\unfocused\FieldPos001 (7)\FieldPos001 (7)_page_14.png,0,FieldPos001 (7),,dataset
tbf_imgs,D:\Dineth\focus_binary_benchmark\dataset\tbf_imgs\unfocused\FieldPos001 (7)\FieldPos001 (7)_page_2.png,0,FieldPos001 (7),,dataset
tbf_imgs,D:\Dineth\focus_binary_benchmark\dataset\tbf_imgs\unfocused\FieldPos001 (7)\FieldPos001 (7)_page_3.png,0,FieldPos001 (7),,dataset
tbf_imgs,D:\Dineth\focus_binary_benchmark\dataset\tbf_imgs\unfocused\FieldPos001 (7)\FieldPos001 (7)_page_4.png,0,FieldPos001 (7),,dataset
tbf_imgs,D:\Dineth\focus_binary_benchmark\dataset\tbf_imgs\unfocused\FieldPos001 (7)\FieldPos001 (7)_page_5.png,0,FieldPos001 (7),,dataset
tbf_imgs,D:\Dineth\focus_binary_benchmark\dataset\tbf_imgs\unfocused\FieldPos001 (7)\FieldPos001 (7)_page_9.png,0,FieldPos001 (7),,dataset
tbf_imgs,D:\Dineth\focus_binary_benchmark\dataset\tbf_imgs\unfocused\FieldPos002\FieldPos002_page_1.png,0,FieldPos002,,dataset
tbf_imgs,D:\Dineth\focus_binary_benchmark\dataset\tbf_imgs\unfocused\FieldPos002\FieldPos002_page_10.png,0,FieldPos002,,dataset
tbf_imgs,D:\Dineth\focus_binary_benchmark\dataset\tbf_imgs\unfocused\FieldPos002\FieldPos002_page_11.png,0,FieldPos002,,dataset
tbf_imgs,D:\Dineth\focus_binary_benchmark\dataset\tbf_imgs\unfocused\FieldPos002\FieldPos002_page_12.png,0,FieldPos002,,dataset
tbf_imgs,D:\Dineth\focus_binary_benchmark\dataset\tbf_imgs\unfocused\FieldPos002\FieldPos002_page_13.png,0,FieldPos002,,dataset
tbf_imgs,D:\Dineth\focus_binary_benchmark\dataset\tbf_imgs\unfocused\FieldPos002\FieldPos002_page_14.png,0,FieldPos002,,dataset
tbf_imgs,D:\Dineth\focus_binary_benchmark\dataset\tbf_imgs\unfocused\FieldPos002\FieldPos002_page_2.png,0,FieldPos002,,dataset
tbf_imgs,D:\Dineth\focus_binary_benchmark\dataset\tbf_imgs\unfocused\FieldPos002\FieldPos002_page_3.png,0,FieldPos002,,dataset
tbf_imgs,D:\Dineth\focus_binary_benchmark\dataset\tbf_imgs\unfocused\FieldPos002\FieldPos002_page_4.png,0,FieldPos002,,dataset
tbf_imgs,D:\Dineth\focus_binary_benchmark\dataset\tbf_imgs\unfocused\FieldPos002\FieldPos002_page_8.png,0,FieldPos002,,dataset
tbf_imgs,D:\Dineth\focus_binary_benchmark\dataset\tbf_imgs\unfocused\FieldPos002\FieldPos002_page_9.png,0,FieldPos002,,dataset
tbf_imgs,D:\Dineth\focus_binary_benchmark\dataset\tbf_imgs\unfocused\FieldPos002 (2)\FieldPos002 (2)_page_1.png,0,FieldPos002 (2),,dataset
tbf_imgs,D:\Dineth\focus_binary_benchmark\dataset\tbf_imgs\unfocused\FieldPos002 (2)\FieldPos002 (2)_page_10.png,0,FieldPos002 (2),,dataset
tbf_imgs,D:\Dineth\focus_binary_benchmark\dataset\tbf_imgs\unfocused\FieldPos002 (2)\FieldPos002 (2)_page_11.png,0,FieldPos002 (2),,dataset
tbf_imgs,D:\Dineth\focus_binary_benchmark\dataset\tbf_imgs\unfocused\FieldPos002 (2)\FieldPos002 (2)_page_12.png,0,FieldPos002 (2),,dataset
tbf_imgs,D:\Dineth\focus_binary_benchmark\dataset\tbf_imgs\unfocused\FieldPos002 (2)\FieldPos002 (2)_page_13.png,0,FieldPos002 (2),,dataset
tbf_imgs,D:\Dineth\focus_binary_benchmark\dataset\tbf_imgs\unfocused\FieldPos002 (2)\FieldPos002 (2)_page_14.png,0,FieldPos002 (2),,dataset
tbf_imgs,D:\Dineth\focus_binary_benchmark\dataset\tbf_imgs\unfocused\FieldPos002 (2)\FieldPos002 (2)_page_2.png,0,FieldPos002 (2),,dataset
tbf_imgs,D:\Dineth\focus_binary_benchmark\dataset\tbf_imgs\unfocused\FieldPos002 (2)\FieldPos002 (2)_page_3.png,0,FieldPos002 (2),,dataset
tbf_imgs,D:\Dineth\focus_binary_benchmark\dataset\tbf_imgs\unfocused\FieldPos002 (2)\FieldPos002 (2)_page_4.png,0,FieldPos002 (2),,dataset
tbf_imgs,D:\Dineth\focus_binary_benchmark\dataset\tbf_imgs\unfocused\FieldPos002 (2)\FieldPos002 (2)_page_5.png,0,FieldPos002 (2),,dataset
tbf_imgs,D:\Dineth\focus_binary_benchmark\dataset\tbf_imgs\unfocused\FieldPos002 (2)\FieldPos002 (2)_page_9.png,0,FieldPos002 (2),,dataset
tbf_imgs,D:\Dineth\focus_binary_benchmark\dataset\tbf_imgs\unfocused\FieldPos002 (3)\FieldPos002 (3)_page_1.png,0,FieldPos002 (3),,dataset
tbf_imgs,D:\Dineth\focus_binary_benchmark\dataset\tbf_imgs\unfocused\FieldPos002 (3)\FieldPos002 (3)_page_10.png,0,FieldPos002 (3),,dataset
tbf_imgs,D:\Dineth\focus_binary_benchmark\dataset\tbf_imgs\unfocused\FieldPos002 (3)\FieldPos002 (3)_page_11.png,0,FieldPos002 (3),,dataset
tbf_imgs,D:\Dineth\focus_binary_benchmark\dataset\tbf_imgs\unfocused\FieldPos002 (3)\FieldPos002 (3)_page_12.png,0,FieldPos002 (3),,dataset
tbf_imgs,D:\Dineth\focus_binary_benchmark\dataset\tbf_imgs\unfocused\FieldPos002 (3)\FieldPos002 (3)_page_13.png,0,FieldPos002 (3),,dataset
tbf_imgs,D:\Dineth\focus_binary_benchmark\dataset\tbf_imgs\unfocused\FieldPos002 (3)\FieldPos002 (3)_page_14.png,0,FieldPos002 (3),,dataset
tbf_imgs,D:\Dineth\focus_binary_benchmark\dataset\tbf_imgs\unfocused\FieldPos002 (3)\FieldPos002 (3)_page_2.png,0,FieldPos002 (3),,dataset
tbf_imgs,D:\Dineth\focus_binary_benchmark\dataset\tbf_imgs\unfocused\FieldPos002 (3)\FieldPos002 (3)_page_3.png,0,FieldPos002 (3),,dataset
tbf_imgs,D:\Dineth\focus_binary_benchmark\dataset\tbf_imgs\unfocused\FieldPos002 (3)\FieldPos002 (3)_page_4.png,0,FieldPos002 (3),,dataset
tbf_imgs,D:\Dineth\focus_binary_benchmark\dataset\tbf_imgs\unfocused\FieldPos002 (3)\FieldPos002 (3)_page_5.png,0,FieldPos002 (3),,dataset
tbf_imgs,D:\Dineth\focus_binary_benchmark\dataset\tbf_imgs\unfocused\FieldPos002 (3)\FieldPos002 (3)_page_6.png,0,FieldPos002 (3),,dataset
tbf_imgs,D:\Dineth\focus_binary_benchmark\dataset\tbf_imgs\unfocused\FieldPos002 (4)\FieldPos002 (4)_page_1.png,0,FieldPos002 (4),,dataset
tbf_imgs,D:\Dineth\focus_binary_benchmark\dataset\tbf_imgs\unfocused\FieldPos002 (4)\FieldPos002 (4)_page_10.png,0,FieldPos002 (4),,dataset
tbf_imgs,D:\Dineth\focus_binary_benchmark\dataset\tbf_imgs\unfocused\FieldPos002 (4)\FieldPos002 (4)_page_11.png,0,FieldPos002 (4),,dataset
tbf_imgs,D:\Dineth\focus_binary_benchmark\dataset\tbf_imgs\unfocused\FieldPos002 (4)\FieldPos002 (4)_page_12.png,0,FieldPos002 (4),,dataset
tbf_imgs,D:\Dineth\focus_binary_benchmark\dataset\tbf_imgs\unfocused\FieldPos002 (4)\FieldPos002 (4)_page_13.png,0,FieldPos002 (4),,dataset
tbf_imgs,D:\Dineth\focus_binary_benchmark\dataset\tbf_imgs\unfocused\FieldPos002 (4)\FieldPos002 (4)_page_14.png,0,FieldPos002 (4),,dataset
tbf_imgs,D:\Dineth\focus_binary_benchmark\dataset\tbf_imgs\unfocused\FieldPos002 (4)\FieldPos002 (4)_page_2.png,0,FieldPos002 (4),,dataset
tbf_imgs,D:\Dineth\focus_binary_benchmark\dataset\tbf_imgs\unfocused\FieldPos002 (4)\FieldPos002 (4)_page_3.png,0,FieldPos002 (4),,dataset
tbf_imgs,D:\Dineth\focus_binary_benchmark\dataset\tbf_imgs\unfocused\FieldPos002 (4)\FieldPos002 (4)_page_4.png,0,FieldPos002 (4),,dataset
tbf_imgs,D:\Dineth\focus_binary_benchmark\dataset\tbf_imgs\unfocused\FieldPos002 (4)\FieldPos002 (4)_page_5.png,0,FieldPos002 (4),,dataset
tbf_imgs,D:\Dineth\focus_binary_benchmark\dataset\tbf_imgs\unfocused\FieldPos002 (4)\FieldPos002 (4)_page_9.png,0,FieldPos002 (4),,dataset
tbf_imgs,D:\Dineth\focus_binary_benchmark\dataset\tbf_imgs\unfocused\FieldPos002 (5)\FieldPos002 (5)_page_1.png,0,FieldPos002 (5),,dataset
tbf_imgs,D:\Dineth\focus_binary_benchmark\dataset\tbf_imgs\unfocused\FieldPos002 (5)\FieldPos002 (5)_page_10.png,0,FieldPos002 (5),,dataset
tbf_imgs,D:\Dineth\focus_binary_benchmark\dataset\tbf_imgs\unfocused\FieldPos002 (5)\FieldPos002 (5)_page_11.png,0,FieldPos002 (5),,dataset
tbf_imgs,D:\Dineth\focus_binary_benchmark\dataset\tbf_imgs\unfocused\FieldPos002 (5)\FieldPos002 (5)_page_12.png,0,FieldPos002 (5),,dataset
tbf_imgs,D:\Dineth\focus_binary_benchmark\dataset\tbf_imgs\unfocused\FieldPos002 (5)\FieldPos002 (5)_page_13.png,0,FieldPos002 (5),,dataset
tbf_imgs,D:\Dineth\focus_binary_benchmark\dataset\tbf_imgs\unfocused\FieldPos002 (5)\FieldPos002 (5)_page_14.png,0,FieldPos002 (5),,dataset
tbf_imgs,D:\Dineth\focus_binary_benchmark\dataset\tbf_imgs\unfocused\FieldPos002 (5)\FieldPos002 (5)_page_2.png,0,FieldPos002 (5),,dataset
tbf_imgs,D:\Dineth\focus_binary_benchmark\dataset\tbf_imgs\unfocused\FieldPos002 (5)\FieldPos002 (5)_page_3.png,0,FieldPos002 (5),,dataset
tbf_imgs,D:\Dineth\focus_binary_benchmark\dataset\tbf_imgs\unfocused\FieldPos002 (5)\FieldPos002 (5)_page_4.png,0,FieldPos002 (5),,dataset
tbf_imgs,D:\Dineth\focus_binary_benchmark\dataset\tbf_imgs\unfocused\FieldPos002 (5)\FieldPos002 (5)_page_5.png,0,FieldPos002 (5),,dataset
tbf_imgs,D:\Dineth\focus_binary_benchmark\dataset\tbf_imgs\unfocused\FieldPos002 (5)\FieldPos002 (5)_page_6.png,0,FieldPos002 (5),,dataset
tbf_imgs,D:\Dineth\focus_binary_benchmark\dataset\tbf_imgs\unfocused\FieldPos002 (6)\FieldPos002 (6)_page_1.png,0,FieldPos002 (6),,dataset
tbf_imgs,D:\Dineth\focus_binary_benchmark\dataset\tbf_imgs\unfocused\FieldPos002 (6)\FieldPos002 (6)_page_10.png,0,FieldPos002 (6),,dataset
tbf_imgs,D:\Dineth\focus_binary_benchmark\dataset\tbf_imgs\unfocused\FieldPos002 (6)\FieldPos002 (6)_page_11.png,0,FieldPos002 (6),,dataset
tbf_imgs,D:\Dineth\focus_binary_benchmark\dataset\tbf_imgs\unfocused\FieldPos002 (6)\FieldPos002 (6)_page_12.png,0,FieldPos002 (6),,dataset
tbf_imgs,D:\Dineth\focus_binary_benchmark\dataset\tbf_imgs\unfocused\FieldPos002 (6)\FieldPos002 (6)_page_13.png,0,FieldPos002 (6),,dataset
tbf_imgs,D:\Dineth\focus_binary_benchmark\dataset\tbf_imgs\unfocused\FieldPos002 (6)\FieldPos002 (6)_page_14.png,0,FieldPos002 (6),,dataset
tbf_imgs,D:\Dineth\focus_binary_benchmark\dataset\tbf_imgs\unfocused\FieldPos002 (6)\FieldPos002 (6)_page_2.png,0,FieldPos002 (6),,dataset
tbf_imgs,D:\Dineth\focus_binary_benchmark\dataset\tbf_imgs\unfocused\FieldPos002 (6)\FieldPos002 (6)_page_3.png,0,FieldPos002 (6),,dataset
tbf_imgs,D:\Dineth\focus_binary_benchmark\dataset\tbf_imgs\unfocused\FieldPos002 (6)\FieldPos002 (6)_page_4.png,0,FieldPos002 (6),,dataset
tbf_imgs,D:\Dineth\focus_binary_benchmark\dataset\tbf_imgs\unfocused\FieldPos002 (6)\FieldPos002 (6)_page_5.png,0,FieldPos002 (6),,dataset
tbf_imgs,D:\Dineth\focus_binary_benchmark\dataset\tbf_imgs\unfocused\FieldPos002 (6)\FieldPos002 (6)_page_6.png,0,FieldPos002 (6),,dataset
tbf_imgs,D:\Dineth\focus_binary_benchmark\dataset\tbf_imgs\unfocused\FieldPos003\FieldPos003_page_1.png,0,FieldPos003,,dataset
tbf_imgs,D:\Dineth\focus_binary_benchmark\dataset\tbf_imgs\unfocused\FieldPos003\FieldPos003_page_10.png,0,FieldPos003,,dataset
tbf_imgs,D:\Dineth\focus_binary_benchmark\dataset\tbf_imgs\unfocused\FieldPos003\FieldPos003_page_11.png,0,FieldPos003,,dataset
tbf_imgs,D:\Dineth\focus_binary_benchmark\dataset\tbf_imgs\unfocused\FieldPos003\FieldPos003_page_12.png,0,FieldPos003,,dataset
tbf_imgs,D:\Dineth\focus_binary_benchmark\dataset\tbf_imgs\unfocused\FieldPos003\FieldPos003_page_13.png,0,FieldPos003,,dataset
tbf_imgs,D:\Dineth\focus_binary_benchmark\dataset\tbf_imgs\unfocused\FieldPos003\FieldPos003_page_14.png,0,FieldPos003,,dataset
tbf_imgs,D:\Dineth\focus_binary_benchmark\dataset\tbf_imgs\unfocused\FieldPos003\FieldPos003_page_2.png,0,FieldPos003,,dataset
tbf_imgs,D:\Dineth\focus_binary_benchmark\dataset\tbf_imgs\unfocused\FieldPos003\FieldPos003_page_3.png,0,FieldPos003,,dataset
tbf_imgs,D:\Dineth\focus_binary_benchmark\dataset\tbf_imgs\unfocused\FieldPos003\FieldPos003_page_4.png,0,FieldPos003,,dataset
tbf_imgs,D:\Dineth\focus_binary_benchmark\dataset\tbf_imgs\unfocused\FieldPos003\FieldPos003_page_8.png,0,FieldPos003,,dataset
tbf_imgs,D:\Dineth\focus_binary_benchmark\dataset\tbf_imgs\unfocused\FieldPos003\FieldPos003_page_9.png,0,FieldPos003,,dataset
tbf_imgs,D:\Dineth\focus_binary_benchmark\dataset\tbf_imgs\unfocused\FieldPos003 (2)\FieldPos003 (2)_page_1.png,0,FieldPos003 (2),,dataset
tbf_imgs,D:\Dineth\focus_binary_benchmark\dataset\tbf_imgs\unfocused\FieldPos003 (2)\FieldPos003 (2)_page_10.png,0,FieldPos003 (2),,dataset
tbf_imgs,D:\Dineth\focus_binary_benchmark\dataset\tbf_imgs\unfocused\FieldPos003 (2)\FieldPos003 (2)_page_11.png,0,FieldPos003 (2),,dataset
tbf_imgs,D:\Dineth\focus_binary_benchmark\dataset\tbf_imgs\unfocused\FieldPos003 (2)\FieldPos003 (2)_page_12.png,0,FieldPos003 (2),,dataset
tbf_imgs,D:\Dineth\focus_binary_benchmark\dataset\tbf_imgs\unfocused\FieldPos003 (2)\FieldPos003 (2)_page_13.png,0,FieldPos003 (2),,dataset
tbf_imgs,D:\Dineth\focus_binary_benchmark\dataset\tbf_imgs\unfocused\FieldPos003 (2)\FieldPos003 (2)_page_14.png,0,FieldPos003 (2),,dataset
tbf_imgs,D:\Dineth\focus_binary_benchmark\dataset\tbf_imgs\unfocused\FieldPos003 (2)\FieldPos003 (2)_page_2.png,0,FieldPos003 (2),,dataset
tbf_imgs,D:\Dineth\focus_binary_benchmark\dataset\tbf_imgs\unfocused\FieldPos003 (2)\FieldPos003 (2)_page_3.png,0,FieldPos003 (2),,dataset
tbf_imgs,D:\Dineth\focus_binary_benchmark\dataset\tbf_imgs\unfocused\FieldPos003 (2)\FieldPos003 (2)_page_4.png,0,FieldPos003 (2),,dataset
tbf_imgs,D:\Dineth\focus_binary_benchmark\dataset\tbf_imgs\unfocused\FieldPos003 (2)\FieldPos003 (2)_page_8.png,0,FieldPos003 (2),,dataset
tbf_imgs,D:\Dineth\focus_binary_benchmark\dataset\tbf_imgs\unfocused\FieldPos003 (2)\FieldPos003 (2)_page_9.png,0,FieldPos003 (2),,dataset
tbf_imgs,D:\Dineth\focus_binary_benchmark\dataset\tbf_imgs\unfocused\FieldPos003 (3)\FieldPos003 (3)_page_1.png,0,FieldPos003 (3),,dataset
tbf_imgs,D:\Dineth\focus_binary_benchmark\dataset\tbf_imgs\unfocused\FieldPos003 (3)\FieldPos003 (3)_page_10.png,0,FieldPos003 (3),,dataset
tbf_imgs,D:\Dineth\focus_binary_benchmark\dataset\tbf_imgs\unfocused\FieldPos003 (3)\FieldPos003 (3)_page_11.png,0,FieldPos003 (3),,dataset
tbf_imgs,D:\Dineth\focus_binary_benchmark\dataset\tbf_imgs\unfocused\FieldPos003 (3)\FieldPos003 (3)_page_12.png,0,FieldPos003 (3),,dataset
tbf_imgs,D:\Dineth\focus_binary_benchmark\dataset\tbf_imgs\unfocused\FieldPos003 (3)\FieldPos003 (3)_page_13.png,0,FieldPos003 (3),,dataset
tbf_imgs,D:\Dineth\focus_binary_benchmark\dataset\tbf_imgs\unfocused\FieldPos003 (3)\FieldPos003 (3)_page_14.png,0,FieldPos003 (3),,dataset
tbf_imgs,D:\Dineth\focus_binary_benchmark\dataset\tbf_imgs\unfocused\FieldPos003 (3)\FieldPos003 (3)_page_2.png,0,FieldPos003 (3),,dataset
tbf_imgs,D:\Dineth\focus_binary_benchmark\dataset\tbf_imgs\unfocused\FieldPos003 (3)\FieldPos003 (3)_page_3.png,0,FieldPos003 (3),,dataset
tbf_imgs,D:\Dineth\focus_binary_benchmark\dataset\tbf_imgs\unfocused\FieldPos003 (3)\FieldPos003 (3)_page_4.png,0,FieldPos003 (3),,dataset
tbf_imgs,D:\Dineth\focus_binary_benchmark\dataset\tbf_imgs\unfocused\FieldPos003 (3)\FieldPos003 (3)_page_5.png,0,FieldPos003 (3),,dataset
tbf_imgs,D:\Dineth\focus_binary_benchmark\dataset\tbf_imgs\unfocused\FieldPos003 (3)\FieldPos003 (3)_page_9.png,0,FieldPos003 (3),,dataset
tbf_imgs,D:\Dineth\focus_binary_benchmark\dataset\tbf_imgs\unfocused\FieldPos003 (4)\FieldPos003 (4)_page_1.png,0,FieldPos003 (4),,dataset
tbf_imgs,D:\Dineth\focus_binary_benchmark\dataset\tbf_imgs\unfocused\FieldPos003 (4)\FieldPos003 (4)_page_10.png,0,FieldPos003 (4),,dataset
tbf_imgs,D:\Dineth\focus_binary_benchmark\dataset\tbf_imgs\unfocused\FieldPos003 (4)\FieldPos003 (4)_page_11.png,0,FieldPos003 (4),,dataset
tbf_imgs,D:\Dineth\focus_binary_benchmark\dataset\tbf_imgs\unfocused\FieldPos003 (4)\FieldPos003 (4)_page_12.png,0,FieldPos003 (4),,dataset
tbf_imgs,D:\Dineth\focus_binary_benchmark\dataset\tbf_imgs\unfocused\FieldPos003 (4)\FieldPos003 (4)_page_13.png,0,FieldPos003 (4),,dataset
tbf_imgs,D:\Dineth\focus_binary_benchmark\dataset\tbf_imgs\unfocused\FieldPos003 (4)\FieldPos003 (4)_page_14.png,0,FieldPos003 (4),,dataset
tbf_imgs,D:\Dineth\focus_binary_benchmark\dataset\tbf_imgs\unfocused\FieldPos003 (4)\FieldPos003 (4)_page_2.png,0,FieldPos003 (4),,dataset
tbf_imgs,D:\Dineth\focus_binary_benchmark\dataset\tbf_imgs\unfocused\FieldPos003 (4)\FieldPos003 (4)_page_3.png,0,FieldPos003 (4),,dataset
tbf_imgs,D:\Dineth\focus_binary_benchmark\dataset\tbf_imgs\unfocused\FieldPos003 (4)\FieldPos003 (4)_page_4.png,0,FieldPos003 (4),,dataset
tbf_imgs,D:\Dineth\focus_binary_benchmark\dataset\tbf_imgs\unfocused\FieldPos003 (4)\FieldPos003 (4)_page_5.png,0,FieldPos003 (4),,dataset
tbf_imgs,D:\Dineth\focus_binary_benchmark\dataset\tbf_imgs\unfocused\FieldPos003 (4)\FieldPos003 (4)_page_9.png,0,FieldPos003 (4),,dataset
tbf_imgs,D:\Dineth\focus_binary_benchmark\dataset\tbf_imgs\unfocused\FieldPos003 (5)\FieldPos003 (5)_page_1.png,0,FieldPos003 (5),,dataset
tbf_imgs,D:\Dineth\focus_binary_benchmark\dataset\tbf_imgs\unfocused\FieldPos003 (5)\FieldPos003 (5)_page_10.png,0,FieldPos003 (5),,dataset
tbf_imgs,D:\Dineth\focus_binary_benchmark\dataset\tbf_imgs\unfocused\FieldPos003 (5)\FieldPos003 (5)_page_11.png,0,FieldPos003 (5),,dataset
tbf_imgs,D:\Dineth\focus_binary_benchmark\dataset\tbf_imgs\unfocused\FieldPos003 (5)\FieldPos003 (5)_page_12.png,0,FieldPos003 (5),,dataset
tbf_imgs,D:\Dineth\focus_binary_benchmark\dataset\tbf_imgs\unfocused\FieldPos003 (5)\FieldPos003 (5)_page_13.png,0,FieldPos003 (5),,dataset
tbf_imgs,D:\Dineth\focus_binary_benchmark\dataset\tbf_imgs\unfocused\FieldPos003 (5)\FieldPos003 (5)_page_14.png,0,FieldPos003 (5),,dataset
tbf_imgs,D:\Dineth\focus_binary_benchmark\dataset\tbf_imgs\unfocused\FieldPos003 (5)\FieldPos003 (5)_page_2.png,0,FieldPos003 (5),,dataset
tbf_imgs,D:\Dineth\focus_binary_benchmark\dataset\tbf_imgs\unfocused\FieldPos003 (5)\FieldPos003 (5)_page_3.png,0,FieldPos003 (5),,dataset
tbf_imgs,D:\Dineth\focus_binary_benchmark\dataset\tbf_imgs\unfocused\FieldPos003 (5)\FieldPos003 (5)_page_4.png,0,FieldPos003 (5),,dataset
tbf_imgs,D:\Dineth\focus_binary_benchmark\dataset\tbf_imgs\unfocused\FieldPos003 (5)\FieldPos003 (5)_page_8.png,0,FieldPos003 (5),,dataset
tbf_imgs,D:\Dineth\focus_binary_benchmark\dataset\tbf_imgs\unfocused\FieldPos003 (5)\FieldPos003 (5)_page_9.png,0,FieldPos003 (5),,dataset
tbf_imgs,D:\Dineth\focus_binary_benchmark\dataset\tbf_imgs\unfocused\FieldPos004\FieldPos004_page_1.png,0,FieldPos004,,dataset
tbf_imgs,D:\Dineth\focus_binary_benchmark\dataset\tbf_imgs\unfocused\FieldPos004\FieldPos004_page_10.png,0,FieldPos004,,dataset
tbf_imgs,D:\Dineth\focus_binary_benchmark\dataset\tbf_imgs\unfocused\FieldPos004\FieldPos004_page_11.png,0,FieldPos004,,dataset
tbf_imgs,D:\Dineth\focus_binary_benchmark\dataset\tbf_imgs\unfocused\FieldPos004\FieldPos004_page_12.png,0,FieldPos004,,dataset
tbf_imgs,D:\Dineth\focus_binary_benchmark\dataset\tbf_imgs\unfocused\FieldPos004\FieldPos004_page_13.png,0,FieldPos004,,dataset
tbf_imgs,D:\Dineth\focus_binary_benchmark\dataset\tbf_imgs\unfocused\FieldPos004\FieldPos004_page_14.png,0,FieldPos004,,dataset
tbf_imgs,D:\Dineth\focus_binary_benchmark\dataset\tbf_imgs\unfocused\FieldPos004\FieldPos004_page_2.png,0,FieldPos004,,dataset
tbf_imgs,D:\Dineth\focus_binary_benchmark\dataset\tbf_imgs\unfocused\FieldPos004\FieldPos004_page_3.png,0,FieldPos004,,dataset
tbf_imgs,D:\Dineth\focus_binary_benchmark\dataset\tbf_imgs\unfocused\FieldPos004\FieldPos004_page_4.png,0,FieldPos004,,dataset
tbf_imgs,D:\Dineth\focus_binary_benchmark\dataset\tbf_imgs\unfocused\FieldPos004\FieldPos004_page_5.png,0,FieldPos004,,dataset
tbf_imgs,D:\Dineth\focus_binary_benchmark\dataset\tbf_imgs\unfocused\FieldPos004\FieldPos004_page_9.png,0,FieldPos004,,dataset
tbf_imgs,D:\Dineth\focus_binary_benchmark\dataset\tbf_imgs\unfocused\FieldPos004 (2)\FieldPos004 (2)_page_1.png,0,FieldPos004 (2),,dataset
tbf_imgs,D:\Dineth\focus_binary_benchmark\dataset\tbf_imgs\unfocused\FieldPos004 (2)\FieldPos004 (2)_page_10.png,0,FieldPos004 (2),,dataset
tbf_imgs,D:\Dineth\focus_binary_benchmark\dataset\tbf_imgs\unfocused\FieldPos004 (2)\FieldPos004 (2)_page_11.png,0,FieldPos004 (2),,dataset
tbf_imgs,D:\Dineth\focus_binary_benchmark\dataset\tbf_imgs\unfocused\FieldPos004 (2)\FieldPos004 (2)_page_12.png,0,FieldPos004 (2),,dataset
tbf_imgs,D:\Dineth\focus_binary_benchmark\dataset\tbf_imgs\unfocused\FieldPos004 (2)\FieldPos004 (2)_page_13.png,0,FieldPos004 (2),,dataset
tbf_imgs,D:\Dineth\focus_binary_benchmark\dataset\tbf_imgs\unfocused\FieldPos004 (2)\FieldPos004 (2)_page_14.png,0,FieldPos004 (2),,dataset
tbf_imgs,D:\Dineth\focus_binary_benchmark\dataset\tbf_imgs\unfocused\FieldPos004 (2)\FieldPos004 (2)_page_2.png,0,FieldPos004 (2),,dataset
tbf_imgs,D:\Dineth\focus_binary_benchmark\dataset\tbf_imgs\unfocused\FieldPos004 (2)\FieldPos004 (2)_page_3.png,0,FieldPos004 (2),,dataset
tbf_imgs,D:\Dineth\focus_binary_benchmark\dataset\tbf_imgs\unfocused\FieldPos004 (2)\FieldPos004 (2)_page_4.png,0,FieldPos004 (2),,dataset
tbf_imgs,D:\Dineth\focus_binary_benchmark\dataset\tbf_imgs\unfocused\FieldPos004 (2)\FieldPos004 (2)_page_8.png,0,FieldPos004 (2),,dataset
tbf_imgs,D:\Dineth\focus_binary_benchmark\dataset\tbf_imgs\unfocused\FieldPos004 (2)\FieldPos004 (2)_page_9.png,0,FieldPos004 (2),,dataset
tbf_imgs,D:\Dineth\focus_binary_benchmark\dataset\tbf_imgs\unfocused\FieldPos004 (3)\FieldPos004 (3)_page_1.png,0,FieldPos004 (3),,dataset
tbf_imgs,D:\Dineth\focus_binary_benchmark\dataset\tbf_imgs\unfocused\FieldPos004 (3)\FieldPos004 (3)_page_10.png,0,FieldPos004 (3),,dataset
tbf_imgs,D:\Dineth\focus_binary_benchmark\dataset\tbf_imgs\unfocused\FieldPos004 (3)\FieldPos004 (3)_page_11.png,0,FieldPos004 (3),,dataset
tbf_imgs,D:\Dineth\focus_binary_benchmark\dataset\tbf_imgs\unfocused\FieldPos004 (3)\FieldPos004 (3)_page_12.png,0,FieldPos004 (3),,dataset
tbf_imgs,D:\Dineth\focus_binary_benchmark\dataset\tbf_imgs\unfocused\FieldPos004 (3)\FieldPos004 (3)_page_13.png,0,FieldPos004 (3),,dataset
tbf_imgs,D:\Dineth\focus_binary_benchmark\dataset\tbf_imgs\unfocused\FieldPos004 (3)\FieldPos004 (3)_page_14.png,0,FieldPos004 (3),,dataset
tbf_imgs,D:\Dineth\focus_binary_benchmark\dataset\tbf_imgs\unfocused\FieldPos004 (3)\FieldPos004 (3)_page_2.png,0,FieldPos004 (3),,dataset
tbf_imgs,D:\Dineth\focus_binary_benchmark\dataset\tbf_imgs\unfocused\FieldPos004 (3)\FieldPos004 (3)_page_3.png,0,FieldPos004 (3),,dataset
tbf_imgs,D:\Dineth\focus_binary_benchmark\dataset\tbf_imgs\unfocused\FieldPos004 (3)\FieldPos004 (3)_page_4.png,0,FieldPos004 (3),,dataset
tbf_imgs,D:\Dineth\focus_binary_benchmark\dataset\tbf_imgs\unfocused\FieldPos004 (3)\FieldPos004 (3)_page_5.png,0,FieldPos004 (3),,dataset
tbf_imgs,D:\Dineth\focus_binary_benchmark\dataset\tbf_imgs\unfocused\FieldPos004 (3)\FieldPos004 (3)_page_9.png,0,FieldPos004 (3),,dataset
tbf_imgs,D:\Dineth\focus_binary_benchmark\dataset\tbf_imgs\unfocused\FieldPos004 (4)\FieldPos004 (4)_page_1.png,0,FieldPos004 (4),,dataset
tbf_imgs,D:\Dineth\focus_binary_benchmark\dataset\tbf_imgs\unfocused\FieldPos004 (4)\FieldPos004 (4)_page_10.png,0,FieldPos004 (4),,dataset
tbf_imgs,D:\Dineth\focus_binary_benchmark\dataset\tbf_imgs\unfocused\FieldPos004 (4)\FieldPos004 (4)_page_11.png,0,FieldPos004 (4),,dataset
tbf_imgs,D:\Dineth\focus_binary_benchmark\dataset\tbf_imgs\unfocused\FieldPos004 (4)\FieldPos004 (4)_page_12.png,0,FieldPos004 (4),,dataset
tbf_imgs,D:\Dineth\focus_binary_benchmark\dataset\tbf_imgs\unfocused\FieldPos004 (4)\FieldPos004 (4)_page_13.png,0,FieldPos004 (4),,dataset
tbf_imgs,D:\Dineth\focus_binary_benchmark\dataset\tbf_imgs\unfocused\FieldPos004 (4)\FieldPos004 (4)_page_14.png,0,FieldPos004 (4),,dataset
tbf_imgs,D:\Dineth\focus_binary_benchmark\dataset\tbf_imgs\unfocused\FieldPos004 (4)\FieldPos004 (4)_page_2.png,0,FieldPos004 (4),,dataset
tbf_imgs,D:\Dineth\focus_binary_benchmark\dataset\tbf_imgs\unfocused\FieldPos004 (4)\FieldPos004 (4)_page_3.png,0,FieldPos004 (4),,dataset
tbf_imgs,D:\Dineth\focus_binary_benchmark\dataset\tbf_imgs\unfocused\FieldPos004 (4)\FieldPos004 (4)_page_4.png,0,FieldPos004 (4),,dataset
tbf_imgs,D:\Dineth\focus_binary_benchmark\dataset\tbf_imgs\unfocused\FieldPos004 (4)\FieldPos004 (4)_page_5.png,0,FieldPos004 (4),,dataset
tbf_imgs,D:\Dineth\focus_binary_benchmark\dataset\tbf_imgs\unfocused\FieldPos004 (4)\FieldPos004 (4)_page_9.png,0,FieldPos004 (4),,dataset
tbf_imgs,D:\Dineth\focus_binary_benchmark\dataset\tbf_imgs\unfocused\FieldPos004 (5)\FieldPos004 (5)_page_1.png,0,FieldPos004 (5),,dataset
tbf_imgs,D:\Dineth\focus_binary_benchmark\dataset\tbf_imgs\unfocused\FieldPos004 (5)\FieldPos004 (5)_page_10.png,0,FieldPos004 (5),,dataset
tbf_imgs,D:\Dineth\focus_binary_benchmark\dataset\tbf_imgs\unfocused\FieldPos004 (5)\FieldPos004 (5)_page_11.png,0,FieldPos004 (5),,dataset
tbf_imgs,D:\Dineth\focus_binary_benchmark\dataset\tbf_imgs\unfocused\FieldPos004 (5)\FieldPos004 (5)_page_12.png,0,FieldPos004 (5),,dataset
tbf_imgs,D:\Dineth\focus_binary_benchmark\dataset\tbf_imgs\unfocused\FieldPos004 (5)\FieldPos004 (5)_page_13.png,0,FieldPos004 (5),,dataset
tbf_imgs,D:\Dineth\focus_binary_benchmark\dataset\tbf_imgs\unfocused\FieldPos004 (5)\FieldPos004 (5)_page_14.png,0,FieldPos004 (5),,dataset
tbf_imgs,D:\Dineth\focus_binary_benchmark\dataset\tbf_imgs\unfocused\FieldPos004 (5)\FieldPos004 (5)_page_2.png,0,FieldPos004 (5),,dataset
tbf_imgs,D:\Dineth\focus_binary_benchmark\dataset\tbf_imgs\unfocused\FieldPos004 (5)\FieldPos004 (5)_page_3.png,0,FieldPos004 (5),,dataset
tbf_imgs,D:\Dineth\focus_binary_benchmark\dataset\tbf_imgs\unfocused\FieldPos004 (5)\FieldPos004 (5)_page_4.png,0,FieldPos004 (5),,dataset
tbf_imgs,D:\Dineth\focus_binary_benchmark\dataset\tbf_imgs\unfocused\FieldPos004 (5)\FieldPos004 (5)_page_5.png,0,FieldPos004 (5),,dataset
tbf_imgs,D:\Dineth\focus_binary_benchmark\dataset\tbf_imgs\unfocused\FieldPos004 (5)\FieldPos004 (5)_page_9.png,0,FieldPos004 (5),,dataset
tbf_imgs,D:\Dineth\focus_binary_benchmark\dataset\tbf_imgs\unfocused\FieldPos005\FieldPos005_page_1.png,0,FieldPos005,,dataset
tbf_imgs,D:\Dineth\focus_binary_benchmark\dataset\tbf_imgs\unfocused\FieldPos005\FieldPos005_page_10.png,0,FieldPos005,,dataset
tbf_imgs,D:\Dineth\focus_binary_benchmark\dataset\tbf_imgs\unfocused\FieldPos005\FieldPos005_page_11.png,0,FieldPos005,,dataset
tbf_imgs,D:\Dineth\focus_binary_benchmark\dataset\tbf_imgs\unfocused\FieldPos005\FieldPos005_page_12.png,0,FieldPos005,,dataset
tbf_imgs,D:\Dineth\focus_binary_benchmark\dataset\tbf_imgs\unfocused\FieldPos005\FieldPos005_page_13.png,0,FieldPos005,,dataset
tbf_imgs,D:\Dineth\focus_binary_benchmark\dataset\tbf_imgs\unfocused\FieldPos005\FieldPos005_page_14.png,0,FieldPos005,,dataset
tbf_imgs,D:\Dineth\focus_binary_benchmark\dataset\tbf_imgs\unfocused\FieldPos005\FieldPos005_page_2.png,0,FieldPos005,,dataset
tbf_imgs,D:\Dineth\focus_binary_benchmark\dataset\tbf_imgs\unfocused\FieldPos005\FieldPos005_page_3.png,0,FieldPos005,,dataset
tbf_imgs,D:\Dineth\focus_binary_benchmark\dataset\tbf_imgs\unfocused\FieldPos005\FieldPos005_page_4.png,0,FieldPos005,,dataset
tbf_imgs,D:\Dineth\focus_binary_benchmark\dataset\tbf_imgs\unfocused\FieldPos005\FieldPos005_page_5.png,0,FieldPos005,,dataset
tbf_imgs,D:\Dineth\focus_binary_benchmark\dataset\tbf_imgs\unfocused\FieldPos005\FieldPos005_page_9.png,0,FieldPos005,,dataset
tbf_imgs,D:\Dineth\focus_binary_benchmark\dataset\tbf_imgs\unfocused\FieldPos005 (2)\FieldPos005 (2)_page_1.png,0,FieldPos005 (2),,dataset
tbf_imgs,D:\Dineth\focus_binary_benchmark\dataset\tbf_imgs\unfocused\FieldPos005 (2)\FieldPos005 (2)_page_10.png,0,FieldPos005 (2),,dataset
tbf_imgs,D:\Dineth\focus_binary_benchmark\dataset\tbf_imgs\unfocused\FieldPos005 (2)\FieldPos005 (2)_page_11.png,0,FieldPos005 (2),,dataset
tbf_imgs,D:\Dineth\focus_binary_benchmark\dataset\tbf_imgs\unfocused\FieldPos005 (2)\FieldPos005 (2)_page_12.png,0,FieldPos005 (2),,dataset
tbf_imgs,D:\Dineth\focus_binary_benchmark\dataset\tbf_imgs\unfocused\FieldPos005 (2)\FieldPos005 (2)_page_13.png,0,FieldPos005 (2),,dataset
tbf_imgs,D:\Dineth\focus_binary_benchmark\dataset\tbf_imgs\unfocused\FieldPos005 (2)\FieldPos005 (2)_page_14.png,0,FieldPos005 (2),,dataset
tbf_imgs,D:\Dineth\focus_binary_benchmark\dataset\tbf_imgs\unfocused\FieldPos005 (2)\FieldPos005 (2)_page_2.png,0,FieldPos005 (2),,dataset
tbf_imgs,D:\Dineth\focus_binary_benchmark\dataset\tbf_imgs\unfocused\FieldPos005 (2)\FieldPos005 (2)_page_3.png,0,FieldPos005 (2),,dataset
tbf_imgs,D:\Dineth\focus_binary_benchmark\dataset\tbf_imgs\unfocused\FieldPos005 (2)\FieldPos005 (2)_page_4.png,0,FieldPos005 (2),,dataset
tbf_imgs,D:\Dineth\focus_binary_benchmark\dataset\tbf_imgs\unfocused\FieldPos005 (2)\FieldPos005 (2)_page_5.png,0,FieldPos005 (2),,dataset
tbf_imgs,D:\Dineth\focus_binary_benchmark\dataset\tbf_imgs\unfocused\FieldPos005 (2)\FieldPos005 (2)_page_9.png,0,FieldPos005 (2),,dataset
tbf_imgs,D:\Dineth\focus_binary_benchmark\dataset\tbf_imgs\unfocused\FieldPos006\FieldPos006_page_1.png,0,FieldPos006,,dataset
tbf_imgs,D:\Dineth\focus_binary_benchmark\dataset\tbf_imgs\unfocused\FieldPos006\FieldPos006_page_10.png,0,FieldPos006,,dataset
tbf_imgs,D:\Dineth\focus_binary_benchmark\dataset\tbf_imgs\unfocused\FieldPos006\FieldPos006_page_11.png,0,FieldPos006,,dataset
tbf_imgs,D:\Dineth\focus_binary_benchmark\dataset\tbf_imgs\unfocused\FieldPos006\FieldPos006_page_12.png,0,FieldPos006,,dataset
tbf_imgs,D:\Dineth\focus_binary_benchmark\dataset\tbf_imgs\unfocused\FieldPos006\FieldPos006_page_13.png,0,FieldPos006,,dataset
tbf_imgs,D:\Dineth\focus_binary_benchmark\dataset\tbf_imgs\unfocused\FieldPos006\FieldPos006_page_14.png,0,FieldPos006,,dataset
tbf_imgs,D:\Dineth\focus_binary_benchmark\dataset\tbf_imgs\unfocused\FieldPos006\FieldPos006_page_2.png,0,FieldPos006,,dataset
tbf_imgs,D:\Dineth\focus_binary_benchmark\dataset\tbf_imgs\unfocused\FieldPos006\FieldPos006_page_3.png,0,FieldPos006,,dataset
tbf_imgs,D:\Dineth\focus_binary_benchmark\dataset\tbf_imgs\unfocused\FieldPos006\FieldPos006_page_4.png,0,FieldPos006,,dataset
tbf_imgs,D:\Dineth\focus_binary_benchmark\dataset\tbf_imgs\unfocused\FieldPos006\FieldPos006_page_5.png,0,FieldPos006,,dataset
tbf_imgs,D:\Dineth\focus_binary_benchmark\dataset\tbf_imgs\unfocused\FieldPos006\FieldPos006_page_9.png,0,FieldPos006,,dataset
tbf_imgs,D:\Dineth\focus_binary_benchmark\dataset\tbf_imgs\unfocused\FieldPos006 (2)\FieldPos006 (2)_page_1.png,0,FieldPos006 (2),,dataset
tbf_imgs,D:\Dineth\focus_binary_benchmark\dataset\tbf_imgs\unfocused\FieldPos006 (2)\FieldPos006 (2)_page_10.png,0,FieldPos006 (2),,dataset
tbf_imgs,D:\Dineth\focus_binary_benchmark\dataset\tbf_imgs\unfocused\FieldPos006 (2)\FieldPos006 (2)_page_11.png,0,FieldPos006 (2),,dataset
tbf_imgs,D:\Dineth\focus_binary_benchmark\dataset\tbf_imgs\unfocused\FieldPos006 (2)\FieldPos006 (2)_page_12.png,0,FieldPos006 (2),,dataset
tbf_imgs,D:\Dineth\focus_binary_benchmark\dataset\tbf_imgs\unfocused\FieldPos006 (2)\FieldPos006 (2)_page_13.png,0,FieldPos006 (2),,dataset
tbf_imgs,D:\Dineth\focus_binary_benchmark\dataset\tbf_imgs\unfocused\FieldPos006 (2)\FieldPos006 (2)_page_14.png,0,FieldPos006 (2),,dataset
tbf_imgs,D:\Dineth\focus_binary_benchmark\dataset\tbf_imgs\unfocused\FieldPos006 (2)\FieldPos006 (2)_page_2.png,0,FieldPos006 (2),,dataset
tbf_imgs,D:\Dineth\focus_binary_benchmark\dataset\tbf_imgs\unfocused\FieldPos006 (2)\FieldPos006 (2)_page_3.png,0,FieldPos006 (2),,dataset
tbf_imgs,D:\Dineth\focus_binary_benchmark\dataset\tbf_imgs\unfocused\FieldPos006 (2)\FieldPos006 (2)_page_4.png,0,FieldPos006 (2),,dataset
tbf_imgs,D:\Dineth\focus_binary_benchmark\dataset\tbf_imgs\unfocused\FieldPos006 (2)\FieldPos006 (2)_page_5.png,0,FieldPos006 (2),,dataset
tbf_imgs,D:\Dineth\focus_binary_benchmark\dataset\tbf_imgs\unfocused\FieldPos006 (2)\FieldPos006 (2)_page_9.png,0,FieldPos006 (2),,dataset
tbf_imgs,D:\Dineth\focus_binary_benchmark\dataset\tbf_imgs\unfocused\FieldPos007\FieldPos007_page_1.png,0,FieldPos007,,dataset
tbf_imgs,D:\Dineth\focus_binary_benchmark\dataset\tbf_imgs\unfocused\FieldPos007\FieldPos007_page_10.png,0,FieldPos007,,dataset
tbf_imgs,D:\Dineth\focus_binary_benchmark\dataset\tbf_imgs\unfocused\FieldPos007\FieldPos007_page_11.png,0,FieldPos007,,dataset
tbf_imgs,D:\Dineth\focus_binary_benchmark\dataset\tbf_imgs\unfocused\FieldPos007\FieldPos007_page_12.png,0,FieldPos007,,dataset
tbf_imgs,D:\Dineth\focus_binary_benchmark\dataset\tbf_imgs\unfocused\FieldPos007\FieldPos007_page_13.png,0,FieldPos007,,dataset
tbf_imgs,D:\Dineth\focus_binary_benchmark\dataset\tbf_imgs\unfocused\FieldPos007\FieldPos007_page_14.png,0,FieldPos007,,dataset
tbf_imgs,D:\Dineth\focus_binary_benchmark\dataset\tbf_imgs\unfocused\FieldPos007\FieldPos007_page_2.png,0,FieldPos007,,dataset
tbf_imgs,D:\Dineth\focus_binary_benchmark\dataset\tbf_imgs\unfocused\FieldPos007\FieldPos007_page_3.png,0,FieldPos007,,dataset
tbf_imgs,D:\Dineth\focus_binary_benchmark\dataset\tbf_imgs\unfocused\FieldPos007\FieldPos007_page_4.png,0,FieldPos007,,dataset
tbf_imgs,D:\Dineth\focus_binary_benchmark\dataset\tbf_imgs\unfocused\FieldPos007\FieldPos007_page_5.png,0,FieldPos007,,dataset
tbf_imgs,D:\Dineth\focus_binary_benchmark\dataset\tbf_imgs\unfocused\FieldPos007\FieldPos007_page_6.png,0,FieldPos007,,dataset
tbf_imgs,D:\Dineth\focus_binary_benchmark\dataset\tbf_imgs\unfocused\FieldPos007 (2)\FieldPos007 (2)_page_12.png,0,FieldPos007 (2),,dataset
tbf_imgs,D:\Dineth\focus_binary_benchmark\dataset\tbf_imgs\unfocused\FieldPos007 (2)\FieldPos007 (2)_page_13.png,0,FieldPos007 (2),,dataset
tbf_imgs,D:\Dineth\focus_binary_benchmark\dataset\tbf_imgs\unfocused\FieldPos007 (2)\FieldPos007 (2)_page_14.png,0,FieldPos007 (2),,dataset
tbf_imgs,D:\Dineth\focus_binary_benchmark\dataset\tbf_imgs\unfocused\FieldPos007 (2)\FieldPos007 (2)_page_2.png,0,FieldPos007 (2),,dataset
tbf_imgs,D:\Dineth\focus_binary_benchmark\dataset\tbf_imgs\unfocused\FieldPos007 (2)\FieldPos007 (2)_page_3.png,0,FieldPos007 (2),,dataset
tbf_imgs,D:\Dineth\focus_binary_benchmark\dataset\tbf_imgs\unfocused\FieldPos007 (2)\FieldPos007 (2)_page_4.png,0,FieldPos007 (2),,dataset
tbf_imgs,D:\Dineth\focus_binary_benchmark\dataset\tbf_imgs\unfocused\FieldPos007 (2)\FieldPos007 (2)_page_5.png,0,FieldPos007 (2),,dataset
tbf_imgs,D:\Dineth\focus_binary_benchmark\dataset\tbf_imgs\unfocused\FieldPos007 (2)\FieldPos007 (2)_page_6.png,0,FieldPos007 (2),,dataset
tbf_imgs,D:\Dineth\focus_binary_benchmark\dataset\tbf_imgs\unfocused\FieldPos007 (2)\FieldPos007 (2)_page_7.png,0,FieldPos007 (2),,dataset
tbf_imgs,D:\Dineth\focus_binary_benchmark\dataset\tbf_imgs\unfocused\FieldPos007 (2)\FieldPos007 (2)_page_8.png,0,FieldPos007 (2),,dataset
tbf_imgs,D:\Dineth\focus_binary_benchmark\dataset\tbf_imgs\unfocused\FieldPos007 (2)\FieldPos007 (2)_page_9.png,0,FieldPos007 (2),,dataset
tbf_imgs,D:\Dineth\focus_binary_benchmark\dataset\tbf_imgs\unfocused\FieldPos007 (3)\FieldPos007 (3)_page_1.png,0,FieldPos007 (3),,dataset
tbf_imgs,D:\Dineth\focus_binary_benchmark\dataset\tbf_imgs\unfocused\FieldPos007 (3)\FieldPos007 (3)_page_10.png,0,FieldPos007 (3),,dataset
tbf_imgs,D:\Dineth\focus_binary_benchmark\dataset\tbf_imgs\unfocused\FieldPos007 (3)\FieldPos007 (3)_page_11.png,0,FieldPos007 (3),,dataset
tbf_imgs,D:\Dineth\focus_binary_benchmark\dataset\tbf_imgs\unfocused\FieldPos007 (3)\FieldPos007 (3)_page_12.png,0,FieldPos007 (3),,dataset
tbf_imgs,D:\Dineth\focus_binary_benchmark\dataset\tbf_imgs\unfocused\FieldPos007 (3)\FieldPos007 (3)_page_13.png,0,FieldPos007 (3),,dataset
tbf_imgs,D:\Dineth\focus_binary_benchmark\dataset\tbf_imgs\unfocused\FieldPos007 (3)\FieldPos007 (3)_page_14.png,0,FieldPos007 (3),,dataset
tbf_imgs,D:\Dineth\focus_binary_benchmark\dataset\tbf_imgs\unfocused\FieldPos007 (3)\FieldPos007 (3)_page_2.png,0,FieldPos007 (3),,dataset
tbf_imgs,D:\Dineth\focus_binary_benchmark\dataset\tbf_imgs\unfocused\FieldPos007 (3)\FieldPos007 (3)_page_3.png,0,FieldPos007 (3),,dataset
tbf_imgs,D:\Dineth\focus_binary_benchmark\dataset\tbf_imgs\unfocused\FieldPos007 (3)\FieldPos007 (3)_page_4.png,0,FieldPos007 (3),,dataset
tbf_imgs,D:\Dineth\focus_binary_benchmark\dataset\tbf_imgs\unfocused\FieldPos007 (3)\FieldPos007 (3)_page_8.png,0,FieldPos007 (3),,dataset
tbf_imgs,D:\Dineth\focus_binary_benchmark\dataset\tbf_imgs\unfocused\FieldPos007 (3)\FieldPos007 (3)_page_9.png,0,FieldPos007 (3),,dataset
tbf_imgs,D:\Dineth\focus_binary_benchmark\dataset\tbf_imgs\unfocused\FieldPos008\FieldPos008_page_1.png,0,FieldPos008,,dataset
tbf_imgs,D:\Dineth\focus_binary_benchmark\dataset\tbf_imgs\unfocused\FieldPos008\FieldPos008_page_10.png,0,FieldPos008,,dataset
tbf_imgs,D:\Dineth\focus_binary_benchmark\dataset\tbf_imgs\unfocused\FieldPos008\FieldPos008_page_11.png,0,FieldPos008,,dataset
tbf_imgs,D:\Dineth\focus_binary_benchmark\dataset\tbf_imgs\unfocused\FieldPos008\FieldPos008_page_12.png,0,FieldPos008,,dataset
tbf_imgs,D:\Dineth\focus_binary_benchmark\dataset\tbf_imgs\unfocused\FieldPos008\FieldPos008_page_13.png,0,FieldPos008,,dataset
tbf_imgs,D:\Dineth\focus_binary_benchmark\dataset\tbf_imgs\unfocused\FieldPos008\FieldPos008_page_14.png,0,FieldPos008,,dataset
tbf_imgs,D:\Dineth\focus_binary_benchmark\dataset\tbf_imgs\unfocused\FieldPos008\FieldPos008_page_2.png,0,FieldPos008,,dataset
tbf_imgs,D:\Dineth\focus_binary_benchmark\dataset\tbf_imgs\unfocused\FieldPos008\FieldPos008_page_3.png,0,FieldPos008,,dataset
tbf_imgs,D:\Dineth\focus_binary_benchmark\dataset\tbf_imgs\unfocused\FieldPos008\FieldPos008_page_4.png,0,FieldPos008,,dataset
tbf_imgs,D:\Dineth\focus_binary_benchmark\dataset\tbf_imgs\unfocused\FieldPos008\FieldPos008_page_5.png,0,FieldPos008,,dataset
tbf_imgs,D:\Dineth\focus_binary_benchmark\dataset\tbf_imgs\unfocused\FieldPos008\FieldPos008_page_9.png,0,FieldPos008,,dataset
tbf_imgs,D:\Dineth\focus_binary_benchmark\dataset\tbf_imgs\unfocused\FieldPos008 (2)\FieldPos008 (2)_page_1.png,0,FieldPos008 (2),,dataset
tbf_imgs,D:\Dineth\focus_binary_benchmark\dataset\tbf_imgs\unfocused\FieldPos008 (2)\FieldPos008 (2)_page_10.png,0,FieldPos008 (2),,dataset
tbf_imgs,D:\Dineth\focus_binary_benchmark\dataset\tbf_imgs\unfocused\FieldPos008 (2)\FieldPos008 (2)_page_11.png,0,FieldPos008 (2),,dataset
tbf_imgs,D:\Dineth\focus_binary_benchmark\dataset\tbf_imgs\unfocused\FieldPos008 (2)\FieldPos008 (2)_page_12.png,0,FieldPos008 (2),,dataset
tbf_imgs,D:\Dineth\focus_binary_benchmark\dataset\tbf_imgs\unfocused\FieldPos008 (2)\FieldPos008 (2)_page_13.png,0,FieldPos008 (2),,dataset
tbf_imgs,D:\Dineth\focus_binary_benchmark\dataset\tbf_imgs\unfocused\FieldPos008 (2)\FieldPos008 (2)_page_14.png,0,FieldPos008 (2),,dataset
tbf_imgs,D:\Dineth\focus_binary_benchmark\dataset\tbf_imgs\unfocused\FieldPos008 (2)\FieldPos008 (2)_page_2.png,0,FieldPos008 (2),,dataset
tbf_imgs,D:\Dineth\focus_binary_benchmark\dataset\tbf_imgs\unfocused\FieldPos008 (2)\FieldPos008 (2)_page_3.png,0,FieldPos008 (2),,dataset
tbf_imgs,D:\Dineth\focus_binary_benchmark\dataset\tbf_imgs\unfocused\FieldPos008 (2)\FieldPos008 (2)_page_4.png,0,FieldPos008 (2),,dataset
tbf_imgs,D:\Dineth\focus_binary_benchmark\dataset\tbf_imgs\unfocused\FieldPos008 (2)\FieldPos008 (2)_page_5.png,0,FieldPos008 (2),,dataset
tbf_imgs,D:\Dineth\focus_binary_benchmark\dataset\tbf_imgs\unfocused\FieldPos008 (2)\FieldPos008 (2)_page_9.png,0,FieldPos008 (2),,dataset
tbf_imgs,D:\Dineth\focus_binary_benchmark\dataset\tbf_imgs\unfocused\FieldPos009\FieldPos009_page_1.png,0,FieldPos009,,dataset
tbf_imgs,D:\Dineth\focus_binary_benchmark\dataset\tbf_imgs\unfocused\FieldPos009\FieldPos009_page_10.png,0,FieldPos009,,dataset
tbf_imgs,D:\Dineth\focus_binary_benchmark\dataset\tbf_imgs\unfocused\FieldPos009\FieldPos009_page_11.png,0,FieldPos009,,dataset
tbf_imgs,D:\Dineth\focus_binary_benchmark\dataset\tbf_imgs\unfocused\FieldPos009\FieldPos009_page_12.png,0,FieldPos009,,dataset
tbf_imgs,D:\Dineth\focus_binary_benchmark\dataset\tbf_imgs\unfocused\FieldPos009\FieldPos009_page_13.png,0,FieldPos009,,dataset
tbf_imgs,D:\Dineth\focus_binary_benchmark\dataset\tbf_imgs\unfocused\FieldPos009\FieldPos009_page_14.png,0,FieldPos009,,dataset
tbf_imgs,D:\Dineth\focus_binary_benchmark\dataset\tbf_imgs\unfocused\FieldPos009\FieldPos009_page_2.png,0,FieldPos009,,dataset
tbf_imgs,D:\Dineth\focus_binary_benchmark\dataset\tbf_imgs\unfocused\FieldPos009\FieldPos009_page_3.png,0,FieldPos009,,dataset
tbf_imgs,D:\Dineth\focus_binary_benchmark\dataset\tbf_imgs\unfocused\FieldPos009\FieldPos009_page_4.png,0,FieldPos009,,dataset
tbf_imgs,D:\Dineth\focus_binary_benchmark\dataset\tbf_imgs\unfocused\FieldPos009\FieldPos009_page_5.png,0,FieldPos009,,dataset
tbf_imgs,D:\Dineth\focus_binary_benchmark\dataset\tbf_imgs\unfocused\FieldPos009\FieldPos009_page_9.png,0,FieldPos009,,dataset
tbf_imgs,D:\Dineth\focus_binary_benchmark\dataset\tbf_imgs\unfocused\FieldPos009 (2)\FieldPos009 (2)_page_1.png,0,FieldPos009 (2),,dataset
tbf_imgs,D:\Dineth\focus_binary_benchmark\dataset\tbf_imgs\unfocused\FieldPos009 (2)\FieldPos009 (2)_page_10.png,0,FieldPos009 (2),,dataset
tbf_imgs,D:\Dineth\focus_binary_benchmark\dataset\tbf_imgs\unfocused\FieldPos009 (2)\FieldPos009 (2)_page_11.png,0,FieldPos009 (2),,dataset
tbf_imgs,D:\Dineth\focus_binary_benchmark\dataset\tbf_imgs\unfocused\FieldPos009 (2)\FieldPos009 (2)_page_12.png,0,FieldPos009 (2),,dataset
tbf_imgs,D:\Dineth\focus_binary_benchmark\dataset\tbf_imgs\unfocused\FieldPos009 (2)\FieldPos009 (2)_page_13.png,0,FieldPos009 (2),,dataset
tbf_imgs,D:\Dineth\focus_binary_benchmark\dataset\tbf_imgs\unfocused\FieldPos009 (2)\FieldPos009 (2)_page_14.png,0,FieldPos009 (2),,dataset
tbf_imgs,D:\Dineth\focus_binary_benchmark\dataset\tbf_imgs\unfocused\FieldPos009 (2)\FieldPos009 (2)_page_2.png,0,FieldPos009 (2),,dataset
tbf_imgs,D:\Dineth\focus_binary_benchmark\dataset\tbf_imgs\unfocused\FieldPos009 (2)\FieldPos009 (2)_page_3.png,0,FieldPos009 (2),,dataset
tbf_imgs,D:\Dineth\focus_binary_benchmark\dataset\tbf_imgs\unfocused\FieldPos009 (2)\FieldPos009 (2)_page_4.png,0,FieldPos009 (2),,dataset
tbf_imgs,D:\Dineth\focus_binary_benchmark\dataset\tbf_imgs\unfocused\FieldPos009 (2)\FieldPos009 (2)_page_5.png,0,FieldPos009 (2),,dataset
tbf_imgs,D:\Dineth\focus_binary_benchmark\dataset\tbf_imgs\unfocused\FieldPos009 (2)\FieldPos009 (2)_page_9.png,0,FieldPos009 (2),,dataset
tbf_imgs,D:\Dineth\focus_binary_benchmark\dataset\tbf_imgs\unfocused\FieldPos009 (3)\FieldPos009 (3)_page_1.png,0,FieldPos009 (3),,dataset
tbf_imgs,D:\Dineth\focus_binary_benchmark\dataset\tbf_imgs\unfocused\FieldPos009 (3)\FieldPos009 (3)_page_10.png,0,FieldPos009 (3),,dataset
tbf_imgs,D:\Dineth\focus_binary_benchmark\dataset\tbf_imgs\unfocused\FieldPos009 (3)\FieldPos009 (3)_page_11.png,0,FieldPos009 (3),,dataset
tbf_imgs,D:\Dineth\focus_binary_benchmark\dataset\tbf_imgs\unfocused\FieldPos009 (3)\FieldPos009 (3)_page_12.png,0,FieldPos009 (3),,dataset
tbf_imgs,D:\Dineth\focus_binary_benchmark\dataset\tbf_imgs\unfocused\FieldPos009 (3)\FieldPos009 (3)_page_13.png,0,FieldPos009 (3),,dataset
tbf_imgs,D:\Dineth\focus_binary_benchmark\dataset\tbf_imgs\unfocused\FieldPos009 (3)\FieldPos009 (3)_page_14.png,0,FieldPos009 (3),,dataset
tbf_imgs,D:\Dineth\focus_binary_benchmark\dataset\tbf_imgs\unfocused\FieldPos009 (3)\FieldPos009 (3)_page_2.png,0,FieldPos009 (3),,dataset
tbf_imgs,D:\Dineth\focus_binary_benchmark\dataset\tbf_imgs\unfocused\FieldPos009 (3)\FieldPos009 (3)_page_3.png,0,FieldPos009 (3),,dataset
tbf_imgs,D:\Dineth\focus_binary_benchmark\dataset\tbf_imgs\unfocused\FieldPos009 (3)\FieldPos009 (3)_page_4.png,0,FieldPos009 (3),,dataset
tbf_imgs,D:\Dineth\focus_binary_benchmark\dataset\tbf_imgs\unfocused\FieldPos009 (3)\FieldPos009 (3)_page_5.png,0,FieldPos009 (3),,dataset
tbf_imgs,D:\Dineth\focus_binary_benchmark\dataset\tbf_imgs\unfocused\FieldPos009 (3)\FieldPos009 (3)_page_9.png,0,FieldPos009 (3),,dataset
tbf_imgs,D:\Dineth\focus_binary_benchmark\dataset\tbf_imgs\unfocused\FieldPos010\FieldPos010_page_1.png,0,FieldPos010,,dataset
tbf_imgs,D:\Dineth\focus_binary_benchmark\dataset\tbf_imgs\unfocused\FieldPos010\FieldPos010_page_10.png,0,FieldPos010,,dataset
tbf_imgs,D:\Dineth\focus_binary_benchmark\dataset\tbf_imgs\unfocused\FieldPos010\FieldPos010_page_11.png,0,FieldPos010,,dataset
tbf_imgs,D:\Dineth\focus_binary_benchmark\dataset\tbf_imgs\unfocused\FieldPos010\FieldPos010_page_12.png,0,FieldPos010,,dataset
tbf_imgs,D:\Dineth\focus_binary_benchmark\dataset\tbf_imgs\unfocused\FieldPos010\FieldPos010_page_13.png,0,FieldPos010,,dataset
tbf_imgs,D:\Dineth\focus_binary_benchmark\dataset\tbf_imgs\unfocused\FieldPos010\FieldPos010_page_14.png,0,FieldPos010,,dataset
tbf_imgs,D:\Dineth\focus_binary_benchmark\dataset\tbf_imgs\unfocused\FieldPos010\FieldPos010_page_2.png,0,FieldPos010,,dataset
tbf_imgs,D:\Dineth\focus_binary_benchmark\dataset\tbf_imgs\unfocused\FieldPos010\FieldPos010_page_3.png,0,FieldPos010,,dataset
tbf_imgs,D:\Dineth\focus_binary_benchmark\dataset\tbf_imgs\unfocused\FieldPos010\FieldPos010_page_4.png,0,FieldPos010,,dataset
tbf_imgs,D:\Dineth\focus_binary_benchmark\dataset\tbf_imgs\unfocused\FieldPos010\FieldPos010_page_5.png,0,FieldPos010,,dataset
tbf_imgs,D:\Dineth\focus_binary_benchmark\dataset\tbf_imgs\unfocused\FieldPos010\FieldPos010_page_9.png,0,FieldPos010,,dataset
tbf_imgs,D:\Dineth\focus_binary_benchmark\dataset\tbf_imgs\unfocused\FieldPos010 (2)\FieldPos010 (2)_page_1.png,0,FieldPos010 (2),,dataset
tbf_imgs,D:\Dineth\focus_binary_benchmark\dataset\tbf_imgs\unfocused\FieldPos010 (2)\FieldPos010 (2)_page_10.png,0,FieldPos010 (2),,dataset
tbf_imgs,D:\Dineth\focus_binary_benchmark\dataset\tbf_imgs\unfocused\FieldPos010 (2)\FieldPos010 (2)_page_11.png,0,FieldPos010 (2),,dataset
tbf_imgs,D:\Dineth\focus_binary_benchmark\dataset\tbf_imgs\unfocused\FieldPos010 (2)\FieldPos010 (2)_page_12.png,0,FieldPos010 (2),,dataset
tbf_imgs,D:\Dineth\focus_binary_benchmark\dataset\tbf_imgs\unfocused\FieldPos010 (2)\FieldPos010 (2)_page_13.png,0,FieldPos010 (2),,dataset
tbf_imgs,D:\Dineth\focus_binary_benchmark\dataset\tbf_imgs\unfocused\FieldPos010 (2)\FieldPos010 (2)_page_14.png,0,FieldPos010 (2),,dataset
tbf_imgs,D:\Dineth\focus_binary_benchmark\dataset\tbf_imgs\unfocused\FieldPos010 (2)\FieldPos010 (2)_page_2.png,0,FieldPos010 (2),,dataset
tbf_imgs,D:\Dineth\focus_binary_benchmark\dataset\tbf_imgs\unfocused\FieldPos010 (2)\FieldPos010 (2)_page_3.png,0,FieldPos010 (2),,dataset
tbf_imgs,D:\Dineth\focus_binary_benchmark\dataset\tbf_imgs\unfocused\FieldPos010 (2)\FieldPos010 (2)_page_4.png,0,FieldPos010 (2),,dataset
tbf_imgs,D:\Dineth\focus_binary_benchmark\dataset\tbf_imgs\unfocused\FieldPos010 (2)\FieldPos010 (2)_page_5.png,0,FieldPos010 (2),,dataset
tbf_imgs,D:\Dineth\focus_binary_benchmark\dataset\tbf_imgs\unfocused\FieldPos010 (2)\FieldPos010 (2)_page_9.png,0,FieldPos010 (2),,dataset
tbf_imgs,D:\Dineth\focus_binary_benchmark\dataset\tbf_imgs\unfocused\FieldPos011\FieldPos011_page_1.png,0,FieldPos011,,dataset
tbf_imgs,D:\Dineth\focus_binary_benchmark\dataset\tbf_imgs\unfocused\FieldPos011\FieldPos011_page_10.png,0,FieldPos011,,dataset
tbf_imgs,D:\Dineth\focus_binary_benchmark\dataset\tbf_imgs\unfocused\FieldPos011\FieldPos011_page_11.png,0,FieldPos011,,dataset
tbf_imgs,D:\Dineth\focus_binary_benchmark\dataset\tbf_imgs\unfocused\FieldPos011\FieldPos011_page_12.png,0,FieldPos011,,dataset
tbf_imgs,D:\Dineth\focus_binary_benchmark\dataset\tbf_imgs\unfocused\FieldPos011\FieldPos011_page_13.png,0,FieldPos011,,dataset
tbf_imgs,D:\Dineth\focus_binary_benchmark\dataset\tbf_imgs\unfocused\FieldPos011\FieldPos011_page_14.png,0,FieldPos011,,dataset
tbf_imgs,D:\Dineth\focus_binary_benchmark\dataset\tbf_imgs\unfocused\FieldPos011\FieldPos011_page_2.png,0,FieldPos011,,dataset
tbf_imgs,D:\Dineth\focus_binary_benchmark\dataset\tbf_imgs\unfocused\FieldPos011\FieldPos011_page_3.png,0,FieldPos011,,dataset
tbf_imgs,D:\Dineth\focus_binary_benchmark\dataset\tbf_imgs\unfocused\FieldPos011\FieldPos011_page_4.png,0,FieldPos011,,dataset
tbf_imgs,D:\Dineth\focus_binary_benchmark\dataset\tbf_imgs\unfocused\FieldPos011\FieldPos011_page_8.png,0,FieldPos011,,dataset
tbf_imgs,D:\Dineth\focus_binary_benchmark\dataset\tbf_imgs\unfocused\FieldPos011\FieldPos011_page_9.png,0,FieldPos011,,dataset
tbf_imgs,D:\Dineth\focus_binary_benchmark\dataset\tbf_imgs\unfocused\FieldPos011 (2)\FieldPos011 (2)_page_1.png,0,FieldPos011 (2),,dataset
tbf_imgs,D:\Dineth\focus_binary_benchmark\dataset\tbf_imgs\unfocused\FieldPos011 (2)\FieldPos011 (2)_page_10.png,0,FieldPos011 (2),,dataset
tbf_imgs,D:\Dineth\focus_binary_benchmark\dataset\tbf_imgs\unfocused\FieldPos011 (2)\FieldPos011 (2)_page_11.png,0,FieldPos011 (2),,dataset
tbf_imgs,D:\Dineth\focus_binary_benchmark\dataset\tbf_imgs\unfocused\FieldPos011 (2)\FieldPos011 (2)_page_12.png,0,FieldPos011 (2),,dataset
tbf_imgs,D:\Dineth\focus_binary_benchmark\dataset\tbf_imgs\unfocused\FieldPos011 (2)\FieldPos011 (2)_page_13.png,0,FieldPos011 (2),,dataset
tbf_imgs,D:\Dineth\focus_binary_benchmark\dataset\tbf_imgs\unfocused\FieldPos011 (2)\FieldPos011 (2)_page_14.png,0,FieldPos011 (2),,dataset
tbf_imgs,D:\Dineth\focus_binary_benchmark\dataset\tbf_imgs\unfocused\FieldPos011 (2)\FieldPos011 (2)_page_2.png,0,FieldPos011 (2),,dataset
tbf_imgs,D:\Dineth\focus_binary_benchmark\dataset\tbf_imgs\unfocused\FieldPos011 (2)\FieldPos011 (2)_page_3.png,0,FieldPos011 (2),,dataset
tbf_imgs,D:\Dineth\focus_binary_benchmark\dataset\tbf_imgs\unfocused\FieldPos011 (2)\FieldPos011 (2)_page_4.png,0,FieldPos011 (2),,dataset
tbf_imgs,D:\Dineth\focus_binary_benchmark\dataset\tbf_imgs\unfocused\FieldPos011 (2)\FieldPos011 (2)_page_5.png,0,FieldPos011 (2),,dataset
tbf_imgs,D:\Dineth\focus_binary_benchmark\dataset\tbf_imgs\unfocused\FieldPos011 (2)\FieldPos011 (2)_page_6.png,0,FieldPos011 (2),,dataset
tbf_imgs,D:\Dineth\focus_binary_benchmark\dataset\tbf_imgs\unfocused\FieldPos012\FieldPos012_page_1.png,0,FieldPos012,,dataset
tbf_imgs,D:\Dineth\focus_binary_benchmark\dataset\tbf_imgs\unfocused\FieldPos012\FieldPos012_page_10.png,0,FieldPos012,,dataset
tbf_imgs,D:\Dineth\focus_binary_benchmark\dataset\tbf_imgs\unfocused\FieldPos012\FieldPos012_page_11.png,0,FieldPos012,,dataset
tbf_imgs,D:\Dineth\focus_binary_benchmark\dataset\tbf_imgs\unfocused\FieldPos012\FieldPos012_page_12.png,0,FieldPos012,,dataset
tbf_imgs,D:\Dineth\focus_binary_benchmark\dataset\tbf_imgs\unfocused\FieldPos012\FieldPos012_page_13.png,0,FieldPos012,,dataset
tbf_imgs,D:\Dineth\focus_binary_benchmark\dataset\tbf_imgs\unfocused\FieldPos012\FieldPos012_page_14.png,0,FieldPos012,,dataset
tbf_imgs,D:\Dineth\focus_binary_benchmark\dataset\tbf_imgs\unfocused\FieldPos012\FieldPos012_page_2.png,0,FieldPos012,,dataset
tbf_imgs,D:\Dineth\focus_binary_benchmark\dataset\tbf_imgs\unfocused\FieldPos012\FieldPos012_page_3.png,0,FieldPos012,,dataset
tbf_imgs,D:\Dineth\focus_binary_benchmark\dataset\tbf_imgs\unfocused\FieldPos012\FieldPos012_page_7.png,0,FieldPos012,,dataset
tbf_imgs,D:\Dineth\focus_binary_benchmark\dataset\tbf_imgs\unfocused\FieldPos012\FieldPos012_page_8.png,0,FieldPos012,,dataset
tbf_imgs,D:\Dineth\focus_binary_benchmark\dataset\tbf_imgs\unfocused\FieldPos012\FieldPos012_page_9.png,0,FieldPos012,,dataset
tbf_imgs,D:\Dineth\focus_binary_benchmark\dataset\tbf_imgs\unfocused\FieldPos012 (2)\FieldPos012 (2)_page_1.png,0,FieldPos012 (2),,dataset
tbf_imgs,D:\Dineth\focus_binary_benchmark\dataset\tbf_imgs\unfocused\FieldPos012 (2)\FieldPos012 (2)_page_10.png,0,FieldPos012 (2),,dataset
tbf_imgs,D:\Dineth\focus_binary_benchmark\dataset\tbf_imgs\unfocused\FieldPos012 (2)\FieldPos012 (2)_page_11.png,0,FieldPos012 (2),,dataset
tbf_imgs,D:\Dineth\focus_binary_benchmark\dataset\tbf_imgs\unfocused\FieldPos012 (2)\FieldPos012 (2)_page_12.png,0,FieldPos012 (2),,dataset
tbf_imgs,D:\Dineth\focus_binary_benchmark\dataset\tbf_imgs\unfocused\FieldPos012 (2)\FieldPos012 (2)_page_13.png,0,FieldPos012 (2),,dataset
tbf_imgs,D:\Dineth\focus_binary_benchmark\dataset\tbf_imgs\unfocused\FieldPos012 (2)\FieldPos012 (2)_page_14.png,0,FieldPos012 (2),,dataset
tbf_imgs,D:\Dineth\focus_binary_benchmark\dataset\tbf_imgs\unfocused\FieldPos012 (2)\FieldPos012 (2)_page_2.png,0,FieldPos012 (2),,dataset
tbf_imgs,D:\Dineth\focus_binary_benchmark\dataset\tbf_imgs\unfocused\FieldPos012 (2)\FieldPos012 (2)_page_3.png,0,FieldPos012 (2),,dataset
tbf_imgs,D:\Dineth\focus_binary_benchmark\dataset\tbf_imgs\unfocused\FieldPos012 (2)\FieldPos012 (2)_page_4.png,0,FieldPos012 (2),,dataset
tbf_imgs,D:\Dineth\focus_binary_benchmark\dataset\tbf_imgs\unfocused\FieldPos012 (2)\FieldPos012 (2)_page_5.png,0,FieldPos012 (2),,dataset
tbf_imgs,D:\Dineth\focus_binary_benchmark\dataset\tbf_imgs\unfocused\FieldPos012 (2)\FieldPos012 (2)_page_6.png,0,FieldPos012 (2),,dataset
tbf_imgs,D:\Dineth\focus_binary_benchmark\dataset\tbf_imgs\unfocused\FieldPos013\FieldPos013_page_1.png,0,FieldPos013,,dataset
tbf_imgs,D:\Dineth\focus_binary_benchmark\dataset\tbf_imgs\unfocused\FieldPos013\FieldPos013_page_10.png,0,FieldPos013,,dataset
tbf_imgs,D:\Dineth\focus_binary_benchmark\dataset\tbf_imgs\unfocused\FieldPos013\FieldPos013_page_11.png,0,FieldPos013,,dataset
tbf_imgs,D:\Dineth\focus_binary_benchmark\dataset\tbf_imgs\unfocused\FieldPos013\FieldPos013_page_12.png,0,FieldPos013,,dataset
tbf_imgs,D:\Dineth\focus_binary_benchmark\dataset\tbf_imgs\unfocused\FieldPos013\FieldPos013_page_13.png,0,FieldPos013,,dataset
tbf_imgs,D:\Dineth\focus_binary_benchmark\dataset\tbf_imgs\unfocused\FieldPos013\FieldPos013_page_14.png,0,FieldPos013,,dataset
tbf_imgs,D:\Dineth\focus_binary_benchmark\dataset\tbf_imgs\unfocused\FieldPos013\FieldPos013_page_2.png,0,FieldPos013,,dataset
tbf_imgs,D:\Dineth\focus_binary_benchmark\dataset\tbf_imgs\unfocused\FieldPos013\FieldPos013_page_3.png,0,FieldPos013,,dataset
tbf_imgs,D:\Dineth\focus_binary_benchmark\dataset\tbf_imgs\unfocused\FieldPos013\FieldPos013_page_4.png,0,FieldPos013,,dataset
tbf_imgs,D:\Dineth\focus_binary_benchmark\dataset\tbf_imgs\unfocused\FieldPos013\FieldPos013_page_5.png,0,FieldPos013,,dataset
tbf_imgs,D:\Dineth\focus_binary_benchmark\dataset\tbf_imgs\unfocused\FieldPos013\FieldPos013_page_9.png,0,FieldPos013,,dataset
tbf_imgs,D:\Dineth\focus_binary_benchmark\dataset\tbf_imgs\unfocused\FieldPos013 (2)\FieldPos013 (2)_page_1.png,0,FieldPos013 (2),,dataset
tbf_imgs,D:\Dineth\focus_binary_benchmark\dataset\tbf_imgs\unfocused\FieldPos013 (2)\FieldPos013 (2)_page_10.png,0,FieldPos013 (2),,dataset
tbf_imgs,D:\Dineth\focus_binary_benchmark\dataset\tbf_imgs\unfocused\FieldPos013 (2)\FieldPos013 (2)_page_11.png,0,FieldPos013 (2),,dataset
tbf_imgs,D:\Dineth\focus_binary_benchmark\dataset\tbf_imgs\unfocused\FieldPos013 (2)\FieldPos013 (2)_page_12.png,0,FieldPos013 (2),,dataset
tbf_imgs,D:\Dineth\focus_binary_benchmark\dataset\tbf_imgs\unfocused\FieldPos013 (2)\FieldPos013 (2)_page_13.png,0,FieldPos013 (2),,dataset
tbf_imgs,D:\Dineth\focus_binary_benchmark\dataset\tbf_imgs\unfocused\FieldPos013 (2)\FieldPos013 (2)_page_14.png,0,FieldPos013 (2),,dataset
tbf_imgs,D:\Dineth\focus_binary_benchmark\dataset\tbf_imgs\unfocused\FieldPos013 (2)\FieldPos013 (2)_page_2.png,0,FieldPos013 (2),,dataset
tbf_imgs,D:\Dineth\focus_binary_benchmark\dataset\tbf_imgs\unfocused\FieldPos013 (2)\FieldPos013 (2)_page_3.png,0,FieldPos013 (2),,dataset
tbf_imgs,D:\Dineth\focus_binary_benchmark\dataset\tbf_imgs\unfocused\FieldPos013 (2)\FieldPos013 (2)_page_4.png,0,FieldPos013 (2),,dataset
tbf_imgs,D:\Dineth\focus_binary_benchmark\dataset\tbf_imgs\unfocused\FieldPos013 (2)\FieldPos013 (2)_page_5.png,0,FieldPos013 (2),,dataset
tbf_imgs,D:\Dineth\focus_binary_benchmark\dataset\tbf_imgs\unfocused\FieldPos013 (2)\FieldPos013 (2)_page_6.png,0,FieldPos013 (2),,dataset
tbf_imgs,D:\Dineth\focus_binary_benchmark\dataset\tbf_imgs\unfocused\FieldPos014\FieldPos014_page_1.png,0,FieldPos014,,dataset
tbf_imgs,D:\Dineth\focus_binary_benchmark\dataset\tbf_imgs\unfocused\FieldPos014\FieldPos014_page_10.png,0,FieldPos014,,dataset
tbf_imgs,D:\Dineth\focus_binary_benchmark\dataset\tbf_imgs\unfocused\FieldPos014\FieldPos014_page_11.png,0,FieldPos014,,dataset
tbf_imgs,D:\Dineth\focus_binary_benchmark\dataset\tbf_imgs\unfocused\FieldPos014\FieldPos014_page_12.png,0,FieldPos014,,dataset
tbf_imgs,D:\Dineth\focus_binary_benchmark\dataset\tbf_imgs\unfocused\FieldPos014\FieldPos014_page_13.png,0,FieldPos014,,dataset
tbf_imgs,D:\Dineth\focus_binary_benchmark\dataset\tbf_imgs\unfocused\FieldPos014\FieldPos014_page_14.png,0,FieldPos014,,dataset
tbf_imgs,D:\Dineth\focus_binary_benchmark\dataset\tbf_imgs\unfocused\FieldPos014\FieldPos014_page_2.png,0,FieldPos014,,dataset
tbf_imgs,D:\Dineth\focus_binary_benchmark\dataset\tbf_imgs\unfocused\FieldPos014\FieldPos014_page_3.png,0,FieldPos014,,dataset
tbf_imgs,D:\Dineth\focus_binary_benchmark\dataset\tbf_imgs\unfocused\FieldPos014\FieldPos014_page_7.png,0,FieldPos014,,dataset
tbf_imgs,D:\Dineth\focus_binary_benchmark\dataset\tbf_imgs\unfocused\FieldPos014\FieldPos014_page_8.png,0,FieldPos014,,dataset
tbf_imgs,D:\Dineth\focus_binary_benchmark\dataset\tbf_imgs\unfocused\FieldPos014\FieldPos014_page_9.png,0,FieldPos014,,dataset
tbf_imgs,D:\Dineth\focus_binary_benchmark\dataset\tbf_imgs\unfocused\FieldPos014 (2)\FieldPos014 (2)_page_1.png,0,FieldPos014 (2),,dataset
tbf_imgs,D:\Dineth\focus_binary_benchmark\dataset\tbf_imgs\unfocused\FieldPos014 (2)\FieldPos014 (2)_page_10.png,0,FieldPos014 (2),,dataset
tbf_imgs,D:\Dineth\focus_binary_benchmark\dataset\tbf_imgs\unfocused\FieldPos014 (2)\FieldPos014 (2)_page_11.png,0,FieldPos014 (2),,dataset
tbf_imgs,D:\Dineth\focus_binary_benchmark\dataset\tbf_imgs\unfocused\FieldPos014 (2)\FieldPos014 (2)_page_12.png,0,FieldPos014 (2),,dataset
tbf_imgs,D:\Dineth\focus_binary_benchmark\dataset\tbf_imgs\unfocused\FieldPos014 (2)\FieldPos014 (2)_page_13.png,0,FieldPos014 (2),,dataset
tbf_imgs,D:\Dineth\focus_binary_benchmark\dataset\tbf_imgs\unfocused\FieldPos014 (2)\FieldPos014 (2)_page_14.png,0,FieldPos014 (2),,dataset
tbf_imgs,D:\Dineth\focus_binary_benchmark\dataset\tbf_imgs\unfocused\FieldPos014 (2)\FieldPos014 (2)_page_2.png,0,FieldPos014 (2),,dataset
tbf_imgs,D:\Dineth\focus_binary_benchmark\dataset\tbf_imgs\unfocused\FieldPos014 (2)\FieldPos014 (2)_page_3.png,0,FieldPos014 (2),,dataset
tbf_imgs,D:\Dineth\focus_binary_benchmark\dataset\tbf_imgs\unfocused\FieldPos014 (2)\FieldPos014 (2)_page_4.png,0,FieldPos014 (2),,dataset
tbf_imgs,D:\Dineth\focus_binary_benchmark\dataset\tbf_imgs\unfocused\FieldPos014 (2)\FieldPos014 (2)_page_5.png,0,FieldPos014 (2),,dataset
tbf_imgs,D:\Dineth\focus_binary_benchmark\dataset\tbf_imgs\unfocused\FieldPos014 (2)\FieldPos014 (2)_page_6.png,0,FieldPos014 (2),,dataset
tbf_imgs,D:\Dineth\focus_binary_benchmark\dataset\tbf_imgs\unfocused\FieldPos015\FieldPos015_page_1.png,0,FieldPos015,,dataset
tbf_imgs,D:\Dineth\focus_binary_benchmark\dataset\tbf_imgs\unfocused\FieldPos015\FieldPos015_page_10.png,0,FieldPos015,,dataset
tbf_imgs,D:\Dineth\focus_binary_benchmark\dataset\tbf_imgs\unfocused\FieldPos015\FieldPos015_page_11.png,0,FieldPos015,,dataset
tbf_imgs,D:\Dineth\focus_binary_benchmark\dataset\tbf_imgs\unfocused\FieldPos015\FieldPos015_page_12.png,0,FieldPos015,,dataset
tbf_imgs,D:\Dineth\focus_binary_benchmark\dataset\tbf_imgs\unfocused\FieldPos015\FieldPos015_page_13.png,0,FieldPos015,,dataset
tbf_imgs,D:\Dineth\focus_binary_benchmark\dataset\tbf_imgs\unfocused\FieldPos015\FieldPos015_page_14.png,0,FieldPos015,,dataset
tbf_imgs,D:\Dineth\focus_binary_benchmark\dataset\tbf_imgs\unfocused\FieldPos015\FieldPos015_page_2.png,0,FieldPos015,,dataset
tbf_imgs,D:\Dineth\focus_binary_benchmark\dataset\tbf_imgs\unfocused\FieldPos015\FieldPos015_page_3.png,0,FieldPos015,,dataset
tbf_imgs,D:\Dineth\focus_binary_benchmark\dataset\tbf_imgs\unfocused\FieldPos015\FieldPos015_page_4.png,0,FieldPos015,,dataset
tbf_imgs,D:\Dineth\focus_binary_benchmark\dataset\tbf_imgs\unfocused\FieldPos015\FieldPos015_page_5.png,0,FieldPos015,,dataset
tbf_imgs,D:\Dineth\focus_binary_benchmark\dataset\tbf_imgs\unfocused\FieldPos015\FieldPos015_page_9.png,0,FieldPos015,,dataset
tbf_imgs,D:\Dineth\focus_binary_benchmark\dataset\tbf_imgs\unfocused\FieldPos015 (2)\FieldPos015 (2)_page_1.png,0,FieldPos015 (2),,dataset
tbf_imgs,D:\Dineth\focus_binary_benchmark\dataset\tbf_imgs\unfocused\FieldPos015 (2)\FieldPos015 (2)_page_10.png,0,FieldPos015 (2),,dataset
tbf_imgs,D:\Dineth\focus_binary_benchmark\dataset\tbf_imgs\unfocused\FieldPos015 (2)\FieldPos015 (2)_page_11.png,0,FieldPos015 (2),,dataset
tbf_imgs,D:\Dineth\focus_binary_benchmark\dataset\tbf_imgs\unfocused\FieldPos015 (2)\FieldPos015 (2)_page_12.png,0,FieldPos015 (2),,dataset
tbf_imgs,D:\Dineth\focus_binary_benchmark\dataset\tbf_imgs\unfocused\FieldPos015 (2)\FieldPos015 (2)_page_13.png,0,FieldPos015 (2),,dataset
tbf_imgs,D:\Dineth\focus_binary_benchmark\dataset\tbf_imgs\unfocused\FieldPos015 (2)\FieldPos015 (2)_page_14.png,0,FieldPos015 (2),,dataset
tbf_imgs,D:\Dineth\focus_binary_benchmark\dataset\tbf_imgs\unfocused\FieldPos015 (2)\FieldPos015 (2)_page_2.png,0,FieldPos015 (2),,dataset
tbf_imgs,D:\Dineth\focus_binary_benchmark\dataset\tbf_imgs\unfocused\FieldPos015 (2)\FieldPos015 (2)_page_3.png,0,FieldPos015 (2),,dataset
tbf_imgs,D:\Dineth\focus_binary_benchmark\dataset\tbf_imgs\unfocused\FieldPos015 (2)\FieldPos015 (2)_page_4.png,0,FieldPos015 (2),,dataset
tbf_imgs,D:\Dineth\focus_binary_benchmark\dataset\tbf_imgs\unfocused\FieldPos015 (2)\FieldPos015 (2)_page_5.png,0,FieldPos015 (2),,dataset
tbf_imgs,D:\Dineth\focus_binary_benchmark\dataset\tbf_imgs\unfocused\FieldPos015 (2)\FieldPos015 (2)_page_6.png,0,FieldPos015 (2),,dataset
tbf_imgs,D:\Dineth\focus_binary_benchmark\dataset\tbf_imgs\unfocused\FieldPos015 (3)\FieldPos015 (3)_page_1.png,0,FieldPos015 (3),,dataset
tbf_imgs,D:\Dineth\focus_binary_benchmark\dataset\tbf_imgs\unfocused\FieldPos015 (3)\FieldPos015 (3)_page_10.png,0,FieldPos015 (3),,dataset
tbf_imgs,D:\Dineth\focus_binary_benchmark\dataset\tbf_imgs\unfocused\FieldPos015 (3)\FieldPos015 (3)_page_11.png,0,FieldPos015 (3),,dataset
tbf_imgs,D:\Dineth\focus_binary_benchmark\dataset\tbf_imgs\unfocused\FieldPos015 (3)\FieldPos015 (3)_page_12.png,0,FieldPos015 (3),,dataset
tbf_imgs,D:\Dineth\focus_binary_benchmark\dataset\tbf_imgs\unfocused\FieldPos015 (3)\FieldPos015 (3)_page_13.png,0,FieldPos015 (3),,dataset
tbf_imgs,D:\Dineth\focus_binary_benchmark\dataset\tbf_imgs\unfocused\FieldPos015 (3)\FieldPos015 (3)_page_14.png,0,FieldPos015 (3),,dataset
tbf_imgs,D:\Dineth\focus_binary_benchmark\dataset\tbf_imgs\unfocused\FieldPos015 (3)\FieldPos015 (3)_page_2.png,0,FieldPos015 (3),,dataset
tbf_imgs,D:\Dineth\focus_binary_benchmark\dataset\tbf_imgs\unfocused\FieldPos015 (3)\FieldPos015 (3)_page_3.png,0,FieldPos015 (3),,dataset
tbf_imgs,D:\Dineth\focus_binary_benchmark\dataset\tbf_imgs\unfocused\FieldPos015 (3)\FieldPos015 (3)_page_4.png,0,FieldPos015 (3),,dataset
tbf_imgs,D:\Dineth\focus_binary_benchmark\dataset\tbf_imgs\unfocused\FieldPos015 (3)\FieldPos015 (3)_page_5.png,0,FieldPos015 (3),,dataset
tbf_imgs,D:\Dineth\focus_binary_benchmark\dataset\tbf_imgs\unfocused\FieldPos015 (3)\FieldPos015 (3)_page_6.png,0,FieldPos015 (3),,dataset
tbf_imgs,D:\Dineth\focus_binary_benchmark\dataset\tbf_imgs\unfocused\FieldPos016\FieldPos016_page_1.png,0,FieldPos016,,dataset
tbf_imgs,D:\Dineth\focus_binary_benchmark\dataset\tbf_imgs\unfocused\FieldPos016\FieldPos016_page_10.png,0,FieldPos016,,dataset
tbf_imgs,D:\Dineth\focus_binary_benchmark\dataset\tbf_imgs\unfocused\FieldPos016\FieldPos016_page_11.png,0,FieldPos016,,dataset
tbf_imgs,D:\Dineth\focus_binary_benchmark\dataset\tbf_imgs\unfocused\FieldPos016\FieldPos016_page_12.png,0,FieldPos016,,dataset
tbf_imgs,D:\Dineth\focus_binary_benchmark\dataset\tbf_imgs\unfocused\FieldPos016\FieldPos016_page_13.png,0,FieldPos016,,dataset
tbf_imgs,D:\Dineth\focus_binary_benchmark\dataset\tbf_imgs\unfocused\FieldPos016\FieldPos016_page_14.png,0,FieldPos016,,dataset
tbf_imgs,D:\Dineth\focus_binary_benchmark\dataset\tbf_imgs\unfocused\FieldPos016\FieldPos016_page_2.png,0,FieldPos016,,dataset
tbf_imgs,D:\Dineth\focus_binary_benchmark\dataset\tbf_imgs\unfocused\FieldPos016\FieldPos016_page_3.png,0,FieldPos016,,dataset
tbf_imgs,D:\Dineth\focus_binary_benchmark\dataset\tbf_imgs\unfocused\FieldPos016\FieldPos016_page_4.png,0,FieldPos016,,dataset
tbf_imgs,D:\Dineth\focus_binary_benchmark\dataset\tbf_imgs\unfocused\FieldPos016\FieldPos016_page_5.png,0,FieldPos016,,dataset
tbf_imgs,D:\Dineth\focus_binary_benchmark\dataset\tbf_imgs\unfocused\FieldPos016\FieldPos016_page_9.png,0,FieldPos016,,dataset
tbf_imgs,D:\Dineth\focus_binary_benchmark\dataset\tbf_imgs\unfocused\FieldPos017\FieldPos017_page_1.png,0,FieldPos017,,dataset
tbf_imgs,D:\Dineth\focus_binary_benchmark\dataset\tbf_imgs\unfocused\FieldPos017\FieldPos017_page_10.png,0,FieldPos017,,dataset
tbf_imgs,D:\Dineth\focus_binary_benchmark\dataset\tbf_imgs\unfocused\FieldPos017\FieldPos017_page_11.png,0,FieldPos017,,dataset
tbf_imgs,D:\Dineth\focus_binary_benchmark\dataset\tbf_imgs\unfocused\FieldPos017\FieldPos017_page_12.png,0,FieldPos017,,dataset
tbf_imgs,D:\Dineth\focus_binary_benchmark\dataset\tbf_imgs\unfocused\FieldPos017\FieldPos017_page_13.png,0,FieldPos017,,dataset
tbf_imgs,D:\Dineth\focus_binary_benchmark\dataset\tbf_imgs\unfocused\FieldPos017\FieldPos017_page_14.png,0,FieldPos017,,dataset
tbf_imgs,D:\Dineth\focus_binary_benchmark\dataset\tbf_imgs\unfocused\FieldPos017\FieldPos017_page_2.png,0,FieldPos017,,dataset
tbf_imgs,D:\Dineth\focus_binary_benchmark\dataset\tbf_imgs\unfocused\FieldPos017\FieldPos017_page_3.png,0,FieldPos017,,dataset
tbf_imgs,D:\Dineth\focus_binary_benchmark\dataset\tbf_imgs\unfocused\FieldPos017\FieldPos017_page_7.png,0,FieldPos017,,dataset
tbf_imgs,D:\Dineth\focus_binary_benchmark\dataset\tbf_imgs\unfocused\FieldPos017\FieldPos017_page_8.png,0,FieldPos017,,dataset
tbf_imgs,D:\Dineth\focus_binary_benchmark\dataset\tbf_imgs\unfocused\FieldPos017\FieldPos017_page_9.png,0,FieldPos017,,dataset
tbf_imgs,D:\Dineth\focus_binary_benchmark\dataset\tbf_imgs\unfocused\FieldPos017 (2)\FieldPos017 (2)_page_1.png,0,FieldPos017 (2),,dataset
tbf_imgs,D:\Dineth\focus_binary_benchmark\dataset\tbf_imgs\unfocused\FieldPos017 (2)\FieldPos017 (2)_page_10.png,0,FieldPos017 (2),,dataset
tbf_imgs,D:\Dineth\focus_binary_benchmark\dataset\tbf_imgs\unfocused\FieldPos017 (2)\FieldPos017 (2)_page_11.png,0,FieldPos017 (2),,dataset
tbf_imgs,D:\Dineth\focus_binary_benchmark\dataset\tbf_imgs\unfocused\FieldPos017 (2)\FieldPos017 (2)_page_12.png,0,FieldPos017 (2),,dataset
tbf_imgs,D:\Dineth\focus_binary_benchmark\dataset\tbf_imgs\unfocused\FieldPos017 (2)\FieldPos017 (2)_page_13.png,0,FieldPos017 (2),,dataset
tbf_imgs,D:\Dineth\focus_binary_benchmark\dataset\tbf_imgs\unfocused\FieldPos017 (2)\FieldPos017 (2)_page_14.png,0,FieldPos017 (2),,dataset
tbf_imgs,D:\Dineth\focus_binary_benchmark\dataset\tbf_imgs\unfocused\FieldPos017 (2)\FieldPos017 (2)_page_2.png,0,FieldPos017 (2),,dataset
tbf_imgs,D:\Dineth\focus_binary_benchmark\dataset\tbf_imgs\unfocused\FieldPos017 (2)\FieldPos017 (2)_page_3.png,0,FieldPos017 (2),,dataset
tbf_imgs,D:\Dineth\focus_binary_benchmark\dataset\tbf_imgs\unfocused\FieldPos017 (2)\FieldPos017 (2)_page_4.png,0,FieldPos017 (2),,dataset
tbf_imgs,D:\Dineth\focus_binary_benchmark\dataset\tbf_imgs\unfocused\FieldPos017 (2)\FieldPos017 (2)_page_5.png,0,FieldPos017 (2),,dataset
tbf_imgs,D:\Dineth\focus_binary_benchmark\dataset\tbf_imgs\unfocused\FieldPos017 (2)\FieldPos017 (2)_page_9.png,0,FieldPos017 (2),,dataset
tbf_imgs,D:\Dineth\focus_binary_benchmark\dataset\tbf_imgs\unfocused\FieldPos018\FieldPos018_page_1.png,0,FieldPos018,,dataset
tbf_imgs,D:\Dineth\focus_binary_benchmark\dataset\tbf_imgs\unfocused\FieldPos018\FieldPos018_page_10.png,0,FieldPos018,,dataset
tbf_imgs,D:\Dineth\focus_binary_benchmark\dataset\tbf_imgs\unfocused\FieldPos018\FieldPos018_page_11.png,0,FieldPos018,,dataset
tbf_imgs,D:\Dineth\focus_binary_benchmark\dataset\tbf_imgs\unfocused\FieldPos018\FieldPos018_page_12.png,0,FieldPos018,,dataset
tbf_imgs,D:\Dineth\focus_binary_benchmark\dataset\tbf_imgs\unfocused\FieldPos018\FieldPos018_page_13.png,0,FieldPos018,,dataset
tbf_imgs,D:\Dineth\focus_binary_benchmark\dataset\tbf_imgs\unfocused\FieldPos018\FieldPos018_page_14.png,0,FieldPos018,,dataset
tbf_imgs,D:\Dineth\focus_binary_benchmark\dataset\tbf_imgs\unfocused\FieldPos018\FieldPos018_page_2.png,0,FieldPos018,,dataset
tbf_imgs,D:\Dineth\focus_binary_benchmark\dataset\tbf_imgs\unfocused\FieldPos018\FieldPos018_page_3.png,0,FieldPos018,,dataset
tbf_imgs,D:\Dineth\focus_binary_benchmark\dataset\tbf_imgs\unfocused\FieldPos018\FieldPos018_page_7.png,0,FieldPos018,,dataset
tbf_imgs,D:\Dineth\focus_binary_benchmark\dataset\tbf_imgs\unfocused\FieldPos018\FieldPos018_page_8.png,0,FieldPos018,,dataset
tbf_imgs,D:\Dineth\focus_binary_benchmark\dataset\tbf_imgs\unfocused\FieldPos018\FieldPos018_page_9.png,0,FieldPos018,,dataset
tbf_imgs,D:\Dineth\focus_binary_benchmark\dataset\tbf_imgs\unfocused\FieldPos018 (2)\FieldPos018 (2)_page_1.png,0,FieldPos018 (2),,dataset
tbf_imgs,D:\Dineth\focus_binary_benchmark\dataset\tbf_imgs\unfocused\FieldPos018 (2)\FieldPos018 (2)_page_10.png,0,FieldPos018 (2),,dataset
tbf_imgs,D:\Dineth\focus_binary_benchmark\dataset\tbf_imgs\unfocused\FieldPos018 (2)\FieldPos018 (2)_page_11.png,0,FieldPos018 (2),,dataset
tbf_imgs,D:\Dineth\focus_binary_benchmark\dataset\tbf_imgs\unfocused\FieldPos018 (2)\FieldPos018 (2)_page_12.png,0,FieldPos018 (2),,dataset
tbf_imgs,D:\Dineth\focus_binary_benchmark\dataset\tbf_imgs\unfocused\FieldPos018 (2)\FieldPos018 (2)_page_13.png,0,FieldPos018 (2),,dataset
tbf_imgs,D:\Dineth\focus_binary_benchmark\dataset\tbf_imgs\unfocused\FieldPos018 (2)\FieldPos018 (2)_page_14.png,0,FieldPos018 (2),,dataset
tbf_imgs,D:\Dineth\focus_binary_benchmark\dataset\tbf_imgs\unfocused\FieldPos018 (2)\FieldPos018 (2)_page_2.png,0,FieldPos018 (2),,dataset
tbf_imgs,D:\Dineth\focus_binary_benchmark\dataset\tbf_imgs\unfocused\FieldPos018 (2)\FieldPos018 (2)_page_3.png,0,FieldPos018 (2),,dataset
tbf_imgs,D:\Dineth\focus_binary_benchmark\dataset\tbf_imgs\unfocused\FieldPos018 (2)\FieldPos018 (2)_page_4.png,0,FieldPos018 (2),,dataset
tbf_imgs,D:\Dineth\focus_binary_benchmark\dataset\tbf_imgs\unfocused\FieldPos018 (2)\FieldPos018 (2)_page_8.png,0,FieldPos018 (2),,dataset
tbf_imgs,D:\Dineth\focus_binary_benchmark\dataset\tbf_imgs\unfocused\FieldPos018 (2)\FieldPos018 (2)_page_9.png,0,FieldPos018 (2),,dataset
tbf_imgs,D:\Dineth\focus_binary_benchmark\dataset\tbf_imgs\unfocused\FieldPos018 (3)\FieldPos018 (3)_page_1.png,0,FieldPos018 (3),,dataset
tbf_imgs,D:\Dineth\focus_binary_benchmark\dataset\tbf_imgs\unfocused\FieldPos018 (3)\FieldPos018 (3)_page_10.png,0,FieldPos018 (3),,dataset
tbf_imgs,D:\Dineth\focus_binary_benchmark\dataset\tbf_imgs\unfocused\FieldPos018 (3)\FieldPos018 (3)_page_11.png,0,FieldPos018 (3),,dataset
tbf_imgs,D:\Dineth\focus_binary_benchmark\dataset\tbf_imgs\unfocused\FieldPos018 (3)\FieldPos018 (3)_page_12.png,0,FieldPos018 (3),,dataset
tbf_imgs,D:\Dineth\focus_binary_benchmark\dataset\tbf_imgs\unfocused\FieldPos018 (3)\FieldPos018 (3)_page_13.png,0,FieldPos018 (3),,dataset
tbf_imgs,D:\Dineth\focus_binary_benchmark\dataset\tbf_imgs\unfocused\FieldPos018 (3)\FieldPos018 (3)_page_14.png,0,FieldPos018 (3),,dataset
tbf_imgs,D:\Dineth\focus_binary_benchmark\dataset\tbf_imgs\unfocused\FieldPos018 (3)\FieldPos018 (3)_page_2.png,0,FieldPos018 (3),,dataset
tbf_imgs,D:\Dineth\focus_binary_benchmark\dataset\tbf_imgs\unfocused\FieldPos018 (3)\FieldPos018 (3)_page_3.png,0,FieldPos018 (3),,dataset
tbf_imgs,D:\Dineth\focus_binary_benchmark\dataset\tbf_imgs\unfocused\FieldPos018 (3)\FieldPos018 (3)_page_4.png,0,FieldPos018 (3),,dataset
tbf_imgs,D:\Dineth\focus_binary_benchmark\dataset\tbf_imgs\unfocused\FieldPos018 (3)\FieldPos018 (3)_page_8.png,0,FieldPos018 (3),,dataset
tbf_imgs,D:\Dineth\focus_binary_benchmark\dataset\tbf_imgs\unfocused\FieldPos018 (3)\FieldPos018 (3)_page_9.png,0,FieldPos018 (3),,dataset
tbf_imgs,D:\Dineth\focus_binary_benchmark\dataset\tbf_imgs\unfocused\FieldPos019\FieldPos019_page_1.png,0,FieldPos019,,dataset
tbf_imgs,D:\Dineth\focus_binary_benchmark\dataset\tbf_imgs\unfocused\FieldPos019\FieldPos019_page_10.png,0,FieldPos019,,dataset
tbf_imgs,D:\Dineth\focus_binary_benchmark\dataset\tbf_imgs\unfocused\FieldPos019\FieldPos019_page_11.png,0,FieldPos019,,dataset
tbf_imgs,D:\Dineth\focus_binary_benchmark\dataset\tbf_imgs\unfocused\FieldPos019\FieldPos019_page_12.png,0,FieldPos019,,dataset
tbf_imgs,D:\Dineth\focus_binary_benchmark\dataset\tbf_imgs\unfocused\FieldPos019\FieldPos019_page_13.png,0,FieldPos019,,dataset
tbf_imgs,D:\Dineth\focus_binary_benchmark\dataset\tbf_imgs\unfocused\FieldPos019\FieldPos019_page_14.png,0,FieldPos019,,dataset
tbf_imgs,D:\Dineth\focus_binary_benchmark\dataset\tbf_imgs\unfocused\FieldPos019\FieldPos019_page_2.png,0,FieldPos019,,dataset
tbf_imgs,D:\Dineth\focus_binary_benchmark\dataset\tbf_imgs\unfocused\FieldPos019\FieldPos019_page_3.png,0,FieldPos019,,dataset
tbf_imgs,D:\Dineth\focus_binary_benchmark\dataset\tbf_imgs\unfocused\FieldPos019\FieldPos019_page_7.png,0,FieldPos019,,dataset
tbf_imgs,D:\Dineth\focus_binary_benchmark\dataset\tbf_imgs\unfocused\FieldPos019\FieldPos019_page_8.png,0,FieldPos019,,dataset
tbf_imgs,D:\Dineth\focus_binary_benchmark\dataset\tbf_imgs\unfocused\FieldPos019\FieldPos019_page_9.png,0,FieldPos019,,dataset
tbf_imgs,D:\Dineth\focus_binary_benchmark\dataset\tbf_imgs\unfocused\FieldPos019 (2)\FieldPos019 (2)_page_1.png,0,FieldPos019 (2),,dataset
tbf_imgs,D:\Dineth\focus_binary_benchmark\dataset\tbf_imgs\unfocused\FieldPos019 (2)\FieldPos019 (2)_page_10.png,0,FieldPos019 (2),,dataset
tbf_imgs,D:\Dineth\focus_binary_benchmark\dataset\tbf_imgs\unfocused\FieldPos019 (2)\FieldPos019 (2)_page_11.png,0,FieldPos019 (2),,dataset
tbf_imgs,D:\Dineth\focus_binary_benchmark\dataset\tbf_imgs\unfocused\FieldPos019 (2)\FieldPos019 (2)_page_12.png,0,FieldPos019 (2),,dataset
tbf_imgs,D:\Dineth\focus_binary_benchmark\dataset\tbf_imgs\unfocused\FieldPos019 (2)\FieldPos019 (2)_page_13.png,0,FieldPos019 (2),,dataset
tbf_imgs,D:\Dineth\focus_binary_benchmark\dataset\tbf_imgs\unfocused\FieldPos019 (2)\FieldPos019 (2)_page_14.png,0,FieldPos019 (2),,dataset
tbf_imgs,D:\Dineth\focus_binary_benchmark\dataset\tbf_imgs\unfocused\FieldPos019 (2)\FieldPos019 (2)_page_2.png,0,FieldPos019 (2),,dataset
tbf_imgs,D:\Dineth\focus_binary_benchmark\dataset\tbf_imgs\unfocused\FieldPos019 (2)\FieldPos019 (2)_page_3.png,0,FieldPos019 (2),,dataset
tbf_imgs,D:\Dineth\focus_binary_benchmark\dataset\tbf_imgs\unfocused\FieldPos019 (2)\FieldPos019 (2)_page_4.png,0,FieldPos019 (2),,dataset
tbf_imgs,D:\Dineth\focus_binary_benchmark\dataset\tbf_imgs\unfocused\FieldPos019 (2)\FieldPos019 (2)_page_8.png,0,FieldPos019 (2),,dataset
tbf_imgs,D:\Dineth\focus_binary_benchmark\dataset\tbf_imgs\unfocused\FieldPos019 (2)\FieldPos019 (2)_page_9.png,0,FieldPos019 (2),,dataset
tbf_imgs,D:\Dineth\focus_binary_benchmark\dataset\tbf_imgs\unfocused\FieldPos020\FieldPos020_page_1.png,0,FieldPos020,,dataset
tbf_imgs,D:\Dineth\focus_binary_benchmark\dataset\tbf_imgs\unfocused\FieldPos020\FieldPos020_page_10.png,0,FieldPos020,,dataset
tbf_imgs,D:\Dineth\focus_binary_benchmark\dataset\tbf_imgs\unfocused\FieldPos020\FieldPos020_page_11.png,0,FieldPos020,,dataset
tbf_imgs,D:\Dineth\focus_binary_benchmark\dataset\tbf_imgs\unfocused\FieldPos020\FieldPos020_page_12.png,0,FieldPos020,,dataset
tbf_imgs,D:\Dineth\focus_binary_benchmark\dataset\tbf_imgs\unfocused\FieldPos020\FieldPos020_page_13.png,0,FieldPos020,,dataset
tbf_imgs,D:\Dineth\focus_binary_benchmark\dataset\tbf_imgs\unfocused\FieldPos020\FieldPos020_page_14.png,0,FieldPos020,,dataset
tbf_imgs,D:\Dineth\focus_binary_benchmark\dataset\tbf_imgs\unfocused\FieldPos020\FieldPos020_page_2.png,0,FieldPos020,,dataset
tbf_imgs,D:\Dineth\focus_binary_benchmark\dataset\tbf_imgs\unfocused\FieldPos020\FieldPos020_page_3.png,0,FieldPos020,,dataset
tbf_imgs,D:\Dineth\focus_binary_benchmark\dataset\tbf_imgs\unfocused\FieldPos020\FieldPos020_page_7.png,0,FieldPos020,,dataset
tbf_imgs,D:\Dineth\focus_binary_benchmark\dataset\tbf_imgs\unfocused\FieldPos020\FieldPos020_page_8.png,0,FieldPos020,,dataset
tbf_imgs,D:\Dineth\focus_binary_benchmark\dataset\tbf_imgs\unfocused\FieldPos020\FieldPos020_page_9.png,0,FieldPos020,,dataset
tbf_imgs,D:\Dineth\focus_binary_benchmark\dataset\tbf_imgs\unfocused\FieldPos020 (2)\FieldPos020 (2)_page_1.png,0,FieldPos020 (2),,dataset
tbf_imgs,D:\Dineth\focus_binary_benchmark\dataset\tbf_imgs\unfocused\FieldPos020 (2)\FieldPos020 (2)_page_10.png,0,FieldPos020 (2),,dataset
tbf_imgs,D:\Dineth\focus_binary_benchmark\dataset\tbf_imgs\unfocused\FieldPos020 (2)\FieldPos020 (2)_page_11.png,0,FieldPos020 (2),,dataset
tbf_imgs,D:\Dineth\focus_binary_benchmark\dataset\tbf_imgs\unfocused\FieldPos020 (2)\FieldPos020 (2)_page_12.png,0,FieldPos020 (2),,dataset
tbf_imgs,D:\Dineth\focus_binary_benchmark\dataset\tbf_imgs\unfocused\FieldPos020 (2)\FieldPos020 (2)_page_13.png,0,FieldPos020 (2),,dataset
tbf_imgs,D:\Dineth\focus_binary_benchmark\dataset\tbf_imgs\unfocused\FieldPos020 (2)\FieldPos020 (2)_page_14.png,0,FieldPos020 (2),,dataset
tbf_imgs,D:\Dineth\focus_binary_benchmark\dataset\tbf_imgs\unfocused\FieldPos020 (2)\FieldPos020 (2)_page_2.png,0,FieldPos020 (2),,dataset
tbf_imgs,D:\Dineth\focus_binary_benchmark\dataset\tbf_imgs\unfocused\FieldPos020 (2)\FieldPos020 (2)_page_3.png,0,FieldPos020 (2),,dataset
tbf_imgs,D:\Dineth\focus_binary_benchmark\dataset\tbf_imgs\unfocused\FieldPos020 (2)\FieldPos020 (2)_page_4.png,0,FieldPos020 (2),,dataset
tbf_imgs,D:\Dineth\focus_binary_benchmark\dataset\tbf_imgs\unfocused\FieldPos020 (2)\FieldPos020 (2)_page_5.png,0,FieldPos020 (2),,dataset
tbf_imgs,D:\Dineth\focus_binary_benchmark\dataset\tbf_imgs\unfocused\FieldPos020 (2)\FieldPos020 (2)_page_9.png,0,FieldPos020 (2),,dataset
tbf_imgs,D:\Dineth\focus_binary_benchmark\dataset\tbf_imgs\unfocused\FieldPos020 (3)\FieldPos020 (3)_page_1.png,0,FieldPos020 (3),,dataset
tbf_imgs,D:\Dineth\focus_binary_benchmark\dataset\tbf_imgs\unfocused\FieldPos020 (3)\FieldPos020 (3)_page_10.png,0,FieldPos020 (3),,dataset
tbf_imgs,D:\Dineth\focus_binary_benchmark\dataset\tbf_imgs\unfocused\FieldPos020 (3)\FieldPos020 (3)_page_11.png,0,FieldPos020 (3),,dataset
tbf_imgs,D:\Dineth\focus_binary_benchmark\dataset\tbf_imgs\unfocused\FieldPos020 (3)\FieldPos020 (3)_page_12.png,0,FieldPos020 (3),,dataset
tbf_imgs,D:\Dineth\focus_binary_benchmark\dataset\tbf_imgs\unfocused\FieldPos020 (3)\FieldPos020 (3)_page_13.png,0,FieldPos020 (3),,dataset
tbf_imgs,D:\Dineth\focus_binary_benchmark\dataset\tbf_imgs\unfocused\FieldPos020 (3)\FieldPos020 (3)_page_14.png,0,FieldPos020 (3),,dataset
tbf_imgs,D:\Dineth\focus_binary_benchmark\dataset\tbf_imgs\unfocused\FieldPos020 (3)\FieldPos020 (3)_page_2.png,0,FieldPos020 (3),,dataset
tbf_imgs,D:\Dineth\focus_binary_benchmark\dataset\tbf_imgs\unfocused\FieldPos020 (3)\FieldPos020 (3)_page_3.png,0,FieldPos020 (3),,dataset
tbf_imgs,D:\Dineth\focus_binary_benchmark\dataset\tbf_imgs\unfocused\FieldPos020 (3)\FieldPos020 (3)_page_4.png,0,FieldPos020 (3),,dataset
tbf_imgs,D:\Dineth\focus_binary_benchmark\dataset\tbf_imgs\unfocused\FieldPos020 (3)\FieldPos020 (3)_page_5.png,0,FieldPos020 (3),,dataset
tbf_imgs,D:\Dineth\focus_binary_benchmark\dataset\tbf_imgs\unfocused\FieldPos020 (3)\FieldPos020 (3)_page_9.png,0,FieldPos020 (3),,dataset
tbf_imgs,D:\Dineth\focus_binary_benchmark\dataset\tbf_imgs\unfocused\FieldPos021\FieldPos021_page_1.png,0,FieldPos021,,dataset
tbf_imgs,D:\Dineth\focus_binary_benchmark\dataset\tbf_imgs\unfocused\FieldPos021\FieldPos021_page_10.png,0,FieldPos021,,dataset
tbf_imgs,D:\Dineth\focus_binary_benchmark\dataset\tbf_imgs\unfocused\FieldPos021\FieldPos021_page_11.png,0,FieldPos021,,dataset
tbf_imgs,D:\Dineth\focus_binary_benchmark\dataset\tbf_imgs\unfocused\FieldPos021\FieldPos021_page_12.png,0,FieldPos021,,dataset
tbf_imgs,D:\Dineth\focus_binary_benchmark\dataset\tbf_imgs\unfocused\FieldPos021\FieldPos021_page_13.png,0,FieldPos021,,dataset
tbf_imgs,D:\Dineth\focus_binary_benchmark\dataset\tbf_imgs\unfocused\FieldPos021\FieldPos021_page_14.png,0,FieldPos021,,dataset
tbf_imgs,D:\Dineth\focus_binary_benchmark\dataset\tbf_imgs\unfocused\FieldPos021\FieldPos021_page_2.png,0,FieldPos021,,dataset
tbf_imgs,D:\Dineth\focus_binary_benchmark\dataset\tbf_imgs\unfocused\FieldPos021\FieldPos021_page_3.png,0,FieldPos021,,dataset
tbf_imgs,D:\Dineth\focus_binary_benchmark\dataset\tbf_imgs\unfocused\FieldPos021\FieldPos021_page_4.png,0,FieldPos021,,dataset
tbf_imgs,D:\Dineth\focus_binary_benchmark\dataset\tbf_imgs\unfocused\FieldPos021\FieldPos021_page_5.png,0,FieldPos021,,dataset
tbf_imgs,D:\Dineth\focus_binary_benchmark\dataset\tbf_imgs\unfocused\FieldPos021\FieldPos021_page_9.png,0,FieldPos021,,dataset
tbf_imgs,D:\Dineth\focus_binary_benchmark\dataset\tbf_imgs\unfocused\FieldPos022\FieldPos022_page_1.png,0,FieldPos022,,dataset
tbf_imgs,D:\Dineth\focus_binary_benchmark\dataset\tbf_imgs\unfocused\FieldPos022\FieldPos022_page_10.png,0,FieldPos022,,dataset
tbf_imgs,D:\Dineth\focus_binary_benchmark\dataset\tbf_imgs\unfocused\FieldPos022\FieldPos022_page_11.png,0,FieldPos022,,dataset
tbf_imgs,D:\Dineth\focus_binary_benchmark\dataset\tbf_imgs\unfocused\FieldPos022\FieldPos022_page_12.png,0,FieldPos022,,dataset
tbf_imgs,D:\Dineth\focus_binary_benchmark\dataset\tbf_imgs\unfocused\FieldPos022\FieldPos022_page_13.png,0,FieldPos022,,dataset
tbf_imgs,D:\Dineth\focus_binary_benchmark\dataset\tbf_imgs\unfocused\FieldPos022\FieldPos022_page_14.png,0,FieldPos022,,dataset
tbf_imgs,D:\Dineth\focus_binary_benchmark\dataset\tbf_imgs\unfocused\FieldPos022\FieldPos022_page_2.png,0,FieldPos022,,dataset
tbf_imgs,D:\Dineth\focus_binary_benchmark\dataset\tbf_imgs\unfocused\FieldPos022\FieldPos022_page_3.png,0,FieldPos022,,dataset
tbf_imgs,D:\Dineth\focus_binary_benchmark\dataset\tbf_imgs\unfocused\FieldPos022\FieldPos022_page_4.png,0,FieldPos022,,dataset
tbf_imgs,D:\Dineth\focus_binary_benchmark\dataset\tbf_imgs\unfocused\FieldPos022\FieldPos022_page_5.png,0,FieldPos022,,dataset
tbf_imgs,D:\Dineth\focus_binary_benchmark\dataset\tbf_imgs\unfocused\FieldPos022\FieldPos022_page_9.png,0,FieldPos022,,dataset
tbf_imgs,D:\Dineth\focus_binary_benchmark\dataset\tbf_imgs\unfocused\FieldPos023\FieldPos023_page_1.png,0,FieldPos023,,dataset
tbf_imgs,D:\Dineth\focus_binary_benchmark\dataset\tbf_imgs\unfocused\FieldPos023\FieldPos023_page_10.png,0,FieldPos023,,dataset
tbf_imgs,D:\Dineth\focus_binary_benchmark\dataset\tbf_imgs\unfocused\FieldPos023\FieldPos023_page_11.png,0,FieldPos023,,dataset
tbf_imgs,D:\Dineth\focus_binary_benchmark\dataset\tbf_imgs\unfocused\FieldPos023\FieldPos023_page_12.png,0,FieldPos023,,dataset
tbf_imgs,D:\Dineth\focus_binary_benchmark\dataset\tbf_imgs\unfocused\FieldPos023\FieldPos023_page_13.png,0,FieldPos023,,dataset
tbf_imgs,D:\Dineth\focus_binary_benchmark\dataset\tbf_imgs\unfocused\FieldPos023\FieldPos023_page_14.png,0,FieldPos023,,dataset
tbf_imgs,D:\Dineth\focus_binary_benchmark\dataset\tbf_imgs\unfocused\FieldPos023\FieldPos023_page_2.png,0,FieldPos023,,dataset
tbf_imgs,D:\Dineth\focus_binary_benchmark\dataset\tbf_imgs\unfocused\FieldPos023\FieldPos023_page_3.png,0,FieldPos023,,dataset
tbf_imgs,D:\Dineth\focus_binary_benchmark\dataset\tbf_imgs\unfocused\FieldPos023\FieldPos023_page_4.png,0,FieldPos023,,dataset
tbf_imgs,D:\Dineth\focus_binary_benchmark\dataset\tbf_imgs\unfocused\FieldPos023\FieldPos023_page_8.png,0,FieldPos023,,dataset
tbf_imgs,D:\Dineth\focus_binary_benchmark\dataset\tbf_imgs\unfocused\FieldPos023\FieldPos023_page_9.png,0,FieldPos023,,dataset
tbf_imgs,D:\Dineth\focus_binary_benchmark\dataset\tbf_imgs\unfocused\FieldPos024\FieldPos024_page_1.png,0,FieldPos024,,dataset
tbf_imgs,D:\Dineth\focus_binary_benchmark\dataset\tbf_imgs\unfocused\FieldPos024\FieldPos024_page_10.png,0,FieldPos024,,dataset
tbf_imgs,D:\Dineth\focus_binary_benchmark\dataset\tbf_imgs\unfocused\FieldPos024\FieldPos024_page_11.png,0,FieldPos024,,dataset
tbf_imgs,D:\Dineth\focus_binary_benchmark\dataset\tbf_imgs\unfocused\FieldPos024\FieldPos024_page_12.png,0,FieldPos024,,dataset
tbf_imgs,D:\Dineth\focus_binary_benchmark\dataset\tbf_imgs\unfocused\FieldPos024\FieldPos024_page_13.png,0,FieldPos024,,dataset
tbf_imgs,D:\Dineth\focus_binary_benchmark\dataset\tbf_imgs\unfocused\FieldPos024\FieldPos024_page_14.png,0,FieldPos024,,dataset
tbf_imgs,D:\Dineth\focus_binary_benchmark\dataset\tbf_imgs\unfocused\FieldPos024\FieldPos024_page_2.png,0,FieldPos024,,dataset
tbf_imgs,D:\Dineth\focus_binary_benchmark\dataset\tbf_imgs\unfocused\FieldPos024\FieldPos024_page_3.png,0,FieldPos024,,dataset
tbf_imgs,D:\Dineth\focus_binary_benchmark\dataset\tbf_imgs\unfocused\FieldPos024\FieldPos024_page_4.png,0,FieldPos024,,dataset
tbf_imgs,D:\Dineth\focus_binary_benchmark\dataset\tbf_imgs\unfocused\FieldPos024\FieldPos024_page_5.png,0,FieldPos024,,dataset
tbf_imgs,D:\Dineth\focus_binary_benchmark\dataset\tbf_imgs\unfocused\FieldPos024\FieldPos024_page_6.png,0,FieldPos024,,dataset
tbf_imgs,D:\Dineth\focus_binary_benchmark\dataset\tbf_imgs\unfocused\FieldPos025\FieldPos025_page_1.png,0,FieldPos025,,dataset
tbf_imgs,D:\Dineth\focus_binary_benchmark\dataset\tbf_imgs\unfocused\FieldPos025\FieldPos025_page_10.png,0,FieldPos025,,dataset
tbf_imgs,D:\Dineth\focus_binary_benchmark\dataset\tbf_imgs\unfocused\FieldPos025\FieldPos025_page_11.png,0,FieldPos025,,dataset
tbf_imgs,D:\Dineth\focus_binary_benchmark\dataset\tbf_imgs\unfocused\FieldPos025\FieldPos025_page_12.png,0,FieldPos025,,dataset
tbf_imgs,D:\Dineth\focus_binary_benchmark\dataset\tbf_imgs\unfocused\FieldPos025\FieldPos025_page_13.png,0,FieldPos025,,dataset
tbf_imgs,D:\Dineth\focus_binary_benchmark\dataset\tbf_imgs\unfocused\FieldPos025\FieldPos025_page_14.png,0,FieldPos025,,dataset
tbf_imgs,D:\Dineth\focus_binary_benchmark\dataset\tbf_imgs\unfocused\FieldPos025\FieldPos025_page_2.png,0,FieldPos025,,dataset
tbf_imgs,D:\Dineth\focus_binary_benchmark\dataset\tbf_imgs\unfocused\FieldPos025\FieldPos025_page_3.png,0,FieldPos025,,dataset
tbf_imgs,D:\Dineth\focus_binary_benchmark\dataset\tbf_imgs\unfocused\FieldPos025\FieldPos025_page_4.png,0,FieldPos025,,dataset
tbf_imgs,D:\Dineth\focus_binary_benchmark\dataset\tbf_imgs\unfocused\FieldPos025\FieldPos025_page_5.png,0,FieldPos025,,dataset
tbf_imgs,D:\Dineth\focus_binary_benchmark\dataset\tbf_imgs\unfocused\FieldPos025\FieldPos025_page_6.png,0,FieldPos025,,dataset
tbf_imgs,D:\Dineth\focus_binary_benchmark\dataset\tbf_imgs\unfocused\FieldPos026\FieldPos026_page_1.png,0,FieldPos026,,dataset
tbf_imgs,D:\Dineth\focus_binary_benchmark\dataset\tbf_imgs\unfocused\FieldPos026\FieldPos026_page_10.png,0,FieldPos026,,dataset
tbf_imgs,D:\Dineth\focus_binary_benchmark\dataset\tbf_imgs\unfocused\FieldPos026\FieldPos026_page_11.png,0,FieldPos026,,dataset
tbf_imgs,D:\Dineth\focus_binary_benchmark\dataset\tbf_imgs\unfocused\FieldPos026\FieldPos026_page_12.png,0,FieldPos026,,dataset
tbf_imgs,D:\Dineth\focus_binary_benchmark\dataset\tbf_imgs\unfocused\FieldPos026\FieldPos026_page_13.png,0,FieldPos026,,dataset
tbf_imgs,D:\Dineth\focus_binary_benchmark\dataset\tbf_imgs\unfocused\FieldPos026\FieldPos026_page_14.png,0,FieldPos026,,dataset
tbf_imgs,D:\Dineth\focus_binary_benchmark\dataset\tbf_imgs\unfocused\FieldPos026\FieldPos026_page_2.png,0,FieldPos026,,dataset
tbf_imgs,D:\Dineth\focus_binary_benchmark\dataset\tbf_imgs\unfocused\FieldPos026\FieldPos026_page_3.png,0,FieldPos026,,dataset
tbf_imgs,D:\Dineth\focus_binary_benchmark\dataset\tbf_imgs\unfocused\FieldPos026\FieldPos026_page_4.png,0,FieldPos026,,dataset
tbf_imgs,D:\Dineth\focus_binary_benchmark\dataset\tbf_imgs\unfocused\FieldPos026\FieldPos026_page_5.png,0,FieldPos026,,dataset
tbf_imgs,D:\Dineth\focus_binary_benchmark\dataset\tbf_imgs\unfocused\FieldPos026\FieldPos026_page_6.png,0,FieldPos026,,dataset
tbf_imgs,D:\Dineth\focus_binary_benchmark\dataset\tbf_imgs\unfocused\FieldPos027\FieldPos027_page_1.png,0,FieldPos027,,dataset
tbf_imgs,D:\Dineth\focus_binary_benchmark\dataset\tbf_imgs\unfocused\FieldPos027\FieldPos027_page_10.png,0,FieldPos027,,dataset
tbf_imgs,D:\Dineth\focus_binary_benchmark\dataset\tbf_imgs\unfocused\FieldPos027\FieldPos027_page_11.png,0,FieldPos027,,dataset
tbf_imgs,D:\Dineth\focus_binary_benchmark\dataset\tbf_imgs\unfocused\FieldPos027\FieldPos027_page_12.png,0,FieldPos027,,dataset
tbf_imgs,D:\Dineth\focus_binary_benchmark\dataset\tbf_imgs\unfocused\FieldPos027\FieldPos027_page_13.png,0,FieldPos027,,dataset
tbf_imgs,D:\Dineth\focus_binary_benchmark\dataset\tbf_imgs\unfocused\FieldPos027\FieldPos027_page_14.png,0,FieldPos027,,dataset
tbf_imgs,D:\Dineth\focus_binary_benchmark\dataset\tbf_imgs\unfocused\FieldPos027\FieldPos027_page_2.png,0,FieldPos027,,dataset
tbf_imgs,D:\Dineth\focus_binary_benchmark\dataset\tbf_imgs\unfocused\FieldPos027\FieldPos027_page_3.png,0,FieldPos027,,dataset
tbf_imgs,D:\Dineth\focus_binary_benchmark\dataset\tbf_imgs\unfocused\FieldPos027\FieldPos027_page_4.png,0,FieldPos027,,dataset
tbf_imgs,D:\Dineth\focus_binary_benchmark\dataset\tbf_imgs\unfocused\FieldPos027\FieldPos027_page_5.png,0,FieldPos027,,dataset
tbf_imgs,D:\Dineth\focus_binary_benchmark\dataset\tbf_imgs\unfocused\FieldPos027\FieldPos027_page_6.png,0,FieldPos027,,dataset
tbf_imgs,D:\Dineth\focus_binary_benchmark\dataset\tbf_imgs\unfocused\FieldPos028\FieldPos028_page_1.png,0,FieldPos028,,dataset
tbf_imgs,D:\Dineth\focus_binary_benchmark\dataset\tbf_imgs\unfocused\FieldPos028\FieldPos028_page_10.png,0,FieldPos028,,dataset
tbf_imgs,D:\Dineth\focus_binary_benchmark\dataset\tbf_imgs\unfocused\FieldPos028\FieldPos028_page_11.png,0,FieldPos028,,dataset
tbf_imgs,D:\Dineth\focus_binary_benchmark\dataset\tbf_imgs\unfocused\FieldPos028\FieldPos028_page_12.png,0,FieldPos028,,dataset
tbf_imgs,D:\Dineth\focus_binary_benchmark\dataset\tbf_imgs\unfocused\FieldPos028\FieldPos028_page_13.png,0,FieldPos028,,dataset
tbf_imgs,D:\Dineth\focus_binary_benchmark\dataset\tbf_imgs\unfocused\FieldPos028\FieldPos028_page_14.png,0,FieldPos028,,dataset
tbf_imgs,D:\Dineth\focus_binary_benchmark\dataset\tbf_imgs\unfocused\FieldPos028\FieldPos028_page_2.png,0,FieldPos028,,dataset
tbf_imgs,D:\Dineth\focus_binary_benchmark\dataset\tbf_imgs\unfocused\FieldPos028\FieldPos028_page_3.png,0,FieldPos028,,dataset
tbf_imgs,D:\Dineth\focus_binary_benchmark\dataset\tbf_imgs\unfocused\FieldPos028\FieldPos028_page_4.png,0,FieldPos028,,dataset
tbf_imgs,D:\Dineth\focus_binary_benchmark\dataset\tbf_imgs\unfocused\FieldPos028\FieldPos028_page_5.png,0,FieldPos028,,dataset
tbf_imgs,D:\Dineth\focus_binary_benchmark\dataset\tbf_imgs\unfocused\FieldPos028\FieldPos028_page_6.png,0,FieldPos028,,dataset
tbf_imgs,D:\Dineth\focus_binary_benchmark\dataset\tbf_imgs\unfocused\FieldPos029\FieldPos029_page_1.png,0,FieldPos029,,dataset
tbf_imgs,D:\Dineth\focus_binary_benchmark\dataset\tbf_imgs\unfocused\FieldPos029\FieldPos029_page_10.png,0,FieldPos029,,dataset
tbf_imgs,D:\Dineth\focus_binary_benchmark\dataset\tbf_imgs\unfocused\FieldPos029\FieldPos029_page_11.png,0,FieldPos029,,dataset
tbf_imgs,D:\Dineth\focus_binary_benchmark\dataset\tbf_imgs\unfocused\FieldPos029\FieldPos029_page_12.png,0,FieldPos029,,dataset
tbf_imgs,D:\Dineth\focus_binary_benchmark\dataset\tbf_imgs\unfocused\FieldPos029\FieldPos029_page_13.png,0,FieldPos029,,dataset
tbf_imgs,D:\Dineth\focus_binary_benchmark\dataset\tbf_imgs\unfocused\FieldPos029\FieldPos029_page_14.png,0,FieldPos029,,dataset
tbf_imgs,D:\Dineth\focus_binary_benchmark\dataset\tbf_imgs\unfocused\FieldPos029\FieldPos029_page_2.png,0,FieldPos029,,dataset
tbf_imgs,D:\Dineth\focus_binary_benchmark\dataset\tbf_imgs\unfocused\FieldPos029\FieldPos029_page_3.png,0,FieldPos029,,dataset
tbf_imgs,D:\Dineth\focus_binary_benchmark\dataset\tbf_imgs\unfocused\FieldPos029\FieldPos029_page_4.png,0,FieldPos029,,dataset
tbf_imgs,D:\Dineth\focus_binary_benchmark\dataset\tbf_imgs\unfocused\FieldPos029\FieldPos029_page_5.png,0,FieldPos029,,dataset
tbf_imgs,D:\Dineth\focus_binary_benchmark\dataset\tbf_imgs\unfocused\FieldPos029\FieldPos029_page_6.png,0,FieldPos029,,dataset
tbf_imgs,D:\Dineth\focus_binary_benchmark\dataset\tbf_imgs\unfocused\FieldPos030\FieldPos030_page_1.png,0,FieldPos030,,dataset
tbf_imgs,D:\Dineth\focus_binary_benchmark\dataset\tbf_imgs\unfocused\FieldPos030\FieldPos030_page_10.png,0,FieldPos030,,dataset
tbf_imgs,D:\Dineth\focus_binary_benchmark\dataset\tbf_imgs\unfocused\FieldPos030\FieldPos030_page_11.png,0,FieldPos030,,dataset
tbf_imgs,D:\Dineth\focus_binary_benchmark\dataset\tbf_imgs\unfocused\FieldPos030\FieldPos030_page_12.png,0,FieldPos030,,dataset
tbf_imgs,D:\Dineth\focus_binary_benchmark\dataset\tbf_imgs\unfocused\FieldPos030\FieldPos030_page_13.png,0,FieldPos030,,dataset
tbf_imgs,D:\Dineth\focus_binary_benchmark\dataset\tbf_imgs\unfocused\FieldPos030\FieldPos030_page_14.png,0,FieldPos030,,dataset
tbf_imgs,D:\Dineth\focus_binary_benchmark\dataset\tbf_imgs\unfocused\FieldPos030\FieldPos030_page_2.png,0,FieldPos030,,dataset
tbf_imgs,D:\Dineth\focus_binary_benchmark\dataset\tbf_imgs\unfocused\FieldPos030\FieldPos030_page_3.png,0,FieldPos030,,dataset
tbf_imgs,D:\Dineth\focus_binary_benchmark\dataset\tbf_imgs\unfocused\FieldPos030\FieldPos030_page_4.png,0,FieldPos030,,dataset
tbf_imgs,D:\Dineth\focus_binary_benchmark\dataset\tbf_imgs\unfocused\FieldPos030\FieldPos030_page_5.png,0,FieldPos030,,dataset
tbf_imgs,D:\Dineth\focus_binary_benchmark\dataset\tbf_imgs\unfocused\FieldPos030\FieldPos030_page_9.png,0,FieldPos030,,dataset
tbf_imgs,D:\Dineth\focus_binary_benchmark\dataset\tbf_imgs\unfocused\FieldPos031\FieldPos031_page_1.png,0,FieldPos031,,dataset
tbf_imgs,D:\Dineth\focus_binary_benchmark\dataset\tbf_imgs\unfocused\FieldPos031\FieldPos031_page_10.png,0,FieldPos031,,dataset
tbf_imgs,D:\Dineth\focus_binary_benchmark\dataset\tbf_imgs\unfocused\FieldPos031\FieldPos031_page_11.png,0,FieldPos031,,dataset
tbf_imgs,D:\Dineth\focus_binary_benchmark\dataset\tbf_imgs\unfocused\FieldPos031\FieldPos031_page_12.png,0,FieldPos031,,dataset
tbf_imgs,D:\Dineth\focus_binary_benchmark\dataset\tbf_imgs\unfocused\FieldPos031\FieldPos031_page_13.png,0,FieldPos031,,dataset
tbf_imgs,D:\Dineth\focus_binary_benchmark\dataset\tbf_imgs\unfocused\FieldPos031\FieldPos031_page_14.png,0,FieldPos031,,dataset
tbf_imgs,D:\Dineth\focus_binary_benchmark\dataset\tbf_imgs\unfocused\FieldPos031\FieldPos031_page_2.png,0,FieldPos031,,dataset
tbf_imgs,D:\Dineth\focus_binary_benchmark\dataset\tbf_imgs\unfocused\FieldPos031\FieldPos031_page_3.png,0,FieldPos031,,dataset
tbf_imgs,D:\Dineth\focus_binary_benchmark\dataset\tbf_imgs\unfocused\FieldPos031\FieldPos031_page_4.png,0,FieldPos031,,dataset
tbf_imgs,D:\Dineth\focus_binary_benchmark\dataset\tbf_imgs\unfocused\FieldPos031\FieldPos031_page_5.png,0,FieldPos031,,dataset
tbf_imgs,D:\Dineth\focus_binary_benchmark\dataset\tbf_imgs\unfocused\FieldPos031\FieldPos031_page_6.png,0,FieldPos031,,dataset
tbf_imgs,D:\Dineth\focus_binary_benchmark\dataset\tbf_imgs\unfocused\FieldPos032\FieldPos032_page_1.png,0,FieldPos032,,dataset
tbf_imgs,D:\Dineth\focus_binary_benchmark\dataset\tbf_imgs\unfocused\FieldPos032\FieldPos032_page_10.png,0,FieldPos032,,dataset
tbf_imgs,D:\Dineth\focus_binary_benchmark\dataset\tbf_imgs\unfocused\FieldPos032\FieldPos032_page_11.png,0,FieldPos032,,dataset
tbf_imgs,D:\Dineth\focus_binary_benchmark\dataset\tbf_imgs\unfocused\FieldPos032\FieldPos032_page_12.png,0,FieldPos032,,dataset
tbf_imgs,D:\Dineth\focus_binary_benchmark\dataset\tbf_imgs\unfocused\FieldPos032\FieldPos032_page_13.png,0,FieldPos032,,dataset
tbf_imgs,D:\Dineth\focus_binary_benchmark\dataset\tbf_imgs\unfocused\FieldPos032\FieldPos032_page_14.png,0,FieldPos032,,dataset
tbf_imgs,D:\Dineth\focus_binary_benchmark\dataset\tbf_imgs\unfocused\FieldPos032\FieldPos032_page_2.png,0,FieldPos032,,dataset
tbf_imgs,D:\Dineth\focus_binary_benchmark\dataset\tbf_imgs\unfocused\FieldPos032\FieldPos032_page_3.png,0,FieldPos032,,dataset
tbf_imgs,D:\Dineth\focus_binary_benchmark\dataset\tbf_imgs\unfocused\FieldPos032\FieldPos032_page_4.png,0,FieldPos032,,dataset
tbf_imgs,D:\Dineth\focus_binary_benchmark\dataset\tbf_imgs\unfocused\FieldPos032\FieldPos032_page_5.png,0,FieldPos032,,dataset
tbf_imgs,D:\Dineth\focus_binary_benchmark\dataset\tbf_imgs\unfocused\FieldPos032\FieldPos032_page_6.png,0,FieldPos032,,dataset
tbf_imgs,D:\Dineth\focus_binary_benchmark\dataset\tbf_imgs\unfocused\FieldPos033\FieldPos033_page_1.png,0,FieldPos033,,dataset
tbf_imgs,D:\Dineth\focus_binary_benchmark\dataset\tbf_imgs\unfocused\FieldPos033\FieldPos033_page_10.png,0,FieldPos033,,dataset
tbf_imgs,D:\Dineth\focus_binary_benchmark\dataset\tbf_imgs\unfocused\FieldPos033\FieldPos033_page_11.png,0,FieldPos033,,dataset
tbf_imgs,D:\Dineth\focus_binary_benchmark\dataset\tbf_imgs\unfocused\FieldPos033\FieldPos033_page_12.png,0,FieldPos033,,dataset
tbf_imgs,D:\Dineth\focus_binary_benchmark\dataset\tbf_imgs\unfocused\FieldPos033\FieldPos033_page_13.png,0,FieldPos033,,dataset
tbf_imgs,D:\Dineth\focus_binary_benchmark\dataset\tbf_imgs\unfocused\FieldPos033\FieldPos033_page_14.png,0,FieldPos033,,dataset
tbf_imgs,D:\Dineth\focus_binary_benchmark\dataset\tbf_imgs\unfocused\FieldPos033\FieldPos033_page_2.png,0,FieldPos033,,dataset
tbf_imgs,D:\Dineth\focus_binary_benchmark\dataset\tbf_imgs\unfocused\FieldPos033\FieldPos033_page_3.png,0,FieldPos033,,dataset
tbf_imgs,D:\Dineth\focus_binary_benchmark\dataset\tbf_imgs\unfocused\FieldPos033\FieldPos033_page_4.png,0,FieldPos033,,dataset
tbf_imgs,D:\Dineth\focus_binary_benchmark\dataset\tbf_imgs\unfocused\FieldPos033\FieldPos033_page_5.png,0,FieldPos033,,dataset
tbf_imgs,D:\Dineth\focus_binary_benchmark\dataset\tbf_imgs\unfocused\FieldPos033\FieldPos033_page_6.png,0,FieldPos033,,dataset
tbf_imgs,D:\Dineth\focus_binary_benchmark\dataset\tbf_imgs\unfocused\FieldPos033 (2)\FieldPos033 (2)_page_1.png,0,FieldPos033 (2),,dataset
tbf_imgs,D:\Dineth\focus_binary_benchmark\dataset\tbf_imgs\unfocused\FieldPos033 (2)\FieldPos033 (2)_page_10.png,0,FieldPos033 (2),,dataset
tbf_imgs,D:\Dineth\focus_binary_benchmark\dataset\tbf_imgs\unfocused\FieldPos033 (2)\FieldPos033 (2)_page_11.png,0,FieldPos033 (2),,dataset
tbf_imgs,D:\Dineth\focus_binary_benchmark\dataset\tbf_imgs\unfocused\FieldPos033 (2)\FieldPos033 (2)_page_12.png,0,FieldPos033 (2),,dataset
tbf_imgs,D:\Dineth\focus_binary_benchmark\dataset\tbf_imgs\unfocused\FieldPos033 (2)\FieldPos033 (2)_page_13.png,0,FieldPos033 (2),,dataset
tbf_imgs,D:\Dineth\focus_binary_benchmark\dataset\tbf_imgs\unfocused\FieldPos033 (2)\FieldPos033 (2)_page_14.png,0,FieldPos033 (2),,dataset
tbf_imgs,D:\Dineth\focus_binary_benchmark\dataset\tbf_imgs\unfocused\FieldPos033 (2)\FieldPos033 (2)_page_2.png,0,FieldPos033 (2),,dataset
tbf_imgs,D:\Dineth\focus_binary_benchmark\dataset\tbf_imgs\unfocused\FieldPos033 (2)\FieldPos033 (2)_page_3.png,0,FieldPos033 (2),,dataset
tbf_imgs,D:\Dineth\focus_binary_benchmark\dataset\tbf_imgs\unfocused\FieldPos033 (2)\FieldPos033 (2)_page_4.png,0,FieldPos033 (2),,dataset
tbf_imgs,D:\Dineth\focus_binary_benchmark\dataset\tbf_imgs\unfocused\FieldPos033 (2)\FieldPos033 (2)_page_5.png,0,FieldPos033 (2),,dataset
tbf_imgs,D:\Dineth\focus_binary_benchmark\dataset\tbf_imgs\unfocused\FieldPos033 (2)\FieldPos033 (2)_page_6.png,0,FieldPos033 (2),,dataset
tbf_imgs,D:\Dineth\focus_binary_benchmark\dataset\tbf_imgs\unfocused\FieldPos034\FieldPos034_page_1.png,0,FieldPos034,,dataset
tbf_imgs,D:\Dineth\focus_binary_benchmark\dataset\tbf_imgs\unfocused\FieldPos034\FieldPos034_page_10.png,0,FieldPos034,,dataset
tbf_imgs,D:\Dineth\focus_binary_benchmark\dataset\tbf_imgs\unfocused\FieldPos034\FieldPos034_page_11.png,0,FieldPos034,,dataset
tbf_imgs,D:\Dineth\focus_binary_benchmark\dataset\tbf_imgs\unfocused\FieldPos034\FieldPos034_page_12.png,0,FieldPos034,,dataset
tbf_imgs,D:\Dineth\focus_binary_benchmark\dataset\tbf_imgs\unfocused\FieldPos034\FieldPos034_page_13.png,0,FieldPos034,,dataset
tbf_imgs,D:\Dineth\focus_binary_benchmark\dataset\tbf_imgs\unfocused\FieldPos034\FieldPos034_page_14.png,0,FieldPos034,,dataset
tbf_imgs,D:\Dineth\focus_binary_benchmark\dataset\tbf_imgs\unfocused\FieldPos034\FieldPos034_page_2.png,0,FieldPos034,,dataset
tbf_imgs,D:\Dineth\focus_binary_benchmark\dataset\tbf_imgs\unfocused\FieldPos034\FieldPos034_page_3.png,0,FieldPos034,,dataset
tbf_imgs,D:\Dineth\focus_binary_benchmark\dataset\tbf_imgs\unfocused\FieldPos034\FieldPos034_page_4.png,0,FieldPos034,,dataset
tbf_imgs,D:\Dineth\focus_binary_benchmark\dataset\tbf_imgs\unfocused\FieldPos034\FieldPos034_page_5.png,0,FieldPos034,,dataset
tbf_imgs,D:\Dineth\focus_binary_benchmark\dataset\tbf_imgs\unfocused\FieldPos034\FieldPos034_page_6.png,0,FieldPos034,,dataset
tbf_imgs,D:\Dineth\focus_binary_benchmark\dataset\tbf_imgs\unfocused\FieldPos035\FieldPos035_page_1.png,0,FieldPos035,,dataset
tbf_imgs,D:\Dineth\focus_binary_benchmark\dataset\tbf_imgs\unfocused\FieldPos035\FieldPos035_page_10.png,0,FieldPos035,,dataset
tbf_imgs,D:\Dineth\focus_binary_benchmark\dataset\tbf_imgs\unfocused\FieldPos035\FieldPos035_page_11.png,0,FieldPos035,,dataset
tbf_imgs,D:\Dineth\focus_binary_benchmark\dataset\tbf_imgs\unfocused\FieldPos035\FieldPos035_page_12.png,0,FieldPos035,,dataset
tbf_imgs,D:\Dineth\focus_binary_benchmark\dataset\tbf_imgs\unfocused\FieldPos035\FieldPos035_page_13.png,0,FieldPos035,,dataset
tbf_imgs,D:\Dineth\focus_binary_benchmark\dataset\tbf_imgs\unfocused\FieldPos035\FieldPos035_page_14.png,0,FieldPos035,,dataset
tbf_imgs,D:\Dineth\focus_binary_benchmark\dataset\tbf_imgs\unfocused\FieldPos035\FieldPos035_page_2.png,0,FieldPos035,,dataset
tbf_imgs,D:\Dineth\focus_binary_benchmark\dataset\tbf_imgs\unfocused\FieldPos035\FieldPos035_page_3.png,0,FieldPos035,,dataset
tbf_imgs,D:\Dineth\focus_binary_benchmark\dataset\tbf_imgs\unfocused\FieldPos035\FieldPos035_page_4.png,0,FieldPos035,,dataset
tbf_imgs,D:\Dineth\focus_binary_benchmark\dataset\tbf_imgs\unfocused\FieldPos035\FieldPos035_page_5.png,0,FieldPos035,,dataset
tbf_imgs,D:\Dineth\focus_binary_benchmark\dataset\tbf_imgs\unfocused\FieldPos035\FieldPos035_page_6.png,0,FieldPos035,,dataset
tbf_imgs,D:\Dineth\focus_binary_benchmark\dataset\tbf_imgs\unfocused\FieldPos036\FieldPos036_page_1.png,0,FieldPos036,,dataset
tbf_imgs,D:\Dineth\focus_binary_benchmark\dataset\tbf_imgs\unfocused\FieldPos036\FieldPos036_page_10.png,0,FieldPos036,,dataset
tbf_imgs,D:\Dineth\focus_binary_benchmark\dataset\tbf_imgs\unfocused\FieldPos036\FieldPos036_page_11.png,0,FieldPos036,,dataset
tbf_imgs,D:\Dineth\focus_binary_benchmark\dataset\tbf_imgs\unfocused\FieldPos036\FieldPos036_page_12.png,0,FieldPos036,,dataset
tbf_imgs,D:\Dineth\focus_binary_benchmark\dataset\tbf_imgs\unfocused\FieldPos036\FieldPos036_page_13.png,0,FieldPos036,,dataset
tbf_imgs,D:\Dineth\focus_binary_benchmark\dataset\tbf_imgs\unfocused\FieldPos036\FieldPos036_page_14.png,0,FieldPos036,,dataset
tbf_imgs,D:\Dineth\focus_binary_benchmark\dataset\tbf_imgs\unfocused\FieldPos036\FieldPos036_page_2.png,0,FieldPos036,,dataset
tbf_imgs,D:\Dineth\focus_binary_benchmark\dataset\tbf_imgs\unfocused\FieldPos036\FieldPos036_page_3.png,0,FieldPos036,,dataset
tbf_imgs,D:\Dineth\focus_binary_benchmark\dataset\tbf_imgs\unfocused\FieldPos036\FieldPos036_page_4.png,0,FieldPos036,,dataset
tbf_imgs,D:\Dineth\focus_binary_benchmark\dataset\tbf_imgs\unfocused\FieldPos036\FieldPos036_page_5.png,0,FieldPos036,,dataset
tbf_imgs,D:\Dineth\focus_binary_benchmark\dataset\tbf_imgs\unfocused\FieldPos036\FieldPos036_page_6.png,0,FieldPos036,,dataset
tbf_imgs,D:\Dineth\focus_binary_benchmark\dataset\tbf_imgs\unfocused\FieldPos036 (2)\FieldPos036 (2)_page_1.png,0,FieldPos036 (2),,dataset
tbf_imgs,D:\Dineth\focus_binary_benchmark\dataset\tbf_imgs\unfocused\FieldPos036 (2)\FieldPos036 (2)_page_10.png,0,FieldPos036 (2),,dataset
tbf_imgs,D:\Dineth\focus_binary_benchmark\dataset\tbf_imgs\unfocused\FieldPos036 (2)\FieldPos036 (2)_page_11.png,0,FieldPos036 (2),,dataset
tbf_imgs,D:\Dineth\focus_binary_benchmark\dataset\tbf_imgs\unfocused\FieldPos036 (2)\FieldPos036 (2)_page_12.png,0,FieldPos036 (2),,dataset
tbf_imgs,D:\Dineth\focus_binary_benchmark\dataset\tbf_imgs\unfocused\FieldPos036 (2)\FieldPos036 (2)_page_13.png,0,FieldPos036 (2),,dataset
tbf_imgs,D:\Dineth\focus_binary_benchmark\dataset\tbf_imgs\unfocused\FieldPos036 (2)\FieldPos036 (2)_page_14.png,0,FieldPos036 (2),,dataset
tbf_imgs,D:\Dineth\focus_binary_benchmark\dataset\tbf_imgs\unfocused\FieldPos036 (2)\FieldPos036 (2)_page_2.png,0,FieldPos036 (2),,dataset
tbf_imgs,D:\Dineth\focus_binary_benchmark\dataset\tbf_imgs\unfocused\FieldPos036 (2)\FieldPos036 (2)_page_3.png,0,FieldPos036 (2),,dataset
tbf_imgs,D:\Dineth\focus_binary_benchmark\dataset\tbf_imgs\unfocused\FieldPos036 (2)\FieldPos036 (2)_page_4.png,0,FieldPos036 (2),,dataset
tbf_imgs,D:\Dineth\focus_binary_benchmark\dataset\tbf_imgs\unfocused\FieldPos036 (2)\FieldPos036 (2)_page_5.png,0,FieldPos036 (2),,dataset
tbf_imgs,D:\Dineth\focus_binary_benchmark\dataset\tbf_imgs\unfocused\FieldPos036 (2)\FieldPos036 (2)_page_6.png,0,FieldPos036 (2),,dataset
tbf_imgs,D:\Dineth\focus_binary_benchmark\dataset\tbf_imgs\unfocused\FieldPos037\FieldPos037_page_1.png,0,FieldPos037,,dataset
tbf_imgs,D:\Dineth\focus_binary_benchmark\dataset\tbf_imgs\unfocused\FieldPos037\FieldPos037_page_10.png,0,FieldPos037,,dataset
tbf_imgs,D:\Dineth\focus_binary_benchmark\dataset\tbf_imgs\unfocused\FieldPos037\FieldPos037_page_11.png,0,FieldPos037,,dataset
tbf_imgs,D:\Dineth\focus_binary_benchmark\dataset\tbf_imgs\unfocused\FieldPos037\FieldPos037_page_12.png,0,FieldPos037,,dataset
tbf_imgs,D:\Dineth\focus_binary_benchmark\dataset\tbf_imgs\unfocused\FieldPos037\FieldPos037_page_13.png,0,FieldPos037,,dataset
tbf_imgs,D:\Dineth\focus_binary_benchmark\dataset\tbf_imgs\unfocused\FieldPos037\FieldPos037_page_14.png,0,FieldPos037,,dataset
tbf_imgs,D:\Dineth\focus_binary_benchmark\dataset\tbf_imgs\unfocused\FieldPos037\FieldPos037_page_2.png,0,FieldPos037,,dataset
tbf_imgs,D:\Dineth\focus_binary_benchmark\dataset\tbf_imgs\unfocused\FieldPos037\FieldPos037_page_3.png,0,FieldPos037,,dataset
tbf_imgs,D:\Dineth\focus_binary_benchmark\dataset\tbf_imgs\unfocused\FieldPos037\FieldPos037_page_4.png,0,FieldPos037,,dataset
tbf_imgs,D:\Dineth\focus_binary_benchmark\dataset\tbf_imgs\unfocused\FieldPos037\FieldPos037_page_5.png,0,FieldPos037,,dataset
tbf_imgs,D:\Dineth\focus_binary_benchmark\dataset\tbf_imgs\unfocused\FieldPos037\FieldPos037_page_9.png,0,FieldPos037,,dataset
tbf_imgs,D:\Dineth\focus_binary_benchmark\dataset\tbf_imgs\unfocused\FieldPos038\FieldPos038_page_1.png,0,FieldPos038,,dataset
tbf_imgs,D:\Dineth\focus_binary_benchmark\dataset\tbf_imgs\unfocused\FieldPos038\FieldPos038_page_10.png,0,FieldPos038,,dataset
tbf_imgs,D:\Dineth\focus_binary_benchmark\dataset\tbf_imgs\unfocused\FieldPos038\FieldPos038_page_11.png,0,FieldPos038,,dataset
tbf_imgs,D:\Dineth\focus_binary_benchmark\dataset\tbf_imgs\unfocused\FieldPos038\FieldPos038_page_12.png,0,FieldPos038,,dataset
tbf_imgs,D:\Dineth\focus_binary_benchmark\dataset\tbf_imgs\unfocused\FieldPos038\FieldPos038_page_13.png,0,FieldPos038,,dataset
tbf_imgs,D:\Dineth\focus_binary_benchmark\dataset\tbf_imgs\unfocused\FieldPos038\FieldPos038_page_14.png,0,FieldPos038,,dataset
tbf_imgs,D:\Dineth\focus_binary_benchmark\dataset\tbf_imgs\unfocused\FieldPos038\FieldPos038_page_2.png,0,FieldPos038,,dataset
tbf_imgs,D:\Dineth\focus_binary_benchmark\dataset\tbf_imgs\unfocused\FieldPos038\FieldPos038_page_3.png,0,FieldPos038,,dataset
tbf_imgs,D:\Dineth\focus_binary_benchmark\dataset\tbf_imgs\unfocused\FieldPos038\FieldPos038_page_4.png,0,FieldPos038,,dataset
tbf_imgs,D:\Dineth\focus_binary_benchmark\dataset\tbf_imgs\unfocused\FieldPos038\FieldPos038_page_5.png,0,FieldPos038,,dataset
tbf_imgs,D:\Dineth\focus_binary_benchmark\dataset\tbf_imgs\unfocused\FieldPos038\FieldPos038_page_9.png,0,FieldPos038,,dataset
tbf_imgs,D:\Dineth\focus_binary_benchmark\dataset\tbf_imgs\unfocused\FieldPos038 (2)\FieldPos038 (2)_page_1.png,0,FieldPos038 (2),,dataset
tbf_imgs,D:\Dineth\focus_binary_benchmark\dataset\tbf_imgs\unfocused\FieldPos038 (2)\FieldPos038 (2)_page_10.png,0,FieldPos038 (2),,dataset
tbf_imgs,D:\Dineth\focus_binary_benchmark\dataset\tbf_imgs\unfocused\FieldPos038 (2)\FieldPos038 (2)_page_11.png,0,FieldPos038 (2),,dataset
tbf_imgs,D:\Dineth\focus_binary_benchmark\dataset\tbf_imgs\unfocused\FieldPos038 (2)\FieldPos038 (2)_page_12.png,0,FieldPos038 (2),,dataset
tbf_imgs,D:\Dineth\focus_binary_benchmark\dataset\tbf_imgs\unfocused\FieldPos038 (2)\FieldPos038 (2)_page_13.png,0,FieldPos038 (2),,dataset
tbf_imgs,D:\Dineth\focus_binary_benchmark\dataset\tbf_imgs\unfocused\FieldPos038 (2)\FieldPos038 (2)_page_14.png,0,FieldPos038 (2),,dataset
tbf_imgs,D:\Dineth\focus_binary_benchmark\dataset\tbf_imgs\unfocused\FieldPos038 (2)\FieldPos038 (2)_page_2.png,0,FieldPos038 (2),,dataset
tbf_imgs,D:\Dineth\focus_binary_benchmark\dataset\tbf_imgs\unfocused\FieldPos038 (2)\FieldPos038 (2)_page_3.png,0,FieldPos038 (2),,dataset
tbf_imgs,D:\Dineth\focus_binary_benchmark\dataset\tbf_imgs\unfocused\FieldPos038 (2)\FieldPos038 (2)_page_4.png,0,FieldPos038 (2),,dataset
tbf_imgs,D:\Dineth\focus_binary_benchmark\dataset\tbf_imgs\unfocused\FieldPos038 (2)\FieldPos038 (2)_page_5.png,0,FieldPos038 (2),,dataset
tbf_imgs,D:\Dineth\focus_binary_benchmark\dataset\tbf_imgs\unfocused\FieldPos038 (2)\FieldPos038 (2)_page_9.png,0,FieldPos038 (2),,dataset
tbf_imgs,D:\Dineth\focus_binary_benchmark\dataset\tbf_imgs\unfocused\FieldPos039\FieldPos039_page_1.png,0,FieldPos039,,dataset
tbf_imgs,D:\Dineth\focus_binary_benchmark\dataset\tbf_imgs\unfocused\FieldPos039\FieldPos039_page_10.png,0,FieldPos039,,dataset
tbf_imgs,D:\Dineth\focus_binary_benchmark\dataset\tbf_imgs\unfocused\FieldPos039\FieldPos039_page_11.png,0,FieldPos039,,dataset
tbf_imgs,D:\Dineth\focus_binary_benchmark\dataset\tbf_imgs\unfocused\FieldPos039\FieldPos039_page_12.png,0,FieldPos039,,dataset
tbf_imgs,D:\Dineth\focus_binary_benchmark\dataset\tbf_imgs\unfocused\FieldPos039\FieldPos039_page_13.png,0,FieldPos039,,dataset
tbf_imgs,D:\Dineth\focus_binary_benchmark\dataset\tbf_imgs\unfocused\FieldPos039\FieldPos039_page_14.png,0,FieldPos039,,dataset
tbf_imgs,D:\Dineth\focus_binary_benchmark\dataset\tbf_imgs\unfocused\FieldPos039\FieldPos039_page_2.png,0,FieldPos039,,dataset
tbf_imgs,D:\Dineth\focus_binary_benchmark\dataset\tbf_imgs\unfocused\FieldPos039\FieldPos039_page_3.png,0,FieldPos039,,dataset
tbf_imgs,D:\Dineth\focus_binary_benchmark\dataset\tbf_imgs\unfocused\FieldPos039\FieldPos039_page_4.png,0,FieldPos039,,dataset
tbf_imgs,D:\Dineth\focus_binary_benchmark\dataset\tbf_imgs\unfocused\FieldPos039\FieldPos039_page_8.png,0,FieldPos039,,dataset
tbf_imgs,D:\Dineth\focus_binary_benchmark\dataset\tbf_imgs\unfocused\FieldPos039\FieldPos039_page_9.png,0,FieldPos039,,dataset
tbf_imgs,D:\Dineth\focus_binary_benchmark\dataset\tbf_imgs\unfocused\FieldPos040\FieldPos040_page_1.png,0,FieldPos040,,dataset
tbf_imgs,D:\Dineth\focus_binary_benchmark\dataset\tbf_imgs\unfocused\FieldPos040\FieldPos040_page_10.png,0,FieldPos040,,dataset
tbf_imgs,D:\Dineth\focus_binary_benchmark\dataset\tbf_imgs\unfocused\FieldPos040\FieldPos040_page_11.png,0,FieldPos040,,dataset
tbf_imgs,D:\Dineth\focus_binary_benchmark\dataset\tbf_imgs\unfocused\FieldPos040\FieldPos040_page_12.png,0,FieldPos040,,dataset
tbf_imgs,D:\Dineth\focus_binary_benchmark\dataset\tbf_imgs\unfocused\FieldPos040\FieldPos040_page_13.png,0,FieldPos040,,dataset
tbf_imgs,D:\Dineth\focus_binary_benchmark\dataset\tbf_imgs\unfocused\FieldPos040\FieldPos040_page_14.png,0,FieldPos040,,dataset
tbf_imgs,D:\Dineth\focus_binary_benchmark\dataset\tbf_imgs\unfocused\FieldPos040\FieldPos040_page_2.png,0,FieldPos040,,dataset
tbf_imgs,D:\Dineth\focus_binary_benchmark\dataset\tbf_imgs\unfocused\FieldPos040\FieldPos040_page_3.png,0,FieldPos040,,dataset
tbf_imgs,D:\Dineth\focus_binary_benchmark\dataset\tbf_imgs\unfocused\FieldPos040\FieldPos040_page_4.png,0,FieldPos040,,dataset
tbf_imgs,D:\Dineth\focus_binary_benchmark\dataset\tbf_imgs\unfocused\FieldPos040\FieldPos040_page_5.png,0,FieldPos040,,dataset
tbf_imgs,D:\Dineth\focus_binary_benchmark\dataset\tbf_imgs\unfocused\FieldPos040\FieldPos040_page_9.png,0,FieldPos040,,dataset
tbf_imgs,D:\Dineth\focus_binary_benchmark\dataset\tbf_imgs\unfocused\FieldPos041\FieldPos041_page_1.png,0,FieldPos041,,dataset
tbf_imgs,D:\Dineth\focus_binary_benchmark\dataset\tbf_imgs\unfocused\FieldPos041\FieldPos041_page_10.png,0,FieldPos041,,dataset
tbf_imgs,D:\Dineth\focus_binary_benchmark\dataset\tbf_imgs\unfocused\FieldPos041\FieldPos041_page_11.png,0,FieldPos041,,dataset
tbf_imgs,D:\Dineth\focus_binary_benchmark\dataset\tbf_imgs\unfocused\FieldPos041\FieldPos041_page_12.png,0,FieldPos041,,dataset
tbf_imgs,D:\Dineth\focus_binary_benchmark\dataset\tbf_imgs\unfocused\FieldPos041\FieldPos041_page_13.png,0,FieldPos041,,dataset
tbf_imgs,D:\Dineth\focus_binary_benchmark\dataset\tbf_imgs\unfocused\FieldPos041\FieldPos041_page_14.png,0,FieldPos041,,dataset
tbf_imgs,D:\Dineth\focus_binary_benchmark\dataset\tbf_imgs\unfocused\FieldPos041\FieldPos041_page_2.png,0,FieldPos041,,dataset
tbf_imgs,D:\Dineth\focus_binary_benchmark\dataset\tbf_imgs\unfocused\FieldPos041\FieldPos041_page_3.png,0,FieldPos041,,dataset
tbf_imgs,D:\Dineth\focus_binary_benchmark\dataset\tbf_imgs\unfocused\FieldPos041\FieldPos041_page_4.png,0,FieldPos041,,dataset
tbf_imgs,D:\Dineth\focus_binary_benchmark\dataset\tbf_imgs\unfocused\FieldPos041\FieldPos041_page_5.png,0,FieldPos041,,dataset
tbf_imgs,D:\Dineth\focus_binary_benchmark\dataset\tbf_imgs\unfocused\FieldPos041\FieldPos041_page_9.png,0,FieldPos041,,dataset
tbf_imgs,D:\Dineth\focus_binary_benchmark\dataset\tbf_imgs\unfocused\FieldPos042\FieldPos042_page_1.png,0,FieldPos042,,dataset
tbf_imgs,D:\Dineth\focus_binary_benchmark\dataset\tbf_imgs\unfocused\FieldPos042\FieldPos042_page_10.png,0,FieldPos042,,dataset
tbf_imgs,D:\Dineth\focus_binary_benchmark\dataset\tbf_imgs\unfocused\FieldPos042\FieldPos042_page_11.png,0,FieldPos042,,dataset
tbf_imgs,D:\Dineth\focus_binary_benchmark\dataset\tbf_imgs\unfocused\FieldPos042\FieldPos042_page_12.png,0,FieldPos042,,dataset
tbf_imgs,D:\Dineth\focus_binary_benchmark\dataset\tbf_imgs\unfocused\FieldPos042\FieldPos042_page_13.png,0,FieldPos042,,dataset
tbf_imgs,D:\Dineth\focus_binary_benchmark\dataset\tbf_imgs\unfocused\FieldPos042\FieldPos042_page_14.png,0,FieldPos042,,dataset
tbf_imgs,D:\Dineth\focus_binary_benchmark\dataset\tbf_imgs\unfocused\FieldPos042\FieldPos042_page_2.png,0,FieldPos042,,dataset
tbf_imgs,D:\Dineth\focus_binary_benchmark\dataset\tbf_imgs\unfocused\FieldPos042\FieldPos042_page_3.png,0,FieldPos042,,dataset
tbf_imgs,D:\Dineth\focus_binary_benchmark\dataset\tbf_imgs\unfocused\FieldPos042\FieldPos042_page_4.png,0,FieldPos042,,dataset
tbf_imgs,D:\Dineth\focus_binary_benchmark\dataset\tbf_imgs\unfocused\FieldPos042\FieldPos042_page_5.png,0,FieldPos042,,dataset
tbf_imgs,D:\Dineth\focus_binary_benchmark\dataset\tbf_imgs\unfocused\FieldPos042\FieldPos042_page_6.png,0,FieldPos042,,dataset
tbf_imgs,D:\Dineth\focus_binary_benchmark\dataset\tbf_imgs\unfocused\FieldPos042 (2)\FieldPos042 (2)_page_1.png,0,FieldPos042 (2),,dataset
tbf_imgs,D:\Dineth\focus_binary_benchmark\dataset\tbf_imgs\unfocused\FieldPos042 (2)\FieldPos042 (2)_page_10.png,0,FieldPos042 (2),,dataset
tbf_imgs,D:\Dineth\focus_binary_benchmark\dataset\tbf_imgs\unfocused\FieldPos042 (2)\FieldPos042 (2)_page_11.png,0,FieldPos042 (2),,dataset
tbf_imgs,D:\Dineth\focus_binary_benchmark\dataset\tbf_imgs\unfocused\FieldPos042 (2)\FieldPos042 (2)_page_12.png,0,FieldPos042 (2),,dataset
tbf_imgs,D:\Dineth\focus_binary_benchmark\dataset\tbf_imgs\unfocused\FieldPos042 (2)\FieldPos042 (2)_page_13.png,0,FieldPos042 (2),,dataset
tbf_imgs,D:\Dineth\focus_binary_benchmark\dataset\tbf_imgs\unfocused\FieldPos042 (2)\FieldPos042 (2)_page_14.png,0,FieldPos042 (2),,dataset
tbf_imgs,D:\Dineth\focus_binary_benchmark\dataset\tbf_imgs\unfocused\FieldPos042 (2)\FieldPos042 (2)_page_2.png,0,FieldPos042 (2),,dataset
tbf_imgs,D:\Dineth\focus_binary_benchmark\dataset\tbf_imgs\unfocused\FieldPos042 (2)\FieldPos042 (2)_page_3.png,0,FieldPos042 (2),,dataset
tbf_imgs,D:\Dineth\focus_binary_benchmark\dataset\tbf_imgs\unfocused\FieldPos042 (2)\FieldPos042 (2)_page_4.png,0,FieldPos042 (2),,dataset
tbf_imgs,D:\Dineth\focus_binary_benchmark\dataset\tbf_imgs\unfocused\FieldPos042 (2)\FieldPos042 (2)_page_5.png,0,FieldPos042 (2),,dataset
tbf_imgs,D:\Dineth\focus_binary_benchmark\dataset\tbf_imgs\unfocused\FieldPos042 (2)\FieldPos042 (2)_page_6.png,0,FieldPos042 (2),,dataset
tbf_imgs,D:\Dineth\focus_binary_benchmark\dataset\tbf_imgs\unfocused\FieldPos043\FieldPos043_page_1.png,0,FieldPos043,,dataset
tbf_imgs,D:\Dineth\focus_binary_benchmark\dataset\tbf_imgs\unfocused\FieldPos043\FieldPos043_page_10.png,0,FieldPos043,,dataset
tbf_imgs,D:\Dineth\focus_binary_benchmark\dataset\tbf_imgs\unfocused\FieldPos043\FieldPos043_page_11.png,0,FieldPos043,,dataset
tbf_imgs,D:\Dineth\focus_binary_benchmark\dataset\tbf_imgs\unfocused\FieldPos043\FieldPos043_page_12.png,0,FieldPos043,,dataset
tbf_imgs,D:\Dineth\focus_binary_benchmark\dataset\tbf_imgs\unfocused\FieldPos043\FieldPos043_page_13.png,0,FieldPos043,,dataset
tbf_imgs,D:\Dineth\focus_binary_benchmark\dataset\tbf_imgs\unfocused\FieldPos043\FieldPos043_page_14.png,0,FieldPos043,,dataset
tbf_imgs,D:\Dineth\focus_binary_benchmark\dataset\tbf_imgs\unfocused\FieldPos043\FieldPos043_page_2.png,0,FieldPos043,,dataset
tbf_imgs,D:\Dineth\focus_binary_benchmark\dataset\tbf_imgs\unfocused\FieldPos043\FieldPos043_page_3.png,0,FieldPos043,,dataset
tbf_imgs,D:\Dineth\focus_binary_benchmark\dataset\tbf_imgs\unfocused\FieldPos043\FieldPos043_page_4.png,0,FieldPos043,,dataset
tbf_imgs,D:\Dineth\focus_binary_benchmark\dataset\tbf_imgs\unfocused\FieldPos043\FieldPos043_page_5.png,0,FieldPos043,,dataset
tbf_imgs,D:\Dineth\focus_binary_benchmark\dataset\tbf_imgs\unfocused\FieldPos043\FieldPos043_page_6.png,0,FieldPos043,,dataset
tbf_imgs,D:\Dineth\focus_binary_benchmark\dataset\tbf_imgs\unfocused\FieldPos043 (2)\FieldPos043 (2)_page_1.png,0,FieldPos043 (2),,dataset
tbf_imgs,D:\Dineth\focus_binary_benchmark\dataset\tbf_imgs\unfocused\FieldPos043 (2)\FieldPos043 (2)_page_10.png,0,FieldPos043 (2),,dataset
tbf_imgs,D:\Dineth\focus_binary_benchmark\dataset\tbf_imgs\unfocused\FieldPos043 (2)\FieldPos043 (2)_page_11.png,0,FieldPos043 (2),,dataset
tbf_imgs,D:\Dineth\focus_binary_benchmark\dataset\tbf_imgs\unfocused\FieldPos043 (2)\FieldPos043 (2)_page_12.png,0,FieldPos043 (2),,dataset
tbf_imgs,D:\Dineth\focus_binary_benchmark\dataset\tbf_imgs\unfocused\FieldPos043 (2)\FieldPos043 (2)_page_13.png,0,FieldPos043 (2),,dataset
tbf_imgs,D:\Dineth\focus_binary_benchmark\dataset\tbf_imgs\unfocused\FieldPos043 (2)\FieldPos043 (2)_page_14.png,0,FieldPos043 (2),,dataset
tbf_imgs,D:\Dineth\focus_binary_benchmark\dataset\tbf_imgs\unfocused\FieldPos043 (2)\FieldPos043 (2)_page_2.png,0,FieldPos043 (2),,dataset
tbf_imgs,D:\Dineth\focus_binary_benchmark\dataset\tbf_imgs\unfocused\FieldPos043 (2)\FieldPos043 (2)_page_3.png,0,FieldPos043 (2),,dataset
tbf_imgs,D:\Dineth\focus_binary_benchmark\dataset\tbf_imgs\unfocused\FieldPos043 (2)\FieldPos043 (2)_page_4.png,0,FieldPos043 (2),,dataset
tbf_imgs,D:\Dineth\focus_binary_benchmark\dataset\tbf_imgs\unfocused\FieldPos043 (2)\FieldPos043 (2)_page_5.png,0,FieldPos043 (2),,dataset
tbf_imgs,D:\Dineth\focus_binary_benchmark\dataset\tbf_imgs\unfocused\FieldPos043 (2)\FieldPos043 (2)_page_6.png,0,FieldPos043 (2),,dataset
tbf_imgs,D:\Dineth\focus_binary_benchmark\dataset\tbf_imgs\unfocused\FieldPos044\FieldPos044_page_1.png,0,FieldPos044,,dataset
tbf_imgs,D:\Dineth\focus_binary_benchmark\dataset\tbf_imgs\unfocused\FieldPos044\FieldPos044_page_10.png,0,FieldPos044,,dataset
tbf_imgs,D:\Dineth\focus_binary_benchmark\dataset\tbf_imgs\unfocused\FieldPos044\FieldPos044_page_11.png,0,FieldPos044,,dataset
tbf_imgs,D:\Dineth\focus_binary_benchmark\dataset\tbf_imgs\unfocused\FieldPos044\FieldPos044_page_12.png,0,FieldPos044,,dataset
tbf_imgs,D:\Dineth\focus_binary_benchmark\dataset\tbf_imgs\unfocused\FieldPos044\FieldPos044_page_13.png,0,FieldPos044,,dataset
tbf_imgs,D:\Dineth\focus_binary_benchmark\dataset\tbf_imgs\unfocused\FieldPos044\FieldPos044_page_14.png,0,FieldPos044,,dataset
tbf_imgs,D:\Dineth\focus_binary_benchmark\dataset\tbf_imgs\unfocused\FieldPos044\FieldPos044_page_2.png,0,FieldPos044,,dataset
tbf_imgs,D:\Dineth\focus_binary_benchmark\dataset\tbf_imgs\unfocused\FieldPos044\FieldPos044_page_3.png,0,FieldPos044,,dataset
tbf_imgs,D:\Dineth\focus_binary_benchmark\dataset\tbf_imgs\unfocused\FieldPos044\FieldPos044_page_4.png,0,FieldPos044,,dataset
tbf_imgs,D:\Dineth\focus_binary_benchmark\dataset\tbf_imgs\unfocused\FieldPos044\FieldPos044_page_5.png,0,FieldPos044,,dataset
tbf_imgs,D:\Dineth\focus_binary_benchmark\dataset\tbf_imgs\unfocused\FieldPos044\FieldPos044_page_6.png,0,FieldPos044,,dataset
tbf_imgs,D:\Dineth\focus_binary_benchmark\dataset\tbf_imgs\unfocused\FieldPos045\FieldPos045_page_1.png,0,FieldPos045,,dataset
tbf_imgs,D:\Dineth\focus_binary_benchmark\dataset\tbf_imgs\unfocused\FieldPos045\FieldPos045_page_10.png,0,FieldPos045,,dataset
tbf_imgs,D:\Dineth\focus_binary_benchmark\dataset\tbf_imgs\unfocused\FieldPos045\FieldPos045_page_11.png,0,FieldPos045,,dataset
tbf_imgs,D:\Dineth\focus_binary_benchmark\dataset\tbf_imgs\unfocused\FieldPos045\FieldPos045_page_12.png,0,FieldPos045,,dataset
tbf_imgs,D:\Dineth\focus_binary_benchmark\dataset\tbf_imgs\unfocused\FieldPos045\FieldPos045_page_13.png,0,FieldPos045,,dataset
tbf_imgs,D:\Dineth\focus_binary_benchmark\dataset\tbf_imgs\unfocused\FieldPos045\FieldPos045_page_14.png,0,FieldPos045,,dataset
tbf_imgs,D:\Dineth\focus_binary_benchmark\dataset\tbf_imgs\unfocused\FieldPos045\FieldPos045_page_2.png,0,FieldPos045,,dataset
tbf_imgs,D:\Dineth\focus_binary_benchmark\dataset\tbf_imgs\unfocused\FieldPos045\FieldPos045_page_3.png,0,FieldPos045,,dataset
tbf_imgs,D:\Dineth\focus_binary_benchmark\dataset\tbf_imgs\unfocused\FieldPos045\FieldPos045_page_4.png,0,FieldPos045,,dataset
tbf_imgs,D:\Dineth\focus_binary_benchmark\dataset\tbf_imgs\unfocused\FieldPos045\FieldPos045_page_5.png,0,FieldPos045,,dataset
tbf_imgs,D:\Dineth\focus_binary_benchmark\dataset\tbf_imgs\unfocused\FieldPos045\FieldPos045_page_6.png,0,FieldPos045,,dataset
tbf_imgs,D:\Dineth\focus_binary_benchmark\dataset\tbf_imgs\unfocused\FieldPos046\FieldPos046_page_1.png,0,FieldPos046,,dataset
tbf_imgs,D:\Dineth\focus_binary_benchmark\dataset\tbf_imgs\unfocused\FieldPos046\FieldPos046_page_10.png,0,FieldPos046,,dataset
tbf_imgs,D:\Dineth\focus_binary_benchmark\dataset\tbf_imgs\unfocused\FieldPos046\FieldPos046_page_11.png,0,FieldPos046,,dataset
tbf_imgs,D:\Dineth\focus_binary_benchmark\dataset\tbf_imgs\unfocused\FieldPos046\FieldPos046_page_12.png,0,FieldPos046,,dataset
tbf_imgs,D:\Dineth\focus_binary_benchmark\dataset\tbf_imgs\unfocused\FieldPos046\FieldPos046_page_13.png,0,FieldPos046,,dataset
tbf_imgs,D:\Dineth\focus_binary_benchmark\dataset\tbf_imgs\unfocused\FieldPos046\FieldPos046_page_14.png,0,FieldPos046,,dataset
tbf_imgs,D:\Dineth\focus_binary_benchmark\dataset\tbf_imgs\unfocused\FieldPos046\FieldPos046_page_2.png,0,FieldPos046,,dataset
tbf_imgs,D:\Dineth\focus_binary_benchmark\dataset\tbf_imgs\unfocused\FieldPos046\FieldPos046_page_3.png,0,FieldPos046,,dataset
tbf_imgs,D:\Dineth\focus_binary_benchmark\dataset\tbf_imgs\unfocused\FieldPos046\FieldPos046_page_4.png,0,FieldPos046,,dataset
tbf_imgs,D:\Dineth\focus_binary_benchmark\dataset\tbf_imgs\unfocused\FieldPos046\FieldPos046_page_5.png,0,FieldPos046,,dataset
tbf_imgs,D:\Dineth\focus_binary_benchmark\dataset\tbf_imgs\unfocused\FieldPos046\FieldPos046_page_6.png,0,FieldPos046,,dataset
tbf_imgs,D:\Dineth\focus_binary_benchmark\dataset\tbf_imgs\unfocused\FieldPos046 (2)\FieldPos046 (2)_page_1.png,0,FieldPos046 (2),,dataset
tbf_imgs,D:\Dineth\focus_binary_benchmark\dataset\tbf_imgs\unfocused\FieldPos046 (2)\FieldPos046 (2)_page_10.png,0,FieldPos046 (2),,dataset
tbf_imgs,D:\Dineth\focus_binary_benchmark\dataset\tbf_imgs\unfocused\FieldPos046 (2)\FieldPos046 (2)_page_11.png,0,FieldPos046 (2),,dataset
tbf_imgs,D:\Dineth\focus_binary_benchmark\dataset\tbf_imgs\unfocused\FieldPos046 (2)\FieldPos046 (2)_page_12.png,0,FieldPos046 (2),,dataset
tbf_imgs,D:\Dineth\focus_binary_benchmark\dataset\tbf_imgs\unfocused\FieldPos046 (2)\FieldPos046 (2)_page_13.png,0,FieldPos046 (2),,dataset
tbf_imgs,D:\Dineth\focus_binary_benchmark\dataset\tbf_imgs\unfocused\FieldPos046 (2)\FieldPos046 (2)_page_14.png,0,FieldPos046 (2),,dataset
tbf_imgs,D:\Dineth\focus_binary_benchmark\dataset\tbf_imgs\unfocused\FieldPos046 (2)\FieldPos046 (2)_page_2.png,0,FieldPos046 (2),,dataset
tbf_imgs,D:\Dineth\focus_binary_benchmark\dataset\tbf_imgs\unfocused\FieldPos046 (2)\FieldPos046 (2)_page_3.png,0,FieldPos046 (2),,dataset
tbf_imgs,D:\Dineth\focus_binary_benchmark\dataset\tbf_imgs\unfocused\FieldPos046 (2)\FieldPos046 (2)_page_4.png,0,FieldPos046 (2),,dataset
tbf_imgs,D:\Dineth\focus_binary_benchmark\dataset\tbf_imgs\unfocused\FieldPos046 (2)\FieldPos046 (2)_page_5.png,0,FieldPos046 (2),,dataset
tbf_imgs,D:\Dineth\focus_binary_benchmark\dataset\tbf_imgs\unfocused\FieldPos046 (2)\FieldPos046 (2)_page_6.png,0,FieldPos046 (2),,dataset
tbf_imgs,D:\Dineth\focus_binary_benchmark\dataset\tbf_imgs\unfocused\FieldPos047\FieldPos047_page_1.png,0,FieldPos047,,dataset
tbf_imgs,D:\Dineth\focus_binary_benchmark\dataset\tbf_imgs\unfocused\FieldPos047\FieldPos047_page_10.png,0,FieldPos047,,dataset
tbf_imgs,D:\Dineth\focus_binary_benchmark\dataset\tbf_imgs\unfocused\FieldPos047\FieldPos047_page_11.png,0,FieldPos047,,dataset
tbf_imgs,D:\Dineth\focus_binary_benchmark\dataset\tbf_imgs\unfocused\FieldPos047\FieldPos047_page_12.png,0,FieldPos047,,dataset
tbf_imgs,D:\Dineth\focus_binary_benchmark\dataset\tbf_imgs\unfocused\FieldPos047\FieldPos047_page_13.png,0,FieldPos047,,dataset
tbf_imgs,D:\Dineth\focus_binary_benchmark\dataset\tbf_imgs\unfocused\FieldPos047\FieldPos047_page_14.png,0,FieldPos047,,dataset
tbf_imgs,D:\Dineth\focus_binary_benchmark\dataset\tbf_imgs\unfocused\FieldPos047\FieldPos047_page_2.png,0,FieldPos047,,dataset
tbf_imgs,D:\Dineth\focus_binary_benchmark\dataset\tbf_imgs\unfocused\FieldPos047\FieldPos047_page_3.png,0,FieldPos047,,dataset
tbf_imgs,D:\Dineth\focus_binary_benchmark\dataset\tbf_imgs\unfocused\FieldPos047\FieldPos047_page_4.png,0,FieldPos047,,dataset
tbf_imgs,D:\Dineth\focus_binary_benchmark\dataset\tbf_imgs\unfocused\FieldPos047\FieldPos047_page_5.png,0,FieldPos047,,dataset
tbf_imgs,D:\Dineth\focus_binary_benchmark\dataset\tbf_imgs\unfocused\FieldPos047\FieldPos047_page_6.png,0,FieldPos047,,dataset
tbf_imgs,D:\Dineth\focus_binary_benchmark\dataset\tbf_imgs\unfocused\FieldPos047 (2)\FieldPos047 (2)_page_1.png,0,FieldPos047 (2),,dataset
tbf_imgs,D:\Dineth\focus_binary_benchmark\dataset\tbf_imgs\unfocused\FieldPos047 (2)\FieldPos047 (2)_page_10.png,0,FieldPos047 (2),,dataset
tbf_imgs,D:\Dineth\focus_binary_benchmark\dataset\tbf_imgs\unfocused\FieldPos047 (2)\FieldPos047 (2)_page_11.png,0,FieldPos047 (2),,dataset
tbf_imgs,D:\Dineth\focus_binary_benchmark\dataset\tbf_imgs\unfocused\FieldPos047 (2)\FieldPos047 (2)_page_12.png,0,FieldPos047 (2),,dataset
tbf_imgs,D:\Dineth\focus_binary_benchmark\dataset\tbf_imgs\unfocused\FieldPos047 (2)\FieldPos047 (2)_page_13.png,0,FieldPos047 (2),,dataset
tbf_imgs,D:\Dineth\focus_binary_benchmark\dataset\tbf_imgs\unfocused\FieldPos047 (2)\FieldPos047 (2)_page_14.png,0,FieldPos047 (2),,dataset
tbf_imgs,D:\Dineth\focus_binary_benchmark\dataset\tbf_imgs\unfocused\FieldPos047 (2)\FieldPos047 (2)_page_2.png,0,FieldPos047 (2),,dataset
tbf_imgs,D:\Dineth\focus_binary_benchmark\dataset\tbf_imgs\unfocused\FieldPos047 (2)\FieldPos047 (2)_page_3.png,0,FieldPos047 (2),,dataset
tbf_imgs,D:\Dineth\focus_binary_benchmark\dataset\tbf_imgs\unfocused\FieldPos047 (2)\FieldPos047 (2)_page_4.png,0,FieldPos047 (2),,dataset
tbf_imgs,D:\Dineth\focus_binary_benchmark\dataset\tbf_imgs\unfocused\FieldPos047 (2)\FieldPos047 (2)_page_5.png,0,FieldPos047 (2),,dataset
tbf_imgs,D:\Dineth\focus_binary_benchmark\dataset\tbf_imgs\unfocused\FieldPos047 (2)\FieldPos047 (2)_page_6.png,0,FieldPos047 (2),,dataset
tbf_imgs,D:\Dineth\focus_binary_benchmark\dataset\tbf_imgs\unfocused\FieldPos048\FieldPos048_page_1.png,0,FieldPos048,,dataset
tbf_imgs,D:\Dineth\focus_binary_benchmark\dataset\tbf_imgs\unfocused\FieldPos048\FieldPos048_page_10.png,0,FieldPos048,,dataset
tbf_imgs,D:\Dineth\focus_binary_benchmark\dataset\tbf_imgs\unfocused\FieldPos048\FieldPos048_page_11.png,0,FieldPos048,,dataset
tbf_imgs,D:\Dineth\focus_binary_benchmark\dataset\tbf_imgs\unfocused\FieldPos048\FieldPos048_page_12.png,0,FieldPos048,,dataset
tbf_imgs,D:\Dineth\focus_binary_benchmark\dataset\tbf_imgs\unfocused\FieldPos048\FieldPos048_page_13.png,0,FieldPos048,,dataset
tbf_imgs,D:\Dineth\focus_binary_benchmark\dataset\tbf_imgs\unfocused\FieldPos048\FieldPos048_page_14.png,0,FieldPos048,,dataset
tbf_imgs,D:\Dineth\focus_binary_benchmark\dataset\tbf_imgs\unfocused\FieldPos048\FieldPos048_page_2.png,0,FieldPos048,,dataset
tbf_imgs,D:\Dineth\focus_binary_benchmark\dataset\tbf_imgs\unfocused\FieldPos048\FieldPos048_page_3.png,0,FieldPos048,,dataset
tbf_imgs,D:\Dineth\focus_binary_benchmark\dataset\tbf_imgs\unfocused\FieldPos048\FieldPos048_page_4.png,0,FieldPos048,,dataset
tbf_imgs,D:\Dineth\focus_binary_benchmark\dataset\tbf_imgs\unfocused\FieldPos048\FieldPos048_page_5.png,0,FieldPos048,,dataset
tbf_imgs,D:\Dineth\focus_binary_benchmark\dataset\tbf_imgs\unfocused\FieldPos048\FieldPos048_page_6.png,0,FieldPos048,,dataset
tbf_imgs,D:\Dineth\focus_binary_benchmark\dataset\tbf_imgs\unfocused\FieldPos049\FieldPos049_page_1.png,0,FieldPos049,,dataset
tbf_imgs,D:\Dineth\focus_binary_benchmark\dataset\tbf_imgs\unfocused\FieldPos049\FieldPos049_page_10.png,0,FieldPos049,,dataset
tbf_imgs,D:\Dineth\focus_binary_benchmark\dataset\tbf_imgs\unfocused\FieldPos049\FieldPos049_page_11.png,0,FieldPos049,,dataset
tbf_imgs,D:\Dineth\focus_binary_benchmark\dataset\tbf_imgs\unfocused\FieldPos049\FieldPos049_page_12.png,0,FieldPos049,,dataset
tbf_imgs,D:\Dineth\focus_binary_benchmark\dataset\tbf_imgs\unfocused\FieldPos049\FieldPos049_page_13.png,0,FieldPos049,,dataset
tbf_imgs,D:\Dineth\focus_binary_benchmark\dataset\tbf_imgs\unfocused\FieldPos049\FieldPos049_page_14.png,0,FieldPos049,,dataset
tbf_imgs,D:\Dineth\focus_binary_benchmark\dataset\tbf_imgs\unfocused\FieldPos049\FieldPos049_page_2.png,0,FieldPos049,,dataset
tbf_imgs,D:\Dineth\focus_binary_benchmark\dataset\tbf_imgs\unfocused\FieldPos049\FieldPos049_page_3.png,0,FieldPos049,,dataset
tbf_imgs,D:\Dineth\focus_binary_benchmark\dataset\tbf_imgs\unfocused\FieldPos049\FieldPos049_page_4.png,0,FieldPos049,,dataset
tbf_imgs,D:\Dineth\focus_binary_benchmark\dataset\tbf_imgs\unfocused\FieldPos049\FieldPos049_page_5.png,0,FieldPos049,,dataset
tbf_imgs,D:\Dineth\focus_binary_benchmark\dataset\tbf_imgs\unfocused\FieldPos049\FieldPos049_page_6.png,0,FieldPos049,,dataset
tbf_imgs,D:\Dineth\focus_binary_benchmark\dataset\tbf_imgs\unfocused\FieldPos050\FieldPos050_page_1.png,0,FieldPos050,,dataset
tbf_imgs,D:\Dineth\focus_binary_benchmark\dataset\tbf_imgs\unfocused\FieldPos050\FieldPos050_page_10.png,0,FieldPos050,,dataset
tbf_imgs,D:\Dineth\focus_binary_benchmark\dataset\tbf_imgs\unfocused\FieldPos050\FieldPos050_page_11.png,0,FieldPos050,,dataset
tbf_imgs,D:\Dineth\focus_binary_benchmark\dataset\tbf_imgs\unfocused\FieldPos050\FieldPos050_page_12.png,0,FieldPos050,,dataset
tbf_imgs,D:\Dineth\focus_binary_benchmark\dataset\tbf_imgs\unfocused\FieldPos050\FieldPos050_page_13.png,0,FieldPos050,,dataset
tbf_imgs,D:\Dineth\focus_binary_benchmark\dataset\tbf_imgs\unfocused\FieldPos050\FieldPos050_page_14.png,0,FieldPos050,,dataset
tbf_imgs,D:\Dineth\focus_binary_benchmark\dataset\tbf_imgs\unfocused\FieldPos050\FieldPos050_page_2.png,0,FieldPos050,,dataset
tbf_imgs,D:\Dineth\focus_binary_benchmark\dataset\tbf_imgs\unfocused\FieldPos050\FieldPos050_page_3.png,0,FieldPos050,,dataset
tbf_imgs,D:\Dineth\focus_binary_benchmark\dataset\tbf_imgs\unfocused\FieldPos050\FieldPos050_page_4.png,0,FieldPos050,,dataset
tbf_imgs,D:\Dineth\focus_binary_benchmark\dataset\tbf_imgs\unfocused\FieldPos050\FieldPos050_page_5.png,0,FieldPos050,,dataset
tbf_imgs,D:\Dineth\focus_binary_benchmark\dataset\tbf_imgs\unfocused\FieldPos050\FieldPos050_page_9.png,0,FieldPos050,,dataset
tbf_imgs,D:\Dineth\focus_binary_benchmark\dataset\tbf_imgs\unfocused\FieldPos051\FieldPos051_page_1.png,0,FieldPos051,,dataset
tbf_imgs,D:\Dineth\focus_binary_benchmark\dataset\tbf_imgs\unfocused\FieldPos051\FieldPos051_page_10.png,0,FieldPos051,,dataset
tbf_imgs,D:\Dineth\focus_binary_benchmark\dataset\tbf_imgs\unfocused\FieldPos051\FieldPos051_page_11.png,0,FieldPos051,,dataset
tbf_imgs,D:\Dineth\focus_binary_benchmark\dataset\tbf_imgs\unfocused\FieldPos051\FieldPos051_page_12.png,0,FieldPos051,,dataset
tbf_imgs,D:\Dineth\focus_binary_benchmark\dataset\tbf_imgs\unfocused\FieldPos051\FieldPos051_page_13.png,0,FieldPos051,,dataset
tbf_imgs,D:\Dineth\focus_binary_benchmark\dataset\tbf_imgs\unfocused\FieldPos051\FieldPos051_page_14.png,0,FieldPos051,,dataset
tbf_imgs,D:\Dineth\focus_binary_benchmark\dataset\tbf_imgs\unfocused\FieldPos051\FieldPos051_page_2.png,0,FieldPos051,,dataset
tbf_imgs,D:\Dineth\focus_binary_benchmark\dataset\tbf_imgs\unfocused\FieldPos051\FieldPos051_page_3.png,0,FieldPos051,,dataset
tbf_imgs,D:\Dineth\focus_binary_benchmark\dataset\tbf_imgs\unfocused\FieldPos051\FieldPos051_page_4.png,0,FieldPos051,,dataset
tbf_imgs,D:\Dineth\focus_binary_benchmark\dataset\tbf_imgs\unfocused\FieldPos051\FieldPos051_page_8.png,0,FieldPos051,,dataset
tbf_imgs,D:\Dineth\focus_binary_benchmark\dataset\tbf_imgs\unfocused\FieldPos051\FieldPos051_page_9.png,0,FieldPos051,,dataset
tbf_imgs,D:\Dineth\focus_binary_benchmark\dataset\tbf_imgs\unfocused\FieldPos052\FieldPos052_page_1.png,0,FieldPos052,,dataset
tbf_imgs,D:\Dineth\focus_binary_benchmark\dataset\tbf_imgs\unfocused\FieldPos052\FieldPos052_page_10.png,0,FieldPos052,,dataset
tbf_imgs,D:\Dineth\focus_binary_benchmark\dataset\tbf_imgs\unfocused\FieldPos052\FieldPos052_page_11.png,0,FieldPos052,,dataset
tbf_imgs,D:\Dineth\focus_binary_benchmark\dataset\tbf_imgs\unfocused\FieldPos052\FieldPos052_page_12.png,0,FieldPos052,,dataset
tbf_imgs,D:\Dineth\focus_binary_benchmark\dataset\tbf_imgs\unfocused\FieldPos052\FieldPos052_page_13.png,0,FieldPos052,,dataset
tbf_imgs,D:\Dineth\focus_binary_benchmark\dataset\tbf_imgs\unfocused\FieldPos052\FieldPos052_page_14.png,0,FieldPos052,,dataset
tbf_imgs,D:\Dineth\focus_binary_benchmark\dataset\tbf_imgs\unfocused\FieldPos052\FieldPos052_page_2.png,0,FieldPos052,,dataset
tbf_imgs,D:\Dineth\focus_binary_benchmark\dataset\tbf_imgs\unfocused\FieldPos052\FieldPos052_page_3.png,0,FieldPos052,,dataset
tbf_imgs,D:\Dineth\focus_binary_benchmark\dataset\tbf_imgs\unfocused\FieldPos052\FieldPos052_page_4.png,0,FieldPos052,,dataset
tbf_imgs,D:\Dineth\focus_binary_benchmark\dataset\tbf_imgs\unfocused\FieldPos052\FieldPos052_page_8.png,0,FieldPos052,,dataset
tbf_imgs,D:\Dineth\focus_binary_benchmark\dataset\tbf_imgs\unfocused\FieldPos052\FieldPos052_page_9.png,0,FieldPos052,,dataset
tbf_imgs,D:\Dineth\focus_binary_benchmark\dataset\tbf_imgs\unfocused\FieldPos052 (2)\FieldPos052 (2)_page_1.png,0,FieldPos052 (2),,dataset
tbf_imgs,D:\Dineth\focus_binary_benchmark\dataset\tbf_imgs\unfocused\FieldPos052 (2)\FieldPos052 (2)_page_10.png,0,FieldPos052 (2),,dataset
tbf_imgs,D:\Dineth\focus_binary_benchmark\dataset\tbf_imgs\unfocused\FieldPos052 (2)\FieldPos052 (2)_page_11.png,0,FieldPos052 (2),,dataset
tbf_imgs,D:\Dineth\focus_binary_benchmark\dataset\tbf_imgs\unfocused\FieldPos052 (2)\FieldPos052 (2)_page_12.png,0,FieldPos052 (2),,dataset
tbf_imgs,D:\Dineth\focus_binary_benchmark\dataset\tbf_imgs\unfocused\FieldPos052 (2)\FieldPos052 (2)_page_13.png,0,FieldPos052 (2),,dataset
tbf_imgs,D:\Dineth\focus_binary_benchmark\dataset\tbf_imgs\unfocused\FieldPos052 (2)\FieldPos052 (2)_page_14.png,0,FieldPos052 (2),,dataset
tbf_imgs,D:\Dineth\focus_binary_benchmark\dataset\tbf_imgs\unfocused\FieldPos052 (2)\FieldPos052 (2)_page_2.png,0,FieldPos052 (2),,dataset
tbf_imgs,D:\Dineth\focus_binary_benchmark\dataset\tbf_imgs\unfocused\FieldPos052 (2)\FieldPos052 (2)_page_3.png,0,FieldPos052 (2),,dataset
tbf_imgs,D:\Dineth\focus_binary_benchmark\dataset\tbf_imgs\unfocused\FieldPos052 (2)\FieldPos052 (2)_page_4.png,0,FieldPos052 (2),,dataset
tbf_imgs,D:\Dineth\focus_binary_benchmark\dataset\tbf_imgs\unfocused\FieldPos052 (2)\FieldPos052 (2)_page_8.png,0,FieldPos052 (2),,dataset
tbf_imgs,D:\Dineth\focus_binary_benchmark\dataset\tbf_imgs\unfocused\FieldPos052 (2)\FieldPos052 (2)_page_9.png,0,FieldPos052 (2),,dataset
tbf_imgs,D:\Dineth\focus_binary_benchmark\dataset\tbf_imgs\unfocused\FieldPos053\FieldPos053_page_1.png,0,FieldPos053,,dataset
tbf_imgs,D:\Dineth\focus_binary_benchmark\dataset\tbf_imgs\unfocused\FieldPos053\FieldPos053_page_10.png,0,FieldPos053,,dataset
tbf_imgs,D:\Dineth\focus_binary_benchmark\dataset\tbf_imgs\unfocused\FieldPos053\FieldPos053_page_11.png,0,FieldPos053,,dataset
tbf_imgs,D:\Dineth\focus_binary_benchmark\dataset\tbf_imgs\unfocused\FieldPos053\FieldPos053_page_12.png,0,FieldPos053,,dataset
tbf_imgs,D:\Dineth\focus_binary_benchmark\dataset\tbf_imgs\unfocused\FieldPos053\FieldPos053_page_13.png,0,FieldPos053,,dataset
tbf_imgs,D:\Dineth\focus_binary_benchmark\dataset\tbf_imgs\unfocused\FieldPos053\FieldPos053_page_14.png,0,FieldPos053,,dataset
tbf_imgs,D:\Dineth\focus_binary_benchmark\dataset\tbf_imgs\unfocused\FieldPos053\FieldPos053_page_2.png,0,FieldPos053,,dataset
tbf_imgs,D:\Dineth\focus_binary_benchmark\dataset\tbf_imgs\unfocused\FieldPos053\FieldPos053_page_3.png,0,FieldPos053,,dataset
tbf_imgs,D:\Dineth\focus_binary_benchmark\dataset\tbf_imgs\unfocused\FieldPos053\FieldPos053_page_4.png,0,FieldPos053,,dataset
tbf_imgs,D:\Dineth\focus_binary_benchmark\dataset\tbf_imgs\unfocused\FieldPos053\FieldPos053_page_5.png,0,FieldPos053,,dataset
tbf_imgs,D:\Dineth\focus_binary_benchmark\dataset\tbf_imgs\unfocused\FieldPos053\FieldPos053_page_9.png,0,FieldPos053,,dataset
tbf_imgs,D:\Dineth\focus_binary_benchmark\dataset\tbf_imgs\unfocused\FieldPos054\FieldPos054_page_1.png,0,FieldPos054,,dataset
tbf_imgs,D:\Dineth\focus_binary_benchmark\dataset\tbf_imgs\unfocused\FieldPos054\FieldPos054_page_10.png,0,FieldPos054,,dataset
tbf_imgs,D:\Dineth\focus_binary_benchmark\dataset\tbf_imgs\unfocused\FieldPos054\FieldPos054_page_11.png,0,FieldPos054,,dataset
tbf_imgs,D:\Dineth\focus_binary_benchmark\dataset\tbf_imgs\unfocused\FieldPos054\FieldPos054_page_12.png,0,FieldPos054,,dataset
tbf_imgs,D:\Dineth\focus_binary_benchmark\dataset\tbf_imgs\unfocused\FieldPos054\FieldPos054_page_13.png,0,FieldPos054,,dataset
tbf_imgs,D:\Dineth\focus_binary_benchmark\dataset\tbf_imgs\unfocused\FieldPos054\FieldPos054_page_14.png,0,FieldPos054,,dataset
tbf_imgs,D:\Dineth\focus_binary_benchmark\dataset\tbf_imgs\unfocused\FieldPos054\FieldPos054_page_2.png,0,FieldPos054,,dataset
tbf_imgs,D:\Dineth\focus_binary_benchmark\dataset\tbf_imgs\unfocused\FieldPos054\FieldPos054_page_3.png,0,FieldPos054,,dataset
tbf_imgs,D:\Dineth\focus_binary_benchmark\dataset\tbf_imgs\unfocused\FieldPos054\FieldPos054_page_4.png,0,FieldPos054,,dataset
tbf_imgs,D:\Dineth\focus_binary_benchmark\dataset\tbf_imgs\unfocused\FieldPos054\FieldPos054_page_5.png,0,FieldPos054,,dataset
tbf_imgs,D:\Dineth\focus_binary_benchmark\dataset\tbf_imgs\unfocused\FieldPos054\FieldPos054_page_9.png,0,FieldPos054,,dataset
tbf_imgs,D:\Dineth\focus_binary_benchmark\dataset\tbf_imgs\unfocused\FieldPos055\FieldPos055_page_1.png,0,FieldPos055,,dataset
tbf_imgs,D:\Dineth\focus_binary_benchmark\dataset\tbf_imgs\unfocused\FieldPos055\FieldPos055_page_10.png,0,FieldPos055,,dataset
tbf_imgs,D:\Dineth\focus_binary_benchmark\dataset\tbf_imgs\unfocused\FieldPos055\FieldPos055_page_11.png,0,FieldPos055,,dataset
tbf_imgs,D:\Dineth\focus_binary_benchmark\dataset\tbf_imgs\unfocused\FieldPos055\FieldPos055_page_12.png,0,FieldPos055,,dataset
tbf_imgs,D:\Dineth\focus_binary_benchmark\dataset\tbf_imgs\unfocused\FieldPos055\FieldPos055_page_13.png,0,FieldPos055,,dataset
tbf_imgs,D:\Dineth\focus_binary_benchmark\dataset\tbf_imgs\unfocused\FieldPos055\FieldPos055_page_14.png,0,FieldPos055,,dataset
tbf_imgs,D:\Dineth\focus_binary_benchmark\dataset\tbf_imgs\unfocused\FieldPos055\FieldPos055_page_2.png,0,FieldPos055,,dataset
tbf_imgs,D:\Dineth\focus_binary_benchmark\dataset\tbf_imgs\unfocused\FieldPos055\FieldPos055_page_3.png,0,FieldPos055,,dataset
tbf_imgs,D:\Dineth\focus_binary_benchmark\dataset\tbf_imgs\unfocused\FieldPos055\FieldPos055_page_4.png,0,FieldPos055,,dataset
tbf_imgs,D:\Dineth\focus_binary_benchmark\dataset\tbf_imgs\unfocused\FieldPos055\FieldPos055_page_5.png,0,FieldPos055,,dataset
tbf_imgs,D:\Dineth\focus_binary_benchmark\dataset\tbf_imgs\unfocused\FieldPos055\FieldPos055_page_6.png,0,FieldPos055,,dataset
tbf_imgs,D:\Dineth\focus_binary_benchmark\dataset\tbf_imgs\unfocused\FieldPos055 (2)\FieldPos055 (2)_page_1.png,0,FieldPos055 (2),,dataset
tbf_imgs,D:\Dineth\focus_binary_benchmark\dataset\tbf_imgs\unfocused\FieldPos055 (2)\FieldPos055 (2)_page_10.png,0,FieldPos055 (2),,dataset
tbf_imgs,D:\Dineth\focus_binary_benchmark\dataset\tbf_imgs\unfocused\FieldPos055 (2)\FieldPos055 (2)_page_11.png,0,FieldPos055 (2),,dataset
tbf_imgs,D:\Dineth\focus_binary_benchmark\dataset\tbf_imgs\unfocused\FieldPos055 (2)\FieldPos055 (2)_page_12.png,0,FieldPos055 (2),,dataset
tbf_imgs,D:\Dineth\focus_binary_benchmark\dataset\tbf_imgs\unfocused\FieldPos055 (2)\FieldPos055 (2)_page_13.png,0,FieldPos055 (2),,dataset
tbf_imgs,D:\Dineth\focus_binary_benchmark\dataset\tbf_imgs\unfocused\FieldPos055 (2)\FieldPos055 (2)_page_14.png,0,FieldPos055 (2),,dataset
tbf_imgs,D:\Dineth\focus_binary_benchmark\dataset\tbf_imgs\unfocused\FieldPos055 (2)\FieldPos055 (2)_page_2.png,0,FieldPos055 (2),,dataset
tbf_imgs,D:\Dineth\focus_binary_benchmark\dataset\tbf_imgs\unfocused\FieldPos055 (2)\FieldPos055 (2)_page_3.png,0,FieldPos055 (2),,dataset
tbf_imgs,D:\Dineth\focus_binary_benchmark\dataset\tbf_imgs\unfocused\FieldPos055 (2)\FieldPos055 (2)_page_4.png,0,FieldPos055 (2),,dataset
tbf_imgs,D:\Dineth\focus_binary_benchmark\dataset\tbf_imgs\unfocused\FieldPos055 (2)\FieldPos055 (2)_page_5.png,0,FieldPos055 (2),,dataset
tbf_imgs,D:\Dineth\focus_binary_benchmark\dataset\tbf_imgs\unfocused\FieldPos055 (2)\FieldPos055 (2)_page_6.png,0,FieldPos055 (2),,dataset
tbf_imgs,D:\Dineth\focus_binary_benchmark\dataset\tbf_imgs\unfocused\FieldPos056\FieldPos056_page_1.png,0,FieldPos056,,dataset
tbf_imgs,D:\Dineth\focus_binary_benchmark\dataset\tbf_imgs\unfocused\FieldPos056\FieldPos056_page_10.png,0,FieldPos056,,dataset
tbf_imgs,D:\Dineth\focus_binary_benchmark\dataset\tbf_imgs\unfocused\FieldPos056\FieldPos056_page_11.png,0,FieldPos056,,dataset
tbf_imgs,D:\Dineth\focus_binary_benchmark\dataset\tbf_imgs\unfocused\FieldPos056\FieldPos056_page_12.png,0,FieldPos056,,dataset
tbf_imgs,D:\Dineth\focus_binary_benchmark\dataset\tbf_imgs\unfocused\FieldPos056\FieldPos056_page_13.png,0,FieldPos056,,dataset
tbf_imgs,D:\Dineth\focus_binary_benchmark\dataset\tbf_imgs\unfocused\FieldPos056\FieldPos056_page_14.png,0,FieldPos056,,dataset
tbf_imgs,D:\Dineth\focus_binary_benchmark\dataset\tbf_imgs\unfocused\FieldPos056\FieldPos056_page_2.png,0,FieldPos056,,dataset
tbf_imgs,D:\Dineth\focus_binary_benchmark\dataset\tbf_imgs\unfocused\FieldPos056\FieldPos056_page_3.png,0,FieldPos056,,dataset
tbf_imgs,D:\Dineth\focus_binary_benchmark\dataset\tbf_imgs\unfocused\FieldPos056\FieldPos056_page_4.png,0,FieldPos056,,dataset
tbf_imgs,D:\Dineth\focus_binary_benchmark\dataset\tbf_imgs\unfocused\FieldPos056\FieldPos056_page_5.png,0,FieldPos056,,dataset
tbf_imgs,D:\Dineth\focus_binary_benchmark\dataset\tbf_imgs\unfocused\FieldPos056\FieldPos056_page_6.png,0,FieldPos056,,dataset
tbf_imgs,D:\Dineth\focus_binary_benchmark\dataset\tbf_imgs\unfocused\FieldPos057\FieldPos057_page_1.png,0,FieldPos057,,dataset
tbf_imgs,D:\Dineth\focus_binary_benchmark\dataset\tbf_imgs\unfocused\FieldPos057\FieldPos057_page_10.png,0,FieldPos057,,dataset
tbf_imgs,D:\Dineth\focus_binary_benchmark\dataset\tbf_imgs\unfocused\FieldPos057\FieldPos057_page_11.png,0,FieldPos057,,dataset
tbf_imgs,D:\Dineth\focus_binary_benchmark\dataset\tbf_imgs\unfocused\FieldPos057\FieldPos057_page_12.png,0,FieldPos057,,dataset
tbf_imgs,D:\Dineth\focus_binary_benchmark\dataset\tbf_imgs\unfocused\FieldPos057\FieldPos057_page_13.png,0,FieldPos057,,dataset
tbf_imgs,D:\Dineth\focus_binary_benchmark\dataset\tbf_imgs\unfocused\FieldPos057\FieldPos057_page_14.png,0,FieldPos057,,dataset
tbf_imgs,D:\Dineth\focus_binary_benchmark\dataset\tbf_imgs\unfocused\FieldPos057\FieldPos057_page_2.png,0,FieldPos057,,dataset
tbf_imgs,D:\Dineth\focus_binary_benchmark\dataset\tbf_imgs\unfocused\FieldPos057\FieldPos057_page_3.png,0,FieldPos057,,dataset
tbf_imgs,D:\Dineth\focus_binary_benchmark\dataset\tbf_imgs\unfocused\FieldPos057\FieldPos057_page_4.png,0,FieldPos057,,dataset
tbf_imgs,D:\Dineth\focus_binary_benchmark\dataset\tbf_imgs\unfocused\FieldPos057\FieldPos057_page_8.png,0,FieldPos057,,dataset
tbf_imgs,D:\Dineth\focus_binary_benchmark\dataset\tbf_imgs\unfocused\FieldPos057\FieldPos057_page_9.png,0,FieldPos057,,dataset
tbf_imgs,D:\Dineth\focus_binary_benchmark\dataset\tbf_imgs\unfocused\FieldPos058\FieldPos058_page_1.png,0,FieldPos058,,dataset
tbf_imgs,D:\Dineth\focus_binary_benchmark\dataset\tbf_imgs\unfocused\FieldPos058\FieldPos058_page_10.png,0,FieldPos058,,dataset
tbf_imgs,D:\Dineth\focus_binary_benchmark\dataset\tbf_imgs\unfocused\FieldPos058\FieldPos058_page_11.png,0,FieldPos058,,dataset
tbf_imgs,D:\Dineth\focus_binary_benchmark\dataset\tbf_imgs\unfocused\FieldPos058\FieldPos058_page_12.png,0,FieldPos058,,dataset
tbf_imgs,D:\Dineth\focus_binary_benchmark\dataset\tbf_imgs\unfocused\FieldPos058\FieldPos058_page_13.png,0,FieldPos058,,dataset
tbf_imgs,D:\Dineth\focus_binary_benchmark\dataset\tbf_imgs\unfocused\FieldPos058\FieldPos058_page_14.png,0,FieldPos058,,dataset
tbf_imgs,D:\Dineth\focus_binary_benchmark\dataset\tbf_imgs\unfocused\FieldPos058\FieldPos058_page_2.png,0,FieldPos058,,dataset
tbf_imgs,D:\Dineth\focus_binary_benchmark\dataset\tbf_imgs\unfocused\FieldPos058\FieldPos058_page_3.png,0,FieldPos058,,dataset
tbf_imgs,D:\Dineth\focus_binary_benchmark\dataset\tbf_imgs\unfocused\FieldPos058\FieldPos058_page_4.png,0,FieldPos058,,dataset
tbf_imgs,D:\Dineth\focus_binary_benchmark\dataset\tbf_imgs\unfocused\FieldPos058\FieldPos058_page_8.png,0,FieldPos058,,dataset
tbf_imgs,D:\Dineth\focus_binary_benchmark\dataset\tbf_imgs\unfocused\FieldPos058\FieldPos058_page_9.png,0,FieldPos058,,dataset
tbf_imgs,D:\Dineth\focus_binary_benchmark\dataset\tbf_imgs\unfocused\FieldPos059\FieldPos059_page_1.png,0,FieldPos059,,dataset
tbf_imgs,D:\Dineth\focus_binary_benchmark\dataset\tbf_imgs\unfocused\FieldPos059\FieldPos059_page_10.png,0,FieldPos059,,dataset
tbf_imgs,D:\Dineth\focus_binary_benchmark\dataset\tbf_imgs\unfocused\FieldPos059\FieldPos059_page_11.png,0,FieldPos059,,dataset
tbf_imgs,D:\Dineth\focus_binary_benchmark\dataset\tbf_imgs\unfocused\FieldPos059\FieldPos059_page_12.png,0,FieldPos059,,dataset
tbf_imgs,D:\Dineth\focus_binary_benchmark\dataset\tbf_imgs\unfocused\FieldPos059\FieldPos059_page_13.png,0,FieldPos059,,dataset
tbf_imgs,D:\Dineth\focus_binary_benchmark\dataset\tbf_imgs\unfocused\FieldPos059\FieldPos059_page_14.png,0,FieldPos059,,dataset
tbf_imgs,D:\Dineth\focus_binary_benchmark\dataset\tbf_imgs\unfocused\FieldPos059\FieldPos059_page_2.png,0,FieldPos059,,dataset
tbf_imgs,D:\Dineth\focus_binary_benchmark\dataset\tbf_imgs\unfocused\FieldPos059\FieldPos059_page_3.png,0,FieldPos059,,dataset
tbf_imgs,D:\Dineth\focus_binary_benchmark\dataset\tbf_imgs\unfocused\FieldPos059\FieldPos059_page_4.png,0,FieldPos059,,dataset
tbf_imgs,D:\Dineth\focus_binary_benchmark\dataset\tbf_imgs\unfocused\FieldPos059\FieldPos059_page_8.png,0,FieldPos059,,dataset
tbf_imgs,D:\Dineth\focus_binary_benchmark\dataset\tbf_imgs\unfocused\FieldPos059\FieldPos059_page_9.png,0,FieldPos059,,dataset
tbf_imgs,D:\Dineth\focus_binary_benchmark\dataset\tbf_imgs\unfocused\FieldPos060\FieldPos060_page_1.png,0,FieldPos060,,dataset
tbf_imgs,D:\Dineth\focus_binary_benchmark\dataset\tbf_imgs\unfocused\FieldPos060\FieldPos060_page_10.png,0,FieldPos060,,dataset
tbf_imgs,D:\Dineth\focus_binary_benchmark\dataset\tbf_imgs\unfocused\FieldPos060\FieldPos060_page_11.png,0,FieldPos060,,dataset
tbf_imgs,D:\Dineth\focus_binary_benchmark\dataset\tbf_imgs\unfocused\FieldPos060\FieldPos060_page_12.png,0,FieldPos060,,dataset
tbf_imgs,D:\Dineth\focus_binary_benchmark\dataset\tbf_imgs\unfocused\FieldPos060\FieldPos060_page_13.png,0,FieldPos060,,dataset
tbf_imgs,D:\Dineth\focus_binary_benchmark\dataset\tbf_imgs\unfocused\FieldPos060\FieldPos060_page_14.png,0,FieldPos060,,dataset
tbf_imgs,D:\Dineth\focus_binary_benchmark\dataset\tbf_imgs\unfocused\FieldPos060\FieldPos060_page_2.png,0,FieldPos060,,dataset
tbf_imgs,D:\Dineth\focus_binary_benchmark\dataset\tbf_imgs\unfocused\FieldPos060\FieldPos060_page_3.png,0,FieldPos060,,dataset
tbf_imgs,D:\Dineth\focus_binary_benchmark\dataset\tbf_imgs\unfocused\FieldPos060\FieldPos060_page_4.png,0,FieldPos060,,dataset
tbf_imgs,D:\Dineth\focus_binary_benchmark\dataset\tbf_imgs\unfocused\FieldPos060\FieldPos060_page_5.png,0,FieldPos060,,dataset
tbf_imgs,D:\Dineth\focus_binary_benchmark\dataset\tbf_imgs\unfocused\FieldPos060\FieldPos060_page_9.png,0,FieldPos060,,dataset
tbf_imgs,D:\Dineth\focus_binary_benchmark\dataset\tbf_imgs\unfocused\FieldPos061\FieldPos061_page_1.png,0,FieldPos061,,dataset
tbf_imgs,D:\Dineth\focus_binary_benchmark\dataset\tbf_imgs\unfocused\FieldPos061\FieldPos061_page_10.png,0,FieldPos061,,dataset
tbf_imgs,D:\Dineth\focus_binary_benchmark\dataset\tbf_imgs\unfocused\FieldPos061\FieldPos061_page_11.png,0,FieldPos061,,dataset
tbf_imgs,D:\Dineth\focus_binary_benchmark\dataset\tbf_imgs\unfocused\FieldPos061\FieldPos061_page_12.png,0,FieldPos061,,dataset
tbf_imgs,D:\Dineth\focus_binary_benchmark\dataset\tbf_imgs\unfocused\FieldPos061\FieldPos061_page_13.png,0,FieldPos061,,dataset
tbf_imgs,D:\Dineth\focus_binary_benchmark\dataset\tbf_imgs\unfocused\FieldPos061\FieldPos061_page_14.png,0,FieldPos061,,dataset
tbf_imgs,D:\Dineth\focus_binary_benchmark\dataset\tbf_imgs\unfocused\FieldPos061\FieldPos061_page_2.png,0,FieldPos061,,dataset
tbf_imgs,D:\Dineth\focus_binary_benchmark\dataset\tbf_imgs\unfocused\FieldPos061\FieldPos061_page_3.png,0,FieldPos061,,dataset
tbf_imgs,D:\Dineth\focus_binary_benchmark\dataset\tbf_imgs\unfocused\FieldPos061\FieldPos061_page_4.png,0,FieldPos061,,dataset
tbf_imgs,D:\Dineth\focus_binary_benchmark\dataset\tbf_imgs\unfocused\FieldPos061\FieldPos061_page_5.png,0,FieldPos061,,dataset
tbf_imgs,D:\Dineth\focus_binary_benchmark\dataset\tbf_imgs\unfocused\FieldPos061\FieldPos061_page_6.png,0,FieldPos061,,dataset
tbf_imgs,D:\Dineth\focus_binary_benchmark\dataset\tbf_imgs\unfocused\FieldPos062\FieldPos062_page_1.png,0,FieldPos062,,dataset
tbf_imgs,D:\Dineth\focus_binary_benchmark\dataset\tbf_imgs\unfocused\FieldPos062\FieldPos062_page_10.png,0,FieldPos062,,dataset
tbf_imgs,D:\Dineth\focus_binary_benchmark\dataset\tbf_imgs\unfocused\FieldPos062\FieldPos062_page_11.png,0,FieldPos062,,dataset
tbf_imgs,D:\Dineth\focus_binary_benchmark\dataset\tbf_imgs\unfocused\FieldPos062\FieldPos062_page_12.png,0,FieldPos062,,dataset
tbf_imgs,D:\Dineth\focus_binary_benchmark\dataset\tbf_imgs\unfocused\FieldPos062\FieldPos062_page_13.png,0,FieldPos062,,dataset
tbf_imgs,D:\Dineth\focus_binary_benchmark\dataset\tbf_imgs\unfocused\FieldPos062\FieldPos062_page_14.png,0,FieldPos062,,dataset
tbf_imgs,D:\Dineth\focus_binary_benchmark\dataset\tbf_imgs\unfocused\FieldPos062\FieldPos062_page_2.png,0,FieldPos062,,dataset
tbf_imgs,D:\Dineth\focus_binary_benchmark\dataset\tbf_imgs\unfocused\FieldPos062\FieldPos062_page_3.png,0,FieldPos062,,dataset
tbf_imgs,D:\Dineth\focus_binary_benchmark\dataset\tbf_imgs\unfocused\FieldPos062\FieldPos062_page_4.png,0,FieldPos062,,dataset
tbf_imgs,D:\Dineth\focus_binary_benchmark\dataset\tbf_imgs\unfocused\FieldPos062\FieldPos062_page_5.png,0,FieldPos062,,dataset
tbf_imgs,D:\Dineth\focus_binary_benchmark\dataset\tbf_imgs\unfocused\FieldPos062\FieldPos062_page_6.png,0,FieldPos062,,dataset
tbf_imgs,D:\Dineth\focus_binary_benchmark\dataset\tbf_imgs\unfocused\FieldPos062 (2)\FieldPos062 (2)_page_1.png,0,FieldPos062 (2),,dataset
tbf_imgs,D:\Dineth\focus_binary_benchmark\dataset\tbf_imgs\unfocused\FieldPos062 (2)\FieldPos062 (2)_page_10.png,0,FieldPos062 (2),,dataset
tbf_imgs,D:\Dineth\focus_binary_benchmark\dataset\tbf_imgs\unfocused\FieldPos062 (2)\FieldPos062 (2)_page_11.png,0,FieldPos062 (2),,dataset
tbf_imgs,D:\Dineth\focus_binary_benchmark\dataset\tbf_imgs\unfocused\FieldPos062 (2)\FieldPos062 (2)_page_12.png,0,FieldPos062 (2),,dataset
tbf_imgs,D:\Dineth\focus_binary_benchmark\dataset\tbf_imgs\unfocused\FieldPos062 (2)\FieldPos062 (2)_page_13.png,0,FieldPos062 (2),,dataset
tbf_imgs,D:\Dineth\focus_binary_benchmark\dataset\tbf_imgs\unfocused\FieldPos062 (2)\FieldPos062 (2)_page_14.png,0,FieldPos062 (2),,dataset
tbf_imgs,D:\Dineth\focus_binary_benchmark\dataset\tbf_imgs\unfocused\FieldPos062 (2)\FieldPos062 (2)_page_2.png,0,FieldPos062 (2),,dataset
tbf_imgs,D:\Dineth\focus_binary_benchmark\dataset\tbf_imgs\unfocused\FieldPos062 (2)\FieldPos062 (2)_page_3.png,0,FieldPos062 (2),,dataset
tbf_imgs,D:\Dineth\focus_binary_benchmark\dataset\tbf_imgs\unfocused\FieldPos062 (2)\FieldPos062 (2)_page_4.png,0,FieldPos062 (2),,dataset
tbf_imgs,D:\Dineth\focus_binary_benchmark\dataset\tbf_imgs\unfocused\FieldPos062 (2)\FieldPos062 (2)_page_5.png,0,FieldPos062 (2),,dataset
tbf_imgs,D:\Dineth\focus_binary_benchmark\dataset\tbf_imgs\unfocused\FieldPos062 (2)\FieldPos062 (2)_page_6.png,0,FieldPos062 (2),,dataset
tbf_imgs,D:\Dineth\focus_binary_benchmark\dataset\tbf_imgs\unfocused\FieldPos063\FieldPos063_page_1.png,0,FieldPos063,,dataset
tbf_imgs,D:\Dineth\focus_binary_benchmark\dataset\tbf_imgs\unfocused\FieldPos063\FieldPos063_page_10.png,0,FieldPos063,,dataset
tbf_imgs,D:\Dineth\focus_binary_benchmark\dataset\tbf_imgs\unfocused\FieldPos063\FieldPos063_page_11.png,0,FieldPos063,,dataset
tbf_imgs,D:\Dineth\focus_binary_benchmark\dataset\tbf_imgs\unfocused\FieldPos063\FieldPos063_page_12.png,0,FieldPos063,,dataset
tbf_imgs,D:\Dineth\focus_binary_benchmark\dataset\tbf_imgs\unfocused\FieldPos063\FieldPos063_page_13.png,0,FieldPos063,,dataset
tbf_imgs,D:\Dineth\focus_binary_benchmark\dataset\tbf_imgs\unfocused\FieldPos063\FieldPos063_page_14.png,0,FieldPos063,,dataset
tbf_imgs,D:\Dineth\focus_binary_benchmark\dataset\tbf_imgs\unfocused\FieldPos063\FieldPos063_page_2.png,0,FieldPos063,,dataset
tbf_imgs,D:\Dineth\focus_binary_benchmark\dataset\tbf_imgs\unfocused\FieldPos063\FieldPos063_page_3.png,0,FieldPos063,,dataset
tbf_imgs,D:\Dineth\focus_binary_benchmark\dataset\tbf_imgs\unfocused\FieldPos063\FieldPos063_page_4.png,0,FieldPos063,,dataset
tbf_imgs,D:\Dineth\focus_binary_benchmark\dataset\tbf_imgs\unfocused\FieldPos063\FieldPos063_page_5.png,0,FieldPos063,,dataset
tbf_imgs,D:\Dineth\focus_binary_benchmark\dataset\tbf_imgs\unfocused\FieldPos063\FieldPos063_page_6.png,0,FieldPos063,,dataset
tbf_imgs,D:\Dineth\focus_binary_benchmark\dataset\tbf_imgs\unfocused\FieldPos064\FieldPos064_page_1.png,0,FieldPos064,,dataset
tbf_imgs,D:\Dineth\focus_binary_benchmark\dataset\tbf_imgs\unfocused\FieldPos064\FieldPos064_page_10.png,0,FieldPos064,,dataset
tbf_imgs,D:\Dineth\focus_binary_benchmark\dataset\tbf_imgs\unfocused\FieldPos064\FieldPos064_page_11.png,0,FieldPos064,,dataset
tbf_imgs,D:\Dineth\focus_binary_benchmark\dataset\tbf_imgs\unfocused\FieldPos064\FieldPos064_page_12.png,0,FieldPos064,,dataset
tbf_imgs,D:\Dineth\focus_binary_benchmark\dataset\tbf_imgs\unfocused\FieldPos064\FieldPos064_page_13.png,0,FieldPos064,,dataset
tbf_imgs,D:\Dineth\focus_binary_benchmark\dataset\tbf_imgs\unfocused\FieldPos064\FieldPos064_page_14.png,0,FieldPos064,,dataset
tbf_imgs,D:\Dineth\focus_binary_benchmark\dataset\tbf_imgs\unfocused\FieldPos064\FieldPos064_page_2.png,0,FieldPos064,,dataset
tbf_imgs,D:\Dineth\focus_binary_benchmark\dataset\tbf_imgs\unfocused\FieldPos064\FieldPos064_page_3.png,0,FieldPos064,,dataset
tbf_imgs,D:\Dineth\focus_binary_benchmark\dataset\tbf_imgs\unfocused\FieldPos064\FieldPos064_page_4.png,0,FieldPos064,,dataset
tbf_imgs,D:\Dineth\focus_binary_benchmark\dataset\tbf_imgs\unfocused\FieldPos064\FieldPos064_page_8.png,0,FieldPos064,,dataset
tbf_imgs,D:\Dineth\focus_binary_benchmark\dataset\tbf_imgs\unfocused\FieldPos064\FieldPos064_page_9.png,0,FieldPos064,,dataset
tbf_imgs,D:\Dineth\focus_binary_benchmark\dataset\tbf_imgs\unfocused\FieldPos065\FieldPos065_page_1.png,0,FieldPos065,,dataset
tbf_imgs,D:\Dineth\focus_binary_benchmark\dataset\tbf_imgs\unfocused\FieldPos065\FieldPos065_page_10.png,0,FieldPos065,,dataset
tbf_imgs,D:\Dineth\focus_binary_benchmark\dataset\tbf_imgs\unfocused\FieldPos065\FieldPos065_page_11.png,0,FieldPos065,,dataset
tbf_imgs,D:\Dineth\focus_binary_benchmark\dataset\tbf_imgs\unfocused\FieldPos065\FieldPos065_page_12.png,0,FieldPos065,,dataset
tbf_imgs,D:\Dineth\focus_binary_benchmark\dataset\tbf_imgs\unfocused\FieldPos065\FieldPos065_page_13.png,0,FieldPos065,,dataset
tbf_imgs,D:\Dineth\focus_binary_benchmark\dataset\tbf_imgs\unfocused\FieldPos065\FieldPos065_page_14.png,0,FieldPos065,,dataset
tbf_imgs,D:\Dineth\focus_binary_benchmark\dataset\tbf_imgs\unfocused\FieldPos065\FieldPos065_page_2.png,0,FieldPos065,,dataset
tbf_imgs,D:\Dineth\focus_binary_benchmark\dataset\tbf_imgs\unfocused\FieldPos065\FieldPos065_page_3.png,0,FieldPos065,,dataset
tbf_imgs,D:\Dineth\focus_binary_benchmark\dataset\tbf_imgs\unfocused\FieldPos065\FieldPos065_page_4.png,0,FieldPos065,,dataset
tbf_imgs,D:\Dineth\focus_binary_benchmark\dataset\tbf_imgs\unfocused\FieldPos065\FieldPos065_page_8.png,0,FieldPos065,,dataset
tbf_imgs,D:\Dineth\focus_binary_benchmark\dataset\tbf_imgs\unfocused\FieldPos065\FieldPos065_page_9.png,0,FieldPos065,,dataset
tbf_imgs,D:\Dineth\focus_binary_benchmark\dataset\tbf_imgs\unfocused\FieldPos066\FieldPos066_page_1.png,0,FieldPos066,,dataset
tbf_imgs,D:\Dineth\focus_binary_benchmark\dataset\tbf_imgs\unfocused\FieldPos066\FieldPos066_page_10.png,0,FieldPos066,,dataset
tbf_imgs,D:\Dineth\focus_binary_benchmark\dataset\tbf_imgs\unfocused\FieldPos066\FieldPos066_page_11.png,0,FieldPos066,,dataset
tbf_imgs,D:\Dineth\focus_binary_benchmark\dataset\tbf_imgs\unfocused\FieldPos066\FieldPos066_page_12.png,0,FieldPos066,,dataset
tbf_imgs,D:\Dineth\focus_binary_benchmark\dataset\tbf_imgs\unfocused\FieldPos066\FieldPos066_page_13.png,0,FieldPos066,,dataset
tbf_imgs,D:\Dineth\focus_binary_benchmark\dataset\tbf_imgs\unfocused\FieldPos066\FieldPos066_page_14.png,0,FieldPos066,,dataset
tbf_imgs,D:\Dineth\focus_binary_benchmark\dataset\tbf_imgs\unfocused\FieldPos066\FieldPos066_page_2.png,0,FieldPos066,,dataset
tbf_imgs,D:\Dineth\focus_binary_benchmark\dataset\tbf_imgs\unfocused\FieldPos066\FieldPos066_page_3.png,0,FieldPos066,,dataset
tbf_imgs,D:\Dineth\focus_binary_benchmark\dataset\tbf_imgs\unfocused\FieldPos066\FieldPos066_page_4.png,0,FieldPos066,,dataset
tbf_imgs,D:\Dineth\focus_binary_benchmark\dataset\tbf_imgs\unfocused\FieldPos066\FieldPos066_page_8.png,0,FieldPos066,,dataset
tbf_imgs,D:\Dineth\focus_binary_benchmark\dataset\tbf_imgs\unfocused\FieldPos066\FieldPos066_page_9.png,0,FieldPos066,,dataset
tbf_imgs,D:\Dineth\focus_binary_benchmark\dataset\tbf_imgs\unfocused\FieldPos066 (2)\FieldPos066 (2)_page_1.png,0,FieldPos066 (2),,dataset
tbf_imgs,D:\Dineth\focus_binary_benchmark\dataset\tbf_imgs\unfocused\FieldPos066 (2)\FieldPos066 (2)_page_10.png,0,FieldPos066 (2),,dataset
tbf_imgs,D:\Dineth\focus_binary_benchmark\dataset\tbf_imgs\unfocused\FieldPos066 (2)\FieldPos066 (2)_page_11.png,0,FieldPos066 (2),,dataset
tbf_imgs,D:\Dineth\focus_binary_benchmark\dataset\tbf_imgs\unfocused\FieldPos066 (2)\FieldPos066 (2)_page_12.png,0,FieldPos066 (2),,dataset
tbf_imgs,D:\Dineth\focus_binary_benchmark\dataset\tbf_imgs\unfocused\FieldPos066 (2)\FieldPos066 (2)_page_13.png,0,FieldPos066 (2),,dataset
tbf_imgs,D:\Dineth\focus_binary_benchmark\dataset\tbf_imgs\unfocused\FieldPos066 (2)\FieldPos066 (2)_page_14.png,0,FieldPos066 (2),,dataset
tbf_imgs,D:\Dineth\focus_binary_benchmark\dataset\tbf_imgs\unfocused\FieldPos066 (2)\FieldPos066 (2)_page_2.png,0,FieldPos066 (2),,dataset
tbf_imgs,D:\Dineth\focus_binary_benchmark\dataset\tbf_imgs\unfocused\FieldPos066 (2)\FieldPos066 (2)_page_3.png,0,FieldPos066 (2),,dataset
tbf_imgs,D:\Dineth\focus_binary_benchmark\dataset\tbf_imgs\unfocused\FieldPos066 (2)\FieldPos066 (2)_page_4.png,0,FieldPos066 (2),,dataset
tbf_imgs,D:\Dineth\focus_binary_benchmark\dataset\tbf_imgs\unfocused\FieldPos066 (2)\FieldPos066 (2)_page_8.png,0,FieldPos066 (2),,dataset
tbf_imgs,D:\Dineth\focus_binary_benchmark\dataset\tbf_imgs\unfocused\FieldPos066 (2)\FieldPos066 (2)_page_9.png,0,FieldPos066 (2),,dataset
tbf_imgs,D:\Dineth\focus_binary_benchmark\dataset\tbf_imgs\unfocused\FieldPos067\FieldPos067_page_1.png,0,FieldPos067,,dataset
tbf_imgs,D:\Dineth\focus_binary_benchmark\dataset\tbf_imgs\unfocused\FieldPos067\FieldPos067_page_10.png,0,FieldPos067,,dataset
tbf_imgs,D:\Dineth\focus_binary_benchmark\dataset\tbf_imgs\unfocused\FieldPos067\FieldPos067_page_11.png,0,FieldPos067,,dataset
tbf_imgs,D:\Dineth\focus_binary_benchmark\dataset\tbf_imgs\unfocused\FieldPos067\FieldPos067_page_12.png,0,FieldPos067,,dataset
tbf_imgs,D:\Dineth\focus_binary_benchmark\dataset\tbf_imgs\unfocused\FieldPos067\FieldPos067_page_13.png,0,FieldPos067,,dataset
tbf_imgs,D:\Dineth\focus_binary_benchmark\dataset\tbf_imgs\unfocused\FieldPos067\FieldPos067_page_14.png,0,FieldPos067,,dataset
tbf_imgs,D:\Dineth\focus_binary_benchmark\dataset\tbf_imgs\unfocused\FieldPos067\FieldPos067_page_2.png,0,FieldPos067,,dataset
tbf_imgs,D:\Dineth\focus_binary_benchmark\dataset\tbf_imgs\unfocused\FieldPos067\FieldPos067_page_3.png,0,FieldPos067,,dataset
tbf_imgs,D:\Dineth\focus_binary_benchmark\dataset\tbf_imgs\unfocused\FieldPos067\FieldPos067_page_7.png,0,FieldPos067,,dataset
tbf_imgs,D:\Dineth\focus_binary_benchmark\dataset\tbf_imgs\unfocused\FieldPos067\FieldPos067_page_8.png,0,FieldPos067,,dataset
tbf_imgs,D:\Dineth\focus_binary_benchmark\dataset\tbf_imgs\unfocused\FieldPos067\FieldPos067_page_9.png,0,FieldPos067,,dataset
tbf_imgs,D:\Dineth\focus_binary_benchmark\dataset\tbf_imgs\unfocused\FieldPos067 (2)\FieldPos067 (2)_page_1.png,0,FieldPos067 (2),,dataset
tbf_imgs,D:\Dineth\focus_binary_benchmark\dataset\tbf_imgs\unfocused\FieldPos067 (2)\FieldPos067 (2)_page_10.png,0,FieldPos067 (2),,dataset
tbf_imgs,D:\Dineth\focus_binary_benchmark\dataset\tbf_imgs\unfocused\FieldPos067 (2)\FieldPos067 (2)_page_11.png,0,FieldPos067 (2),,dataset
tbf_imgs,D:\Dineth\focus_binary_benchmark\dataset\tbf_imgs\unfocused\FieldPos067 (2)\FieldPos067 (2)_page_12.png,0,FieldPos067 (2),,dataset
tbf_imgs,D:\Dineth\focus_binary_benchmark\dataset\tbf_imgs\unfocused\FieldPos067 (2)\FieldPos067 (2)_page_13.png,0,FieldPos067 (2),,dataset
tbf_imgs,D:\Dineth\focus_binary_benchmark\dataset\tbf_imgs\unfocused\FieldPos067 (2)\FieldPos067 (2)_page_14.png,0,FieldPos067 (2),,dataset
tbf_imgs,D:\Dineth\focus_binary_benchmark\dataset\tbf_imgs\unfocused\FieldPos067 (2)\FieldPos067 (2)_page_2.png,0,FieldPos067 (2),,dataset
tbf_imgs,D:\Dineth\focus_binary_benchmark\dataset\tbf_imgs\unfocused\FieldPos067 (2)\FieldPos067 (2)_page_3.png,0,FieldPos067 (2),,dataset
tbf_imgs,D:\Dineth\focus_binary_benchmark\dataset\tbf_imgs\unfocused\FieldPos067 (2)\FieldPos067 (2)_page_7.png,0,FieldPos067 (2),,dataset
tbf_imgs,D:\Dineth\focus_binary_benchmark\dataset\tbf_imgs\unfocused\FieldPos067 (2)\FieldPos067 (2)_page_8.png,0,FieldPos067 (2),,dataset
tbf_imgs,D:\Dineth\focus_binary_benchmark\dataset\tbf_imgs\unfocused\FieldPos067 (2)\FieldPos067 (2)_page_9.png,0,FieldPos067 (2),,dataset
tbf_imgs,D:\Dineth\focus_binary_benchmark\dataset\tbf_imgs\unfocused\FieldPos068\FieldPos068_page_1.png,0,FieldPos068,,dataset
tbf_imgs,D:\Dineth\focus_binary_benchmark\dataset\tbf_imgs\unfocused\FieldPos068\FieldPos068_page_10.png,0,FieldPos068,,dataset
tbf_imgs,D:\Dineth\focus_binary_benchmark\dataset\tbf_imgs\unfocused\FieldPos068\FieldPos068_page_11.png,0,FieldPos068,,dataset
tbf_imgs,D:\Dineth\focus_binary_benchmark\dataset\tbf_imgs\unfocused\FieldPos068\FieldPos068_page_12.png,0,FieldPos068,,dataset
tbf_imgs,D:\Dineth\focus_binary_benchmark\dataset\tbf_imgs\unfocused\FieldPos068\FieldPos068_page_13.png,0,FieldPos068,,dataset
tbf_imgs,D:\Dineth\focus_binary_benchmark\dataset\tbf_imgs\unfocused\FieldPos068\FieldPos068_page_14.png,0,FieldPos068,,dataset
tbf_imgs,D:\Dineth\focus_binary_benchmark\dataset\tbf_imgs\unfocused\FieldPos068\FieldPos068_page_2.png,0,FieldPos068,,dataset
tbf_imgs,D:\Dineth\focus_binary_benchmark\dataset\tbf_imgs\unfocused\FieldPos068\FieldPos068_page_3.png,0,FieldPos068,,dataset
tbf_imgs,D:\Dineth\focus_binary_benchmark\dataset\tbf_imgs\unfocused\FieldPos068\FieldPos068_page_4.png,0,FieldPos068,,dataset
tbf_imgs,D:\Dineth\focus_binary_benchmark\dataset\tbf_imgs\unfocused\FieldPos068\FieldPos068_page_5.png,0,FieldPos068,,dataset
tbf_imgs,D:\Dineth\focus_binary_benchmark\dataset\tbf_imgs\unfocused\FieldPos068\FieldPos068_page_9.png,0,FieldPos068,,dataset
tbf_imgs,D:\Dineth\focus_binary_benchmark\dataset\tbf_imgs\unfocused\FieldPos069\FieldPos069_page_1.png,0,FieldPos069,,dataset
tbf_imgs,D:\Dineth\focus_binary_benchmark\dataset\tbf_imgs\unfocused\FieldPos069\FieldPos069_page_10.png,0,FieldPos069,,dataset
tbf_imgs,D:\Dineth\focus_binary_benchmark\dataset\tbf_imgs\unfocused\FieldPos069\FieldPos069_page_11.png,0,FieldPos069,,dataset
tbf_imgs,D:\Dineth\focus_binary_benchmark\dataset\tbf_imgs\unfocused\FieldPos069\FieldPos069_page_12.png,0,FieldPos069,,dataset
tbf_imgs,D:\Dineth\focus_binary_benchmark\dataset\tbf_imgs\unfocused\FieldPos069\FieldPos069_page_13.png,0,FieldPos069,,dataset
tbf_imgs,D:\Dineth\focus_binary_benchmark\dataset\tbf_imgs\unfocused\FieldPos069\FieldPos069_page_14.png,0,FieldPos069,,dataset
tbf_imgs,D:\Dineth\focus_binary_benchmark\dataset\tbf_imgs\unfocused\FieldPos069\FieldPos069_page_2.png,0,FieldPos069,,dataset
tbf_imgs,D:\Dineth\focus_binary_benchmark\dataset\tbf_imgs\unfocused\FieldPos069\FieldPos069_page_3.png,0,FieldPos069,,dataset
tbf_imgs,D:\Dineth\focus_binary_benchmark\dataset\tbf_imgs\unfocused\FieldPos069\FieldPos069_page_7.png,0,FieldPos069,,dataset
tbf_imgs,D:\Dineth\focus_binary_benchmark\dataset\tbf_imgs\unfocused\FieldPos069\FieldPos069_page_8.png,0,FieldPos069,,dataset
tbf_imgs,D:\Dineth\focus_binary_benchmark\dataset\tbf_imgs\unfocused\FieldPos069\FieldPos069_page_9.png,0,FieldPos069,,dataset
tbf_imgs,D:\Dineth\focus_binary_benchmark\dataset\tbf_imgs\unfocused\FieldPos070\FieldPos070_page_1.png,0,FieldPos070,,dataset
tbf_imgs,D:\Dineth\focus_binary_benchmark\dataset\tbf_imgs\unfocused\FieldPos070\FieldPos070_page_10.png,0,FieldPos070,,dataset
tbf_imgs,D:\Dineth\focus_binary_benchmark\dataset\tbf_imgs\unfocused\FieldPos070\FieldPos070_page_11.png,0,FieldPos070,,dataset
tbf_imgs,D:\Dineth\focus_binary_benchmark\dataset\tbf_imgs\unfocused\FieldPos070\FieldPos070_page_12.png,0,FieldPos070,,dataset
tbf_imgs,D:\Dineth\focus_binary_benchmark\dataset\tbf_imgs\unfocused\FieldPos070\FieldPos070_page_13.png,0,FieldPos070,,dataset
tbf_imgs,D:\Dineth\focus_binary_benchmark\dataset\tbf_imgs\unfocused\FieldPos070\FieldPos070_page_14.png,0,FieldPos070,,dataset
tbf_imgs,D:\Dineth\focus_binary_benchmark\dataset\tbf_imgs\unfocused\FieldPos070\FieldPos070_page_2.png,0,FieldPos070,,dataset
tbf_imgs,D:\Dineth\focus_binary_benchmark\dataset\tbf_imgs\unfocused\FieldPos070\FieldPos070_page_3.png,0,FieldPos070,,dataset
tbf_imgs,D:\Dineth\focus_binary_benchmark\dataset\tbf_imgs\unfocused\FieldPos070\FieldPos070_page_4.png,0,FieldPos070,,dataset
tbf_imgs,D:\Dineth\focus_binary_benchmark\dataset\tbf_imgs\unfocused\FieldPos070\FieldPos070_page_8.png,0,FieldPos070,,dataset
tbf_imgs,D:\Dineth\focus_binary_benchmark\dataset\tbf_imgs\unfocused\FieldPos070\FieldPos070_page_9.png,0,FieldPos070,,dataset
tbf_imgs,D:\Dineth\focus_binary_benchmark\dataset\tbf_imgs\unfocused\FieldPos071\FieldPos071_page_1.png,0,FieldPos071,,dataset
tbf_imgs,D:\Dineth\focus_binary_benchmark\dataset\tbf_imgs\unfocused\FieldPos071\FieldPos071_page_10.png,0,FieldPos071,,dataset
tbf_imgs,D:\Dineth\focus_binary_benchmark\dataset\tbf_imgs\unfocused\FieldPos071\FieldPos071_page_11.png,0,FieldPos071,,dataset
tbf_imgs,D:\Dineth\focus_binary_benchmark\dataset\tbf_imgs\unfocused\FieldPos071\FieldPos071_page_12.png,0,FieldPos071,,dataset
tbf_imgs,D:\Dineth\focus_binary_benchmark\dataset\tbf_imgs\unfocused\FieldPos071\FieldPos071_page_13.png,0,FieldPos071,,dataset
tbf_imgs,D:\Dineth\focus_binary_benchmark\dataset\tbf_imgs\unfocused\FieldPos071\FieldPos071_page_14.png,0,FieldPos071,,dataset
tbf_imgs,D:\Dineth\focus_binary_benchmark\dataset\tbf_imgs\unfocused\FieldPos071\FieldPos071_page_2.png,0,FieldPos071,,dataset
tbf_imgs,D:\Dineth\focus_binary_benchmark\dataset\tbf_imgs\unfocused\FieldPos071\FieldPos071_page_3.png,0,FieldPos071,,dataset
tbf_imgs,D:\Dineth\focus_binary_benchmark\dataset\tbf_imgs\unfocused\FieldPos071\FieldPos071_page_4.png,0,FieldPos071,,dataset
tbf_imgs,D:\Dineth\focus_binary_benchmark\dataset\tbf_imgs\unfocused\FieldPos071\FieldPos071_page_5.png,0,FieldPos071,,dataset
tbf_imgs,D:\Dineth\focus_binary_benchmark\dataset\tbf_imgs\unfocused\FieldPos071\FieldPos071_page_6.png,0,FieldPos071,,dataset
tbf_imgs,D:\Dineth\focus_binary_benchmark\dataset\tbf_imgs\unfocused\FieldPos072\FieldPos072_page_1.png,0,FieldPos072,,dataset
tbf_imgs,D:\Dineth\focus_binary_benchmark\dataset\tbf_imgs\unfocused\FieldPos072\FieldPos072_page_10.png,0,FieldPos072,,dataset
tbf_imgs,D:\Dineth\focus_binary_benchmark\dataset\tbf_imgs\unfocused\FieldPos072\FieldPos072_page_11.png,0,FieldPos072,,dataset
tbf_imgs,D:\Dineth\focus_binary_benchmark\dataset\tbf_imgs\unfocused\FieldPos072\FieldPos072_page_12.png,0,FieldPos072,,dataset
tbf_imgs,D:\Dineth\focus_binary_benchmark\dataset\tbf_imgs\unfocused\FieldPos072\FieldPos072_page_13.png,0,FieldPos072,,dataset
tbf_imgs,D:\Dineth\focus_binary_benchmark\dataset\tbf_imgs\unfocused\FieldPos072\FieldPos072_page_14.png,0,FieldPos072,,dataset
tbf_imgs,D:\Dineth\focus_binary_benchmark\dataset\tbf_imgs\unfocused\FieldPos072\FieldPos072_page_2.png,0,FieldPos072,,dataset
tbf_imgs,D:\Dineth\focus_binary_benchmark\dataset\tbf_imgs\unfocused\FieldPos072\FieldPos072_page_3.png,0,FieldPos072,,dataset
tbf_imgs,D:\Dineth\focus_binary_benchmark\dataset\tbf_imgs\unfocused\FieldPos072\FieldPos072_page_4.png,0,FieldPos072,,dataset
tbf_imgs,D:\Dineth\focus_binary_benchmark\dataset\tbf_imgs\unfocused\FieldPos072\FieldPos072_page_5.png,0,FieldPos072,,dataset
tbf_imgs,D:\Dineth\focus_binary_benchmark\dataset\tbf_imgs\unfocused\FieldPos072\FieldPos072_page_6.png,0,FieldPos072,,dataset
tbf_imgs,D:\Dineth\focus_binary_benchmark\dataset\tbf_imgs\unfocused\FieldPos073\FieldPos073_page_1.png,0,FieldPos073,,dataset
tbf_imgs,D:\Dineth\focus_binary_benchmark\dataset\tbf_imgs\unfocused\FieldPos073\FieldPos073_page_10.png,0,FieldPos073,,dataset
tbf_imgs,D:\Dineth\focus_binary_benchmark\dataset\tbf_imgs\unfocused\FieldPos073\FieldPos073_page_11.png,0,FieldPos073,,dataset
tbf_imgs,D:\Dineth\focus_binary_benchmark\dataset\tbf_imgs\unfocused\FieldPos073\FieldPos073_page_12.png,0,FieldPos073,,dataset
tbf_imgs,D:\Dineth\focus_binary_benchmark\dataset\tbf_imgs\unfocused\FieldPos073\FieldPos073_page_13.png,0,FieldPos073,,dataset
tbf_imgs,D:\Dineth\focus_binary_benchmark\dataset\tbf_imgs\unfocused\FieldPos073\FieldPos073_page_14.png,0,FieldPos073,,dataset
tbf_imgs,D:\Dineth\focus_binary_benchmark\dataset\tbf_imgs\unfocused\FieldPos073\FieldPos073_page_2.png,0,FieldPos073,,dataset
tbf_imgs,D:\Dineth\focus_binary_benchmark\dataset\tbf_imgs\unfocused\FieldPos073\FieldPos073_page_3.png,0,FieldPos073,,dataset
tbf_imgs,D:\Dineth\focus_binary_benchmark\dataset\tbf_imgs\unfocused\FieldPos073\FieldPos073_page_4.png,0,FieldPos073,,dataset
tbf_imgs,D:\Dineth\focus_binary_benchmark\dataset\tbf_imgs\unfocused\FieldPos073\FieldPos073_page_8.png,0,FieldPos073,,dataset
tbf_imgs,D:\Dineth\focus_binary_benchmark\dataset\tbf_imgs\unfocused\FieldPos073\FieldPos073_page_9.png,0,FieldPos073,,dataset
tbf_imgs,D:\Dineth\focus_binary_benchmark\dataset\tbf_imgs\unfocused\FieldPos074\FieldPos074_page_1.png,0,FieldPos074,,dataset
tbf_imgs,D:\Dineth\focus_binary_benchmark\dataset\tbf_imgs\unfocused\FieldPos074\FieldPos074_page_10.png,0,FieldPos074,,dataset
tbf_imgs,D:\Dineth\focus_binary_benchmark\dataset\tbf_imgs\unfocused\FieldPos074\FieldPos074_page_11.png,0,FieldPos074,,dataset
tbf_imgs,D:\Dineth\focus_binary_benchmark\dataset\tbf_imgs\unfocused\FieldPos074\FieldPos074_page_12.png,0,FieldPos074,,dataset
tbf_imgs,D:\Dineth\focus_binary_benchmark\dataset\tbf_imgs\unfocused\FieldPos074\FieldPos074_page_13.png,0,FieldPos074,,dataset
tbf_imgs,D:\Dineth\focus_binary_benchmark\dataset\tbf_imgs\unfocused\FieldPos074\FieldPos074_page_14.png,0,FieldPos074,,dataset
tbf_imgs,D:\Dineth\focus_binary_benchmark\dataset\tbf_imgs\unfocused\FieldPos074\FieldPos074_page_2.png,0,FieldPos074,,dataset
tbf_imgs,D:\Dineth\focus_binary_benchmark\dataset\tbf_imgs\unfocused\FieldPos074\FieldPos074_page_3.png,0,FieldPos074,,dataset
tbf_imgs,D:\Dineth\focus_binary_benchmark\dataset\tbf_imgs\unfocused\FieldPos074\FieldPos074_page_4.png,0,FieldPos074,,dataset
tbf_imgs,D:\Dineth\focus_binary_benchmark\dataset\tbf_imgs\unfocused\FieldPos074\FieldPos074_page_8.png,0,FieldPos074,,dataset
tbf_imgs,D:\Dineth\focus_binary_benchmark\dataset\tbf_imgs\unfocused\FieldPos074\FieldPos074_page_9.png,0,FieldPos074,,dataset
tbf_imgs,D:\Dineth\focus_binary_benchmark\dataset\tbf_imgs\unfocused\FieldPos076\FieldPos076_page_1.png,0,FieldPos076,,dataset
tbf_imgs,D:\Dineth\focus_binary_benchmark\dataset\tbf_imgs\unfocused\FieldPos076\FieldPos076_page_10.png,0,FieldPos076,,dataset
tbf_imgs,D:\Dineth\focus_binary_benchmark\dataset\tbf_imgs\unfocused\FieldPos076\FieldPos076_page_11.png,0,FieldPos076,,dataset
tbf_imgs,D:\Dineth\focus_binary_benchmark\dataset\tbf_imgs\unfocused\FieldPos076\FieldPos076_page_12.png,0,FieldPos076,,dataset
tbf_imgs,D:\Dineth\focus_binary_benchmark\dataset\tbf_imgs\unfocused\FieldPos076\FieldPos076_page_13.png,0,FieldPos076,,dataset
tbf_imgs,D:\Dineth\focus_binary_benchmark\dataset\tbf_imgs\unfocused\FieldPos076\FieldPos076_page_14.png,0,FieldPos076,,dataset
tbf_imgs,D:\Dineth\focus_binary_benchmark\dataset\tbf_imgs\unfocused\FieldPos076\FieldPos076_page_2.png,0,FieldPos076,,dataset
tbf_imgs,D:\Dineth\focus_binary_benchmark\dataset\tbf_imgs\unfocused\FieldPos076\FieldPos076_page_3.png,0,FieldPos076,,dataset
tbf_imgs,D:\Dineth\focus_binary_benchmark\dataset\tbf_imgs\unfocused\FieldPos076\FieldPos076_page_7.png,0,FieldPos076,,dataset
tbf_imgs,D:\Dineth\focus_binary_benchmark\dataset\tbf_imgs\unfocused\FieldPos076\FieldPos076_page_8.png,0,FieldPos076,,dataset
tbf_imgs,D:\Dineth\focus_binary_benchmark\dataset\tbf_imgs\unfocused\FieldPos076\FieldPos076_page_9.png,0,FieldPos076,,dataset
tbf_imgs,D:\Dineth\focus_binary_benchmark\dataset\tbf_imgs\unfocused\FieldPos077\FieldPos077_page_1.png,0,FieldPos077,,dataset
tbf_imgs,D:\Dineth\focus_binary_benchmark\dataset\tbf_imgs\unfocused\FieldPos077\FieldPos077_page_10.png,0,FieldPos077,,dataset
tbf_imgs,D:\Dineth\focus_binary_benchmark\dataset\tbf_imgs\unfocused\FieldPos077\FieldPos077_page_11.png,0,FieldPos077,,dataset
tbf_imgs,D:\Dineth\focus_binary_benchmark\dataset\tbf_imgs\unfocused\FieldPos077\FieldPos077_page_12.png,0,FieldPos077,,dataset
tbf_imgs,D:\Dineth\focus_binary_benchmark\dataset\tbf_imgs\unfocused\FieldPos077\FieldPos077_page_13.png,0,FieldPos077,,dataset
tbf_imgs,D:\Dineth\focus_binary_benchmark\dataset\tbf_imgs\unfocused\FieldPos077\FieldPos077_page_14.png,0,FieldPos077,,dataset
tbf_imgs,D:\Dineth\focus_binary_benchmark\dataset\tbf_imgs\unfocused\FieldPos077\FieldPos077_page_2.png,0,FieldPos077,,dataset
tbf_imgs,D:\Dineth\focus_binary_benchmark\dataset\tbf_imgs\unfocused\FieldPos077\FieldPos077_page_3.png,0,FieldPos077,,dataset
tbf_imgs,D:\Dineth\focus_binary_benchmark\dataset\tbf_imgs\unfocused\FieldPos077\FieldPos077_page_7.png,0,FieldPos077,,dataset
tbf_imgs,D:\Dineth\focus_binary_benchmark\dataset\tbf_imgs\unfocused\FieldPos077\FieldPos077_page_8.png,0,FieldPos077,,dataset
tbf_imgs,D:\Dineth\focus_binary_benchmark\dataset\tbf_imgs\unfocused\FieldPos077\FieldPos077_page_9.png,0,FieldPos077,,dataset
tbf_imgs,D:\Dineth\focus_binary_benchmark\dataset\tbf_imgs\unfocused\FieldPos078\FieldPos078_page_1.png,0,FieldPos078,,dataset
tbf_imgs,D:\Dineth\focus_binary_benchmark\dataset\tbf_imgs\unfocused\FieldPos078\FieldPos078_page_10.png,0,FieldPos078,,dataset
tbf_imgs,D:\Dineth\focus_binary_benchmark\dataset\tbf_imgs\unfocused\FieldPos078\FieldPos078_page_11.png,0,FieldPos078,,dataset
tbf_imgs,D:\Dineth\focus_binary_benchmark\dataset\tbf_imgs\unfocused\FieldPos078\FieldPos078_page_12.png,0,FieldPos078,,dataset
tbf_imgs,D:\Dineth\focus_binary_benchmark\dataset\tbf_imgs\unfocused\FieldPos078\FieldPos078_page_13.png,0,FieldPos078,,dataset
tbf_imgs,D:\Dineth\focus_binary_benchmark\dataset\tbf_imgs\unfocused\FieldPos078\FieldPos078_page_14.png,0,FieldPos078,,dataset
tbf_imgs,D:\Dineth\focus_binary_benchmark\dataset\tbf_imgs\unfocused\FieldPos078\FieldPos078_page_2.png,0,FieldPos078,,dataset
tbf_imgs,D:\Dineth\focus_binary_benchmark\dataset\tbf_imgs\unfocused\FieldPos078\FieldPos078_page_3.png,0,FieldPos078,,dataset
tbf_imgs,D:\Dineth\focus_binary_benchmark\dataset\tbf_imgs\unfocused\FieldPos078\FieldPos078_page_4.png,0,FieldPos078,,dataset
tbf_imgs,D:\Dineth\focus_binary_benchmark\dataset\tbf_imgs\unfocused\FieldPos078\FieldPos078_page_8.png,0,FieldPos078,,dataset
tbf_imgs,D:\Dineth\focus_binary_benchmark\dataset\tbf_imgs\unfocused\FieldPos078\FieldPos078_page_9.png,0,FieldPos078,,dataset
tbf_imgs,D:\Dineth\focus_binary_benchmark\dataset\tbf_imgs\unfocused\FieldPos079\FieldPos079_page_1.png,0,FieldPos079,,dataset
tbf_imgs,D:\Dineth\focus_binary_benchmark\dataset\tbf_imgs\unfocused\FieldPos079\FieldPos079_page_10.png,0,FieldPos079,,dataset
tbf_imgs,D:\Dineth\focus_binary_benchmark\dataset\tbf_imgs\unfocused\FieldPos079\FieldPos079_page_11.png,0,FieldPos079,,dataset
tbf_imgs,D:\Dineth\focus_binary_benchmark\dataset\tbf_imgs\unfocused\FieldPos079\FieldPos079_page_12.png,0,FieldPos079,,dataset
tbf_imgs,D:\Dineth\focus_binary_benchmark\dataset\tbf_imgs\unfocused\FieldPos079\FieldPos079_page_13.png,0,FieldPos079,,dataset
tbf_imgs,D:\Dineth\focus_binary_benchmark\dataset\tbf_imgs\unfocused\FieldPos079\FieldPos079_page_14.png,0,FieldPos079,,dataset
tbf_imgs,D:\Dineth\focus_binary_benchmark\dataset\tbf_imgs\unfocused\FieldPos079\FieldPos079_page_2.png,0,FieldPos079,,dataset
tbf_imgs,D:\Dineth\focus_binary_benchmark\dataset\tbf_imgs\unfocused\FieldPos079\FieldPos079_page_3.png,0,FieldPos079,,dataset
tbf_imgs,D:\Dineth\focus_binary_benchmark\dataset\tbf_imgs\unfocused\FieldPos079\FieldPos079_page_4.png,0,FieldPos079,,dataset
tbf_imgs,D:\Dineth\focus_binary_benchmark\dataset\tbf_imgs\unfocused\FieldPos079\FieldPos079_page_8.png,0,FieldPos079,,dataset
tbf_imgs,D:\Dineth\focus_binary_benchmark\dataset\tbf_imgs\unfocused\FieldPos079\FieldPos079_page_9.png,0,FieldPos079,,dataset
tbf_imgs,D:\Dineth\focus_binary_benchmark\dataset\tbf_imgs\unfocused\FieldPos080\FieldPos080_page_1.png,0,FieldPos080,,dataset
tbf_imgs,D:\Dineth\focus_binary_benchmark\dataset\tbf_imgs\unfocused\FieldPos080\FieldPos080_page_10.png,0,FieldPos080,,dataset
tbf_imgs,D:\Dineth\focus_binary_benchmark\dataset\tbf_imgs\unfocused\FieldPos080\FieldPos080_page_11.png,0,FieldPos080,,dataset
tbf_imgs,D:\Dineth\focus_binary_benchmark\dataset\tbf_imgs\unfocused\FieldPos080\FieldPos080_page_12.png,0,FieldPos080,,dataset
tbf_imgs,D:\Dineth\focus_binary_benchmark\dataset\tbf_imgs\unfocused\FieldPos080\FieldPos080_page_13.png,0,FieldPos080,,dataset
tbf_imgs,D:\Dineth\focus_binary_benchmark\dataset\tbf_imgs\unfocused\FieldPos080\FieldPos080_page_14.png,0,FieldPos080,,dataset
tbf_imgs,D:\Dineth\focus_binary_benchmark\dataset\tbf_imgs\unfocused\FieldPos080\FieldPos080_page_2.png,0,FieldPos080,,dataset
tbf_imgs,D:\Dineth\focus_binary_benchmark\dataset\tbf_imgs\unfocused\FieldPos080\FieldPos080_page_3.png,0,FieldPos080,,dataset
tbf_imgs,D:\Dineth\focus_binary_benchmark\dataset\tbf_imgs\unfocused\FieldPos080\FieldPos080_page_4.png,0,FieldPos080,,dataset
tbf_imgs,D:\Dineth\focus_binary_benchmark\dataset\tbf_imgs\unfocused\FieldPos080\FieldPos080_page_8.png,0,FieldPos080,,dataset
tbf_imgs,D:\Dineth\focus_binary_benchmark\dataset\tbf_imgs\unfocused\FieldPos080\FieldPos080_page_9.png,0,FieldPos080,,dataset
tbf_imgs,D:\Dineth\focus_binary_benchmark\dataset\tbf_imgs\unfocused\FieldPos081\FieldPos081_page_1.png,0,FieldPos081,,dataset
tbf_imgs,D:\Dineth\focus_binary_benchmark\dataset\tbf_imgs\unfocused\FieldPos081\FieldPos081_page_10.png,0,FieldPos081,,dataset
tbf_imgs,D:\Dineth\focus_binary_benchmark\dataset\tbf_imgs\unfocused\FieldPos081\FieldPos081_page_11.png,0,FieldPos081,,dataset
tbf_imgs,D:\Dineth\focus_binary_benchmark\dataset\tbf_imgs\unfocused\FieldPos081\FieldPos081_page_12.png,0,FieldPos081,,dataset
tbf_imgs,D:\Dineth\focus_binary_benchmark\dataset\tbf_imgs\unfocused\FieldPos081\FieldPos081_page_13.png,0,FieldPos081,,dataset
tbf_imgs,D:\Dineth\focus_binary_benchmark\dataset\tbf_imgs\unfocused\FieldPos081\FieldPos081_page_14.png,0,FieldPos081,,dataset
tbf_imgs,D:\Dineth\focus_binary_benchmark\dataset\tbf_imgs\unfocused\FieldPos081\FieldPos081_page_2.png,0,FieldPos081,,dataset
tbf_imgs,D:\Dineth\focus_binary_benchmark\dataset\tbf_imgs\unfocused\FieldPos081\FieldPos081_page_3.png,0,FieldPos081,,dataset
tbf_imgs,D:\Dineth\focus_binary_benchmark\dataset\tbf_imgs\unfocused\FieldPos081\FieldPos081_page_7.png,0,FieldPos081,,dataset
tbf_imgs,D:\Dineth\focus_binary_benchmark\dataset\tbf_imgs\unfocused\FieldPos081\FieldPos081_page_8.png,0,FieldPos081,,dataset
tbf_imgs,D:\Dineth\focus_binary_benchmark\dataset\tbf_imgs\unfocused\FieldPos081\FieldPos081_page_9.png,0,FieldPos081,,dataset
tbf_imgs,D:\Dineth\focus_binary_benchmark\dataset\tbf_imgs\unfocused\FieldPos082\FieldPos082_page_1.png,0,FieldPos082,,dataset
tbf_imgs,D:\Dineth\focus_binary_benchmark\dataset\tbf_imgs\unfocused\FieldPos082\FieldPos082_page_10.png,0,FieldPos082,,dataset
tbf_imgs,D:\Dineth\focus_binary_benchmark\dataset\tbf_imgs\unfocused\FieldPos082\FieldPos082_page_11.png,0,FieldPos082,,dataset
tbf_imgs,D:\Dineth\focus_binary_benchmark\dataset\tbf_imgs\unfocused\FieldPos082\FieldPos082_page_12.png,0,FieldPos082,,dataset
tbf_imgs,D:\Dineth\focus_binary_benchmark\dataset\tbf_imgs\unfocused\FieldPos082\FieldPos082_page_13.png,0,FieldPos082,,dataset
tbf_imgs,D:\Dineth\focus_binary_benchmark\dataset\tbf_imgs\unfocused\FieldPos082\FieldPos082_page_14.png,0,FieldPos082,,dataset
tbf_imgs,D:\Dineth\focus_binary_benchmark\dataset\tbf_imgs\unfocused\FieldPos082\FieldPos082_page_2.png,0,FieldPos082,,dataset
tbf_imgs,D:\Dineth\focus_binary_benchmark\dataset\tbf_imgs\unfocused\FieldPos082\FieldPos082_page_3.png,0,FieldPos082,,dataset
tbf_imgs,D:\Dineth\focus_binary_benchmark\dataset\tbf_imgs\unfocused\FieldPos082\FieldPos082_page_4.png,0,FieldPos082,,dataset
tbf_imgs,D:\Dineth\focus_binary_benchmark\dataset\tbf_imgs\unfocused\FieldPos082\FieldPos082_page_8.png,0,FieldPos082,,dataset
tbf_imgs,D:\Dineth\focus_binary_benchmark\dataset\tbf_imgs\unfocused\FieldPos082\FieldPos082_page_9.png,0,FieldPos082,,dataset
tbf_imgs,D:\Dineth\focus_binary_benchmark\dataset\tbf_imgs\unfocused\FieldPos083\FieldPos083_page_1.png,0,FieldPos083,,dataset
tbf_imgs,D:\Dineth\focus_binary_benchmark\dataset\tbf_imgs\unfocused\FieldPos083\FieldPos083_page_10.png,0,FieldPos083,,dataset
tbf_imgs,D:\Dineth\focus_binary_benchmark\dataset\tbf_imgs\unfocused\FieldPos083\FieldPos083_page_11.png,0,FieldPos083,,dataset
tbf_imgs,D:\Dineth\focus_binary_benchmark\dataset\tbf_imgs\unfocused\FieldPos083\FieldPos083_page_12.png,0,FieldPos083,,dataset
tbf_imgs,D:\Dineth\focus_binary_benchmark\dataset\tbf_imgs\unfocused\FieldPos083\FieldPos083_page_13.png,0,FieldPos083,,dataset
tbf_imgs,D:\Dineth\focus_binary_benchmark\dataset\tbf_imgs\unfocused\FieldPos083\FieldPos083_page_14.png,0,FieldPos083,,dataset
tbf_imgs,D:\Dineth\focus_binary_benchmark\dataset\tbf_imgs\unfocused\FieldPos083\FieldPos083_page_2.png,0,FieldPos083,,dataset
tbf_imgs,D:\Dineth\focus_binary_benchmark\dataset\tbf_imgs\unfocused\FieldPos083\FieldPos083_page_3.png,0,FieldPos083,,dataset
tbf_imgs,D:\Dineth\focus_binary_benchmark\dataset\tbf_imgs\unfocused\FieldPos083\FieldPos083_page_7.png,0,FieldPos083,,dataset
tbf_imgs,D:\Dineth\focus_binary_benchmark\dataset\tbf_imgs\unfocused\FieldPos083\FieldPos083_page_8.png,0,FieldPos083,,dataset
tbf_imgs,D:\Dineth\focus_binary_benchmark\dataset\tbf_imgs\unfocused\FieldPos083\FieldPos083_page_9.png,0,FieldPos083,,dataset
tbf_imgs,D:\Dineth\focus_binary_benchmark\dataset\tbf_imgs\unfocused\FieldPos084\FieldPos084_page_1.png,0,FieldPos084,,dataset
tbf_imgs,D:\Dineth\focus_binary_benchmark\dataset\tbf_imgs\unfocused\FieldPos084\FieldPos084_page_10.png,0,FieldPos084,,dataset
tbf_imgs,D:\Dineth\focus_binary_benchmark\dataset\tbf_imgs\unfocused\FieldPos084\FieldPos084_page_11.png,0,FieldPos084,,dataset
tbf_imgs,D:\Dineth\focus_binary_benchmark\dataset\tbf_imgs\unfocused\FieldPos084\FieldPos084_page_12.png,0,FieldPos084,,dataset
tbf_imgs,D:\Dineth\focus_binary_benchmark\dataset\tbf_imgs\unfocused\FieldPos084\FieldPos084_page_13.png,0,FieldPos084,,dataset
tbf_imgs,D:\Dineth\focus_binary_benchmark\dataset\tbf_imgs\unfocused\FieldPos084\FieldPos084_page_14.png,0,FieldPos084,,dataset
tbf_imgs,D:\Dineth\focus_binary_benchmark\dataset\tbf_imgs\unfocused\FieldPos084\FieldPos084_page_2.png,0,FieldPos084,,dataset
tbf_imgs,D:\Dineth\focus_binary_benchmark\dataset\tbf_imgs\unfocused\FieldPos084\FieldPos084_page_3.png,0,FieldPos084,,dataset
tbf_imgs,D:\Dineth\focus_binary_benchmark\dataset\tbf_imgs\unfocused\FieldPos084\FieldPos084_page_4.png,0,FieldPos084,,dataset
tbf_imgs,D:\Dineth\focus_binary_benchmark\dataset\tbf_imgs\unfocused\FieldPos084\FieldPos084_page_8.png,0,FieldPos084,,dataset
tbf_imgs,D:\Dineth\focus_binary_benchmark\dataset\tbf_imgs\unfocused\FieldPos084\FieldPos084_page_9.png,0,FieldPos084,,dataset
tbf_imgs,D:\Dineth\focus_binary_benchmark\dataset\tbf_imgs\unfocused\FieldPos085\FieldPos085_page_1.png,0,FieldPos085,,dataset
tbf_imgs,D:\Dineth\focus_binary_benchmark\dataset\tbf_imgs\unfocused\FieldPos085\FieldPos085_page_10.png,0,FieldPos085,,dataset
tbf_imgs,D:\Dineth\focus_binary_benchmark\dataset\tbf_imgs\unfocused\FieldPos085\FieldPos085_page_11.png,0,FieldPos085,,dataset
tbf_imgs,D:\Dineth\focus_binary_benchmark\dataset\tbf_imgs\unfocused\FieldPos085\FieldPos085_page_12.png,0,FieldPos085,,dataset
tbf_imgs,D:\Dineth\focus_binary_benchmark\dataset\tbf_imgs\unfocused\FieldPos085\FieldPos085_page_13.png,0,FieldPos085,,dataset
tbf_imgs,D:\Dineth\focus_binary_benchmark\dataset\tbf_imgs\unfocused\FieldPos085\FieldPos085_page_14.png,0,FieldPos085,,dataset
tbf_imgs,D:\Dineth\focus_binary_benchmark\dataset\tbf_imgs\unfocused\FieldPos085\FieldPos085_page_2.png,0,FieldPos085,,dataset
tbf_imgs,D:\Dineth\focus_binary_benchmark\dataset\tbf_imgs\unfocused\FieldPos085\FieldPos085_page_3.png,0,FieldPos085,,dataset
tbf_imgs,D:\Dineth\focus_binary_benchmark\dataset\tbf_imgs\unfocused\FieldPos085\FieldPos085_page_4.png,0,FieldPos085,,dataset
tbf_imgs,D:\Dineth\focus_binary_benchmark\dataset\tbf_imgs\unfocused\FieldPos085\FieldPos085_page_5.png,0,FieldPos085,,dataset
tbf_imgs,D:\Dineth\focus_binary_benchmark\dataset\tbf_imgs\unfocused\FieldPos085\FieldPos085_page_9.png,0,FieldPos085,,dataset
tbf_imgs,D:\Dineth\focus_binary_benchmark\dataset\tbf_imgs\unfocused\FieldPos086\FieldPos086_page_1.png,0,FieldPos086,,dataset
tbf_imgs,D:\Dineth\focus_binary_benchmark\dataset\tbf_imgs\unfocused\FieldPos086\FieldPos086_page_10.png,0,FieldPos086,,dataset
tbf_imgs,D:\Dineth\focus_binary_benchmark\dataset\tbf_imgs\unfocused\FieldPos086\FieldPos086_page_11.png,0,FieldPos086,,dataset
tbf_imgs,D:\Dineth\focus_binary_benchmark\dataset\tbf_imgs\unfocused\FieldPos086\FieldPos086_page_12.png,0,FieldPos086,,dataset
tbf_imgs,D:\Dineth\focus_binary_benchmark\dataset\tbf_imgs\unfocused\FieldPos086\FieldPos086_page_13.png,0,FieldPos086,,dataset
tbf_imgs,D:\Dineth\focus_binary_benchmark\dataset\tbf_imgs\unfocused\FieldPos086\FieldPos086_page_14.png,0,FieldPos086,,dataset
tbf_imgs,D:\Dineth\focus_binary_benchmark\dataset\tbf_imgs\unfocused\FieldPos086\FieldPos086_page_2.png,0,FieldPos086,,dataset
tbf_imgs,D:\Dineth\focus_binary_benchmark\dataset\tbf_imgs\unfocused\FieldPos086\FieldPos086_page_3.png,0,FieldPos086,,dataset
tbf_imgs,D:\Dineth\focus_binary_benchmark\dataset\tbf_imgs\unfocused\FieldPos086\FieldPos086_page_4.png,0,FieldPos086,,dataset
tbf_imgs,D:\Dineth\focus_binary_benchmark\dataset\tbf_imgs\unfocused\FieldPos086\FieldPos086_page_5.png,0,FieldPos086,,dataset
tbf_imgs,D:\Dineth\focus_binary_benchmark\dataset\tbf_imgs\unfocused\FieldPos086\FieldPos086_page_9.png,0,FieldPos086,,dataset
tbf_imgs,D:\Dineth\focus_binary_benchmark\dataset\tbf_imgs\unfocused\FieldPos086 (2)\FieldPos086 (2)_page_1.png,0,FieldPos086 (2),,dataset
tbf_imgs,D:\Dineth\focus_binary_benchmark\dataset\tbf_imgs\unfocused\FieldPos086 (2)\FieldPos086 (2)_page_10.png,0,FieldPos086 (2),,dataset
tbf_imgs,D:\Dineth\focus_binary_benchmark\dataset\tbf_imgs\unfocused\FieldPos086 (2)\FieldPos086 (2)_page_11.png,0,FieldPos086 (2),,dataset
tbf_imgs,D:\Dineth\focus_binary_benchmark\dataset\tbf_imgs\unfocused\FieldPos086 (2)\FieldPos086 (2)_page_12.png,0,FieldPos086 (2),,dataset
tbf_imgs,D:\Dineth\focus_binary_benchmark\dataset\tbf_imgs\unfocused\FieldPos086 (2)\FieldPos086 (2)_page_13.png,0,FieldPos086 (2),,dataset
tbf_imgs,D:\Dineth\focus_binary_benchmark\dataset\tbf_imgs\unfocused\FieldPos086 (2)\FieldPos086 (2)_page_14.png,0,FieldPos086 (2),,dataset
tbf_imgs,D:\Dineth\focus_binary_benchmark\dataset\tbf_imgs\unfocused\FieldPos086 (2)\FieldPos086 (2)_page_2.png,0,FieldPos086 (2),,dataset
tbf_imgs,D:\Dineth\focus_binary_benchmark\dataset\tbf_imgs\unfocused\FieldPos086 (2)\FieldPos086 (2)_page_3.png,0,FieldPos086 (2),,dataset
tbf_imgs,D:\Dineth\focus_binary_benchmark\dataset\tbf_imgs\unfocused\FieldPos086 (2)\FieldPos086 (2)_page_4.png,0,FieldPos086 (2),,dataset
tbf_imgs,D:\Dineth\focus_binary_benchmark\dataset\tbf_imgs\unfocused\FieldPos086 (2)\FieldPos086 (2)_page_5.png,0,FieldPos086 (2),,dataset
tbf_imgs,D:\Dineth\focus_binary_benchmark\dataset\tbf_imgs\unfocused\FieldPos086 (2)\FieldPos086 (2)_page_9.png,0,FieldPos086 (2),,dataset
tbf_imgs,D:\Dineth\focus_binary_benchmark\dataset\tbf_imgs\unfocused\FieldPos087\FieldPos087_page_1.png,0,FieldPos087,,dataset
tbf_imgs,D:\Dineth\focus_binary_benchmark\dataset\tbf_imgs\unfocused\FieldPos087\FieldPos087_page_10.png,0,FieldPos087,,dataset
tbf_imgs,D:\Dineth\focus_binary_benchmark\dataset\tbf_imgs\unfocused\FieldPos087\FieldPos087_page_11.png,0,FieldPos087,,dataset
tbf_imgs,D:\Dineth\focus_binary_benchmark\dataset\tbf_imgs\unfocused\FieldPos087\FieldPos087_page_12.png,0,FieldPos087,,dataset
tbf_imgs,D:\Dineth\focus_binary_benchmark\dataset\tbf_imgs\unfocused\FieldPos087\FieldPos087_page_13.png,0,FieldPos087,,dataset
tbf_imgs,D:\Dineth\focus_binary_benchmark\dataset\tbf_imgs\unfocused\FieldPos087\FieldPos087_page_14.png,0,FieldPos087,,dataset
tbf_imgs,D:\Dineth\focus_binary_benchmark\dataset\tbf_imgs\unfocused\FieldPos087\FieldPos087_page_2.png,0,FieldPos087,,dataset
tbf_imgs,D:\Dineth\focus_binary_benchmark\dataset\tbf_imgs\unfocused\FieldPos087\FieldPos087_page_3.png,0,FieldPos087,,dataset
tbf_imgs,D:\Dineth\focus_binary_benchmark\dataset\tbf_imgs\unfocused\FieldPos087\FieldPos087_page_4.png,0,FieldPos087,,dataset
tbf_imgs,D:\Dineth\focus_binary_benchmark\dataset\tbf_imgs\unfocused\FieldPos087\FieldPos087_page_5.png,0,FieldPos087,,dataset
tbf_imgs,D:\Dineth\focus_binary_benchmark\dataset\tbf_imgs\unfocused\FieldPos087\FieldPos087_page_9.png,0,FieldPos087,,dataset
tbf_imgs,D:\Dineth\focus_binary_benchmark\dataset\tbf_imgs\unfocused\FieldPos088\FieldPos088_page_1.png,0,FieldPos088,,dataset
tbf_imgs,D:\Dineth\focus_binary_benchmark\dataset\tbf_imgs\unfocused\FieldPos088\FieldPos088_page_10.png,0,FieldPos088,,dataset
tbf_imgs,D:\Dineth\focus_binary_benchmark\dataset\tbf_imgs\unfocused\FieldPos088\FieldPos088_page_11.png,0,FieldPos088,,dataset
tbf_imgs,D:\Dineth\focus_binary_benchmark\dataset\tbf_imgs\unfocused\FieldPos088\FieldPos088_page_12.png,0,FieldPos088,,dataset
tbf_imgs,D:\Dineth\focus_binary_benchmark\dataset\tbf_imgs\unfocused\FieldPos088\FieldPos088_page_13.png,0,FieldPos088,,dataset
tbf_imgs,D:\Dineth\focus_binary_benchmark\dataset\tbf_imgs\unfocused\FieldPos088\FieldPos088_page_14.png,0,FieldPos088,,dataset
tbf_imgs,D:\Dineth\focus_binary_benchmark\dataset\tbf_imgs\unfocused\FieldPos088\FieldPos088_page_2.png,0,FieldPos088,,dataset
tbf_imgs,D:\Dineth\focus_binary_benchmark\dataset\tbf_imgs\unfocused\FieldPos088\FieldPos088_page_3.png,0,FieldPos088,,dataset
tbf_imgs,D:\Dineth\focus_binary_benchmark\dataset\tbf_imgs\unfocused\FieldPos088\FieldPos088_page_4.png,0,FieldPos088,,dataset
tbf_imgs,D:\Dineth\focus_binary_benchmark\dataset\tbf_imgs\unfocused\FieldPos088\FieldPos088_page_5.png,0,FieldPos088,,dataset
tbf_imgs,D:\Dineth\focus_binary_benchmark\dataset\tbf_imgs\unfocused\FieldPos088\FieldPos088_page_6.png,0,FieldPos088,,dataset
tbf_imgs,D:\Dineth\focus_binary_benchmark\dataset\tbf_imgs\unfocused\FieldPos089\FieldPos089_page_1.png,0,FieldPos089,,dataset
tbf_imgs,D:\Dineth\focus_binary_benchmark\dataset\tbf_imgs\unfocused\FieldPos089\FieldPos089_page_10.png,0,FieldPos089,,dataset
tbf_imgs,D:\Dineth\focus_binary_benchmark\dataset\tbf_imgs\unfocused\FieldPos089\FieldPos089_page_11.png,0,FieldPos089,,dataset
tbf_imgs,D:\Dineth\focus_binary_benchmark\dataset\tbf_imgs\unfocused\FieldPos089\FieldPos089_page_12.png,0,FieldPos089,,dataset
tbf_imgs,D:\Dineth\focus_binary_benchmark\dataset\tbf_imgs\unfocused\FieldPos089\FieldPos089_page_13.png,0,FieldPos089,,dataset
tbf_imgs,D:\Dineth\focus_binary_benchmark\dataset\tbf_imgs\unfocused\FieldPos089\FieldPos089_page_14.png,0,FieldPos089,,dataset
tbf_imgs,D:\Dineth\focus_binary_benchmark\dataset\tbf_imgs\unfocused\FieldPos089\FieldPos089_page_2.png,0,FieldPos089,,dataset
tbf_imgs,D:\Dineth\focus_binary_benchmark\dataset\tbf_imgs\unfocused\FieldPos089\FieldPos089_page_3.png,0,FieldPos089,,dataset
tbf_imgs,D:\Dineth\focus_binary_benchmark\dataset\tbf_imgs\unfocused\FieldPos089\FieldPos089_page_4.png,0,FieldPos089,,dataset
tbf_imgs,D:\Dineth\focus_binary_benchmark\dataset\tbf_imgs\unfocused\FieldPos089\FieldPos089_page_8.png,0,FieldPos089,,dataset
tbf_imgs,D:\Dineth\focus_binary_benchmark\dataset\tbf_imgs\unfocused\FieldPos089\FieldPos089_page_9.png,0,FieldPos089,,dataset
tbf_imgs,D:\Dineth\focus_binary_benchmark\dataset\tbf_imgs\unfocused\FieldPos090\FieldPos090_page_1.png,0,FieldPos090,,dataset
tbf_imgs,D:\Dineth\focus_binary_benchmark\dataset\tbf_imgs\unfocused\FieldPos090\FieldPos090_page_10.png,0,FieldPos090,,dataset
tbf_imgs,D:\Dineth\focus_binary_benchmark\dataset\tbf_imgs\unfocused\FieldPos090\FieldPos090_page_11.png,0,FieldPos090,,dataset
tbf_imgs,D:\Dineth\focus_binary_benchmark\dataset\tbf_imgs\unfocused\FieldPos090\FieldPos090_page_12.png,0,FieldPos090,,dataset
tbf_imgs,D:\Dineth\focus_binary_benchmark\dataset\tbf_imgs\unfocused\FieldPos090\FieldPos090_page_13.png,0,FieldPos090,,dataset
tbf_imgs,D:\Dineth\focus_binary_benchmark\dataset\tbf_imgs\unfocused\FieldPos090\FieldPos090_page_14.png,0,FieldPos090,,dataset
tbf_imgs,D:\Dineth\focus_binary_benchmark\dataset\tbf_imgs\unfocused\FieldPos090\FieldPos090_page_2.png,0,FieldPos090,,dataset
tbf_imgs,D:\Dineth\focus_binary_benchmark\dataset\tbf_imgs\unfocused\FieldPos090\FieldPos090_page_3.png,0,FieldPos090,,dataset
tbf_imgs,D:\Dineth\focus_binary_benchmark\dataset\tbf_imgs\unfocused\FieldPos090\FieldPos090_page_4.png,0,FieldPos090,,dataset
tbf_imgs,D:\Dineth\focus_binary_benchmark\dataset\tbf_imgs\unfocused\FieldPos090\FieldPos090_page_8.png,0,FieldPos090,,dataset
tbf_imgs,D:\Dineth\focus_binary_benchmark\dataset\tbf_imgs\unfocused\FieldPos090\FieldPos090_page_9.png,0,FieldPos090,,dataset
tbf_imgs,D:\Dineth\focus_binary_benchmark\dataset\tbf_imgs\unfocused\FieldPos090 (2)\FieldPos090 (2)_page_1.png,0,FieldPos090 (2),,dataset
tbf_imgs,D:\Dineth\focus_binary_benchmark\dataset\tbf_imgs\unfocused\FieldPos090 (2)\FieldPos090 (2)_page_10.png,0,FieldPos090 (2),,dataset
tbf_imgs,D:\Dineth\focus_binary_benchmark\dataset\tbf_imgs\unfocused\FieldPos090 (2)\FieldPos090 (2)_page_11.png,0,FieldPos090 (2),,dataset
tbf_imgs,D:\Dineth\focus_binary_benchmark\dataset\tbf_imgs\unfocused\FieldPos090 (2)\FieldPos090 (2)_page_12.png,0,FieldPos090 (2),,dataset
tbf_imgs,D:\Dineth\focus_binary_benchmark\dataset\tbf_imgs\unfocused\FieldPos090 (2)\FieldPos090 (2)_page_13.png,0,FieldPos090 (2),,dataset
tbf_imgs,D:\Dineth\focus_binary_benchmark\dataset\tbf_imgs\unfocused\FieldPos090 (2)\FieldPos090 (2)_page_14.png,0,FieldPos090 (2),,dataset
tbf_imgs,D:\Dineth\focus_binary_benchmark\dataset\tbf_imgs\unfocused\FieldPos090 (2)\FieldPos090 (2)_page_2.png,0,FieldPos090 (2),,dataset
tbf_imgs,D:\Dineth\focus_binary_benchmark\dataset\tbf_imgs\unfocused\FieldPos090 (2)\FieldPos090 (2)_page_3.png,0,FieldPos090 (2),,dataset
tbf_imgs,D:\Dineth\focus_binary_benchmark\dataset\tbf_imgs\unfocused\FieldPos090 (2)\FieldPos090 (2)_page_4.png,0,FieldPos090 (2),,dataset
tbf_imgs,D:\Dineth\focus_binary_benchmark\dataset\tbf_imgs\unfocused\FieldPos090 (2)\FieldPos090 (2)_page_8.png,0,FieldPos090 (2),,dataset
tbf_imgs,D:\Dineth\focus_binary_benchmark\dataset\tbf_imgs\unfocused\FieldPos090 (2)\FieldPos090 (2)_page_9.png,0,FieldPos090 (2),,dataset
tbf_imgs,D:\Dineth\focus_binary_benchmark\dataset\tbf_imgs\unfocused\FieldPos091\FieldPos091_page_1.png,0,FieldPos091,,dataset
tbf_imgs,D:\Dineth\focus_binary_benchmark\dataset\tbf_imgs\unfocused\FieldPos091\FieldPos091_page_10.png,0,FieldPos091,,dataset
tbf_imgs,D:\Dineth\focus_binary_benchmark\dataset\tbf_imgs\unfocused\FieldPos091\FieldPos091_page_11.png,0,FieldPos091,,dataset
tbf_imgs,D:\Dineth\focus_binary_benchmark\dataset\tbf_imgs\unfocused\FieldPos091\FieldPos091_page_12.png,0,FieldPos091,,dataset
tbf_imgs,D:\Dineth\focus_binary_benchmark\dataset\tbf_imgs\unfocused\FieldPos091\FieldPos091_page_13.png,0,FieldPos091,,dataset
tbf_imgs,D:\Dineth\focus_binary_benchmark\dataset\tbf_imgs\unfocused\FieldPos091\FieldPos091_page_14.png,0,FieldPos091,,dataset
tbf_imgs,D:\Dineth\focus_binary_benchmark\dataset\tbf_imgs\unfocused\FieldPos091\FieldPos091_page_2.png,0,FieldPos091,,dataset
tbf_imgs,D:\Dineth\focus_binary_benchmark\dataset\tbf_imgs\unfocused\FieldPos091\FieldPos091_page_3.png,0,FieldPos091,,dataset
tbf_imgs,D:\Dineth\focus_binary_benchmark\dataset\tbf_imgs\unfocused\FieldPos091\FieldPos091_page_4.png,0,FieldPos091,,dataset
tbf_imgs,D:\Dineth\focus_binary_benchmark\dataset\tbf_imgs\unfocused\FieldPos091\FieldPos091_page_5.png,0,FieldPos091,,dataset
tbf_imgs,D:\Dineth\focus_binary_benchmark\dataset\tbf_imgs\unfocused\FieldPos091\FieldPos091_page_9.png,0,FieldPos091,,dataset
tbf_imgs,D:\Dineth\focus_binary_benchmark\dataset\tbf_imgs\unfocused\FieldPos092\FieldPos092_page_1.png,0,FieldPos092,,dataset
tbf_imgs,D:\Dineth\focus_binary_benchmark\dataset\tbf_imgs\unfocused\FieldPos092\FieldPos092_page_10.png,0,FieldPos092,,dataset
tbf_imgs,D:\Dineth\focus_binary_benchmark\dataset\tbf_imgs\unfocused\FieldPos092\FieldPos092_page_11.png,0,FieldPos092,,dataset
tbf_imgs,D:\Dineth\focus_binary_benchmark\dataset\tbf_imgs\unfocused\FieldPos092\FieldPos092_page_12.png,0,FieldPos092,,dataset
tbf_imgs,D:\Dineth\focus_binary_benchmark\dataset\tbf_imgs\unfocused\FieldPos092\FieldPos092_page_13.png,0,FieldPos092,,dataset
tbf_imgs,D:\Dineth\focus_binary_benchmark\dataset\tbf_imgs\unfocused\FieldPos092\FieldPos092_page_14.png,0,FieldPos092,,dataset
tbf_imgs,D:\Dineth\focus_binary_benchmark\dataset\tbf_imgs\unfocused\FieldPos092\FieldPos092_page_2.png,0,FieldPos092,,dataset
tbf_imgs,D:\Dineth\focus_binary_benchmark\dataset\tbf_imgs\unfocused\FieldPos092\FieldPos092_page_3.png,0,FieldPos092,,dataset
tbf_imgs,D:\Dineth\focus_binary_benchmark\dataset\tbf_imgs\unfocused\FieldPos092\FieldPos092_page_4.png,0,FieldPos092,,dataset
tbf_imgs,D:\Dineth\focus_binary_benchmark\dataset\tbf_imgs\unfocused\FieldPos092\FieldPos092_page_8.png,0,FieldPos092,,dataset
tbf_imgs,D:\Dineth\focus_binary_benchmark\dataset\tbf_imgs\unfocused\FieldPos092\FieldPos092_page_9.png,0,FieldPos092,,dataset
tbf_imgs,D:\Dineth\focus_binary_benchmark\dataset\tbf_imgs\unfocused\FieldPos093\FieldPos093_page_1.png,0,FieldPos093,,dataset
tbf_imgs,D:\Dineth\focus_binary_benchmark\dataset\tbf_imgs\unfocused\FieldPos093\FieldPos093_page_10.png,0,FieldPos093,,dataset
tbf_imgs,D:\Dineth\focus_binary_benchmark\dataset\tbf_imgs\unfocused\FieldPos093\FieldPos093_page_11.png,0,FieldPos093,,dataset
tbf_imgs,D:\Dineth\focus_binary_benchmark\dataset\tbf_imgs\unfocused\FieldPos093\FieldPos093_page_12.png,0,FieldPos093,,dataset
tbf_imgs,D:\Dineth\focus_binary_benchmark\dataset\tbf_imgs\unfocused\FieldPos093\FieldPos093_page_13.png,0,FieldPos093,,dataset
tbf_imgs,D:\Dineth\focus_binary_benchmark\dataset\tbf_imgs\unfocused\FieldPos093\FieldPos093_page_14.png,0,FieldPos093,,dataset
tbf_imgs,D:\Dineth\focus_binary_benchmark\dataset\tbf_imgs\unfocused\FieldPos093\FieldPos093_page_2.png,0,FieldPos093,,dataset
tbf_imgs,D:\Dineth\focus_binary_benchmark\dataset\tbf_imgs\unfocused\FieldPos093\FieldPos093_page_3.png,0,FieldPos093,,dataset
tbf_imgs,D:\Dineth\focus_binary_benchmark\dataset\tbf_imgs\unfocused\FieldPos093\FieldPos093_page_7.png,0,FieldPos093,,dataset
tbf_imgs,D:\Dineth\focus_binary_benchmark\dataset\tbf_imgs\unfocused\FieldPos093\FieldPos093_page_8.png,0,FieldPos093,,dataset
tbf_imgs,D:\Dineth\focus_binary_benchmark\dataset\tbf_imgs\unfocused\FieldPos093\FieldPos093_page_9.png,0,FieldPos093,,dataset
tbf_imgs,D:\Dineth\focus_binary_benchmark\dataset\tbf_imgs\unfocused\FieldPos094\FieldPos094_page_1.png,0,FieldPos094,,dataset
tbf_imgs,D:\Dineth\focus_binary_benchmark\dataset\tbf_imgs\unfocused\FieldPos094\FieldPos094_page_10.png,0,FieldPos094,,dataset
tbf_imgs,D:\Dineth\focus_binary_benchmark\dataset\tbf_imgs\unfocused\FieldPos094\FieldPos094_page_11.png,0,FieldPos094,,dataset
tbf_imgs,D:\Dineth\focus_binary_benchmark\dataset\tbf_imgs\unfocused\FieldPos094\FieldPos094_page_12.png,0,FieldPos094,,dataset
tbf_imgs,D:\Dineth\focus_binary_benchmark\dataset\tbf_imgs\unfocused\FieldPos094\FieldPos094_page_13.png,0,FieldPos094,,dataset
tbf_imgs,D:\Dineth\focus_binary_benchmark\dataset\tbf_imgs\unfocused\FieldPos094\FieldPos094_page_14.png,0,FieldPos094,,dataset
tbf_imgs,D:\Dineth\focus_binary_benchmark\dataset\tbf_imgs\unfocused\FieldPos094\FieldPos094_page_2.png,0,FieldPos094,,dataset
tbf_imgs,D:\Dineth\focus_binary_benchmark\dataset\tbf_imgs\unfocused\FieldPos094\FieldPos094_page_3.png,0,FieldPos094,,dataset
tbf_imgs,D:\Dineth\focus_binary_benchmark\dataset\tbf_imgs\unfocused\FieldPos094\FieldPos094_page_4.png,0,FieldPos094,,dataset
tbf_imgs,D:\Dineth\focus_binary_benchmark\dataset\tbf_imgs\unfocused\FieldPos094\FieldPos094_page_8.png,0,FieldPos094,,dataset
tbf_imgs,D:\Dineth\focus_binary_benchmark\dataset\tbf_imgs\unfocused\FieldPos094\FieldPos094_page_9.png,0,FieldPos094,,dataset
tbf_imgs,D:\Dineth\focus_binary_benchmark\dataset\tbf_imgs\unfocused\FieldPos095\FieldPos095_page_1.png,0,FieldPos095,,dataset
tbf_imgs,D:\Dineth\focus_binary_benchmark\dataset\tbf_imgs\unfocused\FieldPos095\FieldPos095_page_10.png,0,FieldPos095,,dataset
tbf_imgs,D:\Dineth\focus_binary_benchmark\dataset\tbf_imgs\unfocused\FieldPos095\FieldPos095_page_11.png,0,FieldPos095,,dataset
tbf_imgs,D:\Dineth\focus_binary_benchmark\dataset\tbf_imgs\unfocused\FieldPos095\FieldPos095_page_12.png,0,FieldPos095,,dataset
tbf_imgs,D:\Dineth\focus_binary_benchmark\dataset\tbf_imgs\unfocused\FieldPos095\FieldPos095_page_13.png,0,FieldPos095,,dataset
tbf_imgs,D:\Dineth\focus_binary_benchmark\dataset\tbf_imgs\unfocused\FieldPos095\FieldPos095_page_14.png,0,FieldPos095,,dataset
tbf_imgs,D:\Dineth\focus_binary_benchmark\dataset\tbf_imgs\unfocused\FieldPos095\FieldPos095_page_2.png,0,FieldPos095,,dataset
tbf_imgs,D:\Dineth\focus_binary_benchmark\dataset\tbf_imgs\unfocused\FieldPos095\FieldPos095_page_3.png,0,FieldPos095,,dataset
tbf_imgs,D:\Dineth\focus_binary_benchmark\dataset\tbf_imgs\unfocused\FieldPos095\FieldPos095_page_7.png,0,FieldPos095,,dataset
tbf_imgs,D:\Dineth\focus_binary_benchmark\dataset\tbf_imgs\unfocused\FieldPos095\FieldPos095_page_8.png,0,FieldPos095,,dataset
tbf_imgs,D:\Dineth\focus_binary_benchmark\dataset\tbf_imgs\unfocused\FieldPos095\FieldPos095_page_9.png,0,FieldPos095,,dataset
tbf_imgs,D:\Dineth\focus_binary_benchmark\dataset\tbf_imgs\unfocused\FieldPos096\FieldPos096_page_1.png,0,FieldPos096,,dataset
tbf_imgs,D:\Dineth\focus_binary_benchmark\dataset\tbf_imgs\unfocused\FieldPos096\FieldPos096_page_10.png,0,FieldPos096,,dataset
tbf_imgs,D:\Dineth\focus_binary_benchmark\dataset\tbf_imgs\unfocused\FieldPos096\FieldPos096_page_11.png,0,FieldPos096,,dataset
tbf_imgs,D:\Dineth\focus_binary_benchmark\dataset\tbf_imgs\unfocused\FieldPos096\FieldPos096_page_12.png,0,FieldPos096,,dataset
tbf_imgs,D:\Dineth\focus_binary_benchmark\dataset\tbf_imgs\unfocused\FieldPos096\FieldPos096_page_13.png,0,FieldPos096,,dataset
tbf_imgs,D:\Dineth\focus_binary_benchmark\dataset\tbf_imgs\unfocused\FieldPos096\FieldPos096_page_14.png,0,FieldPos096,,dataset
tbf_imgs,D:\Dineth\focus_binary_benchmark\dataset\tbf_imgs\unfocused\FieldPos096\FieldPos096_page_2.png,0,FieldPos096,,dataset
tbf_imgs,D:\Dineth\focus_binary_benchmark\dataset\tbf_imgs\unfocused\FieldPos096\FieldPos096_page_3.png,0,FieldPos096,,dataset
tbf_imgs,D:\Dineth\focus_binary_benchmark\dataset\tbf_imgs\unfocused\FieldPos096\FieldPos096_page_4.png,0,FieldPos096,,dataset
tbf_imgs,D:\Dineth\focus_binary_benchmark\dataset\tbf_imgs\unfocused\FieldPos096\FieldPos096_page_8.png,0,FieldPos096,,dataset
tbf_imgs,D:\Dineth\focus_binary_benchmark\dataset\tbf_imgs\unfocused\FieldPos096\FieldPos096_page_9.png,0,FieldPos096,,dataset
tbf_imgs,D:\Dineth\focus_binary_benchmark\dataset\tbf_imgs\unfocused\FieldPos097\FieldPos097_page_1.png,0,FieldPos097,,dataset
tbf_imgs,D:\Dineth\focus_binary_benchmark\dataset\tbf_imgs\unfocused\FieldPos097\FieldPos097_page_10.png,0,FieldPos097,,dataset
tbf_imgs,D:\Dineth\focus_binary_benchmark\dataset\tbf_imgs\unfocused\FieldPos097\FieldPos097_page_11.png,0,FieldPos097,,dataset
tbf_imgs,D:\Dineth\focus_binary_benchmark\dataset\tbf_imgs\unfocused\FieldPos097\FieldPos097_page_12.png,0,FieldPos097,,dataset
tbf_imgs,D:\Dineth\focus_binary_benchmark\dataset\tbf_imgs\unfocused\FieldPos097\FieldPos097_page_13.png,0,FieldPos097,,dataset
tbf_imgs,D:\Dineth\focus_binary_benchmark\dataset\tbf_imgs\unfocused\FieldPos097\FieldPos097_page_14.png,0,FieldPos097,,dataset
tbf_imgs,D:\Dineth\focus_binary_benchmark\dataset\tbf_imgs\unfocused\FieldPos097\FieldPos097_page_2.png,0,FieldPos097,,dataset
tbf_imgs,D:\Dineth\focus_binary_benchmark\dataset\tbf_imgs\unfocused\FieldPos097\FieldPos097_page_3.png,0,FieldPos097,,dataset
tbf_imgs,D:\Dineth\focus_binary_benchmark\dataset\tbf_imgs\unfocused\FieldPos097\FieldPos097_page_4.png,0,FieldPos097,,dataset
tbf_imgs,D:\Dineth\focus_binary_benchmark\dataset\tbf_imgs\unfocused\FieldPos097\FieldPos097_page_8.png,0,FieldPos097,,dataset
tbf_imgs,D:\Dineth\focus_binary_benchmark\dataset\tbf_imgs\unfocused\FieldPos097\FieldPos097_page_9.png,0,FieldPos097,,dataset
tbf_imgs,D:\Dineth\focus_binary_benchmark\dataset\tbf_imgs\unfocused\FieldPos098\FieldPos098_page_1.png,0,FieldPos098,,dataset
tbf_imgs,D:\Dineth\focus_binary_benchmark\dataset\tbf_imgs\unfocused\FieldPos098\FieldPos098_page_10.png,0,FieldPos098,,dataset
tbf_imgs,D:\Dineth\focus_binary_benchmark\dataset\tbf_imgs\unfocused\FieldPos098\FieldPos098_page_11.png,0,FieldPos098,,dataset
tbf_imgs,D:\Dineth\focus_binary_benchmark\dataset\tbf_imgs\unfocused\FieldPos098\FieldPos098_page_12.png,0,FieldPos098,,dataset
tbf_imgs,D:\Dineth\focus_binary_benchmark\dataset\tbf_imgs\unfocused\FieldPos098\FieldPos098_page_13.png,0,FieldPos098,,dataset
tbf_imgs,D:\Dineth\focus_binary_benchmark\dataset\tbf_imgs\unfocused\FieldPos098\FieldPos098_page_14.png,0,FieldPos098,,dataset
tbf_imgs,D:\Dineth\focus_binary_benchmark\dataset\tbf_imgs\unfocused\FieldPos098\FieldPos098_page_2.png,0,FieldPos098,,dataset
tbf_imgs,D:\Dineth\focus_binary_benchmark\dataset\tbf_imgs\unfocused\FieldPos098\FieldPos098_page_3.png,0,FieldPos098,,dataset
tbf_imgs,D:\Dineth\focus_binary_benchmark\dataset\tbf_imgs\unfocused\FieldPos098\FieldPos098_page_4.png,0,FieldPos098,,dataset
tbf_imgs,D:\Dineth\focus_binary_benchmark\dataset\tbf_imgs\unfocused\FieldPos098\FieldPos098_page_8.png,0,FieldPos098,,dataset
tbf_imgs,D:\Dineth\focus_binary_benchmark\dataset\tbf_imgs\unfocused\FieldPos098\FieldPos098_page_9.png,0,FieldPos098,,dataset
tbf_imgs,D:\Dineth\focus_binary_benchmark\dataset\tbf_imgs\unfocused\FieldPos099\FieldPos099_page_1.png,0,FieldPos099,,dataset
tbf_imgs,D:\Dineth\focus_binary_benchmark\dataset\tbf_imgs\unfocused\FieldPos099\FieldPos099_page_10.png,0,FieldPos099,,dataset
tbf_imgs,D:\Dineth\focus_binary_benchmark\dataset\tbf_imgs\unfocused\FieldPos099\FieldPos099_page_11.png,0,FieldPos099,,dataset
tbf_imgs,D:\Dineth\focus_binary_benchmark\dataset\tbf_imgs\unfocused\FieldPos099\FieldPos099_page_12.png,0,FieldPos099,,dataset
tbf_imgs,D:\Dineth\focus_binary_benchmark\dataset\tbf_imgs\unfocused\FieldPos099\FieldPos099_page_13.png,0,FieldPos099,,dataset
tbf_imgs,D:\Dineth\focus_binary_benchmark\dataset\tbf_imgs\unfocused\FieldPos099\FieldPos099_page_14.png,0,FieldPos099,,dataset
tbf_imgs,D:\Dineth\focus_binary_benchmark\dataset\tbf_imgs\unfocused\FieldPos099\FieldPos099_page_2.png,0,FieldPos099,,dataset
tbf_imgs,D:\Dineth\focus_binary_benchmark\dataset\tbf_imgs\unfocused\FieldPos099\FieldPos099_page_3.png,0,FieldPos099,,dataset
tbf_imgs,D:\Dineth\focus_binary_benchmark\dataset\tbf_imgs\unfocused\FieldPos099\FieldPos099_page_4.png,0,FieldPos099,,dataset
tbf_imgs,D:\Dineth\focus_binary_benchmark\dataset\tbf_imgs\unfocused\FieldPos099\FieldPos099_page_8.png,0,FieldPos099,,dataset
tbf_imgs,D:\Dineth\focus_binary_benchmark\dataset\tbf_imgs\unfocused\FieldPos099\FieldPos099_page_9.png,0,FieldPos099,,dataset
tbf_imgs,D:\Dineth\focus_binary_benchmark\dataset\tbf_imgs\unfocused\FieldPos100\FieldPos100_page_1.png,0,FieldPos100,,dataset
tbf_imgs,D:\Dineth\focus_binary_benchmark\dataset\tbf_imgs\unfocused\FieldPos100\FieldPos100_page_10.png,0,FieldPos100,,dataset
tbf_imgs,D:\Dineth\focus_binary_benchmark\dataset\tbf_imgs\unfocused\FieldPos100\FieldPos100_page_11.png,0,FieldPos100,,dataset
tbf_imgs,D:\Dineth\focus_binary_benchmark\dataset\tbf_imgs\unfocused\FieldPos100\FieldPos100_page_12.png,0,FieldPos100,,dataset
tbf_imgs,D:\Dineth\focus_binary_benchmark\dataset\tbf_imgs\unfocused\FieldPos100\FieldPos100_page_13.png,0,FieldPos100,,dataset
tbf_imgs,D:\Dineth\focus_binary_benchmark\dataset\tbf_imgs\unfocused\FieldPos100\FieldPos100_page_14.png,0,FieldPos100,,dataset
tbf_imgs,D:\Dineth\focus_binary_benchmark\dataset\tbf_imgs\unfocused\FieldPos100\FieldPos100_page_2.png,0,FieldPos100,,dataset
tbf_imgs,D:\Dineth\focus_binary_benchmark\dataset\tbf_imgs\unfocused\FieldPos100\FieldPos100_page_3.png,0,FieldPos100,,dataset
tbf_imgs,D:\Dineth\focus_binary_benchmark\dataset\tbf_imgs\unfocused\FieldPos100\FieldPos100_page_4.png,0,FieldPos100,,dataset
tbf_imgs,D:\Dineth\focus_binary_benchmark\dataset\tbf_imgs\unfocused\FieldPos100\FieldPos100_page_8.png,0,FieldPos100,,dataset
tbf_imgs,D:\Dineth\focus_binary_benchmark\dataset\tbf_imgs\unfocused\FieldPos100\FieldPos100_page_9.png,0,FieldPos100,,dataset
tbf_imgs,D:\Dineth\focus_binary_benchmark\dataset\tbf_imgs\unfocused\FieldPos101\FieldPos101_page_1.png,0,FieldPos101,,dataset
tbf_imgs,D:\Dineth\focus_binary_benchmark\dataset\tbf_imgs\unfocused\FieldPos101\FieldPos101_page_10.png,0,FieldPos101,,dataset
tbf_imgs,D:\Dineth\focus_binary_benchmark\dataset\tbf_imgs\unfocused\FieldPos101\FieldPos101_page_11.png,0,FieldPos101,,dataset
tbf_imgs,D:\Dineth\focus_binary_benchmark\dataset\tbf_imgs\unfocused\FieldPos101\FieldPos101_page_12.png,0,FieldPos101,,dataset
tbf_imgs,D:\Dineth\focus_binary_benchmark\dataset\tbf_imgs\unfocused\FieldPos101\FieldPos101_page_13.png,0,FieldPos101,,dataset
tbf_imgs,D:\Dineth\focus_binary_benchmark\dataset\tbf_imgs\unfocused\FieldPos101\FieldPos101_page_14.png,0,FieldPos101,,dataset
tbf_imgs,D:\Dineth\focus_binary_benchmark\dataset\tbf_imgs\unfocused\FieldPos101\FieldPos101_page_2.png,0,FieldPos101,,dataset
tbf_imgs,D:\Dineth\focus_binary_benchmark\dataset\tbf_imgs\unfocused\FieldPos101\FieldPos101_page_3.png,0,FieldPos101,,dataset
tbf_imgs,D:\Dineth\focus_binary_benchmark\dataset\tbf_imgs\unfocused\FieldPos101\FieldPos101_page_4.png,0,FieldPos101,,dataset
tbf_imgs,D:\Dineth\focus_binary_benchmark\dataset\tbf_imgs\unfocused\FieldPos101\FieldPos101_page_8.png,0,FieldPos101,,dataset
tbf_imgs,D:\Dineth\focus_binary_benchmark\dataset\tbf_imgs\unfocused\FieldPos101\FieldPos101_page_9.png,0,FieldPos101,,dataset
tbf_imgs,D:\Dineth\focus_binary_benchmark\dataset\tbf_imgs\unfocused\FieldPos102\FieldPos102_page_1.png,0,FieldPos102,,dataset
tbf_imgs,D:\Dineth\focus_binary_benchmark\dataset\tbf_imgs\unfocused\FieldPos102\FieldPos102_page_10.png,0,FieldPos102,,dataset
tbf_imgs,D:\Dineth\focus_binary_benchmark\dataset\tbf_imgs\unfocused\FieldPos102\FieldPos102_page_11.png,0,FieldPos102,,dataset
tbf_imgs,D:\Dineth\focus_binary_benchmark\dataset\tbf_imgs\unfocused\FieldPos102\FieldPos102_page_12.png,0,FieldPos102,,dataset
tbf_imgs,D:\Dineth\focus_binary_benchmark\dataset\tbf_imgs\unfocused\FieldPos102\FieldPos102_page_13.png,0,FieldPos102,,dataset
tbf_imgs,D:\Dineth\focus_binary_benchmark\dataset\tbf_imgs\unfocused\FieldPos102\FieldPos102_page_14.png,0,FieldPos102,,dataset
tbf_imgs,D:\Dineth\focus_binary_benchmark\dataset\tbf_imgs\unfocused\FieldPos102\FieldPos102_page_2.png,0,FieldPos102,,dataset
tbf_imgs,D:\Dineth\focus_binary_benchmark\dataset\tbf_imgs\unfocused\FieldPos102\FieldPos102_page_3.png,0,FieldPos102,,dataset
tbf_imgs,D:\Dineth\focus_binary_benchmark\dataset\tbf_imgs\unfocused\FieldPos102\FieldPos102_page_4.png,0,FieldPos102,,dataset
tbf_imgs,D:\Dineth\focus_binary_benchmark\dataset\tbf_imgs\unfocused\FieldPos102\FieldPos102_page_5.png,0,FieldPos102,,dataset
tbf_imgs,D:\Dineth\focus_binary_benchmark\dataset\tbf_imgs\unfocused\FieldPos102\FieldPos102_page_9.png,0,FieldPos102,,dataset
tbf_imgs,D:\Dineth\focus_binary_benchmark\dataset\tbf_imgs\unfocused\FieldPos103\FieldPos103_page_1.png,0,FieldPos103,,dataset
tbf_imgs,D:\Dineth\focus_binary_benchmark\dataset\tbf_imgs\unfocused\FieldPos103\FieldPos103_page_10.png,0,FieldPos103,,dataset
tbf_imgs,D:\Dineth\focus_binary_benchmark\dataset\tbf_imgs\unfocused\FieldPos103\FieldPos103_page_11.png,0,FieldPos103,,dataset
tbf_imgs,D:\Dineth\focus_binary_benchmark\dataset\tbf_imgs\unfocused\FieldPos103\FieldPos103_page_12.png,0,FieldPos103,,dataset
tbf_imgs,D:\Dineth\focus_binary_benchmark\dataset\tbf_imgs\unfocused\FieldPos103\FieldPos103_page_13.png,0,FieldPos103,,dataset
tbf_imgs,D:\Dineth\focus_binary_benchmark\dataset\tbf_imgs\unfocused\FieldPos103\FieldPos103_page_14.png,0,FieldPos103,,dataset
tbf_imgs,D:\Dineth\focus_binary_benchmark\dataset\tbf_imgs\unfocused\FieldPos103\FieldPos103_page_2.png,0,FieldPos103,,dataset
tbf_imgs,D:\Dineth\focus_binary_benchmark\dataset\tbf_imgs\unfocused\FieldPos103\FieldPos103_page_3.png,0,FieldPos103,,dataset
tbf_imgs,D:\Dineth\focus_binary_benchmark\dataset\tbf_imgs\unfocused\FieldPos103\FieldPos103_page_4.png,0,FieldPos103,,dataset
tbf_imgs,D:\Dineth\focus_binary_benchmark\dataset\tbf_imgs\unfocused\FieldPos103\FieldPos103_page_5.png,0,FieldPos103,,dataset
tbf_imgs,D:\Dineth\focus_binary_benchmark\dataset\tbf_imgs\unfocused\FieldPos103\FieldPos103_page_6.png,0,FieldPos103,,dataset
tbf_imgs,D:\Dineth\focus_binary_benchmark\dataset\tbf_imgs\unfocused\FieldPos103 (2)\FieldPos103 (2)_page_1.png,0,FieldPos103 (2),,dataset
tbf_imgs,D:\Dineth\focus_binary_benchmark\dataset\tbf_imgs\unfocused\FieldPos103 (2)\FieldPos103 (2)_page_10.png,0,FieldPos103 (2),,dataset
tbf_imgs,D:\Dineth\focus_binary_benchmark\dataset\tbf_imgs\unfocused\FieldPos103 (2)\FieldPos103 (2)_page_11.png,0,FieldPos103 (2),,dataset
tbf_imgs,D:\Dineth\focus_binary_benchmark\dataset\tbf_imgs\unfocused\FieldPos103 (2)\FieldPos103 (2)_page_12.png,0,FieldPos103 (2),,dataset
tbf_imgs,D:\Dineth\focus_binary_benchmark\dataset\tbf_imgs\unfocused\FieldPos103 (2)\FieldPos103 (2)_page_13.png,0,FieldPos103 (2),,dataset
tbf_imgs,D:\Dineth\focus_binary_benchmark\dataset\tbf_imgs\unfocused\FieldPos103 (2)\FieldPos103 (2)_page_14.png,0,FieldPos103 (2),,dataset
tbf_imgs,D:\Dineth\focus_binary_benchmark\dataset\tbf_imgs\unfocused\FieldPos103 (2)\FieldPos103 (2)_page_2.png,0,FieldPos103 (2),,dataset
tbf_imgs,D:\Dineth\focus_binary_benchmark\dataset\tbf_imgs\unfocused\FieldPos103 (2)\FieldPos103 (2)_page_3.png,0,FieldPos103 (2),,dataset
tbf_imgs,D:\Dineth\focus_binary_benchmark\dataset\tbf_imgs\unfocused\FieldPos103 (2)\FieldPos103 (2)_page_4.png,0,FieldPos103 (2),,dataset
tbf_imgs,D:\Dineth\focus_binary_benchmark\dataset\tbf_imgs\unfocused\FieldPos103 (2)\FieldPos103 (2)_page_5.png,0,FieldPos103 (2),,dataset
tbf_imgs,D:\Dineth\focus_binary_benchmark\dataset\tbf_imgs\unfocused\FieldPos103 (2)\FieldPos103 (2)_page_6.png,0,FieldPos103 (2),,dataset
tbf_imgs,D:\Dineth\focus_binary_benchmark\dataset\tbf_imgs\unfocused\FieldPos104\FieldPos104_page_1.png,0,FieldPos104,,dataset
tbf_imgs,D:\Dineth\focus_binary_benchmark\dataset\tbf_imgs\unfocused\FieldPos104\FieldPos104_page_10.png,0,FieldPos104,,dataset
tbf_imgs,D:\Dineth\focus_binary_benchmark\dataset\tbf_imgs\unfocused\FieldPos104\FieldPos104_page_11.png,0,FieldPos104,,dataset
tbf_imgs,D:\Dineth\focus_binary_benchmark\dataset\tbf_imgs\unfocused\FieldPos104\FieldPos104_page_12.png,0,FieldPos104,,dataset
tbf_imgs,D:\Dineth\focus_binary_benchmark\dataset\tbf_imgs\unfocused\FieldPos104\FieldPos104_page_13.png,0,FieldPos104,,dataset
tbf_imgs,D:\Dineth\focus_binary_benchmark\dataset\tbf_imgs\unfocused\FieldPos104\FieldPos104_page_14.png,0,FieldPos104,,dataset
tbf_imgs,D:\Dineth\focus_binary_benchmark\dataset\tbf_imgs\unfocused\FieldPos104\FieldPos104_page_2.png,0,FieldPos104,,dataset
tbf_imgs,D:\Dineth\focus_binary_benchmark\dataset\tbf_imgs\unfocused\FieldPos104\FieldPos104_page_3.png,0,FieldPos104,,dataset
tbf_imgs,D:\Dineth\focus_binary_benchmark\dataset\tbf_imgs\unfocused\FieldPos104\FieldPos104_page_4.png,0,FieldPos104,,dataset
tbf_imgs,D:\Dineth\focus_binary_benchmark\dataset\tbf_imgs\unfocused\FieldPos104\FieldPos104_page_5.png,0,FieldPos104,,dataset
tbf_imgs,D:\Dineth\focus_binary_benchmark\dataset\tbf_imgs\unfocused\FieldPos104\FieldPos104_page_9.png,0,FieldPos104,,dataset
tbf_imgs,D:\Dineth\focus_binary_benchmark\dataset\tbf_imgs\unfocused\FieldPos105\FieldPos105_page_1.png,0,FieldPos105,,dataset
tbf_imgs,D:\Dineth\focus_binary_benchmark\dataset\tbf_imgs\unfocused\FieldPos105\FieldPos105_page_10.png,0,FieldPos105,,dataset
tbf_imgs,D:\Dineth\focus_binary_benchmark\dataset\tbf_imgs\unfocused\FieldPos105\FieldPos105_page_11.png,0,FieldPos105,,dataset
tbf_imgs,D:\Dineth\focus_binary_benchmark\dataset\tbf_imgs\unfocused\FieldPos105\FieldPos105_page_12.png,0,FieldPos105,,dataset
tbf_imgs,D:\Dineth\focus_binary_benchmark\dataset\tbf_imgs\unfocused\FieldPos105\FieldPos105_page_13.png,0,FieldPos105,,dataset
tbf_imgs,D:\Dineth\focus_binary_benchmark\dataset\tbf_imgs\unfocused\FieldPos105\FieldPos105_page_14.png,0,FieldPos105,,dataset
tbf_imgs,D:\Dineth\focus_binary_benchmark\dataset\tbf_imgs\unfocused\FieldPos105\FieldPos105_page_2.png,0,FieldPos105,,dataset
tbf_imgs,D:\Dineth\focus_binary_benchmark\dataset\tbf_imgs\unfocused\FieldPos105\FieldPos105_page_3.png,0,FieldPos105,,dataset
tbf_imgs,D:\Dineth\focus_binary_benchmark\dataset\tbf_imgs\unfocused\FieldPos105\FieldPos105_page_4.png,0,FieldPos105,,dataset
tbf_imgs,D:\Dineth\focus_binary_benchmark\dataset\tbf_imgs\unfocused\FieldPos105\FieldPos105_page_5.png,0,FieldPos105,,dataset
tbf_imgs,D:\Dineth\focus_binary_benchmark\dataset\tbf_imgs\unfocused\FieldPos105\FieldPos105_page_9.png,0,FieldPos105,,dataset
tbf_imgs,D:\Dineth\focus_binary_benchmark\dataset\tbf_imgs\unfocused\FieldPos106\FieldPos106_page_1.png,0,FieldPos106,,dataset
tbf_imgs,D:\Dineth\focus_binary_benchmark\dataset\tbf_imgs\unfocused\FieldPos106\FieldPos106_page_10.png,0,FieldPos106,,dataset
tbf_imgs,D:\Dineth\focus_binary_benchmark\dataset\tbf_imgs\unfocused\FieldPos106\FieldPos106_page_11.png,0,FieldPos106,,dataset
tbf_imgs,D:\Dineth\focus_binary_benchmark\dataset\tbf_imgs\unfocused\FieldPos106\FieldPos106_page_12.png,0,FieldPos106,,dataset
tbf_imgs,D:\Dineth\focus_binary_benchmark\dataset\tbf_imgs\unfocused\FieldPos106\FieldPos106_page_13.png,0,FieldPos106,,dataset
tbf_imgs,D:\Dineth\focus_binary_benchmark\dataset\tbf_imgs\unfocused\FieldPos106\FieldPos106_page_14.png,0,FieldPos106,,dataset
tbf_imgs,D:\Dineth\focus_binary_benchmark\dataset\tbf_imgs\unfocused\FieldPos106\FieldPos106_page_2.png,0,FieldPos106,,dataset
tbf_imgs,D:\Dineth\focus_binary_benchmark\dataset\tbf_imgs\unfocused\FieldPos106\FieldPos106_page_3.png,0,FieldPos106,,dataset
tbf_imgs,D:\Dineth\focus_binary_benchmark\dataset\tbf_imgs\unfocused\FieldPos106\FieldPos106_page_4.png,0,FieldPos106,,dataset
tbf_imgs,D:\Dineth\focus_binary_benchmark\dataset\tbf_imgs\unfocused\FieldPos106\FieldPos106_page_5.png,0,FieldPos106,,dataset
tbf_imgs,D:\Dineth\focus_binary_benchmark\dataset\tbf_imgs\unfocused\FieldPos106\FieldPos106_page_9.png,0,FieldPos106,,dataset
tbf_imgs,D:\Dineth\focus_binary_benchmark\dataset\tbf_imgs\unfocused\FieldPos107\FieldPos107_page_1.png,0,FieldPos107,,dataset
tbf_imgs,D:\Dineth\focus_binary_benchmark\dataset\tbf_imgs\unfocused\FieldPos107\FieldPos107_page_10.png,0,FieldPos107,,dataset
tbf_imgs,D:\Dineth\focus_binary_benchmark\dataset\tbf_imgs\unfocused\FieldPos107\FieldPos107_page_11.png,0,FieldPos107,,dataset
tbf_imgs,D:\Dineth\focus_binary_benchmark\dataset\tbf_imgs\unfocused\FieldPos107\FieldPos107_page_12.png,0,FieldPos107,,dataset
tbf_imgs,D:\Dineth\focus_binary_benchmark\dataset\tbf_imgs\unfocused\FieldPos107\FieldPos107_page_13.png,0,FieldPos107,,dataset
tbf_imgs,D:\Dineth\focus_binary_benchmark\dataset\tbf_imgs\unfocused\FieldPos107\FieldPos107_page_14.png,0,FieldPos107,,dataset
tbf_imgs,D:\Dineth\focus_binary_benchmark\dataset\tbf_imgs\unfocused\FieldPos107\FieldPos107_page_2.png,0,FieldPos107,,dataset
tbf_imgs,D:\Dineth\focus_binary_benchmark\dataset\tbf_imgs\unfocused\FieldPos107\FieldPos107_page_3.png,0,FieldPos107,,dataset
tbf_imgs,D:\Dineth\focus_binary_benchmark\dataset\tbf_imgs\unfocused\FieldPos107\FieldPos107_page_7.png,0,FieldPos107,,dataset
tbf_imgs,D:\Dineth\focus_binary_benchmark\dataset\tbf_imgs\unfocused\FieldPos107\FieldPos107_page_8.png,0,FieldPos107,,dataset
tbf_imgs,D:\Dineth\focus_binary_benchmark\dataset\tbf_imgs\unfocused\FieldPos107\FieldPos107_page_9.png,0,FieldPos107,,dataset
tbf_imgs,D:\Dineth\focus_binary_benchmark\dataset\tbf_imgs\unfocused\FieldPos108\FieldPos108_page_1.png,0,FieldPos108,,dataset
tbf_imgs,D:\Dineth\focus_binary_benchmark\dataset\tbf_imgs\unfocused\FieldPos108\FieldPos108_page_10.png,0,FieldPos108,,dataset
tbf_imgs,D:\Dineth\focus_binary_benchmark\dataset\tbf_imgs\unfocused\FieldPos108\FieldPos108_page_11.png,0,FieldPos108,,dataset
tbf_imgs,D:\Dineth\focus_binary_benchmark\dataset\tbf_imgs\unfocused\FieldPos108\FieldPos108_page_12.png,0,FieldPos108,,dataset
tbf_imgs,D:\Dineth\focus_binary_benchmark\dataset\tbf_imgs\unfocused\FieldPos108\FieldPos108_page_13.png,0,FieldPos108,,dataset
tbf_imgs,D:\Dineth\focus_binary_benchmark\dataset\tbf_imgs\unfocused\FieldPos108\FieldPos108_page_14.png,0,FieldPos108,,dataset
tbf_imgs,D:\Dineth\focus_binary_benchmark\dataset\tbf_imgs\unfocused\FieldPos108\FieldPos108_page_2.png,0,FieldPos108,,dataset
tbf_imgs,D:\Dineth\focus_binary_benchmark\dataset\tbf_imgs\unfocused\FieldPos108\FieldPos108_page_3.png,0,FieldPos108,,dataset
tbf_imgs,D:\Dineth\focus_binary_benchmark\dataset\tbf_imgs\unfocused\FieldPos108\FieldPos108_page_7.png,0,FieldPos108,,dataset
tbf_imgs,D:\Dineth\focus_binary_benchmark\dataset\tbf_imgs\unfocused\FieldPos108\FieldPos108_page_8.png,0,FieldPos108,,dataset
tbf_imgs,D:\Dineth\focus_binary_benchmark\dataset\tbf_imgs\unfocused\FieldPos108\FieldPos108_page_9.png,0,FieldPos108,,dataset
tbf_imgs,D:\Dineth\focus_binary_benchmark\dataset\tbf_imgs\unfocused\FieldPos109\FieldPos109_page_1.png,0,FieldPos109,,dataset
tbf_imgs,D:\Dineth\focus_binary_benchmark\dataset\tbf_imgs\unfocused\FieldPos109\FieldPos109_page_10.png,0,FieldPos109,,dataset
tbf_imgs,D:\Dineth\focus_binary_benchmark\dataset\tbf_imgs\unfocused\FieldPos109\FieldPos109_page_11.png,0,FieldPos109,,dataset
tbf_imgs,D:\Dineth\focus_binary_benchmark\dataset\tbf_imgs\unfocused\FieldPos109\FieldPos109_page_12.png,0,FieldPos109,,dataset
tbf_imgs,D:\Dineth\focus_binary_benchmark\dataset\tbf_imgs\unfocused\FieldPos109\FieldPos109_page_13.png,0,FieldPos109,,dataset
tbf_imgs,D:\Dineth\focus_binary_benchmark\dataset\tbf_imgs\unfocused\FieldPos109\FieldPos109_page_14.png,0,FieldPos109,,dataset
tbf_imgs,D:\Dineth\focus_binary_benchmark\dataset\tbf_imgs\unfocused\FieldPos109\FieldPos109_page_2.png,0,FieldPos109,,dataset
tbf_imgs,D:\Dineth\focus_binary_benchmark\dataset\tbf_imgs\unfocused\FieldPos109\FieldPos109_page_3.png,0,FieldPos109,,dataset
tbf_imgs,D:\Dineth\focus_binary_benchmark\dataset\tbf_imgs\unfocused\FieldPos109\FieldPos109_page_7.png,0,FieldPos109,,dataset
tbf_imgs,D:\Dineth\focus_binary_benchmark\dataset\tbf_imgs\unfocused\FieldPos109\FieldPos109_page_8.png,0,FieldPos109,,dataset
tbf_imgs,D:\Dineth\focus_binary_benchmark\dataset\tbf_imgs\unfocused\FieldPos109\FieldPos109_page_9.png,0,FieldPos109,,dataset
tbf_imgs,D:\Dineth\focus_binary_benchmark\dataset\tbf_imgs\unfocused\FieldPos110\FieldPos110_page_1.png,0,FieldPos110,,dataset
tbf_imgs,D:\Dineth\focus_binary_benchmark\dataset\tbf_imgs\unfocused\FieldPos110\FieldPos110_page_10.png,0,FieldPos110,,dataset
tbf_imgs,D:\Dineth\focus_binary_benchmark\dataset\tbf_imgs\unfocused\FieldPos110\FieldPos110_page_11.png,0,FieldPos110,,dataset
tbf_imgs,D:\Dineth\focus_binary_benchmark\dataset\tbf_imgs\unfocused\FieldPos110\FieldPos110_page_12.png,0,FieldPos110,,dataset
tbf_imgs,D:\Dineth\focus_binary_benchmark\dataset\tbf_imgs\unfocused\FieldPos110\FieldPos110_page_13.png,0,FieldPos110,,dataset
tbf_imgs,D:\Dineth\focus_binary_benchmark\dataset\tbf_imgs\unfocused\FieldPos110\FieldPos110_page_14.png,0,FieldPos110,,dataset
tbf_imgs,D:\Dineth\focus_binary_benchmark\dataset\tbf_imgs\unfocused\FieldPos110\FieldPos110_page_2.png,0,FieldPos110,,dataset
tbf_imgs,D:\Dineth\focus_binary_benchmark\dataset\tbf_imgs\unfocused\FieldPos110\FieldPos110_page_3.png,0,FieldPos110,,dataset
tbf_imgs,D:\Dineth\focus_binary_benchmark\dataset\tbf_imgs\unfocused\FieldPos110\FieldPos110_page_4.png,0,FieldPos110,,dataset
tbf_imgs,D:\Dineth\focus_binary_benchmark\dataset\tbf_imgs\unfocused\FieldPos110\FieldPos110_page_5.png,0,FieldPos110,,dataset
tbf_imgs,D:\Dineth\focus_binary_benchmark\dataset\tbf_imgs\unfocused\FieldPos110\FieldPos110_page_9.png,0,FieldPos110,,dataset
tbf_imgs,D:\Dineth\focus_binary_benchmark\dataset\tbf_imgs\unfocused\FieldPos111\FieldPos111_page_1.png,0,FieldPos111,,dataset
tbf_imgs,D:\Dineth\focus_binary_benchmark\dataset\tbf_imgs\unfocused\FieldPos111\FieldPos111_page_10.png,0,FieldPos111,,dataset
tbf_imgs,D:\Dineth\focus_binary_benchmark\dataset\tbf_imgs\unfocused\FieldPos111\FieldPos111_page_11.png,0,FieldPos111,,dataset
tbf_imgs,D:\Dineth\focus_binary_benchmark\dataset\tbf_imgs\unfocused\FieldPos111\FieldPos111_page_12.png,0,FieldPos111,,dataset
tbf_imgs,D:\Dineth\focus_binary_benchmark\dataset\tbf_imgs\unfocused\FieldPos111\FieldPos111_page_13.png,0,FieldPos111,,dataset
tbf_imgs,D:\Dineth\focus_binary_benchmark\dataset\tbf_imgs\unfocused\FieldPos111\FieldPos111_page_14.png,0,FieldPos111,,dataset
tbf_imgs,D:\Dineth\focus_binary_benchmark\dataset\tbf_imgs\unfocused\FieldPos111\FieldPos111_page_2.png,0,FieldPos111,,dataset
tbf_imgs,D:\Dineth\focus_binary_benchmark\dataset\tbf_imgs\unfocused\FieldPos111\FieldPos111_page_3.png,0,FieldPos111,,dataset
tbf_imgs,D:\Dineth\focus_binary_benchmark\dataset\tbf_imgs\unfocused\FieldPos111\FieldPos111_page_4.png,0,FieldPos111,,dataset
tbf_imgs,D:\Dineth\focus_binary_benchmark\dataset\tbf_imgs\unfocused\FieldPos111\FieldPos111_page_5.png,0,FieldPos111,,dataset
tbf_imgs,D:\Dineth\focus_binary_benchmark\dataset\tbf_imgs\unfocused\FieldPos111\FieldPos111_page_6.png,0,FieldPos111,,dataset
tbf_imgs,D:\Dineth\focus_binary_benchmark\dataset\tbf_imgs\unfocused\FieldPos112\FieldPos112_page_1.png,0,FieldPos112,,dataset
tbf_imgs,D:\Dineth\focus_binary_benchmark\dataset\tbf_imgs\unfocused\FieldPos112\FieldPos112_page_10.png,0,FieldPos112,,dataset
tbf_imgs,D:\Dineth\focus_binary_benchmark\dataset\tbf_imgs\unfocused\FieldPos112\FieldPos112_page_11.png,0,FieldPos112,,dataset
tbf_imgs,D:\Dineth\focus_binary_benchmark\dataset\tbf_imgs\unfocused\FieldPos112\FieldPos112_page_12.png,0,FieldPos112,,dataset
tbf_imgs,D:\Dineth\focus_binary_benchmark\dataset\tbf_imgs\unfocused\FieldPos112\FieldPos112_page_13.png,0,FieldPos112,,dataset
tbf_imgs,D:\Dineth\focus_binary_benchmark\dataset\tbf_imgs\unfocused\FieldPos112\FieldPos112_page_14.png,0,FieldPos112,,dataset
tbf_imgs,D:\Dineth\focus_binary_benchmark\dataset\tbf_imgs\unfocused\FieldPos112\FieldPos112_page_2.png,0,FieldPos112,,dataset
tbf_imgs,D:\Dineth\focus_binary_benchmark\dataset\tbf_imgs\unfocused\FieldPos112\FieldPos112_page_3.png,0,FieldPos112,,dataset
tbf_imgs,D:\Dineth\focus_binary_benchmark\dataset\tbf_imgs\unfocused\FieldPos112\FieldPos112_page_4.png,0,FieldPos112,,dataset
tbf_imgs,D:\Dineth\focus_binary_benchmark\dataset\tbf_imgs\unfocused\FieldPos112\FieldPos112_page_5.png,0,FieldPos112,,dataset
tbf_imgs,D:\Dineth\focus_binary_benchmark\dataset\tbf_imgs\unfocused\FieldPos112\FieldPos112_page_6.png,0,FieldPos112,,dataset
tbf_imgs,D:\Dineth\focus_binary_benchmark\dataset\tbf_imgs\unfocused\FieldPos113\FieldPos113_page_1.png,0,FieldPos113,,dataset
tbf_imgs,D:\Dineth\focus_binary_benchmark\dataset\tbf_imgs\unfocused\FieldPos113\FieldPos113_page_10.png,0,FieldPos113,,dataset
tbf_imgs,D:\Dineth\focus_binary_benchmark\dataset\tbf_imgs\unfocused\FieldPos113\FieldPos113_page_11.png,0,FieldPos113,,dataset
tbf_imgs,D:\Dineth\focus_binary_benchmark\dataset\tbf_imgs\unfocused\FieldPos113\FieldPos113_page_12.png,0,FieldPos113,,dataset
tbf_imgs,D:\Dineth\focus_binary_benchmark\dataset\tbf_imgs\unfocused\FieldPos113\FieldPos113_page_13.png,0,FieldPos113,,dataset
tbf_imgs,D:\Dineth\focus_binary_benchmark\dataset\tbf_imgs\unfocused\FieldPos113\FieldPos113_page_14.png,0,FieldPos113,,dataset
tbf_imgs,D:\Dineth\focus_binary_benchmark\dataset\tbf_imgs\unfocused\FieldPos113\FieldPos113_page_2.png,0,FieldPos113,,dataset
tbf_imgs,D:\Dineth\focus_binary_benchmark\dataset\tbf_imgs\unfocused\FieldPos113\FieldPos113_page_3.png,0,FieldPos113,,dataset
tbf_imgs,D:\Dineth\focus_binary_benchmark\dataset\tbf_imgs\unfocused\FieldPos113\FieldPos113_page_4.png,0,FieldPos113,,dataset
tbf_imgs,D:\Dineth\focus_binary_benchmark\dataset\tbf_imgs\unfocused\FieldPos113\FieldPos113_page_8.png,0,FieldPos113,,dataset
tbf_imgs,D:\Dineth\focus_binary_benchmark\dataset\tbf_imgs\unfocused\FieldPos113\FieldPos113_page_9.png,0,FieldPos113,,dataset
tbf_imgs,D:\Dineth\focus_binary_benchmark\dataset\tbf_imgs\unfocused\FieldPos114\FieldPos114_page_1.png,0,FieldPos114,,dataset
tbf_imgs,D:\Dineth\focus_binary_benchmark\dataset\tbf_imgs\unfocused\FieldPos114\FieldPos114_page_10.png,0,FieldPos114,,dataset
tbf_imgs,D:\Dineth\focus_binary_benchmark\dataset\tbf_imgs\unfocused\FieldPos114\FieldPos114_page_11.png,0,FieldPos114,,dataset
tbf_imgs,D:\Dineth\focus_binary_benchmark\dataset\tbf_imgs\unfocused\FieldPos114\FieldPos114_page_12.png,0,FieldPos114,,dataset
tbf_imgs,D:\Dineth\focus_binary_benchmark\dataset\tbf_imgs\unfocused\FieldPos114\FieldPos114_page_13.png,0,FieldPos114,,dataset
tbf_imgs,D:\Dineth\focus_binary_benchmark\dataset\tbf_imgs\unfocused\FieldPos114\FieldPos114_page_14.png,0,FieldPos114,,dataset
tbf_imgs,D:\Dineth\focus_binary_benchmark\dataset\tbf_imgs\unfocused\FieldPos114\FieldPos114_page_2.png,0,FieldPos114,,dataset
tbf_imgs,D:\Dineth\focus_binary_benchmark\dataset\tbf_imgs\unfocused\FieldPos114\FieldPos114_page_3.png,0,FieldPos114,,dataset
tbf_imgs,D:\Dineth\focus_binary_benchmark\dataset\tbf_imgs\unfocused\FieldPos114\FieldPos114_page_4.png,0,FieldPos114,,dataset
tbf_imgs,D:\Dineth\focus_binary_benchmark\dataset\tbf_imgs\unfocused\FieldPos114\FieldPos114_page_8.png,0,FieldPos114,,dataset
tbf_imgs,D:\Dineth\focus_binary_benchmark\dataset\tbf_imgs\unfocused\FieldPos114\FieldPos114_page_9.png,0,FieldPos114,,dataset
tbf_imgs,D:\Dineth\focus_binary_benchmark\dataset\tbf_imgs\unfocused\FieldPos115\FieldPos115_page_1.png,0,FieldPos115,,dataset
tbf_imgs,D:\Dineth\focus_binary_benchmark\dataset\tbf_imgs\unfocused\FieldPos115\FieldPos115_page_10.png,0,FieldPos115,,dataset
tbf_imgs,D:\Dineth\focus_binary_benchmark\dataset\tbf_imgs\unfocused\FieldPos115\FieldPos115_page_11.png,0,FieldPos115,,dataset
tbf_imgs,D:\Dineth\focus_binary_benchmark\dataset\tbf_imgs\unfocused\FieldPos115\FieldPos115_page_12.png,0,FieldPos115,,dataset
tbf_imgs,D:\Dineth\focus_binary_benchmark\dataset\tbf_imgs\unfocused\FieldPos115\FieldPos115_page_13.png,0,FieldPos115,,dataset
tbf_imgs,D:\Dineth\focus_binary_benchmark\dataset\tbf_imgs\unfocused\FieldPos115\FieldPos115_page_14.png,0,FieldPos115,,dataset
tbf_imgs,D:\Dineth\focus_binary_benchmark\dataset\tbf_imgs\unfocused\FieldPos115\FieldPos115_page_2.png,0,FieldPos115,,dataset
tbf_imgs,D:\Dineth\focus_binary_benchmark\dataset\tbf_imgs\unfocused\FieldPos115\FieldPos115_page_3.png,0,FieldPos115,,dataset
tbf_imgs,D:\Dineth\focus_binary_benchmark\dataset\tbf_imgs\unfocused\FieldPos115\FieldPos115_page_7.png,0,FieldPos115,,dataset
tbf_imgs,D:\Dineth\focus_binary_benchmark\dataset\tbf_imgs\unfocused\FieldPos115\FieldPos115_page_8.png,0,FieldPos115,,dataset
tbf_imgs,D:\Dineth\focus_binary_benchmark\dataset\tbf_imgs\unfocused\FieldPos115\FieldPos115_page_9.png,0,FieldPos115,,dataset
tbf_imgs,D:\Dineth\focus_binary_benchmark\dataset\tbf_imgs\unfocused\FieldPos121\FieldPos121_page_1.png,0,FieldPos121,,dataset
tbf_imgs,D:\Dineth\focus_binary_benchmark\dataset\tbf_imgs\unfocused\FieldPos121\FieldPos121_page_10.png,0,FieldPos121,,dataset
tbf_imgs,D:\Dineth\focus_binary_benchmark\dataset\tbf_imgs\unfocused\FieldPos121\FieldPos121_page_11.png,0,FieldPos121,,dataset
tbf_imgs,D:\Dineth\focus_binary_benchmark\dataset\tbf_imgs\unfocused\FieldPos121\FieldPos121_page_12.png,0,FieldPos121,,dataset
tbf_imgs,D:\Dineth\focus_binary_benchmark\dataset\tbf_imgs\unfocused\FieldPos121\FieldPos121_page_13.png,0,FieldPos121,,dataset
tbf_imgs,D:\Dineth\focus_binary_benchmark\dataset\tbf_imgs\unfocused\FieldPos121\FieldPos121_page_14.png,0,FieldPos121,,dataset
tbf_imgs,D:\Dineth\focus_binary_benchmark\dataset\tbf_imgs\unfocused\FieldPos121\FieldPos121_page_2.png,0,FieldPos121,,dataset
tbf_imgs,D:\Dineth\focus_binary_benchmark\dataset\tbf_imgs\unfocused\FieldPos121\FieldPos121_page_3.png,0,FieldPos121,,dataset
tbf_imgs,D:\Dineth\focus_binary_benchmark\dataset\tbf_imgs\unfocused\FieldPos121\FieldPos121_page_4.png,0,FieldPos121,,dataset
tbf_imgs,D:\Dineth\focus_binary_benchmark\dataset\tbf_imgs\unfocused\FieldPos121\FieldPos121_page_8.png,0,FieldPos121,,dataset
tbf_imgs,D:\Dineth\focus_binary_benchmark\dataset\tbf_imgs\unfocused\FieldPos121\FieldPos121_page_9.png,0,FieldPos121,,dataset
tbf_imgs,D:\Dineth\focus_binary_benchmark\dataset\tbf_imgs\unfocused\FieldPos123\FieldPos123_page_1.png,0,FieldPos123,,dataset
tbf_imgs,D:\Dineth\focus_binary_benchmark\dataset\tbf_imgs\unfocused\FieldPos123\FieldPos123_page_10.png,0,FieldPos123,,dataset
tbf_imgs,D:\Dineth\focus_binary_benchmark\dataset\tbf_imgs\unfocused\FieldPos123\FieldPos123_page_11.png,0,FieldPos123,,dataset
tbf_imgs,D:\Dineth\focus_binary_benchmark\dataset\tbf_imgs\unfocused\FieldPos123\FieldPos123_page_12.png,0,FieldPos123,,dataset
tbf_imgs,D:\Dineth\focus_binary_benchmark\dataset\tbf_imgs\unfocused\FieldPos123\FieldPos123_page_13.png,0,FieldPos123,,dataset
tbf_imgs,D:\Dineth\focus_binary_benchmark\dataset\tbf_imgs\unfocused\FieldPos123\FieldPos123_page_14.png,0,FieldPos123,,dataset
tbf_imgs,D:\Dineth\focus_binary_benchmark\dataset\tbf_imgs\unfocused\FieldPos123\FieldPos123_page_2.png,0,FieldPos123,,dataset
tbf_imgs,D:\Dineth\focus_binary_benchmark\dataset\tbf_imgs\unfocused\FieldPos123\FieldPos123_page_3.png,0,FieldPos123,,dataset
tbf_imgs,D:\Dineth\focus_binary_benchmark\dataset\tbf_imgs\unfocused\FieldPos123\FieldPos123_page_7.png,0,FieldPos123,,dataset
tbf_imgs,D:\Dineth\focus_binary_benchmark\dataset\tbf_imgs\unfocused\FieldPos123\FieldPos123_page_8.png,0,FieldPos123,,dataset
tbf_imgs,D:\Dineth\focus_binary_benchmark\dataset\tbf_imgs\unfocused\FieldPos123\FieldPos123_page_9.png,0,FieldPos123,,dataset
tbf_imgs,D:\Dineth\focus_binary_benchmark\dataset\tbf_imgs\unfocused\FieldPos125\FieldPos125_page_1.png,0,FieldPos125,,dataset
tbf_imgs,D:\Dineth\focus_binary_benchmark\dataset\tbf_imgs\unfocused\FieldPos125\FieldPos125_page_10.png,0,FieldPos125,,dataset
tbf_imgs,D:\Dineth\focus_binary_benchmark\dataset\tbf_imgs\unfocused\FieldPos125\FieldPos125_page_11.png,0,FieldPos125,,dataset
tbf_imgs,D:\Dineth\focus_binary_benchmark\dataset\tbf_imgs\unfocused\FieldPos125\FieldPos125_page_12.png,0,FieldPos125,,dataset
tbf_imgs,D:\Dineth\focus_binary_benchmark\dataset\tbf_imgs\unfocused\FieldPos125\FieldPos125_page_13.png,0,FieldPos125,,dataset
tbf_imgs,D:\Dineth\focus_binary_benchmark\dataset\tbf_imgs\unfocused\FieldPos125\FieldPos125_page_14.png,0,FieldPos125,,dataset
tbf_imgs,D:\Dineth\focus_binary_benchmark\dataset\tbf_imgs\unfocused\FieldPos125\FieldPos125_page_2.png,0,FieldPos125,,dataset
tbf_imgs,D:\Dineth\focus_binary_benchmark\dataset\tbf_imgs\unfocused\FieldPos125\FieldPos125_page_3.png,0,FieldPos125,,dataset
tbf_imgs,D:\Dineth\focus_binary_benchmark\dataset\tbf_imgs\unfocused\FieldPos125\FieldPos125_page_4.png,0,FieldPos125,,dataset
tbf_imgs,D:\Dineth\focus_binary_benchmark\dataset\tbf_imgs\unfocused\FieldPos125\FieldPos125_page_5.png,0,FieldPos125,,dataset
tbf_imgs,D:\Dineth\focus_binary_benchmark\dataset\tbf_imgs\unfocused\FieldPos125\FieldPos125_page_9.png,0,FieldPos125,,dataset
tbf_imgs,D:\Dineth\focus_binary_benchmark\dataset\tbf_imgs\unfocused\FieldPos200\FieldPos200_page_1.png,0,FieldPos200,,dataset
tbf_imgs,D:\Dineth\focus_binary_benchmark\dataset\tbf_imgs\unfocused\FieldPos200\FieldPos200_page_10.png,0,FieldPos200,,dataset
tbf_imgs,D:\Dineth\focus_binary_benchmark\dataset\tbf_imgs\unfocused\FieldPos200\FieldPos200_page_11.png,0,FieldPos200,,dataset
tbf_imgs,D:\Dineth\focus_binary_benchmark\dataset\tbf_imgs\unfocused\FieldPos200\FieldPos200_page_12.png,0,FieldPos200,,dataset
tbf_imgs,D:\Dineth\focus_binary_benchmark\dataset\tbf_imgs\unfocused\FieldPos200\FieldPos200_page_13.png,0,FieldPos200,,dataset
tbf_imgs,D:\Dineth\focus_binary_benchmark\dataset\tbf_imgs\unfocused\FieldPos200\FieldPos200_page_14.png,0,FieldPos200,,dataset
tbf_imgs,D:\Dineth\focus_binary_benchmark\dataset\tbf_imgs\unfocused\FieldPos200\FieldPos200_page_2.png,0,FieldPos200,,dataset
tbf_imgs,D:\Dineth\focus_binary_benchmark\dataset\tbf_imgs\unfocused\FieldPos200\FieldPos200_page_3.png,0,FieldPos200,,dataset
tbf_imgs,D:\Dineth\focus_binary_benchmark\dataset\tbf_imgs\unfocused\FieldPos200\FieldPos200_page_4.png,0,FieldPos200,,dataset
tbf_imgs,D:\Dineth\focus_binary_benchmark\dataset\tbf_imgs\unfocused\FieldPos200\FieldPos200_page_5.png,0,FieldPos200,,dataset
tbf_imgs,D:\Dineth\focus_binary_benchmark\dataset\tbf_imgs\unfocused\FieldPos200\FieldPos200_page_9.png,0,FieldPos200,,dataset
tbf_imgs,D:\Dineth\focus_binary_benchmark\dataset\tbf_imgs\unfocused\FieldPos203\FieldPos203_page_1.png,0,FieldPos203,,dataset
tbf_imgs,D:\Dineth\focus_binary_benchmark\dataset\tbf_imgs\unfocused\FieldPos203\FieldPos203_page_10.png,0,FieldPos203,,dataset
tbf_imgs,D:\Dineth\focus_binary_benchmark\dataset\tbf_imgs\unfocused\FieldPos203\FieldPos203_page_11.png,0,FieldPos203,,dataset
tbf_imgs,D:\Dineth\focus_binary_benchmark\dataset\tbf_imgs\unfocused\FieldPos203\FieldPos203_page_12.png,0,FieldPos203,,dataset
tbf_imgs,D:\Dineth\focus_binary_benchmark\dataset\tbf_imgs\unfocused\FieldPos203\FieldPos203_page_13.png,0,FieldPos203,,dataset
tbf_imgs,D:\Dineth\focus_binary_benchmark\dataset\tbf_imgs\unfocused\FieldPos203\FieldPos203_page_14.png,0,FieldPos203,,dataset
tbf_imgs,D:\Dineth\focus_binary_benchmark\dataset\tbf_imgs\unfocused\FieldPos203\FieldPos203_page_2.png,0,FieldPos203,,dataset
tbf_imgs,D:\Dineth\focus_binary_benchmark\dataset\tbf_imgs\unfocused\FieldPos203\FieldPos203_page_3.png,0,FieldPos203,,dataset
tbf_imgs,D:\Dineth\focus_binary_benchmark\dataset\tbf_imgs\unfocused\FieldPos203\FieldPos203_page_4.png,0,FieldPos203,,dataset
tbf_imgs,D:\Dineth\focus_binary_benchmark\dataset\tbf_imgs\unfocused\FieldPos203\FieldPos203_page_5.png,0,FieldPos203,,dataset
tbf_imgs,D:\Dineth\focus_binary_benchmark\dataset\tbf_imgs\unfocused\FieldPos203\FieldPos203_page_9.png,0,FieldPos203,,dataset
tbf_imgs,D:\Dineth\focus_binary_benchmark\dataset\tbf_imgs\unfocused\FieldPos208\FieldPos208_page_1.png,0,FieldPos208,,dataset
tbf_imgs,D:\Dineth\focus_binary_benchmark\dataset\tbf_imgs\unfocused\FieldPos208\FieldPos208_page_10.png,0,FieldPos208,,dataset
tbf_imgs,D:\Dineth\focus_binary_benchmark\dataset\tbf_imgs\unfocused\FieldPos208\FieldPos208_page_11.png,0,FieldPos208,,dataset
tbf_imgs,D:\Dineth\focus_binary_benchmark\dataset\tbf_imgs\unfocused\FieldPos208\FieldPos208_page_12.png,0,FieldPos208,,dataset
tbf_imgs,D:\Dineth\focus_binary_benchmark\dataset\tbf_imgs\unfocused\FieldPos208\FieldPos208_page_13.png,0,FieldPos208,,dataset
tbf_imgs,D:\Dineth\focus_binary_benchmark\dataset\tbf_imgs\unfocused\FieldPos208\FieldPos208_page_14.png,0,FieldPos208,,dataset
tbf_imgs,D:\Dineth\focus_binary_benchmark\dataset\tbf_imgs\unfocused\FieldPos208\FieldPos208_page_2.png,0,FieldPos208,,dataset
tbf_imgs,D:\Dineth\focus_binary_benchmark\dataset\tbf_imgs\unfocused\FieldPos208\FieldPos208_page_3.png,0,FieldPos208,,dataset
tbf_imgs,D:\Dineth\focus_binary_benchmark\dataset\tbf_imgs\unfocused\FieldPos208\FieldPos208_page_4.png,0,FieldPos208,,dataset
tbf_imgs,D:\Dineth\focus_binary_benchmark\dataset\tbf_imgs\unfocused\FieldPos208\FieldPos208_page_5.png,0,FieldPos208,,dataset
tbf_imgs,D:\Dineth\focus_binary_benchmark\dataset\tbf_imgs\unfocused\FieldPos208\FieldPos208_page_6.png,0,FieldPos208,,dataset
tbf_imgs,D:\Dineth\focus_binary_benchmark\dataset\tbf_imgs\unfocused\FieldPos211\FieldPos211_page_1.png,0,FieldPos211,,dataset
tbf_imgs,D:\Dineth\focus_binary_benchmark\dataset\tbf_imgs\unfocused\FieldPos211\FieldPos211_page_10.png,0,FieldPos211,,dataset
tbf_imgs,D:\Dineth\focus_binary_benchmark\dataset\tbf_imgs\unfocused\FieldPos211\FieldPos211_page_11.png,0,FieldPos211,,dataset
tbf_imgs,D:\Dineth\focus_binary_benchmark\dataset\tbf_imgs\unfocused\FieldPos211\FieldPos211_page_12.png,0,FieldPos211,,dataset
tbf_imgs,D:\Dineth\focus_binary_benchmark\dataset\tbf_imgs\unfocused\FieldPos211\FieldPos211_page_13.png,0,FieldPos211,,dataset
tbf_imgs,D:\Dineth\focus_binary_benchmark\dataset\tbf_imgs\unfocused\FieldPos211\FieldPos211_page_14.png,0,FieldPos211,,dataset
tbf_imgs,D:\Dineth\focus_binary_benchmark\dataset\tbf_imgs\unfocused\FieldPos211\FieldPos211_page_2.png,0,FieldPos211,,dataset
tbf_imgs,D:\Dineth\focus_binary_benchmark\dataset\tbf_imgs\unfocused\FieldPos211\FieldPos211_page_3.png,0,FieldPos211,,dataset
tbf_imgs,D:\Dineth\focus_binary_benchmark\dataset\tbf_imgs\unfocused\FieldPos211\FieldPos211_page_4.png,0,FieldPos211,,dataset
tbf_imgs,D:\Dineth\focus_binary_benchmark\dataset\tbf_imgs\unfocused\FieldPos211\FieldPos211_page_8.png,0,FieldPos211,,dataset
tbf_imgs,D:\Dineth\focus_binary_benchmark\dataset\tbf_imgs\unfocused\FieldPos211\FieldPos211_page_9.png,0,FieldPos211,,dataset
tbf_imgs,D:\Dineth\focus_binary_benchmark\dataset\tbf_imgs\unfocused\FieldPos299\FieldPos299_page_1.png,0,FieldPos299,,dataset
tbf_imgs,D:\Dineth\focus_binary_benchmark\dataset\tbf_imgs\unfocused\FieldPos299\FieldPos299_page_10.png,0,FieldPos299,,dataset
tbf_imgs,D:\Dineth\focus_binary_benchmark\dataset\tbf_imgs\unfocused\FieldPos299\FieldPos299_page_11.png,0,FieldPos299,,dataset
tbf_imgs,D:\Dineth\focus_binary_benchmark\dataset\tbf_imgs\unfocused\FieldPos299\FieldPos299_page_12.png,0,FieldPos299,,dataset
tbf_imgs,D:\Dineth\focus_binary_benchmark\dataset\tbf_imgs\unfocused\FieldPos299\FieldPos299_page_13.png,0,FieldPos299,,dataset
tbf_imgs,D:\Dineth\focus_binary_benchmark\dataset\tbf_imgs\unfocused\FieldPos299\FieldPos299_page_14.png,0,FieldPos299,,dataset
tbf_imgs,D:\Dineth\focus_binary_benchmark\dataset\tbf_imgs\unfocused\FieldPos299\FieldPos299_page_2.png,0,FieldPos299,,dataset
tbf_imgs,D:\Dineth\focus_binary_benchmark\dataset\tbf_imgs\unfocused\FieldPos299\FieldPos299_page_3.png,0,FieldPos299,,dataset
tbf_imgs,D:\Dineth\focus_binary_benchmark\dataset\tbf_imgs\unfocused\FieldPos299\FieldPos299_page_4.png,0,FieldPos299,,dataset
tbf_imgs,D:\Dineth\focus_binary_benchmark\dataset\tbf_imgs\unfocused\FieldPos299\FieldPos299_page_8.png,0,FieldPos299,,dataset
tbf_imgs,D:\Dineth\focus_binary_benchmark\dataset\tbf_imgs\unfocused\FieldPos299\FieldPos299_page_9.png,0,FieldPos299,,dataset
TBSI,D:\Dineth\focus_binary_benchmark\dataset\TBSI\focused\HH1\HH1 (6).JPG,1,HH1,,dataset
TBSI,D:\Dineth\focus_binary_benchmark\dataset\TBSI\focused\HH10\HH10 (6).JPG,1,HH10,,dataset
TBSI,D:\Dineth\focus_binary_benchmark\dataset\TBSI\focused\HH2\HH2 (7).JPG,1,HH2,,dataset
TBSI,D:\Dineth\focus_binary_benchmark\dataset\TBSI\focused\HH3\HH3 (6).JPG,1,HH3,,dataset
TBSI,D:\Dineth\focus_binary_benchmark\dataset\TBSI\focused\HH4\HH4 (6).JPG,1,HH4,,dataset
TBSI,D:\Dineth\focus_binary_benchmark\dataset\TBSI\focused\HH5\HH5 (6).JPG,1,HH5,,dataset
TBSI,D:\Dineth\focus_binary_benchmark\dataset\TBSI\focused\HH6\HH6 (7).JPG,1,HH6,,dataset
TBSI,D:\Dineth\focus_binary_benchmark\dataset\TBSI\focused\HH7\HH7 (6).JPG,1,HH7,,dataset
TBSI,D:\Dineth\focus_binary_benchmark\dataset\TBSI\focused\HH8\HH8 (6).JPG,1,HH8,,dataset
TBSI,D:\Dineth\focus_binary_benchmark\dataset\TBSI\focused\HH9\HH9 (6).JPG,1,HH9,,dataset
TBSI,D:\Dineth\focus_binary_benchmark\dataset\TBSI\focused\HL1\HL1 (6).JPG,1,HL1,,dataset
TBSI,D:\Dineth\focus_binary_benchmark\dataset\TBSI\focused\HL10\HL10 (6).JPG,1,HL10,,dataset
TBSI,D:\Dineth\focus_binary_benchmark\dataset\TBSI\focused\HL2\HL2 (6).JPG,1,HL2,,dataset
TBSI,D:\Dineth\focus_binary_benchmark\dataset\TBSI\focused\HL3\HL3 (6).JPG,1,HL3,,dataset
TBSI,D:\Dineth\focus_binary_benchmark\dataset\TBSI\focused\HL4\HL4 (7).JPG,1,HL4,,dataset
TBSI,D:\Dineth\focus_binary_benchmark\dataset\TBSI\focused\HL5\HL5 (6).JPG,1,HL5,,dataset
TBSI,D:\Dineth\focus_binary_benchmark\dataset\TBSI\focused\HL6\HL6 (6).JPG,1,HL6,,dataset
TBSI,D:\Dineth\focus_binary_benchmark\dataset\TBSI\focused\HL7\HL7 (6).JPG,1,HL7,,dataset
TBSI,D:\Dineth\focus_binary_benchmark\dataset\TBSI\focused\HL8\HL8 (6).JPG,1,HL8,,dataset
TBSI,D:\Dineth\focus_binary_benchmark\dataset\TBSI\focused\HL9\HL9 (6).JPG,1,HL9,,dataset
TBSI,D:\Dineth\focus_binary_benchmark\dataset\TBSI\focused\LH1\LH1 (6).JPG,1,LH1,,dataset
TBSI,D:\Dineth\focus_binary_benchmark\dataset\TBSI\focused\LH10\LH10 (7).JPG,1,LH10,,dataset
TBSI,D:\Dineth\focus_binary_benchmark\dataset\TBSI\focused\LH2\LH2 (6).JPG,1,LH2,,dataset
TBSI,D:\Dineth\focus_binary_benchmark\dataset\TBSI\focused\LH3\LH3 (6).JPG,1,LH3,,dataset
TBSI,D:\Dineth\focus_binary_benchmark\dataset\TBSI\focused\LH4\LH4 (6).JPG,1,LH4,,dataset
TBSI,D:\Dineth\focus_binary_benchmark\dataset\TBSI\focused\LH5\LH5 (4).JPG,1,LH5,,dataset
TBSI,D:\Dineth\focus_binary_benchmark\dataset\TBSI\focused\LH6\LH6 (6).JPG,1,LH6,,dataset
TBSI,D:\Dineth\focus_binary_benchmark\dataset\TBSI\focused\LH7\LH7 (6).JPG,1,LH7,,dataset
TBSI,D:\Dineth\focus_binary_benchmark\dataset\TBSI\focused\LH8\LH8 (6).JPG,1,LH8,,dataset
TBSI,D:\Dineth\focus_binary_benchmark\dataset\TBSI\focused\LH9\LH9 (6).JPG,1,LH9,,dataset
TBSI,D:\Dineth\focus_binary_benchmark\dataset\TBSI\unfocused\HH1\HH1 (1).JPG,0,HH1,,dataset
TBSI,D:\Dineth\focus_binary_benchmark\dataset\TBSI\unfocused\HH1\HH1 (10).JPG,0,HH1,,dataset
TBSI,D:\Dineth\focus_binary_benchmark\dataset\TBSI\unfocused\HH1\HH1 (2).JPG,0,HH1,,dataset
TBSI,D:\Dineth\focus_binary_benchmark\dataset\TBSI\unfocused\HH1\HH1 (3).JPG,0,HH1,,dataset
TBSI,D:\Dineth\focus_binary_benchmark\dataset\TBSI\unfocused\HH1\HH1 (4).JPG,0,HH1,,dataset
TBSI,D:\Dineth\focus_binary_benchmark\dataset\TBSI\unfocused\HH1\HH1 (8).JPG,0,HH1,,dataset
TBSI,D:\Dineth\focus_binary_benchmark\dataset\TBSI\unfocused\HH1\HH1 (9).JPG,0,HH1,,dataset
TBSI,D:\Dineth\focus_binary_benchmark\dataset\TBSI\unfocused\HH10\HH10 (1).JPG,0,HH10,,dataset
TBSI,D:\Dineth\focus_binary_benchmark\dataset\TBSI\unfocused\HH10\HH10 (10).JPG,0,HH10,,dataset
TBSI,D:\Dineth\focus_binary_benchmark\dataset\TBSI\unfocused\HH10\HH10 (2).JPG,0,HH10,,dataset
TBSI,D:\Dineth\focus_binary_benchmark\dataset\TBSI\unfocused\HH10\HH10 (3).JPG,0,HH10,,dataset
TBSI,D:\Dineth\focus_binary_benchmark\dataset\TBSI\unfocused\HH10\HH10 (4).JPG,0,HH10,,dataset
TBSI,D:\Dineth\focus_binary_benchmark\dataset\TBSI\unfocused\HH10\HH10 (8).JPG,0,HH10,,dataset
TBSI,D:\Dineth\focus_binary_benchmark\dataset\TBSI\unfocused\HH10\HH10 (9).JPG,0,HH10,,dataset
TBSI,D:\Dineth\focus_binary_benchmark\dataset\TBSI\unfocused\HH2\HH2 (1).JPG,0,HH2,,dataset
TBSI,D:\Dineth\focus_binary_benchmark\dataset\TBSI\unfocused\HH2\HH2 (10).JPG,0,HH2,,dataset
TBSI,D:\Dineth\focus_binary_benchmark\dataset\TBSI\unfocused\HH2\HH2 (2).JPG,0,HH2,,dataset
TBSI,D:\Dineth\focus_binary_benchmark\dataset\TBSI\unfocused\HH2\HH2 (3).JPG,0,HH2,,dataset
TBSI,D:\Dineth\focus_binary_benchmark\dataset\TBSI\unfocused\HH2\HH2 (4).JPG,0,HH2,,dataset
TBSI,D:\Dineth\focus_binary_benchmark\dataset\TBSI\unfocused\HH2\HH2 (5).JPG,0,HH2,,dataset
TBSI,D:\Dineth\focus_binary_benchmark\dataset\TBSI\unfocused\HH2\HH2 (9).JPG,0,HH2,,dataset
TBSI,D:\Dineth\focus_binary_benchmark\dataset\TBSI\unfocused\HH3\HH3 (1).JPG,0,HH3,,dataset
TBSI,D:\Dineth\focus_binary_benchmark\dataset\TBSI\unfocused\HH3\HH3 (10).JPG,0,HH3,,dataset
TBSI,D:\Dineth\focus_binary_benchmark\dataset\TBSI\unfocused\HH3\HH3 (2).JPG,0,HH3,,dataset
TBSI,D:\Dineth\focus_binary_benchmark\dataset\TBSI\unfocused\HH3\HH3 (3).JPG,0,HH3,,dataset
TBSI,D:\Dineth\focus_binary_benchmark\dataset\TBSI\unfocused\HH3\HH3 (4).JPG,0,HH3,,dataset
TBSI,D:\Dineth\focus_binary_benchmark\dataset\TBSI\unfocused\HH3\HH3 (8).JPG,0,HH3,,dataset
TBSI,D:\Dineth\focus_binary_benchmark\dataset\TBSI\unfocused\HH3\HH3 (9).JPG,0,HH3,,dataset
TBSI,D:\Dineth\focus_binary_benchmark\dataset\TBSI\unfocused\HH4\HH4 (1).JPG,0,HH4,,dataset
TBSI,D:\Dineth\focus_binary_benchmark\dataset\TBSI\unfocused\HH4\HH4 (10).JPG,0,HH4,,dataset
TBSI,D:\Dineth\focus_binary_benchmark\dataset\TBSI\unfocused\HH4\HH4 (2).JPG,0,HH4,,dataset
TBSI,D:\Dineth\focus_binary_benchmark\dataset\TBSI\unfocused\HH4\HH4 (3).JPG,0,HH4,,dataset
TBSI,D:\Dineth\focus_binary_benchmark\dataset\TBSI\unfocused\HH4\HH4 (4).JPG,0,HH4,,dataset
TBSI,D:\Dineth\focus_binary_benchmark\dataset\TBSI\unfocused\HH4\HH4 (8).JPG,0,HH4,,dataset
TBSI,D:\Dineth\focus_binary_benchmark\dataset\TBSI\unfocused\HH4\HH4 (9).JPG,0,HH4,,dataset
TBSI,D:\Dineth\focus_binary_benchmark\dataset\TBSI\unfocused\HH5\HH5 (1).JPG,0,HH5,,dataset
TBSI,D:\Dineth\focus_binary_benchmark\dataset\TBSI\unfocused\HH5\HH5 (10).JPG,0,HH5,,dataset
TBSI,D:\Dineth\focus_binary_benchmark\dataset\TBSI\unfocused\HH5\HH5 (2).JPG,0,HH5,,dataset
TBSI,D:\Dineth\focus_binary_benchmark\dataset\TBSI\unfocused\HH5\HH5 (3).JPG,0,HH5,,dataset
TBSI,D:\Dineth\focus_binary_benchmark\dataset\TBSI\unfocused\HH5\HH5 (4).JPG,0,HH5,,dataset
TBSI,D:\Dineth\focus_binary_benchmark\dataset\TBSI\unfocused\HH5\HH5 (8).JPG,0,HH5,,dataset
TBSI,D:\Dineth\focus_binary_benchmark\dataset\TBSI\unfocused\HH5\HH5 (9).JPG,0,HH5,,dataset
TBSI,D:\Dineth\focus_binary_benchmark\dataset\TBSI\unfocused\HH6\HH6 (1).JPG,0,HH6,,dataset
TBSI,D:\Dineth\focus_binary_benchmark\dataset\TBSI\unfocused\HH6\HH6 (10).JPG,0,HH6,,dataset
TBSI,D:\Dineth\focus_binary_benchmark\dataset\TBSI\unfocused\HH6\HH6 (2).JPG,0,HH6,,dataset
TBSI,D:\Dineth\focus_binary_benchmark\dataset\TBSI\unfocused\HH6\HH6 (3).JPG,0,HH6,,dataset
TBSI,D:\Dineth\focus_binary_benchmark\dataset\TBSI\unfocused\HH6\HH6 (4).JPG,0,HH6,,dataset
TBSI,D:\Dineth\focus_binary_benchmark\dataset\TBSI\unfocused\HH6\HH6 (5).JPG,0,HH6,,dataset
TBSI,D:\Dineth\focus_binary_benchmark\dataset\TBSI\unfocused\HH6\HH6 (9).JPG,0,HH6,,dataset
TBSI,D:\Dineth\focus_binary_benchmark\dataset\TBSI\unfocused\HH7\HH7 (1).JPG,0,HH7,,dataset
TBSI,D:\Dineth\focus_binary_benchmark\dataset\TBSI\unfocused\HH7\HH7 (10).JPG,0,HH7,,dataset
TBSI,D:\Dineth\focus_binary_benchmark\dataset\TBSI\unfocused\HH7\HH7 (2).JPG,0,HH7,,dataset
TBSI,D:\Dineth\focus_binary_benchmark\dataset\TBSI\unfocused\HH7\HH7 (3).JPG,0,HH7,,dataset
TBSI,D:\Dineth\focus_binary_benchmark\dataset\TBSI\unfocused\HH7\HH7 (4).JPG,0,HH7,,dataset
TBSI,D:\Dineth\focus_binary_benchmark\dataset\TBSI\unfocused\HH7\HH7 (8).JPG,0,HH7,,dataset
TBSI,D:\Dineth\focus_binary_benchmark\dataset\TBSI\unfocused\HH7\HH7 (9).JPG,0,HH7,,dataset
TBSI,D:\Dineth\focus_binary_benchmark\dataset\TBSI\unfocused\HH8\HH8 (1).JPG,0,HH8,,dataset
TBSI,D:\Dineth\focus_binary_benchmark\dataset\TBSI\unfocused\HH8\HH8 (10).JPG,0,HH8,,dataset
TBSI,D:\Dineth\focus_binary_benchmark\dataset\TBSI\unfocused\HH8\HH8 (2).JPG,0,HH8,,dataset
TBSI,D:\Dineth\focus_binary_benchmark\dataset\TBSI\unfocused\HH8\HH8 (3).JPG,0,HH8,,dataset
TBSI,D:\Dineth\focus_binary_benchmark\dataset\TBSI\unfocused\HH8\HH8 (4).JPG,0,HH8,,dataset
TBSI,D:\Dineth\focus_binary_benchmark\dataset\TBSI\unfocused\HH8\HH8 (8).JPG,0,HH8,,dataset
TBSI,D:\Dineth\focus_binary_benchmark\dataset\TBSI\unfocused\HH8\HH8 (9).JPG,0,HH8,,dataset
TBSI,D:\Dineth\focus_binary_benchmark\dataset\TBSI\unfocused\HH9\HH9 (1).JPG,0,HH9,,dataset
TBSI,D:\Dineth\focus_binary_benchmark\dataset\TBSI\unfocused\HH9\HH9 (10).JPG,0,HH9,,dataset
TBSI,D:\Dineth\focus_binary_benchmark\dataset\TBSI\unfocused\HH9\HH9 (2).JPG,0,HH9,,dataset
TBSI,D:\Dineth\focus_binary_benchmark\dataset\TBSI\unfocused\HH9\HH9 (3).JPG,0,HH9,,dataset
TBSI,D:\Dineth\focus_binary_benchmark\dataset\TBSI\unfocused\HH9\HH9 (4).JPG,0,HH9,,dataset
TBSI,D:\Dineth\focus_binary_benchmark\dataset\TBSI\unfocused\HH9\HH9 (8).JPG,0,HH9,,dataset
TBSI,D:\Dineth\focus_binary_benchmark\dataset\TBSI\unfocused\HH9\HH9 (9).JPG,0,HH9,,dataset
TBSI,D:\Dineth\focus_binary_benchmark\dataset\TBSI\unfocused\HL1\HL1 (1).JPG,0,HL1,,dataset
TBSI,D:\Dineth\focus_binary_benchmark\dataset\TBSI\unfocused\HL1\HL1 (10).JPG,0,HL1,,dataset
TBSI,D:\Dineth\focus_binary_benchmark\dataset\TBSI\unfocused\HL1\HL1 (2).JPG,0,HL1,,dataset
TBSI,D:\Dineth\focus_binary_benchmark\dataset\TBSI\unfocused\HL1\HL1 (3).JPG,0,HL1,,dataset
TBSI,D:\Dineth\focus_binary_benchmark\dataset\TBSI\unfocused\HL1\HL1 (4).JPG,0,HL1,,dataset
TBSI,D:\Dineth\focus_binary_benchmark\dataset\TBSI\unfocused\HL1\HL1 (8).JPG,0,HL1,,dataset
TBSI,D:\Dineth\focus_binary_benchmark\dataset\TBSI\unfocused\HL1\HL1 (9).JPG,0,HL1,,dataset
TBSI,D:\Dineth\focus_binary_benchmark\dataset\TBSI\unfocused\HL10\HL10 (1).JPG,0,HL10,,dataset
TBSI,D:\Dineth\focus_binary_benchmark\dataset\TBSI\unfocused\HL10\HL10 (10).JPG,0,HL10,,dataset
TBSI,D:\Dineth\focus_binary_benchmark\dataset\TBSI\unfocused\HL10\HL10 (2).JPG,0,HL10,,dataset
TBSI,D:\Dineth\focus_binary_benchmark\dataset\TBSI\unfocused\HL10\HL10 (3).JPG,0,HL10,,dataset
TBSI,D:\Dineth\focus_binary_benchmark\dataset\TBSI\unfocused\HL10\HL10 (4).JPG,0,HL10,,dataset
TBSI,D:\Dineth\focus_binary_benchmark\dataset\TBSI\unfocused\HL10\HL10 (8).JPG,0,HL10,,dataset
TBSI,D:\Dineth\focus_binary_benchmark\dataset\TBSI\unfocused\HL10\HL10 (9).JPG,0,HL10,,dataset
TBSI,D:\Dineth\focus_binary_benchmark\dataset\TBSI\unfocused\HL2\HL2 (1).JPG,0,HL2,,dataset
TBSI,D:\Dineth\focus_binary_benchmark\dataset\TBSI\unfocused\HL2\HL2 (10).JPG,0,HL2,,dataset
TBSI,D:\Dineth\focus_binary_benchmark\dataset\TBSI\unfocused\HL2\HL2 (2).JPG,0,HL2,,dataset
TBSI,D:\Dineth\focus_binary_benchmark\dataset\TBSI\unfocused\HL2\HL2 (3).JPG,0,HL2,,dataset
TBSI,D:\Dineth\focus_binary_benchmark\dataset\TBSI\unfocused\HL2\HL2 (4).JPG,0,HL2,,dataset
TBSI,D:\Dineth\focus_binary_benchmark\dataset\TBSI\unfocused\HL2\HL2 (8).JPG,0,HL2,,dataset
TBSI,D:\Dineth\focus_binary_benchmark\dataset\TBSI\unfocused\HL2\HL2 (9).JPG,0,HL2,,dataset
TBSI,D:\Dineth\focus_binary_benchmark\dataset\TBSI\unfocused\HL3\HL3 (1).JPG,0,HL3,,dataset
TBSI,D:\Dineth\focus_binary_benchmark\dataset\TBSI\unfocused\HL3\HL3 (10).JPG,0,HL3,,dataset
TBSI,D:\Dineth\focus_binary_benchmark\dataset\TBSI\unfocused\HL3\HL3 (2).JPG,0,HL3,,dataset
TBSI,D:\Dineth\focus_binary_benchmark\dataset\TBSI\unfocused\HL3\HL3 (3).JPG,0,HL3,,dataset
TBSI,D:\Dineth\focus_binary_benchmark\dataset\TBSI\unfocused\HL3\HL3 (4).JPG,0,HL3,,dataset
TBSI,D:\Dineth\focus_binary_benchmark\dataset\TBSI\unfocused\HL3\HL3 (8).JPG,0,HL3,,dataset
TBSI,D:\Dineth\focus_binary_benchmark\dataset\TBSI\unfocused\HL3\HL3 (9).JPG,0,HL3,,dataset
TBSI,D:\Dineth\focus_binary_benchmark\dataset\TBSI\unfocused\HL4\HL4 (1).JPG,0,HL4,,dataset
TBSI,D:\Dineth\focus_binary_benchmark\dataset\TBSI\unfocused\HL4\HL4 (10).JPG,0,HL4,,dataset
TBSI,D:\Dineth\focus_binary_benchmark\dataset\TBSI\unfocused\HL4\HL4 (2).JPG,0,HL4,,dataset
TBSI,D:\Dineth\focus_binary_benchmark\dataset\TBSI\unfocused\HL4\HL4 (3).JPG,0,HL4,,dataset
TBSI,D:\Dineth\focus_binary_benchmark\dataset\TBSI\unfocused\HL4\HL4 (4).JPG,0,HL4,,dataset
TBSI,D:\Dineth\focus_binary_benchmark\dataset\TBSI\unfocused\HL4\HL4 (5).JPG,0,HL4,,dataset
TBSI,D:\Dineth\focus_binary_benchmark\dataset\TBSI\unfocused\HL4\HL4 (9).JPG,0,HL4,,dataset
TBSI,D:\Dineth\focus_binary_benchmark\dataset\TBSI\unfocused\HL5\HL5 (1).JPG,0,HL5,,dataset
TBSI,D:\Dineth\focus_binary_benchmark\dataset\TBSI\unfocused\HL5\HL5 (10).JPG,0,HL5,,dataset
TBSI,D:\Dineth\focus_binary_benchmark\dataset\TBSI\unfocused\HL5\HL5 (2).JPG,0,HL5,,dataset
TBSI,D:\Dineth\focus_binary_benchmark\dataset\TBSI\unfocused\HL5\HL5 (3).JPG,0,HL5,,dataset
TBSI,D:\Dineth\focus_binary_benchmark\dataset\TBSI\unfocused\HL5\HL5 (4).JPG,0,HL5,,dataset
TBSI,D:\Dineth\focus_binary_benchmark\dataset\TBSI\unfocused\HL5\HL5 (8).JPG,0,HL5,,dataset
TBSI,D:\Dineth\focus_binary_benchmark\dataset\TBSI\unfocused\HL5\HL5 (9).JPG,0,HL5,,dataset
TBSI,D:\Dineth\focus_binary_benchmark\dataset\TBSI\unfocused\HL6\HL6 (1).JPG,0,HL6,,dataset
TBSI,D:\Dineth\focus_binary_benchmark\dataset\TBSI\unfocused\HL6\HL6 (10).JPG,0,HL6,,dataset
TBSI,D:\Dineth\focus_binary_benchmark\dataset\TBSI\unfocused\HL6\HL6 (2).JPG,0,HL6,,dataset
TBSI,D:\Dineth\focus_binary_benchmark\dataset\TBSI\unfocused\HL6\HL6 (3).JPG,0,HL6,,dataset
TBSI,D:\Dineth\focus_binary_benchmark\dataset\TBSI\unfocused\HL6\HL6 (4).JPG,0,HL6,,dataset
TBSI,D:\Dineth\focus_binary_benchmark\dataset\TBSI\unfocused\HL6\HL6 (8).JPG,0,HL6,,dataset
TBSI,D:\Dineth\focus_binary_benchmark\dataset\TBSI\unfocused\HL6\HL6 (9).JPG,0,HL6,,dataset
TBSI,D:\Dineth\focus_binary_benchmark\dataset\TBSI\unfocused\HL7\HL7 (1).JPG,0,HL7,,dataset
TBSI,D:\Dineth\focus_binary_benchmark\dataset\TBSI\unfocused\HL7\HL7 (10).JPG,0,HL7,,dataset
TBSI,D:\Dineth\focus_binary_benchmark\dataset\TBSI\unfocused\HL7\HL7 (2).JPG,0,HL7,,dataset
TBSI,D:\Dineth\focus_binary_benchmark\dataset\TBSI\unfocused\HL7\HL7 (3).JPG,0,HL7,,dataset
TBSI,D:\Dineth\focus_binary_benchmark\dataset\TBSI\unfocused\HL7\HL7 (4).JPG,0,HL7,,dataset
TBSI,D:\Dineth\focus_binary_benchmark\dataset\TBSI\unfocused\HL7\HL7 (8).JPG,0,HL7,,dataset
TBSI,D:\Dineth\focus_binary_benchmark\dataset\TBSI\unfocused\HL7\HL7 (9).JPG,0,HL7,,dataset
TBSI,D:\Dineth\focus_binary_benchmark\dataset\TBSI\unfocused\HL8\HL8 (1).JPG,0,HL8,,dataset
TBSI,D:\Dineth\focus_binary_benchmark\dataset\TBSI\unfocused\HL8\HL8 (10).JPG,0,HL8,,dataset
TBSI,D:\Dineth\focus_binary_benchmark\dataset\TBSI\unfocused\HL8\HL8 (2).JPG,0,HL8,,dataset
TBSI,D:\Dineth\focus_binary_benchmark\dataset\TBSI\unfocused\HL8\HL8 (3).JPG,0,HL8,,dataset
TBSI,D:\Dineth\focus_binary_benchmark\dataset\TBSI\unfocused\HL8\HL8 (4).JPG,0,HL8,,dataset
TBSI,D:\Dineth\focus_binary_benchmark\dataset\TBSI\unfocused\HL8\HL8 (8).JPG,0,HL8,,dataset
TBSI,D:\Dineth\focus_binary_benchmark\dataset\TBSI\unfocused\HL8\HL8 (9).JPG,0,HL8,,dataset
TBSI,D:\Dineth\focus_binary_benchmark\dataset\TBSI\unfocused\HL9\HL9 (1).JPG,0,HL9,,dataset
TBSI,D:\Dineth\focus_binary_benchmark\dataset\TBSI\unfocused\HL9\HL9 (10).JPG,0,HL9,,dataset
TBSI,D:\Dineth\focus_binary_benchmark\dataset\TBSI\unfocused\HL9\HL9 (2).JPG,0,HL9,,dataset
TBSI,D:\Dineth\focus_binary_benchmark\dataset\TBSI\unfocused\HL9\HL9 (3).JPG,0,HL9,,dataset
TBSI,D:\Dineth\focus_binary_benchmark\dataset\TBSI\unfocused\HL9\HL9 (4).JPG,0,HL9,,dataset
TBSI,D:\Dineth\focus_binary_benchmark\dataset\TBSI\unfocused\HL9\HL9 (8).JPG,0,HL9,,dataset
TBSI,D:\Dineth\focus_binary_benchmark\dataset\TBSI\unfocused\HL9\HL9 (9).JPG,0,HL9,,dataset
TBSI,D:\Dineth\focus_binary_benchmark\dataset\TBSI\unfocused\LH1\LH1 (1).JPG,0,LH1,,dataset
TBSI,D:\Dineth\focus_binary_benchmark\dataset\TBSI\unfocused\LH1\LH1 (10).JPG,0,LH1,,dataset
TBSI,D:\Dineth\focus_binary_benchmark\dataset\TBSI\unfocused\LH1\LH1 (2).JPG,0,LH1,,dataset
TBSI,D:\Dineth\focus_binary_benchmark\dataset\TBSI\unfocused\LH1\LH1 (3).JPG,0,LH1,,dataset
TBSI,D:\Dineth\focus_binary_benchmark\dataset\TBSI\unfocused\LH1\LH1 (4).JPG,0,LH1,,dataset
TBSI,D:\Dineth\focus_binary_benchmark\dataset\TBSI\unfocused\LH1\LH1 (8).JPG,0,LH1,,dataset
TBSI,D:\Dineth\focus_binary_benchmark\dataset\TBSI\unfocused\LH1\LH1 (9).JPG,0,LH1,,dataset
TBSI,D:\Dineth\focus_binary_benchmark\dataset\TBSI\unfocused\LH10\LH10 (1).JPG,0,LH10,,dataset
TBSI,D:\Dineth\focus_binary_benchmark\dataset\TBSI\unfocused\LH10\LH10 (10).JPG,0,LH10,,dataset
TBSI,D:\Dineth\focus_binary_benchmark\dataset\TBSI\unfocused\LH10\LH10 (2).JPG,0,LH10,,dataset
TBSI,D:\Dineth\focus_binary_benchmark\dataset\TBSI\unfocused\LH10\LH10 (3).JPG,0,LH10,,dataset
TBSI,D:\Dineth\focus_binary_benchmark\dataset\TBSI\unfocused\LH10\LH10 (4).JPG,0,LH10,,dataset
TBSI,D:\Dineth\focus_binary_benchmark\dataset\TBSI\unfocused\LH10\LH10 (5).JPG,0,LH10,,dataset
TBSI,D:\Dineth\focus_binary_benchmark\dataset\TBSI\unfocused\LH10\LH10 (9).JPG,0,LH10,,dataset
TBSI,D:\Dineth\focus_binary_benchmark\dataset\TBSI\unfocused\LH2\LH2 (1).JPG,0,LH2,,dataset
TBSI,D:\Dineth\focus_binary_benchmark\dataset\TBSI\unfocused\LH2\LH2 (10).JPG,0,LH2,,dataset
TBSI,D:\Dineth\focus_binary_benchmark\dataset\TBSI\unfocused\LH2\LH2 (2).JPG,0,LH2,,dataset
TBSI,D:\Dineth\focus_binary_benchmark\dataset\TBSI\unfocused\LH2\LH2 (3).JPG,0,LH2,,dataset
TBSI,D:\Dineth\focus_binary_benchmark\dataset\TBSI\unfocused\LH2\LH2 (4).JPG,0,LH2,,dataset
TBSI,D:\Dineth\focus_binary_benchmark\dataset\TBSI\unfocused\LH2\LH2 (8).JPG,0,LH2,,dataset
TBSI,D:\Dineth\focus_binary_benchmark\dataset\TBSI\unfocused\LH2\LH2 (9).JPG,0,LH2,,dataset
TBSI,D:\Dineth\focus_binary_benchmark\dataset\TBSI\unfocused\LH3\LH3 (1).JPG,0,LH3,,dataset
TBSI,D:\Dineth\focus_binary_benchmark\dataset\TBSI\unfocused\LH3\LH3 (10).JPG,0,LH3,,dataset
TBSI,D:\Dineth\focus_binary_benchmark\dataset\TBSI\unfocused\LH3\LH3 (2).JPG,0,LH3,,dataset
TBSI,D:\Dineth\focus_binary_benchmark\dataset\TBSI\unfocused\LH3\LH3 (3).JPG,0,LH3,,dataset
TBSI,D:\Dineth\focus_binary_benchmark\dataset\TBSI\unfocused\LH3\LH3 (4).JPG,0,LH3,,dataset
TBSI,D:\Dineth\focus_binary_benchmark\dataset\TBSI\unfocused\LH3\LH3 (8).JPG,0,LH3,,dataset
TBSI,D:\Dineth\focus_binary_benchmark\dataset\TBSI\unfocused\LH3\LH3 (9).JPG,0,LH3,,dataset
TBSI,D:\Dineth\focus_binary_benchmark\dataset\TBSI\unfocused\LH4\LH4 (1).JPG,0,LH4,,dataset
TBSI,D:\Dineth\focus_binary_benchmark\dataset\TBSI\unfocused\LH4\LH4 (10).JPG,0,LH4,,dataset
TBSI,D:\Dineth\focus_binary_benchmark\dataset\TBSI\unfocused\LH4\LH4 (2).JPG,0,LH4,,dataset
TBSI,D:\Dineth\focus_binary_benchmark\dataset\TBSI\unfocused\LH4\LH4 (3).JPG,0,LH4,,dataset
TBSI,D:\Dineth\focus_binary_benchmark\dataset\TBSI\unfocused\LH4\LH4 (4).JPG,0,LH4,,dataset
TBSI,D:\Dineth\focus_binary_benchmark\dataset\TBSI\unfocused\LH4\LH4 (8).JPG,0,LH4,,dataset
TBSI,D:\Dineth\focus_binary_benchmark\dataset\TBSI\unfocused\LH4\LH4 (9).JPG,0,LH4,,dataset
TBSI,D:\Dineth\focus_binary_benchmark\dataset\TBSI\unfocused\LH5\LH5 (1).JPG,0,LH5,,dataset
TBSI,D:\Dineth\focus_binary_benchmark\dataset\TBSI\unfocused\LH5\LH5 (10).JPG,0,LH5,,dataset
TBSI,D:\Dineth\focus_binary_benchmark\dataset\TBSI\unfocused\LH5\LH5 (2).JPG,0,LH5,,dataset
TBSI,D:\Dineth\focus_binary_benchmark\dataset\TBSI\unfocused\LH5\LH5 (6).JPG,0,LH5,,dataset
TBSI,D:\Dineth\focus_binary_benchmark\dataset\TBSI\unfocused\LH5\LH5 (7).JPG,0,LH5,,dataset
TBSI,D:\Dineth\focus_binary_benchmark\dataset\TBSI\unfocused\LH5\LH5 (8).JPG,0,LH5,,dataset
TBSI,D:\Dineth\focus_binary_benchmark\dataset\TBSI\unfocused\LH5\LH5 (9).JPG,0,LH5,,dataset
TBSI,D:\Dineth\focus_binary_benchmark\dataset\TBSI\unfocused\LH6\LH6 (1).JPG,0,LH6,,dataset
TBSI,D:\Dineth\focus_binary_benchmark\dataset\TBSI\unfocused\LH6\LH6 (10).JPG,0,LH6,,dataset
TBSI,D:\Dineth\focus_binary_benchmark\dataset\TBSI\unfocused\LH6\LH6 (2).JPG,0,LH6,,dataset
TBSI,D:\Dineth\focus_binary_benchmark\dataset\TBSI\unfocused\LH6\LH6 (3).JPG,0,LH6,,dataset
TBSI,D:\Dineth\focus_binary_benchmark\dataset\TBSI\unfocused\LH6\LH6 (4).JPG,0,LH6,,dataset
TBSI,D:\Dineth\focus_binary_benchmark\dataset\TBSI\unfocused\LH6\LH6 (8).JPG,0,LH6,,dataset
TBSI,D:\Dineth\focus_binary_benchmark\dataset\TBSI\unfocused\LH6\LH6 (9).JPG,0,LH6,,dataset
TBSI,D:\Dineth\focus_binary_benchmark\dataset\TBSI\unfocused\LH7\LH7 (1).JPG,0,LH7,,dataset
TBSI,D:\Dineth\focus_binary_benchmark\dataset\TBSI\unfocused\LH7\LH7 (10).JPG,0,LH7,,dataset
TBSI,D:\Dineth\focus_binary_benchmark\dataset\TBSI\unfocused\LH7\LH7 (2).JPG,0,LH7,,dataset
TBSI,D:\Dineth\focus_binary_benchmark\dataset\TBSI\unfocused\LH7\LH7 (3).JPG,0,LH7,,dataset
TBSI,D:\Dineth\focus_binary_benchmark\dataset\TBSI\unfocused\LH7\LH7 (4).JPG,0,LH7,,dataset
TBSI,D:\Dineth\focus_binary_benchmark\dataset\TBSI\unfocused\LH7\LH7 (8).JPG,0,LH7,,dataset
TBSI,D:\Dineth\focus_binary_benchmark\dataset\TBSI\unfocused\LH7\LH7 (9).JPG,0,LH7,,dataset
TBSI,D:\Dineth\focus_binary_benchmark\dataset\TBSI\unfocused\LH8\LH8 (1).JPG,0,LH8,,dataset
TBSI,D:\Dineth\focus_binary_benchmark\dataset\TBSI\unfocused\LH8\LH8 (10).JPG,0,LH8,,dataset
TBSI,D:\Dineth\focus_binary_benchmark\dataset\TBSI\unfocused\LH8\LH8 (2).JPG,0,LH8,,dataset
TBSI,D:\Dineth\focus_binary_benchmark\dataset\TBSI\unfocused\LH8\LH8 (3).JPG,0,LH8,,dataset
TBSI,D:\Dineth\focus_binary_benchmark\dataset\TBSI\unfocused\LH8\LH8 (4).JPG,0,LH8,,dataset
TBSI,D:\Dineth\focus_binary_benchmark\dataset\TBSI\unfocused\LH8\LH8 (8).JPG,0,LH8,,dataset
TBSI,D:\Dineth\focus_binary_benchmark\dataset\TBSI\unfocused\LH8\LH8 (9).JPG,0,LH8,,dataset
TBSI,D:\Dineth\focus_binary_benchmark\dataset\TBSI\unfocused\LH9\LH9 (1).JPG,0,LH9,,dataset
TBSI,D:\Dineth\focus_binary_benchmark\dataset\TBSI\unfocused\LH9\LH9 (10).JPG,0,LH9,,dataset
TBSI,D:\Dineth\focus_binary_benchmark\dataset\TBSI\unfocused\LH9\LH9 (2).JPG,0,LH9,,dataset
TBSI,D:\Dineth\focus_binary_benchmark\dataset\TBSI\unfocused\LH9\LH9 (3).JPG,0,LH9,,dataset
TBSI,D:\Dineth\focus_binary_benchmark\dataset\TBSI\unfocused\LH9\LH9 (4).JPG,0,LH9,,dataset
TBSI,D:\Dineth\focus_binary_benchmark\dataset\TBSI\unfocused\LH9\LH9 (8).JPG,0,LH9,,dataset
TBSI,D:\Dineth\focus_binary_benchmark\dataset\TBSI\unfocused\LH9\LH9 (9).JPG,0,LH9,,dataset
wbc,D:\Dineth\focus_binary_benchmark\dataset\wbc\focused\0\0_7.jpg,1,0,,dataset
wbc,D:\Dineth\focus_binary_benchmark\dataset\wbc\focused\1\1_6.jpg,1,1,,dataset
wbc,D:\Dineth\focus_binary_benchmark\dataset\wbc\focused\10\10_6.jpg,1,10,,dataset
wbc,D:\Dineth\focus_binary_benchmark\dataset\wbc\focused\100\100_5.jpg,1,100,,dataset
wbc,D:\Dineth\focus_binary_benchmark\dataset\wbc\focused\101\101_6.jpg,1,101,,dataset
wbc,D:\Dineth\focus_binary_benchmark\dataset\wbc\focused\102\102_6.jpg,1,102,,dataset
wbc,D:\Dineth\focus_binary_benchmark\dataset\wbc\focused\103\103_6.jpg,1,103,,dataset
wbc,D:\Dineth\focus_binary_benchmark\dataset\wbc\focused\104\104_6.jpg,1,104,,dataset
wbc,D:\Dineth\focus_binary_benchmark\dataset\wbc\focused\105\105_6.jpg,1,105,,dataset
wbc,D:\Dineth\focus_binary_benchmark\dataset\wbc\focused\106\106_6.jpg,1,106,,dataset
wbc,D:\Dineth\focus_binary_benchmark\dataset\wbc\focused\107\107_6.jpg,1,107,,dataset
wbc,D:\Dineth\focus_binary_benchmark\dataset\wbc\focused\108\108_7.jpg,1,108,,dataset
wbc,D:\Dineth\focus_binary_benchmark\dataset\wbc\focused\109\109_6.jpg,1,109,,dataset
wbc,D:\Dineth\focus_binary_benchmark\dataset\wbc\focused\11\11_6.jpg,1,11,,dataset
wbc,D:\Dineth\focus_binary_benchmark\dataset\wbc\focused\110\110_6.jpg,1,110,,dataset
wbc,D:\Dineth\focus_binary_benchmark\dataset\wbc\focused\111\111_6.jpg,1,111,,dataset
wbc,D:\Dineth\focus_binary_benchmark\dataset\wbc\focused\112\112_6.jpg,1,112,,dataset
wbc,D:\Dineth\focus_binary_benchmark\dataset\wbc\focused\113\113_6.jpg,1,113,,dataset
wbc,D:\Dineth\focus_binary_benchmark\dataset\wbc\focused\114\114_6.jpg,1,114,,dataset
wbc,D:\Dineth\focus_binary_benchmark\dataset\wbc\focused\115\115_7.jpg,1,115,,dataset
wbc,D:\Dineth\focus_binary_benchmark\dataset\wbc\focused\116\116_6.jpg,1,116,,dataset
wbc,D:\Dineth\focus_binary_benchmark\dataset\wbc\focused\117\117_6.jpg,1,117,,dataset
wbc,D:\Dineth\focus_binary_benchmark\dataset\wbc\focused\118\118_6.jpg,1,118,,dataset
wbc,D:\Dineth\focus_binary_benchmark\dataset\wbc\focused\119\119_6.jpg,1,119,,dataset
wbc,D:\Dineth\focus_binary_benchmark\dataset\wbc\focused\12\12_6.jpg,1,12,,dataset
wbc,D:\Dineth\focus_binary_benchmark\dataset\wbc\focused\120\120_5.jpg,1,120,,dataset
wbc,D:\Dineth\focus_binary_benchmark\dataset\wbc\focused\121\121_6.jpg,1,121,,dataset
wbc,D:\Dineth\focus_binary_benchmark\dataset\wbc\focused\122\122_6.jpg,1,122,,dataset
wbc,D:\Dineth\focus_binary_benchmark\dataset\wbc\focused\123\123_6.jpg,1,123,,dataset
wbc,D:\Dineth\focus_binary_benchmark\dataset\wbc\focused\124\124_6.jpg,1,124,,dataset
wbc,D:\Dineth\focus_binary_benchmark\dataset\wbc\focused\125\125_6.jpg,1,125,,dataset
wbc,D:\Dineth\focus_binary_benchmark\dataset\wbc\focused\126\126_6.jpg,1,126,,dataset
wbc,D:\Dineth\focus_binary_benchmark\dataset\wbc\focused\127\127_6.jpg,1,127,,dataset
wbc,D:\Dineth\focus_binary_benchmark\dataset\wbc\focused\128\128_6.jpg,1,128,,dataset
wbc,D:\Dineth\focus_binary_benchmark\dataset\wbc\focused\129\129_7.jpg,1,129,,dataset
wbc,D:\Dineth\focus_binary_benchmark\dataset\wbc\focused\13\13_7.jpg,1,13,,dataset
wbc,D:\Dineth\focus_binary_benchmark\dataset\wbc\focused\130\130_6.jpg,1,130,,dataset
wbc,D:\Dineth\focus_binary_benchmark\dataset\wbc\focused\131\131_6.jpg,1,131,,dataset
wbc,D:\Dineth\focus_binary_benchmark\dataset\wbc\focused\132\132_6.jpg,1,132,,dataset
wbc,D:\Dineth\focus_binary_benchmark\dataset\wbc\focused\133\133_7.jpg,1,133,,dataset
wbc,D:\Dineth\focus_binary_benchmark\dataset\wbc\focused\134\134_6.jpg,1,134,,dataset
wbc,D:\Dineth\focus_binary_benchmark\dataset\wbc\focused\135\135_6.jpg,1,135,,dataset
wbc,D:\Dineth\focus_binary_benchmark\dataset\wbc\focused\136\136_5.jpg,1,136,,dataset
wbc,D:\Dineth\focus_binary_benchmark\dataset\wbc\focused\137\137_5.jpg,1,137,,dataset
wbc,D:\Dineth\focus_binary_benchmark\dataset\wbc\focused\138\138_5.jpg,1,138,,dataset
wbc,D:\Dineth\focus_binary_benchmark\dataset\wbc\focused\139\139_5.jpg,1,139,,dataset
wbc,D:\Dineth\focus_binary_benchmark\dataset\wbc\focused\14\14_6.jpg,1,14,,dataset
wbc,D:\Dineth\focus_binary_benchmark\dataset\wbc\focused\140\140_5.jpg,1,140,,dataset
wbc,D:\Dineth\focus_binary_benchmark\dataset\wbc\focused\141\141_6.jpg,1,141,,dataset
wbc,D:\Dineth\focus_binary_benchmark\dataset\wbc\focused\142\142_6.jpg,1,142,,dataset
wbc,D:\Dineth\focus_binary_benchmark\dataset\wbc\focused\143\143_7.jpg,1,143,,dataset
wbc,D:\Dineth\focus_binary_benchmark\dataset\wbc\focused\144\144_6.jpg,1,144,,dataset
wbc,D:\Dineth\focus_binary_benchmark\dataset\wbc\focused\145\145_6.jpg,1,145,,dataset
wbc,D:\Dineth\focus_binary_benchmark\dataset\wbc\focused\146\146_6.jpg,1,146,,dataset
wbc,D:\Dineth\focus_binary_benchmark\dataset\wbc\focused\147\147_6.jpg,1,147,,dataset
wbc,D:\Dineth\focus_binary_benchmark\dataset\wbc\focused\148\148_6.jpg,1,148,,dataset
wbc,D:\Dineth\focus_binary_benchmark\dataset\wbc\focused\149\149_6.jpg,1,149,,dataset
wbc,D:\Dineth\focus_binary_benchmark\dataset\wbc\focused\15\15_6.jpg,1,15,,dataset
wbc,D:\Dineth\focus_binary_benchmark\dataset\wbc\focused\150\150_6.jpg,1,150,,dataset
wbc,D:\Dineth\focus_binary_benchmark\dataset\wbc\focused\16\16_5.jpg,1,16,,dataset
wbc,D:\Dineth\focus_binary_benchmark\dataset\wbc\focused\17\17_5.jpg,1,17,,dataset
wbc,D:\Dineth\focus_binary_benchmark\dataset\wbc\focused\18\18_5.jpg,1,18,,dataset
wbc,D:\Dineth\focus_binary_benchmark\dataset\wbc\focused\19\19_5.jpg,1,19,,dataset
wbc,D:\Dineth\focus_binary_benchmark\dataset\wbc\focused\2\2_6.jpg,1,2,,dataset
wbc,D:\Dineth\focus_binary_benchmark\dataset\wbc\focused\20\20_5.jpg,1,20,,dataset
wbc,D:\Dineth\focus_binary_benchmark\dataset\wbc\focused\21\21_6.jpg,1,21,,dataset
wbc,D:\Dineth\focus_binary_benchmark\dataset\wbc\focused\22\22_5.jpg,1,22,,dataset
wbc,D:\Dineth\focus_binary_benchmark\dataset\wbc\focused\23\23_6.jpg,1,23,,dataset
wbc,D:\Dineth\focus_binary_benchmark\dataset\wbc\focused\24\24_6.jpg,1,24,,dataset
wbc,D:\Dineth\focus_binary_benchmark\dataset\wbc\focused\25\25_6.jpg,1,25,,dataset
wbc,D:\Dineth\focus_binary_benchmark\dataset\wbc\focused\26\26_6.jpg,1,26,,dataset
wbc,D:\Dineth\focus_binary_benchmark\dataset\wbc\focused\27\27_6.jpg,1,27,,dataset
wbc,D:\Dineth\focus_binary_benchmark\dataset\wbc\focused\28\28_5.jpg,1,28,,dataset
wbc,D:\Dineth\focus_binary_benchmark\dataset\wbc\focused\29\29_6.jpg,1,29,,dataset
wbc,D:\Dineth\focus_binary_benchmark\dataset\wbc\focused\3\3_5.jpg,1,3,,dataset
wbc,D:\Dineth\focus_binary_benchmark\dataset\wbc\focused\30\30_6.jpg,1,30,,dataset
wbc,D:\Dineth\focus_binary_benchmark\dataset\wbc\focused\31\31_6.jpg,1,31,,dataset
wbc,D:\Dineth\focus_binary_benchmark\dataset\wbc\focused\32\32_6.jpg,1,32,,dataset
wbc,D:\Dineth\focus_binary_benchmark\dataset\wbc\focused\33\33_6.jpg,1,33,,dataset
wbc,D:\Dineth\focus_binary_benchmark\dataset\wbc\focused\34\34_6.jpg,1,34,,dataset
wbc,D:\Dineth\focus_binary_benchmark\dataset\wbc\focused\35\35_5.jpg,1,35,,dataset
wbc,D:\Dineth\focus_binary_benchmark\dataset\wbc\focused\36\36_6.jpg,1,36,,dataset
wbc,D:\Dineth\focus_binary_benchmark\dataset\wbc\focused\37\37_5.jpg,1,37,,dataset
wbc,D:\Dineth\focus_binary_benchmark\dataset\wbc\focused\38\38_7.jpg,1,38,,dataset
wbc,D:\Dineth\focus_binary_benchmark\dataset\wbc\focused\39\39_6.jpg,1,39,,dataset
wbc,D:\Dineth\focus_binary_benchmark\dataset\wbc\focused\4\4_6.jpg,1,4,,dataset
wbc,D:\Dineth\focus_binary_benchmark\dataset\wbc\focused\40\40_5.jpg,1,40,,dataset
wbc,D:\Dineth\focus_binary_benchmark\dataset\wbc\focused\41\41_5.jpg,1,41,,dataset
wbc,D:\Dineth\focus_binary_benchmark\dataset\wbc\focused\42\42_5.jpg,1,42,,dataset
wbc,D:\Dineth\focus_binary_benchmark\dataset\wbc\focused\43\43_6.jpg,1,43,,dataset
wbc,D:\Dineth\focus_binary_benchmark\dataset\wbc\focused\44\44_6.jpg,1,44,,dataset
wbc,D:\Dineth\focus_binary_benchmark\dataset\wbc\focused\45\45_6.jpg,1,45,,dataset
wbc,D:\Dineth\focus_binary_benchmark\dataset\wbc\focused\46\46_6.jpg,1,46,,dataset
wbc,D:\Dineth\focus_binary_benchmark\dataset\wbc\focused\47\47_6.jpg,1,47,,dataset
wbc,D:\Dineth\focus_binary_benchmark\dataset\wbc\focused\48\48_6.jpg,1,48,,dataset
wbc,D:\Dineth\focus_binary_benchmark\dataset\wbc\focused\49\49_6.jpg,1,49,,dataset
wbc,D:\Dineth\focus_binary_benchmark\dataset\wbc\focused\5\5_6.jpg,1,5,,dataset
wbc,D:\Dineth\focus_binary_benchmark\dataset\wbc\focused\50\50_7.jpg,1,50,,dataset
wbc,D:\Dineth\focus_binary_benchmark\dataset\wbc\focused\51\51_6.jpg,1,51,,dataset
wbc,D:\Dineth\focus_binary_benchmark\dataset\wbc\focused\52\52_6.jpg,1,52,,dataset
wbc,D:\Dineth\focus_binary_benchmark\dataset\wbc\focused\53\53_6.jpg,1,53,,dataset
wbc,D:\Dineth\focus_binary_benchmark\dataset\wbc\focused\54\54_6.jpg,1,54,,dataset
wbc,D:\Dineth\focus_binary_benchmark\dataset\wbc\focused\55\55_6.jpg,1,55,,dataset
wbc,D:\Dineth\focus_binary_benchmark\dataset\wbc\focused\56\56_6.jpg,1,56,,dataset
wbc,D:\Dineth\focus_binary_benchmark\dataset\wbc\focused\57\57_6.jpg,1,57,,dataset
wbc,D:\Dineth\focus_binary_benchmark\dataset\wbc\focused\58\58_6.jpg,1,58,,dataset
wbc,D:\Dineth\focus_binary_benchmark\dataset\wbc\focused\59\59_6.jpg,1,59,,dataset
wbc,D:\Dineth\focus_binary_benchmark\dataset\wbc\focused\6\6_5.jpg,1,6,,dataset
wbc,D:\Dineth\focus_binary_benchmark\dataset\wbc\focused\60\60_6.jpg,1,60,,dataset
wbc,D:\Dineth\focus_binary_benchmark\dataset\wbc\focused\61\61_6.jpg,1,61,,dataset
wbc,D:\Dineth\focus_binary_benchmark\dataset\wbc\focused\62\62_6.jpg,1,62,,dataset
wbc,D:\Dineth\focus_binary_benchmark\dataset\wbc\focused\63\63_5.jpg,1,63,,dataset
wbc,D:\Dineth\focus_binary_benchmark\dataset\wbc\focused\64\64_7.jpg,1,64,,dataset
wbc,D:\Dineth\focus_binary_benchmark\dataset\wbc\focused\65\65_6.jpg,1,65,,dataset
wbc,D:\Dineth\focus_binary_benchmark\dataset\wbc\focused\66\66_6.jpg,1,66,,dataset
wbc,D:\Dineth\focus_binary_benchmark\dataset\wbc\focused\67\67_6.jpg,1,67,,dataset
wbc,D:\Dineth\focus_binary_benchmark\dataset\wbc\focused\68\68_6.jpg,1,68,,dataset
wbc,D:\Dineth\focus_binary_benchmark\dataset\wbc\focused\69\69_6.jpg,1,69,,dataset
wbc,D:\Dineth\focus_binary_benchmark\dataset\wbc\focused\7\7_6.jpg,1,7,,dataset
wbc,D:\Dineth\focus_binary_benchmark\dataset\wbc\focused\70\70_6.jpg,1,70,,dataset
wbc,D:\Dineth\focus_binary_benchmark\dataset\wbc\focused\71\71_6.jpg,1,71,,dataset
wbc,D:\Dineth\focus_binary_benchmark\dataset\wbc\focused\72\72_6.jpg,1,72,,dataset
wbc,D:\Dineth\focus_binary_benchmark\dataset\wbc\focused\73\73_5.jpg,1,73,,dataset
wbc,D:\Dineth\focus_binary_benchmark\dataset\wbc\focused\74\74_6.jpg,1,74,,dataset
wbc,D:\Dineth\focus_binary_benchmark\dataset\wbc\focused\75\75_6.jpg,1,75,,dataset
wbc,D:\Dineth\focus_binary_benchmark\dataset\wbc\focused\76\76_5.jpg,1,76,,dataset
wbc,D:\Dineth\focus_binary_benchmark\dataset\wbc\focused\77\77_6.jpg,1,77,,dataset
wbc,D:\Dineth\focus_binary_benchmark\dataset\wbc\focused\78\78_6.jpg,1,78,,dataset
wbc,D:\Dineth\focus_binary_benchmark\dataset\wbc\focused\79\79_6.jpg,1,79,,dataset
wbc,D:\Dineth\focus_binary_benchmark\dataset\wbc\focused\8\8_6.jpg,1,8,,dataset
wbc,D:\Dineth\focus_binary_benchmark\dataset\wbc\focused\80\80_6.jpg,1,80,,dataset
wbc,D:\Dineth\focus_binary_benchmark\dataset\wbc\focused\81\81_6.jpg,1,81,,dataset
wbc,D:\Dineth\focus_binary_benchmark\dataset\wbc\focused\82\82_5.jpg,1,82,,dataset
wbc,D:\Dineth\focus_binary_benchmark\dataset\wbc\focused\83\83_6.jpg,1,83,,dataset
wbc,D:\Dineth\focus_binary_benchmark\dataset\wbc\focused\84\84_6.jpg,1,84,,dataset
wbc,D:\Dineth\focus_binary_benchmark\dataset\wbc\focused\85\85_6.jpg,1,85,,dataset
wbc,D:\Dineth\focus_binary_benchmark\dataset\wbc\focused\86\86_6.jpg,1,86,,dataset
wbc,D:\Dineth\focus_binary_benchmark\dataset\wbc\focused\87\87_5.jpg,1,87,,dataset
wbc,D:\Dineth\focus_binary_benchmark\dataset\wbc\focused\88\88_6.jpg,1,88,,dataset
wbc,D:\Dineth\focus_binary_benchmark\dataset\wbc\focused\89\89_6.jpg,1,89,,dataset
wbc,D:\Dineth\focus_binary_benchmark\dataset\wbc\focused\9\9_6.jpg,1,9,,dataset
wbc,D:\Dineth\focus_binary_benchmark\dataset\wbc\focused\90\90_5.jpg,1,90,,dataset
wbc,D:\Dineth\focus_binary_benchmark\dataset\wbc\focused\91\91_6.jpg,1,91,,dataset
wbc,D:\Dineth\focus_binary_benchmark\dataset\wbc\focused\92\92_6.jpg,1,92,,dataset
wbc,D:\Dineth\focus_binary_benchmark\dataset\wbc\focused\93\93_5.jpg,1,93,,dataset
wbc,D:\Dineth\focus_binary_benchmark\dataset\wbc\focused\94\94_5.jpg,1,94,,dataset
wbc,D:\Dineth\focus_binary_benchmark\dataset\wbc\focused\95\95_5.jpg,1,95,,dataset
wbc,D:\Dineth\focus_binary_benchmark\dataset\wbc\focused\96\96_6.jpg,1,96,,dataset
wbc,D:\Dineth\focus_binary_benchmark\dataset\wbc\focused\97\97_5.jpg,1,97,,dataset
wbc,D:\Dineth\focus_binary_benchmark\dataset\wbc\focused\98\98_6.jpg,1,98,,dataset
wbc,D:\Dineth\focus_binary_benchmark\dataset\wbc\focused\99\99_6.jpg,1,99,,dataset
wbc,D:\Dineth\focus_binary_benchmark\dataset\wbc\unfocused\0\0_0.jpg,0,0,,dataset
wbc,D:\Dineth\focus_binary_benchmark\dataset\wbc\unfocused\0\0_1.jpg,0,0,,dataset
wbc,D:\Dineth\focus_binary_benchmark\dataset\wbc\unfocused\0\0_2.jpg,0,0,,dataset
wbc,D:\Dineth\focus_binary_benchmark\dataset\wbc\unfocused\0\0_3.jpg,0,0,,dataset
wbc,D:\Dineth\focus_binary_benchmark\dataset\wbc\unfocused\0\0_4.jpg,0,0,,dataset
wbc,D:\Dineth\focus_binary_benchmark\dataset\wbc\unfocused\0\0_5.jpg,0,0,,dataset
wbc,D:\Dineth\focus_binary_benchmark\dataset\wbc\unfocused\0\0_9.jpg,0,0,,dataset
wbc,D:\Dineth\focus_binary_benchmark\dataset\wbc\unfocused\1\1_0.jpg,0,1,,dataset
wbc,D:\Dineth\focus_binary_benchmark\dataset\wbc\unfocused\1\1_1.jpg,0,1,,dataset
wbc,D:\Dineth\focus_binary_benchmark\dataset\wbc\unfocused\1\1_2.jpg,0,1,,dataset
wbc,D:\Dineth\focus_binary_benchmark\dataset\wbc\unfocused\1\1_3.jpg,0,1,,dataset
wbc,D:\Dineth\focus_binary_benchmark\dataset\wbc\unfocused\1\1_4.jpg,0,1,,dataset
wbc,D:\Dineth\focus_binary_benchmark\dataset\wbc\unfocused\1\1_8.jpg,0,1,,dataset
wbc,D:\Dineth\focus_binary_benchmark\dataset\wbc\unfocused\1\1_9.jpg,0,1,,dataset
wbc,D:\Dineth\focus_binary_benchmark\dataset\wbc\unfocused\10\10_0.jpg,0,10,,dataset
wbc,D:\Dineth\focus_binary_benchmark\dataset\wbc\unfocused\10\10_1.jpg,0,10,,dataset
wbc,D:\Dineth\focus_binary_benchmark\dataset\wbc\unfocused\10\10_2.jpg,0,10,,dataset
wbc,D:\Dineth\focus_binary_benchmark\dataset\wbc\unfocused\10\10_3.jpg,0,10,,dataset
wbc,D:\Dineth\focus_binary_benchmark\dataset\wbc\unfocused\10\10_4.jpg,0,10,,dataset
wbc,D:\Dineth\focus_binary_benchmark\dataset\wbc\unfocused\10\10_8.jpg,0,10,,dataset
wbc,D:\Dineth\focus_binary_benchmark\dataset\wbc\unfocused\10\10_9.jpg,0,10,,dataset
wbc,D:\Dineth\focus_binary_benchmark\dataset\wbc\unfocused\100\100_0.jpg,0,100,,dataset
wbc,D:\Dineth\focus_binary_benchmark\dataset\wbc\unfocused\100\100_1.jpg,0,100,,dataset
wbc,D:\Dineth\focus_binary_benchmark\dataset\wbc\unfocused\100\100_2.jpg,0,100,,dataset
wbc,D:\Dineth\focus_binary_benchmark\dataset\wbc\unfocused\100\100_3.jpg,0,100,,dataset
wbc,D:\Dineth\focus_binary_benchmark\dataset\wbc\unfocused\100\100_7.jpg,0,100,,dataset
wbc,D:\Dineth\focus_binary_benchmark\dataset\wbc\unfocused\100\100_8.jpg,0,100,,dataset
wbc,D:\Dineth\focus_binary_benchmark\dataset\wbc\unfocused\100\100_9.jpg,0,100,,dataset
wbc,D:\Dineth\focus_binary_benchmark\dataset\wbc\unfocused\101\101_0.jpg,0,101,,dataset
wbc,D:\Dineth\focus_binary_benchmark\dataset\wbc\unfocused\101\101_1.jpg,0,101,,dataset
wbc,D:\Dineth\focus_binary_benchmark\dataset\wbc\unfocused\101\101_2.jpg,0,101,,dataset
wbc,D:\Dineth\focus_binary_benchmark\dataset\wbc\unfocused\101\101_3.jpg,0,101,,dataset
wbc,D:\Dineth\focus_binary_benchmark\dataset\wbc\unfocused\101\101_4.jpg,0,101,,dataset
wbc,D:\Dineth\focus_binary_benchmark\dataset\wbc\unfocused\101\101_8.jpg,0,101,,dataset
wbc,D:\Dineth\focus_binary_benchmark\dataset\wbc\unfocused\101\101_9.jpg,0,101,,dataset
wbc,D:\Dineth\focus_binary_benchmark\dataset\wbc\unfocused\102\102_0.jpg,0,102,,dataset
wbc,D:\Dineth\focus_binary_benchmark\dataset\wbc\unfocused\102\102_1.jpg,0,102,,dataset
wbc,D:\Dineth\focus_binary_benchmark\dataset\wbc\unfocused\102\102_2.jpg,0,102,,dataset
wbc,D:\Dineth\focus_binary_benchmark\dataset\wbc\unfocused\102\102_3.jpg,0,102,,dataset
wbc,D:\Dineth\focus_binary_benchmark\dataset\wbc\unfocused\102\102_4.jpg,0,102,,dataset
wbc,D:\Dineth\focus_binary_benchmark\dataset\wbc\unfocused\102\102_8.jpg,0,102,,dataset
wbc,D:\Dineth\focus_binary_benchmark\dataset\wbc\unfocused\102\102_9.jpg,0,102,,dataset
wbc,D:\Dineth\focus_binary_benchmark\dataset\wbc\unfocused\103\103_0.jpg,0,103,,dataset
wbc,D:\Dineth\focus_binary_benchmark\dataset\wbc\unfocused\103\103_1.jpg,0,103,,dataset
wbc,D:\Dineth\focus_binary_benchmark\dataset\wbc\unfocused\103\103_2.jpg,0,103,,dataset
wbc,D:\Dineth\focus_binary_benchmark\dataset\wbc\unfocused\103\103_3.jpg,0,103,,dataset
wbc,D:\Dineth\focus_binary_benchmark\dataset\wbc\unfocused\103\103_4.jpg,0,103,,dataset
wbc,D:\Dineth\focus_binary_benchmark\dataset\wbc\unfocused\103\103_8.jpg,0,103,,dataset
wbc,D:\Dineth\focus_binary_benchmark\dataset\wbc\unfocused\103\103_9.jpg,0,103,,dataset
wbc,D:\Dineth\focus_binary_benchmark\dataset\wbc\unfocused\104\104_0.jpg,0,104,,dataset
wbc,D:\Dineth\focus_binary_benchmark\dataset\wbc\unfocused\104\104_1.jpg,0,104,,dataset
wbc,D:\Dineth\focus_binary_benchmark\dataset\wbc\unfocused\104\104_2.jpg,0,104,,dataset
wbc,D:\Dineth\focus_binary_benchmark\dataset\wbc\unfocused\104\104_3.jpg,0,104,,dataset
wbc,D:\Dineth\focus_binary_benchmark\dataset\wbc\unfocused\104\104_4.jpg,0,104,,dataset
wbc,D:\Dineth\focus_binary_benchmark\dataset\wbc\unfocused\104\104_8.jpg,0,104,,dataset
wbc,D:\Dineth\focus_binary_benchmark\dataset\wbc\unfocused\104\104_9.jpg,0,104,,dataset
wbc,D:\Dineth\focus_binary_benchmark\dataset\wbc\unfocused\105\105_0.jpg,0,105,,dataset
wbc,D:\Dineth\focus_binary_benchmark\dataset\wbc\unfocused\105\105_1.jpg,0,105,,dataset
wbc,D:\Dineth\focus_binary_benchmark\dataset\wbc\unfocused\105\105_2.jpg,0,105,,dataset
wbc,D:\Dineth\focus_binary_benchmark\dataset\wbc\unfocused\105\105_3.jpg,0,105,,dataset
wbc,D:\Dineth\focus_binary_benchmark\dataset\wbc\unfocused\105\105_4.jpg,0,105,,dataset
wbc,D:\Dineth\focus_binary_benchmark\dataset\wbc\unfocused\105\105_8.jpg,0,105,,dataset
wbc,D:\Dineth\focus_binary_benchmark\dataset\wbc\unfocused\105\105_9.jpg,0,105,,dataset
wbc,D:\Dineth\focus_binary_benchmark\dataset\wbc\unfocused\106\106_0.jpg,0,106,,dataset
wbc,D:\Dineth\focus_binary_benchmark\dataset\wbc\unfocused\106\106_1.jpg,0,106,,dataset
wbc,D:\Dineth\focus_binary_benchmark\dataset\wbc\unfocused\106\106_2.jpg,0,106,,dataset
wbc,D:\Dineth\focus_binary_benchmark\dataset\wbc\unfocused\106\106_3.jpg,0,106,,dataset
wbc,D:\Dineth\focus_binary_benchmark\dataset\wbc\unfocused\106\106_4.jpg,0,106,,dataset
wbc,D:\Dineth\focus_binary_benchmark\dataset\wbc\unfocused\106\106_8.jpg,0,106,,dataset
wbc,D:\Dineth\focus_binary_benchmark\dataset\wbc\unfocused\106\106_9.jpg,0,106,,dataset
wbc,D:\Dineth\focus_binary_benchmark\dataset\wbc\unfocused\107\107_0.jpg,0,107,,dataset
wbc,D:\Dineth\focus_binary_benchmark\dataset\wbc\unfocused\107\107_1.jpg,0,107,,dataset
wbc,D:\Dineth\focus_binary_benchmark\dataset\wbc\unfocused\107\107_2.jpg,0,107,,dataset
wbc,D:\Dineth\focus_binary_benchmark\dataset\wbc\unfocused\107\107_3.jpg,0,107,,dataset
wbc,D:\Dineth\focus_binary_benchmark\dataset\wbc\unfocused\107\107_4.jpg,0,107,,dataset
wbc,D:\Dineth\focus_binary_benchmark\dataset\wbc\unfocused\107\107_8.jpg,0,107,,dataset
wbc,D:\Dineth\focus_binary_benchmark\dataset\wbc\unfocused\107\107_9.jpg,0,107,,dataset
wbc,D:\Dineth\focus_binary_benchmark\dataset\wbc\unfocused\108\108_0.jpg,0,108,,dataset
wbc,D:\Dineth\focus_binary_benchmark\dataset\wbc\unfocused\108\108_1.jpg,0,108,,dataset
wbc,D:\Dineth\focus_binary_benchmark\dataset\wbc\unfocused\108\108_2.jpg,0,108,,dataset
wbc,D:\Dineth\focus_binary_benchmark\dataset\wbc\unfocused\108\108_3.jpg,0,108,,dataset
wbc,D:\Dineth\focus_binary_benchmark\dataset\wbc\unfocused\108\108_4.jpg,0,108,,dataset
wbc,D:\Dineth\focus_binary_benchmark\dataset\wbc\unfocused\108\108_5.jpg,0,108,,dataset
wbc,D:\Dineth\focus_binary_benchmark\dataset\wbc\unfocused\108\108_9.jpg,0,108,,dataset
wbc,D:\Dineth\focus_binary_benchmark\dataset\wbc\unfocused\109\109_0.jpg,0,109,,dataset
wbc,D:\Dineth\focus_binary_benchmark\dataset\wbc\unfocused\109\109_1.jpg,0,109,,dataset
wbc,D:\Dineth\focus_binary_benchmark\dataset\wbc\unfocused\109\109_2.jpg,0,109,,dataset
wbc,D:\Dineth\focus_binary_benchmark\dataset\wbc\unfocused\109\109_3.jpg,0,109,,dataset
wbc,D:\Dineth\focus_binary_benchmark\dataset\wbc\unfocused\109\109_4.jpg,0,109,,dataset
wbc,D:\Dineth\focus_binary_benchmark\dataset\wbc\unfocused\109\109_8.jpg,0,109,,dataset
wbc,D:\Dineth\focus_binary_benchmark\dataset\wbc\unfocused\109\109_9.jpg,0,109,,dataset
wbc,D:\Dineth\focus_binary_benchmark\dataset\wbc\unfocused\11\11_0.jpg,0,11,,dataset
wbc,D:\Dineth\focus_binary_benchmark\dataset\wbc\unfocused\11\11_1.jpg,0,11,,dataset
wbc,D:\Dineth\focus_binary_benchmark\dataset\wbc\unfocused\11\11_2.jpg,0,11,,dataset
wbc,D:\Dineth\focus_binary_benchmark\dataset\wbc\unfocused\11\11_3.jpg,0,11,,dataset
wbc,D:\Dineth\focus_binary_benchmark\dataset\wbc\unfocused\11\11_4.jpg,0,11,,dataset
wbc,D:\Dineth\focus_binary_benchmark\dataset\wbc\unfocused\11\11_8.jpg,0,11,,dataset
wbc,D:\Dineth\focus_binary_benchmark\dataset\wbc\unfocused\11\11_9.jpg,0,11,,dataset
wbc,D:\Dineth\focus_binary_benchmark\dataset\wbc\unfocused\110\110_0.jpg,0,110,,dataset
wbc,D:\Dineth\focus_binary_benchmark\dataset\wbc\unfocused\110\110_1.jpg,0,110,,dataset
wbc,D:\Dineth\focus_binary_benchmark\dataset\wbc\unfocused\110\110_2.jpg,0,110,,dataset
wbc,D:\Dineth\focus_binary_benchmark\dataset\wbc\unfocused\110\110_3.jpg,0,110,,dataset
wbc,D:\Dineth\focus_binary_benchmark\dataset\wbc\unfocused\110\110_4.jpg,0,110,,dataset
wbc,D:\Dineth\focus_binary_benchmark\dataset\wbc\unfocused\110\110_8.jpg,0,110,,dataset
wbc,D:\Dineth\focus_binary_benchmark\dataset\wbc\unfocused\110\110_9.jpg,0,110,,dataset
wbc,D:\Dineth\focus_binary_benchmark\dataset\wbc\unfocused\111\111_0.jpg,0,111,,dataset
wbc,D:\Dineth\focus_binary_benchmark\dataset\wbc\unfocused\111\111_1.jpg,0,111,,dataset
wbc,D:\Dineth\focus_binary_benchmark\dataset\wbc\unfocused\111\111_2.jpg,0,111,,dataset
wbc,D:\Dineth\focus_binary_benchmark\dataset\wbc\unfocused\111\111_3.jpg,0,111,,dataset
wbc,D:\Dineth\focus_binary_benchmark\dataset\wbc\unfocused\111\111_4.jpg,0,111,,dataset
wbc,D:\Dineth\focus_binary_benchmark\dataset\wbc\unfocused\111\111_8.jpg,0,111,,dataset
wbc,D:\Dineth\focus_binary_benchmark\dataset\wbc\unfocused\111\111_9.jpg,0,111,,dataset
wbc,D:\Dineth\focus_binary_benchmark\dataset\wbc\unfocused\112\112_0.jpg,0,112,,dataset
wbc,D:\Dineth\focus_binary_benchmark\dataset\wbc\unfocused\112\112_1.jpg,0,112,,dataset
wbc,D:\Dineth\focus_binary_benchmark\dataset\wbc\unfocused\112\112_2.jpg,0,112,,dataset
wbc,D:\Dineth\focus_binary_benchmark\dataset\wbc\unfocused\112\112_3.jpg,0,112,,dataset
wbc,D:\Dineth\focus_binary_benchmark\dataset\wbc\unfocused\112\112_4.jpg,0,112,,dataset
wbc,D:\Dineth\focus_binary_benchmark\dataset\wbc\unfocused\112\112_8.jpg,0,112,,dataset
wbc,D:\Dineth\focus_binary_benchmark\dataset\wbc\unfocused\112\112_9.jpg,0,112,,dataset
wbc,D:\Dineth\focus_binary_benchmark\dataset\wbc\unfocused\113\113_0.jpg,0,113,,dataset
wbc,D:\Dineth\focus_binary_benchmark\dataset\wbc\unfocused\113\113_1.jpg,0,113,,dataset
wbc,D:\Dineth\focus_binary_benchmark\dataset\wbc\unfocused\113\113_2.jpg,0,113,,dataset
wbc,D:\Dineth\focus_binary_benchmark\dataset\wbc\unfocused\113\113_3.jpg,0,113,,dataset
wbc,D:\Dineth\focus_binary_benchmark\dataset\wbc\unfocused\113\113_4.jpg,0,113,,dataset
wbc,D:\Dineth\focus_binary_benchmark\dataset\wbc\unfocused\113\113_8.jpg,0,113,,dataset
wbc,D:\Dineth\focus_binary_benchmark\dataset\wbc\unfocused\113\113_9.jpg,0,113,,dataset
wbc,D:\Dineth\focus_binary_benchmark\dataset\wbc\unfocused\114\114_0.jpg,0,114,,dataset
wbc,D:\Dineth\focus_binary_benchmark\dataset\wbc\unfocused\114\114_1.jpg,0,114,,dataset
wbc,D:\Dineth\focus_binary_benchmark\dataset\wbc\unfocused\114\114_2.jpg,0,114,,dataset
wbc,D:\Dineth\focus_binary_benchmark\dataset\wbc\unfocused\114\114_3.jpg,0,114,,dataset
wbc,D:\Dineth\focus_binary_benchmark\dataset\wbc\unfocused\114\114_4.jpg,0,114,,dataset
wbc,D:\Dineth\focus_binary_benchmark\dataset\wbc\unfocused\114\114_8.jpg,0,114,,dataset
wbc,D:\Dineth\focus_binary_benchmark\dataset\wbc\unfocused\114\114_9.jpg,0,114,,dataset
wbc,D:\Dineth\focus_binary_benchmark\dataset\wbc\unfocused\115\115_0.jpg,0,115,,dataset
wbc,D:\Dineth\focus_binary_benchmark\dataset\wbc\unfocused\115\115_1.jpg,0,115,,dataset
wbc,D:\Dineth\focus_binary_benchmark\dataset\wbc\unfocused\115\115_2.jpg,0,115,,dataset
wbc,D:\Dineth\focus_binary_benchmark\dataset\wbc\unfocused\115\115_3.jpg,0,115,,dataset
wbc,D:\Dineth\focus_binary_benchmark\dataset\wbc\unfocused\115\115_4.jpg,0,115,,dataset
wbc,D:\Dineth\focus_binary_benchmark\dataset\wbc\unfocused\115\115_5.jpg,0,115,,dataset
wbc,D:\Dineth\focus_binary_benchmark\dataset\wbc\unfocused\115\115_9.jpg,0,115,,dataset
wbc,D:\Dineth\focus_binary_benchmark\dataset\wbc\unfocused\116\116_0.jpg,0,116,,dataset
wbc,D:\Dineth\focus_binary_benchmark\dataset\wbc\unfocused\116\116_1.jpg,0,116,,dataset
wbc,D:\Dineth\focus_binary_benchmark\dataset\wbc\unfocused\116\116_2.jpg,0,116,,dataset
wbc,D:\Dineth\focus_binary_benchmark\dataset\wbc\unfocused\116\116_3.jpg,0,116,,dataset
wbc,D:\Dineth\focus_binary_benchmark\dataset\wbc\unfocused\116\116_4.jpg,0,116,,dataset
wbc,D:\Dineth\focus_binary_benchmark\dataset\wbc\unfocused\116\116_8.jpg,0,116,,dataset
wbc,D:\Dineth\focus_binary_benchmark\dataset\wbc\unfocused\116\116_9.jpg,0,116,,dataset
wbc,D:\Dineth\focus_binary_benchmark\dataset\wbc\unfocused\117\117_0.jpg,0,117,,dataset
wbc,D:\Dineth\focus_binary_benchmark\dataset\wbc\unfocused\117\117_1.jpg,0,117,,dataset
wbc,D:\Dineth\focus_binary_benchmark\dataset\wbc\unfocused\117\117_2.jpg,0,117,,dataset
wbc,D:\Dineth\focus_binary_benchmark\dataset\wbc\unfocused\117\117_3.jpg,0,117,,dataset
wbc,D:\Dineth\focus_binary_benchmark\dataset\wbc\unfocused\117\117_4.jpg,0,117,,dataset
wbc,D:\Dineth\focus_binary_benchmark\dataset\wbc\unfocused\117\117_8.jpg,0,117,,dataset
wbc,D:\Dineth\focus_binary_benchmark\dataset\wbc\unfocused\117\117_9.jpg,0,117,,dataset
wbc,D:\Dineth\focus_binary_benchmark\dataset\wbc\unfocused\118\118_0.jpg,0,118,,dataset
wbc,D:\Dineth\focus_binary_benchmark\dataset\wbc\unfocused\118\118_1.jpg,0,118,,dataset
wbc,D:\Dineth\focus_binary_benchmark\dataset\wbc\unfocused\118\118_2.jpg,0,118,,dataset
wbc,D:\Dineth\focus_binary_benchmark\dataset\wbc\unfocused\118\118_3.jpg,0,118,,dataset
wbc,D:\Dineth\focus_binary_benchmark\dataset\wbc\unfocused\118\118_4.jpg,0,118,,dataset
wbc,D:\Dineth\focus_binary_benchmark\dataset\wbc\unfocused\118\118_8.jpg,0,118,,dataset
wbc,D:\Dineth\focus_binary_benchmark\dataset\wbc\unfocused\118\118_9.jpg,0,118,,dataset
wbc,D:\Dineth\focus_binary_benchmark\dataset\wbc\unfocused\119\119_0.jpg,0,119,,dataset
wbc,D:\Dineth\focus_binary_benchmark\dataset\wbc\unfocused\119\119_1.jpg,0,119,,dataset
wbc,D:\Dineth\focus_binary_benchmark\dataset\wbc\unfocused\119\119_2.jpg,0,119,,dataset
wbc,D:\Dineth\focus_binary_benchmark\dataset\wbc\unfocused\119\119_3.jpg,0,119,,dataset
wbc,D:\Dineth\focus_binary_benchmark\dataset\wbc\unfocused\119\119_4.jpg,0,119,,dataset
wbc,D:\Dineth\focus_binary_benchmark\dataset\wbc\unfocused\119\119_8.jpg,0,119,,dataset
wbc,D:\Dineth\focus_binary_benchmark\dataset\wbc\unfocused\119\119_9.jpg,0,119,,dataset
wbc,D:\Dineth\focus_binary_benchmark\dataset\wbc\unfocused\12\12_0.jpg,0,12,,dataset
wbc,D:\Dineth\focus_binary_benchmark\dataset\wbc\unfocused\12\12_1.jpg,0,12,,dataset
wbc,D:\Dineth\focus_binary_benchmark\dataset\wbc\unfocused\12\12_2.jpg,0,12,,dataset
wbc,D:\Dineth\focus_binary_benchmark\dataset\wbc\unfocused\12\12_3.jpg,0,12,,dataset
wbc,D:\Dineth\focus_binary_benchmark\dataset\wbc\unfocused\12\12_4.jpg,0,12,,dataset
wbc,D:\Dineth\focus_binary_benchmark\dataset\wbc\unfocused\12\12_8.jpg,0,12,,dataset
wbc,D:\Dineth\focus_binary_benchmark\dataset\wbc\unfocused\12\12_9.jpg,0,12,,dataset
wbc,D:\Dineth\focus_binary_benchmark\dataset\wbc\unfocused\120\120_0.jpg,0,120,,dataset
wbc,D:\Dineth\focus_binary_benchmark\dataset\wbc\unfocused\120\120_1.jpg,0,120,,dataset
wbc,D:\Dineth\focus_binary_benchmark\dataset\wbc\unfocused\120\120_2.jpg,0,120,,dataset
wbc,D:\Dineth\focus_binary_benchmark\dataset\wbc\unfocused\120\120_3.jpg,0,120,,dataset
wbc,D:\Dineth\focus_binary_benchmark\dataset\wbc\unfocused\120\120_7.jpg,0,120,,dataset
wbc,D:\Dineth\focus_binary_benchmark\dataset\wbc\unfocused\120\120_8.jpg,0,120,,dataset
wbc,D:\Dineth\focus_binary_benchmark\dataset\wbc\unfocused\120\120_9.jpg,0,120,,dataset
wbc,D:\Dineth\focus_binary_benchmark\dataset\wbc\unfocused\121\121_0.jpg,0,121,,dataset
wbc,D:\Dineth\focus_binary_benchmark\dataset\wbc\unfocused\121\121_1.jpg,0,121,,dataset
wbc,D:\Dineth\focus_binary_benchmark\dataset\wbc\unfocused\121\121_2.jpg,0,121,,dataset
wbc,D:\Dineth\focus_binary_benchmark\dataset\wbc\unfocused\121\121_3.jpg,0,121,,dataset
wbc,D:\Dineth\focus_binary_benchmark\dataset\wbc\unfocused\121\121_4.jpg,0,121,,dataset
wbc,D:\Dineth\focus_binary_benchmark\dataset\wbc\unfocused\121\121_8.jpg,0,121,,dataset
wbc,D:\Dineth\focus_binary_benchmark\dataset\wbc\unfocused\121\121_9.jpg,0,121,,dataset
wbc,D:\Dineth\focus_binary_benchmark\dataset\wbc\unfocused\122\122_0.jpg,0,122,,dataset
wbc,D:\Dineth\focus_binary_benchmark\dataset\wbc\unfocused\122\122_1.jpg,0,122,,dataset
wbc,D:\Dineth\focus_binary_benchmark\dataset\wbc\unfocused\122\122_2.jpg,0,122,,dataset
wbc,D:\Dineth\focus_binary_benchmark\dataset\wbc\unfocused\122\122_3.jpg,0,122,,dataset
wbc,D:\Dineth\focus_binary_benchmark\dataset\wbc\unfocused\122\122_4.jpg,0,122,,dataset
wbc,D:\Dineth\focus_binary_benchmark\dataset\wbc\unfocused\122\122_8.jpg,0,122,,dataset
wbc,D:\Dineth\focus_binary_benchmark\dataset\wbc\unfocused\122\122_9.jpg,0,122,,dataset
wbc,D:\Dineth\focus_binary_benchmark\dataset\wbc\unfocused\123\123_0.jpg,0,123,,dataset
wbc,D:\Dineth\focus_binary_benchmark\dataset\wbc\unfocused\123\123_1.jpg,0,123,,dataset
wbc,D:\Dineth\focus_binary_benchmark\dataset\wbc\unfocused\123\123_2.jpg,0,123,,dataset
wbc,D:\Dineth\focus_binary_benchmark\dataset\wbc\unfocused\123\123_3.jpg,0,123,,dataset
wbc,D:\Dineth\focus_binary_benchmark\dataset\wbc\unfocused\123\123_4.jpg,0,123,,dataset
wbc,D:\Dineth\focus_binary_benchmark\dataset\wbc\unfocused\123\123_8.jpg,0,123,,dataset
wbc,D:\Dineth\focus_binary_benchmark\dataset\wbc\unfocused\123\123_9.jpg,0,123,,dataset
wbc,D:\Dineth\focus_binary_benchmark\dataset\wbc\unfocused\124\124_0.jpg,0,124,,dataset
wbc,D:\Dineth\focus_binary_benchmark\dataset\wbc\unfocused\124\124_1.jpg,0,124,,dataset
wbc,D:\Dineth\focus_binary_benchmark\dataset\wbc\unfocused\124\124_2.jpg,0,124,,dataset
wbc,D:\Dineth\focus_binary_benchmark\dataset\wbc\unfocused\124\124_3.jpg,0,124,,dataset
wbc,D:\Dineth\focus_binary_benchmark\dataset\wbc\unfocused\124\124_4.jpg,0,124,,dataset
wbc,D:\Dineth\focus_binary_benchmark\dataset\wbc\unfocused\124\124_8.jpg,0,124,,dataset
wbc,D:\Dineth\focus_binary_benchmark\dataset\wbc\unfocused\124\124_9.jpg,0,124,,dataset
wbc,D:\Dineth\focus_binary_benchmark\dataset\wbc\unfocused\125\125_0.jpg,0,125,,dataset
wbc,D:\Dineth\focus_binary_benchmark\dataset\wbc\unfocused\125\125_1.jpg,0,125,,dataset
wbc,D:\Dineth\focus_binary_benchmark\dataset\wbc\unfocused\125\125_2.jpg,0,125,,dataset
wbc,D:\Dineth\focus_binary_benchmark\dataset\wbc\unfocused\125\125_3.jpg,0,125,,dataset
wbc,D:\Dineth\focus_binary_benchmark\dataset\wbc\unfocused\125\125_4.jpg,0,125,,dataset
wbc,D:\Dineth\focus_binary_benchmark\dataset\wbc\unfocused\125\125_8.jpg,0,125,,dataset
wbc,D:\Dineth\focus_binary_benchmark\dataset\wbc\unfocused\125\125_9.jpg,0,125,,dataset
wbc,D:\Dineth\focus_binary_benchmark\dataset\wbc\unfocused\126\126_0.jpg,0,126,,dataset
wbc,D:\Dineth\focus_binary_benchmark\dataset\wbc\unfocused\126\126_1.jpg,0,126,,dataset
wbc,D:\Dineth\focus_binary_benchmark\dataset\wbc\unfocused\126\126_2.jpg,0,126,,dataset
wbc,D:\Dineth\focus_binary_benchmark\dataset\wbc\unfocused\126\126_3.jpg,0,126,,dataset
wbc,D:\Dineth\focus_binary_benchmark\dataset\wbc\unfocused\126\126_4.jpg,0,126,,dataset
wbc,D:\Dineth\focus_binary_benchmark\dataset\wbc\unfocused\126\126_8.jpg,0,126,,dataset
wbc,D:\Dineth\focus_binary_benchmark\dataset\wbc\unfocused\126\126_9.jpg,0,126,,dataset
wbc,D:\Dineth\focus_binary_benchmark\dataset\wbc\unfocused\127\127_0.jpg,0,127,,dataset
wbc,D:\Dineth\focus_binary_benchmark\dataset\wbc\unfocused\127\127_1.jpg,0,127,,dataset
wbc,D:\Dineth\focus_binary_benchmark\dataset\wbc\unfocused\127\127_2.jpg,0,127,,dataset
wbc,D:\Dineth\focus_binary_benchmark\dataset\wbc\unfocused\127\127_3.jpg,0,127,,dataset
wbc,D:\Dineth\focus_binary_benchmark\dataset\wbc\unfocused\127\127_4.jpg,0,127,,dataset
wbc,D:\Dineth\focus_binary_benchmark\dataset\wbc\unfocused\127\127_8.jpg,0,127,,dataset
wbc,D:\Dineth\focus_binary_benchmark\dataset\wbc\unfocused\127\127_9.jpg,0,127,,dataset
wbc,D:\Dineth\focus_binary_benchmark\dataset\wbc\unfocused\128\128_0.jpg,0,128,,dataset
wbc,D:\Dineth\focus_binary_benchmark\dataset\wbc\unfocused\128\128_1.jpg,0,128,,dataset
wbc,D:\Dineth\focus_binary_benchmark\dataset\wbc\unfocused\128\128_2.jpg,0,128,,dataset
wbc,D:\Dineth\focus_binary_benchmark\dataset\wbc\unfocused\128\128_3.jpg,0,128,,dataset
wbc,D:\Dineth\focus_binary_benchmark\dataset\wbc\unfocused\128\128_4.jpg,0,128,,dataset
wbc,D:\Dineth\focus_binary_benchmark\dataset\wbc\unfocused\128\128_8.jpg,0,128,,dataset
wbc,D:\Dineth\focus_binary_benchmark\dataset\wbc\unfocused\128\128_9.jpg,0,128,,dataset
wbc,D:\Dineth\focus_binary_benchmark\dataset\wbc\unfocused\129\129_0.jpg,0,129,,dataset
wbc,D:\Dineth\focus_binary_benchmark\dataset\wbc\unfocused\129\129_1.jpg,0,129,,dataset
wbc,D:\Dineth\focus_binary_benchmark\dataset\wbc\unfocused\129\129_2.jpg,0,129,,dataset
wbc,D:\Dineth\focus_binary_benchmark\dataset\wbc\unfocused\129\129_3.jpg,0,129,,dataset
wbc,D:\Dineth\focus_binary_benchmark\dataset\wbc\unfocused\129\129_4.jpg,0,129,,dataset
wbc,D:\Dineth\focus_binary_benchmark\dataset\wbc\unfocused\129\129_5.jpg,0,129,,dataset
wbc,D:\Dineth\focus_binary_benchmark\dataset\wbc\unfocused\129\129_9.jpg,0,129,,dataset
wbc,D:\Dineth\focus_binary_benchmark\dataset\wbc\unfocused\13\13_0.jpg,0,13,,dataset
wbc,D:\Dineth\focus_binary_benchmark\dataset\wbc\unfocused\13\13_1.jpg,0,13,,dataset
wbc,D:\Dineth\focus_binary_benchmark\dataset\wbc\unfocused\13\13_2.jpg,0,13,,dataset
wbc,D:\Dineth\focus_binary_benchmark\dataset\wbc\unfocused\13\13_3.jpg,0,13,,dataset
wbc,D:\Dineth\focus_binary_benchmark\dataset\wbc\unfocused\13\13_4.jpg,0,13,,dataset
wbc,D:\Dineth\focus_binary_benchmark\dataset\wbc\unfocused\13\13_5.jpg,0,13,,dataset
wbc,D:\Dineth\focus_binary_benchmark\dataset\wbc\unfocused\13\13_9.jpg,0,13,,dataset
wbc,D:\Dineth\focus_binary_benchmark\dataset\wbc\unfocused\130\130_0.jpg,0,130,,dataset
wbc,D:\Dineth\focus_binary_benchmark\dataset\wbc\unfocused\130\130_1.jpg,0,130,,dataset
wbc,D:\Dineth\focus_binary_benchmark\dataset\wbc\unfocused\130\130_2.jpg,0,130,,dataset
wbc,D:\Dineth\focus_binary_benchmark\dataset\wbc\unfocused\130\130_3.jpg,0,130,,dataset
wbc,D:\Dineth\focus_binary_benchmark\dataset\wbc\unfocused\130\130_4.jpg,0,130,,dataset
wbc,D:\Dineth\focus_binary_benchmark\dataset\wbc\unfocused\130\130_8.jpg,0,130,,dataset
wbc,D:\Dineth\focus_binary_benchmark\dataset\wbc\unfocused\130\130_9.jpg,0,130,,dataset
wbc,D:\Dineth\focus_binary_benchmark\dataset\wbc\unfocused\131\131_0.jpg,0,131,,dataset
wbc,D:\Dineth\focus_binary_benchmark\dataset\wbc\unfocused\131\131_1.jpg,0,131,,dataset
wbc,D:\Dineth\focus_binary_benchmark\dataset\wbc\unfocused\131\131_2.jpg,0,131,,dataset
wbc,D:\Dineth\focus_binary_benchmark\dataset\wbc\unfocused\131\131_3.jpg,0,131,,dataset
wbc,D:\Dineth\focus_binary_benchmark\dataset\wbc\unfocused\131\131_4.jpg,0,131,,dataset
wbc,D:\Dineth\focus_binary_benchmark\dataset\wbc\unfocused\131\131_8.jpg,0,131,,dataset
wbc,D:\Dineth\focus_binary_benchmark\dataset\wbc\unfocused\131\131_9.jpg,0,131,,dataset
wbc,D:\Dineth\focus_binary_benchmark\dataset\wbc\unfocused\132\132_0.jpg,0,132,,dataset
wbc,D:\Dineth\focus_binary_benchmark\dataset\wbc\unfocused\132\132_1.jpg,0,132,,dataset
wbc,D:\Dineth\focus_binary_benchmark\dataset\wbc\unfocused\132\132_2.jpg,0,132,,dataset
wbc,D:\Dineth\focus_binary_benchmark\dataset\wbc\unfocused\132\132_3.jpg,0,132,,dataset
wbc,D:\Dineth\focus_binary_benchmark\dataset\wbc\unfocused\132\132_4.jpg,0,132,,dataset
wbc,D:\Dineth\focus_binary_benchmark\dataset\wbc\unfocused\132\132_8.jpg,0,132,,dataset
wbc,D:\Dineth\focus_binary_benchmark\dataset\wbc\unfocused\132\132_9.jpg,0,132,,dataset
wbc,D:\Dineth\focus_binary_benchmark\dataset\wbc\unfocused\133\133_0.jpg,0,133,,dataset
wbc,D:\Dineth\focus_binary_benchmark\dataset\wbc\unfocused\133\133_1.jpg,0,133,,dataset
wbc,D:\Dineth\focus_binary_benchmark\dataset\wbc\unfocused\133\133_2.jpg,0,133,,dataset
wbc,D:\Dineth\focus_binary_benchmark\dataset\wbc\unfocused\133\133_3.jpg,0,133,,dataset
wbc,D:\Dineth\focus_binary_benchmark\dataset\wbc\unfocused\133\133_4.jpg,0,133,,dataset
wbc,D:\Dineth\focus_binary_benchmark\dataset\wbc\unfocused\133\133_5.jpg,0,133,,dataset
wbc,D:\Dineth\focus_binary_benchmark\dataset\wbc\unfocused\133\133_9.jpg,0,133,,dataset
wbc,D:\Dineth\focus_binary_benchmark\dataset\wbc\unfocused\134\134_0.jpg,0,134,,dataset
wbc,D:\Dineth\focus_binary_benchmark\dataset\wbc\unfocused\134\134_1.jpg,0,134,,dataset
wbc,D:\Dineth\focus_binary_benchmark\dataset\wbc\unfocused\134\134_2.jpg,0,134,,dataset
wbc,D:\Dineth\focus_binary_benchmark\dataset\wbc\unfocused\134\134_3.jpg,0,134,,dataset
wbc,D:\Dineth\focus_binary_benchmark\dataset\wbc\unfocused\134\134_4.jpg,0,134,,dataset
wbc,D:\Dineth\focus_binary_benchmark\dataset\wbc\unfocused\134\134_8.jpg,0,134,,dataset
wbc,D:\Dineth\focus_binary_benchmark\dataset\wbc\unfocused\134\134_9.jpg,0,134,,dataset
wbc,D:\Dineth\focus_binary_benchmark\dataset\wbc\unfocused\135\135_0.jpg,0,135,,dataset
wbc,D:\Dineth\focus_binary_benchmark\dataset\wbc\unfocused\135\135_1.jpg,0,135,,dataset
wbc,D:\Dineth\focus_binary_benchmark\dataset\wbc\unfocused\135\135_2.jpg,0,135,,dataset
wbc,D:\Dineth\focus_binary_benchmark\dataset\wbc\unfocused\135\135_3.jpg,0,135,,dataset
wbc,D:\Dineth\focus_binary_benchmark\dataset\wbc\unfocused\135\135_4.jpg,0,135,,dataset
wbc,D:\Dineth\focus_binary_benchmark\dataset\wbc\unfocused\135\135_8.jpg,0,135,,dataset
wbc,D:\Dineth\focus_binary_benchmark\dataset\wbc\unfocused\135\135_9.jpg,0,135,,dataset
wbc,D:\Dineth\focus_binary_benchmark\dataset\wbc\unfocused\136\136_0.jpg,0,136,,dataset
wbc,D:\Dineth\focus_binary_benchmark\dataset\wbc\unfocused\136\136_1.jpg,0,136,,dataset
wbc,D:\Dineth\focus_binary_benchmark\dataset\wbc\unfocused\136\136_2.jpg,0,136,,dataset
wbc,D:\Dineth\focus_binary_benchmark\dataset\wbc\unfocused\136\136_3.jpg,0,136,,dataset
wbc,D:\Dineth\focus_binary_benchmark\dataset\wbc\unfocused\136\136_7.jpg,0,136,,dataset
wbc,D:\Dineth\focus_binary_benchmark\dataset\wbc\unfocused\136\136_8.jpg,0,136,,dataset
wbc,D:\Dineth\focus_binary_benchmark\dataset\wbc\unfocused\136\136_9.jpg,0,136,,dataset
wbc,D:\Dineth\focus_binary_benchmark\dataset\wbc\unfocused\137\137_0.jpg,0,137,,dataset
wbc,D:\Dineth\focus_binary_benchmark\dataset\wbc\unfocused\137\137_1.jpg,0,137,,dataset
wbc,D:\Dineth\focus_binary_benchmark\dataset\wbc\unfocused\137\137_2.jpg,0,137,,dataset
wbc,D:\Dineth\focus_binary_benchmark\dataset\wbc\unfocused\137\137_3.jpg,0,137,,dataset
wbc,D:\Dineth\focus_binary_benchmark\dataset\wbc\unfocused\137\137_7.jpg,0,137,,dataset
wbc,D:\Dineth\focus_binary_benchmark\dataset\wbc\unfocused\137\137_8.jpg,0,137,,dataset
wbc,D:\Dineth\focus_binary_benchmark\dataset\wbc\unfocused\137\137_9.jpg,0,137,,dataset
wbc,D:\Dineth\focus_binary_benchmark\dataset\wbc\unfocused\138\138_0.jpg,0,138,,dataset
wbc,D:\Dineth\focus_binary_benchmark\dataset\wbc\unfocused\138\138_1.jpg,0,138,,dataset
wbc,D:\Dineth\focus_binary_benchmark\dataset\wbc\unfocused\138\138_2.jpg,0,138,,dataset
wbc,D:\Dineth\focus_binary_benchmark\dataset\wbc\unfocused\138\138_3.jpg,0,138,,dataset
wbc,D:\Dineth\focus_binary_benchmark\dataset\wbc\unfocused\138\138_7.jpg,0,138,,dataset
wbc,D:\Dineth\focus_binary_benchmark\dataset\wbc\unfocused\138\138_8.jpg,0,138,,dataset
wbc,D:\Dineth\focus_binary_benchmark\dataset\wbc\unfocused\138\138_9.jpg,0,138,,dataset
wbc,D:\Dineth\focus_binary_benchmark\dataset\wbc\unfocused\139\139_0.jpg,0,139,,dataset
wbc,D:\Dineth\focus_binary_benchmark\dataset\wbc\unfocused\139\139_1.jpg,0,139,,dataset
wbc,D:\Dineth\focus_binary_benchmark\dataset\wbc\unfocused\139\139_2.jpg,0,139,,dataset
wbc,D:\Dineth\focus_binary_benchmark\dataset\wbc\unfocused\139\139_3.jpg,0,139,,dataset
wbc,D:\Dineth\focus_binary_benchmark\dataset\wbc\unfocused\139\139_7.jpg,0,139,,dataset
wbc,D:\Dineth\focus_binary_benchmark\dataset\wbc\unfocused\139\139_8.jpg,0,139,,dataset
wbc,D:\Dineth\focus_binary_benchmark\dataset\wbc\unfocused\139\139_9.jpg,0,139,,dataset
wbc,D:\Dineth\focus_binary_benchmark\dataset\wbc\unfocused\14\14_0.jpg,0,14,,dataset
wbc,D:\Dineth\focus_binary_benchmark\dataset\wbc\unfocused\14\14_1.jpg,0,14,,dataset
wbc,D:\Dineth\focus_binary_benchmark\dataset\wbc\unfocused\14\14_2.jpg,0,14,,dataset
wbc,D:\Dineth\focus_binary_benchmark\dataset\wbc\unfocused\14\14_3.jpg,0,14,,dataset
wbc,D:\Dineth\focus_binary_benchmark\dataset\wbc\unfocused\14\14_4.jpg,0,14,,dataset
wbc,D:\Dineth\focus_binary_benchmark\dataset\wbc\unfocused\14\14_8.jpg,0,14,,dataset
wbc,D:\Dineth\focus_binary_benchmark\dataset\wbc\unfocused\14\14_9.jpg,0,14,,dataset
wbc,D:\Dineth\focus_binary_benchmark\dataset\wbc\unfocused\140\140_0.jpg,0,140,,dataset
wbc,D:\Dineth\focus_binary_benchmark\dataset\wbc\unfocused\140\140_1.jpg,0,140,,dataset
wbc,D:\Dineth\focus_binary_benchmark\dataset\wbc\unfocused\140\140_2.jpg,0,140,,dataset
wbc,D:\Dineth\focus_binary_benchmark\dataset\wbc\unfocused\140\140_3.jpg,0,140,,dataset
wbc,D:\Dineth\focus_binary_benchmark\dataset\wbc\unfocused\140\140_7.jpg,0,140,,dataset
wbc,D:\Dineth\focus_binary_benchmark\dataset\wbc\unfocused\140\140_8.jpg,0,140,,dataset
wbc,D:\Dineth\focus_binary_benchmark\dataset\wbc\unfocused\140\140_9.jpg,0,140,,dataset
wbc,D:\Dineth\focus_binary_benchmark\dataset\wbc\unfocused\141\141_0.jpg,0,141,,dataset
wbc,D:\Dineth\focus_binary_benchmark\dataset\wbc\unfocused\141\141_1.jpg,0,141,,dataset
wbc,D:\Dineth\focus_binary_benchmark\dataset\wbc\unfocused\141\141_2.jpg,0,141,,dataset
wbc,D:\Dineth\focus_binary_benchmark\dataset\wbc\unfocused\141\141_3.jpg,0,141,,dataset
wbc,D:\Dineth\focus_binary_benchmark\dataset\wbc\unfocused\141\141_4.jpg,0,141,,dataset
wbc,D:\Dineth\focus_binary_benchmark\dataset\wbc\unfocused\141\141_8.jpg,0,141,,dataset
wbc,D:\Dineth\focus_binary_benchmark\dataset\wbc\unfocused\141\141_9.jpg,0,141,,dataset
wbc,D:\Dineth\focus_binary_benchmark\dataset\wbc\unfocused\142\142_0.jpg,0,142,,dataset
wbc,D:\Dineth\focus_binary_benchmark\dataset\wbc\unfocused\142\142_1.jpg,0,142,,dataset
wbc,D:\Dineth\focus_binary_benchmark\dataset\wbc\unfocused\142\142_2.jpg,0,142,,dataset
wbc,D:\Dineth\focus_binary_benchmark\dataset\wbc\unfocused\142\142_3.jpg,0,142,,dataset
wbc,D:\Dineth\focus_binary_benchmark\dataset\wbc\unfocused\142\142_4.jpg,0,142,,dataset
wbc,D:\Dineth\focus_binary_benchmark\dataset\wbc\unfocused\142\142_8.jpg,0,142,,dataset
wbc,D:\Dineth\focus_binary_benchmark\dataset\wbc\unfocused\142\142_9.jpg,0,142,,dataset
wbc,D:\Dineth\focus_binary_benchmark\dataset\wbc\unfocused\143\143_0.jpg,0,143,,dataset
wbc,D:\Dineth\focus_binary_benchmark\dataset\wbc\unfocused\143\143_1.jpg,0,143,,dataset
wbc,D:\Dineth\focus_binary_benchmark\dataset\wbc\unfocused\143\143_2.jpg,0,143,,dataset
wbc,D:\Dineth\focus_binary_benchmark\dataset\wbc\unfocused\143\143_3.jpg,0,143,,dataset
wbc,D:\Dineth\focus_binary_benchmark\dataset\wbc\unfocused\143\143_4.jpg,0,143,,dataset
wbc,D:\Dineth\focus_binary_benchmark\dataset\wbc\unfocused\143\143_5.jpg,0,143,,dataset
wbc,D:\Dineth\focus_binary_benchmark\dataset\wbc\unfocused\143\143_9.jpg,0,143,,dataset
wbc,D:\Dineth\focus_binary_benchmark\dataset\wbc\unfocused\144\144_0.jpg,0,144,,dataset
wbc,D:\Dineth\focus_binary_benchmark\dataset\wbc\unfocused\144\144_1.jpg,0,144,,dataset
wbc,D:\Dineth\focus_binary_benchmark\dataset\wbc\unfocused\144\144_2.jpg,0,144,,dataset
wbc,D:\Dineth\focus_binary_benchmark\dataset\wbc\unfocused\144\144_3.jpg,0,144,,dataset
wbc,D:\Dineth\focus_binary_benchmark\dataset\wbc\unfocused\144\144_4.jpg,0,144,,dataset
wbc,D:\Dineth\focus_binary_benchmark\dataset\wbc\unfocused\144\144_8.jpg,0,144,,dataset
wbc,D:\Dineth\focus_binary_benchmark\dataset\wbc\unfocused\144\144_9.jpg,0,144,,dataset
wbc,D:\Dineth\focus_binary_benchmark\dataset\wbc\unfocused\145\145_0.jpg,0,145,,dataset
wbc,D:\Dineth\focus_binary_benchmark\dataset\wbc\unfocused\145\145_1.jpg,0,145,,dataset
wbc,D:\Dineth\focus_binary_benchmark\dataset\wbc\unfocused\145\145_2.jpg,0,145,,dataset
wbc,D:\Dineth\focus_binary_benchmark\dataset\wbc\unfocused\145\145_3.jpg,0,145,,dataset
wbc,D:\Dineth\focus_binary_benchmark\dataset\wbc\unfocused\145\145_4.jpg,0,145,,dataset
wbc,D:\Dineth\focus_binary_benchmark\dataset\wbc\unfocused\145\145_8.jpg,0,145,,dataset
wbc,D:\Dineth\focus_binary_benchmark\dataset\wbc\unfocused\145\145_9.jpg,0,145,,dataset
wbc,D:\Dineth\focus_binary_benchmark\dataset\wbc\unfocused\146\146_0.jpg,0,146,,dataset
wbc,D:\Dineth\focus_binary_benchmark\dataset\wbc\unfocused\146\146_1.jpg,0,146,,dataset
wbc,D:\Dineth\focus_binary_benchmark\dataset\wbc\unfocused\146\146_2.jpg,0,146,,dataset
wbc,D:\Dineth\focus_binary_benchmark\dataset\wbc\unfocused\146\146_3.jpg,0,146,,dataset
wbc,D:\Dineth\focus_binary_benchmark\dataset\wbc\unfocused\146\146_4.jpg,0,146,,dataset
wbc,D:\Dineth\focus_binary_benchmark\dataset\wbc\unfocused\146\146_8.jpg,0,146,,dataset
wbc,D:\Dineth\focus_binary_benchmark\dataset\wbc\unfocused\146\146_9.jpg,0,146,,dataset
wbc,D:\Dineth\focus_binary_benchmark\dataset\wbc\unfocused\147\147_0.jpg,0,147,,dataset
wbc,D:\Dineth\focus_binary_benchmark\dataset\wbc\unfocused\147\147_1.jpg,0,147,,dataset
wbc,D:\Dineth\focus_binary_benchmark\dataset\wbc\unfocused\147\147_2.jpg,0,147,,dataset
wbc,D:\Dineth\focus_binary_benchmark\dataset\wbc\unfocused\147\147_3.jpg,0,147,,dataset
wbc,D:\Dineth\focus_binary_benchmark\dataset\wbc\unfocused\147\147_4.jpg,0,147,,dataset
wbc,D:\Dineth\focus_binary_benchmark\dataset\wbc\unfocused\147\147_8.jpg,0,147,,dataset
wbc,D:\Dineth\focus_binary_benchmark\dataset\wbc\unfocused\147\147_9.jpg,0,147,,dataset
wbc,D:\Dineth\focus_binary_benchmark\dataset\wbc\unfocused\148\148_0.jpg,0,148,,dataset
wbc,D:\Dineth\focus_binary_benchmark\dataset\wbc\unfocused\148\148_1.jpg,0,148,,dataset
wbc,D:\Dineth\focus_binary_benchmark\dataset\wbc\unfocused\148\148_2.jpg,0,148,,dataset
wbc,D:\Dineth\focus_binary_benchmark\dataset\wbc\unfocused\148\148_3.jpg,0,148,,dataset
wbc,D:\Dineth\focus_binary_benchmark\dataset\wbc\unfocused\148\148_4.jpg,0,148,,dataset
wbc,D:\Dineth\focus_binary_benchmark\dataset\wbc\unfocused\148\148_8.jpg,0,148,,dataset
wbc,D:\Dineth\focus_binary_benchmark\dataset\wbc\unfocused\148\148_9.jpg,0,148,,dataset
wbc,D:\Dineth\focus_binary_benchmark\dataset\wbc\unfocused\149\149_0.jpg,0,149,,dataset
wbc,D:\Dineth\focus_binary_benchmark\dataset\wbc\unfocused\149\149_1.jpg,0,149,,dataset
wbc,D:\Dineth\focus_binary_benchmark\dataset\wbc\unfocused\149\149_2.jpg,0,149,,dataset
wbc,D:\Dineth\focus_binary_benchmark\dataset\wbc\unfocused\149\149_3.jpg,0,149,,dataset
wbc,D:\Dineth\focus_binary_benchmark\dataset\wbc\unfocused\149\149_4.jpg,0,149,,dataset
wbc,D:\Dineth\focus_binary_benchmark\dataset\wbc\unfocused\149\149_8.jpg,0,149,,dataset
wbc,D:\Dineth\focus_binary_benchmark\dataset\wbc\unfocused\149\149_9.jpg,0,149,,dataset
wbc,D:\Dineth\focus_binary_benchmark\dataset\wbc\unfocused\15\15_0.jpg,0,15,,dataset
wbc,D:\Dineth\focus_binary_benchmark\dataset\wbc\unfocused\15\15_1.jpg,0,15,,dataset
wbc,D:\Dineth\focus_binary_benchmark\dataset\wbc\unfocused\15\15_2.jpg,0,15,,dataset
wbc,D:\Dineth\focus_binary_benchmark\dataset\wbc\unfocused\15\15_3.jpg,0,15,,dataset
wbc,D:\Dineth\focus_binary_benchmark\dataset\wbc\unfocused\15\15_4.jpg,0,15,,dataset
wbc,D:\Dineth\focus_binary_benchmark\dataset\wbc\unfocused\15\15_8.jpg,0,15,,dataset
wbc,D:\Dineth\focus_binary_benchmark\dataset\wbc\unfocused\15\15_9.jpg,0,15,,dataset
wbc,D:\Dineth\focus_binary_benchmark\dataset\wbc\unfocused\150\150_0.jpg,0,150,,dataset
wbc,D:\Dineth\focus_binary_benchmark\dataset\wbc\unfocused\150\150_1.jpg,0,150,,dataset
wbc,D:\Dineth\focus_binary_benchmark\dataset\wbc\unfocused\150\150_2.jpg,0,150,,dataset
wbc,D:\Dineth\focus_binary_benchmark\dataset\wbc\unfocused\150\150_3.jpg,0,150,,dataset
wbc,D:\Dineth\focus_binary_benchmark\dataset\wbc\unfocused\150\150_4.jpg,0,150,,dataset
wbc,D:\Dineth\focus_binary_benchmark\dataset\wbc\unfocused\150\150_8.jpg,0,150,,dataset
wbc,D:\Dineth\focus_binary_benchmark\dataset\wbc\unfocused\150\150_9.jpg,0,150,,dataset
wbc,D:\Dineth\focus_binary_benchmark\dataset\wbc\unfocused\16\16_0.jpg,0,16,,dataset
wbc,D:\Dineth\focus_binary_benchmark\dataset\wbc\unfocused\16\16_1.jpg,0,16,,dataset
wbc,D:\Dineth\focus_binary_benchmark\dataset\wbc\unfocused\16\16_2.jpg,0,16,,dataset
wbc,D:\Dineth\focus_binary_benchmark\dataset\wbc\unfocused\16\16_3.jpg,0,16,,dataset
wbc,D:\Dineth\focus_binary_benchmark\dataset\wbc\unfocused\16\16_7.jpg,0,16,,dataset
wbc,D:\Dineth\focus_binary_benchmark\dataset\wbc\unfocused\16\16_8.jpg,0,16,,dataset
wbc,D:\Dineth\focus_binary_benchmark\dataset\wbc\unfocused\16\16_9.jpg,0,16,,dataset
wbc,D:\Dineth\focus_binary_benchmark\dataset\wbc\unfocused\17\17_0.jpg,0,17,,dataset
wbc,D:\Dineth\focus_binary_benchmark\dataset\wbc\unfocused\17\17_1.jpg,0,17,,dataset
wbc,D:\Dineth\focus_binary_benchmark\dataset\wbc\unfocused\17\17_2.jpg,0,17,,dataset
wbc,D:\Dineth\focus_binary_benchmark\dataset\wbc\unfocused\17\17_3.jpg,0,17,,dataset
wbc,D:\Dineth\focus_binary_benchmark\dataset\wbc\unfocused\17\17_7.jpg,0,17,,dataset
wbc,D:\Dineth\focus_binary_benchmark\dataset\wbc\unfocused\17\17_8.jpg,0,17,,dataset
wbc,D:\Dineth\focus_binary_benchmark\dataset\wbc\unfocused\17\17_9.jpg,0,17,,dataset
wbc,D:\Dineth\focus_binary_benchmark\dataset\wbc\unfocused\18\18_0.jpg,0,18,,dataset
wbc,D:\Dineth\focus_binary_benchmark\dataset\wbc\unfocused\18\18_1.jpg,0,18,,dataset
wbc,D:\Dineth\focus_binary_benchmark\dataset\wbc\unfocused\18\18_2.jpg,0,18,,dataset
wbc,D:\Dineth\focus_binary_benchmark\dataset\wbc\unfocused\18\18_3.jpg,0,18,,dataset
wbc,D:\Dineth\focus_binary_benchmark\dataset\wbc\unfocused\18\18_7.jpg,0,18,,dataset
wbc,D:\Dineth\focus_binary_benchmark\dataset\wbc\unfocused\18\18_8.jpg,0,18,,dataset
wbc,D:\Dineth\focus_binary_benchmark\dataset\wbc\unfocused\18\18_9.jpg,0,18,,dataset
wbc,D:\Dineth\focus_binary_benchmark\dataset\wbc\unfocused\19\19_0.jpg,0,19,,dataset
wbc,D:\Dineth\focus_binary_benchmark\dataset\wbc\unfocused\19\19_1.jpg,0,19,,dataset
wbc,D:\Dineth\focus_binary_benchmark\dataset\wbc\unfocused\19\19_2.jpg,0,19,,dataset
wbc,D:\Dineth\focus_binary_benchmark\dataset\wbc\unfocused\19\19_3.jpg,0,19,,dataset
wbc,D:\Dineth\focus_binary_benchmark\dataset\wbc\unfocused\19\19_7.jpg,0,19,,dataset
wbc,D:\Dineth\focus_binary_benchmark\dataset\wbc\unfocused\19\19_8.jpg,0,19,,dataset
wbc,D:\Dineth\focus_binary_benchmark\dataset\wbc\unfocused\19\19_9.jpg,0,19,,dataset
wbc,D:\Dineth\focus_binary_benchmark\dataset\wbc\unfocused\2\2_0.jpg,0,2,,dataset
wbc,D:\Dineth\focus_binary_benchmark\dataset\wbc\unfocused\2\2_1.jpg,0,2,,dataset
wbc,D:\Dineth\focus_binary_benchmark\dataset\wbc\unfocused\2\2_2.jpg,0,2,,dataset
wbc,D:\Dineth\focus_binary_benchmark\dataset\wbc\unfocused\2\2_3.jpg,0,2,,dataset
wbc,D:\Dineth\focus_binary_benchmark\dataset\wbc\unfocused\2\2_4.jpg,0,2,,dataset
wbc,D:\Dineth\focus_binary_benchmark\dataset\wbc\unfocused\2\2_8.jpg,0,2,,dataset
wbc,D:\Dineth\focus_binary_benchmark\dataset\wbc\unfocused\2\2_9.jpg,0,2,,dataset
wbc,D:\Dineth\focus_binary_benchmark\dataset\wbc\unfocused\20\20_0.jpg,0,20,,dataset
wbc,D:\Dineth\focus_binary_benchmark\dataset\wbc\unfocused\20\20_1.jpg,0,20,,dataset
wbc,D:\Dineth\focus_binary_benchmark\dataset\wbc\unfocused\20\20_2.jpg,0,20,,dataset
wbc,D:\Dineth\focus_binary_benchmark\dataset\wbc\unfocused\20\20_3.jpg,0,20,,dataset
wbc,D:\Dineth\focus_binary_benchmark\dataset\wbc\unfocused\20\20_7.jpg,0,20,,dataset
wbc,D:\Dineth\focus_binary_benchmark\dataset\wbc\unfocused\20\20_8.jpg,0,20,,dataset
wbc,D:\Dineth\focus_binary_benchmark\dataset\wbc\unfocused\20\20_9.jpg,0,20,,dataset
wbc,D:\Dineth\focus_binary_benchmark\dataset\wbc\unfocused\21\21_0.jpg,0,21,,dataset
wbc,D:\Dineth\focus_binary_benchmark\dataset\wbc\unfocused\21\21_1.jpg,0,21,,dataset
wbc,D:\Dineth\focus_binary_benchmark\dataset\wbc\unfocused\21\21_2.jpg,0,21,,dataset
wbc,D:\Dineth\focus_binary_benchmark\dataset\wbc\unfocused\21\21_3.jpg,0,21,,dataset
wbc,D:\Dineth\focus_binary_benchmark\dataset\wbc\unfocused\21\21_4.jpg,0,21,,dataset
wbc,D:\Dineth\focus_binary_benchmark\dataset\wbc\unfocused\21\21_8.jpg,0,21,,dataset
wbc,D:\Dineth\focus_binary_benchmark\dataset\wbc\unfocused\21\21_9.jpg,0,21,,dataset
wbc,D:\Dineth\focus_binary_benchmark\dataset\wbc\unfocused\22\22_0.jpg,0,22,,dataset
wbc,D:\Dineth\focus_binary_benchmark\dataset\wbc\unfocused\22\22_1.jpg,0,22,,dataset
wbc,D:\Dineth\focus_binary_benchmark\dataset\wbc\unfocused\22\22_2.jpg,0,22,,dataset
wbc,D:\Dineth\focus_binary_benchmark\dataset\wbc\unfocused\22\22_3.jpg,0,22,,dataset
wbc,D:\Dineth\focus_binary_benchmark\dataset\wbc\unfocused\22\22_7.jpg,0,22,,dataset
wbc,D:\Dineth\focus_binary_benchmark\dataset\wbc\unfocused\22\22_8.jpg,0,22,,dataset
wbc,D:\Dineth\focus_binary_benchmark\dataset\wbc\unfocused\22\22_9.jpg,0,22,,dataset
wbc,D:\Dineth\focus_binary_benchmark\dataset\wbc\unfocused\23\23_0.jpg,0,23,,dataset
wbc,D:\Dineth\focus_binary_benchmark\dataset\wbc\unfocused\23\23_1.jpg,0,23,,dataset
wbc,D:\Dineth\focus_binary_benchmark\dataset\wbc\unfocused\23\23_2.jpg,0,23,,dataset
wbc,D:\Dineth\focus_binary_benchmark\dataset\wbc\unfocused\23\23_3.jpg,0,23,,dataset
wbc,D:\Dineth\focus_binary_benchmark\dataset\wbc\unfocused\23\23_4.jpg,0,23,,dataset
wbc,D:\Dineth\focus_binary_benchmark\dataset\wbc\unfocused\23\23_8.jpg,0,23,,dataset
wbc,D:\Dineth\focus_binary_benchmark\dataset\wbc\unfocused\23\23_9.jpg,0,23,,dataset
wbc,D:\Dineth\focus_binary_benchmark\dataset\wbc\unfocused\24\24_0.jpg,0,24,,dataset
wbc,D:\Dineth\focus_binary_benchmark\dataset\wbc\unfocused\24\24_1.jpg,0,24,,dataset
wbc,D:\Dineth\focus_binary_benchmark\dataset\wbc\unfocused\24\24_2.jpg,0,24,,dataset
wbc,D:\Dineth\focus_binary_benchmark\dataset\wbc\unfocused\24\24_3.jpg,0,24,,dataset
wbc,D:\Dineth\focus_binary_benchmark\dataset\wbc\unfocused\24\24_4.jpg,0,24,,dataset
wbc,D:\Dineth\focus_binary_benchmark\dataset\wbc\unfocused\24\24_8.jpg,0,24,,dataset
wbc,D:\Dineth\focus_binary_benchmark\dataset\wbc\unfocused\24\24_9.jpg,0,24,,dataset
wbc,D:\Dineth\focus_binary_benchmark\dataset\wbc\unfocused\25\25_0.jpg,0,25,,dataset
wbc,D:\Dineth\focus_binary_benchmark\dataset\wbc\unfocused\25\25_1.jpg,0,25,,dataset
wbc,D:\Dineth\focus_binary_benchmark\dataset\wbc\unfocused\25\25_2.jpg,0,25,,dataset
wbc,D:\Dineth\focus_binary_benchmark\dataset\wbc\unfocused\25\25_3.jpg,0,25,,dataset
wbc,D:\Dineth\focus_binary_benchmark\dataset\wbc\unfocused\25\25_4.jpg,0,25,,dataset
wbc,D:\Dineth\focus_binary_benchmark\dataset\wbc\unfocused\25\25_8.jpg,0,25,,dataset
wbc,D:\Dineth\focus_binary_benchmark\dataset\wbc\unfocused\25\25_9.jpg,0,25,,dataset
wbc,D:\Dineth\focus_binary_benchmark\dataset\wbc\unfocused\26\26_0.jpg,0,26,,dataset
wbc,D:\Dineth\focus_binary_benchmark\dataset\wbc\unfocused\26\26_1.jpg,0,26,,dataset
wbc,D:\Dineth\focus_binary_benchmark\dataset\wbc\unfocused\26\26_2.jpg,0,26,,dataset
wbc,D:\Dineth\focus_binary_benchmark\dataset\wbc\unfocused\26\26_3.jpg,0,26,,dataset
wbc,D:\Dineth\focus_binary_benchmark\dataset\wbc\unfocused\26\26_4.jpg,0,26,,dataset
wbc,D:\Dineth\focus_binary_benchmark\dataset\wbc\unfocused\26\26_8.jpg,0,26,,dataset
wbc,D:\Dineth\focus_binary_benchmark\dataset\wbc\unfocused\26\26_9.jpg,0,26,,dataset
wbc,D:\Dineth\focus_binary_benchmark\dataset\wbc\unfocused\27\27_0.jpg,0,27,,dataset
wbc,D:\Dineth\focus_binary_benchmark\dataset\wbc\unfocused\27\27_1.jpg,0,27,,dataset
wbc,D:\Dineth\focus_binary_benchmark\dataset\wbc\unfocused\27\27_2.jpg,0,27,,dataset
wbc,D:\Dineth\focus_binary_benchmark\dataset\wbc\unfocused\27\27_3.jpg,0,27,,dataset
wbc,D:\Dineth\focus_binary_benchmark\dataset\wbc\unfocused\27\27_4.jpg,0,27,,dataset
wbc,D:\Dineth\focus_binary_benchmark\dataset\wbc\unfocused\27\27_8.jpg,0,27,,dataset
wbc,D:\Dineth\focus_binary_benchmark\dataset\wbc\unfocused\27\27_9.jpg,0,27,,dataset
wbc,D:\Dineth\focus_binary_benchmark\dataset\wbc\unfocused\28\28_0.jpg,0,28,,dataset
wbc,D:\Dineth\focus_binary_benchmark\dataset\wbc\unfocused\28\28_1.jpg,0,28,,dataset
wbc,D:\Dineth\focus_binary_benchmark\dataset\wbc\unfocused\28\28_2.jpg,0,28,,dataset
wbc,D:\Dineth\focus_binary_benchmark\dataset\wbc\unfocused\28\28_3.jpg,0,28,,dataset
wbc,D:\Dineth\focus_binary_benchmark\dataset\wbc\unfocused\28\28_7.jpg,0,28,,dataset
wbc,D:\Dineth\focus_binary_benchmark\dataset\wbc\unfocused\28\28_8.jpg,0,28,,dataset
wbc,D:\Dineth\focus_binary_benchmark\dataset\wbc\unfocused\28\28_9.jpg,0,28,,dataset
wbc,D:\Dineth\focus_binary_benchmark\dataset\wbc\unfocused\29\29_0.jpg,0,29,,dataset
wbc,D:\Dineth\focus_binary_benchmark\dataset\wbc\unfocused\29\29_1.jpg,0,29,,dataset
wbc,D:\Dineth\focus_binary_benchmark\dataset\wbc\unfocused\29\29_2.jpg,0,29,,dataset
wbc,D:\Dineth\focus_binary_benchmark\dataset\wbc\unfocused\29\29_3.jpg,0,29,,dataset
wbc,D:\Dineth\focus_binary_benchmark\dataset\wbc\unfocused\29\29_4.jpg,0,29,,dataset
wbc,D:\Dineth\focus_binary_benchmark\dataset\wbc\unfocused\29\29_8.jpg,0,29,,dataset
wbc,D:\Dineth\focus_binary_benchmark\dataset\wbc\unfocused\29\29_9.jpg,0,29,,dataset
wbc,D:\Dineth\focus_binary_benchmark\dataset\wbc\unfocused\3\3_0.jpg,0,3,,dataset
wbc,D:\Dineth\focus_binary_benchmark\dataset\wbc\unfocused\3\3_1.jpg,0,3,,dataset
wbc,D:\Dineth\focus_binary_benchmark\dataset\wbc\unfocused\3\3_2.jpg,0,3,,dataset
wbc,D:\Dineth\focus_binary_benchmark\dataset\wbc\unfocused\3\3_3.jpg,0,3,,dataset
wbc,D:\Dineth\focus_binary_benchmark\dataset\wbc\unfocused\3\3_7.jpg,0,3,,dataset
wbc,D:\Dineth\focus_binary_benchmark\dataset\wbc\unfocused\3\3_8.jpg,0,3,,dataset
wbc,D:\Dineth\focus_binary_benchmark\dataset\wbc\unfocused\3\3_9.jpg,0,3,,dataset
wbc,D:\Dineth\focus_binary_benchmark\dataset\wbc\unfocused\30\30_0.jpg,0,30,,dataset
wbc,D:\Dineth\focus_binary_benchmark\dataset\wbc\unfocused\30\30_1.jpg,0,30,,dataset
wbc,D:\Dineth\focus_binary_benchmark\dataset\wbc\unfocused\30\30_2.jpg,0,30,,dataset
wbc,D:\Dineth\focus_binary_benchmark\dataset\wbc\unfocused\30\30_3.jpg,0,30,,dataset
wbc,D:\Dineth\focus_binary_benchmark\dataset\wbc\unfocused\30\30_4.jpg,0,30,,dataset
wbc,D:\Dineth\focus_binary_benchmark\dataset\wbc\unfocused\30\30_8.jpg,0,30,,dataset
wbc,D:\Dineth\focus_binary_benchmark\dataset\wbc\unfocused\30\30_9.jpg,0,30,,dataset
wbc,D:\Dineth\focus_binary_benchmark\dataset\wbc\unfocused\31\31_0.jpg,0,31,,dataset
wbc,D:\Dineth\focus_binary_benchmark\dataset\wbc\unfocused\31\31_1.jpg,0,31,,dataset
wbc,D:\Dineth\focus_binary_benchmark\dataset\wbc\unfocused\31\31_2.jpg,0,31,,dataset
wbc,D:\Dineth\focus_binary_benchmark\dataset\wbc\unfocused\31\31_3.jpg,0,31,,dataset
wbc,D:\Dineth\focus_binary_benchmark\dataset\wbc\unfocused\31\31_4.jpg,0,31,,dataset
wbc,D:\Dineth\focus_binary_benchmark\dataset\wbc\unfocused\31\31_8.jpg,0,31,,dataset
wbc,D:\Dineth\focus_binary_benchmark\dataset\wbc\unfocused\31\31_9.jpg,0,31,,dataset
wbc,D:\Dineth\focus_binary_benchmark\dataset\wbc\unfocused\32\32_0.jpg,0,32,,dataset
wbc,D:\Dineth\focus_binary_benchmark\dataset\wbc\unfocused\32\32_1.jpg,0,32,,dataset
wbc,D:\Dineth\focus_binary_benchmark\dataset\wbc\unfocused\32\32_2.jpg,0,32,,dataset
wbc,D:\Dineth\focus_binary_benchmark\dataset\wbc\unfocused\32\32_3.jpg,0,32,,dataset
wbc,D:\Dineth\focus_binary_benchmark\dataset\wbc\unfocused\32\32_4.jpg,0,32,,dataset
wbc,D:\Dineth\focus_binary_benchmark\dataset\wbc\unfocused\32\32_8.jpg,0,32,,dataset
wbc,D:\Dineth\focus_binary_benchmark\dataset\wbc\unfocused\32\32_9.jpg,0,32,,dataset
wbc,D:\Dineth\focus_binary_benchmark\dataset\wbc\unfocused\33\33_0.jpg,0,33,,dataset
wbc,D:\Dineth\focus_binary_benchmark\dataset\wbc\unfocused\33\33_1.jpg,0,33,,dataset
wbc,D:\Dineth\focus_binary_benchmark\dataset\wbc\unfocused\33\33_2.jpg,0,33,,dataset
wbc,D:\Dineth\focus_binary_benchmark\dataset\wbc\unfocused\33\33_3.jpg,0,33,,dataset
wbc,D:\Dineth\focus_binary_benchmark\dataset\wbc\unfocused\33\33_4.jpg,0,33,,dataset
wbc,D:\Dineth\focus_binary_benchmark\dataset\wbc\unfocused\33\33_8.jpg,0,33,,dataset
wbc,D:\Dineth\focus_binary_benchmark\dataset\wbc\unfocused\33\33_9.jpg,0,33,,dataset
wbc,D:\Dineth\focus_binary_benchmark\dataset\wbc\unfocused\34\34_0.jpg,0,34,,dataset
wbc,D:\Dineth\focus_binary_benchmark\dataset\wbc\unfocused\34\34_1.jpg,0,34,,dataset
wbc,D:\Dineth\focus_binary_benchmark\dataset\wbc\unfocused\34\34_2.jpg,0,34,,dataset
wbc,D:\Dineth\focus_binary_benchmark\dataset\wbc\unfocused\34\34_3.jpg,0,34,,dataset
wbc,D:\Dineth\focus_binary_benchmark\dataset\wbc\unfocused\34\34_4.jpg,0,34,,dataset
wbc,D:\Dineth\focus_binary_benchmark\dataset\wbc\unfocused\34\34_8.jpg,0,34,,dataset
wbc,D:\Dineth\focus_binary_benchmark\dataset\wbc\unfocused\34\34_9.jpg,0,34,,dataset
wbc,D:\Dineth\focus_binary_benchmark\dataset\wbc\unfocused\35\35_0.jpg,0,35,,dataset
wbc,D:\Dineth\focus_binary_benchmark\dataset\wbc\unfocused\35\35_1.jpg,0,35,,dataset
wbc,D:\Dineth\focus_binary_benchmark\dataset\wbc\unfocused\35\35_2.jpg,0,35,,dataset
wbc,D:\Dineth\focus_binary_benchmark\dataset\wbc\unfocused\35\35_3.jpg,0,35,,dataset
wbc,D:\Dineth\focus_binary_benchmark\dataset\wbc\unfocused\35\35_7.jpg,0,35,,dataset
wbc,D:\Dineth\focus_binary_benchmark\dataset\wbc\unfocused\35\35_8.jpg,0,35,,dataset
wbc,D:\Dineth\focus_binary_benchmark\dataset\wbc\unfocused\35\35_9.jpg,0,35,,dataset
wbc,D:\Dineth\focus_binary_benchmark\dataset\wbc\unfocused\36\36_0.jpg,0,36,,dataset
wbc,D:\Dineth\focus_binary_benchmark\dataset\wbc\unfocused\36\36_1.jpg,0,36,,dataset
wbc,D:\Dineth\focus_binary_benchmark\dataset\wbc\unfocused\36\36_2.jpg,0,36,,dataset
wbc,D:\Dineth\focus_binary_benchmark\dataset\wbc\unfocused\36\36_3.jpg,0,36,,dataset
wbc,D:\Dineth\focus_binary_benchmark\dataset\wbc\unfocused\36\36_4.jpg,0,36,,dataset
wbc,D:\Dineth\focus_binary_benchmark\dataset\wbc\unfocused\36\36_8.jpg,0,36,,dataset
wbc,D:\Dineth\focus_binary_benchmark\dataset\wbc\unfocused\36\36_9.jpg,0,36,,dataset
wbc,D:\Dineth\focus_binary_benchmark\dataset\wbc\unfocused\37\37_0.jpg,0,37,,dataset
wbc,D:\Dineth\focus_binary_benchmark\dataset\wbc\unfocused\37\37_1.jpg,0,37,,dataset
wbc,D:\Dineth\focus_binary_benchmark\dataset\wbc\unfocused\37\37_2.jpg,0,37,,dataset
wbc,D:\Dineth\focus_binary_benchmark\dataset\wbc\unfocused\37\37_3.jpg,0,37,,dataset
wbc,D:\Dineth\focus_binary_benchmark\dataset\wbc\unfocused\37\37_7.jpg,0,37,,dataset
wbc,D:\Dineth\focus_binary_benchmark\dataset\wbc\unfocused\37\37_8.jpg,0,37,,dataset
wbc,D:\Dineth\focus_binary_benchmark\dataset\wbc\unfocused\37\37_9.jpg,0,37,,dataset
wbc,D:\Dineth\focus_binary_benchmark\dataset\wbc\unfocused\38\38_0.jpg,0,38,,dataset
wbc,D:\Dineth\focus_binary_benchmark\dataset\wbc\unfocused\38\38_1.jpg,0,38,,dataset
wbc,D:\Dineth\focus_binary_benchmark\dataset\wbc\unfocused\38\38_2.jpg,0,38,,dataset
wbc,D:\Dineth\focus_binary_benchmark\dataset\wbc\unfocused\38\38_3.jpg,0,38,,dataset
wbc,D:\Dineth\focus_binary_benchmark\dataset\wbc\unfocused\38\38_4.jpg,0,38,,dataset
wbc,D:\Dineth\focus_binary_benchmark\dataset\wbc\unfocused\38\38_5.jpg,0,38,,dataset
wbc,D:\Dineth\focus_binary_benchmark\dataset\wbc\unfocused\38\38_9.jpg,0,38,,dataset
wbc,D:\Dineth\focus_binary_benchmark\dataset\wbc\unfocused\39\39_0.jpg,0,39,,dataset
wbc,D:\Dineth\focus_binary_benchmark\dataset\wbc\unfocused\39\39_1.jpg,0,39,,dataset
wbc,D:\Dineth\focus_binary_benchmark\dataset\wbc\unfocused\39\39_2.jpg,0,39,,dataset
wbc,D:\Dineth\focus_binary_benchmark\dataset\wbc\unfocused\39\39_3.jpg,0,39,,dataset
wbc,D:\Dineth\focus_binary_benchmark\dataset\wbc\unfocused\39\39_4.jpg,0,39,,dataset
wbc,D:\Dineth\focus_binary_benchmark\dataset\wbc\unfocused\39\39_8.jpg,0,39,,dataset
wbc,D:\Dineth\focus_binary_benchmark\dataset\wbc\unfocused\39\39_9.jpg,0,39,,dataset
wbc,D:\Dineth\focus_binary_benchmark\dataset\wbc\unfocused\4\4_0.jpg,0,4,,dataset
wbc,D:\Dineth\focus_binary_benchmark\dataset\wbc\unfocused\4\4_1.jpg,0,4,,dataset
wbc,D:\Dineth\focus_binary_benchmark\dataset\wbc\unfocused\4\4_2.jpg,0,4,,dataset
wbc,D:\Dineth\focus_binary_benchmark\dataset\wbc\unfocused\4\4_3.jpg,0,4,,dataset
wbc,D:\Dineth\focus_binary_benchmark\dataset\wbc\unfocused\4\4_4.jpg,0,4,,dataset
wbc,D:\Dineth\focus_binary_benchmark\dataset\wbc\unfocused\4\4_8.jpg,0,4,,dataset
wbc,D:\Dineth\focus_binary_benchmark\dataset\wbc\unfocused\4\4_9.jpg,0,4,,dataset
wbc,D:\Dineth\focus_binary_benchmark\dataset\wbc\unfocused\40\40_0.jpg,0,40,,dataset
wbc,D:\Dineth\focus_binary_benchmark\dataset\wbc\unfocused\40\40_1.jpg,0,40,,dataset
wbc,D:\Dineth\focus_binary_benchmark\dataset\wbc\unfocused\40\40_2.jpg,0,40,,dataset
wbc,D:\Dineth\focus_binary_benchmark\dataset\wbc\unfocused\40\40_3.jpg,0,40,,dataset
wbc,D:\Dineth\focus_binary_benchmark\dataset\wbc\unfocused\40\40_7.jpg,0,40,,dataset
wbc,D:\Dineth\focus_binary_benchmark\dataset\wbc\unfocused\40\40_8.jpg,0,40,,dataset
wbc,D:\Dineth\focus_binary_benchmark\dataset\wbc\unfocused\40\40_9.jpg,0,40,,dataset
wbc,D:\Dineth\focus_binary_benchmark\dataset\wbc\unfocused\41\41_0.jpg,0,41,,dataset
wbc,D:\Dineth\focus_binary_benchmark\dataset\wbc\unfocused\41\41_1.jpg,0,41,,dataset
wbc,D:\Dineth\focus_binary_benchmark\dataset\wbc\unfocused\41\41_2.jpg,0,41,,dataset
wbc,D:\Dineth\focus_binary_benchmark\dataset\wbc\unfocused\41\41_3.jpg,0,41,,dataset
wbc,D:\Dineth\focus_binary_benchmark\dataset\wbc\unfocused\41\41_7.jpg,0,41,,dataset
wbc,D:\Dineth\focus_binary_benchmark\dataset\wbc\unfocused\41\41_8.jpg,0,41,,dataset
wbc,D:\Dineth\focus_binary_benchmark\dataset\wbc\unfocused\41\41_9.jpg,0,41,,dataset
wbc,D:\Dineth\focus_binary_benchmark\dataset\wbc\unfocused\42\42_0.jpg,0,42,,dataset
wbc,D:\Dineth\focus_binary_benchmark\dataset\wbc\unfocused\42\42_1.jpg,0,42,,dataset
wbc,D:\Dineth\focus_binary_benchmark\dataset\wbc\unfocused\42\42_2.jpg,0,42,,dataset
wbc,D:\Dineth\focus_binary_benchmark\dataset\wbc\unfocused\42\42_3.jpg,0,42,,dataset
wbc,D:\Dineth\focus_binary_benchmark\dataset\wbc\unfocused\42\42_7.jpg,0,42,,dataset
wbc,D:\Dineth\focus_binary_benchmark\dataset\wbc\unfocused\42\42_8.jpg,0,42,,dataset
wbc,D:\Dineth\focus_binary_benchmark\dataset\wbc\unfocused\42\42_9.jpg,0,42,,dataset
wbc,D:\Dineth\focus_binary_benchmark\dataset\wbc\unfocused\43\43_0.jpg,0,43,,dataset
wbc,D:\Dineth\focus_binary_benchmark\dataset\wbc\unfocused\43\43_1.jpg,0,43,,dataset
wbc,D:\Dineth\focus_binary_benchmark\dataset\wbc\unfocused\43\43_2.jpg,0,43,,dataset
wbc,D:\Dineth\focus_binary_benchmark\dataset\wbc\unfocused\43\43_3.jpg,0,43,,dataset
wbc,D:\Dineth\focus_binary_benchmark\dataset\wbc\unfocused\43\43_4.jpg,0,43,,dataset
wbc,D:\Dineth\focus_binary_benchmark\dataset\wbc\unfocused\43\43_8.jpg,0,43,,dataset
wbc,D:\Dineth\focus_binary_benchmark\dataset\wbc\unfocused\43\43_9.jpg,0,43,,dataset
wbc,D:\Dineth\focus_binary_benchmark\dataset\wbc\unfocused\44\44_0.jpg,0,44,,dataset
wbc,D:\Dineth\focus_binary_benchmark\dataset\wbc\unfocused\44\44_1.jpg,0,44,,dataset
wbc,D:\Dineth\focus_binary_benchmark\dataset\wbc\unfocused\44\44_2.jpg,0,44,,dataset
wbc,D:\Dineth\focus_binary_benchmark\dataset\wbc\unfocused\44\44_3.jpg,0,44,,dataset
wbc,D:\Dineth\focus_binary_benchmark\dataset\wbc\unfocused\44\44_4.jpg,0,44,,dataset
wbc,D:\Dineth\focus_binary_benchmark\dataset\wbc\unfocused\44\44_8.jpg,0,44,,dataset
wbc,D:\Dineth\focus_binary_benchmark\dataset\wbc\unfocused\44\44_9.jpg,0,44,,dataset
wbc,D:\Dineth\focus_binary_benchmark\dataset\wbc\unfocused\45\45_0.jpg,0,45,,dataset
wbc,D:\Dineth\focus_binary_benchmark\dataset\wbc\unfocused\45\45_1.jpg,0,45,,dataset
wbc,D:\Dineth\focus_binary_benchmark\dataset\wbc\unfocused\45\45_2.jpg,0,45,,dataset
wbc,D:\Dineth\focus_binary_benchmark\dataset\wbc\unfocused\45\45_3.jpg,0,45,,dataset
wbc,D:\Dineth\focus_binary_benchmark\dataset\wbc\unfocused\45\45_4.jpg,0,45,,dataset
wbc,D:\Dineth\focus_binary_benchmark\dataset\wbc\unfocused\45\45_8.jpg,0,45,,dataset
wbc,D:\Dineth\focus_binary_benchmark\dataset\wbc\unfocused\45\45_9.jpg,0,45,,dataset
wbc,D:\Dineth\focus_binary_benchmark\dataset\wbc\unfocused\46\46_0.jpg,0,46,,dataset
wbc,D:\Dineth\focus_binary_benchmark\dataset\wbc\unfocused\46\46_1.jpg,0,46,,dataset
wbc,D:\Dineth\focus_binary_benchmark\dataset\wbc\unfocused\46\46_2.jpg,0,46,,dataset
wbc,D:\Dineth\focus_binary_benchmark\dataset\wbc\unfocused\46\46_3.jpg,0,46,,dataset
wbc,D:\Dineth\focus_binary_benchmark\dataset\wbc\unfocused\46\46_4.jpg,0,46,,dataset
wbc,D:\Dineth\focus_binary_benchmark\dataset\wbc\unfocused\46\46_8.jpg,0,46,,dataset
wbc,D:\Dineth\focus_binary_benchmark\dataset\wbc\unfocused\46\46_9.jpg,0,46,,dataset
wbc,D:\Dineth\focus_binary_benchmark\dataset\wbc\unfocused\47\47_0.jpg,0,47,,dataset
wbc,D:\Dineth\focus_binary_benchmark\dataset\wbc\unfocused\47\47_1.jpg,0,47,,dataset
wbc,D:\Dineth\focus_binary_benchmark\dataset\wbc\unfocused\47\47_2.jpg,0,47,,dataset
wbc,D:\Dineth\focus_binary_benchmark\dataset\wbc\unfocused\47\47_3.jpg,0,47,,dataset
wbc,D:\Dineth\focus_binary_benchmark\dataset\wbc\unfocused\47\47_4.jpg,0,47,,dataset
wbc,D:\Dineth\focus_binary_benchmark\dataset\wbc\unfocused\47\47_8.jpg,0,47,,dataset
wbc,D:\Dineth\focus_binary_benchmark\dataset\wbc\unfocused\47\47_9.jpg,0,47,,dataset
wbc,D:\Dineth\focus_binary_benchmark\dataset\wbc\unfocused\48\48_0.jpg,0,48,,dataset
wbc,D:\Dineth\focus_binary_benchmark\dataset\wbc\unfocused\48\48_1.jpg,0,48,,dataset
wbc,D:\Dineth\focus_binary_benchmark\dataset\wbc\unfocused\48\48_2.jpg,0,48,,dataset
wbc,D:\Dineth\focus_binary_benchmark\dataset\wbc\unfocused\48\48_3.jpg,0,48,,dataset
wbc,D:\Dineth\focus_binary_benchmark\dataset\wbc\unfocused\48\48_4.jpg,0,48,,dataset
wbc,D:\Dineth\focus_binary_benchmark\dataset\wbc\unfocused\48\48_8.jpg,0,48,,dataset
wbc,D:\Dineth\focus_binary_benchmark\dataset\wbc\unfocused\48\48_9.jpg,0,48,,dataset
wbc,D:\Dineth\focus_binary_benchmark\dataset\wbc\unfocused\49\49_0.jpg,0,49,,dataset
wbc,D:\Dineth\focus_binary_benchmark\dataset\wbc\unfocused\49\49_1.jpg,0,49,,dataset
wbc,D:\Dineth\focus_binary_benchmark\dataset\wbc\unfocused\49\49_2.jpg,0,49,,dataset
wbc,D:\Dineth\focus_binary_benchmark\dataset\wbc\unfocused\49\49_3.jpg,0,49,,dataset
wbc,D:\Dineth\focus_binary_benchmark\dataset\wbc\unfocused\49\49_4.jpg,0,49,,dataset
wbc,D:\Dineth\focus_binary_benchmark\dataset\wbc\unfocused\49\49_8.jpg,0,49,,dataset
wbc,D:\Dineth\focus_binary_benchmark\dataset\wbc\unfocused\49\49_9.jpg,0,49,,dataset
wbc,D:\Dineth\focus_binary_benchmark\dataset\wbc\unfocused\5\5_0.jpg,0,5,,dataset
wbc,D:\Dineth\focus_binary_benchmark\dataset\wbc\unfocused\5\5_1.jpg,0,5,,dataset
wbc,D:\Dineth\focus_binary_benchmark\dataset\wbc\unfocused\5\5_2.jpg,0,5,,dataset
wbc,D:\Dineth\focus_binary_benchmark\dataset\wbc\unfocused\5\5_3.jpg,0,5,,dataset
wbc,D:\Dineth\focus_binary_benchmark\dataset\wbc\unfocused\5\5_4.jpg,0,5,,dataset
wbc,D:\Dineth\focus_binary_benchmark\dataset\wbc\unfocused\5\5_8.jpg,0,5,,dataset
wbc,D:\Dineth\focus_binary_benchmark\dataset\wbc\unfocused\5\5_9.jpg,0,5,,dataset
wbc,D:\Dineth\focus_binary_benchmark\dataset\wbc\unfocused\50\50_0.jpg,0,50,,dataset
wbc,D:\Dineth\focus_binary_benchmark\dataset\wbc\unfocused\50\50_1.jpg,0,50,,dataset
wbc,D:\Dineth\focus_binary_benchmark\dataset\wbc\unfocused\50\50_2.jpg,0,50,,dataset
wbc,D:\Dineth\focus_binary_benchmark\dataset\wbc\unfocused\50\50_3.jpg,0,50,,dataset
wbc,D:\Dineth\focus_binary_benchmark\dataset\wbc\unfocused\50\50_4.jpg,0,50,,dataset
wbc,D:\Dineth\focus_binary_benchmark\dataset\wbc\unfocused\50\50_5.jpg,0,50,,dataset
wbc,D:\Dineth\focus_binary_benchmark\dataset\wbc\unfocused\50\50_9.jpg,0,50,,dataset
wbc,D:\Dineth\focus_binary_benchmark\dataset\wbc\unfocused\51\51_0.jpg,0,51,,dataset
wbc,D:\Dineth\focus_binary_benchmark\dataset\wbc\unfocused\51\51_1.jpg,0,51,,dataset
wbc,D:\Dineth\focus_binary_benchmark\dataset\wbc\unfocused\51\51_2.jpg,0,51,,dataset
wbc,D:\Dineth\focus_binary_benchmark\dataset\wbc\unfocused\51\51_3.jpg,0,51,,dataset
wbc,D:\Dineth\focus_binary_benchmark\dataset\wbc\unfocused\51\51_4.jpg,0,51,,dataset
wbc,D:\Dineth\focus_binary_benchmark\dataset\wbc\unfocused\51\51_8.jpg,0,51,,dataset
wbc,D:\Dineth\focus_binary_benchmark\dataset\wbc\unfocused\51\51_9.jpg,0,51,,dataset
wbc,D:\Dineth\focus_binary_benchmark\dataset\wbc\unfocused\52\52_0.jpg,0,52,,dataset
wbc,D:\Dineth\focus_binary_benchmark\dataset\wbc\unfocused\52\52_1.jpg,0,52,,dataset
wbc,D:\Dineth\focus_binary_benchmark\dataset\wbc\unfocused\52\52_2.jpg,0,52,,dataset
wbc,D:\Dineth\focus_binary_benchmark\dataset\wbc\unfocused\52\52_3.jpg,0,52,,dataset
wbc,D:\Dineth\focus_binary_benchmark\dataset\wbc\unfocused\52\52_4.jpg,0,52,,dataset
wbc,D:\Dineth\focus_binary_benchmark\dataset\wbc\unfocused\52\52_8.jpg,0,52,,dataset
wbc,D:\Dineth\focus_binary_benchmark\dataset\wbc\unfocused\52\52_9.jpg,0,52,,dataset
wbc,D:\Dineth\focus_binary_benchmark\dataset\wbc\unfocused\53\53_0.jpg,0,53,,dataset
wbc,D:\Dineth\focus_binary_benchmark\dataset\wbc\unfocused\53\53_1.jpg,0,53,,dataset
wbc,D:\Dineth\focus_binary_benchmark\dataset\wbc\unfocused\53\53_2.jpg,0,53,,dataset
wbc,D:\Dineth\focus_binary_benchmark\dataset\wbc\unfocused\53\53_3.jpg,0,53,,dataset
wbc,D:\Dineth\focus_binary_benchmark\dataset\wbc\unfocused\53\53_4.jpg,0,53,,dataset
wbc,D:\Dineth\focus_binary_benchmark\dataset\wbc\unfocused\53\53_8.jpg,0,53,,dataset
wbc,D:\Dineth\focus_binary_benchmark\dataset\wbc\unfocused\53\53_9.jpg,0,53,,dataset
wbc,D:\Dineth\focus_binary_benchmark\dataset\wbc\unfocused\54\54_0.jpg,0,54,,dataset
wbc,D:\Dineth\focus_binary_benchmark\dataset\wbc\unfocused\54\54_1.jpg,0,54,,dataset
wbc,D:\Dineth\focus_binary_benchmark\dataset\wbc\unfocused\54\54_2.jpg,0,54,,dataset
wbc,D:\Dineth\focus_binary_benchmark\dataset\wbc\unfocused\54\54_3.jpg,0,54,,dataset
wbc,D:\Dineth\focus_binary_benchmark\dataset\wbc\unfocused\54\54_4.jpg,0,54,,dataset
wbc,D:\Dineth\focus_binary_benchmark\dataset\wbc\unfocused\54\54_8.jpg,0,54,,dataset
wbc,D:\Dineth\focus_binary_benchmark\dataset\wbc\unfocused\54\54_9.jpg,0,54,,dataset
wbc,D:\Dineth\focus_binary_benchmark\dataset\wbc\unfocused\55\55_0.jpg,0,55,,dataset
wbc,D:\Dineth\focus_binary_benchmark\dataset\wbc\unfocused\55\55_1.jpg,0,55,,dataset
wbc,D:\Dineth\focus_binary_benchmark\dataset\wbc\unfocused\55\55_2.jpg,0,55,,dataset
wbc,D:\Dineth\focus_binary_benchmark\dataset\wbc\unfocused\55\55_3.jpg,0,55,,dataset
wbc,D:\Dineth\focus_binary_benchmark\dataset\wbc\unfocused\55\55_4.jpg,0,55,,dataset
wbc,D:\Dineth\focus_binary_benchmark\dataset\wbc\unfocused\55\55_8.jpg,0,55,,dataset
wbc,D:\Dineth\focus_binary_benchmark\dataset\wbc\unfocused\55\55_9.jpg,0,55,,dataset
wbc,D:\Dineth\focus_binary_benchmark\dataset\wbc\unfocused\56\56_0.jpg,0,56,,dataset
wbc,D:\Dineth\focus_binary_benchmark\dataset\wbc\unfocused\56\56_1.jpg,0,56,,dataset
wbc,D:\Dineth\focus_binary_benchmark\dataset\wbc\unfocused\56\56_2.jpg,0,56,,dataset
wbc,D:\Dineth\focus_binary_benchmark\dataset\wbc\unfocused\56\56_3.jpg,0,56,,dataset
wbc,D:\Dineth\focus_binary_benchmark\dataset\wbc\unfocused\56\56_4.jpg,0,56,,dataset
wbc,D:\Dineth\focus_binary_benchmark\dataset\wbc\unfocused\56\56_8.jpg,0,56,,dataset
wbc,D:\Dineth\focus_binary_benchmark\dataset\wbc\unfocused\56\56_9.jpg,0,56,,dataset
wbc,D:\Dineth\focus_binary_benchmark\dataset\wbc\unfocused\57\57_0.jpg,0,57,,dataset
wbc,D:\Dineth\focus_binary_benchmark\dataset\wbc\unfocused\57\57_1.jpg,0,57,,dataset
wbc,D:\Dineth\focus_binary_benchmark\dataset\wbc\unfocused\57\57_2.jpg,0,57,,dataset
wbc,D:\Dineth\focus_binary_benchmark\dataset\wbc\unfocused\57\57_3.jpg,0,57,,dataset
wbc,D:\Dineth\focus_binary_benchmark\dataset\wbc\unfocused\57\57_4.jpg,0,57,,dataset
wbc,D:\Dineth\focus_binary_benchmark\dataset\wbc\unfocused\57\57_8.jpg,0,57,,dataset
wbc,D:\Dineth\focus_binary_benchmark\dataset\wbc\unfocused\57\57_9.jpg,0,57,,dataset
wbc,D:\Dineth\focus_binary_benchmark\dataset\wbc\unfocused\58\58_0.jpg,0,58,,dataset
wbc,D:\Dineth\focus_binary_benchmark\dataset\wbc\unfocused\58\58_1.jpg,0,58,,dataset
wbc,D:\Dineth\focus_binary_benchmark\dataset\wbc\unfocused\58\58_2.jpg,0,58,,dataset
wbc,D:\Dineth\focus_binary_benchmark\dataset\wbc\unfocused\58\58_3.jpg,0,58,,dataset
wbc,D:\Dineth\focus_binary_benchmark\dataset\wbc\unfocused\58\58_4.jpg,0,58,,dataset
wbc,D:\Dineth\focus_binary_benchmark\dataset\wbc\unfocused\58\58_8.jpg,0,58,,dataset
wbc,D:\Dineth\focus_binary_benchmark\dataset\wbc\unfocused\58\58_9.jpg,0,58,,dataset
wbc,D:\Dineth\focus_binary_benchmark\dataset\wbc\unfocused\59\59_0.jpg,0,59,,dataset
wbc,D:\Dineth\focus_binary_benchmark\dataset\wbc\unfocused\59\59_1.jpg,0,59,,dataset
wbc,D:\Dineth\focus_binary_benchmark\dataset\wbc\unfocused\59\59_2.jpg,0,59,,dataset
wbc,D:\Dineth\focus_binary_benchmark\dataset\wbc\unfocused\59\59_3.jpg,0,59,,dataset
wbc,D:\Dineth\focus_binary_benchmark\dataset\wbc\unfocused\59\59_4.jpg,0,59,,dataset
wbc,D:\Dineth\focus_binary_benchmark\dataset\wbc\unfocused\59\59_8.jpg,0,59,,dataset
wbc,D:\Dineth\focus_binary_benchmark\dataset\wbc\unfocused\59\59_9.jpg,0,59,,dataset
wbc,D:\Dineth\focus_binary_benchmark\dataset\wbc\unfocused\6\6_0.jpg,0,6,,dataset
wbc,D:\Dineth\focus_binary_benchmark\dataset\wbc\unfocused\6\6_1.jpg,0,6,,dataset
wbc,D:\Dineth\focus_binary_benchmark\dataset\wbc\unfocused\6\6_2.jpg,0,6,,dataset
wbc,D:\Dineth\focus_binary_benchmark\dataset\wbc\unfocused\6\6_3.jpg,0,6,,dataset
wbc,D:\Dineth\focus_binary_benchmark\dataset\wbc\unfocused\6\6_7.jpg,0,6,,dataset
wbc,D:\Dineth\focus_binary_benchmark\dataset\wbc\unfocused\6\6_8.jpg,0,6,,dataset
wbc,D:\Dineth\focus_binary_benchmark\dataset\wbc\unfocused\6\6_9.jpg,0,6,,dataset
wbc,D:\Dineth\focus_binary_benchmark\dataset\wbc\unfocused\60\60_0.jpg,0,60,,dataset
wbc,D:\Dineth\focus_binary_benchmark\dataset\wbc\unfocused\60\60_1.jpg,0,60,,dataset
wbc,D:\Dineth\focus_binary_benchmark\dataset\wbc\unfocused\60\60_2.jpg,0,60,,dataset
wbc,D:\Dineth\focus_binary_benchmark\dataset\wbc\unfocused\60\60_3.jpg,0,60,,dataset
wbc,D:\Dineth\focus_binary_benchmark\dataset\wbc\unfocused\60\60_4.jpg,0,60,,dataset
wbc,D:\Dineth\focus_binary_benchmark\dataset\wbc\unfocused\60\60_8.jpg,0,60,,dataset
wbc,D:\Dineth\focus_binary_benchmark\dataset\wbc\unfocused\60\60_9.jpg,0,60,,dataset
wbc,D:\Dineth\focus_binary_benchmark\dataset\wbc\unfocused\61\61_0.jpg,0,61,,dataset
wbc,D:\Dineth\focus_binary_benchmark\dataset\wbc\unfocused\61\61_1.jpg,0,61,,dataset
wbc,D:\Dineth\focus_binary_benchmark\dataset\wbc\unfocused\61\61_2.jpg,0,61,,dataset
wbc,D:\Dineth\focus_binary_benchmark\dataset\wbc\unfocused\61\61_3.jpg,0,61,,dataset
wbc,D:\Dineth\focus_binary_benchmark\dataset\wbc\unfocused\61\61_4.jpg,0,61,,dataset
wbc,D:\Dineth\focus_binary_benchmark\dataset\wbc\unfocused\61\61_8.jpg,0,61,,dataset
wbc,D:\Dineth\focus_binary_benchmark\dataset\wbc\unfocused\61\61_9.jpg,0,61,,dataset
wbc,D:\Dineth\focus_binary_benchmark\dataset\wbc\unfocused\62\62_0.jpg,0,62,,dataset
wbc,D:\Dineth\focus_binary_benchmark\dataset\wbc\unfocused\62\62_1.jpg,0,62,,dataset
wbc,D:\Dineth\focus_binary_benchmark\dataset\wbc\unfocused\62\62_2.jpg,0,62,,dataset
wbc,D:\Dineth\focus_binary_benchmark\dataset\wbc\unfocused\62\62_3.jpg,0,62,,dataset
wbc,D:\Dineth\focus_binary_benchmark\dataset\wbc\unfocused\62\62_4.jpg,0,62,,dataset
wbc,D:\Dineth\focus_binary_benchmark\dataset\wbc\unfocused\62\62_8.jpg,0,62,,dataset
wbc,D:\Dineth\focus_binary_benchmark\dataset\wbc\unfocused\62\62_9.jpg,0,62,,dataset
wbc,D:\Dineth\focus_binary_benchmark\dataset\wbc\unfocused\63\63_0.jpg,0,63,,dataset
wbc,D:\Dineth\focus_binary_benchmark\dataset\wbc\unfocused\63\63_1.jpg,0,63,,dataset
wbc,D:\Dineth\focus_binary_benchmark\dataset\wbc\unfocused\63\63_2.jpg,0,63,,dataset
wbc,D:\Dineth\focus_binary_benchmark\dataset\wbc\unfocused\63\63_3.jpg,0,63,,dataset
wbc,D:\Dineth\focus_binary_benchmark\dataset\wbc\unfocused\63\63_7.jpg,0,63,,dataset
wbc,D:\Dineth\focus_binary_benchmark\dataset\wbc\unfocused\63\63_8.jpg,0,63,,dataset
wbc,D:\Dineth\focus_binary_benchmark\dataset\wbc\unfocused\63\63_9.jpg,0,63,,dataset
wbc,D:\Dineth\focus_binary_benchmark\dataset\wbc\unfocused\64\64_0.jpg,0,64,,dataset
wbc,D:\Dineth\focus_binary_benchmark\dataset\wbc\unfocused\64\64_1.jpg,0,64,,dataset
wbc,D:\Dineth\focus_binary_benchmark\dataset\wbc\unfocused\64\64_2.jpg,0,64,,dataset
wbc,D:\Dineth\focus_binary_benchmark\dataset\wbc\unfocused\64\64_3.jpg,0,64,,dataset
wbc,D:\Dineth\focus_binary_benchmark\dataset\wbc\unfocused\64\64_4.jpg,0,64,,dataset
wbc,D:\Dineth\focus_binary_benchmark\dataset\wbc\unfocused\64\64_5.jpg,0,64,,dataset
wbc,D:\Dineth\focus_binary_benchmark\dataset\wbc\unfocused\64\64_9.jpg,0,64,,dataset
wbc,D:\Dineth\focus_binary_benchmark\dataset\wbc\unfocused\65\65_0.jpg,0,65,,dataset
wbc,D:\Dineth\focus_binary_benchmark\dataset\wbc\unfocused\65\65_1.jpg,0,65,,dataset
wbc,D:\Dineth\focus_binary_benchmark\dataset\wbc\unfocused\65\65_2.jpg,0,65,,dataset
wbc,D:\Dineth\focus_binary_benchmark\dataset\wbc\unfocused\65\65_3.jpg,0,65,,dataset
wbc,D:\Dineth\focus_binary_benchmark\dataset\wbc\unfocused\65\65_4.jpg,0,65,,dataset
wbc,D:\Dineth\focus_binary_benchmark\dataset\wbc\unfocused\65\65_8.jpg,0,65,,dataset
wbc,D:\Dineth\focus_binary_benchmark\dataset\wbc\unfocused\65\65_9.jpg,0,65,,dataset
wbc,D:\Dineth\focus_binary_benchmark\dataset\wbc\unfocused\66\66_0.jpg,0,66,,dataset
wbc,D:\Dineth\focus_binary_benchmark\dataset\wbc\unfocused\66\66_1.jpg,0,66,,dataset
wbc,D:\Dineth\focus_binary_benchmark\dataset\wbc\unfocused\66\66_2.jpg,0,66,,dataset
wbc,D:\Dineth\focus_binary_benchmark\dataset\wbc\unfocused\66\66_3.jpg,0,66,,dataset
wbc,D:\Dineth\focus_binary_benchmark\dataset\wbc\unfocused\66\66_4.jpg,0,66,,dataset
wbc,D:\Dineth\focus_binary_benchmark\dataset\wbc\unfocused\66\66_8.jpg,0,66,,dataset
wbc,D:\Dineth\focus_binary_benchmark\dataset\wbc\unfocused\66\66_9.jpg,0,66,,dataset
wbc,D:\Dineth\focus_binary_benchmark\dataset\wbc\unfocused\67\67_0.jpg,0,67,,dataset
wbc,D:\Dineth\focus_binary_benchmark\dataset\wbc\unfocused\67\67_1.jpg,0,67,,dataset
wbc,D:\Dineth\focus_binary_benchmark\dataset\wbc\unfocused\67\67_2.jpg,0,67,,dataset
wbc,D:\Dineth\focus_binary_benchmark\dataset\wbc\unfocused\67\67_3.jpg,0,67,,dataset
wbc,D:\Dineth\focus_binary_benchmark\dataset\wbc\unfocused\67\67_4.jpg,0,67,,dataset
wbc,D:\Dineth\focus_binary_benchmark\dataset\wbc\unfocused\67\67_8.jpg,0,67,,dataset
wbc,D:\Dineth\focus_binary_benchmark\dataset\wbc\unfocused\67\67_9.jpg,0,67,,dataset
wbc,D:\Dineth\focus_binary_benchmark\dataset\wbc\unfocused\68\68_0.jpg,0,68,,dataset
wbc,D:\Dineth\focus_binary_benchmark\dataset\wbc\unfocused\68\68_1.jpg,0,68,,dataset
wbc,D:\Dineth\focus_binary_benchmark\dataset\wbc\unfocused\68\68_2.jpg,0,68,,dataset
wbc,D:\Dineth\focus_binary_benchmark\dataset\wbc\unfocused\68\68_3.jpg,0,68,,dataset
wbc,D:\Dineth\focus_binary_benchmark\dataset\wbc\unfocused\68\68_4.jpg,0,68,,dataset
wbc,D:\Dineth\focus_binary_benchmark\dataset\wbc\unfocused\68\68_8.jpg,0,68,,dataset
wbc,D:\Dineth\focus_binary_benchmark\dataset\wbc\unfocused\68\68_9.jpg,0,68,,dataset
wbc,D:\Dineth\focus_binary_benchmark\dataset\wbc\unfocused\69\69_0.jpg,0,69,,dataset
wbc,D:\Dineth\focus_binary_benchmark\dataset\wbc\unfocused\69\69_1.jpg,0,69,,dataset
wbc,D:\Dineth\focus_binary_benchmark\dataset\wbc\unfocused\69\69_2.jpg,0,69,,dataset
wbc,D:\Dineth\focus_binary_benchmark\dataset\wbc\unfocused\69\69_3.jpg,0,69,,dataset
wbc,D:\Dineth\focus_binary_benchmark\dataset\wbc\unfocused\69\69_4.jpg,0,69,,dataset
wbc,D:\Dineth\focus_binary_benchmark\dataset\wbc\unfocused\69\69_8.jpg,0,69,,dataset
wbc,D:\Dineth\focus_binary_benchmark\dataset\wbc\unfocused\69\69_9.jpg,0,69,,dataset
wbc,D:\Dineth\focus_binary_benchmark\dataset\wbc\unfocused\7\7_0.jpg,0,7,,dataset
wbc,D:\Dineth\focus_binary_benchmark\dataset\wbc\unfocused\7\7_1.jpg,0,7,,dataset
wbc,D:\Dineth\focus_binary_benchmark\dataset\wbc\unfocused\7\7_2.jpg,0,7,,dataset
wbc,D:\Dineth\focus_binary_benchmark\dataset\wbc\unfocused\7\7_3.jpg,0,7,,dataset
wbc,D:\Dineth\focus_binary_benchmark\dataset\wbc\unfocused\7\7_4.jpg,0,7,,dataset
wbc,D:\Dineth\focus_binary_benchmark\dataset\wbc\unfocused\7\7_8.jpg,0,7,,dataset
wbc,D:\Dineth\focus_binary_benchmark\dataset\wbc\unfocused\7\7_9.jpg,0,7,,dataset
wbc,D:\Dineth\focus_binary_benchmark\dataset\wbc\unfocused\70\70_0.jpg,0,70,,dataset
wbc,D:\Dineth\focus_binary_benchmark\dataset\wbc\unfocused\70\70_1.jpg,0,70,,dataset
wbc,D:\Dineth\focus_binary_benchmark\dataset\wbc\unfocused\70\70_2.jpg,0,70,,dataset
wbc,D:\Dineth\focus_binary_benchmark\dataset\wbc\unfocused\70\70_3.jpg,0,70,,dataset
wbc,D:\Dineth\focus_binary_benchmark\dataset\wbc\unfocused\70\70_4.jpg,0,70,,dataset
wbc,D:\Dineth\focus_binary_benchmark\dataset\wbc\unfocused\70\70_8.jpg,0,70,,dataset
wbc,D:\Dineth\focus_binary_benchmark\dataset\wbc\unfocused\70\70_9.jpg,0,70,,dataset
wbc,D:\Dineth\focus_binary_benchmark\dataset\wbc\unfocused\71\71_0.jpg,0,71,,dataset
wbc,D:\Dineth\focus_binary_benchmark\dataset\wbc\unfocused\71\71_1.jpg,0,71,,dataset
wbc,D:\Dineth\focus_binary_benchmark\dataset\wbc\unfocused\71\71_2.jpg,0,71,,dataset
wbc,D:\Dineth\focus_binary_benchmark\dataset\wbc\unfocused\71\71_3.jpg,0,71,,dataset
wbc,D:\Dineth\focus_binary_benchmark\dataset\wbc\unfocused\71\71_4.jpg,0,71,,dataset
wbc,D:\Dineth\focus_binary_benchmark\dataset\wbc\unfocused\71\71_8.jpg,0,71,,dataset
wbc,D:\Dineth\focus_binary_benchmark\dataset\wbc\unfocused\71\71_9.jpg,0,71,,dataset
wbc,D:\Dineth\focus_binary_benchmark\dataset\wbc\unfocused\72\72_0.jpg,0,72,,dataset
wbc,D:\Dineth\focus_binary_benchmark\dataset\wbc\unfocused\72\72_1.jpg,0,72,,dataset
wbc,D:\Dineth\focus_binary_benchmark\dataset\wbc\unfocused\72\72_2.jpg,0,72,,dataset
wbc,D:\Dineth\focus_binary_benchmark\dataset\wbc\unfocused\72\72_3.jpg,0,72,,dataset
wbc,D:\Dineth\focus_binary_benchmark\dataset\wbc\unfocused\72\72_4.jpg,0,72,,dataset
wbc,D:\Dineth\focus_binary_benchmark\dataset\wbc\unfocused\72\72_8.jpg,0,72,,dataset
wbc,D:\Dineth\focus_binary_benchmark\dataset\wbc\unfocused\72\72_9.jpg,0,72,,dataset
wbc,D:\Dineth\focus_binary_benchmark\dataset\wbc\unfocused\73\73_0.jpg,0,73,,dataset
wbc,D:\Dineth\focus_binary_benchmark\dataset\wbc\unfocused\73\73_1.jpg,0,73,,dataset
wbc,D:\Dineth\focus_binary_benchmark\dataset\wbc\unfocused\73\73_2.jpg,0,73,,dataset
wbc,D:\Dineth\focus_binary_benchmark\dataset\wbc\unfocused\73\73_3.jpg,0,73,,dataset
wbc,D:\Dineth\focus_binary_benchmark\dataset\wbc\unfocused\73\73_7.jpg,0,73,,dataset
wbc,D:\Dineth\focus_binary_benchmark\dataset\wbc\unfocused\73\73_8.jpg,0,73,,dataset
wbc,D:\Dineth\focus_binary_benchmark\dataset\wbc\unfocused\73\73_9.jpg,0,73,,dataset
wbc,D:\Dineth\focus_binary_benchmark\dataset\wbc\unfocused\74\74_0.jpg,0,74,,dataset
wbc,D:\Dineth\focus_binary_benchmark\dataset\wbc\unfocused\74\74_1.jpg,0,74,,dataset
wbc,D:\Dineth\focus_binary_benchmark\dataset\wbc\unfocused\74\74_2.jpg,0,74,,dataset
wbc,D:\Dineth\focus_binary_benchmark\dataset\wbc\unfocused\74\74_3.jpg,0,74,,dataset
wbc,D:\Dineth\focus_binary_benchmark\dataset\wbc\unfocused\74\74_4.jpg,0,74,,dataset
wbc,D:\Dineth\focus_binary_benchmark\dataset\wbc\unfocused\74\74_8.jpg,0,74,,dataset
wbc,D:\Dineth\focus_binary_benchmark\dataset\wbc\unfocused\74\74_9.jpg,0,74,,dataset
wbc,D:\Dineth\focus_binary_benchmark\dataset\wbc\unfocused\75\75_0.jpg,0,75,,dataset
wbc,D:\Dineth\focus_binary_benchmark\dataset\wbc\unfocused\75\75_1.jpg,0,75,,dataset
wbc,D:\Dineth\focus_binary_benchmark\dataset\wbc\unfocused\75\75_2.jpg,0,75,,dataset
wbc,D:\Dineth\focus_binary_benchmark\dataset\wbc\unfocused\75\75_3.jpg,0,75,,dataset
wbc,D:\Dineth\focus_binary_benchmark\dataset\wbc\unfocused\75\75_4.jpg,0,75,,dataset
wbc,D:\Dineth\focus_binary_benchmark\dataset\wbc\unfocused\75\75_8.jpg,0,75,,dataset
wbc,D:\Dineth\focus_binary_benchmark\dataset\wbc\unfocused\75\75_9.jpg,0,75,,dataset
wbc,D:\Dineth\focus_binary_benchmark\dataset\wbc\unfocused\76\76_0.jpg,0,76,,dataset
wbc,D:\Dineth\focus_binary_benchmark\dataset\wbc\unfocused\76\76_1.jpg,0,76,,dataset
wbc,D:\Dineth\focus_binary_benchmark\dataset\wbc\unfocused\76\76_2.jpg,0,76,,dataset
wbc,D:\Dineth\focus_binary_benchmark\dataset\wbc\unfocused\76\76_3.jpg,0,76,,dataset
wbc,D:\Dineth\focus_binary_benchmark\dataset\wbc\unfocused\76\76_7.jpg,0,76,,dataset
wbc,D:\Dineth\focus_binary_benchmark\dataset\wbc\unfocused\76\76_8.jpg,0,76,,dataset
wbc,D:\Dineth\focus_binary_benchmark\dataset\wbc\unfocused\76\76_9.jpg,0,76,,dataset
wbc,D:\Dineth\focus_binary_benchmark\dataset\wbc\unfocused\77\77_0.jpg,0,77,,dataset
wbc,D:\Dineth\focus_binary_benchmark\dataset\wbc\unfocused\77\77_1.jpg,0,77,,dataset
wbc,D:\Dineth\focus_binary_benchmark\dataset\wbc\unfocused\77\77_2.jpg,0,77,,dataset
wbc,D:\Dineth\focus_binary_benchmark\dataset\wbc\unfocused\77\77_3.jpg,0,77,,dataset
wbc,D:\Dineth\focus_binary_benchmark\dataset\wbc\unfocused\77\77_4.jpg,0,77,,dataset
wbc,D:\Dineth\focus_binary_benchmark\dataset\wbc\unfocused\77\77_8.jpg,0,77,,dataset
wbc,D:\Dineth\focus_binary_benchmark\dataset\wbc\unfocused\77\77_9.jpg,0,77,,dataset
wbc,D:\Dineth\focus_binary_benchmark\dataset\wbc\unfocused\78\78_0.jpg,0,78,,dataset
wbc,D:\Dineth\focus_binary_benchmark\dataset\wbc\unfocused\78\78_1.jpg,0,78,,dataset
wbc,D:\Dineth\focus_binary_benchmark\dataset\wbc\unfocused\78\78_2.jpg,0,78,,dataset
wbc,D:\Dineth\focus_binary_benchmark\dataset\wbc\unfocused\78\78_3.jpg,0,78,,dataset
wbc,D:\Dineth\focus_binary_benchmark\dataset\wbc\unfocused\78\78_4.jpg,0,78,,dataset
wbc,D:\Dineth\focus_binary_benchmark\dataset\wbc\unfocused\78\78_8.jpg,0,78,,dataset
wbc,D:\Dineth\focus_binary_benchmark\dataset\wbc\unfocused\78\78_9.jpg,0,78,,dataset
wbc,D:\Dineth\focus_binary_benchmark\dataset\wbc\unfocused\79\79_0.jpg,0,79,,dataset
wbc,D:\Dineth\focus_binary_benchmark\dataset\wbc\unfocused\79\79_1.jpg,0,79,,dataset
wbc,D:\Dineth\focus_binary_benchmark\dataset\wbc\unfocused\79\79_2.jpg,0,79,,dataset
wbc,D:\Dineth\focus_binary_benchmark\dataset\wbc\unfocused\79\79_3.jpg,0,79,,dataset
wbc,D:\Dineth\focus_binary_benchmark\dataset\wbc\unfocused\79\79_4.jpg,0,79,,dataset
wbc,D:\Dineth\focus_binary_benchmark\dataset\wbc\unfocused\79\79_8.jpg,0,79,,dataset
wbc,D:\Dineth\focus_binary_benchmark\dataset\wbc\unfocused\79\79_9.jpg,0,79,,dataset
wbc,D:\Dineth\focus_binary_benchmark\dataset\wbc\unfocused\8\8_0.jpg,0,8,,dataset
wbc,D:\Dineth\focus_binary_benchmark\dataset\wbc\unfocused\8\8_1.jpg,0,8,,dataset
wbc,D:\Dineth\focus_binary_benchmark\dataset\wbc\unfocused\8\8_2.jpg,0,8,,dataset
wbc,D:\Dineth\focus_binary_benchmark\dataset\wbc\unfocused\8\8_3.jpg,0,8,,dataset
wbc,D:\Dineth\focus_binary_benchmark\dataset\wbc\unfocused\8\8_4.jpg,0,8,,dataset
wbc,D:\Dineth\focus_binary_benchmark\dataset\wbc\unfocused\8\8_8.jpg,0,8,,dataset
wbc,D:\Dineth\focus_binary_benchmark\dataset\wbc\unfocused\8\8_9.jpg,0,8,,dataset
wbc,D:\Dineth\focus_binary_benchmark\dataset\wbc\unfocused\80\80_0.jpg,0,80,,dataset
wbc,D:\Dineth\focus_binary_benchmark\dataset\wbc\unfocused\80\80_1.jpg,0,80,,dataset
wbc,D:\Dineth\focus_binary_benchmark\dataset\wbc\unfocused\80\80_2.jpg,0,80,,dataset
wbc,D:\Dineth\focus_binary_benchmark\dataset\wbc\unfocused\80\80_3.jpg,0,80,,dataset
wbc,D:\Dineth\focus_binary_benchmark\dataset\wbc\unfocused\80\80_4.jpg,0,80,,dataset
wbc,D:\Dineth\focus_binary_benchmark\dataset\wbc\unfocused\80\80_8.jpg,0,80,,dataset
wbc,D:\Dineth\focus_binary_benchmark\dataset\wbc\unfocused\80\80_9.jpg,0,80,,dataset
wbc,D:\Dineth\focus_binary_benchmark\dataset\wbc\unfocused\81\81_0.jpg,0,81,,dataset
wbc,D:\Dineth\focus_binary_benchmark\dataset\wbc\unfocused\81\81_1.jpg,0,81,,dataset
wbc,D:\Dineth\focus_binary_benchmark\dataset\wbc\unfocused\81\81_2.jpg,0,81,,dataset
wbc,D:\Dineth\focus_binary_benchmark\dataset\wbc\unfocused\81\81_3.jpg,0,81,,dataset
wbc,D:\Dineth\focus_binary_benchmark\dataset\wbc\unfocused\81\81_4.jpg,0,81,,dataset
wbc,D:\Dineth\focus_binary_benchmark\dataset\wbc\unfocused\81\81_8.jpg,0,81,,dataset
wbc,D:\Dineth\focus_binary_benchmark\dataset\wbc\unfocused\81\81_9.jpg,0,81,,dataset
wbc,D:\Dineth\focus_binary_benchmark\dataset\wbc\unfocused\82\82_0.jpg,0,82,,dataset
wbc,D:\Dineth\focus_binary_benchmark\dataset\wbc\unfocused\82\82_1.jpg,0,82,,dataset
wbc,D:\Dineth\focus_binary_benchmark\dataset\wbc\unfocused\82\82_2.jpg,0,82,,dataset
wbc,D:\Dineth\focus_binary_benchmark\dataset\wbc\unfocused\82\82_3.jpg,0,82,,dataset
wbc,D:\Dineth\focus_binary_benchmark\dataset\wbc\unfocused\82\82_7.jpg,0,82,,dataset
wbc,D:\Dineth\focus_binary_benchmark\dataset\wbc\unfocused\82\82_8.jpg,0,82,,dataset
wbc,D:\Dineth\focus_binary_benchmark\dataset\wbc\unfocused\82\82_9.jpg,0,82,,dataset
wbc,D:\Dineth\focus_binary_benchmark\dataset\wbc\unfocused\83\83_0.jpg,0,83,,dataset
wbc,D:\Dineth\focus_binary_benchmark\dataset\wbc\unfocused\83\83_1.jpg,0,83,,dataset
wbc,D:\Dineth\focus_binary_benchmark\dataset\wbc\unfocused\83\83_2.jpg,0,83,,dataset
wbc,D:\Dineth\focus_binary_benchmark\dataset\wbc\unfocused\83\83_3.jpg,0,83,,dataset
wbc,D:\Dineth\focus_binary_benchmark\dataset\wbc\unfocused\83\83_4.jpg,0,83,,dataset
wbc,D:\Dineth\focus_binary_benchmark\dataset\wbc\unfocused\83\83_8.jpg,0,83,,dataset
wbc,D:\Dineth\focus_binary_benchmark\dataset\wbc\unfocused\83\83_9.jpg,0,83,,dataset
wbc,D:\Dineth\focus_binary_benchmark\dataset\wbc\unfocused\84\84_0.jpg,0,84,,dataset
wbc,D:\Dineth\focus_binary_benchmark\dataset\wbc\unfocused\84\84_1.jpg,0,84,,dataset
wbc,D:\Dineth\focus_binary_benchmark\dataset\wbc\unfocused\84\84_2.jpg,0,84,,dataset
wbc,D:\Dineth\focus_binary_benchmark\dataset\wbc\unfocused\84\84_3.jpg,0,84,,dataset
wbc,D:\Dineth\focus_binary_benchmark\dataset\wbc\unfocused\84\84_4.jpg,0,84,,dataset
wbc,D:\Dineth\focus_binary_benchmark\dataset\wbc\unfocused\84\84_8.jpg,0,84,,dataset
wbc,D:\Dineth\focus_binary_benchmark\dataset\wbc\unfocused\84\84_9.jpg,0,84,,dataset
wbc,D:\Dineth\focus_binary_benchmark\dataset\wbc\unfocused\85\85_0.jpg,0,85,,dataset
wbc,D:\Dineth\focus_binary_benchmark\dataset\wbc\unfocused\85\85_1.jpg,0,85,,dataset
wbc,D:\Dineth\focus_binary_benchmark\dataset\wbc\unfocused\85\85_2.jpg,0,85,,dataset
wbc,D:\Dineth\focus_binary_benchmark\dataset\wbc\unfocused\85\85_3.jpg,0,85,,dataset
wbc,D:\Dineth\focus_binary_benchmark\dataset\wbc\unfocused\85\85_4.jpg,0,85,,dataset
wbc,D:\Dineth\focus_binary_benchmark\dataset\wbc\unfocused\85\85_8.jpg,0,85,,dataset
wbc,D:\Dineth\focus_binary_benchmark\dataset\wbc\unfocused\85\85_9.jpg,0,85,,dataset
wbc,D:\Dineth\focus_binary_benchmark\dataset\wbc\unfocused\86\86_0.jpg,0,86,,dataset
wbc,D:\Dineth\focus_binary_benchmark\dataset\wbc\unfocused\86\86_1.jpg,0,86,,dataset
wbc,D:\Dineth\focus_binary_benchmark\dataset\wbc\unfocused\86\86_2.jpg,0,86,,dataset
wbc,D:\Dineth\focus_binary_benchmark\dataset\wbc\unfocused\86\86_3.jpg,0,86,,dataset
wbc,D:\Dineth\focus_binary_benchmark\dataset\wbc\unfocused\86\86_4.jpg,0,86,,dataset
wbc,D:\Dineth\focus_binary_benchmark\dataset\wbc\unfocused\86\86_8.jpg,0,86,,dataset
wbc,D:\Dineth\focus_binary_benchmark\dataset\wbc\unfocused\86\86_9.jpg,0,86,,dataset
wbc,D:\Dineth\focus_binary_benchmark\dataset\wbc\unfocused\87\87_0.jpg,0,87,,dataset
wbc,D:\Dineth\focus_binary_benchmark\dataset\wbc\unfocused\87\87_1.jpg,0,87,,dataset
wbc,D:\Dineth\focus_binary_benchmark\dataset\wbc\unfocused\87\87_2.jpg,0,87,,dataset
wbc,D:\Dineth\focus_binary_benchmark\dataset\wbc\unfocused\87\87_3.jpg,0,87,,dataset
wbc,D:\Dineth\focus_binary_benchmark\dataset\wbc\unfocused\87\87_7.jpg,0,87,,dataset
wbc,D:\Dineth\focus_binary_benchmark\dataset\wbc\unfocused\87\87_8.jpg,0,87,,dataset
wbc,D:\Dineth\focus_binary_benchmark\dataset\wbc\unfocused\87\87_9.jpg,0,87,,dataset
wbc,D:\Dineth\focus_binary_benchmark\dataset\wbc\unfocused\88\88_0.jpg,0,88,,dataset
wbc,D:\Dineth\focus_binary_benchmark\dataset\wbc\unfocused\88\88_1.jpg,0,88,,dataset
wbc,D:\Dineth\focus_binary_benchmark\dataset\wbc\unfocused\88\88_2.jpg,0,88,,dataset
wbc,D:\Dineth\focus_binary_benchmark\dataset\wbc\unfocused\88\88_3.jpg,0,88,,dataset
wbc,D:\Dineth\focus_binary_benchmark\dataset\wbc\unfocused\88\88_4.jpg,0,88,,dataset
wbc,D:\Dineth\focus_binary_benchmark\dataset\wbc\unfocused\88\88_8.jpg,0,88,,dataset
wbc,D:\Dineth\focus_binary_benchmark\dataset\wbc\unfocused\88\88_9.jpg,0,88,,dataset
wbc,D:\Dineth\focus_binary_benchmark\dataset\wbc\unfocused\89\89_0.jpg,0,89,,dataset
wbc,D:\Dineth\focus_binary_benchmark\dataset\wbc\unfocused\89\89_1.jpg,0,89,,dataset
wbc,D:\Dineth\focus_binary_benchmark\dataset\wbc\unfocused\89\89_2.jpg,0,89,,dataset
wbc,D:\Dineth\focus_binary_benchmark\dataset\wbc\unfocused\89\89_3.jpg,0,89,,dataset
wbc,D:\Dineth\focus_binary_benchmark\dataset\wbc\unfocused\89\89_4.jpg,0,89,,dataset
wbc,D:\Dineth\focus_binary_benchmark\dataset\wbc\unfocused\89\89_8.jpg,0,89,,dataset
wbc,D:\Dineth\focus_binary_benchmark\dataset\wbc\unfocused\89\89_9.jpg,0,89,,dataset
wbc,D:\Dineth\focus_binary_benchmark\dataset\wbc\unfocused\9\9_0.jpg,0,9,,dataset
wbc,D:\Dineth\focus_binary_benchmark\dataset\wbc\unfocused\9\9_1.jpg,0,9,,dataset
wbc,D:\Dineth\focus_binary_benchmark\dataset\wbc\unfocused\9\9_2.jpg,0,9,,dataset
wbc,D:\Dineth\focus_binary_benchmark\dataset\wbc\unfocused\9\9_3.jpg,0,9,,dataset
wbc,D:\Dineth\focus_binary_benchmark\dataset\wbc\unfocused\9\9_4.jpg,0,9,,dataset
wbc,D:\Dineth\focus_binary_benchmark\dataset\wbc\unfocused\9\9_8.jpg,0,9,,dataset
wbc,D:\Dineth\focus_binary_benchmark\dataset\wbc\unfocused\9\9_9.jpg,0,9,,dataset
wbc,D:\Dineth\focus_binary_benchmark\dataset\wbc\unfocused\90\90_0.jpg,0,90,,dataset
wbc,D:\Dineth\focus_binary_benchmark\dataset\wbc\unfocused\90\90_1.jpg,0,90,,dataset
wbc,D:\Dineth\focus_binary_benchmark\dataset\wbc\unfocused\90\90_2.jpg,0,90,,dataset
wbc,D:\Dineth\focus_binary_benchmark\dataset\wbc\unfocused\90\90_3.jpg,0,90,,dataset
wbc,D:\Dineth\focus_binary_benchmark\dataset\wbc\unfocused\90\90_7.jpg,0,90,,dataset
wbc,D:\Dineth\focus_binary_benchmark\dataset\wbc\unfocused\90\90_8.jpg,0,90,,dataset
wbc,D:\Dineth\focus_binary_benchmark\dataset\wbc\unfocused\90\90_9.jpg,0,90,,dataset
wbc,D:\Dineth\focus_binary_benchmark\dataset\wbc\unfocused\91\91_0.jpg,0,91,,dataset
wbc,D:\Dineth\focus_binary_benchmark\dataset\wbc\unfocused\91\91_1.jpg,0,91,,dataset
wbc,D:\Dineth\focus_binary_benchmark\dataset\wbc\unfocused\91\91_2.jpg,0,91,,dataset
wbc,D:\Dineth\focus_binary_benchmark\dataset\wbc\unfocused\91\91_3.jpg,0,91,,dataset
wbc,D:\Dineth\focus_binary_benchmark\dataset\wbc\unfocused\91\91_4.jpg,0,91,,dataset
wbc,D:\Dineth\focus_binary_benchmark\dataset\wbc\unfocused\91\91_8.jpg,0,91,,dataset
wbc,D:\Dineth\focus_binary_benchmark\dataset\wbc\unfocused\91\91_9.jpg,0,91,,dataset
wbc,D:\Dineth\focus_binary_benchmark\dataset\wbc\unfocused\92\92_0.jpg,0,92,,dataset
wbc,D:\Dineth\focus_binary_benchmark\dataset\wbc\unfocused\92\92_1.jpg,0,92,,dataset
wbc,D:\Dineth\focus_binary_benchmark\dataset\wbc\unfocused\92\92_2.jpg,0,92,,dataset
wbc,D:\Dineth\focus_binary_benchmark\dataset\wbc\unfocused\92\92_3.jpg,0,92,,dataset
wbc,D:\Dineth\focus_binary_benchmark\dataset\wbc\unfocused\92\92_4.jpg,0,92,,dataset
wbc,D:\Dineth\focus_binary_benchmark\dataset\wbc\unfocused\92\92_8.jpg,0,92,,dataset
wbc,D:\Dineth\focus_binary_benchmark\dataset\wbc\unfocused\92\92_9.jpg,0,92,,dataset
wbc,D:\Dineth\focus_binary_benchmark\dataset\wbc\unfocused\93\93_0.jpg,0,93,,dataset
wbc,D:\Dineth\focus_binary_benchmark\dataset\wbc\unfocused\93\93_1.jpg,0,93,,dataset
wbc,D:\Dineth\focus_binary_benchmark\dataset\wbc\unfocused\93\93_2.jpg,0,93,,dataset
wbc,D:\Dineth\focus_binary_benchmark\dataset\wbc\unfocused\93\93_3.jpg,0,93,,dataset
wbc,D:\Dineth\focus_binary_benchmark\dataset\wbc\unfocused\93\93_7.jpg,0,93,,dataset
wbc,D:\Dineth\focus_binary_benchmark\dataset\wbc\unfocused\93\93_8.jpg,0,93,,dataset
wbc,D:\Dineth\focus_binary_benchmark\dataset\wbc\unfocused\93\93_9.jpg,0,93,,dataset
wbc,D:\Dineth\focus_binary_benchmark\dataset\wbc\unfocused\94\94_0.jpg,0,94,,dataset
wbc,D:\Dineth\focus_binary_benchmark\dataset\wbc\unfocused\94\94_1.jpg,0,94,,dataset
wbc,D:\Dineth\focus_binary_benchmark\dataset\wbc\unfocused\94\94_2.jpg,0,94,,dataset
wbc,D:\Dineth\focus_binary_benchmark\dataset\wbc\unfocused\94\94_3.jpg,0,94,,dataset
wbc,D:\Dineth\focus_binary_benchmark\dataset\wbc\unfocused\94\94_7.jpg,0,94,,dataset
wbc,D:\Dineth\focus_binary_benchmark\dataset\wbc\unfocused\94\94_8.jpg,0,94,,dataset
wbc,D:\Dineth\focus_binary_benchmark\dataset\wbc\unfocused\94\94_9.jpg,0,94,,dataset
wbc,D:\Dineth\focus_binary_benchmark\dataset\wbc\unfocused\95\95_0.jpg,0,95,,dataset
wbc,D:\Dineth\focus_binary_benchmark\dataset\wbc\unfocused\95\95_1.jpg,0,95,,dataset
wbc,D:\Dineth\focus_binary_benchmark\dataset\wbc\unfocused\95\95_2.jpg,0,95,,dataset
wbc,D:\Dineth\focus_binary_benchmark\dataset\wbc\unfocused\95\95_3.jpg,0,95,,dataset
wbc,D:\Dineth\focus_binary_benchmark\dataset\wbc\unfocused\95\95_7.jpg,0,95,,dataset
wbc,D:\Dineth\focus_binary_benchmark\dataset\wbc\unfocused\95\95_8.jpg,0,95,,dataset
wbc,D:\Dineth\focus_binary_benchmark\dataset\wbc\unfocused\95\95_9.jpg,0,95,,dataset
wbc,D:\Dineth\focus_binary_benchmark\dataset\wbc\unfocused\96\96_0.jpg,0,96,,dataset
wbc,D:\Dineth\focus_binary_benchmark\dataset\wbc\unfocused\96\96_1.jpg,0,96,,dataset
wbc,D:\Dineth\focus_binary_benchmark\dataset\wbc\unfocused\96\96_2.jpg,0,96,,dataset
wbc,D:\Dineth\focus_binary_benchmark\dataset\wbc\unfocused\96\96_3.jpg,0,96,,dataset
wbc,D:\Dineth\focus_binary_benchmark\dataset\wbc\unfocused\96\96_4.jpg,0,96,,dataset
wbc,D:\Dineth\focus_binary_benchmark\dataset\wbc\unfocused\96\96_8.jpg,0,96,,dataset
wbc,D:\Dineth\focus_binary_benchmark\dataset\wbc\unfocused\96\96_9.jpg,0,96,,dataset
wbc,D:\Dineth\focus_binary_benchmark\dataset\wbc\unfocused\97\97_0.jpg,0,97,,dataset
wbc,D:\Dineth\focus_binary_benchmark\dataset\wbc\unfocused\97\97_1.jpg,0,97,,dataset
wbc,D:\Dineth\focus_binary_benchmark\dataset\wbc\unfocused\97\97_2.jpg,0,97,,dataset
wbc,D:\Dineth\focus_binary_benchmark\dataset\wbc\unfocused\97\97_3.jpg,0,97,,dataset
wbc,D:\Dineth\focus_binary_benchmark\dataset\wbc\unfocused\97\97_7.jpg,0,97,,dataset
wbc,D:\Dineth\focus_binary_benchmark\dataset\wbc\unfocused\97\97_8.jpg,0,97,,dataset
wbc,D:\Dineth\focus_binary_benchmark\dataset\wbc\unfocused\97\97_9.jpg,0,97,,dataset
wbc,D:\Dineth\focus_binary_benchmark\dataset\wbc\unfocused\98\98_0.jpg,0,98,,dataset
wbc,D:\Dineth\focus_binary_benchmark\dataset\wbc\unfocused\98\98_1.jpg,0,98,,dataset
wbc,D:\Dineth\focus_binary_benchmark\dataset\wbc\unfocused\98\98_2.jpg,0,98,,dataset
wbc,D:\Dineth\focus_binary_benchmark\dataset\wbc\unfocused\98\98_3.jpg,0,98,,dataset
wbc,D:\Dineth\focus_binary_benchmark\dataset\wbc\unfocused\98\98_4.jpg,0,98,,dataset
wbc,D:\Dineth\focus_binary_benchmark\dataset\wbc\unfocused\98\98_8.jpg,0,98,,dataset
wbc,D:\Dineth\focus_binary_benchmark\dataset\wbc\unfocused\98\98_9.jpg,0,98,,dataset
wbc,D:\Dineth\focus_binary_benchmark\dataset\wbc\unfocused\99\99_0.jpg,0,99,,dataset
wbc,D:\Dineth\focus_binary_benchmark\dataset\wbc\unfocused\99\99_1.jpg,0,99,,dataset
wbc,D:\Dineth\focus_binary_benchmark\dataset\wbc\unfocused\99\99_2.jpg,0,99,,dataset
wbc,D:\Dineth\focus_binary_benchmark\dataset\wbc\unfocused\99\99_3.jpg,0,99,,dataset
wbc,D:\Dineth\focus_binary_benchmark\dataset\wbc\unfocused\99\99_4.jpg,0,99,,dataset
wbc,D:\Dineth\focus_binary_benchmark\dataset\wbc\unfocused\99\99_8.jpg,0,99,,dataset
wbc,D:\Dineth\focus_binary_benchmark\dataset\wbc\unfocused\99\99_9.jpg,0,99,,dataset
