dataset,image_path,label,stack_id,patient_id,source,split,source_stack_id,leakage_group_id
bma,D:\Dineth\focus_binary_benchmark\dataset\bma\focused\pos000_0\pos000_0_page_8.png,1,bma::pos000_0,,dataset,train,pos000_0,bma::pos000_0
bma,D:\Dineth\focus_binary_benchmark\dataset\bma\focused\pos000_1\pos000_1_page_8.png,1,bma::pos000_1,,dataset,test,pos000_1,bma::pos000_1
bma,D:\Dineth\focus_binary_benchmark\dataset\bma\focused\pos000_2\pos000_2_page_8.png,1,bma::pos000_2,,dataset,train,pos000_2,bma::pos000_2
bma,D:\Dineth\focus_binary_benchmark\dataset\bma\focused\pos000_3\pos000_3_page_8.png,1,bma::pos000_3,,dataset,train,pos000_3,bma::pos000_3
bma,D:\Dineth\focus_binary_benchmark\dataset\bma\focused\pos001_0\pos001_0_page_8.png,1,bma::pos001_0,,dataset,train,pos001_0,bma::pos001_0
bma,D:\Dineth\focus_binary_benchmark\dataset\bma\focused\pos001_1\pos001_1_page_2.png,1,bma::pos001_1,,dataset,test,pos001_1,bma::pos001_1
bma,D:\Dineth\focus_binary_benchmark\dataset\bma\focused\pos001_2\pos001_2_page_4.png,1,bma::pos001_2,,dataset,val,pos001_2,bma::pos001_2
bma,D:\Dineth\focus_binary_benchmark\dataset\bma\focused\pos001_3\pos001_3_page_5.png,1,bma::pos001_3,,dataset,train,pos001_3,bma::pos001_3
bma,D:\Dineth\focus_binary_benchmark\dataset\bma\focused\pos002_0\pos002_0_page_2.png,1,bma::pos002_0,,dataset,train,pos002_0,bma::pos002_0
bma,D:\Dineth\focus_binary_benchmark\dataset\bma\focused\pos002_1\pos002_1_page_2.png,1,bma::pos002_1,,dataset,test,pos002_1,bma::pos002_1
bma,D:\Dineth\focus_binary_benchmark\dataset\bma\focused\pos002_2\pos002_2_page_2.png,1,bma::pos002_2,,dataset,train,pos002_2,bma::pos002_2
bma,D:\Dineth\focus_binary_benchmark\dataset\bma\focused\pos002_3\pos002_3_page_5.png,1,bma::pos002_3,,dataset,train,pos002_3,bma::pos002_3
bma,D:\Dineth\focus_binary_benchmark\dataset\bma\focused\pos003_0\pos003_0_page_4.png,1,bma::pos003_0,,dataset,train,pos003_0,bma::pos003_0
bma,D:\Dineth\focus_binary_benchmark\dataset\bma\focused\pos003_1\pos003_1_page_4.png,1,bma::pos003_1,,dataset,train,pos003_1,bma::pos003_1
bma,D:\Dineth\focus_binary_benchmark\dataset\bma\focused\pos003_2\pos003_2_page_6.png,1,bma::pos003_2,,dataset,train,pos003_2,bma::pos003_2
bma,D:\Dineth\focus_binary_benchmark\dataset\bma\focused\pos003_3\pos003_3_page_6.png,1,bma::pos003_3,,dataset,train,pos003_3,bma::pos003_3
bma,D:\Dineth\focus_binary_benchmark\dataset\bma\focused\pos004_0\pos004_0_page_2.png,1,bma::pos004_0,,dataset,train,pos004_0,bma::pos004_0
bma,D:\Dineth\focus_binary_benchmark\dataset\bma\focused\pos004_1\pos004_1_page_10.png,1,bma::pos004_1,,dataset,train,pos004_1,bma::pos004_1
bma,D:\Dineth\focus_binary_benchmark\dataset\bma\focused\pos004_2\pos004_2_page_11.png,1,bma::pos004_2,,dataset,train,pos004_2,bma::pos004_2
bma,D:\Dineth\focus_binary_benchmark\dataset\bma\focused\pos004_3\pos004_3_page_11.png,1,bma::pos004_3,,dataset,val,pos004_3,bma::pos004_3
bma,D:\Dineth\focus_binary_benchmark\dataset\bma\focused\pos005_0\pos005_0_page_10.png,1,bma::pos005_0,,dataset,val,pos005_0,bma::pos005_0
bma,D:\Dineth\focus_binary_benchmark\dataset\bma\focused\pos005_1\pos005_1_page_10.png,1,bma::pos005_1,,dataset,train,pos005_1,bma::pos005_1
bma,D:\Dineth\focus_binary_benchmark\dataset\bma\focused\pos005_2\pos005_2_page_10.png,1,bma::pos005_2,,dataset,train,pos005_2,bma::pos005_2
bma,D:\Dineth\focus_binary_benchmark\dataset\bma\focused\pos005_3\pos005_3_page_10.png,1,bma::pos005_3,,dataset,train,pos005_3,bma::pos005_3
bma,D:\Dineth\focus_binary_benchmark\dataset\bma\focused\pos006_0\pos006_0_page_10.png,1,bma::pos006_0,,dataset,train,pos006_0,bma::pos006_0
bma,D:\Dineth\focus_binary_benchmark\dataset\bma\focused\pos006_1\pos006_1_page_8.png,1,bma::pos006_1,,dataset,train,pos006_1,bma::pos006_1
bma,D:\Dineth\focus_binary_benchmark\dataset\bma\focused\pos006_2\pos006_2_page_10.png,1,bma::pos006_2,,dataset,train,pos006_2,bma::pos006_2
bma,D:\Dineth\focus_binary_benchmark\dataset\bma\focused\pos006_3\pos006_3_page_10.png,1,bma::pos006_3,,dataset,val,pos006_3,bma::pos006_3
bma,D:\Dineth\focus_binary_benchmark\dataset\bma\focused\pos007_0\pos007_0_page_8.png,1,bma::pos007_0,,dataset,train,pos007_0,bma::pos007_0
bma,D:\Dineth\focus_binary_benchmark\dataset\bma\focused\pos007_1\pos007_1_page_8.png,1,bma::pos007_1,,dataset,train,pos007_1,bma::pos007_1
bma,D:\Dineth\focus_binary_benchmark\dataset\bma\focused\pos007_2\pos007_2_page_10.png,1,bma::pos007_2,,dataset,train,pos007_2,bma::pos007_2
bma,D:\Dineth\focus_binary_benchmark\dataset\bma\focused\pos007_3\pos007_3_page_10.png,1,bma::pos007_3,,dataset,test,pos007_3,bma::pos007_3
bma,D:\Dineth\focus_binary_benchmark\dataset\bma\focused\pos008_0\pos008_0_page_4.png,1,bma::pos008_0,,dataset,train,pos008_0,bma::pos008_0
bma,D:\Dineth\focus_binary_benchmark\dataset\bma\focused\pos008_1\pos008_1_page_4.png,1,bma::pos008_1,,dataset,train,pos008_1,bma::pos008_1
bma,D:\Dineth\focus_binary_benchmark\dataset\bma\focused\pos008_2\pos008_2_page_6.png,1,bma::pos008_2,,dataset,val,pos008_2,bma::pos008_2
bma,D:\Dineth\focus_binary_benchmark\dataset\bma\focused\pos008_3\pos008_3_page_6.png,1,bma::pos008_3,,dataset,test,pos008_3,bma::pos008_3
bma,D:\Dineth\focus_binary_benchmark\dataset\bma\focused\pos009_0\pos009_0_page_4.png,1,bma::pos009_0,,dataset,train,pos009_0,bma::pos009_0
bma,D:\Dineth\focus_binary_benchmark\dataset\bma\focused\pos009_1\pos009_1_page_4.png,1,bma::pos009_1,,dataset,val,pos009_1,bma::pos009_1
bma,D:\Dineth\focus_binary_benchmark\dataset\bma\unfocused\pos000_0\pos000_0_page_1.png,0,bma::pos000_0,,dataset,train,pos000_0,bma::pos000_0
bma,D:\Dineth\focus_binary_benchmark\dataset\bma\unfocused\pos000_0\pos000_0_page_10.png,0,bma::pos000_0,,dataset,train,pos000_0,bma::pos000_0
bma,D:\Dineth\focus_binary_benchmark\dataset\bma\unfocused\pos000_0\pos000_0_page_11.png,0,bma::pos000_0,,dataset,train,pos000_0,bma::pos000_0
bma,D:\Dineth\focus_binary_benchmark\dataset\bma\unfocused\pos000_0\pos000_0_page_12.png,0,bma::pos000_0,,dataset,train,pos000_0,bma::pos000_0
bma,D:\Dineth\focus_binary_benchmark\dataset\bma\unfocused\pos000_0\pos000_0_page_13.png,0,bma::pos000_0,,dataset,train,pos000_0,bma::pos000_0
bma,D:\Dineth\focus_binary_benchmark\dataset\bma\unfocused\pos000_0\pos000_0_page_14.png,0,bma::pos000_0,,dataset,train,pos000_0,bma::pos000_0
bma,D:\Dineth\focus_binary_benchmark\dataset\bma\unfocused\pos000_0\pos000_0_page_2.png,0,bma::pos000_0,,dataset,train,pos000_0,bma::pos000_0
bma,D:\Dineth\focus_binary_benchmark\dataset\bma\unfocused\pos000_0\pos000_0_page_3.png,0,bma::pos000_0,,dataset,train,pos000_0,bma::pos000_0
bma,D:\Dineth\focus_binary_benchmark\dataset\bma\unfocused\pos000_0\pos000_0_page_4.png,0,bma::pos000_0,,dataset,train,pos000_0,bma::pos000_0
bma,D:\Dineth\focus_binary_benchmark\dataset\bma\unfocused\pos000_0\pos000_0_page_5.png,0,bma::pos000_0,,dataset,train,pos000_0,bma::pos000_0
bma,D:\Dineth\focus_binary_benchmark\dataset\bma\unfocused\pos000_0\pos000_0_page_6.png,0,bma::pos000_0,,dataset,train,pos000_0,bma::pos000_0
bma,D:\Dineth\focus_binary_benchmark\dataset\bma\unfocused\pos000_1\pos000_1_page_1.png,0,bma::pos000_1,,dataset,test,pos000_1,bma::pos000_1
bma,D:\Dineth\focus_binary_benchmark\dataset\bma\unfocused\pos000_1\pos000_1_page_10.png,0,bma::pos000_1,,dataset,test,pos000_1,bma::pos000_1
bma,D:\Dineth\focus_binary_benchmark\dataset\bma\unfocused\pos000_1\pos000_1_page_11.png,0,bma::pos000_1,,dataset,test,pos000_1,bma::pos000_1
bma,D:\Dineth\focus_binary_benchmark\dataset\bma\unfocused\pos000_1\pos000_1_page_12.png,0,bma::pos000_1,,dataset,test,pos000_1,bma::pos000_1
bma,D:\Dineth\focus_binary_benchmark\dataset\bma\unfocused\pos000_1\pos000_1_page_13.png,0,bma::pos000_1,,dataset,test,pos000_1,bma::pos000_1
bma,D:\Dineth\focus_binary_benchmark\dataset\bma\unfocused\pos000_1\pos000_1_page_14.png,0,bma::pos000_1,,dataset,test,pos000_1,bma::pos000_1
bma,D:\Dineth\focus_binary_benchmark\dataset\bma\unfocused\pos000_1\pos000_1_page_2.png,0,bma::pos000_1,,dataset,test,pos000_1,bma::pos000_1
bma,D:\Dineth\focus_binary_benchmark\dataset\bma\unfocused\pos000_1\pos000_1_page_3.png,0,bma::pos000_1,,dataset,test,pos000_1,bma::pos000_1
bma,D:\Dineth\focus_binary_benchmark\dataset\bma\unfocused\pos000_1\pos000_1_page_4.png,0,bma::pos000_1,,dataset,test,pos000_1,bma::pos000_1
bma,D:\Dineth\focus_binary_benchmark\dataset\bma\unfocused\pos000_1\pos000_1_page_5.png,0,bma::pos000_1,,dataset,test,pos000_1,bma::pos000_1
bma,D:\Dineth\focus_binary_benchmark\dataset\bma\unfocused\pos000_1\pos000_1_page_6.png,0,bma::pos000_1,,dataset,test,pos000_1,bma::pos000_1
bma,D:\Dineth\focus_binary_benchmark\dataset\bma\unfocused\pos000_2\pos000_2_page_1.png,0,bma::pos000_2,,dataset,train,pos000_2,bma::pos000_2
bma,D:\Dineth\focus_binary_benchmark\dataset\bma\unfocused\pos000_2\pos000_2_page_10.png,0,bma::pos000_2,,dataset,train,pos000_2,bma::pos000_2
bma,D:\Dineth\focus_binary_benchmark\dataset\bma\unfocused\pos000_2\pos000_2_page_11.png,0,bma::pos000_2,,dataset,train,pos000_2,bma::pos000_2
bma,D:\Dineth\focus_binary_benchmark\dataset\bma\unfocused\pos000_2\pos000_2_page_12.png,0,bma::pos000_2,,dataset,train,pos000_2,bma::pos000_2
bma,D:\Dineth\focus_binary_benchmark\dataset\bma\unfocused\pos000_2\pos000_2_page_13.png,0,bma::pos000_2,,dataset,train,pos000_2,bma::pos000_2
bma,D:\Dineth\focus_binary_benchmark\dataset\bma\unfocused\pos000_2\pos000_2_page_14.png,0,bma::pos000_2,,dataset,train,pos000_2,bma::pos000_2
bma,D:\Dineth\focus_binary_benchmark\dataset\bma\unfocused\pos000_2\pos000_2_page_2.png,0,bma::pos000_2,,dataset,train,pos000_2,bma::pos000_2
bma,D:\Dineth\focus_binary_benchmark\dataset\bma\unfocused\pos000_2\pos000_2_page_3.png,0,bma::pos000_2,,dataset,train,pos000_2,bma::pos000_2
bma,D:\Dineth\focus_binary_benchmark\dataset\bma\unfocused\pos000_2\pos000_2_page_4.png,0,bma::pos000_2,,dataset,train,pos000_2,bma::pos000_2
bma,D:\Dineth\focus_binary_benchmark\dataset\bma\unfocused\pos000_2\pos000_2_page_5.png,0,bma::pos000_2,,dataset,train,pos000_2,bma::pos000_2
bma,D:\Dineth\focus_binary_benchmark\dataset\bma\unfocused\pos000_2\pos000_2_page_6.png,0,bma::pos000_2,,dataset,train,pos000_2,bma::pos000_2
bma,D:\Dineth\focus_binary_benchmark\dataset\bma\unfocused\pos000_3\pos000_3_page_1.png,0,bma::pos000_3,,dataset,train,pos000_3,bma::pos000_3
bma,D:\Dineth\focus_binary_benchmark\dataset\bma\unfocused\pos000_3\pos000_3_page_10.png,0,bma::pos000_3,,dataset,train,pos000_3,bma::pos000_3
bma,D:\Dineth\focus_binary_benchmark\dataset\bma\unfocused\pos000_3\pos000_3_page_11.png,0,bma::pos000_3,,dataset,train,pos000_3,bma::pos000_3
bma,D:\Dineth\focus_binary_benchmark\dataset\bma\unfocused\pos000_3\pos000_3_page_12.png,0,bma::pos000_3,,dataset,train,pos000_3,bma::pos000_3
bma,D:\Dineth\focus_binary_benchmark\dataset\bma\unfocused\pos000_3\pos000_3_page_13.png,0,bma::pos000_3,,dataset,train,pos000_3,bma::pos000_3
bma,D:\Dineth\focus_binary_benchmark\dataset\bma\unfocused\pos000_3\pos000_3_page_14.png,0,bma::pos000_3,,dataset,train,pos000_3,bma::pos000_3
bma,D:\Dineth\focus_binary_benchmark\dataset\bma\unfocused\pos000_3\pos000_3_page_2.png,0,bma::pos000_3,,dataset,train,pos000_3,bma::pos000_3
bma,D:\Dineth\focus_binary_benchmark\dataset\bma\unfocused\pos000_3\pos000_3_page_3.png,0,bma::pos000_3,,dataset,train,pos000_3,bma::pos000_3
bma,D:\Dineth\focus_binary_benchmark\dataset\bma\unfocused\pos000_3\pos000_3_page_4.png,0,bma::pos000_3,,dataset,train,pos000_3,bma::pos000_3
bma,D:\Dineth\focus_binary_benchmark\dataset\bma\unfocused\pos000_3\pos000_3_page_5.png,0,bma::pos000_3,,dataset,train,pos000_3,bma::pos000_3
bma,D:\Dineth\focus_binary_benchmark\dataset\bma\unfocused\pos000_3\pos000_3_page_6.png,0,bma::pos000_3,,dataset,train,pos000_3,bma::pos000_3
bma,D:\Dineth\focus_binary_benchmark\dataset\bma\unfocused\pos001_0\pos001_0_page_1.png,0,bma::pos001_0,,dataset,train,pos001_0,bma::pos001_0
bma,D:\Dineth\focus_binary_benchmark\dataset\bma\unfocused\pos001_0\pos001_0_page_10.png,0,bma::pos001_0,,dataset,train,pos001_0,bma::pos001_0
bma,D:\Dineth\focus_binary_benchmark\dataset\bma\unfocused\pos001_0\pos001_0_page_11.png,0,bma::pos001_0,,dataset,train,pos001_0,bma::pos001_0
bma,D:\Dineth\focus_binary_benchmark\dataset\bma\unfocused\pos001_0\pos001_0_page_12.png,0,bma::pos001_0,,dataset,train,pos001_0,bma::pos001_0
bma,D:\Dineth\focus_binary_benchmark\dataset\bma\unfocused\pos001_0\pos001_0_page_13.png,0,bma::pos001_0,,dataset,train,pos001_0,bma::pos001_0
bma,D:\Dineth\focus_binary_benchmark\dataset\bma\unfocused\pos001_0\pos001_0_page_14.png,0,bma::pos001_0,,dataset,train,pos001_0,bma::pos001_0
bma,D:\Dineth\focus_binary_benchmark\dataset\bma\unfocused\pos001_0\pos001_0_page_2.png,0,bma::pos001_0,,dataset,train,pos001_0,bma::pos001_0
bma,D:\Dineth\focus_binary_benchmark\dataset\bma\unfocused\pos001_0\pos001_0_page_3.png,0,bma::pos001_0,,dataset,train,pos001_0,bma::pos001_0
bma,D:\Dineth\focus_binary_benchmark\dataset\bma\unfocused\pos001_0\pos001_0_page_4.png,0,bma::pos001_0,,dataset,train,pos001_0,bma::pos001_0
bma,D:\Dineth\focus_binary_benchmark\dataset\bma\unfocused\pos001_0\pos001_0_page_5.png,0,bma::pos001_0,,dataset,train,pos001_0,bma::pos001_0
bma,D:\Dineth\focus_binary_benchmark\dataset\bma\unfocused\pos001_0\pos001_0_page_6.png,0,bma::pos001_0,,dataset,train,pos001_0,bma::pos001_0
bma,D:\Dineth\focus_binary_benchmark\dataset\bma\unfocused\pos001_1\pos001_1_page_1.png,0,bma::pos001_1,,dataset,test,pos001_1,bma::pos001_1
bma,D:\Dineth\focus_binary_benchmark\dataset\bma\unfocused\pos001_1\pos001_1_page_10.png,0,bma::pos001_1,,dataset,test,pos001_1,bma::pos001_1
bma,D:\Dineth\focus_binary_benchmark\dataset\bma\unfocused\pos001_1\pos001_1_page_11.png,0,bma::pos001_1,,dataset,test,pos001_1,bma::pos001_1
bma,D:\Dineth\focus_binary_benchmark\dataset\bma\unfocused\pos001_1\pos001_1_page_12.png,0,bma::pos001_1,,dataset,test,pos001_1,bma::pos001_1
bma,D:\Dineth\focus_binary_benchmark\dataset\bma\unfocused\pos001_1\pos001_1_page_13.png,0,bma::pos001_1,,dataset,test,pos001_1,bma::pos001_1
bma,D:\Dineth\focus_binary_benchmark\dataset\bma\unfocused\pos001_1\pos001_1_page_4.png,0,bma::pos001_1,,dataset,test,pos001_1,bma::pos001_1
bma,D:\Dineth\focus_binary_benchmark\dataset\bma\unfocused\pos001_1\pos001_1_page_5.png,0,bma::pos001_1,,dataset,test,pos001_1,bma::pos001_1
bma,D:\Dineth\focus_binary_benchmark\dataset\bma\unfocused\pos001_1\pos001_1_page_6.png,0,bma::pos001_1,,dataset,test,pos001_1,bma::pos001_1
bma,D:\Dineth\focus_binary_benchmark\dataset\bma\unfocused\pos001_1\pos001_1_page_7.png,0,bma::pos001_1,,dataset,test,pos001_1,bma::pos001_1
bma,D:\Dineth\focus_binary_benchmark\dataset\bma\unfocused\pos001_1\pos001_1_page_8.png,0,bma::pos001_1,,dataset,test,pos001_1,bma::pos001_1
bma,D:\Dineth\focus_binary_benchmark\dataset\bma\unfocused\pos001_1\pos001_1_page_9.png,0,bma::pos001_1,,dataset,test,pos001_1,bma::pos001_1
bma,D:\Dineth\focus_binary_benchmark\dataset\bma\unfocused\pos001_2\pos001_2_page_1.png,0,bma::pos001_2,,dataset,val,pos001_2,bma::pos001_2
bma,D:\Dineth\focus_binary_benchmark\dataset\bma\unfocused\pos001_2\pos001_2_page_10.png,0,bma::pos001_2,,dataset,val,pos001_2,bma::pos001_2
bma,D:\Dineth\focus_binary_benchmark\dataset\bma\unfocused\pos001_2\pos001_2_page_11.png,0,bma::pos001_2,,dataset,val,pos001_2,bma::pos001_2
bma,D:\Dineth\focus_binary_benchmark\dataset\bma\unfocused\pos001_2\pos001_2_page_12.png,0,bma::pos001_2,,dataset,val,pos001_2,bma::pos001_2
bma,D:\Dineth\focus_binary_benchmark\dataset\bma\unfocused\pos001_2\pos001_2_page_13.png,0,bma::pos001_2,,dataset,val,pos001_2,bma::pos001_2
bma,D:\Dineth\focus_binary_benchmark\dataset\bma\unfocused\pos001_2\pos001_2_page_14.png,0,bma::pos001_2,,dataset,val,pos001_2,bma::pos001_2
bma,D:\Dineth\focus_binary_benchmark\dataset\bma\unfocused\pos001_2\pos001_2_page_2.png,0,bma::pos001_2,,dataset,val,pos001_2,bma::pos001_2
bma,D:\Dineth\focus_binary_benchmark\dataset\bma\unfocused\pos001_2\pos001_2_page_6.png,0,bma::pos001_2,,dataset,val,pos001_2,bma::pos001_2
bma,D:\Dineth\focus_binary_benchmark\dataset\bma\unfocused\pos001_2\pos001_2_page_7.png,0,bma::pos001_2,,dataset,val,pos001_2,bma::pos001_2
bma,D:\Dineth\focus_binary_benchmark\dataset\bma\unfocused\pos001_2\pos001_2_page_8.png,0,bma::pos001_2,,dataset,val,pos001_2,bma::pos001_2
bma,D:\Dineth\focus_binary_benchmark\dataset\bma\unfocused\pos001_2\pos001_2_page_9.png,0,bma::pos001_2,,dataset,val,pos001_2,bma::pos001_2
bma,D:\Dineth\focus_binary_benchmark\dataset\bma\unfocused\pos001_3\pos001_3_page_1.png,0,bma::pos001_3,,dataset,train,pos001_3,bma::pos001_3
bma,D:\Dineth\focus_binary_benchmark\dataset\bma\unfocused\pos001_3\pos001_3_page_10.png,0,bma::pos001_3,,dataset,train,pos001_3,bma::pos001_3
bma,D:\Dineth\focus_binary_benchmark\dataset\bma\unfocused\pos001_3\pos001_3_page_11.png,0,bma::pos001_3,,dataset,train,pos001_3,bma::pos001_3
bma,D:\Dineth\focus_binary_benchmark\dataset\bma\unfocused\pos001_3\pos001_3_page_12.png,0,bma::pos001_3,,dataset,train,pos001_3,bma::pos001_3
bma,D:\Dineth\focus_binary_benchmark\dataset\bma\unfocused\pos001_3\pos001_3_page_13.png,0,bma::pos001_3,,dataset,train,pos001_3,bma::pos001_3
bma,D:\Dineth\focus_binary_benchmark\dataset\bma\unfocused\pos001_3\pos001_3_page_14.png,0,bma::pos001_3,,dataset,train,pos001_3,bma::pos001_3
bma,D:\Dineth\focus_binary_benchmark\dataset\bma\unfocused\pos001_3\pos001_3_page_2.png,0,bma::pos001_3,,dataset,train,pos001_3,bma::pos001_3
bma,D:\Dineth\focus_binary_benchmark\dataset\bma\unfocused\pos001_3\pos001_3_page_3.png,0,bma::pos001_3,,dataset,train,pos001_3,bma::pos001_3
bma,D:\Dineth\focus_binary_benchmark\dataset\bma\unfocused\pos001_3\pos001_3_page_7.png,0,bma::pos001_3,,dataset,train,pos001_3,bma::pos001_3
bma,D:\Dineth\focus_binary_benchmark\dataset\bma\unfocused\pos001_3\pos001_3_page_8.png,0,bma::pos001_3,,dataset,train,pos001_3,bma::pos001_3
bma,D:\Dineth\focus_binary_benchmark\dataset\bma\unfocused\pos001_3\pos001_3_page_9.png,0,bma::pos001_3,,dataset,train,pos001_3,bma::pos001_3
bma,D:\Dineth\focus_binary_benchmark\dataset\bma\unfocused\pos002_0\pos002_0_page_1.png,0,bma::pos002_0,,dataset,train,pos002_0,bma::pos002_0
bma,D:\Dineth\focus_binary_benchmark\dataset\bma\unfocused\pos002_0\pos002_0_page_10.png,0,bma::pos002_0,,dataset,train,pos002_0,bma::pos002_0
bma,D:\Dineth\focus_binary_benchmark\dataset\bma\unfocused\pos002_0\pos002_0_page_11.png,0,bma::pos002_0,,dataset,train,pos002_0,bma::pos002_0
bma,D:\Dineth\focus_binary_benchmark\dataset\bma\unfocused\pos002_0\pos002_0_page_12.png,0,bma::pos002_0,,dataset,train,pos002_0,bma::pos002_0
bma,D:\Dineth\focus_binary_benchmark\dataset\bma\unfocused\pos002_0\pos002_0_page_13.png,0,bma::pos002_0,,dataset,train,pos002_0,bma::pos002_0
bma,D:\Dineth\focus_binary_benchmark\dataset\bma\unfocused\pos002_0\pos002_0_page_4.png,0,bma::pos002_0,,dataset,train,pos002_0,bma::pos002_0
bma,D:\Dineth\focus_binary_benchmark\dataset\bma\unfocused\pos002_0\pos002_0_page_5.png,0,bma::pos002_0,,dataset,train,pos002_0,bma::pos002_0
bma,D:\Dineth\focus_binary_benchmark\dataset\bma\unfocused\pos002_0\pos002_0_page_6.png,0,bma::pos002_0,,dataset,train,pos002_0,bma::pos002_0
bma,D:\Dineth\focus_binary_benchmark\dataset\bma\unfocused\pos002_0\pos002_0_page_7.png,0,bma::pos002_0,,dataset,train,pos002_0,bma::pos002_0
bma,D:\Dineth\focus_binary_benchmark\dataset\bma\unfocused\pos002_0\pos002_0_page_8.png,0,bma::pos002_0,,dataset,train,pos002_0,bma::pos002_0
bma,D:\Dineth\focus_binary_benchmark\dataset\bma\unfocused\pos002_0\pos002_0_page_9.png,0,bma::pos002_0,,dataset,train,pos002_0,bma::pos002_0
bma,D:\Dineth\focus_binary_benchmark\dataset\bma\unfocused\pos002_1\pos002_1_page_1.png,0,bma::pos002_1,,dataset,test,pos002_1,bma::pos002_1
bma,D:\Dineth\focus_binary_benchmark\dataset\bma\unfocused\pos002_1\pos002_1_page_10.png,0,bma::pos002_1,,dataset,test,pos002_1,bma::pos002_1
bma,D:\Dineth\focus_binary_benchmark\dataset\bma\unfocused\pos002_1\pos002_1_page_11.png,0,bma::pos002_1,,dataset,test,pos002_1,bma::pos002_1
bma,D:\Dineth\focus_binary_benchmark\dataset\bma\unfocused\pos002_1\pos002_1_page_12.png,0,bma::pos002_1,,dataset,test,pos002_1,bma::pos002_1
bma,D:\Dineth\focus_binary_benchmark\dataset\bma\unfocused\pos002_1\pos002_1_page_13.png,0,bma::pos002_1,,dataset,test,pos002_1,bma::pos002_1
bma,D:\Dineth\focus_binary_benchmark\dataset\bma\unfocused\pos002_1\pos002_1_page_4.png,0,bma::pos002_1,,dataset,test,pos002_1,bma::pos002_1
bma,D:\Dineth\focus_binary_benchmark\dataset\bma\unfocused\pos002_1\pos002_1_page_5.png,0,bma::pos002_1,,dataset,test,pos002_1,bma::pos002_1
bma,D:\Dineth\focus_binary_benchmark\dataset\bma\unfocused\pos002_1\pos002_1_page_6.png,0,bma::pos002_1,,dataset,test,pos002_1,bma::pos002_1
bma,D:\Dineth\focus_binary_benchmark\dataset\bma\unfocused\pos002_1\pos002_1_page_7.png,0,bma::pos002_1,,dataset,test,pos002_1,bma::pos002_1
bma,D:\Dineth\focus_binary_benchmark\dataset\bma\unfocused\pos002_1\pos002_1_page_8.png,0,bma::pos002_1,,dataset,test,pos002_1,bma::pos002_1
bma,D:\Dineth\focus_binary_benchmark\dataset\bma\unfocused\pos002_1\pos002_1_page_9.png,0,bma::pos002_1,,dataset,test,pos002_1,bma::pos002_1
bma,D:\Dineth\focus_binary_benchmark\dataset\bma\unfocused\pos002_2\pos002_2_page_1.png,0,bma::pos002_2,,dataset,train,pos002_2,bma::pos002_2
bma,D:\Dineth\focus_binary_benchmark\dataset\bma\unfocused\pos002_2\pos002_2_page_10.png,0,bma::pos002_2,,dataset,train,pos002_2,bma::pos002_2
bma,D:\Dineth\focus_binary_benchmark\dataset\bma\unfocused\pos002_2\pos002_2_page_11.png,0,bma::pos002_2,,dataset,train,pos002_2,bma::pos002_2
bma,D:\Dineth\focus_binary_benchmark\dataset\bma\unfocused\pos002_2\pos002_2_page_12.png,0,bma::pos002_2,,dataset,train,pos002_2,bma::pos002_2
bma,D:\Dineth\focus_binary_benchmark\dataset\bma\unfocused\pos002_2\pos002_2_page_13.png,0,bma::pos002_2,,dataset,train,pos002_2,bma::pos002_2
bma,D:\Dineth\focus_binary_benchmark\dataset\bma\unfocused\pos002_2\pos002_2_page_4.png,0,bma::pos002_2,,dataset,train,pos002_2,bma::pos002_2
bma,D:\Dineth\focus_binary_benchmark\dataset\bma\unfocused\pos002_2\pos002_2_page_5.png,0,bma::pos002_2,,dataset,train,pos002_2,bma::pos002_2
bma,D:\Dineth\focus_binary_benchmark\dataset\bma\unfocused\pos002_2\pos002_2_page_6.png,0,bma::pos002_2,,dataset,train,pos002_2,bma::pos002_2
bma,D:\Dineth\focus_binary_benchmark\dataset\bma\unfocused\pos002_2\pos002_2_page_7.png,0,bma::pos002_2,,dataset,train,pos002_2,bma::pos002_2
bma,D:\Dineth\focus_binary_benchmark\dataset\bma\unfocused\pos002_2\pos002_2_page_8.png,0,bma::pos002_2,,dataset,train,pos002_2,bma::pos002_2
bma,D:\Dineth\focus_binary_benchmark\dataset\bma\unfocused\pos002_2\pos002_2_page_9.png,0,bma::pos002_2,,dataset,train,pos002_2,bma::pos002_2
bma,D:\Dineth\focus_binary_benchmark\dataset\bma\unfocused\pos002_3\pos002_3_page_1.png,0,bma::pos002_3,,dataset,train,pos002_3,bma::pos002_3
bma,D:\Dineth\focus_binary_benchmark\dataset\bma\unfocused\pos002_3\pos002_3_page_10.png,0,bma::pos002_3,,dataset,train,pos002_3,bma::pos002_3
bma,D:\Dineth\focus_binary_benchmark\dataset\bma\unfocused\pos002_3\pos002_3_page_11.png,0,bma::pos002_3,,dataset,train,pos002_3,bma::pos002_3
bma,D:\Dineth\focus_binary_benchmark\dataset\bma\unfocused\pos002_3\pos002_3_page_12.png,0,bma::pos002_3,,dataset,train,pos002_3,bma::pos002_3
bma,D:\Dineth\focus_binary_benchmark\dataset\bma\unfocused\pos002_3\pos002_3_page_13.png,0,bma::pos002_3,,dataset,train,pos002_3,bma::pos002_3
bma,D:\Dineth\focus_binary_benchmark\dataset\bma\unfocused\pos002_3\pos002_3_page_14.png,0,bma::pos002_3,,dataset,train,pos002_3,bma::pos002_3
bma,D:\Dineth\focus_binary_benchmark\dataset\bma\unfocused\pos002_3\pos002_3_page_2.png,0,bma::pos002_3,,dataset,train,pos002_3,bma::pos002_3
bma,D:\Dineth\focus_binary_benchmark\dataset\bma\unfocused\pos002_3\pos002_3_page_3.png,0,bma::pos002_3,,dataset,train,pos002_3,bma::pos002_3
bma,D:\Dineth\focus_binary_benchmark\dataset\bma\unfocused\pos002_3\pos002_3_page_7.png,0,bma::pos002_3,,dataset,train,pos002_3,bma::pos002_3
bma,D:\Dineth\focus_binary_benchmark\dataset\bma\unfocused\pos002_3\pos002_3_page_8.png,0,bma::pos002_3,,dataset,train,pos002_3,bma::pos002_3
bma,D:\Dineth\focus_binary_benchmark\dataset\bma\unfocused\pos002_3\pos002_3_page_9.png,0,bma::pos002_3,,dataset,train,pos002_3,bma::pos002_3
bma,D:\Dineth\focus_binary_benchmark\dataset\bma\unfocused\pos003_0\pos003_0_page_1.png,0,bma::pos003_0,,dataset,train,pos003_0,bma::pos003_0
bma,D:\Dineth\focus_binary_benchmark\dataset\bma\unfocused\pos003_0\pos003_0_page_10.png,0,bma::pos003_0,,dataset,train,pos003_0,bma::pos003_0
bma,D:\Dineth\focus_binary_benchmark\dataset\bma\unfocused\pos003_0\pos003_0_page_11.png,0,bma::pos003_0,,dataset,train,pos003_0,bma::pos003_0
bma,D:\Dineth\focus_binary_benchmark\dataset\bma\unfocused\pos003_0\pos003_0_page_12.png,0,bma::pos003_0,,dataset,train,pos003_0,bma::pos003_0
bma,D:\Dineth\focus_binary_benchmark\dataset\bma\unfocused\pos003_0\pos003_0_page_13.png,0,bma::pos003_0,,dataset,train,pos003_0,bma::pos003_0
bma,D:\Dineth\focus_binary_benchmark\dataset\bma\unfocused\pos003_0\pos003_0_page_14.png,0,bma::pos003_0,,dataset,train,pos003_0,bma::pos003_0
bma,D:\Dineth\focus_binary_benchmark\dataset\bma\unfocused\pos003_0\pos003_0_page_2.png,0,bma::pos003_0,,dataset,train,pos003_0,bma::pos003_0
bma,D:\Dineth\focus_binary_benchmark\dataset\bma\unfocused\pos003_0\pos003_0_page_6.png,0,bma::pos003_0,,dataset,train,pos003_0,bma::pos003_0
bma,D:\Dineth\focus_binary_benchmark\dataset\bma\unfocused\pos003_0\pos003_0_page_7.png,0,bma::pos003_0,,dataset,train,pos003_0,bma::pos003_0
bma,D:\Dineth\focus_binary_benchmark\dataset\bma\unfocused\pos003_0\pos003_0_page_8.png,0,bma::pos003_0,,dataset,train,pos003_0,bma::pos003_0
bma,D:\Dineth\focus_binary_benchmark\dataset\bma\unfocused\pos003_0\pos003_0_page_9.png,0,bma::pos003_0,,dataset,train,pos003_0,bma::pos003_0
bma,D:\Dineth\focus_binary_benchmark\dataset\bma\unfocused\pos003_1\pos003_1_page_1.png,0,bma::pos003_1,,dataset,train,pos003_1,bma::pos003_1
bma,D:\Dineth\focus_binary_benchmark\dataset\bma\unfocused\pos003_1\pos003_1_page_10.png,0,bma::pos003_1,,dataset,train,pos003_1,bma::pos003_1
bma,D:\Dineth\focus_binary_benchmark\dataset\bma\unfocused\pos003_1\pos003_1_page_11.png,0,bma::pos003_1,,dataset,train,pos003_1,bma::pos003_1
bma,D:\Dineth\focus_binary_benchmark\dataset\bma\unfocused\pos003_1\pos003_1_page_12.png,0,bma::pos003_1,,dataset,train,pos003_1,bma::pos003_1
bma,D:\Dineth\focus_binary_benchmark\dataset\bma\unfocused\pos003_1\pos003_1_page_13.png,0,bma::pos003_1,,dataset,train,pos003_1,bma::pos003_1
bma,D:\Dineth\focus_binary_benchmark\dataset\bma\unfocused\pos003_1\pos003_1_page_14.png,0,bma::pos003_1,,dataset,train,pos003_1,bma::pos003_1
bma,D:\Dineth\focus_binary_benchmark\dataset\bma\unfocused\pos003_1\pos003_1_page_2.png,0,bma::pos003_1,,dataset,train,pos003_1,bma::pos003_1
bma,D:\Dineth\focus_binary_benchmark\dataset\bma\unfocused\pos003_1\pos003_1_page_6.png,0,bma::pos003_1,,dataset,train,pos003_1,bma::pos003_1
bma,D:\Dineth\focus_binary_benchmark\dataset\bma\unfocused\pos003_1\pos003_1_page_7.png,0,bma::pos003_1,,dataset,train,pos003_1,bma::pos003_1
bma,D:\Dineth\focus_binary_benchmark\dataset\bma\unfocused\pos003_1\pos003_1_page_8.png,0,bma::pos003_1,,dataset,train,pos003_1,bma::pos003_1
bma,D:\Dineth\focus_binary_benchmark\dataset\bma\unfocused\pos003_1\pos003_1_page_9.png,0,bma::pos003_1,,dataset,train,pos003_1,bma::pos003_1
bma,D:\Dineth\focus_binary_benchmark\dataset\bma\unfocused\pos003_2\pos003_2_page_1.png,0,bma::pos003_2,,dataset,train,pos003_2,bma::pos003_2
bma,D:\Dineth\focus_binary_benchmark\dataset\bma\unfocused\pos003_2\pos003_2_page_10.png,0,bma::pos003_2,,dataset,train,pos003_2,bma::pos003_2
bma,D:\Dineth\focus_binary_benchmark\dataset\bma\unfocused\pos003_2\pos003_2_page_11.png,0,bma::pos003_2,,dataset,train,pos003_2,bma::pos003_2
bma,D:\Dineth\focus_binary_benchmark\dataset\bma\unfocused\pos003_2\pos003_2_page_12.png,0,bma::pos003_2,,dataset,train,pos003_2,bma::pos003_2
bma,D:\Dineth\focus_binary_benchmark\dataset\bma\unfocused\pos003_2\pos003_2_page_13.png,0,bma::pos003_2,,dataset,train,pos003_2,bma::pos003_2
bma,D:\Dineth\focus_binary_benchmark\dataset\bma\unfocused\pos003_2\pos003_2_page_14.png,0,bma::pos003_2,,dataset,train,pos003_2,bma::pos003_2
bma,D:\Dineth\focus_binary_benchmark\dataset\bma\unfocused\pos003_2\pos003_2_page_2.png,0,bma::pos003_2,,dataset,train,pos003_2,bma::pos003_2
bma,D:\Dineth\focus_binary_benchmark\dataset\bma\unfocused\pos003_2\pos003_2_page_3.png,0,bma::pos003_2,,dataset,train,pos003_2,bma::pos003_2
bma,D:\Dineth\focus_binary_benchmark\dataset\bma\unfocused\pos003_2\pos003_2_page_4.png,0,bma::pos003_2,,dataset,train,pos003_2,bma::pos003_2
bma,D:\Dineth\focus_binary_benchmark\dataset\bma\unfocused\pos003_2\pos003_2_page_8.png,0,bma::pos003_2,,dataset,train,pos003_2,bma::pos003_2
bma,D:\Dineth\focus_binary_benchmark\dataset\bma\unfocused\pos003_2\pos003_2_page_9.png,0,bma::pos003_2,,dataset,train,pos003_2,bma::pos003_2
bma,D:\Dineth\focus_binary_benchmark\dataset\bma\unfocused\pos003_3\pos003_3_page_1.png,0,bma::pos003_3,,dataset,train,pos003_3,bma::pos003_3
bma,D:\Dineth\focus_binary_benchmark\dataset\bma\unfocused\pos003_3\pos003_3_page_10.png,0,bma::pos003_3,,dataset,train,pos003_3,bma::pos003_3
bma,D:\Dineth\focus_binary_benchmark\dataset\bma\unfocused\pos003_3\pos003_3_page_11.png,0,bma::pos003_3,,dataset,train,pos003_3,bma::pos003_3
bma,D:\Dineth\focus_binary_benchmark\dataset\bma\unfocused\pos003_3\pos003_3_page_12.png,0,bma::pos003_3,,dataset,train,pos003_3,bma::pos003_3
bma,D:\Dineth\focus_binary_benchmark\dataset\bma\unfocused\pos003_3\pos003_3_page_13.png,0,bma::pos003_3,,dataset,train,pos003_3,bma::pos003_3
bma,D:\Dineth\focus_binary_benchmark\dataset\bma\unfocused\pos003_3\pos003_3_page_14.png,0,bma::pos003_3,,dataset,train,pos003_3,bma::pos003_3
bma,D:\Dineth\focus_binary_benchmark\dataset\bma\unfocused\pos003_3\pos003_3_page_2.png,0,bma::pos003_3,,dataset,train,pos003_3,bma::pos003_3
bma,D:\Dineth\focus_binary_benchmark\dataset\bma\unfocused\pos003_3\pos003_3_page_3.png,0,bma::pos003_3,,dataset,train,pos003_3,bma::pos003_3
bma,D:\Dineth\focus_binary_benchmark\dataset\bma\unfocused\pos003_3\pos003_3_page_4.png,0,bma::pos003_3,,dataset,train,pos003_3,bma::pos003_3
bma,D:\Dineth\focus_binary_benchmark\dataset\bma\unfocused\pos003_3\pos003_3_page_8.png,0,bma::pos003_3,,dataset,train,pos003_3,bma::pos003_3
bma,D:\Dineth\focus_binary_benchmark\dataset\bma\unfocused\pos003_3\pos003_3_page_9.png,0,bma::pos003_3,,dataset,train,pos003_3,bma::pos003_3
bma,D:\Dineth\focus_binary_benchmark\dataset\bma\unfocused\pos004_0\pos004_0_page_1.png,0,bma::pos004_0,,dataset,train,pos004_0,bma::pos004_0
bma,D:\Dineth\focus_binary_benchmark\dataset\bma\unfocused\pos004_0\pos004_0_page_10.png,0,bma::pos004_0,,dataset,train,pos004_0,bma::pos004_0
bma,D:\Dineth\focus_binary_benchmark\dataset\bma\unfocused\pos004_0\pos004_0_page_11.png,0,bma::pos004_0,,dataset,train,pos004_0,bma::pos004_0
bma,D:\Dineth\focus_binary_benchmark\dataset\bma\unfocused\pos004_0\pos004_0_page_12.png,0,bma::pos004_0,,dataset,train,pos004_0,bma::pos004_0
bma,D:\Dineth\focus_binary_benchmark\dataset\bma\unfocused\pos004_0\pos004_0_page_13.png,0,bma::pos004_0,,dataset,train,pos004_0,bma::pos004_0
bma,D:\Dineth\focus_binary_benchmark\dataset\bma\unfocused\pos004_0\pos004_0_page_4.png,0,bma::pos004_0,,dataset,train,pos004_0,bma::pos004_0
bma,D:\Dineth\focus_binary_benchmark\dataset\bma\unfocused\pos004_0\pos004_0_page_5.png,0,bma::pos004_0,,dataset,train,pos004_0,bma::pos004_0
bma,D:\Dineth\focus_binary_benchmark\dataset\bma\unfocused\pos004_0\pos004_0_page_6.png,0,bma::pos004_0,,dataset,train,pos004_0,bma::pos004_0
bma,D:\Dineth\focus_binary_benchmark\dataset\bma\unfocused\pos004_0\pos004_0_page_7.png,0,bma::pos004_0,,dataset,train,pos004_0,bma::pos004_0
bma,D:\Dineth\focus_binary_benchmark\dataset\bma\unfocused\pos004_0\pos004_0_page_8.png,0,bma::pos004_0,,dataset,train,pos004_0,bma::pos004_0
bma,D:\Dineth\focus_binary_benchmark\dataset\bma\unfocused\pos004_0\pos004_0_page_9.png,0,bma::pos004_0,,dataset,train,pos004_0,bma::pos004_0
bma,D:\Dineth\focus_binary_benchmark\dataset\bma\unfocused\pos004_1\pos004_1_page_12.png,0,bma::pos004_1,,dataset,train,pos004_1,bma::pos004_1
bma,D:\Dineth\focus_binary_benchmark\dataset\bma\unfocused\pos004_1\pos004_1_page_13.png,0,bma::pos004_1,,dataset,train,pos004_1,bma::pos004_1
bma,D:\Dineth\focus_binary_benchmark\dataset\bma\unfocused\pos004_1\pos004_1_page_14.png,0,bma::pos004_1,,dataset,train,pos004_1,bma::pos004_1
bma,D:\Dineth\focus_binary_benchmark\dataset\bma\unfocused\pos004_1\pos004_1_page_2.png,0,bma::pos004_1,,dataset,train,pos004_1,bma::pos004_1
bma,D:\Dineth\focus_binary_benchmark\dataset\bma\unfocused\pos004_1\pos004_1_page_3.png,0,bma::pos004_1,,dataset,train,pos004_1,bma::pos004_1
bma,D:\Dineth\focus_binary_benchmark\dataset\bma\unfocused\pos004_1\pos004_1_page_4.png,0,bma::pos004_1,,dataset,train,pos004_1,bma::pos004_1
bma,D:\Dineth\focus_binary_benchmark\dataset\bma\unfocused\pos004_1\pos004_1_page_5.png,0,bma::pos004_1,,dataset,train,pos004_1,bma::pos004_1
bma,D:\Dineth\focus_binary_benchmark\dataset\bma\unfocused\pos004_1\pos004_1_page_6.png,0,bma::pos004_1,,dataset,train,pos004_1,bma::pos004_1
bma,D:\Dineth\focus_binary_benchmark\dataset\bma\unfocused\pos004_1\pos004_1_page_7.png,0,bma::pos004_1,,dataset,train,pos004_1,bma::pos004_1
bma,D:\Dineth\focus_binary_benchmark\dataset\bma\unfocused\pos004_1\pos004_1_page_8.png,0,bma::pos004_1,,dataset,train,pos004_1,bma::pos004_1
bma,D:\Dineth\focus_binary_benchmark\dataset\bma\unfocused\pos004_1\pos004_1_page_9.png,0,bma::pos004_1,,dataset,train,pos004_1,bma::pos004_1
bma,D:\Dineth\focus_binary_benchmark\dataset\bma\unfocused\pos004_2\pos004_2_page_1.png,0,bma::pos004_2,,dataset,train,pos004_2,bma::pos004_2
bma,D:\Dineth\focus_binary_benchmark\dataset\bma\unfocused\pos004_2\pos004_2_page_13.png,0,bma::pos004_2,,dataset,train,pos004_2,bma::pos004_2
bma,D:\Dineth\focus_binary_benchmark\dataset\bma\unfocused\pos004_2\pos004_2_page_14.png,0,bma::pos004_2,,dataset,train,pos004_2,bma::pos004_2
bma,D:\Dineth\focus_binary_benchmark\dataset\bma\unfocused\pos004_2\pos004_2_page_2.png,0,bma::pos004_2,,dataset,train,pos004_2,bma::pos004_2
bma,D:\Dineth\focus_binary_benchmark\dataset\bma\unfocused\pos004_2\pos004_2_page_3.png,0,bma::pos004_2,,dataset,train,pos004_2,bma::pos004_2
bma,D:\Dineth\focus_binary_benchmark\dataset\bma\unfocused\pos004_2\pos004_2_page_4.png,0,bma::pos004_2,,dataset,train,pos004_2,bma::pos004_2
bma,D:\Dineth\focus_binary_benchmark\dataset\bma\unfocused\pos004_2\pos004_2_page_5.png,0,bma::pos004_2,,dataset,train,pos004_2,bma::pos004_2
bma,D:\Dineth\focus_binary_benchmark\dataset\bma\unfocused\pos004_2\pos004_2_page_6.png,0,bma::pos004_2,,dataset,train,pos004_2,bma::pos004_2
bma,D:\Dineth\focus_binary_benchmark\dataset\bma\unfocused\pos004_2\pos004_2_page_7.png,0,bma::pos004_2,,dataset,train,pos004_2,bma::pos004_2
bma,D:\Dineth\focus_binary_benchmark\dataset\bma\unfocused\pos004_2\pos004_2_page_8.png,0,bma::pos004_2,,dataset,train,pos004_2,bma::pos004_2
bma,D:\Dineth\focus_binary_benchmark\dataset\bma\unfocused\pos004_2\pos004_2_page_9.png,0,bma::pos004_2,,dataset,train,pos004_2,bma::pos004_2
bma,D:\Dineth\focus_binary_benchmark\dataset\bma\unfocused\pos004_3\pos004_3_page_1.png,0,bma::pos004_3,,dataset,val,pos004_3,bma::pos004_3
bma,D:\Dineth\focus_binary_benchmark\dataset\bma\unfocused\pos004_3\pos004_3_page_13.png,0,bma::pos004_3,,dataset,val,pos004_3,bma::pos004_3
bma,D:\Dineth\focus_binary_benchmark\dataset\bma\unfocused\pos004_3\pos004_3_page_14.png,0,bma::pos004_3,,dataset,val,pos004_3,bma::pos004_3
bma,D:\Dineth\focus_binary_benchmark\dataset\bma\unfocused\pos004_3\pos004_3_page_2.png,0,bma::pos004_3,,dataset,val,pos004_3,bma::pos004_3
bma,D:\Dineth\focus_binary_benchmark\dataset\bma\unfocused\pos004_3\pos004_3_page_3.png,0,bma::pos004_3,,dataset,val,pos004_3,bma::pos004_3
bma,D:\Dineth\focus_binary_benchmark\dataset\bma\unfocused\pos004_3\pos004_3_page_4.png,0,bma::pos004_3,,dataset,val,pos004_3,bma::pos004_3
bma,D:\Dineth\focus_binary_benchmark\dataset\bma\unfocused\pos004_3\pos004_3_page_5.png,0,bma::pos004_3,,dataset,val,pos004_3,bma::pos004_3
bma,D:\Dineth\focus_binary_benchmark\dataset\bma\unfocused\pos004_3\pos004_3_page_6.png,0,bma::pos004_3,,dataset,val,pos004_3,bma::pos004_3
bma,D:\Dineth\focus_binary_benchmark\dataset\bma\unfocused\pos004_3\pos004_3_page_7.png,0,bma::pos004_3,,dataset,val,pos004_3,bma::pos004_3
bma,D:\Dineth\focus_binary_benchmark\dataset\bma\unfocused\pos004_3\pos004_3_page_8.png,0,bma::pos004_3,,dataset,val,pos004_3,bma::pos004_3
bma,D:\Dineth\focus_binary_benchmark\dataset\bma\unfocused\pos004_3\pos004_3_page_9.png,0,bma::pos004_3,,dataset,val,pos004_3,bma::pos004_3
bma,D:\Dineth\focus_binary_benchmark\dataset\bma\unfocused\pos005_0\pos005_0_page_12.png,0,bma::pos005_0,,dataset,val,pos005_0,bma::pos005_0
bma,D:\Dineth\focus_binary_benchmark\dataset\bma\unfocused\pos005_0\pos005_0_page_13.png,0,bma::pos005_0,,dataset,val,pos005_0,bma::pos005_0
bma,D:\Dineth\focus_binary_benchmark\dataset\bma\unfocused\pos005_0\pos005_0_page_14.png,0,bma::pos005_0,,dataset,val,pos005_0,bma::pos005_0
bma,D:\Dineth\focus_binary_benchmark\dataset\bma\unfocused\pos005_0\pos005_0_page_2.png,0,bma::pos005_0,,dataset,val,pos005_0,bma::pos005_0
bma,D:\Dineth\focus_binary_benchmark\dataset\bma\unfocused\pos005_0\pos005_0_page_3.png,0,bma::pos005_0,,dataset,val,pos005_0,bma::pos005_0
bma,D:\Dineth\focus_binary_benchmark\dataset\bma\unfocused\pos005_0\pos005_0_page_4.png,0,bma::pos005_0,,dataset,val,pos005_0,bma::pos005_0
bma,D:\Dineth\focus_binary_benchmark\dataset\bma\unfocused\pos005_0\pos005_0_page_5.png,0,bma::pos005_0,,dataset,val,pos005_0,bma::pos005_0
bma,D:\Dineth\focus_binary_benchmark\dataset\bma\unfocused\pos005_0\pos005_0_page_6.png,0,bma::pos005_0,,dataset,val,pos005_0,bma::pos005_0
bma,D:\Dineth\focus_binary_benchmark\dataset\bma\unfocused\pos005_0\pos005_0_page_7.png,0,bma::pos005_0,,dataset,val,pos005_0,bma::pos005_0
bma,D:\Dineth\focus_binary_benchmark\dataset\bma\unfocused\pos005_0\pos005_0_page_8.png,0,bma::pos005_0,,dataset,val,pos005_0,bma::pos005_0
bma,D:\Dineth\focus_binary_benchmark\dataset\bma\unfocused\pos005_0\pos005_0_page_9.png,0,bma::pos005_0,,dataset,val,pos005_0,bma::pos005_0
bma,D:\Dineth\focus_binary_benchmark\dataset\bma\unfocused\pos005_1\pos005_1_page_12.png,0,bma::pos005_1,,dataset,train,pos005_1,bma::pos005_1
bma,D:\Dineth\focus_binary_benchmark\dataset\bma\unfocused\pos005_1\pos005_1_page_13.png,0,bma::pos005_1,,dataset,train,pos005_1,bma::pos005_1
bma,D:\Dineth\focus_binary_benchmark\dataset\bma\unfocused\pos005_1\pos005_1_page_14.png,0,bma::pos005_1,,dataset,train,pos005_1,bma::pos005_1
bma,D:\Dineth\focus_binary_benchmark\dataset\bma\unfocused\pos005_1\pos005_1_page_2.png,0,bma::pos005_1,,dataset,train,pos005_1,bma::pos005_1
bma,D:\Dineth\focus_binary_benchmark\dataset\bma\unfocused\pos005_1\pos005_1_page_3.png,0,bma::pos005_1,,dataset,train,pos005_1,bma::pos005_1
bma,D:\Dineth\focus_binary_benchmark\dataset\bma\unfocused\pos005_1\pos005_1_page_4.png,0,bma::pos005_1,,dataset,train,pos005_1,bma::pos005_1
bma,D:\Dineth\focus_binary_benchmark\dataset\bma\unfocused\pos005_1\pos005_1_page_5.png,0,bma::pos005_1,,dataset,train,pos005_1,bma::pos005_1
bma,D:\Dineth\focus_binary_benchmark\dataset\bma\unfocused\pos005_1\pos005_1_page_6.png,0,bma::pos005_1,,dataset,train,pos005_1,bma::pos005_1
bma,D:\Dineth\focus_binary_benchmark\dataset\bma\unfocused\pos005_1\pos005_1_page_7.png,0,bma::pos005_1,,dataset,train,pos005_1,bma::pos005_1
bma,D:\Dineth\focus_binary_benchmark\dataset\bma\unfocused\pos005_1\pos005_1_page_8.png,0,bma::pos005_1,,dataset,train,pos005_1,bma::pos005_1
bma,D:\Dineth\focus_binary_benchmark\dataset\bma\unfocused\pos005_1\pos005_1_page_9.png,0,bma::pos005_1,,dataset,train,pos005_1,bma::pos005_1
bma,D:\Dineth\focus_binary_benchmark\dataset\bma\unfocused\pos005_2\pos005_2_page_12.png,0,bma::pos005_2,,dataset,train,pos005_2,bma::pos005_2
bma,D:\Dineth\focus_binary_benchmark\dataset\bma\unfocused\pos005_2\pos005_2_page_13.png,0,bma::pos005_2,,dataset,train,pos005_2,bma::pos005_2
bma,D:\Dineth\focus_binary_benchmark\dataset\bma\unfocused\pos005_2\pos005_2_page_14.png,0,bma::pos005_2,,dataset,train,pos005_2,bma::pos005_2
bma,D:\Dineth\focus_binary_benchmark\dataset\bma\unfocused\pos005_2\pos005_2_page_2.png,0,bma::pos005_2,,dataset,train,pos005_2,bma::pos005_2
bma,D:\Dineth\focus_binary_benchmark\dataset\bma\unfocused\pos005_2\pos005_2_page_3.png,0,bma::pos005_2,,dataset,train,pos005_2,bma::pos005_2
bma,D:\Dineth\focus_binary_benchmark\dataset\bma\unfocused\pos005_2\pos005_2_page_4.png,0,bma::pos005_2,,dataset,train,pos005_2,bma::pos005_2
bma,D:\Dineth\focus_binary_benchmark\dataset\bma\unfocused\pos005_2\pos005_2_page_5.png,0,bma::pos005_2,,dataset,train,pos005_2,bma::pos005_2
bma,D:\Dineth\focus_binary_benchmark\dataset\bma\unfocused\pos005_2\pos005_2_page_6.png,0,bma::pos005_2,,dataset,train,pos005_2,bma::pos005_2
bma,D:\Dineth\focus_binary_benchmark\dataset\bma\unfocused\pos005_2\pos005_2_page_7.png,0,bma::pos005_2,,dataset,train,pos005_2,bma::pos005_2
bma,D:\Dineth\focus_binary_benchmark\dataset\bma\unfocused\pos005_2\pos005_2_page_8.png,0,bma::pos005_2,,dataset,train,pos005_2,bma::pos005_2
bma,D:\Dineth\focus_binary_benchmark\dataset\bma\unfocused\pos005_2\pos005_2_page_9.png,0,bma::pos005_2,,dataset,train,pos005_2,bma::pos005_2
bma,D:\Dineth\focus_binary_benchmark\dataset\bma\unfocused\pos005_3\pos005_3_page_12.png,0,bma::pos005_3,,dataset,train,pos005_3,bma::pos005_3
bma,D:\Dineth\focus_binary_benchmark\dataset\bma\unfocused\pos005_3\pos005_3_page_13.png,0,bma::pos005_3,,dataset,train,pos005_3,bma::pos005_3
bma,D:\Dineth\focus_binary_benchmark\dataset\bma\unfocused\pos005_3\pos005_3_page_14.png,0,bma::pos005_3,,dataset,train,pos005_3,bma::pos005_3
bma,D:\Dineth\focus_binary_benchmark\dataset\bma\unfocused\pos005_3\pos005_3_page_2.png,0,bma::pos005_3,,dataset,train,pos005_3,bma::pos005_3
bma,D:\Dineth\focus_binary_benchmark\dataset\bma\unfocused\pos005_3\pos005_3_page_3.png,0,bma::pos005_3,,dataset,train,pos005_3,bma::pos005_3
bma,D:\Dineth\focus_binary_benchmark\dataset\bma\unfocused\pos005_3\pos005_3_page_4.png,0,bma::pos005_3,,dataset,train,pos005_3,bma::pos005_3
bma,D:\Dineth\focus_binary_benchmark\dataset\bma\unfocused\pos005_3\pos005_3_page_5.png,0,bma::pos005_3,,dataset,train,pos005_3,bma::pos005_3
bma,D:\Dineth\focus_binary_benchmark\dataset\bma\unfocused\pos005_3\pos005_3_page_6.png,0,bma::pos005_3,,dataset,train,pos005_3,bma::pos005_3
bma,D:\Dineth\focus_binary_benchmark\dataset\bma\unfocused\pos005_3\pos005_3_page_7.png,0,bma::pos005_3,,dataset,train,pos005_3,bma::pos005_3
bma,D:\Dineth\focus_binary_benchmark\dataset\bma\unfocused\pos005_3\pos005_3_page_8.png,0,bma::pos005_3,,dataset,train,pos005_3,bma::pos005_3
bma,D:\Dineth\focus_binary_benchmark\dataset\bma\unfocused\pos005_3\pos005_3_page_9.png,0,bma::pos005_3,,dataset,train,pos005_3,bma::pos005_3
bma,D:\Dineth\focus_binary_benchmark\dataset\bma\unfocused\pos006_0\pos006_0_page_12.png,0,bma::pos006_0,,dataset,train,pos006_0,bma::pos006_0
bma,D:\Dineth\focus_binary_benchmark\dataset\bma\unfocused\pos006_0\pos006_0_page_13.png,0,bma::pos006_0,,dataset,train,pos006_0,bma::pos006_0
bma,D:\Dineth\focus_binary_benchmark\dataset\bma\unfocused\pos006_0\pos006_0_page_14.png,0,bma::pos006_0,,dataset,train,pos006_0,bma::pos006_0
bma,D:\Dineth\focus_binary_benchmark\dataset\bma\unfocused\pos006_0\pos006_0_page_2.png,0,bma::pos006_0,,dataset,train,pos006_0,bma::pos006_0
bma,D:\Dineth\focus_binary_benchmark\dataset\bma\unfocused\pos006_0\pos006_0_page_3.png,0,bma::pos006_0,,dataset,train,pos006_0,bma::pos006_0
bma,D:\Dineth\focus_binary_benchmark\dataset\bma\unfocused\pos006_0\pos006_0_page_4.png,0,bma::pos006_0,,dataset,train,pos006_0,bma::pos006_0
bma,D:\Dineth\focus_binary_benchmark\dataset\bma\unfocused\pos006_0\pos006_0_page_5.png,0,bma::pos006_0,,dataset,train,pos006_0,bma::pos006_0
bma,D:\Dineth\focus_binary_benchmark\dataset\bma\unfocused\pos006_0\pos006_0_page_6.png,0,bma::pos006_0,,dataset,train,pos006_0,bma::pos006_0
bma,D:\Dineth\focus_binary_benchmark\dataset\bma\unfocused\pos006_0\pos006_0_page_7.png,0,bma::pos006_0,,dataset,train,pos006_0,bma::pos006_0
bma,D:\Dineth\focus_binary_benchmark\dataset\bma\unfocused\pos006_0\pos006_0_page_8.png,0,bma::pos006_0,,dataset,train,pos006_0,bma::pos006_0
bma,D:\Dineth\focus_binary_benchmark\dataset\bma\unfocused\pos006_0\pos006_0_page_9.png,0,bma::pos006_0,,dataset,train,pos006_0,bma::pos006_0
bma,D:\Dineth\focus_binary_benchmark\dataset\bma\unfocused\pos006_1\pos006_1_page_1.png,0,bma::pos006_1,,dataset,train,pos006_1,bma::pos006_1
bma,D:\Dineth\focus_binary_benchmark\dataset\bma\unfocused\pos006_1\pos006_1_page_10.png,0,bma::pos006_1,,dataset,train,pos006_1,bma::pos006_1
bma,D:\Dineth\focus_binary_benchmark\dataset\bma\unfocused\pos006_1\pos006_1_page_11.png,0,bma::pos006_1,,dataset,train,pos006_1,bma::pos006_1
bma,D:\Dineth\focus_binary_benchmark\dataset\bma\unfocused\pos006_1\pos006_1_page_12.png,0,bma::pos006_1,,dataset,train,pos006_1,bma::pos006_1
bma,D:\Dineth\focus_binary_benchmark\dataset\bma\unfocused\pos006_1\pos006_1_page_13.png,0,bma::pos006_1,,dataset,train,pos006_1,bma::pos006_1
bma,D:\Dineth\focus_binary_benchmark\dataset\bma\unfocused\pos006_1\pos006_1_page_14.png,0,bma::pos006_1,,dataset,train,pos006_1,bma::pos006_1
bma,D:\Dineth\focus_binary_benchmark\dataset\bma\unfocused\pos006_1\pos006_1_page_2.png,0,bma::pos006_1,,dataset,train,pos006_1,bma::pos006_1
bma,D:\Dineth\focus_binary_benchmark\dataset\bma\unfocused\pos006_1\pos006_1_page_3.png,0,bma::pos006_1,,dataset,train,pos006_1,bma::pos006_1
bma,D:\Dineth\focus_binary_benchmark\dataset\bma\unfocused\pos006_1\pos006_1_page_4.png,0,bma::pos006_1,,dataset,train,pos006_1,bma::pos006_1
bma,D:\Dineth\focus_binary_benchmark\dataset\bma\unfocused\pos006_1\pos006_1_page_5.png,0,bma::pos006_1,,dataset,train,pos006_1,bma::pos006_1
bma,D:\Dineth\focus_binary_benchmark\dataset\bma\unfocused\pos006_1\pos006_1_page_6.png,0,bma::pos006_1,,dataset,train,pos006_1,bma::pos006_1
bma,D:\Dineth\focus_binary_benchmark\dataset\bma\unfocused\pos006_2\pos006_2_page_12.png,0,bma::pos006_2,,dataset,train,pos006_2,bma::pos006_2
bma,D:\Dineth\focus_binary_benchmark\dataset\bma\unfocused\pos006_2\pos006_2_page_13.png,0,bma::pos006_2,,dataset,train,pos006_2,bma::pos006_2
bma,D:\Dineth\focus_binary_benchmark\dataset\bma\unfocused\pos006_2\pos006_2_page_14.png,0,bma::pos006_2,,dataset,train,pos006_2,bma::pos006_2
bma,D:\Dineth\focus_binary_benchmark\dataset\bma\unfocused\pos006_2\pos006_2_page_2.png,0,bma::pos006_2,,dataset,train,pos006_2,bma::pos006_2
bma,D:\Dineth\focus_binary_benchmark\dataset\bma\unfocused\pos006_2\pos006_2_page_3.png,0,bma::pos006_2,,dataset,train,pos006_2,bma::pos006_2
bma,D:\Dineth\focus_binary_benchmark\dataset\bma\unfocused\pos006_2\pos006_2_page_4.png,0,bma::pos006_2,,dataset,train,pos006_2,bma::pos006_2
bma,D:\Dineth\focus_binary_benchmark\dataset\bma\unfocused\pos006_2\pos006_2_page_5.png,0,bma::pos006_2,,dataset,train,pos006_2,bma::pos006_2
bma,D:\Dineth\focus_binary_benchmark\dataset\bma\unfocused\pos006_2\pos006_2_page_6.png,0,bma::pos006_2,,dataset,train,pos006_2,bma::pos006_2
bma,D:\Dineth\focus_binary_benchmark\dataset\bma\unfocused\pos006_2\pos006_2_page_7.png,0,bma::pos006_2,,dataset,train,pos006_2,bma::pos006_2
bma,D:\Dineth\focus_binary_benchmark\dataset\bma\unfocused\pos006_2\pos006_2_page_8.png,0,bma::pos006_2,,dataset,train,pos006_2,bma::pos006_2
bma,D:\Dineth\focus_binary_benchmark\dataset\bma\unfocused\pos006_2\pos006_2_page_9.png,0,bma::pos006_2,,dataset,train,pos006_2,bma::pos006_2
bma,D:\Dineth\focus_binary_benchmark\dataset\bma\unfocused\pos006_3\pos006_3_page_12.png,0,bma::pos006_3,,dataset,val,pos006_3,bma::pos006_3
bma,D:\Dineth\focus_binary_benchmark\dataset\bma\unfocused\pos006_3\pos006_3_page_13.png,0,bma::pos006_3,,dataset,val,pos006_3,bma::pos006_3
bma,D:\Dineth\focus_binary_benchmark\dataset\bma\unfocused\pos006_3\pos006_3_page_14.png,0,bma::pos006_3,,dataset,val,pos006_3,bma::pos006_3
bma,D:\Dineth\focus_binary_benchmark\dataset\bma\unfocused\pos006_3\pos006_3_page_2.png,0,bma::pos006_3,,dataset,val,pos006_3,bma::pos006_3
bma,D:\Dineth\focus_binary_benchmark\dataset\bma\unfocused\pos006_3\pos006_3_page_3.png,0,bma::pos006_3,,dataset,val,pos006_3,bma::pos006_3
bma,D:\Dineth\focus_binary_benchmark\dataset\bma\unfocused\pos006_3\pos006_3_page_4.png,0,bma::pos006_3,,dataset,val,pos006_3,bma::pos006_3
bma,D:\Dineth\focus_binary_benchmark\dataset\bma\unfocused\pos006_3\pos006_3_page_5.png,0,bma::pos006_3,,dataset,val,pos006_3,bma::pos006_3
bma,D:\Dineth\focus_binary_benchmark\dataset\bma\unfocused\pos006_3\pos006_3_page_6.png,0,bma::pos006_3,,dataset,val,pos006_3,bma::pos006_3
bma,D:\Dineth\focus_binary_benchmark\dataset\bma\unfocused\pos006_3\pos006_3_page_7.png,0,bma::pos006_3,,dataset,val,pos006_3,bma::pos006_3
bma,D:\Dineth\focus_binary_benchmark\dataset\bma\unfocused\pos006_3\pos006_3_page_8.png,0,bma::pos006_3,,dataset,val,pos006_3,bma::pos006_3
bma,D:\Dineth\focus_binary_benchmark\dataset\bma\unfocused\pos006_3\pos006_3_page_9.png,0,bma::pos006_3,,dataset,val,pos006_3,bma::pos006_3
bma,D:\Dineth\focus_binary_benchmark\dataset\bma\unfocused\pos007_0\pos007_0_page_1.png,0,bma::pos007_0,,dataset,train,pos007_0,bma::pos007_0
bma,D:\Dineth\focus_binary_benchmark\dataset\bma\unfocused\pos007_0\pos007_0_page_10.png,0,bma::pos007_0,,dataset,train,pos007_0,bma::pos007_0
bma,D:\Dineth\focus_binary_benchmark\dataset\bma\unfocused\pos007_0\pos007_0_page_11.png,0,bma::pos007_0,,dataset,train,pos007_0,bma::pos007_0
bma,D:\Dineth\focus_binary_benchmark\dataset\bma\unfocused\pos007_0\pos007_0_page_12.png,0,bma::pos007_0,,dataset,train,pos007_0,bma::pos007_0
bma,D:\Dineth\focus_binary_benchmark\dataset\bma\unfocused\pos007_0\pos007_0_page_13.png,0,bma::pos007_0,,dataset,train,pos007_0,bma::pos007_0
bma,D:\Dineth\focus_binary_benchmark\dataset\bma\unfocused\pos007_0\pos007_0_page_14.png,0,bma::pos007_0,,dataset,train,pos007_0,bma::pos007_0
bma,D:\Dineth\focus_binary_benchmark\dataset\bma\unfocused\pos007_0\pos007_0_page_2.png,0,bma::pos007_0,,dataset,train,pos007_0,bma::pos007_0
bma,D:\Dineth\focus_binary_benchmark\dataset\bma\unfocused\pos007_0\pos007_0_page_3.png,0,bma::pos007_0,,dataset,train,pos007_0,bma::pos007_0
bma,D:\Dineth\focus_binary_benchmark\dataset\bma\unfocused\pos007_0\pos007_0_page_4.png,0,bma::pos007_0,,dataset,train,pos007_0,bma::pos007_0
bma,D:\Dineth\focus_binary_benchmark\dataset\bma\unfocused\pos007_0\pos007_0_page_5.png,0,bma::pos007_0,,dataset,train,pos007_0,bma::pos007_0
bma,D:\Dineth\focus_binary_benchmark\dataset\bma\unfocused\pos007_0\pos007_0_page_6.png,0,bma::pos007_0,,dataset,train,pos007_0,bma::pos007_0
bma,D:\Dineth\focus_binary_benchmark\dataset\bma\unfocused\pos007_1\pos007_1_page_1.png,0,bma::pos007_1,,dataset,train,pos007_1,bma::pos007_1
bma,D:\Dineth\focus_binary_benchmark\dataset\bma\unfocused\pos007_1\pos007_1_page_10.png,0,bma::pos007_1,,dataset,train,pos007_1,bma::pos007_1
bma,D:\Dineth\focus_binary_benchmark\dataset\bma\unfocused\pos007_1\pos007_1_page_11.png,0,bma::pos007_1,,dataset,train,pos007_1,bma::pos007_1
bma,D:\Dineth\focus_binary_benchmark\dataset\bma\unfocused\pos007_1\pos007_1_page_12.png,0,bma::pos007_1,,dataset,train,pos007_1,bma::pos007_1
bma,D:\Dineth\focus_binary_benchmark\dataset\bma\unfocused\pos007_1\pos007_1_page_13.png,0,bma::pos007_1,,dataset,train,pos007_1,bma::pos007_1
bma,D:\Dineth\focus_binary_benchmark\dataset\bma\unfocused\pos007_1\pos007_1_page_14.png,0,bma::pos007_1,,dataset,train,pos007_1,bma::pos007_1
bma,D:\Dineth\focus_binary_benchmark\dataset\bma\unfocused\pos007_1\pos007_1_page_2.png,0,bma::pos007_1,,dataset,train,pos007_1,bma::pos007_1
bma,D:\Dineth\focus_binary_benchmark\dataset\bma\unfocused\pos007_1\pos007_1_page_3.png,0,bma::pos007_1,,dataset,train,pos007_1,bma::pos007_1
bma,D:\Dineth\focus_binary_benchmark\dataset\bma\unfocused\pos007_1\pos007_1_page_4.png,0,bma::pos007_1,,dataset,train,pos007_1,bma::pos007_1
bma,D:\Dineth\focus_binary_benchmark\dataset\bma\unfocused\pos007_1\pos007_1_page_5.png,0,bma::pos007_1,,dataset,train,pos007_1,bma::pos007_1
bma,D:\Dineth\focus_binary_benchmark\dataset\bma\unfocused\pos007_1\pos007_1_page_6.png,0,bma::pos007_1,,dataset,train,pos007_1,bma::pos007_1
bma,D:\Dineth\focus_binary_benchmark\dataset\bma\unfocused\pos007_2\pos007_2_page_12.png,0,bma::pos007_2,,dataset,train,pos007_2,bma::pos007_2
bma,D:\Dineth\focus_binary_benchmark\dataset\bma\unfocused\pos007_2\pos007_2_page_13.png,0,bma::pos007_2,,dataset,train,pos007_2,bma::pos007_2
bma,D:\Dineth\focus_binary_benchmark\dataset\bma\unfocused\pos007_2\pos007_2_page_14.png,0,bma::pos007_2,,dataset,train,pos007_2,bma::pos007_2
bma,D:\Dineth\focus_binary_benchmark\dataset\bma\unfocused\pos007_2\pos007_2_page_2.png,0,bma::pos007_2,,dataset,train,pos007_2,bma::pos007_2
bma,D:\Dineth\focus_binary_benchmark\dataset\bma\unfocused\pos007_2\pos007_2_page_3.png,0,bma::pos007_2,,dataset,train,pos007_2,bma::pos007_2
bma,D:\Dineth\focus_binary_benchmark\dataset\bma\unfocused\pos007_2\pos007_2_page_4.png,0,bma::pos007_2,,dataset,train,pos007_2,bma::pos007_2
bma,D:\Dineth\focus_binary_benchmark\dataset\bma\unfocused\pos007_2\pos007_2_page_5.png,0,bma::pos007_2,,dataset,train,pos007_2,bma::pos007_2
bma,D:\Dineth\focus_binary_benchmark\dataset\bma\unfocused\pos007_2\pos007_2_page_6.png,0,bma::pos007_2,,dataset,train,pos007_2,bma::pos007_2
bma,D:\Dineth\focus_binary_benchmark\dataset\bma\unfocused\pos007_2\pos007_2_page_7.png,0,bma::pos007_2,,dataset,train,pos007_2,bma::pos007_2
bma,D:\Dineth\focus_binary_benchmark\dataset\bma\unfocused\pos007_2\pos007_2_page_8.png,0,bma::pos007_2,,dataset,train,pos007_2,bma::pos007_2
bma,D:\Dineth\focus_binary_benchmark\dataset\bma\unfocused\pos007_2\pos007_2_page_9.png,0,bma::pos007_2,,dataset,train,pos007_2,bma::pos007_2
bma,D:\Dineth\focus_binary_benchmark\dataset\bma\unfocused\pos007_3\pos007_3_page_12.png,0,bma::pos007_3,,dataset,test,pos007_3,bma::pos007_3
bma,D:\Dineth\focus_binary_benchmark\dataset\bma\unfocused\pos007_3\pos007_3_page_13.png,0,bma::pos007_3,,dataset,test,pos007_3,bma::pos007_3
bma,D:\Dineth\focus_binary_benchmark\dataset\bma\unfocused\pos007_3\pos007_3_page_14.png,0,bma::pos007_3,,dataset,test,pos007_3,bma::pos007_3
bma,D:\Dineth\focus_binary_benchmark\dataset\bma\unfocused\pos007_3\pos007_3_page_2.png,0,bma::pos007_3,,dataset,test,pos007_3,bma::pos007_3
bma,D:\Dineth\focus_binary_benchmark\dataset\bma\unfocused\pos007_3\pos007_3_page_3.png,0,bma::pos007_3,,dataset,test,pos007_3,bma::pos007_3
bma,D:\Dineth\focus_binary_benchmark\dataset\bma\unfocused\pos007_3\pos007_3_page_4.png,0,bma::pos007_3,,dataset,test,pos007_3,bma::pos007_3
bma,D:\Dineth\focus_binary_benchmark\dataset\bma\unfocused\pos007_3\pos007_3_page_5.png,0,bma::pos007_3,,dataset,test,pos007_3,bma::pos007_3
bma,D:\Dineth\focus_binary_benchmark\dataset\bma\unfocused\pos007_3\pos007_3_page_6.png,0,bma::pos007_3,,dataset,test,pos007_3,bma::pos007_3
bma,D:\Dineth\focus_binary_benchmark\dataset\bma\unfocused\pos007_3\pos007_3_page_7.png,0,bma::pos007_3,,dataset,test,pos007_3,bma::pos007_3
bma,D:\Dineth\focus_binary_benchmark\dataset\bma\unfocused\pos007_3\pos007_3_page_8.png,0,bma::pos007_3,,dataset,test,pos007_3,bma::pos007_3
bma,D:\Dineth\focus_binary_benchmark\dataset\bma\unfocused\pos007_3\pos007_3_page_9.png,0,bma::pos007_3,,dataset,test,pos007_3,bma::pos007_3
bma,D:\Dineth\focus_binary_benchmark\dataset\bma\unfocused\pos008_0\pos008_0_page_1.png,0,bma::pos008_0,,dataset,train,pos008_0,bma::pos008_0
bma,D:\Dineth\focus_binary_benchmark\dataset\bma\unfocused\pos008_0\pos008_0_page_10.png,0,bma::pos008_0,,dataset,train,pos008_0,bma::pos008_0
bma,D:\Dineth\focus_binary_benchmark\dataset\bma\unfocused\pos008_0\pos008_0_page_11.png,0,bma::pos008_0,,dataset,train,pos008_0,bma::pos008_0
bma,D:\Dineth\focus_binary_benchmark\dataset\bma\unfocused\pos008_0\pos008_0_page_12.png,0,bma::pos008_0,,dataset,train,pos008_0,bma::pos008_0
bma,D:\Dineth\focus_binary_benchmark\dataset\bma\unfocused\pos008_0\pos008_0_page_13.png,0,bma::pos008_0,,dataset,train,pos008_0,bma::pos008_0
bma,D:\Dineth\focus_binary_benchmark\dataset\bma\unfocused\pos008_0\pos008_0_page_14.png,0,bma::pos008_0,,dataset,train,pos008_0,bma::pos008_0
bma,D:\Dineth\focus_binary_benchmark\dataset\bma\unfocused\pos008_0\pos008_0_page_2.png,0,bma::pos008_0,,dataset,train,pos008_0,bma::pos008_0
bma,D:\Dineth\focus_binary_benchmark\dataset\bma\unfocused\pos008_0\pos008_0_page_6.png,0,bma::pos008_0,,dataset,train,pos008_0,bma::pos008_0
bma,D:\Dineth\focus_binary_benchmark\dataset\bma\unfocused\pos008_0\pos008_0_page_7.png,0,bma::pos008_0,,dataset,train,pos008_0,bma::pos008_0
bma,D:\Dineth\focus_binary_benchmark\dataset\bma\unfocused\pos008_0\pos008_0_page_8.png,0,bma::pos008_0,,dataset,train,pos008_0,bma::pos008_0
bma,D:\Dineth\focus_binary_benchmark\dataset\bma\unfocused\pos008_0\pos008_0_page_9.png,0,bma::pos008_0,,dataset,train,pos008_0,bma::pos008_0
bma,D:\Dineth\focus_binary_benchmark\dataset\bma\unfocused\pos008_1\pos008_1_page_1.png,0,bma::pos008_1,,dataset,train,pos008_1,bma::pos008_1
bma,D:\Dineth\focus_binary_benchmark\dataset\bma\unfocused\pos008_1\pos008_1_page_10.png,0,bma::pos008_1,,dataset,train,pos008_1,bma::pos008_1
bma,D:\Dineth\focus_binary_benchmark\dataset\bma\unfocused\pos008_1\pos008_1_page_11.png,0,bma::pos008_1,,dataset,train,pos008_1,bma::pos008_1
bma,D:\Dineth\focus_binary_benchmark\dataset\bma\unfocused\pos008_1\pos008_1_page_12.png,0,bma::pos008_1,,dataset,train,pos008_1,bma::pos008_1
bma,D:\Dineth\focus_binary_benchmark\dataset\bma\unfocused\pos008_1\pos008_1_page_13.png,0,bma::pos008_1,,dataset,train,pos008_1,bma::pos008_1
bma,D:\Dineth\focus_binary_benchmark\dataset\bma\unfocused\pos008_1\pos008_1_page_14.png,0,bma::pos008_1,,dataset,train,pos008_1,bma::pos008_1
bma,D:\Dineth\focus_binary_benchmark\dataset\bma\unfocused\pos008_1\pos008_1_page_2.png,0,bma::pos008_1,,dataset,train,pos008_1,bma::pos008_1
bma,D:\Dineth\focus_binary_benchmark\dataset\bma\unfocused\pos008_1\pos008_1_page_6.png,0,bma::pos008_1,,dataset,train,pos008_1,bma::pos008_1
bma,D:\Dineth\focus_binary_benchmark\dataset\bma\unfocused\pos008_1\pos008_1_page_7.png,0,bma::pos008_1,,dataset,train,pos008_1,bma::pos008_1
bma,D:\Dineth\focus_binary_benchmark\dataset\bma\unfocused\pos008_1\pos008_1_page_8.png,0,bma::pos008_1,,dataset,train,pos008_1,bma::pos008_1
bma,D:\Dineth\focus_binary_benchmark\dataset\bma\unfocused\pos008_1\pos008_1_page_9.png,0,bma::pos008_1,,dataset,train,pos008_1,bma::pos008_1
bma,D:\Dineth\focus_binary_benchmark\dataset\bma\unfocused\pos008_2\pos008_2_page_1.png,0,bma::pos008_2,,dataset,val,pos008_2,bma::pos008_2
bma,D:\Dineth\focus_binary_benchmark\dataset\bma\unfocused\pos008_2\pos008_2_page_10.png,0,bma::pos008_2,,dataset,val,pos008_2,bma::pos008_2
bma,D:\Dineth\focus_binary_benchmark\dataset\bma\unfocused\pos008_2\pos008_2_page_11.png,0,bma::pos008_2,,dataset,val,pos008_2,bma::pos008_2
bma,D:\Dineth\focus_binary_benchmark\dataset\bma\unfocused\pos008_2\pos008_2_page_12.png,0,bma::pos008_2,,dataset,val,pos008_2,bma::pos008_2
bma,D:\Dineth\focus_binary_benchmark\dataset\bma\unfocused\pos008_2\pos008_2_page_13.png,0,bma::pos008_2,,dataset,val,pos008_2,bma::pos008_2
bma,D:\Dineth\focus_binary_benchmark\dataset\bma\unfocused\pos008_2\pos008_2_page_14.png,0,bma::pos008_2,,dataset,val,pos008_2,bma::pos008_2
bma,D:\Dineth\focus_binary_benchmark\dataset\bma\unfocused\pos008_2\pos008_2_page_2.png,0,bma::pos008_2,,dataset,val,pos008_2,bma::pos008_2
bma,D:\Dineth\focus_binary_benchmark\dataset\bma\unfocused\pos008_2\pos008_2_page_3.png,0,bma::pos008_2,,dataset,val,pos008_2,bma::pos008_2
bma,D:\Dineth\focus_binary_benchmark\dataset\bma\unfocused\pos008_2\pos008_2_page_4.png,0,bma::pos008_2,,dataset,val,pos008_2,bma::pos008_2
bma,D:\Dineth\focus_binary_benchmark\dataset\bma\unfocused\pos008_2\pos008_2_page_8.png,0,bma::pos008_2,,dataset,val,pos008_2,bma::pos008_2
bma,D:\Dineth\focus_binary_benchmark\dataset\bma\unfocused\pos008_2\pos008_2_page_9.png,0,bma::pos008_2,,dataset,val,pos008_2,bma::pos008_2
bma,D:\Dineth\focus_binary_benchmark\dataset\bma\unfocused\pos008_3\pos008_3_page_1.png,0,bma::pos008_3,,dataset,test,pos008_3,bma::pos008_3
bma,D:\Dineth\focus_binary_benchmark\dataset\bma\unfocused\pos008_3\pos008_3_page_10.png,0,bma::pos008_3,,dataset,test,pos008_3,bma::pos008_3
bma,D:\Dineth\focus_binary_benchmark\dataset\bma\unfocused\pos008_3\pos008_3_page_11.png,0,bma::pos008_3,,dataset,test,pos008_3,bma::pos008_3
bma,D:\Dineth\focus_binary_benchmark\dataset\bma\unfocused\pos008_3\pos008_3_page_12.png,0,bma::pos008_3,,dataset,test,pos008_3,bma::pos008_3
bma,D:\Dineth\focus_binary_benchmark\dataset\bma\unfocused\pos008_3\pos008_3_page_13.png,0,bma::pos008_3,,dataset,test,pos008_3,bma::pos008_3
bma,D:\Dineth\focus_binary_benchmark\dataset\bma\unfocused\pos008_3\pos008_3_page_14.png,0,bma::pos008_3,,dataset,test,pos008_3,bma::pos008_3
bma,D:\Dineth\focus_binary_benchmark\dataset\bma\unfocused\pos008_3\pos008_3_page_2.png,0,bma::pos008_3,,dataset,test,pos008_3,bma::pos008_3
bma,D:\Dineth\focus_binary_benchmark\dataset\bma\unfocused\pos008_3\pos008_3_page_3.png,0,bma::pos008_3,,dataset,test,pos008_3,bma::pos008_3
bma,D:\Dineth\focus_binary_benchmark\dataset\bma\unfocused\pos008_3\pos008_3_page_4.png,0,bma::pos008_3,,dataset,test,pos008_3,bma::pos008_3
bma,D:\Dineth\focus_binary_benchmark\dataset\bma\unfocused\pos008_3\pos008_3_page_8.png,0,bma::pos008_3,,dataset,test,pos008_3,bma::pos008_3
bma,D:\Dineth\focus_binary_benchmark\dataset\bma\unfocused\pos008_3\pos008_3_page_9.png,0,bma::pos008_3,,dataset,test,pos008_3,bma::pos008_3
bma,D:\Dineth\focus_binary_benchmark\dataset\bma\unfocused\pos009_0\pos009_0_page_1.png,0,bma::pos009_0,,dataset,train,pos009_0,bma::pos009_0
bma,D:\Dineth\focus_binary_benchmark\dataset\bma\unfocused\pos009_0\pos009_0_page_10.png,0,bma::pos009_0,,dataset,train,pos009_0,bma::pos009_0
bma,D:\Dineth\focus_binary_benchmark\dataset\bma\unfocused\pos009_0\pos009_0_page_11.png,0,bma::pos009_0,,dataset,train,pos009_0,bma::pos009_0
bma,D:\Dineth\focus_binary_benchmark\dataset\bma\unfocused\pos009_0\pos009_0_page_12.png,0,bma::pos009_0,,dataset,train,pos009_0,bma::pos009_0
bma,D:\Dineth\focus_binary_benchmark\dataset\bma\unfocused\pos009_0\pos009_0_page_13.png,0,bma::pos009_0,,dataset,train,pos009_0,bma::pos009_0
bma,D:\Dineth\focus_binary_benchmark\dataset\bma\unfocused\pos009_0\pos009_0_page_14.png,0,bma::pos009_0,,dataset,train,pos009_0,bma::pos009_0
bma,D:\Dineth\focus_binary_benchmark\dataset\bma\unfocused\pos009_0\pos009_0_page_2.png,0,bma::pos009_0,,dataset,train,pos009_0,bma::pos009_0
bma,D:\Dineth\focus_binary_benchmark\dataset\bma\unfocused\pos009_0\pos009_0_page_6.png,0,bma::pos009_0,,dataset,train,pos009_0,bma::pos009_0
bma,D:\Dineth\focus_binary_benchmark\dataset\bma\unfocused\pos009_0\pos009_0_page_7.png,0,bma::pos009_0,,dataset,train,pos009_0,bma::pos009_0
bma,D:\Dineth\focus_binary_benchmark\dataset\bma\unfocused\pos009_0\pos009_0_page_8.png,0,bma::pos009_0,,dataset,train,pos009_0,bma::pos009_0
bma,D:\Dineth\focus_binary_benchmark\dataset\bma\unfocused\pos009_0\pos009_0_page_9.png,0,bma::pos009_0,,dataset,train,pos009_0,bma::pos009_0
bma,D:\Dineth\focus_binary_benchmark\dataset\bma\unfocused\pos009_1\pos009_1_page_1.png,0,bma::pos009_1,,dataset,val,pos009_1,bma::pos009_1
bma,D:\Dineth\focus_binary_benchmark\dataset\bma\unfocused\pos009_1\pos009_1_page_10.png,0,bma::pos009_1,,dataset,val,pos009_1,bma::pos009_1
bma,D:\Dineth\focus_binary_benchmark\dataset\bma\unfocused\pos009_1\pos009_1_page_11.png,0,bma::pos009_1,,dataset,val,pos009_1,bma::pos009_1
bma,D:\Dineth\focus_binary_benchmark\dataset\bma\unfocused\pos009_1\pos009_1_page_12.png,0,bma::pos009_1,,dataset,val,pos009_1,bma::pos009_1
bma,D:\Dineth\focus_binary_benchmark\dataset\bma\unfocused\pos009_1\pos009_1_page_13.png,0,bma::pos009_1,,dataset,val,pos009_1,bma::pos009_1
bma,D:\Dineth\focus_binary_benchmark\dataset\bma\unfocused\pos009_1\pos009_1_page_14.png,0,bma::pos009_1,,dataset,val,pos009_1,bma::pos009_1
bma,D:\Dineth\focus_binary_benchmark\dataset\bma\unfocused\pos009_1\pos009_1_page_2.png,0,bma::pos009_1,,dataset,val,pos009_1,bma::pos009_1
bma,D:\Dineth\focus_binary_benchmark\dataset\bma\unfocused\pos009_1\pos009_1_page_6.png,0,bma::pos009_1,,dataset,val,pos009_1,bma::pos009_1
bma,D:\Dineth\focus_binary_benchmark\dataset\bma\unfocused\pos009_1\pos009_1_page_7.png,0,bma::pos009_1,,dataset,val,pos009_1,bma::pos009_1
bma,D:\Dineth\focus_binary_benchmark\dataset\bma\unfocused\pos009_1\pos009_1_page_8.png,0,bma::pos009_1,,dataset,val,pos009_1,bma::pos009_1
bma,D:\Dineth\focus_binary_benchmark\dataset\bma\unfocused\pos009_1\pos009_1_page_9.png,0,bma::pos009_1,,dataset,val,pos009_1,bma::pos009_1
pbs_imgs,D:\Dineth\focus_binary_benchmark\dataset\pbs_imgs\focused\FieldPos001_Cam01_RGB_MB\FieldPos001_Cam01_RGB_MB_page_5.png,1,pbs_imgs::FieldPos001_Cam01_RGB_MB,,dataset,train,FieldPos001_Cam01_RGB_MB,pbs_imgs::FieldPos001_Cam01_RGB_MB
pbs_imgs,D:\Dineth\focus_binary_benchmark\dataset\pbs_imgs\focused\FieldPos019_Cam01_RGB_MB\FieldPos019_Cam01_RGB_MB_page_2.png,1,pbs_imgs::FieldPos019_Cam01_RGB_MB,,dataset,train,FieldPos019_Cam01_RGB_MB,pbs_imgs::FieldPos019_Cam01_RGB_MB
pbs_imgs,D:\Dineth\focus_binary_benchmark\dataset\pbs_imgs\focused\FieldPos085_Cam01_RGB_MB\FieldPos085_Cam01_RGB_MB_page_2.png,1,pbs_imgs::FieldPos085_Cam01_RGB_MB,,dataset,train,FieldPos085_Cam01_RGB_MB,pbs_imgs::FieldPos085_Cam01_RGB_MB
pbs_imgs,D:\Dineth\focus_binary_benchmark\dataset\pbs_imgs\focused\FieldPos100_Cam01_RGB_MB\FieldPos100_Cam01_RGB_MB_page_8.png,1,pbs_imgs::FieldPos100_Cam01_RGB_MB,,dataset,train,FieldPos100_Cam01_RGB_MB,pbs_imgs::FieldPos100_Cam01_RGB_MB
pbs_imgs,D:\Dineth\focus_binary_benchmark\dataset\pbs_imgs\focused\FieldPos113_Cam01_RGB_MB\FieldPos113_Cam01_RGB_MB_page_2.png,1,pbs_imgs::FieldPos113_Cam01_RGB_MB,,dataset,train,FieldPos113_Cam01_RGB_MB,pbs_imgs::FieldPos113_Cam01_RGB_MB
pbs_imgs,D:\Dineth\focus_binary_benchmark\dataset\pbs_imgs\focused\FieldPos134_Cam01_RGB_MB\FieldPos134_Cam01_RGB_MB_page_8.png,1,pbs_imgs::FieldPos134_Cam01_RGB_MB,,dataset,train,FieldPos134_Cam01_RGB_MB,pbs_imgs::FieldPos134_Cam01_RGB_MB
pbs_imgs,D:\Dineth\focus_binary_benchmark\dataset\pbs_imgs\focused\FieldPos179_Cam01_RGB_MB\FieldPos179_Cam01_RGB_MB_page_8.png,1,pbs_imgs::FieldPos179_Cam01_RGB_MB,,dataset,train,FieldPos179_Cam01_RGB_MB,pbs_imgs::FieldPos179_Cam01_RGB_MB
pbs_imgs,D:\Dineth\focus_binary_benchmark\dataset\pbs_imgs\focused\FieldPos192_Cam01_RGB_MB\FieldPos192_Cam01_RGB_MB_page_7.png,1,pbs_imgs::FieldPos192_Cam01_RGB_MB,,dataset,train,FieldPos192_Cam01_RGB_MB,pbs_imgs::FieldPos192_Cam01_RGB_MB
pbs_imgs,D:\Dineth\focus_binary_benchmark\dataset\pbs_imgs\focused\FieldPos206_Cam01_RGB_MB\FieldPos206_Cam01_RGB_MB_page_6.png,1,pbs_imgs::FieldPos206_Cam01_RGB_MB,,dataset,test,FieldPos206_Cam01_RGB_MB,pbs_imgs::FieldPos206_Cam01_RGB_MB
pbs_imgs,D:\Dineth\focus_binary_benchmark\dataset\pbs_imgs\focused\FieldPos207_Cam01_RGB_MB\FieldPos207_Cam01_RGB_MB_page_7.png,1,pbs_imgs::FieldPos207_Cam01_RGB_MB,,dataset,test,FieldPos207_Cam01_RGB_MB,pbs_imgs::FieldPos207_Cam01_RGB_MB
pbs_imgs,D:\Dineth\focus_binary_benchmark\dataset\pbs_imgs\focused\FieldPos215_Cam01_RGB_MB\FieldPos215_Cam01_RGB_MB_page_2.png,1,pbs_imgs::FieldPos215_Cam01_RGB_MB,,dataset,train,FieldPos215_Cam01_RGB_MB,pbs_imgs::FieldPos215_Cam01_RGB_MB
pbs_imgs,D:\Dineth\focus_binary_benchmark\dataset\pbs_imgs\focused\FieldPos216_Cam01_RGB_MB\FieldPos216_Cam01_RGB_MB_page_3.png,1,pbs_imgs::FieldPos216_Cam01_RGB_MB,,dataset,train,FieldPos216_Cam01_RGB_MB,pbs_imgs::FieldPos216_Cam01_RGB_MB
pbs_imgs,D:\Dineth\focus_binary_benchmark\dataset\pbs_imgs\focused\FieldPos217_Cam01_RGB_MB\FieldPos217_Cam01_RGB_MB_page_2.png,1,pbs_imgs::FieldPos217_Cam01_RGB_MB,,dataset,train,FieldPos217_Cam01_RGB_MB,pbs_imgs::FieldPos217_Cam01_RGB_MB
pbs_imgs,D:\Dineth\focus_binary_benchmark\dataset\pbs_imgs\focused\FieldPos218_Cam01_RGB_MB\FieldPos218_Cam01_RGB_MB_page_8.png,1,pbs_imgs::FieldPos218_Cam01_RGB_MB,,dataset,train,FieldPos218_Cam01_RGB_MB,pbs_imgs::FieldPos218_Cam01_RGB_MB
pbs_imgs,D:\Dineth\focus_binary_benchmark\dataset\pbs_imgs\focused\FieldPos219_Cam01_RGB_MB\FieldPos219_Cam01_RGB_MB_page_4.png,1,pbs_imgs::FieldPos219_Cam01_RGB_MB,,dataset,train,FieldPos219_Cam01_RGB_MB,pbs_imgs::FieldPos219_Cam01_RGB_MB
pbs_imgs,D:\Dineth\focus_binary_benchmark\dataset\pbs_imgs\focused\FieldPos227_Cam01_RGB_MB\FieldPos227_Cam01_RGB_MB_page_2.png,1,pbs_imgs::FieldPos227_Cam01_RGB_MB,,dataset,test,FieldPos227_Cam01_RGB_MB,pbs_imgs::FieldPos227_Cam01_RGB_MB
pbs_imgs,D:\Dineth\focus_binary_benchmark\dataset\pbs_imgs\focused\FieldPos231_Cam01_RGB_MB\FieldPos231_Cam01_RGB_MB_page_6.png,1,pbs_imgs::FieldPos231_Cam01_RGB_MB,,dataset,val,FieldPos231_Cam01_RGB_MB,pbs_imgs::FieldPos231_Cam01_RGB_MB
pbs_imgs,D:\Dineth\focus_binary_benchmark\dataset\pbs_imgs\focused\FieldPos237_Cam01_RGB_MB\FieldPos237_Cam01_RGB_MB_page_4.png,1,pbs_imgs::FieldPos237_Cam01_RGB_MB,,dataset,val,FieldPos237_Cam01_RGB_MB,pbs_imgs::FieldPos237_Cam01_RGB_MB
pbs_imgs,D:\Dineth\focus_binary_benchmark\dataset\pbs_imgs\focused\FieldPos238_Cam01_RGB_MB\FieldPos238_Cam01_RGB_MB_page_2.png,1,pbs_imgs::FieldPos238_Cam01_RGB_MB,,dataset,train,FieldPos238_Cam01_RGB_MB,pbs_imgs::FieldPos238_Cam01_RGB_MB
pbs_imgs,D:\Dineth\focus_binary_benchmark\dataset\pbs_imgs\focused\FieldPos240_Cam01_RGB_MB\FieldPos240_Cam01_RGB_MB_page_6.png,1,pbs_imgs::FieldPos240_Cam01_RGB_MB,,dataset,train,FieldPos240_Cam01_RGB_MB,pbs_imgs::FieldPos240_Cam01_RGB_MB
pbs_imgs,D:\Dineth\focus_binary_benchmark\dataset\pbs_imgs\focused\FieldPos241_Cam01_RGB_MB\FieldPos241_Cam01_RGB_MB_page_4.png,1,pbs_imgs::FieldPos241_Cam01_RGB_MB,,dataset,val,FieldPos241_Cam01_RGB_MB,pbs_imgs::FieldPos241_Cam01_RGB_MB
pbs_imgs,D:\Dineth\focus_binary_benchmark\dataset\pbs_imgs\focused\FieldPos255_Cam01_RGB_MB\FieldPos255_Cam01_RGB_MB_page_2.png,1,pbs_imgs::FieldPos255_Cam01_RGB_MB,,dataset,val,FieldPos255_Cam01_RGB_MB,pbs_imgs::FieldPos255_Cam01_RGB_MB
pbs_imgs,D:\Dineth\focus_binary_benchmark\dataset\pbs_imgs\focused\FieldPos256_Cam01_RGB_MB\FieldPos256_Cam01_RGB_MB_page_7.png,1,pbs_imgs::FieldPos256_Cam01_RGB_MB,,dataset,val,FieldPos256_Cam01_RGB_MB,pbs_imgs::FieldPos256_Cam01_RGB_MB
pbs_imgs,D:\Dineth\focus_binary_benchmark\dataset\pbs_imgs\focused\FieldPos278_Cam01_RGB_MB\FieldPos278_Cam01_RGB_MB_page_3.png,1,pbs_imgs::FieldPos278_Cam01_RGB_MB,,dataset,val,FieldPos278_Cam01_RGB_MB,pbs_imgs::FieldPos278_Cam01_RGB_MB
pbs_imgs,D:\Dineth\focus_binary_benchmark\dataset\pbs_imgs\focused\FieldPos280_Cam01_RGB_MB\FieldPos280_Cam01_RGB_MB_page_5.png,1,pbs_imgs::FieldPos280_Cam01_RGB_MB,,dataset,train,FieldPos280_Cam01_RGB_MB,pbs_imgs::FieldPos280_Cam01_RGB_MB
pbs_imgs,D:\Dineth\focus_binary_benchmark\dataset\pbs_imgs\focused\FieldPos281_Cam01_RGB_MB\FieldPos281_Cam01_RGB_MB_page_3.png,1,pbs_imgs::FieldPos281_Cam01_RGB_MB,,dataset,train,FieldPos281_Cam01_RGB_MB,pbs_imgs::FieldPos281_Cam01_RGB_MB
pbs_imgs,D:\Dineth\focus_binary_benchmark\dataset\pbs_imgs\focused\FieldPos297_Cam01_RGB_MB\FieldPos297_Cam01_RGB_MB_page_11.png,1,pbs_imgs::FieldPos297_Cam01_RGB_MB,,dataset,train,FieldPos297_Cam01_RGB_MB,pbs_imgs::FieldPos297_Cam01_RGB_MB
pbs_imgs,D:\Dineth\focus_binary_benchmark\dataset\pbs_imgs\focused\FieldPos298_Cam01_RGB_MB\FieldPos298_Cam01_RGB_MB_page_10.png,1,pbs_imgs::FieldPos298_Cam01_RGB_MB,,dataset,train,FieldPos298_Cam01_RGB_MB,pbs_imgs::FieldPos298_Cam01_RGB_MB
pbs_imgs,D:\Dineth\focus_binary_benchmark\dataset\pbs_imgs\focused\FieldPos301_Cam01_RGB_MB\FieldPos301_Cam01_RGB_MB_page_10.png,1,pbs_imgs::FieldPos301_Cam01_RGB_MB,,dataset,test,FieldPos301_Cam01_RGB_MB,pbs_imgs::FieldPos301_Cam01_RGB_MB
pbs_imgs,D:\Dineth\focus_binary_benchmark\dataset\pbs_imgs\focused\FieldPos302_Cam01_RGB_MB\FieldPos302_Cam01_RGB_MB_page_10.png,1,pbs_imgs::FieldPos302_Cam01_RGB_MB,,dataset,train,FieldPos302_Cam01_RGB_MB,pbs_imgs::FieldPos302_Cam01_RGB_MB
pbs_imgs,D:\Dineth\focus_binary_benchmark\dataset\pbs_imgs\focused\FieldPos317_Cam01_RGB_MB\FieldPos317_Cam01_RGB_MB_page_5.png,1,pbs_imgs::FieldPos317_Cam01_RGB_MB,,dataset,train,FieldPos317_Cam01_RGB_MB,pbs_imgs::FieldPos317_Cam01_RGB_MB
pbs_imgs,D:\Dineth\focus_binary_benchmark\dataset\pbs_imgs\focused\FieldPos318_Cam01_RGB_MB\FieldPos318_Cam01_RGB_MB_page_15.png,1,pbs_imgs::FieldPos318_Cam01_RGB_MB,,dataset,train,FieldPos318_Cam01_RGB_MB,pbs_imgs::FieldPos318_Cam01_RGB_MB
pbs_imgs,D:\Dineth\focus_binary_benchmark\dataset\pbs_imgs\focused\FieldPos321_Cam01_RGB_MB\FieldPos321_Cam01_RGB_MB_page_2.png,1,pbs_imgs::FieldPos321_Cam01_RGB_MB,,dataset,val,FieldPos321_Cam01_RGB_MB,pbs_imgs::FieldPos321_Cam01_RGB_MB
pbs_imgs,D:\Dineth\focus_binary_benchmark\dataset\pbs_imgs\focused\FieldPos322_Cam01_RGB_MB\FieldPos322_Cam01_RGB_MB_page_5.png,1,pbs_imgs::FieldPos322_Cam01_RGB_MB,,dataset,train,FieldPos322_Cam01_RGB_MB,pbs_imgs::FieldPos322_Cam01_RGB_MB
pbs_imgs,D:\Dineth\focus_binary_benchmark\dataset\pbs_imgs\focused\FieldPos336_Cam01_RGB_MB\FieldPos336_Cam01_RGB_MB_page_15.png,1,pbs_imgs::FieldPos336_Cam01_RGB_MB,,dataset,train,FieldPos336_Cam01_RGB_MB,pbs_imgs::FieldPos336_Cam01_RGB_MB
pbs_imgs,D:\Dineth\focus_binary_benchmark\dataset\pbs_imgs\focused\FieldPos337_Cam01_RGB_MB\FieldPos337_Cam01_RGB_MB_page_11.png,1,pbs_imgs::FieldPos337_Cam01_RGB_MB,,dataset,train,FieldPos337_Cam01_RGB_MB,pbs_imgs::FieldPos337_Cam01_RGB_MB
pbs_imgs,D:\Dineth\focus_binary_benchmark\dataset\pbs_imgs\focused\FieldPos343_Cam01_RGB_MB\FieldPos343_Cam01_RGB_MB_page_8.png,1,pbs_imgs::FieldPos343_Cam01_RGB_MB,,dataset,train,FieldPos343_Cam01_RGB_MB,pbs_imgs::FieldPos343_Cam01_RGB_MB
pbs_imgs,D:\Dineth\focus_binary_benchmark\dataset\pbs_imgs\focused\FieldPos344_Cam01_RGB_MB\FieldPos344_Cam01_RGB_MB_page_10.png,1,pbs_imgs::FieldPos344_Cam01_RGB_MB,,dataset,train,FieldPos344_Cam01_RGB_MB,pbs_imgs::FieldPos344_Cam01_RGB_MB
pbs_imgs,D:\Dineth\focus_binary_benchmark\dataset\pbs_imgs\focused\FieldPos356_Cam01_RGB_MB\FieldPos356_Cam01_RGB_MB_page_4.png,1,pbs_imgs::FieldPos356_Cam01_RGB_MB,,dataset,train,FieldPos356_Cam01_RGB_MB,pbs_imgs::FieldPos356_Cam01_RGB_MB
pbs_imgs,D:\Dineth\focus_binary_benchmark\dataset\pbs_imgs\focused\FieldPos357_Cam01_RGB_MB\FieldPos357_Cam01_RGB_MB_page_4.png,1,pbs_imgs::FieldPos357_Cam01_RGB_MB,,dataset,train,FieldPos357_Cam01_RGB_MB,pbs_imgs::FieldPos357_Cam01_RGB_MB
pbs_imgs,D:\Dineth\focus_binary_benchmark\dataset\pbs_imgs\focused\FieldPos362_Cam01_RGB_MB\FieldPos362_Cam01_RGB_MB_page_4.png,1,pbs_imgs::FieldPos362_Cam01_RGB_MB,,dataset,train,FieldPos362_Cam01_RGB_MB,pbs_imgs::FieldPos362_Cam01_RGB_MB
pbs_imgs,D:\Dineth\focus_binary_benchmark\dataset\pbs_imgs\focused\FieldPos363_Cam01_RGB_MB\FieldPos363_Cam01_RGB_MB_page_4.png,1,pbs_imgs::FieldPos363_Cam01_RGB_MB,,dataset,test,FieldPos363_Cam01_RGB_MB,pbs_imgs::FieldPos363_Cam01_RGB_MB
pbs_imgs,D:\Dineth\focus_binary_benchmark\dataset\pbs_imgs\focused\FieldPos374_Cam01_RGB_MB\FieldPos374_Cam01_RGB_MB_page_10.png,1,pbs_imgs::FieldPos374_Cam01_RGB_MB,,dataset,train,FieldPos374_Cam01_RGB_MB,pbs_imgs::FieldPos374_Cam01_RGB_MB
pbs_imgs,D:\Dineth\focus_binary_benchmark\dataset\pbs_imgs\focused\FieldPos375_Cam01_RGB_MB\FieldPos375_Cam01_RGB_MB_page_10.png,1,pbs_imgs::FieldPos375_Cam01_RGB_MB,,dataset,train,FieldPos375_Cam01_RGB_MB,pbs_imgs::FieldPos375_Cam01_RGB_MB
pbs_imgs,D:\Dineth\focus_binary_benchmark\dataset\pbs_imgs\focused\FieldPos384_Cam01_RGB_MB\FieldPos384_Cam01_RGB_MB_page_11.png,1,pbs_imgs::FieldPos384_Cam01_RGB_MB,,dataset,train,FieldPos384_Cam01_RGB_MB,pbs_imgs::FieldPos384_Cam01_RGB_MB
pbs_imgs,D:\Dineth\focus_binary_benchmark\dataset\pbs_imgs\focused\FieldPos385_Cam01_RGB_MB\FieldPos385_Cam01_RGB_MB_page_8.png,1,pbs_imgs::FieldPos385_Cam01_RGB_MB,,dataset,test,FieldPos385_Cam01_RGB_MB,pbs_imgs::FieldPos385_Cam01_RGB_MB
pbs_imgs,D:\Dineth\focus_binary_benchmark\dataset\pbs_imgs\focused\FieldPos386_Cam01_RGB_MB\FieldPos386_Cam01_RGB_MB_page_8.png,1,pbs_imgs::FieldPos386_Cam01_RGB_MB,,dataset,train,FieldPos386_Cam01_RGB_MB,pbs_imgs::FieldPos386_Cam01_RGB_MB
pbs_imgs,D:\Dineth\focus_binary_benchmark\dataset\pbs_imgs\focused\FieldPos395_Cam01_RGB_MB\FieldPos395_Cam01_RGB_MB_page_3.png,1,pbs_imgs::FieldPos395_Cam01_RGB_MB,,dataset,test,FieldPos395_Cam01_RGB_MB,pbs_imgs::FieldPos395_Cam01_RGB_MB
pbs_imgs,D:\Dineth\focus_binary_benchmark\dataset\pbs_imgs\focused\FieldPos396_Cam01_RGB_MB\FieldPos396_Cam01_RGB_MB_page_3.png,1,pbs_imgs::FieldPos396_Cam01_RGB_MB,,dataset,train,FieldPos396_Cam01_RGB_MB,pbs_imgs::FieldPos396_Cam01_RGB_MB
pbs_imgs,D:\Dineth\focus_binary_benchmark\dataset\pbs_imgs\focused\FieldPos404_Cam01_RGB_MB\FieldPos404_Cam01_RGB_MB_page_2.png,1,pbs_imgs::FieldPos404_Cam01_RGB_MB,,dataset,val,FieldPos404_Cam01_RGB_MB,pbs_imgs::FieldPos404_Cam01_RGB_MB
pbs_imgs,D:\Dineth\focus_binary_benchmark\dataset\pbs_imgs\focused\FieldPos409_Cam01_RGB_MB\FieldPos409_Cam01_RGB_MB_page_6.png,1,pbs_imgs::FieldPos409_Cam01_RGB_MB,,dataset,train,FieldPos409_Cam01_RGB_MB,pbs_imgs::FieldPos409_Cam01_RGB_MB
pbs_imgs,D:\Dineth\focus_binary_benchmark\dataset\pbs_imgs\focused\FieldPos411_Cam01_RGB_MB\FieldPos411_Cam01_RGB_MB_page_7.png,1,pbs_imgs::FieldPos411_Cam01_RGB_MB,,dataset,train,FieldPos411_Cam01_RGB_MB,pbs_imgs::FieldPos411_Cam01_RGB_MB
pbs_imgs,D:\Dineth\focus_binary_benchmark\dataset\pbs_imgs\focused\FieldPos412_Cam01_RGB_MB\FieldPos412_Cam01_RGB_MB_page_8.png,1,pbs_imgs::FieldPos412_Cam01_RGB_MB,,dataset,train,FieldPos412_Cam01_RGB_MB,pbs_imgs::FieldPos412_Cam01_RGB_MB
pbs_imgs,D:\Dineth\focus_binary_benchmark\dataset\pbs_imgs\focused\FieldPos413_Cam01_RGB_MB\FieldPos413_Cam01_RGB_MB_page_8.png,1,pbs_imgs::FieldPos413_Cam01_RGB_MB,,dataset,val,FieldPos413_Cam01_RGB_MB,pbs_imgs::FieldPos413_Cam01_RGB_MB
pbs_imgs,D:\Dineth\focus_binary_benchmark\dataset\pbs_imgs\focused\FieldPos414_Cam01_RGB_MB\FieldPos414_Cam01_RGB_MB_page_10.png,1,pbs_imgs::FieldPos414_Cam01_RGB_MB,,dataset,train,FieldPos414_Cam01_RGB_MB,pbs_imgs::FieldPos414_Cam01_RGB_MB
pbs_imgs,D:\Dineth\focus_binary_benchmark\dataset\pbs_imgs\focused\FieldPos426_Cam01_RGB_MB\FieldPos426_Cam01_RGB_MB_page_10.png,1,pbs_imgs::FieldPos426_Cam01_RGB_MB,,dataset,train,FieldPos426_Cam01_RGB_MB,pbs_imgs::FieldPos426_Cam01_RGB_MB
pbs_imgs,D:\Dineth\focus_binary_benchmark\dataset\pbs_imgs\focused\FieldPos427_Cam01_RGB_MB\FieldPos427_Cam01_RGB_MB_page_11.png,1,pbs_imgs::FieldPos427_Cam01_RGB_MB,,dataset,val,FieldPos427_Cam01_RGB_MB,pbs_imgs::FieldPos427_Cam01_RGB_MB
pbs_imgs,D:\Dineth\focus_binary_benchmark\dataset\pbs_imgs\focused\FieldPos428_Cam01_RGB_MB\FieldPos428_Cam01_RGB_MB_page_8.png,1,pbs_imgs::FieldPos428_Cam01_RGB_MB,,dataset,val,FieldPos428_Cam01_RGB_MB,pbs_imgs::FieldPos428_Cam01_RGB_MB
pbs_imgs,D:\Dineth\focus_binary_benchmark\dataset\pbs_imgs\focused\FieldPos429_Cam01_RGB_MB\FieldPos429_Cam01_RGB_MB_page_10.png,1,pbs_imgs::FieldPos429_Cam01_RGB_MB,,dataset,train,FieldPos429_Cam01_RGB_MB,pbs_imgs::FieldPos429_Cam01_RGB_MB
pbs_imgs,D:\Dineth\focus_binary_benchmark\dataset\pbs_imgs\focused\FieldPos430_Cam01_RGB_MB\FieldPos430_Cam01_RGB_MB_page_8.png,1,pbs_imgs::FieldPos430_Cam01_RGB_MB,,dataset,val,FieldPos430_Cam01_RGB_MB,pbs_imgs::FieldPos430_Cam01_RGB_MB
pbs_imgs,D:\Dineth\focus_binary_benchmark\dataset\pbs_imgs\focused\FieldPos432_Cam01_RGB_MB\FieldPos432_Cam01_RGB_MB_page_8.png,1,pbs_imgs::FieldPos432_Cam01_RGB_MB,,dataset,test,FieldPos432_Cam01_RGB_MB,pbs_imgs::FieldPos432_Cam01_RGB_MB
pbs_imgs,D:\Dineth\focus_binary_benchmark\dataset\pbs_imgs\focused\FieldPos433_Cam01_RGB_MB\FieldPos433_Cam01_RGB_MB_page_5.png,1,pbs_imgs::FieldPos433_Cam01_RGB_MB,,dataset,train,FieldPos433_Cam01_RGB_MB,pbs_imgs::FieldPos433_Cam01_RGB_MB
pbs_imgs,D:\Dineth\focus_binary_benchmark\dataset\pbs_imgs\focused\FieldPos434_Cam01_RGB_MB\FieldPos434_Cam01_RGB_MB_page_7.png,1,pbs_imgs::FieldPos434_Cam01_RGB_MB,,dataset,train,FieldPos434_Cam01_RGB_MB,pbs_imgs::FieldPos434_Cam01_RGB_MB
pbs_imgs,D:\Dineth\focus_binary_benchmark\dataset\pbs_imgs\focused\FieldPos435_Cam01_RGB_MB\FieldPos435_Cam01_RGB_MB_page_4.png,1,pbs_imgs::FieldPos435_Cam01_RGB_MB,,dataset,train,FieldPos435_Cam01_RGB_MB,pbs_imgs::FieldPos435_Cam01_RGB_MB
pbs_imgs,D:\Dineth\focus_binary_benchmark\dataset\pbs_imgs\focused\FieldPos445_Cam01_RGB_MB\FieldPos445_Cam01_RGB_MB_page_15.png,1,pbs_imgs::FieldPos445_Cam01_RGB_MB,,dataset,test,FieldPos445_Cam01_RGB_MB,pbs_imgs::FieldPos445_Cam01_RGB_MB
pbs_imgs,D:\Dineth\focus_binary_benchmark\dataset\pbs_imgs\focused\FieldPos446_Cam01_RGB_MB\FieldPos446_Cam01_RGB_MB_page_5.png,1,pbs_imgs::FieldPos446_Cam01_RGB_MB,,dataset,train,FieldPos446_Cam01_RGB_MB,pbs_imgs::FieldPos446_Cam01_RGB_MB
pbs_imgs,D:\Dineth\focus_binary_benchmark\dataset\pbs_imgs\focused\FieldPos447_Cam01_RGB_MB\FieldPos447_Cam01_RGB_MB_page_8.png,1,pbs_imgs::FieldPos447_Cam01_RGB_MB,,dataset,train,FieldPos447_Cam01_RGB_MB,pbs_imgs::FieldPos447_Cam01_RGB_MB
pbs_imgs,D:\Dineth\focus_binary_benchmark\dataset\pbs_imgs\focused\FieldPos448_Cam01_RGB_MB\FieldPos448_Cam01_RGB_MB_page_8.png,1,pbs_imgs::FieldPos448_Cam01_RGB_MB,,dataset,test,FieldPos448_Cam01_RGB_MB,pbs_imgs::FieldPos448_Cam01_RGB_MB
pbs_imgs,D:\Dineth\focus_binary_benchmark\dataset\pbs_imgs\focused\FieldPos449_Cam01_RGB_MB\FieldPos449_Cam01_RGB_MB_page_8.png,1,pbs_imgs::FieldPos449_Cam01_RGB_MB,,dataset,train,FieldPos449_Cam01_RGB_MB,pbs_imgs::FieldPos449_Cam01_RGB_MB
pbs_imgs,D:\Dineth\focus_binary_benchmark\dataset\pbs_imgs\focused\FieldPos450_Cam01_RGB_MB\FieldPos450_Cam01_RGB_MB_page_10.png,1,pbs_imgs::FieldPos450_Cam01_RGB_MB,,dataset,train,FieldPos450_Cam01_RGB_MB,pbs_imgs::FieldPos450_Cam01_RGB_MB
pbs_imgs,D:\Dineth\focus_binary_benchmark\dataset\pbs_imgs\focused\FieldPos451_Cam01_RGB_MB\FieldPos451_Cam01_RGB_MB_page_10.png,1,pbs_imgs::FieldPos451_Cam01_RGB_MB,,dataset,train,FieldPos451_Cam01_RGB_MB,pbs_imgs::FieldPos451_Cam01_RGB_MB
pbs_imgs,D:\Dineth\focus_binary_benchmark\dataset\pbs_imgs\focused\FieldPos452_Cam01_RGB_MB\FieldPos452_Cam01_RGB_MB_page_12.png,1,pbs_imgs::FieldPos452_Cam01_RGB_MB,,dataset,train,FieldPos452_Cam01_RGB_MB,pbs_imgs::FieldPos452_Cam01_RGB_MB
pbs_imgs,D:\Dineth\focus_binary_benchmark\dataset\pbs_imgs\focused\FieldPos468_Cam01_RGB_MB\FieldPos468_Cam01_RGB_MB_page_10.png,1,pbs_imgs::FieldPos468_Cam01_RGB_MB,,dataset,train,FieldPos468_Cam01_RGB_MB,pbs_imgs::FieldPos468_Cam01_RGB_MB
pbs_imgs,D:\Dineth\focus_binary_benchmark\dataset\pbs_imgs\focused\FieldPos469_Cam01_RGB_MB\FieldPos469_Cam01_RGB_MB_page_11.png,1,pbs_imgs::FieldPos469_Cam01_RGB_MB,,dataset,train,FieldPos469_Cam01_RGB_MB,pbs_imgs::FieldPos469_Cam01_RGB_MB
pbs_imgs,D:\Dineth\focus_binary_benchmark\dataset\pbs_imgs\focused\FieldPos470_Cam01_RGB_MB\FieldPos470_Cam01_RGB_MB_page_8.png,1,pbs_imgs::FieldPos470_Cam01_RGB_MB,,dataset,test,FieldPos470_Cam01_RGB_MB,pbs_imgs::FieldPos470_Cam01_RGB_MB
pbs_imgs,D:\Dineth\focus_binary_benchmark\dataset\pbs_imgs\focused\FieldPos471_Cam01_RGB_MB\FieldPos471_Cam01_RGB_MB_page_8.png,1,pbs_imgs::FieldPos471_Cam01_RGB_MB,,dataset,train,FieldPos471_Cam01_RGB_MB,pbs_imgs::FieldPos471_Cam01_RGB_MB
pbs_imgs,D:\Dineth\focus_binary_benchmark\dataset\pbs_imgs\focused\FieldPos472_Cam01_RGB_MB\FieldPos472_Cam01_RGB_MB_page_8.png,1,pbs_imgs::FieldPos472_Cam01_RGB_MB,,dataset,train,FieldPos472_Cam01_RGB_MB,pbs_imgs::FieldPos472_Cam01_RGB_MB
pbs_imgs,D:\Dineth\focus_binary_benchmark\dataset\pbs_imgs\unfocused\FieldPos001_Cam01_RGB_MB\FieldPos001_Cam01_RGB_MB_page_1.png,0,pbs_imgs::FieldPos001_Cam01_RGB_MB,,dataset,train,FieldPos001_Cam01_RGB_MB,pbs_imgs::FieldPos001_Cam01_RGB_MB
pbs_imgs,D:\Dineth\focus_binary_benchmark\dataset\pbs_imgs\unfocused\FieldPos001_Cam01_RGB_MB\FieldPos001_Cam01_RGB_MB_page_2.png,0,pbs_imgs::FieldPos001_Cam01_RGB_MB,,dataset,train,FieldPos001_Cam01_RGB_MB,pbs_imgs::FieldPos001_Cam01_RGB_MB
pbs_imgs,D:\Dineth\focus_binary_benchmark\dataset\pbs_imgs\unfocused\FieldPos001_Cam01_RGB_MB\FieldPos001_Cam01_RGB_MB_page_3.png,0,pbs_imgs::FieldPos001_Cam01_RGB_MB,,dataset,train,FieldPos001_Cam01_RGB_MB,pbs_imgs::FieldPos001_Cam01_RGB_MB
pbs_imgs,D:\Dineth\focus_binary_benchmark\dataset\pbs_imgs\unfocused\FieldPos001_Cam01_RGB_MB\FieldPos001_Cam01_RGB_MB_page_7.png,0,pbs_imgs::FieldPos001_Cam01_RGB_MB,,dataset,train,FieldPos001_Cam01_RGB_MB,pbs_imgs::FieldPos001_Cam01_RGB_MB
pbs_imgs,D:\Dineth\focus_binary_benchmark\dataset\pbs_imgs\unfocused\FieldPos001_Cam01_RGB_MB\FieldPos001_Cam01_RGB_MB_page_8.png,0,pbs_imgs::FieldPos001_Cam01_RGB_MB,,dataset,train,FieldPos001_Cam01_RGB_MB,pbs_imgs::FieldPos001_Cam01_RGB_MB
pbs_imgs,D:\Dineth\focus_binary_benchmark\dataset\pbs_imgs\unfocused\FieldPos001_Cam01_RGB_MB\FieldPos001_Cam01_RGB_MB_page_9.png,0,pbs_imgs::FieldPos001_Cam01_RGB_MB,,dataset,train,FieldPos001_Cam01_RGB_MB,pbs_imgs::FieldPos001_Cam01_RGB_MB
pbs_imgs,D:\Dineth\focus_binary_benchmark\dataset\pbs_imgs\unfocused\FieldPos019_Cam01_RGB_MB\FieldPos019_Cam01_RGB_MB_page_4.png,0,pbs_imgs::FieldPos019_Cam01_RGB_MB,,dataset,train,FieldPos019_Cam01_RGB_MB,pbs_imgs::FieldPos019_Cam01_RGB_MB
pbs_imgs,D:\Dineth\focus_binary_benchmark\dataset\pbs_imgs\unfocused\FieldPos019_Cam01_RGB_MB\FieldPos019_Cam01_RGB_MB_page_5.png,0,pbs_imgs::FieldPos019_Cam01_RGB_MB,,dataset,train,FieldPos019_Cam01_RGB_MB,pbs_imgs::FieldPos019_Cam01_RGB_MB
pbs_imgs,D:\Dineth\focus_binary_benchmark\dataset\pbs_imgs\unfocused\FieldPos019_Cam01_RGB_MB\FieldPos019_Cam01_RGB_MB_page_6.png,0,pbs_imgs::FieldPos019_Cam01_RGB_MB,,dataset,train,FieldPos019_Cam01_RGB_MB,pbs_imgs::FieldPos019_Cam01_RGB_MB
pbs_imgs,D:\Dineth\focus_binary_benchmark\dataset\pbs_imgs\unfocused\FieldPos019_Cam01_RGB_MB\FieldPos019_Cam01_RGB_MB_page_7.png,0,pbs_imgs::FieldPos019_Cam01_RGB_MB,,dataset,train,FieldPos019_Cam01_RGB_MB,pbs_imgs::FieldPos019_Cam01_RGB_MB
pbs_imgs,D:\Dineth\focus_binary_benchmark\dataset\pbs_imgs\unfocused\FieldPos019_Cam01_RGB_MB\FieldPos019_Cam01_RGB_MB_page_8.png,0,pbs_imgs::FieldPos019_Cam01_RGB_MB,,dataset,train,FieldPos019_Cam01_RGB_MB,pbs_imgs::FieldPos019_Cam01_RGB_MB
pbs_imgs,D:\Dineth\focus_binary_benchmark\dataset\pbs_imgs\unfocused\FieldPos019_Cam01_RGB_MB\FieldPos019_Cam01_RGB_MB_page_9.png,0,pbs_imgs::FieldPos019_Cam01_RGB_MB,,dataset,train,FieldPos019_Cam01_RGB_MB,pbs_imgs::FieldPos019_Cam01_RGB_MB
pbs_imgs,D:\Dineth\focus_binary_benchmark\dataset\pbs_imgs\unfocused\FieldPos085_Cam01_RGB_MB\FieldPos085_Cam01_RGB_MB_page_4.png,0,pbs_imgs::FieldPos085_Cam01_RGB_MB,,dataset,train,FieldPos085_Cam01_RGB_MB,pbs_imgs::FieldPos085_Cam01_RGB_MB
pbs_imgs,D:\Dineth\focus_binary_benchmark\dataset\pbs_imgs\unfocused\FieldPos085_Cam01_RGB_MB\FieldPos085_Cam01_RGB_MB_page_5.png,0,pbs_imgs::FieldPos085_Cam01_RGB_MB,,dataset,train,FieldPos085_Cam01_RGB_MB,pbs_imgs::FieldPos085_Cam01_RGB_MB
pbs_imgs,D:\Dineth\focus_binary_benchmark\dataset\pbs_imgs\unfocused\FieldPos085_Cam01_RGB_MB\FieldPos085_Cam01_RGB_MB_page_6.png,0,pbs_imgs::FieldPos085_Cam01_RGB_MB,,dataset,train,FieldPos085_Cam01_RGB_MB,pbs_imgs::FieldPos085_Cam01_RGB_MB
pbs_imgs,D:\Dineth\focus_binary_benchmark\dataset\pbs_imgs\unfocused\FieldPos085_Cam01_RGB_MB\FieldPos085_Cam01_RGB_MB_page_7.png,0,pbs_imgs::FieldPos085_Cam01_RGB_MB,,dataset,train,FieldPos085_Cam01_RGB_MB,pbs_imgs::FieldPos085_Cam01_RGB_MB
pbs_imgs,D:\Dineth\focus_binary_benchmark\dataset\pbs_imgs\unfocused\FieldPos085_Cam01_RGB_MB\FieldPos085_Cam01_RGB_MB_page_8.png,0,pbs_imgs::FieldPos085_Cam01_RGB_MB,,dataset,train,FieldPos085_Cam01_RGB_MB,pbs_imgs::FieldPos085_Cam01_RGB_MB
pbs_imgs,D:\Dineth\focus_binary_benchmark\dataset\pbs_imgs\unfocused\FieldPos085_Cam01_RGB_MB\FieldPos085_Cam01_RGB_MB_page_9.png,0,pbs_imgs::FieldPos085_Cam01_RGB_MB,,dataset,train,FieldPos085_Cam01_RGB_MB,pbs_imgs::FieldPos085_Cam01_RGB_MB
pbs_imgs,D:\Dineth\focus_binary_benchmark\dataset\pbs_imgs\unfocused\FieldPos100_Cam01_RGB_MB\FieldPos100_Cam01_RGB_MB_page_1.png,0,pbs_imgs::FieldPos100_Cam01_RGB_MB,,dataset,train,FieldPos100_Cam01_RGB_MB,pbs_imgs::FieldPos100_Cam01_RGB_MB
pbs_imgs,D:\Dineth\focus_binary_benchmark\dataset\pbs_imgs\unfocused\FieldPos100_Cam01_RGB_MB\FieldPos100_Cam01_RGB_MB_page_10.png,0,pbs_imgs::FieldPos100_Cam01_RGB_MB,,dataset,train,FieldPos100_Cam01_RGB_MB,pbs_imgs::FieldPos100_Cam01_RGB_MB
pbs_imgs,D:\Dineth\focus_binary_benchmark\dataset\pbs_imgs\unfocused\FieldPos100_Cam01_RGB_MB\FieldPos100_Cam01_RGB_MB_page_11.png,0,pbs_imgs::FieldPos100_Cam01_RGB_MB,,dataset,train,FieldPos100_Cam01_RGB_MB,pbs_imgs::FieldPos100_Cam01_RGB_MB
pbs_imgs,D:\Dineth\focus_binary_benchmark\dataset\pbs_imgs\unfocused\FieldPos100_Cam01_RGB_MB\FieldPos100_Cam01_RGB_MB_page_12.png,0,pbs_imgs::FieldPos100_Cam01_RGB_MB,,dataset,train,FieldPos100_Cam01_RGB_MB,pbs_imgs::FieldPos100_Cam01_RGB_MB
pbs_imgs,D:\Dineth\focus_binary_benchmark\dataset\pbs_imgs\unfocused\FieldPos100_Cam01_RGB_MB\FieldPos100_Cam01_RGB_MB_page_13.png,0,pbs_imgs::FieldPos100_Cam01_RGB_MB,,dataset,train,FieldPos100_Cam01_RGB_MB,pbs_imgs::FieldPos100_Cam01_RGB_MB
pbs_imgs,D:\Dineth\focus_binary_benchmark\dataset\pbs_imgs\unfocused\FieldPos100_Cam01_RGB_MB\FieldPos100_Cam01_RGB_MB_page_14.png,0,pbs_imgs::FieldPos100_Cam01_RGB_MB,,dataset,train,FieldPos100_Cam01_RGB_MB,pbs_imgs::FieldPos100_Cam01_RGB_MB
pbs_imgs,D:\Dineth\focus_binary_benchmark\dataset\pbs_imgs\unfocused\FieldPos100_Cam01_RGB_MB\FieldPos100_Cam01_RGB_MB_page_15.png,0,pbs_imgs::FieldPos100_Cam01_RGB_MB,,dataset,train,FieldPos100_Cam01_RGB_MB,pbs_imgs::FieldPos100_Cam01_RGB_MB
pbs_imgs,D:\Dineth\focus_binary_benchmark\dataset\pbs_imgs\unfocused\FieldPos100_Cam01_RGB_MB\FieldPos100_Cam01_RGB_MB_page_2.png,0,pbs_imgs::FieldPos100_Cam01_RGB_MB,,dataset,train,FieldPos100_Cam01_RGB_MB,pbs_imgs::FieldPos100_Cam01_RGB_MB
pbs_imgs,D:\Dineth\focus_binary_benchmark\dataset\pbs_imgs\unfocused\FieldPos100_Cam01_RGB_MB\FieldPos100_Cam01_RGB_MB_page_3.png,0,pbs_imgs::FieldPos100_Cam01_RGB_MB,,dataset,train,FieldPos100_Cam01_RGB_MB,pbs_imgs::FieldPos100_Cam01_RGB_MB
pbs_imgs,D:\Dineth\focus_binary_benchmark\dataset\pbs_imgs\unfocused\FieldPos100_Cam01_RGB_MB\FieldPos100_Cam01_RGB_MB_page_4.png,0,pbs_imgs::FieldPos100_Cam01_RGB_MB,,dataset,train,FieldPos100_Cam01_RGB_MB,pbs_imgs::FieldPos100_Cam01_RGB_MB
pbs_imgs,D:\Dineth\focus_binary_benchmark\dataset\pbs_imgs\unfocused\FieldPos100_Cam01_RGB_MB\FieldPos100_Cam01_RGB_MB_page_5.png,0,pbs_imgs::FieldPos100_Cam01_RGB_MB,,dataset,train,FieldPos100_Cam01_RGB_MB,pbs_imgs::FieldPos100_Cam01_RGB_MB
pbs_imgs,D:\Dineth\focus_binary_benchmark\dataset\pbs_imgs\unfocused\FieldPos100_Cam01_RGB_MB\FieldPos100_Cam01_RGB_MB_page_6.png,0,pbs_imgs::FieldPos100_Cam01_RGB_MB,,dataset,train,FieldPos100_Cam01_RGB_MB,pbs_imgs::FieldPos100_Cam01_RGB_MB
pbs_imgs,D:\Dineth\focus_binary_benchmark\dataset\pbs_imgs\unfocused\FieldPos113_Cam01_RGB_MB\FieldPos113_Cam01_RGB_MB_page_4.png,0,pbs_imgs::FieldPos113_Cam01_RGB_MB,,dataset,train,FieldPos113_Cam01_RGB_MB,pbs_imgs::FieldPos113_Cam01_RGB_MB
pbs_imgs,D:\Dineth\focus_binary_benchmark\dataset\pbs_imgs\unfocused\FieldPos113_Cam01_RGB_MB\FieldPos113_Cam01_RGB_MB_page_5.png,0,pbs_imgs::FieldPos113_Cam01_RGB_MB,,dataset,train,FieldPos113_Cam01_RGB_MB,pbs_imgs::FieldPos113_Cam01_RGB_MB
pbs_imgs,D:\Dineth\focus_binary_benchmark\dataset\pbs_imgs\unfocused\FieldPos113_Cam01_RGB_MB\FieldPos113_Cam01_RGB_MB_page_6.png,0,pbs_imgs::FieldPos113_Cam01_RGB_MB,,dataset,train,FieldPos113_Cam01_RGB_MB,pbs_imgs::FieldPos113_Cam01_RGB_MB
pbs_imgs,D:\Dineth\focus_binary_benchmark\dataset\pbs_imgs\unfocused\FieldPos113_Cam01_RGB_MB\FieldPos113_Cam01_RGB_MB_page_7.png,0,pbs_imgs::FieldPos113_Cam01_RGB_MB,,dataset,train,FieldPos113_Cam01_RGB_MB,pbs_imgs::FieldPos113_Cam01_RGB_MB
pbs_imgs,D:\Dineth\focus_binary_benchmark\dataset\pbs_imgs\unfocused\FieldPos113_Cam01_RGB_MB\FieldPos113_Cam01_RGB_MB_page_8.png,0,pbs_imgs::FieldPos113_Cam01_RGB_MB,,dataset,train,FieldPos113_Cam01_RGB_MB,pbs_imgs::FieldPos113_Cam01_RGB_MB
pbs_imgs,D:\Dineth\focus_binary_benchmark\dataset\pbs_imgs\unfocused\FieldPos113_Cam01_RGB_MB\FieldPos113_Cam01_RGB_MB_page_9.png,0,pbs_imgs::FieldPos113_Cam01_RGB_MB,,dataset,train,FieldPos113_Cam01_RGB_MB,pbs_imgs::FieldPos113_Cam01_RGB_MB
pbs_imgs,D:\Dineth\focus_binary_benchmark\dataset\pbs_imgs\unfocused\FieldPos134_Cam01_RGB_MB\FieldPos134_Cam01_RGB_MB_page_1.png,0,pbs_imgs::FieldPos134_Cam01_RGB_MB,,dataset,train,FieldPos134_Cam01_RGB_MB,pbs_imgs::FieldPos134_Cam01_RGB_MB
pbs_imgs,D:\Dineth\focus_binary_benchmark\dataset\pbs_imgs\unfocused\FieldPos134_Cam01_RGB_MB\FieldPos134_Cam01_RGB_MB_page_2.png,0,pbs_imgs::FieldPos134_Cam01_RGB_MB,,dataset,train,FieldPos134_Cam01_RGB_MB,pbs_imgs::FieldPos134_Cam01_RGB_MB
pbs_imgs,D:\Dineth\focus_binary_benchmark\dataset\pbs_imgs\unfocused\FieldPos134_Cam01_RGB_MB\FieldPos134_Cam01_RGB_MB_page_3.png,0,pbs_imgs::FieldPos134_Cam01_RGB_MB,,dataset,train,FieldPos134_Cam01_RGB_MB,pbs_imgs::FieldPos134_Cam01_RGB_MB
pbs_imgs,D:\Dineth\focus_binary_benchmark\dataset\pbs_imgs\unfocused\FieldPos134_Cam01_RGB_MB\FieldPos134_Cam01_RGB_MB_page_4.png,0,pbs_imgs::FieldPos134_Cam01_RGB_MB,,dataset,train,FieldPos134_Cam01_RGB_MB,pbs_imgs::FieldPos134_Cam01_RGB_MB
pbs_imgs,D:\Dineth\focus_binary_benchmark\dataset\pbs_imgs\unfocused\FieldPos134_Cam01_RGB_MB\FieldPos134_Cam01_RGB_MB_page_5.png,0,pbs_imgs::FieldPos134_Cam01_RGB_MB,,dataset,train,FieldPos134_Cam01_RGB_MB,pbs_imgs::FieldPos134_Cam01_RGB_MB
pbs_imgs,D:\Dineth\focus_binary_benchmark\dataset\pbs_imgs\unfocused\FieldPos134_Cam01_RGB_MB\FieldPos134_Cam01_RGB_MB_page_6.png,0,pbs_imgs::FieldPos134_Cam01_RGB_MB,,dataset,train,FieldPos134_Cam01_RGB_MB,pbs_imgs::FieldPos134_Cam01_RGB_MB
pbs_imgs,D:\Dineth\focus_binary_benchmark\dataset\pbs_imgs\unfocused\FieldPos179_Cam01_RGB_MB\FieldPos179_Cam01_RGB_MB_page_1.png,0,pbs_imgs::FieldPos179_Cam01_RGB_MB,,dataset,train,FieldPos179_Cam01_RGB_MB,pbs_imgs::FieldPos179_Cam01_RGB_MB
pbs_imgs,D:\Dineth\focus_binary_benchmark\dataset\pbs_imgs\unfocused\FieldPos179_Cam01_RGB_MB\FieldPos179_Cam01_RGB_MB_page_2.png,0,pbs_imgs::FieldPos179_Cam01_RGB_MB,,dataset,train,FieldPos179_Cam01_RGB_MB,pbs_imgs::FieldPos179_Cam01_RGB_MB
pbs_imgs,D:\Dineth\focus_binary_benchmark\dataset\pbs_imgs\unfocused\FieldPos179_Cam01_RGB_MB\FieldPos179_Cam01_RGB_MB_page_3.png,0,pbs_imgs::FieldPos179_Cam01_RGB_MB,,dataset,train,FieldPos179_Cam01_RGB_MB,pbs_imgs::FieldPos179_Cam01_RGB_MB
pbs_imgs,D:\Dineth\focus_binary_benchmark\dataset\pbs_imgs\unfocused\FieldPos179_Cam01_RGB_MB\FieldPos179_Cam01_RGB_MB_page_4.png,0,pbs_imgs::FieldPos179_Cam01_RGB_MB,,dataset,train,FieldPos179_Cam01_RGB_MB,pbs_imgs::FieldPos179_Cam01_RGB_MB
pbs_imgs,D:\Dineth\focus_binary_benchmark\dataset\pbs_imgs\unfocused\FieldPos179_Cam01_RGB_MB\FieldPos179_Cam01_RGB_MB_page_5.png,0,pbs_imgs::FieldPos179_Cam01_RGB_MB,,dataset,train,FieldPos179_Cam01_RGB_MB,pbs_imgs::FieldPos179_Cam01_RGB_MB
pbs_imgs,D:\Dineth\focus_binary_benchmark\dataset\pbs_imgs\unfocused\FieldPos179_Cam01_RGB_MB\FieldPos179_Cam01_RGB_MB_page_6.png,0,pbs_imgs::FieldPos179_Cam01_RGB_MB,,dataset,train,FieldPos179_Cam01_RGB_MB,pbs_imgs::FieldPos179_Cam01_RGB_MB
pbs_imgs,D:\Dineth\focus_binary_benchmark\dataset\pbs_imgs\unfocused\FieldPos192_Cam01_RGB_MB\FieldPos192_Cam01_RGB_MB_page_1.png,0,pbs_imgs::FieldPos192_Cam01_RGB_MB,,dataset,train,FieldPos192_Cam01_RGB_MB,pbs_imgs::FieldPos192_Cam01_RGB_MB
pbs_imgs,D:\Dineth\focus_binary_benchmark\dataset\pbs_imgs\unfocused\FieldPos192_Cam01_RGB_MB\FieldPos192_Cam01_RGB_MB_page_2.png,0,pbs_imgs::FieldPos192_Cam01_RGB_MB,,dataset,train,FieldPos192_Cam01_RGB_MB,pbs_imgs::FieldPos192_Cam01_RGB_MB
pbs_imgs,D:\Dineth\focus_binary_benchmark\dataset\pbs_imgs\unfocused\FieldPos192_Cam01_RGB_MB\FieldPos192_Cam01_RGB_MB_page_3.png,0,pbs_imgs::FieldPos192_Cam01_RGB_MB,,dataset,train,FieldPos192_Cam01_RGB_MB,pbs_imgs::FieldPos192_Cam01_RGB_MB
pbs_imgs,D:\Dineth\focus_binary_benchmark\dataset\pbs_imgs\unfocused\FieldPos192_Cam01_RGB_MB\FieldPos192_Cam01_RGB_MB_page_4.png,0,pbs_imgs::FieldPos192_Cam01_RGB_MB,,dataset,train,FieldPos192_Cam01_RGB_MB,pbs_imgs::FieldPos192_Cam01_RGB_MB
pbs_imgs,D:\Dineth\focus_binary_benchmark\dataset\pbs_imgs\unfocused\FieldPos192_Cam01_RGB_MB\FieldPos192_Cam01_RGB_MB_page_5.png,0,pbs_imgs::FieldPos192_Cam01_RGB_MB,,dataset,train,FieldPos192_Cam01_RGB_MB,pbs_imgs::FieldPos192_Cam01_RGB_MB
pbs_imgs,D:\Dineth\focus_binary_benchmark\dataset\pbs_imgs\unfocused\FieldPos192_Cam01_RGB_MB\FieldPos192_Cam01_RGB_MB_page_9.png,0,pbs_imgs::FieldPos192_Cam01_RGB_MB,,dataset,train,FieldPos192_Cam01_RGB_MB,pbs_imgs::FieldPos192_Cam01_RGB_MB
pbs_imgs,D:\Dineth\focus_binary_benchmark\dataset\pbs_imgs\unfocused\FieldPos206_Cam01_RGB_MB\FieldPos206_Cam01_RGB_MB_page_1.png,0,pbs_imgs::FieldPos206_Cam01_RGB_MB,,dataset,test,FieldPos206_Cam01_RGB_MB,pbs_imgs::FieldPos206_Cam01_RGB_MB
pbs_imgs,D:\Dineth\focus_binary_benchmark\dataset\pbs_imgs\unfocused\FieldPos206_Cam01_RGB_MB\FieldPos206_Cam01_RGB_MB_page_2.png,0,pbs_imgs::FieldPos206_Cam01_RGB_MB,,dataset,test,FieldPos206_Cam01_RGB_MB,pbs_imgs::FieldPos206_Cam01_RGB_MB
pbs_imgs,D:\Dineth\focus_binary_benchmark\dataset\pbs_imgs\unfocused\FieldPos206_Cam01_RGB_MB\FieldPos206_Cam01_RGB_MB_page_3.png,0,pbs_imgs::FieldPos206_Cam01_RGB_MB,,dataset,test,FieldPos206_Cam01_RGB_MB,pbs_imgs::FieldPos206_Cam01_RGB_MB
pbs_imgs,D:\Dineth\focus_binary_benchmark\dataset\pbs_imgs\unfocused\FieldPos206_Cam01_RGB_MB\FieldPos206_Cam01_RGB_MB_page_4.png,0,pbs_imgs::FieldPos206_Cam01_RGB_MB,,dataset,test,FieldPos206_Cam01_RGB_MB,pbs_imgs::FieldPos206_Cam01_RGB_MB
pbs_imgs,D:\Dineth\focus_binary_benchmark\dataset\pbs_imgs\unfocused\FieldPos206_Cam01_RGB_MB\FieldPos206_Cam01_RGB_MB_page_8.png,0,pbs_imgs::FieldPos206_Cam01_RGB_MB,,dataset,test,FieldPos206_Cam01_RGB_MB,pbs_imgs::FieldPos206_Cam01_RGB_MB
pbs_imgs,D:\Dineth\focus_binary_benchmark\dataset\pbs_imgs\unfocused\FieldPos206_Cam01_RGB_MB\FieldPos206_Cam01_RGB_MB_page_9.png,0,pbs_imgs::FieldPos206_Cam01_RGB_MB,,dataset,test,FieldPos206_Cam01_RGB_MB,pbs_imgs::FieldPos206_Cam01_RGB_MB
pbs_imgs,D:\Dineth\focus_binary_benchmark\dataset\pbs_imgs\unfocused\FieldPos207_Cam01_RGB_MB\FieldPos207_Cam01_RGB_MB_page_1.png,0,pbs_imgs::FieldPos207_Cam01_RGB_MB,,dataset,test,FieldPos207_Cam01_RGB_MB,pbs_imgs::FieldPos207_Cam01_RGB_MB
pbs_imgs,D:\Dineth\focus_binary_benchmark\dataset\pbs_imgs\unfocused\FieldPos207_Cam01_RGB_MB\FieldPos207_Cam01_RGB_MB_page_2.png,0,pbs_imgs::FieldPos207_Cam01_RGB_MB,,dataset,test,FieldPos207_Cam01_RGB_MB,pbs_imgs::FieldPos207_Cam01_RGB_MB
pbs_imgs,D:\Dineth\focus_binary_benchmark\dataset\pbs_imgs\unfocused\FieldPos207_Cam01_RGB_MB\FieldPos207_Cam01_RGB_MB_page_3.png,0,pbs_imgs::FieldPos207_Cam01_RGB_MB,,dataset,test,FieldPos207_Cam01_RGB_MB,pbs_imgs::FieldPos207_Cam01_RGB_MB
pbs_imgs,D:\Dineth\focus_binary_benchmark\dataset\pbs_imgs\unfocused\FieldPos207_Cam01_RGB_MB\FieldPos207_Cam01_RGB_MB_page_4.png,0,pbs_imgs::FieldPos207_Cam01_RGB_MB,,dataset,test,FieldPos207_Cam01_RGB_MB,pbs_imgs::FieldPos207_Cam01_RGB_MB
pbs_imgs,D:\Dineth\focus_binary_benchmark\dataset\pbs_imgs\unfocused\FieldPos207_Cam01_RGB_MB\FieldPos207_Cam01_RGB_MB_page_5.png,0,pbs_imgs::FieldPos207_Cam01_RGB_MB,,dataset,test,FieldPos207_Cam01_RGB_MB,pbs_imgs::FieldPos207_Cam01_RGB_MB
pbs_imgs,D:\Dineth\focus_binary_benchmark\dataset\pbs_imgs\unfocused\FieldPos207_Cam01_RGB_MB\FieldPos207_Cam01_RGB_MB_page_9.png,0,pbs_imgs::FieldPos207_Cam01_RGB_MB,,dataset,test,FieldPos207_Cam01_RGB_MB,pbs_imgs::FieldPos207_Cam01_RGB_MB
pbs_imgs,D:\Dineth\focus_binary_benchmark\dataset\pbs_imgs\unfocused\FieldPos215_Cam01_RGB_MB\FieldPos215_Cam01_RGB_MB_page_4.png,0,pbs_imgs::FieldPos215_Cam01_RGB_MB,,dataset,train,FieldPos215_Cam01_RGB_MB,pbs_imgs::FieldPos215_Cam01_RGB_MB
pbs_imgs,D:\Dineth\focus_binary_benchmark\dataset\pbs_imgs\unfocused\FieldPos215_Cam01_RGB_MB\FieldPos215_Cam01_RGB_MB_page_5.png,0,pbs_imgs::FieldPos215_Cam01_RGB_MB,,dataset,train,FieldPos215_Cam01_RGB_MB,pbs_imgs::FieldPos215_Cam01_RGB_MB
pbs_imgs,D:\Dineth\focus_binary_benchmark\dataset\pbs_imgs\unfocused\FieldPos215_Cam01_RGB_MB\FieldPos215_Cam01_RGB_MB_page_6.png,0,pbs_imgs::FieldPos215_Cam01_RGB_MB,,dataset,train,FieldPos215_Cam01_RGB_MB,pbs_imgs::FieldPos215_Cam01_RGB_MB
pbs_imgs,D:\Dineth\focus_binary_benchmark\dataset\pbs_imgs\unfocused\FieldPos215_Cam01_RGB_MB\FieldPos215_Cam01_RGB_MB_page_7.png,0,pbs_imgs::FieldPos215_Cam01_RGB_MB,,dataset,train,FieldPos215_Cam01_RGB_MB,pbs_imgs::FieldPos215_Cam01_RGB_MB
pbs_imgs,D:\Dineth\focus_binary_benchmark\dataset\pbs_imgs\unfocused\FieldPos215_Cam01_RGB_MB\FieldPos215_Cam01_RGB_MB_page_8.png,0,pbs_imgs::FieldPos215_Cam01_RGB_MB,,dataset,train,FieldPos215_Cam01_RGB_MB,pbs_imgs::FieldPos215_Cam01_RGB_MB
pbs_imgs,D:\Dineth\focus_binary_benchmark\dataset\pbs_imgs\unfocused\FieldPos215_Cam01_RGB_MB\FieldPos215_Cam01_RGB_MB_page_9.png,0,pbs_imgs::FieldPos215_Cam01_RGB_MB,,dataset,train,FieldPos215_Cam01_RGB_MB,pbs_imgs::FieldPos215_Cam01_RGB_MB
pbs_imgs,D:\Dineth\focus_binary_benchmark\dataset\pbs_imgs\unfocused\FieldPos216_Cam01_RGB_MB\FieldPos216_Cam01_RGB_MB_page_1.png,0,pbs_imgs::FieldPos216_Cam01_RGB_MB,,dataset,train,FieldPos216_Cam01_RGB_MB,pbs_imgs::FieldPos216_Cam01_RGB_MB
pbs_imgs,D:\Dineth\focus_binary_benchmark\dataset\pbs_imgs\unfocused\FieldPos216_Cam01_RGB_MB\FieldPos216_Cam01_RGB_MB_page_5.png,0,pbs_imgs::FieldPos216_Cam01_RGB_MB,,dataset,train,FieldPos216_Cam01_RGB_MB,pbs_imgs::FieldPos216_Cam01_RGB_MB
pbs_imgs,D:\Dineth\focus_binary_benchmark\dataset\pbs_imgs\unfocused\FieldPos216_Cam01_RGB_MB\FieldPos216_Cam01_RGB_MB_page_6.png,0,pbs_imgs::FieldPos216_Cam01_RGB_MB,,dataset,train,FieldPos216_Cam01_RGB_MB,pbs_imgs::FieldPos216_Cam01_RGB_MB
pbs_imgs,D:\Dineth\focus_binary_benchmark\dataset\pbs_imgs\unfocused\FieldPos216_Cam01_RGB_MB\FieldPos216_Cam01_RGB_MB_page_7.png,0,pbs_imgs::FieldPos216_Cam01_RGB_MB,,dataset,train,FieldPos216_Cam01_RGB_MB,pbs_imgs::FieldPos216_Cam01_RGB_MB
pbs_imgs,D:\Dineth\focus_binary_benchmark\dataset\pbs_imgs\unfocused\FieldPos216_Cam01_RGB_MB\FieldPos216_Cam01_RGB_MB_page_8.png,0,pbs_imgs::FieldPos216_Cam01_RGB_MB,,dataset,train,FieldPos216_Cam01_RGB_MB,pbs_imgs::FieldPos216_Cam01_RGB_MB
pbs_imgs,D:\Dineth\focus_binary_benchmark\dataset\pbs_imgs\unfocused\FieldPos216_Cam01_RGB_MB\FieldPos216_Cam01_RGB_MB_page_9.png,0,pbs_imgs::FieldPos216_Cam01_RGB_MB,,dataset,train,FieldPos216_Cam01_RGB_MB,pbs_imgs::FieldPos216_Cam01_RGB_MB
pbs_imgs,D:\Dineth\focus_binary_benchmark\dataset\pbs_imgs\unfocused\FieldPos217_Cam01_RGB_MB\FieldPos217_Cam01_RGB_MB_page_4.png,0,pbs_imgs::FieldPos217_Cam01_RGB_MB,,dataset,train,FieldPos217_Cam01_RGB_MB,pbs_imgs::FieldPos217_Cam01_RGB_MB
pbs_imgs,D:\Dineth\focus_binary_benchmark\dataset\pbs_imgs\unfocused\FieldPos217_Cam01_RGB_MB\FieldPos217_Cam01_RGB_MB_page_5.png,0,pbs_imgs::FieldPos217_Cam01_RGB_MB,,dataset,train,FieldPos217_Cam01_RGB_MB,pbs_imgs::FieldPos217_Cam01_RGB_MB
pbs_imgs,D:\Dineth\focus_binary_benchmark\dataset\pbs_imgs\unfocused\FieldPos217_Cam01_RGB_MB\FieldPos217_Cam01_RGB_MB_page_6.png,0,pbs_imgs::FieldPos217_Cam01_RGB_MB,,dataset,train,FieldPos217_Cam01_RGB_MB,pbs_imgs::FieldPos217_Cam01_RGB_MB
pbs_imgs,D:\Dineth\focus_binary_benchmark\dataset\pbs_imgs\unfocused\FieldPos217_Cam01_RGB_MB\FieldPos217_Cam01_RGB_MB_page_7.png,0,pbs_imgs::FieldPos217_Cam01_RGB_MB,,dataset,train,FieldPos217_Cam01_RGB_MB,pbs_imgs::FieldPos217_Cam01_RGB_MB
pbs_imgs,D:\Dineth\focus_binary_benchmark\dataset\pbs_imgs\unfocused\FieldPos217_Cam01_RGB_MB\FieldPos217_Cam01_RGB_MB_page_8.png,0,pbs_imgs::FieldPos217_Cam01_RGB_MB,,dataset,train,FieldPos217_Cam01_RGB_MB,pbs_imgs::FieldPos217_Cam01_RGB_MB
pbs_imgs,D:\Dineth\focus_binary_benchmark\dataset\pbs_imgs\unfocused\FieldPos217_Cam01_RGB_MB\FieldPos217_Cam01_RGB_MB_page_9.png,0,pbs_imgs::FieldPos217_Cam01_RGB_MB,,dataset,train,FieldPos217_Cam01_RGB_MB,pbs_imgs::FieldPos217_Cam01_RGB_MB
pbs_imgs,D:\Dineth\focus_binary_benchmark\dataset\pbs_imgs\unfocused\FieldPos218_Cam01_RGB_MB\FieldPos218_Cam01_RGB_MB_page_1.png,0,pbs_imgs::FieldPos218_Cam01_RGB_MB,,dataset,train,FieldPos218_Cam01_RGB_MB,pbs_imgs::FieldPos218_Cam01_RGB_MB
pbs_imgs,D:\Dineth\focus_binary_benchmark\dataset\pbs_imgs\unfocused\FieldPos218_Cam01_RGB_MB\FieldPos218_Cam01_RGB_MB_page_2.png,0,pbs_imgs::FieldPos218_Cam01_RGB_MB,,dataset,train,FieldPos218_Cam01_RGB_MB,pbs_imgs::FieldPos218_Cam01_RGB_MB
pbs_imgs,D:\Dineth\focus_binary_benchmark\dataset\pbs_imgs\unfocused\FieldPos218_Cam01_RGB_MB\FieldPos218_Cam01_RGB_MB_page_3.png,0,pbs_imgs::FieldPos218_Cam01_RGB_MB,,dataset,train,FieldPos218_Cam01_RGB_MB,pbs_imgs::FieldPos218_Cam01_RGB_MB
pbs_imgs,D:\Dineth\focus_binary_benchmark\dataset\pbs_imgs\unfocused\FieldPos218_Cam01_RGB_MB\FieldPos218_Cam01_RGB_MB_page_4.png,0,pbs_imgs::FieldPos218_Cam01_RGB_MB,,dataset,train,FieldPos218_Cam01_RGB_MB,pbs_imgs::FieldPos218_Cam01_RGB_MB
pbs_imgs,D:\Dineth\focus_binary_benchmark\dataset\pbs_imgs\unfocused\FieldPos218_Cam01_RGB_MB\FieldPos218_Cam01_RGB_MB_page_5.png,0,pbs_imgs::FieldPos218_Cam01_RGB_MB,,dataset,train,FieldPos218_Cam01_RGB_MB,pbs_imgs::FieldPos218_Cam01_RGB_MB
pbs_imgs,D:\Dineth\focus_binary_benchmark\dataset\pbs_imgs\unfocused\FieldPos218_Cam01_RGB_MB\FieldPos218_Cam01_RGB_MB_page_6.png,0,pbs_imgs::FieldPos218_Cam01_RGB_MB,,dataset,train,FieldPos218_Cam01_RGB_MB,pbs_imgs::FieldPos218_Cam01_RGB_MB
pbs_imgs,D:\Dineth\focus_binary_benchmark\dataset\pbs_imgs\unfocused\FieldPos219_Cam01_RGB_MB\FieldPos219_Cam01_RGB_MB_page_1.png,0,pbs_imgs::FieldPos219_Cam01_RGB_MB,,dataset,train,FieldPos219_Cam01_RGB_MB,pbs_imgs::FieldPos219_Cam01_RGB_MB
pbs_imgs,D:\Dineth\focus_binary_benchmark\dataset\pbs_imgs\unfocused\FieldPos219_Cam01_RGB_MB\FieldPos219_Cam01_RGB_MB_page_2.png,0,pbs_imgs::FieldPos219_Cam01_RGB_MB,,dataset,train,FieldPos219_Cam01_RGB_MB,pbs_imgs::FieldPos219_Cam01_RGB_MB
pbs_imgs,D:\Dineth\focus_binary_benchmark\dataset\pbs_imgs\unfocused\FieldPos219_Cam01_RGB_MB\FieldPos219_Cam01_RGB_MB_page_6.png,0,pbs_imgs::FieldPos219_Cam01_RGB_MB,,dataset,train,FieldPos219_Cam01_RGB_MB,pbs_imgs::FieldPos219_Cam01_RGB_MB
pbs_imgs,D:\Dineth\focus_binary_benchmark\dataset\pbs_imgs\unfocused\FieldPos219_Cam01_RGB_MB\FieldPos219_Cam01_RGB_MB_page_7.png,0,pbs_imgs::FieldPos219_Cam01_RGB_MB,,dataset,train,FieldPos219_Cam01_RGB_MB,pbs_imgs::FieldPos219_Cam01_RGB_MB
pbs_imgs,D:\Dineth\focus_binary_benchmark\dataset\pbs_imgs\unfocused\FieldPos219_Cam01_RGB_MB\FieldPos219_Cam01_RGB_MB_page_8.png,0,pbs_imgs::FieldPos219_Cam01_RGB_MB,,dataset,train,FieldPos219_Cam01_RGB_MB,pbs_imgs::FieldPos219_Cam01_RGB_MB
pbs_imgs,D:\Dineth\focus_binary_benchmark\dataset\pbs_imgs\unfocused\FieldPos219_Cam01_RGB_MB\FieldPos219_Cam01_RGB_MB_page_9.png,0,pbs_imgs::FieldPos219_Cam01_RGB_MB,,dataset,train,FieldPos219_Cam01_RGB_MB,pbs_imgs::FieldPos219_Cam01_RGB_MB
pbs_imgs,D:\Dineth\focus_binary_benchmark\dataset\pbs_imgs\unfocused\FieldPos227_Cam01_RGB_MB\FieldPos227_Cam01_RGB_MB_page_4.png,0,pbs_imgs::FieldPos227_Cam01_RGB_MB,,dataset,test,FieldPos227_Cam01_RGB_MB,pbs_imgs::FieldPos227_Cam01_RGB_MB
pbs_imgs,D:\Dineth\focus_binary_benchmark\dataset\pbs_imgs\unfocused\FieldPos227_Cam01_RGB_MB\FieldPos227_Cam01_RGB_MB_page_5.png,0,pbs_imgs::FieldPos227_Cam01_RGB_MB,,dataset,test,FieldPos227_Cam01_RGB_MB,pbs_imgs::FieldPos227_Cam01_RGB_MB
pbs_imgs,D:\Dineth\focus_binary_benchmark\dataset\pbs_imgs\unfocused\FieldPos227_Cam01_RGB_MB\FieldPos227_Cam01_RGB_MB_page_6.png,0,pbs_imgs::FieldPos227_Cam01_RGB_MB,,dataset,test,FieldPos227_Cam01_RGB_MB,pbs_imgs::FieldPos227_Cam01_RGB_MB
pbs_imgs,D:\Dineth\focus_binary_benchmark\dataset\pbs_imgs\unfocused\FieldPos227_Cam01_RGB_MB\FieldPos227_Cam01_RGB_MB_page_7.png,0,pbs_imgs::FieldPos227_Cam01_RGB_MB,,dataset,test,FieldPos227_Cam01_RGB_MB,pbs_imgs::FieldPos227_Cam01_RGB_MB
pbs_imgs,D:\Dineth\focus_binary_benchmark\dataset\pbs_imgs\unfocused\FieldPos227_Cam01_RGB_MB\FieldPos227_Cam01_RGB_MB_page_8.png,0,pbs_imgs::FieldPos227_Cam01_RGB_MB,,dataset,test,FieldPos227_Cam01_RGB_MB,pbs_imgs::FieldPos227_Cam01_RGB_MB
pbs_imgs,D:\Dineth\focus_binary_benchmark\dataset\pbs_imgs\unfocused\FieldPos227_Cam01_RGB_MB\FieldPos227_Cam01_RGB_MB_page_9.png,0,pbs_imgs::FieldPos227_Cam01_RGB_MB,,dataset,test,FieldPos227_Cam01_RGB_MB,pbs_imgs::FieldPos227_Cam01_RGB_MB
pbs_imgs,D:\Dineth\focus_binary_benchmark\dataset\pbs_imgs\unfocused\FieldPos231_Cam01_RGB_MB\FieldPos231_Cam01_RGB_MB_page_1.png,0,pbs_imgs::FieldPos231_Cam01_RGB_MB,,dataset,val,FieldPos231_Cam01_RGB_MB,pbs_imgs::FieldPos231_Cam01_RGB_MB
pbs_imgs,D:\Dineth\focus_binary_benchmark\dataset\pbs_imgs\unfocused\FieldPos231_Cam01_RGB_MB\FieldPos231_Cam01_RGB_MB_page_2.png,0,pbs_imgs::FieldPos231_Cam01_RGB_MB,,dataset,val,FieldPos231_Cam01_RGB_MB,pbs_imgs::FieldPos231_Cam01_RGB_MB
pbs_imgs,D:\Dineth\focus_binary_benchmark\dataset\pbs_imgs\unfocused\FieldPos231_Cam01_RGB_MB\FieldPos231_Cam01_RGB_MB_page_3.png,0,pbs_imgs::FieldPos231_Cam01_RGB_MB,,dataset,val,FieldPos231_Cam01_RGB_MB,pbs_imgs::FieldPos231_Cam01_RGB_MB
pbs_imgs,D:\Dineth\focus_binary_benchmark\dataset\pbs_imgs\unfocused\FieldPos231_Cam01_RGB_MB\FieldPos231_Cam01_RGB_MB_page_4.png,0,pbs_imgs::FieldPos231_Cam01_RGB_MB,,dataset,val,FieldPos231_Cam01_RGB_MB,pbs_imgs::FieldPos231_Cam01_RGB_MB
pbs_imgs,D:\Dineth\focus_binary_benchmark\dataset\pbs_imgs\unfocused\FieldPos231_Cam01_RGB_MB\FieldPos231_Cam01_RGB_MB_page_8.png,0,pbs_imgs::FieldPos231_Cam01_RGB_MB,,dataset,val,FieldPos231_Cam01_RGB_MB,pbs_imgs::FieldPos231_Cam01_RGB_MB
pbs_imgs,D:\Dineth\focus_binary_benchmark\dataset\pbs_imgs\unfocused\FieldPos231_Cam01_RGB_MB\FieldPos231_Cam01_RGB_MB_page_9.png,0,pbs_imgs::FieldPos231_Cam01_RGB_MB,,dataset,val,FieldPos231_Cam01_RGB_MB,pbs_imgs::FieldPos231_Cam01_RGB_MB
pbs_imgs,D:\Dineth\focus_binary_benchmark\dataset\pbs_imgs\unfocused\FieldPos237_Cam01_RGB_MB\FieldPos237_Cam01_RGB_MB_page_1.png,0,pbs_imgs::FieldPos237_Cam01_RGB_MB,,dataset,val,FieldPos237_Cam01_RGB_MB,pbs_imgs::FieldPos237_Cam01_RGB_MB
pbs_imgs,D:\Dineth\focus_binary_benchmark\dataset\pbs_imgs\unfocused\FieldPos237_Cam01_RGB_MB\FieldPos237_Cam01_RGB_MB_page_2.png,0,pbs_imgs::FieldPos237_Cam01_RGB_MB,,dataset,val,FieldPos237_Cam01_RGB_MB,pbs_imgs::FieldPos237_Cam01_RGB_MB
pbs_imgs,D:\Dineth\focus_binary_benchmark\dataset\pbs_imgs\unfocused\FieldPos237_Cam01_RGB_MB\FieldPos237_Cam01_RGB_MB_page_6.png,0,pbs_imgs::FieldPos237_Cam01_RGB_MB,,dataset,val,FieldPos237_Cam01_RGB_MB,pbs_imgs::FieldPos237_Cam01_RGB_MB
pbs_imgs,D:\Dineth\focus_binary_benchmark\dataset\pbs_imgs\unfocused\FieldPos237_Cam01_RGB_MB\FieldPos237_Cam01_RGB_MB_page_7.png,0,pbs_imgs::FieldPos237_Cam01_RGB_MB,,dataset,val,FieldPos237_Cam01_RGB_MB,pbs_imgs::FieldPos237_Cam01_RGB_MB
pbs_imgs,D:\Dineth\focus_binary_benchmark\dataset\pbs_imgs\unfocused\FieldPos237_Cam01_RGB_MB\FieldPos237_Cam01_RGB_MB_page_8.png,0,pbs_imgs::FieldPos237_Cam01_RGB_MB,,dataset,val,FieldPos237_Cam01_RGB_MB,pbs_imgs::FieldPos237_Cam01_RGB_MB
pbs_imgs,D:\Dineth\focus_binary_benchmark\dataset\pbs_imgs\unfocused\FieldPos237_Cam01_RGB_MB\FieldPos237_Cam01_RGB_MB_page_9.png,0,pbs_imgs::FieldPos237_Cam01_RGB_MB,,dataset,val,FieldPos237_Cam01_RGB_MB,pbs_imgs::FieldPos237_Cam01_RGB_MB
pbs_imgs,D:\Dineth\focus_binary_benchmark\dataset\pbs_imgs\unfocused\FieldPos238_Cam01_RGB_MB\FieldPos238_Cam01_RGB_MB_page_4.png,0,pbs_imgs::FieldPos238_Cam01_RGB_MB,,dataset,train,FieldPos238_Cam01_RGB_MB,pbs_imgs::FieldPos238_Cam01_RGB_MB
pbs_imgs,D:\Dineth\focus_binary_benchmark\dataset\pbs_imgs\unfocused\FieldPos238_Cam01_RGB_MB\FieldPos238_Cam01_RGB_MB_page_5.png,0,pbs_imgs::FieldPos238_Cam01_RGB_MB,,dataset,train,FieldPos238_Cam01_RGB_MB,pbs_imgs::FieldPos238_Cam01_RGB_MB
pbs_imgs,D:\Dineth\focus_binary_benchmark\dataset\pbs_imgs\unfocused\FieldPos238_Cam01_RGB_MB\FieldPos238_Cam01_RGB_MB_page_6.png,0,pbs_imgs::FieldPos238_Cam01_RGB_MB,,dataset,train,FieldPos238_Cam01_RGB_MB,pbs_imgs::FieldPos238_Cam01_RGB_MB
pbs_imgs,D:\Dineth\focus_binary_benchmark\dataset\pbs_imgs\unfocused\FieldPos238_Cam01_RGB_MB\FieldPos238_Cam01_RGB_MB_page_7.png,0,pbs_imgs::FieldPos238_Cam01_RGB_MB,,dataset,train,FieldPos238_Cam01_RGB_MB,pbs_imgs::FieldPos238_Cam01_RGB_MB
pbs_imgs,D:\Dineth\focus_binary_benchmark\dataset\pbs_imgs\unfocused\FieldPos238_Cam01_RGB_MB\FieldPos238_Cam01_RGB_MB_page_8.png,0,pbs_imgs::FieldPos238_Cam01_RGB_MB,,dataset,train,FieldPos238_Cam01_RGB_MB,pbs_imgs::FieldPos238_Cam01_RGB_MB
pbs_imgs,D:\Dineth\focus_binary_benchmark\dataset\pbs_imgs\unfocused\FieldPos238_Cam01_RGB_MB\FieldPos238_Cam01_RGB_MB_page_9.png,0,pbs_imgs::FieldPos238_Cam01_RGB_MB,,dataset,train,FieldPos238_Cam01_RGB_MB,pbs_imgs::FieldPos238_Cam01_RGB_MB
pbs_imgs,D:\Dineth\focus_binary_benchmark\dataset\pbs_imgs\unfocused\FieldPos240_Cam01_RGB_MB\FieldPos240_Cam01_RGB_MB_page_1.png,0,pbs_imgs::FieldPos240_Cam01_RGB_MB,,dataset,train,FieldPos240_Cam01_RGB_MB,pbs_imgs::FieldPos240_Cam01_RGB_MB
pbs_imgs,D:\Dineth\focus_binary_benchmark\dataset\pbs_imgs\unfocused\FieldPos240_Cam01_RGB_MB\FieldPos240_Cam01_RGB_MB_page_10.png,0,pbs_imgs::FieldPos240_Cam01_RGB_MB,,dataset,train,FieldPos240_Cam01_RGB_MB,pbs_imgs::FieldPos240_Cam01_RGB_MB
pbs_imgs,D:\Dineth\focus_binary_benchmark\dataset\pbs_imgs\unfocused\FieldPos240_Cam01_RGB_MB\FieldPos240_Cam01_RGB_MB_page_11.png,0,pbs_imgs::FieldPos240_Cam01_RGB_MB,,dataset,train,FieldPos240_Cam01_RGB_MB,pbs_imgs::FieldPos240_Cam01_RGB_MB
pbs_imgs,D:\Dineth\focus_binary_benchmark\dataset\pbs_imgs\unfocused\FieldPos240_Cam01_RGB_MB\FieldPos240_Cam01_RGB_MB_page_12.png,0,pbs_imgs::FieldPos240_Cam01_RGB_MB,,dataset,train,FieldPos240_Cam01_RGB_MB,pbs_imgs::FieldPos240_Cam01_RGB_MB
pbs_imgs,D:\Dineth\focus_binary_benchmark\dataset\pbs_imgs\unfocused\FieldPos240_Cam01_RGB_MB\FieldPos240_Cam01_RGB_MB_page_13.png,0,pbs_imgs::FieldPos240_Cam01_RGB_MB,,dataset,train,FieldPos240_Cam01_RGB_MB,pbs_imgs::FieldPos240_Cam01_RGB_MB
pbs_imgs,D:\Dineth\focus_binary_benchmark\dataset\pbs_imgs\unfocused\FieldPos240_Cam01_RGB_MB\FieldPos240_Cam01_RGB_MB_page_14.png,0,pbs_imgs::FieldPos240_Cam01_RGB_MB,,dataset,train,FieldPos240_Cam01_RGB_MB,pbs_imgs::FieldPos240_Cam01_RGB_MB
pbs_imgs,D:\Dineth\focus_binary_benchmark\dataset\pbs_imgs\unfocused\FieldPos240_Cam01_RGB_MB\FieldPos240_Cam01_RGB_MB_page_15.png,0,pbs_imgs::FieldPos240_Cam01_RGB_MB,,dataset,train,FieldPos240_Cam01_RGB_MB,pbs_imgs::FieldPos240_Cam01_RGB_MB
pbs_imgs,D:\Dineth\focus_binary_benchmark\dataset\pbs_imgs\unfocused\FieldPos240_Cam01_RGB_MB\FieldPos240_Cam01_RGB_MB_page_2.png,0,pbs_imgs::FieldPos240_Cam01_RGB_MB,,dataset,train,FieldPos240_Cam01_RGB_MB,pbs_imgs::FieldPos240_Cam01_RGB_MB
pbs_imgs,D:\Dineth\focus_binary_benchmark\dataset\pbs_imgs\unfocused\FieldPos240_Cam01_RGB_MB\FieldPos240_Cam01_RGB_MB_page_3.png,0,pbs_imgs::FieldPos240_Cam01_RGB_MB,,dataset,train,FieldPos240_Cam01_RGB_MB,pbs_imgs::FieldPos240_Cam01_RGB_MB
pbs_imgs,D:\Dineth\focus_binary_benchmark\dataset\pbs_imgs\unfocused\FieldPos240_Cam01_RGB_MB\FieldPos240_Cam01_RGB_MB_page_4.png,0,pbs_imgs::FieldPos240_Cam01_RGB_MB,,dataset,train,FieldPos240_Cam01_RGB_MB,pbs_imgs::FieldPos240_Cam01_RGB_MB
pbs_imgs,D:\Dineth\focus_binary_benchmark\dataset\pbs_imgs\unfocused\FieldPos240_Cam01_RGB_MB\FieldPos240_Cam01_RGB_MB_page_8.png,0,pbs_imgs::FieldPos240_Cam01_RGB_MB,,dataset,train,FieldPos240_Cam01_RGB_MB,pbs_imgs::FieldPos240_Cam01_RGB_MB
pbs_imgs,D:\Dineth\focus_binary_benchmark\dataset\pbs_imgs\unfocused\FieldPos240_Cam01_RGB_MB\FieldPos240_Cam01_RGB_MB_page_9.png,0,pbs_imgs::FieldPos240_Cam01_RGB_MB,,dataset,train,FieldPos240_Cam01_RGB_MB,pbs_imgs::FieldPos240_Cam01_RGB_MB
pbs_imgs,D:\Dineth\focus_binary_benchmark\dataset\pbs_imgs\unfocused\FieldPos241_Cam01_RGB_MB\FieldPos241_Cam01_RGB_MB_page_1.png,0,pbs_imgs::FieldPos241_Cam01_RGB_MB,,dataset,val,FieldPos241_Cam01_RGB_MB,pbs_imgs::FieldPos241_Cam01_RGB_MB
pbs_imgs,D:\Dineth\focus_binary_benchmark\dataset\pbs_imgs\unfocused\FieldPos241_Cam01_RGB_MB\FieldPos241_Cam01_RGB_MB_page_10.png,0,pbs_imgs::FieldPos241_Cam01_RGB_MB,,dataset,val,FieldPos241_Cam01_RGB_MB,pbs_imgs::FieldPos241_Cam01_RGB_MB
pbs_imgs,D:\Dineth\focus_binary_benchmark\dataset\pbs_imgs\unfocused\FieldPos241_Cam01_RGB_MB\FieldPos241_Cam01_RGB_MB_page_11.png,0,pbs_imgs::FieldPos241_Cam01_RGB_MB,,dataset,val,FieldPos241_Cam01_RGB_MB,pbs_imgs::FieldPos241_Cam01_RGB_MB
pbs_imgs,D:\Dineth\focus_binary_benchmark\dataset\pbs_imgs\unfocused\FieldPos241_Cam01_RGB_MB\FieldPos241_Cam01_RGB_MB_page_12.png,0,pbs_imgs::FieldPos241_Cam01_RGB_MB,,dataset,val,FieldPos241_Cam01_RGB_MB,pbs_imgs::FieldPos241_Cam01_RGB_MB
pbs_imgs,D:\Dineth\focus_binary_benchmark\dataset\pbs_imgs\unfocused\FieldPos241_Cam01_RGB_MB\FieldPos241_Cam01_RGB_MB_page_13.png,0,pbs_imgs::FieldPos241_Cam01_RGB_MB,,dataset,val,FieldPos241_Cam01_RGB_MB,pbs_imgs::FieldPos241_Cam01_RGB_MB
pbs_imgs,D:\Dineth\focus_binary_benchmark\dataset\pbs_imgs\unfocused\FieldPos241_Cam01_RGB_MB\FieldPos241_Cam01_RGB_MB_page_14.png,0,pbs_imgs::FieldPos241_Cam01_RGB_MB,,dataset,val,FieldPos241_Cam01_RGB_MB,pbs_imgs::FieldPos241_Cam01_RGB_MB
pbs_imgs,D:\Dineth\focus_binary_benchmark\dataset\pbs_imgs\unfocused\FieldPos241_Cam01_RGB_MB\FieldPos241_Cam01_RGB_MB_page_15.png,0,pbs_imgs::FieldPos241_Cam01_RGB_MB,,dataset,val,FieldPos241_Cam01_RGB_MB,pbs_imgs::FieldPos241_Cam01_RGB_MB
pbs_imgs,D:\Dineth\focus_binary_benchmark\dataset\pbs_imgs\unfocused\FieldPos241_Cam01_RGB_MB\FieldPos241_Cam01_RGB_MB_page_2.png,0,pbs_imgs::FieldPos241_Cam01_RGB_MB,,dataset,val,FieldPos241_Cam01_RGB_MB,pbs_imgs::FieldPos241_Cam01_RGB_MB
pbs_imgs,D:\Dineth\focus_binary_benchmark\dataset\pbs_imgs\unfocused\FieldPos241_Cam01_RGB_MB\FieldPos241_Cam01_RGB_MB_page_6.png,0,pbs_imgs::FieldPos241_Cam01_RGB_MB,,dataset,val,FieldPos241_Cam01_RGB_MB,pbs_imgs::FieldPos241_Cam01_RGB_MB
pbs_imgs,D:\Dineth\focus_binary_benchmark\dataset\pbs_imgs\unfocused\FieldPos241_Cam01_RGB_MB\FieldPos241_Cam01_RGB_MB_page_7.png,0,pbs_imgs::FieldPos241_Cam01_RGB_MB,,dataset,val,FieldPos241_Cam01_RGB_MB,pbs_imgs::FieldPos241_Cam01_RGB_MB
pbs_imgs,D:\Dineth\focus_binary_benchmark\dataset\pbs_imgs\unfocused\FieldPos241_Cam01_RGB_MB\FieldPos241_Cam01_RGB_MB_page_8.png,0,pbs_imgs::FieldPos241_Cam01_RGB_MB,,dataset,val,FieldPos241_Cam01_RGB_MB,pbs_imgs::FieldPos241_Cam01_RGB_MB
pbs_imgs,D:\Dineth\focus_binary_benchmark\dataset\pbs_imgs\unfocused\FieldPos241_Cam01_RGB_MB\FieldPos241_Cam01_RGB_MB_page_9.png,0,pbs_imgs::FieldPos241_Cam01_RGB_MB,,dataset,val,FieldPos241_Cam01_RGB_MB,pbs_imgs::FieldPos241_Cam01_RGB_MB
pbs_imgs,D:\Dineth\focus_binary_benchmark\dataset\pbs_imgs\unfocused\FieldPos255_Cam01_RGB_MB\FieldPos255_Cam01_RGB_MB_page_4.png,0,pbs_imgs::FieldPos255_Cam01_RGB_MB,,dataset,val,FieldPos255_Cam01_RGB_MB,pbs_imgs::FieldPos255_Cam01_RGB_MB
pbs_imgs,D:\Dineth\focus_binary_benchmark\dataset\pbs_imgs\unfocused\FieldPos255_Cam01_RGB_MB\FieldPos255_Cam01_RGB_MB_page_5.png,0,pbs_imgs::FieldPos255_Cam01_RGB_MB,,dataset,val,FieldPos255_Cam01_RGB_MB,pbs_imgs::FieldPos255_Cam01_RGB_MB
pbs_imgs,D:\Dineth\focus_binary_benchmark\dataset\pbs_imgs\unfocused\FieldPos255_Cam01_RGB_MB\FieldPos255_Cam01_RGB_MB_page_6.png,0,pbs_imgs::FieldPos255_Cam01_RGB_MB,,dataset,val,FieldPos255_Cam01_RGB_MB,pbs_imgs::FieldPos255_Cam01_RGB_MB
pbs_imgs,D:\Dineth\focus_binary_benchmark\dataset\pbs_imgs\unfocused\FieldPos255_Cam01_RGB_MB\FieldPos255_Cam01_RGB_MB_page_7.png,0,pbs_imgs::FieldPos255_Cam01_RGB_MB,,dataset,val,FieldPos255_Cam01_RGB_MB,pbs_imgs::FieldPos255_Cam01_RGB_MB
pbs_imgs,D:\Dineth\focus_binary_benchmark\dataset\pbs_imgs\unfocused\FieldPos255_Cam01_RGB_MB\FieldPos255_Cam01_RGB_MB_page_8.png,0,pbs_imgs::FieldPos255_Cam01_RGB_MB,,dataset,val,FieldPos255_Cam01_RGB_MB,pbs_imgs::FieldPos255_Cam01_RGB_MB
pbs_imgs,D:\Dineth\focus_binary_benchmark\dataset\pbs_imgs\unfocused\FieldPos255_Cam01_RGB_MB\FieldPos255_Cam01_RGB_MB_page_9.png,0,pbs_imgs::FieldPos255_Cam01_RGB_MB,,dataset,val,FieldPos255_Cam01_RGB_MB,pbs_imgs::FieldPos255_Cam01_RGB_MB
pbs_imgs,D:\Dineth\focus_binary_benchmark\dataset\pbs_imgs\unfocused\FieldPos256_Cam01_RGB_MB\FieldPos256_Cam01_RGB_MB_page_1.png,0,pbs_imgs::FieldPos256_Cam01_RGB_MB,,dataset,val,FieldPos256_Cam01_RGB_MB,pbs_imgs::FieldPos256_Cam01_RGB_MB
pbs_imgs,D:\Dineth\focus_binary_benchmark\dataset\pbs_imgs\unfocused\FieldPos256_Cam01_RGB_MB\FieldPos256_Cam01_RGB_MB_page_2.png,0,pbs_imgs::FieldPos256_Cam01_RGB_MB,,dataset,val,FieldPos256_Cam01_RGB_MB,pbs_imgs::FieldPos256_Cam01_RGB_MB
pbs_imgs,D:\Dineth\focus_binary_benchmark\dataset\pbs_imgs\unfocused\FieldPos256_Cam01_RGB_MB\FieldPos256_Cam01_RGB_MB_page_3.png,0,pbs_imgs::FieldPos256_Cam01_RGB_MB,,dataset,val,FieldPos256_Cam01_RGB_MB,pbs_imgs::FieldPos256_Cam01_RGB_MB
pbs_imgs,D:\Dineth\focus_binary_benchmark\dataset\pbs_imgs\unfocused\FieldPos256_Cam01_RGB_MB\FieldPos256_Cam01_RGB_MB_page_4.png,0,pbs_imgs::FieldPos256_Cam01_RGB_MB,,dataset,val,FieldPos256_Cam01_RGB_MB,pbs_imgs::FieldPos256_Cam01_RGB_MB
pbs_imgs,D:\Dineth\focus_binary_benchmark\dataset\pbs_imgs\unfocused\FieldPos256_Cam01_RGB_MB\FieldPos256_Cam01_RGB_MB_page_5.png,0,pbs_imgs::FieldPos256_Cam01_RGB_MB,,dataset,val,FieldPos256_Cam01_RGB_MB,pbs_imgs::FieldPos256_Cam01_RGB_MB
pbs_imgs,D:\Dineth\focus_binary_benchmark\dataset\pbs_imgs\unfocused\FieldPos256_Cam01_RGB_MB\FieldPos256_Cam01_RGB_MB_page_9.png,0,pbs_imgs::FieldPos256_Cam01_RGB_MB,,dataset,val,FieldPos256_Cam01_RGB_MB,pbs_imgs::FieldPos256_Cam01_RGB_MB
pbs_imgs,D:\Dineth\focus_binary_benchmark\dataset\pbs_imgs\unfocused\FieldPos278_Cam01_RGB_MB\FieldPos278_Cam01_RGB_MB_page_1.png,0,pbs_imgs::FieldPos278_Cam01_RGB_MB,,dataset,val,FieldPos278_Cam01_RGB_MB,pbs_imgs::FieldPos278_Cam01_RGB_MB
pbs_imgs,D:\Dineth\focus_binary_benchmark\dataset\pbs_imgs\unfocused\FieldPos278_Cam01_RGB_MB\FieldPos278_Cam01_RGB_MB_page_10.png,0,pbs_imgs::FieldPos278_Cam01_RGB_MB,,dataset,val,FieldPos278_Cam01_RGB_MB,pbs_imgs::FieldPos278_Cam01_RGB_MB
pbs_imgs,D:\Dineth\focus_binary_benchmark\dataset\pbs_imgs\unfocused\FieldPos278_Cam01_RGB_MB\FieldPos278_Cam01_RGB_MB_page_11.png,0,pbs_imgs::FieldPos278_Cam01_RGB_MB,,dataset,val,FieldPos278_Cam01_RGB_MB,pbs_imgs::FieldPos278_Cam01_RGB_MB
pbs_imgs,D:\Dineth\focus_binary_benchmark\dataset\pbs_imgs\unfocused\FieldPos278_Cam01_RGB_MB\FieldPos278_Cam01_RGB_MB_page_12.png,0,pbs_imgs::FieldPos278_Cam01_RGB_MB,,dataset,val,FieldPos278_Cam01_RGB_MB,pbs_imgs::FieldPos278_Cam01_RGB_MB
pbs_imgs,D:\Dineth\focus_binary_benchmark\dataset\pbs_imgs\unfocused\FieldPos278_Cam01_RGB_MB\FieldPos278_Cam01_RGB_MB_page_13.png,0,pbs_imgs::FieldPos278_Cam01_RGB_MB,,dataset,val,FieldPos278_Cam01_RGB_MB,pbs_imgs::FieldPos278_Cam01_RGB_MB
pbs_imgs,D:\Dineth\focus_binary_benchmark\dataset\pbs_imgs\unfocused\FieldPos278_Cam01_RGB_MB\FieldPos278_Cam01_RGB_MB_page_14.png,0,pbs_imgs::FieldPos278_Cam01_RGB_MB,,dataset,val,FieldPos278_Cam01_RGB_MB,pbs_imgs::FieldPos278_Cam01_RGB_MB
pbs_imgs,D:\Dineth\focus_binary_benchmark\dataset\pbs_imgs\unfocused\FieldPos278_Cam01_RGB_MB\FieldPos278_Cam01_RGB_MB_page_15.png,0,pbs_imgs::FieldPos278_Cam01_RGB_MB,,dataset,val,FieldPos278_Cam01_RGB_MB,pbs_imgs::FieldPos278_Cam01_RGB_MB
pbs_imgs,D:\Dineth\focus_binary_benchmark\dataset\pbs_imgs\unfocused\FieldPos278_Cam01_RGB_MB\FieldPos278_Cam01_RGB_MB_page_5.png,0,pbs_imgs::FieldPos278_Cam01_RGB_MB,,dataset,val,FieldPos278_Cam01_RGB_MB,pbs_imgs::FieldPos278_Cam01_RGB_MB
pbs_imgs,D:\Dineth\focus_binary_benchmark\dataset\pbs_imgs\unfocused\FieldPos278_Cam01_RGB_MB\FieldPos278_Cam01_RGB_MB_page_6.png,0,pbs_imgs::FieldPos278_Cam01_RGB_MB,,dataset,val,FieldPos278_Cam01_RGB_MB,pbs_imgs::FieldPos278_Cam01_RGB_MB
pbs_imgs,D:\Dineth\focus_binary_benchmark\dataset\pbs_imgs\unfocused\FieldPos278_Cam01_RGB_MB\FieldPos278_Cam01_RGB_MB_page_7.png,0,pbs_imgs::FieldPos278_Cam01_RGB_MB,,dataset,val,FieldPos278_Cam01_RGB_MB,pbs_imgs::FieldPos278_Cam01_RGB_MB
pbs_imgs,D:\Dineth\focus_binary_benchmark\dataset\pbs_imgs\unfocused\FieldPos278_Cam01_RGB_MB\FieldPos278_Cam01_RGB_MB_page_8.png,0,pbs_imgs::FieldPos278_Cam01_RGB_MB,,dataset,val,FieldPos278_Cam01_RGB_MB,pbs_imgs::FieldPos278_Cam01_RGB_MB
pbs_imgs,D:\Dineth\focus_binary_benchmark\dataset\pbs_imgs\unfocused\FieldPos278_Cam01_RGB_MB\FieldPos278_Cam01_RGB_MB_page_9.png,0,pbs_imgs::FieldPos278_Cam01_RGB_MB,,dataset,val,FieldPos278_Cam01_RGB_MB,pbs_imgs::FieldPos278_Cam01_RGB_MB
pbs_imgs,D:\Dineth\focus_binary_benchmark\dataset\pbs_imgs\unfocused\FieldPos280_Cam01_RGB_MB\FieldPos280_Cam01_RGB_MB_page_1.png,0,pbs_imgs::FieldPos280_Cam01_RGB_MB,,dataset,train,FieldPos280_Cam01_RGB_MB,pbs_imgs::FieldPos280_Cam01_RGB_MB
pbs_imgs,D:\Dineth\focus_binary_benchmark\dataset\pbs_imgs\unfocused\FieldPos280_Cam01_RGB_MB\FieldPos280_Cam01_RGB_MB_page_10.png,0,pbs_imgs::FieldPos280_Cam01_RGB_MB,,dataset,train,FieldPos280_Cam01_RGB_MB,pbs_imgs::FieldPos280_Cam01_RGB_MB
pbs_imgs,D:\Dineth\focus_binary_benchmark\dataset\pbs_imgs\unfocused\FieldPos280_Cam01_RGB_MB\FieldPos280_Cam01_RGB_MB_page_11.png,0,pbs_imgs::FieldPos280_Cam01_RGB_MB,,dataset,train,FieldPos280_Cam01_RGB_MB,pbs_imgs::FieldPos280_Cam01_RGB_MB
pbs_imgs,D:\Dineth\focus_binary_benchmark\dataset\pbs_imgs\unfocused\FieldPos280_Cam01_RGB_MB\FieldPos280_Cam01_RGB_MB_page_12.png,0,pbs_imgs::FieldPos280_Cam01_RGB_MB,,dataset,train,FieldPos280_Cam01_RGB_MB,pbs_imgs::FieldPos280_Cam01_RGB_MB
pbs_imgs,D:\Dineth\focus_binary_benchmark\dataset\pbs_imgs\unfocused\FieldPos280_Cam01_RGB_MB\FieldPos280_Cam01_RGB_MB_page_13.png,0,pbs_imgs::FieldPos280_Cam01_RGB_MB,,dataset,train,FieldPos280_Cam01_RGB_MB,pbs_imgs::FieldPos280_Cam01_RGB_MB
pbs_imgs,D:\Dineth\focus_binary_benchmark\dataset\pbs_imgs\unfocused\FieldPos280_Cam01_RGB_MB\FieldPos280_Cam01_RGB_MB_page_14.png,0,pbs_imgs::FieldPos280_Cam01_RGB_MB,,dataset,train,FieldPos280_Cam01_RGB_MB,pbs_imgs::FieldPos280_Cam01_RGB_MB
pbs_imgs,D:\Dineth\focus_binary_benchmark\dataset\pbs_imgs\unfocused\FieldPos280_Cam01_RGB_MB\FieldPos280_Cam01_RGB_MB_page_15.png,0,pbs_imgs::FieldPos280_Cam01_RGB_MB,,dataset,train,FieldPos280_Cam01_RGB_MB,pbs_imgs::FieldPos280_Cam01_RGB_MB
pbs_imgs,D:\Dineth\focus_binary_benchmark\dataset\pbs_imgs\unfocused\FieldPos280_Cam01_RGB_MB\FieldPos280_Cam01_RGB_MB_page_2.png,0,pbs_imgs::FieldPos280_Cam01_RGB_MB,,dataset,train,FieldPos280_Cam01_RGB_MB,pbs_imgs::FieldPos280_Cam01_RGB_MB
pbs_imgs,D:\Dineth\focus_binary_benchmark\dataset\pbs_imgs\unfocused\FieldPos280_Cam01_RGB_MB\FieldPos280_Cam01_RGB_MB_page_3.png,0,pbs_imgs::FieldPos280_Cam01_RGB_MB,,dataset,train,FieldPos280_Cam01_RGB_MB,pbs_imgs::FieldPos280_Cam01_RGB_MB
pbs_imgs,D:\Dineth\focus_binary_benchmark\dataset\pbs_imgs\unfocused\FieldPos280_Cam01_RGB_MB\FieldPos280_Cam01_RGB_MB_page_7.png,0,pbs_imgs::FieldPos280_Cam01_RGB_MB,,dataset,train,FieldPos280_Cam01_RGB_MB,pbs_imgs::FieldPos280_Cam01_RGB_MB
pbs_imgs,D:\Dineth\focus_binary_benchmark\dataset\pbs_imgs\unfocused\FieldPos280_Cam01_RGB_MB\FieldPos280_Cam01_RGB_MB_page_8.png,0,pbs_imgs::FieldPos280_Cam01_RGB_MB,,dataset,train,FieldPos280_Cam01_RGB_MB,pbs_imgs::FieldPos280_Cam01_RGB_MB
pbs_imgs,D:\Dineth\focus_binary_benchmark\dataset\pbs_imgs\unfocused\FieldPos280_Cam01_RGB_MB\FieldPos280_Cam01_RGB_MB_page_9.png,0,pbs_imgs::FieldPos280_Cam01_RGB_MB,,dataset,train,FieldPos280_Cam01_RGB_MB,pbs_imgs::FieldPos280_Cam01_RGB_MB
pbs_imgs,D:\Dineth\focus_binary_benchmark\dataset\pbs_imgs\unfocused\FieldPos281_Cam01_RGB_MB\FieldPos281_Cam01_RGB_MB_page_1.png,0,pbs_imgs::FieldPos281_Cam01_RGB_MB,,dataset,train,FieldPos281_Cam01_RGB_MB,pbs_imgs::FieldPos281_Cam01_RGB_MB
pbs_imgs,D:\Dineth\focus_binary_benchmark\dataset\pbs_imgs\unfocused\FieldPos281_Cam01_RGB_MB\FieldPos281_Cam01_RGB_MB_page_10.png,0,pbs_imgs::FieldPos281_Cam01_RGB_MB,,dataset,train,FieldPos281_Cam01_RGB_MB,pbs_imgs::FieldPos281_Cam01_RGB_MB
pbs_imgs,D:\Dineth\focus_binary_benchmark\dataset\pbs_imgs\unfocused\FieldPos281_Cam01_RGB_MB\FieldPos281_Cam01_RGB_MB_page_11.png,0,pbs_imgs::FieldPos281_Cam01_RGB_MB,,dataset,train,FieldPos281_Cam01_RGB_MB,pbs_imgs::FieldPos281_Cam01_RGB_MB
pbs_imgs,D:\Dineth\focus_binary_benchmark\dataset\pbs_imgs\unfocused\FieldPos281_Cam01_RGB_MB\FieldPos281_Cam01_RGB_MB_page_12.png,0,pbs_imgs::FieldPos281_Cam01_RGB_MB,,dataset,train,FieldPos281_Cam01_RGB_MB,pbs_imgs::FieldPos281_Cam01_RGB_MB
pbs_imgs,D:\Dineth\focus_binary_benchmark\dataset\pbs_imgs\unfocused\FieldPos281_Cam01_RGB_MB\FieldPos281_Cam01_RGB_MB_page_13.png,0,pbs_imgs::FieldPos281_Cam01_RGB_MB,,dataset,train,FieldPos281_Cam01_RGB_MB,pbs_imgs::FieldPos281_Cam01_RGB_MB
pbs_imgs,D:\Dineth\focus_binary_benchmark\dataset\pbs_imgs\unfocused\FieldPos281_Cam01_RGB_MB\FieldPos281_Cam01_RGB_MB_page_14.png,0,pbs_imgs::FieldPos281_Cam01_RGB_MB,,dataset,train,FieldPos281_Cam01_RGB_MB,pbs_imgs::FieldPos281_Cam01_RGB_MB
pbs_imgs,D:\Dineth\focus_binary_benchmark\dataset\pbs_imgs\unfocused\FieldPos281_Cam01_RGB_MB\FieldPos281_Cam01_RGB_MB_page_15.png,0,pbs_imgs::FieldPos281_Cam01_RGB_MB,,dataset,train,FieldPos281_Cam01_RGB_MB,pbs_imgs::FieldPos281_Cam01_RGB_MB
pbs_imgs,D:\Dineth\focus_binary_benchmark\dataset\pbs_imgs\unfocused\FieldPos281_Cam01_RGB_MB\FieldPos281_Cam01_RGB_MB_page_5.png,0,pbs_imgs::FieldPos281_Cam01_RGB_MB,,dataset,train,FieldPos281_Cam01_RGB_MB,pbs_imgs::FieldPos281_Cam01_RGB_MB
pbs_imgs,D:\Dineth\focus_binary_benchmark\dataset\pbs_imgs\unfocused\FieldPos281_Cam01_RGB_MB\FieldPos281_Cam01_RGB_MB_page_6.png,0,pbs_imgs::FieldPos281_Cam01_RGB_MB,,dataset,train,FieldPos281_Cam01_RGB_MB,pbs_imgs::FieldPos281_Cam01_RGB_MB
pbs_imgs,D:\Dineth\focus_binary_benchmark\dataset\pbs_imgs\unfocused\FieldPos281_Cam01_RGB_MB\FieldPos281_Cam01_RGB_MB_page_7.png,0,pbs_imgs::FieldPos281_Cam01_RGB_MB,,dataset,train,FieldPos281_Cam01_RGB_MB,pbs_imgs::FieldPos281_Cam01_RGB_MB
pbs_imgs,D:\Dineth\focus_binary_benchmark\dataset\pbs_imgs\unfocused\FieldPos281_Cam01_RGB_MB\FieldPos281_Cam01_RGB_MB_page_8.png,0,pbs_imgs::FieldPos281_Cam01_RGB_MB,,dataset,train,FieldPos281_Cam01_RGB_MB,pbs_imgs::FieldPos281_Cam01_RGB_MB
pbs_imgs,D:\Dineth\focus_binary_benchmark\dataset\pbs_imgs\unfocused\FieldPos281_Cam01_RGB_MB\FieldPos281_Cam01_RGB_MB_page_9.png,0,pbs_imgs::FieldPos281_Cam01_RGB_MB,,dataset,train,FieldPos281_Cam01_RGB_MB,pbs_imgs::FieldPos281_Cam01_RGB_MB
pbs_imgs,D:\Dineth\focus_binary_benchmark\dataset\pbs_imgs\unfocused\FieldPos297_Cam01_RGB_MB\FieldPos297_Cam01_RGB_MB_page_1.png,0,pbs_imgs::FieldPos297_Cam01_RGB_MB,,dataset,train,FieldPos297_Cam01_RGB_MB,pbs_imgs::FieldPos297_Cam01_RGB_MB
pbs_imgs,D:\Dineth\focus_binary_benchmark\dataset\pbs_imgs\unfocused\FieldPos297_Cam01_RGB_MB\FieldPos297_Cam01_RGB_MB_page_13.png,0,pbs_imgs::FieldPos297_Cam01_RGB_MB,,dataset,train,FieldPos297_Cam01_RGB_MB,pbs_imgs::FieldPos297_Cam01_RGB_MB
pbs_imgs,D:\Dineth\focus_binary_benchmark\dataset\pbs_imgs\unfocused\FieldPos297_Cam01_RGB_MB\FieldPos297_Cam01_RGB_MB_page_14.png,0,pbs_imgs::FieldPos297_Cam01_RGB_MB,,dataset,train,FieldPos297_Cam01_RGB_MB,pbs_imgs::FieldPos297_Cam01_RGB_MB
pbs_imgs,D:\Dineth\focus_binary_benchmark\dataset\pbs_imgs\unfocused\FieldPos297_Cam01_RGB_MB\FieldPos297_Cam01_RGB_MB_page_15.png,0,pbs_imgs::FieldPos297_Cam01_RGB_MB,,dataset,train,FieldPos297_Cam01_RGB_MB,pbs_imgs::FieldPos297_Cam01_RGB_MB
pbs_imgs,D:\Dineth\focus_binary_benchmark\dataset\pbs_imgs\unfocused\FieldPos297_Cam01_RGB_MB\FieldPos297_Cam01_RGB_MB_page_2.png,0,pbs_imgs::FieldPos297_Cam01_RGB_MB,,dataset,train,FieldPos297_Cam01_RGB_MB,pbs_imgs::FieldPos297_Cam01_RGB_MB
pbs_imgs,D:\Dineth\focus_binary_benchmark\dataset\pbs_imgs\unfocused\FieldPos297_Cam01_RGB_MB\FieldPos297_Cam01_RGB_MB_page_3.png,0,pbs_imgs::FieldPos297_Cam01_RGB_MB,,dataset,train,FieldPos297_Cam01_RGB_MB,pbs_imgs::FieldPos297_Cam01_RGB_MB
pbs_imgs,D:\Dineth\focus_binary_benchmark\dataset\pbs_imgs\unfocused\FieldPos297_Cam01_RGB_MB\FieldPos297_Cam01_RGB_MB_page_4.png,0,pbs_imgs::FieldPos297_Cam01_RGB_MB,,dataset,train,FieldPos297_Cam01_RGB_MB,pbs_imgs::FieldPos297_Cam01_RGB_MB
pbs_imgs,D:\Dineth\focus_binary_benchmark\dataset\pbs_imgs\unfocused\FieldPos297_Cam01_RGB_MB\FieldPos297_Cam01_RGB_MB_page_5.png,0,pbs_imgs::FieldPos297_Cam01_RGB_MB,,dataset,train,FieldPos297_Cam01_RGB_MB,pbs_imgs::FieldPos297_Cam01_RGB_MB
pbs_imgs,D:\Dineth\focus_binary_benchmark\dataset\pbs_imgs\unfocused\FieldPos297_Cam01_RGB_MB\FieldPos297_Cam01_RGB_MB_page_6.png,0,pbs_imgs::FieldPos297_Cam01_RGB_MB,,dataset,train,FieldPos297_Cam01_RGB_MB,pbs_imgs::FieldPos297_Cam01_RGB_MB
pbs_imgs,D:\Dineth\focus_binary_benchmark\dataset\pbs_imgs\unfocused\FieldPos297_Cam01_RGB_MB\FieldPos297_Cam01_RGB_MB_page_7.png,0,pbs_imgs::FieldPos297_Cam01_RGB_MB,,dataset,train,FieldPos297_Cam01_RGB_MB,pbs_imgs::FieldPos297_Cam01_RGB_MB
pbs_imgs,D:\Dineth\focus_binary_benchmark\dataset\pbs_imgs\unfocused\FieldPos297_Cam01_RGB_MB\FieldPos297_Cam01_RGB_MB_page_8.png,0,pbs_imgs::FieldPos297_Cam01_RGB_MB,,dataset,train,FieldPos297_Cam01_RGB_MB,pbs_imgs::FieldPos297_Cam01_RGB_MB
pbs_imgs,D:\Dineth\focus_binary_benchmark\dataset\pbs_imgs\unfocused\FieldPos297_Cam01_RGB_MB\FieldPos297_Cam01_RGB_MB_page_9.png,0,pbs_imgs::FieldPos297_Cam01_RGB_MB,,dataset,train,FieldPos297_Cam01_RGB_MB,pbs_imgs::FieldPos297_Cam01_RGB_MB
pbs_imgs,D:\Dineth\focus_binary_benchmark\dataset\pbs_imgs\unfocused\FieldPos298_Cam01_RGB_MB\FieldPos298_Cam01_RGB_MB_page_12.png,0,pbs_imgs::FieldPos298_Cam01_RGB_MB,,dataset,train,FieldPos298_Cam01_RGB_MB,pbs_imgs::FieldPos298_Cam01_RGB_MB
pbs_imgs,D:\Dineth\focus_binary_benchmark\dataset\pbs_imgs\unfocused\FieldPos298_Cam01_RGB_MB\FieldPos298_Cam01_RGB_MB_page_13.png,0,pbs_imgs::FieldPos298_Cam01_RGB_MB,,dataset,train,FieldPos298_Cam01_RGB_MB,pbs_imgs::FieldPos298_Cam01_RGB_MB
pbs_imgs,D:\Dineth\focus_binary_benchmark\dataset\pbs_imgs\unfocused\FieldPos298_Cam01_RGB_MB\FieldPos298_Cam01_RGB_MB_page_14.png,0,pbs_imgs::FieldPos298_Cam01_RGB_MB,,dataset,train,FieldPos298_Cam01_RGB_MB,pbs_imgs::FieldPos298_Cam01_RGB_MB
pbs_imgs,D:\Dineth\focus_binary_benchmark\dataset\pbs_imgs\unfocused\FieldPos298_Cam01_RGB_MB\FieldPos298_Cam01_RGB_MB_page_15.png,0,pbs_imgs::FieldPos298_Cam01_RGB_MB,,dataset,train,FieldPos298_Cam01_RGB_MB,pbs_imgs::FieldPos298_Cam01_RGB_MB
pbs_imgs,D:\Dineth\focus_binary_benchmark\dataset\pbs_imgs\unfocused\FieldPos298_Cam01_RGB_MB\FieldPos298_Cam01_RGB_MB_page_2.png,0,pbs_imgs::FieldPos298_Cam01_RGB_MB,,dataset,train,FieldPos298_Cam01_RGB_MB,pbs_imgs::FieldPos298_Cam01_RGB_MB
pbs_imgs,D:\Dineth\focus_binary_benchmark\dataset\pbs_imgs\unfocused\FieldPos298_Cam01_RGB_MB\FieldPos298_Cam01_RGB_MB_page_3.png,0,pbs_imgs::FieldPos298_Cam01_RGB_MB,,dataset,train,FieldPos298_Cam01_RGB_MB,pbs_imgs::FieldPos298_Cam01_RGB_MB
pbs_imgs,D:\Dineth\focus_binary_benchmark\dataset\pbs_imgs\unfocused\FieldPos298_Cam01_RGB_MB\FieldPos298_Cam01_RGB_MB_page_4.png,0,pbs_imgs::FieldPos298_Cam01_RGB_MB,,dataset,train,FieldPos298_Cam01_RGB_MB,pbs_imgs::FieldPos298_Cam01_RGB_MB
pbs_imgs,D:\Dineth\focus_binary_benchmark\dataset\pbs_imgs\unfocused\FieldPos298_Cam01_RGB_MB\FieldPos298_Cam01_RGB_MB_page_5.png,0,pbs_imgs::FieldPos298_Cam01_RGB_MB,,dataset,train,FieldPos298_Cam01_RGB_MB,pbs_imgs::FieldPos298_Cam01_RGB_MB
pbs_imgs,D:\Dineth\focus_binary_benchmark\dataset\pbs_imgs\unfocused\FieldPos298_Cam01_RGB_MB\FieldPos298_Cam01_RGB_MB_page_6.png,0,pbs_imgs::FieldPos298_Cam01_RGB_MB,,dataset,train,FieldPos298_Cam01_RGB_MB,pbs_imgs::FieldPos298_Cam01_RGB_MB
pbs_imgs,D:\Dineth\focus_binary_benchmark\dataset\pbs_imgs\unfocused\FieldPos298_Cam01_RGB_MB\FieldPos298_Cam01_RGB_MB_page_7.png,0,pbs_imgs::FieldPos298_Cam01_RGB_MB,,dataset,train,FieldPos298_Cam01_RGB_MB,pbs_imgs::FieldPos298_Cam01_RGB_MB
pbs_imgs,D:\Dineth\focus_binary_benchmark\dataset\pbs_imgs\unfocused\FieldPos298_Cam01_RGB_MB\FieldPos298_Cam01_RGB_MB_page_8.png,0,pbs_imgs::FieldPos298_Cam01_RGB_MB,,dataset,train,FieldPos298_Cam01_RGB_MB,pbs_imgs::FieldPos298_Cam01_RGB_MB
pbs_imgs,D:\Dineth\focus_binary_benchmark\dataset\pbs_imgs\unfocused\FieldPos298_Cam01_RGB_MB\FieldPos298_Cam01_RGB_MB_page_9.png,0,pbs_imgs::FieldPos298_Cam01_RGB_MB,,dataset,train,FieldPos298_Cam01_RGB_MB,pbs_imgs::FieldPos298_Cam01_RGB_MB
pbs_imgs,D:\Dineth\focus_binary_benchmark\dataset\pbs_imgs\unfocused\FieldPos301_Cam01_RGB_MB\FieldPos301_Cam01_RGB_MB_page_12.png,0,pbs_imgs::FieldPos301_Cam01_RGB_MB,,dataset,test,FieldPos301_Cam01_RGB_MB,pbs_imgs::FieldPos301_Cam01_RGB_MB
pbs_imgs,D:\Dineth\focus_binary_benchmark\dataset\pbs_imgs\unfocused\FieldPos301_Cam01_RGB_MB\FieldPos301_Cam01_RGB_MB_page_13.png,0,pbs_imgs::FieldPos301_Cam01_RGB_MB,,dataset,test,FieldPos301_Cam01_RGB_MB,pbs_imgs::FieldPos301_Cam01_RGB_MB
pbs_imgs,D:\Dineth\focus_binary_benchmark\dataset\pbs_imgs\unfocused\FieldPos301_Cam01_RGB_MB\FieldPos301_Cam01_RGB_MB_page_14.png,0,pbs_imgs::FieldPos301_Cam01_RGB_MB,,dataset,test,FieldPos301_Cam01_RGB_MB,pbs_imgs::FieldPos301_Cam01_RGB_MB
pbs_imgs,D:\Dineth\focus_binary_benchmark\dataset\pbs_imgs\unfocused\FieldPos301_Cam01_RGB_MB\FieldPos301_Cam01_RGB_MB_page_15.png,0,pbs_imgs::FieldPos301_Cam01_RGB_MB,,dataset,test,FieldPos301_Cam01_RGB_MB,pbs_imgs::FieldPos301_Cam01_RGB_MB
pbs_imgs,D:\Dineth\focus_binary_benchmark\dataset\pbs_imgs\unfocused\FieldPos301_Cam01_RGB_MB\FieldPos301_Cam01_RGB_MB_page_2.png,0,pbs_imgs::FieldPos301_Cam01_RGB_MB,,dataset,test,FieldPos301_Cam01_RGB_MB,pbs_imgs::FieldPos301_Cam01_RGB_MB
pbs_imgs,D:\Dineth\focus_binary_benchmark\dataset\pbs_imgs\unfocused\FieldPos301_Cam01_RGB_MB\FieldPos301_Cam01_RGB_MB_page_3.png,0,pbs_imgs::FieldPos301_Cam01_RGB_MB,,dataset,test,FieldPos301_Cam01_RGB_MB,pbs_imgs::FieldPos301_Cam01_RGB_MB
pbs_imgs,D:\Dineth\focus_binary_benchmark\dataset\pbs_imgs\unfocused\FieldPos301_Cam01_RGB_MB\FieldPos301_Cam01_RGB_MB_page_4.png,0,pbs_imgs::FieldPos301_Cam01_RGB_MB,,dataset,test,FieldPos301_Cam01_RGB_MB,pbs_imgs::FieldPos301_Cam01_RGB_MB
pbs_imgs,D:\Dineth\focus_binary_benchmark\dataset\pbs_imgs\unfocused\FieldPos301_Cam01_RGB_MB\FieldPos301_Cam01_RGB_MB_page_5.png,0,pbs_imgs::FieldPos301_Cam01_RGB_MB,,dataset,test,FieldPos301_Cam01_RGB_MB,pbs_imgs::FieldPos301_Cam01_RGB_MB
pbs_imgs,D:\Dineth\focus_binary_benchmark\dataset\pbs_imgs\unfocused\FieldPos301_Cam01_RGB_MB\FieldPos301_Cam01_RGB_MB_page_6.png,0,pbs_imgs::FieldPos301_Cam01_RGB_MB,,dataset,test,FieldPos301_Cam01_RGB_MB,pbs_imgs::FieldPos301_Cam01_RGB_MB
pbs_imgs,D:\Dineth\focus_binary_benchmark\dataset\pbs_imgs\unfocused\FieldPos301_Cam01_RGB_MB\FieldPos301_Cam01_RGB_MB_page_7.png,0,pbs_imgs::FieldPos301_Cam01_RGB_MB,,dataset,test,FieldPos301_Cam01_RGB_MB,pbs_imgs::FieldPos301_Cam01_RGB_MB
pbs_imgs,D:\Dineth\focus_binary_benchmark\dataset\pbs_imgs\unfocused\FieldPos301_Cam01_RGB_MB\FieldPos301_Cam01_RGB_MB_page_8.png,0,pbs_imgs::FieldPos301_Cam01_RGB_MB,,dataset,test,FieldPos301_Cam01_RGB_MB,pbs_imgs::FieldPos301_Cam01_RGB_MB
pbs_imgs,D:\Dineth\focus_binary_benchmark\dataset\pbs_imgs\unfocused\FieldPos301_Cam01_RGB_MB\FieldPos301_Cam01_RGB_MB_page_9.png,0,pbs_imgs::FieldPos301_Cam01_RGB_MB,,dataset,test,FieldPos301_Cam01_RGB_MB,pbs_imgs::FieldPos301_Cam01_RGB_MB
pbs_imgs,D:\Dineth\focus_binary_benchmark\dataset\pbs_imgs\unfocused\FieldPos302_Cam01_RGB_MB\FieldPos302_Cam01_RGB_MB_page_12.png,0,pbs_imgs::FieldPos302_Cam01_RGB_MB,,dataset,train,FieldPos302_Cam01_RGB_MB,pbs_imgs::FieldPos302_Cam01_RGB_MB
pbs_imgs,D:\Dineth\focus_binary_benchmark\dataset\pbs_imgs\unfocused\FieldPos302_Cam01_RGB_MB\FieldPos302_Cam01_RGB_MB_page_13.png,0,pbs_imgs::FieldPos302_Cam01_RGB_MB,,dataset,train,FieldPos302_Cam01_RGB_MB,pbs_imgs::FieldPos302_Cam01_RGB_MB
pbs_imgs,D:\Dineth\focus_binary_benchmark\dataset\pbs_imgs\unfocused\FieldPos302_Cam01_RGB_MB\FieldPos302_Cam01_RGB_MB_page_14.png,0,pbs_imgs::FieldPos302_Cam01_RGB_MB,,dataset,train,FieldPos302_Cam01_RGB_MB,pbs_imgs::FieldPos302_Cam01_RGB_MB
pbs_imgs,D:\Dineth\focus_binary_benchmark\dataset\pbs_imgs\unfocused\FieldPos302_Cam01_RGB_MB\FieldPos302_Cam01_RGB_MB_page_15.png,0,pbs_imgs::FieldPos302_Cam01_RGB_MB,,dataset,train,FieldPos302_Cam01_RGB_MB,pbs_imgs::FieldPos302_Cam01_RGB_MB
pbs_imgs,D:\Dineth\focus_binary_benchmark\dataset\pbs_imgs\unfocused\FieldPos302_Cam01_RGB_MB\FieldPos302_Cam01_RGB_MB_page_2.png,0,pbs_imgs::FieldPos302_Cam01_RGB_MB,,dataset,train,FieldPos302_Cam01_RGB_MB,pbs_imgs::FieldPos302_Cam01_RGB_MB
pbs_imgs,D:\Dineth\focus_binary_benchmark\dataset\pbs_imgs\unfocused\FieldPos302_Cam01_RGB_MB\FieldPos302_Cam01_RGB_MB_page_3.png,0,pbs_imgs::FieldPos302_Cam01_RGB_MB,,dataset,train,FieldPos302_Cam01_RGB_MB,pbs_imgs::FieldPos302_Cam01_RGB_MB
pbs_imgs,D:\Dineth\focus_binary_benchmark\dataset\pbs_imgs\unfocused\FieldPos302_Cam01_RGB_MB\FieldPos302_Cam01_RGB_MB_page_4.png,0,pbs_imgs::FieldPos302_Cam01_RGB_MB,,dataset,train,FieldPos302_Cam01_RGB_MB,pbs_imgs::FieldPos302_Cam01_RGB_MB
pbs_imgs,D:\Dineth\focus_binary_benchmark\dataset\pbs_imgs\unfocused\FieldPos302_Cam01_RGB_MB\FieldPos302_Cam01_RGB_MB_page_5.png,0,pbs_imgs::FieldPos302_Cam01_RGB_MB,,dataset,train,FieldPos302_Cam01_RGB_MB,pbs_imgs::FieldPos302_Cam01_RGB_MB
pbs_imgs,D:\Dineth\focus_binary_benchmark\dataset\pbs_imgs\unfocused\FieldPos302_Cam01_RGB_MB\FieldPos302_Cam01_RGB_MB_page_6.png,0,pbs_imgs::FieldPos302_Cam01_RGB_MB,,dataset,train,FieldPos302_Cam01_RGB_MB,pbs_imgs::FieldPos302_Cam01_RGB_MB
pbs_imgs,D:\Dineth\focus_binary_benchmark\dataset\pbs_imgs\unfocused\FieldPos302_Cam01_RGB_MB\FieldPos302_Cam01_RGB_MB_page_7.png,0,pbs_imgs::FieldPos302_Cam01_RGB_MB,,dataset,train,FieldPos302_Cam01_RGB_MB,pbs_imgs::FieldPos302_Cam01_RGB_MB
pbs_imgs,D:\Dineth\focus_binary_benchmark\dataset\pbs_imgs\unfocused\FieldPos302_Cam01_RGB_MB\FieldPos302_Cam01_RGB_MB_page_8.png,0,pbs_imgs::FieldPos302_Cam01_RGB_MB,,dataset,train,FieldPos302_Cam01_RGB_MB,pbs_imgs::FieldPos302_Cam01_RGB_MB
pbs_imgs,D:\Dineth\focus_binary_benchmark\dataset\pbs_imgs\unfocused\FieldPos302_Cam01_RGB_MB\FieldPos302_Cam01_RGB_MB_page_9.png,0,pbs_imgs::FieldPos302_Cam01_RGB_MB,,dataset,train,FieldPos302_Cam01_RGB_MB,pbs_imgs::FieldPos302_Cam01_RGB_MB
pbs_imgs,D:\Dineth\focus_binary_benchmark\dataset\pbs_imgs\unfocused\FieldPos317_Cam01_RGB_MB\FieldPos317_Cam01_RGB_MB_page_1.png,0,pbs_imgs::FieldPos317_Cam01_RGB_MB,,dataset,train,FieldPos317_Cam01_RGB_MB,pbs_imgs::FieldPos317_Cam01_RGB_MB
pbs_imgs,D:\Dineth\focus_binary_benchmark\dataset\pbs_imgs\unfocused\FieldPos317_Cam01_RGB_MB\FieldPos317_Cam01_RGB_MB_page_10.png,0,pbs_imgs::FieldPos317_Cam01_RGB_MB,,dataset,train,FieldPos317_Cam01_RGB_MB,pbs_imgs::FieldPos317_Cam01_RGB_MB
pbs_imgs,D:\Dineth\focus_binary_benchmark\dataset\pbs_imgs\unfocused\FieldPos317_Cam01_RGB_MB\FieldPos317_Cam01_RGB_MB_page_11.png,0,pbs_imgs::FieldPos317_Cam01_RGB_MB,,dataset,train,FieldPos317_Cam01_RGB_MB,pbs_imgs::FieldPos317_Cam01_RGB_MB
pbs_imgs,D:\Dineth\focus_binary_benchmark\dataset\pbs_imgs\unfocused\FieldPos317_Cam01_RGB_MB\FieldPos317_Cam01_RGB_MB_page_12.png,0,pbs_imgs::FieldPos317_Cam01_RGB_MB,,dataset,train,FieldPos317_Cam01_RGB_MB,pbs_imgs::FieldPos317_Cam01_RGB_MB
pbs_imgs,D:\Dineth\focus_binary_benchmark\dataset\pbs_imgs\unfocused\FieldPos317_Cam01_RGB_MB\FieldPos317_Cam01_RGB_MB_page_13.png,0,pbs_imgs::FieldPos317_Cam01_RGB_MB,,dataset,train,FieldPos317_Cam01_RGB_MB,pbs_imgs::FieldPos317_Cam01_RGB_MB
pbs_imgs,D:\Dineth\focus_binary_benchmark\dataset\pbs_imgs\unfocused\FieldPos317_Cam01_RGB_MB\FieldPos317_Cam01_RGB_MB_page_14.png,0,pbs_imgs::FieldPos317_Cam01_RGB_MB,,dataset,train,FieldPos317_Cam01_RGB_MB,pbs_imgs::FieldPos317_Cam01_RGB_MB
pbs_imgs,D:\Dineth\focus_binary_benchmark\dataset\pbs_imgs\unfocused\FieldPos317_Cam01_RGB_MB\FieldPos317_Cam01_RGB_MB_page_15.png,0,pbs_imgs::FieldPos317_Cam01_RGB_MB,,dataset,train,FieldPos317_Cam01_RGB_MB,pbs_imgs::FieldPos317_Cam01_RGB_MB
pbs_imgs,D:\Dineth\focus_binary_benchmark\dataset\pbs_imgs\unfocused\FieldPos317_Cam01_RGB_MB\FieldPos317_Cam01_RGB_MB_page_2.png,0,pbs_imgs::FieldPos317_Cam01_RGB_MB,,dataset,train,FieldPos317_Cam01_RGB_MB,pbs_imgs::FieldPos317_Cam01_RGB_MB
pbs_imgs,D:\Dineth\focus_binary_benchmark\dataset\pbs_imgs\unfocused\FieldPos317_Cam01_RGB_MB\FieldPos317_Cam01_RGB_MB_page_3.png,0,pbs_imgs::FieldPos317_Cam01_RGB_MB,,dataset,train,FieldPos317_Cam01_RGB_MB,pbs_imgs::FieldPos317_Cam01_RGB_MB
pbs_imgs,D:\Dineth\focus_binary_benchmark\dataset\pbs_imgs\unfocused\FieldPos317_Cam01_RGB_MB\FieldPos317_Cam01_RGB_MB_page_7.png,0,pbs_imgs::FieldPos317_Cam01_RGB_MB,,dataset,train,FieldPos317_Cam01_RGB_MB,pbs_imgs::FieldPos317_Cam01_RGB_MB
pbs_imgs,D:\Dineth\focus_binary_benchmark\dataset\pbs_imgs\unfocused\FieldPos317_Cam01_RGB_MB\FieldPos317_Cam01_RGB_MB_page_8.png,0,pbs_imgs::FieldPos317_Cam01_RGB_MB,,dataset,train,FieldPos317_Cam01_RGB_MB,pbs_imgs::FieldPos317_Cam01_RGB_MB
pbs_imgs,D:\Dineth\focus_binary_benchmark\dataset\pbs_imgs\unfocused\FieldPos317_Cam01_RGB_MB\FieldPos317_Cam01_RGB_MB_page_9.png,0,pbs_imgs::FieldPos317_Cam01_RGB_MB,,dataset,train,FieldPos317_Cam01_RGB_MB,pbs_imgs::FieldPos317_Cam01_RGB_MB
pbs_imgs,D:\Dineth\focus_binary_benchmark\dataset\pbs_imgs\unfocused\FieldPos318_Cam01_RGB_MB\FieldPos318_Cam01_RGB_MB_page_1.png,0,pbs_imgs::FieldPos318_Cam01_RGB_MB,,dataset,train,FieldPos318_Cam01_RGB_MB,pbs_imgs::FieldPos318_Cam01_RGB_MB
pbs_imgs,D:\Dineth\focus_binary_benchmark\dataset\pbs_imgs\unfocused\FieldPos318_Cam01_RGB_MB\FieldPos318_Cam01_RGB_MB_page_10.png,0,pbs_imgs::FieldPos318_Cam01_RGB_MB,,dataset,train,FieldPos318_Cam01_RGB_MB,pbs_imgs::FieldPos318_Cam01_RGB_MB
pbs_imgs,D:\Dineth\focus_binary_benchmark\dataset\pbs_imgs\unfocused\FieldPos318_Cam01_RGB_MB\FieldPos318_Cam01_RGB_MB_page_11.png,0,pbs_imgs::FieldPos318_Cam01_RGB_MB,,dataset,train,FieldPos318_Cam01_RGB_MB,pbs_imgs::FieldPos318_Cam01_RGB_MB
pbs_imgs,D:\Dineth\focus_binary_benchmark\dataset\pbs_imgs\unfocused\FieldPos318_Cam01_RGB_MB\FieldPos318_Cam01_RGB_MB_page_12.png,0,pbs_imgs::FieldPos318_Cam01_RGB_MB,,dataset,train,FieldPos318_Cam01_RGB_MB,pbs_imgs::FieldPos318_Cam01_RGB_MB
pbs_imgs,D:\Dineth\focus_binary_benchmark\dataset\pbs_imgs\unfocused\FieldPos318_Cam01_RGB_MB\FieldPos318_Cam01_RGB_MB_page_13.png,0,pbs_imgs::FieldPos318_Cam01_RGB_MB,,dataset,train,FieldPos318_Cam01_RGB_MB,pbs_imgs::FieldPos318_Cam01_RGB_MB
pbs_imgs,D:\Dineth\focus_binary_benchmark\dataset\pbs_imgs\unfocused\FieldPos318_Cam01_RGB_MB\FieldPos318_Cam01_RGB_MB_page_3.png,0,pbs_imgs::FieldPos318_Cam01_RGB_MB,,dataset,train,FieldPos318_Cam01_RGB_MB,pbs_imgs::FieldPos318_Cam01_RGB_MB
pbs_imgs,D:\Dineth\focus_binary_benchmark\dataset\pbs_imgs\unfocused\FieldPos318_Cam01_RGB_MB\FieldPos318_Cam01_RGB_MB_page_4.png,0,pbs_imgs::FieldPos318_Cam01_RGB_MB,,dataset,train,FieldPos318_Cam01_RGB_MB,pbs_imgs::FieldPos318_Cam01_RGB_MB
pbs_imgs,D:\Dineth\focus_binary_benchmark\dataset\pbs_imgs\unfocused\FieldPos318_Cam01_RGB_MB\FieldPos318_Cam01_RGB_MB_page_5.png,0,pbs_imgs::FieldPos318_Cam01_RGB_MB,,dataset,train,FieldPos318_Cam01_RGB_MB,pbs_imgs::FieldPos318_Cam01_RGB_MB
pbs_imgs,D:\Dineth\focus_binary_benchmark\dataset\pbs_imgs\unfocused\FieldPos318_Cam01_RGB_MB\FieldPos318_Cam01_RGB_MB_page_6.png,0,pbs_imgs::FieldPos318_Cam01_RGB_MB,,dataset,train,FieldPos318_Cam01_RGB_MB,pbs_imgs::FieldPos318_Cam01_RGB_MB
pbs_imgs,D:\Dineth\focus_binary_benchmark\dataset\pbs_imgs\unfocused\FieldPos318_Cam01_RGB_MB\FieldPos318_Cam01_RGB_MB_page_7.png,0,pbs_imgs::FieldPos318_Cam01_RGB_MB,,dataset,train,FieldPos318_Cam01_RGB_MB,pbs_imgs::FieldPos318_Cam01_RGB_MB
pbs_imgs,D:\Dineth\focus_binary_benchmark\dataset\pbs_imgs\unfocused\FieldPos318_Cam01_RGB_MB\FieldPos318_Cam01_RGB_MB_page_8.png,0,pbs_imgs::FieldPos318_Cam01_RGB_MB,,dataset,train,FieldPos318_Cam01_RGB_MB,pbs_imgs::FieldPos318_Cam01_RGB_MB
pbs_imgs,D:\Dineth\focus_binary_benchmark\dataset\pbs_imgs\unfocused\FieldPos318_Cam01_RGB_MB\FieldPos318_Cam01_RGB_MB_page_9.png,0,pbs_imgs::FieldPos318_Cam01_RGB_MB,,dataset,train,FieldPos318_Cam01_RGB_MB,pbs_imgs::FieldPos318_Cam01_RGB_MB
pbs_imgs,D:\Dineth\focus_binary_benchmark\dataset\pbs_imgs\unfocused\FieldPos321_Cam01_RGB_MB\FieldPos321_Cam01_RGB_MB_page_1.png,0,pbs_imgs::FieldPos321_Cam01_RGB_MB,,dataset,val,FieldPos321_Cam01_RGB_MB,pbs_imgs::FieldPos321_Cam01_RGB_MB
pbs_imgs,D:\Dineth\focus_binary_benchmark\dataset\pbs_imgs\unfocused\FieldPos321_Cam01_RGB_MB\FieldPos321_Cam01_RGB_MB_page_10.png,0,pbs_imgs::FieldPos321_Cam01_RGB_MB,,dataset,val,FieldPos321_Cam01_RGB_MB,pbs_imgs::FieldPos321_Cam01_RGB_MB
pbs_imgs,D:\Dineth\focus_binary_benchmark\dataset\pbs_imgs\unfocused\FieldPos321_Cam01_RGB_MB\FieldPos321_Cam01_RGB_MB_page_11.png,0,pbs_imgs::FieldPos321_Cam01_RGB_MB,,dataset,val,FieldPos321_Cam01_RGB_MB,pbs_imgs::FieldPos321_Cam01_RGB_MB
pbs_imgs,D:\Dineth\focus_binary_benchmark\dataset\pbs_imgs\unfocused\FieldPos321_Cam01_RGB_MB\FieldPos321_Cam01_RGB_MB_page_12.png,0,pbs_imgs::FieldPos321_Cam01_RGB_MB,,dataset,val,FieldPos321_Cam01_RGB_MB,pbs_imgs::FieldPos321_Cam01_RGB_MB
pbs_imgs,D:\Dineth\focus_binary_benchmark\dataset\pbs_imgs\unfocused\FieldPos321_Cam01_RGB_MB\FieldPos321_Cam01_RGB_MB_page_13.png,0,pbs_imgs::FieldPos321_Cam01_RGB_MB,,dataset,val,FieldPos321_Cam01_RGB_MB,pbs_imgs::FieldPos321_Cam01_RGB_MB
pbs_imgs,D:\Dineth\focus_binary_benchmark\dataset\pbs_imgs\unfocused\FieldPos321_Cam01_RGB_MB\FieldPos321_Cam01_RGB_MB_page_14.png,0,pbs_imgs::FieldPos321_Cam01_RGB_MB,,dataset,val,FieldPos321_Cam01_RGB_MB,pbs_imgs::FieldPos321_Cam01_RGB_MB
pbs_imgs,D:\Dineth\focus_binary_benchmark\dataset\pbs_imgs\unfocused\FieldPos321_Cam01_RGB_MB\FieldPos321_Cam01_RGB_MB_page_4.png,0,pbs_imgs::FieldPos321_Cam01_RGB_MB,,dataset,val,FieldPos321_Cam01_RGB_MB,pbs_imgs::FieldPos321_Cam01_RGB_MB
pbs_imgs,D:\Dineth\focus_binary_benchmark\dataset\pbs_imgs\unfocused\FieldPos321_Cam01_RGB_MB\FieldPos321_Cam01_RGB_MB_page_5.png,0,pbs_imgs::FieldPos321_Cam01_RGB_MB,,dataset,val,FieldPos321_Cam01_RGB_MB,pbs_imgs::FieldPos321_Cam01_RGB_MB
pbs_imgs,D:\Dineth\focus_binary_benchmark\dataset\pbs_imgs\unfocused\FieldPos321_Cam01_RGB_MB\FieldPos321_Cam01_RGB_MB_page_6.png,0,pbs_imgs::FieldPos321_Cam01_RGB_MB,,dataset,val,FieldPos321_Cam01_RGB_MB,pbs_imgs::FieldPos321_Cam01_RGB_MB
pbs_imgs,D:\Dineth\focus_binary_benchmark\dataset\pbs_imgs\unfocused\FieldPos321_Cam01_RGB_MB\FieldPos321_Cam01_RGB_MB_page_7.png,0,pbs_imgs::FieldPos321_Cam01_RGB_MB,,dataset,val,FieldPos321_Cam01_RGB_MB,pbs_imgs::FieldPos321_Cam01_RGB_MB
pbs_imgs,D:\Dineth\focus_binary_benchmark\dataset\pbs_imgs\unfocused\FieldPos321_Cam01_RGB_MB\FieldPos321_Cam01_RGB_MB_page_8.png,0,pbs_imgs::FieldPos321_Cam01_RGB_MB,,dataset,val,FieldPos321_Cam01_RGB_MB,pbs_imgs::FieldPos321_Cam01_RGB_MB
pbs_imgs,D:\Dineth\focus_binary_benchmark\dataset\pbs_imgs\unfocused\FieldPos321_Cam01_RGB_MB\FieldPos321_Cam01_RGB_MB_page_9.png,0,pbs_imgs::FieldPos321_Cam01_RGB_MB,,dataset,val,FieldPos321_Cam01_RGB_MB,pbs_imgs::FieldPos321_Cam01_RGB_MB
pbs_imgs,D:\Dineth\focus_binary_benchmark\dataset\pbs_imgs\unfocused\FieldPos322_Cam01_RGB_MB\FieldPos322_Cam01_RGB_MB_page_1.png,0,pbs_imgs::FieldPos322_Cam01_RGB_MB,,dataset,train,FieldPos322_Cam01_RGB_MB,pbs_imgs::FieldPos322_Cam01_RGB_MB
pbs_imgs,D:\Dineth\focus_binary_benchmark\dataset\pbs_imgs\unfocused\FieldPos322_Cam01_RGB_MB\FieldPos322_Cam01_RGB_MB_page_10.png,0,pbs_imgs::FieldPos322_Cam01_RGB_MB,,dataset,train,FieldPos322_Cam01_RGB_MB,pbs_imgs::FieldPos322_Cam01_RGB_MB
pbs_imgs,D:\Dineth\focus_binary_benchmark\dataset\pbs_imgs\unfocused\FieldPos322_Cam01_RGB_MB\FieldPos322_Cam01_RGB_MB_page_11.png,0,pbs_imgs::FieldPos322_Cam01_RGB_MB,,dataset,train,FieldPos322_Cam01_RGB_MB,pbs_imgs::FieldPos322_Cam01_RGB_MB
pbs_imgs,D:\Dineth\focus_binary_benchmark\dataset\pbs_imgs\unfocused\FieldPos322_Cam01_RGB_MB\FieldPos322_Cam01_RGB_MB_page_12.png,0,pbs_imgs::FieldPos322_Cam01_RGB_MB,,dataset,train,FieldPos322_Cam01_RGB_MB,pbs_imgs::FieldPos322_Cam01_RGB_MB
pbs_imgs,D:\Dineth\focus_binary_benchmark\dataset\pbs_imgs\unfocused\FieldPos322_Cam01_RGB_MB\FieldPos322_Cam01_RGB_MB_page_13.png,0,pbs_imgs::FieldPos322_Cam01_RGB_MB,,dataset,train,FieldPos322_Cam01_RGB_MB,pbs_imgs::FieldPos322_Cam01_RGB_MB
pbs_imgs,D:\Dineth\focus_binary_benchmark\dataset\pbs_imgs\unfocused\FieldPos322_Cam01_RGB_MB\FieldPos322_Cam01_RGB_MB_page_14.png,0,pbs_imgs::FieldPos322_Cam01_RGB_MB,,dataset,train,FieldPos322_Cam01_RGB_MB,pbs_imgs::FieldPos322_Cam01_RGB_MB
pbs_imgs,D:\Dineth\focus_binary_benchmark\dataset\pbs_imgs\unfocused\FieldPos322_Cam01_RGB_MB\FieldPos322_Cam01_RGB_MB_page_15.png,0,pbs_imgs::FieldPos322_Cam01_RGB_MB,,dataset,train,FieldPos322_Cam01_RGB_MB,pbs_imgs::FieldPos322_Cam01_RGB_MB
pbs_imgs,D:\Dineth\focus_binary_benchmark\dataset\pbs_imgs\unfocused\FieldPos322_Cam01_RGB_MB\FieldPos322_Cam01_RGB_MB_page_2.png,0,pbs_imgs::FieldPos322_Cam01_RGB_MB,,dataset,train,FieldPos322_Cam01_RGB_MB,pbs_imgs::FieldPos322_Cam01_RGB_MB
pbs_imgs,D:\Dineth\focus_binary_benchmark\dataset\pbs_imgs\unfocused\FieldPos322_Cam01_RGB_MB\FieldPos322_Cam01_RGB_MB_page_3.png,0,pbs_imgs::FieldPos322_Cam01_RGB_MB,,dataset,train,FieldPos322_Cam01_RGB_MB,pbs_imgs::FieldPos322_Cam01_RGB_MB
pbs_imgs,D:\Dineth\focus_binary_benchmark\dataset\pbs_imgs\unfocused\FieldPos322_Cam01_RGB_MB\FieldPos322_Cam01_RGB_MB_page_7.png,0,pbs_imgs::FieldPos322_Cam01_RGB_MB,,dataset,train,FieldPos322_Cam01_RGB_MB,pbs_imgs::FieldPos322_Cam01_RGB_MB
pbs_imgs,D:\Dineth\focus_binary_benchmark\dataset\pbs_imgs\unfocused\FieldPos322_Cam01_RGB_MB\FieldPos322_Cam01_RGB_MB_page_8.png,0,pbs_imgs::FieldPos322_Cam01_RGB_MB,,dataset,train,FieldPos322_Cam01_RGB_MB,pbs_imgs::FieldPos322_Cam01_RGB_MB
pbs_imgs,D:\Dineth\focus_binary_benchmark\dataset\pbs_imgs\unfocused\FieldPos322_Cam01_RGB_MB\FieldPos322_Cam01_RGB_MB_page_9.png,0,pbs_imgs::FieldPos322_Cam01_RGB_MB,,dataset,train,FieldPos322_Cam01_RGB_MB,pbs_imgs::FieldPos322_Cam01_RGB_MB
pbs_imgs,D:\Dineth\focus_binary_benchmark\dataset\pbs_imgs\unfocused\FieldPos336_Cam01_RGB_MB\FieldPos336_Cam01_RGB_MB_page_1.png,0,pbs_imgs::FieldPos336_Cam01_RGB_MB,,dataset,train,FieldPos336_Cam01_RGB_MB,pbs_imgs::FieldPos336_Cam01_RGB_MB
pbs_imgs,D:\Dineth\focus_binary_benchmark\dataset\pbs_imgs\unfocused\FieldPos336_Cam01_RGB_MB\FieldPos336_Cam01_RGB_MB_page_10.png,0,pbs_imgs::FieldPos336_Cam01_RGB_MB,,dataset,train,FieldPos336_Cam01_RGB_MB,pbs_imgs::FieldPos336_Cam01_RGB_MB
pbs_imgs,D:\Dineth\focus_binary_benchmark\dataset\pbs_imgs\unfocused\FieldPos336_Cam01_RGB_MB\FieldPos336_Cam01_RGB_MB_page_11.png,0,pbs_imgs::FieldPos336_Cam01_RGB_MB,,dataset,train,FieldPos336_Cam01_RGB_MB,pbs_imgs::FieldPos336_Cam01_RGB_MB
pbs_imgs,D:\Dineth\focus_binary_benchmark\dataset\pbs_imgs\unfocused\FieldPos336_Cam01_RGB_MB\FieldPos336_Cam01_RGB_MB_page_12.png,0,pbs_imgs::FieldPos336_Cam01_RGB_MB,,dataset,train,FieldPos336_Cam01_RGB_MB,pbs_imgs::FieldPos336_Cam01_RGB_MB
pbs_imgs,D:\Dineth\focus_binary_benchmark\dataset\pbs_imgs\unfocused\FieldPos336_Cam01_RGB_MB\FieldPos336_Cam01_RGB_MB_page_13.png,0,pbs_imgs::FieldPos336_Cam01_RGB_MB,,dataset,train,FieldPos336_Cam01_RGB_MB,pbs_imgs::FieldPos336_Cam01_RGB_MB
pbs_imgs,D:\Dineth\focus_binary_benchmark\dataset\pbs_imgs\unfocused\FieldPos336_Cam01_RGB_MB\FieldPos336_Cam01_RGB_MB_page_3.png,0,pbs_imgs::FieldPos336_Cam01_RGB_MB,,dataset,train,FieldPos336_Cam01_RGB_MB,pbs_imgs::FieldPos336_Cam01_RGB_MB
pbs_imgs,D:\Dineth\focus_binary_benchmark\dataset\pbs_imgs\unfocused\FieldPos336_Cam01_RGB_MB\FieldPos336_Cam01_RGB_MB_page_4.png,0,pbs_imgs::FieldPos336_Cam01_RGB_MB,,dataset,train,FieldPos336_Cam01_RGB_MB,pbs_imgs::FieldPos336_Cam01_RGB_MB
pbs_imgs,D:\Dineth\focus_binary_benchmark\dataset\pbs_imgs\unfocused\FieldPos336_Cam01_RGB_MB\FieldPos336_Cam01_RGB_MB_page_5.png,0,pbs_imgs::FieldPos336_Cam01_RGB_MB,,dataset,train,FieldPos336_Cam01_RGB_MB,pbs_imgs::FieldPos336_Cam01_RGB_MB
pbs_imgs,D:\Dineth\focus_binary_benchmark\dataset\pbs_imgs\unfocused\FieldPos336_Cam01_RGB_MB\FieldPos336_Cam01_RGB_MB_page_6.png,0,pbs_imgs::FieldPos336_Cam01_RGB_MB,,dataset,train,FieldPos336_Cam01_RGB_MB,pbs_imgs::FieldPos336_Cam01_RGB_MB
pbs_imgs,D:\Dineth\focus_binary_benchmark\dataset\pbs_imgs\unfocused\FieldPos336_Cam01_RGB_MB\FieldPos336_Cam01_RGB_MB_page_7.png,0,pbs_imgs::FieldPos336_Cam01_RGB_MB,,dataset,train,FieldPos336_Cam01_RGB_MB,pbs_imgs::FieldPos336_Cam01_RGB_MB
pbs_imgs,D:\Dineth\focus_binary_benchmark\dataset\pbs_imgs\unfocused\FieldPos336_Cam01_RGB_MB\FieldPos336_Cam01_RGB_MB_page_8.png,0,pbs_imgs::FieldPos336_Cam01_RGB_MB,,dataset,train,FieldPos336_Cam01_RGB_MB,pbs_imgs::FieldPos336_Cam01_RGB_MB
pbs_imgs,D:\Dineth\focus_binary_benchmark\dataset\pbs_imgs\unfocused\FieldPos336_Cam01_RGB_MB\FieldPos336_Cam01_RGB_MB_page_9.png,0,pbs_imgs::FieldPos336_Cam01_RGB_MB,,dataset,train,FieldPos336_Cam01_RGB_MB,pbs_imgs::FieldPos336_Cam01_RGB_MB
pbs_imgs,D:\Dineth\focus_binary_benchmark\dataset\pbs_imgs\unfocused\FieldPos337_Cam01_RGB_MB\FieldPos337_Cam01_RGB_MB_page_1.png,0,pbs_imgs::FieldPos337_Cam01_RGB_MB,,dataset,train,FieldPos337_Cam01_RGB_MB,pbs_imgs::FieldPos337_Cam01_RGB_MB
pbs_imgs,D:\Dineth\focus_binary_benchmark\dataset\pbs_imgs\unfocused\FieldPos337_Cam01_RGB_MB\FieldPos337_Cam01_RGB_MB_page_13.png,0,pbs_imgs::FieldPos337_Cam01_RGB_MB,,dataset,train,FieldPos337_Cam01_RGB_MB,pbs_imgs::FieldPos337_Cam01_RGB_MB
pbs_imgs,D:\Dineth\focus_binary_benchmark\dataset\pbs_imgs\unfocused\FieldPos337_Cam01_RGB_MB\FieldPos337_Cam01_RGB_MB_page_14.png,0,pbs_imgs::FieldPos337_Cam01_RGB_MB,,dataset,train,FieldPos337_Cam01_RGB_MB,pbs_imgs::FieldPos337_Cam01_RGB_MB
pbs_imgs,D:\Dineth\focus_binary_benchmark\dataset\pbs_imgs\unfocused\FieldPos337_Cam01_RGB_MB\FieldPos337_Cam01_RGB_MB_page_15.png,0,pbs_imgs::FieldPos337_Cam01_RGB_MB,,dataset,train,FieldPos337_Cam01_RGB_MB,pbs_imgs::FieldPos337_Cam01_RGB_MB
pbs_imgs,D:\Dineth\focus_binary_benchmark\dataset\pbs_imgs\unfocused\FieldPos337_Cam01_RGB_MB\FieldPos337_Cam01_RGB_MB_page_2.png,0,pbs_imgs::FieldPos337_Cam01_RGB_MB,,dataset,train,FieldPos337_Cam01_RGB_MB,pbs_imgs::FieldPos337_Cam01_RGB_MB
pbs_imgs,D:\Dineth\focus_binary_benchmark\dataset\pbs_imgs\unfocused\FieldPos337_Cam01_RGB_MB\FieldPos337_Cam01_RGB_MB_page_3.png,0,pbs_imgs::FieldPos337_Cam01_RGB_MB,,dataset,train,FieldPos337_Cam01_RGB_MB,pbs_imgs::FieldPos337_Cam01_RGB_MB
pbs_imgs,D:\Dineth\focus_binary_benchmark\dataset\pbs_imgs\unfocused\FieldPos337_Cam01_RGB_MB\FieldPos337_Cam01_RGB_MB_page_4.png,0,pbs_imgs::FieldPos337_Cam01_RGB_MB,,dataset,train,FieldPos337_Cam01_RGB_MB,pbs_imgs::FieldPos337_Cam01_RGB_MB
pbs_imgs,D:\Dineth\focus_binary_benchmark\dataset\pbs_imgs\unfocused\FieldPos337_Cam01_RGB_MB\FieldPos337_Cam01_RGB_MB_page_5.png,0,pbs_imgs::FieldPos337_Cam01_RGB_MB,,dataset,train,FieldPos337_Cam01_RGB_MB,pbs_imgs::FieldPos337_Cam01_RGB_MB
pbs_imgs,D:\Dineth\focus_binary_benchmark\dataset\pbs_imgs\unfocused\FieldPos337_Cam01_RGB_MB\FieldPos337_Cam01_RGB_MB_page_6.png,0,pbs_imgs::FieldPos337_Cam01_RGB_MB,,dataset,train,FieldPos337_Cam01_RGB_MB,pbs_imgs::FieldPos337_Cam01_RGB_MB
pbs_imgs,D:\Dineth\focus_binary_benchmark\dataset\pbs_imgs\unfocused\FieldPos337_Cam01_RGB_MB\FieldPos337_Cam01_RGB_MB_page_7.png,0,pbs_imgs::FieldPos337_Cam01_RGB_MB,,dataset,train,FieldPos337_Cam01_RGB_MB,pbs_imgs::FieldPos337_Cam01_RGB_MB
pbs_imgs,D:\Dineth\focus_binary_benchmark\dataset\pbs_imgs\unfocused\FieldPos337_Cam01_RGB_MB\FieldPos337_Cam01_RGB_MB_page_8.png,0,pbs_imgs::FieldPos337_Cam01_RGB_MB,,dataset,train,FieldPos337_Cam01_RGB_MB,pbs_imgs::FieldPos337_Cam01_RGB_MB
pbs_imgs,D:\Dineth\focus_binary_benchmark\dataset\pbs_imgs\unfocused\FieldPos337_Cam01_RGB_MB\FieldPos337_Cam01_RGB_MB_page_9.png,0,pbs_imgs::FieldPos337_Cam01_RGB_MB,,dataset,train,FieldPos337_Cam01_RGB_MB,pbs_imgs::FieldPos337_Cam01_RGB_MB
pbs_imgs,D:\Dineth\focus_binary_benchmark\dataset\pbs_imgs\unfocused\FieldPos343_Cam01_RGB_MB\FieldPos343_Cam01_RGB_MB_page_1.png,0,pbs_imgs::FieldPos343_Cam01_RGB_MB,,dataset,train,FieldPos343_Cam01_RGB_MB,pbs_imgs::FieldPos343_Cam01_RGB_MB
pbs_imgs,D:\Dineth\focus_binary_benchmark\dataset\pbs_imgs\unfocused\FieldPos343_Cam01_RGB_MB\FieldPos343_Cam01_RGB_MB_page_10.png,0,pbs_imgs::FieldPos343_Cam01_RGB_MB,,dataset,train,FieldPos343_Cam01_RGB_MB,pbs_imgs::FieldPos343_Cam01_RGB_MB
pbs_imgs,D:\Dineth\focus_binary_benchmark\dataset\pbs_imgs\unfocused\FieldPos343_Cam01_RGB_MB\FieldPos343_Cam01_RGB_MB_page_11.png,0,pbs_imgs::FieldPos343_Cam01_RGB_MB,,dataset,train,FieldPos343_Cam01_RGB_MB,pbs_imgs::FieldPos343_Cam01_RGB_MB
pbs_imgs,D:\Dineth\focus_binary_benchmark\dataset\pbs_imgs\unfocused\FieldPos343_Cam01_RGB_MB\FieldPos343_Cam01_RGB_MB_page_12.png,0,pbs_imgs::FieldPos343_Cam01_RGB_MB,,dataset,train,FieldPos343_Cam01_RGB_MB,pbs_imgs::FieldPos343_Cam01_RGB_MB
pbs_imgs,D:\Dineth\focus_binary_benchmark\dataset\pbs_imgs\unfocused\FieldPos343_Cam01_RGB_MB\FieldPos343_Cam01_RGB_MB_page_13.png,0,pbs_imgs::FieldPos343_Cam01_RGB_MB,,dataset,train,FieldPos343_Cam01_RGB_MB,pbs_imgs::FieldPos343_Cam01_RGB_MB
pbs_imgs,D:\Dineth\focus_binary_benchmark\dataset\pbs_imgs\unfocused\FieldPos343_Cam01_RGB_MB\FieldPos343_Cam01_RGB_MB_page_14.png,0,pbs_imgs::FieldPos343_Cam01_RGB_MB,,dataset,train,FieldPos343_Cam01_RGB_MB,pbs_imgs::FieldPos343_Cam01_RGB_MB
pbs_imgs,D:\Dineth\focus_binary_benchmark\dataset\pbs_imgs\unfocused\FieldPos343_Cam01_RGB_MB\FieldPos343_Cam01_RGB_MB_page_15.png,0,pbs_imgs::FieldPos343_Cam01_RGB_MB,,dataset,train,FieldPos343_Cam01_RGB_MB,pbs_imgs::FieldPos343_Cam01_RGB_MB
pbs_imgs,D:\Dineth\focus_binary_benchmark\dataset\pbs_imgs\unfocused\FieldPos343_Cam01_RGB_MB\FieldPos343_Cam01_RGB_MB_page_2.png,0,pbs_imgs::FieldPos343_Cam01_RGB_MB,,dataset,train,FieldPos343_Cam01_RGB_MB,pbs_imgs::FieldPos343_Cam01_RGB_MB
pbs_imgs,D:\Dineth\focus_binary_benchmark\dataset\pbs_imgs\unfocused\FieldPos343_Cam01_RGB_MB\FieldPos343_Cam01_RGB_MB_page_3.png,0,pbs_imgs::FieldPos343_Cam01_RGB_MB,,dataset,train,FieldPos343_Cam01_RGB_MB,pbs_imgs::FieldPos343_Cam01_RGB_MB
pbs_imgs,D:\Dineth\focus_binary_benchmark\dataset\pbs_imgs\unfocused\FieldPos343_Cam01_RGB_MB\FieldPos343_Cam01_RGB_MB_page_4.png,0,pbs_imgs::FieldPos343_Cam01_RGB_MB,,dataset,train,FieldPos343_Cam01_RGB_MB,pbs_imgs::FieldPos343_Cam01_RGB_MB
pbs_imgs,D:\Dineth\focus_binary_benchmark\dataset\pbs_imgs\unfocused\FieldPos343_Cam01_RGB_MB\FieldPos343_Cam01_RGB_MB_page_5.png,0,pbs_imgs::FieldPos343_Cam01_RGB_MB,,dataset,train,FieldPos343_Cam01_RGB_MB,pbs_imgs::FieldPos343_Cam01_RGB_MB
pbs_imgs,D:\Dineth\focus_binary_benchmark\dataset\pbs_imgs\unfocused\FieldPos343_Cam01_RGB_MB\FieldPos343_Cam01_RGB_MB_page_6.png,0,pbs_imgs::FieldPos343_Cam01_RGB_MB,,dataset,train,FieldPos343_Cam01_RGB_MB,pbs_imgs::FieldPos343_Cam01_RGB_MB
pbs_imgs,D:\Dineth\focus_binary_benchmark\dataset\pbs_imgs\unfocused\FieldPos344_Cam01_RGB_MB\FieldPos344_Cam01_RGB_MB_page_12.png,0,pbs_imgs::FieldPos344_Cam01_RGB_MB,,dataset,train,FieldPos344_Cam01_RGB_MB,pbs_imgs::FieldPos344_Cam01_RGB_MB
pbs_imgs,D:\Dineth\focus_binary_benchmark\dataset\pbs_imgs\unfocused\FieldPos344_Cam01_RGB_MB\FieldPos344_Cam01_RGB_MB_page_13.png,0,pbs_imgs::FieldPos344_Cam01_RGB_MB,,dataset,train,FieldPos344_Cam01_RGB_MB,pbs_imgs::FieldPos344_Cam01_RGB_MB
pbs_imgs,D:\Dineth\focus_binary_benchmark\dataset\pbs_imgs\unfocused\FieldPos344_Cam01_RGB_MB\FieldPos344_Cam01_RGB_MB_page_14.png,0,pbs_imgs::FieldPos344_Cam01_RGB_MB,,dataset,train,FieldPos344_Cam01_RGB_MB,pbs_imgs::FieldPos344_Cam01_RGB_MB
pbs_imgs,D:\Dineth\focus_binary_benchmark\dataset\pbs_imgs\unfocused\FieldPos344_Cam01_RGB_MB\FieldPos344_Cam01_RGB_MB_page_15.png,0,pbs_imgs::FieldPos344_Cam01_RGB_MB,,dataset,train,FieldPos344_Cam01_RGB_MB,pbs_imgs::FieldPos344_Cam01_RGB_MB
pbs_imgs,D:\Dineth\focus_binary_benchmark\dataset\pbs_imgs\unfocused\FieldPos344_Cam01_RGB_MB\FieldPos344_Cam01_RGB_MB_page_2.png,0,pbs_imgs::FieldPos344_Cam01_RGB_MB,,dataset,train,FieldPos344_Cam01_RGB_MB,pbs_imgs::FieldPos344_Cam01_RGB_MB
pbs_imgs,D:\Dineth\focus_binary_benchmark\dataset\pbs_imgs\unfocused\FieldPos344_Cam01_RGB_MB\FieldPos344_Cam01_RGB_MB_page_3.png,0,pbs_imgs::FieldPos344_Cam01_RGB_MB,,dataset,train,FieldPos344_Cam01_RGB_MB,pbs_imgs::FieldPos344_Cam01_RGB_MB
pbs_imgs,D:\Dineth\focus_binary_benchmark\dataset\pbs_imgs\unfocused\FieldPos344_Cam01_RGB_MB\FieldPos344_Cam01_RGB_MB_page_4.png,0,pbs_imgs::FieldPos344_Cam01_RGB_MB,,dataset,train,FieldPos344_Cam01_RGB_MB,pbs_imgs::FieldPos344_Cam01_RGB_MB
pbs_imgs,D:\Dineth\focus_binary_benchmark\dataset\pbs_imgs\unfocused\FieldPos344_Cam01_RGB_MB\FieldPos344_Cam01_RGB_MB_page_5.png,0,pbs_imgs::FieldPos344_Cam01_RGB_MB,,dataset,train,FieldPos344_Cam01_RGB_MB,pbs_imgs::FieldPos344_Cam01_RGB_MB
pbs_imgs,D:\Dineth\focus_binary_benchmark\dataset\pbs_imgs\unfocused\FieldPos344_Cam01_RGB_MB\FieldPos344_Cam01_RGB_MB_page_6.png,0,pbs_imgs::FieldPos344_Cam01_RGB_MB,,dataset,train,FieldPos344_Cam01_RGB_MB,pbs_imgs::FieldPos344_Cam01_RGB_MB
pbs_imgs,D:\Dineth\focus_binary_benchmark\dataset\pbs_imgs\unfocused\FieldPos344_Cam01_RGB_MB\FieldPos344_Cam01_RGB_MB_page_7.png,0,pbs_imgs::FieldPos344_Cam01_RGB_MB,,dataset,train,FieldPos344_Cam01_RGB_MB,pbs_imgs::FieldPos344_Cam01_RGB_MB
pbs_imgs,D:\Dineth\focus_binary_benchmark\dataset\pbs_imgs\unfocused\FieldPos344_Cam01_RGB_MB\FieldPos344_Cam01_RGB_MB_page_8.png,0,pbs_imgs::FieldPos344_Cam01_RGB_MB,,dataset,train,FieldPos344_Cam01_RGB_MB,pbs_imgs::FieldPos344_Cam01_RGB_MB
pbs_imgs,D:\Dineth\focus_binary_benchmark\dataset\pbs_imgs\unfocused\FieldPos344_Cam01_RGB_MB\FieldPos344_Cam01_RGB_MB_page_9.png,0,pbs_imgs::FieldPos344_Cam01_RGB_MB,,dataset,train,FieldPos344_Cam01_RGB_MB,pbs_imgs::FieldPos344_Cam01_RGB_MB
pbs_imgs,D:\Dineth\focus_binary_benchmark\dataset\pbs_imgs\unfocused\FieldPos356_Cam01_RGB_MB\FieldPos356_Cam01_RGB_MB_page_1.png,0,pbs_imgs::FieldPos356_Cam01_RGB_MB,,dataset,train,FieldPos356_Cam01_RGB_MB,pbs_imgs::FieldPos356_Cam01_RGB_MB
pbs_imgs,D:\Dineth\focus_binary_benchmark\dataset\pbs_imgs\unfocused\FieldPos356_Cam01_RGB_MB\FieldPos356_Cam01_RGB_MB_page_10.png,0,pbs_imgs::FieldPos356_Cam01_RGB_MB,,dataset,train,FieldPos356_Cam01_RGB_MB,pbs_imgs::FieldPos356_Cam01_RGB_MB
pbs_imgs,D:\Dineth\focus_binary_benchmark\dataset\pbs_imgs\unfocused\FieldPos356_Cam01_RGB_MB\FieldPos356_Cam01_RGB_MB_page_11.png,0,pbs_imgs::FieldPos356_Cam01_RGB_MB,,dataset,train,FieldPos356_Cam01_RGB_MB,pbs_imgs::FieldPos356_Cam01_RGB_MB
pbs_imgs,D:\Dineth\focus_binary_benchmark\dataset\pbs_imgs\unfocused\FieldPos356_Cam01_RGB_MB\FieldPos356_Cam01_RGB_MB_page_12.png,0,pbs_imgs::FieldPos356_Cam01_RGB_MB,,dataset,train,FieldPos356_Cam01_RGB_MB,pbs_imgs::FieldPos356_Cam01_RGB_MB
pbs_imgs,D:\Dineth\focus_binary_benchmark\dataset\pbs_imgs\unfocused\FieldPos356_Cam01_RGB_MB\FieldPos356_Cam01_RGB_MB_page_13.png,0,pbs_imgs::FieldPos356_Cam01_RGB_MB,,dataset,train,FieldPos356_Cam01_RGB_MB,pbs_imgs::FieldPos356_Cam01_RGB_MB
pbs_imgs,D:\Dineth\focus_binary_benchmark\dataset\pbs_imgs\unfocused\FieldPos356_Cam01_RGB_MB\FieldPos356_Cam01_RGB_MB_page_14.png,0,pbs_imgs::FieldPos356_Cam01_RGB_MB,,dataset,train,FieldPos356_Cam01_RGB_MB,pbs_imgs::FieldPos356_Cam01_RGB_MB
pbs_imgs,D:\Dineth\focus_binary_benchmark\dataset\pbs_imgs\unfocused\FieldPos356_Cam01_RGB_MB\FieldPos356_Cam01_RGB_MB_page_15.png,0,pbs_imgs::FieldPos356_Cam01_RGB_MB,,dataset,train,FieldPos356_Cam01_RGB_MB,pbs_imgs::FieldPos356_Cam01_RGB_MB
pbs_imgs,D:\Dineth\focus_binary_benchmark\dataset\pbs_imgs\unfocused\FieldPos356_Cam01_RGB_MB\FieldPos356_Cam01_RGB_MB_page_2.png,0,pbs_imgs::FieldPos356_Cam01_RGB_MB,,dataset,train,FieldPos356_Cam01_RGB_MB,pbs_imgs::FieldPos356_Cam01_RGB_MB
pbs_imgs,D:\Dineth\focus_binary_benchmark\dataset\pbs_imgs\unfocused\FieldPos356_Cam01_RGB_MB\FieldPos356_Cam01_RGB_MB_page_6.png,0,pbs_imgs::FieldPos356_Cam01_RGB_MB,,dataset,train,FieldPos356_Cam01_RGB_MB,pbs_imgs::FieldPos356_Cam01_RGB_MB
pbs_imgs,D:\Dineth\focus_binary_benchmark\dataset\pbs_imgs\unfocused\FieldPos356_Cam01_RGB_MB\FieldPos356_Cam01_RGB_MB_page_7.png,0,pbs_imgs::FieldPos356_Cam01_RGB_MB,,dataset,train,FieldPos356_Cam01_RGB_MB,pbs_imgs::FieldPos356_Cam01_RGB_MB
pbs_imgs,D:\Dineth\focus_binary_benchmark\dataset\pbs_imgs\unfocused\FieldPos356_Cam01_RGB_MB\FieldPos356_Cam01_RGB_MB_page_8.png,0,pbs_imgs::FieldPos356_Cam01_RGB_MB,,dataset,train,FieldPos356_Cam01_RGB_MB,pbs_imgs::FieldPos356_Cam01_RGB_MB
pbs_imgs,D:\Dineth\focus_binary_benchmark\dataset\pbs_imgs\unfocused\FieldPos356_Cam01_RGB_MB\FieldPos356_Cam01_RGB_MB_page_9.png,0,pbs_imgs::FieldPos356_Cam01_RGB_MB,,dataset,train,FieldPos356_Cam01_RGB_MB,pbs_imgs::FieldPos356_Cam01_RGB_MB
pbs_imgs,D:\Dineth\focus_binary_benchmark\dataset\pbs_imgs\unfocused\FieldPos357_Cam01_RGB_MB\FieldPos357_Cam01_RGB_MB_page_1.png,0,pbs_imgs::FieldPos357_Cam01_RGB_MB,,dataset,train,FieldPos357_Cam01_RGB_MB,pbs_imgs::FieldPos357_Cam01_RGB_MB
pbs_imgs,D:\Dineth\focus_binary_benchmark\dataset\pbs_imgs\unfocused\FieldPos357_Cam01_RGB_MB\FieldPos357_Cam01_RGB_MB_page_10.png,0,pbs_imgs::FieldPos357_Cam01_RGB_MB,,dataset,train,FieldPos357_Cam01_RGB_MB,pbs_imgs::FieldPos357_Cam01_RGB_MB
pbs_imgs,D:\Dineth\focus_binary_benchmark\dataset\pbs_imgs\unfocused\FieldPos357_Cam01_RGB_MB\FieldPos357_Cam01_RGB_MB_page_11.png,0,pbs_imgs::FieldPos357_Cam01_RGB_MB,,dataset,train,FieldPos357_Cam01_RGB_MB,pbs_imgs::FieldPos357_Cam01_RGB_MB
pbs_imgs,D:\Dineth\focus_binary_benchmark\dataset\pbs_imgs\unfocused\FieldPos357_Cam01_RGB_MB\FieldPos357_Cam01_RGB_MB_page_12.png,0,pbs_imgs::FieldPos357_Cam01_RGB_MB,,dataset,train,FieldPos357_Cam01_RGB_MB,pbs_imgs::FieldPos357_Cam01_RGB_MB
pbs_imgs,D:\Dineth\focus_binary_benchmark\dataset\pbs_imgs\unfocused\FieldPos357_Cam01_RGB_MB\FieldPos357_Cam01_RGB_MB_page_13.png,0,pbs_imgs::FieldPos357_Cam01_RGB_MB,,dataset,train,FieldPos357_Cam01_RGB_MB,pbs_imgs::FieldPos357_Cam01_RGB_MB
pbs_imgs,D:\Dineth\focus_binary_benchmark\dataset\pbs_imgs\unfocused\FieldPos357_Cam01_RGB_MB\FieldPos357_Cam01_RGB_MB_page_14.png,0,pbs_imgs::FieldPos357_Cam01_RGB_MB,,dataset,train,FieldPos357_Cam01_RGB_MB,pbs_imgs::FieldPos357_Cam01_RGB_MB
pbs_imgs,D:\Dineth\focus_binary_benchmark\dataset\pbs_imgs\unfocused\FieldPos357_Cam01_RGB_MB\FieldPos357_Cam01_RGB_MB_page_15.png,0,pbs_imgs::FieldPos357_Cam01_RGB_MB,,dataset,train,FieldPos357_Cam01_RGB_MB,pbs_imgs::FieldPos357_Cam01_RGB_MB
pbs_imgs,D:\Dineth\focus_binary_benchmark\dataset\pbs_imgs\unfocused\FieldPos357_Cam01_RGB_MB\FieldPos357_Cam01_RGB_MB_page_2.png,0,pbs_imgs::FieldPos357_Cam01_RGB_MB,,dataset,train,FieldPos357_Cam01_RGB_MB,pbs_imgs::FieldPos357_Cam01_RGB_MB
pbs_imgs,D:\Dineth\focus_binary_benchmark\dataset\pbs_imgs\unfocused\FieldPos357_Cam01_RGB_MB\FieldPos357_Cam01_RGB_MB_page_6.png,0,pbs_imgs::FieldPos357_Cam01_RGB_MB,,dataset,train,FieldPos357_Cam01_RGB_MB,pbs_imgs::FieldPos357_Cam01_RGB_MB
pbs_imgs,D:\Dineth\focus_binary_benchmark\dataset\pbs_imgs\unfocused\FieldPos357_Cam01_RGB_MB\FieldPos357_Cam01_RGB_MB_page_7.png,0,pbs_imgs::FieldPos357_Cam01_RGB_MB,,dataset,train,FieldPos357_Cam01_RGB_MB,pbs_imgs::FieldPos357_Cam01_RGB_MB
pbs_imgs,D:\Dineth\focus_binary_benchmark\dataset\pbs_imgs\unfocused\FieldPos357_Cam01_RGB_MB\FieldPos357_Cam01_RGB_MB_page_8.png,0,pbs_imgs::FieldPos357_Cam01_RGB_MB,,dataset,train,FieldPos357_Cam01_RGB_MB,pbs_imgs::FieldPos357_Cam01_RGB_MB
pbs_imgs,D:\Dineth\focus_binary_benchmark\dataset\pbs_imgs\unfocused\FieldPos357_Cam01_RGB_MB\FieldPos357_Cam01_RGB_MB_page_9.png,0,pbs_imgs::FieldPos357_Cam01_RGB_MB,,dataset,train,FieldPos357_Cam01_RGB_MB,pbs_imgs::FieldPos357_Cam01_RGB_MB
pbs_imgs,D:\Dineth\focus_binary_benchmark\dataset\pbs_imgs\unfocused\FieldPos362_Cam01_RGB_MB\FieldPos362_Cam01_RGB_MB_page_1.png,0,pbs_imgs::FieldPos362_Cam01_RGB_MB,,dataset,train,FieldPos362_Cam01_RGB_MB,pbs_imgs::FieldPos362_Cam01_RGB_MB
pbs_imgs,D:\Dineth\focus_binary_benchmark\dataset\pbs_imgs\unfocused\FieldPos362_Cam01_RGB_MB\FieldPos362_Cam01_RGB_MB_page_10.png,0,pbs_imgs::FieldPos362_Cam01_RGB_MB,,dataset,train,FieldPos362_Cam01_RGB_MB,pbs_imgs::FieldPos362_Cam01_RGB_MB
pbs_imgs,D:\Dineth\focus_binary_benchmark\dataset\pbs_imgs\unfocused\FieldPos362_Cam01_RGB_MB\FieldPos362_Cam01_RGB_MB_page_11.png,0,pbs_imgs::FieldPos362_Cam01_RGB_MB,,dataset,train,FieldPos362_Cam01_RGB_MB,pbs_imgs::FieldPos362_Cam01_RGB_MB
pbs_imgs,D:\Dineth\focus_binary_benchmark\dataset\pbs_imgs\unfocused\FieldPos362_Cam01_RGB_MB\FieldPos362_Cam01_RGB_MB_page_12.png,0,pbs_imgs::FieldPos362_Cam01_RGB_MB,,dataset,train,FieldPos362_Cam01_RGB_MB,pbs_imgs::FieldPos362_Cam01_RGB_MB
pbs_imgs,D:\Dineth\focus_binary_benchmark\dataset\pbs_imgs\unfocused\FieldPos362_Cam01_RGB_MB\FieldPos362_Cam01_RGB_MB_page_13.png,0,pbs_imgs::FieldPos362_Cam01_RGB_MB,,dataset,train,FieldPos362_Cam01_RGB_MB,pbs_imgs::FieldPos362_Cam01_RGB_MB
pbs_imgs,D:\Dineth\focus_binary_benchmark\dataset\pbs_imgs\unfocused\FieldPos362_Cam01_RGB_MB\FieldPos362_Cam01_RGB_MB_page_14.png,0,pbs_imgs::FieldPos362_Cam01_RGB_MB,,dataset,train,FieldPos362_Cam01_RGB_MB,pbs_imgs::FieldPos362_Cam01_RGB_MB
pbs_imgs,D:\Dineth\focus_binary_benchmark\dataset\pbs_imgs\unfocused\FieldPos362_Cam01_RGB_MB\FieldPos362_Cam01_RGB_MB_page_15.png,0,pbs_imgs::FieldPos362_Cam01_RGB_MB,,dataset,train,FieldPos362_Cam01_RGB_MB,pbs_imgs::FieldPos362_Cam01_RGB_MB
pbs_imgs,D:\Dineth\focus_binary_benchmark\dataset\pbs_imgs\unfocused\FieldPos362_Cam01_RGB_MB\FieldPos362_Cam01_RGB_MB_page_2.png,0,pbs_imgs::FieldPos362_Cam01_RGB_MB,,dataset,train,FieldPos362_Cam01_RGB_MB,pbs_imgs::FieldPos362_Cam01_RGB_MB
pbs_imgs,D:\Dineth\focus_binary_benchmark\dataset\pbs_imgs\unfocused\FieldPos362_Cam01_RGB_MB\FieldPos362_Cam01_RGB_MB_page_6.png,0,pbs_imgs::FieldPos362_Cam01_RGB_MB,,dataset,train,FieldPos362_Cam01_RGB_MB,pbs_imgs::FieldPos362_Cam01_RGB_MB
pbs_imgs,D:\Dineth\focus_binary_benchmark\dataset\pbs_imgs\unfocused\FieldPos362_Cam01_RGB_MB\FieldPos362_Cam01_RGB_MB_page_7.png,0,pbs_imgs::FieldPos362_Cam01_RGB_MB,,dataset,train,FieldPos362_Cam01_RGB_MB,pbs_imgs::FieldPos362_Cam01_RGB_MB
pbs_imgs,D:\Dineth\focus_binary_benchmark\dataset\pbs_imgs\unfocused\FieldPos362_Cam01_RGB_MB\FieldPos362_Cam01_RGB_MB_page_8.png,0,pbs_imgs::FieldPos362_Cam01_RGB_MB,,dataset,train,FieldPos362_Cam01_RGB_MB,pbs_imgs::FieldPos362_Cam01_RGB_MB
pbs_imgs,D:\Dineth\focus_binary_benchmark\dataset\pbs_imgs\unfocused\FieldPos362_Cam01_RGB_MB\FieldPos362_Cam01_RGB_MB_page_9.png,0,pbs_imgs::FieldPos362_Cam01_RGB_MB,,dataset,train,FieldPos362_Cam01_RGB_MB,pbs_imgs::FieldPos362_Cam01_RGB_MB
pbs_imgs,D:\Dineth\focus_binary_benchmark\dataset\pbs_imgs\unfocused\FieldPos363_Cam01_RGB_MB\FieldPos363_Cam01_RGB_MB_page_1.png,0,pbs_imgs::FieldPos363_Cam01_RGB_MB,,dataset,test,FieldPos363_Cam01_RGB_MB,pbs_imgs::FieldPos363_Cam01_RGB_MB
pbs_imgs,D:\Dineth\focus_binary_benchmark\dataset\pbs_imgs\unfocused\FieldPos363_Cam01_RGB_MB\FieldPos363_Cam01_RGB_MB_page_10.png,0,pbs_imgs::FieldPos363_Cam01_RGB_MB,,dataset,test,FieldPos363_Cam01_RGB_MB,pbs_imgs::FieldPos363_Cam01_RGB_MB
pbs_imgs,D:\Dineth\focus_binary_benchmark\dataset\pbs_imgs\unfocused\FieldPos363_Cam01_RGB_MB\FieldPos363_Cam01_RGB_MB_page_11.png,0,pbs_imgs::FieldPos363_Cam01_RGB_MB,,dataset,test,FieldPos363_Cam01_RGB_MB,pbs_imgs::FieldPos363_Cam01_RGB_MB
pbs_imgs,D:\Dineth\focus_binary_benchmark\dataset\pbs_imgs\unfocused\FieldPos363_Cam01_RGB_MB\FieldPos363_Cam01_RGB_MB_page_12.png,0,pbs_imgs::FieldPos363_Cam01_RGB_MB,,dataset,test,FieldPos363_Cam01_RGB_MB,pbs_imgs::FieldPos363_Cam01_RGB_MB
pbs_imgs,D:\Dineth\focus_binary_benchmark\dataset\pbs_imgs\unfocused\FieldPos363_Cam01_RGB_MB\FieldPos363_Cam01_RGB_MB_page_13.png,0,pbs_imgs::FieldPos363_Cam01_RGB_MB,,dataset,test,FieldPos363_Cam01_RGB_MB,pbs_imgs::FieldPos363_Cam01_RGB_MB
pbs_imgs,D:\Dineth\focus_binary_benchmark\dataset\pbs_imgs\unfocused\FieldPos363_Cam01_RGB_MB\FieldPos363_Cam01_RGB_MB_page_14.png,0,pbs_imgs::FieldPos363_Cam01_RGB_MB,,dataset,test,FieldPos363_Cam01_RGB_MB,pbs_imgs::FieldPos363_Cam01_RGB_MB
pbs_imgs,D:\Dineth\focus_binary_benchmark\dataset\pbs_imgs\unfocused\FieldPos363_Cam01_RGB_MB\FieldPos363_Cam01_RGB_MB_page_15.png,0,pbs_imgs::FieldPos363_Cam01_RGB_MB,,dataset,test,FieldPos363_Cam01_RGB_MB,pbs_imgs::FieldPos363_Cam01_RGB_MB
pbs_imgs,D:\Dineth\focus_binary_benchmark\dataset\pbs_imgs\unfocused\FieldPos363_Cam01_RGB_MB\FieldPos363_Cam01_RGB_MB_page_2.png,0,pbs_imgs::FieldPos363_Cam01_RGB_MB,,dataset,test,FieldPos363_Cam01_RGB_MB,pbs_imgs::FieldPos363_Cam01_RGB_MB
pbs_imgs,D:\Dineth\focus_binary_benchmark\dataset\pbs_imgs\unfocused\FieldPos363_Cam01_RGB_MB\FieldPos363_Cam01_RGB_MB_page_6.png,0,pbs_imgs::FieldPos363_Cam01_RGB_MB,,dataset,test,FieldPos363_Cam01_RGB_MB,pbs_imgs::FieldPos363_Cam01_RGB_MB
pbs_imgs,D:\Dineth\focus_binary_benchmark\dataset\pbs_imgs\unfocused\FieldPos363_Cam01_RGB_MB\FieldPos363_Cam01_RGB_MB_page_7.png,0,pbs_imgs::FieldPos363_Cam01_RGB_MB,,dataset,test,FieldPos363_Cam01_RGB_MB,pbs_imgs::FieldPos363_Cam01_RGB_MB
pbs_imgs,D:\Dineth\focus_binary_benchmark\dataset\pbs_imgs\unfocused\FieldPos363_Cam01_RGB_MB\FieldPos363_Cam01_RGB_MB_page_8.png,0,pbs_imgs::FieldPos363_Cam01_RGB_MB,,dataset,test,FieldPos363_Cam01_RGB_MB,pbs_imgs::FieldPos363_Cam01_RGB_MB
pbs_imgs,D:\Dineth\focus_binary_benchmark\dataset\pbs_imgs\unfocused\FieldPos363_Cam01_RGB_MB\FieldPos363_Cam01_RGB_MB_page_9.png,0,pbs_imgs::FieldPos363_Cam01_RGB_MB,,dataset,test,FieldPos363_Cam01_RGB_MB,pbs_imgs::FieldPos363_Cam01_RGB_MB
pbs_imgs,D:\Dineth\focus_binary_benchmark\dataset\pbs_imgs\unfocused\FieldPos374_Cam01_RGB_MB\FieldPos374_Cam01_RGB_MB_page_12.png,0,pbs_imgs::FieldPos374_Cam01_RGB_MB,,dataset,train,FieldPos374_Cam01_RGB_MB,pbs_imgs::FieldPos374_Cam01_RGB_MB
pbs_imgs,D:\Dineth\focus_binary_benchmark\dataset\pbs_imgs\unfocused\FieldPos374_Cam01_RGB_MB\FieldPos374_Cam01_RGB_MB_page_13.png,0,pbs_imgs::FieldPos374_Cam01_RGB_MB,,dataset,train,FieldPos374_Cam01_RGB_MB,pbs_imgs::FieldPos374_Cam01_RGB_MB
pbs_imgs,D:\Dineth\focus_binary_benchmark\dataset\pbs_imgs\unfocused\FieldPos374_Cam01_RGB_MB\FieldPos374_Cam01_RGB_MB_page_14.png,0,pbs_imgs::FieldPos374_Cam01_RGB_MB,,dataset,train,FieldPos374_Cam01_RGB_MB,pbs_imgs::FieldPos374_Cam01_RGB_MB
pbs_imgs,D:\Dineth\focus_binary_benchmark\dataset\pbs_imgs\unfocused\FieldPos374_Cam01_RGB_MB\FieldPos374_Cam01_RGB_MB_page_15.png,0,pbs_imgs::FieldPos374_Cam01_RGB_MB,,dataset,train,FieldPos374_Cam01_RGB_MB,pbs_imgs::FieldPos374_Cam01_RGB_MB
pbs_imgs,D:\Dineth\focus_binary_benchmark\dataset\pbs_imgs\unfocused\FieldPos374_Cam01_RGB_MB\FieldPos374_Cam01_RGB_MB_page_2.png,0,pbs_imgs::FieldPos374_Cam01_RGB_MB,,dataset,train,FieldPos374_Cam01_RGB_MB,pbs_imgs::FieldPos374_Cam01_RGB_MB
pbs_imgs,D:\Dineth\focus_binary_benchmark\dataset\pbs_imgs\unfocused\FieldPos374_Cam01_RGB_MB\FieldPos374_Cam01_RGB_MB_page_3.png,0,pbs_imgs::FieldPos374_Cam01_RGB_MB,,dataset,train,FieldPos374_Cam01_RGB_MB,pbs_imgs::FieldPos374_Cam01_RGB_MB
pbs_imgs,D:\Dineth\focus_binary_benchmark\dataset\pbs_imgs\unfocused\FieldPos374_Cam01_RGB_MB\FieldPos374_Cam01_RGB_MB_page_4.png,0,pbs_imgs::FieldPos374_Cam01_RGB_MB,,dataset,train,FieldPos374_Cam01_RGB_MB,pbs_imgs::FieldPos374_Cam01_RGB_MB
pbs_imgs,D:\Dineth\focus_binary_benchmark\dataset\pbs_imgs\unfocused\FieldPos374_Cam01_RGB_MB\FieldPos374_Cam01_RGB_MB_page_5.png,0,pbs_imgs::FieldPos374_Cam01_RGB_MB,,dataset,train,FieldPos374_Cam01_RGB_MB,pbs_imgs::FieldPos374_Cam01_RGB_MB
pbs_imgs,D:\Dineth\focus_binary_benchmark\dataset\pbs_imgs\unfocused\FieldPos374_Cam01_RGB_MB\FieldPos374_Cam01_RGB_MB_page_6.png,0,pbs_imgs::FieldPos374_Cam01_RGB_MB,,dataset,train,FieldPos374_Cam01_RGB_MB,pbs_imgs::FieldPos374_Cam01_RGB_MB
pbs_imgs,D:\Dineth\focus_binary_benchmark\dataset\pbs_imgs\unfocused\FieldPos374_Cam01_RGB_MB\FieldPos374_Cam01_RGB_MB_page_7.png,0,pbs_imgs::FieldPos374_Cam01_RGB_MB,,dataset,train,FieldPos374_Cam01_RGB_MB,pbs_imgs::FieldPos374_Cam01_RGB_MB
pbs_imgs,D:\Dineth\focus_binary_benchmark\dataset\pbs_imgs\unfocused\FieldPos374_Cam01_RGB_MB\FieldPos374_Cam01_RGB_MB_page_8.png,0,pbs_imgs::FieldPos374_Cam01_RGB_MB,,dataset,train,FieldPos374_Cam01_RGB_MB,pbs_imgs::FieldPos374_Cam01_RGB_MB
pbs_imgs,D:\Dineth\focus_binary_benchmark\dataset\pbs_imgs\unfocused\FieldPos374_Cam01_RGB_MB\FieldPos374_Cam01_RGB_MB_page_9.png,0,pbs_imgs::FieldPos374_Cam01_RGB_MB,,dataset,train,FieldPos374_Cam01_RGB_MB,pbs_imgs::FieldPos374_Cam01_RGB_MB
pbs_imgs,D:\Dineth\focus_binary_benchmark\dataset\pbs_imgs\unfocused\FieldPos375_Cam01_RGB_MB\FieldPos375_Cam01_RGB_MB_page_12.png,0,pbs_imgs::FieldPos375_Cam01_RGB_MB,,dataset,train,FieldPos375_Cam01_RGB_MB,pbs_imgs::FieldPos375_Cam01_RGB_MB
pbs_imgs,D:\Dineth\focus_binary_benchmark\dataset\pbs_imgs\unfocused\FieldPos375_Cam01_RGB_MB\FieldPos375_Cam01_RGB_MB_page_13.png,0,pbs_imgs::FieldPos375_Cam01_RGB_MB,,dataset,train,FieldPos375_Cam01_RGB_MB,pbs_imgs::FieldPos375_Cam01_RGB_MB
pbs_imgs,D:\Dineth\focus_binary_benchmark\dataset\pbs_imgs\unfocused\FieldPos375_Cam01_RGB_MB\FieldPos375_Cam01_RGB_MB_page_14.png,0,pbs_imgs::FieldPos375_Cam01_RGB_MB,,dataset,train,FieldPos375_Cam01_RGB_MB,pbs_imgs::FieldPos375_Cam01_RGB_MB
pbs_imgs,D:\Dineth\focus_binary_benchmark\dataset\pbs_imgs\unfocused\FieldPos375_Cam01_RGB_MB\FieldPos375_Cam01_RGB_MB_page_15.png,0,pbs_imgs::FieldPos375_Cam01_RGB_MB,,dataset,train,FieldPos375_Cam01_RGB_MB,pbs_imgs::FieldPos375_Cam01_RGB_MB
pbs_imgs,D:\Dineth\focus_binary_benchmark\dataset\pbs_imgs\unfocused\FieldPos375_Cam01_RGB_MB\FieldPos375_Cam01_RGB_MB_page_2.png,0,pbs_imgs::FieldPos375_Cam01_RGB_MB,,dataset,train,FieldPos375_Cam01_RGB_MB,pbs_imgs::FieldPos375_Cam01_RGB_MB
pbs_imgs,D:\Dineth\focus_binary_benchmark\dataset\pbs_imgs\unfocused\FieldPos375_Cam01_RGB_MB\FieldPos375_Cam01_RGB_MB_page_3.png,0,pbs_imgs::FieldPos375_Cam01_RGB_MB,,dataset,train,FieldPos375_Cam01_RGB_MB,pbs_imgs::FieldPos375_Cam01_RGB_MB
pbs_imgs,D:\Dineth\focus_binary_benchmark\dataset\pbs_imgs\unfocused\FieldPos375_Cam01_RGB_MB\FieldPos375_Cam01_RGB_MB_page_4.png,0,pbs_imgs::FieldPos375_Cam01_RGB_MB,,dataset,train,FieldPos375_Cam01_RGB_MB,pbs_imgs::FieldPos375_Cam01_RGB_MB
pbs_imgs,D:\Dineth\focus_binary_benchmark\dataset\pbs_imgs\unfocused\FieldPos375_Cam01_RGB_MB\FieldPos375_Cam01_RGB_MB_page_5.png,0,pbs_imgs::FieldPos375_Cam01_RGB_MB,,dataset,train,FieldPos375_Cam01_RGB_MB,pbs_imgs::FieldPos375_Cam01_RGB_MB
pbs_imgs,D:\Dineth\focus_binary_benchmark\dataset\pbs_imgs\unfocused\FieldPos375_Cam01_RGB_MB\FieldPos375_Cam01_RGB_MB_page_6.png,0,pbs_imgs::FieldPos375_Cam01_RGB_MB,,dataset,train,FieldPos375_Cam01_RGB_MB,pbs_imgs::FieldPos375_Cam01_RGB_MB
pbs_imgs,D:\Dineth\focus_binary_benchmark\dataset\pbs_imgs\unfocused\FieldPos375_Cam01_RGB_MB\FieldPos375_Cam01_RGB_MB_page_7.png,0,pbs_imgs::FieldPos375_Cam01_RGB_MB,,dataset,train,FieldPos375_Cam01_RGB_MB,pbs_imgs::FieldPos375_Cam01_RGB_MB
pbs_imgs,D:\Dineth\focus_binary_benchmark\dataset\pbs_imgs\unfocused\FieldPos375_Cam01_RGB_MB\FieldPos375_Cam01_RGB_MB_page_8.png,0,pbs_imgs::FieldPos375_Cam01_RGB_MB,,dataset,train,FieldPos375_Cam01_RGB_MB,pbs_imgs::FieldPos375_Cam01_RGB_MB
pbs_imgs,D:\Dineth\focus_binary_benchmark\dataset\pbs_imgs\unfocused\FieldPos375_Cam01_RGB_MB\FieldPos375_Cam01_RGB_MB_page_9.png,0,pbs_imgs::FieldPos375_Cam01_RGB_MB,,dataset,train,FieldPos375_Cam01_RGB_MB,pbs_imgs::FieldPos375_Cam01_RGB_MB
pbs_imgs,D:\Dineth\focus_binary_benchmark\dataset\pbs_imgs\unfocused\FieldPos384_Cam01_RGB_MB\FieldPos384_Cam01_RGB_MB_page_1.png,0,pbs_imgs::FieldPos384_Cam01_RGB_MB,,dataset,train,FieldPos384_Cam01_RGB_MB,pbs_imgs::FieldPos384_Cam01_RGB_MB
pbs_imgs,D:\Dineth\focus_binary_benchmark\dataset\pbs_imgs\unfocused\FieldPos384_Cam01_RGB_MB\FieldPos384_Cam01_RGB_MB_page_13.png,0,pbs_imgs::FieldPos384_Cam01_RGB_MB,,dataset,train,FieldPos384_Cam01_RGB_MB,pbs_imgs::FieldPos384_Cam01_RGB_MB
pbs_imgs,D:\Dineth\focus_binary_benchmark\dataset\pbs_imgs\unfocused\FieldPos384_Cam01_RGB_MB\FieldPos384_Cam01_RGB_MB_page_14.png,0,pbs_imgs::FieldPos384_Cam01_RGB_MB,,dataset,train,FieldPos384_Cam01_RGB_MB,pbs_imgs::FieldPos384_Cam01_RGB_MB
pbs_imgs,D:\Dineth\focus_binary_benchmark\dataset\pbs_imgs\unfocused\FieldPos384_Cam01_RGB_MB\FieldPos384_Cam01_RGB_MB_page_15.png,0,pbs_imgs::FieldPos384_Cam01_RGB_MB,,dataset,train,FieldPos384_Cam01_RGB_MB,pbs_imgs::FieldPos384_Cam01_RGB_MB
pbs_imgs,D:\Dineth\focus_binary_benchmark\dataset\pbs_imgs\unfocused\FieldPos384_Cam01_RGB_MB\FieldPos384_Cam01_RGB_MB_page_2.png,0,pbs_imgs::FieldPos384_Cam01_RGB_MB,,dataset,train,FieldPos384_Cam01_RGB_MB,pbs_imgs::FieldPos384_Cam01_RGB_MB
pbs_imgs,D:\Dineth\focus_binary_benchmark\dataset\pbs_imgs\unfocused\FieldPos384_Cam01_RGB_MB\FieldPos384_Cam01_RGB_MB_page_3.png,0,pbs_imgs::FieldPos384_Cam01_RGB_MB,,dataset,train,FieldPos384_Cam01_RGB_MB,pbs_imgs::FieldPos384_Cam01_RGB_MB
pbs_imgs,D:\Dineth\focus_binary_benchmark\dataset\pbs_imgs\unfocused\FieldPos384_Cam01_RGB_MB\FieldPos384_Cam01_RGB_MB_page_4.png,0,pbs_imgs::FieldPos384_Cam01_RGB_MB,,dataset,train,FieldPos384_Cam01_RGB_MB,pbs_imgs::FieldPos384_Cam01_RGB_MB
pbs_imgs,D:\Dineth\focus_binary_benchmark\dataset\pbs_imgs\unfocused\FieldPos384_Cam01_RGB_MB\FieldPos384_Cam01_RGB_MB_page_5.png,0,pbs_imgs::FieldPos384_Cam01_RGB_MB,,dataset,train,FieldPos384_Cam01_RGB_MB,pbs_imgs::FieldPos384_Cam01_RGB_MB
pbs_imgs,D:\Dineth\focus_binary_benchmark\dataset\pbs_imgs\unfocused\FieldPos384_Cam01_RGB_MB\FieldPos384_Cam01_RGB_MB_page_6.png,0,pbs_imgs::FieldPos384_Cam01_RGB_MB,,dataset,train,FieldPos384_Cam01_RGB_MB,pbs_imgs::FieldPos384_Cam01_RGB_MB
pbs_imgs,D:\Dineth\focus_binary_benchmark\dataset\pbs_imgs\unfocused\FieldPos384_Cam01_RGB_MB\FieldPos384_Cam01_RGB_MB_page_7.png,0,pbs_imgs::FieldPos384_Cam01_RGB_MB,,dataset,train,FieldPos384_Cam01_RGB_MB,pbs_imgs::FieldPos384_Cam01_RGB_MB
pbs_imgs,D:\Dineth\focus_binary_benchmark\dataset\pbs_imgs\unfocused\FieldPos384_Cam01_RGB_MB\FieldPos384_Cam01_RGB_MB_page_8.png,0,pbs_imgs::FieldPos384_Cam01_RGB_MB,,dataset,train,FieldPos384_Cam01_RGB_MB,pbs_imgs::FieldPos384_Cam01_RGB_MB
pbs_imgs,D:\Dineth\focus_binary_benchmark\dataset\pbs_imgs\unfocused\FieldPos384_Cam01_RGB_MB\FieldPos384_Cam01_RGB_MB_page_9.png,0,pbs_imgs::FieldPos384_Cam01_RGB_MB,,dataset,train,FieldPos384_Cam01_RGB_MB,pbs_imgs::FieldPos384_Cam01_RGB_MB
pbs_imgs,D:\Dineth\focus_binary_benchmark\dataset\pbs_imgs\unfocused\FieldPos385_Cam01_RGB_MB\FieldPos385_Cam01_RGB_MB_page_1.png,0,pbs_imgs::FieldPos385_Cam01_RGB_MB,,dataset,test,FieldPos385_Cam01_RGB_MB,pbs_imgs::FieldPos385_Cam01_RGB_MB
pbs_imgs,D:\Dineth\focus_binary_benchmark\dataset\pbs_imgs\unfocused\FieldPos385_Cam01_RGB_MB\FieldPos385_Cam01_RGB_MB_page_10.png,0,pbs_imgs::FieldPos385_Cam01_RGB_MB,,dataset,test,FieldPos385_Cam01_RGB_MB,pbs_imgs::FieldPos385_Cam01_RGB_MB
pbs_imgs,D:\Dineth\focus_binary_benchmark\dataset\pbs_imgs\unfocused\FieldPos385_Cam01_RGB_MB\FieldPos385_Cam01_RGB_MB_page_11.png,0,pbs_imgs::FieldPos385_Cam01_RGB_MB,,dataset,test,FieldPos385_Cam01_RGB_MB,pbs_imgs::FieldPos385_Cam01_RGB_MB
pbs_imgs,D:\Dineth\focus_binary_benchmark\dataset\pbs_imgs\unfocused\FieldPos385_Cam01_RGB_MB\FieldPos385_Cam01_RGB_MB_page_12.png,0,pbs_imgs::FieldPos385_Cam01_RGB_MB,,dataset,test,FieldPos385_Cam01_RGB_MB,pbs_imgs::FieldPos385_Cam01_RGB_MB
pbs_imgs,D:\Dineth\focus_binary_benchmark\dataset\pbs_imgs\unfocused\FieldPos385_Cam01_RGB_MB\FieldPos385_Cam01_RGB_MB_page_13.png,0,pbs_imgs::FieldPos385_Cam01_RGB_MB,,dataset,test,FieldPos385_Cam01_RGB_MB,pbs_imgs::FieldPos385_Cam01_RGB_MB
pbs_imgs,D:\Dineth\focus_binary_benchmark\dataset\pbs_imgs\unfocused\FieldPos385_Cam01_RGB_MB\FieldPos385_Cam01_RGB_MB_page_14.png,0,pbs_imgs::FieldPos385_Cam01_RGB_MB,,dataset,test,FieldPos385_Cam01_RGB_MB,pbs_imgs::FieldPos385_Cam01_RGB_MB
pbs_imgs,D:\Dineth\focus_binary_benchmark\dataset\pbs_imgs\unfocused\FieldPos385_Cam01_RGB_MB\FieldPos385_Cam01_RGB_MB_page_15.png,0,pbs_imgs::FieldPos385_Cam01_RGB_MB,,dataset,test,FieldPos385_Cam01_RGB_MB,pbs_imgs::FieldPos385_Cam01_RGB_MB
pbs_imgs,D:\Dineth\focus_binary_benchmark\dataset\pbs_imgs\unfocused\FieldPos385_Cam01_RGB_MB\FieldPos385_Cam01_RGB_MB_page_2.png,0,pbs_imgs::FieldPos385_Cam01_RGB_MB,,dataset,test,FieldPos385_Cam01_RGB_MB,pbs_imgs::FieldPos385_Cam01_RGB_MB
pbs_imgs,D:\Dineth\focus_binary_benchmark\dataset\pbs_imgs\unfocused\FieldPos385_Cam01_RGB_MB\FieldPos385_Cam01_RGB_MB_page_3.png,0,pbs_imgs::FieldPos385_Cam01_RGB_MB,,dataset,test,FieldPos385_Cam01_RGB_MB,pbs_imgs::FieldPos385_Cam01_RGB_MB
pbs_imgs,D:\Dineth\focus_binary_benchmark\dataset\pbs_imgs\unfocused\FieldPos385_Cam01_RGB_MB\FieldPos385_Cam01_RGB_MB_page_4.png,0,pbs_imgs::FieldPos385_Cam01_RGB_MB,,dataset,test,FieldPos385_Cam01_RGB_MB,pbs_imgs::FieldPos385_Cam01_RGB_MB
pbs_imgs,D:\Dineth\focus_binary_benchmark\dataset\pbs_imgs\unfocused\FieldPos385_Cam01_RGB_MB\FieldPos385_Cam01_RGB_MB_page_5.png,0,pbs_imgs::FieldPos385_Cam01_RGB_MB,,dataset,test,FieldPos385_Cam01_RGB_MB,pbs_imgs::FieldPos385_Cam01_RGB_MB
pbs_imgs,D:\Dineth\focus_binary_benchmark\dataset\pbs_imgs\unfocused\FieldPos385_Cam01_RGB_MB\FieldPos385_Cam01_RGB_MB_page_6.png,0,pbs_imgs::FieldPos385_Cam01_RGB_MB,,dataset,test,FieldPos385_Cam01_RGB_MB,pbs_imgs::FieldPos385_Cam01_RGB_MB
pbs_imgs,D:\Dineth\focus_binary_benchmark\dataset\pbs_imgs\unfocused\FieldPos386_Cam01_RGB_MB\FieldPos386_Cam01_RGB_MB_page_1.png,0,pbs_imgs::FieldPos386_Cam01_RGB_MB,,dataset,train,FieldPos386_Cam01_RGB_MB,pbs_imgs::FieldPos386_Cam01_RGB_MB
pbs_imgs,D:\Dineth\focus_binary_benchmark\dataset\pbs_imgs\unfocused\FieldPos386_Cam01_RGB_MB\FieldPos386_Cam01_RGB_MB_page_10.png,0,pbs_imgs::FieldPos386_Cam01_RGB_MB,,dataset,train,FieldPos386_Cam01_RGB_MB,pbs_imgs::FieldPos386_Cam01_RGB_MB
pbs_imgs,D:\Dineth\focus_binary_benchmark\dataset\pbs_imgs\unfocused\FieldPos386_Cam01_RGB_MB\FieldPos386_Cam01_RGB_MB_page_11.png,0,pbs_imgs::FieldPos386_Cam01_RGB_MB,,dataset,train,FieldPos386_Cam01_RGB_MB,pbs_imgs::FieldPos386_Cam01_RGB_MB
pbs_imgs,D:\Dineth\focus_binary_benchmark\dataset\pbs_imgs\unfocused\FieldPos386_Cam01_RGB_MB\FieldPos386_Cam01_RGB_MB_page_12.png,0,pbs_imgs::FieldPos386_Cam01_RGB_MB,,dataset,train,FieldPos386_Cam01_RGB_MB,pbs_imgs::FieldPos386_Cam01_RGB_MB
pbs_imgs,D:\Dineth\focus_binary_benchmark\dataset\pbs_imgs\unfocused\FieldPos386_Cam01_RGB_MB\FieldPos386_Cam01_RGB_MB_page_13.png,0,pbs_imgs::FieldPos386_Cam01_RGB_MB,,dataset,train,FieldPos386_Cam01_RGB_MB,pbs_imgs::FieldPos386_Cam01_RGB_MB
pbs_imgs,D:\Dineth\focus_binary_benchmark\dataset\pbs_imgs\unfocused\FieldPos386_Cam01_RGB_MB\FieldPos386_Cam01_RGB_MB_page_14.png,0,pbs_imgs::FieldPos386_Cam01_RGB_MB,,dataset,train,FieldPos386_Cam01_RGB_MB,pbs_imgs::FieldPos386_Cam01_RGB_MB
pbs_imgs,D:\Dineth\focus_binary_benchmark\dataset\pbs_imgs\unfocused\FieldPos386_Cam01_RGB_MB\FieldPos386_Cam01_RGB_MB_page_15.png,0,pbs_imgs::FieldPos386_Cam01_RGB_MB,,dataset,train,FieldPos386_Cam01_RGB_MB,pbs_imgs::FieldPos386_Cam01_RGB_MB
pbs_imgs,D:\Dineth\focus_binary_benchmark\dataset\pbs_imgs\unfocused\FieldPos386_Cam01_RGB_MB\FieldPos386_Cam01_RGB_MB_page_2.png,0,pbs_imgs::FieldPos386_Cam01_RGB_MB,,dataset,train,FieldPos386_Cam01_RGB_MB,pbs_imgs::FieldPos386_Cam01_RGB_MB
pbs_imgs,D:\Dineth\focus_binary_benchmark\dataset\pbs_imgs\unfocused\FieldPos386_Cam01_RGB_MB\FieldPos386_Cam01_RGB_MB_page_3.png,0,pbs_imgs::FieldPos386_Cam01_RGB_MB,,dataset,train,FieldPos386_Cam01_RGB_MB,pbs_imgs::FieldPos386_Cam01_RGB_MB
pbs_imgs,D:\Dineth\focus_binary_benchmark\dataset\pbs_imgs\unfocused\FieldPos386_Cam01_RGB_MB\FieldPos386_Cam01_RGB_MB_page_4.png,0,pbs_imgs::FieldPos386_Cam01_RGB_MB,,dataset,train,FieldPos386_Cam01_RGB_MB,pbs_imgs::FieldPos386_Cam01_RGB_MB
pbs_imgs,D:\Dineth\focus_binary_benchmark\dataset\pbs_imgs\unfocused\FieldPos386_Cam01_RGB_MB\FieldPos386_Cam01_RGB_MB_page_5.png,0,pbs_imgs::FieldPos386_Cam01_RGB_MB,,dataset,train,FieldPos386_Cam01_RGB_MB,pbs_imgs::FieldPos386_Cam01_RGB_MB
pbs_imgs,D:\Dineth\focus_binary_benchmark\dataset\pbs_imgs\unfocused\FieldPos386_Cam01_RGB_MB\FieldPos386_Cam01_RGB_MB_page_6.png,0,pbs_imgs::FieldPos386_Cam01_RGB_MB,,dataset,train,FieldPos386_Cam01_RGB_MB,pbs_imgs::FieldPos386_Cam01_RGB_MB
pbs_imgs,D:\Dineth\focus_binary_benchmark\dataset\pbs_imgs\unfocused\FieldPos395_Cam01_RGB_MB\FieldPos395_Cam01_RGB_MB_page_1.png,0,pbs_imgs::FieldPos395_Cam01_RGB_MB,,dataset,test,FieldPos395_Cam01_RGB_MB,pbs_imgs::FieldPos395_Cam01_RGB_MB
pbs_imgs,D:\Dineth\focus_binary_benchmark\dataset\pbs_imgs\unfocused\FieldPos395_Cam01_RGB_MB\FieldPos395_Cam01_RGB_MB_page_10.png,0,pbs_imgs::FieldPos395_Cam01_RGB_MB,,dataset,test,FieldPos395_Cam01_RGB_MB,pbs_imgs::FieldPos395_Cam01_RGB_MB
pbs_imgs,D:\Dineth\focus_binary_benchmark\dataset\pbs_imgs\unfocused\FieldPos395_Cam01_RGB_MB\FieldPos395_Cam01_RGB_MB_page_11.png,0,pbs_imgs::FieldPos395_Cam01_RGB_MB,,dataset,test,FieldPos395_Cam01_RGB_MB,pbs_imgs::FieldPos395_Cam01_RGB_MB
pbs_imgs,D:\Dineth\focus_binary_benchmark\dataset\pbs_imgs\unfocused\FieldPos395_Cam01_RGB_MB\FieldPos395_Cam01_RGB_MB_page_12.png,0,pbs_imgs::FieldPos395_Cam01_RGB_MB,,dataset,test,FieldPos395_Cam01_RGB_MB,pbs_imgs::FieldPos395_Cam01_RGB_MB
pbs_imgs,D:\Dineth\focus_binary_benchmark\dataset\pbs_imgs\unfocused\FieldPos395_Cam01_RGB_MB\FieldPos395_Cam01_RGB_MB_page_13.png,0,pbs_imgs::FieldPos395_Cam01_RGB_MB,,dataset,test,FieldPos395_Cam01_RGB_MB,pbs_imgs::FieldPos395_Cam01_RGB_MB
pbs_imgs,D:\Dineth\focus_binary_benchmark\dataset\pbs_imgs\unfocused\FieldPos395_Cam01_RGB_MB\FieldPos395_Cam01_RGB_MB_page_14.png,0,pbs_imgs::FieldPos395_Cam01_RGB_MB,,dataset,test,FieldPos395_Cam01_RGB_MB,pbs_imgs::FieldPos395_Cam01_RGB_MB
pbs_imgs,D:\Dineth\focus_binary_benchmark\dataset\pbs_imgs\unfocused\FieldPos395_Cam01_RGB_MB\FieldPos395_Cam01_RGB_MB_page_15.png,0,pbs_imgs::FieldPos395_Cam01_RGB_MB,,dataset,test,FieldPos395_Cam01_RGB_MB,pbs_imgs::FieldPos395_Cam01_RGB_MB
pbs_imgs,D:\Dineth\focus_binary_benchmark\dataset\pbs_imgs\unfocused\FieldPos395_Cam01_RGB_MB\FieldPos395_Cam01_RGB_MB_page_5.png,0,pbs_imgs::FieldPos395_Cam01_RGB_MB,,dataset,test,FieldPos395_Cam01_RGB_MB,pbs_imgs::FieldPos395_Cam01_RGB_MB
pbs_imgs,D:\Dineth\focus_binary_benchmark\dataset\pbs_imgs\unfocused\FieldPos395_Cam01_RGB_MB\FieldPos395_Cam01_RGB_MB_page_6.png,0,pbs_imgs::FieldPos395_Cam01_RGB_MB,,dataset,test,FieldPos395_Cam01_RGB_MB,pbs_imgs::FieldPos395_Cam01_RGB_MB
pbs_imgs,D:\Dineth\focus_binary_benchmark\dataset\pbs_imgs\unfocused\FieldPos395_Cam01_RGB_MB\FieldPos395_Cam01_RGB_MB_page_7.png,0,pbs_imgs::FieldPos395_Cam01_RGB_MB,,dataset,test,FieldPos395_Cam01_RGB_MB,pbs_imgs::FieldPos395_Cam01_RGB_MB
pbs_imgs,D:\Dineth\focus_binary_benchmark\dataset\pbs_imgs\unfocused\FieldPos395_Cam01_RGB_MB\FieldPos395_Cam01_RGB_MB_page_8.png,0,pbs_imgs::FieldPos395_Cam01_RGB_MB,,dataset,test,FieldPos395_Cam01_RGB_MB,pbs_imgs::FieldPos395_Cam01_RGB_MB
pbs_imgs,D:\Dineth\focus_binary_benchmark\dataset\pbs_imgs\unfocused\FieldPos395_Cam01_RGB_MB\FieldPos395_Cam01_RGB_MB_page_9.png,0,pbs_imgs::FieldPos395_Cam01_RGB_MB,,dataset,test,FieldPos395_Cam01_RGB_MB,pbs_imgs::FieldPos395_Cam01_RGB_MB
pbs_imgs,D:\Dineth\focus_binary_benchmark\dataset\pbs_imgs\unfocused\FieldPos396_Cam01_RGB_MB\FieldPos396_Cam01_RGB_MB_page_1.png,0,pbs_imgs::FieldPos396_Cam01_RGB_MB,,dataset,train,FieldPos396_Cam01_RGB_MB,pbs_imgs::FieldPos396_Cam01_RGB_MB
pbs_imgs,D:\Dineth\focus_binary_benchmark\dataset\pbs_imgs\unfocused\FieldPos396_Cam01_RGB_MB\FieldPos396_Cam01_RGB_MB_page_10.png,0,pbs_imgs::FieldPos396_Cam01_RGB_MB,,dataset,train,FieldPos396_Cam01_RGB_MB,pbs_imgs::FieldPos396_Cam01_RGB_MB
pbs_imgs,D:\Dineth\focus_binary_benchmark\dataset\pbs_imgs\unfocused\FieldPos396_Cam01_RGB_MB\FieldPos396_Cam01_RGB_MB_page_11.png,0,pbs_imgs::FieldPos396_Cam01_RGB_MB,,dataset,train,FieldPos396_Cam01_RGB_MB,pbs_imgs::FieldPos396_Cam01_RGB_MB
pbs_imgs,D:\Dineth\focus_binary_benchmark\dataset\pbs_imgs\unfocused\FieldPos396_Cam01_RGB_MB\FieldPos396_Cam01_RGB_MB_page_12.png,0,pbs_imgs::FieldPos396_Cam01_RGB_MB,,dataset,train,FieldPos396_Cam01_RGB_MB,pbs_imgs::FieldPos396_Cam01_RGB_MB
pbs_imgs,D:\Dineth\focus_binary_benchmark\dataset\pbs_imgs\unfocused\FieldPos396_Cam01_RGB_MB\FieldPos396_Cam01_RGB_MB_page_13.png,0,pbs_imgs::FieldPos396_Cam01_RGB_MB,,dataset,train,FieldPos396_Cam01_RGB_MB,pbs_imgs::FieldPos396_Cam01_RGB_MB
pbs_imgs,D:\Dineth\focus_binary_benchmark\dataset\pbs_imgs\unfocused\FieldPos396_Cam01_RGB_MB\FieldPos396_Cam01_RGB_MB_page_14.png,0,pbs_imgs::FieldPos396_Cam01_RGB_MB,,dataset,train,FieldPos396_Cam01_RGB_MB,pbs_imgs::FieldPos396_Cam01_RGB_MB
pbs_imgs,D:\Dineth\focus_binary_benchmark\dataset\pbs_imgs\unfocused\FieldPos396_Cam01_RGB_MB\FieldPos396_Cam01_RGB_MB_page_15.png,0,pbs_imgs::FieldPos396_Cam01_RGB_MB,,dataset,train,FieldPos396_Cam01_RGB_MB,pbs_imgs::FieldPos396_Cam01_RGB_MB
pbs_imgs,D:\Dineth\focus_binary_benchmark\dataset\pbs_imgs\unfocused\FieldPos396_Cam01_RGB_MB\FieldPos396_Cam01_RGB_MB_page_5.png,0,pbs_imgs::FieldPos396_Cam01_RGB_MB,,dataset,train,FieldPos396_Cam01_RGB_MB,pbs_imgs::FieldPos396_Cam01_RGB_MB
pbs_imgs,D:\Dineth\focus_binary_benchmark\dataset\pbs_imgs\unfocused\FieldPos396_Cam01_RGB_MB\FieldPos396_Cam01_RGB_MB_page_6.png,0,pbs_imgs::FieldPos396_Cam01_RGB_MB,,dataset,train,FieldPos396_Cam01_RGB_MB,pbs_imgs::FieldPos396_Cam01_RGB_MB
pbs_imgs,D:\Dineth\focus_binary_benchmark\dataset\pbs_imgs\unfocused\FieldPos396_Cam01_RGB_MB\FieldPos396_Cam01_RGB_MB_page_7.png,0,pbs_imgs::FieldPos396_Cam01_RGB_MB,,dataset,train,FieldPos396_Cam01_RGB_MB,pbs_imgs::FieldPos396_Cam01_RGB_MB
pbs_imgs,D:\Dineth\focus_binary_benchmark\dataset\pbs_imgs\unfocused\FieldPos396_Cam01_RGB_MB\FieldPos396_Cam01_RGB_MB_page_8.png,0,pbs_imgs::FieldPos396_Cam01_RGB_MB,,dataset,train,FieldPos396_Cam01_RGB_MB,pbs_imgs::FieldPos396_Cam01_RGB_MB
pbs_imgs,D:\Dineth\focus_binary_benchmark\dataset\pbs_imgs\unfocused\FieldPos396_Cam01_RGB_MB\FieldPos396_Cam01_RGB_MB_page_9.png,0,pbs_imgs::FieldPos396_Cam01_RGB_MB,,dataset,train,FieldPos396_Cam01_RGB_MB,pbs_imgs::FieldPos396_Cam01_RGB_MB
pbs_imgs,D:\Dineth\focus_binary_benchmark\dataset\pbs_imgs\unfocused\FieldPos404_Cam01_RGB_MB\FieldPos404_Cam01_RGB_MB_page_1.png,0,pbs_imgs::FieldPos404_Cam01_RGB_MB,,dataset,val,FieldPos404_Cam01_RGB_MB,pbs_imgs::FieldPos404_Cam01_RGB_MB
pbs_imgs,D:\Dineth\focus_binary_benchmark\dataset\pbs_imgs\unfocused\FieldPos404_Cam01_RGB_MB\FieldPos404_Cam01_RGB_MB_page_10.png,0,pbs_imgs::FieldPos404_Cam01_RGB_MB,,dataset,val,FieldPos404_Cam01_RGB_MB,pbs_imgs::FieldPos404_Cam01_RGB_MB
pbs_imgs,D:\Dineth\focus_binary_benchmark\dataset\pbs_imgs\unfocused\FieldPos404_Cam01_RGB_MB\FieldPos404_Cam01_RGB_MB_page_11.png,0,pbs_imgs::FieldPos404_Cam01_RGB_MB,,dataset,val,FieldPos404_Cam01_RGB_MB,pbs_imgs::FieldPos404_Cam01_RGB_MB
pbs_imgs,D:\Dineth\focus_binary_benchmark\dataset\pbs_imgs\unfocused\FieldPos404_Cam01_RGB_MB\FieldPos404_Cam01_RGB_MB_page_12.png,0,pbs_imgs::FieldPos404_Cam01_RGB_MB,,dataset,val,FieldPos404_Cam01_RGB_MB,pbs_imgs::FieldPos404_Cam01_RGB_MB
pbs_imgs,D:\Dineth\focus_binary_benchmark\dataset\pbs_imgs\unfocused\FieldPos404_Cam01_RGB_MB\FieldPos404_Cam01_RGB_MB_page_13.png,0,pbs_imgs::FieldPos404_Cam01_RGB_MB,,dataset,val,FieldPos404_Cam01_RGB_MB,pbs_imgs::FieldPos404_Cam01_RGB_MB
pbs_imgs,D:\Dineth\focus_binary_benchmark\dataset\pbs_imgs\unfocused\FieldPos404_Cam01_RGB_MB\FieldPos404_Cam01_RGB_MB_page_14.png,0,pbs_imgs::FieldPos404_Cam01_RGB_MB,,dataset,val,FieldPos404_Cam01_RGB_MB,pbs_imgs::FieldPos404_Cam01_RGB_MB
pbs_imgs,D:\Dineth\focus_binary_benchmark\dataset\pbs_imgs\unfocused\FieldPos404_Cam01_RGB_MB\FieldPos404_Cam01_RGB_MB_page_4.png,0,pbs_imgs::FieldPos404_Cam01_RGB_MB,,dataset,val,FieldPos404_Cam01_RGB_MB,pbs_imgs::FieldPos404_Cam01_RGB_MB
pbs_imgs,D:\Dineth\focus_binary_benchmark\dataset\pbs_imgs\unfocused\FieldPos404_Cam01_RGB_MB\FieldPos404_Cam01_RGB_MB_page_5.png,0,pbs_imgs::FieldPos404_Cam01_RGB_MB,,dataset,val,FieldPos404_Cam01_RGB_MB,pbs_imgs::FieldPos404_Cam01_RGB_MB
pbs_imgs,D:\Dineth\focus_binary_benchmark\dataset\pbs_imgs\unfocused\FieldPos404_Cam01_RGB_MB\FieldPos404_Cam01_RGB_MB_page_6.png,0,pbs_imgs::FieldPos404_Cam01_RGB_MB,,dataset,val,FieldPos404_Cam01_RGB_MB,pbs_imgs::FieldPos404_Cam01_RGB_MB
pbs_imgs,D:\Dineth\focus_binary_benchmark\dataset\pbs_imgs\unfocused\FieldPos404_Cam01_RGB_MB\FieldPos404_Cam01_RGB_MB_page_7.png,0,pbs_imgs::FieldPos404_Cam01_RGB_MB,,dataset,val,FieldPos404_Cam01_RGB_MB,pbs_imgs::FieldPos404_Cam01_RGB_MB
pbs_imgs,D:\Dineth\focus_binary_benchmark\dataset\pbs_imgs\unfocused\FieldPos404_Cam01_RGB_MB\FieldPos404_Cam01_RGB_MB_page_8.png,0,pbs_imgs::FieldPos404_Cam01_RGB_MB,,dataset,val,FieldPos404_Cam01_RGB_MB,pbs_imgs::FieldPos404_Cam01_RGB_MB
pbs_imgs,D:\Dineth\focus_binary_benchmark\dataset\pbs_imgs\unfocused\FieldPos404_Cam01_RGB_MB\FieldPos404_Cam01_RGB_MB_page_9.png,0,pbs_imgs::FieldPos404_Cam01_RGB_MB,,dataset,val,FieldPos404_Cam01_RGB_MB,pbs_imgs::FieldPos404_Cam01_RGB_MB
pbs_imgs,D:\Dineth\focus_binary_benchmark\dataset\pbs_imgs\unfocused\FieldPos409_Cam01_RGB_MB\FieldPos409_Cam01_RGB_MB_page_1.png,0,pbs_imgs::FieldPos409_Cam01_RGB_MB,,dataset,train,FieldPos409_Cam01_RGB_MB,pbs_imgs::FieldPos409_Cam01_RGB_MB
pbs_imgs,D:\Dineth\focus_binary_benchmark\dataset\pbs_imgs\unfocused\FieldPos409_Cam01_RGB_MB\FieldPos409_Cam01_RGB_MB_page_10.png,0,pbs_imgs::FieldPos409_Cam01_RGB_MB,,dataset,train,FieldPos409_Cam01_RGB_MB,pbs_imgs::FieldPos409_Cam01_RGB_MB
pbs_imgs,D:\Dineth\focus_binary_benchmark\dataset\pbs_imgs\unfocused\FieldPos409_Cam01_RGB_MB\FieldPos409_Cam01_RGB_MB_page_11.png,0,pbs_imgs::FieldPos409_Cam01_RGB_MB,,dataset,train,FieldPos409_Cam01_RGB_MB,pbs_imgs::FieldPos409_Cam01_RGB_MB
pbs_imgs,D:\Dineth\focus_binary_benchmark\dataset\pbs_imgs\unfocused\FieldPos409_Cam01_RGB_MB\FieldPos409_Cam01_RGB_MB_page_12.png,0,pbs_imgs::FieldPos409_Cam01_RGB_MB,,dataset,train,FieldPos409_Cam01_RGB_MB,pbs_imgs::FieldPos409_Cam01_RGB_MB
pbs_imgs,D:\Dineth\focus_binary_benchmark\dataset\pbs_imgs\unfocused\FieldPos409_Cam01_RGB_MB\FieldPos409_Cam01_RGB_MB_page_13.png,0,pbs_imgs::FieldPos409_Cam01_RGB_MB,,dataset,train,FieldPos409_Cam01_RGB_MB,pbs_imgs::FieldPos409_Cam01_RGB_MB
pbs_imgs,D:\Dineth\focus_binary_benchmark\dataset\pbs_imgs\unfocused\FieldPos409_Cam01_RGB_MB\FieldPos409_Cam01_RGB_MB_page_14.png,0,pbs_imgs::FieldPos409_Cam01_RGB_MB,,dataset,train,FieldPos409_Cam01_RGB_MB,pbs_imgs::FieldPos409_Cam01_RGB_MB
pbs_imgs,D:\Dineth\focus_binary_benchmark\dataset\pbs_imgs\unfocused\FieldPos409_Cam01_RGB_MB\FieldPos409_Cam01_RGB_MB_page_15.png,0,pbs_imgs::FieldPos409_Cam01_RGB_MB,,dataset,train,FieldPos409_Cam01_RGB_MB,pbs_imgs::FieldPos409_Cam01_RGB_MB
pbs_imgs,D:\Dineth\focus_binary_benchmark\dataset\pbs_imgs\unfocused\FieldPos409_Cam01_RGB_MB\FieldPos409_Cam01_RGB_MB_page_2.png,0,pbs_imgs::FieldPos409_Cam01_RGB_MB,,dataset,train,FieldPos409_Cam01_RGB_MB,pbs_imgs::FieldPos409_Cam01_RGB_MB
pbs_imgs,D:\Dineth\focus_binary_benchmark\dataset\pbs_imgs\unfocused\FieldPos409_Cam01_RGB_MB\FieldPos409_Cam01_RGB_MB_page_3.png,0,pbs_imgs::FieldPos409_Cam01_RGB_MB,,dataset,train,FieldPos409_Cam01_RGB_MB,pbs_imgs::FieldPos409_Cam01_RGB_MB
pbs_imgs,D:\Dineth\focus_binary_benchmark\dataset\pbs_imgs\unfocused\FieldPos409_Cam01_RGB_MB\FieldPos409_Cam01_RGB_MB_page_4.png,0,pbs_imgs::FieldPos409_Cam01_RGB_MB,,dataset,train,FieldPos409_Cam01_RGB_MB,pbs_imgs::FieldPos409_Cam01_RGB_MB
pbs_imgs,D:\Dineth\focus_binary_benchmark\dataset\pbs_imgs\unfocused\FieldPos409_Cam01_RGB_MB\FieldPos409_Cam01_RGB_MB_page_8.png,0,pbs_imgs::FieldPos409_Cam01_RGB_MB,,dataset,train,FieldPos409_Cam01_RGB_MB,pbs_imgs::FieldPos409_Cam01_RGB_MB
pbs_imgs,D:\Dineth\focus_binary_benchmark\dataset\pbs_imgs\unfocused\FieldPos409_Cam01_RGB_MB\FieldPos409_Cam01_RGB_MB_page_9.png,0,pbs_imgs::FieldPos409_Cam01_RGB_MB,,dataset,train,FieldPos409_Cam01_RGB_MB,pbs_imgs::FieldPos409_Cam01_RGB_MB
pbs_imgs,D:\Dineth\focus_binary_benchmark\dataset\pbs_imgs\unfocused\FieldPos411_Cam01_RGB_MB\FieldPos411_Cam01_RGB_MB_page_1.png,0,pbs_imgs::FieldPos411_Cam01_RGB_MB,,dataset,train,FieldPos411_Cam01_RGB_MB,pbs_imgs::FieldPos411_Cam01_RGB_MB
pbs_imgs,D:\Dineth\focus_binary_benchmark\dataset\pbs_imgs\unfocused\FieldPos411_Cam01_RGB_MB\FieldPos411_Cam01_RGB_MB_page_10.png,0,pbs_imgs::FieldPos411_Cam01_RGB_MB,,dataset,train,FieldPos411_Cam01_RGB_MB,pbs_imgs::FieldPos411_Cam01_RGB_MB
pbs_imgs,D:\Dineth\focus_binary_benchmark\dataset\pbs_imgs\unfocused\FieldPos411_Cam01_RGB_MB\FieldPos411_Cam01_RGB_MB_page_11.png,0,pbs_imgs::FieldPos411_Cam01_RGB_MB,,dataset,train,FieldPos411_Cam01_RGB_MB,pbs_imgs::FieldPos411_Cam01_RGB_MB
pbs_imgs,D:\Dineth\focus_binary_benchmark\dataset\pbs_imgs\unfocused\FieldPos411_Cam01_RGB_MB\FieldPos411_Cam01_RGB_MB_page_12.png,0,pbs_imgs::FieldPos411_Cam01_RGB_MB,,dataset,train,FieldPos411_Cam01_RGB_MB,pbs_imgs::FieldPos411_Cam01_RGB_MB
pbs_imgs,D:\Dineth\focus_binary_benchmark\dataset\pbs_imgs\unfocused\FieldPos411_Cam01_RGB_MB\FieldPos411_Cam01_RGB_MB_page_13.png,0,pbs_imgs::FieldPos411_Cam01_RGB_MB,,dataset,train,FieldPos411_Cam01_RGB_MB,pbs_imgs::FieldPos411_Cam01_RGB_MB
pbs_imgs,D:\Dineth\focus_binary_benchmark\dataset\pbs_imgs\unfocused\FieldPos411_Cam01_RGB_MB\FieldPos411_Cam01_RGB_MB_page_14.png,0,pbs_imgs::FieldPos411_Cam01_RGB_MB,,dataset,train,FieldPos411_Cam01_RGB_MB,pbs_imgs::FieldPos411_Cam01_RGB_MB
pbs_imgs,D:\Dineth\focus_binary_benchmark\dataset\pbs_imgs\unfocused\FieldPos411_Cam01_RGB_MB\FieldPos411_Cam01_RGB_MB_page_15.png,0,pbs_imgs::FieldPos411_Cam01_RGB_MB,,dataset,train,FieldPos411_Cam01_RGB_MB,pbs_imgs::FieldPos411_Cam01_RGB_MB
pbs_imgs,D:\Dineth\focus_binary_benchmark\dataset\pbs_imgs\unfocused\FieldPos411_Cam01_RGB_MB\FieldPos411_Cam01_RGB_MB_page_2.png,0,pbs_imgs::FieldPos411_Cam01_RGB_MB,,dataset,train,FieldPos411_Cam01_RGB_MB,pbs_imgs::FieldPos411_Cam01_RGB_MB
pbs_imgs,D:\Dineth\focus_binary_benchmark\dataset\pbs_imgs\unfocused\FieldPos411_Cam01_RGB_MB\FieldPos411_Cam01_RGB_MB_page_3.png,0,pbs_imgs::FieldPos411_Cam01_RGB_MB,,dataset,train,FieldPos411_Cam01_RGB_MB,pbs_imgs::FieldPos411_Cam01_RGB_MB
pbs_imgs,D:\Dineth\focus_binary_benchmark\dataset\pbs_imgs\unfocused\FieldPos411_Cam01_RGB_MB\FieldPos411_Cam01_RGB_MB_page_4.png,0,pbs_imgs::FieldPos411_Cam01_RGB_MB,,dataset,train,FieldPos411_Cam01_RGB_MB,pbs_imgs::FieldPos411_Cam01_RGB_MB
pbs_imgs,D:\Dineth\focus_binary_benchmark\dataset\pbs_imgs\unfocused\FieldPos411_Cam01_RGB_MB\FieldPos411_Cam01_RGB_MB_page_5.png,0,pbs_imgs::FieldPos411_Cam01_RGB_MB,,dataset,train,FieldPos411_Cam01_RGB_MB,pbs_imgs::FieldPos411_Cam01_RGB_MB
pbs_imgs,D:\Dineth\focus_binary_benchmark\dataset\pbs_imgs\unfocused\FieldPos411_Cam01_RGB_MB\FieldPos411_Cam01_RGB_MB_page_9.png,0,pbs_imgs::FieldPos411_Cam01_RGB_MB,,dataset,train,FieldPos411_Cam01_RGB_MB,pbs_imgs::FieldPos411_Cam01_RGB_MB
pbs_imgs,D:\Dineth\focus_binary_benchmark\dataset\pbs_imgs\unfocused\FieldPos412_Cam01_RGB_MB\FieldPos412_Cam01_RGB_MB_page_1.png,0,pbs_imgs::FieldPos412_Cam01_RGB_MB,,dataset,train,FieldPos412_Cam01_RGB_MB,pbs_imgs::FieldPos412_Cam01_RGB_MB
pbs_imgs,D:\Dineth\focus_binary_benchmark\dataset\pbs_imgs\unfocused\FieldPos412_Cam01_RGB_MB\FieldPos412_Cam01_RGB_MB_page_10.png,0,pbs_imgs::FieldPos412_Cam01_RGB_MB,,dataset,train,FieldPos412_Cam01_RGB_MB,pbs_imgs::FieldPos412_Cam01_RGB_MB
pbs_imgs,D:\Dineth\focus_binary_benchmark\dataset\pbs_imgs\unfocused\FieldPos412_Cam01_RGB_MB\FieldPos412_Cam01_RGB_MB_page_11.png,0,pbs_imgs::FieldPos412_Cam01_RGB_MB,,dataset,train,FieldPos412_Cam01_RGB_MB,pbs_imgs::FieldPos412_Cam01_RGB_MB
pbs_imgs,D:\Dineth\focus_binary_benchmark\dataset\pbs_imgs\unfocused\FieldPos412_Cam01_RGB_MB\FieldPos412_Cam01_RGB_MB_page_12.png,0,pbs_imgs::FieldPos412_Cam01_RGB_MB,,dataset,train,FieldPos412_Cam01_RGB_MB,pbs_imgs::FieldPos412_Cam01_RGB_MB
pbs_imgs,D:\Dineth\focus_binary_benchmark\dataset\pbs_imgs\unfocused\FieldPos412_Cam01_RGB_MB\FieldPos412_Cam01_RGB_MB_page_13.png,0,pbs_imgs::FieldPos412_Cam01_RGB_MB,,dataset,train,FieldPos412_Cam01_RGB_MB,pbs_imgs::FieldPos412_Cam01_RGB_MB
pbs_imgs,D:\Dineth\focus_binary_benchmark\dataset\pbs_imgs\unfocused\FieldPos412_Cam01_RGB_MB\FieldPos412_Cam01_RGB_MB_page_14.png,0,pbs_imgs::FieldPos412_Cam01_RGB_MB,,dataset,train,FieldPos412_Cam01_RGB_MB,pbs_imgs::FieldPos412_Cam01_RGB_MB
pbs_imgs,D:\Dineth\focus_binary_benchmark\dataset\pbs_imgs\unfocused\FieldPos412_Cam01_RGB_MB\FieldPos412_Cam01_RGB_MB_page_15.png,0,pbs_imgs::FieldPos412_Cam01_RGB_MB,,dataset,train,FieldPos412_Cam01_RGB_MB,pbs_imgs::FieldPos412_Cam01_RGB_MB
pbs_imgs,D:\Dineth\focus_binary_benchmark\dataset\pbs_imgs\unfocused\FieldPos412_Cam01_RGB_MB\FieldPos412_Cam01_RGB_MB_page_2.png,0,pbs_imgs::FieldPos412_Cam01_RGB_MB,,dataset,train,FieldPos412_Cam01_RGB_MB,pbs_imgs::FieldPos412_Cam01_RGB_MB
pbs_imgs,D:\Dineth\focus_binary_benchmark\dataset\pbs_imgs\unfocused\FieldPos412_Cam01_RGB_MB\FieldPos412_Cam01_RGB_MB_page_3.png,0,pbs_imgs::FieldPos412_Cam01_RGB_MB,,dataset,train,FieldPos412_Cam01_RGB_MB,pbs_imgs::FieldPos412_Cam01_RGB_MB
pbs_imgs,D:\Dineth\focus_binary_benchmark\dataset\pbs_imgs\unfocused\FieldPos412_Cam01_RGB_MB\FieldPos412_Cam01_RGB_MB_page_4.png,0,pbs_imgs::FieldPos412_Cam01_RGB_MB,,dataset,train,FieldPos412_Cam01_RGB_MB,pbs_imgs::FieldPos412_Cam01_RGB_MB
pbs_imgs,D:\Dineth\focus_binary_benchmark\dataset\pbs_imgs\unfocused\FieldPos412_Cam01_RGB_MB\FieldPos412_Cam01_RGB_MB_page_5.png,0,pbs_imgs::FieldPos412_Cam01_RGB_MB,,dataset,train,FieldPos412_Cam01_RGB_MB,pbs_imgs::FieldPos412_Cam01_RGB_MB
pbs_imgs,D:\Dineth\focus_binary_benchmark\dataset\pbs_imgs\unfocused\FieldPos412_Cam01_RGB_MB\FieldPos412_Cam01_RGB_MB_page_6.png,0,pbs_imgs::FieldPos412_Cam01_RGB_MB,,dataset,train,FieldPos412_Cam01_RGB_MB,pbs_imgs::FieldPos412_Cam01_RGB_MB
pbs_imgs,D:\Dineth\focus_binary_benchmark\dataset\pbs_imgs\unfocused\FieldPos413_Cam01_RGB_MB\FieldPos413_Cam01_RGB_MB_page_1.png,0,pbs_imgs::FieldPos413_Cam01_RGB_MB,,dataset,val,FieldPos413_Cam01_RGB_MB,pbs_imgs::FieldPos413_Cam01_RGB_MB
pbs_imgs,D:\Dineth\focus_binary_benchmark\dataset\pbs_imgs\unfocused\FieldPos413_Cam01_RGB_MB\FieldPos413_Cam01_RGB_MB_page_10.png,0,pbs_imgs::FieldPos413_Cam01_RGB_MB,,dataset,val,FieldPos413_Cam01_RGB_MB,pbs_imgs::FieldPos413_Cam01_RGB_MB
pbs_imgs,D:\Dineth\focus_binary_benchmark\dataset\pbs_imgs\unfocused\FieldPos413_Cam01_RGB_MB\FieldPos413_Cam01_RGB_MB_page_11.png,0,pbs_imgs::FieldPos413_Cam01_RGB_MB,,dataset,val,FieldPos413_Cam01_RGB_MB,pbs_imgs::FieldPos413_Cam01_RGB_MB
pbs_imgs,D:\Dineth\focus_binary_benchmark\dataset\pbs_imgs\unfocused\FieldPos413_Cam01_RGB_MB\FieldPos413_Cam01_RGB_MB_page_12.png,0,pbs_imgs::FieldPos413_Cam01_RGB_MB,,dataset,val,FieldPos413_Cam01_RGB_MB,pbs_imgs::FieldPos413_Cam01_RGB_MB
pbs_imgs,D:\Dineth\focus_binary_benchmark\dataset\pbs_imgs\unfocused\FieldPos413_Cam01_RGB_MB\FieldPos413_Cam01_RGB_MB_page_13.png,0,pbs_imgs::FieldPos413_Cam01_RGB_MB,,dataset,val,FieldPos413_Cam01_RGB_MB,pbs_imgs::FieldPos413_Cam01_RGB_MB
pbs_imgs,D:\Dineth\focus_binary_benchmark\dataset\pbs_imgs\unfocused\FieldPos413_Cam01_RGB_MB\FieldPos413_Cam01_RGB_MB_page_14.png,0,pbs_imgs::FieldPos413_Cam01_RGB_MB,,dataset,val,FieldPos413_Cam01_RGB_MB,pbs_imgs::FieldPos413_Cam01_RGB_MB
pbs_imgs,D:\Dineth\focus_binary_benchmark\dataset\pbs_imgs\unfocused\FieldPos413_Cam01_RGB_MB\FieldPos413_Cam01_RGB_MB_page_15.png,0,pbs_imgs::FieldPos413_Cam01_RGB_MB,,dataset,val,FieldPos413_Cam01_RGB_MB,pbs_imgs::FieldPos413_Cam01_RGB_MB
pbs_imgs,D:\Dineth\focus_binary_benchmark\dataset\pbs_imgs\unfocused\FieldPos413_Cam01_RGB_MB\FieldPos413_Cam01_RGB_MB_page_2.png,0,pbs_imgs::FieldPos413_Cam01_RGB_MB,,dataset,val,FieldPos413_Cam01_RGB_MB,pbs_imgs::FieldPos413_Cam01_RGB_MB
pbs_imgs,D:\Dineth\focus_binary_benchmark\dataset\pbs_imgs\unfocused\FieldPos413_Cam01_RGB_MB\FieldPos413_Cam01_RGB_MB_page_3.png,0,pbs_imgs::FieldPos413_Cam01_RGB_MB,,dataset,val,FieldPos413_Cam01_RGB_MB,pbs_imgs::FieldPos413_Cam01_RGB_MB
pbs_imgs,D:\Dineth\focus_binary_benchmark\dataset\pbs_imgs\unfocused\FieldPos413_Cam01_RGB_MB\FieldPos413_Cam01_RGB_MB_page_4.png,0,pbs_imgs::FieldPos413_Cam01_RGB_MB,,dataset,val,FieldPos413_Cam01_RGB_MB,pbs_imgs::FieldPos413_Cam01_RGB_MB
pbs_imgs,D:\Dineth\focus_binary_benchmark\dataset\pbs_imgs\unfocused\FieldPos413_Cam01_RGB_MB\FieldPos413_Cam01_RGB_MB_page_5.png,0,pbs_imgs::FieldPos413_Cam01_RGB_MB,,dataset,val,FieldPos413_Cam01_RGB_MB,pbs_imgs::FieldPos413_Cam01_RGB_MB
pbs_imgs,D:\Dineth\focus_binary_benchmark\dataset\pbs_imgs\unfocused\FieldPos413_Cam01_RGB_MB\FieldPos413_Cam01_RGB_MB_page_6.png,0,pbs_imgs::FieldPos413_Cam01_RGB_MB,,dataset,val,FieldPos413_Cam01_RGB_MB,pbs_imgs::FieldPos413_Cam01_RGB_MB
pbs_imgs,D:\Dineth\focus_binary_benchmark\dataset\pbs_imgs\unfocused\FieldPos414_Cam01_RGB_MB\FieldPos414_Cam01_RGB_MB_page_12.png,0,pbs_imgs::FieldPos414_Cam01_RGB_MB,,dataset,train,FieldPos414_Cam01_RGB_MB,pbs_imgs::FieldPos414_Cam01_RGB_MB
pbs_imgs,D:\Dineth\focus_binary_benchmark\dataset\pbs_imgs\unfocused\FieldPos414_Cam01_RGB_MB\FieldPos414_Cam01_RGB_MB_page_13.png,0,pbs_imgs::FieldPos414_Cam01_RGB_MB,,dataset,train,FieldPos414_Cam01_RGB_MB,pbs_imgs::FieldPos414_Cam01_RGB_MB
pbs_imgs,D:\Dineth\focus_binary_benchmark\dataset\pbs_imgs\unfocused\FieldPos414_Cam01_RGB_MB\FieldPos414_Cam01_RGB_MB_page_14.png,0,pbs_imgs::FieldPos414_Cam01_RGB_MB,,dataset,train,FieldPos414_Cam01_RGB_MB,pbs_imgs::FieldPos414_Cam01_RGB_MB
pbs_imgs,D:\Dineth\focus_binary_benchmark\dataset\pbs_imgs\unfocused\FieldPos414_Cam01_RGB_MB\FieldPos414_Cam01_RGB_MB_page_15.png,0,pbs_imgs::FieldPos414_Cam01_RGB_MB,,dataset,train,FieldPos414_Cam01_RGB_MB,pbs_imgs::FieldPos414_Cam01_RGB_MB
pbs_imgs,D:\Dineth\focus_binary_benchmark\dataset\pbs_imgs\unfocused\FieldPos414_Cam01_RGB_MB\FieldPos414_Cam01_RGB_MB_page_2.png,0,pbs_imgs::FieldPos414_Cam01_RGB_MB,,dataset,train,FieldPos414_Cam01_RGB_MB,pbs_imgs::FieldPos414_Cam01_RGB_MB
pbs_imgs,D:\Dineth\focus_binary_benchmark\dataset\pbs_imgs\unfocused\FieldPos414_Cam01_RGB_MB\FieldPos414_Cam01_RGB_MB_page_3.png,0,pbs_imgs::FieldPos414_Cam01_RGB_MB,,dataset,train,FieldPos414_Cam01_RGB_MB,pbs_imgs::FieldPos414_Cam01_RGB_MB
pbs_imgs,D:\Dineth\focus_binary_benchmark\dataset\pbs_imgs\unfocused\FieldPos414_Cam01_RGB_MB\FieldPos414_Cam01_RGB_MB_page_4.png,0,pbs_imgs::FieldPos414_Cam01_RGB_MB,,dataset,train,FieldPos414_Cam01_RGB_MB,pbs_imgs::FieldPos414_Cam01_RGB_MB
pbs_imgs,D:\Dineth\focus_binary_benchmark\dataset\pbs_imgs\unfocused\FieldPos414_Cam01_RGB_MB\FieldPos414_Cam01_RGB_MB_page_5.png,0,pbs_imgs::FieldPos414_Cam01_RGB_MB,,dataset,train,FieldPos414_Cam01_RGB_MB,pbs_imgs::FieldPos414_Cam01_RGB_MB
pbs_imgs,D:\Dineth\focus_binary_benchmark\dataset\pbs_imgs\unfocused\FieldPos414_Cam01_RGB_MB\FieldPos414_Cam01_RGB_MB_page_6.png,0,pbs_imgs::FieldPos414_Cam01_RGB_MB,,dataset,train,FieldPos414_Cam01_RGB_MB,pbs_imgs::FieldPos414_Cam01_RGB_MB
pbs_imgs,D:\Dineth\focus_binary_benchmark\dataset\pbs_imgs\unfocused\FieldPos414_Cam01_RGB_MB\FieldPos414_Cam01_RGB_MB_page_7.png,0,pbs_imgs::FieldPos414_Cam01_RGB_MB,,dataset,train,FieldPos414_Cam01_RGB_MB,pbs_imgs::FieldPos414_Cam01_RGB_MB
pbs_imgs,D:\Dineth\focus_binary_benchmark\dataset\pbs_imgs\unfocused\FieldPos414_Cam01_RGB_MB\FieldPos414_Cam01_RGB_MB_page_8.png,0,pbs_imgs::FieldPos414_Cam01_RGB_MB,,dataset,train,FieldPos414_Cam01_RGB_MB,pbs_imgs::FieldPos414_Cam01_RGB_MB
pbs_imgs,D:\Dineth\focus_binary_benchmark\dataset\pbs_imgs\unfocused\FieldPos414_Cam01_RGB_MB\FieldPos414_Cam01_RGB_MB_page_9.png,0,pbs_imgs::FieldPos414_Cam01_RGB_MB,,dataset,train,FieldPos414_Cam01_RGB_MB,pbs_imgs::FieldPos414_Cam01_RGB_MB
pbs_imgs,D:\Dineth\focus_binary_benchmark\dataset\pbs_imgs\unfocused\FieldPos426_Cam01_RGB_MB\FieldPos426_Cam01_RGB_MB_page_12.png,0,pbs_imgs::FieldPos426_Cam01_RGB_MB,,dataset,train,FieldPos426_Cam01_RGB_MB,pbs_imgs::FieldPos426_Cam01_RGB_MB
pbs_imgs,D:\Dineth\focus_binary_benchmark\dataset\pbs_imgs\unfocused\FieldPos426_Cam01_RGB_MB\FieldPos426_Cam01_RGB_MB_page_13.png,0,pbs_imgs::FieldPos426_Cam01_RGB_MB,,dataset,train,FieldPos426_Cam01_RGB_MB,pbs_imgs::FieldPos426_Cam01_RGB_MB
pbs_imgs,D:\Dineth\focus_binary_benchmark\dataset\pbs_imgs\unfocused\FieldPos426_Cam01_RGB_MB\FieldPos426_Cam01_RGB_MB_page_14.png,0,pbs_imgs::FieldPos426_Cam01_RGB_MB,,dataset,train,FieldPos426_Cam01_RGB_MB,pbs_imgs::FieldPos426_Cam01_RGB_MB
pbs_imgs,D:\Dineth\focus_binary_benchmark\dataset\pbs_imgs\unfocused\FieldPos426_Cam01_RGB_MB\FieldPos426_Cam01_RGB_MB_page_15.png,0,pbs_imgs::FieldPos426_Cam01_RGB_MB,,dataset,train,FieldPos426_Cam01_RGB_MB,pbs_imgs::FieldPos426_Cam01_RGB_MB
pbs_imgs,D:\Dineth\focus_binary_benchmark\dataset\pbs_imgs\unfocused\FieldPos426_Cam01_RGB_MB\FieldPos426_Cam01_RGB_MB_page_2.png,0,pbs_imgs::FieldPos426_Cam01_RGB_MB,,dataset,train,FieldPos426_Cam01_RGB_MB,pbs_imgs::FieldPos426_Cam01_RGB_MB
pbs_imgs,D:\Dineth\focus_binary_benchmark\dataset\pbs_imgs\unfocused\FieldPos426_Cam01_RGB_MB\FieldPos426_Cam01_RGB_MB_page_3.png,0,pbs_imgs::FieldPos426_Cam01_RGB_MB,,dataset,train,FieldPos426_Cam01_RGB_MB,pbs_imgs::FieldPos426_Cam01_RGB_MB
pbs_imgs,D:\Dineth\focus_binary_benchmark\dataset\pbs_imgs\unfocused\FieldPos426_Cam01_RGB_MB\FieldPos426_Cam01_RGB_MB_page_4.png,0,pbs_imgs::FieldPos426_Cam01_RGB_MB,,dataset,train,FieldPos426_Cam01_RGB_MB,pbs_imgs::FieldPos426_Cam01_RGB_MB
pbs_imgs,D:\Dineth\focus_binary_benchmark\dataset\pbs_imgs\unfocused\FieldPos426_Cam01_RGB_MB\FieldPos426_Cam01_RGB_MB_page_5.png,0,pbs_imgs::FieldPos426_Cam01_RGB_MB,,dataset,train,FieldPos426_Cam01_RGB_MB,pbs_imgs::FieldPos426_Cam01_RGB_MB
pbs_imgs,D:\Dineth\focus_binary_benchmark\dataset\pbs_imgs\unfocused\FieldPos426_Cam01_RGB_MB\FieldPos426_Cam01_RGB_MB_page_6.png,0,pbs_imgs::FieldPos426_Cam01_RGB_MB,,dataset,train,FieldPos426_Cam01_RGB_MB,pbs_imgs::FieldPos426_Cam01_RGB_MB
pbs_imgs,D:\Dineth\focus_binary_benchmark\dataset\pbs_imgs\unfocused\FieldPos426_Cam01_RGB_MB\FieldPos426_Cam01_RGB_MB_page_7.png,0,pbs_imgs::FieldPos426_Cam01_RGB_MB,,dataset,train,FieldPos426_Cam01_RGB_MB,pbs_imgs::FieldPos426_Cam01_RGB_MB
pbs_imgs,D:\Dineth\focus_binary_benchmark\dataset\pbs_imgs\unfocused\FieldPos426_Cam01_RGB_MB\FieldPos426_Cam01_RGB_MB_page_8.png,0,pbs_imgs::FieldPos426_Cam01_RGB_MB,,dataset,train,FieldPos426_Cam01_RGB_MB,pbs_imgs::FieldPos426_Cam01_RGB_MB
pbs_imgs,D:\Dineth\focus_binary_benchmark\dataset\pbs_imgs\unfocused\FieldPos426_Cam01_RGB_MB\FieldPos426_Cam01_RGB_MB_page_9.png,0,pbs_imgs::FieldPos426_Cam01_RGB_MB,,dataset,train,FieldPos426_Cam01_RGB_MB,pbs_imgs::FieldPos426_Cam01_RGB_MB
pbs_imgs,D:\Dineth\focus_binary_benchmark\dataset\pbs_imgs\unfocused\FieldPos427_Cam01_RGB_MB\FieldPos427_Cam01_RGB_MB_page_1.png,0,pbs_imgs::FieldPos427_Cam01_RGB_MB,,dataset,val,FieldPos427_Cam01_RGB_MB,pbs_imgs::FieldPos427_Cam01_RGB_MB
pbs_imgs,D:\Dineth\focus_binary_benchmark\dataset\pbs_imgs\unfocused\FieldPos427_Cam01_RGB_MB\FieldPos427_Cam01_RGB_MB_page_13.png,0,pbs_imgs::FieldPos427_Cam01_RGB_MB,,dataset,val,FieldPos427_Cam01_RGB_MB,pbs_imgs::FieldPos427_Cam01_RGB_MB
pbs_imgs,D:\Dineth\focus_binary_benchmark\dataset\pbs_imgs\unfocused\FieldPos427_Cam01_RGB_MB\FieldPos427_Cam01_RGB_MB_page_14.png,0,pbs_imgs::FieldPos427_Cam01_RGB_MB,,dataset,val,FieldPos427_Cam01_RGB_MB,pbs_imgs::FieldPos427_Cam01_RGB_MB
pbs_imgs,D:\Dineth\focus_binary_benchmark\dataset\pbs_imgs\unfocused\FieldPos427_Cam01_RGB_MB\FieldPos427_Cam01_RGB_MB_page_15.png,0,pbs_imgs::FieldPos427_Cam01_RGB_MB,,dataset,val,FieldPos427_Cam01_RGB_MB,pbs_imgs::FieldPos427_Cam01_RGB_MB
pbs_imgs,D:\Dineth\focus_binary_benchmark\dataset\pbs_imgs\unfocused\FieldPos427_Cam01_RGB_MB\FieldPos427_Cam01_RGB_MB_page_2.png,0,pbs_imgs::FieldPos427_Cam01_RGB_MB,,dataset,val,FieldPos427_Cam01_RGB_MB,pbs_imgs::FieldPos427_Cam01_RGB_MB
pbs_imgs,D:\Dineth\focus_binary_benchmark\dataset\pbs_imgs\unfocused\FieldPos427_Cam01_RGB_MB\FieldPos427_Cam01_RGB_MB_page_3.png,0,pbs_imgs::FieldPos427_Cam01_RGB_MB,,dataset,val,FieldPos427_Cam01_RGB_MB,pbs_imgs::FieldPos427_Cam01_RGB_MB
pbs_imgs,D:\Dineth\focus_binary_benchmark\dataset\pbs_imgs\unfocused\FieldPos427_Cam01_RGB_MB\FieldPos427_Cam01_RGB_MB_page_4.png,0,pbs_imgs::FieldPos427_Cam01_RGB_MB,,dataset,val,FieldPos427_Cam01_RGB_MB,pbs_imgs::FieldPos427_Cam01_RGB_MB
pbs_imgs,D:\Dineth\focus_binary_benchmark\dataset\pbs_imgs\unfocused\FieldPos427_Cam01_RGB_MB\FieldPos427_Cam01_RGB_MB_page_5.png,0,pbs_imgs::FieldPos427_Cam01_RGB_MB,,dataset,val,FieldPos427_Cam01_RGB_MB,pbs_imgs::FieldPos427_Cam01_RGB_MB
pbs_imgs,D:\Dineth\focus_binary_benchmark\dataset\pbs_imgs\unfocused\FieldPos427_Cam01_RGB_MB\FieldPos427_Cam01_RGB_MB_page_6.png,0,pbs_imgs::FieldPos427_Cam01_RGB_MB,,dataset,val,FieldPos427_Cam01_RGB_MB,pbs_imgs::FieldPos427_Cam01_RGB_MB
pbs_imgs,D:\Dineth\focus_binary_benchmark\dataset\pbs_imgs\unfocused\FieldPos427_Cam01_RGB_MB\FieldPos427_Cam01_RGB_MB_page_7.png,0,pbs_imgs::FieldPos427_Cam01_RGB_MB,,dataset,val,FieldPos427_Cam01_RGB_MB,pbs_imgs::FieldPos427_Cam01_RGB_MB
pbs_imgs,D:\Dineth\focus_binary_benchmark\dataset\pbs_imgs\unfocused\FieldPos427_Cam01_RGB_MB\FieldPos427_Cam01_RGB_MB_page_8.png,0,pbs_imgs::FieldPos427_Cam01_RGB_MB,,dataset,val,FieldPos427_Cam01_RGB_MB,pbs_imgs::FieldPos427_Cam01_RGB_MB
pbs_imgs,D:\Dineth\focus_binary_benchmark\dataset\pbs_imgs\unfocused\FieldPos427_Cam01_RGB_MB\FieldPos427_Cam01_RGB_MB_page_9.png,0,pbs_imgs::FieldPos427_Cam01_RGB_MB,,dataset,val,FieldPos427_Cam01_RGB_MB,pbs_imgs::FieldPos427_Cam01_RGB_MB
pbs_imgs,D:\Dineth\focus_binary_benchmark\dataset\pbs_imgs\unfocused\FieldPos428_Cam01_RGB_MB\FieldPos428_Cam01_RGB_MB_page_1.png,0,pbs_imgs::FieldPos428_Cam01_RGB_MB,,dataset,val,FieldPos428_Cam01_RGB_MB,pbs_imgs::FieldPos428_Cam01_RGB_MB
pbs_imgs,D:\Dineth\focus_binary_benchmark\dataset\pbs_imgs\unfocused\FieldPos428_Cam01_RGB_MB\FieldPos428_Cam01_RGB_MB_page_10.png,0,pbs_imgs::FieldPos428_Cam01_RGB_MB,,dataset,val,FieldPos428_Cam01_RGB_MB,pbs_imgs::FieldPos428_Cam01_RGB_MB
pbs_imgs,D:\Dineth\focus_binary_benchmark\dataset\pbs_imgs\unfocused\FieldPos428_Cam01_RGB_MB\FieldPos428_Cam01_RGB_MB_page_11.png,0,pbs_imgs::FieldPos428_Cam01_RGB_MB,,dataset,val,FieldPos428_Cam01_RGB_MB,pbs_imgs::FieldPos428_Cam01_RGB_MB
pbs_imgs,D:\Dineth\focus_binary_benchmark\dataset\pbs_imgs\unfocused\FieldPos428_Cam01_RGB_MB\FieldPos428_Cam01_RGB_MB_page_12.png,0,pbs_imgs::FieldPos428_Cam01_RGB_MB,,dataset,val,FieldPos428_Cam01_RGB_MB,pbs_imgs::FieldPos428_Cam01_RGB_MB
pbs_imgs,D:\Dineth\focus_binary_benchmark\dataset\pbs_imgs\unfocused\FieldPos428_Cam01_RGB_MB\FieldPos428_Cam01_RGB_MB_page_13.png,0,pbs_imgs::FieldPos428_Cam01_RGB_MB,,dataset,val,FieldPos428_Cam01_RGB_MB,pbs_imgs::FieldPos428_Cam01_RGB_MB
pbs_imgs,D:\Dineth\focus_binary_benchmark\dataset\pbs_imgs\unfocused\FieldPos428_Cam01_RGB_MB\FieldPos428_Cam01_RGB_MB_page_14.png,0,pbs_imgs::FieldPos428_Cam01_RGB_MB,,dataset,val,FieldPos428_Cam01_RGB_MB,pbs_imgs::FieldPos428_Cam01_RGB_MB
pbs_imgs,D:\Dineth\focus_binary_benchmark\dataset\pbs_imgs\unfocused\FieldPos428_Cam01_RGB_MB\FieldPos428_Cam01_RGB_MB_page_15.png,0,pbs_imgs::FieldPos428_Cam01_RGB_MB,,dataset,val,FieldPos428_Cam01_RGB_MB,pbs_imgs::FieldPos428_Cam01_RGB_MB
pbs_imgs,D:\Dineth\focus_binary_benchmark\dataset\pbs_imgs\unfocused\FieldPos428_Cam01_RGB_MB\FieldPos428_Cam01_RGB_MB_page_2.png,0,pbs_imgs::FieldPos428_Cam01_RGB_MB,,dataset,val,FieldPos428_Cam01_RGB_MB,pbs_imgs::FieldPos428_Cam01_RGB_MB
pbs_imgs,D:\Dineth\focus_binary_benchmark\dataset\pbs_imgs\unfocused\FieldPos428_Cam01_RGB_MB\FieldPos428_Cam01_RGB_MB_page_3.png,0,pbs_imgs::FieldPos428_Cam01_RGB_MB,,dataset,val,FieldPos428_Cam01_RGB_MB,pbs_imgs::FieldPos428_Cam01_RGB_MB
pbs_imgs,D:\Dineth\focus_binary_benchmark\dataset\pbs_imgs\unfocused\FieldPos428_Cam01_RGB_MB\FieldPos428_Cam01_RGB_MB_page_4.png,0,pbs_imgs::FieldPos428_Cam01_RGB_MB,,dataset,val,FieldPos428_Cam01_RGB_MB,pbs_imgs::FieldPos428_Cam01_RGB_MB
pbs_imgs,D:\Dineth\focus_binary_benchmark\dataset\pbs_imgs\unfocused\FieldPos428_Cam01_RGB_MB\FieldPos428_Cam01_RGB_MB_page_5.png,0,pbs_imgs::FieldPos428_Cam01_RGB_MB,,dataset,val,FieldPos428_Cam01_RGB_MB,pbs_imgs::FieldPos428_Cam01_RGB_MB
pbs_imgs,D:\Dineth\focus_binary_benchmark\dataset\pbs_imgs\unfocused\FieldPos428_Cam01_RGB_MB\FieldPos428_Cam01_RGB_MB_page_6.png,0,pbs_imgs::FieldPos428_Cam01_RGB_MB,,dataset,val,FieldPos428_Cam01_RGB_MB,pbs_imgs::FieldPos428_Cam01_RGB_MB
pbs_imgs,D:\Dineth\focus_binary_benchmark\dataset\pbs_imgs\unfocused\FieldPos429_Cam01_RGB_MB\FieldPos429_Cam01_RGB_MB_page_12.png,0,pbs_imgs::FieldPos429_Cam01_RGB_MB,,dataset,train,FieldPos429_Cam01_RGB_MB,pbs_imgs::FieldPos429_Cam01_RGB_MB
pbs_imgs,D:\Dineth\focus_binary_benchmark\dataset\pbs_imgs\unfocused\FieldPos429_Cam01_RGB_MB\FieldPos429_Cam01_RGB_MB_page_13.png,0,pbs_imgs::FieldPos429_Cam01_RGB_MB,,dataset,train,FieldPos429_Cam01_RGB_MB,pbs_imgs::FieldPos429_Cam01_RGB_MB
pbs_imgs,D:\Dineth\focus_binary_benchmark\dataset\pbs_imgs\unfocused\FieldPos429_Cam01_RGB_MB\FieldPos429_Cam01_RGB_MB_page_14.png,0,pbs_imgs::FieldPos429_Cam01_RGB_MB,,dataset,train,FieldPos429_Cam01_RGB_MB,pbs_imgs::FieldPos429_Cam01_RGB_MB
pbs_imgs,D:\Dineth\focus_binary_benchmark\dataset\pbs_imgs\unfocused\FieldPos429_Cam01_RGB_MB\FieldPos429_Cam01_RGB_MB_page_15.png,0,pbs_imgs::FieldPos429_Cam01_RGB_MB,,dataset,train,FieldPos429_Cam01_RGB_MB,pbs_imgs::FieldPos429_Cam01_RGB_MB
pbs_imgs,D:\Dineth\focus_binary_benchmark\dataset\pbs_imgs\unfocused\FieldPos429_Cam01_RGB_MB\FieldPos429_Cam01_RGB_MB_page_2.png,0,pbs_imgs::FieldPos429_Cam01_RGB_MB,,dataset,train,FieldPos429_Cam01_RGB_MB,pbs_imgs::FieldPos429_Cam01_RGB_MB
pbs_imgs,D:\Dineth\focus_binary_benchmark\dataset\pbs_imgs\unfocused\FieldPos429_Cam01_RGB_MB\FieldPos429_Cam01_RGB_MB_page_3.png,0,pbs_imgs::FieldPos429_Cam01_RGB_MB,,dataset,train,FieldPos429_Cam01_RGB_MB,pbs_imgs::FieldPos429_Cam01_RGB_MB
pbs_imgs,D:\Dineth\focus_binary_benchmark\dataset\pbs_imgs\unfocused\FieldPos429_Cam01_RGB_MB\FieldPos429_Cam01_RGB_MB_page_4.png,0,pbs_imgs::FieldPos429_Cam01_RGB_MB,,dataset,train,FieldPos429_Cam01_RGB_MB,pbs_imgs::FieldPos429_Cam01_RGB_MB
pbs_imgs,D:\Dineth\focus_binary_benchmark\dataset\pbs_imgs\unfocused\FieldPos429_Cam01_RGB_MB\FieldPos429_Cam01_RGB_MB_page_5.png,0,pbs_imgs::FieldPos429_Cam01_RGB_MB,,dataset,train,FieldPos429_Cam01_RGB_MB,pbs_imgs::FieldPos429_Cam01_RGB_MB
pbs_imgs,D:\Dineth\focus_binary_benchmark\dataset\pbs_imgs\unfocused\FieldPos429_Cam01_RGB_MB\FieldPos429_Cam01_RGB_MB_page_6.png,0,pbs_imgs::FieldPos429_Cam01_RGB_MB,,dataset,train,FieldPos429_Cam01_RGB_MB,pbs_imgs::FieldPos429_Cam01_RGB_MB
pbs_imgs,D:\Dineth\focus_binary_benchmark\dataset\pbs_imgs\unfocused\FieldPos429_Cam01_RGB_MB\FieldPos429_Cam01_RGB_MB_page_7.png,0,pbs_imgs::FieldPos429_Cam01_RGB_MB,,dataset,train,FieldPos429_Cam01_RGB_MB,pbs_imgs::FieldPos429_Cam01_RGB_MB
pbs_imgs,D:\Dineth\focus_binary_benchmark\dataset\pbs_imgs\unfocused\FieldPos429_Cam01_RGB_MB\FieldPos429_Cam01_RGB_MB_page_8.png,0,pbs_imgs::FieldPos429_Cam01_RGB_MB,,dataset,train,FieldPos429_Cam01_RGB_MB,pbs_imgs::FieldPos429_Cam01_RGB_MB
pbs_imgs,D:\Dineth\focus_binary_benchmark\dataset\pbs_imgs\unfocused\FieldPos429_Cam01_RGB_MB\FieldPos429_Cam01_RGB_MB_page_9.png,0,pbs_imgs::FieldPos429_Cam01_RGB_MB,,dataset,train,FieldPos429_Cam01_RGB_MB,pbs_imgs::FieldPos429_Cam01_RGB_MB
pbs_imgs,D:\Dineth\focus_binary_benchmark\dataset\pbs_imgs\unfocused\FieldPos430_Cam01_RGB_MB\FieldPos430_Cam01_RGB_MB_page_1.png,0,pbs_imgs::FieldPos430_Cam01_RGB_MB,,dataset,val,FieldPos430_Cam01_RGB_MB,pbs_imgs::FieldPos430_Cam01_RGB_MB
pbs_imgs,D:\Dineth\focus_binary_benchmark\dataset\pbs_imgs\unfocused\FieldPos430_Cam01_RGB_MB\FieldPos430_Cam01_RGB_MB_page_10.png,0,pbs_imgs::FieldPos430_Cam01_RGB_MB,,dataset,val,FieldPos430_Cam01_RGB_MB,pbs_imgs::FieldPos430_Cam01_RGB_MB
pbs_imgs,D:\Dineth\focus_binary_benchmark\dataset\pbs_imgs\unfocused\FieldPos430_Cam01_RGB_MB\FieldPos430_Cam01_RGB_MB_page_11.png,0,pbs_imgs::FieldPos430_Cam01_RGB_MB,,dataset,val,FieldPos430_Cam01_RGB_MB,pbs_imgs::FieldPos430_Cam01_RGB_MB
pbs_imgs,D:\Dineth\focus_binary_benchmark\dataset\pbs_imgs\unfocused\FieldPos430_Cam01_RGB_MB\FieldPos430_Cam01_RGB_MB_page_12.png,0,pbs_imgs::FieldPos430_Cam01_RGB_MB,,dataset,val,FieldPos430_Cam01_RGB_MB,pbs_imgs::FieldPos430_Cam01_RGB_MB
pbs_imgs,D:\Dineth\focus_binary_benchmark\dataset\pbs_imgs\unfocused\FieldPos430_Cam01_RGB_MB\FieldPos430_Cam01_RGB_MB_page_13.png,0,pbs_imgs::FieldPos430_Cam01_RGB_MB,,dataset,val,FieldPos430_Cam01_RGB_MB,pbs_imgs::FieldPos430_Cam01_RGB_MB
pbs_imgs,D:\Dineth\focus_binary_benchmark\dataset\pbs_imgs\unfocused\FieldPos430_Cam01_RGB_MB\FieldPos430_Cam01_RGB_MB_page_14.png,0,pbs_imgs::FieldPos430_Cam01_RGB_MB,,dataset,val,FieldPos430_Cam01_RGB_MB,pbs_imgs::FieldPos430_Cam01_RGB_MB
pbs_imgs,D:\Dineth\focus_binary_benchmark\dataset\pbs_imgs\unfocused\FieldPos430_Cam01_RGB_MB\FieldPos430_Cam01_RGB_MB_page_15.png,0,pbs_imgs::FieldPos430_Cam01_RGB_MB,,dataset,val,FieldPos430_Cam01_RGB_MB,pbs_imgs::FieldPos430_Cam01_RGB_MB
pbs_imgs,D:\Dineth\focus_binary_benchmark\dataset\pbs_imgs\unfocused\FieldPos430_Cam01_RGB_MB\FieldPos430_Cam01_RGB_MB_page_2.png,0,pbs_imgs::FieldPos430_Cam01_RGB_MB,,dataset,val,FieldPos430_Cam01_RGB_MB,pbs_imgs::FieldPos430_Cam01_RGB_MB
pbs_imgs,D:\Dineth\focus_binary_benchmark\dataset\pbs_imgs\unfocused\FieldPos430_Cam01_RGB_MB\FieldPos430_Cam01_RGB_MB_page_3.png,0,pbs_imgs::FieldPos430_Cam01_RGB_MB,,dataset,val,FieldPos430_Cam01_RGB_MB,pbs_imgs::FieldPos430_Cam01_RGB_MB
pbs_imgs,D:\Dineth\focus_binary_benchmark\dataset\pbs_imgs\unfocused\FieldPos430_Cam01_RGB_MB\FieldPos430_Cam01_RGB_MB_page_4.png,0,pbs_imgs::FieldPos430_Cam01_RGB_MB,,dataset,val,FieldPos430_Cam01_RGB_MB,pbs_imgs::FieldPos430_Cam01_RGB_MB
pbs_imgs,D:\Dineth\focus_binary_benchmark\dataset\pbs_imgs\unfocused\FieldPos430_Cam01_RGB_MB\FieldPos430_Cam01_RGB_MB_page_5.png,0,pbs_imgs::FieldPos430_Cam01_RGB_MB,,dataset,val,FieldPos430_Cam01_RGB_MB,pbs_imgs::FieldPos430_Cam01_RGB_MB
pbs_imgs,D:\Dineth\focus_binary_benchmark\dataset\pbs_imgs\unfocused\FieldPos430_Cam01_RGB_MB\FieldPos430_Cam01_RGB_MB_page_6.png,0,pbs_imgs::FieldPos430_Cam01_RGB_MB,,dataset,val,FieldPos430_Cam01_RGB_MB,pbs_imgs::FieldPos430_Cam01_RGB_MB
pbs_imgs,D:\Dineth\focus_binary_benchmark\dataset\pbs_imgs\unfocused\FieldPos432_Cam01_RGB_MB\FieldPos432_Cam01_RGB_MB_page_1.png,0,pbs_imgs::FieldPos432_Cam01_RGB_MB,,dataset,test,FieldPos432_Cam01_RGB_MB,pbs_imgs::FieldPos432_Cam01_RGB_MB
pbs_imgs,D:\Dineth\focus_binary_benchmark\dataset\pbs_imgs\unfocused\FieldPos432_Cam01_RGB_MB\FieldPos432_Cam01_RGB_MB_page_10.png,0,pbs_imgs::FieldPos432_Cam01_RGB_MB,,dataset,test,FieldPos432_Cam01_RGB_MB,pbs_imgs::FieldPos432_Cam01_RGB_MB
pbs_imgs,D:\Dineth\focus_binary_benchmark\dataset\pbs_imgs\unfocused\FieldPos432_Cam01_RGB_MB\FieldPos432_Cam01_RGB_MB_page_11.png,0,pbs_imgs::FieldPos432_Cam01_RGB_MB,,dataset,test,FieldPos432_Cam01_RGB_MB,pbs_imgs::FieldPos432_Cam01_RGB_MB
pbs_imgs,D:\Dineth\focus_binary_benchmark\dataset\pbs_imgs\unfocused\FieldPos432_Cam01_RGB_MB\FieldPos432_Cam01_RGB_MB_page_12.png,0,pbs_imgs::FieldPos432_Cam01_RGB_MB,,dataset,test,FieldPos432_Cam01_RGB_MB,pbs_imgs::FieldPos432_Cam01_RGB_MB
pbs_imgs,D:\Dineth\focus_binary_benchmark\dataset\pbs_imgs\unfocused\FieldPos432_Cam01_RGB_MB\FieldPos432_Cam01_RGB_MB_page_13.png,0,pbs_imgs::FieldPos432_Cam01_RGB_MB,,dataset,test,FieldPos432_Cam01_RGB_MB,pbs_imgs::FieldPos432_Cam01_RGB_MB
pbs_imgs,D:\Dineth\focus_binary_benchmark\dataset\pbs_imgs\unfocused\FieldPos432_Cam01_RGB_MB\FieldPos432_Cam01_RGB_MB_page_14.png,0,pbs_imgs::FieldPos432_Cam01_RGB_MB,,dataset,test,FieldPos432_Cam01_RGB_MB,pbs_imgs::FieldPos432_Cam01_RGB_MB
pbs_imgs,D:\Dineth\focus_binary_benchmark\dataset\pbs_imgs\unfocused\FieldPos432_Cam01_RGB_MB\FieldPos432_Cam01_RGB_MB_page_15.png,0,pbs_imgs::FieldPos432_Cam01_RGB_MB,,dataset,test,FieldPos432_Cam01_RGB_MB,pbs_imgs::FieldPos432_Cam01_RGB_MB
pbs_imgs,D:\Dineth\focus_binary_benchmark\dataset\pbs_imgs\unfocused\FieldPos432_Cam01_RGB_MB\FieldPos432_Cam01_RGB_MB_page_2.png,0,pbs_imgs::FieldPos432_Cam01_RGB_MB,,dataset,test,FieldPos432_Cam01_RGB_MB,pbs_imgs::FieldPos432_Cam01_RGB_MB
pbs_imgs,D:\Dineth\focus_binary_benchmark\dataset\pbs_imgs\unfocused\FieldPos432_Cam01_RGB_MB\FieldPos432_Cam01_RGB_MB_page_3.png,0,pbs_imgs::FieldPos432_Cam01_RGB_MB,,dataset,test,FieldPos432_Cam01_RGB_MB,pbs_imgs::FieldPos432_Cam01_RGB_MB
pbs_imgs,D:\Dineth\focus_binary_benchmark\dataset\pbs_imgs\unfocused\FieldPos432_Cam01_RGB_MB\FieldPos432_Cam01_RGB_MB_page_4.png,0,pbs_imgs::FieldPos432_Cam01_RGB_MB,,dataset,test,FieldPos432_Cam01_RGB_MB,pbs_imgs::FieldPos432_Cam01_RGB_MB
pbs_imgs,D:\Dineth\focus_binary_benchmark\dataset\pbs_imgs\unfocused\FieldPos432_Cam01_RGB_MB\FieldPos432_Cam01_RGB_MB_page_5.png,0,pbs_imgs::FieldPos432_Cam01_RGB_MB,,dataset,test,FieldPos432_Cam01_RGB_MB,pbs_imgs::FieldPos432_Cam01_RGB_MB
pbs_imgs,D:\Dineth\focus_binary_benchmark\dataset\pbs_imgs\unfocused\FieldPos432_Cam01_RGB_MB\FieldPos432_Cam01_RGB_MB_page_6.png,0,pbs_imgs::FieldPos432_Cam01_RGB_MB,,dataset,test,FieldPos432_Cam01_RGB_MB,pbs_imgs::FieldPos432_Cam01_RGB_MB
pbs_imgs,D:\Dineth\focus_binary_benchmark\dataset\pbs_imgs\unfocused\FieldPos433_Cam01_RGB_MB\FieldPos433_Cam01_RGB_MB_page_1.png,0,pbs_imgs::FieldPos433_Cam01_RGB_MB,,dataset,train,FieldPos433_Cam01_RGB_MB,pbs_imgs::FieldPos433_Cam01_RGB_MB
pbs_imgs,D:\Dineth\focus_binary_benchmark\dataset\pbs_imgs\unfocused\FieldPos433_Cam01_RGB_MB\FieldPos433_Cam01_RGB_MB_page_10.png,0,pbs_imgs::FieldPos433_Cam01_RGB_MB,,dataset,train,FieldPos433_Cam01_RGB_MB,pbs_imgs::FieldPos433_Cam01_RGB_MB
pbs_imgs,D:\Dineth\focus_binary_benchmark\dataset\pbs_imgs\unfocused\FieldPos433_Cam01_RGB_MB\FieldPos433_Cam01_RGB_MB_page_11.png,0,pbs_imgs::FieldPos433_Cam01_RGB_MB,,dataset,train,FieldPos433_Cam01_RGB_MB,pbs_imgs::FieldPos433_Cam01_RGB_MB
pbs_imgs,D:\Dineth\focus_binary_benchmark\dataset\pbs_imgs\unfocused\FieldPos433_Cam01_RGB_MB\FieldPos433_Cam01_RGB_MB_page_12.png,0,pbs_imgs::FieldPos433_Cam01_RGB_MB,,dataset,train,FieldPos433_Cam01_RGB_MB,pbs_imgs::FieldPos433_Cam01_RGB_MB
pbs_imgs,D:\Dineth\focus_binary_benchmark\dataset\pbs_imgs\unfocused\FieldPos433_Cam01_RGB_MB\FieldPos433_Cam01_RGB_MB_page_13.png,0,pbs_imgs::FieldPos433_Cam01_RGB_MB,,dataset,train,FieldPos433_Cam01_RGB_MB,pbs_imgs::FieldPos433_Cam01_RGB_MB
pbs_imgs,D:\Dineth\focus_binary_benchmark\dataset\pbs_imgs\unfocused\FieldPos433_Cam01_RGB_MB\FieldPos433_Cam01_RGB_MB_page_14.png,0,pbs_imgs::FieldPos433_Cam01_RGB_MB,,dataset,train,FieldPos433_Cam01_RGB_MB,pbs_imgs::FieldPos433_Cam01_RGB_MB
pbs_imgs,D:\Dineth\focus_binary_benchmark\dataset\pbs_imgs\unfocused\FieldPos433_Cam01_RGB_MB\FieldPos433_Cam01_RGB_MB_page_15.png,0,pbs_imgs::FieldPos433_Cam01_RGB_MB,,dataset,train,FieldPos433_Cam01_RGB_MB,pbs_imgs::FieldPos433_Cam01_RGB_MB
pbs_imgs,D:\Dineth\focus_binary_benchmark\dataset\pbs_imgs\unfocused\FieldPos433_Cam01_RGB_MB\FieldPos433_Cam01_RGB_MB_page_2.png,0,pbs_imgs::FieldPos433_Cam01_RGB_MB,,dataset,train,FieldPos433_Cam01_RGB_MB,pbs_imgs::FieldPos433_Cam01_RGB_MB
pbs_imgs,D:\Dineth\focus_binary_benchmark\dataset\pbs_imgs\unfocused\FieldPos433_Cam01_RGB_MB\FieldPos433_Cam01_RGB_MB_page_3.png,0,pbs_imgs::FieldPos433_Cam01_RGB_MB,,dataset,train,FieldPos433_Cam01_RGB_MB,pbs_imgs::FieldPos433_Cam01_RGB_MB
pbs_imgs,D:\Dineth\focus_binary_benchmark\dataset\pbs_imgs\unfocused\FieldPos433_Cam01_RGB_MB\FieldPos433_Cam01_RGB_MB_page_7.png,0,pbs_imgs::FieldPos433_Cam01_RGB_MB,,dataset,train,FieldPos433_Cam01_RGB_MB,pbs_imgs::FieldPos433_Cam01_RGB_MB
pbs_imgs,D:\Dineth\focus_binary_benchmark\dataset\pbs_imgs\unfocused\FieldPos433_Cam01_RGB_MB\FieldPos433_Cam01_RGB_MB_page_8.png,0,pbs_imgs::FieldPos433_Cam01_RGB_MB,,dataset,train,FieldPos433_Cam01_RGB_MB,pbs_imgs::FieldPos433_Cam01_RGB_MB
pbs_imgs,D:\Dineth\focus_binary_benchmark\dataset\pbs_imgs\unfocused\FieldPos433_Cam01_RGB_MB\FieldPos433_Cam01_RGB_MB_page_9.png,0,pbs_imgs::FieldPos433_Cam01_RGB_MB,,dataset,train,FieldPos433_Cam01_RGB_MB,pbs_imgs::FieldPos433_Cam01_RGB_MB
pbs_imgs,D:\Dineth\focus_binary_benchmark\dataset\pbs_imgs\unfocused\FieldPos434_Cam01_RGB_MB\FieldPos434_Cam01_RGB_MB_page_1.png,0,pbs_imgs::FieldPos434_Cam01_RGB_MB,,dataset,train,FieldPos434_Cam01_RGB_MB,pbs_imgs::FieldPos434_Cam01_RGB_MB
pbs_imgs,D:\Dineth\focus_binary_benchmark\dataset\pbs_imgs\unfocused\FieldPos434_Cam01_RGB_MB\FieldPos434_Cam01_RGB_MB_page_10.png,0,pbs_imgs::FieldPos434_Cam01_RGB_MB,,dataset,train,FieldPos434_Cam01_RGB_MB,pbs_imgs::FieldPos434_Cam01_RGB_MB
pbs_imgs,D:\Dineth\focus_binary_benchmark\dataset\pbs_imgs\unfocused\FieldPos434_Cam01_RGB_MB\FieldPos434_Cam01_RGB_MB_page_11.png,0,pbs_imgs::FieldPos434_Cam01_RGB_MB,,dataset,train,FieldPos434_Cam01_RGB_MB,pbs_imgs::FieldPos434_Cam01_RGB_MB
pbs_imgs,D:\Dineth\focus_binary_benchmark\dataset\pbs_imgs\unfocused\FieldPos434_Cam01_RGB_MB\FieldPos434_Cam01_RGB_MB_page_12.png,0,pbs_imgs::FieldPos434_Cam01_RGB_MB,,dataset,train,FieldPos434_Cam01_RGB_MB,pbs_imgs::FieldPos434_Cam01_RGB_MB
pbs_imgs,D:\Dineth\focus_binary_benchmark\dataset\pbs_imgs\unfocused\FieldPos434_Cam01_RGB_MB\FieldPos434_Cam01_RGB_MB_page_13.png,0,pbs_imgs::FieldPos434_Cam01_RGB_MB,,dataset,train,FieldPos434_Cam01_RGB_MB,pbs_imgs::FieldPos434_Cam01_RGB_MB
pbs_imgs,D:\Dineth\focus_binary_benchmark\dataset\pbs_imgs\unfocused\FieldPos434_Cam01_RGB_MB\FieldPos434_Cam01_RGB_MB_page_14.png,0,pbs_imgs::FieldPos434_Cam01_RGB_MB,,dataset,train,FieldPos434_Cam01_RGB_MB,pbs_imgs::FieldPos434_Cam01_RGB_MB
pbs_imgs,D:\Dineth\focus_binary_benchmark\dataset\pbs_imgs\unfocused\FieldPos434_Cam01_RGB_MB\FieldPos434_Cam01_RGB_MB_page_15.png,0,pbs_imgs::FieldPos434_Cam01_RGB_MB,,dataset,train,FieldPos434_Cam01_RGB_MB,pbs_imgs::FieldPos434_Cam01_RGB_MB
pbs_imgs,D:\Dineth\focus_binary_benchmark\dataset\pbs_imgs\unfocused\FieldPos434_Cam01_RGB_MB\FieldPos434_Cam01_RGB_MB_page_2.png,0,pbs_imgs::FieldPos434_Cam01_RGB_MB,,dataset,train,FieldPos434_Cam01_RGB_MB,pbs_imgs::FieldPos434_Cam01_RGB_MB
pbs_imgs,D:\Dineth\focus_binary_benchmark\dataset\pbs_imgs\unfocused\FieldPos434_Cam01_RGB_MB\FieldPos434_Cam01_RGB_MB_page_3.png,0,pbs_imgs::FieldPos434_Cam01_RGB_MB,,dataset,train,FieldPos434_Cam01_RGB_MB,pbs_imgs::FieldPos434_Cam01_RGB_MB
pbs_imgs,D:\Dineth\focus_binary_benchmark\dataset\pbs_imgs\unfocused\FieldPos434_Cam01_RGB_MB\FieldPos434_Cam01_RGB_MB_page_4.png,0,pbs_imgs::FieldPos434_Cam01_RGB_MB,,dataset,train,FieldPos434_Cam01_RGB_MB,pbs_imgs::FieldPos434_Cam01_RGB_MB
pbs_imgs,D:\Dineth\focus_binary_benchmark\dataset\pbs_imgs\unfocused\FieldPos434_Cam01_RGB_MB\FieldPos434_Cam01_RGB_MB_page_5.png,0,pbs_imgs::FieldPos434_Cam01_RGB_MB,,dataset,train,FieldPos434_Cam01_RGB_MB,pbs_imgs::FieldPos434_Cam01_RGB_MB
pbs_imgs,D:\Dineth\focus_binary_benchmark\dataset\pbs_imgs\unfocused\FieldPos434_Cam01_RGB_MB\FieldPos434_Cam01_RGB_MB_page_9.png,0,pbs_imgs::FieldPos434_Cam01_RGB_MB,,dataset,train,FieldPos434_Cam01_RGB_MB,pbs_imgs::FieldPos434_Cam01_RGB_MB
pbs_imgs,D:\Dineth\focus_binary_benchmark\dataset\pbs_imgs\unfocused\FieldPos435_Cam01_RGB_MB\FieldPos435_Cam01_RGB_MB_page_1.png,0,pbs_imgs::FieldPos435_Cam01_RGB_MB,,dataset,train,FieldPos435_Cam01_RGB_MB,pbs_imgs::FieldPos435_Cam01_RGB_MB
pbs_imgs,D:\Dineth\focus_binary_benchmark\dataset\pbs_imgs\unfocused\FieldPos435_Cam01_RGB_MB\FieldPos435_Cam01_RGB_MB_page_10.png,0,pbs_imgs::FieldPos435_Cam01_RGB_MB,,dataset,train,FieldPos435_Cam01_RGB_MB,pbs_imgs::FieldPos435_Cam01_RGB_MB
pbs_imgs,D:\Dineth\focus_binary_benchmark\dataset\pbs_imgs\unfocused\FieldPos435_Cam01_RGB_MB\FieldPos435_Cam01_RGB_MB_page_11.png,0,pbs_imgs::FieldPos435_Cam01_RGB_MB,,dataset,train,FieldPos435_Cam01_RGB_MB,pbs_imgs::FieldPos435_Cam01_RGB_MB
pbs_imgs,D:\Dineth\focus_binary_benchmark\dataset\pbs_imgs\unfocused\FieldPos435_Cam01_RGB_MB\FieldPos435_Cam01_RGB_MB_page_12.png,0,pbs_imgs::FieldPos435_Cam01_RGB_MB,,dataset,train,FieldPos435_Cam01_RGB_MB,pbs_imgs::FieldPos435_Cam01_RGB_MB
pbs_imgs,D:\Dineth\focus_binary_benchmark\dataset\pbs_imgs\unfocused\FieldPos435_Cam01_RGB_MB\FieldPos435_Cam01_RGB_MB_page_13.png,0,pbs_imgs::FieldPos435_Cam01_RGB_MB,,dataset,train,FieldPos435_Cam01_RGB_MB,pbs_imgs::FieldPos435_Cam01_RGB_MB
pbs_imgs,D:\Dineth\focus_binary_benchmark\dataset\pbs_imgs\unfocused\FieldPos435_Cam01_RGB_MB\FieldPos435_Cam01_RGB_MB_page_14.png,0,pbs_imgs::FieldPos435_Cam01_RGB_MB,,dataset,train,FieldPos435_Cam01_RGB_MB,pbs_imgs::FieldPos435_Cam01_RGB_MB
pbs_imgs,D:\Dineth\focus_binary_benchmark\dataset\pbs_imgs\unfocused\FieldPos435_Cam01_RGB_MB\FieldPos435_Cam01_RGB_MB_page_15.png,0,pbs_imgs::FieldPos435_Cam01_RGB_MB,,dataset,train,FieldPos435_Cam01_RGB_MB,pbs_imgs::FieldPos435_Cam01_RGB_MB
pbs_imgs,D:\Dineth\focus_binary_benchmark\dataset\pbs_imgs\unfocused\FieldPos435_Cam01_RGB_MB\FieldPos435_Cam01_RGB_MB_page_2.png,0,pbs_imgs::FieldPos435_Cam01_RGB_MB,,dataset,train,FieldPos435_Cam01_RGB_MB,pbs_imgs::FieldPos435_Cam01_RGB_MB
pbs_imgs,D:\Dineth\focus_binary_benchmark\dataset\pbs_imgs\unfocused\FieldPos435_Cam01_RGB_MB\FieldPos435_Cam01_RGB_MB_page_6.png,0,pbs_imgs::FieldPos435_Cam01_RGB_MB,,dataset,train,FieldPos435_Cam01_RGB_MB,pbs_imgs::FieldPos435_Cam01_RGB_MB
pbs_imgs,D:\Dineth\focus_binary_benchmark\dataset\pbs_imgs\unfocused\FieldPos435_Cam01_RGB_MB\FieldPos435_Cam01_RGB_MB_page_7.png,0,pbs_imgs::FieldPos435_Cam01_RGB_MB,,dataset,train,FieldPos435_Cam01_RGB_MB,pbs_imgs::FieldPos435_Cam01_RGB_MB
pbs_imgs,D:\Dineth\focus_binary_benchmark\dataset\pbs_imgs\unfocused\FieldPos435_Cam01_RGB_MB\FieldPos435_Cam01_RGB_MB_page_8.png,0,pbs_imgs::FieldPos435_Cam01_RGB_MB,,dataset,train,FieldPos435_Cam01_RGB_MB,pbs_imgs::FieldPos435_Cam01_RGB_MB
pbs_imgs,D:\Dineth\focus_binary_benchmark\dataset\pbs_imgs\unfocused\FieldPos435_Cam01_RGB_MB\FieldPos435_Cam01_RGB_MB_page_9.png,0,pbs_imgs::FieldPos435_Cam01_RGB_MB,,dataset,train,FieldPos435_Cam01_RGB_MB,pbs_imgs::FieldPos435_Cam01_RGB_MB
pbs_imgs,D:\Dineth\focus_binary_benchmark\dataset\pbs_imgs\unfocused\FieldPos445_Cam01_RGB_MB\FieldPos445_Cam01_RGB_MB_page_1.png,0,pbs_imgs::FieldPos445_Cam01_RGB_MB,,dataset,test,FieldPos445_Cam01_RGB_MB,pbs_imgs::FieldPos445_Cam01_RGB_MB
pbs_imgs,D:\Dineth\focus_binary_benchmark\dataset\pbs_imgs\unfocused\FieldPos445_Cam01_RGB_MB\FieldPos445_Cam01_RGB_MB_page_10.png,0,pbs_imgs::FieldPos445_Cam01_RGB_MB,,dataset,test,FieldPos445_Cam01_RGB_MB,pbs_imgs::FieldPos445_Cam01_RGB_MB
pbs_imgs,D:\Dineth\focus_binary_benchmark\dataset\pbs_imgs\unfocused\FieldPos445_Cam01_RGB_MB\FieldPos445_Cam01_RGB_MB_page_11.png,0,pbs_imgs::FieldPos445_Cam01_RGB_MB,,dataset,test,FieldPos445_Cam01_RGB_MB,pbs_imgs::FieldPos445_Cam01_RGB_MB
pbs_imgs,D:\Dineth\focus_binary_benchmark\dataset\pbs_imgs\unfocused\FieldPos445_Cam01_RGB_MB\FieldPos445_Cam01_RGB_MB_page_12.png,0,pbs_imgs::FieldPos445_Cam01_RGB_MB,,dataset,test,FieldPos445_Cam01_RGB_MB,pbs_imgs::FieldPos445_Cam01_RGB_MB
pbs_imgs,D:\Dineth\focus_binary_benchmark\dataset\pbs_imgs\unfocused\FieldPos445_Cam01_RGB_MB\FieldPos445_Cam01_RGB_MB_page_13.png,0,pbs_imgs::FieldPos445_Cam01_RGB_MB,,dataset,test,FieldPos445_Cam01_RGB_MB,pbs_imgs::FieldPos445_Cam01_RGB_MB
pbs_imgs,D:\Dineth\focus_binary_benchmark\dataset\pbs_imgs\unfocused\FieldPos445_Cam01_RGB_MB\FieldPos445_Cam01_RGB_MB_page_3.png,0,pbs_imgs::FieldPos445_Cam01_RGB_MB,,dataset,test,FieldPos445_Cam01_RGB_MB,pbs_imgs::FieldPos445_Cam01_RGB_MB
pbs_imgs,D:\Dineth\focus_binary_benchmark\dataset\pbs_imgs\unfocused\FieldPos445_Cam01_RGB_MB\FieldPos445_Cam01_RGB_MB_page_4.png,0,pbs_imgs::FieldPos445_Cam01_RGB_MB,,dataset,test,FieldPos445_Cam01_RGB_MB,pbs_imgs::FieldPos445_Cam01_RGB_MB
pbs_imgs,D:\Dineth\focus_binary_benchmark\dataset\pbs_imgs\unfocused\FieldPos445_Cam01_RGB_MB\FieldPos445_Cam01_RGB_MB_page_5.png,0,pbs_imgs::FieldPos445_Cam01_RGB_MB,,dataset,test,FieldPos445_Cam01_RGB_MB,pbs_imgs::FieldPos445_Cam01_RGB_MB
pbs_imgs,D:\Dineth\focus_binary_benchmark\dataset\pbs_imgs\unfocused\FieldPos445_Cam01_RGB_MB\FieldPos445_Cam01_RGB_MB_page_6.png,0,pbs_imgs::FieldPos445_Cam01_RGB_MB,,dataset,test,FieldPos445_Cam01_RGB_MB,pbs_imgs::FieldPos445_Cam01_RGB_MB
pbs_imgs,D:\Dineth\focus_binary_benchmark\dataset\pbs_imgs\unfocused\FieldPos445_Cam01_RGB_MB\FieldPos445_Cam01_RGB_MB_page_7.png,0,pbs_imgs::FieldPos445_Cam01_RGB_MB,,dataset,test,FieldPos445_Cam01_RGB_MB,pbs_imgs::FieldPos445_Cam01_RGB_MB
pbs_imgs,D:\Dineth\focus_binary_benchmark\dataset\pbs_imgs\unfocused\FieldPos445_Cam01_RGB_MB\FieldPos445_Cam01_RGB_MB_page_8.png,0,pbs_imgs::FieldPos445_Cam01_RGB_MB,,dataset,test,FieldPos445_Cam01_RGB_MB,pbs_imgs::FieldPos445_Cam01_RGB_MB
pbs_imgs,D:\Dineth\focus_binary_benchmark\dataset\pbs_imgs\unfocused\FieldPos445_Cam01_RGB_MB\FieldPos445_Cam01_RGB_MB_page_9.png,0,pbs_imgs::FieldPos445_Cam01_RGB_MB,,dataset,test,FieldPos445_Cam01_RGB_MB,pbs_imgs::FieldPos445_Cam01_RGB_MB
pbs_imgs,D:\Dineth\focus_binary_benchmark\dataset\pbs_imgs\unfocused\FieldPos446_Cam01_RGB_MB\FieldPos446_Cam01_RGB_MB_page_1.png,0,pbs_imgs::FieldPos446_Cam01_RGB_MB,,dataset,train,FieldPos446_Cam01_RGB_MB,pbs_imgs::FieldPos446_Cam01_RGB_MB
pbs_imgs,D:\Dineth\focus_binary_benchmark\dataset\pbs_imgs\unfocused\FieldPos446_Cam01_RGB_MB\FieldPos446_Cam01_RGB_MB_page_10.png,0,pbs_imgs::FieldPos446_Cam01_RGB_MB,,dataset,train,FieldPos446_Cam01_RGB_MB,pbs_imgs::FieldPos446_Cam01_RGB_MB
pbs_imgs,D:\Dineth\focus_binary_benchmark\dataset\pbs_imgs\unfocused\FieldPos446_Cam01_RGB_MB\FieldPos446_Cam01_RGB_MB_page_11.png,0,pbs_imgs::FieldPos446_Cam01_RGB_MB,,dataset,train,FieldPos446_Cam01_RGB_MB,pbs_imgs::FieldPos446_Cam01_RGB_MB
pbs_imgs,D:\Dineth\focus_binary_benchmark\dataset\pbs_imgs\unfocused\FieldPos446_Cam01_RGB_MB\FieldPos446_Cam01_RGB_MB_page_12.png,0,pbs_imgs::FieldPos446_Cam01_RGB_MB,,dataset,train,FieldPos446_Cam01_RGB_MB,pbs_imgs::FieldPos446_Cam01_RGB_MB
pbs_imgs,D:\Dineth\focus_binary_benchmark\dataset\pbs_imgs\unfocused\FieldPos446_Cam01_RGB_MB\FieldPos446_Cam01_RGB_MB_page_13.png,0,pbs_imgs::FieldPos446_Cam01_RGB_MB,,dataset,train,FieldPos446_Cam01_RGB_MB,pbs_imgs::FieldPos446_Cam01_RGB_MB
pbs_imgs,D:\Dineth\focus_binary_benchmark\dataset\pbs_imgs\unfocused\FieldPos446_Cam01_RGB_MB\FieldPos446_Cam01_RGB_MB_page_14.png,0,pbs_imgs::FieldPos446_Cam01_RGB_MB,,dataset,train,FieldPos446_Cam01_RGB_MB,pbs_imgs::FieldPos446_Cam01_RGB_MB
pbs_imgs,D:\Dineth\focus_binary_benchmark\dataset\pbs_imgs\unfocused\FieldPos446_Cam01_RGB_MB\FieldPos446_Cam01_RGB_MB_page_15.png,0,pbs_imgs::FieldPos446_Cam01_RGB_MB,,dataset,train,FieldPos446_Cam01_RGB_MB,pbs_imgs::FieldPos446_Cam01_RGB_MB
pbs_imgs,D:\Dineth\focus_binary_benchmark\dataset\pbs_imgs\unfocused\FieldPos446_Cam01_RGB_MB\FieldPos446_Cam01_RGB_MB_page_2.png,0,pbs_imgs::FieldPos446_Cam01_RGB_MB,,dataset,train,FieldPos446_Cam01_RGB_MB,pbs_imgs::FieldPos446_Cam01_RGB_MB
pbs_imgs,D:\Dineth\focus_binary_benchmark\dataset\pbs_imgs\unfocused\FieldPos446_Cam01_RGB_MB\FieldPos446_Cam01_RGB_MB_page_3.png,0,pbs_imgs::FieldPos446_Cam01_RGB_MB,,dataset,train,FieldPos446_Cam01_RGB_MB,pbs_imgs::FieldPos446_Cam01_RGB_MB
pbs_imgs,D:\Dineth\focus_binary_benchmark\dataset\pbs_imgs\unfocused\FieldPos446_Cam01_RGB_MB\FieldPos446_Cam01_RGB_MB_page_7.png,0,pbs_imgs::FieldPos446_Cam01_RGB_MB,,dataset,train,FieldPos446_Cam01_RGB_MB,pbs_imgs::FieldPos446_Cam01_RGB_MB
pbs_imgs,D:\Dineth\focus_binary_benchmark\dataset\pbs_imgs\unfocused\FieldPos446_Cam01_RGB_MB\FieldPos446_Cam01_RGB_MB_page_8.png,0,pbs_imgs::FieldPos446_Cam01_RGB_MB,,dataset,train,FieldPos446_Cam01_RGB_MB,pbs_imgs::FieldPos446_Cam01_RGB_MB
pbs_imgs,D:\Dineth\focus_binary_benchmark\dataset\pbs_imgs\unfocused\FieldPos446_Cam01_RGB_MB\FieldPos446_Cam01_RGB_MB_page_9.png,0,pbs_imgs::FieldPos446_Cam01_RGB_MB,,dataset,train,FieldPos446_Cam01_RGB_MB,pbs_imgs::FieldPos446_Cam01_RGB_MB
pbs_imgs,D:\Dineth\focus_binary_benchmark\dataset\pbs_imgs\unfocused\FieldPos447_Cam01_RGB_MB\FieldPos447_Cam01_RGB_MB_page_1.png,0,pbs_imgs::FieldPos447_Cam01_RGB_MB,,dataset,train,FieldPos447_Cam01_RGB_MB,pbs_imgs::FieldPos447_Cam01_RGB_MB
pbs_imgs,D:\Dineth\focus_binary_benchmark\dataset\pbs_imgs\unfocused\FieldPos447_Cam01_RGB_MB\FieldPos447_Cam01_RGB_MB_page_10.png,0,pbs_imgs::FieldPos447_Cam01_RGB_MB,,dataset,train,FieldPos447_Cam01_RGB_MB,pbs_imgs::FieldPos447_Cam01_RGB_MB
pbs_imgs,D:\Dineth\focus_binary_benchmark\dataset\pbs_imgs\unfocused\FieldPos447_Cam01_RGB_MB\FieldPos447_Cam01_RGB_MB_page_11.png,0,pbs_imgs::FieldPos447_Cam01_RGB_MB,,dataset,train,FieldPos447_Cam01_RGB_MB,pbs_imgs::FieldPos447_Cam01_RGB_MB
pbs_imgs,D:\Dineth\focus_binary_benchmark\dataset\pbs_imgs\unfocused\FieldPos447_Cam01_RGB_MB\FieldPos447_Cam01_RGB_MB_page_12.png,0,pbs_imgs::FieldPos447_Cam01_RGB_MB,,dataset,train,FieldPos447_Cam01_RGB_MB,pbs_imgs::FieldPos447_Cam01_RGB_MB
pbs_imgs,D:\Dineth\focus_binary_benchmark\dataset\pbs_imgs\unfocused\FieldPos447_Cam01_RGB_MB\FieldPos447_Cam01_RGB_MB_page_13.png,0,pbs_imgs::FieldPos447_Cam01_RGB_MB,,dataset,train,FieldPos447_Cam01_RGB_MB,pbs_imgs::FieldPos447_Cam01_RGB_MB
pbs_imgs,D:\Dineth\focus_binary_benchmark\dataset\pbs_imgs\unfocused\FieldPos447_Cam01_RGB_MB\FieldPos447_Cam01_RGB_MB_page_14.png,0,pbs_imgs::FieldPos447_Cam01_RGB_MB,,dataset,train,FieldPos447_Cam01_RGB_MB,pbs_imgs::FieldPos447_Cam01_RGB_MB
pbs_imgs,D:\Dineth\focus_binary_benchmark\dataset\pbs_imgs\unfocused\FieldPos447_Cam01_RGB_MB\FieldPos447_Cam01_RGB_MB_page_15.png,0,pbs_imgs::FieldPos447_Cam01_RGB_MB,,dataset,train,FieldPos447_Cam01_RGB_MB,pbs_imgs::FieldPos447_Cam01_RGB_MB
pbs_imgs,D:\Dineth\focus_binary_benchmark\dataset\pbs_imgs\unfocused\FieldPos447_Cam01_RGB_MB\FieldPos447_Cam01_RGB_MB_page_2.png,0,pbs_imgs::FieldPos447_Cam01_RGB_MB,,dataset,train,FieldPos447_Cam01_RGB_MB,pbs_imgs::FieldPos447_Cam01_RGB_MB
pbs_imgs,D:\Dineth\focus_binary_benchmark\dataset\pbs_imgs\unfocused\FieldPos447_Cam01_RGB_MB\FieldPos447_Cam01_RGB_MB_page_3.png,0,pbs_imgs::FieldPos447_Cam01_RGB_MB,,dataset,train,FieldPos447_Cam01_RGB_MB,pbs_imgs::FieldPos447_Cam01_RGB_MB
pbs_imgs,D:\Dineth\focus_binary_benchmark\dataset\pbs_imgs\unfocused\FieldPos447_Cam01_RGB_MB\FieldPos447_Cam01_RGB_MB_page_4.png,0,pbs_imgs::FieldPos447_Cam01_RGB_MB,,dataset,train,FieldPos447_Cam01_RGB_MB,pbs_imgs::FieldPos447_Cam01_RGB_MB
pbs_imgs,D:\Dineth\focus_binary_benchmark\dataset\pbs_imgs\unfocused\FieldPos447_Cam01_RGB_MB\FieldPos447_Cam01_RGB_MB_page_5.png,0,pbs_imgs::FieldPos447_Cam01_RGB_MB,,dataset,train,FieldPos447_Cam01_RGB_MB,pbs_imgs::FieldPos447_Cam01_RGB_MB
pbs_imgs,D:\Dineth\focus_binary_benchmark\dataset\pbs_imgs\unfocused\FieldPos447_Cam01_RGB_MB\FieldPos447_Cam01_RGB_MB_page_6.png,0,pbs_imgs::FieldPos447_Cam01_RGB_MB,,dataset,train,FieldPos447_Cam01_RGB_MB,pbs_imgs::FieldPos447_Cam01_RGB_MB
pbs_imgs,D:\Dineth\focus_binary_benchmark\dataset\pbs_imgs\unfocused\FieldPos448_Cam01_RGB_MB\FieldPos448_Cam01_RGB_MB_page_1.png,0,pbs_imgs::FieldPos448_Cam01_RGB_MB,,dataset,test,FieldPos448_Cam01_RGB_MB,pbs_imgs::FieldPos448_Cam01_RGB_MB
pbs_imgs,D:\Dineth\focus_binary_benchmark\dataset\pbs_imgs\unfocused\FieldPos448_Cam01_RGB_MB\FieldPos448_Cam01_RGB_MB_page_10.png,0,pbs_imgs::FieldPos448_Cam01_RGB_MB,,dataset,test,FieldPos448_Cam01_RGB_MB,pbs_imgs::FieldPos448_Cam01_RGB_MB
pbs_imgs,D:\Dineth\focus_binary_benchmark\dataset\pbs_imgs\unfocused\FieldPos448_Cam01_RGB_MB\FieldPos448_Cam01_RGB_MB_page_11.png,0,pbs_imgs::FieldPos448_Cam01_RGB_MB,,dataset,test,FieldPos448_Cam01_RGB_MB,pbs_imgs::FieldPos448_Cam01_RGB_MB
pbs_imgs,D:\Dineth\focus_binary_benchmark\dataset\pbs_imgs\unfocused\FieldPos448_Cam01_RGB_MB\FieldPos448_Cam01_RGB_MB_page_12.png,0,pbs_imgs::FieldPos448_Cam01_RGB_MB,,dataset,test,FieldPos448_Cam01_RGB_MB,pbs_imgs::FieldPos448_Cam01_RGB_MB
pbs_imgs,D:\Dineth\focus_binary_benchmark\dataset\pbs_imgs\unfocused\FieldPos448_Cam01_RGB_MB\FieldPos448_Cam01_RGB_MB_page_13.png,0,pbs_imgs::FieldPos448_Cam01_RGB_MB,,dataset,test,FieldPos448_Cam01_RGB_MB,pbs_imgs::FieldPos448_Cam01_RGB_MB
pbs_imgs,D:\Dineth\focus_binary_benchmark\dataset\pbs_imgs\unfocused\FieldPos448_Cam01_RGB_MB\FieldPos448_Cam01_RGB_MB_page_14.png,0,pbs_imgs::FieldPos448_Cam01_RGB_MB,,dataset,test,FieldPos448_Cam01_RGB_MB,pbs_imgs::FieldPos448_Cam01_RGB_MB
pbs_imgs,D:\Dineth\focus_binary_benchmark\dataset\pbs_imgs\unfocused\FieldPos448_Cam01_RGB_MB\FieldPos448_Cam01_RGB_MB_page_15.png,0,pbs_imgs::FieldPos448_Cam01_RGB_MB,,dataset,test,FieldPos448_Cam01_RGB_MB,pbs_imgs::FieldPos448_Cam01_RGB_MB
pbs_imgs,D:\Dineth\focus_binary_benchmark\dataset\pbs_imgs\unfocused\FieldPos448_Cam01_RGB_MB\FieldPos448_Cam01_RGB_MB_page_2.png,0,pbs_imgs::FieldPos448_Cam01_RGB_MB,,dataset,test,FieldPos448_Cam01_RGB_MB,pbs_imgs::FieldPos448_Cam01_RGB_MB
pbs_imgs,D:\Dineth\focus_binary_benchmark\dataset\pbs_imgs\unfocused\FieldPos448_Cam01_RGB_MB\FieldPos448_Cam01_RGB_MB_page_3.png,0,pbs_imgs::FieldPos448_Cam01_RGB_MB,,dataset,test,FieldPos448_Cam01_RGB_MB,pbs_imgs::FieldPos448_Cam01_RGB_MB
pbs_imgs,D:\Dineth\focus_binary_benchmark\dataset\pbs_imgs\unfocused\FieldPos448_Cam01_RGB_MB\FieldPos448_Cam01_RGB_MB_page_4.png,0,pbs_imgs::FieldPos448_Cam01_RGB_MB,,dataset,test,FieldPos448_Cam01_RGB_MB,pbs_imgs::FieldPos448_Cam01_RGB_MB
pbs_imgs,D:\Dineth\focus_binary_benchmark\dataset\pbs_imgs\unfocused\FieldPos448_Cam01_RGB_MB\FieldPos448_Cam01_RGB_MB_page_5.png,0,pbs_imgs::FieldPos448_Cam01_RGB_MB,,dataset,test,FieldPos448_Cam01_RGB_MB,pbs_imgs::FieldPos448_Cam01_RGB_MB
pbs_imgs,D:\Dineth\focus_binary_benchmark\dataset\pbs_imgs\unfocused\FieldPos448_Cam01_RGB_MB\FieldPos448_Cam01_RGB_MB_page_6.png,0,pbs_imgs::FieldPos448_Cam01_RGB_MB,,dataset,test,FieldPos448_Cam01_RGB_MB,pbs_imgs::FieldPos448_Cam01_RGB_MB
pbs_imgs,D:\Dineth\focus_binary_benchmark\dataset\pbs_imgs\unfocused\FieldPos449_Cam01_RGB_MB\FieldPos449_Cam01_RGB_MB_page_1.png,0,pbs_imgs::FieldPos449_Cam01_RGB_MB,,dataset,train,FieldPos449_Cam01_RGB_MB,pbs_imgs::FieldPos449_Cam01_RGB_MB
pbs_imgs,D:\Dineth\focus_binary_benchmark\dataset\pbs_imgs\unfocused\FieldPos449_Cam01_RGB_MB\FieldPos449_Cam01_RGB_MB_page_10.png,0,pbs_imgs::FieldPos449_Cam01_RGB_MB,,dataset,train,FieldPos449_Cam01_RGB_MB,pbs_imgs::FieldPos449_Cam01_RGB_MB
pbs_imgs,D:\Dineth\focus_binary_benchmark\dataset\pbs_imgs\unfocused\FieldPos449_Cam01_RGB_MB\FieldPos449_Cam01_RGB_MB_page_11.png,0,pbs_imgs::FieldPos449_Cam01_RGB_MB,,dataset,train,FieldPos449_Cam01_RGB_MB,pbs_imgs::FieldPos449_Cam01_RGB_MB
pbs_imgs,D:\Dineth\focus_binary_benchmark\dataset\pbs_imgs\unfocused\FieldPos449_Cam01_RGB_MB\FieldPos449_Cam01_RGB_MB_page_12.png,0,pbs_imgs::FieldPos449_Cam01_RGB_MB,,dataset,train,FieldPos449_Cam01_RGB_MB,pbs_imgs::FieldPos449_Cam01_RGB_MB
pbs_imgs,D:\Dineth\focus_binary_benchmark\dataset\pbs_imgs\unfocused\FieldPos449_Cam01_RGB_MB\FieldPos449_Cam01_RGB_MB_page_13.png,0,pbs_imgs::FieldPos449_Cam01_RGB_MB,,dataset,train,FieldPos449_Cam01_RGB_MB,pbs_imgs::FieldPos449_Cam01_RGB_MB
pbs_imgs,D:\Dineth\focus_binary_benchmark\dataset\pbs_imgs\unfocused\FieldPos449_Cam01_RGB_MB\FieldPos449_Cam01_RGB_MB_page_14.png,0,pbs_imgs::FieldPos449_Cam01_RGB_MB,,dataset,train,FieldPos449_Cam01_RGB_MB,pbs_imgs::FieldPos449_Cam01_RGB_MB
pbs_imgs,D:\Dineth\focus_binary_benchmark\dataset\pbs_imgs\unfocused\FieldPos449_Cam01_RGB_MB\FieldPos449_Cam01_RGB_MB_page_15.png,0,pbs_imgs::FieldPos449_Cam01_RGB_MB,,dataset,train,FieldPos449_Cam01_RGB_MB,pbs_imgs::FieldPos449_Cam01_RGB_MB
pbs_imgs,D:\Dineth\focus_binary_benchmark\dataset\pbs_imgs\unfocused\FieldPos449_Cam01_RGB_MB\FieldPos449_Cam01_RGB_MB_page_2.png,0,pbs_imgs::FieldPos449_Cam01_RGB_MB,,dataset,train,FieldPos449_Cam01_RGB_MB,pbs_imgs::FieldPos449_Cam01_RGB_MB
pbs_imgs,D:\Dineth\focus_binary_benchmark\dataset\pbs_imgs\unfocused\FieldPos449_Cam01_RGB_MB\FieldPos449_Cam01_RGB_MB_page_3.png,0,pbs_imgs::FieldPos449_Cam01_RGB_MB,,dataset,train,FieldPos449_Cam01_RGB_MB,pbs_imgs::FieldPos449_Cam01_RGB_MB
pbs_imgs,D:\Dineth\focus_binary_benchmark\dataset\pbs_imgs\unfocused\FieldPos449_Cam01_RGB_MB\FieldPos449_Cam01_RGB_MB_page_4.png,0,pbs_imgs::FieldPos449_Cam01_RGB_MB,,dataset,train,FieldPos449_Cam01_RGB_MB,pbs_imgs::FieldPos449_Cam01_RGB_MB
pbs_imgs,D:\Dineth\focus_binary_benchmark\dataset\pbs_imgs\unfocused\FieldPos449_Cam01_RGB_MB\FieldPos449_Cam01_RGB_MB_page_5.png,0,pbs_imgs::FieldPos449_Cam01_RGB_MB,,dataset,train,FieldPos449_Cam01_RGB_MB,pbs_imgs::FieldPos449_Cam01_RGB_MB
pbs_imgs,D:\Dineth\focus_binary_benchmark\dataset\pbs_imgs\unfocused\FieldPos449_Cam01_RGB_MB\FieldPos449_Cam01_RGB_MB_page_6.png,0,pbs_imgs::FieldPos449_Cam01_RGB_MB,,dataset,train,FieldPos449_Cam01_RGB_MB,pbs_imgs::FieldPos449_Cam01_RGB_MB
pbs_imgs,D:\Dineth\focus_binary_benchmark\dataset\pbs_imgs\unfocused\FieldPos450_Cam01_RGB_MB\FieldPos450_Cam01_RGB_MB_page_12.png,0,pbs_imgs::FieldPos450_Cam01_RGB_MB,,dataset,train,FieldPos450_Cam01_RGB_MB,pbs_imgs::FieldPos450_Cam01_RGB_MB
pbs_imgs,D:\Dineth\focus_binary_benchmark\dataset\pbs_imgs\unfocused\FieldPos450_Cam01_RGB_MB\FieldPos450_Cam01_RGB_MB_page_13.png,0,pbs_imgs::FieldPos450_Cam01_RGB_MB,,dataset,train,FieldPos450_Cam01_RGB_MB,pbs_imgs::FieldPos450_Cam01_RGB_MB
pbs_imgs,D:\Dineth\focus_binary_benchmark\dataset\pbs_imgs\unfocused\FieldPos450_Cam01_RGB_MB\FieldPos450_Cam01_RGB_MB_page_14.png,0,pbs_imgs::FieldPos450_Cam01_RGB_MB,,dataset,train,FieldPos450_Cam01_RGB_MB,pbs_imgs::FieldPos450_Cam01_RGB_MB
pbs_imgs,D:\Dineth\focus_binary_benchmark\dataset\pbs_imgs\unfocused\FieldPos450_Cam01_RGB_MB\FieldPos450_Cam01_RGB_MB_page_15.png,0,pbs_imgs::FieldPos450_Cam01_RGB_MB,,dataset,train,FieldPos450_Cam01_RGB_MB,pbs_imgs::FieldPos450_Cam01_RGB_MB
pbs_imgs,D:\Dineth\focus_binary_benchmark\dataset\pbs_imgs\unfocused\FieldPos450_Cam01_RGB_MB\FieldPos450_Cam01_RGB_MB_page_2.png,0,pbs_imgs::FieldPos450_Cam01_RGB_MB,,dataset,train,FieldPos450_Cam01_RGB_MB,pbs_imgs::FieldPos450_Cam01_RGB_MB
pbs_imgs,D:\Dineth\focus_binary_benchmark\dataset\pbs_imgs\unfocused\FieldPos450_Cam01_RGB_MB\FieldPos450_Cam01_RGB_MB_page_3.png,0,pbs_imgs::FieldPos450_Cam01_RGB_MB,,dataset,train,FieldPos450_Cam01_RGB_MB,pbs_imgs::FieldPos450_Cam01_RGB_MB
pbs_imgs,D:\Dineth\focus_binary_benchmark\dataset\pbs_imgs\unfocused\FieldPos450_Cam01_RGB_MB\FieldPos450_Cam01_RGB_MB_page_4.png,0,pbs_imgs::FieldPos450_Cam01_RGB_MB,,dataset,train,FieldPos450_Cam01_RGB_MB,pbs_imgs::FieldPos450_Cam01_RGB_MB
pbs_imgs,D:\Dineth\focus_binary_benchmark\dataset\pbs_imgs\unfocused\FieldPos450_Cam01_RGB_MB\FieldPos450_Cam01_RGB_MB_page_5.png,0,pbs_imgs::FieldPos450_Cam01_RGB_MB,,dataset,train,FieldPos450_Cam01_RGB_MB,pbs_imgs::FieldPos450_Cam01_RGB_MB
pbs_imgs,D:\Dineth\focus_binary_benchmark\dataset\pbs_imgs\unfocused\FieldPos450_Cam01_RGB_MB\FieldPos450_Cam01_RGB_MB_page_6.png,0,pbs_imgs::FieldPos450_Cam01_RGB_MB,,dataset,train,FieldPos450_Cam01_RGB_MB,pbs_imgs::FieldPos450_Cam01_RGB_MB
pbs_imgs,D:\Dineth\focus_binary_benchmark\dataset\pbs_imgs\unfocused\FieldPos450_Cam01_RGB_MB\FieldPos450_Cam01_RGB_MB_page_7.png,0,pbs_imgs::FieldPos450_Cam01_RGB_MB,,dataset,train,FieldPos450_Cam01_RGB_MB,pbs_imgs::FieldPos450_Cam01_RGB_MB
pbs_imgs,D:\Dineth\focus_binary_benchmark\dataset\pbs_imgs\unfocused\FieldPos450_Cam01_RGB_MB\FieldPos450_Cam01_RGB_MB_page_8.png,0,pbs_imgs::FieldPos450_Cam01_RGB_MB,,dataset,train,FieldPos450_Cam01_RGB_MB,pbs_imgs::FieldPos450_Cam01_RGB_MB
pbs_imgs,D:\Dineth\focus_binary_benchmark\dataset\pbs_imgs\unfocused\FieldPos450_Cam01_RGB_MB\FieldPos450_Cam01_RGB_MB_page_9.png,0,pbs_imgs::FieldPos450_Cam01_RGB_MB,,dataset,train,FieldPos450_Cam01_RGB_MB,pbs_imgs::FieldPos450_Cam01_RGB_MB
pbs_imgs,D:\Dineth\focus_binary_benchmark\dataset\pbs_imgs\unfocused\FieldPos451_Cam01_RGB_MB\FieldPos451_Cam01_RGB_MB_page_12.png,0,pbs_imgs::FieldPos451_Cam01_RGB_MB,,dataset,train,FieldPos451_Cam01_RGB_MB,pbs_imgs::FieldPos451_Cam01_RGB_MB
pbs_imgs,D:\Dineth\focus_binary_benchmark\dataset\pbs_imgs\unfocused\FieldPos451_Cam01_RGB_MB\FieldPos451_Cam01_RGB_MB_page_13.png,0,pbs_imgs::FieldPos451_Cam01_RGB_MB,,dataset,train,FieldPos451_Cam01_RGB_MB,pbs_imgs::FieldPos451_Cam01_RGB_MB
pbs_imgs,D:\Dineth\focus_binary_benchmark\dataset\pbs_imgs\unfocused\FieldPos451_Cam01_RGB_MB\FieldPos451_Cam01_RGB_MB_page_14.png,0,pbs_imgs::FieldPos451_Cam01_RGB_MB,,dataset,train,FieldPos451_Cam01_RGB_MB,pbs_imgs::FieldPos451_Cam01_RGB_MB
pbs_imgs,D:\Dineth\focus_binary_benchmark\dataset\pbs_imgs\unfocused\FieldPos451_Cam01_RGB_MB\FieldPos451_Cam01_RGB_MB_page_15.png,0,pbs_imgs::FieldPos451_Cam01_RGB_MB,,dataset,train,FieldPos451_Cam01_RGB_MB,pbs_imgs::FieldPos451_Cam01_RGB_MB
pbs_imgs,D:\Dineth\focus_binary_benchmark\dataset\pbs_imgs\unfocused\FieldPos451_Cam01_RGB_MB\FieldPos451_Cam01_RGB_MB_page_2.png,0,pbs_imgs::FieldPos451_Cam01_RGB_MB,,dataset,train,FieldPos451_Cam01_RGB_MB,pbs_imgs::FieldPos451_Cam01_RGB_MB
pbs_imgs,D:\Dineth\focus_binary_benchmark\dataset\pbs_imgs\unfocused\FieldPos451_Cam01_RGB_MB\FieldPos451_Cam01_RGB_MB_page_3.png,0,pbs_imgs::FieldPos451_Cam01_RGB_MB,,dataset,train,FieldPos451_Cam01_RGB_MB,pbs_imgs::FieldPos451_Cam01_RGB_MB
pbs_imgs,D:\Dineth\focus_binary_benchmark\dataset\pbs_imgs\unfocused\FieldPos451_Cam01_RGB_MB\FieldPos451_Cam01_RGB_MB_page_4.png,0,pbs_imgs::FieldPos451_Cam01_RGB_MB,,dataset,train,FieldPos451_Cam01_RGB_MB,pbs_imgs::FieldPos451_Cam01_RGB_MB
pbs_imgs,D:\Dineth\focus_binary_benchmark\dataset\pbs_imgs\unfocused\FieldPos451_Cam01_RGB_MB\FieldPos451_Cam01_RGB_MB_page_5.png,0,pbs_imgs::FieldPos451_Cam01_RGB_MB,,dataset,train,FieldPos451_Cam01_RGB_MB,pbs_imgs::FieldPos451_Cam01_RGB_MB
pbs_imgs,D:\Dineth\focus_binary_benchmark\dataset\pbs_imgs\unfocused\FieldPos451_Cam01_RGB_MB\FieldPos451_Cam01_RGB_MB_page_6.png,0,pbs_imgs::FieldPos451_Cam01_RGB_MB,,dataset,train,FieldPos451_Cam01_RGB_MB,pbs_imgs::FieldPos451_Cam01_RGB_MB
pbs_imgs,D:\Dineth\focus_binary_benchmark\dataset\pbs_imgs\unfocused\FieldPos451_Cam01_RGB_MB\FieldPos451_Cam01_RGB_MB_page_7.png,0,pbs_imgs::FieldPos451_Cam01_RGB_MB,,dataset,train,FieldPos451_Cam01_RGB_MB,pbs_imgs::FieldPos451_Cam01_RGB_MB
pbs_imgs,D:\Dineth\focus_binary_benchmark\dataset\pbs_imgs\unfocused\FieldPos451_Cam01_RGB_MB\FieldPos451_Cam01_RGB_MB_page_8.png,0,pbs_imgs::FieldPos451_Cam01_RGB_MB,,dataset,train,FieldPos451_Cam01_RGB_MB,pbs_imgs::FieldPos451_Cam01_RGB_MB
pbs_imgs,D:\Dineth\focus_binary_benchmark\dataset\pbs_imgs\unfocused\FieldPos451_Cam01_RGB_MB\FieldPos451_Cam01_RGB_MB_page_9.png,0,pbs_imgs::FieldPos451_Cam01_RGB_MB,,dataset,train,FieldPos451_Cam01_RGB_MB,pbs_imgs::FieldPos451_Cam01_RGB_MB
pbs_imgs,D:\Dineth\focus_binary_benchmark\dataset\pbs_imgs\unfocused\FieldPos452_Cam01_RGB_MB\FieldPos452_Cam01_RGB_MB_page_1.png,0,pbs_imgs::FieldPos452_Cam01_RGB_MB,,dataset,train,FieldPos452_Cam01_RGB_MB,pbs_imgs::FieldPos452_Cam01_RGB_MB
pbs_imgs,D:\Dineth\focus_binary_benchmark\dataset\pbs_imgs\unfocused\FieldPos452_Cam01_RGB_MB\FieldPos452_Cam01_RGB_MB_page_10.png,0,pbs_imgs::FieldPos452_Cam01_RGB_MB,,dataset,train,FieldPos452_Cam01_RGB_MB,pbs_imgs::FieldPos452_Cam01_RGB_MB
pbs_imgs,D:\Dineth\focus_binary_benchmark\dataset\pbs_imgs\unfocused\FieldPos452_Cam01_RGB_MB\FieldPos452_Cam01_RGB_MB_page_14.png,0,pbs_imgs::FieldPos452_Cam01_RGB_MB,,dataset,train,FieldPos452_Cam01_RGB_MB,pbs_imgs::FieldPos452_Cam01_RGB_MB
pbs_imgs,D:\Dineth\focus_binary_benchmark\dataset\pbs_imgs\unfocused\FieldPos452_Cam01_RGB_MB\FieldPos452_Cam01_RGB_MB_page_15.png,0,pbs_imgs::FieldPos452_Cam01_RGB_MB,,dataset,train,FieldPos452_Cam01_RGB_MB,pbs_imgs::FieldPos452_Cam01_RGB_MB
pbs_imgs,D:\Dineth\focus_binary_benchmark\dataset\pbs_imgs\unfocused\FieldPos452_Cam01_RGB_MB\FieldPos452_Cam01_RGB_MB_page_2.png,0,pbs_imgs::FieldPos452_Cam01_RGB_MB,,dataset,train,FieldPos452_Cam01_RGB_MB,pbs_imgs::FieldPos452_Cam01_RGB_MB
pbs_imgs,D:\Dineth\focus_binary_benchmark\dataset\pbs_imgs\unfocused\FieldPos452_Cam01_RGB_MB\FieldPos452_Cam01_RGB_MB_page_3.png,0,pbs_imgs::FieldPos452_Cam01_RGB_MB,,dataset,train,FieldPos452_Cam01_RGB_MB,pbs_imgs::FieldPos452_Cam01_RGB_MB
pbs_imgs,D:\Dineth\focus_binary_benchmark\dataset\pbs_imgs\unfocused\FieldPos452_Cam01_RGB_MB\FieldPos452_Cam01_RGB_MB_page_4.png,0,pbs_imgs::FieldPos452_Cam01_RGB_MB,,dataset,train,FieldPos452_Cam01_RGB_MB,pbs_imgs::FieldPos452_Cam01_RGB_MB
pbs_imgs,D:\Dineth\focus_binary_benchmark\dataset\pbs_imgs\unfocused\FieldPos452_Cam01_RGB_MB\FieldPos452_Cam01_RGB_MB_page_5.png,0,pbs_imgs::FieldPos452_Cam01_RGB_MB,,dataset,train,FieldPos452_Cam01_RGB_MB,pbs_imgs::FieldPos452_Cam01_RGB_MB
pbs_imgs,D:\Dineth\focus_binary_benchmark\dataset\pbs_imgs\unfocused\FieldPos452_Cam01_RGB_MB\FieldPos452_Cam01_RGB_MB_page_6.png,0,pbs_imgs::FieldPos452_Cam01_RGB_MB,,dataset,train,FieldPos452_Cam01_RGB_MB,pbs_imgs::FieldPos452_Cam01_RGB_MB
pbs_imgs,D:\Dineth\focus_binary_benchmark\dataset\pbs_imgs\unfocused\FieldPos452_Cam01_RGB_MB\FieldPos452_Cam01_RGB_MB_page_7.png,0,pbs_imgs::FieldPos452_Cam01_RGB_MB,,dataset,train,FieldPos452_Cam01_RGB_MB,pbs_imgs::FieldPos452_Cam01_RGB_MB
pbs_imgs,D:\Dineth\focus_binary_benchmark\dataset\pbs_imgs\unfocused\FieldPos452_Cam01_RGB_MB\FieldPos452_Cam01_RGB_MB_page_8.png,0,pbs_imgs::FieldPos452_Cam01_RGB_MB,,dataset,train,FieldPos452_Cam01_RGB_MB,pbs_imgs::FieldPos452_Cam01_RGB_MB
pbs_imgs,D:\Dineth\focus_binary_benchmark\dataset\pbs_imgs\unfocused\FieldPos452_Cam01_RGB_MB\FieldPos452_Cam01_RGB_MB_page_9.png,0,pbs_imgs::FieldPos452_Cam01_RGB_MB,,dataset,train,FieldPos452_Cam01_RGB_MB,pbs_imgs::FieldPos452_Cam01_RGB_MB
pbs_imgs,D:\Dineth\focus_binary_benchmark\dataset\pbs_imgs\unfocused\FieldPos468_Cam01_RGB_MB\FieldPos468_Cam01_RGB_MB_page_12.png,0,pbs_imgs::FieldPos468_Cam01_RGB_MB,,dataset,train,FieldPos468_Cam01_RGB_MB,pbs_imgs::FieldPos468_Cam01_RGB_MB
pbs_imgs,D:\Dineth\focus_binary_benchmark\dataset\pbs_imgs\unfocused\FieldPos468_Cam01_RGB_MB\FieldPos468_Cam01_RGB_MB_page_13.png,0,pbs_imgs::FieldPos468_Cam01_RGB_MB,,dataset,train,FieldPos468_Cam01_RGB_MB,pbs_imgs::FieldPos468_Cam01_RGB_MB
pbs_imgs,D:\Dineth\focus_binary_benchmark\dataset\pbs_imgs\unfocused\FieldPos468_Cam01_RGB_MB\FieldPos468_Cam01_RGB_MB_page_14.png,0,pbs_imgs::FieldPos468_Cam01_RGB_MB,,dataset,train,FieldPos468_Cam01_RGB_MB,pbs_imgs::FieldPos468_Cam01_RGB_MB
pbs_imgs,D:\Dineth\focus_binary_benchmark\dataset\pbs_imgs\unfocused\FieldPos468_Cam01_RGB_MB\FieldPos468_Cam01_RGB_MB_page_15.png,0,pbs_imgs::FieldPos468_Cam01_RGB_MB,,dataset,train,FieldPos468_Cam01_RGB_MB,pbs_imgs::FieldPos468_Cam01_RGB_MB
pbs_imgs,D:\Dineth\focus_binary_benchmark\dataset\pbs_imgs\unfocused\FieldPos468_Cam01_RGB_MB\FieldPos468_Cam01_RGB_MB_page_2.png,0,pbs_imgs::FieldPos468_Cam01_RGB_MB,,dataset,train,FieldPos468_Cam01_RGB_MB,pbs_imgs::FieldPos468_Cam01_RGB_MB
pbs_imgs,D:\Dineth\focus_binary_benchmark\dataset\pbs_imgs\unfocused\FieldPos468_Cam01_RGB_MB\FieldPos468_Cam01_RGB_MB_page_3.png,0,pbs_imgs::FieldPos468_Cam01_RGB_MB,,dataset,train,FieldPos468_Cam01_RGB_MB,pbs_imgs::FieldPos468_Cam01_RGB_MB
pbs_imgs,D:\Dineth\focus_binary_benchmark\dataset\pbs_imgs\unfocused\FieldPos468_Cam01_RGB_MB\FieldPos468_Cam01_RGB_MB_page_4.png,0,pbs_imgs::FieldPos468_Cam01_RGB_MB,,dataset,train,FieldPos468_Cam01_RGB_MB,pbs_imgs::FieldPos468_Cam01_RGB_MB
pbs_imgs,D:\Dineth\focus_binary_benchmark\dataset\pbs_imgs\unfocused\FieldPos468_Cam01_RGB_MB\FieldPos468_Cam01_RGB_MB_page_5.png,0,pbs_imgs::FieldPos468_Cam01_RGB_MB,,dataset,train,FieldPos468_Cam01_RGB_MB,pbs_imgs::FieldPos468_Cam01_RGB_MB
pbs_imgs,D:\Dineth\focus_binary_benchmark\dataset\pbs_imgs\unfocused\FieldPos468_Cam01_RGB_MB\FieldPos468_Cam01_RGB_MB_page_6.png,0,pbs_imgs::FieldPos468_Cam01_RGB_MB,,dataset,train,FieldPos468_Cam01_RGB_MB,pbs_imgs::FieldPos468_Cam01_RGB_MB
pbs_imgs,D:\Dineth\focus_binary_benchmark\dataset\pbs_imgs\unfocused\FieldPos468_Cam01_RGB_MB\FieldPos468_Cam01_RGB_MB_page_7.png,0,pbs_imgs::FieldPos468_Cam01_RGB_MB,,dataset,train,FieldPos468_Cam01_RGB_MB,pbs_imgs::FieldPos468_Cam01_RGB_MB
pbs_imgs,D:\Dineth\focus_binary_benchmark\dataset\pbs_imgs\unfocused\FieldPos468_Cam01_RGB_MB\FieldPos468_Cam01_RGB_MB_page_8.png,0,pbs_imgs::FieldPos468_Cam01_RGB_MB,,dataset,train,FieldPos468_Cam01_RGB_MB,pbs_imgs::FieldPos468_Cam01_RGB_MB
pbs_imgs,D:\Dineth\focus_binary_benchmark\dataset\pbs_imgs\unfocused\FieldPos468_Cam01_RGB_MB\FieldPos468_Cam01_RGB_MB_page_9.png,0,pbs_imgs::FieldPos468_Cam01_RGB_MB,,dataset,train,FieldPos468_Cam01_RGB_MB,pbs_imgs::FieldPos468_Cam01_RGB_MB
pbs_imgs,D:\Dineth\focus_binary_benchmark\dataset\pbs_imgs\unfocused\FieldPos469_Cam01_RGB_MB\FieldPos469_Cam01_RGB_MB_page_1.png,0,pbs_imgs::FieldPos469_Cam01_RGB_MB,,dataset,train,FieldPos469_Cam01_RGB_MB,pbs_imgs::FieldPos469_Cam01_RGB_MB
pbs_imgs,D:\Dineth\focus_binary_benchmark\dataset\pbs_imgs\unfocused\FieldPos469_Cam01_RGB_MB\FieldPos469_Cam01_RGB_MB_page_13.png,0,pbs_imgs::FieldPos469_Cam01_RGB_MB,,dataset,train,FieldPos469_Cam01_RGB_MB,pbs_imgs::FieldPos469_Cam01_RGB_MB
pbs_imgs,D:\Dineth\focus_binary_benchmark\dataset\pbs_imgs\unfocused\FieldPos469_Cam01_RGB_MB\FieldPos469_Cam01_RGB_MB_page_14.png,0,pbs_imgs::FieldPos469_Cam01_RGB_MB,,dataset,train,FieldPos469_Cam01_RGB_MB,pbs_imgs::FieldPos469_Cam01_RGB_MB
pbs_imgs,D:\Dineth\focus_binary_benchmark\dataset\pbs_imgs\unfocused\FieldPos469_Cam01_RGB_MB\FieldPos469_Cam01_RGB_MB_page_15.png,0,pbs_imgs::FieldPos469_Cam01_RGB_MB,,dataset,train,FieldPos469_Cam01_RGB_MB,pbs_imgs::FieldPos469_Cam01_RGB_MB
pbs_imgs,D:\Dineth\focus_binary_benchmark\dataset\pbs_imgs\unfocused\FieldPos469_Cam01_RGB_MB\FieldPos469_Cam01_RGB_MB_page_2.png,0,pbs_imgs::FieldPos469_Cam01_RGB_MB,,dataset,train,FieldPos469_Cam01_RGB_MB,pbs_imgs::FieldPos469_Cam01_RGB_MB
pbs_imgs,D:\Dineth\focus_binary_benchmark\dataset\pbs_imgs\unfocused\FieldPos469_Cam01_RGB_MB\FieldPos469_Cam01_RGB_MB_page_3.png,0,pbs_imgs::FieldPos469_Cam01_RGB_MB,,dataset,train,FieldPos469_Cam01_RGB_MB,pbs_imgs::FieldPos469_Cam01_RGB_MB
pbs_imgs,D:\Dineth\focus_binary_benchmark\dataset\pbs_imgs\unfocused\FieldPos469_Cam01_RGB_MB\FieldPos469_Cam01_RGB_MB_page_4.png,0,pbs_imgs::FieldPos469_Cam01_RGB_MB,,dataset,train,FieldPos469_Cam01_RGB_MB,pbs_imgs::FieldPos469_Cam01_RGB_MB
pbs_imgs,D:\Dineth\focus_binary_benchmark\dataset\pbs_imgs\unfocused\FieldPos469_Cam01_RGB_MB\FieldPos469_Cam01_RGB_MB_page_5.png,0,pbs_imgs::FieldPos469_Cam01_RGB_MB,,dataset,train,FieldPos469_Cam01_RGB_MB,pbs_imgs::FieldPos469_Cam01_RGB_MB
pbs_imgs,D:\Dineth\focus_binary_benchmark\dataset\pbs_imgs\unfocused\FieldPos469_Cam01_RGB_MB\FieldPos469_Cam01_RGB_MB_page_6.png,0,pbs_imgs::FieldPos469_Cam01_RGB_MB,,dataset,train,FieldPos469_Cam01_RGB_MB,pbs_imgs::FieldPos469_Cam01_RGB_MB
pbs_imgs,D:\Dineth\focus_binary_benchmark\dataset\pbs_imgs\unfocused\FieldPos469_Cam01_RGB_MB\FieldPos469_Cam01_RGB_MB_page_7.png,0,pbs_imgs::FieldPos469_Cam01_RGB_MB,,dataset,train,FieldPos469_Cam01_RGB_MB,pbs_imgs::FieldPos469_Cam01_RGB_MB
pbs_imgs,D:\Dineth\focus_binary_benchmark\dataset\pbs_imgs\unfocused\FieldPos469_Cam01_RGB_MB\FieldPos469_Cam01_RGB_MB_page_8.png,0,pbs_imgs::FieldPos469_Cam01_RGB_MB,,dataset,train,FieldPos469_Cam01_RGB_MB,pbs_imgs::FieldPos469_Cam01_RGB_MB
pbs_imgs,D:\Dineth\focus_binary_benchmark\dataset\pbs_imgs\unfocused\FieldPos469_Cam01_RGB_MB\FieldPos469_Cam01_RGB_MB_page_9.png,0,pbs_imgs::FieldPos469_Cam01_RGB_MB,,dataset,train,FieldPos469_Cam01_RGB_MB,pbs_imgs::FieldPos469_Cam01_RGB_MB
pbs_imgs,D:\Dineth\focus_binary_benchmark\dataset\pbs_imgs\unfocused\FieldPos470_Cam01_RGB_MB\FieldPos470_Cam01_RGB_MB_page_1.png,0,pbs_imgs::FieldPos470_Cam01_RGB_MB,,dataset,test,FieldPos470_Cam01_RGB_MB,pbs_imgs::FieldPos470_Cam01_RGB_MB
pbs_imgs,D:\Dineth\focus_binary_benchmark\dataset\pbs_imgs\unfocused\FieldPos470_Cam01_RGB_MB\FieldPos470_Cam01_RGB_MB_page_10.png,0,pbs_imgs::FieldPos470_Cam01_RGB_MB,,dataset,test,FieldPos470_Cam01_RGB_MB,pbs_imgs::FieldPos470_Cam01_RGB_MB
pbs_imgs,D:\Dineth\focus_binary_benchmark\dataset\pbs_imgs\unfocused\FieldPos470_Cam01_RGB_MB\FieldPos470_Cam01_RGB_MB_page_11.png,0,pbs_imgs::FieldPos470_Cam01_RGB_MB,,dataset,test,FieldPos470_Cam01_RGB_MB,pbs_imgs::FieldPos470_Cam01_RGB_MB
pbs_imgs,D:\Dineth\focus_binary_benchmark\dataset\pbs_imgs\unfocused\FieldPos470_Cam01_RGB_MB\FieldPos470_Cam01_RGB_MB_page_12.png,0,pbs_imgs::FieldPos470_Cam01_RGB_MB,,dataset,test,FieldPos470_Cam01_RGB_MB,pbs_imgs::FieldPos470_Cam01_RGB_MB
pbs_imgs,D:\Dineth\focus_binary_benchmark\dataset\pbs_imgs\unfocused\FieldPos470_Cam01_RGB_MB\FieldPos470_Cam01_RGB_MB_page_13.png,0,pbs_imgs::FieldPos470_Cam01_RGB_MB,,dataset,test,FieldPos470_Cam01_RGB_MB,pbs_imgs::FieldPos470_Cam01_RGB_MB
pbs_imgs,D:\Dineth\focus_binary_benchmark\dataset\pbs_imgs\unfocused\FieldPos470_Cam01_RGB_MB\FieldPos470_Cam01_RGB_MB_page_14.png,0,pbs_imgs::FieldPos470_Cam01_RGB_MB,,dataset,test,FieldPos470_Cam01_RGB_MB,pbs_imgs::FieldPos470_Cam01_RGB_MB
pbs_imgs,D:\Dineth\focus_binary_benchmark\dataset\pbs_imgs\unfocused\FieldPos470_Cam01_RGB_MB\FieldPos470_Cam01_RGB_MB_page_15.png,0,pbs_imgs::FieldPos470_Cam01_RGB_MB,,dataset,test,FieldPos470_Cam01_RGB_MB,pbs_imgs::FieldPos470_Cam01_RGB_MB
pbs_imgs,D:\Dineth\focus_binary_benchmark\dataset\pbs_imgs\unfocused\FieldPos470_Cam01_RGB_MB\FieldPos470_Cam01_RGB_MB_page_2.png,0,pbs_imgs::FieldPos470_Cam01_RGB_MB,,dataset,test,FieldPos470_Cam01_RGB_MB,pbs_imgs::FieldPos470_Cam01_RGB_MB
pbs_imgs,D:\Dineth\focus_binary_benchmark\dataset\pbs_imgs\unfocused\FieldPos470_Cam01_RGB_MB\FieldPos470_Cam01_RGB_MB_page_3.png,0,pbs_imgs::FieldPos470_Cam01_RGB_MB,,dataset,test,FieldPos470_Cam01_RGB_MB,pbs_imgs::FieldPos470_Cam01_RGB_MB
pbs_imgs,D:\Dineth\focus_binary_benchmark\dataset\pbs_imgs\unfocused\FieldPos470_Cam01_RGB_MB\FieldPos470_Cam01_RGB_MB_page_4.png,0,pbs_imgs::FieldPos470_Cam01_RGB_MB,,dataset,test,FieldPos470_Cam01_RGB_MB,pbs_imgs::FieldPos470_Cam01_RGB_MB
pbs_imgs,D:\Dineth\focus_binary_benchmark\dataset\pbs_imgs\unfocused\FieldPos470_Cam01_RGB_MB\FieldPos470_Cam01_RGB_MB_page_5.png,0,pbs_imgs::FieldPos470_Cam01_RGB_MB,,dataset,test,FieldPos470_Cam01_RGB_MB,pbs_imgs::FieldPos470_Cam01_RGB_MB
pbs_imgs,D:\Dineth\focus_binary_benchmark\dataset\pbs_imgs\unfocused\FieldPos470_Cam01_RGB_MB\FieldPos470_Cam01_RGB_MB_page_6.png,0,pbs_imgs::FieldPos470_Cam01_RGB_MB,,dataset,test,FieldPos470_Cam01_RGB_MB,pbs_imgs::FieldPos470_Cam01_RGB_MB
pbs_imgs,D:\Dineth\focus_binary_benchmark\dataset\pbs_imgs\unfocused\FieldPos471_Cam01_RGB_MB\FieldPos471_Cam01_RGB_MB_page_1.png,0,pbs_imgs::FieldPos471_Cam01_RGB_MB,,dataset,train,FieldPos471_Cam01_RGB_MB,pbs_imgs::FieldPos471_Cam01_RGB_MB
pbs_imgs,D:\Dineth\focus_binary_benchmark\dataset\pbs_imgs\unfocused\FieldPos471_Cam01_RGB_MB\FieldPos471_Cam01_RGB_MB_page_10.png,0,pbs_imgs::FieldPos471_Cam01_RGB_MB,,dataset,train,FieldPos471_Cam01_RGB_MB,pbs_imgs::FieldPos471_Cam01_RGB_MB
pbs_imgs,D:\Dineth\focus_binary_benchmark\dataset\pbs_imgs\unfocused\FieldPos471_Cam01_RGB_MB\FieldPos471_Cam01_RGB_MB_page_11.png,0,pbs_imgs::FieldPos471_Cam01_RGB_MB,,dataset,train,FieldPos471_Cam01_RGB_MB,pbs_imgs::FieldPos471_Cam01_RGB_MB
pbs_imgs,D:\Dineth\focus_binary_benchmark\dataset\pbs_imgs\unfocused\FieldPos471_Cam01_RGB_MB\FieldPos471_Cam01_RGB_MB_page_12.png,0,pbs_imgs::FieldPos471_Cam01_RGB_MB,,dataset,train,FieldPos471_Cam01_RGB_MB,pbs_imgs::FieldPos471_Cam01_RGB_MB
pbs_imgs,D:\Dineth\focus_binary_benchmark\dataset\pbs_imgs\unfocused\FieldPos471_Cam01_RGB_MB\FieldPos471_Cam01_RGB_MB_page_13.png,0,pbs_imgs::FieldPos471_Cam01_RGB_MB,,dataset,train,FieldPos471_Cam01_RGB_MB,pbs_imgs::FieldPos471_Cam01_RGB_MB
pbs_imgs,D:\Dineth\focus_binary_benchmark\dataset\pbs_imgs\unfocused\FieldPos471_Cam01_RGB_MB\FieldPos471_Cam01_RGB_MB_page_14.png,0,pbs_imgs::FieldPos471_Cam01_RGB_MB,,dataset,train,FieldPos471_Cam01_RGB_MB,pbs_imgs::FieldPos471_Cam01_RGB_MB
pbs_imgs,D:\Dineth\focus_binary_benchmark\dataset\pbs_imgs\unfocused\FieldPos471_Cam01_RGB_MB\FieldPos471_Cam01_RGB_MB_page_15.png,0,pbs_imgs::FieldPos471_Cam01_RGB_MB,,dataset,train,FieldPos471_Cam01_RGB_MB,pbs_imgs::FieldPos471_Cam01_RGB_MB
pbs_imgs,D:\Dineth\focus_binary_benchmark\dataset\pbs_imgs\unfocused\FieldPos471_Cam01_RGB_MB\FieldPos471_Cam01_RGB_MB_page_2.png,0,pbs_imgs::FieldPos471_Cam01_RGB_MB,,dataset,train,FieldPos471_Cam01_RGB_MB,pbs_imgs::FieldPos471_Cam01_RGB_MB
pbs_imgs,D:\Dineth\focus_binary_benchmark\dataset\pbs_imgs\unfocused\FieldPos471_Cam01_RGB_MB\FieldPos471_Cam01_RGB_MB_page_3.png,0,pbs_imgs::FieldPos471_Cam01_RGB_MB,,dataset,train,FieldPos471_Cam01_RGB_MB,pbs_imgs::FieldPos471_Cam01_RGB_MB
pbs_imgs,D:\Dineth\focus_binary_benchmark\dataset\pbs_imgs\unfocused\FieldPos471_Cam01_RGB_MB\FieldPos471_Cam01_RGB_MB_page_4.png,0,pbs_imgs::FieldPos471_Cam01_RGB_MB,,dataset,train,FieldPos471_Cam01_RGB_MB,pbs_imgs::FieldPos471_Cam01_RGB_MB
pbs_imgs,D:\Dineth\focus_binary_benchmark\dataset\pbs_imgs\unfocused\FieldPos471_Cam01_RGB_MB\FieldPos471_Cam01_RGB_MB_page_5.png,0,pbs_imgs::FieldPos471_Cam01_RGB_MB,,dataset,train,FieldPos471_Cam01_RGB_MB,pbs_imgs::FieldPos471_Cam01_RGB_MB
pbs_imgs,D:\Dineth\focus_binary_benchmark\dataset\pbs_imgs\unfocused\FieldPos471_Cam01_RGB_MB\FieldPos471_Cam01_RGB_MB_page_6.png,0,pbs_imgs::FieldPos471_Cam01_RGB_MB,,dataset,train,FieldPos471_Cam01_RGB_MB,pbs_imgs::FieldPos471_Cam01_RGB_MB
pbs_imgs,D:\Dineth\focus_binary_benchmark\dataset\pbs_imgs\unfocused\FieldPos472_Cam01_RGB_MB\FieldPos472_Cam01_RGB_MB_page_1.png,0,pbs_imgs::FieldPos472_Cam01_RGB_MB,,dataset,train,FieldPos472_Cam01_RGB_MB,pbs_imgs::FieldPos472_Cam01_RGB_MB
pbs_imgs,D:\Dineth\focus_binary_benchmark\dataset\pbs_imgs\unfocused\FieldPos472_Cam01_RGB_MB\FieldPos472_Cam01_RGB_MB_page_10.png,0,pbs_imgs::FieldPos472_Cam01_RGB_MB,,dataset,train,FieldPos472_Cam01_RGB_MB,pbs_imgs::FieldPos472_Cam01_RGB_MB
pbs_imgs,D:\Dineth\focus_binary_benchmark\dataset\pbs_imgs\unfocused\FieldPos472_Cam01_RGB_MB\FieldPos472_Cam01_RGB_MB_page_11.png,0,pbs_imgs::FieldPos472_Cam01_RGB_MB,,dataset,train,FieldPos472_Cam01_RGB_MB,pbs_imgs::FieldPos472_Cam01_RGB_MB
pbs_imgs,D:\Dineth\focus_binary_benchmark\dataset\pbs_imgs\unfocused\FieldPos472_Cam01_RGB_MB\FieldPos472_Cam01_RGB_MB_page_12.png,0,pbs_imgs::FieldPos472_Cam01_RGB_MB,,dataset,train,FieldPos472_Cam01_RGB_MB,pbs_imgs::FieldPos472_Cam01_RGB_MB
pbs_imgs,D:\Dineth\focus_binary_benchmark\dataset\pbs_imgs\unfocused\FieldPos472_Cam01_RGB_MB\FieldPos472_Cam01_RGB_MB_page_13.png,0,pbs_imgs::FieldPos472_Cam01_RGB_MB,,dataset,train,FieldPos472_Cam01_RGB_MB,pbs_imgs::FieldPos472_Cam01_RGB_MB
pbs_imgs,D:\Dineth\focus_binary_benchmark\dataset\pbs_imgs\unfocused\FieldPos472_Cam01_RGB_MB\FieldPos472_Cam01_RGB_MB_page_14.png,0,pbs_imgs::FieldPos472_Cam01_RGB_MB,,dataset,train,FieldPos472_Cam01_RGB_MB,pbs_imgs::FieldPos472_Cam01_RGB_MB
pbs_imgs,D:\Dineth\focus_binary_benchmark\dataset\pbs_imgs\unfocused\FieldPos472_Cam01_RGB_MB\FieldPos472_Cam01_RGB_MB_page_15.png,0,pbs_imgs::FieldPos472_Cam01_RGB_MB,,dataset,train,FieldPos472_Cam01_RGB_MB,pbs_imgs::FieldPos472_Cam01_RGB_MB
pbs_imgs,D:\Dineth\focus_binary_benchmark\dataset\pbs_imgs\unfocused\FieldPos472_Cam01_RGB_MB\FieldPos472_Cam01_RGB_MB_page_2.png,0,pbs_imgs::FieldPos472_Cam01_RGB_MB,,dataset,train,FieldPos472_Cam01_RGB_MB,pbs_imgs::FieldPos472_Cam01_RGB_MB
pbs_imgs,D:\Dineth\focus_binary_benchmark\dataset\pbs_imgs\unfocused\FieldPos472_Cam01_RGB_MB\FieldPos472_Cam01_RGB_MB_page_3.png,0,pbs_imgs::FieldPos472_Cam01_RGB_MB,,dataset,train,FieldPos472_Cam01_RGB_MB,pbs_imgs::FieldPos472_Cam01_RGB_MB
pbs_imgs,D:\Dineth\focus_binary_benchmark\dataset\pbs_imgs\unfocused\FieldPos472_Cam01_RGB_MB\FieldPos472_Cam01_RGB_MB_page_4.png,0,pbs_imgs::FieldPos472_Cam01_RGB_MB,,dataset,train,FieldPos472_Cam01_RGB_MB,pbs_imgs::FieldPos472_Cam01_RGB_MB
pbs_imgs,D:\Dineth\focus_binary_benchmark\dataset\pbs_imgs\unfocused\FieldPos472_Cam01_RGB_MB\FieldPos472_Cam01_RGB_MB_page_5.png,0,pbs_imgs::FieldPos472_Cam01_RGB_MB,,dataset,train,FieldPos472_Cam01_RGB_MB,pbs_imgs::FieldPos472_Cam01_RGB_MB
pbs_imgs,D:\Dineth\focus_binary_benchmark\dataset\pbs_imgs\unfocused\FieldPos472_Cam01_RGB_MB\FieldPos472_Cam01_RGB_MB_page_6.png,0,pbs_imgs::FieldPos472_Cam01_RGB_MB,,dataset,train,FieldPos472_Cam01_RGB_MB,pbs_imgs::FieldPos472_Cam01_RGB_MB
tbf_imgs,D:\Dineth\focus_binary_benchmark\dataset\tbf_imgs\focused\FieldPos000\FieldPos000_page_5.png,1,tbf_imgs::FieldPos000,,dataset,val,FieldPos000,tbf_imgs::FieldPos000
tbf_imgs,D:\Dineth\focus_binary_benchmark\dataset\tbf_imgs\focused\FieldPos000 (2)\FieldPos000 (2)_page_7.png,1,tbf_imgs::FieldPos000,,dataset,val,FieldPos000 (2),tbf_imgs::FieldPos000
tbf_imgs,D:\Dineth\focus_binary_benchmark\dataset\tbf_imgs\focused\FieldPos000 (3)\FieldPos000 (3)_page_8.png,1,tbf_imgs::FieldPos000,,dataset,val,FieldPos000 (3),tbf_imgs::FieldPos000
tbf_imgs,D:\Dineth\focus_binary_benchmark\dataset\tbf_imgs\focused\FieldPos000 (4)\FieldPos000 (4)_page_7.png,1,tbf_imgs::FieldPos000,,dataset,val,FieldPos000 (4),tbf_imgs::FieldPos000
tbf_imgs,D:\Dineth\focus_binary_benchmark\dataset\tbf_imgs\focused\FieldPos000 (5)\FieldPos000 (5)_page_8.png,1,tbf_imgs::FieldPos000,,dataset,val,FieldPos000 (5),tbf_imgs::FieldPos000
tbf_imgs,D:\Dineth\focus_binary_benchmark\dataset\tbf_imgs\focused\FieldPos000 (6)\FieldPos000 (6)_page_7.png,1,tbf_imgs::FieldPos000,,dataset,val,FieldPos000 (6),tbf_imgs::FieldPos000
tbf_imgs,D:\Dineth\focus_binary_benchmark\dataset\tbf_imgs\focused\FieldPos001\FieldPos001_page_5.png,1,tbf_imgs::FieldPos001,,dataset,train,FieldPos001,tbf_imgs::FieldPos001
tbf_imgs,D:\Dineth\focus_binary_benchmark\dataset\tbf_imgs\focused\FieldPos001 (2)\FieldPos001 (2)_page_8.png,1,tbf_imgs::FieldPos001,,dataset,train,FieldPos001 (2),tbf_imgs::FieldPos001
tbf_imgs,D:\Dineth\focus_binary_benchmark\dataset\tbf_imgs\focused\FieldPos001 (3)\FieldPos001 (3)_page_8.png,1,tbf_imgs::FieldPos001,,dataset,train,FieldPos001 (3),tbf_imgs::FieldPos001
tbf_imgs,D:\Dineth\focus_binary_benchmark\dataset\tbf_imgs\focused\FieldPos001 (4)\FieldPos001 (4)_page_7.png,1,tbf_imgs::FieldPos001,,dataset,train,FieldPos001 (4),tbf_imgs::FieldPos001
tbf_imgs,D:\Dineth\focus_binary_benchmark\dataset\tbf_imgs\focused\FieldPos001 (5)\FieldPos001 (5)_page_8.png,1,tbf_imgs::FieldPos001,,dataset,train,FieldPos001 (5),tbf_imgs::FieldPos001
tbf_imgs,D:\Dineth\focus_binary_benchmark\dataset\tbf_imgs\focused\FieldPos001 (6)\FieldPos001 (6)_page_7.png,1,tbf_imgs::FieldPos001,,dataset,train,FieldPos001 (6),tbf_imgs::FieldPos001
tbf_imgs,D:\Dineth\focus_binary_benchmark\dataset\tbf_imgs\focused\FieldPos001 (7)\FieldPos001 (7)_page_7.png,1,tbf_imgs::FieldPos001,,dataset,train,FieldPos001 (7),tbf_imgs::FieldPos001
tbf_imgs,D:\Dineth\focus_binary_benchmark\dataset\tbf_imgs\focused\FieldPos002\FieldPos002_page_6.png,1,tbf_imgs::FieldPos002,,dataset,val,FieldPos002,tbf_imgs::FieldPos002
tbf_imgs,D:\Dineth\focus_binary_benchmark\dataset\tbf_imgs\focused\FieldPos002 (2)\FieldPos002 (2)_page_7.png,1,tbf_imgs::FieldPos002,,dataset,val,FieldPos002 (2),tbf_imgs::FieldPos002
tbf_imgs,D:\Dineth\focus_binary_benchmark\dataset\tbf_imgs\focused\FieldPos002 (3)\FieldPos002 (3)_page_8.png,1,tbf_imgs::FieldPos002,,dataset,val,FieldPos002 (3),tbf_imgs::FieldPos002
tbf_imgs,D:\Dineth\focus_binary_benchmark\dataset\tbf_imgs\focused\FieldPos002 (4)\FieldPos002 (4)_page_7.png,1,tbf_imgs::FieldPos002,,dataset,val,FieldPos002 (4),tbf_imgs::FieldPos002
tbf_imgs,D:\Dineth\focus_binary_benchmark\dataset\tbf_imgs\focused\FieldPos002 (5)\FieldPos002 (5)_page_8.png,1,tbf_imgs::FieldPos002,,dataset,val,FieldPos002 (5),tbf_imgs::FieldPos002
tbf_imgs,D:\Dineth\focus_binary_benchmark\dataset\tbf_imgs\focused\FieldPos002 (6)\FieldPos002 (6)_page_8.png,1,tbf_imgs::FieldPos002,,dataset,val,FieldPos002 (6),tbf_imgs::FieldPos002
tbf_imgs,D:\Dineth\focus_binary_benchmark\dataset\tbf_imgs\focused\FieldPos003\FieldPos003_page_6.png,1,tbf_imgs::FieldPos003,,dataset,train,FieldPos003,tbf_imgs::FieldPos003
tbf_imgs,D:\Dineth\focus_binary_benchmark\dataset\tbf_imgs\focused\FieldPos003 (2)\FieldPos003 (2)_page_6.png,1,tbf_imgs::FieldPos003,,dataset,train,FieldPos003 (2),tbf_imgs::FieldPos003
tbf_imgs,D:\Dineth\focus_binary_benchmark\dataset\tbf_imgs\focused\FieldPos003 (3)\FieldPos003 (3)_page_7.png,1,tbf_imgs::FieldPos003,,dataset,train,FieldPos003 (3),tbf_imgs::FieldPos003
tbf_imgs,D:\Dineth\focus_binary_benchmark\dataset\tbf_imgs\focused\FieldPos003 (4)\FieldPos003 (4)_page_7.png,1,tbf_imgs::FieldPos003,,dataset,train,FieldPos003 (4),tbf_imgs::FieldPos003
tbf_imgs,D:\Dineth\focus_binary_benchmark\dataset\tbf_imgs\focused\FieldPos003 (5)\FieldPos003 (5)_page_6.png,1,tbf_imgs::FieldPos003,,dataset,train,FieldPos003 (5),tbf_imgs::FieldPos003
tbf_imgs,D:\Dineth\focus_binary_benchmark\dataset\tbf_imgs\focused\FieldPos004\FieldPos004_page_7.png,1,tbf_imgs::FieldPos004,,dataset,train,FieldPos004,tbf_imgs::FieldPos004
tbf_imgs,D:\Dineth\focus_binary_benchmark\dataset\tbf_imgs\focused\FieldPos004 (2)\FieldPos004 (2)_page_6.png,1,tbf_imgs::FieldPos004,,dataset,train,FieldPos004 (2),tbf_imgs::FieldPos004
tbf_imgs,D:\Dineth\focus_binary_benchmark\dataset\tbf_imgs\focused\FieldPos004 (3)\FieldPos004 (3)_page_7.png,1,tbf_imgs::FieldPos004,,dataset,train,FieldPos004 (3),tbf_imgs::FieldPos004
tbf_imgs,D:\Dineth\focus_binary_benchmark\dataset\tbf_imgs\focused\FieldPos004 (4)\FieldPos004 (4)_page_7.png,1,tbf_imgs::FieldPos004,,dataset,train,FieldPos004 (4),tbf_imgs::FieldPos004
tbf_imgs,D:\Dineth\focus_binary_benchmark\dataset\tbf_imgs\focused\FieldPos004 (5)\FieldPos004 (5)_page_7.png,1,tbf_imgs::FieldPos004,,dataset,train,FieldPos004 (5),tbf_imgs::FieldPos004
tbf_imgs,D:\Dineth\focus_binary_benchmark\dataset\tbf_imgs\focused\FieldPos005\FieldPos005_page_7.png,1,tbf_imgs::FieldPos005,,dataset,test,FieldPos005,tbf_imgs::FieldPos005
tbf_imgs,D:\Dineth\focus_binary_benchmark\dataset\tbf_imgs\focused\FieldPos005 (2)\FieldPos005 (2)_page_7.png,1,tbf_imgs::FieldPos005,,dataset,test,FieldPos005 (2),tbf_imgs::FieldPos005
tbf_imgs,D:\Dineth\focus_binary_benchmark\dataset\tbf_imgs\focused\FieldPos006\FieldPos006_page_7.png,1,tbf_imgs::FieldPos006,,dataset,train,FieldPos006,tbf_imgs::FieldPos006
tbf_imgs,D:\Dineth\focus_binary_benchmark\dataset\tbf_imgs\focused\FieldPos006 (2)\FieldPos006 (2)_page_7.png,1,tbf_imgs::FieldPos006,,dataset,train,FieldPos006 (2),tbf_imgs::FieldPos006
tbf_imgs,D:\Dineth\focus_binary_benchmark\dataset\tbf_imgs\focused\FieldPos007\FieldPos007_page_8.png,1,tbf_imgs::FieldPos007,,dataset,train,FieldPos007,tbf_imgs::FieldPos007
tbf_imgs,D:\Dineth\focus_binary_benchmark\dataset\tbf_imgs\focused\FieldPos007 (2)\FieldPos007 (2)_page_10.png,1,tbf_imgs::FieldPos007,,dataset,train,FieldPos007 (2),tbf_imgs::FieldPos007
tbf_imgs,D:\Dineth\focus_binary_benchmark\dataset\tbf_imgs\focused\FieldPos007 (3)\FieldPos007 (3)_page_6.png,1,tbf_imgs::FieldPos007,,dataset,train,FieldPos007 (3),tbf_imgs::FieldPos007
tbf_imgs,D:\Dineth\focus_binary_benchmark\dataset\tbf_imgs\focused\FieldPos008\FieldPos008_page_7.png,1,tbf_imgs::FieldPos008,,dataset,val,FieldPos008,tbf_imgs::FieldPos008
tbf_imgs,D:\Dineth\focus_binary_benchmark\dataset\tbf_imgs\focused\FieldPos008 (2)\FieldPos008 (2)_page_7.png,1,tbf_imgs::FieldPos008,,dataset,val,FieldPos008 (2),tbf_imgs::FieldPos008
tbf_imgs,D:\Dineth\focus_binary_benchmark\dataset\tbf_imgs\focused\FieldPos009\FieldPos009_page_7.png,1,tbf_imgs::FieldPos009,,dataset,test,FieldPos009,tbf_imgs::FieldPos009
tbf_imgs,D:\Dineth\focus_binary_benchmark\dataset\tbf_imgs\focused\FieldPos009 (2)\FieldPos009 (2)_page_7.png,1,tbf_imgs::FieldPos009,,dataset,test,FieldPos009 (2),tbf_imgs::FieldPos009
tbf_imgs,D:\Dineth\focus_binary_benchmark\dataset\tbf_imgs\focused\FieldPos009 (3)\FieldPos009 (3)_page_7.png,1,tbf_imgs::FieldPos009,,dataset,test,FieldPos009 (3),tbf_imgs::FieldPos009
tbf_imgs,D:\Dineth\focus_binary_benchmark\dataset\tbf_imgs\focused\FieldPos010\FieldPos010_page_7.png,1,tbf_imgs::FieldPos010,,dataset,train,FieldPos010,tbf_imgs::FieldPos010
tbf_imgs,D:\Dineth\focus_binary_benchmark\dataset\tbf_imgs\focused\FieldPos010 (2)\FieldPos010 (2)_page_7.png,1,tbf_imgs::FieldPos010,,dataset,train,FieldPos010 (2),tbf_imgs::FieldPos010
tbf_imgs,D:\Dineth\focus_binary_benchmark\dataset\tbf_imgs\focused\FieldPos011\FieldPos011_page_6.png,1,tbf_imgs::FieldPos011,,dataset,train,FieldPos011,tbf_imgs::FieldPos011
tbf_imgs,D:\Dineth\focus_binary_benchmark\dataset\tbf_imgs\focused\FieldPos011 (2)\FieldPos011 (2)_page_8.png,1,tbf_imgs::FieldPos011,,dataset,train,FieldPos011 (2),tbf_imgs::FieldPos011
tbf_imgs,D:\Dineth\focus_binary_benchmark\dataset\tbf_imgs\focused\FieldPos012\FieldPos012_page_5.png,1,tbf_imgs::FieldPos012,,dataset,train,FieldPos012,tbf_imgs::FieldPos012
tbf_imgs,D:\Dineth\focus_binary_benchmark\dataset\tbf_imgs\focused\FieldPos012 (2)\FieldPos012 (2)_page_8.png,1,tbf_imgs::FieldPos012,,dataset,train,FieldPos012 (2),tbf_imgs::FieldPos012
tbf_imgs,D:\Dineth\focus_binary_benchmark\dataset\tbf_imgs\focused\FieldPos013\FieldPos013_page_7.png,1,tbf_imgs::FieldPos013,,dataset,val,FieldPos013,tbf_imgs::FieldPos013
tbf_imgs,D:\Dineth\focus_binary_benchmark\dataset\tbf_imgs\focused\FieldPos013 (2)\FieldPos013 (2)_page_8.png,1,tbf_imgs::FieldPos013,,dataset,val,FieldPos013 (2),tbf_imgs::FieldPos013
tbf_imgs,D:\Dineth\focus_binary_benchmark\dataset\tbf_imgs\focused\FieldPos014\FieldPos014_page_5.png,1,tbf_imgs::FieldPos014,,dataset,test,FieldPos014,tbf_imgs::FieldPos014
tbf_imgs,D:\Dineth\focus_binary_benchmark\dataset\tbf_imgs\focused\FieldPos014 (2)\FieldPos014 (2)_page_8.png,1,tbf_imgs::FieldPos014,,dataset,test,FieldPos014 (2),tbf_imgs::FieldPos014
tbf_imgs,D:\Dineth\focus_binary_benchmark\dataset\tbf_imgs\focused\FieldPos015\FieldPos015_page_7.png,1,tbf_imgs::FieldPos015,,dataset,test,FieldPos015,tbf_imgs::FieldPos015
tbf_imgs,D:\Dineth\focus_binary_benchmark\dataset\tbf_imgs\focused\FieldPos015 (2)\FieldPos015 (2)_page_8.png,1,tbf_imgs::FieldPos015,,dataset,test,FieldPos015 (2),tbf_imgs::FieldPos015
tbf_imgs,D:\Dineth\focus_binary_benchmark\dataset\tbf_imgs\focused\FieldPos015 (3)\FieldPos015 (3)_page_8.png,1,tbf_imgs::FieldPos015,,dataset,test,FieldPos015 (3),tbf_imgs::FieldPos015
tbf_imgs,D:\Dineth\focus_binary_benchmark\dataset\tbf_imgs\focused\FieldPos016\FieldPos016_page_7.png,1,tbf_imgs::FieldPos016,,dataset,train,FieldPos016,tbf_imgs::FieldPos016
tbf_imgs,D:\Dineth\focus_binary_benchmark\dataset\tbf_imgs\focused\FieldPos017\FieldPos017_page_5.png,1,tbf_imgs::FieldPos017,,dataset,val,FieldPos017,tbf_imgs::FieldPos017
tbf_imgs,D:\Dineth\focus_binary_benchmark\dataset\tbf_imgs\focused\FieldPos017 (2)\FieldPos017 (2)_page_7.png,1,tbf_imgs::FieldPos017,,dataset,val,FieldPos017 (2),tbf_imgs::FieldPos017
tbf_imgs,D:\Dineth\focus_binary_benchmark\dataset\tbf_imgs\focused\FieldPos018\FieldPos018_page_5.png,1,tbf_imgs::FieldPos018,,dataset,train,FieldPos018,tbf_imgs::FieldPos018
tbf_imgs,D:\Dineth\focus_binary_benchmark\dataset\tbf_imgs\focused\FieldPos018 (2)\FieldPos018 (2)_page_6.png,1,tbf_imgs::FieldPos018,,dataset,train,FieldPos018 (2),tbf_imgs::FieldPos018
tbf_imgs,D:\Dineth\focus_binary_benchmark\dataset\tbf_imgs\focused\FieldPos018 (3)\FieldPos018 (3)_page_6.png,1,tbf_imgs::FieldPos018,,dataset,train,FieldPos018 (3),tbf_imgs::FieldPos018
tbf_imgs,D:\Dineth\focus_binary_benchmark\dataset\tbf_imgs\focused\FieldPos019\FieldPos019_page_5.png,1,tbf_imgs::FieldPos019,,dataset,train,FieldPos019,tbf_imgs::FieldPos019
tbf_imgs,D:\Dineth\focus_binary_benchmark\dataset\tbf_imgs\focused\FieldPos019 (2)\FieldPos019 (2)_page_6.png,1,tbf_imgs::FieldPos019,,dataset,train,FieldPos019 (2),tbf_imgs::FieldPos019
tbf_imgs,D:\Dineth\focus_binary_benchmark\dataset\tbf_imgs\focused\FieldPos020\FieldPos020_page_5.png,1,tbf_imgs::FieldPos020,,dataset,train,FieldPos020,tbf_imgs::FieldPos020
tbf_imgs,D:\Dineth\focus_binary_benchmark\dataset\tbf_imgs\focused\FieldPos020 (2)\FieldPos020 (2)_page_7.png,1,tbf_imgs::FieldPos020,,dataset,train,FieldPos020 (2),tbf_imgs::FieldPos020
tbf_imgs,D:\Dineth\focus_binary_benchmark\dataset\tbf_imgs\focused\FieldPos020 (3)\FieldPos020 (3)_page_7.png,1,tbf_imgs::FieldPos020,,dataset,train,FieldPos020 (3),tbf_imgs::FieldPos020
tbf_imgs,D:\Dineth\focus_binary_benchmark\dataset\tbf_imgs\focused\FieldPos021\FieldPos021_page_7.png,1,tbf_imgs::FieldPos021,,dataset,train,FieldPos021,tbf_imgs::FieldPos021
tbf_imgs,D:\Dineth\focus_binary_benchmark\dataset\tbf_imgs\focused\FieldPos022\FieldPos022_page_7.png,1,tbf_imgs::FieldPos022,,dataset,train,FieldPos022,tbf_imgs::FieldPos022
tbf_imgs,D:\Dineth\focus_binary_benchmark\dataset\tbf_imgs\focused\FieldPos023\FieldPos023_page_6.png,1,tbf_imgs::FieldPos023,,dataset,train,FieldPos023,tbf_imgs::FieldPos023
tbf_imgs,D:\Dineth\focus_binary_benchmark\dataset\tbf_imgs\focused\FieldPos024\FieldPos024_page_8.png,1,tbf_imgs::FieldPos024,,dataset,val,FieldPos024,tbf_imgs::FieldPos024
tbf_imgs,D:\Dineth\focus_binary_benchmark\dataset\tbf_imgs\focused\FieldPos025\FieldPos025_page_8.png,1,tbf_imgs::FieldPos025,,dataset,train,FieldPos025,tbf_imgs::FieldPos025
tbf_imgs,D:\Dineth\focus_binary_benchmark\dataset\tbf_imgs\focused\FieldPos026\FieldPos026_page_8.png,1,tbf_imgs::FieldPos026,,dataset,train,FieldPos026,tbf_imgs::FieldPos026
tbf_imgs,D:\Dineth\focus_binary_benchmark\dataset\tbf_imgs\focused\FieldPos027\FieldPos027_page_8.png,1,tbf_imgs::FieldPos027,,dataset,test,FieldPos027,tbf_imgs::FieldPos027
tbf_imgs,D:\Dineth\focus_binary_benchmark\dataset\tbf_imgs\focused\FieldPos028\FieldPos028_page_8.png,1,tbf_imgs::FieldPos028,,dataset,train,FieldPos028,tbf_imgs::FieldPos028
tbf_imgs,D:\Dineth\focus_binary_benchmark\dataset\tbf_imgs\focused\FieldPos029\FieldPos029_page_8.png,1,tbf_imgs::FieldPos029,,dataset,train,FieldPos029,tbf_imgs::FieldPos029
tbf_imgs,D:\Dineth\focus_binary_benchmark\dataset\tbf_imgs\focused\FieldPos030\FieldPos030_page_7.png,1,tbf_imgs::FieldPos030,,dataset,train,FieldPos030,tbf_imgs::FieldPos030
tbf_imgs,D:\Dineth\focus_binary_benchmark\dataset\tbf_imgs\focused\FieldPos031\FieldPos031_page_8.png,1,tbf_imgs::FieldPos031,,dataset,train,FieldPos031,tbf_imgs::FieldPos031
tbf_imgs,D:\Dineth\focus_binary_benchmark\dataset\tbf_imgs\focused\FieldPos032\FieldPos032_page_8.png,1,tbf_imgs::FieldPos032,,dataset,train,FieldPos032,tbf_imgs::FieldPos032
tbf_imgs,D:\Dineth\focus_binary_benchmark\dataset\tbf_imgs\focused\FieldPos033\FieldPos033_page_8.png,1,tbf_imgs::FieldPos033,,dataset,test,FieldPos033,tbf_imgs::FieldPos033
tbf_imgs,D:\Dineth\focus_binary_benchmark\dataset\tbf_imgs\focused\FieldPos033 (2)\FieldPos033 (2)_page_8.png,1,tbf_imgs::FieldPos033,,dataset,test,FieldPos033 (2),tbf_imgs::FieldPos033
tbf_imgs,D:\Dineth\focus_binary_benchmark\dataset\tbf_imgs\focused\FieldPos034\FieldPos034_page_8.png,1,tbf_imgs::FieldPos034,,dataset,val,FieldPos034,tbf_imgs::FieldPos034
tbf_imgs,D:\Dineth\focus_binary_benchmark\dataset\tbf_imgs\focused\FieldPos035\FieldPos035_page_8.png,1,tbf_imgs::FieldPos035,,dataset,train,FieldPos035,tbf_imgs::FieldPos035
tbf_imgs,D:\Dineth\focus_binary_benchmark\dataset\tbf_imgs\focused\FieldPos036\FieldPos036_page_8.png,1,tbf_imgs::FieldPos036,,dataset,train,FieldPos036,tbf_imgs::FieldPos036
tbf_imgs,D:\Dineth\focus_binary_benchmark\dataset\tbf_imgs\focused\FieldPos036 (2)\FieldPos036 (2)_page_8.png,1,tbf_imgs::FieldPos036,,dataset,train,FieldPos036 (2),tbf_imgs::FieldPos036
tbf_imgs,D:\Dineth\focus_binary_benchmark\dataset\tbf_imgs\focused\FieldPos037\FieldPos037_page_7.png,1,tbf_imgs::FieldPos037,,dataset,train,FieldPos037,tbf_imgs::FieldPos037
tbf_imgs,D:\Dineth\focus_binary_benchmark\dataset\tbf_imgs\focused\FieldPos038\FieldPos038_page_7.png,1,tbf_imgs::FieldPos038,,dataset,train,FieldPos038,tbf_imgs::FieldPos038
tbf_imgs,D:\Dineth\focus_binary_benchmark\dataset\tbf_imgs\focused\FieldPos038 (2)\FieldPos038 (2)_page_7.png,1,tbf_imgs::FieldPos038,,dataset,train,FieldPos038 (2),tbf_imgs::FieldPos038
tbf_imgs,D:\Dineth\focus_binary_benchmark\dataset\tbf_imgs\focused\FieldPos039\FieldPos039_page_6.png,1,tbf_imgs::FieldPos039,,dataset,train,FieldPos039,tbf_imgs::FieldPos039
tbf_imgs,D:\Dineth\focus_binary_benchmark\dataset\tbf_imgs\focused\FieldPos040\FieldPos040_page_7.png,1,tbf_imgs::FieldPos040,,dataset,train,FieldPos040,tbf_imgs::FieldPos040
tbf_imgs,D:\Dineth\focus_binary_benchmark\dataset\tbf_imgs\focused\FieldPos041\FieldPos041_page_7.png,1,tbf_imgs::FieldPos041,,dataset,train,FieldPos041,tbf_imgs::FieldPos041
tbf_imgs,D:\Dineth\focus_binary_benchmark\dataset\tbf_imgs\focused\FieldPos042\FieldPos042_page_8.png,1,tbf_imgs::FieldPos042,,dataset,train,FieldPos042,tbf_imgs::FieldPos042
tbf_imgs,D:\Dineth\focus_binary_benchmark\dataset\tbf_imgs\focused\FieldPos042 (2)\FieldPos042 (2)_page_8.png,1,tbf_imgs::FieldPos042,,dataset,train,FieldPos042 (2),tbf_imgs::FieldPos042
tbf_imgs,D:\Dineth\focus_binary_benchmark\dataset\tbf_imgs\focused\FieldPos043\FieldPos043_page_8.png,1,tbf_imgs::FieldPos043,,dataset,test,FieldPos043,tbf_imgs::FieldPos043
tbf_imgs,D:\Dineth\focus_binary_benchmark\dataset\tbf_imgs\focused\FieldPos043 (2)\FieldPos043 (2)_page_8.png,1,tbf_imgs::FieldPos043,,dataset,test,FieldPos043 (2),tbf_imgs::FieldPos043
tbf_imgs,D:\Dineth\focus_binary_benchmark\dataset\tbf_imgs\focused\FieldPos044\FieldPos044_page_8.png,1,tbf_imgs::FieldPos044,,dataset,train,FieldPos044,tbf_imgs::FieldPos044
tbf_imgs,D:\Dineth\focus_binary_benchmark\dataset\tbf_imgs\focused\FieldPos045\FieldPos045_page_8.png,1,tbf_imgs::FieldPos045,,dataset,train,FieldPos045,tbf_imgs::FieldPos045
tbf_imgs,D:\Dineth\focus_binary_benchmark\dataset\tbf_imgs\focused\FieldPos046\FieldPos046_page_8.png,1,tbf_imgs::FieldPos046,,dataset,train,FieldPos046,tbf_imgs::FieldPos046
tbf_imgs,D:\Dineth\focus_binary_benchmark\dataset\tbf_imgs\focused\FieldPos046 (2)\FieldPos046 (2)_page_8.png,1,tbf_imgs::FieldPos046,,dataset,train,FieldPos046 (2),tbf_imgs::FieldPos046
tbf_imgs,D:\Dineth\focus_binary_benchmark\dataset\tbf_imgs\focused\FieldPos047\FieldPos047_page_8.png,1,tbf_imgs::FieldPos047,,dataset,train,FieldPos047,tbf_imgs::FieldPos047
tbf_imgs,D:\Dineth\focus_binary_benchmark\dataset\tbf_imgs\focused\FieldPos047 (2)\FieldPos047 (2)_page_8.png,1,tbf_imgs::FieldPos047,,dataset,train,FieldPos047 (2),tbf_imgs::FieldPos047
tbf_imgs,D:\Dineth\focus_binary_benchmark\dataset\tbf_imgs\focused\FieldPos048\FieldPos048_page_8.png,1,tbf_imgs::FieldPos048,,dataset,train,FieldPos048,tbf_imgs::FieldPos048
tbf_imgs,D:\Dineth\focus_binary_benchmark\dataset\tbf_imgs\focused\FieldPos049\FieldPos049_page_8.png,1,tbf_imgs::FieldPos049,,dataset,train,FieldPos049,tbf_imgs::FieldPos049
tbf_imgs,D:\Dineth\focus_binary_benchmark\dataset\tbf_imgs\focused\FieldPos050\FieldPos050_page_7.png,1,tbf_imgs::FieldPos050,,dataset,test,FieldPos050,tbf_imgs::FieldPos050
tbf_imgs,D:\Dineth\focus_binary_benchmark\dataset\tbf_imgs\focused\FieldPos051\FieldPos051_page_6.png,1,tbf_imgs::FieldPos051,,dataset,train,FieldPos051,tbf_imgs::FieldPos051
tbf_imgs,D:\Dineth\focus_binary_benchmark\dataset\tbf_imgs\focused\FieldPos052\FieldPos052_page_6.png,1,tbf_imgs::FieldPos052,,dataset,train,FieldPos052,tbf_imgs::FieldPos052
tbf_imgs,D:\Dineth\focus_binary_benchmark\dataset\tbf_imgs\focused\FieldPos052 (2)\FieldPos052 (2)_page_6.png,1,tbf_imgs::FieldPos052,,dataset,train,FieldPos052 (2),tbf_imgs::FieldPos052
tbf_imgs,D:\Dineth\focus_binary_benchmark\dataset\tbf_imgs\focused\FieldPos053\FieldPos053_page_7.png,1,tbf_imgs::FieldPos053,,dataset,test,FieldPos053,tbf_imgs::FieldPos053
tbf_imgs,D:\Dineth\focus_binary_benchmark\dataset\tbf_imgs\focused\FieldPos054\FieldPos054_page_7.png,1,tbf_imgs::FieldPos054,,dataset,train,FieldPos054,tbf_imgs::FieldPos054
tbf_imgs,D:\Dineth\focus_binary_benchmark\dataset\tbf_imgs\focused\FieldPos055\FieldPos055_page_8.png,1,tbf_imgs::FieldPos055,,dataset,train,FieldPos055,tbf_imgs::FieldPos055
tbf_imgs,D:\Dineth\focus_binary_benchmark\dataset\tbf_imgs\focused\FieldPos055 (2)\FieldPos055 (2)_page_8.png,1,tbf_imgs::FieldPos055,,dataset,train,FieldPos055 (2),tbf_imgs::FieldPos055
tbf_imgs,D:\Dineth\focus_binary_benchmark\dataset\tbf_imgs\focused\FieldPos056\FieldPos056_page_8.png,1,tbf_imgs::FieldPos056,,dataset,train,FieldPos056,tbf_imgs::FieldPos056
tbf_imgs,D:\Dineth\focus_binary_benchmark\dataset\tbf_imgs\focused\FieldPos057\FieldPos057_page_6.png,1,tbf_imgs::FieldPos057,,dataset,train,FieldPos057,tbf_imgs::FieldPos057
tbf_imgs,D:\Dineth\focus_binary_benchmark\dataset\tbf_imgs\focused\FieldPos058\FieldPos058_page_6.png,1,tbf_imgs::FieldPos058,,dataset,train,FieldPos058,tbf_imgs::FieldPos058
tbf_imgs,D:\Dineth\focus_binary_benchmark\dataset\tbf_imgs\focused\FieldPos059\FieldPos059_page_6.png,1,tbf_imgs::FieldPos059,,dataset,val,FieldPos059,tbf_imgs::FieldPos059
tbf_imgs,D:\Dineth\focus_binary_benchmark\dataset\tbf_imgs\focused\FieldPos060\FieldPos060_page_7.png,1,tbf_imgs::FieldPos060,,dataset,train,FieldPos060,tbf_imgs::FieldPos060
tbf_imgs,D:\Dineth\focus_binary_benchmark\dataset\tbf_imgs\focused\FieldPos061\FieldPos061_page_8.png,1,tbf_imgs::FieldPos061,,dataset,val,FieldPos061,tbf_imgs::FieldPos061
tbf_imgs,D:\Dineth\focus_binary_benchmark\dataset\tbf_imgs\focused\FieldPos062\FieldPos062_page_8.png,1,tbf_imgs::FieldPos062,,dataset,train,FieldPos062,tbf_imgs::FieldPos062
tbf_imgs,D:\Dineth\focus_binary_benchmark\dataset\tbf_imgs\focused\FieldPos062 (2)\FieldPos062 (2)_page_8.png,1,tbf_imgs::FieldPos062,,dataset,train,FieldPos062 (2),tbf_imgs::FieldPos062
tbf_imgs,D:\Dineth\focus_binary_benchmark\dataset\tbf_imgs\focused\FieldPos063\FieldPos063_page_8.png,1,tbf_imgs::FieldPos063,,dataset,train,FieldPos063,tbf_imgs::FieldPos063
tbf_imgs,D:\Dineth\focus_binary_benchmark\dataset\tbf_imgs\focused\FieldPos064\FieldPos064_page_6.png,1,tbf_imgs::FieldPos064,,dataset,train,FieldPos064,tbf_imgs::FieldPos064
tbf_imgs,D:\Dineth\focus_binary_benchmark\dataset\tbf_imgs\focused\FieldPos065\FieldPos065_page_6.png,1,tbf_imgs::FieldPos065,,dataset,train,FieldPos065,tbf_imgs::FieldPos065
tbf_imgs,D:\Dineth\focus_binary_benchmark\dataset\tbf_imgs\focused\FieldPos066\FieldPos066_page_6.png,1,tbf_imgs::FieldPos066,,dataset,train,FieldPos066,tbf_imgs::FieldPos066
tbf_imgs,D:\Dineth\focus_binary_benchmark\dataset\tbf_imgs\focused\FieldPos066 (2)\FieldPos066 (2)_page_6.png,1,tbf_imgs::FieldPos066,,dataset,train,FieldPos066 (2),tbf_imgs::FieldPos066
tbf_imgs,D:\Dineth\focus_binary_benchmark\dataset\tbf_imgs\focused\FieldPos067\FieldPos067_page_5.png,1,tbf_imgs::FieldPos067,,dataset,val,FieldPos067,tbf_imgs::FieldPos067
tbf_imgs,D:\Dineth\focus_binary_benchmark\dataset\tbf_imgs\focused\FieldPos067 (2)\FieldPos067 (2)_page_5.png,1,tbf_imgs::FieldPos067,,dataset,val,FieldPos067 (2),tbf_imgs::FieldPos067
tbf_imgs,D:\Dineth\focus_binary_benchmark\dataset\tbf_imgs\focused\FieldPos068\FieldPos068_page_7.png,1,tbf_imgs::FieldPos068,,dataset,val,FieldPos068,tbf_imgs::FieldPos068
tbf_imgs,D:\Dineth\focus_binary_benchmark\dataset\tbf_imgs\focused\FieldPos069\FieldPos069_page_5.png,1,tbf_imgs::FieldPos069,,dataset,train,FieldPos069,tbf_imgs::FieldPos069
tbf_imgs,D:\Dineth\focus_binary_benchmark\dataset\tbf_imgs\focused\FieldPos070\FieldPos070_page_6.png,1,tbf_imgs::FieldPos070,,dataset,train,FieldPos070,tbf_imgs::FieldPos070
tbf_imgs,D:\Dineth\focus_binary_benchmark\dataset\tbf_imgs\focused\FieldPos071\FieldPos071_page_8.png,1,tbf_imgs::FieldPos071,,dataset,train,FieldPos071,tbf_imgs::FieldPos071
tbf_imgs,D:\Dineth\focus_binary_benchmark\dataset\tbf_imgs\focused\FieldPos072\FieldPos072_page_8.png,1,tbf_imgs::FieldPos072,,dataset,train,FieldPos072,tbf_imgs::FieldPos072
tbf_imgs,D:\Dineth\focus_binary_benchmark\dataset\tbf_imgs\focused\FieldPos073\FieldPos073_page_6.png,1,tbf_imgs::FieldPos073,,dataset,train,FieldPos073,tbf_imgs::FieldPos073
tbf_imgs,D:\Dineth\focus_binary_benchmark\dataset\tbf_imgs\focused\FieldPos074\FieldPos074_page_6.png,1,tbf_imgs::FieldPos074,,dataset,train,FieldPos074,tbf_imgs::FieldPos074
tbf_imgs,D:\Dineth\focus_binary_benchmark\dataset\tbf_imgs\focused\FieldPos076\FieldPos076_page_5.png,1,tbf_imgs::FieldPos076,,dataset,val,FieldPos076,tbf_imgs::FieldPos076
tbf_imgs,D:\Dineth\focus_binary_benchmark\dataset\tbf_imgs\focused\FieldPos077\FieldPos077_page_5.png,1,tbf_imgs::FieldPos077,,dataset,train,FieldPos077,tbf_imgs::FieldPos077
tbf_imgs,D:\Dineth\focus_binary_benchmark\dataset\tbf_imgs\focused\FieldPos078\FieldPos078_page_6.png,1,tbf_imgs::FieldPos078,,dataset,train,FieldPos078,tbf_imgs::FieldPos078
tbf_imgs,D:\Dineth\focus_binary_benchmark\dataset\tbf_imgs\focused\FieldPos079\FieldPos079_page_6.png,1,tbf_imgs::FieldPos079,,dataset,train,FieldPos079,tbf_imgs::FieldPos079
tbf_imgs,D:\Dineth\focus_binary_benchmark\dataset\tbf_imgs\focused\FieldPos080\FieldPos080_page_6.png,1,tbf_imgs::FieldPos080,,dataset,train,FieldPos080,tbf_imgs::FieldPos080
tbf_imgs,D:\Dineth\focus_binary_benchmark\dataset\tbf_imgs\focused\FieldPos081\FieldPos081_page_5.png,1,tbf_imgs::FieldPos081,,dataset,train,FieldPos081,tbf_imgs::FieldPos081
tbf_imgs,D:\Dineth\focus_binary_benchmark\dataset\tbf_imgs\focused\FieldPos082\FieldPos082_page_6.png,1,tbf_imgs::FieldPos082,,dataset,test,FieldPos082,tbf_imgs::FieldPos082
tbf_imgs,D:\Dineth\focus_binary_benchmark\dataset\tbf_imgs\focused\FieldPos083\FieldPos083_page_5.png,1,tbf_imgs::FieldPos083,,dataset,val,FieldPos083,tbf_imgs::FieldPos083
tbf_imgs,D:\Dineth\focus_binary_benchmark\dataset\tbf_imgs\focused\FieldPos084\FieldPos084_page_6.png,1,tbf_imgs::FieldPos084,,dataset,val,FieldPos084,tbf_imgs::FieldPos084
tbf_imgs,D:\Dineth\focus_binary_benchmark\dataset\tbf_imgs\focused\FieldPos085\FieldPos085_page_7.png,1,tbf_imgs::FieldPos085,,dataset,val,FieldPos085,tbf_imgs::FieldPos085
tbf_imgs,D:\Dineth\focus_binary_benchmark\dataset\tbf_imgs\focused\FieldPos086\FieldPos086_page_7.png,1,tbf_imgs::FieldPos086,,dataset,train,FieldPos086,tbf_imgs::FieldPos086
tbf_imgs,D:\Dineth\focus_binary_benchmark\dataset\tbf_imgs\focused\FieldPos086 (2)\FieldPos086 (2)_page_7.png,1,tbf_imgs::FieldPos086,,dataset,train,FieldPos086 (2),tbf_imgs::FieldPos086
tbf_imgs,D:\Dineth\focus_binary_benchmark\dataset\tbf_imgs\focused\FieldPos087\FieldPos087_page_7.png,1,tbf_imgs::FieldPos087,,dataset,train,FieldPos087,tbf_imgs::FieldPos087
tbf_imgs,D:\Dineth\focus_binary_benchmark\dataset\tbf_imgs\focused\FieldPos088\FieldPos088_page_8.png,1,tbf_imgs::FieldPos088,,dataset,train,FieldPos088,tbf_imgs::FieldPos088
tbf_imgs,D:\Dineth\focus_binary_benchmark\dataset\tbf_imgs\focused\FieldPos089\FieldPos089_page_6.png,1,tbf_imgs::FieldPos089,,dataset,val,FieldPos089,tbf_imgs::FieldPos089
tbf_imgs,D:\Dineth\focus_binary_benchmark\dataset\tbf_imgs\focused\FieldPos090\FieldPos090_page_6.png,1,tbf_imgs::FieldPos090,,dataset,train,FieldPos090,tbf_imgs::FieldPos090
tbf_imgs,D:\Dineth\focus_binary_benchmark\dataset\tbf_imgs\focused\FieldPos090 (2)\FieldPos090 (2)_page_6.png,1,tbf_imgs::FieldPos090,,dataset,train,FieldPos090 (2),tbf_imgs::FieldPos090
tbf_imgs,D:\Dineth\focus_binary_benchmark\dataset\tbf_imgs\focused\FieldPos091\FieldPos091_page_7.png,1,tbf_imgs::FieldPos091,,dataset,train,FieldPos091,tbf_imgs::FieldPos091
tbf_imgs,D:\Dineth\focus_binary_benchmark\dataset\tbf_imgs\focused\FieldPos092\FieldPos092_page_6.png,1,tbf_imgs::FieldPos092,,dataset,train,FieldPos092,tbf_imgs::FieldPos092
tbf_imgs,D:\Dineth\focus_binary_benchmark\dataset\tbf_imgs\focused\FieldPos093\FieldPos093_page_5.png,1,tbf_imgs::FieldPos093,,dataset,test,FieldPos093,tbf_imgs::FieldPos093
tbf_imgs,D:\Dineth\focus_binary_benchmark\dataset\tbf_imgs\focused\FieldPos094\FieldPos094_page_6.png,1,tbf_imgs::FieldPos094,,dataset,test,FieldPos094,tbf_imgs::FieldPos094
tbf_imgs,D:\Dineth\focus_binary_benchmark\dataset\tbf_imgs\focused\FieldPos095\FieldPos095_page_5.png,1,tbf_imgs::FieldPos095,,dataset,train,FieldPos095,tbf_imgs::FieldPos095
tbf_imgs,D:\Dineth\focus_binary_benchmark\dataset\tbf_imgs\focused\FieldPos096\FieldPos096_page_6.png,1,tbf_imgs::FieldPos096,,dataset,test,FieldPos096,tbf_imgs::FieldPos096
tbf_imgs,D:\Dineth\focus_binary_benchmark\dataset\tbf_imgs\focused\FieldPos097\FieldPos097_page_6.png,1,tbf_imgs::FieldPos097,,dataset,train,FieldPos097,tbf_imgs::FieldPos097
tbf_imgs,D:\Dineth\focus_binary_benchmark\dataset\tbf_imgs\focused\FieldPos098\FieldPos098_page_6.png,1,tbf_imgs::FieldPos098,,dataset,train,FieldPos098,tbf_imgs::FieldPos098
tbf_imgs,D:\Dineth\focus_binary_benchmark\dataset\tbf_imgs\focused\FieldPos099\FieldPos099_page_6.png,1,tbf_imgs::FieldPos099,,dataset,test,FieldPos099,tbf_imgs::FieldPos099
tbf_imgs,D:\Dineth\focus_binary_benchmark\dataset\tbf_imgs\focused\FieldPos100\FieldPos100_page_6.png,1,tbf_imgs::FieldPos100,,dataset,train,FieldPos100,tbf_imgs::FieldPos100
tbf_imgs,D:\Dineth\focus_binary_benchmark\dataset\tbf_imgs\focused\FieldPos101\FieldPos101_page_6.png,1,tbf_imgs::FieldPos101,,dataset,train,FieldPos101,tbf_imgs::FieldPos101
tbf_imgs,D:\Dineth\focus_binary_benchmark\dataset\tbf_imgs\focused\FieldPos102\FieldPos102_page_7.png,1,tbf_imgs::FieldPos102,,dataset,train,FieldPos102,tbf_imgs::FieldPos102
tbf_imgs,D:\Dineth\focus_binary_benchmark\dataset\tbf_imgs\focused\FieldPos103\FieldPos103_page_8.png,1,tbf_imgs::FieldPos103,,dataset,train,FieldPos103,tbf_imgs::FieldPos103
tbf_imgs,D:\Dineth\focus_binary_benchmark\dataset\tbf_imgs\focused\FieldPos103 (2)\FieldPos103 (2)_page_8.png,1,tbf_imgs::FieldPos103,,dataset,train,FieldPos103 (2),tbf_imgs::FieldPos103
tbf_imgs,D:\Dineth\focus_binary_benchmark\dataset\tbf_imgs\focused\FieldPos104\FieldPos104_page_7.png,1,tbf_imgs::FieldPos104,,dataset,test,FieldPos104,tbf_imgs::FieldPos104
tbf_imgs,D:\Dineth\focus_binary_benchmark\dataset\tbf_imgs\focused\FieldPos105\FieldPos105_page_7.png,1,tbf_imgs::FieldPos105,,dataset,train,FieldPos105,tbf_imgs::FieldPos105
tbf_imgs,D:\Dineth\focus_binary_benchmark\dataset\tbf_imgs\focused\FieldPos106\FieldPos106_page_7.png,1,tbf_imgs::FieldPos106,,dataset,train,FieldPos106,tbf_imgs::FieldPos106
tbf_imgs,D:\Dineth\focus_binary_benchmark\dataset\tbf_imgs\focused\FieldPos107\FieldPos107_page_5.png,1,tbf_imgs::FieldPos107,,dataset,test,FieldPos107,tbf_imgs::FieldPos107
tbf_imgs,D:\Dineth\focus_binary_benchmark\dataset\tbf_imgs\focused\FieldPos108\FieldPos108_page_5.png,1,tbf_imgs::FieldPos108,,dataset,train,FieldPos108,tbf_imgs::FieldPos108
tbf_imgs,D:\Dineth\focus_binary_benchmark\dataset\tbf_imgs\focused\FieldPos109\FieldPos109_page_5.png,1,tbf_imgs::FieldPos109,,dataset,test,FieldPos109,tbf_imgs::FieldPos109
tbf_imgs,D:\Dineth\focus_binary_benchmark\dataset\tbf_imgs\focused\FieldPos110\FieldPos110_page_7.png,1,tbf_imgs::FieldPos110,,dataset,train,FieldPos110,tbf_imgs::FieldPos110
tbf_imgs,D:\Dineth\focus_binary_benchmark\dataset\tbf_imgs\focused\FieldPos111\FieldPos111_page_8.png,1,tbf_imgs::FieldPos111,,dataset,train,FieldPos111,tbf_imgs::FieldPos111
tbf_imgs,D:\Dineth\focus_binary_benchmark\dataset\tbf_imgs\focused\FieldPos112\FieldPos112_page_8.png,1,tbf_imgs::FieldPos112,,dataset,train,FieldPos112,tbf_imgs::FieldPos112
tbf_imgs,D:\Dineth\focus_binary_benchmark\dataset\tbf_imgs\focused\FieldPos113\FieldPos113_page_6.png,1,tbf_imgs::FieldPos113,,dataset,train,FieldPos113,tbf_imgs::FieldPos113
tbf_imgs,D:\Dineth\focus_binary_benchmark\dataset\tbf_imgs\focused\FieldPos114\FieldPos114_page_6.png,1,tbf_imgs::FieldPos114,,dataset,train,FieldPos114,tbf_imgs::FieldPos114
tbf_imgs,D:\Dineth\focus_binary_benchmark\dataset\tbf_imgs\focused\FieldPos115\FieldPos115_page_5.png,1,tbf_imgs::FieldPos115,,dataset,train,FieldPos115,tbf_imgs::FieldPos115
tbf_imgs,D:\Dineth\focus_binary_benchmark\dataset\tbf_imgs\focused\FieldPos121\FieldPos121_page_6.png,1,tbf_imgs::FieldPos121,,dataset,val,FieldPos121,tbf_imgs::FieldPos121
tbf_imgs,D:\Dineth\focus_binary_benchmark\dataset\tbf_imgs\focused\FieldPos123\FieldPos123_page_5.png,1,tbf_imgs::FieldPos123,,dataset,test,FieldPos123,tbf_imgs::FieldPos123
tbf_imgs,D:\Dineth\focus_binary_benchmark\dataset\tbf_imgs\focused\FieldPos125\FieldPos125_page_7.png,1,tbf_imgs::FieldPos125,,dataset,train,FieldPos125,tbf_imgs::FieldPos125
tbf_imgs,D:\Dineth\focus_binary_benchmark\dataset\tbf_imgs\focused\FieldPos200\FieldPos200_page_7.png,1,tbf_imgs::FieldPos200,,dataset,train,FieldPos200,tbf_imgs::FieldPos200
tbf_imgs,D:\Dineth\focus_binary_benchmark\dataset\tbf_imgs\focused\FieldPos203\FieldPos203_page_7.png,1,tbf_imgs::FieldPos203,,dataset,val,FieldPos203,tbf_imgs::FieldPos203
tbf_imgs,D:\Dineth\focus_binary_benchmark\dataset\tbf_imgs\focused\FieldPos208\FieldPos208_page_8.png,1,tbf_imgs::FieldPos208,,dataset,train,FieldPos208,tbf_imgs::FieldPos208
tbf_imgs,D:\Dineth\focus_binary_benchmark\dataset\tbf_imgs\focused\FieldPos211\FieldPos211_page_6.png,1,tbf_imgs::FieldPos211,,dataset,test,FieldPos211,tbf_imgs::FieldPos211
tbf_imgs,D:\Dineth\focus_binary_benchmark\dataset\tbf_imgs\focused\FieldPos299\FieldPos299_page_6.png,1,tbf_imgs::FieldPos299,,dataset,train,FieldPos299,tbf_imgs::FieldPos299
tbf_imgs,D:\Dineth\focus_binary_benchmark\dataset\tbf_imgs\unfocused\FieldPos000\FieldPos000_page_1.png,0,tbf_imgs::FieldPos000,,dataset,val,FieldPos000,tbf_imgs::FieldPos000
tbf_imgs,D:\Dineth\focus_binary_benchmark\dataset\tbf_imgs\unfocused\FieldPos000\FieldPos000_page_10.png,0,tbf_imgs::FieldPos000,,dataset,val,FieldPos000,tbf_imgs::FieldPos000
tbf_imgs,D:\Dineth\focus_binary_benchmark\dataset\tbf_imgs\unfocused\FieldPos000\FieldPos000_page_11.png,0,tbf_imgs::FieldPos000,,dataset,val,FieldPos000,tbf_imgs::FieldPos000
tbf_imgs,D:\Dineth\focus_binary_benchmark\dataset\tbf_imgs\unfocused\FieldPos000\FieldPos000_page_12.png,0,tbf_imgs::FieldPos000,,dataset,val,FieldPos000,tbf_imgs::FieldPos000
tbf_imgs,D:\Dineth\focus_binary_benchmark\dataset\tbf_imgs\unfocused\FieldPos000\FieldPos000_page_13.png,0,tbf_imgs::FieldPos000,,dataset,val,FieldPos000,tbf_imgs::FieldPos000
tbf_imgs,D:\Dineth\focus_binary_benchmark\dataset\tbf_imgs\unfocused\FieldPos000\FieldPos000_page_14.png,0,tbf_imgs::FieldPos000,,dataset,val,FieldPos000,tbf_imgs::FieldPos000
tbf_imgs,D:\Dineth\focus_binary_benchmark\dataset\tbf_imgs\unfocused\FieldPos000\FieldPos000_page_2.png,0,tbf_imgs::FieldPos000,,dataset,val,FieldPos000,tbf_imgs::FieldPos000
tbf_imgs,D:\Dineth\focus_binary_benchmark\dataset\tbf_imgs\unfocused\FieldPos000\FieldPos000_page_3.png,0,tbf_imgs::FieldPos000,,dataset,val,FieldPos000,tbf_imgs::FieldPos000
tbf_imgs,D:\Dineth\focus_binary_benchmark\dataset\tbf_imgs\unfocused\FieldPos000\FieldPos000_page_7.png,0,tbf_imgs::FieldPos000,,dataset,val,FieldPos000,tbf_imgs::FieldPos000
tbf_imgs,D:\Dineth\focus_binary_benchmark\dataset\tbf_imgs\unfocused\FieldPos000\FieldPos000_page_8.png,0,tbf_imgs::FieldPos000,,dataset,val,FieldPos000,tbf_imgs::FieldPos000
tbf_imgs,D:\Dineth\focus_binary_benchmark\dataset\tbf_imgs\unfocused\FieldPos000\FieldPos000_page_9.png,0,tbf_imgs::FieldPos000,,dataset,val,FieldPos000,tbf_imgs::FieldPos000
tbf_imgs,D:\Dineth\focus_binary_benchmark\dataset\tbf_imgs\unfocused\FieldPos000 (2)\FieldPos000 (2)_page_1.png,0,tbf_imgs::FieldPos000,,dataset,val,FieldPos000 (2),tbf_imgs::FieldPos000
tbf_imgs,D:\Dineth\focus_binary_benchmark\dataset\tbf_imgs\unfocused\FieldPos000 (2)\FieldPos000 (2)_page_10.png,0,tbf_imgs::FieldPos000,,dataset,val,FieldPos000 (2),tbf_imgs::FieldPos000
tbf_imgs,D:\Dineth\focus_binary_benchmark\dataset\tbf_imgs\unfocused\FieldPos000 (2)\FieldPos000 (2)_page_11.png,0,tbf_imgs::FieldPos000,,dataset,val,FieldPos000 (2),tbf_imgs::FieldPos000
tbf_imgs,D:\Dineth\focus_binary_benchmark\dataset\tbf_imgs\unfocused\FieldPos000 (2)\FieldPos000 (2)_page_12.png,0,tbf_imgs::FieldPos000,,dataset,val,FieldPos000 (2),tbf_imgs::FieldPos000
tbf_imgs,D:\Dineth\focus_binary_benchmark\dataset\tbf_imgs\unfocused\FieldPos000 (2)\FieldPos000 (2)_page_13.png,0,tbf_imgs::FieldPos000,,dataset,val,FieldPos000 (2),tbf_imgs::FieldPos000
tbf_imgs,D:\Dineth\focus_binary_benchmark\dataset\tbf_imgs\unfocused\FieldPos000 (2)\FieldPos000 (2)_page_14.png,0,tbf_imgs::FieldPos000,,dataset,val,FieldPos000 (2),tbf_imgs::FieldPos000
tbf_imgs,D:\Dineth\focus_binary_benchmark\dataset\tbf_imgs\unfocused\FieldPos000 (2)\FieldPos000 (2)_page_2.png,0,tbf_imgs::FieldPos000,,dataset,val,FieldPos000 (2),tbf_imgs::FieldPos000
tbf_imgs,D:\Dineth\focus_binary_benchmark\dataset\tbf_imgs\unfocused\FieldPos000 (2)\FieldPos000 (2)_page_3.png,0,tbf_imgs::FieldPos000,,dataset,val,FieldPos000 (2),tbf_imgs::FieldPos000
tbf_imgs,D:\Dineth\focus_binary_benchmark\dataset\tbf_imgs\unfocused\FieldPos000 (2)\FieldPos000 (2)_page_4.png,0,tbf_imgs::FieldPos000,,dataset,val,FieldPos000 (2),tbf_imgs::FieldPos000
tbf_imgs,D:\Dineth\focus_binary_benchmark\dataset\tbf_imgs\unfocused\FieldPos000 (2)\FieldPos000 (2)_page_5.png,0,tbf_imgs::FieldPos000,,dataset,val,FieldPos000 (2),tbf_imgs::FieldPos000
tbf_imgs,D:\Dineth\focus_binary_benchmark\dataset\tbf_imgs\unfocused\FieldPos000 (2)\FieldPos000 (2)_page_9.png,0,tbf_imgs::FieldPos000,,dataset,val,FieldPos000 (2),tbf_imgs::FieldPos000
tbf_imgs,D:\Dineth\focus_binary_benchmark\dataset\tbf_imgs\unfocused\FieldPos000 (3)\FieldPos000 (3)_page_1.png,0,tbf_imgs::FieldPos000,,dataset,val,FieldPos000 (3),tbf_imgs::FieldPos000
tbf_imgs,D:\Dineth\focus_binary_benchmark\dataset\tbf_imgs\unfocused\FieldPos000 (3)\FieldPos000 (3)_page_10.png,0,tbf_imgs::FieldPos000,,dataset,val,FieldPos000 (3),tbf_imgs::FieldPos000
tbf_imgs,D:\Dineth\focus_binary_benchmark\dataset\tbf_imgs\unfocused\FieldPos000 (3)\FieldPos000 (3)_page_11.png,0,tbf_imgs::FieldPos000,,dataset,val,FieldPos000 (3),tbf_imgs::FieldPos000
tbf_imgs,D:\Dineth\focus_binary_benchmark\dataset\tbf_imgs\unfocused\FieldPos000 (3)\FieldPos000 (3)_page_12.png,0,tbf_imgs::FieldPos000,,dataset,val,FieldPos000 (3),tbf_imgs::FieldPos000
tbf_imgs,D:\Dineth\focus_binary_benchmark\dataset\tbf_imgs\unfocused\FieldPos000 (3)\FieldPos000 (3)_page_13.png,0,tbf_imgs::FieldPos000,,dataset,val,FieldPos000 (3),tbf_imgs::FieldPos000
tbf_imgs,D:\Dineth\focus_binary_benchmark\dataset\tbf_imgs\unfocused\FieldPos000 (3)\FieldPos000 (3)_page_14.png,0,tbf_imgs::FieldPos000,,dataset,val,FieldPos000 (3),tbf_imgs::FieldPos000
tbf_imgs,D:\Dineth\focus_binary_benchmark\dataset\tbf_imgs\unfocused\FieldPos000 (3)\FieldPos000 (3)_page_2.png,0,tbf_imgs::FieldPos000,,dataset,val,FieldPos000 (3),tbf_imgs::FieldPos000
tbf_imgs,D:\Dineth\focus_binary_benchmark\dataset\tbf_imgs\unfocused\FieldPos000 (3)\FieldPos000 (3)_page_3.png,0,tbf_imgs::FieldPos000,,dataset,val,FieldPos000 (3),tbf_imgs::FieldPos000
tbf_imgs,D:\Dineth\focus_binary_benchmark\dataset\tbf_imgs\unfocused\FieldPos000 (3)\FieldPos000 (3)_page_4.png,0,tbf_imgs::FieldPos000,,dataset,val,FieldPos000 (3),tbf_imgs::FieldPos000
tbf_imgs,D:\Dineth\focus_binary_benchmark\dataset\tbf_imgs\unfocused\FieldPos000 (3)\FieldPos000 (3)_page_5.png,0,tbf_imgs::FieldPos000,,dataset,val,FieldPos000 (3),tbf_imgs::FieldPos000
tbf_imgs,D:\Dineth\focus_binary_benchmark\dataset\tbf_imgs\unfocused\FieldPos000 (3)\FieldPos000 (3)_page_6.png,0,tbf_imgs::FieldPos000,,dataset,val,FieldPos000 (3),tbf_imgs::FieldPos000
tbf_imgs,D:\Dineth\focus_binary_benchmark\dataset\tbf_imgs\unfocused\FieldPos000 (4)\FieldPos000 (4)_page_1.png,0,tbf_imgs::FieldPos000,,dataset,val,FieldPos000 (4),tbf_imgs::FieldPos000
tbf_imgs,D:\Dineth\focus_binary_benchmark\dataset\tbf_imgs\unfocused\FieldPos000 (4)\FieldPos000 (4)_page_10.png,0,tbf_imgs::FieldPos000,,dataset,val,FieldPos000 (4),tbf_imgs::FieldPos000
tbf_imgs,D:\Dineth\focus_binary_benchmark\dataset\tbf_imgs\unfocused\FieldPos000 (4)\FieldPos000 (4)_page_11.png,0,tbf_imgs::FieldPos000,,dataset,val,FieldPos000 (4),tbf_imgs::FieldPos000
tbf_imgs,D:\Dineth\focus_binary_benchmark\dataset\tbf_imgs\unfocused\FieldPos000 (4)\FieldPos000 (4)_page_12.png,0,tbf_imgs::FieldPos000,,dataset,val,FieldPos000 (4),tbf_imgs::FieldPos000
tbf_imgs,D:\Dineth\focus_binary_benchmark\dataset\tbf_imgs\unfocused\FieldPos000 (4)\FieldPos000 (4)_page_13.png,0,tbf_imgs::FieldPos000,,dataset,val,FieldPos000 (4),tbf_imgs::FieldPos000
tbf_imgs,D:\Dineth\focus_binary_benchmark\dataset\tbf_imgs\unfocused\FieldPos000 (4)\FieldPos000 (4)_page_14.png,0,tbf_imgs::FieldPos000,,dataset,val,FieldPos000 (4),tbf_imgs::FieldPos000
tbf_imgs,D:\Dineth\focus_binary_benchmark\dataset\tbf_imgs\unfocused\FieldPos000 (4)\FieldPos000 (4)_page_2.png,0,tbf_imgs::FieldPos000,,dataset,val,FieldPos000 (4),tbf_imgs::FieldPos000
tbf_imgs,D:\Dineth\focus_binary_benchmark\dataset\tbf_imgs\unfocused\FieldPos000 (4)\FieldPos000 (4)_page_3.png,0,tbf_imgs::FieldPos000,,dataset,val,FieldPos000 (4),tbf_imgs::FieldPos000
tbf_imgs,D:\Dineth\focus_binary_benchmark\dataset\tbf_imgs\unfocused\FieldPos000 (4)\FieldPos000 (4)_page_4.png,0,tbf_imgs::FieldPos000,,dataset,val,FieldPos000 (4),tbf_imgs::FieldPos000
tbf_imgs,D:\Dineth\focus_binary_benchmark\dataset\tbf_imgs\unfocused\FieldPos000 (4)\FieldPos000 (4)_page_5.png,0,tbf_imgs::FieldPos000,,dataset,val,FieldPos000 (4),tbf_imgs::FieldPos000
tbf_imgs,D:\Dineth\focus_binary_benchmark\dataset\tbf_imgs\unfocused\FieldPos000 (4)\FieldPos000 (4)_page_9.png,0,tbf_imgs::FieldPos000,,dataset,val,FieldPos000 (4),tbf_imgs::FieldPos000
tbf_imgs,D:\Dineth\focus_binary_benchmark\dataset\tbf_imgs\unfocused\FieldPos000 (5)\FieldPos000 (5)_page_1.png,0,tbf_imgs::FieldPos000,,dataset,val,FieldPos000 (5),tbf_imgs::FieldPos000
tbf_imgs,D:\Dineth\focus_binary_benchmark\dataset\tbf_imgs\unfocused\FieldPos000 (5)\FieldPos000 (5)_page_10.png,0,tbf_imgs::FieldPos000,,dataset,val,FieldPos000 (5),tbf_imgs::FieldPos000
tbf_imgs,D:\Dineth\focus_binary_benchmark\dataset\tbf_imgs\unfocused\FieldPos000 (5)\FieldPos000 (5)_page_11.png,0,tbf_imgs::FieldPos000,,dataset,val,FieldPos000 (5),tbf_imgs::FieldPos000
tbf_imgs,D:\Dineth\focus_binary_benchmark\dataset\tbf_imgs\unfocused\FieldPos000 (5)\FieldPos000 (5)_page_12.png,0,tbf_imgs::FieldPos000,,dataset,val,FieldPos000 (5),tbf_imgs::FieldPos000
tbf_imgs,D:\Dineth\focus_binary_benchmark\dataset\tbf_imgs\unfocused\FieldPos000 (5)\FieldPos000 (5)_page_13.png,0,tbf_imgs::FieldPos000,,dataset,val,FieldPos000 (5),tbf_imgs::FieldPos000
tbf_imgs,D:\Dineth\focus_binary_benchmark\dataset\tbf_imgs\unfocused\FieldPos000 (5)\FieldPos000 (5)_page_14.png,0,tbf_imgs::FieldPos000,,dataset,val,FieldPos000 (5),tbf_imgs::FieldPos000
tbf_imgs,D:\Dineth\focus_binary_benchmark\dataset\tbf_imgs\unfocused\FieldPos000 (5)\FieldPos000 (5)_page_2.png,0,tbf_imgs::FieldPos000,,dataset,val,FieldPos000 (5),tbf_imgs::FieldPos000
tbf_imgs,D:\Dineth\focus_binary_benchmark\dataset\tbf_imgs\unfocused\FieldPos000 (5)\FieldPos000 (5)_page_3.png,0,tbf_imgs::FieldPos000,,dataset,val,FieldPos000 (5),tbf_imgs::FieldPos000
tbf_imgs,D:\Dineth\focus_binary_benchmark\dataset\tbf_imgs\unfocused\FieldPos000 (5)\FieldPos000 (5)_page_4.png,0,tbf_imgs::FieldPos000,,dataset,val,FieldPos000 (5),tbf_imgs::FieldPos000
tbf_imgs,D:\Dineth\focus_binary_benchmark\dataset\tbf_imgs\unfocused\FieldPos000 (5)\FieldPos000 (5)_page_5.png,0,tbf_imgs::FieldPos000,,dataset,val,FieldPos000 (5),tbf_imgs::FieldPos000
tbf_imgs,D:\Dineth\focus_binary_benchmark\dataset\tbf_imgs\unfocused\FieldPos000 (5)\FieldPos000 (5)_page_6.png,0,tbf_imgs::FieldPos000,,dataset,val,FieldPos000 (5),tbf_imgs::FieldPos000
tbf_imgs,D:\Dineth\focus_binary_benchmark\dataset\tbf_imgs\unfocused\FieldPos000 (6)\FieldPos000 (6)_page_1.png,0,tbf_imgs::FieldPos000,,dataset,val,FieldPos000 (6),tbf_imgs::FieldPos000
tbf_imgs,D:\Dineth\focus_binary_benchmark\dataset\tbf_imgs\unfocused\FieldPos000 (6)\FieldPos000 (6)_page_10.png,0,tbf_imgs::FieldPos000,,dataset,val,FieldPos000 (6),tbf_imgs::FieldPos000
tbf_imgs,D:\Dineth\focus_binary_benchmark\dataset\tbf_imgs\unfocused\FieldPos000 (6)\FieldPos000 (6)_page_11.png,0,tbf_imgs::FieldPos000,,dataset,val,FieldPos000 (6),tbf_imgs::FieldPos000
tbf_imgs,D:\Dineth\focus_binary_benchmark\dataset\tbf_imgs\unfocused\FieldPos000 (6)\FieldPos000 (6)_page_12.png,0,tbf_imgs::FieldPos000,,dataset,val,FieldPos000 (6),tbf_imgs::FieldPos000
tbf_imgs,D:\Dineth\focus_binary_benchmark\dataset\tbf_imgs\unfocused\FieldPos000 (6)\FieldPos000 (6)_page_13.png,0,tbf_imgs::FieldPos000,,dataset,val,FieldPos000 (6),tbf_imgs::FieldPos000
tbf_imgs,D:\Dineth\focus_binary_benchmark\dataset\tbf_imgs\unfocused\FieldPos000 (6)\FieldPos000 (6)_page_14.png,0,tbf_imgs::FieldPos000,,dataset,val,FieldPos000 (6),tbf_imgs::FieldPos000
tbf_imgs,D:\Dineth\focus_binary_benchmark\dataset\tbf_imgs\unfocused\FieldPos000 (6)\FieldPos000 (6)_page_2.png,0,tbf_imgs::FieldPos000,,dataset,val,FieldPos000 (6),tbf_imgs::FieldPos000
tbf_imgs,D:\Dineth\focus_binary_benchmark\dataset\tbf_imgs\unfocused\FieldPos000 (6)\FieldPos000 (6)_page_3.png,0,tbf_imgs::FieldPos000,,dataset,val,FieldPos000 (6),tbf_imgs::FieldPos000
tbf_imgs,D:\Dineth\focus_binary_benchmark\dataset\tbf_imgs\unfocused\FieldPos000 (6)\FieldPos000 (6)_page_4.png,0,tbf_imgs::FieldPos000,,dataset,val,FieldPos000 (6),tbf_imgs::FieldPos000
tbf_imgs,D:\Dineth\focus_binary_benchmark\dataset\tbf_imgs\unfocused\FieldPos000 (6)\FieldPos000 (6)_page_5.png,0,tbf_imgs::FieldPos000,,dataset,val,FieldPos000 (6),tbf_imgs::FieldPos000
tbf_imgs,D:\Dineth\focus_binary_benchmark\dataset\tbf_imgs\unfocused\FieldPos000 (6)\FieldPos000 (6)_page_9.png,0,tbf_imgs::FieldPos000,,dataset,val,FieldPos000 (6),tbf_imgs::FieldPos000
tbf_imgs,D:\Dineth\focus_binary_benchmark\dataset\tbf_imgs\unfocused\FieldPos001\FieldPos001_page_1.png,0,tbf_imgs::FieldPos001,,dataset,train,FieldPos001,tbf_imgs::FieldPos001
tbf_imgs,D:\Dineth\focus_binary_benchmark\dataset\tbf_imgs\unfocused\FieldPos001\FieldPos001_page_10.png,0,tbf_imgs::FieldPos001,,dataset,train,FieldPos001,tbf_imgs::FieldPos001
tbf_imgs,D:\Dineth\focus_binary_benchmark\dataset\tbf_imgs\unfocused\FieldPos001\FieldPos001_page_11.png,0,tbf_imgs::FieldPos001,,dataset,train,FieldPos001,tbf_imgs::FieldPos001
tbf_imgs,D:\Dineth\focus_binary_benchmark\dataset\tbf_imgs\unfocused\FieldPos001\FieldPos001_page_12.png,0,tbf_imgs::FieldPos001,,dataset,train,FieldPos001,tbf_imgs::FieldPos001
tbf_imgs,D:\Dineth\focus_binary_benchmark\dataset\tbf_imgs\unfocused\FieldPos001\FieldPos001_page_13.png,0,tbf_imgs::FieldPos001,,dataset,train,FieldPos001,tbf_imgs::FieldPos001
tbf_imgs,D:\Dineth\focus_binary_benchmark\dataset\tbf_imgs\unfocused\FieldPos001\FieldPos001_page_14.png,0,tbf_imgs::FieldPos001,,dataset,train,FieldPos001,tbf_imgs::FieldPos001
tbf_imgs,D:\Dineth\focus_binary_benchmark\dataset\tbf_imgs\unfocused\FieldPos001\FieldPos001_page_2.png,0,tbf_imgs::FieldPos001,,dataset,train,FieldPos001,tbf_imgs::FieldPos001
tbf_imgs,D:\Dineth\focus_binary_benchmark\dataset\tbf_imgs\unfocused\FieldPos001\FieldPos001_page_3.png,0,tbf_imgs::FieldPos001,,dataset,train,FieldPos001,tbf_imgs::FieldPos001
tbf_imgs,D:\Dineth\focus_binary_benchmark\dataset\tbf_imgs\unfocused\FieldPos001\FieldPos001_page_7.png,0,tbf_imgs::FieldPos001,,dataset,train,FieldPos001,tbf_imgs::FieldPos001
tbf_imgs,D:\Dineth\focus_binary_benchmark\dataset\tbf_imgs\unfocused\FieldPos001\FieldPos001_page_8.png,0,tbf_imgs::FieldPos001,,dataset,train,FieldPos001,tbf_imgs::FieldPos001
tbf_imgs,D:\Dineth\focus_binary_benchmark\dataset\tbf_imgs\unfocused\FieldPos001\FieldPos001_page_9.png,0,tbf_imgs::FieldPos001,,dataset,train,FieldPos001,tbf_imgs::FieldPos001
tbf_imgs,D:\Dineth\focus_binary_benchmark\dataset\tbf_imgs\unfocused\FieldPos001 (2)\FieldPos001 (2)_page_1.png,0,tbf_imgs::FieldPos001,,dataset,train,FieldPos001 (2),tbf_imgs::FieldPos001
tbf_imgs,D:\Dineth\focus_binary_benchmark\dataset\tbf_imgs\unfocused\FieldPos001 (2)\FieldPos001 (2)_page_10.png,0,tbf_imgs::FieldPos001,,dataset,train,FieldPos001 (2),tbf_imgs::FieldPos001
tbf_imgs,D:\Dineth\focus_binary_benchmark\dataset\tbf_imgs\unfocused\FieldPos001 (2)\FieldPos001 (2)_page_11.png,0,tbf_imgs::FieldPos001,,dataset,train,FieldPos001 (2),tbf_imgs::FieldPos001
tbf_imgs,D:\Dineth\focus_binary_benchmark\dataset\tbf_imgs\unfocused\FieldPos001 (2)\FieldPos001 (2)_page_12.png,0,tbf_imgs::FieldPos001,,dataset,train,FieldPos001 (2),tbf_imgs::FieldPos001
tbf_imgs,D:\Dineth\focus_binary_benchmark\dataset\tbf_imgs\unfocused\FieldPos001 (2)\FieldPos001 (2)_page_13.png,0,tbf_imgs::FieldPos001,,dataset,train,FieldPos001 (2),tbf_imgs::FieldPos001
tbf_imgs,D:\Dineth\focus_binary_benchmark\dataset\tbf_imgs\unfocused\FieldPos001 (2)\FieldPos001 (2)_page_14.png,0,tbf_imgs::FieldPos001,,dataset,train,FieldPos001 (2),tbf_imgs::FieldPos001
tbf_imgs,D:\Dineth\focus_binary_benchmark\dataset\tbf_imgs\unfocused\FieldPos001 (2)\FieldPos001 (2)_page_2.png,0,tbf_imgs::FieldPos001,,dataset,train,FieldPos001 (2),tbf_imgs::FieldPos001
tbf_imgs,D:\Dineth\focus_binary_benchmark\dataset\tbf_imgs\unfocused\FieldPos001 (2)\FieldPos001 (2)_page_3.png,0,tbf_imgs::FieldPos001,,dataset,train,FieldPos001 (2),tbf_imgs::FieldPos001
tbf_imgs,D:\Dineth\focus_binary_benchmark\dataset\tbf_imgs\unfocused\FieldPos001 (2)\FieldPos001 (2)_page_4.png,0,tbf_imgs::FieldPos001,,dataset,train,FieldPos001 (2),tbf_imgs::FieldPos001
tbf_imgs,D:\Dineth\focus_binary_benchmark\dataset\tbf_imgs\unfocused\FieldPos001 (2)\FieldPos001 (2)_page_5.png,0,tbf_imgs::FieldPos001,,dataset,train,FieldPos001 (2),tbf_imgs::FieldPos001
tbf_imgs,D:\Dineth\focus_binary_benchmark\dataset\tbf_imgs\unfocused\FieldPos001 (2)\FieldPos001 (2)_page_6.png,0,tbf_imgs::FieldPos001,,dataset,train,FieldPos001 (2),tbf_imgs::FieldPos001
tbf_imgs,D:\Dineth\focus_binary_benchmark\dataset\tbf_imgs\unfocused\FieldPos001 (3)\FieldPos001 (3)_page_1.png,0,tbf_imgs::FieldPos001,,dataset,train,FieldPos001 (3),tbf_imgs::FieldPos001
tbf_imgs,D:\Dineth\focus_binary_benchmark\dataset\tbf_imgs\unfocused\FieldPos001 (3)\FieldPos001 (3)_page_10.png,0,tbf_imgs::FieldPos001,,dataset,train,FieldPos001 (3),tbf_imgs::FieldPos001
tbf_imgs,D:\Dineth\focus_binary_benchmark\dataset\tbf_imgs\unfocused\FieldPos001 (3)\FieldPos001 (3)_page_11.png,0,tbf_imgs::FieldPos001,,dataset,train,FieldPos001 (3),tbf_imgs::FieldPos001
tbf_imgs,D:\Dineth\focus_binary_benchmark\dataset\tbf_imgs\unfocused\FieldPos001 (3)\FieldPos001 (3)_page_12.png,0,tbf_imgs::FieldPos001,,dataset,train,FieldPos001 (3),tbf_imgs::FieldPos001
tbf_imgs,D:\Dineth\focus_binary_benchmark\dataset\tbf_imgs\unfocused\FieldPos001 (3)\FieldPos001 (3)_page_13.png,0,tbf_imgs::FieldPos001,,dataset,train,FieldPos001 (3),tbf_imgs::FieldPos001
tbf_imgs,D:\Dineth\focus_binary_benchmark\dataset\tbf_imgs\unfocused\FieldPos001 (3)\FieldPos001 (3)_page_14.png,0,tbf_imgs::FieldPos001,,dataset,train,FieldPos001 (3),tbf_imgs::FieldPos001
tbf_imgs,D:\Dineth\focus_binary_benchmark\dataset\tbf_imgs\unfocused\FieldPos001 (3)\FieldPos001 (3)_page_2.png,0,tbf_imgs::FieldPos001,,dataset,train,FieldPos001 (3),tbf_imgs::FieldPos001
tbf_imgs,D:\Dineth\focus_binary_benchmark\dataset\tbf_imgs\unfocused\FieldPos001 (3)\FieldPos001 (3)_page_3.png,0,tbf_imgs::FieldPos001,,dataset,train,FieldPos001 (3),tbf_imgs::FieldPos001
tbf_imgs,D:\Dineth\focus_binary_benchmark\dataset\tbf_imgs\unfocused\FieldPos001 (3)\FieldPos001 (3)_page_4.png,0,tbf_imgs::FieldPos001,,dataset,train,FieldPos001 (3),tbf_imgs::FieldPos001
tbf_imgs,D:\Dineth\focus_binary_benchmark\dataset\tbf_imgs\unfocused\FieldPos001 (3)\FieldPos001 (3)_page_5.png,0,tbf_imgs::FieldPos001,,dataset,train,FieldPos001 (3),tbf_imgs::FieldPos001
tbf_imgs,D:\Dineth\focus_binary_benchmark\dataset\tbf_imgs\unfocused\FieldPos001 (3)\FieldPos001 (3)_page_6.png,0,tbf_imgs::FieldPos001,,dataset,train,FieldPos001 (3),tbf_imgs::FieldPos001
tbf_imgs,D:\Dineth\focus_binary_benchmark\dataset\tbf_imgs\unfocused\FieldPos001 (4)\FieldPos001 (4)_page_1.png,0,tbf_imgs::FieldPos001,,dataset,train,FieldPos001 (4),tbf_imgs::FieldPos001
tbf_imgs,D:\Dineth\focus_binary_benchmark\dataset\tbf_imgs\unfocused\FieldPos001 (4)\FieldPos001 (4)_page_10.png,0,tbf_imgs::FieldPos001,,dataset,train,FieldPos001 (4),tbf_imgs::FieldPos001
tbf_imgs,D:\Dineth\focus_binary_benchmark\dataset\tbf_imgs\unfocused\FieldPos001 (4)\FieldPos001 (4)_page_11.png,0,tbf_imgs::FieldPos001,,dataset,train,FieldPos001 (4),tbf_imgs::FieldPos001
tbf_imgs,D:\Dineth\focus_binary_benchmark\dataset\tbf_imgs\unfocused\FieldPos001 (4)\FieldPos001 (4)_page_12.png,0,tbf_imgs::FieldPos001,,dataset,train,FieldPos001 (4),tbf_imgs::FieldPos001
tbf_imgs,D:\Dineth\focus_binary_benchmark\dataset\tbf_imgs\unfocused\FieldPos001 (4)\FieldPos001 (4)_page_13.png,0,tbf_imgs::FieldPos001,,dataset,train,FieldPos001 (4),tbf_imgs::FieldPos001
tbf_imgs,D:\Dineth\focus_binary_benchmark\dataset\tbf_imgs\unfocused\FieldPos001 (4)\FieldPos001 (4)_page_14.png,0,tbf_imgs::FieldPos001,,dataset,train,FieldPos001 (4),tbf_imgs::FieldPos001
tbf_imgs,D:\Dineth\focus_binary_benchmark\dataset\tbf_imgs\unfocused\FieldPos001 (4)\FieldPos001 (4)_page_2.png,0,tbf_imgs::FieldPos001,,dataset,train,FieldPos001 (4),tbf_imgs::FieldPos001
tbf_imgs,D:\Dineth\focus_binary_benchmark\dataset\tbf_imgs\unfocused\FieldPos001 (4)\FieldPos001 (4)_page_3.png,0,tbf_imgs::FieldPos001,,dataset,train,FieldPos001 (4),tbf_imgs::FieldPos001
tbf_imgs,D:\Dineth\focus_binary_benchmark\dataset\tbf_imgs\unfocused\FieldPos001 (4)\FieldPos001 (4)_page_4.png,0,tbf_imgs::FieldPos001,,dataset,train,FieldPos001 (4),tbf_imgs::FieldPos001
tbf_imgs,D:\Dineth\focus_binary_benchmark\dataset\tbf_imgs\unfocused\FieldPos001 (4)\FieldPos001 (4)_page_5.png,0,tbf_imgs::FieldPos001,,dataset,train,FieldPos001 (4),tbf_imgs::FieldPos001
tbf_imgs,D:\Dineth\focus_binary_benchmark\dataset\tbf_imgs\unfocused\FieldPos001 (4)\FieldPos001 (4)_page_9.png,0,tbf_imgs::FieldPos001,,dataset,train,FieldPos001 (4),tbf_imgs::FieldPos001
tbf_imgs,D:\Dineth\focus_binary_benchmark\dataset\tbf_imgs\unfocused\FieldPos001 (5)\FieldPos001 (5)_page_1.png,0,tbf_imgs::FieldPos001,,dataset,train,FieldPos001 (5),tbf_imgs::FieldPos001
tbf_imgs,D:\Dineth\focus_binary_benchmark\dataset\tbf_imgs\unfocused\FieldPos001 (5)\FieldPos001 (5)_page_10.png,0,tbf_imgs::FieldPos001,,dataset,train,FieldPos001 (5),tbf_imgs::FieldPos001
tbf_imgs,D:\Dineth\focus_binary_benchmark\dataset\tbf_imgs\unfocused\FieldPos001 (5)\FieldPos001 (5)_page_11.png,0,tbf_imgs::FieldPos001,,dataset,train,FieldPos001 (5),tbf_imgs::FieldPos001
tbf_imgs,D:\Dineth\focus_binary_benchmark\dataset\tbf_imgs\unfocused\FieldPos001 (5)\FieldPos001 (5)_page_12.png,0,tbf_imgs::FieldPos001,,dataset,train,FieldPos001 (5),tbf_imgs::FieldPos001
tbf_imgs,D:\Dineth\focus_binary_benchmark\dataset\tbf_imgs\unfocused\FieldPos001 (5)\FieldPos001 (5)_page_13.png,0,tbf_imgs::FieldPos001,,dataset,train,FieldPos001 (5),tbf_imgs::FieldPos001
tbf_imgs,D:\Dineth\focus_binary_benchmark\dataset\tbf_imgs\unfocused\FieldPos001 (5)\FieldPos001 (5)_page_14.png,0,tbf_imgs::FieldPos001,,dataset,train,FieldPos001 (5),tbf_imgs::FieldPos001
tbf_imgs,D:\Dineth\focus_binary_benchmark\dataset\tbf_imgs\unfocused\FieldPos001 (5)\FieldPos001 (5)_page_2.png,0,tbf_imgs::FieldPos001,,dataset,train,FieldPos001 (5),tbf_imgs::FieldPos001
tbf_imgs,D:\Dineth\focus_binary_benchmark\dataset\tbf_imgs\unfocused\FieldPos001 (5)\FieldPos001 (5)_page_3.png,0,tbf_imgs::FieldPos001,,dataset,train,FieldPos001 (5),tbf_imgs::FieldPos001
tbf_imgs,D:\Dineth\focus_binary_benchmark\dataset\tbf_imgs\unfocused\FieldPos001 (5)\FieldPos001 (5)_page_4.png,0,tbf_imgs::FieldPos001,,dataset,train,FieldPos001 (5),tbf_imgs::FieldPos001
tbf_imgs,D:\Dineth\focus_binary_benchmark\dataset\tbf_imgs\unfocused\FieldPos001 (5)\FieldPos001 (5)_page_5.png,0,tbf_imgs::FieldPos001,,dataset,train,FieldPos001 (5),tbf_imgs::FieldPos001
tbf_imgs,D:\Dineth\focus_binary_benchmark\dataset\tbf_imgs\unfocused\FieldPos001 (5)\FieldPos001 (5)_page_6.png,0,tbf_imgs::FieldPos001,,dataset,train,FieldPos001 (5),tbf_imgs::FieldPos001
tbf_imgs,D:\Dineth\focus_binary_benchmark\dataset\tbf_imgs\unfocused\FieldPos001 (6)\FieldPos001 (6)_page_1.png,0,tbf_imgs::FieldPos001,,dataset,train,FieldPos001 (6),tbf_imgs::FieldPos001
tbf_imgs,D:\Dineth\focus_binary_benchmark\dataset\tbf_imgs\unfocused\FieldPos001 (6)\FieldPos001 (6)_page_10.png,0,tbf_imgs::FieldPos001,,dataset,train,FieldPos001 (6),tbf_imgs::FieldPos001
tbf_imgs,D:\Dineth\focus_binary_benchmark\dataset\tbf_imgs\unfocused\FieldPos001 (6)\FieldPos001 (6)_page_11.png,0,tbf_imgs::FieldPos001,,dataset,train,FieldPos001 (6),tbf_imgs::FieldPos001
tbf_imgs,D:\Dineth\focus_binary_benchmark\dataset\tbf_imgs\unfocused\FieldPos001 (6)\FieldPos001 (6)_page_12.png,0,tbf_imgs::FieldPos001,,dataset,train,FieldPos001 (6),tbf_imgs::FieldPos001
tbf_imgs,D:\Dineth\focus_binary_benchmark\dataset\tbf_imgs\unfocused\FieldPos001 (6)\FieldPos001 (6)_page_13.png,0,tbf_imgs::FieldPos001,,dataset,train,FieldPos001 (6),tbf_imgs::FieldPos001
tbf_imgs,D:\Dineth\focus_binary_benchmark\dataset\tbf_imgs\unfocused\FieldPos001 (6)\FieldPos001 (6)_page_14.png,0,tbf_imgs::FieldPos001,,dataset,train,FieldPos001 (6),tbf_imgs::FieldPos001
tbf_imgs,D:\Dineth\focus_binary_benchmark\dataset\tbf_imgs\unfocused\FieldPos001 (6)\FieldPos001 (6)_page_2.png,0,tbf_imgs::FieldPos001,,dataset,train,FieldPos001 (6),tbf_imgs::FieldPos001
tbf_imgs,D:\Dineth\focus_binary_benchmark\dataset\tbf_imgs\unfocused\FieldPos001 (6)\FieldPos001 (6)_page_3.png,0,tbf_imgs::FieldPos001,,dataset,train,FieldPos001 (6),tbf_imgs::FieldPos001
tbf_imgs,D:\Dineth\focus_binary_benchmark\dataset\tbf_imgs\unfocused\FieldPos001 (6)\FieldPos001 (6)_page_4.png,0,tbf_imgs::FieldPos001,,dataset,train,FieldPos001 (6),tbf_imgs::FieldPos001
tbf_imgs,D:\Dineth\focus_binary_benchmark\dataset\tbf_imgs\unfocused\FieldPos001 (6)\FieldPos001 (6)_page_5.png,0,tbf_imgs::FieldPos001,,dataset,train,FieldPos001 (6),tbf_imgs::FieldPos001
tbf_imgs,D:\Dineth\focus_binary_benchmark\dataset\tbf_imgs\unfocused\FieldPos001 (6)\FieldPos001 (6)_page_9.png,0,tbf_imgs::FieldPos001,,dataset,train,FieldPos001 (6),tbf_imgs::FieldPos001
tbf_imgs,D:\Dineth\focus_binary_benchmark\dataset\tbf_imgs\unfocused\FieldPos001 (7)\FieldPos001 (7)_page_1.png,0,tbf_imgs::FieldPos001,,dataset,train,FieldPos001 (7),tbf_imgs::FieldPos001
tbf_imgs,D:\Dineth\focus_binary_benchmark\dataset\tbf_imgs\unfocused\FieldPos001 (7)\FieldPos001 (7)_page_10.png,0,tbf_imgs::FieldPos001,,dataset,train,FieldPos001 (7),tbf_imgs::FieldPos001
tbf_imgs,D:\Dineth\focus_binary_benchmark\dataset\tbf_imgs\unfocused\FieldPos001 (7)\FieldPos001 (7)_page_11.png,0,tbf_imgs::FieldPos001,,dataset,train,FieldPos001 (7),tbf_imgs::FieldPos001
tbf_imgs,D:\Dineth\focus_binary_benchmark\dataset\tbf_imgs\unfocused\FieldPos001 (7)\FieldPos001 (7)_page_12.png,0,tbf_imgs::FieldPos001,,dataset,train,FieldPos001 (7),tbf_imgs::FieldPos001
tbf_imgs,D:\Dineth\focus_binary_benchmark\dataset\tbf_imgs\unfocused\FieldPos001 (7)\FieldPos001 (7)_page_13.png,0,tbf_imgs::FieldPos001,,dataset,train,FieldPos001 (7),tbf_imgs::FieldPos001
tbf_imgs,D:\Dineth\focus_binary_benchmark\dataset\tbf_imgs\unfocused\FieldPos001 (7)\FieldPos001 (7)_page_14.png,0,tbf_imgs::FieldPos001,,dataset,train,FieldPos001 (7),tbf_imgs::FieldPos001
tbf_imgs,D:\Dineth\focus_binary_benchmark\dataset\tbf_imgs\unfocused\FieldPos001 (7)\FieldPos001 (7)_page_2.png,0,tbf_imgs::FieldPos001,,dataset,train,FieldPos001 (7),tbf_imgs::FieldPos001
tbf_imgs,D:\Dineth\focus_binary_benchmark\dataset\tbf_imgs\unfocused\FieldPos001 (7)\FieldPos001 (7)_page_3.png,0,tbf_imgs::FieldPos001,,dataset,train,FieldPos001 (7),tbf_imgs::FieldPos001
tbf_imgs,D:\Dineth\focus_binary_benchmark\dataset\tbf_imgs\unfocused\FieldPos001 (7)\FieldPos001 (7)_page_4.png,0,tbf_imgs::FieldPos001,,dataset,train,FieldPos001 (7),tbf_imgs::FieldPos001
tbf_imgs,D:\Dineth\focus_binary_benchmark\dataset\tbf_imgs\unfocused\FieldPos001 (7)\FieldPos001 (7)_page_5.png,0,tbf_imgs::FieldPos001,,dataset,train,FieldPos001 (7),tbf_imgs::FieldPos001
tbf_imgs,D:\Dineth\focus_binary_benchmark\dataset\tbf_imgs\unfocused\FieldPos001 (7)\FieldPos001 (7)_page_9.png,0,tbf_imgs::FieldPos001,,dataset,train,FieldPos001 (7),tbf_imgs::FieldPos001
tbf_imgs,D:\Dineth\focus_binary_benchmark\dataset\tbf_imgs\unfocused\FieldPos002\FieldPos002_page_1.png,0,tbf_imgs::FieldPos002,,dataset,val,FieldPos002,tbf_imgs::FieldPos002
tbf_imgs,D:\Dineth\focus_binary_benchmark\dataset\tbf_imgs\unfocused\FieldPos002\FieldPos002_page_10.png,0,tbf_imgs::FieldPos002,,dataset,val,FieldPos002,tbf_imgs::FieldPos002
tbf_imgs,D:\Dineth\focus_binary_benchmark\dataset\tbf_imgs\unfocused\FieldPos002\FieldPos002_page_11.png,0,tbf_imgs::FieldPos002,,dataset,val,FieldPos002,tbf_imgs::FieldPos002
tbf_imgs,D:\Dineth\focus_binary_benchmark\dataset\tbf_imgs\unfocused\FieldPos002\FieldPos002_page_12.png,0,tbf_imgs::FieldPos002,,dataset,val,FieldPos002,tbf_imgs::FieldPos002
tbf_imgs,D:\Dineth\focus_binary_benchmark\dataset\tbf_imgs\unfocused\FieldPos002\FieldPos002_page_13.png,0,tbf_imgs::FieldPos002,,dataset,val,FieldPos002,tbf_imgs::FieldPos002
tbf_imgs,D:\Dineth\focus_binary_benchmark\dataset\tbf_imgs\unfocused\FieldPos002\FieldPos002_page_14.png,0,tbf_imgs::FieldPos002,,dataset,val,FieldPos002,tbf_imgs::FieldPos002
tbf_imgs,D:\Dineth\focus_binary_benchmark\dataset\tbf_imgs\unfocused\FieldPos002\FieldPos002_page_2.png,0,tbf_imgs::FieldPos002,,dataset,val,FieldPos002,tbf_imgs::FieldPos002
tbf_imgs,D:\Dineth\focus_binary_benchmark\dataset\tbf_imgs\unfocused\FieldPos002\FieldPos002_page_3.png,0,tbf_imgs::FieldPos002,,dataset,val,FieldPos002,tbf_imgs::FieldPos002
tbf_imgs,D:\Dineth\focus_binary_benchmark\dataset\tbf_imgs\unfocused\FieldPos002\FieldPos002_page_4.png,0,tbf_imgs::FieldPos002,,dataset,val,FieldPos002,tbf_imgs::FieldPos002
tbf_imgs,D:\Dineth\focus_binary_benchmark\dataset\tbf_imgs\unfocused\FieldPos002\FieldPos002_page_8.png,0,tbf_imgs::FieldPos002,,dataset,val,FieldPos002,tbf_imgs::FieldPos002
tbf_imgs,D:\Dineth\focus_binary_benchmark\dataset\tbf_imgs\unfocused\FieldPos002\FieldPos002_page_9.png,0,tbf_imgs::FieldPos002,,dataset,val,FieldPos002,tbf_imgs::FieldPos002
tbf_imgs,D:\Dineth\focus_binary_benchmark\dataset\tbf_imgs\unfocused\FieldPos002 (2)\FieldPos002 (2)_page_1.png,0,tbf_imgs::FieldPos002,,dataset,val,FieldPos002 (2),tbf_imgs::FieldPos002
tbf_imgs,D:\Dineth\focus_binary_benchmark\dataset\tbf_imgs\unfocused\FieldPos002 (2)\FieldPos002 (2)_page_10.png,0,tbf_imgs::FieldPos002,,dataset,val,FieldPos002 (2),tbf_imgs::FieldPos002
tbf_imgs,D:\Dineth\focus_binary_benchmark\dataset\tbf_imgs\unfocused\FieldPos002 (2)\FieldPos002 (2)_page_11.png,0,tbf_imgs::FieldPos002,,dataset,val,FieldPos002 (2),tbf_imgs::FieldPos002
tbf_imgs,D:\Dineth\focus_binary_benchmark\dataset\tbf_imgs\unfocused\FieldPos002 (2)\FieldPos002 (2)_page_12.png,0,tbf_imgs::FieldPos002,,dataset,val,FieldPos002 (2),tbf_imgs::FieldPos002
tbf_imgs,D:\Dineth\focus_binary_benchmark\dataset\tbf_imgs\unfocused\FieldPos002 (2)\FieldPos002 (2)_page_13.png,0,tbf_imgs::FieldPos002,,dataset,val,FieldPos002 (2),tbf_imgs::FieldPos002
tbf_imgs,D:\Dineth\focus_binary_benchmark\dataset\tbf_imgs\unfocused\FieldPos002 (2)\FieldPos002 (2)_page_14.png,0,tbf_imgs::FieldPos002,,dataset,val,FieldPos002 (2),tbf_imgs::FieldPos002
tbf_imgs,D:\Dineth\focus_binary_benchmark\dataset\tbf_imgs\unfocused\FieldPos002 (2)\FieldPos002 (2)_page_2.png,0,tbf_imgs::FieldPos002,,dataset,val,FieldPos002 (2),tbf_imgs::FieldPos002
tbf_imgs,D:\Dineth\focus_binary_benchmark\dataset\tbf_imgs\unfocused\FieldPos002 (2)\FieldPos002 (2)_page_3.png,0,tbf_imgs::FieldPos002,,dataset,val,FieldPos002 (2),tbf_imgs::FieldPos002
tbf_imgs,D:\Dineth\focus_binary_benchmark\dataset\tbf_imgs\unfocused\FieldPos002 (2)\FieldPos002 (2)_page_4.png,0,tbf_imgs::FieldPos002,,dataset,val,FieldPos002 (2),tbf_imgs::FieldPos002
tbf_imgs,D:\Dineth\focus_binary_benchmark\dataset\tbf_imgs\unfocused\FieldPos002 (2)\FieldPos002 (2)_page_5.png,0,tbf_imgs::FieldPos002,,dataset,val,FieldPos002 (2),tbf_imgs::FieldPos002
tbf_imgs,D:\Dineth\focus_binary_benchmark\dataset\tbf_imgs\unfocused\FieldPos002 (2)\FieldPos002 (2)_page_9.png,0,tbf_imgs::FieldPos002,,dataset,val,FieldPos002 (2),tbf_imgs::FieldPos002
tbf_imgs,D:\Dineth\focus_binary_benchmark\dataset\tbf_imgs\unfocused\FieldPos002 (3)\FieldPos002 (3)_page_1.png,0,tbf_imgs::FieldPos002,,dataset,val,FieldPos002 (3),tbf_imgs::FieldPos002
tbf_imgs,D:\Dineth\focus_binary_benchmark\dataset\tbf_imgs\unfocused\FieldPos002 (3)\FieldPos002 (3)_page_10.png,0,tbf_imgs::FieldPos002,,dataset,val,FieldPos002 (3),tbf_imgs::FieldPos002
tbf_imgs,D:\Dineth\focus_binary_benchmark\dataset\tbf_imgs\unfocused\FieldPos002 (3)\FieldPos002 (3)_page_11.png,0,tbf_imgs::FieldPos002,,dataset,val,FieldPos002 (3),tbf_imgs::FieldPos002
tbf_imgs,D:\Dineth\focus_binary_benchmark\dataset\tbf_imgs\unfocused\FieldPos002 (3)\FieldPos002 (3)_page_12.png,0,tbf_imgs::FieldPos002,,dataset,val,FieldPos002 (3),tbf_imgs::FieldPos002
tbf_imgs,D:\Dineth\focus_binary_benchmark\dataset\tbf_imgs\unfocused\FieldPos002 (3)\FieldPos002 (3)_page_13.png,0,tbf_imgs::FieldPos002,,dataset,val,FieldPos002 (3),tbf_imgs::FieldPos002
tbf_imgs,D:\Dineth\focus_binary_benchmark\dataset\tbf_imgs\unfocused\FieldPos002 (3)\FieldPos002 (3)_page_14.png,0,tbf_imgs::FieldPos002,,dataset,val,FieldPos002 (3),tbf_imgs::FieldPos002
tbf_imgs,D:\Dineth\focus_binary_benchmark\dataset\tbf_imgs\unfocused\FieldPos002 (3)\FieldPos002 (3)_page_2.png,0,tbf_imgs::FieldPos002,,dataset,val,FieldPos002 (3),tbf_imgs::FieldPos002
tbf_imgs,D:\Dineth\focus_binary_benchmark\dataset\tbf_imgs\unfocused\FieldPos002 (3)\FieldPos002 (3)_page_3.png,0,tbf_imgs::FieldPos002,,dataset,val,FieldPos002 (3),tbf_imgs::FieldPos002
tbf_imgs,D:\Dineth\focus_binary_benchmark\dataset\tbf_imgs\unfocused\FieldPos002 (3)\FieldPos002 (3)_page_4.png,0,tbf_imgs::FieldPos002,,dataset,val,FieldPos002 (3),tbf_imgs::FieldPos002
tbf_imgs,D:\Dineth\focus_binary_benchmark\dataset\tbf_imgs\unfocused\FieldPos002 (3)\FieldPos002 (3)_page_5.png,0,tbf_imgs::FieldPos002,,dataset,val,FieldPos002 (3),tbf_imgs::FieldPos002
tbf_imgs,D:\Dineth\focus_binary_benchmark\dataset\tbf_imgs\unfocused\FieldPos002 (3)\FieldPos002 (3)_page_6.png,0,tbf_imgs::FieldPos002,,dataset,val,FieldPos002 (3),tbf_imgs::FieldPos002
tbf_imgs,D:\Dineth\focus_binary_benchmark\dataset\tbf_imgs\unfocused\FieldPos002 (4)\FieldPos002 (4)_page_1.png,0,tbf_imgs::FieldPos002,,dataset,val,FieldPos002 (4),tbf_imgs::FieldPos002
tbf_imgs,D:\Dineth\focus_binary_benchmark\dataset\tbf_imgs\unfocused\FieldPos002 (4)\FieldPos002 (4)_page_10.png,0,tbf_imgs::FieldPos002,,dataset,val,FieldPos002 (4),tbf_imgs::FieldPos002
tbf_imgs,D:\Dineth\focus_binary_benchmark\dataset\tbf_imgs\unfocused\FieldPos002 (4)\FieldPos002 (4)_page_11.png,0,tbf_imgs::FieldPos002,,dataset,val,FieldPos002 (4),tbf_imgs::FieldPos002
tbf_imgs,D:\Dineth\focus_binary_benchmark\dataset\tbf_imgs\unfocused\FieldPos002 (4)\FieldPos002 (4)_page_12.png,0,tbf_imgs::FieldPos002,,dataset,val,FieldPos002 (4),tbf_imgs::FieldPos002
tbf_imgs,D:\Dineth\focus_binary_benchmark\dataset\tbf_imgs\unfocused\FieldPos002 (4)\FieldPos002 (4)_page_13.png,0,tbf_imgs::FieldPos002,,dataset,val,FieldPos002 (4),tbf_imgs::FieldPos002
tbf_imgs,D:\Dineth\focus_binary_benchmark\dataset\tbf_imgs\unfocused\FieldPos002 (4)\FieldPos002 (4)_page_14.png,0,tbf_imgs::FieldPos002,,dataset,val,FieldPos002 (4),tbf_imgs::FieldPos002
tbf_imgs,D:\Dineth\focus_binary_benchmark\dataset\tbf_imgs\unfocused\FieldPos002 (4)\FieldPos002 (4)_page_2.png,0,tbf_imgs::FieldPos002,,dataset,val,FieldPos002 (4),tbf_imgs::FieldPos002
tbf_imgs,D:\Dineth\focus_binary_benchmark\dataset\tbf_imgs\unfocused\FieldPos002 (4)\FieldPos002 (4)_page_3.png,0,tbf_imgs::FieldPos002,,dataset,val,FieldPos002 (4),tbf_imgs::FieldPos002
tbf_imgs,D:\Dineth\focus_binary_benchmark\dataset\tbf_imgs\unfocused\FieldPos002 (4)\FieldPos002 (4)_page_4.png,0,tbf_imgs::FieldPos002,,dataset,val,FieldPos002 (4),tbf_imgs::FieldPos002
tbf_imgs,D:\Dineth\focus_binary_benchmark\dataset\tbf_imgs\unfocused\FieldPos002 (4)\FieldPos002 (4)_page_5.png,0,tbf_imgs::FieldPos002,,dataset,val,FieldPos002 (4),tbf_imgs::FieldPos002
tbf_imgs,D:\Dineth\focus_binary_benchmark\dataset\tbf_imgs\unfocused\FieldPos002 (4)\FieldPos002 (4)_page_9.png,0,tbf_imgs::FieldPos002,,dataset,val,FieldPos002 (4),tbf_imgs::FieldPos002
tbf_imgs,D:\Dineth\focus_binary_benchmark\dataset\tbf_imgs\unfocused\FieldPos002 (5)\FieldPos002 (5)_page_1.png,0,tbf_imgs::FieldPos002,,dataset,val,FieldPos002 (5),tbf_imgs::FieldPos002
tbf_imgs,D:\Dineth\focus_binary_benchmark\dataset\tbf_imgs\unfocused\FieldPos002 (5)\FieldPos002 (5)_page_10.png,0,tbf_imgs::FieldPos002,,dataset,val,FieldPos002 (5),tbf_imgs::FieldPos002
tbf_imgs,D:\Dineth\focus_binary_benchmark\dataset\tbf_imgs\unfocused\FieldPos002 (5)\FieldPos002 (5)_page_11.png,0,tbf_imgs::FieldPos002,,dataset,val,FieldPos002 (5),tbf_imgs::FieldPos002
tbf_imgs,D:\Dineth\focus_binary_benchmark\dataset\tbf_imgs\unfocused\FieldPos002 (5)\FieldPos002 (5)_page_12.png,0,tbf_imgs::FieldPos002,,dataset,val,FieldPos002 (5),tbf_imgs::FieldPos002
tbf_imgs,D:\Dineth\focus_binary_benchmark\dataset\tbf_imgs\unfocused\FieldPos002 (5)\FieldPos002 (5)_page_13.png,0,tbf_imgs::FieldPos002,,dataset,val,FieldPos002 (5),tbf_imgs::FieldPos002
tbf_imgs,D:\Dineth\focus_binary_benchmark\dataset\tbf_imgs\unfocused\FieldPos002 (5)\FieldPos002 (5)_page_14.png,0,tbf_imgs::FieldPos002,,dataset,val,FieldPos002 (5),tbf_imgs::FieldPos002
tbf_imgs,D:\Dineth\focus_binary_benchmark\dataset\tbf_imgs\unfocused\FieldPos002 (5)\FieldPos002 (5)_page_2.png,0,tbf_imgs::FieldPos002,,dataset,val,FieldPos002 (5),tbf_imgs::FieldPos002
tbf_imgs,D:\Dineth\focus_binary_benchmark\dataset\tbf_imgs\unfocused\FieldPos002 (5)\FieldPos002 (5)_page_3.png,0,tbf_imgs::FieldPos002,,dataset,val,FieldPos002 (5),tbf_imgs::FieldPos002
tbf_imgs,D:\Dineth\focus_binary_benchmark\dataset\tbf_imgs\unfocused\FieldPos002 (5)\FieldPos002 (5)_page_4.png,0,tbf_imgs::FieldPos002,,dataset,val,FieldPos002 (5),tbf_imgs::FieldPos002
tbf_imgs,D:\Dineth\focus_binary_benchmark\dataset\tbf_imgs\unfocused\FieldPos002 (5)\FieldPos002 (5)_page_5.png,0,tbf_imgs::FieldPos002,,dataset,val,FieldPos002 (5),tbf_imgs::FieldPos002
tbf_imgs,D:\Dineth\focus_binary_benchmark\dataset\tbf_imgs\unfocused\FieldPos002 (5)\FieldPos002 (5)_page_6.png,0,tbf_imgs::FieldPos002,,dataset,val,FieldPos002 (5),tbf_imgs::FieldPos002
tbf_imgs,D:\Dineth\focus_binary_benchmark\dataset\tbf_imgs\unfocused\FieldPos002 (6)\FieldPos002 (6)_page_1.png,0,tbf_imgs::FieldPos002,,dataset,val,FieldPos002 (6),tbf_imgs::FieldPos002
tbf_imgs,D:\Dineth\focus_binary_benchmark\dataset\tbf_imgs\unfocused\FieldPos002 (6)\FieldPos002 (6)_page_10.png,0,tbf_imgs::FieldPos002,,dataset,val,FieldPos002 (6),tbf_imgs::FieldPos002
tbf_imgs,D:\Dineth\focus_binary_benchmark\dataset\tbf_imgs\unfocused\FieldPos002 (6)\FieldPos002 (6)_page_11.png,0,tbf_imgs::FieldPos002,,dataset,val,FieldPos002 (6),tbf_imgs::FieldPos002
tbf_imgs,D:\Dineth\focus_binary_benchmark\dataset\tbf_imgs\unfocused\FieldPos002 (6)\FieldPos002 (6)_page_12.png,0,tbf_imgs::FieldPos002,,dataset,val,FieldPos002 (6),tbf_imgs::FieldPos002
tbf_imgs,D:\Dineth\focus_binary_benchmark\dataset\tbf_imgs\unfocused\FieldPos002 (6)\FieldPos002 (6)_page_13.png,0,tbf_imgs::FieldPos002,,dataset,val,FieldPos002 (6),tbf_imgs::FieldPos002
tbf_imgs,D:\Dineth\focus_binary_benchmark\dataset\tbf_imgs\unfocused\FieldPos002 (6)\FieldPos002 (6)_page_14.png,0,tbf_imgs::FieldPos002,,dataset,val,FieldPos002 (6),tbf_imgs::FieldPos002
tbf_imgs,D:\Dineth\focus_binary_benchmark\dataset\tbf_imgs\unfocused\FieldPos002 (6)\FieldPos002 (6)_page_2.png,0,tbf_imgs::FieldPos002,,dataset,val,FieldPos002 (6),tbf_imgs::FieldPos002
tbf_imgs,D:\Dineth\focus_binary_benchmark\dataset\tbf_imgs\unfocused\FieldPos002 (6)\FieldPos002 (6)_page_3.png,0,tbf_imgs::FieldPos002,,dataset,val,FieldPos002 (6),tbf_imgs::FieldPos002
tbf_imgs,D:\Dineth\focus_binary_benchmark\dataset\tbf_imgs\unfocused\FieldPos002 (6)\FieldPos002 (6)_page_4.png,0,tbf_imgs::FieldPos002,,dataset,val,FieldPos002 (6),tbf_imgs::FieldPos002
tbf_imgs,D:\Dineth\focus_binary_benchmark\dataset\tbf_imgs\unfocused\FieldPos002 (6)\FieldPos002 (6)_page_5.png,0,tbf_imgs::FieldPos002,,dataset,val,FieldPos002 (6),tbf_imgs::FieldPos002
tbf_imgs,D:\Dineth\focus_binary_benchmark\dataset\tbf_imgs\unfocused\FieldPos002 (6)\FieldPos002 (6)_page_6.png,0,tbf_imgs::FieldPos002,,dataset,val,FieldPos002 (6),tbf_imgs::FieldPos002
tbf_imgs,D:\Dineth\focus_binary_benchmark\dataset\tbf_imgs\unfocused\FieldPos003\FieldPos003_page_1.png,0,tbf_imgs::FieldPos003,,dataset,train,FieldPos003,tbf_imgs::FieldPos003
tbf_imgs,D:\Dineth\focus_binary_benchmark\dataset\tbf_imgs\unfocused\FieldPos003\FieldPos003_page_10.png,0,tbf_imgs::FieldPos003,,dataset,train,FieldPos003,tbf_imgs::FieldPos003
tbf_imgs,D:\Dineth\focus_binary_benchmark\dataset\tbf_imgs\unfocused\FieldPos003\FieldPos003_page_11.png,0,tbf_imgs::FieldPos003,,dataset,train,FieldPos003,tbf_imgs::FieldPos003
tbf_imgs,D:\Dineth\focus_binary_benchmark\dataset\tbf_imgs\unfocused\FieldPos003\FieldPos003_page_12.png,0,tbf_imgs::FieldPos003,,dataset,train,FieldPos003,tbf_imgs::FieldPos003
tbf_imgs,D:\Dineth\focus_binary_benchmark\dataset\tbf_imgs\unfocused\FieldPos003\FieldPos003_page_13.png,0,tbf_imgs::FieldPos003,,dataset,train,FieldPos003,tbf_imgs::FieldPos003
tbf_imgs,D:\Dineth\focus_binary_benchmark\dataset\tbf_imgs\unfocused\FieldPos003\FieldPos003_page_14.png,0,tbf_imgs::FieldPos003,,dataset,train,FieldPos003,tbf_imgs::FieldPos003
tbf_imgs,D:\Dineth\focus_binary_benchmark\dataset\tbf_imgs\unfocused\FieldPos003\FieldPos003_page_2.png,0,tbf_imgs::FieldPos003,,dataset,train,FieldPos003,tbf_imgs::FieldPos003
tbf_imgs,D:\Dineth\focus_binary_benchmark\dataset\tbf_imgs\unfocused\FieldPos003\FieldPos003_page_3.png,0,tbf_imgs::FieldPos003,,dataset,train,FieldPos003,tbf_imgs::FieldPos003
tbf_imgs,D:\Dineth\focus_binary_benchmark\dataset\tbf_imgs\unfocused\FieldPos003\FieldPos003_page_4.png,0,tbf_imgs::FieldPos003,,dataset,train,FieldPos003,tbf_imgs::FieldPos003
tbf_imgs,D:\Dineth\focus_binary_benchmark\dataset\tbf_imgs\unfocused\FieldPos003\FieldPos003_page_8.png,0,tbf_imgs::FieldPos003,,dataset,train,FieldPos003,tbf_imgs::FieldPos003
tbf_imgs,D:\Dineth\focus_binary_benchmark\dataset\tbf_imgs\unfocused\FieldPos003\FieldPos003_page_9.png,0,tbf_imgs::FieldPos003,,dataset,train,FieldPos003,tbf_imgs::FieldPos003
tbf_imgs,D:\Dineth\focus_binary_benchmark\dataset\tbf_imgs\unfocused\FieldPos003 (2)\FieldPos003 (2)_page_1.png,0,tbf_imgs::FieldPos003,,dataset,train,FieldPos003 (2),tbf_imgs::FieldPos003
tbf_imgs,D:\Dineth\focus_binary_benchmark\dataset\tbf_imgs\unfocused\FieldPos003 (2)\FieldPos003 (2)_page_10.png,0,tbf_imgs::FieldPos003,,dataset,train,FieldPos003 (2),tbf_imgs::FieldPos003
tbf_imgs,D:\Dineth\focus_binary_benchmark\dataset\tbf_imgs\unfocused\FieldPos003 (2)\FieldPos003 (2)_page_11.png,0,tbf_imgs::FieldPos003,,dataset,train,FieldPos003 (2),tbf_imgs::FieldPos003
tbf_imgs,D:\Dineth\focus_binary_benchmark\dataset\tbf_imgs\unfocused\FieldPos003 (2)\FieldPos003 (2)_page_12.png,0,tbf_imgs::FieldPos003,,dataset,train,FieldPos003 (2),tbf_imgs::FieldPos003
tbf_imgs,D:\Dineth\focus_binary_benchmark\dataset\tbf_imgs\unfocused\FieldPos003 (2)\FieldPos003 (2)_page_13.png,0,tbf_imgs::FieldPos003,,dataset,train,FieldPos003 (2),tbf_imgs::FieldPos003
tbf_imgs,D:\Dineth\focus_binary_benchmark\dataset\tbf_imgs\unfocused\FieldPos003 (2)\FieldPos003 (2)_page_14.png,0,tbf_imgs::FieldPos003,,dataset,train,FieldPos003 (2),tbf_imgs::FieldPos003
tbf_imgs,D:\Dineth\focus_binary_benchmark\dataset\tbf_imgs\unfocused\FieldPos003 (2)\FieldPos003 (2)_page_2.png,0,tbf_imgs::FieldPos003,,dataset,train,FieldPos003 (2),tbf_imgs::FieldPos003
tbf_imgs,D:\Dineth\focus_binary_benchmark\dataset\tbf_imgs\unfocused\FieldPos003 (2)\FieldPos003 (2)_page_3.png,0,tbf_imgs::FieldPos003,,dataset,train,FieldPos003 (2),tbf_imgs::FieldPos003
tbf_imgs,D:\Dineth\focus_binary_benchmark\dataset\tbf_imgs\unfocused\FieldPos003 (2)\FieldPos003 (2)_page_4.png,0,tbf_imgs::FieldPos003,,dataset,train,FieldPos003 (2),tbf_imgs::FieldPos003
tbf_imgs,D:\Dineth\focus_binary_benchmark\dataset\tbf_imgs\unfocused\FieldPos003 (2)\FieldPos003 (2)_page_8.png,0,tbf_imgs::FieldPos003,,dataset,train,FieldPos003 (2),tbf_imgs::FieldPos003
tbf_imgs,D:\Dineth\focus_binary_benchmark\dataset\tbf_imgs\unfocused\FieldPos003 (2)\FieldPos003 (2)_page_9.png,0,tbf_imgs::FieldPos003,,dataset,train,FieldPos003 (2),tbf_imgs::FieldPos003
tbf_imgs,D:\Dineth\focus_binary_benchmark\dataset\tbf_imgs\unfocused\FieldPos003 (3)\FieldPos003 (3)_page_1.png,0,tbf_imgs::FieldPos003,,dataset,train,FieldPos003 (3),tbf_imgs::FieldPos003
tbf_imgs,D:\Dineth\focus_binary_benchmark\dataset\tbf_imgs\unfocused\FieldPos003 (3)\FieldPos003 (3)_page_10.png,0,tbf_imgs::FieldPos003,,dataset,train,FieldPos003 (3),tbf_imgs::FieldPos003
tbf_imgs,D:\Dineth\focus_binary_benchmark\dataset\tbf_imgs\unfocused\FieldPos003 (3)\FieldPos003 (3)_page_11.png,0,tbf_imgs::FieldPos003,,dataset,train,FieldPos003 (3),tbf_imgs::FieldPos003
tbf_imgs,D:\Dineth\focus_binary_benchmark\dataset\tbf_imgs\unfocused\FieldPos003 (3)\FieldPos003 (3)_page_12.png,0,tbf_imgs::FieldPos003,,dataset,train,FieldPos003 (3),tbf_imgs::FieldPos003
tbf_imgs,D:\Dineth\focus_binary_benchmark\dataset\tbf_imgs\unfocused\FieldPos003 (3)\FieldPos003 (3)_page_13.png,0,tbf_imgs::FieldPos003,,dataset,train,FieldPos003 (3),tbf_imgs::FieldPos003
tbf_imgs,D:\Dineth\focus_binary_benchmark\dataset\tbf_imgs\unfocused\FieldPos003 (3)\FieldPos003 (3)_page_14.png,0,tbf_imgs::FieldPos003,,dataset,train,FieldPos003 (3),tbf_imgs::FieldPos003
tbf_imgs,D:\Dineth\focus_binary_benchmark\dataset\tbf_imgs\unfocused\FieldPos003 (3)\FieldPos003 (3)_page_2.png,0,tbf_imgs::FieldPos003,,dataset,train,FieldPos003 (3),tbf_imgs::FieldPos003
tbf_imgs,D:\Dineth\focus_binary_benchmark\dataset\tbf_imgs\unfocused\FieldPos003 (3)\FieldPos003 (3)_page_3.png,0,tbf_imgs::FieldPos003,,dataset,train,FieldPos003 (3),tbf_imgs::FieldPos003
tbf_imgs,D:\Dineth\focus_binary_benchmark\dataset\tbf_imgs\unfocused\FieldPos003 (3)\FieldPos003 (3)_page_4.png,0,tbf_imgs::FieldPos003,,dataset,train,FieldPos003 (3),tbf_imgs::FieldPos003
tbf_imgs,D:\Dineth\focus_binary_benchmark\dataset\tbf_imgs\unfocused\FieldPos003 (3)\FieldPos003 (3)_page_5.png,0,tbf_imgs::FieldPos003,,dataset,train,FieldPos003 (3),tbf_imgs::FieldPos003
tbf_imgs,D:\Dineth\focus_binary_benchmark\dataset\tbf_imgs\unfocused\FieldPos003 (3)\FieldPos003 (3)_page_9.png,0,tbf_imgs::FieldPos003,,dataset,train,FieldPos003 (3),tbf_imgs::FieldPos003
tbf_imgs,D:\Dineth\focus_binary_benchmark\dataset\tbf_imgs\unfocused\FieldPos003 (4)\FieldPos003 (4)_page_1.png,0,tbf_imgs::FieldPos003,,dataset,train,FieldPos003 (4),tbf_imgs::FieldPos003
tbf_imgs,D:\Dineth\focus_binary_benchmark\dataset\tbf_imgs\unfocused\FieldPos003 (4)\FieldPos003 (4)_page_10.png,0,tbf_imgs::FieldPos003,,dataset,train,FieldPos003 (4),tbf_imgs::FieldPos003
tbf_imgs,D:\Dineth\focus_binary_benchmark\dataset\tbf_imgs\unfocused\FieldPos003 (4)\FieldPos003 (4)_page_11.png,0,tbf_imgs::FieldPos003,,dataset,train,FieldPos003 (4),tbf_imgs::FieldPos003
tbf_imgs,D:\Dineth\focus_binary_benchmark\dataset\tbf_imgs\unfocused\FieldPos003 (4)\FieldPos003 (4)_page_12.png,0,tbf_imgs::FieldPos003,,dataset,train,FieldPos003 (4),tbf_imgs::FieldPos003
tbf_imgs,D:\Dineth\focus_binary_benchmark\dataset\tbf_imgs\unfocused\FieldPos003 (4)\FieldPos003 (4)_page_13.png,0,tbf_imgs::FieldPos003,,dataset,train,FieldPos003 (4),tbf_imgs::FieldPos003
tbf_imgs,D:\Dineth\focus_binary_benchmark\dataset\tbf_imgs\unfocused\FieldPos003 (4)\FieldPos003 (4)_page_14.png,0,tbf_imgs::FieldPos003,,dataset,train,FieldPos003 (4),tbf_imgs::FieldPos003
tbf_imgs,D:\Dineth\focus_binary_benchmark\dataset\tbf_imgs\unfocused\FieldPos003 (4)\FieldPos003 (4)_page_2.png,0,tbf_imgs::FieldPos003,,dataset,train,FieldPos003 (4),tbf_imgs::FieldPos003
tbf_imgs,D:\Dineth\focus_binary_benchmark\dataset\tbf_imgs\unfocused\FieldPos003 (4)\FieldPos003 (4)_page_3.png,0,tbf_imgs::FieldPos003,,dataset,train,FieldPos003 (4),tbf_imgs::FieldPos003
tbf_imgs,D:\Dineth\focus_binary_benchmark\dataset\tbf_imgs\unfocused\FieldPos003 (4)\FieldPos003 (4)_page_4.png,0,tbf_imgs::FieldPos003,,dataset,train,FieldPos003 (4),tbf_imgs::FieldPos003
tbf_imgs,D:\Dineth\focus_binary_benchmark\dataset\tbf_imgs\unfocused\FieldPos003 (4)\FieldPos003 (4)_page_5.png,0,tbf_imgs::FieldPos003,,dataset,train,FieldPos003 (4),tbf_imgs::FieldPos003
tbf_imgs,D:\Dineth\focus_binary_benchmark\dataset\tbf_imgs\unfocused\FieldPos003 (4)\FieldPos003 (4)_page_9.png,0,tbf_imgs::FieldPos003,,dataset,train,FieldPos003 (4),tbf_imgs::FieldPos003
tbf_imgs,D:\Dineth\focus_binary_benchmark\dataset\tbf_imgs\unfocused\FieldPos003 (5)\FieldPos003 (5)_page_1.png,0,tbf_imgs::FieldPos003,,dataset,train,FieldPos003 (5),tbf_imgs::FieldPos003
tbf_imgs,D:\Dineth\focus_binary_benchmark\dataset\tbf_imgs\unfocused\FieldPos003 (5)\FieldPos003 (5)_page_10.png,0,tbf_imgs::FieldPos003,,dataset,train,FieldPos003 (5),tbf_imgs::FieldPos003
tbf_imgs,D:\Dineth\focus_binary_benchmark\dataset\tbf_imgs\unfocused\FieldPos003 (5)\FieldPos003 (5)_page_11.png,0,tbf_imgs::FieldPos003,,dataset,train,FieldPos003 (5),tbf_imgs::FieldPos003
tbf_imgs,D:\Dineth\focus_binary_benchmark\dataset\tbf_imgs\unfocused\FieldPos003 (5)\FieldPos003 (5)_page_12.png,0,tbf_imgs::FieldPos003,,dataset,train,FieldPos003 (5),tbf_imgs::FieldPos003
tbf_imgs,D:\Dineth\focus_binary_benchmark\dataset\tbf_imgs\unfocused\FieldPos003 (5)\FieldPos003 (5)_page_13.png,0,tbf_imgs::FieldPos003,,dataset,train,FieldPos003 (5),tbf_imgs::FieldPos003
tbf_imgs,D:\Dineth\focus_binary_benchmark\dataset\tbf_imgs\unfocused\FieldPos003 (5)\FieldPos003 (5)_page_14.png,0,tbf_imgs::FieldPos003,,dataset,train,FieldPos003 (5),tbf_imgs::FieldPos003
tbf_imgs,D:\Dineth\focus_binary_benchmark\dataset\tbf_imgs\unfocused\FieldPos003 (5)\FieldPos003 (5)_page_2.png,0,tbf_imgs::FieldPos003,,dataset,train,FieldPos003 (5),tbf_imgs::FieldPos003
tbf_imgs,D:\Dineth\focus_binary_benchmark\dataset\tbf_imgs\unfocused\FieldPos003 (5)\FieldPos003 (5)_page_3.png,0,tbf_imgs::FieldPos003,,dataset,train,FieldPos003 (5),tbf_imgs::FieldPos003
tbf_imgs,D:\Dineth\focus_binary_benchmark\dataset\tbf_imgs\unfocused\FieldPos003 (5)\FieldPos003 (5)_page_4.png,0,tbf_imgs::FieldPos003,,dataset,train,FieldPos003 (5),tbf_imgs::FieldPos003
tbf_imgs,D:\Dineth\focus_binary_benchmark\dataset\tbf_imgs\unfocused\FieldPos003 (5)\FieldPos003 (5)_page_8.png,0,tbf_imgs::FieldPos003,,dataset,train,FieldPos003 (5),tbf_imgs::FieldPos003
tbf_imgs,D:\Dineth\focus_binary_benchmark\dataset\tbf_imgs\unfocused\FieldPos003 (5)\FieldPos003 (5)_page_9.png,0,tbf_imgs::FieldPos003,,dataset,train,FieldPos003 (5),tbf_imgs::FieldPos003
tbf_imgs,D:\Dineth\focus_binary_benchmark\dataset\tbf_imgs\unfocused\FieldPos004\FieldPos004_page_1.png,0,tbf_imgs::FieldPos004,,dataset,train,FieldPos004,tbf_imgs::FieldPos004
tbf_imgs,D:\Dineth\focus_binary_benchmark\dataset\tbf_imgs\unfocused\FieldPos004\FieldPos004_page_10.png,0,tbf_imgs::FieldPos004,,dataset,train,FieldPos004,tbf_imgs::FieldPos004
tbf_imgs,D:\Dineth\focus_binary_benchmark\dataset\tbf_imgs\unfocused\FieldPos004\FieldPos004_page_11.png,0,tbf_imgs::FieldPos004,,dataset,train,FieldPos004,tbf_imgs::FieldPos004
tbf_imgs,D:\Dineth\focus_binary_benchmark\dataset\tbf_imgs\unfocused\FieldPos004\FieldPos004_page_12.png,0,tbf_imgs::FieldPos004,,dataset,train,FieldPos004,tbf_imgs::FieldPos004
tbf_imgs,D:\Dineth\focus_binary_benchmark\dataset\tbf_imgs\unfocused\FieldPos004\FieldPos004_page_13.png,0,tbf_imgs::FieldPos004,,dataset,train,FieldPos004,tbf_imgs::FieldPos004
tbf_imgs,D:\Dineth\focus_binary_benchmark\dataset\tbf_imgs\unfocused\FieldPos004\FieldPos004_page_14.png,0,tbf_imgs::FieldPos004,,dataset,train,FieldPos004,tbf_imgs::FieldPos004
tbf_imgs,D:\Dineth\focus_binary_benchmark\dataset\tbf_imgs\unfocused\FieldPos004\FieldPos004_page_2.png,0,tbf_imgs::FieldPos004,,dataset,train,FieldPos004,tbf_imgs::FieldPos004
tbf_imgs,D:\Dineth\focus_binary_benchmark\dataset\tbf_imgs\unfocused\FieldPos004\FieldPos004_page_3.png,0,tbf_imgs::FieldPos004,,dataset,train,FieldPos004,tbf_imgs::FieldPos004
tbf_imgs,D:\Dineth\focus_binary_benchmark\dataset\tbf_imgs\unfocused\FieldPos004\FieldPos004_page_4.png,0,tbf_imgs::FieldPos004,,dataset,train,FieldPos004,tbf_imgs::FieldPos004
tbf_imgs,D:\Dineth\focus_binary_benchmark\dataset\tbf_imgs\unfocused\FieldPos004\FieldPos004_page_5.png,0,tbf_imgs::FieldPos004,,dataset,train,FieldPos004,tbf_imgs::FieldPos004
tbf_imgs,D:\Dineth\focus_binary_benchmark\dataset\tbf_imgs\unfocused\FieldPos004\FieldPos004_page_9.png,0,tbf_imgs::FieldPos004,,dataset,train,FieldPos004,tbf_imgs::FieldPos004
tbf_imgs,D:\Dineth\focus_binary_benchmark\dataset\tbf_imgs\unfocused\FieldPos004 (2)\FieldPos004 (2)_page_1.png,0,tbf_imgs::FieldPos004,,dataset,train,FieldPos004 (2),tbf_imgs::FieldPos004
tbf_imgs,D:\Dineth\focus_binary_benchmark\dataset\tbf_imgs\unfocused\FieldPos004 (2)\FieldPos004 (2)_page_10.png,0,tbf_imgs::FieldPos004,,dataset,train,FieldPos004 (2),tbf_imgs::FieldPos004
tbf_imgs,D:\Dineth\focus_binary_benchmark\dataset\tbf_imgs\unfocused\FieldPos004 (2)\FieldPos004 (2)_page_11.png,0,tbf_imgs::FieldPos004,,dataset,train,FieldPos004 (2),tbf_imgs::FieldPos004
tbf_imgs,D:\Dineth\focus_binary_benchmark\dataset\tbf_imgs\unfocused\FieldPos004 (2)\FieldPos004 (2)_page_12.png,0,tbf_imgs::FieldPos004,,dataset,train,FieldPos004 (2),tbf_imgs::FieldPos004
tbf_imgs,D:\Dineth\focus_binary_benchmark\dataset\tbf_imgs\unfocused\FieldPos004 (2)\FieldPos004 (2)_page_13.png,0,tbf_imgs::FieldPos004,,dataset,train,FieldPos004 (2),tbf_imgs::FieldPos004
tbf_imgs,D:\Dineth\focus_binary_benchmark\dataset\tbf_imgs\unfocused\FieldPos004 (2)\FieldPos004 (2)_page_14.png,0,tbf_imgs::FieldPos004,,dataset,train,FieldPos004 (2),tbf_imgs::FieldPos004
tbf_imgs,D:\Dineth\focus_binary_benchmark\dataset\tbf_imgs\unfocused\FieldPos004 (2)\FieldPos004 (2)_page_2.png,0,tbf_imgs::FieldPos004,,dataset,train,FieldPos004 (2),tbf_imgs::FieldPos004
tbf_imgs,D:\Dineth\focus_binary_benchmark\dataset\tbf_imgs\unfocused\FieldPos004 (2)\FieldPos004 (2)_page_3.png,0,tbf_imgs::FieldPos004,,dataset,train,FieldPos004 (2),tbf_imgs::FieldPos004
tbf_imgs,D:\Dineth\focus_binary_benchmark\dataset\tbf_imgs\unfocused\FieldPos004 (2)\FieldPos004 (2)_page_4.png,0,tbf_imgs::FieldPos004,,dataset,train,FieldPos004 (2),tbf_imgs::FieldPos004
tbf_imgs,D:\Dineth\focus_binary_benchmark\dataset\tbf_imgs\unfocused\FieldPos004 (2)\FieldPos004 (2)_page_8.png,0,tbf_imgs::FieldPos004,,dataset,train,FieldPos004 (2),tbf_imgs::FieldPos004
tbf_imgs,D:\Dineth\focus_binary_benchmark\dataset\tbf_imgs\unfocused\FieldPos004 (2)\FieldPos004 (2)_page_9.png,0,tbf_imgs::FieldPos004,,dataset,train,FieldPos004 (2),tbf_imgs::FieldPos004
tbf_imgs,D:\Dineth\focus_binary_benchmark\dataset\tbf_imgs\unfocused\FieldPos004 (3)\FieldPos004 (3)_page_1.png,0,tbf_imgs::FieldPos004,,dataset,train,FieldPos004 (3),tbf_imgs::FieldPos004
tbf_imgs,D:\Dineth\focus_binary_benchmark\dataset\tbf_imgs\unfocused\FieldPos004 (3)\FieldPos004 (3)_page_10.png,0,tbf_imgs::FieldPos004,,dataset,train,FieldPos004 (3),tbf_imgs::FieldPos004
tbf_imgs,D:\Dineth\focus_binary_benchmark\dataset\tbf_imgs\unfocused\FieldPos004 (3)\FieldPos004 (3)_page_11.png,0,tbf_imgs::FieldPos004,,dataset,train,FieldPos004 (3),tbf_imgs::FieldPos004
tbf_imgs,D:\Dineth\focus_binary_benchmark\dataset\tbf_imgs\unfocused\FieldPos004 (3)\FieldPos004 (3)_page_12.png,0,tbf_imgs::FieldPos004,,dataset,train,FieldPos004 (3),tbf_imgs::FieldPos004
tbf_imgs,D:\Dineth\focus_binary_benchmark\dataset\tbf_imgs\unfocused\FieldPos004 (3)\FieldPos004 (3)_page_13.png,0,tbf_imgs::FieldPos004,,dataset,train,FieldPos004 (3),tbf_imgs::FieldPos004
tbf_imgs,D:\Dineth\focus_binary_benchmark\dataset\tbf_imgs\unfocused\FieldPos004 (3)\FieldPos004 (3)_page_14.png,0,tbf_imgs::FieldPos004,,dataset,train,FieldPos004 (3),tbf_imgs::FieldPos004
tbf_imgs,D:\Dineth\focus_binary_benchmark\dataset\tbf_imgs\unfocused\FieldPos004 (3)\FieldPos004 (3)_page_2.png,0,tbf_imgs::FieldPos004,,dataset,train,FieldPos004 (3),tbf_imgs::FieldPos004
tbf_imgs,D:\Dineth\focus_binary_benchmark\dataset\tbf_imgs\unfocused\FieldPos004 (3)\FieldPos004 (3)_page_3.png,0,tbf_imgs::FieldPos004,,dataset,train,FieldPos004 (3),tbf_imgs::FieldPos004
tbf_imgs,D:\Dineth\focus_binary_benchmark\dataset\tbf_imgs\unfocused\FieldPos004 (3)\FieldPos004 (3)_page_4.png,0,tbf_imgs::FieldPos004,,dataset,train,FieldPos004 (3),tbf_imgs::FieldPos004
tbf_imgs,D:\Dineth\focus_binary_benchmark\dataset\tbf_imgs\unfocused\FieldPos004 (3)\FieldPos004 (3)_page_5.png,0,tbf_imgs::FieldPos004,,dataset,train,FieldPos004 (3),tbf_imgs::FieldPos004
tbf_imgs,D:\Dineth\focus_binary_benchmark\dataset\tbf_imgs\unfocused\FieldPos004 (3)\FieldPos004 (3)_page_9.png,0,tbf_imgs::FieldPos004,,dataset,train,FieldPos004 (3),tbf_imgs::FieldPos004
tbf_imgs,D:\Dineth\focus_binary_benchmark\dataset\tbf_imgs\unfocused\FieldPos004 (4)\FieldPos004 (4)_page_1.png,0,tbf_imgs::FieldPos004,,dataset,train,FieldPos004 (4),tbf_imgs::FieldPos004
tbf_imgs,D:\Dineth\focus_binary_benchmark\dataset\tbf_imgs\unfocused\FieldPos004 (4)\FieldPos004 (4)_page_10.png,0,tbf_imgs::FieldPos004,,dataset,train,FieldPos004 (4),tbf_imgs::FieldPos004
tbf_imgs,D:\Dineth\focus_binary_benchmark\dataset\tbf_imgs\unfocused\FieldPos004 (4)\FieldPos004 (4)_page_11.png,0,tbf_imgs::FieldPos004,,dataset,train,FieldPos004 (4),tbf_imgs::FieldPos004
tbf_imgs,D:\Dineth\focus_binary_benchmark\dataset\tbf_imgs\unfocused\FieldPos004 (4)\FieldPos004 (4)_page_12.png,0,tbf_imgs::FieldPos004,,dataset,train,FieldPos004 (4),tbf_imgs::FieldPos004
tbf_imgs,D:\Dineth\focus_binary_benchmark\dataset\tbf_imgs\unfocused\FieldPos004 (4)\FieldPos004 (4)_page_13.png,0,tbf_imgs::FieldPos004,,dataset,train,FieldPos004 (4),tbf_imgs::FieldPos004
tbf_imgs,D:\Dineth\focus_binary_benchmark\dataset\tbf_imgs\unfocused\FieldPos004 (4)\FieldPos004 (4)_page_14.png,0,tbf_imgs::FieldPos004,,dataset,train,FieldPos004 (4),tbf_imgs::FieldPos004
tbf_imgs,D:\Dineth\focus_binary_benchmark\dataset\tbf_imgs\unfocused\FieldPos004 (4)\FieldPos004 (4)_page_2.png,0,tbf_imgs::FieldPos004,,dataset,train,FieldPos004 (4),tbf_imgs::FieldPos004
tbf_imgs,D:\Dineth\focus_binary_benchmark\dataset\tbf_imgs\unfocused\FieldPos004 (4)\FieldPos004 (4)_page_3.png,0,tbf_imgs::FieldPos004,,dataset,train,FieldPos004 (4),tbf_imgs::FieldPos004
tbf_imgs,D:\Dineth\focus_binary_benchmark\dataset\tbf_imgs\unfocused\FieldPos004 (4)\FieldPos004 (4)_page_4.png,0,tbf_imgs::FieldPos004,,dataset,train,FieldPos004 (4),tbf_imgs::FieldPos004
tbf_imgs,D:\Dineth\focus_binary_benchmark\dataset\tbf_imgs\unfocused\FieldPos004 (4)\FieldPos004 (4)_page_5.png,0,tbf_imgs::FieldPos004,,dataset,train,FieldPos004 (4),tbf_imgs::FieldPos004
tbf_imgs,D:\Dineth\focus_binary_benchmark\dataset\tbf_imgs\unfocused\FieldPos004 (4)\FieldPos004 (4)_page_9.png,0,tbf_imgs::FieldPos004,,dataset,train,FieldPos004 (4),tbf_imgs::FieldPos004
tbf_imgs,D:\Dineth\focus_binary_benchmark\dataset\tbf_imgs\unfocused\FieldPos004 (5)\FieldPos004 (5)_page_1.png,0,tbf_imgs::FieldPos004,,dataset,train,FieldPos004 (5),tbf_imgs::FieldPos004
tbf_imgs,D:\Dineth\focus_binary_benchmark\dataset\tbf_imgs\unfocused\FieldPos004 (5)\FieldPos004 (5)_page_10.png,0,tbf_imgs::FieldPos004,,dataset,train,FieldPos004 (5),tbf_imgs::FieldPos004
tbf_imgs,D:\Dineth\focus_binary_benchmark\dataset\tbf_imgs\unfocused\FieldPos004 (5)\FieldPos004 (5)_page_11.png,0,tbf_imgs::FieldPos004,,dataset,train,FieldPos004 (5),tbf_imgs::FieldPos004
tbf_imgs,D:\Dineth\focus_binary_benchmark\dataset\tbf_imgs\unfocused\FieldPos004 (5)\FieldPos004 (5)_page_12.png,0,tbf_imgs::FieldPos004,,dataset,train,FieldPos004 (5),tbf_imgs::FieldPos004
tbf_imgs,D:\Dineth\focus_binary_benchmark\dataset\tbf_imgs\unfocused\FieldPos004 (5)\FieldPos004 (5)_page_13.png,0,tbf_imgs::FieldPos004,,dataset,train,FieldPos004 (5),tbf_imgs::FieldPos004
tbf_imgs,D:\Dineth\focus_binary_benchmark\dataset\tbf_imgs\unfocused\FieldPos004 (5)\FieldPos004 (5)_page_14.png,0,tbf_imgs::FieldPos004,,dataset,train,FieldPos004 (5),tbf_imgs::FieldPos004
tbf_imgs,D:\Dineth\focus_binary_benchmark\dataset\tbf_imgs\unfocused\FieldPos004 (5)\FieldPos004 (5)_page_2.png,0,tbf_imgs::FieldPos004,,dataset,train,FieldPos004 (5),tbf_imgs::FieldPos004
tbf_imgs,D:\Dineth\focus_binary_benchmark\dataset\tbf_imgs\unfocused\FieldPos004 (5)\FieldPos004 (5)_page_3.png,0,tbf_imgs::FieldPos004,,dataset,train,FieldPos004 (5),tbf_imgs::FieldPos004
tbf_imgs,D:\Dineth\focus_binary_benchmark\dataset\tbf_imgs\unfocused\FieldPos004 (5)\FieldPos004 (5)_page_4.png,0,tbf_imgs::FieldPos004,,dataset,train,FieldPos004 (5),tbf_imgs::FieldPos004
tbf_imgs,D:\Dineth\focus_binary_benchmark\dataset\tbf_imgs\unfocused\FieldPos004 (5)\FieldPos004 (5)_page_5.png,0,tbf_imgs::FieldPos004,,dataset,train,FieldPos004 (5),tbf_imgs::FieldPos004
tbf_imgs,D:\Dineth\focus_binary_benchmark\dataset\tbf_imgs\unfocused\FieldPos004 (5)\FieldPos004 (5)_page_9.png,0,tbf_imgs::FieldPos004,,dataset,train,FieldPos004 (5),tbf_imgs::FieldPos004
tbf_imgs,D:\Dineth\focus_binary_benchmark\dataset\tbf_imgs\unfocused\FieldPos005\FieldPos005_page_1.png,0,tbf_imgs::FieldPos005,,dataset,test,FieldPos005,tbf_imgs::FieldPos005
tbf_imgs,D:\Dineth\focus_binary_benchmark\dataset\tbf_imgs\unfocused\FieldPos005\FieldPos005_page_10.png,0,tbf_imgs::FieldPos005,,dataset,test,FieldPos005,tbf_imgs::FieldPos005
tbf_imgs,D:\Dineth\focus_binary_benchmark\dataset\tbf_imgs\unfocused\FieldPos005\FieldPos005_page_11.png,0,tbf_imgs::FieldPos005,,dataset,test,FieldPos005,tbf_imgs::FieldPos005
tbf_imgs,D:\Dineth\focus_binary_benchmark\dataset\tbf_imgs\unfocused\FieldPos005\FieldPos005_page_12.png,0,tbf_imgs::FieldPos005,,dataset,test,FieldPos005,tbf_imgs::FieldPos005
tbf_imgs,D:\Dineth\focus_binary_benchmark\dataset\tbf_imgs\unfocused\FieldPos005\FieldPos005_page_13.png,0,tbf_imgs::FieldPos005,,dataset,test,FieldPos005,tbf_imgs::FieldPos005
tbf_imgs,D:\Dineth\focus_binary_benchmark\dataset\tbf_imgs\unfocused\FieldPos005\FieldPos005_page_14.png,0,tbf_imgs::FieldPos005,,dataset,test,FieldPos005,tbf_imgs::FieldPos005
tbf_imgs,D:\Dineth\focus_binary_benchmark\dataset\tbf_imgs\unfocused\FieldPos005\FieldPos005_page_2.png,0,tbf_imgs::FieldPos005,,dataset,test,FieldPos005,tbf_imgs::FieldPos005
tbf_imgs,D:\Dineth\focus_binary_benchmark\dataset\tbf_imgs\unfocused\FieldPos005\FieldPos005_page_3.png,0,tbf_imgs::FieldPos005,,dataset,test,FieldPos005,tbf_imgs::FieldPos005
tbf_imgs,D:\Dineth\focus_binary_benchmark\dataset\tbf_imgs\unfocused\FieldPos005\FieldPos005_page_4.png,0,tbf_imgs::FieldPos005,,dataset,test,FieldPos005,tbf_imgs::FieldPos005
tbf_imgs,D:\Dineth\focus_binary_benchmark\dataset\tbf_imgs\unfocused\FieldPos005\FieldPos005_page_5.png,0,tbf_imgs::FieldPos005,,dataset,test,FieldPos005,tbf_imgs::FieldPos005
tbf_imgs,D:\Dineth\focus_binary_benchmark\dataset\tbf_imgs\unfocused\FieldPos005\FieldPos005_page_9.png,0,tbf_imgs::FieldPos005,,dataset,test,FieldPos005,tbf_imgs::FieldPos005
tbf_imgs,D:\Dineth\focus_binary_benchmark\dataset\tbf_imgs\unfocused\FieldPos005 (2)\FieldPos005 (2)_page_1.png,0,tbf_imgs::FieldPos005,,dataset,test,FieldPos005 (2),tbf_imgs::FieldPos005
tbf_imgs,D:\Dineth\focus_binary_benchmark\dataset\tbf_imgs\unfocused\FieldPos005 (2)\FieldPos005 (2)_page_10.png,0,tbf_imgs::FieldPos005,,dataset,test,FieldPos005 (2),tbf_imgs::FieldPos005
tbf_imgs,D:\Dineth\focus_binary_benchmark\dataset\tbf_imgs\unfocused\FieldPos005 (2)\FieldPos005 (2)_page_11.png,0,tbf_imgs::FieldPos005,,dataset,test,FieldPos005 (2),tbf_imgs::FieldPos005
tbf_imgs,D:\Dineth\focus_binary_benchmark\dataset\tbf_imgs\unfocused\FieldPos005 (2)\FieldPos005 (2)_page_12.png,0,tbf_imgs::FieldPos005,,dataset,test,FieldPos005 (2),tbf_imgs::FieldPos005
tbf_imgs,D:\Dineth\focus_binary_benchmark\dataset\tbf_imgs\unfocused\FieldPos005 (2)\FieldPos005 (2)_page_13.png,0,tbf_imgs::FieldPos005,,dataset,test,FieldPos005 (2),tbf_imgs::FieldPos005
tbf_imgs,D:\Dineth\focus_binary_benchmark\dataset\tbf_imgs\unfocused\FieldPos005 (2)\FieldPos005 (2)_page_14.png,0,tbf_imgs::FieldPos005,,dataset,test,FieldPos005 (2),tbf_imgs::FieldPos005
tbf_imgs,D:\Dineth\focus_binary_benchmark\dataset\tbf_imgs\unfocused\FieldPos005 (2)\FieldPos005 (2)_page_2.png,0,tbf_imgs::FieldPos005,,dataset,test,FieldPos005 (2),tbf_imgs::FieldPos005
tbf_imgs,D:\Dineth\focus_binary_benchmark\dataset\tbf_imgs\unfocused\FieldPos005 (2)\FieldPos005 (2)_page_3.png,0,tbf_imgs::FieldPos005,,dataset,test,FieldPos005 (2),tbf_imgs::FieldPos005
tbf_imgs,D:\Dineth\focus_binary_benchmark\dataset\tbf_imgs\unfocused\FieldPos005 (2)\FieldPos005 (2)_page_4.png,0,tbf_imgs::FieldPos005,,dataset,test,FieldPos005 (2),tbf_imgs::FieldPos005
tbf_imgs,D:\Dineth\focus_binary_benchmark\dataset\tbf_imgs\unfocused\FieldPos005 (2)\FieldPos005 (2)_page_5.png,0,tbf_imgs::FieldPos005,,dataset,test,FieldPos005 (2),tbf_imgs::FieldPos005
tbf_imgs,D:\Dineth\focus_binary_benchmark\dataset\tbf_imgs\unfocused\FieldPos005 (2)\FieldPos005 (2)_page_9.png,0,tbf_imgs::FieldPos005,,dataset,test,FieldPos005 (2),tbf_imgs::FieldPos005
tbf_imgs,D:\Dineth\focus_binary_benchmark\dataset\tbf_imgs\unfocused\FieldPos006\FieldPos006_page_1.png,0,tbf_imgs::FieldPos006,,dataset,train,FieldPos006,tbf_imgs::FieldPos006
tbf_imgs,D:\Dineth\focus_binary_benchmark\dataset\tbf_imgs\unfocused\FieldPos006\FieldPos006_page_10.png,0,tbf_imgs::FieldPos006,,dataset,train,FieldPos006,tbf_imgs::FieldPos006
tbf_imgs,D:\Dineth\focus_binary_benchmark\dataset\tbf_imgs\unfocused\FieldPos006\FieldPos006_page_11.png,0,tbf_imgs::FieldPos006,,dataset,train,FieldPos006,tbf_imgs::FieldPos006
tbf_imgs,D:\Dineth\focus_binary_benchmark\dataset\tbf_imgs\unfocused\FieldPos006\FieldPos006_page_12.png,0,tbf_imgs::FieldPos006,,dataset,train,FieldPos006,tbf_imgs::FieldPos006
tbf_imgs,D:\Dineth\focus_binary_benchmark\dataset\tbf_imgs\unfocused\FieldPos006\FieldPos006_page_13.png,0,tbf_imgs::FieldPos006,,dataset,train,FieldPos006,tbf_imgs::FieldPos006
tbf_imgs,D:\Dineth\focus_binary_benchmark\dataset\tbf_imgs\unfocused\FieldPos006\FieldPos006_page_14.png,0,tbf_imgs::FieldPos006,,dataset,train,FieldPos006,tbf_imgs::FieldPos006
tbf_imgs,D:\Dineth\focus_binary_benchmark\dataset\tbf_imgs\unfocused\FieldPos006\FieldPos006_page_2.png,0,tbf_imgs::FieldPos006,,dataset,train,FieldPos006,tbf_imgs::FieldPos006
tbf_imgs,D:\Dineth\focus_binary_benchmark\dataset\tbf_imgs\unfocused\FieldPos006\FieldPos006_page_3.png,0,tbf_imgs::FieldPos006,,dataset,train,FieldPos006,tbf_imgs::FieldPos006
tbf_imgs,D:\Dineth\focus_binary_benchmark\dataset\tbf_imgs\unfocused\FieldPos006\FieldPos006_page_4.png,0,tbf_imgs::FieldPos006,,dataset,train,FieldPos006,tbf_imgs::FieldPos006
tbf_imgs,D:\Dineth\focus_binary_benchmark\dataset\tbf_imgs\unfocused\FieldPos006\FieldPos006_page_5.png,0,tbf_imgs::FieldPos006,,dataset,train,FieldPos006,tbf_imgs::FieldPos006
tbf_imgs,D:\Dineth\focus_binary_benchmark\dataset\tbf_imgs\unfocused\FieldPos006\FieldPos006_page_9.png,0,tbf_imgs::FieldPos006,,dataset,train,FieldPos006,tbf_imgs::FieldPos006
tbf_imgs,D:\Dineth\focus_binary_benchmark\dataset\tbf_imgs\unfocused\FieldPos006 (2)\FieldPos006 (2)_page_1.png,0,tbf_imgs::FieldPos006,,dataset,train,FieldPos006 (2),tbf_imgs::FieldPos006
tbf_imgs,D:\Dineth\focus_binary_benchmark\dataset\tbf_imgs\unfocused\FieldPos006 (2)\FieldPos006 (2)_page_10.png,0,tbf_imgs::FieldPos006,,dataset,train,FieldPos006 (2),tbf_imgs::FieldPos006
tbf_imgs,D:\Dineth\focus_binary_benchmark\dataset\tbf_imgs\unfocused\FieldPos006 (2)\FieldPos006 (2)_page_11.png,0,tbf_imgs::FieldPos006,,dataset,train,FieldPos006 (2),tbf_imgs::FieldPos006
tbf_imgs,D:\Dineth\focus_binary_benchmark\dataset\tbf_imgs\unfocused\FieldPos006 (2)\FieldPos006 (2)_page_12.png,0,tbf_imgs::FieldPos006,,dataset,train,FieldPos006 (2),tbf_imgs::FieldPos006
tbf_imgs,D:\Dineth\focus_binary_benchmark\dataset\tbf_imgs\unfocused\FieldPos006 (2)\FieldPos006 (2)_page_13.png,0,tbf_imgs::FieldPos006,,dataset,train,FieldPos006 (2),tbf_imgs::FieldPos006
tbf_imgs,D:\Dineth\focus_binary_benchmark\dataset\tbf_imgs\unfocused\FieldPos006 (2)\FieldPos006 (2)_page_14.png,0,tbf_imgs::FieldPos006,,dataset,train,FieldPos006 (2),tbf_imgs::FieldPos006
tbf_imgs,D:\Dineth\focus_binary_benchmark\dataset\tbf_imgs\unfocused\FieldPos006 (2)\FieldPos006 (2)_page_2.png,0,tbf_imgs::FieldPos006,,dataset,train,FieldPos006 (2),tbf_imgs::FieldPos006
tbf_imgs,D:\Dineth\focus_binary_benchmark\dataset\tbf_imgs\unfocused\FieldPos006 (2)\FieldPos006 (2)_page_3.png,0,tbf_imgs::FieldPos006,,dataset,train,FieldPos006 (2),tbf_imgs::FieldPos006
tbf_imgs,D:\Dineth\focus_binary_benchmark\dataset\tbf_imgs\unfocused\FieldPos006 (2)\FieldPos006 (2)_page_4.png,0,tbf_imgs::FieldPos006,,dataset,train,FieldPos006 (2),tbf_imgs::FieldPos006
tbf_imgs,D:\Dineth\focus_binary_benchmark\dataset\tbf_imgs\unfocused\FieldPos006 (2)\FieldPos006 (2)_page_5.png,0,tbf_imgs::FieldPos006,,dataset,train,FieldPos006 (2),tbf_imgs::FieldPos006
tbf_imgs,D:\Dineth\focus_binary_benchmark\dataset\tbf_imgs\unfocused\FieldPos006 (2)\FieldPos006 (2)_page_9.png,0,tbf_imgs::FieldPos006,,dataset,train,FieldPos006 (2),tbf_imgs::FieldPos006
tbf_imgs,D:\Dineth\focus_binary_benchmark\dataset\tbf_imgs\unfocused\FieldPos007\FieldPos007_page_1.png,0,tbf_imgs::FieldPos007,,dataset,train,FieldPos007,tbf_imgs::FieldPos007
tbf_imgs,D:\Dineth\focus_binary_benchmark\dataset\tbf_imgs\unfocused\FieldPos007\FieldPos007_page_10.png,0,tbf_imgs::FieldPos007,,dataset,train,FieldPos007,tbf_imgs::FieldPos007
tbf_imgs,D:\Dineth\focus_binary_benchmark\dataset\tbf_imgs\unfocused\FieldPos007\FieldPos007_page_11.png,0,tbf_imgs::FieldPos007,,dataset,train,FieldPos007,tbf_imgs::FieldPos007
tbf_imgs,D:\Dineth\focus_binary_benchmark\dataset\tbf_imgs\unfocused\FieldPos007\FieldPos007_page_12.png,0,tbf_imgs::FieldPos007,,dataset,train,FieldPos007,tbf_imgs::FieldPos007
tbf_imgs,D:\Dineth\focus_binary_benchmark\dataset\tbf_imgs\unfocused\FieldPos007\FieldPos007_page_13.png,0,tbf_imgs::FieldPos007,,dataset,train,FieldPos007,tbf_imgs::FieldPos007
tbf_imgs,D:\Dineth\focus_binary_benchmark\dataset\tbf_imgs\unfocused\FieldPos007\FieldPos007_page_14.png,0,tbf_imgs::FieldPos007,,dataset,train,FieldPos007,tbf_imgs::FieldPos007
tbf_imgs,D:\Dineth\focus_binary_benchmark\dataset\tbf_imgs\unfocused\FieldPos007\FieldPos007_page_2.png,0,tbf_imgs::FieldPos007,,dataset,train,FieldPos007,tbf_imgs::FieldPos007
tbf_imgs,D:\Dineth\focus_binary_benchmark\dataset\tbf_imgs\unfocused\FieldPos007\FieldPos007_page_3.png,0,tbf_imgs::FieldPos007,,dataset,train,FieldPos007,tbf_imgs::FieldPos007
tbf_imgs,D:\Dineth\focus_binary_benchmark\dataset\tbf_imgs\unfocused\FieldPos007\FieldPos007_page_4.png,0,tbf_imgs::FieldPos007,,dataset,train,FieldPos007,tbf_imgs::FieldPos007
tbf_imgs,D:\Dineth\focus_binary_benchmark\dataset\tbf_imgs\unfocused\FieldPos007\FieldPos007_page_5.png,0,tbf_imgs::FieldPos007,,dataset,train,FieldPos007,tbf_imgs::FieldPos007
tbf_imgs,D:\Dineth\focus_binary_benchmark\dataset\tbf_imgs\unfocused\FieldPos007\FieldPos007_page_6.png,0,tbf_imgs::FieldPos007,,dataset,train,FieldPos007,tbf_imgs::FieldPos007
tbf_imgs,D:\Dineth\focus_binary_benchmark\dataset\tbf_imgs\unfocused\FieldPos007 (2)\FieldPos007 (2)_page_12.png,0,tbf_imgs::FieldPos007,,dataset,train,FieldPos007 (2),tbf_imgs::FieldPos007
tbf_imgs,D:\Dineth\focus_binary_benchmark\dataset\tbf_imgs\unfocused\FieldPos007 (2)\FieldPos007 (2)_page_13.png,0,tbf_imgs::FieldPos007,,dataset,train,FieldPos007 (2),tbf_imgs::FieldPos007
tbf_imgs,D:\Dineth\focus_binary_benchmark\dataset\tbf_imgs\unfocused\FieldPos007 (2)\FieldPos007 (2)_page_14.png,0,tbf_imgs::FieldPos007,,dataset,train,FieldPos007 (2),tbf_imgs::FieldPos007
tbf_imgs,D:\Dineth\focus_binary_benchmark\dataset\tbf_imgs\unfocused\FieldPos007 (2)\FieldPos007 (2)_page_2.png,0,tbf_imgs::FieldPos007,,dataset,train,FieldPos007 (2),tbf_imgs::FieldPos007
tbf_imgs,D:\Dineth\focus_binary_benchmark\dataset\tbf_imgs\unfocused\FieldPos007 (2)\FieldPos007 (2)_page_3.png,0,tbf_imgs::FieldPos007,,dataset,train,FieldPos007 (2),tbf_imgs::FieldPos007
tbf_imgs,D:\Dineth\focus_binary_benchmark\dataset\tbf_imgs\unfocused\FieldPos007 (2)\FieldPos007 (2)_page_4.png,0,tbf_imgs::FieldPos007,,dataset,train,FieldPos007 (2),tbf_imgs::FieldPos007
tbf_imgs,D:\Dineth\focus_binary_benchmark\dataset\tbf_imgs\unfocused\FieldPos007 (2)\FieldPos007 (2)_page_5.png,0,tbf_imgs::FieldPos007,,dataset,train,FieldPos007 (2),tbf_imgs::FieldPos007
tbf_imgs,D:\Dineth\focus_binary_benchmark\dataset\tbf_imgs\unfocused\FieldPos007 (2)\FieldPos007 (2)_page_6.png,0,tbf_imgs::FieldPos007,,dataset,train,FieldPos007 (2),tbf_imgs::FieldPos007
tbf_imgs,D:\Dineth\focus_binary_benchmark\dataset\tbf_imgs\unfocused\FieldPos007 (2)\FieldPos007 (2)_page_7.png,0,tbf_imgs::FieldPos007,,dataset,train,FieldPos007 (2),tbf_imgs::FieldPos007
tbf_imgs,D:\Dineth\focus_binary_benchmark\dataset\tbf_imgs\unfocused\FieldPos007 (2)\FieldPos007 (2)_page_8.png,0,tbf_imgs::FieldPos007,,dataset,train,FieldPos007 (2),tbf_imgs::FieldPos007
tbf_imgs,D:\Dineth\focus_binary_benchmark\dataset\tbf_imgs\unfocused\FieldPos007 (2)\FieldPos007 (2)_page_9.png,0,tbf_imgs::FieldPos007,,dataset,train,FieldPos007 (2),tbf_imgs::FieldPos007
tbf_imgs,D:\Dineth\focus_binary_benchmark\dataset\tbf_imgs\unfocused\FieldPos007 (3)\FieldPos007 (3)_page_1.png,0,tbf_imgs::FieldPos007,,dataset,train,FieldPos007 (3),tbf_imgs::FieldPos007
tbf_imgs,D:\Dineth\focus_binary_benchmark\dataset\tbf_imgs\unfocused\FieldPos007 (3)\FieldPos007 (3)_page_10.png,0,tbf_imgs::FieldPos007,,dataset,train,FieldPos007 (3),tbf_imgs::FieldPos007
tbf_imgs,D:\Dineth\focus_binary_benchmark\dataset\tbf_imgs\unfocused\FieldPos007 (3)\FieldPos007 (3)_page_11.png,0,tbf_imgs::FieldPos007,,dataset,train,FieldPos007 (3),tbf_imgs::FieldPos007
tbf_imgs,D:\Dineth\focus_binary_benchmark\dataset\tbf_imgs\unfocused\FieldPos007 (3)\FieldPos007 (3)_page_12.png,0,tbf_imgs::FieldPos007,,dataset,train,FieldPos007 (3),tbf_imgs::FieldPos007
tbf_imgs,D:\Dineth\focus_binary_benchmark\dataset\tbf_imgs\unfocused\FieldPos007 (3)\FieldPos007 (3)_page_13.png,0,tbf_imgs::FieldPos007,,dataset,train,FieldPos007 (3),tbf_imgs::FieldPos007
tbf_imgs,D:\Dineth\focus_binary_benchmark\dataset\tbf_imgs\unfocused\FieldPos007 (3)\FieldPos007 (3)_page_14.png,0,tbf_imgs::FieldPos007,,dataset,train,FieldPos007 (3),tbf_imgs::FieldPos007
tbf_imgs,D:\Dineth\focus_binary_benchmark\dataset\tbf_imgs\unfocused\FieldPos007 (3)\FieldPos007 (3)_page_2.png,0,tbf_imgs::FieldPos007,,dataset,train,FieldPos007 (3),tbf_imgs::FieldPos007
tbf_imgs,D:\Dineth\focus_binary_benchmark\dataset\tbf_imgs\unfocused\FieldPos007 (3)\FieldPos007 (3)_page_3.png,0,tbf_imgs::FieldPos007,,dataset,train,FieldPos007 (3),tbf_imgs::FieldPos007
tbf_imgs,D:\Dineth\focus_binary_benchmark\dataset\tbf_imgs\unfocused\FieldPos007 (3)\FieldPos007 (3)_page_4.png,0,tbf_imgs::FieldPos007,,dataset,train,FieldPos007 (3),tbf_imgs::FieldPos007
tbf_imgs,D:\Dineth\focus_binary_benchmark\dataset\tbf_imgs\unfocused\FieldPos007 (3)\FieldPos007 (3)_page_8.png,0,tbf_imgs::FieldPos007,,dataset,train,FieldPos007 (3),tbf_imgs::FieldPos007
tbf_imgs,D:\Dineth\focus_binary_benchmark\dataset\tbf_imgs\unfocused\FieldPos007 (3)\FieldPos007 (3)_page_9.png,0,tbf_imgs::FieldPos007,,dataset,train,FieldPos007 (3),tbf_imgs::FieldPos007
tbf_imgs,D:\Dineth\focus_binary_benchmark\dataset\tbf_imgs\unfocused\FieldPos008\FieldPos008_page_1.png,0,tbf_imgs::FieldPos008,,dataset,val,FieldPos008,tbf_imgs::FieldPos008
tbf_imgs,D:\Dineth\focus_binary_benchmark\dataset\tbf_imgs\unfocused\FieldPos008\FieldPos008_page_10.png,0,tbf_imgs::FieldPos008,,dataset,val,FieldPos008,tbf_imgs::FieldPos008
tbf_imgs,D:\Dineth\focus_binary_benchmark\dataset\tbf_imgs\unfocused\FieldPos008\FieldPos008_page_11.png,0,tbf_imgs::FieldPos008,,dataset,val,FieldPos008,tbf_imgs::FieldPos008
tbf_imgs,D:\Dineth\focus_binary_benchmark\dataset\tbf_imgs\unfocused\FieldPos008\FieldPos008_page_12.png,0,tbf_imgs::FieldPos008,,dataset,val,FieldPos008,tbf_imgs::FieldPos008
tbf_imgs,D:\Dineth\focus_binary_benchmark\dataset\tbf_imgs\unfocused\FieldPos008\FieldPos008_page_13.png,0,tbf_imgs::FieldPos008,,dataset,val,FieldPos008,tbf_imgs::FieldPos008
tbf_imgs,D:\Dineth\focus_binary_benchmark\dataset\tbf_imgs\unfocused\FieldPos008\FieldPos008_page_14.png,0,tbf_imgs::FieldPos008,,dataset,val,FieldPos008,tbf_imgs::FieldPos008
tbf_imgs,D:\Dineth\focus_binary_benchmark\dataset\tbf_imgs\unfocused\FieldPos008\FieldPos008_page_2.png,0,tbf_imgs::FieldPos008,,dataset,val,FieldPos008,tbf_imgs::FieldPos008
tbf_imgs,D:\Dineth\focus_binary_benchmark\dataset\tbf_imgs\unfocused\FieldPos008\FieldPos008_page_3.png,0,tbf_imgs::FieldPos008,,dataset,val,FieldPos008,tbf_imgs::FieldPos008
tbf_imgs,D:\Dineth\focus_binary_benchmark\dataset\tbf_imgs\unfocused\FieldPos008\FieldPos008_page_4.png,0,tbf_imgs::FieldPos008,,dataset,val,FieldPos008,tbf_imgs::FieldPos008
tbf_imgs,D:\Dineth\focus_binary_benchmark\dataset\tbf_imgs\unfocused\FieldPos008\FieldPos008_page_5.png,0,tbf_imgs::FieldPos008,,dataset,val,FieldPos008,tbf_imgs::FieldPos008
tbf_imgs,D:\Dineth\focus_binary_benchmark\dataset\tbf_imgs\unfocused\FieldPos008\FieldPos008_page_9.png,0,tbf_imgs::FieldPos008,,dataset,val,FieldPos008,tbf_imgs::FieldPos008
tbf_imgs,D:\Dineth\focus_binary_benchmark\dataset\tbf_imgs\unfocused\FieldPos008 (2)\FieldPos008 (2)_page_1.png,0,tbf_imgs::FieldPos008,,dataset,val,FieldPos008 (2),tbf_imgs::FieldPos008
tbf_imgs,D:\Dineth\focus_binary_benchmark\dataset\tbf_imgs\unfocused\FieldPos008 (2)\FieldPos008 (2)_page_10.png,0,tbf_imgs::FieldPos008,,dataset,val,FieldPos008 (2),tbf_imgs::FieldPos008
tbf_imgs,D:\Dineth\focus_binary_benchmark\dataset\tbf_imgs\unfocused\FieldPos008 (2)\FieldPos008 (2)_page_11.png,0,tbf_imgs::FieldPos008,,dataset,val,FieldPos008 (2),tbf_imgs::FieldPos008
tbf_imgs,D:\Dineth\focus_binary_benchmark\dataset\tbf_imgs\unfocused\FieldPos008 (2)\FieldPos008 (2)_page_12.png,0,tbf_imgs::FieldPos008,,dataset,val,FieldPos008 (2),tbf_imgs::FieldPos008
tbf_imgs,D:\Dineth\focus_binary_benchmark\dataset\tbf_imgs\unfocused\FieldPos008 (2)\FieldPos008 (2)_page_13.png,0,tbf_imgs::FieldPos008,,dataset,val,FieldPos008 (2),tbf_imgs::FieldPos008
tbf_imgs,D:\Dineth\focus_binary_benchmark\dataset\tbf_imgs\unfocused\FieldPos008 (2)\FieldPos008 (2)_page_14.png,0,tbf_imgs::FieldPos008,,dataset,val,FieldPos008 (2),tbf_imgs::FieldPos008
tbf_imgs,D:\Dineth\focus_binary_benchmark\dataset\tbf_imgs\unfocused\FieldPos008 (2)\FieldPos008 (2)_page_2.png,0,tbf_imgs::FieldPos008,,dataset,val,FieldPos008 (2),tbf_imgs::FieldPos008
tbf_imgs,D:\Dineth\focus_binary_benchmark\dataset\tbf_imgs\unfocused\FieldPos008 (2)\FieldPos008 (2)_page_3.png,0,tbf_imgs::FieldPos008,,dataset,val,FieldPos008 (2),tbf_imgs::FieldPos008
tbf_imgs,D:\Dineth\focus_binary_benchmark\dataset\tbf_imgs\unfocused\FieldPos008 (2)\FieldPos008 (2)_page_4.png,0,tbf_imgs::FieldPos008,,dataset,val,FieldPos008 (2),tbf_imgs::FieldPos008
tbf_imgs,D:\Dineth\focus_binary_benchmark\dataset\tbf_imgs\unfocused\FieldPos008 (2)\FieldPos008 (2)_page_5.png,0,tbf_imgs::FieldPos008,,dataset,val,FieldPos008 (2),tbf_imgs::FieldPos008
tbf_imgs,D:\Dineth\focus_binary_benchmark\dataset\tbf_imgs\unfocused\FieldPos008 (2)\FieldPos008 (2)_page_9.png,0,tbf_imgs::FieldPos008,,dataset,val,FieldPos008 (2),tbf_imgs::FieldPos008
tbf_imgs,D:\Dineth\focus_binary_benchmark\dataset\tbf_imgs\unfocused\FieldPos009\FieldPos009_page_1.png,0,tbf_imgs::FieldPos009,,dataset,test,FieldPos009,tbf_imgs::FieldPos009
tbf_imgs,D:\Dineth\focus_binary_benchmark\dataset\tbf_imgs\unfocused\FieldPos009\FieldPos009_page_10.png,0,tbf_imgs::FieldPos009,,dataset,test,FieldPos009,tbf_imgs::FieldPos009
tbf_imgs,D:\Dineth\focus_binary_benchmark\dataset\tbf_imgs\unfocused\FieldPos009\FieldPos009_page_11.png,0,tbf_imgs::FieldPos009,,dataset,test,FieldPos009,tbf_imgs::FieldPos009
tbf_imgs,D:\Dineth\focus_binary_benchmark\dataset\tbf_imgs\unfocused\FieldPos009\FieldPos009_page_12.png,0,tbf_imgs::FieldPos009,,dataset,test,FieldPos009,tbf_imgs::FieldPos009
tbf_imgs,D:\Dineth\focus_binary_benchmark\dataset\tbf_imgs\unfocused\FieldPos009\FieldPos009_page_13.png,0,tbf_imgs::FieldPos009,,dataset,test,FieldPos009,tbf_imgs::FieldPos009
tbf_imgs,D:\Dineth\focus_binary_benchmark\dataset\tbf_imgs\unfocused\FieldPos009\FieldPos009_page_14.png,0,tbf_imgs::FieldPos009,,dataset,test,FieldPos009,tbf_imgs::FieldPos009
tbf_imgs,D:\Dineth\focus_binary_benchmark\dataset\tbf_imgs\unfocused\FieldPos009\FieldPos009_page_2.png,0,tbf_imgs::FieldPos009,,dataset,test,FieldPos009,tbf_imgs::FieldPos009
tbf_imgs,D:\Dineth\focus_binary_benchmark\dataset\tbf_imgs\unfocused\FieldPos009\FieldPos009_page_3.png,0,tbf_imgs::FieldPos009,,dataset,test,FieldPos009,tbf_imgs::FieldPos009
tbf_imgs,D:\Dineth\focus_binary_benchmark\dataset\tbf_imgs\unfocused\FieldPos009\FieldPos009_page_4.png,0,tbf_imgs::FieldPos009,,dataset,test,FieldPos009,tbf_imgs::FieldPos009
tbf_imgs,D:\Dineth\focus_binary_benchmark\dataset\tbf_imgs\unfocused\FieldPos009\FieldPos009_page_5.png,0,tbf_imgs::FieldPos009,,dataset,test,FieldPos009,tbf_imgs::FieldPos009
tbf_imgs,D:\Dineth\focus_binary_benchmark\dataset\tbf_imgs\unfocused\FieldPos009\FieldPos009_page_9.png,0,tbf_imgs::FieldPos009,,dataset,test,FieldPos009,tbf_imgs::FieldPos009
tbf_imgs,D:\Dineth\focus_binary_benchmark\dataset\tbf_imgs\unfocused\FieldPos009 (2)\FieldPos009 (2)_page_1.png,0,tbf_imgs::FieldPos009,,dataset,test,FieldPos009 (2),tbf_imgs::FieldPos009
tbf_imgs,D:\Dineth\focus_binary_benchmark\dataset\tbf_imgs\unfocused\FieldPos009 (2)\FieldPos009 (2)_page_10.png,0,tbf_imgs::FieldPos009,,dataset,test,FieldPos009 (2),tbf_imgs::FieldPos009
tbf_imgs,D:\Dineth\focus_binary_benchmark\dataset\tbf_imgs\unfocused\FieldPos009 (2)\FieldPos009 (2)_page_11.png,0,tbf_imgs::FieldPos009,,dataset,test,FieldPos009 (2),tbf_imgs::FieldPos009
tbf_imgs,D:\Dineth\focus_binary_benchmark\dataset\tbf_imgs\unfocused\FieldPos009 (2)\FieldPos009 (2)_page_12.png,0,tbf_imgs::FieldPos009,,dataset,test,FieldPos009 (2),tbf_imgs::FieldPos009
tbf_imgs,D:\Dineth\focus_binary_benchmark\dataset\tbf_imgs\unfocused\FieldPos009 (2)\FieldPos009 (2)_page_13.png,0,tbf_imgs::FieldPos009,,dataset,test,FieldPos009 (2),tbf_imgs::FieldPos009
tbf_imgs,D:\Dineth\focus_binary_benchmark\dataset\tbf_imgs\unfocused\FieldPos009 (2)\FieldPos009 (2)_page_14.png,0,tbf_imgs::FieldPos009,,dataset,test,FieldPos009 (2),tbf_imgs::FieldPos009
tbf_imgs,D:\Dineth\focus_binary_benchmark\dataset\tbf_imgs\unfocused\FieldPos009 (2)\FieldPos009 (2)_page_2.png,0,tbf_imgs::FieldPos009,,dataset,test,FieldPos009 (2),tbf_imgs::FieldPos009
tbf_imgs,D:\Dineth\focus_binary_benchmark\dataset\tbf_imgs\unfocused\FieldPos009 (2)\FieldPos009 (2)_page_3.png,0,tbf_imgs::FieldPos009,,dataset,test,FieldPos009 (2),tbf_imgs::FieldPos009
tbf_imgs,D:\Dineth\focus_binary_benchmark\dataset\tbf_imgs\unfocused\FieldPos009 (2)\FieldPos009 (2)_page_4.png,0,tbf_imgs::FieldPos009,,dataset,test,FieldPos009 (2),tbf_imgs::FieldPos009
tbf_imgs,D:\Dineth\focus_binary_benchmark\dataset\tbf_imgs\unfocused\FieldPos009 (2)\FieldPos009 (2)_page_5.png,0,tbf_imgs::FieldPos009,,dataset,test,FieldPos009 (2),tbf_imgs::FieldPos009
tbf_imgs,D:\Dineth\focus_binary_benchmark\dataset\tbf_imgs\unfocused\FieldPos009 (2)\FieldPos009 (2)_page_9.png,0,tbf_imgs::FieldPos009,,dataset,test,FieldPos009 (2),tbf_imgs::FieldPos009
tbf_imgs,D:\Dineth\focus_binary_benchmark\dataset\tbf_imgs\unfocused\FieldPos009 (3)\FieldPos009 (3)_page_1.png,0,tbf_imgs::FieldPos009,,dataset,test,FieldPos009 (3),tbf_imgs::FieldPos009
tbf_imgs,D:\Dineth\focus_binary_benchmark\dataset\tbf_imgs\unfocused\FieldPos009 (3)\FieldPos009 (3)_page_10.png,0,tbf_imgs::FieldPos009,,dataset,test,FieldPos009 (3),tbf_imgs::FieldPos009
tbf_imgs,D:\Dineth\focus_binary_benchmark\dataset\tbf_imgs\unfocused\FieldPos009 (3)\FieldPos009 (3)_page_11.png,0,tbf_imgs::FieldPos009,,dataset,test,FieldPos009 (3),tbf_imgs::FieldPos009
tbf_imgs,D:\Dineth\focus_binary_benchmark\dataset\tbf_imgs\unfocused\FieldPos009 (3)\FieldPos009 (3)_page_12.png,0,tbf_imgs::FieldPos009,,dataset,test,FieldPos009 (3),tbf_imgs::FieldPos009
tbf_imgs,D:\Dineth\focus_binary_benchmark\dataset\tbf_imgs\unfocused\FieldPos009 (3)\FieldPos009 (3)_page_13.png,0,tbf_imgs::FieldPos009,,dataset,test,FieldPos009 (3),tbf_imgs::FieldPos009
tbf_imgs,D:\Dineth\focus_binary_benchmark\dataset\tbf_imgs\unfocused\FieldPos009 (3)\FieldPos009 (3)_page_14.png,0,tbf_imgs::FieldPos009,,dataset,test,FieldPos009 (3),tbf_imgs::FieldPos009
tbf_imgs,D:\Dineth\focus_binary_benchmark\dataset\tbf_imgs\unfocused\FieldPos009 (3)\FieldPos009 (3)_page_2.png,0,tbf_imgs::FieldPos009,,dataset,test,FieldPos009 (3),tbf_imgs::FieldPos009
tbf_imgs,D:\Dineth\focus_binary_benchmark\dataset\tbf_imgs\unfocused\FieldPos009 (3)\FieldPos009 (3)_page_3.png,0,tbf_imgs::FieldPos009,,dataset,test,FieldPos009 (3),tbf_imgs::FieldPos009
tbf_imgs,D:\Dineth\focus_binary_benchmark\dataset\tbf_imgs\unfocused\FieldPos009 (3)\FieldPos009 (3)_page_4.png,0,tbf_imgs::FieldPos009,,dataset,test,FieldPos009 (3),tbf_imgs::FieldPos009
tbf_imgs,D:\Dineth\focus_binary_benchmark\dataset\tbf_imgs\unfocused\FieldPos009 (3)\FieldPos009 (3)_page_5.png,0,tbf_imgs::FieldPos009,,dataset,test,FieldPos009 (3),tbf_imgs::FieldPos009
tbf_imgs,D:\Dineth\focus_binary_benchmark\dataset\tbf_imgs\unfocused\FieldPos009 (3)\FieldPos009 (3)_page_9.png,0,tbf_imgs::FieldPos009,,dataset,test,FieldPos009 (3),tbf_imgs::FieldPos009
tbf_imgs,D:\Dineth\focus_binary_benchmark\dataset\tbf_imgs\unfocused\FieldPos010\FieldPos010_page_1.png,0,tbf_imgs::FieldPos010,,dataset,train,FieldPos010,tbf_imgs::FieldPos010
tbf_imgs,D:\Dineth\focus_binary_benchmark\dataset\tbf_imgs\unfocused\FieldPos010\FieldPos010_page_10.png,0,tbf_imgs::FieldPos010,,dataset,train,FieldPos010,tbf_imgs::FieldPos010
tbf_imgs,D:\Dineth\focus_binary_benchmark\dataset\tbf_imgs\unfocused\FieldPos010\FieldPos010_page_11.png,0,tbf_imgs::FieldPos010,,dataset,train,FieldPos010,tbf_imgs::FieldPos010
tbf_imgs,D:\Dineth\focus_binary_benchmark\dataset\tbf_imgs\unfocused\FieldPos010\FieldPos010_page_12.png,0,tbf_imgs::FieldPos010,,dataset,train,FieldPos010,tbf_imgs::FieldPos010
tbf_imgs,D:\Dineth\focus_binary_benchmark\dataset\tbf_imgs\unfocused\FieldPos010\FieldPos010_page_13.png,0,tbf_imgs::FieldPos010,,dataset,train,FieldPos010,tbf_imgs::FieldPos010
tbf_imgs,D:\Dineth\focus_binary_benchmark\dataset\tbf_imgs\unfocused\FieldPos010\FieldPos010_page_14.png,0,tbf_imgs::FieldPos010,,dataset,train,FieldPos010,tbf_imgs::FieldPos010
tbf_imgs,D:\Dineth\focus_binary_benchmark\dataset\tbf_imgs\unfocused\FieldPos010\FieldPos010_page_2.png,0,tbf_imgs::FieldPos010,,dataset,train,FieldPos010,tbf_imgs::FieldPos010
tbf_imgs,D:\Dineth\focus_binary_benchmark\dataset\tbf_imgs\unfocused\FieldPos010\FieldPos010_page_3.png,0,tbf_imgs::FieldPos010,,dataset,train,FieldPos010,tbf_imgs::FieldPos010
tbf_imgs,D:\Dineth\focus_binary_benchmark\dataset\tbf_imgs\unfocused\FieldPos010\FieldPos010_page_4.png,0,tbf_imgs::FieldPos010,,dataset,train,FieldPos010,tbf_imgs::FieldPos010
tbf_imgs,D:\Dineth\focus_binary_benchmark\dataset\tbf_imgs\unfocused\FieldPos010\FieldPos010_page_5.png,0,tbf_imgs::FieldPos010,,dataset,train,FieldPos010,tbf_imgs::FieldPos010
tbf_imgs,D:\Dineth\focus_binary_benchmark\dataset\tbf_imgs\unfocused\FieldPos010\FieldPos010_page_9.png,0,tbf_imgs::FieldPos010,,dataset,train,FieldPos010,tbf_imgs::FieldPos010
tbf_imgs,D:\Dineth\focus_binary_benchmark\dataset\tbf_imgs\unfocused\FieldPos010 (2)\FieldPos010 (2)_page_1.png,0,tbf_imgs::FieldPos010,,dataset,train,FieldPos010 (2),tbf_imgs::FieldPos010
tbf_imgs,D:\Dineth\focus_binary_benchmark\dataset\tbf_imgs\unfocused\FieldPos010 (2)\FieldPos010 (2)_page_10.png,0,tbf_imgs::FieldPos010,,dataset,train,FieldPos010 (2),tbf_imgs::FieldPos010
tbf_imgs,D:\Dineth\focus_binary_benchmark\dataset\tbf_imgs\unfocused\FieldPos010 (2)\FieldPos010 (2)_page_11.png,0,tbf_imgs::FieldPos010,,dataset,train,FieldPos010 (2),tbf_imgs::FieldPos010
tbf_imgs,D:\Dineth\focus_binary_benchmark\dataset\tbf_imgs\unfocused\FieldPos010 (2)\FieldPos010 (2)_page_12.png,0,tbf_imgs::FieldPos010,,dataset,train,FieldPos010 (2),tbf_imgs::FieldPos010
tbf_imgs,D:\Dineth\focus_binary_benchmark\dataset\tbf_imgs\unfocused\FieldPos010 (2)\FieldPos010 (2)_page_13.png,0,tbf_imgs::FieldPos010,,dataset,train,FieldPos010 (2),tbf_imgs::FieldPos010
tbf_imgs,D:\Dineth\focus_binary_benchmark\dataset\tbf_imgs\unfocused\FieldPos010 (2)\FieldPos010 (2)_page_14.png,0,tbf_imgs::FieldPos010,,dataset,train,FieldPos010 (2),tbf_imgs::FieldPos010
tbf_imgs,D:\Dineth\focus_binary_benchmark\dataset\tbf_imgs\unfocused\FieldPos010 (2)\FieldPos010 (2)_page_2.png,0,tbf_imgs::FieldPos010,,dataset,train,FieldPos010 (2),tbf_imgs::FieldPos010
tbf_imgs,D:\Dineth\focus_binary_benchmark\dataset\tbf_imgs\unfocused\FieldPos010 (2)\FieldPos010 (2)_page_3.png,0,tbf_imgs::FieldPos010,,dataset,train,FieldPos010 (2),tbf_imgs::FieldPos010
tbf_imgs,D:\Dineth\focus_binary_benchmark\dataset\tbf_imgs\unfocused\FieldPos010 (2)\FieldPos010 (2)_page_4.png,0,tbf_imgs::FieldPos010,,dataset,train,FieldPos010 (2),tbf_imgs::FieldPos010
tbf_imgs,D:\Dineth\focus_binary_benchmark\dataset\tbf_imgs\unfocused\FieldPos010 (2)\FieldPos010 (2)_page_5.png,0,tbf_imgs::FieldPos010,,dataset,train,FieldPos010 (2),tbf_imgs::FieldPos010
tbf_imgs,D:\Dineth\focus_binary_benchmark\dataset\tbf_imgs\unfocused\FieldPos010 (2)\FieldPos010 (2)_page_9.png,0,tbf_imgs::FieldPos010,,dataset,train,FieldPos010 (2),tbf_imgs::FieldPos010
tbf_imgs,D:\Dineth\focus_binary_benchmark\dataset\tbf_imgs\unfocused\FieldPos011\FieldPos011_page_1.png,0,tbf_imgs::FieldPos011,,dataset,train,FieldPos011,tbf_imgs::FieldPos011
tbf_imgs,D:\Dineth\focus_binary_benchmark\dataset\tbf_imgs\unfocused\FieldPos011\FieldPos011_page_10.png,0,tbf_imgs::FieldPos011,,dataset,train,FieldPos011,tbf_imgs::FieldPos011
tbf_imgs,D:\Dineth\focus_binary_benchmark\dataset\tbf_imgs\unfocused\FieldPos011\FieldPos011_page_11.png,0,tbf_imgs::FieldPos011,,dataset,train,FieldPos011,tbf_imgs::FieldPos011
tbf_imgs,D:\Dineth\focus_binary_benchmark\dataset\tbf_imgs\unfocused\FieldPos011\FieldPos011_page_12.png,0,tbf_imgs::FieldPos011,,dataset,train,FieldPos011,tbf_imgs::FieldPos011
tbf_imgs,D:\Dineth\focus_binary_benchmark\dataset\tbf_imgs\unfocused\FieldPos011\FieldPos011_page_13.png,0,tbf_imgs::FieldPos011,,dataset,train,FieldPos011,tbf_imgs::FieldPos011
tbf_imgs,D:\Dineth\focus_binary_benchmark\dataset\tbf_imgs\unfocused\FieldPos011\FieldPos011_page_14.png,0,tbf_imgs::FieldPos011,,dataset,train,FieldPos011,tbf_imgs::FieldPos011
tbf_imgs,D:\Dineth\focus_binary_benchmark\dataset\tbf_imgs\unfocused\FieldPos011\FieldPos011_page_2.png,0,tbf_imgs::FieldPos011,,dataset,train,FieldPos011,tbf_imgs::FieldPos011
tbf_imgs,D:\Dineth\focus_binary_benchmark\dataset\tbf_imgs\unfocused\FieldPos011\FieldPos011_page_3.png,0,tbf_imgs::FieldPos011,,dataset,train,FieldPos011,tbf_imgs::FieldPos011
tbf_imgs,D:\Dineth\focus_binary_benchmark\dataset\tbf_imgs\unfocused\FieldPos011\FieldPos011_page_4.png,0,tbf_imgs::FieldPos011,,dataset,train,FieldPos011,tbf_imgs::FieldPos011
tbf_imgs,D:\Dineth\focus_binary_benchmark\dataset\tbf_imgs\unfocused\FieldPos011\FieldPos011_page_8.png,0,tbf_imgs::FieldPos011,,dataset,train,FieldPos011,tbf_imgs::FieldPos011
tbf_imgs,D:\Dineth\focus_binary_benchmark\dataset\tbf_imgs\unfocused\FieldPos011\FieldPos011_page_9.png,0,tbf_imgs::FieldPos011,,dataset,train,FieldPos011,tbf_imgs::FieldPos011
tbf_imgs,D:\Dineth\focus_binary_benchmark\dataset\tbf_imgs\unfocused\FieldPos011 (2)\FieldPos011 (2)_page_1.png,0,tbf_imgs::FieldPos011,,dataset,train,FieldPos011 (2),tbf_imgs::FieldPos011
tbf_imgs,D:\Dineth\focus_binary_benchmark\dataset\tbf_imgs\unfocused\FieldPos011 (2)\FieldPos011 (2)_page_10.png,0,tbf_imgs::FieldPos011,,dataset,train,FieldPos011 (2),tbf_imgs::FieldPos011
tbf_imgs,D:\Dineth\focus_binary_benchmark\dataset\tbf_imgs\unfocused\FieldPos011 (2)\FieldPos011 (2)_page_11.png,0,tbf_imgs::FieldPos011,,dataset,train,FieldPos011 (2),tbf_imgs::FieldPos011
tbf_imgs,D:\Dineth\focus_binary_benchmark\dataset\tbf_imgs\unfocused\FieldPos011 (2)\FieldPos011 (2)_page_12.png,0,tbf_imgs::FieldPos011,,dataset,train,FieldPos011 (2),tbf_imgs::FieldPos011
tbf_imgs,D:\Dineth\focus_binary_benchmark\dataset\tbf_imgs\unfocused\FieldPos011 (2)\FieldPos011 (2)_page_13.png,0,tbf_imgs::FieldPos011,,dataset,train,FieldPos011 (2),tbf_imgs::FieldPos011
tbf_imgs,D:\Dineth\focus_binary_benchmark\dataset\tbf_imgs\unfocused\FieldPos011 (2)\FieldPos011 (2)_page_14.png,0,tbf_imgs::FieldPos011,,dataset,train,FieldPos011 (2),tbf_imgs::FieldPos011
tbf_imgs,D:\Dineth\focus_binary_benchmark\dataset\tbf_imgs\unfocused\FieldPos011 (2)\FieldPos011 (2)_page_2.png,0,tbf_imgs::FieldPos011,,dataset,train,FieldPos011 (2),tbf_imgs::FieldPos011
tbf_imgs,D:\Dineth\focus_binary_benchmark\dataset\tbf_imgs\unfocused\FieldPos011 (2)\FieldPos011 (2)_page_3.png,0,tbf_imgs::FieldPos011,,dataset,train,FieldPos011 (2),tbf_imgs::FieldPos011
tbf_imgs,D:\Dineth\focus_binary_benchmark\dataset\tbf_imgs\unfocused\FieldPos011 (2)\FieldPos011 (2)_page_4.png,0,tbf_imgs::FieldPos011,,dataset,train,FieldPos011 (2),tbf_imgs::FieldPos011
tbf_imgs,D:\Dineth\focus_binary_benchmark\dataset\tbf_imgs\unfocused\FieldPos011 (2)\FieldPos011 (2)_page_5.png,0,tbf_imgs::FieldPos011,,dataset,train,FieldPos011 (2),tbf_imgs::FieldPos011
tbf_imgs,D:\Dineth\focus_binary_benchmark\dataset\tbf_imgs\unfocused\FieldPos011 (2)\FieldPos011 (2)_page_6.png,0,tbf_imgs::FieldPos011,,dataset,train,FieldPos011 (2),tbf_imgs::FieldPos011
tbf_imgs,D:\Dineth\focus_binary_benchmark\dataset\tbf_imgs\unfocused\FieldPos012\FieldPos012_page_1.png,0,tbf_imgs::FieldPos012,,dataset,train,FieldPos012,tbf_imgs::FieldPos012
tbf_imgs,D:\Dineth\focus_binary_benchmark\dataset\tbf_imgs\unfocused\FieldPos012\FieldPos012_page_10.png,0,tbf_imgs::FieldPos012,,dataset,train,FieldPos012,tbf_imgs::FieldPos012
tbf_imgs,D:\Dineth\focus_binary_benchmark\dataset\tbf_imgs\unfocused\FieldPos012\FieldPos012_page_11.png,0,tbf_imgs::FieldPos012,,dataset,train,FieldPos012,tbf_imgs::FieldPos012
tbf_imgs,D:\Dineth\focus_binary_benchmark\dataset\tbf_imgs\unfocused\FieldPos012\FieldPos012_page_12.png,0,tbf_imgs::FieldPos012,,dataset,train,FieldPos012,tbf_imgs::FieldPos012
tbf_imgs,D:\Dineth\focus_binary_benchmark\dataset\tbf_imgs\unfocused\FieldPos012\FieldPos012_page_13.png,0,tbf_imgs::FieldPos012,,dataset,train,FieldPos012,tbf_imgs::FieldPos012
tbf_imgs,D:\Dineth\focus_binary_benchmark\dataset\tbf_imgs\unfocused\FieldPos012\FieldPos012_page_14.png,0,tbf_imgs::FieldPos012,,dataset,train,FieldPos012,tbf_imgs::FieldPos012
tbf_imgs,D:\Dineth\focus_binary_benchmark\dataset\tbf_imgs\unfocused\FieldPos012\FieldPos012_page_2.png,0,tbf_imgs::FieldPos012,,dataset,train,FieldPos012,tbf_imgs::FieldPos012
tbf_imgs,D:\Dineth\focus_binary_benchmark\dataset\tbf_imgs\unfocused\FieldPos012\FieldPos012_page_3.png,0,tbf_imgs::FieldPos012,,dataset,train,FieldPos012,tbf_imgs::FieldPos012
tbf_imgs,D:\Dineth\focus_binary_benchmark\dataset\tbf_imgs\unfocused\FieldPos012\FieldPos012_page_7.png,0,tbf_imgs::FieldPos012,,dataset,train,FieldPos012,tbf_imgs::FieldPos012
tbf_imgs,D:\Dineth\focus_binary_benchmark\dataset\tbf_imgs\unfocused\FieldPos012\FieldPos012_page_8.png,0,tbf_imgs::FieldPos012,,dataset,train,FieldPos012,tbf_imgs::FieldPos012
tbf_imgs,D:\Dineth\focus_binary_benchmark\dataset\tbf_imgs\unfocused\FieldPos012\FieldPos012_page_9.png,0,tbf_imgs::FieldPos012,,dataset,train,FieldPos012,tbf_imgs::FieldPos012
tbf_imgs,D:\Dineth\focus_binary_benchmark\dataset\tbf_imgs\unfocused\FieldPos012 (2)\FieldPos012 (2)_page_1.png,0,tbf_imgs::FieldPos012,,dataset,train,FieldPos012 (2),tbf_imgs::FieldPos012
tbf_imgs,D:\Dineth\focus_binary_benchmark\dataset\tbf_imgs\unfocused\FieldPos012 (2)\FieldPos012 (2)_page_10.png,0,tbf_imgs::FieldPos012,,dataset,train,FieldPos012 (2),tbf_imgs::FieldPos012
tbf_imgs,D:\Dineth\focus_binary_benchmark\dataset\tbf_imgs\unfocused\FieldPos012 (2)\FieldPos012 (2)_page_11.png,0,tbf_imgs::FieldPos012,,dataset,train,FieldPos012 (2),tbf_imgs::FieldPos012
tbf_imgs,D:\Dineth\focus_binary_benchmark\dataset\tbf_imgs\unfocused\FieldPos012 (2)\FieldPos012 (2)_page_12.png,0,tbf_imgs::FieldPos012,,dataset,train,FieldPos012 (2),tbf_imgs::FieldPos012
tbf_imgs,D:\Dineth\focus_binary_benchmark\dataset\tbf_imgs\unfocused\FieldPos012 (2)\FieldPos012 (2)_page_13.png,0,tbf_imgs::FieldPos012,,dataset,train,FieldPos012 (2),tbf_imgs::FieldPos012
tbf_imgs,D:\Dineth\focus_binary_benchmark\dataset\tbf_imgs\unfocused\FieldPos012 (2)\FieldPos012 (2)_page_14.png,0,tbf_imgs::FieldPos012,,dataset,train,FieldPos012 (2),tbf_imgs::FieldPos012
tbf_imgs,D:\Dineth\focus_binary_benchmark\dataset\tbf_imgs\unfocused\FieldPos012 (2)\FieldPos012 (2)_page_2.png,0,tbf_imgs::FieldPos012,,dataset,train,FieldPos012 (2),tbf_imgs::FieldPos012
tbf_imgs,D:\Dineth\focus_binary_benchmark\dataset\tbf_imgs\unfocused\FieldPos012 (2)\FieldPos012 (2)_page_3.png,0,tbf_imgs::FieldPos012,,dataset,train,FieldPos012 (2),tbf_imgs::FieldPos012
tbf_imgs,D:\Dineth\focus_binary_benchmark\dataset\tbf_imgs\unfocused\FieldPos012 (2)\FieldPos012 (2)_page_4.png,0,tbf_imgs::FieldPos012,,dataset,train,FieldPos012 (2),tbf_imgs::FieldPos012
tbf_imgs,D:\Dineth\focus_binary_benchmark\dataset\tbf_imgs\unfocused\FieldPos012 (2)\FieldPos012 (2)_page_5.png,0,tbf_imgs::FieldPos012,,dataset,train,FieldPos012 (2),tbf_imgs::FieldPos012
tbf_imgs,D:\Dineth\focus_binary_benchmark\dataset\tbf_imgs\unfocused\FieldPos012 (2)\FieldPos012 (2)_page_6.png,0,tbf_imgs::FieldPos012,,dataset,train,FieldPos012 (2),tbf_imgs::FieldPos012
tbf_imgs,D:\Dineth\focus_binary_benchmark\dataset\tbf_imgs\unfocused\FieldPos013\FieldPos013_page_1.png,0,tbf_imgs::FieldPos013,,dataset,val,FieldPos013,tbf_imgs::FieldPos013
tbf_imgs,D:\Dineth\focus_binary_benchmark\dataset\tbf_imgs\unfocused\FieldPos013\FieldPos013_page_10.png,0,tbf_imgs::FieldPos013,,dataset,val,FieldPos013,tbf_imgs::FieldPos013
tbf_imgs,D:\Dineth\focus_binary_benchmark\dataset\tbf_imgs\unfocused\FieldPos013\FieldPos013_page_11.png,0,tbf_imgs::FieldPos013,,dataset,val,FieldPos013,tbf_imgs::FieldPos013
tbf_imgs,D:\Dineth\focus_binary_benchmark\dataset\tbf_imgs\unfocused\FieldPos013\FieldPos013_page_12.png,0,tbf_imgs::FieldPos013,,dataset,val,FieldPos013,tbf_imgs::FieldPos013
tbf_imgs,D:\Dineth\focus_binary_benchmark\dataset\tbf_imgs\unfocused\FieldPos013\FieldPos013_page_13.png,0,tbf_imgs::FieldPos013,,dataset,val,FieldPos013,tbf_imgs::FieldPos013
tbf_imgs,D:\Dineth\focus_binary_benchmark\dataset\tbf_imgs\unfocused\FieldPos013\FieldPos013_page_14.png,0,tbf_imgs::FieldPos013,,dataset,val,FieldPos013,tbf_imgs::FieldPos013
tbf_imgs,D:\Dineth\focus_binary_benchmark\dataset\tbf_imgs\unfocused\FieldPos013\FieldPos013_page_2.png,0,tbf_imgs::FieldPos013,,dataset,val,FieldPos013,tbf_imgs::FieldPos013
tbf_imgs,D:\Dineth\focus_binary_benchmark\dataset\tbf_imgs\unfocused\FieldPos013\FieldPos013_page_3.png,0,tbf_imgs::FieldPos013,,dataset,val,FieldPos013,tbf_imgs::FieldPos013
tbf_imgs,D:\Dineth\focus_binary_benchmark\dataset\tbf_imgs\unfocused\FieldPos013\FieldPos013_page_4.png,0,tbf_imgs::FieldPos013,,dataset,val,FieldPos013,tbf_imgs::FieldPos013
tbf_imgs,D:\Dineth\focus_binary_benchmark\dataset\tbf_imgs\unfocused\FieldPos013\FieldPos013_page_5.png,0,tbf_imgs::FieldPos013,,dataset,val,FieldPos013,tbf_imgs::FieldPos013
tbf_imgs,D:\Dineth\focus_binary_benchmark\dataset\tbf_imgs\unfocused\FieldPos013\FieldPos013_page_9.png,0,tbf_imgs::FieldPos013,,dataset,val,FieldPos013,tbf_imgs::FieldPos013
tbf_imgs,D:\Dineth\focus_binary_benchmark\dataset\tbf_imgs\unfocused\FieldPos013 (2)\FieldPos013 (2)_page_1.png,0,tbf_imgs::FieldPos013,,dataset,val,FieldPos013 (2),tbf_imgs::FieldPos013
tbf_imgs,D:\Dineth\focus_binary_benchmark\dataset\tbf_imgs\unfocused\FieldPos013 (2)\FieldPos013 (2)_page_10.png,0,tbf_imgs::FieldPos013,,dataset,val,FieldPos013 (2),tbf_imgs::FieldPos013
tbf_imgs,D:\Dineth\focus_binary_benchmark\dataset\tbf_imgs\unfocused\FieldPos013 (2)\FieldPos013 (2)_page_11.png,0,tbf_imgs::FieldPos013,,dataset,val,FieldPos013 (2),tbf_imgs::FieldPos013
tbf_imgs,D:\Dineth\focus_binary_benchmark\dataset\tbf_imgs\unfocused\FieldPos013 (2)\FieldPos013 (2)_page_12.png,0,tbf_imgs::FieldPos013,,dataset,val,FieldPos013 (2),tbf_imgs::FieldPos013
tbf_imgs,D:\Dineth\focus_binary_benchmark\dataset\tbf_imgs\unfocused\FieldPos013 (2)\FieldPos013 (2)_page_13.png,0,tbf_imgs::FieldPos013,,dataset,val,FieldPos013 (2),tbf_imgs::FieldPos013
tbf_imgs,D:\Dineth\focus_binary_benchmark\dataset\tbf_imgs\unfocused\FieldPos013 (2)\FieldPos013 (2)_page_14.png,0,tbf_imgs::FieldPos013,,dataset,val,FieldPos013 (2),tbf_imgs::FieldPos013
tbf_imgs,D:\Dineth\focus_binary_benchmark\dataset\tbf_imgs\unfocused\FieldPos013 (2)\FieldPos013 (2)_page_2.png,0,tbf_imgs::FieldPos013,,dataset,val,FieldPos013 (2),tbf_imgs::FieldPos013
tbf_imgs,D:\Dineth\focus_binary_benchmark\dataset\tbf_imgs\unfocused\FieldPos013 (2)\FieldPos013 (2)_page_3.png,0,tbf_imgs::FieldPos013,,dataset,val,FieldPos013 (2),tbf_imgs::FieldPos013
tbf_imgs,D:\Dineth\focus_binary_benchmark\dataset\tbf_imgs\unfocused\FieldPos013 (2)\FieldPos013 (2)_page_4.png,0,tbf_imgs::FieldPos013,,dataset,val,FieldPos013 (2),tbf_imgs::FieldPos013
tbf_imgs,D:\Dineth\focus_binary_benchmark\dataset\tbf_imgs\unfocused\FieldPos013 (2)\FieldPos013 (2)_page_5.png,0,tbf_imgs::FieldPos013,,dataset,val,FieldPos013 (2),tbf_imgs::FieldPos013
tbf_imgs,D:\Dineth\focus_binary_benchmark\dataset\tbf_imgs\unfocused\FieldPos013 (2)\FieldPos013 (2)_page_6.png,0,tbf_imgs::FieldPos013,,dataset,val,FieldPos013 (2),tbf_imgs::FieldPos013
tbf_imgs,D:\Dineth\focus_binary_benchmark\dataset\tbf_imgs\unfocused\FieldPos014\FieldPos014_page_1.png,0,tbf_imgs::FieldPos014,,dataset,test,FieldPos014,tbf_imgs::FieldPos014
tbf_imgs,D:\Dineth\focus_binary_benchmark\dataset\tbf_imgs\unfocused\FieldPos014\FieldPos014_page_10.png,0,tbf_imgs::FieldPos014,,dataset,test,FieldPos014,tbf_imgs::FieldPos014
tbf_imgs,D:\Dineth\focus_binary_benchmark\dataset\tbf_imgs\unfocused\FieldPos014\FieldPos014_page_11.png,0,tbf_imgs::FieldPos014,,dataset,test,FieldPos014,tbf_imgs::FieldPos014
tbf_imgs,D:\Dineth\focus_binary_benchmark\dataset\tbf_imgs\unfocused\FieldPos014\FieldPos014_page_12.png,0,tbf_imgs::FieldPos014,,dataset,test,FieldPos014,tbf_imgs::FieldPos014
tbf_imgs,D:\Dineth\focus_binary_benchmark\dataset\tbf_imgs\unfocused\FieldPos014\FieldPos014_page_13.png,0,tbf_imgs::FieldPos014,,dataset,test,FieldPos014,tbf_imgs::FieldPos014
tbf_imgs,D:\Dineth\focus_binary_benchmark\dataset\tbf_imgs\unfocused\FieldPos014\FieldPos014_page_14.png,0,tbf_imgs::FieldPos014,,dataset,test,FieldPos014,tbf_imgs::FieldPos014
tbf_imgs,D:\Dineth\focus_binary_benchmark\dataset\tbf_imgs\unfocused\FieldPos014\FieldPos014_page_2.png,0,tbf_imgs::FieldPos014,,dataset,test,FieldPos014,tbf_imgs::FieldPos014
tbf_imgs,D:\Dineth\focus_binary_benchmark\dataset\tbf_imgs\unfocused\FieldPos014\FieldPos014_page_3.png,0,tbf_imgs::FieldPos014,,dataset,test,FieldPos014,tbf_imgs::FieldPos014
tbf_imgs,D:\Dineth\focus_binary_benchmark\dataset\tbf_imgs\unfocused\FieldPos014\FieldPos014_page_7.png,0,tbf_imgs::FieldPos014,,dataset,test,FieldPos014,tbf_imgs::FieldPos014
tbf_imgs,D:\Dineth\focus_binary_benchmark\dataset\tbf_imgs\unfocused\FieldPos014\FieldPos014_page_8.png,0,tbf_imgs::FieldPos014,,dataset,test,FieldPos014,tbf_imgs::FieldPos014
tbf_imgs,D:\Dineth\focus_binary_benchmark\dataset\tbf_imgs\unfocused\FieldPos014\FieldPos014_page_9.png,0,tbf_imgs::FieldPos014,,dataset,test,FieldPos014,tbf_imgs::FieldPos014
tbf_imgs,D:\Dineth\focus_binary_benchmark\dataset\tbf_imgs\unfocused\FieldPos014 (2)\FieldPos014 (2)_page_1.png,0,tbf_imgs::FieldPos014,,dataset,test,FieldPos014 (2),tbf_imgs::FieldPos014
tbf_imgs,D:\Dineth\focus_binary_benchmark\dataset\tbf_imgs\unfocused\FieldPos014 (2)\FieldPos014 (2)_page_10.png,0,tbf_imgs::FieldPos014,,dataset,test,FieldPos014 (2),tbf_imgs::FieldPos014
tbf_imgs,D:\Dineth\focus_binary_benchmark\dataset\tbf_imgs\unfocused\FieldPos014 (2)\FieldPos014 (2)_page_11.png,0,tbf_imgs::FieldPos014,,dataset,test,FieldPos014 (2),tbf_imgs::FieldPos014
tbf_imgs,D:\Dineth\focus_binary_benchmark\dataset\tbf_imgs\unfocused\FieldPos014 (2)\FieldPos014 (2)_page_12.png,0,tbf_imgs::FieldPos014,,dataset,test,FieldPos014 (2),tbf_imgs::FieldPos014
tbf_imgs,D:\Dineth\focus_binary_benchmark\dataset\tbf_imgs\unfocused\FieldPos014 (2)\FieldPos014 (2)_page_13.png,0,tbf_imgs::FieldPos014,,dataset,test,FieldPos014 (2),tbf_imgs::FieldPos014
tbf_imgs,D:\Dineth\focus_binary_benchmark\dataset\tbf_imgs\unfocused\FieldPos014 (2)\FieldPos014 (2)_page_14.png,0,tbf_imgs::FieldPos014,,dataset,test,FieldPos014 (2),tbf_imgs::FieldPos014
tbf_imgs,D:\Dineth\focus_binary_benchmark\dataset\tbf_imgs\unfocused\FieldPos014 (2)\FieldPos014 (2)_page_2.png,0,tbf_imgs::FieldPos014,,dataset,test,FieldPos014 (2),tbf_imgs::FieldPos014
tbf_imgs,D:\Dineth\focus_binary_benchmark\dataset\tbf_imgs\unfocused\FieldPos014 (2)\FieldPos014 (2)_page_3.png,0,tbf_imgs::FieldPos014,,dataset,test,FieldPos014 (2),tbf_imgs::FieldPos014
tbf_imgs,D:\Dineth\focus_binary_benchmark\dataset\tbf_imgs\unfocused\FieldPos014 (2)\FieldPos014 (2)_page_4.png,0,tbf_imgs::FieldPos014,,dataset,test,FieldPos014 (2),tbf_imgs::FieldPos014
tbf_imgs,D:\Dineth\focus_binary_benchmark\dataset\tbf_imgs\unfocused\FieldPos014 (2)\FieldPos014 (2)_page_5.png,0,tbf_imgs::FieldPos014,,dataset,test,FieldPos014 (2),tbf_imgs::FieldPos014
tbf_imgs,D:\Dineth\focus_binary_benchmark\dataset\tbf_imgs\unfocused\FieldPos014 (2)\FieldPos014 (2)_page_6.png,0,tbf_imgs::FieldPos014,,dataset,test,FieldPos014 (2),tbf_imgs::FieldPos014
tbf_imgs,D:\Dineth\focus_binary_benchmark\dataset\tbf_imgs\unfocused\FieldPos015\FieldPos015_page_1.png,0,tbf_imgs::FieldPos015,,dataset,test,FieldPos015,tbf_imgs::FieldPos015
tbf_imgs,D:\Dineth\focus_binary_benchmark\dataset\tbf_imgs\unfocused\FieldPos015\FieldPos015_page_10.png,0,tbf_imgs::FieldPos015,,dataset,test,FieldPos015,tbf_imgs::FieldPos015
tbf_imgs,D:\Dineth\focus_binary_benchmark\dataset\tbf_imgs\unfocused\FieldPos015\FieldPos015_page_11.png,0,tbf_imgs::FieldPos015,,dataset,test,FieldPos015,tbf_imgs::FieldPos015
tbf_imgs,D:\Dineth\focus_binary_benchmark\dataset\tbf_imgs\unfocused\FieldPos015\FieldPos015_page_12.png,0,tbf_imgs::FieldPos015,,dataset,test,FieldPos015,tbf_imgs::FieldPos015
tbf_imgs,D:\Dineth\focus_binary_benchmark\dataset\tbf_imgs\unfocused\FieldPos015\FieldPos015_page_13.png,0,tbf_imgs::FieldPos015,,dataset,test,FieldPos015,tbf_imgs::FieldPos015
tbf_imgs,D:\Dineth\focus_binary_benchmark\dataset\tbf_imgs\unfocused\FieldPos015\FieldPos015_page_14.png,0,tbf_imgs::FieldPos015,,dataset,test,FieldPos015,tbf_imgs::FieldPos015
tbf_imgs,D:\Dineth\focus_binary_benchmark\dataset\tbf_imgs\unfocused\FieldPos015\FieldPos015_page_2.png,0,tbf_imgs::FieldPos015,,dataset,test,FieldPos015,tbf_imgs::FieldPos015
tbf_imgs,D:\Dineth\focus_binary_benchmark\dataset\tbf_imgs\unfocused\FieldPos015\FieldPos015_page_3.png,0,tbf_imgs::FieldPos015,,dataset,test,FieldPos015,tbf_imgs::FieldPos015
tbf_imgs,D:\Dineth\focus_binary_benchmark\dataset\tbf_imgs\unfocused\FieldPos015\FieldPos015_page_4.png,0,tbf_imgs::FieldPos015,,dataset,test,FieldPos015,tbf_imgs::FieldPos015
tbf_imgs,D:\Dineth\focus_binary_benchmark\dataset\tbf_imgs\unfocused\FieldPos015\FieldPos015_page_5.png,0,tbf_imgs::FieldPos015,,dataset,test,FieldPos015,tbf_imgs::FieldPos015
tbf_imgs,D:\Dineth\focus_binary_benchmark\dataset\tbf_imgs\unfocused\FieldPos015\FieldPos015_page_9.png,0,tbf_imgs::FieldPos015,,dataset,test,FieldPos015,tbf_imgs::FieldPos015
tbf_imgs,D:\Dineth\focus_binary_benchmark\dataset\tbf_imgs\unfocused\FieldPos015 (2)\FieldPos015 (2)_page_1.png,0,tbf_imgs::FieldPos015,,dataset,test,FieldPos015 (2),tbf_imgs::FieldPos015
tbf_imgs,D:\Dineth\focus_binary_benchmark\dataset\tbf_imgs\unfocused\FieldPos015 (2)\FieldPos015 (2)_page_10.png,0,tbf_imgs::FieldPos015,,dataset,test,FieldPos015 (2),tbf_imgs::FieldPos015
tbf_imgs,D:\Dineth\focus_binary_benchmark\dataset\tbf_imgs\unfocused\FieldPos015 (2)\FieldPos015 (2)_page_11.png,0,tbf_imgs::FieldPos015,,dataset,test,FieldPos015 (2),tbf_imgs::FieldPos015
tbf_imgs,D:\Dineth\focus_binary_benchmark\dataset\tbf_imgs\unfocused\FieldPos015 (2)\FieldPos015 (2)_page_12.png,0,tbf_imgs::FieldPos015,,dataset,test,FieldPos015 (2),tbf_imgs::FieldPos015
tbf_imgs,D:\Dineth\focus_binary_benchmark\dataset\tbf_imgs\unfocused\FieldPos015 (2)\FieldPos015 (2)_page_13.png,0,tbf_imgs::FieldPos015,,dataset,test,FieldPos015 (2),tbf_imgs::FieldPos015
tbf_imgs,D:\Dineth\focus_binary_benchmark\dataset\tbf_imgs\unfocused\FieldPos015 (2)\FieldPos015 (2)_page_14.png,0,tbf_imgs::FieldPos015,,dataset,test,FieldPos015 (2),tbf_imgs::FieldPos015
tbf_imgs,D:\Dineth\focus_binary_benchmark\dataset\tbf_imgs\unfocused\FieldPos015 (2)\FieldPos015 (2)_page_2.png,0,tbf_imgs::FieldPos015,,dataset,test,FieldPos015 (2),tbf_imgs::FieldPos015
tbf_imgs,D:\Dineth\focus_binary_benchmark\dataset\tbf_imgs\unfocused\FieldPos015 (2)\FieldPos015 (2)_page_3.png,0,tbf_imgs::FieldPos015,,dataset,test,FieldPos015 (2),tbf_imgs::FieldPos015
tbf_imgs,D:\Dineth\focus_binary_benchmark\dataset\tbf_imgs\unfocused\FieldPos015 (2)\FieldPos015 (2)_page_4.png,0,tbf_imgs::FieldPos015,,dataset,test,FieldPos015 (2),tbf_imgs::FieldPos015
tbf_imgs,D:\Dineth\focus_binary_benchmark\dataset\tbf_imgs\unfocused\FieldPos015 (2)\FieldPos015 (2)_page_5.png,0,tbf_imgs::FieldPos015,,dataset,test,FieldPos015 (2),tbf_imgs::FieldPos015
tbf_imgs,D:\Dineth\focus_binary_benchmark\dataset\tbf_imgs\unfocused\FieldPos015 (2)\FieldPos015 (2)_page_6.png,0,tbf_imgs::FieldPos015,,dataset,test,FieldPos015 (2),tbf_imgs::FieldPos015
tbf_imgs,D:\Dineth\focus_binary_benchmark\dataset\tbf_imgs\unfocused\FieldPos015 (3)\FieldPos015 (3)_page_1.png,0,tbf_imgs::FieldPos015,,dataset,test,FieldPos015 (3),tbf_imgs::FieldPos015
tbf_imgs,D:\Dineth\focus_binary_benchmark\dataset\tbf_imgs\unfocused\FieldPos015 (3)\FieldPos015 (3)_page_10.png,0,tbf_imgs::FieldPos015,,dataset,test,FieldPos015 (3),tbf_imgs::FieldPos015
tbf_imgs,D:\Dineth\focus_binary_benchmark\dataset\tbf_imgs\unfocused\FieldPos015 (3)\FieldPos015 (3)_page_11.png,0,tbf_imgs::FieldPos015,,dataset,test,FieldPos015 (3),tbf_imgs::FieldPos015
tbf_imgs,D:\Dineth\focus_binary_benchmark\dataset\tbf_imgs\unfocused\FieldPos015 (3)\FieldPos015 (3)_page_12.png,0,tbf_imgs::FieldPos015,,dataset,test,FieldPos015 (3),tbf_imgs::FieldPos015
tbf_imgs,D:\Dineth\focus_binary_benchmark\dataset\tbf_imgs\unfocused\FieldPos015 (3)\FieldPos015 (3)_page_13.png,0,tbf_imgs::FieldPos015,,dataset,test,FieldPos015 (3),tbf_imgs::FieldPos015
tbf_imgs,D:\Dineth\focus_binary_benchmark\dataset\tbf_imgs\unfocused\FieldPos015 (3)\FieldPos015 (3)_page_14.png,0,tbf_imgs::FieldPos015,,dataset,test,FieldPos015 (3),tbf_imgs::FieldPos015
tbf_imgs,D:\Dineth\focus_binary_benchmark\dataset\tbf_imgs\unfocused\FieldPos015 (3)\FieldPos015 (3)_page_2.png,0,tbf_imgs::FieldPos015,,dataset,test,FieldPos015 (3),tbf_imgs::FieldPos015
tbf_imgs,D:\Dineth\focus_binary_benchmark\dataset\tbf_imgs\unfocused\FieldPos015 (3)\FieldPos015 (3)_page_3.png,0,tbf_imgs::FieldPos015,,dataset,test,FieldPos015 (3),tbf_imgs::FieldPos015
tbf_imgs,D:\Dineth\focus_binary_benchmark\dataset\tbf_imgs\unfocused\FieldPos015 (3)\FieldPos015 (3)_page_4.png,0,tbf_imgs::FieldPos015,,dataset,test,FieldPos015 (3),tbf_imgs::FieldPos015
tbf_imgs,D:\Dineth\focus_binary_benchmark\dataset\tbf_imgs\unfocused\FieldPos015 (3)\FieldPos015 (3)_page_5.png,0,tbf_imgs::FieldPos015,,dataset,test,FieldPos015 (3),tbf_imgs::FieldPos015
tbf_imgs,D:\Dineth\focus_binary_benchmark\dataset\tbf_imgs\unfocused\FieldPos015 (3)\FieldPos015 (3)_page_6.png,0,tbf_imgs::FieldPos015,,dataset,test,FieldPos015 (3),tbf_imgs::FieldPos015
tbf_imgs,D:\Dineth\focus_binary_benchmark\dataset\tbf_imgs\unfocused\FieldPos016\FieldPos016_page_1.png,0,tbf_imgs::FieldPos016,,dataset,train,FieldPos016,tbf_imgs::FieldPos016
tbf_imgs,D:\Dineth\focus_binary_benchmark\dataset\tbf_imgs\unfocused\FieldPos016\FieldPos016_page_10.png,0,tbf_imgs::FieldPos016,,dataset,train,FieldPos016,tbf_imgs::FieldPos016
tbf_imgs,D:\Dineth\focus_binary_benchmark\dataset\tbf_imgs\unfocused\FieldPos016\FieldPos016_page_11.png,0,tbf_imgs::FieldPos016,,dataset,train,FieldPos016,tbf_imgs::FieldPos016
tbf_imgs,D:\Dineth\focus_binary_benchmark\dataset\tbf_imgs\unfocused\FieldPos016\FieldPos016_page_12.png,0,tbf_imgs::FieldPos016,,dataset,train,FieldPos016,tbf_imgs::FieldPos016
tbf_imgs,D:\Dineth\focus_binary_benchmark\dataset\tbf_imgs\unfocused\FieldPos016\FieldPos016_page_13.png,0,tbf_imgs::FieldPos016,,dataset,train,FieldPos016,tbf_imgs::FieldPos016
tbf_imgs,D:\Dineth\focus_binary_benchmark\dataset\tbf_imgs\unfocused\FieldPos016\FieldPos016_page_14.png,0,tbf_imgs::FieldPos016,,dataset,train,FieldPos016,tbf_imgs::FieldPos016
tbf_imgs,D:\Dineth\focus_binary_benchmark\dataset\tbf_imgs\unfocused\FieldPos016\FieldPos016_page_2.png,0,tbf_imgs::FieldPos016,,dataset,train,FieldPos016,tbf_imgs::FieldPos016
tbf_imgs,D:\Dineth\focus_binary_benchmark\dataset\tbf_imgs\unfocused\FieldPos016\FieldPos016_page_3.png,0,tbf_imgs::FieldPos016,,dataset,train,FieldPos016,tbf_imgs::FieldPos016
tbf_imgs,D:\Dineth\focus_binary_benchmark\dataset\tbf_imgs\unfocused\FieldPos016\FieldPos016_page_4.png,0,tbf_imgs::FieldPos016,,dataset,train,FieldPos016,tbf_imgs::FieldPos016
tbf_imgs,D:\Dineth\focus_binary_benchmark\dataset\tbf_imgs\unfocused\FieldPos016\FieldPos016_page_5.png,0,tbf_imgs::FieldPos016,,dataset,train,FieldPos016,tbf_imgs::FieldPos016
tbf_imgs,D:\Dineth\focus_binary_benchmark\dataset\tbf_imgs\unfocused\FieldPos016\FieldPos016_page_9.png,0,tbf_imgs::FieldPos016,,dataset,train,FieldPos016,tbf_imgs::FieldPos016
tbf_imgs,D:\Dineth\focus_binary_benchmark\dataset\tbf_imgs\unfocused\FieldPos017\FieldPos017_page_1.png,0,tbf_imgs::FieldPos017,,dataset,val,FieldPos017,tbf_imgs::FieldPos017
tbf_imgs,D:\Dineth\focus_binary_benchmark\dataset\tbf_imgs\unfocused\FieldPos017\FieldPos017_page_10.png,0,tbf_imgs::FieldPos017,,dataset,val,FieldPos017,tbf_imgs::FieldPos017
tbf_imgs,D:\Dineth\focus_binary_benchmark\dataset\tbf_imgs\unfocused\FieldPos017\FieldPos017_page_11.png,0,tbf_imgs::FieldPos017,,dataset,val,FieldPos017,tbf_imgs::FieldPos017
tbf_imgs,D:\Dineth\focus_binary_benchmark\dataset\tbf_imgs\unfocused\FieldPos017\FieldPos017_page_12.png,0,tbf_imgs::FieldPos017,,dataset,val,FieldPos017,tbf_imgs::FieldPos017
tbf_imgs,D:\Dineth\focus_binary_benchmark\dataset\tbf_imgs\unfocused\FieldPos017\FieldPos017_page_13.png,0,tbf_imgs::FieldPos017,,dataset,val,FieldPos017,tbf_imgs::FieldPos017
tbf_imgs,D:\Dineth\focus_binary_benchmark\dataset\tbf_imgs\unfocused\FieldPos017\FieldPos017_page_14.png,0,tbf_imgs::FieldPos017,,dataset,val,FieldPos017,tbf_imgs::FieldPos017
tbf_imgs,D:\Dineth\focus_binary_benchmark\dataset\tbf_imgs\unfocused\FieldPos017\FieldPos017_page_2.png,0,tbf_imgs::FieldPos017,,dataset,val,FieldPos017,tbf_imgs::FieldPos017
tbf_imgs,D:\Dineth\focus_binary_benchmark\dataset\tbf_imgs\unfocused\FieldPos017\FieldPos017_page_3.png,0,tbf_imgs::FieldPos017,,dataset,val,FieldPos017,tbf_imgs::FieldPos017
tbf_imgs,D:\Dineth\focus_binary_benchmark\dataset\tbf_imgs\unfocused\FieldPos017\FieldPos017_page_7.png,0,tbf_imgs::FieldPos017,,dataset,val,FieldPos017,tbf_imgs::FieldPos017
tbf_imgs,D:\Dineth\focus_binary_benchmark\dataset\tbf_imgs\unfocused\FieldPos017\FieldPos017_page_8.png,0,tbf_imgs::FieldPos017,,dataset,val,FieldPos017,tbf_imgs::FieldPos017
tbf_imgs,D:\Dineth\focus_binary_benchmark\dataset\tbf_imgs\unfocused\FieldPos017\FieldPos017_page_9.png,0,tbf_imgs::FieldPos017,,dataset,val,FieldPos017,tbf_imgs::FieldPos017
tbf_imgs,D:\Dineth\focus_binary_benchmark\dataset\tbf_imgs\unfocused\FieldPos017 (2)\FieldPos017 (2)_page_1.png,0,tbf_imgs::FieldPos017,,dataset,val,FieldPos017 (2),tbf_imgs::FieldPos017
tbf_imgs,D:\Dineth\focus_binary_benchmark\dataset\tbf_imgs\unfocused\FieldPos017 (2)\FieldPos017 (2)_page_10.png,0,tbf_imgs::FieldPos017,,dataset,val,FieldPos017 (2),tbf_imgs::FieldPos017
tbf_imgs,D:\Dineth\focus_binary_benchmark\dataset\tbf_imgs\unfocused\FieldPos017 (2)\FieldPos017 (2)_page_11.png,0,tbf_imgs::FieldPos017,,dataset,val,FieldPos017 (2),tbf_imgs::FieldPos017
tbf_imgs,D:\Dineth\focus_binary_benchmark\dataset\tbf_imgs\unfocused\FieldPos017 (2)\FieldPos017 (2)_page_12.png,0,tbf_imgs::FieldPos017,,dataset,val,FieldPos017 (2),tbf_imgs::FieldPos017
tbf_imgs,D:\Dineth\focus_binary_benchmark\dataset\tbf_imgs\unfocused\FieldPos017 (2)\FieldPos017 (2)_page_13.png,0,tbf_imgs::FieldPos017,,dataset,val,FieldPos017 (2),tbf_imgs::FieldPos017
tbf_imgs,D:\Dineth\focus_binary_benchmark\dataset\tbf_imgs\unfocused\FieldPos017 (2)\FieldPos017 (2)_page_14.png,0,tbf_imgs::FieldPos017,,dataset,val,FieldPos017 (2),tbf_imgs::FieldPos017
tbf_imgs,D:\Dineth\focus_binary_benchmark\dataset\tbf_imgs\unfocused\FieldPos017 (2)\FieldPos017 (2)_page_2.png,0,tbf_imgs::FieldPos017,,dataset,val,FieldPos017 (2),tbf_imgs::FieldPos017
tbf_imgs,D:\Dineth\focus_binary_benchmark\dataset\tbf_imgs\unfocused\FieldPos017 (2)\FieldPos017 (2)_page_3.png,0,tbf_imgs::FieldPos017,,dataset,val,FieldPos017 (2),tbf_imgs::FieldPos017
tbf_imgs,D:\Dineth\focus_binary_benchmark\dataset\tbf_imgs\unfocused\FieldPos017 (2)\FieldPos017 (2)_page_4.png,0,tbf_imgs::FieldPos017,,dataset,val,FieldPos017 (2),tbf_imgs::FieldPos017
tbf_imgs,D:\Dineth\focus_binary_benchmark\dataset\tbf_imgs\unfocused\FieldPos017 (2)\FieldPos017 (2)_page_5.png,0,tbf_imgs::FieldPos017,,dataset,val,FieldPos017 (2),tbf_imgs::FieldPos017
tbf_imgs,D:\Dineth\focus_binary_benchmark\dataset\tbf_imgs\unfocused\FieldPos017 (2)\FieldPos017 (2)_page_9.png,0,tbf_imgs::FieldPos017,,dataset,val,FieldPos017 (2),tbf_imgs::FieldPos017
tbf_imgs,D:\Dineth\focus_binary_benchmark\dataset\tbf_imgs\unfocused\FieldPos018\FieldPos018_page_1.png,0,tbf_imgs::FieldPos018,,dataset,train,FieldPos018,tbf_imgs::FieldPos018
tbf_imgs,D:\Dineth\focus_binary_benchmark\dataset\tbf_imgs\unfocused\FieldPos018\FieldPos018_page_10.png,0,tbf_imgs::FieldPos018,,dataset,train,FieldPos018,tbf_imgs::FieldPos018
tbf_imgs,D:\Dineth\focus_binary_benchmark\dataset\tbf_imgs\unfocused\FieldPos018\FieldPos018_page_11.png,0,tbf_imgs::FieldPos018,,dataset,train,FieldPos018,tbf_imgs::FieldPos018
tbf_imgs,D:\Dineth\focus_binary_benchmark\dataset\tbf_imgs\unfocused\FieldPos018\FieldPos018_page_12.png,0,tbf_imgs::FieldPos018,,dataset,train,FieldPos018,tbf_imgs::FieldPos018
tbf_imgs,D:\Dineth\focus_binary_benchmark\dataset\tbf_imgs\unfocused\FieldPos018\FieldPos018_page_13.png,0,tbf_imgs::FieldPos018,,dataset,train,FieldPos018,tbf_imgs::FieldPos018
tbf_imgs,D:\Dineth\focus_binary_benchmark\dataset\tbf_imgs\unfocused\FieldPos018\FieldPos018_page_14.png,0,tbf_imgs::FieldPos018,,dataset,train,FieldPos018,tbf_imgs::FieldPos018
tbf_imgs,D:\Dineth\focus_binary_benchmark\dataset\tbf_imgs\unfocused\FieldPos018\FieldPos018_page_2.png,0,tbf_imgs::FieldPos018,,dataset,train,FieldPos018,tbf_imgs::FieldPos018
tbf_imgs,D:\Dineth\focus_binary_benchmark\dataset\tbf_imgs\unfocused\FieldPos018\FieldPos018_page_3.png,0,tbf_imgs::FieldPos018,,dataset,train,FieldPos018,tbf_imgs::FieldPos018
tbf_imgs,D:\Dineth\focus_binary_benchmark\dataset\tbf_imgs\unfocused\FieldPos018\FieldPos018_page_7.png,0,tbf_imgs::FieldPos018,,dataset,train,FieldPos018,tbf_imgs::FieldPos018
tbf_imgs,D:\Dineth\focus_binary_benchmark\dataset\tbf_imgs\unfocused\FieldPos018\FieldPos018_page_8.png,0,tbf_imgs::FieldPos018,,dataset,train,FieldPos018,tbf_imgs::FieldPos018
tbf_imgs,D:\Dineth\focus_binary_benchmark\dataset\tbf_imgs\unfocused\FieldPos018\FieldPos018_page_9.png,0,tbf_imgs::FieldPos018,,dataset,train,FieldPos018,tbf_imgs::FieldPos018
tbf_imgs,D:\Dineth\focus_binary_benchmark\dataset\tbf_imgs\unfocused\FieldPos018 (2)\FieldPos018 (2)_page_1.png,0,tbf_imgs::FieldPos018,,dataset,train,FieldPos018 (2),tbf_imgs::FieldPos018
tbf_imgs,D:\Dineth\focus_binary_benchmark\dataset\tbf_imgs\unfocused\FieldPos018 (2)\FieldPos018 (2)_page_10.png,0,tbf_imgs::FieldPos018,,dataset,train,FieldPos018 (2),tbf_imgs::FieldPos018
tbf_imgs,D:\Dineth\focus_binary_benchmark\dataset\tbf_imgs\unfocused\FieldPos018 (2)\FieldPos018 (2)_page_11.png,0,tbf_imgs::FieldPos018,,dataset,train,FieldPos018 (2),tbf_imgs::FieldPos018
tbf_imgs,D:\Dineth\focus_binary_benchmark\dataset\tbf_imgs\unfocused\FieldPos018 (2)\FieldPos018 (2)_page_12.png,0,tbf_imgs::FieldPos018,,dataset,train,FieldPos018 (2),tbf_imgs::FieldPos018
tbf_imgs,D:\Dineth\focus_binary_benchmark\dataset\tbf_imgs\unfocused\FieldPos018 (2)\FieldPos018 (2)_page_13.png,0,tbf_imgs::FieldPos018,,dataset,train,FieldPos018 (2),tbf_imgs::FieldPos018
tbf_imgs,D:\Dineth\focus_binary_benchmark\dataset\tbf_imgs\unfocused\FieldPos018 (2)\FieldPos018 (2)_page_14.png,0,tbf_imgs::FieldPos018,,dataset,train,FieldPos018 (2),tbf_imgs::FieldPos018
tbf_imgs,D:\Dineth\focus_binary_benchmark\dataset\tbf_imgs\unfocused\FieldPos018 (2)\FieldPos018 (2)_page_2.png,0,tbf_imgs::FieldPos018,,dataset,train,FieldPos018 (2),tbf_imgs::FieldPos018
tbf_imgs,D:\Dineth\focus_binary_benchmark\dataset\tbf_imgs\unfocused\FieldPos018 (2)\FieldPos018 (2)_page_3.png,0,tbf_imgs::FieldPos018,,dataset,train,FieldPos018 (2),tbf_imgs::FieldPos018
tbf_imgs,D:\Dineth\focus_binary_benchmark\dataset\tbf_imgs\unfocused\FieldPos018 (2)\FieldPos018 (2)_page_4.png,0,tbf_imgs::FieldPos018,,dataset,train,FieldPos018 (2),tbf_imgs::FieldPos018
tbf_imgs,D:\Dineth\focus_binary_benchmark\dataset\tbf_imgs\unfocused\FieldPos018 (2)\FieldPos018 (2)_page_8.png,0,tbf_imgs::FieldPos018,,dataset,train,FieldPos018 (2),tbf_imgs::FieldPos018
tbf_imgs,D:\Dineth\focus_binary_benchmark\dataset\tbf_imgs\unfocused\FieldPos018 (2)\FieldPos018 (2)_page_9.png,0,tbf_imgs::FieldPos018,,dataset,train,FieldPos018 (2),tbf_imgs::FieldPos018
tbf_imgs,D:\Dineth\focus_binary_benchmark\dataset\tbf_imgs\unfocused\FieldPos018 (3)\FieldPos018 (3)_page_1.png,0,tbf_imgs::FieldPos018,,dataset,train,FieldPos018 (3),tbf_imgs::FieldPos018
tbf_imgs,D:\Dineth\focus_binary_benchmark\dataset\tbf_imgs\unfocused\FieldPos018 (3)\FieldPos018 (3)_page_10.png,0,tbf_imgs::FieldPos018,,dataset,train,FieldPos018 (3),tbf_imgs::FieldPos018
tbf_imgs,D:\Dineth\focus_binary_benchmark\dataset\tbf_imgs\unfocused\FieldPos018 (3)\FieldPos018 (3)_page_11.png,0,tbf_imgs::FieldPos018,,dataset,train,FieldPos018 (3),tbf_imgs::FieldPos018
tbf_imgs,D:\Dineth\focus_binary_benchmark\dataset\tbf_imgs\unfocused\FieldPos018 (3)\FieldPos018 (3)_page_12.png,0,tbf_imgs::FieldPos018,,dataset,train,FieldPos018 (3),tbf_imgs::FieldPos018
tbf_imgs,D:\Dineth\focus_binary_benchmark\dataset\tbf_imgs\unfocused\FieldPos018 (3)\FieldPos018 (3)_page_13.png,0,tbf_imgs::FieldPos018,,dataset,train,FieldPos018 (3),tbf_imgs::FieldPos018
tbf_imgs,D:\Dineth\focus_binary_benchmark\dataset\tbf_imgs\unfocused\FieldPos018 (3)\FieldPos018 (3)_page_14.png,0,tbf_imgs::FieldPos018,,dataset,train,FieldPos018 (3),tbf_imgs::FieldPos018
tbf_imgs,D:\Dineth\focus_binary_benchmark\dataset\tbf_imgs\unfocused\FieldPos018 (3)\FieldPos018 (3)_page_2.png,0,tbf_imgs::FieldPos018,,dataset,train,FieldPos018 (3),tbf_imgs::FieldPos018
tbf_imgs,D:\Dineth\focus_binary_benchmark\dataset\tbf_imgs\unfocused\FieldPos018 (3)\FieldPos018 (3)_page_3.png,0,tbf_imgs::FieldPos018,,dataset,train,FieldPos018 (3),tbf_imgs::FieldPos018
tbf_imgs,D:\Dineth\focus_binary_benchmark\dataset\tbf_imgs\unfocused\FieldPos018 (3)\FieldPos018 (3)_page_4.png,0,tbf_imgs::FieldPos018,,dataset,train,FieldPos018 (3),tbf_imgs::FieldPos018
tbf_imgs,D:\Dineth\focus_binary_benchmark\dataset\tbf_imgs\unfocused\FieldPos018 (3)\FieldPos018 (3)_page_8.png,0,tbf_imgs::FieldPos018,,dataset,train,FieldPos018 (3),tbf_imgs::FieldPos018
tbf_imgs,D:\Dineth\focus_binary_benchmark\dataset\tbf_imgs\unfocused\FieldPos018 (3)\FieldPos018 (3)_page_9.png,0,tbf_imgs::FieldPos018,,dataset,train,FieldPos018 (3),tbf_imgs::FieldPos018
tbf_imgs,D:\Dineth\focus_binary_benchmark\dataset\tbf_imgs\unfocused\FieldPos019\FieldPos019_page_1.png,0,tbf_imgs::FieldPos019,,dataset,train,FieldPos019,tbf_imgs::FieldPos019
tbf_imgs,D:\Dineth\focus_binary_benchmark\dataset\tbf_imgs\unfocused\FieldPos019\FieldPos019_page_10.png,0,tbf_imgs::FieldPos019,,dataset,train,FieldPos019,tbf_imgs::FieldPos019
tbf_imgs,D:\Dineth\focus_binary_benchmark\dataset\tbf_imgs\unfocused\FieldPos019\FieldPos019_page_11.png,0,tbf_imgs::FieldPos019,,dataset,train,FieldPos019,tbf_imgs::FieldPos019
tbf_imgs,D:\Dineth\focus_binary_benchmark\dataset\tbf_imgs\unfocused\FieldPos019\FieldPos019_page_12.png,0,tbf_imgs::FieldPos019,,dataset,train,FieldPos019,tbf_imgs::FieldPos019
tbf_imgs,D:\Dineth\focus_binary_benchmark\dataset\tbf_imgs\unfocused\FieldPos019\FieldPos019_page_13.png,0,tbf_imgs::FieldPos019,,dataset,train,FieldPos019,tbf_imgs::FieldPos019
tbf_imgs,D:\Dineth\focus_binary_benchmark\dataset\tbf_imgs\unfocused\FieldPos019\FieldPos019_page_14.png,0,tbf_imgs::FieldPos019,,dataset,train,FieldPos019,tbf_imgs::FieldPos019
tbf_imgs,D:\Dineth\focus_binary_benchmark\dataset\tbf_imgs\unfocused\FieldPos019\FieldPos019_page_2.png,0,tbf_imgs::FieldPos019,,dataset,train,FieldPos019,tbf_imgs::FieldPos019
tbf_imgs,D:\Dineth\focus_binary_benchmark\dataset\tbf_imgs\unfocused\FieldPos019\FieldPos019_page_3.png,0,tbf_imgs::FieldPos019,,dataset,train,FieldPos019,tbf_imgs::FieldPos019
tbf_imgs,D:\Dineth\focus_binary_benchmark\dataset\tbf_imgs\unfocused\FieldPos019\FieldPos019_page_7.png,0,tbf_imgs::FieldPos019,,dataset,train,FieldPos019,tbf_imgs::FieldPos019
tbf_imgs,D:\Dineth\focus_binary_benchmark\dataset\tbf_imgs\unfocused\FieldPos019\FieldPos019_page_8.png,0,tbf_imgs::FieldPos019,,dataset,train,FieldPos019,tbf_imgs::FieldPos019
tbf_imgs,D:\Dineth\focus_binary_benchmark\dataset\tbf_imgs\unfocused\FieldPos019\FieldPos019_page_9.png,0,tbf_imgs::FieldPos019,,dataset,train,FieldPos019,tbf_imgs::FieldPos019
tbf_imgs,D:\Dineth\focus_binary_benchmark\dataset\tbf_imgs\unfocused\FieldPos019 (2)\FieldPos019 (2)_page_1.png,0,tbf_imgs::FieldPos019,,dataset,train,FieldPos019 (2),tbf_imgs::FieldPos019
tbf_imgs,D:\Dineth\focus_binary_benchmark\dataset\tbf_imgs\unfocused\FieldPos019 (2)\FieldPos019 (2)_page_10.png,0,tbf_imgs::FieldPos019,,dataset,train,FieldPos019 (2),tbf_imgs::FieldPos019
tbf_imgs,D:\Dineth\focus_binary_benchmark\dataset\tbf_imgs\unfocused\FieldPos019 (2)\FieldPos019 (2)_page_11.png,0,tbf_imgs::FieldPos019,,dataset,train,FieldPos019 (2),tbf_imgs::FieldPos019
tbf_imgs,D:\Dineth\focus_binary_benchmark\dataset\tbf_imgs\unfocused\FieldPos019 (2)\FieldPos019 (2)_page_12.png,0,tbf_imgs::FieldPos019,,dataset,train,FieldPos019 (2),tbf_imgs::FieldPos019
tbf_imgs,D:\Dineth\focus_binary_benchmark\dataset\tbf_imgs\unfocused\FieldPos019 (2)\FieldPos019 (2)_page_13.png,0,tbf_imgs::FieldPos019,,dataset,train,FieldPos019 (2),tbf_imgs::FieldPos019
tbf_imgs,D:\Dineth\focus_binary_benchmark\dataset\tbf_imgs\unfocused\FieldPos019 (2)\FieldPos019 (2)_page_14.png,0,tbf_imgs::FieldPos019,,dataset,train,FieldPos019 (2),tbf_imgs::FieldPos019
tbf_imgs,D:\Dineth\focus_binary_benchmark\dataset\tbf_imgs\unfocused\FieldPos019 (2)\FieldPos019 (2)_page_2.png,0,tbf_imgs::FieldPos019,,dataset,train,FieldPos019 (2),tbf_imgs::FieldPos019
tbf_imgs,D:\Dineth\focus_binary_benchmark\dataset\tbf_imgs\unfocused\FieldPos019 (2)\FieldPos019 (2)_page_3.png,0,tbf_imgs::FieldPos019,,dataset,train,FieldPos019 (2),tbf_imgs::FieldPos019
tbf_imgs,D:\Dineth\focus_binary_benchmark\dataset\tbf_imgs\unfocused\FieldPos019 (2)\FieldPos019 (2)_page_4.png,0,tbf_imgs::FieldPos019,,dataset,train,FieldPos019 (2),tbf_imgs::FieldPos019
tbf_imgs,D:\Dineth\focus_binary_benchmark\dataset\tbf_imgs\unfocused\FieldPos019 (2)\FieldPos019 (2)_page_8.png,0,tbf_imgs::FieldPos019,,dataset,train,FieldPos019 (2),tbf_imgs::FieldPos019
tbf_imgs,D:\Dineth\focus_binary_benchmark\dataset\tbf_imgs\unfocused\FieldPos019 (2)\FieldPos019 (2)_page_9.png,0,tbf_imgs::FieldPos019,,dataset,train,FieldPos019 (2),tbf_imgs::FieldPos019
tbf_imgs,D:\Dineth\focus_binary_benchmark\dataset\tbf_imgs\unfocused\FieldPos020\FieldPos020_page_1.png,0,tbf_imgs::FieldPos020,,dataset,train,FieldPos020,tbf_imgs::FieldPos020
tbf_imgs,D:\Dineth\focus_binary_benchmark\dataset\tbf_imgs\unfocused\FieldPos020\FieldPos020_page_10.png,0,tbf_imgs::FieldPos020,,dataset,train,FieldPos020,tbf_imgs::FieldPos020
tbf_imgs,D:\Dineth\focus_binary_benchmark\dataset\tbf_imgs\unfocused\FieldPos020\FieldPos020_page_11.png,0,tbf_imgs::FieldPos020,,dataset,train,FieldPos020,tbf_imgs::FieldPos020
tbf_imgs,D:\Dineth\focus_binary_benchmark\dataset\tbf_imgs\unfocused\FieldPos020\FieldPos020_page_12.png,0,tbf_imgs::FieldPos020,,dataset,train,FieldPos020,tbf_imgs::FieldPos020
tbf_imgs,D:\Dineth\focus_binary_benchmark\dataset\tbf_imgs\unfocused\FieldPos020\FieldPos020_page_13.png,0,tbf_imgs::FieldPos020,,dataset,train,FieldPos020,tbf_imgs::FieldPos020
tbf_imgs,D:\Dineth\focus_binary_benchmark\dataset\tbf_imgs\unfocused\FieldPos020\FieldPos020_page_14.png,0,tbf_imgs::FieldPos020,,dataset,train,FieldPos020,tbf_imgs::FieldPos020
tbf_imgs,D:\Dineth\focus_binary_benchmark\dataset\tbf_imgs\unfocused\FieldPos020\FieldPos020_page_2.png,0,tbf_imgs::FieldPos020,,dataset,train,FieldPos020,tbf_imgs::FieldPos020
tbf_imgs,D:\Dineth\focus_binary_benchmark\dataset\tbf_imgs\unfocused\FieldPos020\FieldPos020_page_3.png,0,tbf_imgs::FieldPos020,,dataset,train,FieldPos020,tbf_imgs::FieldPos020
tbf_imgs,D:\Dineth\focus_binary_benchmark\dataset\tbf_imgs\unfocused\FieldPos020\FieldPos020_page_7.png,0,tbf_imgs::FieldPos020,,dataset,train,FieldPos020,tbf_imgs::FieldPos020
tbf_imgs,D:\Dineth\focus_binary_benchmark\dataset\tbf_imgs\unfocused\FieldPos020\FieldPos020_page_8.png,0,tbf_imgs::FieldPos020,,dataset,train,FieldPos020,tbf_imgs::FieldPos020
tbf_imgs,D:\Dineth\focus_binary_benchmark\dataset\tbf_imgs\unfocused\FieldPos020\FieldPos020_page_9.png,0,tbf_imgs::FieldPos020,,dataset,train,FieldPos020,tbf_imgs::FieldPos020
tbf_imgs,D:\Dineth\focus_binary_benchmark\dataset\tbf_imgs\unfocused\FieldPos020 (2)\FieldPos020 (2)_page_1.png,0,tbf_imgs::FieldPos020,,dataset,train,FieldPos020 (2),tbf_imgs::FieldPos020
tbf_imgs,D:\Dineth\focus_binary_benchmark\dataset\tbf_imgs\unfocused\FieldPos020 (2)\FieldPos020 (2)_page_10.png,0,tbf_imgs::FieldPos020,,dataset,train,FieldPos020 (2),tbf_imgs::FieldPos020
tbf_imgs,D:\Dineth\focus_binary_benchmark\dataset\tbf_imgs\unfocused\FieldPos020 (2)\FieldPos020 (2)_page_11.png,0,tbf_imgs::FieldPos020,,dataset,train,FieldPos020 (2),tbf_imgs::FieldPos020
tbf_imgs,D:\Dineth\focus_binary_benchmark\dataset\tbf_imgs\unfocused\FieldPos020 (2)\FieldPos020 (2)_page_12.png,0,tbf_imgs::FieldPos020,,dataset,train,FieldPos020 (2),tbf_imgs::FieldPos020
tbf_imgs,D:\Dineth\focus_binary_benchmark\dataset\tbf_imgs\unfocused\FieldPos020 (2)\FieldPos020 (2)_page_13.png,0,tbf_imgs::FieldPos020,,dataset,train,FieldPos020 (2),tbf_imgs::FieldPos020
tbf_imgs,D:\Dineth\focus_binary_benchmark\dataset\tbf_imgs\unfocused\FieldPos020 (2)\FieldPos020 (2)_page_14.png,0,tbf_imgs::FieldPos020,,dataset,train,FieldPos020 (2),tbf_imgs::FieldPos020
tbf_imgs,D:\Dineth\focus_binary_benchmark\dataset\tbf_imgs\unfocused\FieldPos020 (2)\FieldPos020 (2)_page_2.png,0,tbf_imgs::FieldPos020,,dataset,train,FieldPos020 (2),tbf_imgs::FieldPos020
tbf_imgs,D:\Dineth\focus_binary_benchmark\dataset\tbf_imgs\unfocused\FieldPos020 (2)\FieldPos020 (2)_page_3.png,0,tbf_imgs::FieldPos020,,dataset,train,FieldPos020 (2),tbf_imgs::FieldPos020
tbf_imgs,D:\Dineth\focus_binary_benchmark\dataset\tbf_imgs\unfocused\FieldPos020 (2)\FieldPos020 (2)_page_4.png,0,tbf_imgs::FieldPos020,,dataset,train,FieldPos020 (2),tbf_imgs::FieldPos020
tbf_imgs,D:\Dineth\focus_binary_benchmark\dataset\tbf_imgs\unfocused\FieldPos020 (2)\FieldPos020 (2)_page_5.png,0,tbf_imgs::FieldPos020,,dataset,train,FieldPos020 (2),tbf_imgs::FieldPos020
tbf_imgs,D:\Dineth\focus_binary_benchmark\dataset\tbf_imgs\unfocused\FieldPos020 (2)\FieldPos020 (2)_page_9.png,0,tbf_imgs::FieldPos020,,dataset,train,FieldPos020 (2),tbf_imgs::FieldPos020
tbf_imgs,D:\Dineth\focus_binary_benchmark\dataset\tbf_imgs\unfocused\FieldPos020 (3)\FieldPos020 (3)_page_1.png,0,tbf_imgs::FieldPos020,,dataset,train,FieldPos020 (3),tbf_imgs::FieldPos020
tbf_imgs,D:\Dineth\focus_binary_benchmark\dataset\tbf_imgs\unfocused\FieldPos020 (3)\FieldPos020 (3)_page_10.png,0,tbf_imgs::FieldPos020,,dataset,train,FieldPos020 (3),tbf_imgs::FieldPos020
tbf_imgs,D:\Dineth\focus_binary_benchmark\dataset\tbf_imgs\unfocused\FieldPos020 (3)\FieldPos020 (3)_page_11.png,0,tbf_imgs::FieldPos020,,dataset,train,FieldPos020 (3),tbf_imgs::FieldPos020
tbf_imgs,D:\Dineth\focus_binary_benchmark\dataset\tbf_imgs\unfocused\FieldPos020 (3)\FieldPos020 (3)_page_12.png,0,tbf_imgs::FieldPos020,,dataset,train,FieldPos020 (3),tbf_imgs::FieldPos020
tbf_imgs,D:\Dineth\focus_binary_benchmark\dataset\tbf_imgs\unfocused\FieldPos020 (3)\FieldPos020 (3)_page_13.png,0,tbf_imgs::FieldPos020,,dataset,train,FieldPos020 (3),tbf_imgs::FieldPos020
tbf_imgs,D:\Dineth\focus_binary_benchmark\dataset\tbf_imgs\unfocused\FieldPos020 (3)\FieldPos020 (3)_page_14.png,0,tbf_imgs::FieldPos020,,dataset,train,FieldPos020 (3),tbf_imgs::FieldPos020
tbf_imgs,D:\Dineth\focus_binary_benchmark\dataset\tbf_imgs\unfocused\FieldPos020 (3)\FieldPos020 (3)_page_2.png,0,tbf_imgs::FieldPos020,,dataset,train,FieldPos020 (3),tbf_imgs::FieldPos020
tbf_imgs,D:\Dineth\focus_binary_benchmark\dataset\tbf_imgs\unfocused\FieldPos020 (3)\FieldPos020 (3)_page_3.png,0,tbf_imgs::FieldPos020,,dataset,train,FieldPos020 (3),tbf_imgs::FieldPos020
tbf_imgs,D:\Dineth\focus_binary_benchmark\dataset\tbf_imgs\unfocused\FieldPos020 (3)\FieldPos020 (3)_page_4.png,0,tbf_imgs::FieldPos020,,dataset,train,FieldPos020 (3),tbf_imgs::FieldPos020
tbf_imgs,D:\Dineth\focus_binary_benchmark\dataset\tbf_imgs\unfocused\FieldPos020 (3)\FieldPos020 (3)_page_5.png,0,tbf_imgs::FieldPos020,,dataset,train,FieldPos020 (3),tbf_imgs::FieldPos020
tbf_imgs,D:\Dineth\focus_binary_benchmark\dataset\tbf_imgs\unfocused\FieldPos020 (3)\FieldPos020 (3)_page_9.png,0,tbf_imgs::FieldPos020,,dataset,train,FieldPos020 (3),tbf_imgs::FieldPos020
tbf_imgs,D:\Dineth\focus_binary_benchmark\dataset\tbf_imgs\unfocused\FieldPos021\FieldPos021_page_1.png,0,tbf_imgs::FieldPos021,,dataset,train,FieldPos021,tbf_imgs::FieldPos021
tbf_imgs,D:\Dineth\focus_binary_benchmark\dataset\tbf_imgs\unfocused\FieldPos021\FieldPos021_page_10.png,0,tbf_imgs::FieldPos021,,dataset,train,FieldPos021,tbf_imgs::FieldPos021
tbf_imgs,D:\Dineth\focus_binary_benchmark\dataset\tbf_imgs\unfocused\FieldPos021\FieldPos021_page_11.png,0,tbf_imgs::FieldPos021,,dataset,train,FieldPos021,tbf_imgs::FieldPos021
tbf_imgs,D:\Dineth\focus_binary_benchmark\dataset\tbf_imgs\unfocused\FieldPos021\FieldPos021_page_12.png,0,tbf_imgs::FieldPos021,,dataset,train,FieldPos021,tbf_imgs::FieldPos021
tbf_imgs,D:\Dineth\focus_binary_benchmark\dataset\tbf_imgs\unfocused\FieldPos021\FieldPos021_page_13.png,0,tbf_imgs::FieldPos021,,dataset,train,FieldPos021,tbf_imgs::FieldPos021
tbf_imgs,D:\Dineth\focus_binary_benchmark\dataset\tbf_imgs\unfocused\FieldPos021\FieldPos021_page_14.png,0,tbf_imgs::FieldPos021,,dataset,train,FieldPos021,tbf_imgs::FieldPos021
tbf_imgs,D:\Dineth\focus_binary_benchmark\dataset\tbf_imgs\unfocused\FieldPos021\FieldPos021_page_2.png,0,tbf_imgs::FieldPos021,,dataset,train,FieldPos021,tbf_imgs::FieldPos021
tbf_imgs,D:\Dineth\focus_binary_benchmark\dataset\tbf_imgs\unfocused\FieldPos021\FieldPos021_page_3.png,0,tbf_imgs::FieldPos021,,dataset,train,FieldPos021,tbf_imgs::FieldPos021
tbf_imgs,D:\Dineth\focus_binary_benchmark\dataset\tbf_imgs\unfocused\FieldPos021\FieldPos021_page_4.png,0,tbf_imgs::FieldPos021,,dataset,train,FieldPos021,tbf_imgs::FieldPos021
tbf_imgs,D:\Dineth\focus_binary_benchmark\dataset\tbf_imgs\unfocused\FieldPos021\FieldPos021_page_5.png,0,tbf_imgs::FieldPos021,,dataset,train,FieldPos021,tbf_imgs::FieldPos021
tbf_imgs,D:\Dineth\focus_binary_benchmark\dataset\tbf_imgs\unfocused\FieldPos021\FieldPos021_page_9.png,0,tbf_imgs::FieldPos021,,dataset,train,FieldPos021,tbf_imgs::FieldPos021
tbf_imgs,D:\Dineth\focus_binary_benchmark\dataset\tbf_imgs\unfocused\FieldPos022\FieldPos022_page_1.png,0,tbf_imgs::FieldPos022,,dataset,train,FieldPos022,tbf_imgs::FieldPos022
tbf_imgs,D:\Dineth\focus_binary_benchmark\dataset\tbf_imgs\unfocused\FieldPos022\FieldPos022_page_10.png,0,tbf_imgs::FieldPos022,,dataset,train,FieldPos022,tbf_imgs::FieldPos022
tbf_imgs,D:\Dineth\focus_binary_benchmark\dataset\tbf_imgs\unfocused\FieldPos022\FieldPos022_page_11.png,0,tbf_imgs::FieldPos022,,dataset,train,FieldPos022,tbf_imgs::FieldPos022
tbf_imgs,D:\Dineth\focus_binary_benchmark\dataset\tbf_imgs\unfocused\FieldPos022\FieldPos022_page_12.png,0,tbf_imgs::FieldPos022,,dataset,train,FieldPos022,tbf_imgs::FieldPos022
tbf_imgs,D:\Dineth\focus_binary_benchmark\dataset\tbf_imgs\unfocused\FieldPos022\FieldPos022_page_13.png,0,tbf_imgs::FieldPos022,,dataset,train,FieldPos022,tbf_imgs::FieldPos022
tbf_imgs,D:\Dineth\focus_binary_benchmark\dataset\tbf_imgs\unfocused\FieldPos022\FieldPos022_page_14.png,0,tbf_imgs::FieldPos022,,dataset,train,FieldPos022,tbf_imgs::FieldPos022
tbf_imgs,D:\Dineth\focus_binary_benchmark\dataset\tbf_imgs\unfocused\FieldPos022\FieldPos022_page_2.png,0,tbf_imgs::FieldPos022,,dataset,train,FieldPos022,tbf_imgs::FieldPos022
tbf_imgs,D:\Dineth\focus_binary_benchmark\dataset\tbf_imgs\unfocused\FieldPos022\FieldPos022_page_3.png,0,tbf_imgs::FieldPos022,,dataset,train,FieldPos022,tbf_imgs::FieldPos022
tbf_imgs,D:\Dineth\focus_binary_benchmark\dataset\tbf_imgs\unfocused\FieldPos022\FieldPos022_page_4.png,0,tbf_imgs::FieldPos022,,dataset,train,FieldPos022,tbf_imgs::FieldPos022
tbf_imgs,D:\Dineth\focus_binary_benchmark\dataset\tbf_imgs\unfocused\FieldPos022\FieldPos022_page_5.png,0,tbf_imgs::FieldPos022,,dataset,train,FieldPos022,tbf_imgs::FieldPos022
tbf_imgs,D:\Dineth\focus_binary_benchmark\dataset\tbf_imgs\unfocused\FieldPos022\FieldPos022_page_9.png,0,tbf_imgs::FieldPos022,,dataset,train,FieldPos022,tbf_imgs::FieldPos022
tbf_imgs,D:\Dineth\focus_binary_benchmark\dataset\tbf_imgs\unfocused\FieldPos023\FieldPos023_page_1.png,0,tbf_imgs::FieldPos023,,dataset,train,FieldPos023,tbf_imgs::FieldPos023
tbf_imgs,D:\Dineth\focus_binary_benchmark\dataset\tbf_imgs\unfocused\FieldPos023\FieldPos023_page_10.png,0,tbf_imgs::FieldPos023,,dataset,train,FieldPos023,tbf_imgs::FieldPos023
tbf_imgs,D:\Dineth\focus_binary_benchmark\dataset\tbf_imgs\unfocused\FieldPos023\FieldPos023_page_11.png,0,tbf_imgs::FieldPos023,,dataset,train,FieldPos023,tbf_imgs::FieldPos023
tbf_imgs,D:\Dineth\focus_binary_benchmark\dataset\tbf_imgs\unfocused\FieldPos023\FieldPos023_page_12.png,0,tbf_imgs::FieldPos023,,dataset,train,FieldPos023,tbf_imgs::FieldPos023
tbf_imgs,D:\Dineth\focus_binary_benchmark\dataset\tbf_imgs\unfocused\FieldPos023\FieldPos023_page_13.png,0,tbf_imgs::FieldPos023,,dataset,train,FieldPos023,tbf_imgs::FieldPos023
tbf_imgs,D:\Dineth\focus_binary_benchmark\dataset\tbf_imgs\unfocused\FieldPos023\FieldPos023_page_14.png,0,tbf_imgs::FieldPos023,,dataset,train,FieldPos023,tbf_imgs::FieldPos023
tbf_imgs,D:\Dineth\focus_binary_benchmark\dataset\tbf_imgs\unfocused\FieldPos023\FieldPos023_page_2.png,0,tbf_imgs::FieldPos023,,dataset,train,FieldPos023,tbf_imgs::FieldPos023
tbf_imgs,D:\Dineth\focus_binary_benchmark\dataset\tbf_imgs\unfocused\FieldPos023\FieldPos023_page_3.png,0,tbf_imgs::FieldPos023,,dataset,train,FieldPos023,tbf_imgs::FieldPos023
tbf_imgs,D:\Dineth\focus_binary_benchmark\dataset\tbf_imgs\unfocused\FieldPos023\FieldPos023_page_4.png,0,tbf_imgs::FieldPos023,,dataset,train,FieldPos023,tbf_imgs::FieldPos023
tbf_imgs,D:\Dineth\focus_binary_benchmark\dataset\tbf_imgs\unfocused\FieldPos023\FieldPos023_page_8.png,0,tbf_imgs::FieldPos023,,dataset,train,FieldPos023,tbf_imgs::FieldPos023
tbf_imgs,D:\Dineth\focus_binary_benchmark\dataset\tbf_imgs\unfocused\FieldPos023\FieldPos023_page_9.png,0,tbf_imgs::FieldPos023,,dataset,train,FieldPos023,tbf_imgs::FieldPos023
tbf_imgs,D:\Dineth\focus_binary_benchmark\dataset\tbf_imgs\unfocused\FieldPos024\FieldPos024_page_1.png,0,tbf_imgs::FieldPos024,,dataset,val,FieldPos024,tbf_imgs::FieldPos024
tbf_imgs,D:\Dineth\focus_binary_benchmark\dataset\tbf_imgs\unfocused\FieldPos024\FieldPos024_page_10.png,0,tbf_imgs::FieldPos024,,dataset,val,FieldPos024,tbf_imgs::FieldPos024
tbf_imgs,D:\Dineth\focus_binary_benchmark\dataset\tbf_imgs\unfocused\FieldPos024\FieldPos024_page_11.png,0,tbf_imgs::FieldPos024,,dataset,val,FieldPos024,tbf_imgs::FieldPos024
tbf_imgs,D:\Dineth\focus_binary_benchmark\dataset\tbf_imgs\unfocused\FieldPos024\FieldPos024_page_12.png,0,tbf_imgs::FieldPos024,,dataset,val,FieldPos024,tbf_imgs::FieldPos024
tbf_imgs,D:\Dineth\focus_binary_benchmark\dataset\tbf_imgs\unfocused\FieldPos024\FieldPos024_page_13.png,0,tbf_imgs::FieldPos024,,dataset,val,FieldPos024,tbf_imgs::FieldPos024
tbf_imgs,D:\Dineth\focus_binary_benchmark\dataset\tbf_imgs\unfocused\FieldPos024\FieldPos024_page_14.png,0,tbf_imgs::FieldPos024,,dataset,val,FieldPos024,tbf_imgs::FieldPos024
tbf_imgs,D:\Dineth\focus_binary_benchmark\dataset\tbf_imgs\unfocused\FieldPos024\FieldPos024_page_2.png,0,tbf_imgs::FieldPos024,,dataset,val,FieldPos024,tbf_imgs::FieldPos024
tbf_imgs,D:\Dineth\focus_binary_benchmark\dataset\tbf_imgs\unfocused\FieldPos024\FieldPos024_page_3.png,0,tbf_imgs::FieldPos024,,dataset,val,FieldPos024,tbf_imgs::FieldPos024
tbf_imgs,D:\Dineth\focus_binary_benchmark\dataset\tbf_imgs\unfocused\FieldPos024\FieldPos024_page_4.png,0,tbf_imgs::FieldPos024,,dataset,val,FieldPos024,tbf_imgs::FieldPos024
tbf_imgs,D:\Dineth\focus_binary_benchmark\dataset\tbf_imgs\unfocused\FieldPos024\FieldPos024_page_5.png,0,tbf_imgs::FieldPos024,,dataset,val,FieldPos024,tbf_imgs::FieldPos024
tbf_imgs,D:\Dineth\focus_binary_benchmark\dataset\tbf_imgs\unfocused\FieldPos024\FieldPos024_page_6.png,0,tbf_imgs::FieldPos024,,dataset,val,FieldPos024,tbf_imgs::FieldPos024
tbf_imgs,D:\Dineth\focus_binary_benchmark\dataset\tbf_imgs\unfocused\FieldPos025\FieldPos025_page_1.png,0,tbf_imgs::FieldPos025,,dataset,train,FieldPos025,tbf_imgs::FieldPos025
tbf_imgs,D:\Dineth\focus_binary_benchmark\dataset\tbf_imgs\unfocused\FieldPos025\FieldPos025_page_10.png,0,tbf_imgs::FieldPos025,,dataset,train,FieldPos025,tbf_imgs::FieldPos025
tbf_imgs,D:\Dineth\focus_binary_benchmark\dataset\tbf_imgs\unfocused\FieldPos025\FieldPos025_page_11.png,0,tbf_imgs::FieldPos025,,dataset,train,FieldPos025,tbf_imgs::FieldPos025
tbf_imgs,D:\Dineth\focus_binary_benchmark\dataset\tbf_imgs\unfocused\FieldPos025\FieldPos025_page_12.png,0,tbf_imgs::FieldPos025,,dataset,train,FieldPos025,tbf_imgs::FieldPos025
tbf_imgs,D:\Dineth\focus_binary_benchmark\dataset\tbf_imgs\unfocused\FieldPos025\FieldPos025_page_13.png,0,tbf_imgs::FieldPos025,,dataset,train,FieldPos025,tbf_imgs::FieldPos025
tbf_imgs,D:\Dineth\focus_binary_benchmark\dataset\tbf_imgs\unfocused\FieldPos025\FieldPos025_page_14.png,0,tbf_imgs::FieldPos025,,dataset,train,FieldPos025,tbf_imgs::FieldPos025
tbf_imgs,D:\Dineth\focus_binary_benchmark\dataset\tbf_imgs\unfocused\FieldPos025\FieldPos025_page_2.png,0,tbf_imgs::FieldPos025,,dataset,train,FieldPos025,tbf_imgs::FieldPos025
tbf_imgs,D:\Dineth\focus_binary_benchmark\dataset\tbf_imgs\unfocused\FieldPos025\FieldPos025_page_3.png,0,tbf_imgs::FieldPos025,,dataset,train,FieldPos025,tbf_imgs::FieldPos025
tbf_imgs,D:\Dineth\focus_binary_benchmark\dataset\tbf_imgs\unfocused\FieldPos025\FieldPos025_page_4.png,0,tbf_imgs::FieldPos025,,dataset,train,FieldPos025,tbf_imgs::FieldPos025
tbf_imgs,D:\Dineth\focus_binary_benchmark\dataset\tbf_imgs\unfocused\FieldPos025\FieldPos025_page_5.png,0,tbf_imgs::FieldPos025,,dataset,train,FieldPos025,tbf_imgs::FieldPos025
tbf_imgs,D:\Dineth\focus_binary_benchmark\dataset\tbf_imgs\unfocused\FieldPos025\FieldPos025_page_6.png,0,tbf_imgs::FieldPos025,,dataset,train,FieldPos025,tbf_imgs::FieldPos025
tbf_imgs,D:\Dineth\focus_binary_benchmark\dataset\tbf_imgs\unfocused\FieldPos026\FieldPos026_page_1.png,0,tbf_imgs::FieldPos026,,dataset,train,FieldPos026,tbf_imgs::FieldPos026
tbf_imgs,D:\Dineth\focus_binary_benchmark\dataset\tbf_imgs\unfocused\FieldPos026\FieldPos026_page_10.png,0,tbf_imgs::FieldPos026,,dataset,train,FieldPos026,tbf_imgs::FieldPos026
tbf_imgs,D:\Dineth\focus_binary_benchmark\dataset\tbf_imgs\unfocused\FieldPos026\FieldPos026_page_11.png,0,tbf_imgs::FieldPos026,,dataset,train,FieldPos026,tbf_imgs::FieldPos026
tbf_imgs,D:\Dineth\focus_binary_benchmark\dataset\tbf_imgs\unfocused\FieldPos026\FieldPos026_page_12.png,0,tbf_imgs::FieldPos026,,dataset,train,FieldPos026,tbf_imgs::FieldPos026
tbf_imgs,D:\Dineth\focus_binary_benchmark\dataset\tbf_imgs\unfocused\FieldPos026\FieldPos026_page_13.png,0,tbf_imgs::FieldPos026,,dataset,train,FieldPos026,tbf_imgs::FieldPos026
tbf_imgs,D:\Dineth\focus_binary_benchmark\dataset\tbf_imgs\unfocused\FieldPos026\FieldPos026_page_14.png,0,tbf_imgs::FieldPos026,,dataset,train,FieldPos026,tbf_imgs::FieldPos026
tbf_imgs,D:\Dineth\focus_binary_benchmark\dataset\tbf_imgs\unfocused\FieldPos026\FieldPos026_page_2.png,0,tbf_imgs::FieldPos026,,dataset,train,FieldPos026,tbf_imgs::FieldPos026
tbf_imgs,D:\Dineth\focus_binary_benchmark\dataset\tbf_imgs\unfocused\FieldPos026\FieldPos026_page_3.png,0,tbf_imgs::FieldPos026,,dataset,train,FieldPos026,tbf_imgs::FieldPos026
tbf_imgs,D:\Dineth\focus_binary_benchmark\dataset\tbf_imgs\unfocused\FieldPos026\FieldPos026_page_4.png,0,tbf_imgs::FieldPos026,,dataset,train,FieldPos026,tbf_imgs::FieldPos026
tbf_imgs,D:\Dineth\focus_binary_benchmark\dataset\tbf_imgs\unfocused\FieldPos026\FieldPos026_page_5.png,0,tbf_imgs::FieldPos026,,dataset,train,FieldPos026,tbf_imgs::FieldPos026
tbf_imgs,D:\Dineth\focus_binary_benchmark\dataset\tbf_imgs\unfocused\FieldPos026\FieldPos026_page_6.png,0,tbf_imgs::FieldPos026,,dataset,train,FieldPos026,tbf_imgs::FieldPos026
tbf_imgs,D:\Dineth\focus_binary_benchmark\dataset\tbf_imgs\unfocused\FieldPos027\FieldPos027_page_1.png,0,tbf_imgs::FieldPos027,,dataset,test,FieldPos027,tbf_imgs::FieldPos027
tbf_imgs,D:\Dineth\focus_binary_benchmark\dataset\tbf_imgs\unfocused\FieldPos027\FieldPos027_page_10.png,0,tbf_imgs::FieldPos027,,dataset,test,FieldPos027,tbf_imgs::FieldPos027
tbf_imgs,D:\Dineth\focus_binary_benchmark\dataset\tbf_imgs\unfocused\FieldPos027\FieldPos027_page_11.png,0,tbf_imgs::FieldPos027,,dataset,test,FieldPos027,tbf_imgs::FieldPos027
tbf_imgs,D:\Dineth\focus_binary_benchmark\dataset\tbf_imgs\unfocused\FieldPos027\FieldPos027_page_12.png,0,tbf_imgs::FieldPos027,,dataset,test,FieldPos027,tbf_imgs::FieldPos027
tbf_imgs,D:\Dineth\focus_binary_benchmark\dataset\tbf_imgs\unfocused\FieldPos027\FieldPos027_page_13.png,0,tbf_imgs::FieldPos027,,dataset,test,FieldPos027,tbf_imgs::FieldPos027
tbf_imgs,D:\Dineth\focus_binary_benchmark\dataset\tbf_imgs\unfocused\FieldPos027\FieldPos027_page_14.png,0,tbf_imgs::FieldPos027,,dataset,test,FieldPos027,tbf_imgs::FieldPos027
tbf_imgs,D:\Dineth\focus_binary_benchmark\dataset\tbf_imgs\unfocused\FieldPos027\FieldPos027_page_2.png,0,tbf_imgs::FieldPos027,,dataset,test,FieldPos027,tbf_imgs::FieldPos027
tbf_imgs,D:\Dineth\focus_binary_benchmark\dataset\tbf_imgs\unfocused\FieldPos027\FieldPos027_page_3.png,0,tbf_imgs::FieldPos027,,dataset,test,FieldPos027,tbf_imgs::FieldPos027
tbf_imgs,D:\Dineth\focus_binary_benchmark\dataset\tbf_imgs\unfocused\FieldPos027\FieldPos027_page_4.png,0,tbf_imgs::FieldPos027,,dataset,test,FieldPos027,tbf_imgs::FieldPos027
tbf_imgs,D:\Dineth\focus_binary_benchmark\dataset\tbf_imgs\unfocused\FieldPos027\FieldPos027_page_5.png,0,tbf_imgs::FieldPos027,,dataset,test,FieldPos027,tbf_imgs::FieldPos027
tbf_imgs,D:\Dineth\focus_binary_benchmark\dataset\tbf_imgs\unfocused\FieldPos027\FieldPos027_page_6.png,0,tbf_imgs::FieldPos027,,dataset,test,FieldPos027,tbf_imgs::FieldPos027
tbf_imgs,D:\Dineth\focus_binary_benchmark\dataset\tbf_imgs\unfocused\FieldPos028\FieldPos028_page_1.png,0,tbf_imgs::FieldPos028,,dataset,train,FieldPos028,tbf_imgs::FieldPos028
tbf_imgs,D:\Dineth\focus_binary_benchmark\dataset\tbf_imgs\unfocused\FieldPos028\FieldPos028_page_10.png,0,tbf_imgs::FieldPos028,,dataset,train,FieldPos028,tbf_imgs::FieldPos028
tbf_imgs,D:\Dineth\focus_binary_benchmark\dataset\tbf_imgs\unfocused\FieldPos028\FieldPos028_page_11.png,0,tbf_imgs::FieldPos028,,dataset,train,FieldPos028,tbf_imgs::FieldPos028
tbf_imgs,D:\Dineth\focus_binary_benchmark\dataset\tbf_imgs\unfocused\FieldPos028\FieldPos028_page_12.png,0,tbf_imgs::FieldPos028,,dataset,train,FieldPos028,tbf_imgs::FieldPos028
tbf_imgs,D:\Dineth\focus_binary_benchmark\dataset\tbf_imgs\unfocused\FieldPos028\FieldPos028_page_13.png,0,tbf_imgs::FieldPos028,,dataset,train,FieldPos028,tbf_imgs::FieldPos028
tbf_imgs,D:\Dineth\focus_binary_benchmark\dataset\tbf_imgs\unfocused\FieldPos028\FieldPos028_page_14.png,0,tbf_imgs::FieldPos028,,dataset,train,FieldPos028,tbf_imgs::FieldPos028
tbf_imgs,D:\Dineth\focus_binary_benchmark\dataset\tbf_imgs\unfocused\FieldPos028\FieldPos028_page_2.png,0,tbf_imgs::FieldPos028,,dataset,train,FieldPos028,tbf_imgs::FieldPos028
tbf_imgs,D:\Dineth\focus_binary_benchmark\dataset\tbf_imgs\unfocused\FieldPos028\FieldPos028_page_3.png,0,tbf_imgs::FieldPos028,,dataset,train,FieldPos028,tbf_imgs::FieldPos028
tbf_imgs,D:\Dineth\focus_binary_benchmark\dataset\tbf_imgs\unfocused\FieldPos028\FieldPos028_page_4.png,0,tbf_imgs::FieldPos028,,dataset,train,FieldPos028,tbf_imgs::FieldPos028
tbf_imgs,D:\Dineth\focus_binary_benchmark\dataset\tbf_imgs\unfocused\FieldPos028\FieldPos028_page_5.png,0,tbf_imgs::FieldPos028,,dataset,train,FieldPos028,tbf_imgs::FieldPos028
tbf_imgs,D:\Dineth\focus_binary_benchmark\dataset\tbf_imgs\unfocused\FieldPos028\FieldPos028_page_6.png,0,tbf_imgs::FieldPos028,,dataset,train,FieldPos028,tbf_imgs::FieldPos028
tbf_imgs,D:\Dineth\focus_binary_benchmark\dataset\tbf_imgs\unfocused\FieldPos029\FieldPos029_page_1.png,0,tbf_imgs::FieldPos029,,dataset,train,FieldPos029,tbf_imgs::FieldPos029
tbf_imgs,D:\Dineth\focus_binary_benchmark\dataset\tbf_imgs\unfocused\FieldPos029\FieldPos029_page_10.png,0,tbf_imgs::FieldPos029,,dataset,train,FieldPos029,tbf_imgs::FieldPos029
tbf_imgs,D:\Dineth\focus_binary_benchmark\dataset\tbf_imgs\unfocused\FieldPos029\FieldPos029_page_11.png,0,tbf_imgs::FieldPos029,,dataset,train,FieldPos029,tbf_imgs::FieldPos029
tbf_imgs,D:\Dineth\focus_binary_benchmark\dataset\tbf_imgs\unfocused\FieldPos029\FieldPos029_page_12.png,0,tbf_imgs::FieldPos029,,dataset,train,FieldPos029,tbf_imgs::FieldPos029
tbf_imgs,D:\Dineth\focus_binary_benchmark\dataset\tbf_imgs\unfocused\FieldPos029\FieldPos029_page_13.png,0,tbf_imgs::FieldPos029,,dataset,train,FieldPos029,tbf_imgs::FieldPos029
tbf_imgs,D:\Dineth\focus_binary_benchmark\dataset\tbf_imgs\unfocused\FieldPos029\FieldPos029_page_14.png,0,tbf_imgs::FieldPos029,,dataset,train,FieldPos029,tbf_imgs::FieldPos029
tbf_imgs,D:\Dineth\focus_binary_benchmark\dataset\tbf_imgs\unfocused\FieldPos029\FieldPos029_page_2.png,0,tbf_imgs::FieldPos029,,dataset,train,FieldPos029,tbf_imgs::FieldPos029
tbf_imgs,D:\Dineth\focus_binary_benchmark\dataset\tbf_imgs\unfocused\FieldPos029\FieldPos029_page_3.png,0,tbf_imgs::FieldPos029,,dataset,train,FieldPos029,tbf_imgs::FieldPos029
tbf_imgs,D:\Dineth\focus_binary_benchmark\dataset\tbf_imgs\unfocused\FieldPos029\FieldPos029_page_4.png,0,tbf_imgs::FieldPos029,,dataset,train,FieldPos029,tbf_imgs::FieldPos029
tbf_imgs,D:\Dineth\focus_binary_benchmark\dataset\tbf_imgs\unfocused\FieldPos029\FieldPos029_page_5.png,0,tbf_imgs::FieldPos029,,dataset,train,FieldPos029,tbf_imgs::FieldPos029
tbf_imgs,D:\Dineth\focus_binary_benchmark\dataset\tbf_imgs\unfocused\FieldPos029\FieldPos029_page_6.png,0,tbf_imgs::FieldPos029,,dataset,train,FieldPos029,tbf_imgs::FieldPos029
tbf_imgs,D:\Dineth\focus_binary_benchmark\dataset\tbf_imgs\unfocused\FieldPos030\FieldPos030_page_1.png,0,tbf_imgs::FieldPos030,,dataset,train,FieldPos030,tbf_imgs::FieldPos030
tbf_imgs,D:\Dineth\focus_binary_benchmark\dataset\tbf_imgs\unfocused\FieldPos030\FieldPos030_page_10.png,0,tbf_imgs::FieldPos030,,dataset,train,FieldPos030,tbf_imgs::FieldPos030
tbf_imgs,D:\Dineth\focus_binary_benchmark\dataset\tbf_imgs\unfocused\FieldPos030\FieldPos030_page_11.png,0,tbf_imgs::FieldPos030,,dataset,train,FieldPos030,tbf_imgs::FieldPos030
tbf_imgs,D:\Dineth\focus_binary_benchmark\dataset\tbf_imgs\unfocused\FieldPos030\FieldPos030_page_12.png,0,tbf_imgs::FieldPos030,,dataset,train,FieldPos030,tbf_imgs::FieldPos030
tbf_imgs,D:\Dineth\focus_binary_benchmark\dataset\tbf_imgs\unfocused\FieldPos030\FieldPos030_page_13.png,0,tbf_imgs::FieldPos030,,dataset,train,FieldPos030,tbf_imgs::FieldPos030
tbf_imgs,D:\Dineth\focus_binary_benchmark\dataset\tbf_imgs\unfocused\FieldPos030\FieldPos030_page_14.png,0,tbf_imgs::FieldPos030,,dataset,train,FieldPos030,tbf_imgs::FieldPos030
tbf_imgs,D:\Dineth\focus_binary_benchmark\dataset\tbf_imgs\unfocused\FieldPos030\FieldPos030_page_2.png,0,tbf_imgs::FieldPos030,,dataset,train,FieldPos030,tbf_imgs::FieldPos030
tbf_imgs,D:\Dineth\focus_binary_benchmark\dataset\tbf_imgs\unfocused\FieldPos030\FieldPos030_page_3.png,0,tbf_imgs::FieldPos030,,dataset,train,FieldPos030,tbf_imgs::FieldPos030
tbf_imgs,D:\Dineth\focus_binary_benchmark\dataset\tbf_imgs\unfocused\FieldPos030\FieldPos030_page_4.png,0,tbf_imgs::FieldPos030,,dataset,train,FieldPos030,tbf_imgs::FieldPos030
tbf_imgs,D:\Dineth\focus_binary_benchmark\dataset\tbf_imgs\unfocused\FieldPos030\FieldPos030_page_5.png,0,tbf_imgs::FieldPos030,,dataset,train,FieldPos030,tbf_imgs::FieldPos030
tbf_imgs,D:\Dineth\focus_binary_benchmark\dataset\tbf_imgs\unfocused\FieldPos030\FieldPos030_page_9.png,0,tbf_imgs::FieldPos030,,dataset,train,FieldPos030,tbf_imgs::FieldPos030
tbf_imgs,D:\Dineth\focus_binary_benchmark\dataset\tbf_imgs\unfocused\FieldPos031\FieldPos031_page_1.png,0,tbf_imgs::FieldPos031,,dataset,train,FieldPos031,tbf_imgs::FieldPos031
tbf_imgs,D:\Dineth\focus_binary_benchmark\dataset\tbf_imgs\unfocused\FieldPos031\FieldPos031_page_10.png,0,tbf_imgs::FieldPos031,,dataset,train,FieldPos031,tbf_imgs::FieldPos031
tbf_imgs,D:\Dineth\focus_binary_benchmark\dataset\tbf_imgs\unfocused\FieldPos031\FieldPos031_page_11.png,0,tbf_imgs::FieldPos031,,dataset,train,FieldPos031,tbf_imgs::FieldPos031
tbf_imgs,D:\Dineth\focus_binary_benchmark\dataset\tbf_imgs\unfocused\FieldPos031\FieldPos031_page_12.png,0,tbf_imgs::FieldPos031,,dataset,train,FieldPos031,tbf_imgs::FieldPos031
tbf_imgs,D:\Dineth\focus_binary_benchmark\dataset\tbf_imgs\unfocused\FieldPos031\FieldPos031_page_13.png,0,tbf_imgs::FieldPos031,,dataset,train,FieldPos031,tbf_imgs::FieldPos031
tbf_imgs,D:\Dineth\focus_binary_benchmark\dataset\tbf_imgs\unfocused\FieldPos031\FieldPos031_page_14.png,0,tbf_imgs::FieldPos031,,dataset,train,FieldPos031,tbf_imgs::FieldPos031
tbf_imgs,D:\Dineth\focus_binary_benchmark\dataset\tbf_imgs\unfocused\FieldPos031\FieldPos031_page_2.png,0,tbf_imgs::FieldPos031,,dataset,train,FieldPos031,tbf_imgs::FieldPos031
tbf_imgs,D:\Dineth\focus_binary_benchmark\dataset\tbf_imgs\unfocused\FieldPos031\FieldPos031_page_3.png,0,tbf_imgs::FieldPos031,,dataset,train,FieldPos031,tbf_imgs::FieldPos031
tbf_imgs,D:\Dineth\focus_binary_benchmark\dataset\tbf_imgs\unfocused\FieldPos031\FieldPos031_page_4.png,0,tbf_imgs::FieldPos031,,dataset,train,FieldPos031,tbf_imgs::FieldPos031
tbf_imgs,D:\Dineth\focus_binary_benchmark\dataset\tbf_imgs\unfocused\FieldPos031\FieldPos031_page_5.png,0,tbf_imgs::FieldPos031,,dataset,train,FieldPos031,tbf_imgs::FieldPos031
tbf_imgs,D:\Dineth\focus_binary_benchmark\dataset\tbf_imgs\unfocused\FieldPos031\FieldPos031_page_6.png,0,tbf_imgs::FieldPos031,,dataset,train,FieldPos031,tbf_imgs::FieldPos031
tbf_imgs,D:\Dineth\focus_binary_benchmark\dataset\tbf_imgs\unfocused\FieldPos032\FieldPos032_page_1.png,0,tbf_imgs::FieldPos032,,dataset,train,FieldPos032,tbf_imgs::FieldPos032
tbf_imgs,D:\Dineth\focus_binary_benchmark\dataset\tbf_imgs\unfocused\FieldPos032\FieldPos032_page_10.png,0,tbf_imgs::FieldPos032,,dataset,train,FieldPos032,tbf_imgs::FieldPos032
tbf_imgs,D:\Dineth\focus_binary_benchmark\dataset\tbf_imgs\unfocused\FieldPos032\FieldPos032_page_11.png,0,tbf_imgs::FieldPos032,,dataset,train,FieldPos032,tbf_imgs::FieldPos032
tbf_imgs,D:\Dineth\focus_binary_benchmark\dataset\tbf_imgs\unfocused\FieldPos032\FieldPos032_page_12.png,0,tbf_imgs::FieldPos032,,dataset,train,FieldPos032,tbf_imgs::FieldPos032
tbf_imgs,D:\Dineth\focus_binary_benchmark\dataset\tbf_imgs\unfocused\FieldPos032\FieldPos032_page_13.png,0,tbf_imgs::FieldPos032,,dataset,train,FieldPos032,tbf_imgs::FieldPos032
tbf_imgs,D:\Dineth\focus_binary_benchmark\dataset\tbf_imgs\unfocused\FieldPos032\FieldPos032_page_14.png,0,tbf_imgs::FieldPos032,,dataset,train,FieldPos032,tbf_imgs::FieldPos032
tbf_imgs,D:\Dineth\focus_binary_benchmark\dataset\tbf_imgs\unfocused\FieldPos032\FieldPos032_page_2.png,0,tbf_imgs::FieldPos032,,dataset,train,FieldPos032,tbf_imgs::FieldPos032
tbf_imgs,D:\Dineth\focus_binary_benchmark\dataset\tbf_imgs\unfocused\FieldPos032\FieldPos032_page_3.png,0,tbf_imgs::FieldPos032,,dataset,train,FieldPos032,tbf_imgs::FieldPos032
tbf_imgs,D:\Dineth\focus_binary_benchmark\dataset\tbf_imgs\unfocused\FieldPos032\FieldPos032_page_4.png,0,tbf_imgs::FieldPos032,,dataset,train,FieldPos032,tbf_imgs::FieldPos032
tbf_imgs,D:\Dineth\focus_binary_benchmark\dataset\tbf_imgs\unfocused\FieldPos032\FieldPos032_page_5.png,0,tbf_imgs::FieldPos032,,dataset,train,FieldPos032,tbf_imgs::FieldPos032
tbf_imgs,D:\Dineth\focus_binary_benchmark\dataset\tbf_imgs\unfocused\FieldPos032\FieldPos032_page_6.png,0,tbf_imgs::FieldPos032,,dataset,train,FieldPos032,tbf_imgs::FieldPos032
tbf_imgs,D:\Dineth\focus_binary_benchmark\dataset\tbf_imgs\unfocused\FieldPos033\FieldPos033_page_1.png,0,tbf_imgs::FieldPos033,,dataset,test,FieldPos033,tbf_imgs::FieldPos033
tbf_imgs,D:\Dineth\focus_binary_benchmark\dataset\tbf_imgs\unfocused\FieldPos033\FieldPos033_page_10.png,0,tbf_imgs::FieldPos033,,dataset,test,FieldPos033,tbf_imgs::FieldPos033
tbf_imgs,D:\Dineth\focus_binary_benchmark\dataset\tbf_imgs\unfocused\FieldPos033\FieldPos033_page_11.png,0,tbf_imgs::FieldPos033,,dataset,test,FieldPos033,tbf_imgs::FieldPos033
tbf_imgs,D:\Dineth\focus_binary_benchmark\dataset\tbf_imgs\unfocused\FieldPos033\FieldPos033_page_12.png,0,tbf_imgs::FieldPos033,,dataset,test,FieldPos033,tbf_imgs::FieldPos033
tbf_imgs,D:\Dineth\focus_binary_benchmark\dataset\tbf_imgs\unfocused\FieldPos033\FieldPos033_page_13.png,0,tbf_imgs::FieldPos033,,dataset,test,FieldPos033,tbf_imgs::FieldPos033
tbf_imgs,D:\Dineth\focus_binary_benchmark\dataset\tbf_imgs\unfocused\FieldPos033\FieldPos033_page_14.png,0,tbf_imgs::FieldPos033,,dataset,test,FieldPos033,tbf_imgs::FieldPos033
tbf_imgs,D:\Dineth\focus_binary_benchmark\dataset\tbf_imgs\unfocused\FieldPos033\FieldPos033_page_2.png,0,tbf_imgs::FieldPos033,,dataset,test,FieldPos033,tbf_imgs::FieldPos033
tbf_imgs,D:\Dineth\focus_binary_benchmark\dataset\tbf_imgs\unfocused\FieldPos033\FieldPos033_page_3.png,0,tbf_imgs::FieldPos033,,dataset,test,FieldPos033,tbf_imgs::FieldPos033
tbf_imgs,D:\Dineth\focus_binary_benchmark\dataset\tbf_imgs\unfocused\FieldPos033\FieldPos033_page_4.png,0,tbf_imgs::FieldPos033,,dataset,test,FieldPos033,tbf_imgs::FieldPos033
tbf_imgs,D:\Dineth\focus_binary_benchmark\dataset\tbf_imgs\unfocused\FieldPos033\FieldPos033_page_5.png,0,tbf_imgs::FieldPos033,,dataset,test,FieldPos033,tbf_imgs::FieldPos033
tbf_imgs,D:\Dineth\focus_binary_benchmark\dataset\tbf_imgs\unfocused\FieldPos033\FieldPos033_page_6.png,0,tbf_imgs::FieldPos033,,dataset,test,FieldPos033,tbf_imgs::FieldPos033
tbf_imgs,D:\Dineth\focus_binary_benchmark\dataset\tbf_imgs\unfocused\FieldPos033 (2)\FieldPos033 (2)_page_1.png,0,tbf_imgs::FieldPos033,,dataset,test,FieldPos033 (2),tbf_imgs::FieldPos033
tbf_imgs,D:\Dineth\focus_binary_benchmark\dataset\tbf_imgs\unfocused\FieldPos033 (2)\FieldPos033 (2)_page_10.png,0,tbf_imgs::FieldPos033,,dataset,test,FieldPos033 (2),tbf_imgs::FieldPos033
tbf_imgs,D:\Dineth\focus_binary_benchmark\dataset\tbf_imgs\unfocused\FieldPos033 (2)\FieldPos033 (2)_page_11.png,0,tbf_imgs::FieldPos033,,dataset,test,FieldPos033 (2),tbf_imgs::FieldPos033
tbf_imgs,D:\Dineth\focus_binary_benchmark\dataset\tbf_imgs\unfocused\FieldPos033 (2)\FieldPos033 (2)_page_12.png,0,tbf_imgs::FieldPos033,,dataset,test,FieldPos033 (2),tbf_imgs::FieldPos033
tbf_imgs,D:\Dineth\focus_binary_benchmark\dataset\tbf_imgs\unfocused\FieldPos033 (2)\FieldPos033 (2)_page_13.png,0,tbf_imgs::FieldPos033,,dataset,test,FieldPos033 (2),tbf_imgs::FieldPos033
tbf_imgs,D:\Dineth\focus_binary_benchmark\dataset\tbf_imgs\unfocused\FieldPos033 (2)\FieldPos033 (2)_page_14.png,0,tbf_imgs::FieldPos033,,dataset,test,FieldPos033 (2),tbf_imgs::FieldPos033
tbf_imgs,D:\Dineth\focus_binary_benchmark\dataset\tbf_imgs\unfocused\FieldPos033 (2)\FieldPos033 (2)_page_2.png,0,tbf_imgs::FieldPos033,,dataset,test,FieldPos033 (2),tbf_imgs::FieldPos033
tbf_imgs,D:\Dineth\focus_binary_benchmark\dataset\tbf_imgs\unfocused\FieldPos033 (2)\FieldPos033 (2)_page_3.png,0,tbf_imgs::FieldPos033,,dataset,test,FieldPos033 (2),tbf_imgs::FieldPos033
tbf_imgs,D:\Dineth\focus_binary_benchmark\dataset\tbf_imgs\unfocused\FieldPos033 (2)\FieldPos033 (2)_page_4.png,0,tbf_imgs::FieldPos033,,dataset,test,FieldPos033 (2),tbf_imgs::FieldPos033
tbf_imgs,D:\Dineth\focus_binary_benchmark\dataset\tbf_imgs\unfocused\FieldPos033 (2)\FieldPos033 (2)_page_5.png,0,tbf_imgs::FieldPos033,,dataset,test,FieldPos033 (2),tbf_imgs::FieldPos033
tbf_imgs,D:\Dineth\focus_binary_benchmark\dataset\tbf_imgs\unfocused\FieldPos033 (2)\FieldPos033 (2)_page_6.png,0,tbf_imgs::FieldPos033,,dataset,test,FieldPos033 (2),tbf_imgs::FieldPos033
tbf_imgs,D:\Dineth\focus_binary_benchmark\dataset\tbf_imgs\unfocused\FieldPos034\FieldPos034_page_1.png,0,tbf_imgs::FieldPos034,,dataset,val,FieldPos034,tbf_imgs::FieldPos034
tbf_imgs,D:\Dineth\focus_binary_benchmark\dataset\tbf_imgs\unfocused\FieldPos034\FieldPos034_page_10.png,0,tbf_imgs::FieldPos034,,dataset,val,FieldPos034,tbf_imgs::FieldPos034
tbf_imgs,D:\Dineth\focus_binary_benchmark\dataset\tbf_imgs\unfocused\FieldPos034\FieldPos034_page_11.png,0,tbf_imgs::FieldPos034,,dataset,val,FieldPos034,tbf_imgs::FieldPos034
tbf_imgs,D:\Dineth\focus_binary_benchmark\dataset\tbf_imgs\unfocused\FieldPos034\FieldPos034_page_12.png,0,tbf_imgs::FieldPos034,,dataset,val,FieldPos034,tbf_imgs::FieldPos034
tbf_imgs,D:\Dineth\focus_binary_benchmark\dataset\tbf_imgs\unfocused\FieldPos034\FieldPos034_page_13.png,0,tbf_imgs::FieldPos034,,dataset,val,FieldPos034,tbf_imgs::FieldPos034
tbf_imgs,D:\Dineth\focus_binary_benchmark\dataset\tbf_imgs\unfocused\FieldPos034\FieldPos034_page_14.png,0,tbf_imgs::FieldPos034,,dataset,val,FieldPos034,tbf_imgs::FieldPos034
tbf_imgs,D:\Dineth\focus_binary_benchmark\dataset\tbf_imgs\unfocused\FieldPos034\FieldPos034_page_2.png,0,tbf_imgs::FieldPos034,,dataset,val,FieldPos034,tbf_imgs::FieldPos034
tbf_imgs,D:\Dineth\focus_binary_benchmark\dataset\tbf_imgs\unfocused\FieldPos034\FieldPos034_page_3.png,0,tbf_imgs::FieldPos034,,dataset,val,FieldPos034,tbf_imgs::FieldPos034
tbf_imgs,D:\Dineth\focus_binary_benchmark\dataset\tbf_imgs\unfocused\FieldPos034\FieldPos034_page_4.png,0,tbf_imgs::FieldPos034,,dataset,val,FieldPos034,tbf_imgs::FieldPos034
tbf_imgs,D:\Dineth\focus_binary_benchmark\dataset\tbf_imgs\unfocused\FieldPos034\FieldPos034_page_5.png,0,tbf_imgs::FieldPos034,,dataset,val,FieldPos034,tbf_imgs::FieldPos034
tbf_imgs,D:\Dineth\focus_binary_benchmark\dataset\tbf_imgs\unfocused\FieldPos034\FieldPos034_page_6.png,0,tbf_imgs::FieldPos034,,dataset,val,FieldPos034,tbf_imgs::FieldPos034
tbf_imgs,D:\Dineth\focus_binary_benchmark\dataset\tbf_imgs\unfocused\FieldPos035\FieldPos035_page_1.png,0,tbf_imgs::FieldPos035,,dataset,train,FieldPos035,tbf_imgs::FieldPos035
tbf_imgs,D:\Dineth\focus_binary_benchmark\dataset\tbf_imgs\unfocused\FieldPos035\FieldPos035_page_10.png,0,tbf_imgs::FieldPos035,,dataset,train,FieldPos035,tbf_imgs::FieldPos035
tbf_imgs,D:\Dineth\focus_binary_benchmark\dataset\tbf_imgs\unfocused\FieldPos035\FieldPos035_page_11.png,0,tbf_imgs::FieldPos035,,dataset,train,FieldPos035,tbf_imgs::FieldPos035
tbf_imgs,D:\Dineth\focus_binary_benchmark\dataset\tbf_imgs\unfocused\FieldPos035\FieldPos035_page_12.png,0,tbf_imgs::FieldPos035,,dataset,train,FieldPos035,tbf_imgs::FieldPos035
tbf_imgs,D:\Dineth\focus_binary_benchmark\dataset\tbf_imgs\unfocused\FieldPos035\FieldPos035_page_13.png,0,tbf_imgs::FieldPos035,,dataset,train,FieldPos035,tbf_imgs::FieldPos035
tbf_imgs,D:\Dineth\focus_binary_benchmark\dataset\tbf_imgs\unfocused\FieldPos035\FieldPos035_page_14.png,0,tbf_imgs::FieldPos035,,dataset,train,FieldPos035,tbf_imgs::FieldPos035
tbf_imgs,D:\Dineth\focus_binary_benchmark\dataset\tbf_imgs\unfocused\FieldPos035\FieldPos035_page_2.png,0,tbf_imgs::FieldPos035,,dataset,train,FieldPos035,tbf_imgs::FieldPos035
tbf_imgs,D:\Dineth\focus_binary_benchmark\dataset\tbf_imgs\unfocused\FieldPos035\FieldPos035_page_3.png,0,tbf_imgs::FieldPos035,,dataset,train,FieldPos035,tbf_imgs::FieldPos035
tbf_imgs,D:\Dineth\focus_binary_benchmark\dataset\tbf_imgs\unfocused\FieldPos035\FieldPos035_page_4.png,0,tbf_imgs::FieldPos035,,dataset,train,FieldPos035,tbf_imgs::FieldPos035
tbf_imgs,D:\Dineth\focus_binary_benchmark\dataset\tbf_imgs\unfocused\FieldPos035\FieldPos035_page_5.png,0,tbf_imgs::FieldPos035,,dataset,train,FieldPos035,tbf_imgs::FieldPos035
tbf_imgs,D:\Dineth\focus_binary_benchmark\dataset\tbf_imgs\unfocused\FieldPos035\FieldPos035_page_6.png,0,tbf_imgs::FieldPos035,,dataset,train,FieldPos035,tbf_imgs::FieldPos035
tbf_imgs,D:\Dineth\focus_binary_benchmark\dataset\tbf_imgs\unfocused\FieldPos036\FieldPos036_page_1.png,0,tbf_imgs::FieldPos036,,dataset,train,FieldPos036,tbf_imgs::FieldPos036
tbf_imgs,D:\Dineth\focus_binary_benchmark\dataset\tbf_imgs\unfocused\FieldPos036\FieldPos036_page_10.png,0,tbf_imgs::FieldPos036,,dataset,train,FieldPos036,tbf_imgs::FieldPos036
tbf_imgs,D:\Dineth\focus_binary_benchmark\dataset\tbf_imgs\unfocused\FieldPos036\FieldPos036_page_11.png,0,tbf_imgs::FieldPos036,,dataset,train,FieldPos036,tbf_imgs::FieldPos036
tbf_imgs,D:\Dineth\focus_binary_benchmark\dataset\tbf_imgs\unfocused\FieldPos036\FieldPos036_page_12.png,0,tbf_imgs::FieldPos036,,dataset,train,FieldPos036,tbf_imgs::FieldPos036
tbf_imgs,D:\Dineth\focus_binary_benchmark\dataset\tbf_imgs\unfocused\FieldPos036\FieldPos036_page_13.png,0,tbf_imgs::FieldPos036,,dataset,train,FieldPos036,tbf_imgs::FieldPos036
tbf_imgs,D:\Dineth\focus_binary_benchmark\dataset\tbf_imgs\unfocused\FieldPos036\FieldPos036_page_14.png,0,tbf_imgs::FieldPos036,,dataset,train,FieldPos036,tbf_imgs::FieldPos036
tbf_imgs,D:\Dineth\focus_binary_benchmark\dataset\tbf_imgs\unfocused\FieldPos036\FieldPos036_page_2.png,0,tbf_imgs::FieldPos036,,dataset,train,FieldPos036,tbf_imgs::FieldPos036
tbf_imgs,D:\Dineth\focus_binary_benchmark\dataset\tbf_imgs\unfocused\FieldPos036\FieldPos036_page_3.png,0,tbf_imgs::FieldPos036,,dataset,train,FieldPos036,tbf_imgs::FieldPos036
tbf_imgs,D:\Dineth\focus_binary_benchmark\dataset\tbf_imgs\unfocused\FieldPos036\FieldPos036_page_4.png,0,tbf_imgs::FieldPos036,,dataset,train,FieldPos036,tbf_imgs::FieldPos036
tbf_imgs,D:\Dineth\focus_binary_benchmark\dataset\tbf_imgs\unfocused\FieldPos036\FieldPos036_page_5.png,0,tbf_imgs::FieldPos036,,dataset,train,FieldPos036,tbf_imgs::FieldPos036
tbf_imgs,D:\Dineth\focus_binary_benchmark\dataset\tbf_imgs\unfocused\FieldPos036\FieldPos036_page_6.png,0,tbf_imgs::FieldPos036,,dataset,train,FieldPos036,tbf_imgs::FieldPos036
tbf_imgs,D:\Dineth\focus_binary_benchmark\dataset\tbf_imgs\unfocused\FieldPos036 (2)\FieldPos036 (2)_page_1.png,0,tbf_imgs::FieldPos036,,dataset,train,FieldPos036 (2),tbf_imgs::FieldPos036
tbf_imgs,D:\Dineth\focus_binary_benchmark\dataset\tbf_imgs\unfocused\FieldPos036 (2)\FieldPos036 (2)_page_10.png,0,tbf_imgs::FieldPos036,,dataset,train,FieldPos036 (2),tbf_imgs::FieldPos036
tbf_imgs,D:\Dineth\focus_binary_benchmark\dataset\tbf_imgs\unfocused\FieldPos036 (2)\FieldPos036 (2)_page_11.png,0,tbf_imgs::FieldPos036,,dataset,train,FieldPos036 (2),tbf_imgs::FieldPos036
tbf_imgs,D:\Dineth\focus_binary_benchmark\dataset\tbf_imgs\unfocused\FieldPos036 (2)\FieldPos036 (2)_page_12.png,0,tbf_imgs::FieldPos036,,dataset,train,FieldPos036 (2),tbf_imgs::FieldPos036
tbf_imgs,D:\Dineth\focus_binary_benchmark\dataset\tbf_imgs\unfocused\FieldPos036 (2)\FieldPos036 (2)_page_13.png,0,tbf_imgs::FieldPos036,,dataset,train,FieldPos036 (2),tbf_imgs::FieldPos036
tbf_imgs,D:\Dineth\focus_binary_benchmark\dataset\tbf_imgs\unfocused\FieldPos036 (2)\FieldPos036 (2)_page_14.png,0,tbf_imgs::FieldPos036,,dataset,train,FieldPos036 (2),tbf_imgs::FieldPos036
tbf_imgs,D:\Dineth\focus_binary_benchmark\dataset\tbf_imgs\unfocused\FieldPos036 (2)\FieldPos036 (2)_page_2.png,0,tbf_imgs::FieldPos036,,dataset,train,FieldPos036 (2),tbf_imgs::FieldPos036
tbf_imgs,D:\Dineth\focus_binary_benchmark\dataset\tbf_imgs\unfocused\FieldPos036 (2)\FieldPos036 (2)_page_3.png,0,tbf_imgs::FieldPos036,,dataset,train,FieldPos036 (2),tbf_imgs::FieldPos036
tbf_imgs,D:\Dineth\focus_binary_benchmark\dataset\tbf_imgs\unfocused\FieldPos036 (2)\FieldPos036 (2)_page_4.png,0,tbf_imgs::FieldPos036,,dataset,train,FieldPos036 (2),tbf_imgs::FieldPos036
tbf_imgs,D:\Dineth\focus_binary_benchmark\dataset\tbf_imgs\unfocused\FieldPos036 (2)\FieldPos036 (2)_page_5.png,0,tbf_imgs::FieldPos036,,dataset,train,FieldPos036 (2),tbf_imgs::FieldPos036
tbf_imgs,D:\Dineth\focus_binary_benchmark\dataset\tbf_imgs\unfocused\FieldPos036 (2)\FieldPos036 (2)_page_6.png,0,tbf_imgs::FieldPos036,,dataset,train,FieldPos036 (2),tbf_imgs::FieldPos036
tbf_imgs,D:\Dineth\focus_binary_benchmark\dataset\tbf_imgs\unfocused\FieldPos037\FieldPos037_page_1.png,0,tbf_imgs::FieldPos037,,dataset,train,FieldPos037,tbf_imgs::FieldPos037
tbf_imgs,D:\Dineth\focus_binary_benchmark\dataset\tbf_imgs\unfocused\FieldPos037\FieldPos037_page_10.png,0,tbf_imgs::FieldPos037,,dataset,train,FieldPos037,tbf_imgs::FieldPos037
tbf_imgs,D:\Dineth\focus_binary_benchmark\dataset\tbf_imgs\unfocused\FieldPos037\FieldPos037_page_11.png,0,tbf_imgs::FieldPos037,,dataset,train,FieldPos037,tbf_imgs::FieldPos037
tbf_imgs,D:\Dineth\focus_binary_benchmark\dataset\tbf_imgs\unfocused\FieldPos037\FieldPos037_page_12.png,0,tbf_imgs::FieldPos037,,dataset,train,FieldPos037,tbf_imgs::FieldPos037
tbf_imgs,D:\Dineth\focus_binary_benchmark\dataset\tbf_imgs\unfocused\FieldPos037\FieldPos037_page_13.png,0,tbf_imgs::FieldPos037,,dataset,train,FieldPos037,tbf_imgs::FieldPos037
tbf_imgs,D:\Dineth\focus_binary_benchmark\dataset\tbf_imgs\unfocused\FieldPos037\FieldPos037_page_14.png,0,tbf_imgs::FieldPos037,,dataset,train,FieldPos037,tbf_imgs::FieldPos037
tbf_imgs,D:\Dineth\focus_binary_benchmark\dataset\tbf_imgs\unfocused\FieldPos037\FieldPos037_page_2.png,0,tbf_imgs::FieldPos037,,dataset,train,FieldPos037,tbf_imgs::FieldPos037
tbf_imgs,D:\Dineth\focus_binary_benchmark\dataset\tbf_imgs\unfocused\FieldPos037\FieldPos037_page_3.png,0,tbf_imgs::FieldPos037,,dataset,train,FieldPos037,tbf_imgs::FieldPos037
tbf_imgs,D:\Dineth\focus_binary_benchmark\dataset\tbf_imgs\unfocused\FieldPos037\FieldPos037_page_4.png,0,tbf_imgs::FieldPos037,,dataset,train,FieldPos037,tbf_imgs::FieldPos037
tbf_imgs,D:\Dineth\focus_binary_benchmark\dataset\tbf_imgs\unfocused\FieldPos037\FieldPos037_page_5.png,0,tbf_imgs::FieldPos037,,dataset,train,FieldPos037,tbf_imgs::FieldPos037
tbf_imgs,D:\Dineth\focus_binary_benchmark\dataset\tbf_imgs\unfocused\FieldPos037\FieldPos037_page_9.png,0,tbf_imgs::FieldPos037,,dataset,train,FieldPos037,tbf_imgs::FieldPos037
tbf_imgs,D:\Dineth\focus_binary_benchmark\dataset\tbf_imgs\unfocused\FieldPos038\FieldPos038_page_1.png,0,tbf_imgs::FieldPos038,,dataset,train,FieldPos038,tbf_imgs::FieldPos038
tbf_imgs,D:\Dineth\focus_binary_benchmark\dataset\tbf_imgs\unfocused\FieldPos038\FieldPos038_page_10.png,0,tbf_imgs::FieldPos038,,dataset,train,FieldPos038,tbf_imgs::FieldPos038
tbf_imgs,D:\Dineth\focus_binary_benchmark\dataset\tbf_imgs\unfocused\FieldPos038\FieldPos038_page_11.png,0,tbf_imgs::FieldPos038,,dataset,train,FieldPos038,tbf_imgs::FieldPos038
tbf_imgs,D:\Dineth\focus_binary_benchmark\dataset\tbf_imgs\unfocused\FieldPos038\FieldPos038_page_12.png,0,tbf_imgs::FieldPos038,,dataset,train,FieldPos038,tbf_imgs::FieldPos038
tbf_imgs,D:\Dineth\focus_binary_benchmark\dataset\tbf_imgs\unfocused\FieldPos038\FieldPos038_page_13.png,0,tbf_imgs::FieldPos038,,dataset,train,FieldPos038,tbf_imgs::FieldPos038
tbf_imgs,D:\Dineth\focus_binary_benchmark\dataset\tbf_imgs\unfocused\FieldPos038\FieldPos038_page_14.png,0,tbf_imgs::FieldPos038,,dataset,train,FieldPos038,tbf_imgs::FieldPos038
tbf_imgs,D:\Dineth\focus_binary_benchmark\dataset\tbf_imgs\unfocused\FieldPos038\FieldPos038_page_2.png,0,tbf_imgs::FieldPos038,,dataset,train,FieldPos038,tbf_imgs::FieldPos038
tbf_imgs,D:\Dineth\focus_binary_benchmark\dataset\tbf_imgs\unfocused\FieldPos038\FieldPos038_page_3.png,0,tbf_imgs::FieldPos038,,dataset,train,FieldPos038,tbf_imgs::FieldPos038
tbf_imgs,D:\Dineth\focus_binary_benchmark\dataset\tbf_imgs\unfocused\FieldPos038\FieldPos038_page_4.png,0,tbf_imgs::FieldPos038,,dataset,train,FieldPos038,tbf_imgs::FieldPos038
tbf_imgs,D:\Dineth\focus_binary_benchmark\dataset\tbf_imgs\unfocused\FieldPos038\FieldPos038_page_5.png,0,tbf_imgs::FieldPos038,,dataset,train,FieldPos038,tbf_imgs::FieldPos038
tbf_imgs,D:\Dineth\focus_binary_benchmark\dataset\tbf_imgs\unfocused\FieldPos038\FieldPos038_page_9.png,0,tbf_imgs::FieldPos038,,dataset,train,FieldPos038,tbf_imgs::FieldPos038
tbf_imgs,D:\Dineth\focus_binary_benchmark\dataset\tbf_imgs\unfocused\FieldPos038 (2)\FieldPos038 (2)_page_1.png,0,tbf_imgs::FieldPos038,,dataset,train,FieldPos038 (2),tbf_imgs::FieldPos038
tbf_imgs,D:\Dineth\focus_binary_benchmark\dataset\tbf_imgs\unfocused\FieldPos038 (2)\FieldPos038 (2)_page_10.png,0,tbf_imgs::FieldPos038,,dataset,train,FieldPos038 (2),tbf_imgs::FieldPos038
tbf_imgs,D:\Dineth\focus_binary_benchmark\dataset\tbf_imgs\unfocused\FieldPos038 (2)\FieldPos038 (2)_page_11.png,0,tbf_imgs::FieldPos038,,dataset,train,FieldPos038 (2),tbf_imgs::FieldPos038
tbf_imgs,D:\Dineth\focus_binary_benchmark\dataset\tbf_imgs\unfocused\FieldPos038 (2)\FieldPos038 (2)_page_12.png,0,tbf_imgs::FieldPos038,,dataset,train,FieldPos038 (2),tbf_imgs::FieldPos038
tbf_imgs,D:\Dineth\focus_binary_benchmark\dataset\tbf_imgs\unfocused\FieldPos038 (2)\FieldPos038 (2)_page_13.png,0,tbf_imgs::FieldPos038,,dataset,train,FieldPos038 (2),tbf_imgs::FieldPos038
tbf_imgs,D:\Dineth\focus_binary_benchmark\dataset\tbf_imgs\unfocused\FieldPos038 (2)\FieldPos038 (2)_page_14.png,0,tbf_imgs::FieldPos038,,dataset,train,FieldPos038 (2),tbf_imgs::FieldPos038
tbf_imgs,D:\Dineth\focus_binary_benchmark\dataset\tbf_imgs\unfocused\FieldPos038 (2)\FieldPos038 (2)_page_2.png,0,tbf_imgs::FieldPos038,,dataset,train,FieldPos038 (2),tbf_imgs::FieldPos038
tbf_imgs,D:\Dineth\focus_binary_benchmark\dataset\tbf_imgs\unfocused\FieldPos038 (2)\FieldPos038 (2)_page_3.png,0,tbf_imgs::FieldPos038,,dataset,train,FieldPos038 (2),tbf_imgs::FieldPos038
tbf_imgs,D:\Dineth\focus_binary_benchmark\dataset\tbf_imgs\unfocused\FieldPos038 (2)\FieldPos038 (2)_page_4.png,0,tbf_imgs::FieldPos038,,dataset,train,FieldPos038 (2),tbf_imgs::FieldPos038
tbf_imgs,D:\Dineth\focus_binary_benchmark\dataset\tbf_imgs\unfocused\FieldPos038 (2)\FieldPos038 (2)_page_5.png,0,tbf_imgs::FieldPos038,,dataset,train,FieldPos038 (2),tbf_imgs::FieldPos038
tbf_imgs,D:\Dineth\focus_binary_benchmark\dataset\tbf_imgs\unfocused\FieldPos038 (2)\FieldPos038 (2)_page_9.png,0,tbf_imgs::FieldPos038,,dataset,train,FieldPos038 (2),tbf_imgs::FieldPos038
tbf_imgs,D:\Dineth\focus_binary_benchmark\dataset\tbf_imgs\unfocused\FieldPos039\FieldPos039_page_1.png,0,tbf_imgs::FieldPos039,,dataset,train,FieldPos039,tbf_imgs::FieldPos039
tbf_imgs,D:\Dineth\focus_binary_benchmark\dataset\tbf_imgs\unfocused\FieldPos039\FieldPos039_page_10.png,0,tbf_imgs::FieldPos039,,dataset,train,FieldPos039,tbf_imgs::FieldPos039
tbf_imgs,D:\Dineth\focus_binary_benchmark\dataset\tbf_imgs\unfocused\FieldPos039\FieldPos039_page_11.png,0,tbf_imgs::FieldPos039,,dataset,train,FieldPos039,tbf_imgs::FieldPos039
tbf_imgs,D:\Dineth\focus_binary_benchmark\dataset\tbf_imgs\unfocused\FieldPos039\FieldPos039_page_12.png,0,tbf_imgs::FieldPos039,,dataset,train,FieldPos039,tbf_imgs::FieldPos039
tbf_imgs,D:\Dineth\focus_binary_benchmark\dataset\tbf_imgs\unfocused\FieldPos039\FieldPos039_page_13.png,0,tbf_imgs::FieldPos039,,dataset,train,FieldPos039,tbf_imgs::FieldPos039
tbf_imgs,D:\Dineth\focus_binary_benchmark\dataset\tbf_imgs\unfocused\FieldPos039\FieldPos039_page_14.png,0,tbf_imgs::FieldPos039,,dataset,train,FieldPos039,tbf_imgs::FieldPos039
tbf_imgs,D:\Dineth\focus_binary_benchmark\dataset\tbf_imgs\unfocused\FieldPos039\FieldPos039_page_2.png,0,tbf_imgs::FieldPos039,,dataset,train,FieldPos039,tbf_imgs::FieldPos039
tbf_imgs,D:\Dineth\focus_binary_benchmark\dataset\tbf_imgs\unfocused\FieldPos039\FieldPos039_page_3.png,0,tbf_imgs::FieldPos039,,dataset,train,FieldPos039,tbf_imgs::FieldPos039
tbf_imgs,D:\Dineth\focus_binary_benchmark\dataset\tbf_imgs\unfocused\FieldPos039\FieldPos039_page_4.png,0,tbf_imgs::FieldPos039,,dataset,train,FieldPos039,tbf_imgs::FieldPos039
tbf_imgs,D:\Dineth\focus_binary_benchmark\dataset\tbf_imgs\unfocused\FieldPos039\FieldPos039_page_8.png,0,tbf_imgs::FieldPos039,,dataset,train,FieldPos039,tbf_imgs::FieldPos039
tbf_imgs,D:\Dineth\focus_binary_benchmark\dataset\tbf_imgs\unfocused\FieldPos039\FieldPos039_page_9.png,0,tbf_imgs::FieldPos039,,dataset,train,FieldPos039,tbf_imgs::FieldPos039
tbf_imgs,D:\Dineth\focus_binary_benchmark\dataset\tbf_imgs\unfocused\FieldPos040\FieldPos040_page_1.png,0,tbf_imgs::FieldPos040,,dataset,train,FieldPos040,tbf_imgs::FieldPos040
tbf_imgs,D:\Dineth\focus_binary_benchmark\dataset\tbf_imgs\unfocused\FieldPos040\FieldPos040_page_10.png,0,tbf_imgs::FieldPos040,,dataset,train,FieldPos040,tbf_imgs::FieldPos040
tbf_imgs,D:\Dineth\focus_binary_benchmark\dataset\tbf_imgs\unfocused\FieldPos040\FieldPos040_page_11.png,0,tbf_imgs::FieldPos040,,dataset,train,FieldPos040,tbf_imgs::FieldPos040
tbf_imgs,D:\Dineth\focus_binary_benchmark\dataset\tbf_imgs\unfocused\FieldPos040\FieldPos040_page_12.png,0,tbf_imgs::FieldPos040,,dataset,train,FieldPos040,tbf_imgs::FieldPos040
tbf_imgs,D:\Dineth\focus_binary_benchmark\dataset\tbf_imgs\unfocused\FieldPos040\FieldPos040_page_13.png,0,tbf_imgs::FieldPos040,,dataset,train,FieldPos040,tbf_imgs::FieldPos040
tbf_imgs,D:\Dineth\focus_binary_benchmark\dataset\tbf_imgs\unfocused\FieldPos040\FieldPos040_page_14.png,0,tbf_imgs::FieldPos040,,dataset,train,FieldPos040,tbf_imgs::FieldPos040
tbf_imgs,D:\Dineth\focus_binary_benchmark\dataset\tbf_imgs\unfocused\FieldPos040\FieldPos040_page_2.png,0,tbf_imgs::FieldPos040,,dataset,train,FieldPos040,tbf_imgs::FieldPos040
tbf_imgs,D:\Dineth\focus_binary_benchmark\dataset\tbf_imgs\unfocused\FieldPos040\FieldPos040_page_3.png,0,tbf_imgs::FieldPos040,,dataset,train,FieldPos040,tbf_imgs::FieldPos040
tbf_imgs,D:\Dineth\focus_binary_benchmark\dataset\tbf_imgs\unfocused\FieldPos040\FieldPos040_page_4.png,0,tbf_imgs::FieldPos040,,dataset,train,FieldPos040,tbf_imgs::FieldPos040
tbf_imgs,D:\Dineth\focus_binary_benchmark\dataset\tbf_imgs\unfocused\FieldPos040\FieldPos040_page_5.png,0,tbf_imgs::FieldPos040,,dataset,train,FieldPos040,tbf_imgs::FieldPos040
tbf_imgs,D:\Dineth\focus_binary_benchmark\dataset\tbf_imgs\unfocused\FieldPos040\FieldPos040_page_9.png,0,tbf_imgs::FieldPos040,,dataset,train,FieldPos040,tbf_imgs::FieldPos040
tbf_imgs,D:\Dineth\focus_binary_benchmark\dataset\tbf_imgs\unfocused\FieldPos041\FieldPos041_page_1.png,0,tbf_imgs::FieldPos041,,dataset,train,FieldPos041,tbf_imgs::FieldPos041
tbf_imgs,D:\Dineth\focus_binary_benchmark\dataset\tbf_imgs\unfocused\FieldPos041\FieldPos041_page_10.png,0,tbf_imgs::FieldPos041,,dataset,train,FieldPos041,tbf_imgs::FieldPos041
tbf_imgs,D:\Dineth\focus_binary_benchmark\dataset\tbf_imgs\unfocused\FieldPos041\FieldPos041_page_11.png,0,tbf_imgs::FieldPos041,,dataset,train,FieldPos041,tbf_imgs::FieldPos041
tbf_imgs,D:\Dineth\focus_binary_benchmark\dataset\tbf_imgs\unfocused\FieldPos041\FieldPos041_page_12.png,0,tbf_imgs::FieldPos041,,dataset,train,FieldPos041,tbf_imgs::FieldPos041
tbf_imgs,D:\Dineth\focus_binary_benchmark\dataset\tbf_imgs\unfocused\FieldPos041\FieldPos041_page_13.png,0,tbf_imgs::FieldPos041,,dataset,train,FieldPos041,tbf_imgs::FieldPos041
tbf_imgs,D:\Dineth\focus_binary_benchmark\dataset\tbf_imgs\unfocused\FieldPos041\FieldPos041_page_14.png,0,tbf_imgs::FieldPos041,,dataset,train,FieldPos041,tbf_imgs::FieldPos041
tbf_imgs,D:\Dineth\focus_binary_benchmark\dataset\tbf_imgs\unfocused\FieldPos041\FieldPos041_page_2.png,0,tbf_imgs::FieldPos041,,dataset,train,FieldPos041,tbf_imgs::FieldPos041
tbf_imgs,D:\Dineth\focus_binary_benchmark\dataset\tbf_imgs\unfocused\FieldPos041\FieldPos041_page_3.png,0,tbf_imgs::FieldPos041,,dataset,train,FieldPos041,tbf_imgs::FieldPos041
tbf_imgs,D:\Dineth\focus_binary_benchmark\dataset\tbf_imgs\unfocused\FieldPos041\FieldPos041_page_4.png,0,tbf_imgs::FieldPos041,,dataset,train,FieldPos041,tbf_imgs::FieldPos041
tbf_imgs,D:\Dineth\focus_binary_benchmark\dataset\tbf_imgs\unfocused\FieldPos041\FieldPos041_page_5.png,0,tbf_imgs::FieldPos041,,dataset,train,FieldPos041,tbf_imgs::FieldPos041
tbf_imgs,D:\Dineth\focus_binary_benchmark\dataset\tbf_imgs\unfocused\FieldPos041\FieldPos041_page_9.png,0,tbf_imgs::FieldPos041,,dataset,train,FieldPos041,tbf_imgs::FieldPos041
tbf_imgs,D:\Dineth\focus_binary_benchmark\dataset\tbf_imgs\unfocused\FieldPos042\FieldPos042_page_1.png,0,tbf_imgs::FieldPos042,,dataset,train,FieldPos042,tbf_imgs::FieldPos042
tbf_imgs,D:\Dineth\focus_binary_benchmark\dataset\tbf_imgs\unfocused\FieldPos042\FieldPos042_page_10.png,0,tbf_imgs::FieldPos042,,dataset,train,FieldPos042,tbf_imgs::FieldPos042
tbf_imgs,D:\Dineth\focus_binary_benchmark\dataset\tbf_imgs\unfocused\FieldPos042\FieldPos042_page_11.png,0,tbf_imgs::FieldPos042,,dataset,train,FieldPos042,tbf_imgs::FieldPos042
tbf_imgs,D:\Dineth\focus_binary_benchmark\dataset\tbf_imgs\unfocused\FieldPos042\FieldPos042_page_12.png,0,tbf_imgs::FieldPos042,,dataset,train,FieldPos042,tbf_imgs::FieldPos042
tbf_imgs,D:\Dineth\focus_binary_benchmark\dataset\tbf_imgs\unfocused\FieldPos042\FieldPos042_page_13.png,0,tbf_imgs::FieldPos042,,dataset,train,FieldPos042,tbf_imgs::FieldPos042
tbf_imgs,D:\Dineth\focus_binary_benchmark\dataset\tbf_imgs\unfocused\FieldPos042\FieldPos042_page_14.png,0,tbf_imgs::FieldPos042,,dataset,train,FieldPos042,tbf_imgs::FieldPos042
tbf_imgs,D:\Dineth\focus_binary_benchmark\dataset\tbf_imgs\unfocused\FieldPos042\FieldPos042_page_2.png,0,tbf_imgs::FieldPos042,,dataset,train,FieldPos042,tbf_imgs::FieldPos042
tbf_imgs,D:\Dineth\focus_binary_benchmark\dataset\tbf_imgs\unfocused\FieldPos042\FieldPos042_page_3.png,0,tbf_imgs::FieldPos042,,dataset,train,FieldPos042,tbf_imgs::FieldPos042
tbf_imgs,D:\Dineth\focus_binary_benchmark\dataset\tbf_imgs\unfocused\FieldPos042\FieldPos042_page_4.png,0,tbf_imgs::FieldPos042,,dataset,train,FieldPos042,tbf_imgs::FieldPos042
tbf_imgs,D:\Dineth\focus_binary_benchmark\dataset\tbf_imgs\unfocused\FieldPos042\FieldPos042_page_5.png,0,tbf_imgs::FieldPos042,,dataset,train,FieldPos042,tbf_imgs::FieldPos042
tbf_imgs,D:\Dineth\focus_binary_benchmark\dataset\tbf_imgs\unfocused\FieldPos042\FieldPos042_page_6.png,0,tbf_imgs::FieldPos042,,dataset,train,FieldPos042,tbf_imgs::FieldPos042
tbf_imgs,D:\Dineth\focus_binary_benchmark\dataset\tbf_imgs\unfocused\FieldPos042 (2)\FieldPos042 (2)_page_1.png,0,tbf_imgs::FieldPos042,,dataset,train,FieldPos042 (2),tbf_imgs::FieldPos042
tbf_imgs,D:\Dineth\focus_binary_benchmark\dataset\tbf_imgs\unfocused\FieldPos042 (2)\FieldPos042 (2)_page_10.png,0,tbf_imgs::FieldPos042,,dataset,train,FieldPos042 (2),tbf_imgs::FieldPos042
tbf_imgs,D:\Dineth\focus_binary_benchmark\dataset\tbf_imgs\unfocused\FieldPos042 (2)\FieldPos042 (2)_page_11.png,0,tbf_imgs::FieldPos042,,dataset,train,FieldPos042 (2),tbf_imgs::FieldPos042
tbf_imgs,D:\Dineth\focus_binary_benchmark\dataset\tbf_imgs\unfocused\FieldPos042 (2)\FieldPos042 (2)_page_12.png,0,tbf_imgs::FieldPos042,,dataset,train,FieldPos042 (2),tbf_imgs::FieldPos042
tbf_imgs,D:\Dineth\focus_binary_benchmark\dataset\tbf_imgs\unfocused\FieldPos042 (2)\FieldPos042 (2)_page_13.png,0,tbf_imgs::FieldPos042,,dataset,train,FieldPos042 (2),tbf_imgs::FieldPos042
tbf_imgs,D:\Dineth\focus_binary_benchmark\dataset\tbf_imgs\unfocused\FieldPos042 (2)\FieldPos042 (2)_page_14.png,0,tbf_imgs::FieldPos042,,dataset,train,FieldPos042 (2),tbf_imgs::FieldPos042
tbf_imgs,D:\Dineth\focus_binary_benchmark\dataset\tbf_imgs\unfocused\FieldPos042 (2)\FieldPos042 (2)_page_2.png,0,tbf_imgs::FieldPos042,,dataset,train,FieldPos042 (2),tbf_imgs::FieldPos042
tbf_imgs,D:\Dineth\focus_binary_benchmark\dataset\tbf_imgs\unfocused\FieldPos042 (2)\FieldPos042 (2)_page_3.png,0,tbf_imgs::FieldPos042,,dataset,train,FieldPos042 (2),tbf_imgs::FieldPos042
tbf_imgs,D:\Dineth\focus_binary_benchmark\dataset\tbf_imgs\unfocused\FieldPos042 (2)\FieldPos042 (2)_page_4.png,0,tbf_imgs::FieldPos042,,dataset,train,FieldPos042 (2),tbf_imgs::FieldPos042
tbf_imgs,D:\Dineth\focus_binary_benchmark\dataset\tbf_imgs\unfocused\FieldPos042 (2)\FieldPos042 (2)_page_5.png,0,tbf_imgs::FieldPos042,,dataset,train,FieldPos042 (2),tbf_imgs::FieldPos042
tbf_imgs,D:\Dineth\focus_binary_benchmark\dataset\tbf_imgs\unfocused\FieldPos042 (2)\FieldPos042 (2)_page_6.png,0,tbf_imgs::FieldPos042,,dataset,train,FieldPos042 (2),tbf_imgs::FieldPos042
tbf_imgs,D:\Dineth\focus_binary_benchmark\dataset\tbf_imgs\unfocused\FieldPos043\FieldPos043_page_1.png,0,tbf_imgs::FieldPos043,,dataset,test,FieldPos043,tbf_imgs::FieldPos043
tbf_imgs,D:\Dineth\focus_binary_benchmark\dataset\tbf_imgs\unfocused\FieldPos043\FieldPos043_page_10.png,0,tbf_imgs::FieldPos043,,dataset,test,FieldPos043,tbf_imgs::FieldPos043
tbf_imgs,D:\Dineth\focus_binary_benchmark\dataset\tbf_imgs\unfocused\FieldPos043\FieldPos043_page_11.png,0,tbf_imgs::FieldPos043,,dataset,test,FieldPos043,tbf_imgs::FieldPos043
tbf_imgs,D:\Dineth\focus_binary_benchmark\dataset\tbf_imgs\unfocused\FieldPos043\FieldPos043_page_12.png,0,tbf_imgs::FieldPos043,,dataset,test,FieldPos043,tbf_imgs::FieldPos043
tbf_imgs,D:\Dineth\focus_binary_benchmark\dataset\tbf_imgs\unfocused\FieldPos043\FieldPos043_page_13.png,0,tbf_imgs::FieldPos043,,dataset,test,FieldPos043,tbf_imgs::FieldPos043
tbf_imgs,D:\Dineth\focus_binary_benchmark\dataset\tbf_imgs\unfocused\FieldPos043\FieldPos043_page_14.png,0,tbf_imgs::FieldPos043,,dataset,test,FieldPos043,tbf_imgs::FieldPos043
tbf_imgs,D:\Dineth\focus_binary_benchmark\dataset\tbf_imgs\unfocused\FieldPos043\FieldPos043_page_2.png,0,tbf_imgs::FieldPos043,,dataset,test,FieldPos043,tbf_imgs::FieldPos043
tbf_imgs,D:\Dineth\focus_binary_benchmark\dataset\tbf_imgs\unfocused\FieldPos043\FieldPos043_page_3.png,0,tbf_imgs::FieldPos043,,dataset,test,FieldPos043,tbf_imgs::FieldPos043
tbf_imgs,D:\Dineth\focus_binary_benchmark\dataset\tbf_imgs\unfocused\FieldPos043\FieldPos043_page_4.png,0,tbf_imgs::FieldPos043,,dataset,test,FieldPos043,tbf_imgs::FieldPos043
tbf_imgs,D:\Dineth\focus_binary_benchmark\dataset\tbf_imgs\unfocused\FieldPos043\FieldPos043_page_5.png,0,tbf_imgs::FieldPos043,,dataset,test,FieldPos043,tbf_imgs::FieldPos043
tbf_imgs,D:\Dineth\focus_binary_benchmark\dataset\tbf_imgs\unfocused\FieldPos043\FieldPos043_page_6.png,0,tbf_imgs::FieldPos043,,dataset,test,FieldPos043,tbf_imgs::FieldPos043
tbf_imgs,D:\Dineth\focus_binary_benchmark\dataset\tbf_imgs\unfocused\FieldPos043 (2)\FieldPos043 (2)_page_1.png,0,tbf_imgs::FieldPos043,,dataset,test,FieldPos043 (2),tbf_imgs::FieldPos043
tbf_imgs,D:\Dineth\focus_binary_benchmark\dataset\tbf_imgs\unfocused\FieldPos043 (2)\FieldPos043 (2)_page_10.png,0,tbf_imgs::FieldPos043,,dataset,test,FieldPos043 (2),tbf_imgs::FieldPos043
tbf_imgs,D:\Dineth\focus_binary_benchmark\dataset\tbf_imgs\unfocused\FieldPos043 (2)\FieldPos043 (2)_page_11.png,0,tbf_imgs::FieldPos043,,dataset,test,FieldPos043 (2),tbf_imgs::FieldPos043
tbf_imgs,D:\Dineth\focus_binary_benchmark\dataset\tbf_imgs\unfocused\FieldPos043 (2)\FieldPos043 (2)_page_12.png,0,tbf_imgs::FieldPos043,,dataset,test,FieldPos043 (2),tbf_imgs::FieldPos043
tbf_imgs,D:\Dineth\focus_binary_benchmark\dataset\tbf_imgs\unfocused\FieldPos043 (2)\FieldPos043 (2)_page_13.png,0,tbf_imgs::FieldPos043,,dataset,test,FieldPos043 (2),tbf_imgs::FieldPos043
tbf_imgs,D:\Dineth\focus_binary_benchmark\dataset\tbf_imgs\unfocused\FieldPos043 (2)\FieldPos043 (2)_page_14.png,0,tbf_imgs::FieldPos043,,dataset,test,FieldPos043 (2),tbf_imgs::FieldPos043
tbf_imgs,D:\Dineth\focus_binary_benchmark\dataset\tbf_imgs\unfocused\FieldPos043 (2)\FieldPos043 (2)_page_2.png,0,tbf_imgs::FieldPos043,,dataset,test,FieldPos043 (2),tbf_imgs::FieldPos043
tbf_imgs,D:\Dineth\focus_binary_benchmark\dataset\tbf_imgs\unfocused\FieldPos043 (2)\FieldPos043 (2)_page_3.png,0,tbf_imgs::FieldPos043,,dataset,test,FieldPos043 (2),tbf_imgs::FieldPos043
tbf_imgs,D:\Dineth\focus_binary_benchmark\dataset\tbf_imgs\unfocused\FieldPos043 (2)\FieldPos043 (2)_page_4.png,0,tbf_imgs::FieldPos043,,dataset,test,FieldPos043 (2),tbf_imgs::FieldPos043
tbf_imgs,D:\Dineth\focus_binary_benchmark\dataset\tbf_imgs\unfocused\FieldPos043 (2)\FieldPos043 (2)_page_5.png,0,tbf_imgs::FieldPos043,,dataset,test,FieldPos043 (2),tbf_imgs::FieldPos043
tbf_imgs,D:\Dineth\focus_binary_benchmark\dataset\tbf_imgs\unfocused\FieldPos043 (2)\FieldPos043 (2)_page_6.png,0,tbf_imgs::FieldPos043,,dataset,test,FieldPos043 (2),tbf_imgs::FieldPos043
tbf_imgs,D:\Dineth\focus_binary_benchmark\dataset\tbf_imgs\unfocused\FieldPos044\FieldPos044_page_1.png,0,tbf_imgs::FieldPos044,,dataset,train,FieldPos044,tbf_imgs::FieldPos044
tbf_imgs,D:\Dineth\focus_binary_benchmark\dataset\tbf_imgs\unfocused\FieldPos044\FieldPos044_page_10.png,0,tbf_imgs::FieldPos044,,dataset,train,FieldPos044,tbf_imgs::FieldPos044
tbf_imgs,D:\Dineth\focus_binary_benchmark\dataset\tbf_imgs\unfocused\FieldPos044\FieldPos044_page_11.png,0,tbf_imgs::FieldPos044,,dataset,train,FieldPos044,tbf_imgs::FieldPos044
tbf_imgs,D:\Dineth\focus_binary_benchmark\dataset\tbf_imgs\unfocused\FieldPos044\FieldPos044_page_12.png,0,tbf_imgs::FieldPos044,,dataset,train,FieldPos044,tbf_imgs::FieldPos044
tbf_imgs,D:\Dineth\focus_binary_benchmark\dataset\tbf_imgs\unfocused\FieldPos044\FieldPos044_page_13.png,0,tbf_imgs::FieldPos044,,dataset,train,FieldPos044,tbf_imgs::FieldPos044
tbf_imgs,D:\Dineth\focus_binary_benchmark\dataset\tbf_imgs\unfocused\FieldPos044\FieldPos044_page_14.png,0,tbf_imgs::FieldPos044,,dataset,train,FieldPos044,tbf_imgs::FieldPos044
tbf_imgs,D:\Dineth\focus_binary_benchmark\dataset\tbf_imgs\unfocused\FieldPos044\FieldPos044_page_2.png,0,tbf_imgs::FieldPos044,,dataset,train,FieldPos044,tbf_imgs::FieldPos044
tbf_imgs,D:\Dineth\focus_binary_benchmark\dataset\tbf_imgs\unfocused\FieldPos044\FieldPos044_page_3.png,0,tbf_imgs::FieldPos044,,dataset,train,FieldPos044,tbf_imgs::FieldPos044
tbf_imgs,D:\Dineth\focus_binary_benchmark\dataset\tbf_imgs\unfocused\FieldPos044\FieldPos044_page_4.png,0,tbf_imgs::FieldPos044,,dataset,train,FieldPos044,tbf_imgs::FieldPos044
tbf_imgs,D:\Dineth\focus_binary_benchmark\dataset\tbf_imgs\unfocused\FieldPos044\FieldPos044_page_5.png,0,tbf_imgs::FieldPos044,,dataset,train,FieldPos044,tbf_imgs::FieldPos044
tbf_imgs,D:\Dineth\focus_binary_benchmark\dataset\tbf_imgs\unfocused\FieldPos044\FieldPos044_page_6.png,0,tbf_imgs::FieldPos044,,dataset,train,FieldPos044,tbf_imgs::FieldPos044
tbf_imgs,D:\Dineth\focus_binary_benchmark\dataset\tbf_imgs\unfocused\FieldPos045\FieldPos045_page_1.png,0,tbf_imgs::FieldPos045,,dataset,train,FieldPos045,tbf_imgs::FieldPos045
tbf_imgs,D:\Dineth\focus_binary_benchmark\dataset\tbf_imgs\unfocused\FieldPos045\FieldPos045_page_10.png,0,tbf_imgs::FieldPos045,,dataset,train,FieldPos045,tbf_imgs::FieldPos045
tbf_imgs,D:\Dineth\focus_binary_benchmark\dataset\tbf_imgs\unfocused\FieldPos045\FieldPos045_page_11.png,0,tbf_imgs::FieldPos045,,dataset,train,FieldPos045,tbf_imgs::FieldPos045
tbf_imgs,D:\Dineth\focus_binary_benchmark\dataset\tbf_imgs\unfocused\FieldPos045\FieldPos045_page_12.png,0,tbf_imgs::FieldPos045,,dataset,train,FieldPos045,tbf_imgs::FieldPos045
tbf_imgs,D:\Dineth\focus_binary_benchmark\dataset\tbf_imgs\unfocused\FieldPos045\FieldPos045_page_13.png,0,tbf_imgs::FieldPos045,,dataset,train,FieldPos045,tbf_imgs::FieldPos045
tbf_imgs,D:\Dineth\focus_binary_benchmark\dataset\tbf_imgs\unfocused\FieldPos045\FieldPos045_page_14.png,0,tbf_imgs::FieldPos045,,dataset,train,FieldPos045,tbf_imgs::FieldPos045
tbf_imgs,D:\Dineth\focus_binary_benchmark\dataset\tbf_imgs\unfocused\FieldPos045\FieldPos045_page_2.png,0,tbf_imgs::FieldPos045,,dataset,train,FieldPos045,tbf_imgs::FieldPos045
tbf_imgs,D:\Dineth\focus_binary_benchmark\dataset\tbf_imgs\unfocused\FieldPos045\FieldPos045_page_3.png,0,tbf_imgs::FieldPos045,,dataset,train,FieldPos045,tbf_imgs::FieldPos045
tbf_imgs,D:\Dineth\focus_binary_benchmark\dataset\tbf_imgs\unfocused\FieldPos045\FieldPos045_page_4.png,0,tbf_imgs::FieldPos045,,dataset,train,FieldPos045,tbf_imgs::FieldPos045
tbf_imgs,D:\Dineth\focus_binary_benchmark\dataset\tbf_imgs\unfocused\FieldPos045\FieldPos045_page_5.png,0,tbf_imgs::FieldPos045,,dataset,train,FieldPos045,tbf_imgs::FieldPos045
tbf_imgs,D:\Dineth\focus_binary_benchmark\dataset\tbf_imgs\unfocused\FieldPos045\FieldPos045_page_6.png,0,tbf_imgs::FieldPos045,,dataset,train,FieldPos045,tbf_imgs::FieldPos045
tbf_imgs,D:\Dineth\focus_binary_benchmark\dataset\tbf_imgs\unfocused\FieldPos046\FieldPos046_page_1.png,0,tbf_imgs::FieldPos046,,dataset,train,FieldPos046,tbf_imgs::FieldPos046
tbf_imgs,D:\Dineth\focus_binary_benchmark\dataset\tbf_imgs\unfocused\FieldPos046\FieldPos046_page_10.png,0,tbf_imgs::FieldPos046,,dataset,train,FieldPos046,tbf_imgs::FieldPos046
tbf_imgs,D:\Dineth\focus_binary_benchmark\dataset\tbf_imgs\unfocused\FieldPos046\FieldPos046_page_11.png,0,tbf_imgs::FieldPos046,,dataset,train,FieldPos046,tbf_imgs::FieldPos046
tbf_imgs,D:\Dineth\focus_binary_benchmark\dataset\tbf_imgs\unfocused\FieldPos046\FieldPos046_page_12.png,0,tbf_imgs::FieldPos046,,dataset,train,FieldPos046,tbf_imgs::FieldPos046
tbf_imgs,D:\Dineth\focus_binary_benchmark\dataset\tbf_imgs\unfocused\FieldPos046\FieldPos046_page_13.png,0,tbf_imgs::FieldPos046,,dataset,train,FieldPos046,tbf_imgs::FieldPos046
tbf_imgs,D:\Dineth\focus_binary_benchmark\dataset\tbf_imgs\unfocused\FieldPos046\FieldPos046_page_14.png,0,tbf_imgs::FieldPos046,,dataset,train,FieldPos046,tbf_imgs::FieldPos046
tbf_imgs,D:\Dineth\focus_binary_benchmark\dataset\tbf_imgs\unfocused\FieldPos046\FieldPos046_page_2.png,0,tbf_imgs::FieldPos046,,dataset,train,FieldPos046,tbf_imgs::FieldPos046
tbf_imgs,D:\Dineth\focus_binary_benchmark\dataset\tbf_imgs\unfocused\FieldPos046\FieldPos046_page_3.png,0,tbf_imgs::FieldPos046,,dataset,train,FieldPos046,tbf_imgs::FieldPos046
tbf_imgs,D:\Dineth\focus_binary_benchmark\dataset\tbf_imgs\unfocused\FieldPos046\FieldPos046_page_4.png,0,tbf_imgs::FieldPos046,,dataset,train,FieldPos046,tbf_imgs::FieldPos046
tbf_imgs,D:\Dineth\focus_binary_benchmark\dataset\tbf_imgs\unfocused\FieldPos046\FieldPos046_page_5.png,0,tbf_imgs::FieldPos046,,dataset,train,FieldPos046,tbf_imgs::FieldPos046
tbf_imgs,D:\Dineth\focus_binary_benchmark\dataset\tbf_imgs\unfocused\FieldPos046\FieldPos046_page_6.png,0,tbf_imgs::FieldPos046,,dataset,train,FieldPos046,tbf_imgs::FieldPos046
tbf_imgs,D:\Dineth\focus_binary_benchmark\dataset\tbf_imgs\unfocused\FieldPos046 (2)\FieldPos046 (2)_page_1.png,0,tbf_imgs::FieldPos046,,dataset,train,FieldPos046 (2),tbf_imgs::FieldPos046
tbf_imgs,D:\Dineth\focus_binary_benchmark\dataset\tbf_imgs\unfocused\FieldPos046 (2)\FieldPos046 (2)_page_10.png,0,tbf_imgs::FieldPos046,,dataset,train,FieldPos046 (2),tbf_imgs::FieldPos046
tbf_imgs,D:\Dineth\focus_binary_benchmark\dataset\tbf_imgs\unfocused\FieldPos046 (2)\FieldPos046 (2)_page_11.png,0,tbf_imgs::FieldPos046,,dataset,train,FieldPos046 (2),tbf_imgs::FieldPos046
tbf_imgs,D:\Dineth\focus_binary_benchmark\dataset\tbf_imgs\unfocused\FieldPos046 (2)\FieldPos046 (2)_page_12.png,0,tbf_imgs::FieldPos046,,dataset,train,FieldPos046 (2),tbf_imgs::FieldPos046
tbf_imgs,D:\Dineth\focus_binary_benchmark\dataset\tbf_imgs\unfocused\FieldPos046 (2)\FieldPos046 (2)_page_13.png,0,tbf_imgs::FieldPos046,,dataset,train,FieldPos046 (2),tbf_imgs::FieldPos046
tbf_imgs,D:\Dineth\focus_binary_benchmark\dataset\tbf_imgs\unfocused\FieldPos046 (2)\FieldPos046 (2)_page_14.png,0,tbf_imgs::FieldPos046,,dataset,train,FieldPos046 (2),tbf_imgs::FieldPos046
tbf_imgs,D:\Dineth\focus_binary_benchmark\dataset\tbf_imgs\unfocused\FieldPos046 (2)\FieldPos046 (2)_page_2.png,0,tbf_imgs::FieldPos046,,dataset,train,FieldPos046 (2),tbf_imgs::FieldPos046
tbf_imgs,D:\Dineth\focus_binary_benchmark\dataset\tbf_imgs\unfocused\FieldPos046 (2)\FieldPos046 (2)_page_3.png,0,tbf_imgs::FieldPos046,,dataset,train,FieldPos046 (2),tbf_imgs::FieldPos046
tbf_imgs,D:\Dineth\focus_binary_benchmark\dataset\tbf_imgs\unfocused\FieldPos046 (2)\FieldPos046 (2)_page_4.png,0,tbf_imgs::FieldPos046,,dataset,train,FieldPos046 (2),tbf_imgs::FieldPos046
tbf_imgs,D:\Dineth\focus_binary_benchmark\dataset\tbf_imgs\unfocused\FieldPos046 (2)\FieldPos046 (2)_page_5.png,0,tbf_imgs::FieldPos046,,dataset,train,FieldPos046 (2),tbf_imgs::FieldPos046
tbf_imgs,D:\Dineth\focus_binary_benchmark\dataset\tbf_imgs\unfocused\FieldPos046 (2)\FieldPos046 (2)_page_6.png,0,tbf_imgs::FieldPos046,,dataset,train,FieldPos046 (2),tbf_imgs::FieldPos046
tbf_imgs,D:\Dineth\focus_binary_benchmark\dataset\tbf_imgs\unfocused\FieldPos047\FieldPos047_page_1.png,0,tbf_imgs::FieldPos047,,dataset,train,FieldPos047,tbf_imgs::FieldPos047
tbf_imgs,D:\Dineth\focus_binary_benchmark\dataset\tbf_imgs\unfocused\FieldPos047\FieldPos047_page_10.png,0,tbf_imgs::FieldPos047,,dataset,train,FieldPos047,tbf_imgs::FieldPos047
tbf_imgs,D:\Dineth\focus_binary_benchmark\dataset\tbf_imgs\unfocused\FieldPos047\FieldPos047_page_11.png,0,tbf_imgs::FieldPos047,,dataset,train,FieldPos047,tbf_imgs::FieldPos047
tbf_imgs,D:\Dineth\focus_binary_benchmark\dataset\tbf_imgs\unfocused\FieldPos047\FieldPos047_page_12.png,0,tbf_imgs::FieldPos047,,dataset,train,FieldPos047,tbf_imgs::FieldPos047
tbf_imgs,D:\Dineth\focus_binary_benchmark\dataset\tbf_imgs\unfocused\FieldPos047\FieldPos047_page_13.png,0,tbf_imgs::FieldPos047,,dataset,train,FieldPos047,tbf_imgs::FieldPos047
tbf_imgs,D:\Dineth\focus_binary_benchmark\dataset\tbf_imgs\unfocused\FieldPos047\FieldPos047_page_14.png,0,tbf_imgs::FieldPos047,,dataset,train,FieldPos047,tbf_imgs::FieldPos047
tbf_imgs,D:\Dineth\focus_binary_benchmark\dataset\tbf_imgs\unfocused\FieldPos047\FieldPos047_page_2.png,0,tbf_imgs::FieldPos047,,dataset,train,FieldPos047,tbf_imgs::FieldPos047
tbf_imgs,D:\Dineth\focus_binary_benchmark\dataset\tbf_imgs\unfocused\FieldPos047\FieldPos047_page_3.png,0,tbf_imgs::FieldPos047,,dataset,train,FieldPos047,tbf_imgs::FieldPos047
tbf_imgs,D:\Dineth\focus_binary_benchmark\dataset\tbf_imgs\unfocused\FieldPos047\FieldPos047_page_4.png,0,tbf_imgs::FieldPos047,,dataset,train,FieldPos047,tbf_imgs::FieldPos047
tbf_imgs,D:\Dineth\focus_binary_benchmark\dataset\tbf_imgs\unfocused\FieldPos047\FieldPos047_page_5.png,0,tbf_imgs::FieldPos047,,dataset,train,FieldPos047,tbf_imgs::FieldPos047
tbf_imgs,D:\Dineth\focus_binary_benchmark\dataset\tbf_imgs\unfocused\FieldPos047\FieldPos047_page_6.png,0,tbf_imgs::FieldPos047,,dataset,train,FieldPos047,tbf_imgs::FieldPos047
tbf_imgs,D:\Dineth\focus_binary_benchmark\dataset\tbf_imgs\unfocused\FieldPos047 (2)\FieldPos047 (2)_page_1.png,0,tbf_imgs::FieldPos047,,dataset,train,FieldPos047 (2),tbf_imgs::FieldPos047
tbf_imgs,D:\Dineth\focus_binary_benchmark\dataset\tbf_imgs\unfocused\FieldPos047 (2)\FieldPos047 (2)_page_10.png,0,tbf_imgs::FieldPos047,,dataset,train,FieldPos047 (2),tbf_imgs::FieldPos047
tbf_imgs,D:\Dineth\focus_binary_benchmark\dataset\tbf_imgs\unfocused\FieldPos047 (2)\FieldPos047 (2)_page_11.png,0,tbf_imgs::FieldPos047,,dataset,train,FieldPos047 (2),tbf_imgs::FieldPos047
tbf_imgs,D:\Dineth\focus_binary_benchmark\dataset\tbf_imgs\unfocused\FieldPos047 (2)\FieldPos047 (2)_page_12.png,0,tbf_imgs::FieldPos047,,dataset,train,FieldPos047 (2),tbf_imgs::FieldPos047
tbf_imgs,D:\Dineth\focus_binary_benchmark\dataset\tbf_imgs\unfocused\FieldPos047 (2)\FieldPos047 (2)_page_13.png,0,tbf_imgs::FieldPos047,,dataset,train,FieldPos047 (2),tbf_imgs::FieldPos047
tbf_imgs,D:\Dineth\focus_binary_benchmark\dataset\tbf_imgs\unfocused\FieldPos047 (2)\FieldPos047 (2)_page_14.png,0,tbf_imgs::FieldPos047,,dataset,train,FieldPos047 (2),tbf_imgs::FieldPos047
tbf_imgs,D:\Dineth\focus_binary_benchmark\dataset\tbf_imgs\unfocused\FieldPos047 (2)\FieldPos047 (2)_page_2.png,0,tbf_imgs::FieldPos047,,dataset,train,FieldPos047 (2),tbf_imgs::FieldPos047
tbf_imgs,D:\Dineth\focus_binary_benchmark\dataset\tbf_imgs\unfocused\FieldPos047 (2)\FieldPos047 (2)_page_3.png,0,tbf_imgs::FieldPos047,,dataset,train,FieldPos047 (2),tbf_imgs::FieldPos047
tbf_imgs,D:\Dineth\focus_binary_benchmark\dataset\tbf_imgs\unfocused\FieldPos047 (2)\FieldPos047 (2)_page_4.png,0,tbf_imgs::FieldPos047,,dataset,train,FieldPos047 (2),tbf_imgs::FieldPos047
tbf_imgs,D:\Dineth\focus_binary_benchmark\dataset\tbf_imgs\unfocused\FieldPos047 (2)\FieldPos047 (2)_page_5.png,0,tbf_imgs::FieldPos047,,dataset,train,FieldPos047 (2),tbf_imgs::FieldPos047
tbf_imgs,D:\Dineth\focus_binary_benchmark\dataset\tbf_imgs\unfocused\FieldPos047 (2)\FieldPos047 (2)_page_6.png,0,tbf_imgs::FieldPos047,,dataset,train,FieldPos047 (2),tbf_imgs::FieldPos047
tbf_imgs,D:\Dineth\focus_binary_benchmark\dataset\tbf_imgs\unfocused\FieldPos048\FieldPos048_page_1.png,0,tbf_imgs::FieldPos048,,dataset,train,FieldPos048,tbf_imgs::FieldPos048
tbf_imgs,D:\Dineth\focus_binary_benchmark\dataset\tbf_imgs\unfocused\FieldPos048\FieldPos048_page_10.png,0,tbf_imgs::FieldPos048,,dataset,train,FieldPos048,tbf_imgs::FieldPos048
tbf_imgs,D:\Dineth\focus_binary_benchmark\dataset\tbf_imgs\unfocused\FieldPos048\FieldPos048_page_11.png,0,tbf_imgs::FieldPos048,,dataset,train,FieldPos048,tbf_imgs::FieldPos048
tbf_imgs,D:\Dineth\focus_binary_benchmark\dataset\tbf_imgs\unfocused\FieldPos048\FieldPos048_page_12.png,0,tbf_imgs::FieldPos048,,dataset,train,FieldPos048,tbf_imgs::FieldPos048
tbf_imgs,D:\Dineth\focus_binary_benchmark\dataset\tbf_imgs\unfocused\FieldPos048\FieldPos048_page_13.png,0,tbf_imgs::FieldPos048,,dataset,train,FieldPos048,tbf_imgs::FieldPos048
tbf_imgs,D:\Dineth\focus_binary_benchmark\dataset\tbf_imgs\unfocused\FieldPos048\FieldPos048_page_14.png,0,tbf_imgs::FieldPos048,,dataset,train,FieldPos048,tbf_imgs::FieldPos048
tbf_imgs,D:\Dineth\focus_binary_benchmark\dataset\tbf_imgs\unfocused\FieldPos048\FieldPos048_page_2.png,0,tbf_imgs::FieldPos048,,dataset,train,FieldPos048,tbf_imgs::FieldPos048
tbf_imgs,D:\Dineth\focus_binary_benchmark\dataset\tbf_imgs\unfocused\FieldPos048\FieldPos048_page_3.png,0,tbf_imgs::FieldPos048,,dataset,train,FieldPos048,tbf_imgs::FieldPos048
tbf_imgs,D:\Dineth\focus_binary_benchmark\dataset\tbf_imgs\unfocused\FieldPos048\FieldPos048_page_4.png,0,tbf_imgs::FieldPos048,,dataset,train,FieldPos048,tbf_imgs::FieldPos048
tbf_imgs,D:\Dineth\focus_binary_benchmark\dataset\tbf_imgs\unfocused\FieldPos048\FieldPos048_page_5.png,0,tbf_imgs::FieldPos048,,dataset,train,FieldPos048,tbf_imgs::FieldPos048
tbf_imgs,D:\Dineth\focus_binary_benchmark\dataset\tbf_imgs\unfocused\FieldPos048\FieldPos048_page_6.png,0,tbf_imgs::FieldPos048,,dataset,train,FieldPos048,tbf_imgs::FieldPos048
tbf_imgs,D:\Dineth\focus_binary_benchmark\dataset\tbf_imgs\unfocused\FieldPos049\FieldPos049_page_1.png,0,tbf_imgs::FieldPos049,,dataset,train,FieldPos049,tbf_imgs::FieldPos049
tbf_imgs,D:\Dineth\focus_binary_benchmark\dataset\tbf_imgs\unfocused\FieldPos049\FieldPos049_page_10.png,0,tbf_imgs::FieldPos049,,dataset,train,FieldPos049,tbf_imgs::FieldPos049
tbf_imgs,D:\Dineth\focus_binary_benchmark\dataset\tbf_imgs\unfocused\FieldPos049\FieldPos049_page_11.png,0,tbf_imgs::FieldPos049,,dataset,train,FieldPos049,tbf_imgs::FieldPos049
tbf_imgs,D:\Dineth\focus_binary_benchmark\dataset\tbf_imgs\unfocused\FieldPos049\FieldPos049_page_12.png,0,tbf_imgs::FieldPos049,,dataset,train,FieldPos049,tbf_imgs::FieldPos049
tbf_imgs,D:\Dineth\focus_binary_benchmark\dataset\tbf_imgs\unfocused\FieldPos049\FieldPos049_page_13.png,0,tbf_imgs::FieldPos049,,dataset,train,FieldPos049,tbf_imgs::FieldPos049
tbf_imgs,D:\Dineth\focus_binary_benchmark\dataset\tbf_imgs\unfocused\FieldPos049\FieldPos049_page_14.png,0,tbf_imgs::FieldPos049,,dataset,train,FieldPos049,tbf_imgs::FieldPos049
tbf_imgs,D:\Dineth\focus_binary_benchmark\dataset\tbf_imgs\unfocused\FieldPos049\FieldPos049_page_2.png,0,tbf_imgs::FieldPos049,,dataset,train,FieldPos049,tbf_imgs::FieldPos049
tbf_imgs,D:\Dineth\focus_binary_benchmark\dataset\tbf_imgs\unfocused\FieldPos049\FieldPos049_page_3.png,0,tbf_imgs::FieldPos049,,dataset,train,FieldPos049,tbf_imgs::FieldPos049
tbf_imgs,D:\Dineth\focus_binary_benchmark\dataset\tbf_imgs\unfocused\FieldPos049\FieldPos049_page_4.png,0,tbf_imgs::FieldPos049,,dataset,train,FieldPos049,tbf_imgs::FieldPos049
tbf_imgs,D:\Dineth\focus_binary_benchmark\dataset\tbf_imgs\unfocused\FieldPos049\FieldPos049_page_5.png,0,tbf_imgs::FieldPos049,,dataset,train,FieldPos049,tbf_imgs::FieldPos049
tbf_imgs,D:\Dineth\focus_binary_benchmark\dataset\tbf_imgs\unfocused\FieldPos049\FieldPos049_page_6.png,0,tbf_imgs::FieldPos049,,dataset,train,FieldPos049,tbf_imgs::FieldPos049
tbf_imgs,D:\Dineth\focus_binary_benchmark\dataset\tbf_imgs\unfocused\FieldPos050\FieldPos050_page_1.png,0,tbf_imgs::FieldPos050,,dataset,test,FieldPos050,tbf_imgs::FieldPos050
tbf_imgs,D:\Dineth\focus_binary_benchmark\dataset\tbf_imgs\unfocused\FieldPos050\FieldPos050_page_10.png,0,tbf_imgs::FieldPos050,,dataset,test,FieldPos050,tbf_imgs::FieldPos050
tbf_imgs,D:\Dineth\focus_binary_benchmark\dataset\tbf_imgs\unfocused\FieldPos050\FieldPos050_page_11.png,0,tbf_imgs::FieldPos050,,dataset,test,FieldPos050,tbf_imgs::FieldPos050
tbf_imgs,D:\Dineth\focus_binary_benchmark\dataset\tbf_imgs\unfocused\FieldPos050\FieldPos050_page_12.png,0,tbf_imgs::FieldPos050,,dataset,test,FieldPos050,tbf_imgs::FieldPos050
tbf_imgs,D:\Dineth\focus_binary_benchmark\dataset\tbf_imgs\unfocused\FieldPos050\FieldPos050_page_13.png,0,tbf_imgs::FieldPos050,,dataset,test,FieldPos050,tbf_imgs::FieldPos050
tbf_imgs,D:\Dineth\focus_binary_benchmark\dataset\tbf_imgs\unfocused\FieldPos050\FieldPos050_page_14.png,0,tbf_imgs::FieldPos050,,dataset,test,FieldPos050,tbf_imgs::FieldPos050
tbf_imgs,D:\Dineth\focus_binary_benchmark\dataset\tbf_imgs\unfocused\FieldPos050\FieldPos050_page_2.png,0,tbf_imgs::FieldPos050,,dataset,test,FieldPos050,tbf_imgs::FieldPos050
tbf_imgs,D:\Dineth\focus_binary_benchmark\dataset\tbf_imgs\unfocused\FieldPos050\FieldPos050_page_3.png,0,tbf_imgs::FieldPos050,,dataset,test,FieldPos050,tbf_imgs::FieldPos050
tbf_imgs,D:\Dineth\focus_binary_benchmark\dataset\tbf_imgs\unfocused\FieldPos050\FieldPos050_page_4.png,0,tbf_imgs::FieldPos050,,dataset,test,FieldPos050,tbf_imgs::FieldPos050
tbf_imgs,D:\Dineth\focus_binary_benchmark\dataset\tbf_imgs\unfocused\FieldPos050\FieldPos050_page_5.png,0,tbf_imgs::FieldPos050,,dataset,test,FieldPos050,tbf_imgs::FieldPos050
tbf_imgs,D:\Dineth\focus_binary_benchmark\dataset\tbf_imgs\unfocused\FieldPos050\FieldPos050_page_9.png,0,tbf_imgs::FieldPos050,,dataset,test,FieldPos050,tbf_imgs::FieldPos050
tbf_imgs,D:\Dineth\focus_binary_benchmark\dataset\tbf_imgs\unfocused\FieldPos051\FieldPos051_page_1.png,0,tbf_imgs::FieldPos051,,dataset,train,FieldPos051,tbf_imgs::FieldPos051
tbf_imgs,D:\Dineth\focus_binary_benchmark\dataset\tbf_imgs\unfocused\FieldPos051\FieldPos051_page_10.png,0,tbf_imgs::FieldPos051,,dataset,train,FieldPos051,tbf_imgs::FieldPos051
tbf_imgs,D:\Dineth\focus_binary_benchmark\dataset\tbf_imgs\unfocused\FieldPos051\FieldPos051_page_11.png,0,tbf_imgs::FieldPos051,,dataset,train,FieldPos051,tbf_imgs::FieldPos051
tbf_imgs,D:\Dineth\focus_binary_benchmark\dataset\tbf_imgs\unfocused\FieldPos051\FieldPos051_page_12.png,0,tbf_imgs::FieldPos051,,dataset,train,FieldPos051,tbf_imgs::FieldPos051
tbf_imgs,D:\Dineth\focus_binary_benchmark\dataset\tbf_imgs\unfocused\FieldPos051\FieldPos051_page_13.png,0,tbf_imgs::FieldPos051,,dataset,train,FieldPos051,tbf_imgs::FieldPos051
tbf_imgs,D:\Dineth\focus_binary_benchmark\dataset\tbf_imgs\unfocused\FieldPos051\FieldPos051_page_14.png,0,tbf_imgs::FieldPos051,,dataset,train,FieldPos051,tbf_imgs::FieldPos051
tbf_imgs,D:\Dineth\focus_binary_benchmark\dataset\tbf_imgs\unfocused\FieldPos051\FieldPos051_page_2.png,0,tbf_imgs::FieldPos051,,dataset,train,FieldPos051,tbf_imgs::FieldPos051
tbf_imgs,D:\Dineth\focus_binary_benchmark\dataset\tbf_imgs\unfocused\FieldPos051\FieldPos051_page_3.png,0,tbf_imgs::FieldPos051,,dataset,train,FieldPos051,tbf_imgs::FieldPos051
tbf_imgs,D:\Dineth\focus_binary_benchmark\dataset\tbf_imgs\unfocused\FieldPos051\FieldPos051_page_4.png,0,tbf_imgs::FieldPos051,,dataset,train,FieldPos051,tbf_imgs::FieldPos051
tbf_imgs,D:\Dineth\focus_binary_benchmark\dataset\tbf_imgs\unfocused\FieldPos051\FieldPos051_page_8.png,0,tbf_imgs::FieldPos051,,dataset,train,FieldPos051,tbf_imgs::FieldPos051
tbf_imgs,D:\Dineth\focus_binary_benchmark\dataset\tbf_imgs\unfocused\FieldPos051\FieldPos051_page_9.png,0,tbf_imgs::FieldPos051,,dataset,train,FieldPos051,tbf_imgs::FieldPos051
tbf_imgs,D:\Dineth\focus_binary_benchmark\dataset\tbf_imgs\unfocused\FieldPos052\FieldPos052_page_1.png,0,tbf_imgs::FieldPos052,,dataset,train,FieldPos052,tbf_imgs::FieldPos052
tbf_imgs,D:\Dineth\focus_binary_benchmark\dataset\tbf_imgs\unfocused\FieldPos052\FieldPos052_page_10.png,0,tbf_imgs::FieldPos052,,dataset,train,FieldPos052,tbf_imgs::FieldPos052
tbf_imgs,D:\Dineth\focus_binary_benchmark\dataset\tbf_imgs\unfocused\FieldPos052\FieldPos052_page_11.png,0,tbf_imgs::FieldPos052,,dataset,train,FieldPos052,tbf_imgs::FieldPos052
tbf_imgs,D:\Dineth\focus_binary_benchmark\dataset\tbf_imgs\unfocused\FieldPos052\FieldPos052_page_12.png,0,tbf_imgs::FieldPos052,,dataset,train,FieldPos052,tbf_imgs::FieldPos052
tbf_imgs,D:\Dineth\focus_binary_benchmark\dataset\tbf_imgs\unfocused\FieldPos052\FieldPos052_page_13.png,0,tbf_imgs::FieldPos052,,dataset,train,FieldPos052,tbf_imgs::FieldPos052
tbf_imgs,D:\Dineth\focus_binary_benchmark\dataset\tbf_imgs\unfocused\FieldPos052\FieldPos052_page_14.png,0,tbf_imgs::FieldPos052,,dataset,train,FieldPos052,tbf_imgs::FieldPos052
tbf_imgs,D:\Dineth\focus_binary_benchmark\dataset\tbf_imgs\unfocused\FieldPos052\FieldPos052_page_2.png,0,tbf_imgs::FieldPos052,,dataset,train,FieldPos052,tbf_imgs::FieldPos052
tbf_imgs,D:\Dineth\focus_binary_benchmark\dataset\tbf_imgs\unfocused\FieldPos052\FieldPos052_page_3.png,0,tbf_imgs::FieldPos052,,dataset,train,FieldPos052,tbf_imgs::FieldPos052
tbf_imgs,D:\Dineth\focus_binary_benchmark\dataset\tbf_imgs\unfocused\FieldPos052\FieldPos052_page_4.png,0,tbf_imgs::FieldPos052,,dataset,train,FieldPos052,tbf_imgs::FieldPos052
tbf_imgs,D:\Dineth\focus_binary_benchmark\dataset\tbf_imgs\unfocused\FieldPos052\FieldPos052_page_8.png,0,tbf_imgs::FieldPos052,,dataset,train,FieldPos052,tbf_imgs::FieldPos052
tbf_imgs,D:\Dineth\focus_binary_benchmark\dataset\tbf_imgs\unfocused\FieldPos052\FieldPos052_page_9.png,0,tbf_imgs::FieldPos052,,dataset,train,FieldPos052,tbf_imgs::FieldPos052
tbf_imgs,D:\Dineth\focus_binary_benchmark\dataset\tbf_imgs\unfocused\FieldPos052 (2)\FieldPos052 (2)_page_1.png,0,tbf_imgs::FieldPos052,,dataset,train,FieldPos052 (2),tbf_imgs::FieldPos052
tbf_imgs,D:\Dineth\focus_binary_benchmark\dataset\tbf_imgs\unfocused\FieldPos052 (2)\FieldPos052 (2)_page_10.png,0,tbf_imgs::FieldPos052,,dataset,train,FieldPos052 (2),tbf_imgs::FieldPos052
tbf_imgs,D:\Dineth\focus_binary_benchmark\dataset\tbf_imgs\unfocused\FieldPos052 (2)\FieldPos052 (2)_page_11.png,0,tbf_imgs::FieldPos052,,dataset,train,FieldPos052 (2),tbf_imgs::FieldPos052
tbf_imgs,D:\Dineth\focus_binary_benchmark\dataset\tbf_imgs\unfocused\FieldPos052 (2)\FieldPos052 (2)_page_12.png,0,tbf_imgs::FieldPos052,,dataset,train,FieldPos052 (2),tbf_imgs::FieldPos052
tbf_imgs,D:\Dineth\focus_binary_benchmark\dataset\tbf_imgs\unfocused\FieldPos052 (2)\FieldPos052 (2)_page_13.png,0,tbf_imgs::FieldPos052,,dataset,train,FieldPos052 (2),tbf_imgs::FieldPos052
tbf_imgs,D:\Dineth\focus_binary_benchmark\dataset\tbf_imgs\unfocused\FieldPos052 (2)\FieldPos052 (2)_page_14.png,0,tbf_imgs::FieldPos052,,dataset,train,FieldPos052 (2),tbf_imgs::FieldPos052
tbf_imgs,D:\Dineth\focus_binary_benchmark\dataset\tbf_imgs\unfocused\FieldPos052 (2)\FieldPos052 (2)_page_2.png,0,tbf_imgs::FieldPos052,,dataset,train,FieldPos052 (2),tbf_imgs::FieldPos052
tbf_imgs,D:\Dineth\focus_binary_benchmark\dataset\tbf_imgs\unfocused\FieldPos052 (2)\FieldPos052 (2)_page_3.png,0,tbf_imgs::FieldPos052,,dataset,train,FieldPos052 (2),tbf_imgs::FieldPos052
tbf_imgs,D:\Dineth\focus_binary_benchmark\dataset\tbf_imgs\unfocused\FieldPos052 (2)\FieldPos052 (2)_page_4.png,0,tbf_imgs::FieldPos052,,dataset,train,FieldPos052 (2),tbf_imgs::FieldPos052
tbf_imgs,D:\Dineth\focus_binary_benchmark\dataset\tbf_imgs\unfocused\FieldPos052 (2)\FieldPos052 (2)_page_8.png,0,tbf_imgs::FieldPos052,,dataset,train,FieldPos052 (2),tbf_imgs::FieldPos052
tbf_imgs,D:\Dineth\focus_binary_benchmark\dataset\tbf_imgs\unfocused\FieldPos052 (2)\FieldPos052 (2)_page_9.png,0,tbf_imgs::FieldPos052,,dataset,train,FieldPos052 (2),tbf_imgs::FieldPos052
tbf_imgs,D:\Dineth\focus_binary_benchmark\dataset\tbf_imgs\unfocused\FieldPos053\FieldPos053_page_1.png,0,tbf_imgs::FieldPos053,,dataset,test,FieldPos053,tbf_imgs::FieldPos053
tbf_imgs,D:\Dineth\focus_binary_benchmark\dataset\tbf_imgs\unfocused\FieldPos053\FieldPos053_page_10.png,0,tbf_imgs::FieldPos053,,dataset,test,FieldPos053,tbf_imgs::FieldPos053
tbf_imgs,D:\Dineth\focus_binary_benchmark\dataset\tbf_imgs\unfocused\FieldPos053\FieldPos053_page_11.png,0,tbf_imgs::FieldPos053,,dataset,test,FieldPos053,tbf_imgs::FieldPos053
tbf_imgs,D:\Dineth\focus_binary_benchmark\dataset\tbf_imgs\unfocused\FieldPos053\FieldPos053_page_12.png,0,tbf_imgs::FieldPos053,,dataset,test,FieldPos053,tbf_imgs::FieldPos053
tbf_imgs,D:\Dineth\focus_binary_benchmark\dataset\tbf_imgs\unfocused\FieldPos053\FieldPos053_page_13.png,0,tbf_imgs::FieldPos053,,dataset,test,FieldPos053,tbf_imgs::FieldPos053
tbf_imgs,D:\Dineth\focus_binary_benchmark\dataset\tbf_imgs\unfocused\FieldPos053\FieldPos053_page_14.png,0,tbf_imgs::FieldPos053,,dataset,test,FieldPos053,tbf_imgs::FieldPos053
tbf_imgs,D:\Dineth\focus_binary_benchmark\dataset\tbf_imgs\unfocused\FieldPos053\FieldPos053_page_2.png,0,tbf_imgs::FieldPos053,,dataset,test,FieldPos053,tbf_imgs::FieldPos053
tbf_imgs,D:\Dineth\focus_binary_benchmark\dataset\tbf_imgs\unfocused\FieldPos053\FieldPos053_page_3.png,0,tbf_imgs::FieldPos053,,dataset,test,FieldPos053,tbf_imgs::FieldPos053
tbf_imgs,D:\Dineth\focus_binary_benchmark\dataset\tbf_imgs\unfocused\FieldPos053\FieldPos053_page_4.png,0,tbf_imgs::FieldPos053,,dataset,test,FieldPos053,tbf_imgs::FieldPos053
tbf_imgs,D:\Dineth\focus_binary_benchmark\dataset\tbf_imgs\unfocused\FieldPos053\FieldPos053_page_5.png,0,tbf_imgs::FieldPos053,,dataset,test,FieldPos053,tbf_imgs::FieldPos053
tbf_imgs,D:\Dineth\focus_binary_benchmark\dataset\tbf_imgs\unfocused\FieldPos053\FieldPos053_page_9.png,0,tbf_imgs::FieldPos053,,dataset,test,FieldPos053,tbf_imgs::FieldPos053
tbf_imgs,D:\Dineth\focus_binary_benchmark\dataset\tbf_imgs\unfocused\FieldPos054\FieldPos054_page_1.png,0,tbf_imgs::FieldPos054,,dataset,train,FieldPos054,tbf_imgs::FieldPos054
tbf_imgs,D:\Dineth\focus_binary_benchmark\dataset\tbf_imgs\unfocused\FieldPos054\FieldPos054_page_10.png,0,tbf_imgs::FieldPos054,,dataset,train,FieldPos054,tbf_imgs::FieldPos054
tbf_imgs,D:\Dineth\focus_binary_benchmark\dataset\tbf_imgs\unfocused\FieldPos054\FieldPos054_page_11.png,0,tbf_imgs::FieldPos054,,dataset,train,FieldPos054,tbf_imgs::FieldPos054
tbf_imgs,D:\Dineth\focus_binary_benchmark\dataset\tbf_imgs\unfocused\FieldPos054\FieldPos054_page_12.png,0,tbf_imgs::FieldPos054,,dataset,train,FieldPos054,tbf_imgs::FieldPos054
tbf_imgs,D:\Dineth\focus_binary_benchmark\dataset\tbf_imgs\unfocused\FieldPos054\FieldPos054_page_13.png,0,tbf_imgs::FieldPos054,,dataset,train,FieldPos054,tbf_imgs::FieldPos054
tbf_imgs,D:\Dineth\focus_binary_benchmark\dataset\tbf_imgs\unfocused\FieldPos054\FieldPos054_page_14.png,0,tbf_imgs::FieldPos054,,dataset,train,FieldPos054,tbf_imgs::FieldPos054
tbf_imgs,D:\Dineth\focus_binary_benchmark\dataset\tbf_imgs\unfocused\FieldPos054\FieldPos054_page_2.png,0,tbf_imgs::FieldPos054,,dataset,train,FieldPos054,tbf_imgs::FieldPos054
tbf_imgs,D:\Dineth\focus_binary_benchmark\dataset\tbf_imgs\unfocused\FieldPos054\FieldPos054_page_3.png,0,tbf_imgs::FieldPos054,,dataset,train,FieldPos054,tbf_imgs::FieldPos054
tbf_imgs,D:\Dineth\focus_binary_benchmark\dataset\tbf_imgs\unfocused\FieldPos054\FieldPos054_page_4.png,0,tbf_imgs::FieldPos054,,dataset,train,FieldPos054,tbf_imgs::FieldPos054
tbf_imgs,D:\Dineth\focus_binary_benchmark\dataset\tbf_imgs\unfocused\FieldPos054\FieldPos054_page_5.png,0,tbf_imgs::FieldPos054,,dataset,train,FieldPos054,tbf_imgs::FieldPos054
tbf_imgs,D:\Dineth\focus_binary_benchmark\dataset\tbf_imgs\unfocused\FieldPos054\FieldPos054_page_9.png,0,tbf_imgs::FieldPos054,,dataset,train,FieldPos054,tbf_imgs::FieldPos054
tbf_imgs,D:\Dineth\focus_binary_benchmark\dataset\tbf_imgs\unfocused\FieldPos055\FieldPos055_page_1.png,0,tbf_imgs::FieldPos055,,dataset,train,FieldPos055,tbf_imgs::FieldPos055
tbf_imgs,D:\Dineth\focus_binary_benchmark\dataset\tbf_imgs\unfocused\FieldPos055\FieldPos055_page_10.png,0,tbf_imgs::FieldPos055,,dataset,train,FieldPos055,tbf_imgs::FieldPos055
tbf_imgs,D:\Dineth\focus_binary_benchmark\dataset\tbf_imgs\unfocused\FieldPos055\FieldPos055_page_11.png,0,tbf_imgs::FieldPos055,,dataset,train,FieldPos055,tbf_imgs::FieldPos055
tbf_imgs,D:\Dineth\focus_binary_benchmark\dataset\tbf_imgs\unfocused\FieldPos055\FieldPos055_page_12.png,0,tbf_imgs::FieldPos055,,dataset,train,FieldPos055,tbf_imgs::FieldPos055
tbf_imgs,D:\Dineth\focus_binary_benchmark\dataset\tbf_imgs\unfocused\FieldPos055\FieldPos055_page_13.png,0,tbf_imgs::FieldPos055,,dataset,train,FieldPos055,tbf_imgs::FieldPos055
tbf_imgs,D:\Dineth\focus_binary_benchmark\dataset\tbf_imgs\unfocused\FieldPos055\FieldPos055_page_14.png,0,tbf_imgs::FieldPos055,,dataset,train,FieldPos055,tbf_imgs::FieldPos055
tbf_imgs,D:\Dineth\focus_binary_benchmark\dataset\tbf_imgs\unfocused\FieldPos055\FieldPos055_page_2.png,0,tbf_imgs::FieldPos055,,dataset,train,FieldPos055,tbf_imgs::FieldPos055
tbf_imgs,D:\Dineth\focus_binary_benchmark\dataset\tbf_imgs\unfocused\FieldPos055\FieldPos055_page_3.png,0,tbf_imgs::FieldPos055,,dataset,train,FieldPos055,tbf_imgs::FieldPos055
tbf_imgs,D:\Dineth\focus_binary_benchmark\dataset\tbf_imgs\unfocused\FieldPos055\FieldPos055_page_4.png,0,tbf_imgs::FieldPos055,,dataset,train,FieldPos055,tbf_imgs::FieldPos055
tbf_imgs,D:\Dineth\focus_binary_benchmark\dataset\tbf_imgs\unfocused\FieldPos055\FieldPos055_page_5.png,0,tbf_imgs::FieldPos055,,dataset,train,FieldPos055,tbf_imgs::FieldPos055
tbf_imgs,D:\Dineth\focus_binary_benchmark\dataset\tbf_imgs\unfocused\FieldPos055\FieldPos055_page_6.png,0,tbf_imgs::FieldPos055,,dataset,train,FieldPos055,tbf_imgs::FieldPos055
tbf_imgs,D:\Dineth\focus_binary_benchmark\dataset\tbf_imgs\unfocused\FieldPos055 (2)\FieldPos055 (2)_page_1.png,0,tbf_imgs::FieldPos055,,dataset,train,FieldPos055 (2),tbf_imgs::FieldPos055
tbf_imgs,D:\Dineth\focus_binary_benchmark\dataset\tbf_imgs\unfocused\FieldPos055 (2)\FieldPos055 (2)_page_10.png,0,tbf_imgs::FieldPos055,,dataset,train,FieldPos055 (2),tbf_imgs::FieldPos055
tbf_imgs,D:\Dineth\focus_binary_benchmark\dataset\tbf_imgs\unfocused\FieldPos055 (2)\FieldPos055 (2)_page_11.png,0,tbf_imgs::FieldPos055,,dataset,train,FieldPos055 (2),tbf_imgs::FieldPos055
tbf_imgs,D:\Dineth\focus_binary_benchmark\dataset\tbf_imgs\unfocused\FieldPos055 (2)\FieldPos055 (2)_page_12.png,0,tbf_imgs::FieldPos055,,dataset,train,FieldPos055 (2),tbf_imgs::FieldPos055
tbf_imgs,D:\Dineth\focus_binary_benchmark\dataset\tbf_imgs\unfocused\FieldPos055 (2)\FieldPos055 (2)_page_13.png,0,tbf_imgs::FieldPos055,,dataset,train,FieldPos055 (2),tbf_imgs::FieldPos055
tbf_imgs,D:\Dineth\focus_binary_benchmark\dataset\tbf_imgs\unfocused\FieldPos055 (2)\FieldPos055 (2)_page_14.png,0,tbf_imgs::FieldPos055,,dataset,train,FieldPos055 (2),tbf_imgs::FieldPos055
tbf_imgs,D:\Dineth\focus_binary_benchmark\dataset\tbf_imgs\unfocused\FieldPos055 (2)\FieldPos055 (2)_page_2.png,0,tbf_imgs::FieldPos055,,dataset,train,FieldPos055 (2),tbf_imgs::FieldPos055
tbf_imgs,D:\Dineth\focus_binary_benchmark\dataset\tbf_imgs\unfocused\FieldPos055 (2)\FieldPos055 (2)_page_3.png,0,tbf_imgs::FieldPos055,,dataset,train,FieldPos055 (2),tbf_imgs::FieldPos055
tbf_imgs,D:\Dineth\focus_binary_benchmark\dataset\tbf_imgs\unfocused\FieldPos055 (2)\FieldPos055 (2)_page_4.png,0,tbf_imgs::FieldPos055,,dataset,train,FieldPos055 (2),tbf_imgs::FieldPos055
tbf_imgs,D:\Dineth\focus_binary_benchmark\dataset\tbf_imgs\unfocused\FieldPos055 (2)\FieldPos055 (2)_page_5.png,0,tbf_imgs::FieldPos055,,dataset,train,FieldPos055 (2),tbf_imgs::FieldPos055
tbf_imgs,D:\Dineth\focus_binary_benchmark\dataset\tbf_imgs\unfocused\FieldPos055 (2)\FieldPos055 (2)_page_6.png,0,tbf_imgs::FieldPos055,,dataset,train,FieldPos055 (2),tbf_imgs::FieldPos055
tbf_imgs,D:\Dineth\focus_binary_benchmark\dataset\tbf_imgs\unfocused\FieldPos056\FieldPos056_page_1.png,0,tbf_imgs::FieldPos056,,dataset,train,FieldPos056,tbf_imgs::FieldPos056
tbf_imgs,D:\Dineth\focus_binary_benchmark\dataset\tbf_imgs\unfocused\FieldPos056\FieldPos056_page_10.png,0,tbf_imgs::FieldPos056,,dataset,train,FieldPos056,tbf_imgs::FieldPos056
tbf_imgs,D:\Dineth\focus_binary_benchmark\dataset\tbf_imgs\unfocused\FieldPos056\FieldPos056_page_11.png,0,tbf_imgs::FieldPos056,,dataset,train,FieldPos056,tbf_imgs::FieldPos056
tbf_imgs,D:\Dineth\focus_binary_benchmark\dataset\tbf_imgs\unfocused\FieldPos056\FieldPos056_page_12.png,0,tbf_imgs::FieldPos056,,dataset,train,FieldPos056,tbf_imgs::FieldPos056
tbf_imgs,D:\Dineth\focus_binary_benchmark\dataset\tbf_imgs\unfocused\FieldPos056\FieldPos056_page_13.png,0,tbf_imgs::FieldPos056,,dataset,train,FieldPos056,tbf_imgs::FieldPos056
tbf_imgs,D:\Dineth\focus_binary_benchmark\dataset\tbf_imgs\unfocused\FieldPos056\FieldPos056_page_14.png,0,tbf_imgs::FieldPos056,,dataset,train,FieldPos056,tbf_imgs::FieldPos056
tbf_imgs,D:\Dineth\focus_binary_benchmark\dataset\tbf_imgs\unfocused\FieldPos056\FieldPos056_page_2.png,0,tbf_imgs::FieldPos056,,dataset,train,FieldPos056,tbf_imgs::FieldPos056
tbf_imgs,D:\Dineth\focus_binary_benchmark\dataset\tbf_imgs\unfocused\FieldPos056\FieldPos056_page_3.png,0,tbf_imgs::FieldPos056,,dataset,train,FieldPos056,tbf_imgs::FieldPos056
tbf_imgs,D:\Dineth\focus_binary_benchmark\dataset\tbf_imgs\unfocused\FieldPos056\FieldPos056_page_4.png,0,tbf_imgs::FieldPos056,,dataset,train,FieldPos056,tbf_imgs::FieldPos056
tbf_imgs,D:\Dineth\focus_binary_benchmark\dataset\tbf_imgs\unfocused\FieldPos056\FieldPos056_page_5.png,0,tbf_imgs::FieldPos056,,dataset,train,FieldPos056,tbf_imgs::FieldPos056
tbf_imgs,D:\Dineth\focus_binary_benchmark\dataset\tbf_imgs\unfocused\FieldPos056\FieldPos056_page_6.png,0,tbf_imgs::FieldPos056,,dataset,train,FieldPos056,tbf_imgs::FieldPos056
tbf_imgs,D:\Dineth\focus_binary_benchmark\dataset\tbf_imgs\unfocused\FieldPos057\FieldPos057_page_1.png,0,tbf_imgs::FieldPos057,,dataset,train,FieldPos057,tbf_imgs::FieldPos057
tbf_imgs,D:\Dineth\focus_binary_benchmark\dataset\tbf_imgs\unfocused\FieldPos057\FieldPos057_page_10.png,0,tbf_imgs::FieldPos057,,dataset,train,FieldPos057,tbf_imgs::FieldPos057
tbf_imgs,D:\Dineth\focus_binary_benchmark\dataset\tbf_imgs\unfocused\FieldPos057\FieldPos057_page_11.png,0,tbf_imgs::FieldPos057,,dataset,train,FieldPos057,tbf_imgs::FieldPos057
tbf_imgs,D:\Dineth\focus_binary_benchmark\dataset\tbf_imgs\unfocused\FieldPos057\FieldPos057_page_12.png,0,tbf_imgs::FieldPos057,,dataset,train,FieldPos057,tbf_imgs::FieldPos057
tbf_imgs,D:\Dineth\focus_binary_benchmark\dataset\tbf_imgs\unfocused\FieldPos057\FieldPos057_page_13.png,0,tbf_imgs::FieldPos057,,dataset,train,FieldPos057,tbf_imgs::FieldPos057
tbf_imgs,D:\Dineth\focus_binary_benchmark\dataset\tbf_imgs\unfocused\FieldPos057\FieldPos057_page_14.png,0,tbf_imgs::FieldPos057,,dataset,train,FieldPos057,tbf_imgs::FieldPos057
tbf_imgs,D:\Dineth\focus_binary_benchmark\dataset\tbf_imgs\unfocused\FieldPos057\FieldPos057_page_2.png,0,tbf_imgs::FieldPos057,,dataset,train,FieldPos057,tbf_imgs::FieldPos057
tbf_imgs,D:\Dineth\focus_binary_benchmark\dataset\tbf_imgs\unfocused\FieldPos057\FieldPos057_page_3.png,0,tbf_imgs::FieldPos057,,dataset,train,FieldPos057,tbf_imgs::FieldPos057
tbf_imgs,D:\Dineth\focus_binary_benchmark\dataset\tbf_imgs\unfocused\FieldPos057\FieldPos057_page_4.png,0,tbf_imgs::FieldPos057,,dataset,train,FieldPos057,tbf_imgs::FieldPos057
tbf_imgs,D:\Dineth\focus_binary_benchmark\dataset\tbf_imgs\unfocused\FieldPos057\FieldPos057_page_8.png,0,tbf_imgs::FieldPos057,,dataset,train,FieldPos057,tbf_imgs::FieldPos057
tbf_imgs,D:\Dineth\focus_binary_benchmark\dataset\tbf_imgs\unfocused\FieldPos057\FieldPos057_page_9.png,0,tbf_imgs::FieldPos057,,dataset,train,FieldPos057,tbf_imgs::FieldPos057
tbf_imgs,D:\Dineth\focus_binary_benchmark\dataset\tbf_imgs\unfocused\FieldPos058\FieldPos058_page_1.png,0,tbf_imgs::FieldPos058,,dataset,train,FieldPos058,tbf_imgs::FieldPos058
tbf_imgs,D:\Dineth\focus_binary_benchmark\dataset\tbf_imgs\unfocused\FieldPos058\FieldPos058_page_10.png,0,tbf_imgs::FieldPos058,,dataset,train,FieldPos058,tbf_imgs::FieldPos058
tbf_imgs,D:\Dineth\focus_binary_benchmark\dataset\tbf_imgs\unfocused\FieldPos058\FieldPos058_page_11.png,0,tbf_imgs::FieldPos058,,dataset,train,FieldPos058,tbf_imgs::FieldPos058
tbf_imgs,D:\Dineth\focus_binary_benchmark\dataset\tbf_imgs\unfocused\FieldPos058\FieldPos058_page_12.png,0,tbf_imgs::FieldPos058,,dataset,train,FieldPos058,tbf_imgs::FieldPos058
tbf_imgs,D:\Dineth\focus_binary_benchmark\dataset\tbf_imgs\unfocused\FieldPos058\FieldPos058_page_13.png,0,tbf_imgs::FieldPos058,,dataset,train,FieldPos058,tbf_imgs::FieldPos058
tbf_imgs,D:\Dineth\focus_binary_benchmark\dataset\tbf_imgs\unfocused\FieldPos058\FieldPos058_page_14.png,0,tbf_imgs::FieldPos058,,dataset,train,FieldPos058,tbf_imgs::FieldPos058
tbf_imgs,D:\Dineth\focus_binary_benchmark\dataset\tbf_imgs\unfocused\FieldPos058\FieldPos058_page_2.png,0,tbf_imgs::FieldPos058,,dataset,train,FieldPos058,tbf_imgs::FieldPos058
tbf_imgs,D:\Dineth\focus_binary_benchmark\dataset\tbf_imgs\unfocused\FieldPos058\FieldPos058_page_3.png,0,tbf_imgs::FieldPos058,,dataset,train,FieldPos058,tbf_imgs::FieldPos058
tbf_imgs,D:\Dineth\focus_binary_benchmark\dataset\tbf_imgs\unfocused\FieldPos058\FieldPos058_page_4.png,0,tbf_imgs::FieldPos058,,dataset,train,FieldPos058,tbf_imgs::FieldPos058
tbf_imgs,D:\Dineth\focus_binary_benchmark\dataset\tbf_imgs\unfocused\FieldPos058\FieldPos058_page_8.png,0,tbf_imgs::FieldPos058,,dataset,train,FieldPos058,tbf_imgs::FieldPos058
tbf_imgs,D:\Dineth\focus_binary_benchmark\dataset\tbf_imgs\unfocused\FieldPos058\FieldPos058_page_9.png,0,tbf_imgs::FieldPos058,,dataset,train,FieldPos058,tbf_imgs::FieldPos058
tbf_imgs,D:\Dineth\focus_binary_benchmark\dataset\tbf_imgs\unfocused\FieldPos059\FieldPos059_page_1.png,0,tbf_imgs::FieldPos059,,dataset,val,FieldPos059,tbf_imgs::FieldPos059
tbf_imgs,D:\Dineth\focus_binary_benchmark\dataset\tbf_imgs\unfocused\FieldPos059\FieldPos059_page_10.png,0,tbf_imgs::FieldPos059,,dataset,val,FieldPos059,tbf_imgs::FieldPos059
tbf_imgs,D:\Dineth\focus_binary_benchmark\dataset\tbf_imgs\unfocused\FieldPos059\FieldPos059_page_11.png,0,tbf_imgs::FieldPos059,,dataset,val,FieldPos059,tbf_imgs::FieldPos059
tbf_imgs,D:\Dineth\focus_binary_benchmark\dataset\tbf_imgs\unfocused\FieldPos059\FieldPos059_page_12.png,0,tbf_imgs::FieldPos059,,dataset,val,FieldPos059,tbf_imgs::FieldPos059
tbf_imgs,D:\Dineth\focus_binary_benchmark\dataset\tbf_imgs\unfocused\FieldPos059\FieldPos059_page_13.png,0,tbf_imgs::FieldPos059,,dataset,val,FieldPos059,tbf_imgs::FieldPos059
tbf_imgs,D:\Dineth\focus_binary_benchmark\dataset\tbf_imgs\unfocused\FieldPos059\FieldPos059_page_14.png,0,tbf_imgs::FieldPos059,,dataset,val,FieldPos059,tbf_imgs::FieldPos059
tbf_imgs,D:\Dineth\focus_binary_benchmark\dataset\tbf_imgs\unfocused\FieldPos059\FieldPos059_page_2.png,0,tbf_imgs::FieldPos059,,dataset,val,FieldPos059,tbf_imgs::FieldPos059
tbf_imgs,D:\Dineth\focus_binary_benchmark\dataset\tbf_imgs\unfocused\FieldPos059\FieldPos059_page_3.png,0,tbf_imgs::FieldPos059,,dataset,val,FieldPos059,tbf_imgs::FieldPos059
tbf_imgs,D:\Dineth\focus_binary_benchmark\dataset\tbf_imgs\unfocused\FieldPos059\FieldPos059_page_4.png,0,tbf_imgs::FieldPos059,,dataset,val,FieldPos059,tbf_imgs::FieldPos059
tbf_imgs,D:\Dineth\focus_binary_benchmark\dataset\tbf_imgs\unfocused\FieldPos059\FieldPos059_page_8.png,0,tbf_imgs::FieldPos059,,dataset,val,FieldPos059,tbf_imgs::FieldPos059
tbf_imgs,D:\Dineth\focus_binary_benchmark\dataset\tbf_imgs\unfocused\FieldPos059\FieldPos059_page_9.png,0,tbf_imgs::FieldPos059,,dataset,val,FieldPos059,tbf_imgs::FieldPos059
tbf_imgs,D:\Dineth\focus_binary_benchmark\dataset\tbf_imgs\unfocused\FieldPos060\FieldPos060_page_1.png,0,tbf_imgs::FieldPos060,,dataset,train,FieldPos060,tbf_imgs::FieldPos060
tbf_imgs,D:\Dineth\focus_binary_benchmark\dataset\tbf_imgs\unfocused\FieldPos060\FieldPos060_page_10.png,0,tbf_imgs::FieldPos060,,dataset,train,FieldPos060,tbf_imgs::FieldPos060
tbf_imgs,D:\Dineth\focus_binary_benchmark\dataset\tbf_imgs\unfocused\FieldPos060\FieldPos060_page_11.png,0,tbf_imgs::FieldPos060,,dataset,train,FieldPos060,tbf_imgs::FieldPos060
tbf_imgs,D:\Dineth\focus_binary_benchmark\dataset\tbf_imgs\unfocused\FieldPos060\FieldPos060_page_12.png,0,tbf_imgs::FieldPos060,,dataset,train,FieldPos060,tbf_imgs::FieldPos060
tbf_imgs,D:\Dineth\focus_binary_benchmark\dataset\tbf_imgs\unfocused\FieldPos060\FieldPos060_page_13.png,0,tbf_imgs::FieldPos060,,dataset,train,FieldPos060,tbf_imgs::FieldPos060
tbf_imgs,D:\Dineth\focus_binary_benchmark\dataset\tbf_imgs\unfocused\FieldPos060\FieldPos060_page_14.png,0,tbf_imgs::FieldPos060,,dataset,train,FieldPos060,tbf_imgs::FieldPos060
tbf_imgs,D:\Dineth\focus_binary_benchmark\dataset\tbf_imgs\unfocused\FieldPos060\FieldPos060_page_2.png,0,tbf_imgs::FieldPos060,,dataset,train,FieldPos060,tbf_imgs::FieldPos060
tbf_imgs,D:\Dineth\focus_binary_benchmark\dataset\tbf_imgs\unfocused\FieldPos060\FieldPos060_page_3.png,0,tbf_imgs::FieldPos060,,dataset,train,FieldPos060,tbf_imgs::FieldPos060
tbf_imgs,D:\Dineth\focus_binary_benchmark\dataset\tbf_imgs\unfocused\FieldPos060\FieldPos060_page_4.png,0,tbf_imgs::FieldPos060,,dataset,train,FieldPos060,tbf_imgs::FieldPos060
tbf_imgs,D:\Dineth\focus_binary_benchmark\dataset\tbf_imgs\unfocused\FieldPos060\FieldPos060_page_5.png,0,tbf_imgs::FieldPos060,,dataset,train,FieldPos060,tbf_imgs::FieldPos060
tbf_imgs,D:\Dineth\focus_binary_benchmark\dataset\tbf_imgs\unfocused\FieldPos060\FieldPos060_page_9.png,0,tbf_imgs::FieldPos060,,dataset,train,FieldPos060,tbf_imgs::FieldPos060
tbf_imgs,D:\Dineth\focus_binary_benchmark\dataset\tbf_imgs\unfocused\FieldPos061\FieldPos061_page_1.png,0,tbf_imgs::FieldPos061,,dataset,val,FieldPos061,tbf_imgs::FieldPos061
tbf_imgs,D:\Dineth\focus_binary_benchmark\dataset\tbf_imgs\unfocused\FieldPos061\FieldPos061_page_10.png,0,tbf_imgs::FieldPos061,,dataset,val,FieldPos061,tbf_imgs::FieldPos061
tbf_imgs,D:\Dineth\focus_binary_benchmark\dataset\tbf_imgs\unfocused\FieldPos061\FieldPos061_page_11.png,0,tbf_imgs::FieldPos061,,dataset,val,FieldPos061,tbf_imgs::FieldPos061
tbf_imgs,D:\Dineth\focus_binary_benchmark\dataset\tbf_imgs\unfocused\FieldPos061\FieldPos061_page_12.png,0,tbf_imgs::FieldPos061,,dataset,val,FieldPos061,tbf_imgs::FieldPos061
tbf_imgs,D:\Dineth\focus_binary_benchmark\dataset\tbf_imgs\unfocused\FieldPos061\FieldPos061_page_13.png,0,tbf_imgs::FieldPos061,,dataset,val,FieldPos061,tbf_imgs::FieldPos061
tbf_imgs,D:\Dineth\focus_binary_benchmark\dataset\tbf_imgs\unfocused\FieldPos061\FieldPos061_page_14.png,0,tbf_imgs::FieldPos061,,dataset,val,FieldPos061,tbf_imgs::FieldPos061
tbf_imgs,D:\Dineth\focus_binary_benchmark\dataset\tbf_imgs\unfocused\FieldPos061\FieldPos061_page_2.png,0,tbf_imgs::FieldPos061,,dataset,val,FieldPos061,tbf_imgs::FieldPos061
tbf_imgs,D:\Dineth\focus_binary_benchmark\dataset\tbf_imgs\unfocused\FieldPos061\FieldPos061_page_3.png,0,tbf_imgs::FieldPos061,,dataset,val,FieldPos061,tbf_imgs::FieldPos061
tbf_imgs,D:\Dineth\focus_binary_benchmark\dataset\tbf_imgs\unfocused\FieldPos061\FieldPos061_page_4.png,0,tbf_imgs::FieldPos061,,dataset,val,FieldPos061,tbf_imgs::FieldPos061
tbf_imgs,D:\Dineth\focus_binary_benchmark\dataset\tbf_imgs\unfocused\FieldPos061\FieldPos061_page_5.png,0,tbf_imgs::FieldPos061,,dataset,val,FieldPos061,tbf_imgs::FieldPos061
tbf_imgs,D:\Dineth\focus_binary_benchmark\dataset\tbf_imgs\unfocused\FieldPos061\FieldPos061_page_6.png,0,tbf_imgs::FieldPos061,,dataset,val,FieldPos061,tbf_imgs::FieldPos061
tbf_imgs,D:\Dineth\focus_binary_benchmark\dataset\tbf_imgs\unfocused\FieldPos062\FieldPos062_page_1.png,0,tbf_imgs::FieldPos062,,dataset,train,FieldPos062,tbf_imgs::FieldPos062
tbf_imgs,D:\Dineth\focus_binary_benchmark\dataset\tbf_imgs\unfocused\FieldPos062\FieldPos062_page_10.png,0,tbf_imgs::FieldPos062,,dataset,train,FieldPos062,tbf_imgs::FieldPos062
tbf_imgs,D:\Dineth\focus_binary_benchmark\dataset\tbf_imgs\unfocused\FieldPos062\FieldPos062_page_11.png,0,tbf_imgs::FieldPos062,,dataset,train,FieldPos062,tbf_imgs::FieldPos062
tbf_imgs,D:\Dineth\focus_binary_benchmark\dataset\tbf_imgs\unfocused\FieldPos062\FieldPos062_page_12.png,0,tbf_imgs::FieldPos062,,dataset,train,FieldPos062,tbf_imgs::FieldPos062
tbf_imgs,D:\Dineth\focus_binary_benchmark\dataset\tbf_imgs\unfocused\FieldPos062\FieldPos062_page_13.png,0,tbf_imgs::FieldPos062,,dataset,train,FieldPos062,tbf_imgs::FieldPos062
tbf_imgs,D:\Dineth\focus_binary_benchmark\dataset\tbf_imgs\unfocused\FieldPos062\FieldPos062_page_14.png,0,tbf_imgs::FieldPos062,,dataset,train,FieldPos062,tbf_imgs::FieldPos062
tbf_imgs,D:\Dineth\focus_binary_benchmark\dataset\tbf_imgs\unfocused\FieldPos062\FieldPos062_page_2.png,0,tbf_imgs::FieldPos062,,dataset,train,FieldPos062,tbf_imgs::FieldPos062
tbf_imgs,D:\Dineth\focus_binary_benchmark\dataset\tbf_imgs\unfocused\FieldPos062\FieldPos062_page_3.png,0,tbf_imgs::FieldPos062,,dataset,train,FieldPos062,tbf_imgs::FieldPos062
tbf_imgs,D:\Dineth\focus_binary_benchmark\dataset\tbf_imgs\unfocused\FieldPos062\FieldPos062_page_4.png,0,tbf_imgs::FieldPos062,,dataset,train,FieldPos062,tbf_imgs::FieldPos062
tbf_imgs,D:\Dineth\focus_binary_benchmark\dataset\tbf_imgs\unfocused\FieldPos062\FieldPos062_page_5.png,0,tbf_imgs::FieldPos062,,dataset,train,FieldPos062,tbf_imgs::FieldPos062
tbf_imgs,D:\Dineth\focus_binary_benchmark\dataset\tbf_imgs\unfocused\FieldPos062\FieldPos062_page_6.png,0,tbf_imgs::FieldPos062,,dataset,train,FieldPos062,tbf_imgs::FieldPos062
tbf_imgs,D:\Dineth\focus_binary_benchmark\dataset\tbf_imgs\unfocused\FieldPos062 (2)\FieldPos062 (2)_page_1.png,0,tbf_imgs::FieldPos062,,dataset,train,FieldPos062 (2),tbf_imgs::FieldPos062
tbf_imgs,D:\Dineth\focus_binary_benchmark\dataset\tbf_imgs\unfocused\FieldPos062 (2)\FieldPos062 (2)_page_10.png,0,tbf_imgs::FieldPos062,,dataset,train,FieldPos062 (2),tbf_imgs::FieldPos062
tbf_imgs,D:\Dineth\focus_binary_benchmark\dataset\tbf_imgs\unfocused\FieldPos062 (2)\FieldPos062 (2)_page_11.png,0,tbf_imgs::FieldPos062,,dataset,train,FieldPos062 (2),tbf_imgs::FieldPos062
tbf_imgs,D:\Dineth\focus_binary_benchmark\dataset\tbf_imgs\unfocused\FieldPos062 (2)\FieldPos062 (2)_page_12.png,0,tbf_imgs::FieldPos062,,dataset,train,FieldPos062 (2),tbf_imgs::FieldPos062
tbf_imgs,D:\Dineth\focus_binary_benchmark\dataset\tbf_imgs\unfocused\FieldPos062 (2)\FieldPos062 (2)_page_13.png,0,tbf_imgs::FieldPos062,,dataset,train,FieldPos062 (2),tbf_imgs::FieldPos062
tbf_imgs,D:\Dineth\focus_binary_benchmark\dataset\tbf_imgs\unfocused\FieldPos062 (2)\FieldPos062 (2)_page_14.png,0,tbf_imgs::FieldPos062,,dataset,train,FieldPos062 (2),tbf_imgs::FieldPos062
tbf_imgs,D:\Dineth\focus_binary_benchmark\dataset\tbf_imgs\unfocused\FieldPos062 (2)\FieldPos062 (2)_page_2.png,0,tbf_imgs::FieldPos062,,dataset,train,FieldPos062 (2),tbf_imgs::FieldPos062
tbf_imgs,D:\Dineth\focus_binary_benchmark\dataset\tbf_imgs\unfocused\FieldPos062 (2)\FieldPos062 (2)_page_3.png,0,tbf_imgs::FieldPos062,,dataset,train,FieldPos062 (2),tbf_imgs::FieldPos062
tbf_imgs,D:\Dineth\focus_binary_benchmark\dataset\tbf_imgs\unfocused\FieldPos062 (2)\FieldPos062 (2)_page_4.png,0,tbf_imgs::FieldPos062,,dataset,train,FieldPos062 (2),tbf_imgs::FieldPos062
tbf_imgs,D:\Dineth\focus_binary_benchmark\dataset\tbf_imgs\unfocused\FieldPos062 (2)\FieldPos062 (2)_page_5.png,0,tbf_imgs::FieldPos062,,dataset,train,FieldPos062 (2),tbf_imgs::FieldPos062
tbf_imgs,D:\Dineth\focus_binary_benchmark\dataset\tbf_imgs\unfocused\FieldPos062 (2)\FieldPos062 (2)_page_6.png,0,tbf_imgs::FieldPos062,,dataset,train,FieldPos062 (2),tbf_imgs::FieldPos062
tbf_imgs,D:\Dineth\focus_binary_benchmark\dataset\tbf_imgs\unfocused\FieldPos063\FieldPos063_page_1.png,0,tbf_imgs::FieldPos063,,dataset,train,FieldPos063,tbf_imgs::FieldPos063
tbf_imgs,D:\Dineth\focus_binary_benchmark\dataset\tbf_imgs\unfocused\FieldPos063\FieldPos063_page_10.png,0,tbf_imgs::FieldPos063,,dataset,train,FieldPos063,tbf_imgs::FieldPos063
tbf_imgs,D:\Dineth\focus_binary_benchmark\dataset\tbf_imgs\unfocused\FieldPos063\FieldPos063_page_11.png,0,tbf_imgs::FieldPos063,,dataset,train,FieldPos063,tbf_imgs::FieldPos063
tbf_imgs,D:\Dineth\focus_binary_benchmark\dataset\tbf_imgs\unfocused\FieldPos063\FieldPos063_page_12.png,0,tbf_imgs::FieldPos063,,dataset,train,FieldPos063,tbf_imgs::FieldPos063
tbf_imgs,D:\Dineth\focus_binary_benchmark\dataset\tbf_imgs\unfocused\FieldPos063\FieldPos063_page_13.png,0,tbf_imgs::FieldPos063,,dataset,train,FieldPos063,tbf_imgs::FieldPos063
tbf_imgs,D:\Dineth\focus_binary_benchmark\dataset\tbf_imgs\unfocused\FieldPos063\FieldPos063_page_14.png,0,tbf_imgs::FieldPos063,,dataset,train,FieldPos063,tbf_imgs::FieldPos063
tbf_imgs,D:\Dineth\focus_binary_benchmark\dataset\tbf_imgs\unfocused\FieldPos063\FieldPos063_page_2.png,0,tbf_imgs::FieldPos063,,dataset,train,FieldPos063,tbf_imgs::FieldPos063
tbf_imgs,D:\Dineth\focus_binary_benchmark\dataset\tbf_imgs\unfocused\FieldPos063\FieldPos063_page_3.png,0,tbf_imgs::FieldPos063,,dataset,train,FieldPos063,tbf_imgs::FieldPos063
tbf_imgs,D:\Dineth\focus_binary_benchmark\dataset\tbf_imgs\unfocused\FieldPos063\FieldPos063_page_4.png,0,tbf_imgs::FieldPos063,,dataset,train,FieldPos063,tbf_imgs::FieldPos063
tbf_imgs,D:\Dineth\focus_binary_benchmark\dataset\tbf_imgs\unfocused\FieldPos063\FieldPos063_page_5.png,0,tbf_imgs::FieldPos063,,dataset,train,FieldPos063,tbf_imgs::FieldPos063
tbf_imgs,D:\Dineth\focus_binary_benchmark\dataset\tbf_imgs\unfocused\FieldPos063\FieldPos063_page_6.png,0,tbf_imgs::FieldPos063,,dataset,train,FieldPos063,tbf_imgs::FieldPos063
tbf_imgs,D:\Dineth\focus_binary_benchmark\dataset\tbf_imgs\unfocused\FieldPos064\FieldPos064_page_1.png,0,tbf_imgs::FieldPos064,,dataset,train,FieldPos064,tbf_imgs::FieldPos064
tbf_imgs,D:\Dineth\focus_binary_benchmark\dataset\tbf_imgs\unfocused\FieldPos064\FieldPos064_page_10.png,0,tbf_imgs::FieldPos064,,dataset,train,FieldPos064,tbf_imgs::FieldPos064
tbf_imgs,D:\Dineth\focus_binary_benchmark\dataset\tbf_imgs\unfocused\FieldPos064\FieldPos064_page_11.png,0,tbf_imgs::FieldPos064,,dataset,train,FieldPos064,tbf_imgs::FieldPos064
tbf_imgs,D:\Dineth\focus_binary_benchmark\dataset\tbf_imgs\unfocused\FieldPos064\FieldPos064_page_12.png,0,tbf_imgs::FieldPos064,,dataset,train,FieldPos064,tbf_imgs::FieldPos064
tbf_imgs,D:\Dineth\focus_binary_benchmark\dataset\tbf_imgs\unfocused\FieldPos064\FieldPos064_page_13.png,0,tbf_imgs::FieldPos064,,dataset,train,FieldPos064,tbf_imgs::FieldPos064
tbf_imgs,D:\Dineth\focus_binary_benchmark\dataset\tbf_imgs\unfocused\FieldPos064\FieldPos064_page_14.png,0,tbf_imgs::FieldPos064,,dataset,train,FieldPos064,tbf_imgs::FieldPos064
tbf_imgs,D:\Dineth\focus_binary_benchmark\dataset\tbf_imgs\unfocused\FieldPos064\FieldPos064_page_2.png,0,tbf_imgs::FieldPos064,,dataset,train,FieldPos064,tbf_imgs::FieldPos064
tbf_imgs,D:\Dineth\focus_binary_benchmark\dataset\tbf_imgs\unfocused\FieldPos064\FieldPos064_page_3.png,0,tbf_imgs::FieldPos064,,dataset,train,FieldPos064,tbf_imgs::FieldPos064
tbf_imgs,D:\Dineth\focus_binary_benchmark\dataset\tbf_imgs\unfocused\FieldPos064\FieldPos064_page_4.png,0,tbf_imgs::FieldPos064,,dataset,train,FieldPos064,tbf_imgs::FieldPos064
tbf_imgs,D:\Dineth\focus_binary_benchmark\dataset\tbf_imgs\unfocused\FieldPos064\FieldPos064_page_8.png,0,tbf_imgs::FieldPos064,,dataset,train,FieldPos064,tbf_imgs::FieldPos064
tbf_imgs,D:\Dineth\focus_binary_benchmark\dataset\tbf_imgs\unfocused\FieldPos064\FieldPos064_page_9.png,0,tbf_imgs::FieldPos064,,dataset,train,FieldPos064,tbf_imgs::FieldPos064
tbf_imgs,D:\Dineth\focus_binary_benchmark\dataset\tbf_imgs\unfocused\FieldPos065\FieldPos065_page_1.png,0,tbf_imgs::FieldPos065,,dataset,train,FieldPos065,tbf_imgs::FieldPos065
tbf_imgs,D:\Dineth\focus_binary_benchmark\dataset\tbf_imgs\unfocused\FieldPos065\FieldPos065_page_10.png,0,tbf_imgs::FieldPos065,,dataset,train,FieldPos065,tbf_imgs::FieldPos065
tbf_imgs,D:\Dineth\focus_binary_benchmark\dataset\tbf_imgs\unfocused\FieldPos065\FieldPos065_page_11.png,0,tbf_imgs::FieldPos065,,dataset,train,FieldPos065,tbf_imgs::FieldPos065
tbf_imgs,D:\Dineth\focus_binary_benchmark\dataset\tbf_imgs\unfocused\FieldPos065\FieldPos065_page_12.png,0,tbf_imgs::FieldPos065,,dataset,train,FieldPos065,tbf_imgs::FieldPos065
tbf_imgs,D:\Dineth\focus_binary_benchmark\dataset\tbf_imgs\unfocused\FieldPos065\FieldPos065_page_13.png,0,tbf_imgs::FieldPos065,,dataset,train,FieldPos065,tbf_imgs::FieldPos065
tbf_imgs,D:\Dineth\focus_binary_benchmark\dataset\tbf_imgs\unfocused\FieldPos065\FieldPos065_page_14.png,0,tbf_imgs::FieldPos065,,dataset,train,FieldPos065,tbf_imgs::FieldPos065
tbf_imgs,D:\Dineth\focus_binary_benchmark\dataset\tbf_imgs\unfocused\FieldPos065\FieldPos065_page_2.png,0,tbf_imgs::FieldPos065,,dataset,train,FieldPos065,tbf_imgs::FieldPos065
tbf_imgs,D:\Dineth\focus_binary_benchmark\dataset\tbf_imgs\unfocused\FieldPos065\FieldPos065_page_3.png,0,tbf_imgs::FieldPos065,,dataset,train,FieldPos065,tbf_imgs::FieldPos065
tbf_imgs,D:\Dineth\focus_binary_benchmark\dataset\tbf_imgs\unfocused\FieldPos065\FieldPos065_page_4.png,0,tbf_imgs::FieldPos065,,dataset,train,FieldPos065,tbf_imgs::FieldPos065
tbf_imgs,D:\Dineth\focus_binary_benchmark\dataset\tbf_imgs\unfocused\FieldPos065\FieldPos065_page_8.png,0,tbf_imgs::FieldPos065,,dataset,train,FieldPos065,tbf_imgs::FieldPos065
tbf_imgs,D:\Dineth\focus_binary_benchmark\dataset\tbf_imgs\unfocused\FieldPos065\FieldPos065_page_9.png,0,tbf_imgs::FieldPos065,,dataset,train,FieldPos065,tbf_imgs::FieldPos065
tbf_imgs,D:\Dineth\focus_binary_benchmark\dataset\tbf_imgs\unfocused\FieldPos066\FieldPos066_page_1.png,0,tbf_imgs::FieldPos066,,dataset,train,FieldPos066,tbf_imgs::FieldPos066
tbf_imgs,D:\Dineth\focus_binary_benchmark\dataset\tbf_imgs\unfocused\FieldPos066\FieldPos066_page_10.png,0,tbf_imgs::FieldPos066,,dataset,train,FieldPos066,tbf_imgs::FieldPos066
tbf_imgs,D:\Dineth\focus_binary_benchmark\dataset\tbf_imgs\unfocused\FieldPos066\FieldPos066_page_11.png,0,tbf_imgs::FieldPos066,,dataset,train,FieldPos066,tbf_imgs::FieldPos066
tbf_imgs,D:\Dineth\focus_binary_benchmark\dataset\tbf_imgs\unfocused\FieldPos066\FieldPos066_page_12.png,0,tbf_imgs::FieldPos066,,dataset,train,FieldPos066,tbf_imgs::FieldPos066
tbf_imgs,D:\Dineth\focus_binary_benchmark\dataset\tbf_imgs\unfocused\FieldPos066\FieldPos066_page_13.png,0,tbf_imgs::FieldPos066,,dataset,train,FieldPos066,tbf_imgs::FieldPos066
tbf_imgs,D:\Dineth\focus_binary_benchmark\dataset\tbf_imgs\unfocused\FieldPos066\FieldPos066_page_14.png,0,tbf_imgs::FieldPos066,,dataset,train,FieldPos066,tbf_imgs::FieldPos066
tbf_imgs,D:\Dineth\focus_binary_benchmark\dataset\tbf_imgs\unfocused\FieldPos066\FieldPos066_page_2.png,0,tbf_imgs::FieldPos066,,dataset,train,FieldPos066,tbf_imgs::FieldPos066
tbf_imgs,D:\Dineth\focus_binary_benchmark\dataset\tbf_imgs\unfocused\FieldPos066\FieldPos066_page_3.png,0,tbf_imgs::FieldPos066,,dataset,train,FieldPos066,tbf_imgs::FieldPos066
tbf_imgs,D:\Dineth\focus_binary_benchmark\dataset\tbf_imgs\unfocused\FieldPos066\FieldPos066_page_4.png,0,tbf_imgs::FieldPos066,,dataset,train,FieldPos066,tbf_imgs::FieldPos066
tbf_imgs,D:\Dineth\focus_binary_benchmark\dataset\tbf_imgs\unfocused\FieldPos066\FieldPos066_page_8.png,0,tbf_imgs::FieldPos066,,dataset,train,FieldPos066,tbf_imgs::FieldPos066
tbf_imgs,D:\Dineth\focus_binary_benchmark\dataset\tbf_imgs\unfocused\FieldPos066\FieldPos066_page_9.png,0,tbf_imgs::FieldPos066,,dataset,train,FieldPos066,tbf_imgs::FieldPos066
tbf_imgs,D:\Dineth\focus_binary_benchmark\dataset\tbf_imgs\unfocused\FieldPos066 (2)\FieldPos066 (2)_page_1.png,0,tbf_imgs::FieldPos066,,dataset,train,FieldPos066 (2),tbf_imgs::FieldPos066
tbf_imgs,D:\Dineth\focus_binary_benchmark\dataset\tbf_imgs\unfocused\FieldPos066 (2)\FieldPos066 (2)_page_10.png,0,tbf_imgs::FieldPos066,,dataset,train,FieldPos066 (2),tbf_imgs::FieldPos066
tbf_imgs,D:\Dineth\focus_binary_benchmark\dataset\tbf_imgs\unfocused\FieldPos066 (2)\FieldPos066 (2)_page_11.png,0,tbf_imgs::FieldPos066,,dataset,train,FieldPos066 (2),tbf_imgs::FieldPos066
tbf_imgs,D:\Dineth\focus_binary_benchmark\dataset\tbf_imgs\unfocused\FieldPos066 (2)\FieldPos066 (2)_page_12.png,0,tbf_imgs::FieldPos066,,dataset,train,FieldPos066 (2),tbf_imgs::FieldPos066
tbf_imgs,D:\Dineth\focus_binary_benchmark\dataset\tbf_imgs\unfocused\FieldPos066 (2)\FieldPos066 (2)_page_13.png,0,tbf_imgs::FieldPos066,,dataset,train,FieldPos066 (2),tbf_imgs::FieldPos066
tbf_imgs,D:\Dineth\focus_binary_benchmark\dataset\tbf_imgs\unfocused\FieldPos066 (2)\FieldPos066 (2)_page_14.png,0,tbf_imgs::FieldPos066,,dataset,train,FieldPos066 (2),tbf_imgs::FieldPos066
tbf_imgs,D:\Dineth\focus_binary_benchmark\dataset\tbf_imgs\unfocused\FieldPos066 (2)\FieldPos066 (2)_page_2.png,0,tbf_imgs::FieldPos066,,dataset,train,FieldPos066 (2),tbf_imgs::FieldPos066
tbf_imgs,D:\Dineth\focus_binary_benchmark\dataset\tbf_imgs\unfocused\FieldPos066 (2)\FieldPos066 (2)_page_3.png,0,tbf_imgs::FieldPos066,,dataset,train,FieldPos066 (2),tbf_imgs::FieldPos066
tbf_imgs,D:\Dineth\focus_binary_benchmark\dataset\tbf_imgs\unfocused\FieldPos066 (2)\FieldPos066 (2)_page_4.png,0,tbf_imgs::FieldPos066,,dataset,train,FieldPos066 (2),tbf_imgs::FieldPos066
tbf_imgs,D:\Dineth\focus_binary_benchmark\dataset\tbf_imgs\unfocused\FieldPos066 (2)\FieldPos066 (2)_page_8.png,0,tbf_imgs::FieldPos066,,dataset,train,FieldPos066 (2),tbf_imgs::FieldPos066
tbf_imgs,D:\Dineth\focus_binary_benchmark\dataset\tbf_imgs\unfocused\FieldPos066 (2)\FieldPos066 (2)_page_9.png,0,tbf_imgs::FieldPos066,,dataset,train,FieldPos066 (2),tbf_imgs::FieldPos066
tbf_imgs,D:\Dineth\focus_binary_benchmark\dataset\tbf_imgs\unfocused\FieldPos067\FieldPos067_page_1.png,0,tbf_imgs::FieldPos067,,dataset,val,FieldPos067,tbf_imgs::FieldPos067
tbf_imgs,D:\Dineth\focus_binary_benchmark\dataset\tbf_imgs\unfocused\FieldPos067\FieldPos067_page_10.png,0,tbf_imgs::FieldPos067,,dataset,val,FieldPos067,tbf_imgs::FieldPos067
tbf_imgs,D:\Dineth\focus_binary_benchmark\dataset\tbf_imgs\unfocused\FieldPos067\FieldPos067_page_11.png,0,tbf_imgs::FieldPos067,,dataset,val,FieldPos067,tbf_imgs::FieldPos067
tbf_imgs,D:\Dineth\focus_binary_benchmark\dataset\tbf_imgs\unfocused\FieldPos067\FieldPos067_page_12.png,0,tbf_imgs::FieldPos067,,dataset,val,FieldPos067,tbf_imgs::FieldPos067
tbf_imgs,D:\Dineth\focus_binary_benchmark\dataset\tbf_imgs\unfocused\FieldPos067\FieldPos067_page_13.png,0,tbf_imgs::FieldPos067,,dataset,val,FieldPos067,tbf_imgs::FieldPos067
tbf_imgs,D:\Dineth\focus_binary_benchmark\dataset\tbf_imgs\unfocused\FieldPos067\FieldPos067_page_14.png,0,tbf_imgs::FieldPos067,,dataset,val,FieldPos067,tbf_imgs::FieldPos067
tbf_imgs,D:\Dineth\focus_binary_benchmark\dataset\tbf_imgs\unfocused\FieldPos067\FieldPos067_page_2.png,0,tbf_imgs::FieldPos067,,dataset,val,FieldPos067,tbf_imgs::FieldPos067
tbf_imgs,D:\Dineth\focus_binary_benchmark\dataset\tbf_imgs\unfocused\FieldPos067\FieldPos067_page_3.png,0,tbf_imgs::FieldPos067,,dataset,val,FieldPos067,tbf_imgs::FieldPos067
tbf_imgs,D:\Dineth\focus_binary_benchmark\dataset\tbf_imgs\unfocused\FieldPos067\FieldPos067_page_7.png,0,tbf_imgs::FieldPos067,,dataset,val,FieldPos067,tbf_imgs::FieldPos067
tbf_imgs,D:\Dineth\focus_binary_benchmark\dataset\tbf_imgs\unfocused\FieldPos067\FieldPos067_page_8.png,0,tbf_imgs::FieldPos067,,dataset,val,FieldPos067,tbf_imgs::FieldPos067
tbf_imgs,D:\Dineth\focus_binary_benchmark\dataset\tbf_imgs\unfocused\FieldPos067\FieldPos067_page_9.png,0,tbf_imgs::FieldPos067,,dataset,val,FieldPos067,tbf_imgs::FieldPos067
tbf_imgs,D:\Dineth\focus_binary_benchmark\dataset\tbf_imgs\unfocused\FieldPos067 (2)\FieldPos067 (2)_page_1.png,0,tbf_imgs::FieldPos067,,dataset,val,FieldPos067 (2),tbf_imgs::FieldPos067
tbf_imgs,D:\Dineth\focus_binary_benchmark\dataset\tbf_imgs\unfocused\FieldPos067 (2)\FieldPos067 (2)_page_10.png,0,tbf_imgs::FieldPos067,,dataset,val,FieldPos067 (2),tbf_imgs::FieldPos067
tbf_imgs,D:\Dineth\focus_binary_benchmark\dataset\tbf_imgs\unfocused\FieldPos067 (2)\FieldPos067 (2)_page_11.png,0,tbf_imgs::FieldPos067,,dataset,val,FieldPos067 (2),tbf_imgs::FieldPos067
tbf_imgs,D:\Dineth\focus_binary_benchmark\dataset\tbf_imgs\unfocused\FieldPos067 (2)\FieldPos067 (2)_page_12.png,0,tbf_imgs::FieldPos067,,dataset,val,FieldPos067 (2),tbf_imgs::FieldPos067
tbf_imgs,D:\Dineth\focus_binary_benchmark\dataset\tbf_imgs\unfocused\FieldPos067 (2)\FieldPos067 (2)_page_13.png,0,tbf_imgs::FieldPos067,,dataset,val,FieldPos067 (2),tbf_imgs::FieldPos067
tbf_imgs,D:\Dineth\focus_binary_benchmark\dataset\tbf_imgs\unfocused\FieldPos067 (2)\FieldPos067 (2)_page_14.png,0,tbf_imgs::FieldPos067,,dataset,val,FieldPos067 (2),tbf_imgs::FieldPos067
tbf_imgs,D:\Dineth\focus_binary_benchmark\dataset\tbf_imgs\unfocused\FieldPos067 (2)\FieldPos067 (2)_page_2.png,0,tbf_imgs::FieldPos067,,dataset,val,FieldPos067 (2),tbf_imgs::FieldPos067
tbf_imgs,D:\Dineth\focus_binary_benchmark\dataset\tbf_imgs\unfocused\FieldPos067 (2)\FieldPos067 (2)_page_3.png,0,tbf_imgs::FieldPos067,,dataset,val,FieldPos067 (2),tbf_imgs::FieldPos067
tbf_imgs,D:\Dineth\focus_binary_benchmark\dataset\tbf_imgs\unfocused\FieldPos067 (2)\FieldPos067 (2)_page_7.png,0,tbf_imgs::FieldPos067,,dataset,val,FieldPos067 (2),tbf_imgs::FieldPos067
tbf_imgs,D:\Dineth\focus_binary_benchmark\dataset\tbf_imgs\unfocused\FieldPos067 (2)\FieldPos067 (2)_page_8.png,0,tbf_imgs::FieldPos067,,dataset,val,FieldPos067 (2),tbf_imgs::FieldPos067
tbf_imgs,D:\Dineth\focus_binary_benchmark\dataset\tbf_imgs\unfocused\FieldPos067 (2)\FieldPos067 (2)_page_9.png,0,tbf_imgs::FieldPos067,,dataset,val,FieldPos067 (2),tbf_imgs::FieldPos067
tbf_imgs,D:\Dineth\focus_binary_benchmark\dataset\tbf_imgs\unfocused\FieldPos068\FieldPos068_page_1.png,0,tbf_imgs::FieldPos068,,dataset,val,FieldPos068,tbf_imgs::FieldPos068
tbf_imgs,D:\Dineth\focus_binary_benchmark\dataset\tbf_imgs\unfocused\FieldPos068\FieldPos068_page_10.png,0,tbf_imgs::FieldPos068,,dataset,val,FieldPos068,tbf_imgs::FieldPos068
tbf_imgs,D:\Dineth\focus_binary_benchmark\dataset\tbf_imgs\unfocused\FieldPos068\FieldPos068_page_11.png,0,tbf_imgs::FieldPos068,,dataset,val,FieldPos068,tbf_imgs::FieldPos068
tbf_imgs,D:\Dineth\focus_binary_benchmark\dataset\tbf_imgs\unfocused\FieldPos068\FieldPos068_page_12.png,0,tbf_imgs::FieldPos068,,dataset,val,FieldPos068,tbf_imgs::FieldPos068
tbf_imgs,D:\Dineth\focus_binary_benchmark\dataset\tbf_imgs\unfocused\FieldPos068\FieldPos068_page_13.png,0,tbf_imgs::FieldPos068,,dataset,val,FieldPos068,tbf_imgs::FieldPos068
tbf_imgs,D:\Dineth\focus_binary_benchmark\dataset\tbf_imgs\unfocused\FieldPos068\FieldPos068_page_14.png,0,tbf_imgs::FieldPos068,,dataset,val,FieldPos068,tbf_imgs::FieldPos068
tbf_imgs,D:\Dineth\focus_binary_benchmark\dataset\tbf_imgs\unfocused\FieldPos068\FieldPos068_page_2.png,0,tbf_imgs::FieldPos068,,dataset,val,FieldPos068,tbf_imgs::FieldPos068
tbf_imgs,D:\Dineth\focus_binary_benchmark\dataset\tbf_imgs\unfocused\FieldPos068\FieldPos068_page_3.png,0,tbf_imgs::FieldPos068,,dataset,val,FieldPos068,tbf_imgs::FieldPos068
tbf_imgs,D:\Dineth\focus_binary_benchmark\dataset\tbf_imgs\unfocused\FieldPos068\FieldPos068_page_4.png,0,tbf_imgs::FieldPos068,,dataset,val,FieldPos068,tbf_imgs::FieldPos068
tbf_imgs,D:\Dineth\focus_binary_benchmark\dataset\tbf_imgs\unfocused\FieldPos068\FieldPos068_page_5.png,0,tbf_imgs::FieldPos068,,dataset,val,FieldPos068,tbf_imgs::FieldPos068
tbf_imgs,D:\Dineth\focus_binary_benchmark\dataset\tbf_imgs\unfocused\FieldPos068\FieldPos068_page_9.png,0,tbf_imgs::FieldPos068,,dataset,val,FieldPos068,tbf_imgs::FieldPos068
tbf_imgs,D:\Dineth\focus_binary_benchmark\dataset\tbf_imgs\unfocused\FieldPos069\FieldPos069_page_1.png,0,tbf_imgs::FieldPos069,,dataset,train,FieldPos069,tbf_imgs::FieldPos069
tbf_imgs,D:\Dineth\focus_binary_benchmark\dataset\tbf_imgs\unfocused\FieldPos069\FieldPos069_page_10.png,0,tbf_imgs::FieldPos069,,dataset,train,FieldPos069,tbf_imgs::FieldPos069
tbf_imgs,D:\Dineth\focus_binary_benchmark\dataset\tbf_imgs\unfocused\FieldPos069\FieldPos069_page_11.png,0,tbf_imgs::FieldPos069,,dataset,train,FieldPos069,tbf_imgs::FieldPos069
tbf_imgs,D:\Dineth\focus_binary_benchmark\dataset\tbf_imgs\unfocused\FieldPos069\FieldPos069_page_12.png,0,tbf_imgs::FieldPos069,,dataset,train,FieldPos069,tbf_imgs::FieldPos069
tbf_imgs,D:\Dineth\focus_binary_benchmark\dataset\tbf_imgs\unfocused\FieldPos069\FieldPos069_page_13.png,0,tbf_imgs::FieldPos069,,dataset,train,FieldPos069,tbf_imgs::FieldPos069
tbf_imgs,D:\Dineth\focus_binary_benchmark\dataset\tbf_imgs\unfocused\FieldPos069\FieldPos069_page_14.png,0,tbf_imgs::FieldPos069,,dataset,train,FieldPos069,tbf_imgs::FieldPos069
tbf_imgs,D:\Dineth\focus_binary_benchmark\dataset\tbf_imgs\unfocused\FieldPos069\FieldPos069_page_2.png,0,tbf_imgs::FieldPos069,,dataset,train,FieldPos069,tbf_imgs::FieldPos069
tbf_imgs,D:\Dineth\focus_binary_benchmark\dataset\tbf_imgs\unfocused\FieldPos069\FieldPos069_page_3.png,0,tbf_imgs::FieldPos069,,dataset,train,FieldPos069,tbf_imgs::FieldPos069
tbf_imgs,D:\Dineth\focus_binary_benchmark\dataset\tbf_imgs\unfocused\FieldPos069\FieldPos069_page_7.png,0,tbf_imgs::FieldPos069,,dataset,train,FieldPos069,tbf_imgs::FieldPos069
tbf_imgs,D:\Dineth\focus_binary_benchmark\dataset\tbf_imgs\unfocused\FieldPos069\FieldPos069_page_8.png,0,tbf_imgs::FieldPos069,,dataset,train,FieldPos069,tbf_imgs::FieldPos069
tbf_imgs,D:\Dineth\focus_binary_benchmark\dataset\tbf_imgs\unfocused\FieldPos069\FieldPos069_page_9.png,0,tbf_imgs::FieldPos069,,dataset,train,FieldPos069,tbf_imgs::FieldPos069
tbf_imgs,D:\Dineth\focus_binary_benchmark\dataset\tbf_imgs\unfocused\FieldPos070\FieldPos070_page_1.png,0,tbf_imgs::FieldPos070,,dataset,train,FieldPos070,tbf_imgs::FieldPos070
tbf_imgs,D:\Dineth\focus_binary_benchmark\dataset\tbf_imgs\unfocused\FieldPos070\FieldPos070_page_10.png,0,tbf_imgs::FieldPos070,,dataset,train,FieldPos070,tbf_imgs::FieldPos070
tbf_imgs,D:\Dineth\focus_binary_benchmark\dataset\tbf_imgs\unfocused\FieldPos070\FieldPos070_page_11.png,0,tbf_imgs::FieldPos070,,dataset,train,FieldPos070,tbf_imgs::FieldPos070
tbf_imgs,D:\Dineth\focus_binary_benchmark\dataset\tbf_imgs\unfocused\FieldPos070\FieldPos070_page_12.png,0,tbf_imgs::FieldPos070,,dataset,train,FieldPos070,tbf_imgs::FieldPos070
tbf_imgs,D:\Dineth\focus_binary_benchmark\dataset\tbf_imgs\unfocused\FieldPos070\FieldPos070_page_13.png,0,tbf_imgs::FieldPos070,,dataset,train,FieldPos070,tbf_imgs::FieldPos070
tbf_imgs,D:\Dineth\focus_binary_benchmark\dataset\tbf_imgs\unfocused\FieldPos070\FieldPos070_page_14.png,0,tbf_imgs::FieldPos070,,dataset,train,FieldPos070,tbf_imgs::FieldPos070
tbf_imgs,D:\Dineth\focus_binary_benchmark\dataset\tbf_imgs\unfocused\FieldPos070\FieldPos070_page_2.png,0,tbf_imgs::FieldPos070,,dataset,train,FieldPos070,tbf_imgs::FieldPos070
tbf_imgs,D:\Dineth\focus_binary_benchmark\dataset\tbf_imgs\unfocused\FieldPos070\FieldPos070_page_3.png,0,tbf_imgs::FieldPos070,,dataset,train,FieldPos070,tbf_imgs::FieldPos070
tbf_imgs,D:\Dineth\focus_binary_benchmark\dataset\tbf_imgs\unfocused\FieldPos070\FieldPos070_page_4.png,0,tbf_imgs::FieldPos070,,dataset,train,FieldPos070,tbf_imgs::FieldPos070
tbf_imgs,D:\Dineth\focus_binary_benchmark\dataset\tbf_imgs\unfocused\FieldPos070\FieldPos070_page_8.png,0,tbf_imgs::FieldPos070,,dataset,train,FieldPos070,tbf_imgs::FieldPos070
tbf_imgs,D:\Dineth\focus_binary_benchmark\dataset\tbf_imgs\unfocused\FieldPos070\FieldPos070_page_9.png,0,tbf_imgs::FieldPos070,,dataset,train,FieldPos070,tbf_imgs::FieldPos070
tbf_imgs,D:\Dineth\focus_binary_benchmark\dataset\tbf_imgs\unfocused\FieldPos071\FieldPos071_page_1.png,0,tbf_imgs::FieldPos071,,dataset,train,FieldPos071,tbf_imgs::FieldPos071
tbf_imgs,D:\Dineth\focus_binary_benchmark\dataset\tbf_imgs\unfocused\FieldPos071\FieldPos071_page_10.png,0,tbf_imgs::FieldPos071,,dataset,train,FieldPos071,tbf_imgs::FieldPos071
tbf_imgs,D:\Dineth\focus_binary_benchmark\dataset\tbf_imgs\unfocused\FieldPos071\FieldPos071_page_11.png,0,tbf_imgs::FieldPos071,,dataset,train,FieldPos071,tbf_imgs::FieldPos071
tbf_imgs,D:\Dineth\focus_binary_benchmark\dataset\tbf_imgs\unfocused\FieldPos071\FieldPos071_page_12.png,0,tbf_imgs::FieldPos071,,dataset,train,FieldPos071,tbf_imgs::FieldPos071
tbf_imgs,D:\Dineth\focus_binary_benchmark\dataset\tbf_imgs\unfocused\FieldPos071\FieldPos071_page_13.png,0,tbf_imgs::FieldPos071,,dataset,train,FieldPos071,tbf_imgs::FieldPos071
tbf_imgs,D:\Dineth\focus_binary_benchmark\dataset\tbf_imgs\unfocused\FieldPos071\FieldPos071_page_14.png,0,tbf_imgs::FieldPos071,,dataset,train,FieldPos071,tbf_imgs::FieldPos071
tbf_imgs,D:\Dineth\focus_binary_benchmark\dataset\tbf_imgs\unfocused\FieldPos071\FieldPos071_page_2.png,0,tbf_imgs::FieldPos071,,dataset,train,FieldPos071,tbf_imgs::FieldPos071
tbf_imgs,D:\Dineth\focus_binary_benchmark\dataset\tbf_imgs\unfocused\FieldPos071\FieldPos071_page_3.png,0,tbf_imgs::FieldPos071,,dataset,train,FieldPos071,tbf_imgs::FieldPos071
tbf_imgs,D:\Dineth\focus_binary_benchmark\dataset\tbf_imgs\unfocused\FieldPos071\FieldPos071_page_4.png,0,tbf_imgs::FieldPos071,,dataset,train,FieldPos071,tbf_imgs::FieldPos071
tbf_imgs,D:\Dineth\focus_binary_benchmark\dataset\tbf_imgs\unfocused\FieldPos071\FieldPos071_page_5.png,0,tbf_imgs::FieldPos071,,dataset,train,FieldPos071,tbf_imgs::FieldPos071
tbf_imgs,D:\Dineth\focus_binary_benchmark\dataset\tbf_imgs\unfocused\FieldPos071\FieldPos071_page_6.png,0,tbf_imgs::FieldPos071,,dataset,train,FieldPos071,tbf_imgs::FieldPos071
tbf_imgs,D:\Dineth\focus_binary_benchmark\dataset\tbf_imgs\unfocused\FieldPos072\FieldPos072_page_1.png,0,tbf_imgs::FieldPos072,,dataset,train,FieldPos072,tbf_imgs::FieldPos072
tbf_imgs,D:\Dineth\focus_binary_benchmark\dataset\tbf_imgs\unfocused\FieldPos072\FieldPos072_page_10.png,0,tbf_imgs::FieldPos072,,dataset,train,FieldPos072,tbf_imgs::FieldPos072
tbf_imgs,D:\Dineth\focus_binary_benchmark\dataset\tbf_imgs\unfocused\FieldPos072\FieldPos072_page_11.png,0,tbf_imgs::FieldPos072,,dataset,train,FieldPos072,tbf_imgs::FieldPos072
tbf_imgs,D:\Dineth\focus_binary_benchmark\dataset\tbf_imgs\unfocused\FieldPos072\FieldPos072_page_12.png,0,tbf_imgs::FieldPos072,,dataset,train,FieldPos072,tbf_imgs::FieldPos072
tbf_imgs,D:\Dineth\focus_binary_benchmark\dataset\tbf_imgs\unfocused\FieldPos072\FieldPos072_page_13.png,0,tbf_imgs::FieldPos072,,dataset,train,FieldPos072,tbf_imgs::FieldPos072
tbf_imgs,D:\Dineth\focus_binary_benchmark\dataset\tbf_imgs\unfocused\FieldPos072\FieldPos072_page_14.png,0,tbf_imgs::FieldPos072,,dataset,train,FieldPos072,tbf_imgs::FieldPos072
tbf_imgs,D:\Dineth\focus_binary_benchmark\dataset\tbf_imgs\unfocused\FieldPos072\FieldPos072_page_2.png,0,tbf_imgs::FieldPos072,,dataset,train,FieldPos072,tbf_imgs::FieldPos072
tbf_imgs,D:\Dineth\focus_binary_benchmark\dataset\tbf_imgs\unfocused\FieldPos072\FieldPos072_page_3.png,0,tbf_imgs::FieldPos072,,dataset,train,FieldPos072,tbf_imgs::FieldPos072
tbf_imgs,D:\Dineth\focus_binary_benchmark\dataset\tbf_imgs\unfocused\FieldPos072\FieldPos072_page_4.png,0,tbf_imgs::FieldPos072,,dataset,train,FieldPos072,tbf_imgs::FieldPos072
tbf_imgs,D:\Dineth\focus_binary_benchmark\dataset\tbf_imgs\unfocused\FieldPos072\FieldPos072_page_5.png,0,tbf_imgs::FieldPos072,,dataset,train,FieldPos072,tbf_imgs::FieldPos072
tbf_imgs,D:\Dineth\focus_binary_benchmark\dataset\tbf_imgs\unfocused\FieldPos072\FieldPos072_page_6.png,0,tbf_imgs::FieldPos072,,dataset,train,FieldPos072,tbf_imgs::FieldPos072
tbf_imgs,D:\Dineth\focus_binary_benchmark\dataset\tbf_imgs\unfocused\FieldPos073\FieldPos073_page_1.png,0,tbf_imgs::FieldPos073,,dataset,train,FieldPos073,tbf_imgs::FieldPos073
tbf_imgs,D:\Dineth\focus_binary_benchmark\dataset\tbf_imgs\unfocused\FieldPos073\FieldPos073_page_10.png,0,tbf_imgs::FieldPos073,,dataset,train,FieldPos073,tbf_imgs::FieldPos073
tbf_imgs,D:\Dineth\focus_binary_benchmark\dataset\tbf_imgs\unfocused\FieldPos073\FieldPos073_page_11.png,0,tbf_imgs::FieldPos073,,dataset,train,FieldPos073,tbf_imgs::FieldPos073
tbf_imgs,D:\Dineth\focus_binary_benchmark\dataset\tbf_imgs\unfocused\FieldPos073\FieldPos073_page_12.png,0,tbf_imgs::FieldPos073,,dataset,train,FieldPos073,tbf_imgs::FieldPos073
tbf_imgs,D:\Dineth\focus_binary_benchmark\dataset\tbf_imgs\unfocused\FieldPos073\FieldPos073_page_13.png,0,tbf_imgs::FieldPos073,,dataset,train,FieldPos073,tbf_imgs::FieldPos073
tbf_imgs,D:\Dineth\focus_binary_benchmark\dataset\tbf_imgs\unfocused\FieldPos073\FieldPos073_page_14.png,0,tbf_imgs::FieldPos073,,dataset,train,FieldPos073,tbf_imgs::FieldPos073
tbf_imgs,D:\Dineth\focus_binary_benchmark\dataset\tbf_imgs\unfocused\FieldPos073\FieldPos073_page_2.png,0,tbf_imgs::FieldPos073,,dataset,train,FieldPos073,tbf_imgs::FieldPos073
tbf_imgs,D:\Dineth\focus_binary_benchmark\dataset\tbf_imgs\unfocused\FieldPos073\FieldPos073_page_3.png,0,tbf_imgs::FieldPos073,,dataset,train,FieldPos073,tbf_imgs::FieldPos073
tbf_imgs,D:\Dineth\focus_binary_benchmark\dataset\tbf_imgs\unfocused\FieldPos073\FieldPos073_page_4.png,0,tbf_imgs::FieldPos073,,dataset,train,FieldPos073,tbf_imgs::FieldPos073
tbf_imgs,D:\Dineth\focus_binary_benchmark\dataset\tbf_imgs\unfocused\FieldPos073\FieldPos073_page_8.png,0,tbf_imgs::FieldPos073,,dataset,train,FieldPos073,tbf_imgs::FieldPos073
tbf_imgs,D:\Dineth\focus_binary_benchmark\dataset\tbf_imgs\unfocused\FieldPos073\FieldPos073_page_9.png,0,tbf_imgs::FieldPos073,,dataset,train,FieldPos073,tbf_imgs::FieldPos073
tbf_imgs,D:\Dineth\focus_binary_benchmark\dataset\tbf_imgs\unfocused\FieldPos074\FieldPos074_page_1.png,0,tbf_imgs::FieldPos074,,dataset,train,FieldPos074,tbf_imgs::FieldPos074
tbf_imgs,D:\Dineth\focus_binary_benchmark\dataset\tbf_imgs\unfocused\FieldPos074\FieldPos074_page_10.png,0,tbf_imgs::FieldPos074,,dataset,train,FieldPos074,tbf_imgs::FieldPos074
tbf_imgs,D:\Dineth\focus_binary_benchmark\dataset\tbf_imgs\unfocused\FieldPos074\FieldPos074_page_11.png,0,tbf_imgs::FieldPos074,,dataset,train,FieldPos074,tbf_imgs::FieldPos074
tbf_imgs,D:\Dineth\focus_binary_benchmark\dataset\tbf_imgs\unfocused\FieldPos074\FieldPos074_page_12.png,0,tbf_imgs::FieldPos074,,dataset,train,FieldPos074,tbf_imgs::FieldPos074
tbf_imgs,D:\Dineth\focus_binary_benchmark\dataset\tbf_imgs\unfocused\FieldPos074\FieldPos074_page_13.png,0,tbf_imgs::FieldPos074,,dataset,train,FieldPos074,tbf_imgs::FieldPos074
tbf_imgs,D:\Dineth\focus_binary_benchmark\dataset\tbf_imgs\unfocused\FieldPos074\FieldPos074_page_14.png,0,tbf_imgs::FieldPos074,,dataset,train,FieldPos074,tbf_imgs::FieldPos074
tbf_imgs,D:\Dineth\focus_binary_benchmark\dataset\tbf_imgs\unfocused\FieldPos074\FieldPos074_page_2.png,0,tbf_imgs::FieldPos074,,dataset,train,FieldPos074,tbf_imgs::FieldPos074
tbf_imgs,D:\Dineth\focus_binary_benchmark\dataset\tbf_imgs\unfocused\FieldPos074\FieldPos074_page_3.png,0,tbf_imgs::FieldPos074,,dataset,train,FieldPos074,tbf_imgs::FieldPos074
tbf_imgs,D:\Dineth\focus_binary_benchmark\dataset\tbf_imgs\unfocused\FieldPos074\FieldPos074_page_4.png,0,tbf_imgs::FieldPos074,,dataset,train,FieldPos074,tbf_imgs::FieldPos074
tbf_imgs,D:\Dineth\focus_binary_benchmark\dataset\tbf_imgs\unfocused\FieldPos074\FieldPos074_page_8.png,0,tbf_imgs::FieldPos074,,dataset,train,FieldPos074,tbf_imgs::FieldPos074
tbf_imgs,D:\Dineth\focus_binary_benchmark\dataset\tbf_imgs\unfocused\FieldPos074\FieldPos074_page_9.png,0,tbf_imgs::FieldPos074,,dataset,train,FieldPos074,tbf_imgs::FieldPos074
tbf_imgs,D:\Dineth\focus_binary_benchmark\dataset\tbf_imgs\unfocused\FieldPos076\FieldPos076_page_1.png,0,tbf_imgs::FieldPos076,,dataset,val,FieldPos076,tbf_imgs::FieldPos076
tbf_imgs,D:\Dineth\focus_binary_benchmark\dataset\tbf_imgs\unfocused\FieldPos076\FieldPos076_page_10.png,0,tbf_imgs::FieldPos076,,dataset,val,FieldPos076,tbf_imgs::FieldPos076
tbf_imgs,D:\Dineth\focus_binary_benchmark\dataset\tbf_imgs\unfocused\FieldPos076\FieldPos076_page_11.png,0,tbf_imgs::FieldPos076,,dataset,val,FieldPos076,tbf_imgs::FieldPos076
tbf_imgs,D:\Dineth\focus_binary_benchmark\dataset\tbf_imgs\unfocused\FieldPos076\FieldPos076_page_12.png,0,tbf_imgs::FieldPos076,,dataset,val,FieldPos076,tbf_imgs::FieldPos076
tbf_imgs,D:\Dineth\focus_binary_benchmark\dataset\tbf_imgs\unfocused\FieldPos076\FieldPos076_page_13.png,0,tbf_imgs::FieldPos076,,dataset,val,FieldPos076,tbf_imgs::FieldPos076
tbf_imgs,D:\Dineth\focus_binary_benchmark\dataset\tbf_imgs\unfocused\FieldPos076\FieldPos076_page_14.png,0,tbf_imgs::FieldPos076,,dataset,val,FieldPos076,tbf_imgs::FieldPos076
tbf_imgs,D:\Dineth\focus_binary_benchmark\dataset\tbf_imgs\unfocused\FieldPos076\FieldPos076_page_2.png,0,tbf_imgs::FieldPos076,,dataset,val,FieldPos076,tbf_imgs::FieldPos076
tbf_imgs,D:\Dineth\focus_binary_benchmark\dataset\tbf_imgs\unfocused\FieldPos076\FieldPos076_page_3.png,0,tbf_imgs::FieldPos076,,dataset,val,FieldPos076,tbf_imgs::FieldPos076
tbf_imgs,D:\Dineth\focus_binary_benchmark\dataset\tbf_imgs\unfocused\FieldPos076\FieldPos076_page_7.png,0,tbf_imgs::FieldPos076,,dataset,val,FieldPos076,tbf_imgs::FieldPos076
tbf_imgs,D:\Dineth\focus_binary_benchmark\dataset\tbf_imgs\unfocused\FieldPos076\FieldPos076_page_8.png,0,tbf_imgs::FieldPos076,,dataset,val,FieldPos076,tbf_imgs::FieldPos076
tbf_imgs,D:\Dineth\focus_binary_benchmark\dataset\tbf_imgs\unfocused\FieldPos076\FieldPos076_page_9.png,0,tbf_imgs::FieldPos076,,dataset,val,FieldPos076,tbf_imgs::FieldPos076
tbf_imgs,D:\Dineth\focus_binary_benchmark\dataset\tbf_imgs\unfocused\FieldPos077\FieldPos077_page_1.png,0,tbf_imgs::FieldPos077,,dataset,train,FieldPos077,tbf_imgs::FieldPos077
tbf_imgs,D:\Dineth\focus_binary_benchmark\dataset\tbf_imgs\unfocused\FieldPos077\FieldPos077_page_10.png,0,tbf_imgs::FieldPos077,,dataset,train,FieldPos077,tbf_imgs::FieldPos077
tbf_imgs,D:\Dineth\focus_binary_benchmark\dataset\tbf_imgs\unfocused\FieldPos077\FieldPos077_page_11.png,0,tbf_imgs::FieldPos077,,dataset,train,FieldPos077,tbf_imgs::FieldPos077
tbf_imgs,D:\Dineth\focus_binary_benchmark\dataset\tbf_imgs\unfocused\FieldPos077\FieldPos077_page_12.png,0,tbf_imgs::FieldPos077,,dataset,train,FieldPos077,tbf_imgs::FieldPos077
tbf_imgs,D:\Dineth\focus_binary_benchmark\dataset\tbf_imgs\unfocused\FieldPos077\FieldPos077_page_13.png,0,tbf_imgs::FieldPos077,,dataset,train,FieldPos077,tbf_imgs::FieldPos077
tbf_imgs,D:\Dineth\focus_binary_benchmark\dataset\tbf_imgs\unfocused\FieldPos077\FieldPos077_page_14.png,0,tbf_imgs::FieldPos077,,dataset,train,FieldPos077,tbf_imgs::FieldPos077
tbf_imgs,D:\Dineth\focus_binary_benchmark\dataset\tbf_imgs\unfocused\FieldPos077\FieldPos077_page_2.png,0,tbf_imgs::FieldPos077,,dataset,train,FieldPos077,tbf_imgs::FieldPos077
tbf_imgs,D:\Dineth\focus_binary_benchmark\dataset\tbf_imgs\unfocused\FieldPos077\FieldPos077_page_3.png,0,tbf_imgs::FieldPos077,,dataset,train,FieldPos077,tbf_imgs::FieldPos077
tbf_imgs,D:\Dineth\focus_binary_benchmark\dataset\tbf_imgs\unfocused\FieldPos077\FieldPos077_page_7.png,0,tbf_imgs::FieldPos077,,dataset,train,FieldPos077,tbf_imgs::FieldPos077
tbf_imgs,D:\Dineth\focus_binary_benchmark\dataset\tbf_imgs\unfocused\FieldPos077\FieldPos077_page_8.png,0,tbf_imgs::FieldPos077,,dataset,train,FieldPos077,tbf_imgs::FieldPos077
tbf_imgs,D:\Dineth\focus_binary_benchmark\dataset\tbf_imgs\unfocused\FieldPos077\FieldPos077_page_9.png,0,tbf_imgs::FieldPos077,,dataset,train,FieldPos077,tbf_imgs::FieldPos077
tbf_imgs,D:\Dineth\focus_binary_benchmark\dataset\tbf_imgs\unfocused\FieldPos078\FieldPos078_page_1.png,0,tbf_imgs::FieldPos078,,dataset,train,FieldPos078,tbf_imgs::FieldPos078
tbf_imgs,D:\Dineth\focus_binary_benchmark\dataset\tbf_imgs\unfocused\FieldPos078\FieldPos078_page_10.png,0,tbf_imgs::FieldPos078,,dataset,train,FieldPos078,tbf_imgs::FieldPos078
tbf_imgs,D:\Dineth\focus_binary_benchmark\dataset\tbf_imgs\unfocused\FieldPos078\FieldPos078_page_11.png,0,tbf_imgs::FieldPos078,,dataset,train,FieldPos078,tbf_imgs::FieldPos078
tbf_imgs,D:\Dineth\focus_binary_benchmark\dataset\tbf_imgs\unfocused\FieldPos078\FieldPos078_page_12.png,0,tbf_imgs::FieldPos078,,dataset,train,FieldPos078,tbf_imgs::FieldPos078
tbf_imgs,D:\Dineth\focus_binary_benchmark\dataset\tbf_imgs\unfocused\FieldPos078\FieldPos078_page_13.png,0,tbf_imgs::FieldPos078,,dataset,train,FieldPos078,tbf_imgs::FieldPos078
tbf_imgs,D:\Dineth\focus_binary_benchmark\dataset\tbf_imgs\unfocused\FieldPos078\FieldPos078_page_14.png,0,tbf_imgs::FieldPos078,,dataset,train,FieldPos078,tbf_imgs::FieldPos078
tbf_imgs,D:\Dineth\focus_binary_benchmark\dataset\tbf_imgs\unfocused\FieldPos078\FieldPos078_page_2.png,0,tbf_imgs::FieldPos078,,dataset,train,FieldPos078,tbf_imgs::FieldPos078
tbf_imgs,D:\Dineth\focus_binary_benchmark\dataset\tbf_imgs\unfocused\FieldPos078\FieldPos078_page_3.png,0,tbf_imgs::FieldPos078,,dataset,train,FieldPos078,tbf_imgs::FieldPos078
tbf_imgs,D:\Dineth\focus_binary_benchmark\dataset\tbf_imgs\unfocused\FieldPos078\FieldPos078_page_4.png,0,tbf_imgs::FieldPos078,,dataset,train,FieldPos078,tbf_imgs::FieldPos078
tbf_imgs,D:\Dineth\focus_binary_benchmark\dataset\tbf_imgs\unfocused\FieldPos078\FieldPos078_page_8.png,0,tbf_imgs::FieldPos078,,dataset,train,FieldPos078,tbf_imgs::FieldPos078
tbf_imgs,D:\Dineth\focus_binary_benchmark\dataset\tbf_imgs\unfocused\FieldPos078\FieldPos078_page_9.png,0,tbf_imgs::FieldPos078,,dataset,train,FieldPos078,tbf_imgs::FieldPos078
tbf_imgs,D:\Dineth\focus_binary_benchmark\dataset\tbf_imgs\unfocused\FieldPos079\FieldPos079_page_1.png,0,tbf_imgs::FieldPos079,,dataset,train,FieldPos079,tbf_imgs::FieldPos079
tbf_imgs,D:\Dineth\focus_binary_benchmark\dataset\tbf_imgs\unfocused\FieldPos079\FieldPos079_page_10.png,0,tbf_imgs::FieldPos079,,dataset,train,FieldPos079,tbf_imgs::FieldPos079
tbf_imgs,D:\Dineth\focus_binary_benchmark\dataset\tbf_imgs\unfocused\FieldPos079\FieldPos079_page_11.png,0,tbf_imgs::FieldPos079,,dataset,train,FieldPos079,tbf_imgs::FieldPos079
tbf_imgs,D:\Dineth\focus_binary_benchmark\dataset\tbf_imgs\unfocused\FieldPos079\FieldPos079_page_12.png,0,tbf_imgs::FieldPos079,,dataset,train,FieldPos079,tbf_imgs::FieldPos079
tbf_imgs,D:\Dineth\focus_binary_benchmark\dataset\tbf_imgs\unfocused\FieldPos079\FieldPos079_page_13.png,0,tbf_imgs::FieldPos079,,dataset,train,FieldPos079,tbf_imgs::FieldPos079
tbf_imgs,D:\Dineth\focus_binary_benchmark\dataset\tbf_imgs\unfocused\FieldPos079\FieldPos079_page_14.png,0,tbf_imgs::FieldPos079,,dataset,train,FieldPos079,tbf_imgs::FieldPos079
tbf_imgs,D:\Dineth\focus_binary_benchmark\dataset\tbf_imgs\unfocused\FieldPos079\FieldPos079_page_2.png,0,tbf_imgs::FieldPos079,,dataset,train,FieldPos079,tbf_imgs::FieldPos079
tbf_imgs,D:\Dineth\focus_binary_benchmark\dataset\tbf_imgs\unfocused\FieldPos079\FieldPos079_page_3.png,0,tbf_imgs::FieldPos079,,dataset,train,FieldPos079,tbf_imgs::FieldPos079
tbf_imgs,D:\Dineth\focus_binary_benchmark\dataset\tbf_imgs\unfocused\FieldPos079\FieldPos079_page_4.png,0,tbf_imgs::FieldPos079,,dataset,train,FieldPos079,tbf_imgs::FieldPos079
tbf_imgs,D:\Dineth\focus_binary_benchmark\dataset\tbf_imgs\unfocused\FieldPos079\FieldPos079_page_8.png,0,tbf_imgs::FieldPos079,,dataset,train,FieldPos079,tbf_imgs::FieldPos079
tbf_imgs,D:\Dineth\focus_binary_benchmark\dataset\tbf_imgs\unfocused\FieldPos079\FieldPos079_page_9.png,0,tbf_imgs::FieldPos079,,dataset,train,FieldPos079,tbf_imgs::FieldPos079
tbf_imgs,D:\Dineth\focus_binary_benchmark\dataset\tbf_imgs\unfocused\FieldPos080\FieldPos080_page_1.png,0,tbf_imgs::FieldPos080,,dataset,train,FieldPos080,tbf_imgs::FieldPos080
tbf_imgs,D:\Dineth\focus_binary_benchmark\dataset\tbf_imgs\unfocused\FieldPos080\FieldPos080_page_10.png,0,tbf_imgs::FieldPos080,,dataset,train,FieldPos080,tbf_imgs::FieldPos080
tbf_imgs,D:\Dineth\focus_binary_benchmark\dataset\tbf_imgs\unfocused\FieldPos080\FieldPos080_page_11.png,0,tbf_imgs::FieldPos080,,dataset,train,FieldPos080,tbf_imgs::FieldPos080
tbf_imgs,D:\Dineth\focus_binary_benchmark\dataset\tbf_imgs\unfocused\FieldPos080\FieldPos080_page_12.png,0,tbf_imgs::FieldPos080,,dataset,train,FieldPos080,tbf_imgs::FieldPos080
tbf_imgs,D:\Dineth\focus_binary_benchmark\dataset\tbf_imgs\unfocused\FieldPos080\FieldPos080_page_13.png,0,tbf_imgs::FieldPos080,,dataset,train,FieldPos080,tbf_imgs::FieldPos080
tbf_imgs,D:\Dineth\focus_binary_benchmark\dataset\tbf_imgs\unfocused\FieldPos080\FieldPos080_page_14.png,0,tbf_imgs::FieldPos080,,dataset,train,FieldPos080,tbf_imgs::FieldPos080
tbf_imgs,D:\Dineth\focus_binary_benchmark\dataset\tbf_imgs\unfocused\FieldPos080\FieldPos080_page_2.png,0,tbf_imgs::FieldPos080,,dataset,train,FieldPos080,tbf_imgs::FieldPos080
tbf_imgs,D:\Dineth\focus_binary_benchmark\dataset\tbf_imgs\unfocused\FieldPos080\FieldPos080_page_3.png,0,tbf_imgs::FieldPos080,,dataset,train,FieldPos080,tbf_imgs::FieldPos080
tbf_imgs,D:\Dineth\focus_binary_benchmark\dataset\tbf_imgs\unfocused\FieldPos080\FieldPos080_page_4.png,0,tbf_imgs::FieldPos080,,dataset,train,FieldPos080,tbf_imgs::FieldPos080
tbf_imgs,D:\Dineth\focus_binary_benchmark\dataset\tbf_imgs\unfocused\FieldPos080\FieldPos080_page_8.png,0,tbf_imgs::FieldPos080,,dataset,train,FieldPos080,tbf_imgs::FieldPos080
tbf_imgs,D:\Dineth\focus_binary_benchmark\dataset\tbf_imgs\unfocused\FieldPos080\FieldPos080_page_9.png,0,tbf_imgs::FieldPos080,,dataset,train,FieldPos080,tbf_imgs::FieldPos080
tbf_imgs,D:\Dineth\focus_binary_benchmark\dataset\tbf_imgs\unfocused\FieldPos081\FieldPos081_page_1.png,0,tbf_imgs::FieldPos081,,dataset,train,FieldPos081,tbf_imgs::FieldPos081
tbf_imgs,D:\Dineth\focus_binary_benchmark\dataset\tbf_imgs\unfocused\FieldPos081\FieldPos081_page_10.png,0,tbf_imgs::FieldPos081,,dataset,train,FieldPos081,tbf_imgs::FieldPos081
tbf_imgs,D:\Dineth\focus_binary_benchmark\dataset\tbf_imgs\unfocused\FieldPos081\FieldPos081_page_11.png,0,tbf_imgs::FieldPos081,,dataset,train,FieldPos081,tbf_imgs::FieldPos081
tbf_imgs,D:\Dineth\focus_binary_benchmark\dataset\tbf_imgs\unfocused\FieldPos081\FieldPos081_page_12.png,0,tbf_imgs::FieldPos081,,dataset,train,FieldPos081,tbf_imgs::FieldPos081
tbf_imgs,D:\Dineth\focus_binary_benchmark\dataset\tbf_imgs\unfocused\FieldPos081\FieldPos081_page_13.png,0,tbf_imgs::FieldPos081,,dataset,train,FieldPos081,tbf_imgs::FieldPos081
tbf_imgs,D:\Dineth\focus_binary_benchmark\dataset\tbf_imgs\unfocused\FieldPos081\FieldPos081_page_14.png,0,tbf_imgs::FieldPos081,,dataset,train,FieldPos081,tbf_imgs::FieldPos081
tbf_imgs,D:\Dineth\focus_binary_benchmark\dataset\tbf_imgs\unfocused\FieldPos081\FieldPos081_page_2.png,0,tbf_imgs::FieldPos081,,dataset,train,FieldPos081,tbf_imgs::FieldPos081
tbf_imgs,D:\Dineth\focus_binary_benchmark\dataset\tbf_imgs\unfocused\FieldPos081\FieldPos081_page_3.png,0,tbf_imgs::FieldPos081,,dataset,train,FieldPos081,tbf_imgs::FieldPos081
tbf_imgs,D:\Dineth\focus_binary_benchmark\dataset\tbf_imgs\unfocused\FieldPos081\FieldPos081_page_7.png,0,tbf_imgs::FieldPos081,,dataset,train,FieldPos081,tbf_imgs::FieldPos081
tbf_imgs,D:\Dineth\focus_binary_benchmark\dataset\tbf_imgs\unfocused\FieldPos081\FieldPos081_page_8.png,0,tbf_imgs::FieldPos081,,dataset,train,FieldPos081,tbf_imgs::FieldPos081
tbf_imgs,D:\Dineth\focus_binary_benchmark\dataset\tbf_imgs\unfocused\FieldPos081\FieldPos081_page_9.png,0,tbf_imgs::FieldPos081,,dataset,train,FieldPos081,tbf_imgs::FieldPos081
tbf_imgs,D:\Dineth\focus_binary_benchmark\dataset\tbf_imgs\unfocused\FieldPos082\FieldPos082_page_1.png,0,tbf_imgs::FieldPos082,,dataset,test,FieldPos082,tbf_imgs::FieldPos082
tbf_imgs,D:\Dineth\focus_binary_benchmark\dataset\tbf_imgs\unfocused\FieldPos082\FieldPos082_page_10.png,0,tbf_imgs::FieldPos082,,dataset,test,FieldPos082,tbf_imgs::FieldPos082
tbf_imgs,D:\Dineth\focus_binary_benchmark\dataset\tbf_imgs\unfocused\FieldPos082\FieldPos082_page_11.png,0,tbf_imgs::FieldPos082,,dataset,test,FieldPos082,tbf_imgs::FieldPos082
tbf_imgs,D:\Dineth\focus_binary_benchmark\dataset\tbf_imgs\unfocused\FieldPos082\FieldPos082_page_12.png,0,tbf_imgs::FieldPos082,,dataset,test,FieldPos082,tbf_imgs::FieldPos082
tbf_imgs,D:\Dineth\focus_binary_benchmark\dataset\tbf_imgs\unfocused\FieldPos082\FieldPos082_page_13.png,0,tbf_imgs::FieldPos082,,dataset,test,FieldPos082,tbf_imgs::FieldPos082
tbf_imgs,D:\Dineth\focus_binary_benchmark\dataset\tbf_imgs\unfocused\FieldPos082\FieldPos082_page_14.png,0,tbf_imgs::FieldPos082,,dataset,test,FieldPos082,tbf_imgs::FieldPos082
tbf_imgs,D:\Dineth\focus_binary_benchmark\dataset\tbf_imgs\unfocused\FieldPos082\FieldPos082_page_2.png,0,tbf_imgs::FieldPos082,,dataset,test,FieldPos082,tbf_imgs::FieldPos082
tbf_imgs,D:\Dineth\focus_binary_benchmark\dataset\tbf_imgs\unfocused\FieldPos082\FieldPos082_page_3.png,0,tbf_imgs::FieldPos082,,dataset,test,FieldPos082,tbf_imgs::FieldPos082
tbf_imgs,D:\Dineth\focus_binary_benchmark\dataset\tbf_imgs\unfocused\FieldPos082\FieldPos082_page_4.png,0,tbf_imgs::FieldPos082,,dataset,test,FieldPos082,tbf_imgs::FieldPos082
tbf_imgs,D:\Dineth\focus_binary_benchmark\dataset\tbf_imgs\unfocused\FieldPos082\FieldPos082_page_8.png,0,tbf_imgs::FieldPos082,,dataset,test,FieldPos082,tbf_imgs::FieldPos082
tbf_imgs,D:\Dineth\focus_binary_benchmark\dataset\tbf_imgs\unfocused\FieldPos082\FieldPos082_page_9.png,0,tbf_imgs::FieldPos082,,dataset,test,FieldPos082,tbf_imgs::FieldPos082
tbf_imgs,D:\Dineth\focus_binary_benchmark\dataset\tbf_imgs\unfocused\FieldPos083\FieldPos083_page_1.png,0,tbf_imgs::FieldPos083,,dataset,val,FieldPos083,tbf_imgs::FieldPos083
tbf_imgs,D:\Dineth\focus_binary_benchmark\dataset\tbf_imgs\unfocused\FieldPos083\FieldPos083_page_10.png,0,tbf_imgs::FieldPos083,,dataset,val,FieldPos083,tbf_imgs::FieldPos083
tbf_imgs,D:\Dineth\focus_binary_benchmark\dataset\tbf_imgs\unfocused\FieldPos083\FieldPos083_page_11.png,0,tbf_imgs::FieldPos083,,dataset,val,FieldPos083,tbf_imgs::FieldPos083
tbf_imgs,D:\Dineth\focus_binary_benchmark\dataset\tbf_imgs\unfocused\FieldPos083\FieldPos083_page_12.png,0,tbf_imgs::FieldPos083,,dataset,val,FieldPos083,tbf_imgs::FieldPos083
tbf_imgs,D:\Dineth\focus_binary_benchmark\dataset\tbf_imgs\unfocused\FieldPos083\FieldPos083_page_13.png,0,tbf_imgs::FieldPos083,,dataset,val,FieldPos083,tbf_imgs::FieldPos083
tbf_imgs,D:\Dineth\focus_binary_benchmark\dataset\tbf_imgs\unfocused\FieldPos083\FieldPos083_page_14.png,0,tbf_imgs::FieldPos083,,dataset,val,FieldPos083,tbf_imgs::FieldPos083
tbf_imgs,D:\Dineth\focus_binary_benchmark\dataset\tbf_imgs\unfocused\FieldPos083\FieldPos083_page_2.png,0,tbf_imgs::FieldPos083,,dataset,val,FieldPos083,tbf_imgs::FieldPos083
tbf_imgs,D:\Dineth\focus_binary_benchmark\dataset\tbf_imgs\unfocused\FieldPos083\FieldPos083_page_3.png,0,tbf_imgs::FieldPos083,,dataset,val,FieldPos083,tbf_imgs::FieldPos083
tbf_imgs,D:\Dineth\focus_binary_benchmark\dataset\tbf_imgs\unfocused\FieldPos083\FieldPos083_page_7.png,0,tbf_imgs::FieldPos083,,dataset,val,FieldPos083,tbf_imgs::FieldPos083
tbf_imgs,D:\Dineth\focus_binary_benchmark\dataset\tbf_imgs\unfocused\FieldPos083\FieldPos083_page_8.png,0,tbf_imgs::FieldPos083,,dataset,val,FieldPos083,tbf_imgs::FieldPos083
tbf_imgs,D:\Dineth\focus_binary_benchmark\dataset\tbf_imgs\unfocused\FieldPos083\FieldPos083_page_9.png,0,tbf_imgs::FieldPos083,,dataset,val,FieldPos083,tbf_imgs::FieldPos083
tbf_imgs,D:\Dineth\focus_binary_benchmark\dataset\tbf_imgs\unfocused\FieldPos084\FieldPos084_page_1.png,0,tbf_imgs::FieldPos084,,dataset,val,FieldPos084,tbf_imgs::FieldPos084
tbf_imgs,D:\Dineth\focus_binary_benchmark\dataset\tbf_imgs\unfocused\FieldPos084\FieldPos084_page_10.png,0,tbf_imgs::FieldPos084,,dataset,val,FieldPos084,tbf_imgs::FieldPos084
tbf_imgs,D:\Dineth\focus_binary_benchmark\dataset\tbf_imgs\unfocused\FieldPos084\FieldPos084_page_11.png,0,tbf_imgs::FieldPos084,,dataset,val,FieldPos084,tbf_imgs::FieldPos084
tbf_imgs,D:\Dineth\focus_binary_benchmark\dataset\tbf_imgs\unfocused\FieldPos084\FieldPos084_page_12.png,0,tbf_imgs::FieldPos084,,dataset,val,FieldPos084,tbf_imgs::FieldPos084
tbf_imgs,D:\Dineth\focus_binary_benchmark\dataset\tbf_imgs\unfocused\FieldPos084\FieldPos084_page_13.png,0,tbf_imgs::FieldPos084,,dataset,val,FieldPos084,tbf_imgs::FieldPos084
tbf_imgs,D:\Dineth\focus_binary_benchmark\dataset\tbf_imgs\unfocused\FieldPos084\FieldPos084_page_14.png,0,tbf_imgs::FieldPos084,,dataset,val,FieldPos084,tbf_imgs::FieldPos084
tbf_imgs,D:\Dineth\focus_binary_benchmark\dataset\tbf_imgs\unfocused\FieldPos084\FieldPos084_page_2.png,0,tbf_imgs::FieldPos084,,dataset,val,FieldPos084,tbf_imgs::FieldPos084
tbf_imgs,D:\Dineth\focus_binary_benchmark\dataset\tbf_imgs\unfocused\FieldPos084\FieldPos084_page_3.png,0,tbf_imgs::FieldPos084,,dataset,val,FieldPos084,tbf_imgs::FieldPos084
tbf_imgs,D:\Dineth\focus_binary_benchmark\dataset\tbf_imgs\unfocused\FieldPos084\FieldPos084_page_4.png,0,tbf_imgs::FieldPos084,,dataset,val,FieldPos084,tbf_imgs::FieldPos084
tbf_imgs,D:\Dineth\focus_binary_benchmark\dataset\tbf_imgs\unfocused\FieldPos084\FieldPos084_page_8.png,0,tbf_imgs::FieldPos084,,dataset,val,FieldPos084,tbf_imgs::FieldPos084
tbf_imgs,D:\Dineth\focus_binary_benchmark\dataset\tbf_imgs\unfocused\FieldPos084\FieldPos084_page_9.png,0,tbf_imgs::FieldPos084,,dataset,val,FieldPos084,tbf_imgs::FieldPos084
tbf_imgs,D:\Dineth\focus_binary_benchmark\dataset\tbf_imgs\unfocused\FieldPos085\FieldPos085_page_1.png,0,tbf_imgs::FieldPos085,,dataset,val,FieldPos085,tbf_imgs::FieldPos085
tbf_imgs,D:\Dineth\focus_binary_benchmark\dataset\tbf_imgs\unfocused\FieldPos085\FieldPos085_page_10.png,0,tbf_imgs::FieldPos085,,dataset,val,FieldPos085,tbf_imgs::FieldPos085
tbf_imgs,D:\Dineth\focus_binary_benchmark\dataset\tbf_imgs\unfocused\FieldPos085\FieldPos085_page_11.png,0,tbf_imgs::FieldPos085,,dataset,val,FieldPos085,tbf_imgs::FieldPos085
tbf_imgs,D:\Dineth\focus_binary_benchmark\dataset\tbf_imgs\unfocused\FieldPos085\FieldPos085_page_12.png,0,tbf_imgs::FieldPos085,,dataset,val,FieldPos085,tbf_imgs::FieldPos085
tbf_imgs,D:\Dineth\focus_binary_benchmark\dataset\tbf_imgs\unfocused\FieldPos085\FieldPos085_page_13.png,0,tbf_imgs::FieldPos085,,dataset,val,FieldPos085,tbf_imgs::FieldPos085
tbf_imgs,D:\Dineth\focus_binary_benchmark\dataset\tbf_imgs\unfocused\FieldPos085\FieldPos085_page_14.png,0,tbf_imgs::FieldPos085,,dataset,val,FieldPos085,tbf_imgs::FieldPos085
tbf_imgs,D:\Dineth\focus_binary_benchmark\dataset\tbf_imgs\unfocused\FieldPos085\FieldPos085_page_2.png,0,tbf_imgs::FieldPos085,,dataset,val,FieldPos085,tbf_imgs::FieldPos085
tbf_imgs,D:\Dineth\focus_binary_benchmark\dataset\tbf_imgs\unfocused\FieldPos085\FieldPos085_page_3.png,0,tbf_imgs::FieldPos085,,dataset,val,FieldPos085,tbf_imgs::FieldPos085
tbf_imgs,D:\Dineth\focus_binary_benchmark\dataset\tbf_imgs\unfocused\FieldPos085\FieldPos085_page_4.png,0,tbf_imgs::FieldPos085,,dataset,val,FieldPos085,tbf_imgs::FieldPos085
tbf_imgs,D:\Dineth\focus_binary_benchmark\dataset\tbf_imgs\unfocused\FieldPos085\FieldPos085_page_5.png,0,tbf_imgs::FieldPos085,,dataset,val,FieldPos085,tbf_imgs::FieldPos085
tbf_imgs,D:\Dineth\focus_binary_benchmark\dataset\tbf_imgs\unfocused\FieldPos085\FieldPos085_page_9.png,0,tbf_imgs::FieldPos085,,dataset,val,FieldPos085,tbf_imgs::FieldPos085
tbf_imgs,D:\Dineth\focus_binary_benchmark\dataset\tbf_imgs\unfocused\FieldPos086\FieldPos086_page_1.png,0,tbf_imgs::FieldPos086,,dataset,train,FieldPos086,tbf_imgs::FieldPos086
tbf_imgs,D:\Dineth\focus_binary_benchmark\dataset\tbf_imgs\unfocused\FieldPos086\FieldPos086_page_10.png,0,tbf_imgs::FieldPos086,,dataset,train,FieldPos086,tbf_imgs::FieldPos086
tbf_imgs,D:\Dineth\focus_binary_benchmark\dataset\tbf_imgs\unfocused\FieldPos086\FieldPos086_page_11.png,0,tbf_imgs::FieldPos086,,dataset,train,FieldPos086,tbf_imgs::FieldPos086
tbf_imgs,D:\Dineth\focus_binary_benchmark\dataset\tbf_imgs\unfocused\FieldPos086\FieldPos086_page_12.png,0,tbf_imgs::FieldPos086,,dataset,train,FieldPos086,tbf_imgs::FieldPos086
tbf_imgs,D:\Dineth\focus_binary_benchmark\dataset\tbf_imgs\unfocused\FieldPos086\FieldPos086_page_13.png,0,tbf_imgs::FieldPos086,,dataset,train,FieldPos086,tbf_imgs::FieldPos086
tbf_imgs,D:\Dineth\focus_binary_benchmark\dataset\tbf_imgs\unfocused\FieldPos086\FieldPos086_page_14.png,0,tbf_imgs::FieldPos086,,dataset,train,FieldPos086,tbf_imgs::FieldPos086
tbf_imgs,D:\Dineth\focus_binary_benchmark\dataset\tbf_imgs\unfocused\FieldPos086\FieldPos086_page_2.png,0,tbf_imgs::FieldPos086,,dataset,train,FieldPos086,tbf_imgs::FieldPos086
tbf_imgs,D:\Dineth\focus_binary_benchmark\dataset\tbf_imgs\unfocused\FieldPos086\FieldPos086_page_3.png,0,tbf_imgs::FieldPos086,,dataset,train,FieldPos086,tbf_imgs::FieldPos086
tbf_imgs,D:\Dineth\focus_binary_benchmark\dataset\tbf_imgs\unfocused\FieldPos086\FieldPos086_page_4.png,0,tbf_imgs::FieldPos086,,dataset,train,FieldPos086,tbf_imgs::FieldPos086
tbf_imgs,D:\Dineth\focus_binary_benchmark\dataset\tbf_imgs\unfocused\FieldPos086\FieldPos086_page_5.png,0,tbf_imgs::FieldPos086,,dataset,train,FieldPos086,tbf_imgs::FieldPos086
tbf_imgs,D:\Dineth\focus_binary_benchmark\dataset\tbf_imgs\unfocused\FieldPos086\FieldPos086_page_9.png,0,tbf_imgs::FieldPos086,,dataset,train,FieldPos086,tbf_imgs::FieldPos086
tbf_imgs,D:\Dineth\focus_binary_benchmark\dataset\tbf_imgs\unfocused\FieldPos086 (2)\FieldPos086 (2)_page_1.png,0,tbf_imgs::FieldPos086,,dataset,train,FieldPos086 (2),tbf_imgs::FieldPos086
tbf_imgs,D:\Dineth\focus_binary_benchmark\dataset\tbf_imgs\unfocused\FieldPos086 (2)\FieldPos086 (2)_page_10.png,0,tbf_imgs::FieldPos086,,dataset,train,FieldPos086 (2),tbf_imgs::FieldPos086
tbf_imgs,D:\Dineth\focus_binary_benchmark\dataset\tbf_imgs\unfocused\FieldPos086 (2)\FieldPos086 (2)_page_11.png,0,tbf_imgs::FieldPos086,,dataset,train,FieldPos086 (2),tbf_imgs::FieldPos086
tbf_imgs,D:\Dineth\focus_binary_benchmark\dataset\tbf_imgs\unfocused\FieldPos086 (2)\FieldPos086 (2)_page_12.png,0,tbf_imgs::FieldPos086,,dataset,train,FieldPos086 (2),tbf_imgs::FieldPos086
tbf_imgs,D:\Dineth\focus_binary_benchmark\dataset\tbf_imgs\unfocused\FieldPos086 (2)\FieldPos086 (2)_page_13.png,0,tbf_imgs::FieldPos086,,dataset,train,FieldPos086 (2),tbf_imgs::FieldPos086
tbf_imgs,D:\Dineth\focus_binary_benchmark\dataset\tbf_imgs\unfocused\FieldPos086 (2)\FieldPos086 (2)_page_14.png,0,tbf_imgs::FieldPos086,,dataset,train,FieldPos086 (2),tbf_imgs::FieldPos086
tbf_imgs,D:\Dineth\focus_binary_benchmark\dataset\tbf_imgs\unfocused\FieldPos086 (2)\FieldPos086 (2)_page_2.png,0,tbf_imgs::FieldPos086,,dataset,train,FieldPos086 (2),tbf_imgs::FieldPos086
tbf_imgs,D:\Dineth\focus_binary_benchmark\dataset\tbf_imgs\unfocused\FieldPos086 (2)\FieldPos086 (2)_page_3.png,0,tbf_imgs::FieldPos086,,dataset,train,FieldPos086 (2),tbf_imgs::FieldPos086
tbf_imgs,D:\Dineth\focus_binary_benchmark\dataset\tbf_imgs\unfocused\FieldPos086 (2)\FieldPos086 (2)_page_4.png,0,tbf_imgs::FieldPos086,,dataset,train,FieldPos086 (2),tbf_imgs::FieldPos086
tbf_imgs,D:\Dineth\focus_binary_benchmark\dataset\tbf_imgs\unfocused\FieldPos086 (2)\FieldPos086 (2)_page_5.png,0,tbf_imgs::FieldPos086,,dataset,train,FieldPos086 (2),tbf_imgs::FieldPos086
tbf_imgs,D:\Dineth\focus_binary_benchmark\dataset\tbf_imgs\unfocused\FieldPos086 (2)\FieldPos086 (2)_page_9.png,0,tbf_imgs::FieldPos086,,dataset,train,FieldPos086 (2),tbf_imgs::FieldPos086
tbf_imgs,D:\Dineth\focus_binary_benchmark\dataset\tbf_imgs\unfocused\FieldPos087\FieldPos087_page_1.png,0,tbf_imgs::FieldPos087,,dataset,train,FieldPos087,tbf_imgs::FieldPos087
tbf_imgs,D:\Dineth\focus_binary_benchmark\dataset\tbf_imgs\unfocused\FieldPos087\FieldPos087_page_10.png,0,tbf_imgs::FieldPos087,,dataset,train,FieldPos087,tbf_imgs::FieldPos087
tbf_imgs,D:\Dineth\focus_binary_benchmark\dataset\tbf_imgs\unfocused\FieldPos087\FieldPos087_page_11.png,0,tbf_imgs::FieldPos087,,dataset,train,FieldPos087,tbf_imgs::FieldPos087
tbf_imgs,D:\Dineth\focus_binary_benchmark\dataset\tbf_imgs\unfocused\FieldPos087\FieldPos087_page_12.png,0,tbf_imgs::FieldPos087,,dataset,train,FieldPos087,tbf_imgs::FieldPos087
tbf_imgs,D:\Dineth\focus_binary_benchmark\dataset\tbf_imgs\unfocused\FieldPos087\FieldPos087_page_13.png,0,tbf_imgs::FieldPos087,,dataset,train,FieldPos087,tbf_imgs::FieldPos087
tbf_imgs,D:\Dineth\focus_binary_benchmark\dataset\tbf_imgs\unfocused\FieldPos087\FieldPos087_page_14.png,0,tbf_imgs::FieldPos087,,dataset,train,FieldPos087,tbf_imgs::FieldPos087
tbf_imgs,D:\Dineth\focus_binary_benchmark\dataset\tbf_imgs\unfocused\FieldPos087\FieldPos087_page_2.png,0,tbf_imgs::FieldPos087,,dataset,train,FieldPos087,tbf_imgs::FieldPos087
tbf_imgs,D:\Dineth\focus_binary_benchmark\dataset\tbf_imgs\unfocused\FieldPos087\FieldPos087_page_3.png,0,tbf_imgs::FieldPos087,,dataset,train,FieldPos087,tbf_imgs::FieldPos087
tbf_imgs,D:\Dineth\focus_binary_benchmark\dataset\tbf_imgs\unfocused\FieldPos087\FieldPos087_page_4.png,0,tbf_imgs::FieldPos087,,dataset,train,FieldPos087,tbf_imgs::FieldPos087
tbf_imgs,D:\Dineth\focus_binary_benchmark\dataset\tbf_imgs\unfocused\FieldPos087\FieldPos087_page_5.png,0,tbf_imgs::FieldPos087,,dataset,train,FieldPos087,tbf_imgs::FieldPos087
tbf_imgs,D:\Dineth\focus_binary_benchmark\dataset\tbf_imgs\unfocused\FieldPos087\FieldPos087_page_9.png,0,tbf_imgs::FieldPos087,,dataset,train,FieldPos087,tbf_imgs::FieldPos087
tbf_imgs,D:\Dineth\focus_binary_benchmark\dataset\tbf_imgs\unfocused\FieldPos088\FieldPos088_page_1.png,0,tbf_imgs::FieldPos088,,dataset,train,FieldPos088,tbf_imgs::FieldPos088
tbf_imgs,D:\Dineth\focus_binary_benchmark\dataset\tbf_imgs\unfocused\FieldPos088\FieldPos088_page_10.png,0,tbf_imgs::FieldPos088,,dataset,train,FieldPos088,tbf_imgs::FieldPos088
tbf_imgs,D:\Dineth\focus_binary_benchmark\dataset\tbf_imgs\unfocused\FieldPos088\FieldPos088_page_11.png,0,tbf_imgs::FieldPos088,,dataset,train,FieldPos088,tbf_imgs::FieldPos088
tbf_imgs,D:\Dineth\focus_binary_benchmark\dataset\tbf_imgs\unfocused\FieldPos088\FieldPos088_page_12.png,0,tbf_imgs::FieldPos088,,dataset,train,FieldPos088,tbf_imgs::FieldPos088
tbf_imgs,D:\Dineth\focus_binary_benchmark\dataset\tbf_imgs\unfocused\FieldPos088\FieldPos088_page_13.png,0,tbf_imgs::FieldPos088,,dataset,train,FieldPos088,tbf_imgs::FieldPos088
tbf_imgs,D:\Dineth\focus_binary_benchmark\dataset\tbf_imgs\unfocused\FieldPos088\FieldPos088_page_14.png,0,tbf_imgs::FieldPos088,,dataset,train,FieldPos088,tbf_imgs::FieldPos088
tbf_imgs,D:\Dineth\focus_binary_benchmark\dataset\tbf_imgs\unfocused\FieldPos088\FieldPos088_page_2.png,0,tbf_imgs::FieldPos088,,dataset,train,FieldPos088,tbf_imgs::FieldPos088
tbf_imgs,D:\Dineth\focus_binary_benchmark\dataset\tbf_imgs\unfocused\FieldPos088\FieldPos088_page_3.png,0,tbf_imgs::FieldPos088,,dataset,train,FieldPos088,tbf_imgs::FieldPos088
tbf_imgs,D:\Dineth\focus_binary_benchmark\dataset\tbf_imgs\unfocused\FieldPos088\FieldPos088_page_4.png,0,tbf_imgs::FieldPos088,,dataset,train,FieldPos088,tbf_imgs::FieldPos088
tbf_imgs,D:\Dineth\focus_binary_benchmark\dataset\tbf_imgs\unfocused\FieldPos088\FieldPos088_page_5.png,0,tbf_imgs::FieldPos088,,dataset,train,FieldPos088,tbf_imgs::FieldPos088
tbf_imgs,D:\Dineth\focus_binary_benchmark\dataset\tbf_imgs\unfocused\FieldPos088\FieldPos088_page_6.png,0,tbf_imgs::FieldPos088,,dataset,train,FieldPos088,tbf_imgs::FieldPos088
tbf_imgs,D:\Dineth\focus_binary_benchmark\dataset\tbf_imgs\unfocused\FieldPos089\FieldPos089_page_1.png,0,tbf_imgs::FieldPos089,,dataset,val,FieldPos089,tbf_imgs::FieldPos089
tbf_imgs,D:\Dineth\focus_binary_benchmark\dataset\tbf_imgs\unfocused\FieldPos089\FieldPos089_page_10.png,0,tbf_imgs::FieldPos089,,dataset,val,FieldPos089,tbf_imgs::FieldPos089
tbf_imgs,D:\Dineth\focus_binary_benchmark\dataset\tbf_imgs\unfocused\FieldPos089\FieldPos089_page_11.png,0,tbf_imgs::FieldPos089,,dataset,val,FieldPos089,tbf_imgs::FieldPos089
tbf_imgs,D:\Dineth\focus_binary_benchmark\dataset\tbf_imgs\unfocused\FieldPos089\FieldPos089_page_12.png,0,tbf_imgs::FieldPos089,,dataset,val,FieldPos089,tbf_imgs::FieldPos089
tbf_imgs,D:\Dineth\focus_binary_benchmark\dataset\tbf_imgs\unfocused\FieldPos089\FieldPos089_page_13.png,0,tbf_imgs::FieldPos089,,dataset,val,FieldPos089,tbf_imgs::FieldPos089
tbf_imgs,D:\Dineth\focus_binary_benchmark\dataset\tbf_imgs\unfocused\FieldPos089\FieldPos089_page_14.png,0,tbf_imgs::FieldPos089,,dataset,val,FieldPos089,tbf_imgs::FieldPos089
tbf_imgs,D:\Dineth\focus_binary_benchmark\dataset\tbf_imgs\unfocused\FieldPos089\FieldPos089_page_2.png,0,tbf_imgs::FieldPos089,,dataset,val,FieldPos089,tbf_imgs::FieldPos089
tbf_imgs,D:\Dineth\focus_binary_benchmark\dataset\tbf_imgs\unfocused\FieldPos089\FieldPos089_page_3.png,0,tbf_imgs::FieldPos089,,dataset,val,FieldPos089,tbf_imgs::FieldPos089
tbf_imgs,D:\Dineth\focus_binary_benchmark\dataset\tbf_imgs\unfocused\FieldPos089\FieldPos089_page_4.png,0,tbf_imgs::FieldPos089,,dataset,val,FieldPos089,tbf_imgs::FieldPos089
tbf_imgs,D:\Dineth\focus_binary_benchmark\dataset\tbf_imgs\unfocused\FieldPos089\FieldPos089_page_8.png,0,tbf_imgs::FieldPos089,,dataset,val,FieldPos089,tbf_imgs::FieldPos089
tbf_imgs,D:\Dineth\focus_binary_benchmark\dataset\tbf_imgs\unfocused\FieldPos089\FieldPos089_page_9.png,0,tbf_imgs::FieldPos089,,dataset,val,FieldPos089,tbf_imgs::FieldPos089
tbf_imgs,D:\Dineth\focus_binary_benchmark\dataset\tbf_imgs\unfocused\FieldPos090\FieldPos090_page_1.png,0,tbf_imgs::FieldPos090,,dataset,train,FieldPos090,tbf_imgs::FieldPos090
tbf_imgs,D:\Dineth\focus_binary_benchmark\dataset\tbf_imgs\unfocused\FieldPos090\FieldPos090_page_10.png,0,tbf_imgs::FieldPos090,,dataset,train,FieldPos090,tbf_imgs::FieldPos090
tbf_imgs,D:\Dineth\focus_binary_benchmark\dataset\tbf_imgs\unfocused\FieldPos090\FieldPos090_page_11.png,0,tbf_imgs::FieldPos090,,dataset,train,FieldPos090,tbf_imgs::FieldPos090
tbf_imgs,D:\Dineth\focus_binary_benchmark\dataset\tbf_imgs\unfocused\FieldPos090\FieldPos090_page_12.png,0,tbf_imgs::FieldPos090,,dataset,train,FieldPos090,tbf_imgs::FieldPos090
tbf_imgs,D:\Dineth\focus_binary_benchmark\dataset\tbf_imgs\unfocused\FieldPos090\FieldPos090_page_13.png,0,tbf_imgs::FieldPos090,,dataset,train,FieldPos090,tbf_imgs::FieldPos090
tbf_imgs,D:\Dineth\focus_binary_benchmark\dataset\tbf_imgs\unfocused\FieldPos090\FieldPos090_page_14.png,0,tbf_imgs::FieldPos090,,dataset,train,FieldPos090,tbf_imgs::FieldPos090
tbf_imgs,D:\Dineth\focus_binary_benchmark\dataset\tbf_imgs\unfocused\FieldPos090\FieldPos090_page_2.png,0,tbf_imgs::FieldPos090,,dataset,train,FieldPos090,tbf_imgs::FieldPos090
tbf_imgs,D:\Dineth\focus_binary_benchmark\dataset\tbf_imgs\unfocused\FieldPos090\FieldPos090_page_3.png,0,tbf_imgs::FieldPos090,,dataset,train,FieldPos090,tbf_imgs::FieldPos090
tbf_imgs,D:\Dineth\focus_binary_benchmark\dataset\tbf_imgs\unfocused\FieldPos090\FieldPos090_page_4.png,0,tbf_imgs::FieldPos090,,dataset,train,FieldPos090,tbf_imgs::FieldPos090
tbf_imgs,D:\Dineth\focus_binary_benchmark\dataset\tbf_imgs\unfocused\FieldPos090\FieldPos090_page_8.png,0,tbf_imgs::FieldPos090,,dataset,train,FieldPos090,tbf_imgs::FieldPos090
tbf_imgs,D:\Dineth\focus_binary_benchmark\dataset\tbf_imgs\unfocused\FieldPos090\FieldPos090_page_9.png,0,tbf_imgs::FieldPos090,,dataset,train,FieldPos090,tbf_imgs::FieldPos090
tbf_imgs,D:\Dineth\focus_binary_benchmark\dataset\tbf_imgs\unfocused\FieldPos090 (2)\FieldPos090 (2)_page_1.png,0,tbf_imgs::FieldPos090,,dataset,train,FieldPos090 (2),tbf_imgs::FieldPos090
tbf_imgs,D:\Dineth\focus_binary_benchmark\dataset\tbf_imgs\unfocused\FieldPos090 (2)\FieldPos090 (2)_page_10.png,0,tbf_imgs::FieldPos090,,dataset,train,FieldPos090 (2),tbf_imgs::FieldPos090
tbf_imgs,D:\Dineth\focus_binary_benchmark\dataset\tbf_imgs\unfocused\FieldPos090 (2)\FieldPos090 (2)_page_11.png,0,tbf_imgs::FieldPos090,,dataset,train,FieldPos090 (2),tbf_imgs::FieldPos090
tbf_imgs,D:\Dineth\focus_binary_benchmark\dataset\tbf_imgs\unfocused\FieldPos090 (2)\FieldPos090 (2)_page_12.png,0,tbf_imgs::FieldPos090,,dataset,train,FieldPos090 (2),tbf_imgs::FieldPos090
tbf_imgs,D:\Dineth\focus_binary_benchmark\dataset\tbf_imgs\unfocused\FieldPos090 (2)\FieldPos090 (2)_page_13.png,0,tbf_imgs::FieldPos090,,dataset,train,FieldPos090 (2),tbf_imgs::FieldPos090
tbf_imgs,D:\Dineth\focus_binary_benchmark\dataset\tbf_imgs\unfocused\FieldPos090 (2)\FieldPos090 (2)_page_14.png,0,tbf_imgs::FieldPos090,,dataset,train,FieldPos090 (2),tbf_imgs::FieldPos090
tbf_imgs,D:\Dineth\focus_binary_benchmark\dataset\tbf_imgs\unfocused\FieldPos090 (2)\FieldPos090 (2)_page_2.png,0,tbf_imgs::FieldPos090,,dataset,train,FieldPos090 (2),tbf_imgs::FieldPos090
tbf_imgs,D:\Dineth\focus_binary_benchmark\dataset\tbf_imgs\unfocused\FieldPos090 (2)\FieldPos090 (2)_page_3.png,0,tbf_imgs::FieldPos090,,dataset,train,FieldPos090 (2),tbf_imgs::FieldPos090
tbf_imgs,D:\Dineth\focus_binary_benchmark\dataset\tbf_imgs\unfocused\FieldPos090 (2)\FieldPos090 (2)_page_4.png,0,tbf_imgs::FieldPos090,,dataset,train,FieldPos090 (2),tbf_imgs::FieldPos090
tbf_imgs,D:\Dineth\focus_binary_benchmark\dataset\tbf_imgs\unfocused\FieldPos090 (2)\FieldPos090 (2)_page_8.png,0,tbf_imgs::FieldPos090,,dataset,train,FieldPos090 (2),tbf_imgs::FieldPos090
tbf_imgs,D:\Dineth\focus_binary_benchmark\dataset\tbf_imgs\unfocused\FieldPos090 (2)\FieldPos090 (2)_page_9.png,0,tbf_imgs::FieldPos090,,dataset,train,FieldPos090 (2),tbf_imgs::FieldPos090
tbf_imgs,D:\Dineth\focus_binary_benchmark\dataset\tbf_imgs\unfocused\FieldPos091\FieldPos091_page_1.png,0,tbf_imgs::FieldPos091,,dataset,train,FieldPos091,tbf_imgs::FieldPos091
tbf_imgs,D:\Dineth\focus_binary_benchmark\dataset\tbf_imgs\unfocused\FieldPos091\FieldPos091_page_10.png,0,tbf_imgs::FieldPos091,,dataset,train,FieldPos091,tbf_imgs::FieldPos091
tbf_imgs,D:\Dineth\focus_binary_benchmark\dataset\tbf_imgs\unfocused\FieldPos091\FieldPos091_page_11.png,0,tbf_imgs::FieldPos091,,dataset,train,FieldPos091,tbf_imgs::FieldPos091
tbf_imgs,D:\Dineth\focus_binary_benchmark\dataset\tbf_imgs\unfocused\FieldPos091\FieldPos091_page_12.png,0,tbf_imgs::FieldPos091,,dataset,train,FieldPos091,tbf_imgs::FieldPos091
tbf_imgs,D:\Dineth\focus_binary_benchmark\dataset\tbf_imgs\unfocused\FieldPos091\FieldPos091_page_13.png,0,tbf_imgs::FieldPos091,,dataset,train,FieldPos091,tbf_imgs::FieldPos091
tbf_imgs,D:\Dineth\focus_binary_benchmark\dataset\tbf_imgs\unfocused\FieldPos091\FieldPos091_page_14.png,0,tbf_imgs::FieldPos091,,dataset,train,FieldPos091,tbf_imgs::FieldPos091
tbf_imgs,D:\Dineth\focus_binary_benchmark\dataset\tbf_imgs\unfocused\FieldPos091\FieldPos091_page_2.png,0,tbf_imgs::FieldPos091,,dataset,train,FieldPos091,tbf_imgs::FieldPos091
tbf_imgs,D:\Dineth\focus_binary_benchmark\dataset\tbf_imgs\unfocused\FieldPos091\FieldPos091_page_3.png,0,tbf_imgs::FieldPos091,,dataset,train,FieldPos091,tbf_imgs::FieldPos091
tbf_imgs,D:\Dineth\focus_binary_benchmark\dataset\tbf_imgs\unfocused\FieldPos091\FieldPos091_page_4.png,0,tbf_imgs::FieldPos091,,dataset,train,FieldPos091,tbf_imgs::FieldPos091
tbf_imgs,D:\Dineth\focus_binary_benchmark\dataset\tbf_imgs\unfocused\FieldPos091\FieldPos091_page_5.png,0,tbf_imgs::FieldPos091,,dataset,train,FieldPos091,tbf_imgs::FieldPos091
tbf_imgs,D:\Dineth\focus_binary_benchmark\dataset\tbf_imgs\unfocused\FieldPos091\FieldPos091_page_9.png,0,tbf_imgs::FieldPos091,,dataset,train,FieldPos091,tbf_imgs::FieldPos091
tbf_imgs,D:\Dineth\focus_binary_benchmark\dataset\tbf_imgs\unfocused\FieldPos092\FieldPos092_page_1.png,0,tbf_imgs::FieldPos092,,dataset,train,FieldPos092,tbf_imgs::FieldPos092
tbf_imgs,D:\Dineth\focus_binary_benchmark\dataset\tbf_imgs\unfocused\FieldPos092\FieldPos092_page_10.png,0,tbf_imgs::FieldPos092,,dataset,train,FieldPos092,tbf_imgs::FieldPos092
tbf_imgs,D:\Dineth\focus_binary_benchmark\dataset\tbf_imgs\unfocused\FieldPos092\FieldPos092_page_11.png,0,tbf_imgs::FieldPos092,,dataset,train,FieldPos092,tbf_imgs::FieldPos092
tbf_imgs,D:\Dineth\focus_binary_benchmark\dataset\tbf_imgs\unfocused\FieldPos092\FieldPos092_page_12.png,0,tbf_imgs::FieldPos092,,dataset,train,FieldPos092,tbf_imgs::FieldPos092
tbf_imgs,D:\Dineth\focus_binary_benchmark\dataset\tbf_imgs\unfocused\FieldPos092\FieldPos092_page_13.png,0,tbf_imgs::FieldPos092,,dataset,train,FieldPos092,tbf_imgs::FieldPos092
tbf_imgs,D:\Dineth\focus_binary_benchmark\dataset\tbf_imgs\unfocused\FieldPos092\FieldPos092_page_14.png,0,tbf_imgs::FieldPos092,,dataset,train,FieldPos092,tbf_imgs::FieldPos092
tbf_imgs,D:\Dineth\focus_binary_benchmark\dataset\tbf_imgs\unfocused\FieldPos092\FieldPos092_page_2.png,0,tbf_imgs::FieldPos092,,dataset,train,FieldPos092,tbf_imgs::FieldPos092
tbf_imgs,D:\Dineth\focus_binary_benchmark\dataset\tbf_imgs\unfocused\FieldPos092\FieldPos092_page_3.png,0,tbf_imgs::FieldPos092,,dataset,train,FieldPos092,tbf_imgs::FieldPos092
tbf_imgs,D:\Dineth\focus_binary_benchmark\dataset\tbf_imgs\unfocused\FieldPos092\FieldPos092_page_4.png,0,tbf_imgs::FieldPos092,,dataset,train,FieldPos092,tbf_imgs::FieldPos092
tbf_imgs,D:\Dineth\focus_binary_benchmark\dataset\tbf_imgs\unfocused\FieldPos092\FieldPos092_page_8.png,0,tbf_imgs::FieldPos092,,dataset,train,FieldPos092,tbf_imgs::FieldPos092
tbf_imgs,D:\Dineth\focus_binary_benchmark\dataset\tbf_imgs\unfocused\FieldPos092\FieldPos092_page_9.png,0,tbf_imgs::FieldPos092,,dataset,train,FieldPos092,tbf_imgs::FieldPos092
tbf_imgs,D:\Dineth\focus_binary_benchmark\dataset\tbf_imgs\unfocused\FieldPos093\FieldPos093_page_1.png,0,tbf_imgs::FieldPos093,,dataset,test,FieldPos093,tbf_imgs::FieldPos093
tbf_imgs,D:\Dineth\focus_binary_benchmark\dataset\tbf_imgs\unfocused\FieldPos093\FieldPos093_page_10.png,0,tbf_imgs::FieldPos093,,dataset,test,FieldPos093,tbf_imgs::FieldPos093
tbf_imgs,D:\Dineth\focus_binary_benchmark\dataset\tbf_imgs\unfocused\FieldPos093\FieldPos093_page_11.png,0,tbf_imgs::FieldPos093,,dataset,test,FieldPos093,tbf_imgs::FieldPos093
tbf_imgs,D:\Dineth\focus_binary_benchmark\dataset\tbf_imgs\unfocused\FieldPos093\FieldPos093_page_12.png,0,tbf_imgs::FieldPos093,,dataset,test,FieldPos093,tbf_imgs::FieldPos093
tbf_imgs,D:\Dineth\focus_binary_benchmark\dataset\tbf_imgs\unfocused\FieldPos093\FieldPos093_page_13.png,0,tbf_imgs::FieldPos093,,dataset,test,FieldPos093,tbf_imgs::FieldPos093
tbf_imgs,D:\Dineth\focus_binary_benchmark\dataset\tbf_imgs\unfocused\FieldPos093\FieldPos093_page_14.png,0,tbf_imgs::FieldPos093,,dataset,test,FieldPos093,tbf_imgs::FieldPos093
tbf_imgs,D:\Dineth\focus_binary_benchmark\dataset\tbf_imgs\unfocused\FieldPos093\FieldPos093_page_2.png,0,tbf_imgs::FieldPos093,,dataset,test,FieldPos093,tbf_imgs::FieldPos093
tbf_imgs,D:\Dineth\focus_binary_benchmark\dataset\tbf_imgs\unfocused\FieldPos093\FieldPos093_page_3.png,0,tbf_imgs::FieldPos093,,dataset,test,FieldPos093,tbf_imgs::FieldPos093
tbf_imgs,D:\Dineth\focus_binary_benchmark\dataset\tbf_imgs\unfocused\FieldPos093\FieldPos093_page_7.png,0,tbf_imgs::FieldPos093,,dataset,test,FieldPos093,tbf_imgs::FieldPos093
tbf_imgs,D:\Dineth\focus_binary_benchmark\dataset\tbf_imgs\unfocused\FieldPos093\FieldPos093_page_8.png,0,tbf_imgs::FieldPos093,,dataset,test,FieldPos093,tbf_imgs::FieldPos093
tbf_imgs,D:\Dineth\focus_binary_benchmark\dataset\tbf_imgs\unfocused\FieldPos093\FieldPos093_page_9.png,0,tbf_imgs::FieldPos093,,dataset,test,FieldPos093,tbf_imgs::FieldPos093
tbf_imgs,D:\Dineth\focus_binary_benchmark\dataset\tbf_imgs\unfocused\FieldPos094\FieldPos094_page_1.png,0,tbf_imgs::FieldPos094,,dataset,test,FieldPos094,tbf_imgs::FieldPos094
tbf_imgs,D:\Dineth\focus_binary_benchmark\dataset\tbf_imgs\unfocused\FieldPos094\FieldPos094_page_10.png,0,tbf_imgs::FieldPos094,,dataset,test,FieldPos094,tbf_imgs::FieldPos094
tbf_imgs,D:\Dineth\focus_binary_benchmark\dataset\tbf_imgs\unfocused\FieldPos094\FieldPos094_page_11.png,0,tbf_imgs::FieldPos094,,dataset,test,FieldPos094,tbf_imgs::FieldPos094
tbf_imgs,D:\Dineth\focus_binary_benchmark\dataset\tbf_imgs\unfocused\FieldPos094\FieldPos094_page_12.png,0,tbf_imgs::FieldPos094,,dataset,test,FieldPos094,tbf_imgs::FieldPos094
tbf_imgs,D:\Dineth\focus_binary_benchmark\dataset\tbf_imgs\unfocused\FieldPos094\FieldPos094_page_13.png,0,tbf_imgs::FieldPos094,,dataset,test,FieldPos094,tbf_imgs::FieldPos094
tbf_imgs,D:\Dineth\focus_binary_benchmark\dataset\tbf_imgs\unfocused\FieldPos094\FieldPos094_page_14.png,0,tbf_imgs::FieldPos094,,dataset,test,FieldPos094,tbf_imgs::FieldPos094
tbf_imgs,D:\Dineth\focus_binary_benchmark\dataset\tbf_imgs\unfocused\FieldPos094\FieldPos094_page_2.png,0,tbf_imgs::FieldPos094,,dataset,test,FieldPos094,tbf_imgs::FieldPos094
tbf_imgs,D:\Dineth\focus_binary_benchmark\dataset\tbf_imgs\unfocused\FieldPos094\FieldPos094_page_3.png,0,tbf_imgs::FieldPos094,,dataset,test,FieldPos094,tbf_imgs::FieldPos094
tbf_imgs,D:\Dineth\focus_binary_benchmark\dataset\tbf_imgs\unfocused\FieldPos094\FieldPos094_page_4.png,0,tbf_imgs::FieldPos094,,dataset,test,FieldPos094,tbf_imgs::FieldPos094
tbf_imgs,D:\Dineth\focus_binary_benchmark\dataset\tbf_imgs\unfocused\FieldPos094\FieldPos094_page_8.png,0,tbf_imgs::FieldPos094,,dataset,test,FieldPos094,tbf_imgs::FieldPos094
tbf_imgs,D:\Dineth\focus_binary_benchmark\dataset\tbf_imgs\unfocused\FieldPos094\FieldPos094_page_9.png,0,tbf_imgs::FieldPos094,,dataset,test,FieldPos094,tbf_imgs::FieldPos094
tbf_imgs,D:\Dineth\focus_binary_benchmark\dataset\tbf_imgs\unfocused\FieldPos095\FieldPos095_page_1.png,0,tbf_imgs::FieldPos095,,dataset,train,FieldPos095,tbf_imgs::FieldPos095
tbf_imgs,D:\Dineth\focus_binary_benchmark\dataset\tbf_imgs\unfocused\FieldPos095\FieldPos095_page_10.png,0,tbf_imgs::FieldPos095,,dataset,train,FieldPos095,tbf_imgs::FieldPos095
tbf_imgs,D:\Dineth\focus_binary_benchmark\dataset\tbf_imgs\unfocused\FieldPos095\FieldPos095_page_11.png,0,tbf_imgs::FieldPos095,,dataset,train,FieldPos095,tbf_imgs::FieldPos095
tbf_imgs,D:\Dineth\focus_binary_benchmark\dataset\tbf_imgs\unfocused\FieldPos095\FieldPos095_page_12.png,0,tbf_imgs::FieldPos095,,dataset,train,FieldPos095,tbf_imgs::FieldPos095
tbf_imgs,D:\Dineth\focus_binary_benchmark\dataset\tbf_imgs\unfocused\FieldPos095\FieldPos095_page_13.png,0,tbf_imgs::FieldPos095,,dataset,train,FieldPos095,tbf_imgs::FieldPos095
tbf_imgs,D:\Dineth\focus_binary_benchmark\dataset\tbf_imgs\unfocused\FieldPos095\FieldPos095_page_14.png,0,tbf_imgs::FieldPos095,,dataset,train,FieldPos095,tbf_imgs::FieldPos095
tbf_imgs,D:\Dineth\focus_binary_benchmark\dataset\tbf_imgs\unfocused\FieldPos095\FieldPos095_page_2.png,0,tbf_imgs::FieldPos095,,dataset,train,FieldPos095,tbf_imgs::FieldPos095
tbf_imgs,D:\Dineth\focus_binary_benchmark\dataset\tbf_imgs\unfocused\FieldPos095\FieldPos095_page_3.png,0,tbf_imgs::FieldPos095,,dataset,train,FieldPos095,tbf_imgs::FieldPos095
tbf_imgs,D:\Dineth\focus_binary_benchmark\dataset\tbf_imgs\unfocused\FieldPos095\FieldPos095_page_7.png,0,tbf_imgs::FieldPos095,,dataset,train,FieldPos095,tbf_imgs::FieldPos095
tbf_imgs,D:\Dineth\focus_binary_benchmark\dataset\tbf_imgs\unfocused\FieldPos095\FieldPos095_page_8.png,0,tbf_imgs::FieldPos095,,dataset,train,FieldPos095,tbf_imgs::FieldPos095
tbf_imgs,D:\Dineth\focus_binary_benchmark\dataset\tbf_imgs\unfocused\FieldPos095\FieldPos095_page_9.png,0,tbf_imgs::FieldPos095,,dataset,train,FieldPos095,tbf_imgs::FieldPos095
tbf_imgs,D:\Dineth\focus_binary_benchmark\dataset\tbf_imgs\unfocused\FieldPos096\FieldPos096_page_1.png,0,tbf_imgs::FieldPos096,,dataset,test,FieldPos096,tbf_imgs::FieldPos096
tbf_imgs,D:\Dineth\focus_binary_benchmark\dataset\tbf_imgs\unfocused\FieldPos096\FieldPos096_page_10.png,0,tbf_imgs::FieldPos096,,dataset,test,FieldPos096,tbf_imgs::FieldPos096
tbf_imgs,D:\Dineth\focus_binary_benchmark\dataset\tbf_imgs\unfocused\FieldPos096\FieldPos096_page_11.png,0,tbf_imgs::FieldPos096,,dataset,test,FieldPos096,tbf_imgs::FieldPos096
tbf_imgs,D:\Dineth\focus_binary_benchmark\dataset\tbf_imgs\unfocused\FieldPos096\FieldPos096_page_12.png,0,tbf_imgs::FieldPos096,,dataset,test,FieldPos096,tbf_imgs::FieldPos096
tbf_imgs,D:\Dineth\focus_binary_benchmark\dataset\tbf_imgs\unfocused\FieldPos096\FieldPos096_page_13.png,0,tbf_imgs::FieldPos096,,dataset,test,FieldPos096,tbf_imgs::FieldPos096
tbf_imgs,D:\Dineth\focus_binary_benchmark\dataset\tbf_imgs\unfocused\FieldPos096\FieldPos096_page_14.png,0,tbf_imgs::FieldPos096,,dataset,test,FieldPos096,tbf_imgs::FieldPos096
tbf_imgs,D:\Dineth\focus_binary_benchmark\dataset\tbf_imgs\unfocused\FieldPos096\FieldPos096_page_2.png,0,tbf_imgs::FieldPos096,,dataset,test,FieldPos096,tbf_imgs::FieldPos096
tbf_imgs,D:\Dineth\focus_binary_benchmark\dataset\tbf_imgs\unfocused\FieldPos096\FieldPos096_page_3.png,0,tbf_imgs::FieldPos096,,dataset,test,FieldPos096,tbf_imgs::FieldPos096
tbf_imgs,D:\Dineth\focus_binary_benchmark\dataset\tbf_imgs\unfocused\FieldPos096\FieldPos096_page_4.png,0,tbf_imgs::FieldPos096,,dataset,test,FieldPos096,tbf_imgs::FieldPos096
tbf_imgs,D:\Dineth\focus_binary_benchmark\dataset\tbf_imgs\unfocused\FieldPos096\FieldPos096_page_8.png,0,tbf_imgs::FieldPos096,,dataset,test,FieldPos096,tbf_imgs::FieldPos096
tbf_imgs,D:\Dineth\focus_binary_benchmark\dataset\tbf_imgs\unfocused\FieldPos096\FieldPos096_page_9.png,0,tbf_imgs::FieldPos096,,dataset,test,FieldPos096,tbf_imgs::FieldPos096
tbf_imgs,D:\Dineth\focus_binary_benchmark\dataset\tbf_imgs\unfocused\FieldPos097\FieldPos097_page_1.png,0,tbf_imgs::FieldPos097,,dataset,train,FieldPos097,tbf_imgs::FieldPos097
tbf_imgs,D:\Dineth\focus_binary_benchmark\dataset\tbf_imgs\unfocused\FieldPos097\FieldPos097_page_10.png,0,tbf_imgs::FieldPos097,,dataset,train,FieldPos097,tbf_imgs::FieldPos097
tbf_imgs,D:\Dineth\focus_binary_benchmark\dataset\tbf_imgs\unfocused\FieldPos097\FieldPos097_page_11.png,0,tbf_imgs::FieldPos097,,dataset,train,FieldPos097,tbf_imgs::FieldPos097
tbf_imgs,D:\Dineth\focus_binary_benchmark\dataset\tbf_imgs\unfocused\FieldPos097\FieldPos097_page_12.png,0,tbf_imgs::FieldPos097,,dataset,train,FieldPos097,tbf_imgs::FieldPos097
tbf_imgs,D:\Dineth\focus_binary_benchmark\dataset\tbf_imgs\unfocused\FieldPos097\FieldPos097_page_13.png,0,tbf_imgs::FieldPos097,,dataset,train,FieldPos097,tbf_imgs::FieldPos097
tbf_imgs,D:\Dineth\focus_binary_benchmark\dataset\tbf_imgs\unfocused\FieldPos097\FieldPos097_page_14.png,0,tbf_imgs::FieldPos097,,dataset,train,FieldPos097,tbf_imgs::FieldPos097
tbf_imgs,D:\Dineth\focus_binary_benchmark\dataset\tbf_imgs\unfocused\FieldPos097\FieldPos097_page_2.png,0,tbf_imgs::FieldPos097,,dataset,train,FieldPos097,tbf_imgs::FieldPos097
tbf_imgs,D:\Dineth\focus_binary_benchmark\dataset\tbf_imgs\unfocused\FieldPos097\FieldPos097_page_3.png,0,tbf_imgs::FieldPos097,,dataset,train,FieldPos097,tbf_imgs::FieldPos097
tbf_imgs,D:\Dineth\focus_binary_benchmark\dataset\tbf_imgs\unfocused\FieldPos097\FieldPos097_page_4.png,0,tbf_imgs::FieldPos097,,dataset,train,FieldPos097,tbf_imgs::FieldPos097
tbf_imgs,D:\Dineth\focus_binary_benchmark\dataset\tbf_imgs\unfocused\FieldPos097\FieldPos097_page_8.png,0,tbf_imgs::FieldPos097,,dataset,train,FieldPos097,tbf_imgs::FieldPos097
tbf_imgs,D:\Dineth\focus_binary_benchmark\dataset\tbf_imgs\unfocused\FieldPos097\FieldPos097_page_9.png,0,tbf_imgs::FieldPos097,,dataset,train,FieldPos097,tbf_imgs::FieldPos097
tbf_imgs,D:\Dineth\focus_binary_benchmark\dataset\tbf_imgs\unfocused\FieldPos098\FieldPos098_page_1.png,0,tbf_imgs::FieldPos098,,dataset,train,FieldPos098,tbf_imgs::FieldPos098
tbf_imgs,D:\Dineth\focus_binary_benchmark\dataset\tbf_imgs\unfocused\FieldPos098\FieldPos098_page_10.png,0,tbf_imgs::FieldPos098,,dataset,train,FieldPos098,tbf_imgs::FieldPos098
tbf_imgs,D:\Dineth\focus_binary_benchmark\dataset\tbf_imgs\unfocused\FieldPos098\FieldPos098_page_11.png,0,tbf_imgs::FieldPos098,,dataset,train,FieldPos098,tbf_imgs::FieldPos098
tbf_imgs,D:\Dineth\focus_binary_benchmark\dataset\tbf_imgs\unfocused\FieldPos098\FieldPos098_page_12.png,0,tbf_imgs::FieldPos098,,dataset,train,FieldPos098,tbf_imgs::FieldPos098
tbf_imgs,D:\Dineth\focus_binary_benchmark\dataset\tbf_imgs\unfocused\FieldPos098\FieldPos098_page_13.png,0,tbf_imgs::FieldPos098,,dataset,train,FieldPos098,tbf_imgs::FieldPos098
tbf_imgs,D:\Dineth\focus_binary_benchmark\dataset\tbf_imgs\unfocused\FieldPos098\FieldPos098_page_14.png,0,tbf_imgs::FieldPos098,,dataset,train,FieldPos098,tbf_imgs::FieldPos098
tbf_imgs,D:\Dineth\focus_binary_benchmark\dataset\tbf_imgs\unfocused\FieldPos098\FieldPos098_page_2.png,0,tbf_imgs::FieldPos098,,dataset,train,FieldPos098,tbf_imgs::FieldPos098
tbf_imgs,D:\Dineth\focus_binary_benchmark\dataset\tbf_imgs\unfocused\FieldPos098\FieldPos098_page_3.png,0,tbf_imgs::FieldPos098,,dataset,train,FieldPos098,tbf_imgs::FieldPos098
tbf_imgs,D:\Dineth\focus_binary_benchmark\dataset\tbf_imgs\unfocused\FieldPos098\FieldPos098_page_4.png,0,tbf_imgs::FieldPos098,,dataset,train,FieldPos098,tbf_imgs::FieldPos098
tbf_imgs,D:\Dineth\focus_binary_benchmark\dataset\tbf_imgs\unfocused\FieldPos098\FieldPos098_page_8.png,0,tbf_imgs::FieldPos098,,dataset,train,FieldPos098,tbf_imgs::FieldPos098
tbf_imgs,D:\Dineth\focus_binary_benchmark\dataset\tbf_imgs\unfocused\FieldPos098\FieldPos098_page_9.png,0,tbf_imgs::FieldPos098,,dataset,train,FieldPos098,tbf_imgs::FieldPos098
tbf_imgs,D:\Dineth\focus_binary_benchmark\dataset\tbf_imgs\unfocused\FieldPos099\FieldPos099_page_1.png,0,tbf_imgs::FieldPos099,,dataset,test,FieldPos099,tbf_imgs::FieldPos099
tbf_imgs,D:\Dineth\focus_binary_benchmark\dataset\tbf_imgs\unfocused\FieldPos099\FieldPos099_page_10.png,0,tbf_imgs::FieldPos099,,dataset,test,FieldPos099,tbf_imgs::FieldPos099
tbf_imgs,D:\Dineth\focus_binary_benchmark\dataset\tbf_imgs\unfocused\FieldPos099\FieldPos099_page_11.png,0,tbf_imgs::FieldPos099,,dataset,test,FieldPos099,tbf_imgs::FieldPos099
tbf_imgs,D:\Dineth\focus_binary_benchmark\dataset\tbf_imgs\unfocused\FieldPos099\FieldPos099_page_12.png,0,tbf_imgs::FieldPos099,,dataset,test,FieldPos099,tbf_imgs::FieldPos099
tbf_imgs,D:\Dineth\focus_binary_benchmark\dataset\tbf_imgs\unfocused\FieldPos099\FieldPos099_page_13.png,0,tbf_imgs::FieldPos099,,dataset,test,FieldPos099,tbf_imgs::FieldPos099
tbf_imgs,D:\Dineth\focus_binary_benchmark\dataset\tbf_imgs\unfocused\FieldPos099\FieldPos099_page_14.png,0,tbf_imgs::FieldPos099,,dataset,test,FieldPos099,tbf_imgs::FieldPos099
tbf_imgs,D:\Dineth\focus_binary_benchmark\dataset\tbf_imgs\unfocused\FieldPos099\FieldPos099_page_2.png,0,tbf_imgs::FieldPos099,,dataset,test,FieldPos099,tbf_imgs::FieldPos099
tbf_imgs,D:\Dineth\focus_binary_benchmark\dataset\tbf_imgs\unfocused\FieldPos099\FieldPos099_page_3.png,0,tbf_imgs::FieldPos099,,dataset,test,FieldPos099,tbf_imgs::FieldPos099
tbf_imgs,D:\Dineth\focus_binary_benchmark\dataset\tbf_imgs\unfocused\FieldPos099\FieldPos099_page_4.png,0,tbf_imgs::FieldPos099,,dataset,test,FieldPos099,tbf_imgs::FieldPos099
tbf_imgs,D:\Dineth\focus_binary_benchmark\dataset\tbf_imgs\unfocused\FieldPos099\FieldPos099_page_8.png,0,tbf_imgs::FieldPos099,,dataset,test,FieldPos099,tbf_imgs::FieldPos099
tbf_imgs,D:\Dineth\focus_binary_benchmark\dataset\tbf_imgs\unfocused\FieldPos099\FieldPos099_page_9.png,0,tbf_imgs::FieldPos099,,dataset,test,FieldPos099,tbf_imgs::FieldPos099
tbf_imgs,D:\Dineth\focus_binary_benchmark\dataset\tbf_imgs\unfocused\FieldPos100\FieldPos100_page_1.png,0,tbf_imgs::FieldPos100,,dataset,train,FieldPos100,tbf_imgs::FieldPos100
tbf_imgs,D:\Dineth\focus_binary_benchmark\dataset\tbf_imgs\unfocused\FieldPos100\FieldPos100_page_10.png,0,tbf_imgs::FieldPos100,,dataset,train,FieldPos100,tbf_imgs::FieldPos100
tbf_imgs,D:\Dineth\focus_binary_benchmark\dataset\tbf_imgs\unfocused\FieldPos100\FieldPos100_page_11.png,0,tbf_imgs::FieldPos100,,dataset,train,FieldPos100,tbf_imgs::FieldPos100
tbf_imgs,D:\Dineth\focus_binary_benchmark\dataset\tbf_imgs\unfocused\FieldPos100\FieldPos100_page_12.png,0,tbf_imgs::FieldPos100,,dataset,train,FieldPos100,tbf_imgs::FieldPos100
tbf_imgs,D:\Dineth\focus_binary_benchmark\dataset\tbf_imgs\unfocused\FieldPos100\FieldPos100_page_13.png,0,tbf_imgs::FieldPos100,,dataset,train,FieldPos100,tbf_imgs::FieldPos100
tbf_imgs,D:\Dineth\focus_binary_benchmark\dataset\tbf_imgs\unfocused\FieldPos100\FieldPos100_page_14.png,0,tbf_imgs::FieldPos100,,dataset,train,FieldPos100,tbf_imgs::FieldPos100
tbf_imgs,D:\Dineth\focus_binary_benchmark\dataset\tbf_imgs\unfocused\FieldPos100\FieldPos100_page_2.png,0,tbf_imgs::FieldPos100,,dataset,train,FieldPos100,tbf_imgs::FieldPos100
tbf_imgs,D:\Dineth\focus_binary_benchmark\dataset\tbf_imgs\unfocused\FieldPos100\FieldPos100_page_3.png,0,tbf_imgs::FieldPos100,,dataset,train,FieldPos100,tbf_imgs::FieldPos100
tbf_imgs,D:\Dineth\focus_binary_benchmark\dataset\tbf_imgs\unfocused\FieldPos100\FieldPos100_page_4.png,0,tbf_imgs::FieldPos100,,dataset,train,FieldPos100,tbf_imgs::FieldPos100
tbf_imgs,D:\Dineth\focus_binary_benchmark\dataset\tbf_imgs\unfocused\FieldPos100\FieldPos100_page_8.png,0,tbf_imgs::FieldPos100,,dataset,train,FieldPos100,tbf_imgs::FieldPos100
tbf_imgs,D:\Dineth\focus_binary_benchmark\dataset\tbf_imgs\unfocused\FieldPos100\FieldPos100_page_9.png,0,tbf_imgs::FieldPos100,,dataset,train,FieldPos100,tbf_imgs::FieldPos100
tbf_imgs,D:\Dineth\focus_binary_benchmark\dataset\tbf_imgs\unfocused\FieldPos101\FieldPos101_page_1.png,0,tbf_imgs::FieldPos101,,dataset,train,FieldPos101,tbf_imgs::FieldPos101
tbf_imgs,D:\Dineth\focus_binary_benchmark\dataset\tbf_imgs\unfocused\FieldPos101\FieldPos101_page_10.png,0,tbf_imgs::FieldPos101,,dataset,train,FieldPos101,tbf_imgs::FieldPos101
tbf_imgs,D:\Dineth\focus_binary_benchmark\dataset\tbf_imgs\unfocused\FieldPos101\FieldPos101_page_11.png,0,tbf_imgs::FieldPos101,,dataset,train,FieldPos101,tbf_imgs::FieldPos101
tbf_imgs,D:\Dineth\focus_binary_benchmark\dataset\tbf_imgs\unfocused\FieldPos101\FieldPos101_page_12.png,0,tbf_imgs::FieldPos101,,dataset,train,FieldPos101,tbf_imgs::FieldPos101
tbf_imgs,D:\Dineth\focus_binary_benchmark\dataset\tbf_imgs\unfocused\FieldPos101\FieldPos101_page_13.png,0,tbf_imgs::FieldPos101,,dataset,train,FieldPos101,tbf_imgs::FieldPos101
tbf_imgs,D:\Dineth\focus_binary_benchmark\dataset\tbf_imgs\unfocused\FieldPos101\FieldPos101_page_14.png,0,tbf_imgs::FieldPos101,,dataset,train,FieldPos101,tbf_imgs::FieldPos101
tbf_imgs,D:\Dineth\focus_binary_benchmark\dataset\tbf_imgs\unfocused\FieldPos101\FieldPos101_page_2.png,0,tbf_imgs::FieldPos101,,dataset,train,FieldPos101,tbf_imgs::FieldPos101
tbf_imgs,D:\Dineth\focus_binary_benchmark\dataset\tbf_imgs\unfocused\FieldPos101\FieldPos101_page_3.png,0,tbf_imgs::FieldPos101,,dataset,train,FieldPos101,tbf_imgs::FieldPos101
tbf_imgs,D:\Dineth\focus_binary_benchmark\dataset\tbf_imgs\unfocused\FieldPos101\FieldPos101_page_4.png,0,tbf_imgs::FieldPos101,,dataset,train,FieldPos101,tbf_imgs::FieldPos101
tbf_imgs,D:\Dineth\focus_binary_benchmark\dataset\tbf_imgs\unfocused\FieldPos101\FieldPos101_page_8.png,0,tbf_imgs::FieldPos101,,dataset,train,FieldPos101,tbf_imgs::FieldPos101
tbf_imgs,D:\Dineth\focus_binary_benchmark\dataset\tbf_imgs\unfocused\FieldPos101\FieldPos101_page_9.png,0,tbf_imgs::FieldPos101,,dataset,train,FieldPos101,tbf_imgs::FieldPos101
tbf_imgs,D:\Dineth\focus_binary_benchmark\dataset\tbf_imgs\unfocused\FieldPos102\FieldPos102_page_1.png,0,tbf_imgs::FieldPos102,,dataset,train,FieldPos102,tbf_imgs::FieldPos102
tbf_imgs,D:\Dineth\focus_binary_benchmark\dataset\tbf_imgs\unfocused\FieldPos102\FieldPos102_page_10.png,0,tbf_imgs::FieldPos102,,dataset,train,FieldPos102,tbf_imgs::FieldPos102
tbf_imgs,D:\Dineth\focus_binary_benchmark\dataset\tbf_imgs\unfocused\FieldPos102\FieldPos102_page_11.png,0,tbf_imgs::FieldPos102,,dataset,train,FieldPos102,tbf_imgs::FieldPos102
tbf_imgs,D:\Dineth\focus_binary_benchmark\dataset\tbf_imgs\unfocused\FieldPos102\FieldPos102_page_12.png,0,tbf_imgs::FieldPos102,,dataset,train,FieldPos102,tbf_imgs::FieldPos102
tbf_imgs,D:\Dineth\focus_binary_benchmark\dataset\tbf_imgs\unfocused\FieldPos102\FieldPos102_page_13.png,0,tbf_imgs::FieldPos102,,dataset,train,FieldPos102,tbf_imgs::FieldPos102
tbf_imgs,D:\Dineth\focus_binary_benchmark\dataset\tbf_imgs\unfocused\FieldPos102\FieldPos102_page_14.png,0,tbf_imgs::FieldPos102,,dataset,train,FieldPos102,tbf_imgs::FieldPos102
tbf_imgs,D:\Dineth\focus_binary_benchmark\dataset\tbf_imgs\unfocused\FieldPos102\FieldPos102_page_2.png,0,tbf_imgs::FieldPos102,,dataset,train,FieldPos102,tbf_imgs::FieldPos102
tbf_imgs,D:\Dineth\focus_binary_benchmark\dataset\tbf_imgs\unfocused\FieldPos102\FieldPos102_page_3.png,0,tbf_imgs::FieldPos102,,dataset,train,FieldPos102,tbf_imgs::FieldPos102
tbf_imgs,D:\Dineth\focus_binary_benchmark\dataset\tbf_imgs\unfocused\FieldPos102\FieldPos102_page_4.png,0,tbf_imgs::FieldPos102,,dataset,train,FieldPos102,tbf_imgs::FieldPos102
tbf_imgs,D:\Dineth\focus_binary_benchmark\dataset\tbf_imgs\unfocused\FieldPos102\FieldPos102_page_5.png,0,tbf_imgs::FieldPos102,,dataset,train,FieldPos102,tbf_imgs::FieldPos102
tbf_imgs,D:\Dineth\focus_binary_benchmark\dataset\tbf_imgs\unfocused\FieldPos102\FieldPos102_page_9.png,0,tbf_imgs::FieldPos102,,dataset,train,FieldPos102,tbf_imgs::FieldPos102
tbf_imgs,D:\Dineth\focus_binary_benchmark\dataset\tbf_imgs\unfocused\FieldPos103\FieldPos103_page_1.png,0,tbf_imgs::FieldPos103,,dataset,train,FieldPos103,tbf_imgs::FieldPos103
tbf_imgs,D:\Dineth\focus_binary_benchmark\dataset\tbf_imgs\unfocused\FieldPos103\FieldPos103_page_10.png,0,tbf_imgs::FieldPos103,,dataset,train,FieldPos103,tbf_imgs::FieldPos103
tbf_imgs,D:\Dineth\focus_binary_benchmark\dataset\tbf_imgs\unfocused\FieldPos103\FieldPos103_page_11.png,0,tbf_imgs::FieldPos103,,dataset,train,FieldPos103,tbf_imgs::FieldPos103
tbf_imgs,D:\Dineth\focus_binary_benchmark\dataset\tbf_imgs\unfocused\FieldPos103\FieldPos103_page_12.png,0,tbf_imgs::FieldPos103,,dataset,train,FieldPos103,tbf_imgs::FieldPos103
tbf_imgs,D:\Dineth\focus_binary_benchmark\dataset\tbf_imgs\unfocused\FieldPos103\FieldPos103_page_13.png,0,tbf_imgs::FieldPos103,,dataset,train,FieldPos103,tbf_imgs::FieldPos103
tbf_imgs,D:\Dineth\focus_binary_benchmark\dataset\tbf_imgs\unfocused\FieldPos103\FieldPos103_page_14.png,0,tbf_imgs::FieldPos103,,dataset,train,FieldPos103,tbf_imgs::FieldPos103
tbf_imgs,D:\Dineth\focus_binary_benchmark\dataset\tbf_imgs\unfocused\FieldPos103\FieldPos103_page_2.png,0,tbf_imgs::FieldPos103,,dataset,train,FieldPos103,tbf_imgs::FieldPos103
tbf_imgs,D:\Dineth\focus_binary_benchmark\dataset\tbf_imgs\unfocused\FieldPos103\FieldPos103_page_3.png,0,tbf_imgs::FieldPos103,,dataset,train,FieldPos103,tbf_imgs::FieldPos103
tbf_imgs,D:\Dineth\focus_binary_benchmark\dataset\tbf_imgs\unfocused\FieldPos103\FieldPos103_page_4.png,0,tbf_imgs::FieldPos103,,dataset,train,FieldPos103,tbf_imgs::FieldPos103
tbf_imgs,D:\Dineth\focus_binary_benchmark\dataset\tbf_imgs\unfocused\FieldPos103\FieldPos103_page_5.png,0,tbf_imgs::FieldPos103,,dataset,train,FieldPos103,tbf_imgs::FieldPos103
tbf_imgs,D:\Dineth\focus_binary_benchmark\dataset\tbf_imgs\unfocused\FieldPos103\FieldPos103_page_6.png,0,tbf_imgs::FieldPos103,,dataset,train,FieldPos103,tbf_imgs::FieldPos103
tbf_imgs,D:\Dineth\focus_binary_benchmark\dataset\tbf_imgs\unfocused\FieldPos103 (2)\FieldPos103 (2)_page_1.png,0,tbf_imgs::FieldPos103,,dataset,train,FieldPos103 (2),tbf_imgs::FieldPos103
tbf_imgs,D:\Dineth\focus_binary_benchmark\dataset\tbf_imgs\unfocused\FieldPos103 (2)\FieldPos103 (2)_page_10.png,0,tbf_imgs::FieldPos103,,dataset,train,FieldPos103 (2),tbf_imgs::FieldPos103
tbf_imgs,D:\Dineth\focus_binary_benchmark\dataset\tbf_imgs\unfocused\FieldPos103 (2)\FieldPos103 (2)_page_11.png,0,tbf_imgs::FieldPos103,,dataset,train,FieldPos103 (2),tbf_imgs::FieldPos103
tbf_imgs,D:\Dineth\focus_binary_benchmark\dataset\tbf_imgs\unfocused\FieldPos103 (2)\FieldPos103 (2)_page_12.png,0,tbf_imgs::FieldPos103,,dataset,train,FieldPos103 (2),tbf_imgs::FieldPos103
tbf_imgs,D:\Dineth\focus_binary_benchmark\dataset\tbf_imgs\unfocused\FieldPos103 (2)\FieldPos103 (2)_page_13.png,0,tbf_imgs::FieldPos103,,dataset,train,FieldPos103 (2),tbf_imgs::FieldPos103
tbf_imgs,D:\Dineth\focus_binary_benchmark\dataset\tbf_imgs\unfocused\FieldPos103 (2)\FieldPos103 (2)_page_14.png,0,tbf_imgs::FieldPos103,,dataset,train,FieldPos103 (2),tbf_imgs::FieldPos103
tbf_imgs,D:\Dineth\focus_binary_benchmark\dataset\tbf_imgs\unfocused\FieldPos103 (2)\FieldPos103 (2)_page_2.png,0,tbf_imgs::FieldPos103,,dataset,train,FieldPos103 (2),tbf_imgs::FieldPos103
tbf_imgs,D:\Dineth\focus_binary_benchmark\dataset\tbf_imgs\unfocused\FieldPos103 (2)\FieldPos103 (2)_page_3.png,0,tbf_imgs::FieldPos103,,dataset,train,FieldPos103 (2),tbf_imgs::FieldPos103
tbf_imgs,D:\Dineth\focus_binary_benchmark\dataset\tbf_imgs\unfocused\FieldPos103 (2)\FieldPos103 (2)_page_4.png,0,tbf_imgs::FieldPos103,,dataset,train,FieldPos103 (2),tbf_imgs::FieldPos103
tbf_imgs,D:\Dineth\focus_binary_benchmark\dataset\tbf_imgs\unfocused\FieldPos103 (2)\FieldPos103 (2)_page_5.png,0,tbf_imgs::FieldPos103,,dataset,train,FieldPos103 (2),tbf_imgs::FieldPos103
tbf_imgs,D:\Dineth\focus_binary_benchmark\dataset\tbf_imgs\unfocused\FieldPos103 (2)\FieldPos103 (2)_page_6.png,0,tbf_imgs::FieldPos103,,dataset,train,FieldPos103 (2),tbf_imgs::FieldPos103
tbf_imgs,D:\Dineth\focus_binary_benchmark\dataset\tbf_imgs\unfocused\FieldPos104\FieldPos104_page_1.png,0,tbf_imgs::FieldPos104,,dataset,test,FieldPos104,tbf_imgs::FieldPos104
tbf_imgs,D:\Dineth\focus_binary_benchmark\dataset\tbf_imgs\unfocused\FieldPos104\FieldPos104_page_10.png,0,tbf_imgs::FieldPos104,,dataset,test,FieldPos104,tbf_imgs::FieldPos104
tbf_imgs,D:\Dineth\focus_binary_benchmark\dataset\tbf_imgs\unfocused\FieldPos104\FieldPos104_page_11.png,0,tbf_imgs::FieldPos104,,dataset,test,FieldPos104,tbf_imgs::FieldPos104
tbf_imgs,D:\Dineth\focus_binary_benchmark\dataset\tbf_imgs\unfocused\FieldPos104\FieldPos104_page_12.png,0,tbf_imgs::FieldPos104,,dataset,test,FieldPos104,tbf_imgs::FieldPos104
tbf_imgs,D:\Dineth\focus_binary_benchmark\dataset\tbf_imgs\unfocused\FieldPos104\FieldPos104_page_13.png,0,tbf_imgs::FieldPos104,,dataset,test,FieldPos104,tbf_imgs::FieldPos104
tbf_imgs,D:\Dineth\focus_binary_benchmark\dataset\tbf_imgs\unfocused\FieldPos104\FieldPos104_page_14.png,0,tbf_imgs::FieldPos104,,dataset,test,FieldPos104,tbf_imgs::FieldPos104
tbf_imgs,D:\Dineth\focus_binary_benchmark\dataset\tbf_imgs\unfocused\FieldPos104\FieldPos104_page_2.png,0,tbf_imgs::FieldPos104,,dataset,test,FieldPos104,tbf_imgs::FieldPos104
tbf_imgs,D:\Dineth\focus_binary_benchmark\dataset\tbf_imgs\unfocused\FieldPos104\FieldPos104_page_3.png,0,tbf_imgs::FieldPos104,,dataset,test,FieldPos104,tbf_imgs::FieldPos104
tbf_imgs,D:\Dineth\focus_binary_benchmark\dataset\tbf_imgs\unfocused\FieldPos104\FieldPos104_page_4.png,0,tbf_imgs::FieldPos104,,dataset,test,FieldPos104,tbf_imgs::FieldPos104
tbf_imgs,D:\Dineth\focus_binary_benchmark\dataset\tbf_imgs\unfocused\FieldPos104\FieldPos104_page_5.png,0,tbf_imgs::FieldPos104,,dataset,test,FieldPos104,tbf_imgs::FieldPos104
tbf_imgs,D:\Dineth\focus_binary_benchmark\dataset\tbf_imgs\unfocused\FieldPos104\FieldPos104_page_9.png,0,tbf_imgs::FieldPos104,,dataset,test,FieldPos104,tbf_imgs::FieldPos104
tbf_imgs,D:\Dineth\focus_binary_benchmark\dataset\tbf_imgs\unfocused\FieldPos105\FieldPos105_page_1.png,0,tbf_imgs::FieldPos105,,dataset,train,FieldPos105,tbf_imgs::FieldPos105
tbf_imgs,D:\Dineth\focus_binary_benchmark\dataset\tbf_imgs\unfocused\FieldPos105\FieldPos105_page_10.png,0,tbf_imgs::FieldPos105,,dataset,train,FieldPos105,tbf_imgs::FieldPos105
tbf_imgs,D:\Dineth\focus_binary_benchmark\dataset\tbf_imgs\unfocused\FieldPos105\FieldPos105_page_11.png,0,tbf_imgs::FieldPos105,,dataset,train,FieldPos105,tbf_imgs::FieldPos105
tbf_imgs,D:\Dineth\focus_binary_benchmark\dataset\tbf_imgs\unfocused\FieldPos105\FieldPos105_page_12.png,0,tbf_imgs::FieldPos105,,dataset,train,FieldPos105,tbf_imgs::FieldPos105
tbf_imgs,D:\Dineth\focus_binary_benchmark\dataset\tbf_imgs\unfocused\FieldPos105\FieldPos105_page_13.png,0,tbf_imgs::FieldPos105,,dataset,train,FieldPos105,tbf_imgs::FieldPos105
tbf_imgs,D:\Dineth\focus_binary_benchmark\dataset\tbf_imgs\unfocused\FieldPos105\FieldPos105_page_14.png,0,tbf_imgs::FieldPos105,,dataset,train,FieldPos105,tbf_imgs::FieldPos105
tbf_imgs,D:\Dineth\focus_binary_benchmark\dataset\tbf_imgs\unfocused\FieldPos105\FieldPos105_page_2.png,0,tbf_imgs::FieldPos105,,dataset,train,FieldPos105,tbf_imgs::FieldPos105
tbf_imgs,D:\Dineth\focus_binary_benchmark\dataset\tbf_imgs\unfocused\FieldPos105\FieldPos105_page_3.png,0,tbf_imgs::FieldPos105,,dataset,train,FieldPos105,tbf_imgs::FieldPos105
tbf_imgs,D:\Dineth\focus_binary_benchmark\dataset\tbf_imgs\unfocused\FieldPos105\FieldPos105_page_4.png,0,tbf_imgs::FieldPos105,,dataset,train,FieldPos105,tbf_imgs::FieldPos105
tbf_imgs,D:\Dineth\focus_binary_benchmark\dataset\tbf_imgs\unfocused\FieldPos105\FieldPos105_page_5.png,0,tbf_imgs::FieldPos105,,dataset,train,FieldPos105,tbf_imgs::FieldPos105
tbf_imgs,D:\Dineth\focus_binary_benchmark\dataset\tbf_imgs\unfocused\FieldPos105\FieldPos105_page_9.png,0,tbf_imgs::FieldPos105,,dataset,train,FieldPos105,tbf_imgs::FieldPos105
tbf_imgs,D:\Dineth\focus_binary_benchmark\dataset\tbf_imgs\unfocused\FieldPos106\FieldPos106_page_1.png,0,tbf_imgs::FieldPos106,,dataset,train,FieldPos106,tbf_imgs::FieldPos106
tbf_imgs,D:\Dineth\focus_binary_benchmark\dataset\tbf_imgs\unfocused\FieldPos106\FieldPos106_page_10.png,0,tbf_imgs::FieldPos106,,dataset,train,FieldPos106,tbf_imgs::FieldPos106
tbf_imgs,D:\Dineth\focus_binary_benchmark\dataset\tbf_imgs\unfocused\FieldPos106\FieldPos106_page_11.png,0,tbf_imgs::FieldPos106,,dataset,train,FieldPos106,tbf_imgs::FieldPos106
tbf_imgs,D:\Dineth\focus_binary_benchmark\dataset\tbf_imgs\unfocused\FieldPos106\FieldPos106_page_12.png,0,tbf_imgs::FieldPos106,,dataset,train,FieldPos106,tbf_imgs::FieldPos106
tbf_imgs,D:\Dineth\focus_binary_benchmark\dataset\tbf_imgs\unfocused\FieldPos106\FieldPos106_page_13.png,0,tbf_imgs::FieldPos106,,dataset,train,FieldPos106,tbf_imgs::FieldPos106
tbf_imgs,D:\Dineth\focus_binary_benchmark\dataset\tbf_imgs\unfocused\FieldPos106\FieldPos106_page_14.png,0,tbf_imgs::FieldPos106,,dataset,train,FieldPos106,tbf_imgs::FieldPos106
tbf_imgs,D:\Dineth\focus_binary_benchmark\dataset\tbf_imgs\unfocused\FieldPos106\FieldPos106_page_2.png,0,tbf_imgs::FieldPos106,,dataset,train,FieldPos106,tbf_imgs::FieldPos106
tbf_imgs,D:\Dineth\focus_binary_benchmark\dataset\tbf_imgs\unfocused\FieldPos106\FieldPos106_page_3.png,0,tbf_imgs::FieldPos106,,dataset,train,FieldPos106,tbf_imgs::FieldPos106
tbf_imgs,D:\Dineth\focus_binary_benchmark\dataset\tbf_imgs\unfocused\FieldPos106\FieldPos106_page_4.png,0,tbf_imgs::FieldPos106,,dataset,train,FieldPos106,tbf_imgs::FieldPos106
tbf_imgs,D:\Dineth\focus_binary_benchmark\dataset\tbf_imgs\unfocused\FieldPos106\FieldPos106_page_5.png,0,tbf_imgs::FieldPos106,,dataset,train,FieldPos106,tbf_imgs::FieldPos106
tbf_imgs,D:\Dineth\focus_binary_benchmark\dataset\tbf_imgs\unfocused\FieldPos106\FieldPos106_page_9.png,0,tbf_imgs::FieldPos106,,dataset,train,FieldPos106,tbf_imgs::FieldPos106
tbf_imgs,D:\Dineth\focus_binary_benchmark\dataset\tbf_imgs\unfocused\FieldPos107\FieldPos107_page_1.png,0,tbf_imgs::FieldPos107,,dataset,test,FieldPos107,tbf_imgs::FieldPos107
tbf_imgs,D:\Dineth\focus_binary_benchmark\dataset\tbf_imgs\unfocused\FieldPos107\FieldPos107_page_10.png,0,tbf_imgs::FieldPos107,,dataset,test,FieldPos107,tbf_imgs::FieldPos107
tbf_imgs,D:\Dineth\focus_binary_benchmark\dataset\tbf_imgs\unfocused\FieldPos107\FieldPos107_page_11.png,0,tbf_imgs::FieldPos107,,dataset,test,FieldPos107,tbf_imgs::FieldPos107
tbf_imgs,D:\Dineth\focus_binary_benchmark\dataset\tbf_imgs\unfocused\FieldPos107\FieldPos107_page_12.png,0,tbf_imgs::FieldPos107,,dataset,test,FieldPos107,tbf_imgs::FieldPos107
tbf_imgs,D:\Dineth\focus_binary_benchmark\dataset\tbf_imgs\unfocused\FieldPos107\FieldPos107_page_13.png,0,tbf_imgs::FieldPos107,,dataset,test,FieldPos107,tbf_imgs::FieldPos107
tbf_imgs,D:\Dineth\focus_binary_benchmark\dataset\tbf_imgs\unfocused\FieldPos107\FieldPos107_page_14.png,0,tbf_imgs::FieldPos107,,dataset,test,FieldPos107,tbf_imgs::FieldPos107
tbf_imgs,D:\Dineth\focus_binary_benchmark\dataset\tbf_imgs\unfocused\FieldPos107\FieldPos107_page_2.png,0,tbf_imgs::FieldPos107,,dataset,test,FieldPos107,tbf_imgs::FieldPos107
tbf_imgs,D:\Dineth\focus_binary_benchmark\dataset\tbf_imgs\unfocused\FieldPos107\FieldPos107_page_3.png,0,tbf_imgs::FieldPos107,,dataset,test,FieldPos107,tbf_imgs::FieldPos107
tbf_imgs,D:\Dineth\focus_binary_benchmark\dataset\tbf_imgs\unfocused\FieldPos107\FieldPos107_page_7.png,0,tbf_imgs::FieldPos107,,dataset,test,FieldPos107,tbf_imgs::FieldPos107
tbf_imgs,D:\Dineth\focus_binary_benchmark\dataset\tbf_imgs\unfocused\FieldPos107\FieldPos107_page_8.png,0,tbf_imgs::FieldPos107,,dataset,test,FieldPos107,tbf_imgs::FieldPos107
tbf_imgs,D:\Dineth\focus_binary_benchmark\dataset\tbf_imgs\unfocused\FieldPos107\FieldPos107_page_9.png,0,tbf_imgs::FieldPos107,,dataset,test,FieldPos107,tbf_imgs::FieldPos107
tbf_imgs,D:\Dineth\focus_binary_benchmark\dataset\tbf_imgs\unfocused\FieldPos108\FieldPos108_page_1.png,0,tbf_imgs::FieldPos108,,dataset,train,FieldPos108,tbf_imgs::FieldPos108
tbf_imgs,D:\Dineth\focus_binary_benchmark\dataset\tbf_imgs\unfocused\FieldPos108\FieldPos108_page_10.png,0,tbf_imgs::FieldPos108,,dataset,train,FieldPos108,tbf_imgs::FieldPos108
tbf_imgs,D:\Dineth\focus_binary_benchmark\dataset\tbf_imgs\unfocused\FieldPos108\FieldPos108_page_11.png,0,tbf_imgs::FieldPos108,,dataset,train,FieldPos108,tbf_imgs::FieldPos108
tbf_imgs,D:\Dineth\focus_binary_benchmark\dataset\tbf_imgs\unfocused\FieldPos108\FieldPos108_page_12.png,0,tbf_imgs::FieldPos108,,dataset,train,FieldPos108,tbf_imgs::FieldPos108
tbf_imgs,D:\Dineth\focus_binary_benchmark\dataset\tbf_imgs\unfocused\FieldPos108\FieldPos108_page_13.png,0,tbf_imgs::FieldPos108,,dataset,train,FieldPos108,tbf_imgs::FieldPos108
tbf_imgs,D:\Dineth\focus_binary_benchmark\dataset\tbf_imgs\unfocused\FieldPos108\FieldPos108_page_14.png,0,tbf_imgs::FieldPos108,,dataset,train,FieldPos108,tbf_imgs::FieldPos108
tbf_imgs,D:\Dineth\focus_binary_benchmark\dataset\tbf_imgs\unfocused\FieldPos108\FieldPos108_page_2.png,0,tbf_imgs::FieldPos108,,dataset,train,FieldPos108,tbf_imgs::FieldPos108
tbf_imgs,D:\Dineth\focus_binary_benchmark\dataset\tbf_imgs\unfocused\FieldPos108\FieldPos108_page_3.png,0,tbf_imgs::FieldPos108,,dataset,train,FieldPos108,tbf_imgs::FieldPos108
tbf_imgs,D:\Dineth\focus_binary_benchmark\dataset\tbf_imgs\unfocused\FieldPos108\FieldPos108_page_7.png,0,tbf_imgs::FieldPos108,,dataset,train,FieldPos108,tbf_imgs::FieldPos108
tbf_imgs,D:\Dineth\focus_binary_benchmark\dataset\tbf_imgs\unfocused\FieldPos108\FieldPos108_page_8.png,0,tbf_imgs::FieldPos108,,dataset,train,FieldPos108,tbf_imgs::FieldPos108
tbf_imgs,D:\Dineth\focus_binary_benchmark\dataset\tbf_imgs\unfocused\FieldPos108\FieldPos108_page_9.png,0,tbf_imgs::FieldPos108,,dataset,train,FieldPos108,tbf_imgs::FieldPos108
tbf_imgs,D:\Dineth\focus_binary_benchmark\dataset\tbf_imgs\unfocused\FieldPos109\FieldPos109_page_1.png,0,tbf_imgs::FieldPos109,,dataset,test,FieldPos109,tbf_imgs::FieldPos109
tbf_imgs,D:\Dineth\focus_binary_benchmark\dataset\tbf_imgs\unfocused\FieldPos109\FieldPos109_page_10.png,0,tbf_imgs::FieldPos109,,dataset,test,FieldPos109,tbf_imgs::FieldPos109
tbf_imgs,D:\Dineth\focus_binary_benchmark\dataset\tbf_imgs\unfocused\FieldPos109\FieldPos109_page_11.png,0,tbf_imgs::FieldPos109,,dataset,test,FieldPos109,tbf_imgs::FieldPos109
tbf_imgs,D:\Dineth\focus_binary_benchmark\dataset\tbf_imgs\unfocused\FieldPos109\FieldPos109_page_12.png,0,tbf_imgs::FieldPos109,,dataset,test,FieldPos109,tbf_imgs::FieldPos109
tbf_imgs,D:\Dineth\focus_binary_benchmark\dataset\tbf_imgs\unfocused\FieldPos109\FieldPos109_page_13.png,0,tbf_imgs::FieldPos109,,dataset,test,FieldPos109,tbf_imgs::FieldPos109
tbf_imgs,D:\Dineth\focus_binary_benchmark\dataset\tbf_imgs\unfocused\FieldPos109\FieldPos109_page_14.png,0,tbf_imgs::FieldPos109,,dataset,test,FieldPos109,tbf_imgs::FieldPos109
tbf_imgs,D:\Dineth\focus_binary_benchmark\dataset\tbf_imgs\unfocused\FieldPos109\FieldPos109_page_2.png,0,tbf_imgs::FieldPos109,,dataset,test,FieldPos109,tbf_imgs::FieldPos109
tbf_imgs,D:\Dineth\focus_binary_benchmark\dataset\tbf_imgs\unfocused\FieldPos109\FieldPos109_page_3.png,0,tbf_imgs::FieldPos109,,dataset,test,FieldPos109,tbf_imgs::FieldPos109
tbf_imgs,D:\Dineth\focus_binary_benchmark\dataset\tbf_imgs\unfocused\FieldPos109\FieldPos109_page_7.png,0,tbf_imgs::FieldPos109,,dataset,test,FieldPos109,tbf_imgs::FieldPos109
tbf_imgs,D:\Dineth\focus_binary_benchmark\dataset\tbf_imgs\unfocused\FieldPos109\FieldPos109_page_8.png,0,tbf_imgs::FieldPos109,,dataset,test,FieldPos109,tbf_imgs::FieldPos109
tbf_imgs,D:\Dineth\focus_binary_benchmark\dataset\tbf_imgs\unfocused\FieldPos109\FieldPos109_page_9.png,0,tbf_imgs::FieldPos109,,dataset,test,FieldPos109,tbf_imgs::FieldPos109
tbf_imgs,D:\Dineth\focus_binary_benchmark\dataset\tbf_imgs\unfocused\FieldPos110\FieldPos110_page_1.png,0,tbf_imgs::FieldPos110,,dataset,train,FieldPos110,tbf_imgs::FieldPos110
tbf_imgs,D:\Dineth\focus_binary_benchmark\dataset\tbf_imgs\unfocused\FieldPos110\FieldPos110_page_10.png,0,tbf_imgs::FieldPos110,,dataset,train,FieldPos110,tbf_imgs::FieldPos110
tbf_imgs,D:\Dineth\focus_binary_benchmark\dataset\tbf_imgs\unfocused\FieldPos110\FieldPos110_page_11.png,0,tbf_imgs::FieldPos110,,dataset,train,FieldPos110,tbf_imgs::FieldPos110
tbf_imgs,D:\Dineth\focus_binary_benchmark\dataset\tbf_imgs\unfocused\FieldPos110\FieldPos110_page_12.png,0,tbf_imgs::FieldPos110,,dataset,train,FieldPos110,tbf_imgs::FieldPos110
tbf_imgs,D:\Dineth\focus_binary_benchmark\dataset\tbf_imgs\unfocused\FieldPos110\FieldPos110_page_13.png,0,tbf_imgs::FieldPos110,,dataset,train,FieldPos110,tbf_imgs::FieldPos110
tbf_imgs,D:\Dineth\focus_binary_benchmark\dataset\tbf_imgs\unfocused\FieldPos110\FieldPos110_page_14.png,0,tbf_imgs::FieldPos110,,dataset,train,FieldPos110,tbf_imgs::FieldPos110
tbf_imgs,D:\Dineth\focus_binary_benchmark\dataset\tbf_imgs\unfocused\FieldPos110\FieldPos110_page_2.png,0,tbf_imgs::FieldPos110,,dataset,train,FieldPos110,tbf_imgs::FieldPos110
tbf_imgs,D:\Dineth\focus_binary_benchmark\dataset\tbf_imgs\unfocused\FieldPos110\FieldPos110_page_3.png,0,tbf_imgs::FieldPos110,,dataset,train,FieldPos110,tbf_imgs::FieldPos110
tbf_imgs,D:\Dineth\focus_binary_benchmark\dataset\tbf_imgs\unfocused\FieldPos110\FieldPos110_page_4.png,0,tbf_imgs::FieldPos110,,dataset,train,FieldPos110,tbf_imgs::FieldPos110
tbf_imgs,D:\Dineth\focus_binary_benchmark\dataset\tbf_imgs\unfocused\FieldPos110\FieldPos110_page_5.png,0,tbf_imgs::FieldPos110,,dataset,train,FieldPos110,tbf_imgs::FieldPos110
tbf_imgs,D:\Dineth\focus_binary_benchmark\dataset\tbf_imgs\unfocused\FieldPos110\FieldPos110_page_9.png,0,tbf_imgs::FieldPos110,,dataset,train,FieldPos110,tbf_imgs::FieldPos110
tbf_imgs,D:\Dineth\focus_binary_benchmark\dataset\tbf_imgs\unfocused\FieldPos111\FieldPos111_page_1.png,0,tbf_imgs::FieldPos111,,dataset,train,FieldPos111,tbf_imgs::FieldPos111
tbf_imgs,D:\Dineth\focus_binary_benchmark\dataset\tbf_imgs\unfocused\FieldPos111\FieldPos111_page_10.png,0,tbf_imgs::FieldPos111,,dataset,train,FieldPos111,tbf_imgs::FieldPos111
tbf_imgs,D:\Dineth\focus_binary_benchmark\dataset\tbf_imgs\unfocused\FieldPos111\FieldPos111_page_11.png,0,tbf_imgs::FieldPos111,,dataset,train,FieldPos111,tbf_imgs::FieldPos111
tbf_imgs,D:\Dineth\focus_binary_benchmark\dataset\tbf_imgs\unfocused\FieldPos111\FieldPos111_page_12.png,0,tbf_imgs::FieldPos111,,dataset,train,FieldPos111,tbf_imgs::FieldPos111
tbf_imgs,D:\Dineth\focus_binary_benchmark\dataset\tbf_imgs\unfocused\FieldPos111\FieldPos111_page_13.png,0,tbf_imgs::FieldPos111,,dataset,train,FieldPos111,tbf_imgs::FieldPos111
tbf_imgs,D:\Dineth\focus_binary_benchmark\dataset\tbf_imgs\unfocused\FieldPos111\FieldPos111_page_14.png,0,tbf_imgs::FieldPos111,,dataset,train,FieldPos111,tbf_imgs::FieldPos111
tbf_imgs,D:\Dineth\focus_binary_benchmark\dataset\tbf_imgs\unfocused\FieldPos111\FieldPos111_page_2.png,0,tbf_imgs::FieldPos111,,dataset,train,FieldPos111,tbf_imgs::FieldPos111
tbf_imgs,D:\Dineth\focus_binary_benchmark\dataset\tbf_imgs\unfocused\FieldPos111\FieldPos111_page_3.png,0,tbf_imgs::FieldPos111,,dataset,train,FieldPos111,tbf_imgs::FieldPos111
tbf_imgs,D:\Dineth\focus_binary_benchmark\dataset\tbf_imgs\unfocused\FieldPos111\FieldPos111_page_4.png,0,tbf_imgs::FieldPos111,,dataset,train,FieldPos111,tbf_imgs::FieldPos111
tbf_imgs,D:\Dineth\focus_binary_benchmark\dataset\tbf_imgs\unfocused\FieldPos111\FieldPos111_page_5.png,0,tbf_imgs::FieldPos111,,dataset,train,FieldPos111,tbf_imgs::FieldPos111
tbf_imgs,D:\Dineth\focus_binary_benchmark\dataset\tbf_imgs\unfocused\FieldPos111\FieldPos111_page_6.png,0,tbf_imgs::FieldPos111,,dataset,train,FieldPos111,tbf_imgs::FieldPos111
tbf_imgs,D:\Dineth\focus_binary_benchmark\dataset\tbf_imgs\unfocused\FieldPos112\FieldPos112_page_1.png,0,tbf_imgs::FieldPos112,,dataset,train,FieldPos112,tbf_imgs::FieldPos112
tbf_imgs,D:\Dineth\focus_binary_benchmark\dataset\tbf_imgs\unfocused\FieldPos112\FieldPos112_page_10.png,0,tbf_imgs::FieldPos112,,dataset,train,FieldPos112,tbf_imgs::FieldPos112
tbf_imgs,D:\Dineth\focus_binary_benchmark\dataset\tbf_imgs\unfocused\FieldPos112\FieldPos112_page_11.png,0,tbf_imgs::FieldPos112,,dataset,train,FieldPos112,tbf_imgs::FieldPos112
tbf_imgs,D:\Dineth\focus_binary_benchmark\dataset\tbf_imgs\unfocused\FieldPos112\FieldPos112_page_12.png,0,tbf_imgs::FieldPos112,,dataset,train,FieldPos112,tbf_imgs::FieldPos112
tbf_imgs,D:\Dineth\focus_binary_benchmark\dataset\tbf_imgs\unfocused\FieldPos112\FieldPos112_page_13.png,0,tbf_imgs::FieldPos112,,dataset,train,FieldPos112,tbf_imgs::FieldPos112
tbf_imgs,D:\Dineth\focus_binary_benchmark\dataset\tbf_imgs\unfocused\FieldPos112\FieldPos112_page_14.png,0,tbf_imgs::FieldPos112,,dataset,train,FieldPos112,tbf_imgs::FieldPos112
tbf_imgs,D:\Dineth\focus_binary_benchmark\dataset\tbf_imgs\unfocused\FieldPos112\FieldPos112_page_2.png,0,tbf_imgs::FieldPos112,,dataset,train,FieldPos112,tbf_imgs::FieldPos112
tbf_imgs,D:\Dineth\focus_binary_benchmark\dataset\tbf_imgs\unfocused\FieldPos112\FieldPos112_page_3.png,0,tbf_imgs::FieldPos112,,dataset,train,FieldPos112,tbf_imgs::FieldPos112
tbf_imgs,D:\Dineth\focus_binary_benchmark\dataset\tbf_imgs\unfocused\FieldPos112\FieldPos112_page_4.png,0,tbf_imgs::FieldPos112,,dataset,train,FieldPos112,tbf_imgs::FieldPos112
tbf_imgs,D:\Dineth\focus_binary_benchmark\dataset\tbf_imgs\unfocused\FieldPos112\FieldPos112_page_5.png,0,tbf_imgs::FieldPos112,,dataset,train,FieldPos112,tbf_imgs::FieldPos112
tbf_imgs,D:\Dineth\focus_binary_benchmark\dataset\tbf_imgs\unfocused\FieldPos112\FieldPos112_page_6.png,0,tbf_imgs::FieldPos112,,dataset,train,FieldPos112,tbf_imgs::FieldPos112
tbf_imgs,D:\Dineth\focus_binary_benchmark\dataset\tbf_imgs\unfocused\FieldPos113\FieldPos113_page_1.png,0,tbf_imgs::FieldPos113,,dataset,train,FieldPos113,tbf_imgs::FieldPos113
tbf_imgs,D:\Dineth\focus_binary_benchmark\dataset\tbf_imgs\unfocused\FieldPos113\FieldPos113_page_10.png,0,tbf_imgs::FieldPos113,,dataset,train,FieldPos113,tbf_imgs::FieldPos113
tbf_imgs,D:\Dineth\focus_binary_benchmark\dataset\tbf_imgs\unfocused\FieldPos113\FieldPos113_page_11.png,0,tbf_imgs::FieldPos113,,dataset,train,FieldPos113,tbf_imgs::FieldPos113
tbf_imgs,D:\Dineth\focus_binary_benchmark\dataset\tbf_imgs\unfocused\FieldPos113\FieldPos113_page_12.png,0,tbf_imgs::FieldPos113,,dataset,train,FieldPos113,tbf_imgs::FieldPos113
tbf_imgs,D:\Dineth\focus_binary_benchmark\dataset\tbf_imgs\unfocused\FieldPos113\FieldPos113_page_13.png,0,tbf_imgs::FieldPos113,,dataset,train,FieldPos113,tbf_imgs::FieldPos113
tbf_imgs,D:\Dineth\focus_binary_benchmark\dataset\tbf_imgs\unfocused\FieldPos113\FieldPos113_page_14.png,0,tbf_imgs::FieldPos113,,dataset,train,FieldPos113,tbf_imgs::FieldPos113
tbf_imgs,D:\Dineth\focus_binary_benchmark\dataset\tbf_imgs\unfocused\FieldPos113\FieldPos113_page_2.png,0,tbf_imgs::FieldPos113,,dataset,train,FieldPos113,tbf_imgs::FieldPos113
tbf_imgs,D:\Dineth\focus_binary_benchmark\dataset\tbf_imgs\unfocused\FieldPos113\FieldPos113_page_3.png,0,tbf_imgs::FieldPos113,,dataset,train,FieldPos113,tbf_imgs::FieldPos113
tbf_imgs,D:\Dineth\focus_binary_benchmark\dataset\tbf_imgs\unfocused\FieldPos113\FieldPos113_page_4.png,0,tbf_imgs::FieldPos113,,dataset,train,FieldPos113,tbf_imgs::FieldPos113
tbf_imgs,D:\Dineth\focus_binary_benchmark\dataset\tbf_imgs\unfocused\FieldPos113\FieldPos113_page_8.png,0,tbf_imgs::FieldPos113,,dataset,train,FieldPos113,tbf_imgs::FieldPos113
tbf_imgs,D:\Dineth\focus_binary_benchmark\dataset\tbf_imgs\unfocused\FieldPos113\FieldPos113_page_9.png,0,tbf_imgs::FieldPos113,,dataset,train,FieldPos113,tbf_imgs::FieldPos113
tbf_imgs,D:\Dineth\focus_binary_benchmark\dataset\tbf_imgs\unfocused\FieldPos114\FieldPos114_page_1.png,0,tbf_imgs::FieldPos114,,dataset,train,FieldPos114,tbf_imgs::FieldPos114
tbf_imgs,D:\Dineth\focus_binary_benchmark\dataset\tbf_imgs\unfocused\FieldPos114\FieldPos114_page_10.png,0,tbf_imgs::FieldPos114,,dataset,train,FieldPos114,tbf_imgs::FieldPos114
tbf_imgs,D:\Dineth\focus_binary_benchmark\dataset\tbf_imgs\unfocused\FieldPos114\FieldPos114_page_11.png,0,tbf_imgs::FieldPos114,,dataset,train,FieldPos114,tbf_imgs::FieldPos114
tbf_imgs,D:\Dineth\focus_binary_benchmark\dataset\tbf_imgs\unfocused\FieldPos114\FieldPos114_page_12.png,0,tbf_imgs::FieldPos114,,dataset,train,FieldPos114,tbf_imgs::FieldPos114
tbf_imgs,D:\Dineth\focus_binary_benchmark\dataset\tbf_imgs\unfocused\FieldPos114\FieldPos114_page_13.png,0,tbf_imgs::FieldPos114,,dataset,train,FieldPos114,tbf_imgs::FieldPos114
tbf_imgs,D:\Dineth\focus_binary_benchmark\dataset\tbf_imgs\unfocused\FieldPos114\FieldPos114_page_14.png,0,tbf_imgs::FieldPos114,,dataset,train,FieldPos114,tbf_imgs::FieldPos114
tbf_imgs,D:\Dineth\focus_binary_benchmark\dataset\tbf_imgs\unfocused\FieldPos114\FieldPos114_page_2.png,0,tbf_imgs::FieldPos114,,dataset,train,FieldPos114,tbf_imgs::FieldPos114
tbf_imgs,D:\Dineth\focus_binary_benchmark\dataset\tbf_imgs\unfocused\FieldPos114\FieldPos114_page_3.png,0,tbf_imgs::FieldPos114,,dataset,train,FieldPos114,tbf_imgs::FieldPos114
tbf_imgs,D:\Dineth\focus_binary_benchmark\dataset\tbf_imgs\unfocused\FieldPos114\FieldPos114_page_4.png,0,tbf_imgs::FieldPos114,,dataset,train,FieldPos114,tbf_imgs::FieldPos114
tbf_imgs,D:\Dineth\focus_binary_benchmark\dataset\tbf_imgs\unfocused\FieldPos114\FieldPos114_page_8.png,0,tbf_imgs::FieldPos114,,dataset,train,FieldPos114,tbf_imgs::FieldPos114
tbf_imgs,D:\Dineth\focus_binary_benchmark\dataset\tbf_imgs\unfocused\FieldPos114\FieldPos114_page_9.png,0,tbf_imgs::FieldPos114,,dataset,train,FieldPos114,tbf_imgs::FieldPos114
tbf_imgs,D:\Dineth\focus_binary_benchmark\dataset\tbf_imgs\unfocused\FieldPos115\FieldPos115_page_1.png,0,tbf_imgs::FieldPos115,,dataset,train,FieldPos115,tbf_imgs::FieldPos115
tbf_imgs,D:\Dineth\focus_binary_benchmark\dataset\tbf_imgs\unfocused\FieldPos115\FieldPos115_page_10.png,0,tbf_imgs::FieldPos115,,dataset,train,FieldPos115,tbf_imgs::FieldPos115
tbf_imgs,D:\Dineth\focus_binary_benchmark\dataset\tbf_imgs\unfocused\FieldPos115\FieldPos115_page_11.png,0,tbf_imgs::FieldPos115,,dataset,train,FieldPos115,tbf_imgs::FieldPos115
tbf_imgs,D:\Dineth\focus_binary_benchmark\dataset\tbf_imgs\unfocused\FieldPos115\FieldPos115_page_12.png,0,tbf_imgs::FieldPos115,,dataset,train,FieldPos115,tbf_imgs::FieldPos115
tbf_imgs,D:\Dineth\focus_binary_benchmark\dataset\tbf_imgs\unfocused\FieldPos115\FieldPos115_page_13.png,0,tbf_imgs::FieldPos115,,dataset,train,FieldPos115,tbf_imgs::FieldPos115
tbf_imgs,D:\Dineth\focus_binary_benchmark\dataset\tbf_imgs\unfocused\FieldPos115\FieldPos115_page_14.png,0,tbf_imgs::FieldPos115,,dataset,train,FieldPos115,tbf_imgs::FieldPos115
tbf_imgs,D:\Dineth\focus_binary_benchmark\dataset\tbf_imgs\unfocused\FieldPos115\FieldPos115_page_2.png,0,tbf_imgs::FieldPos115,,dataset,train,FieldPos115,tbf_imgs::FieldPos115
tbf_imgs,D:\Dineth\focus_binary_benchmark\dataset\tbf_imgs\unfocused\FieldPos115\FieldPos115_page_3.png,0,tbf_imgs::FieldPos115,,dataset,train,FieldPos115,tbf_imgs::FieldPos115
tbf_imgs,D:\Dineth\focus_binary_benchmark\dataset\tbf_imgs\unfocused\FieldPos115\FieldPos115_page_7.png,0,tbf_imgs::FieldPos115,,dataset,train,FieldPos115,tbf_imgs::FieldPos115
tbf_imgs,D:\Dineth\focus_binary_benchmark\dataset\tbf_imgs\unfocused\FieldPos115\FieldPos115_page_8.png,0,tbf_imgs::FieldPos115,,dataset,train,FieldPos115,tbf_imgs::FieldPos115
tbf_imgs,D:\Dineth\focus_binary_benchmark\dataset\tbf_imgs\unfocused\FieldPos115\FieldPos115_page_9.png,0,tbf_imgs::FieldPos115,,dataset,train,FieldPos115,tbf_imgs::FieldPos115
tbf_imgs,D:\Dineth\focus_binary_benchmark\dataset\tbf_imgs\unfocused\FieldPos121\FieldPos121_page_1.png,0,tbf_imgs::FieldPos121,,dataset,val,FieldPos121,tbf_imgs::FieldPos121
tbf_imgs,D:\Dineth\focus_binary_benchmark\dataset\tbf_imgs\unfocused\FieldPos121\FieldPos121_page_10.png,0,tbf_imgs::FieldPos121,,dataset,val,FieldPos121,tbf_imgs::FieldPos121
tbf_imgs,D:\Dineth\focus_binary_benchmark\dataset\tbf_imgs\unfocused\FieldPos121\FieldPos121_page_11.png,0,tbf_imgs::FieldPos121,,dataset,val,FieldPos121,tbf_imgs::FieldPos121
tbf_imgs,D:\Dineth\focus_binary_benchmark\dataset\tbf_imgs\unfocused\FieldPos121\FieldPos121_page_12.png,0,tbf_imgs::FieldPos121,,dataset,val,FieldPos121,tbf_imgs::FieldPos121
tbf_imgs,D:\Dineth\focus_binary_benchmark\dataset\tbf_imgs\unfocused\FieldPos121\FieldPos121_page_13.png,0,tbf_imgs::FieldPos121,,dataset,val,FieldPos121,tbf_imgs::FieldPos121
tbf_imgs,D:\Dineth\focus_binary_benchmark\dataset\tbf_imgs\unfocused\FieldPos121\FieldPos121_page_14.png,0,tbf_imgs::FieldPos121,,dataset,val,FieldPos121,tbf_imgs::FieldPos121
tbf_imgs,D:\Dineth\focus_binary_benchmark\dataset\tbf_imgs\unfocused\FieldPos121\FieldPos121_page_2.png,0,tbf_imgs::FieldPos121,,dataset,val,FieldPos121,tbf_imgs::FieldPos121
tbf_imgs,D:\Dineth\focus_binary_benchmark\dataset\tbf_imgs\unfocused\FieldPos121\FieldPos121_page_3.png,0,tbf_imgs::FieldPos121,,dataset,val,FieldPos121,tbf_imgs::FieldPos121
tbf_imgs,D:\Dineth\focus_binary_benchmark\dataset\tbf_imgs\unfocused\FieldPos121\FieldPos121_page_4.png,0,tbf_imgs::FieldPos121,,dataset,val,FieldPos121,tbf_imgs::FieldPos121
tbf_imgs,D:\Dineth\focus_binary_benchmark\dataset\tbf_imgs\unfocused\FieldPos121\FieldPos121_page_8.png,0,tbf_imgs::FieldPos121,,dataset,val,FieldPos121,tbf_imgs::FieldPos121
tbf_imgs,D:\Dineth\focus_binary_benchmark\dataset\tbf_imgs\unfocused\FieldPos121\FieldPos121_page_9.png,0,tbf_imgs::FieldPos121,,dataset,val,FieldPos121,tbf_imgs::FieldPos121
tbf_imgs,D:\Dineth\focus_binary_benchmark\dataset\tbf_imgs\unfocused\FieldPos123\FieldPos123_page_1.png,0,tbf_imgs::FieldPos123,,dataset,test,FieldPos123,tbf_imgs::FieldPos123
tbf_imgs,D:\Dineth\focus_binary_benchmark\dataset\tbf_imgs\unfocused\FieldPos123\FieldPos123_page_10.png,0,tbf_imgs::FieldPos123,,dataset,test,FieldPos123,tbf_imgs::FieldPos123
tbf_imgs,D:\Dineth\focus_binary_benchmark\dataset\tbf_imgs\unfocused\FieldPos123\FieldPos123_page_11.png,0,tbf_imgs::FieldPos123,,dataset,test,FieldPos123,tbf_imgs::FieldPos123
tbf_imgs,D:\Dineth\focus_binary_benchmark\dataset\tbf_imgs\unfocused\FieldPos123\FieldPos123_page_12.png,0,tbf_imgs::FieldPos123,,dataset,test,FieldPos123,tbf_imgs::FieldPos123
tbf_imgs,D:\Dineth\focus_binary_benchmark\dataset\tbf_imgs\unfocused\FieldPos123\FieldPos123_page_13.png,0,tbf_imgs::FieldPos123,,dataset,test,FieldPos123,tbf_imgs::FieldPos123
tbf_imgs,D:\Dineth\focus_binary_benchmark\dataset\tbf_imgs\unfocused\FieldPos123\FieldPos123_page_14.png,0,tbf_imgs::FieldPos123,,dataset,test,FieldPos123,tbf_imgs::FieldPos123
tbf_imgs,D:\Dineth\focus_binary_benchmark\dataset\tbf_imgs\unfocused\FieldPos123\FieldPos123_page_2.png,0,tbf_imgs::FieldPos123,,dataset,test,FieldPos123,tbf_imgs::FieldPos123
tbf_imgs,D:\Dineth\focus_binary_benchmark\dataset\tbf_imgs\unfocused\FieldPos123\FieldPos123_page_3.png,0,tbf_imgs::FieldPos123,,dataset,test,FieldPos123,tbf_imgs::FieldPos123
tbf_imgs,D:\Dineth\focus_binary_benchmark\dataset\tbf_imgs\unfocused\FieldPos123\FieldPos123_page_7.png,0,tbf_imgs::FieldPos123,,dataset,test,FieldPos123,tbf_imgs::FieldPos123
tbf_imgs,D:\Dineth\focus_binary_benchmark\dataset\tbf_imgs\unfocused\FieldPos123\FieldPos123_page_8.png,0,tbf_imgs::FieldPos123,,dataset,test,FieldPos123,tbf_imgs::FieldPos123
tbf_imgs,D:\Dineth\focus_binary_benchmark\dataset\tbf_imgs\unfocused\FieldPos123\FieldPos123_page_9.png,0,tbf_imgs::FieldPos123,,dataset,test,FieldPos123,tbf_imgs::FieldPos123
tbf_imgs,D:\Dineth\focus_binary_benchmark\dataset\tbf_imgs\unfocused\FieldPos125\FieldPos125_page_1.png,0,tbf_imgs::FieldPos125,,dataset,train,FieldPos125,tbf_imgs::FieldPos125
tbf_imgs,D:\Dineth\focus_binary_benchmark\dataset\tbf_imgs\unfocused\FieldPos125\FieldPos125_page_10.png,0,tbf_imgs::FieldPos125,,dataset,train,FieldPos125,tbf_imgs::FieldPos125
tbf_imgs,D:\Dineth\focus_binary_benchmark\dataset\tbf_imgs\unfocused\FieldPos125\FieldPos125_page_11.png,0,tbf_imgs::FieldPos125,,dataset,train,FieldPos125,tbf_imgs::FieldPos125
tbf_imgs,D:\Dineth\focus_binary_benchmark\dataset\tbf_imgs\unfocused\FieldPos125\FieldPos125_page_12.png,0,tbf_imgs::FieldPos125,,dataset,train,FieldPos125,tbf_imgs::FieldPos125
tbf_imgs,D:\Dineth\focus_binary_benchmark\dataset\tbf_imgs\unfocused\FieldPos125\FieldPos125_page_13.png,0,tbf_imgs::FieldPos125,,dataset,train,FieldPos125,tbf_imgs::FieldPos125
tbf_imgs,D:\Dineth\focus_binary_benchmark\dataset\tbf_imgs\unfocused\FieldPos125\FieldPos125_page_14.png,0,tbf_imgs::FieldPos125,,dataset,train,FieldPos125,tbf_imgs::FieldPos125
tbf_imgs,D:\Dineth\focus_binary_benchmark\dataset\tbf_imgs\unfocused\FieldPos125\FieldPos125_page_2.png,0,tbf_imgs::FieldPos125,,dataset,train,FieldPos125,tbf_imgs::FieldPos125
tbf_imgs,D:\Dineth\focus_binary_benchmark\dataset\tbf_imgs\unfocused\FieldPos125\FieldPos125_page_3.png,0,tbf_imgs::FieldPos125,,dataset,train,FieldPos125,tbf_imgs::FieldPos125
tbf_imgs,D:\Dineth\focus_binary_benchmark\dataset\tbf_imgs\unfocused\FieldPos125\FieldPos125_page_4.png,0,tbf_imgs::FieldPos125,,dataset,train,FieldPos125,tbf_imgs::FieldPos125
tbf_imgs,D:\Dineth\focus_binary_benchmark\dataset\tbf_imgs\unfocused\FieldPos125\FieldPos125_page_5.png,0,tbf_imgs::FieldPos125,,dataset,train,FieldPos125,tbf_imgs::FieldPos125
tbf_imgs,D:\Dineth\focus_binary_benchmark\dataset\tbf_imgs\unfocused\FieldPos125\FieldPos125_page_9.png,0,tbf_imgs::FieldPos125,,dataset,train,FieldPos125,tbf_imgs::FieldPos125
tbf_imgs,D:\Dineth\focus_binary_benchmark\dataset\tbf_imgs\unfocused\FieldPos200\FieldPos200_page_1.png,0,tbf_imgs::FieldPos200,,dataset,train,FieldPos200,tbf_imgs::FieldPos200
tbf_imgs,D:\Dineth\focus_binary_benchmark\dataset\tbf_imgs\unfocused\FieldPos200\FieldPos200_page_10.png,0,tbf_imgs::FieldPos200,,dataset,train,FieldPos200,tbf_imgs::FieldPos200
tbf_imgs,D:\Dineth\focus_binary_benchmark\dataset\tbf_imgs\unfocused\FieldPos200\FieldPos200_page_11.png,0,tbf_imgs::FieldPos200,,dataset,train,FieldPos200,tbf_imgs::FieldPos200
tbf_imgs,D:\Dineth\focus_binary_benchmark\dataset\tbf_imgs\unfocused\FieldPos200\FieldPos200_page_12.png,0,tbf_imgs::FieldPos200,,dataset,train,FieldPos200,tbf_imgs::FieldPos200
tbf_imgs,D:\Dineth\focus_binary_benchmark\dataset\tbf_imgs\unfocused\FieldPos200\FieldPos200_page_13.png,0,tbf_imgs::FieldPos200,,dataset,train,FieldPos200,tbf_imgs::FieldPos200
tbf_imgs,D:\Dineth\focus_binary_benchmark\dataset\tbf_imgs\unfocused\FieldPos200\FieldPos200_page_14.png,0,tbf_imgs::FieldPos200,,dataset,train,FieldPos200,tbf_imgs::FieldPos200
tbf_imgs,D:\Dineth\focus_binary_benchmark\dataset\tbf_imgs\unfocused\FieldPos200\FieldPos200_page_2.png,0,tbf_imgs::FieldPos200,,dataset,train,FieldPos200,tbf_imgs::FieldPos200
tbf_imgs,D:\Dineth\focus_binary_benchmark\dataset\tbf_imgs\unfocused\FieldPos200\FieldPos200_page_3.png,0,tbf_imgs::FieldPos200,,dataset,train,FieldPos200,tbf_imgs::FieldPos200
tbf_imgs,D:\Dineth\focus_binary_benchmark\dataset\tbf_imgs\unfocused\FieldPos200\FieldPos200_page_4.png,0,tbf_imgs::FieldPos200,,dataset,train,FieldPos200,tbf_imgs::FieldPos200
tbf_imgs,D:\Dineth\focus_binary_benchmark\dataset\tbf_imgs\unfocused\FieldPos200\FieldPos200_page_5.png,0,tbf_imgs::FieldPos200,,dataset,train,FieldPos200,tbf_imgs::FieldPos200
tbf_imgs,D:\Dineth\focus_binary_benchmark\dataset\tbf_imgs\unfocused\FieldPos200\FieldPos200_page_9.png,0,tbf_imgs::FieldPos200,,dataset,train,FieldPos200,tbf_imgs::FieldPos200
tbf_imgs,D:\Dineth\focus_binary_benchmark\dataset\tbf_imgs\unfocused\FieldPos203\FieldPos203_page_1.png,0,tbf_imgs::FieldPos203,,dataset,val,FieldPos203,tbf_imgs::FieldPos203
tbf_imgs,D:\Dineth\focus_binary_benchmark\dataset\tbf_imgs\unfocused\FieldPos203\FieldPos203_page_10.png,0,tbf_imgs::FieldPos203,,dataset,val,FieldPos203,tbf_imgs::FieldPos203
tbf_imgs,D:\Dineth\focus_binary_benchmark\dataset\tbf_imgs\unfocused\FieldPos203\FieldPos203_page_11.png,0,tbf_imgs::FieldPos203,,dataset,val,FieldPos203,tbf_imgs::FieldPos203
tbf_imgs,D:\Dineth\focus_binary_benchmark\dataset\tbf_imgs\unfocused\FieldPos203\FieldPos203_page_12.png,0,tbf_imgs::FieldPos203,,dataset,val,FieldPos203,tbf_imgs::FieldPos203
tbf_imgs,D:\Dineth\focus_binary_benchmark\dataset\tbf_imgs\unfocused\FieldPos203\FieldPos203_page_13.png,0,tbf_imgs::FieldPos203,,dataset,val,FieldPos203,tbf_imgs::FieldPos203
tbf_imgs,D:\Dineth\focus_binary_benchmark\dataset\tbf_imgs\unfocused\FieldPos203\FieldPos203_page_14.png,0,tbf_imgs::FieldPos203,,dataset,val,FieldPos203,tbf_imgs::FieldPos203
tbf_imgs,D:\Dineth\focus_binary_benchmark\dataset\tbf_imgs\unfocused\FieldPos203\FieldPos203_page_2.png,0,tbf_imgs::FieldPos203,,dataset,val,FieldPos203,tbf_imgs::FieldPos203
tbf_imgs,D:\Dineth\focus_binary_benchmark\dataset\tbf_imgs\unfocused\FieldPos203\FieldPos203_page_3.png,0,tbf_imgs::FieldPos203,,dataset,val,FieldPos203,tbf_imgs::FieldPos203
tbf_imgs,D:\Dineth\focus_binary_benchmark\dataset\tbf_imgs\unfocused\FieldPos203\FieldPos203_page_4.png,0,tbf_imgs::FieldPos203,,dataset,val,FieldPos203,tbf_imgs::FieldPos203
tbf_imgs,D:\Dineth\focus_binary_benchmark\dataset\tbf_imgs\unfocused\FieldPos203\FieldPos203_page_5.png,0,tbf_imgs::FieldPos203,,dataset,val,FieldPos203,tbf_imgs::FieldPos203
tbf_imgs,D:\Dineth\focus_binary_benchmark\dataset\tbf_imgs\unfocused\FieldPos203\FieldPos203_page_9.png,0,tbf_imgs::FieldPos203,,dataset,val,FieldPos203,tbf_imgs::FieldPos203
tbf_imgs,D:\Dineth\focus_binary_benchmark\dataset\tbf_imgs\unfocused\FieldPos208\FieldPos208_page_1.png,0,tbf_imgs::FieldPos208,,dataset,train,FieldPos208,tbf_imgs::FieldPos208
tbf_imgs,D:\Dineth\focus_binary_benchmark\dataset\tbf_imgs\unfocused\FieldPos208\FieldPos208_page_10.png,0,tbf_imgs::FieldPos208,,dataset,train,FieldPos208,tbf_imgs::FieldPos208
tbf_imgs,D:\Dineth\focus_binary_benchmark\dataset\tbf_imgs\unfocused\FieldPos208\FieldPos208_page_11.png,0,tbf_imgs::FieldPos208,,dataset,train,FieldPos208,tbf_imgs::FieldPos208
tbf_imgs,D:\Dineth\focus_binary_benchmark\dataset\tbf_imgs\unfocused\FieldPos208\FieldPos208_page_12.png,0,tbf_imgs::FieldPos208,,dataset,train,FieldPos208,tbf_imgs::FieldPos208
tbf_imgs,D:\Dineth\focus_binary_benchmark\dataset\tbf_imgs\unfocused\FieldPos208\FieldPos208_page_13.png,0,tbf_imgs::FieldPos208,,dataset,train,FieldPos208,tbf_imgs::FieldPos208
tbf_imgs,D:\Dineth\focus_binary_benchmark\dataset\tbf_imgs\unfocused\FieldPos208\FieldPos208_page_14.png,0,tbf_imgs::FieldPos208,,dataset,train,FieldPos208,tbf_imgs::FieldPos208
tbf_imgs,D:\Dineth\focus_binary_benchmark\dataset\tbf_imgs\unfocused\FieldPos208\FieldPos208_page_2.png,0,tbf_imgs::FieldPos208,,dataset,train,FieldPos208,tbf_imgs::FieldPos208
tbf_imgs,D:\Dineth\focus_binary_benchmark\dataset\tbf_imgs\unfocused\FieldPos208\FieldPos208_page_3.png,0,tbf_imgs::FieldPos208,,dataset,train,FieldPos208,tbf_imgs::FieldPos208
tbf_imgs,D:\Dineth\focus_binary_benchmark\dataset\tbf_imgs\unfocused\FieldPos208\FieldPos208_page_4.png,0,tbf_imgs::FieldPos208,,dataset,train,FieldPos208,tbf_imgs::FieldPos208
tbf_imgs,D:\Dineth\focus_binary_benchmark\dataset\tbf_imgs\unfocused\FieldPos208\FieldPos208_page_5.png,0,tbf_imgs::FieldPos208,,dataset,train,FieldPos208,tbf_imgs::FieldPos208
tbf_imgs,D:\Dineth\focus_binary_benchmark\dataset\tbf_imgs\unfocused\FieldPos208\FieldPos208_page_6.png,0,tbf_imgs::FieldPos208,,dataset,train,FieldPos208,tbf_imgs::FieldPos208
tbf_imgs,D:\Dineth\focus_binary_benchmark\dataset\tbf_imgs\unfocused\FieldPos211\FieldPos211_page_1.png,0,tbf_imgs::FieldPos211,,dataset,test,FieldPos211,tbf_imgs::FieldPos211
tbf_imgs,D:\Dineth\focus_binary_benchmark\dataset\tbf_imgs\unfocused\FieldPos211\FieldPos211_page_10.png,0,tbf_imgs::FieldPos211,,dataset,test,FieldPos211,tbf_imgs::FieldPos211
tbf_imgs,D:\Dineth\focus_binary_benchmark\dataset\tbf_imgs\unfocused\FieldPos211\FieldPos211_page_11.png,0,tbf_imgs::FieldPos211,,dataset,test,FieldPos211,tbf_imgs::FieldPos211
tbf_imgs,D:\Dineth\focus_binary_benchmark\dataset\tbf_imgs\unfocused\FieldPos211\FieldPos211_page_12.png,0,tbf_imgs::FieldPos211,,dataset,test,FieldPos211,tbf_imgs::FieldPos211
tbf_imgs,D:\Dineth\focus_binary_benchmark\dataset\tbf_imgs\unfocused\FieldPos211\FieldPos211_page_13.png,0,tbf_imgs::FieldPos211,,dataset,test,FieldPos211,tbf_imgs::FieldPos211
tbf_imgs,D:\Dineth\focus_binary_benchmark\dataset\tbf_imgs\unfocused\FieldPos211\FieldPos211_page_14.png,0,tbf_imgs::FieldPos211,,dataset,test,FieldPos211,tbf_imgs::FieldPos211
tbf_imgs,D:\Dineth\focus_binary_benchmark\dataset\tbf_imgs\unfocused\FieldPos211\FieldPos211_page_2.png,0,tbf_imgs::FieldPos211,,dataset,test,FieldPos211,tbf_imgs::FieldPos211
tbf_imgs,D:\Dineth\focus_binary_benchmark\dataset\tbf_imgs\unfocused\FieldPos211\FieldPos211_page_3.png,0,tbf_imgs::FieldPos211,,dataset,test,FieldPos211,tbf_imgs::FieldPos211
tbf_imgs,D:\Dineth\focus_binary_benchmark\dataset\tbf_imgs\unfocused\FieldPos211\FieldPos211_page_4.png,0,tbf_imgs::FieldPos211,,dataset,test,FieldPos211,tbf_imgs::FieldPos211
tbf_imgs,D:\Dineth\focus_binary_benchmark\dataset\tbf_imgs\unfocused\FieldPos211\FieldPos211_page_8.png,0,tbf_imgs::FieldPos211,,dataset,test,FieldPos211,tbf_imgs::FieldPos211
tbf_imgs,D:\Dineth\focus_binary_benchmark\dataset\tbf_imgs\unfocused\FieldPos211\FieldPos211_page_9.png,0,tbf_imgs::FieldPos211,,dataset,test,FieldPos211,tbf_imgs::FieldPos211
tbf_imgs,D:\Dineth\focus_binary_benchmark\dataset\tbf_imgs\unfocused\FieldPos299\FieldPos299_page_1.png,0,tbf_imgs::FieldPos299,,dataset,train,FieldPos299,tbf_imgs::FieldPos299
tbf_imgs,D:\Dineth\focus_binary_benchmark\dataset\tbf_imgs\unfocused\FieldPos299\FieldPos299_page_10.png,0,tbf_imgs::FieldPos299,,dataset,train,FieldPos299,tbf_imgs::FieldPos299
tbf_imgs,D:\Dineth\focus_binary_benchmark\dataset\tbf_imgs\unfocused\FieldPos299\FieldPos299_page_11.png,0,tbf_imgs::FieldPos299,,dataset,train,FieldPos299,tbf_imgs::FieldPos299
tbf_imgs,D:\Dineth\focus_binary_benchmark\dataset\tbf_imgs\unfocused\FieldPos299\FieldPos299_page_12.png,0,tbf_imgs::FieldPos299,,dataset,train,FieldPos299,tbf_imgs::FieldPos299
tbf_imgs,D:\Dineth\focus_binary_benchmark\dataset\tbf_imgs\unfocused\FieldPos299\FieldPos299_page_13.png,0,tbf_imgs::FieldPos299,,dataset,train,FieldPos299,tbf_imgs::FieldPos299
tbf_imgs,D:\Dineth\focus_binary_benchmark\dataset\tbf_imgs\unfocused\FieldPos299\FieldPos299_page_14.png,0,tbf_imgs::FieldPos299,,dataset,train,FieldPos299,tbf_imgs::FieldPos299
tbf_imgs,D:\Dineth\focus_binary_benchmark\dataset\tbf_imgs\unfocused\FieldPos299\FieldPos299_page_2.png,0,tbf_imgs::FieldPos299,,dataset,train,FieldPos299,tbf_imgs::FieldPos299
tbf_imgs,D:\Dineth\focus_binary_benchmark\dataset\tbf_imgs\unfocused\FieldPos299\FieldPos299_page_3.png,0,tbf_imgs::FieldPos299,,dataset,train,FieldPos299,tbf_imgs::FieldPos299
tbf_imgs,D:\Dineth\focus_binary_benchmark\dataset\tbf_imgs\unfocused\FieldPos299\FieldPos299_page_4.png,0,tbf_imgs::FieldPos299,,dataset,train,FieldPos299,tbf_imgs::FieldPos299
tbf_imgs,D:\Dineth\focus_binary_benchmark\dataset\tbf_imgs\unfocused\FieldPos299\FieldPos299_page_8.png,0,tbf_imgs::FieldPos299,,dataset,train,FieldPos299,tbf_imgs::FieldPos299
tbf_imgs,D:\Dineth\focus_binary_benchmark\dataset\tbf_imgs\unfocused\FieldPos299\FieldPos299_page_9.png,0,tbf_imgs::FieldPos299,,dataset,train,FieldPos299,tbf_imgs::FieldPos299
TBSI,D:\Dineth\focus_binary_benchmark\dataset\TBSI\focused\HH1\HH1 (6).JPG,1,TBSI::HH1,,dataset,train,HH1,TBSI::HH1
TBSI,D:\Dineth\focus_binary_benchmark\dataset\TBSI\focused\HH10\HH10 (6).JPG,1,TBSI::HH10,,dataset,train,HH10,TBSI::HH10
TBSI,D:\Dineth\focus_binary_benchmark\dataset\TBSI\focused\HH2\HH2 (7).JPG,1,TBSI::HH2,,dataset,train,HH2,TBSI::HH2
TBSI,D:\Dineth\focus_binary_benchmark\dataset\TBSI\focused\HH3\HH3 (6).JPG,1,TBSI::HH3,,dataset,train,HH3,TBSI::HH3
TBSI,D:\Dineth\focus_binary_benchmark\dataset\TBSI\focused\HH4\HH4 (6).JPG,1,TBSI::HH4,,dataset,val,HH4,TBSI::HH4
TBSI,D:\Dineth\focus_binary_benchmark\dataset\TBSI\focused\HH5\HH5 (6).JPG,1,TBSI::HH5,,dataset,train,HH5,TBSI::HH5
TBSI,D:\Dineth\focus_binary_benchmark\dataset\TBSI\focused\HH6\HH6 (7).JPG,1,TBSI::HH6,,dataset,val,HH6,TBSI::HH6
TBSI,D:\Dineth\focus_binary_benchmark\dataset\TBSI\focused\HH7\HH7 (6).JPG,1,TBSI::HH7,,dataset,test,HH7,TBSI::HH7
TBSI,D:\Dineth\focus_binary_benchmark\dataset\TBSI\focused\HH8\HH8 (6).JPG,1,TBSI::HH8,,dataset,test,HH8,TBSI::HH8
TBSI,D:\Dineth\focus_binary_benchmark\dataset\TBSI\focused\HH9\HH9 (6).JPG,1,TBSI::HH9,,dataset,val,HH9,TBSI::HH9
TBSI,D:\Dineth\focus_binary_benchmark\dataset\TBSI\focused\HL1\HL1 (6).JPG,1,TBSI::HL1,,dataset,train,HL1,TBSI::HL1
TBSI,D:\Dineth\focus_binary_benchmark\dataset\TBSI\focused\HL10\HL10 (6).JPG,1,TBSI::HL10,,dataset,test,HL10,TBSI::HL10
TBSI,D:\Dineth\focus_binary_benchmark\dataset\TBSI\focused\HL2\HL2 (6).JPG,1,TBSI::HL2,,dataset,train,HL2,TBSI::HL2
TBSI,D:\Dineth\focus_binary_benchmark\dataset\TBSI\focused\HL3\HL3 (6).JPG,1,TBSI::HL3,,dataset,train,HL3,TBSI::HL3
TBSI,D:\Dineth\focus_binary_benchmark\dataset\TBSI\focused\HL4\HL4 (7).JPG,1,TBSI::HL4,,dataset,train,HL4,TBSI::HL4
TBSI,D:\Dineth\focus_binary_benchmark\dataset\TBSI\focused\HL5\HL5 (6).JPG,1,TBSI::HL5,,dataset,train,HL5,TBSI::HL5
TBSI,D:\Dineth\focus_binary_benchmark\dataset\TBSI\focused\HL6\HL6 (6).JPG,1,TBSI::HL6,,dataset,train,HL6,TBSI::HL6
TBSI,D:\Dineth\focus_binary_benchmark\dataset\TBSI\focused\HL7\HL7 (6).JPG,1,TBSI::HL7,,dataset,train,HL7,TBSI::HL7
TBSI,D:\Dineth\focus_binary_benchmark\dataset\TBSI\focused\HL8\HL8 (6).JPG,1,TBSI::HL8,,dataset,test,HL8,TBSI::HL8
TBSI,D:\Dineth\focus_binary_benchmark\dataset\TBSI\focused\HL9\HL9 (6).JPG,1,TBSI::HL9,,dataset,test,HL9,TBSI::HL9
TBSI,D:\Dineth\focus_binary_benchmark\dataset\TBSI\focused\LH1\LH1 (6).JPG,1,TBSI::LH1,,dataset,train,LH1,TBSI::LH1
TBSI,D:\Dineth\focus_binary_benchmark\dataset\TBSI\focused\LH10\LH10 (7).JPG,1,TBSI::LH10,,dataset,val,LH10,TBSI::LH10
TBSI,D:\Dineth\focus_binary_benchmark\dataset\TBSI\focused\LH2\LH2 (6).JPG,1,TBSI::LH2,,dataset,train,LH2,TBSI::LH2
TBSI,D:\Dineth\focus_binary_benchmark\dataset\TBSI\focused\LH3\LH3 (6).JPG,1,TBSI::LH3,,dataset,train,LH3,TBSI::LH3
TBSI,D:\Dineth\focus_binary_benchmark\dataset\TBSI\focused\LH4\LH4 (6).JPG,1,TBSI::LH4,,dataset,train,LH4,TBSI::LH4
TBSI,D:\Dineth\focus_binary_benchmark\dataset\TBSI\focused\LH5\LH5 (4).JPG,1,TBSI::LH5,,dataset,train,LH5,TBSI::LH5
TBSI,D:\Dineth\focus_binary_benchmark\dataset\TBSI\focused\LH6\LH6 (6).JPG,1,TBSI::LH6,,dataset,train,LH6,TBSI::LH6
TBSI,D:\Dineth\focus_binary_benchmark\dataset\TBSI\focused\LH7\LH7 (6).JPG,1,TBSI::LH7,,dataset,train,LH7,TBSI::LH7
TBSI,D:\Dineth\focus_binary_benchmark\dataset\TBSI\focused\LH8\LH8 (6).JPG,1,TBSI::LH8,,dataset,train,LH8,TBSI::LH8
TBSI,D:\Dineth\focus_binary_benchmark\dataset\TBSI\focused\LH9\LH9 (6).JPG,1,TBSI::LH9,,dataset,train,LH9,TBSI::LH9
TBSI,D:\Dineth\focus_binary_benchmark\dataset\TBSI\unfocused\HH1\HH1 (1).JPG,0,TBSI::HH1,,dataset,train,HH1,TBSI::HH1
TBSI,D:\Dineth\focus_binary_benchmark\dataset\TBSI\unfocused\HH1\HH1 (10).JPG,0,TBSI::HH1,,dataset,train,HH1,TBSI::HH1
TBSI,D:\Dineth\focus_binary_benchmark\dataset\TBSI\unfocused\HH1\HH1 (2).JPG,0,TBSI::HH1,,dataset,train,HH1,TBSI::HH1
TBSI,D:\Dineth\focus_binary_benchmark\dataset\TBSI\unfocused\HH1\HH1 (3).JPG,0,TBSI::HH1,,dataset,train,HH1,TBSI::HH1
TBSI,D:\Dineth\focus_binary_benchmark\dataset\TBSI\unfocused\HH1\HH1 (4).JPG,0,TBSI::HH1,,dataset,train,HH1,TBSI::HH1
TBSI,D:\Dineth\focus_binary_benchmark\dataset\TBSI\unfocused\HH1\HH1 (8).JPG,0,TBSI::HH1,,dataset,train,HH1,TBSI::HH1
TBSI,D:\Dineth\focus_binary_benchmark\dataset\TBSI\unfocused\HH1\HH1 (9).JPG,0,TBSI::HH1,,dataset,train,HH1,TBSI::HH1
TBSI,D:\Dineth\focus_binary_benchmark\dataset\TBSI\unfocused\HH10\HH10 (1).JPG,0,TBSI::HH10,,dataset,train,HH10,TBSI::HH10
TBSI,D:\Dineth\focus_binary_benchmark\dataset\TBSI\unfocused\HH10\HH10 (10).JPG,0,TBSI::HH10,,dataset,train,HH10,TBSI::HH10
TBSI,D:\Dineth\focus_binary_benchmark\dataset\TBSI\unfocused\HH10\HH10 (2).JPG,0,TBSI::HH10,,dataset,train,HH10,TBSI::HH10
TBSI,D:\Dineth\focus_binary_benchmark\dataset\TBSI\unfocused\HH10\HH10 (3).JPG,0,TBSI::HH10,,dataset,train,HH10,TBSI::HH10
TBSI,D:\Dineth\focus_binary_benchmark\dataset\TBSI\unfocused\HH10\HH10 (4).JPG,0,TBSI::HH10,,dataset,train,HH10,TBSI::HH10
TBSI,D:\Dineth\focus_binary_benchmark\dataset\TBSI\unfocused\HH10\HH10 (8).JPG,0,TBSI::HH10,,dataset,train,HH10,TBSI::HH10
TBSI,D:\Dineth\focus_binary_benchmark\dataset\TBSI\unfocused\HH10\HH10 (9).JPG,0,TBSI::HH10,,dataset,train,HH10,TBSI::HH10
TBSI,D:\Dineth\focus_binary_benchmark\dataset\TBSI\unfocused\HH2\HH2 (1).JPG,0,TBSI::HH2,,dataset,train,HH2,TBSI::HH2
TBSI,D:\Dineth\focus_binary_benchmark\dataset\TBSI\unfocused\HH2\HH2 (10).JPG,0,TBSI::HH2,,dataset,train,HH2,TBSI::HH2
TBSI,D:\Dineth\focus_binary_benchmark\dataset\TBSI\unfocused\HH2\HH2 (2).JPG,0,TBSI::HH2,,dataset,train,HH2,TBSI::HH2
TBSI,D:\Dineth\focus_binary_benchmark\dataset\TBSI\unfocused\HH2\HH2 (3).JPG,0,TBSI::HH2,,dataset,train,HH2,TBSI::HH2
TBSI,D:\Dineth\focus_binary_benchmark\dataset\TBSI\unfocused\HH2\HH2 (4).JPG,0,TBSI::HH2,,dataset,train,HH2,TBSI::HH2
TBSI,D:\Dineth\focus_binary_benchmark\dataset\TBSI\unfocused\HH2\HH2 (5).JPG,0,TBSI::HH2,,dataset,train,HH2,TBSI::HH2
TBSI,D:\Dineth\focus_binary_benchmark\dataset\TBSI\unfocused\HH2\HH2 (9).JPG,0,TBSI::HH2,,dataset,train,HH2,TBSI::HH2
TBSI,D:\Dineth\focus_binary_benchmark\dataset\TBSI\unfocused\HH3\HH3 (1).JPG,0,TBSI::HH3,,dataset,train,HH3,TBSI::HH3
TBSI,D:\Dineth\focus_binary_benchmark\dataset\TBSI\unfocused\HH3\HH3 (10).JPG,0,TBSI::HH3,,dataset,train,HH3,TBSI::HH3
TBSI,D:\Dineth\focus_binary_benchmark\dataset\TBSI\unfocused\HH3\HH3 (2).JPG,0,TBSI::HH3,,dataset,train,HH3,TBSI::HH3
TBSI,D:\Dineth\focus_binary_benchmark\dataset\TBSI\unfocused\HH3\HH3 (3).JPG,0,TBSI::HH3,,dataset,train,HH3,TBSI::HH3
TBSI,D:\Dineth\focus_binary_benchmark\dataset\TBSI\unfocused\HH3\HH3 (4).JPG,0,TBSI::HH3,,dataset,train,HH3,TBSI::HH3
TBSI,D:\Dineth\focus_binary_benchmark\dataset\TBSI\unfocused\HH3\HH3 (8).JPG,0,TBSI::HH3,,dataset,train,HH3,TBSI::HH3
TBSI,D:\Dineth\focus_binary_benchmark\dataset\TBSI\unfocused\HH3\HH3 (9).JPG,0,TBSI::HH3,,dataset,train,HH3,TBSI::HH3
TBSI,D:\Dineth\focus_binary_benchmark\dataset\TBSI\unfocused\HH4\HH4 (1).JPG,0,TBSI::HH4,,dataset,val,HH4,TBSI::HH4
TBSI,D:\Dineth\focus_binary_benchmark\dataset\TBSI\unfocused\HH4\HH4 (10).JPG,0,TBSI::HH4,,dataset,val,HH4,TBSI::HH4
TBSI,D:\Dineth\focus_binary_benchmark\dataset\TBSI\unfocused\HH4\HH4 (2).JPG,0,TBSI::HH4,,dataset,val,HH4,TBSI::HH4
TBSI,D:\Dineth\focus_binary_benchmark\dataset\TBSI\unfocused\HH4\HH4 (3).JPG,0,TBSI::HH4,,dataset,val,HH4,TBSI::HH4
TBSI,D:\Dineth\focus_binary_benchmark\dataset\TBSI\unfocused\HH4\HH4 (4).JPG,0,TBSI::HH4,,dataset,val,HH4,TBSI::HH4
TBSI,D:\Dineth\focus_binary_benchmark\dataset\TBSI\unfocused\HH4\HH4 (8).JPG,0,TBSI::HH4,,dataset,val,HH4,TBSI::HH4
TBSI,D:\Dineth\focus_binary_benchmark\dataset\TBSI\unfocused\HH4\HH4 (9).JPG,0,TBSI::HH4,,dataset,val,HH4,TBSI::HH4
TBSI,D:\Dineth\focus_binary_benchmark\dataset\TBSI\unfocused\HH5\HH5 (1).JPG,0,TBSI::HH5,,dataset,train,HH5,TBSI::HH5
TBSI,D:\Dineth\focus_binary_benchmark\dataset\TBSI\unfocused\HH5\HH5 (10).JPG,0,TBSI::HH5,,dataset,train,HH5,TBSI::HH5
TBSI,D:\Dineth\focus_binary_benchmark\dataset\TBSI\unfocused\HH5\HH5 (2).JPG,0,TBSI::HH5,,dataset,train,HH5,TBSI::HH5
TBSI,D:\Dineth\focus_binary_benchmark\dataset\TBSI\unfocused\HH5\HH5 (3).JPG,0,TBSI::HH5,,dataset,train,HH5,TBSI::HH5
TBSI,D:\Dineth\focus_binary_benchmark\dataset\TBSI\unfocused\HH5\HH5 (4).JPG,0,TBSI::HH5,,dataset,train,HH5,TBSI::HH5
TBSI,D:\Dineth\focus_binary_benchmark\dataset\TBSI\unfocused\HH5\HH5 (8).JPG,0,TBSI::HH5,,dataset,train,HH5,TBSI::HH5
TBSI,D:\Dineth\focus_binary_benchmark\dataset\TBSI\unfocused\HH5\HH5 (9).JPG,0,TBSI::HH5,,dataset,train,HH5,TBSI::HH5
TBSI,D:\Dineth\focus_binary_benchmark\dataset\TBSI\unfocused\HH6\HH6 (1).JPG,0,TBSI::HH6,,dataset,val,HH6,TBSI::HH6
TBSI,D:\Dineth\focus_binary_benchmark\dataset\TBSI\unfocused\HH6\HH6 (10).JPG,0,TBSI::HH6,,dataset,val,HH6,TBSI::HH6
TBSI,D:\Dineth\focus_binary_benchmark\dataset\TBSI\unfocused\HH6\HH6 (2).JPG,0,TBSI::HH6,,dataset,val,HH6,TBSI::HH6
TBSI,D:\Dineth\focus_binary_benchmark\dataset\TBSI\unfocused\HH6\HH6 (3).JPG,0,TBSI::HH6,,dataset,val,HH6,TBSI::HH6
TBSI,D:\Dineth\focus_binary_benchmark\dataset\TBSI\unfocused\HH6\HH6 (4).JPG,0,TBSI::HH6,,dataset,val,HH6,TBSI::HH6
TBSI,D:\Dineth\focus_binary_benchmark\dataset\TBSI\unfocused\HH6\HH6 (5).JPG,0,TBSI::HH6,,dataset,val,HH6,TBSI::HH6
TBSI,D:\Dineth\focus_binary_benchmark\dataset\TBSI\unfocused\HH6\HH6 (9).JPG,0,TBSI::HH6,,dataset,val,HH6,TBSI::HH6
TBSI,D:\Dineth\focus_binary_benchmark\dataset\TBSI\unfocused\HH7\HH7 (1).JPG,0,TBSI::HH7,,dataset,test,HH7,TBSI::HH7
TBSI,D:\Dineth\focus_binary_benchmark\dataset\TBSI\unfocused\HH7\HH7 (10).JPG,0,TBSI::HH7,,dataset,test,HH7,TBSI::HH7
TBSI,D:\Dineth\focus_binary_benchmark\dataset\TBSI\unfocused\HH7\HH7 (2).JPG,0,TBSI::HH7,,dataset,test,HH7,TBSI::HH7
TBSI,D:\Dineth\focus_binary_benchmark\dataset\TBSI\unfocused\HH7\HH7 (3).JPG,0,TBSI::HH7,,dataset,test,HH7,TBSI::HH7
TBSI,D:\Dineth\focus_binary_benchmark\dataset\TBSI\unfocused\HH7\HH7 (4).JPG,0,TBSI::HH7,,dataset,test,HH7,TBSI::HH7
TBSI,D:\Dineth\focus_binary_benchmark\dataset\TBSI\unfocused\HH7\HH7 (8).JPG,0,TBSI::HH7,,dataset,test,HH7,TBSI::HH7
TBSI,D:\Dineth\focus_binary_benchmark\dataset\TBSI\unfocused\HH7\HH7 (9).JPG,0,TBSI::HH7,,dataset,test,HH7,TBSI::HH7
TBSI,D:\Dineth\focus_binary_benchmark\dataset\TBSI\unfocused\HH8\HH8 (1).JPG,0,TBSI::HH8,,dataset,test,HH8,TBSI::HH8
TBSI,D:\Dineth\focus_binary_benchmark\dataset\TBSI\unfocused\HH8\HH8 (10).JPG,0,TBSI::HH8,,dataset,test,HH8,TBSI::HH8
TBSI,D:\Dineth\focus_binary_benchmark\dataset\TBSI\unfocused\HH8\HH8 (2).JPG,0,TBSI::HH8,,dataset,test,HH8,TBSI::HH8
TBSI,D:\Dineth\focus_binary_benchmark\dataset\TBSI\unfocused\HH8\HH8 (3).JPG,0,TBSI::HH8,,dataset,test,HH8,TBSI::HH8
TBSI,D:\Dineth\focus_binary_benchmark\dataset\TBSI\unfocused\HH8\HH8 (4).JPG,0,TBSI::HH8,,dataset,test,HH8,TBSI::HH8
TBSI,D:\Dineth\focus_binary_benchmark\dataset\TBSI\unfocused\HH8\HH8 (8).JPG,0,TBSI::HH8,,dataset,test,HH8,TBSI::HH8
TBSI,D:\Dineth\focus_binary_benchmark\dataset\TBSI\unfocused\HH8\HH8 (9).JPG,0,TBSI::HH8,,dataset,test,HH8,TBSI::HH8
TBSI,D:\Dineth\focus_binary_benchmark\dataset\TBSI\unfocused\HH9\HH9 (1).JPG,0,TBSI::HH9,,dataset,val,HH9,TBSI::HH9
TBSI,D:\Dineth\focus_binary_benchmark\dataset\TBSI\unfocused\HH9\HH9 (10).JPG,0,TBSI::HH9,,dataset,val,HH9,TBSI::HH9
TBSI,D:\Dineth\focus_binary_benchmark\dataset\TBSI\unfocused\HH9\HH9 (2).JPG,0,TBSI::HH9,,dataset,val,HH9,TBSI::HH9
TBSI,D:\Dineth\focus_binary_benchmark\dataset\TBSI\unfocused\HH9\HH9 (3).JPG,0,TBSI::HH9,,dataset,val,HH9,TBSI::HH9
TBSI,D:\Dineth\focus_binary_benchmark\dataset\TBSI\unfocused\HH9\HH9 (4).JPG,0,TBSI::HH9,,dataset,val,HH9,TBSI::HH9
TBSI,D:\Dineth\focus_binary_benchmark\dataset\TBSI\unfocused\HH9\HH9 (8).JPG,0,TBSI::HH9,,dataset,val,HH9,TBSI::HH9
TBSI,D:\Dineth\focus_binary_benchmark\dataset\TBSI\unfocused\HH9\HH9 (9).JPG,0,TBSI::HH9,,dataset,val,HH9,TBSI::HH9
TBSI,D:\Dineth\focus_binary_benchmark\dataset\TBSI\unfocused\HL1\HL1 (1).JPG,0,TBSI::HL1,,dataset,train,HL1,TBSI::HL1
TBSI,D:\Dineth\focus_binary_benchmark\dataset\TBSI\unfocused\HL1\HL1 (10).JPG,0,TBSI::HL1,,dataset,train,HL1,TBSI::HL1
TBSI,D:\Dineth\focus_binary_benchmark\dataset\TBSI\unfocused\HL1\HL1 (2).JPG,0,TBSI::HL1,,dataset,train,HL1,TBSI::HL1
TBSI,D:\Dineth\focus_binary_benchmark\dataset\TBSI\unfocused\HL1\HL1 (3).JPG,0,TBSI::HL1,,dataset,train,HL1,TBSI::HL1
TBSI,D:\Dineth\focus_binary_benchmark\dataset\TBSI\unfocused\HL1\HL1 (4).JPG,0,TBSI::HL1,,dataset,train,HL1,TBSI::HL1
TBSI,D:\Dineth\focus_binary_benchmark\dataset\TBSI\unfocused\HL1\HL1 (8).JPG,0,TBSI::HL1,,dataset,train,HL1,TBSI::HL1
TBSI,D:\Dineth\focus_binary_benchmark\dataset\TBSI\unfocused\HL1\HL1 (9).JPG,0,TBSI::HL1,,dataset,train,HL1,TBSI::HL1
TBSI,D:\Dineth\focus_binary_benchmark\dataset\TBSI\unfocused\HL10\HL10 (1).JPG,0,TBSI::HL10,,dataset,test,HL10,TBSI::HL10
TBSI,D:\Dineth\focus_binary_benchmark\dataset\TBSI\unfocused\HL10\HL10 (10).JPG,0,TBSI::HL10,,dataset,test,HL10,TBSI::HL10
TBSI,D:\Dineth\focus_binary_benchmark\dataset\TBSI\unfocused\HL10\HL10 (2).JPG,0,TBSI::HL10,,dataset,test,HL10,TBSI::HL10
TBSI,D:\Dineth\focus_binary_benchmark\dataset\TBSI\unfocused\HL10\HL10 (3).JPG,0,TBSI::HL10,,dataset,test,HL10,TBSI::HL10
TBSI,D:\Dineth\focus_binary_benchmark\dataset\TBSI\unfocused\HL10\HL10 (4).JPG,0,TBSI::HL10,,dataset,test,HL10,TBSI::HL10
TBSI,D:\Dineth\focus_binary_benchmark\dataset\TBSI\unfocused\HL10\HL10 (8).JPG,0,TBSI::HL10,,dataset,test,HL10,TBSI::HL10
TBSI,D:\Dineth\focus_binary_benchmark\dataset\TBSI\unfocused\HL10\HL10 (9).JPG,0,TBSI::HL10,,dataset,test,HL10,TBSI::HL10
TBSI,D:\Dineth\focus_binary_benchmark\dataset\TBSI\unfocused\HL2\HL2 (1).JPG,0,TBSI::HL2,,dataset,train,HL2,TBSI::HL2
TBSI,D:\Dineth\focus_binary_benchmark\dataset\TBSI\unfocused\HL2\HL2 (10).JPG,0,TBSI::HL2,,dataset,train,HL2,TBSI::HL2
TBSI,D:\Dineth\focus_binary_benchmark\dataset\TBSI\unfocused\HL2\HL2 (2).JPG,0,TBSI::HL2,,dataset,train,HL2,TBSI::HL2
TBSI,D:\Dineth\focus_binary_benchmark\dataset\TBSI\unfocused\HL2\HL2 (3).JPG,0,TBSI::HL2,,dataset,train,HL2,TBSI::HL2
TBSI,D:\Dineth\focus_binary_benchmark\dataset\TBSI\unfocused\HL2\HL2 (4).JPG,0,TBSI::HL2,,dataset,train,HL2,TBSI::HL2
TBSI,D:\Dineth\focus_binary_benchmark\dataset\TBSI\unfocused\HL2\HL2 (8).JPG,0,TBSI::HL2,,dataset,train,HL2,TBSI::HL2
TBSI,D:\Dineth\focus_binary_benchmark\dataset\TBSI\unfocused\HL2\HL2 (9).JPG,0,TBSI::HL2,,dataset,train,HL2,TBSI::HL2
TBSI,D:\Dineth\focus_binary_benchmark\dataset\TBSI\unfocused\HL3\HL3 (1).JPG,0,TBSI::HL3,,dataset,train,HL3,TBSI::HL3
TBSI,D:\Dineth\focus_binary_benchmark\dataset\TBSI\unfocused\HL3\HL3 (10).JPG,0,TBSI::HL3,,dataset,train,HL3,TBSI::HL3
TBSI,D:\Dineth\focus_binary_benchmark\dataset\TBSI\unfocused\HL3\HL3 (2).JPG,0,TBSI::HL3,,dataset,train,HL3,TBSI::HL3
TBSI,D:\Dineth\focus_binary_benchmark\dataset\TBSI\unfocused\HL3\HL3 (3).JPG,0,TBSI::HL3,,dataset,train,HL3,TBSI::HL3
TBSI,D:\Dineth\focus_binary_benchmark\dataset\TBSI\unfocused\HL3\HL3 (4).JPG,0,TBSI::HL3,,dataset,train,HL3,TBSI::HL3
TBSI,D:\Dineth\focus_binary_benchmark\dataset\TBSI\unfocused\HL3\HL3 (8).JPG,0,TBSI::HL3,,dataset,train,HL3,TBSI::HL3
TBSI,D:\Dineth\focus_binary_benchmark\dataset\TBSI\unfocused\HL3\HL3 (9).JPG,0,TBSI::HL3,,dataset,train,HL3,TBSI::HL3
TBSI,D:\Dineth\focus_binary_benchmark\dataset\TBSI\unfocused\HL4\HL4 (1).JPG,0,TBSI::HL4,,dataset,train,HL4,TBSI::HL4
TBSI,D:\Dineth\focus_binary_benchmark\dataset\TBSI\unfocused\HL4\HL4 (10).JPG,0,TBSI::HL4,,dataset,train,HL4,TBSI::HL4
TBSI,D:\Dineth\focus_binary_benchmark\dataset\TBSI\unfocused\HL4\HL4 (2).JPG,0,TBSI::HL4,,dataset,train,HL4,TBSI::HL4
TBSI,D:\Dineth\focus_binary_benchmark\dataset\TBSI\unfocused\HL4\HL4 (3).JPG,0,TBSI::HL4,,dataset,train,HL4,TBSI::HL4
TBSI,D:\Dineth\focus_binary_benchmark\dataset\TBSI\unfocused\HL4\HL4 (4).JPG,0,TBSI::HL4,,dataset,train,HL4,TBSI::HL4
TBSI,D:\Dineth\focus_binary_benchmark\dataset\TBSI\unfocused\HL4\HL4 (5).JPG,0,TBSI::HL4,,dataset,train,HL4,TBSI::HL4
TBSI,D:\Dineth\focus_binary_benchmark\dataset\TBSI\unfocused\HL4\HL4 (9).JPG,0,TBSI::HL4,,dataset,train,HL4,TBSI::HL4
TBSI,D:\Dineth\focus_binary_benchmark\dataset\TBSI\unfocused\HL5\HL5 (1).JPG,0,TBSI::HL5,,dataset,train,HL5,TBSI::HL5
TBSI,D:\Dineth\focus_binary_benchmark\dataset\TBSI\unfocused\HL5\HL5 (10).JPG,0,TBSI::HL5,,dataset,train,HL5,TBSI::HL5
TBSI,D:\Dineth\focus_binary_benchmark\dataset\TBSI\unfocused\HL5\HL5 (2).JPG,0,TBSI::HL5,,dataset,train,HL5,TBSI::HL5
TBSI,D:\Dineth\focus_binary_benchmark\dataset\TBSI\unfocused\HL5\HL5 (3).JPG,0,TBSI::HL5,,dataset,train,HL5,TBSI::HL5
TBSI,D:\Dineth\focus_binary_benchmark\dataset\TBSI\unfocused\HL5\HL5 (4).JPG,0,TBSI::HL5,,dataset,train,HL5,TBSI::HL5
TBSI,D:\Dineth\focus_binary_benchmark\dataset\TBSI\unfocused\HL5\HL5 (8).JPG,0,TBSI::HL5,,dataset,train,HL5,TBSI::HL5
TBSI,D:\Dineth\focus_binary_benchmark\dataset\TBSI\unfocused\HL5\HL5 (9).JPG,0,TBSI::HL5,,dataset,train,HL5,TBSI::HL5
TBSI,D:\Dineth\focus_binary_benchmark\dataset\TBSI\unfocused\HL6\HL6 (1).JPG,0,TBSI::HL6,,dataset,train,HL6,TBSI::HL6
TBSI,D:\Dineth\focus_binary_benchmark\dataset\TBSI\unfocused\HL6\HL6 (10).JPG,0,TBSI::HL6,,dataset,train,HL6,TBSI::HL6
TBSI,D:\Dineth\focus_binary_benchmark\dataset\TBSI\unfocused\HL6\HL6 (2).JPG,0,TBSI::HL6,,dataset,train,HL6,TBSI::HL6
TBSI,D:\Dineth\focus_binary_benchmark\dataset\TBSI\unfocused\HL6\HL6 (3).JPG,0,TBSI::HL6,,dataset,train,HL6,TBSI::HL6
TBSI,D:\Dineth\focus_binary_benchmark\dataset\TBSI\unfocused\HL6\HL6 (4).JPG,0,TBSI::HL6,,dataset,train,HL6,TBSI::HL6
TBSI,D:\Dineth\focus_binary_benchmark\dataset\TBSI\unfocused\HL6\HL6 (8).JPG,0,TBSI::HL6,,dataset,train,HL6,TBSI::HL6
TBSI,D:\Dineth\focus_binary_benchmark\dataset\TBSI\unfocused\HL6\HL6 (9).JPG,0,TBSI::HL6,,dataset,train,HL6,TBSI::HL6
TBSI,D:\Dineth\focus_binary_benchmark\dataset\TBSI\unfocused\HL7\HL7 (1).JPG,0,TBSI::HL7,,dataset,train,HL7,TBSI::HL7
TBSI,D:\Dineth\focus_binary_benchmark\dataset\TBSI\unfocused\HL7\HL7 (10).JPG,0,TBSI::HL7,,dataset,train,HL7,TBSI::HL7
TBSI,D:\Dineth\focus_binary_benchmark\dataset\TBSI\unfocused\HL7\HL7 (2).JPG,0,TBSI::HL7,,dataset,train,HL7,TBSI::HL7
TBSI,D:\Dineth\focus_binary_benchmark\dataset\TBSI\unfocused\HL7\HL7 (3).JPG,0,TBSI::HL7,,dataset,train,HL7,TBSI::HL7
TBSI,D:\Dineth\focus_binary_benchmark\dataset\TBSI\unfocused\HL7\HL7 (4).JPG,0,TBSI::HL7,,dataset,train,HL7,TBSI::HL7
TBSI,D:\Dineth\focus_binary_benchmark\dataset\TBSI\unfocused\HL7\HL7 (8).JPG,0,TBSI::HL7,,dataset,train,HL7,TBSI::HL7
TBSI,D:\Dineth\focus_binary_benchmark\dataset\TBSI\unfocused\HL7\HL7 (9).JPG,0,TBSI::HL7,,dataset,train,HL7,TBSI::HL7
TBSI,D:\Dineth\focus_binary_benchmark\dataset\TBSI\unfocused\HL8\HL8 (1).JPG,0,TBSI::HL8,,dataset,test,HL8,TBSI::HL8
TBSI,D:\Dineth\focus_binary_benchmark\dataset\TBSI\unfocused\HL8\HL8 (10).JPG,0,TBSI::HL8,,dataset,test,HL8,TBSI::HL8
TBSI,D:\Dineth\focus_binary_benchmark\dataset\TBSI\unfocused\HL8\HL8 (2).JPG,0,TBSI::HL8,,dataset,test,HL8,TBSI::HL8
TBSI,D:\Dineth\focus_binary_benchmark\dataset\TBSI\unfocused\HL8\HL8 (3).JPG,0,TBSI::HL8,,dataset,test,HL8,TBSI::HL8
TBSI,D:\Dineth\focus_binary_benchmark\dataset\TBSI\unfocused\HL8\HL8 (4).JPG,0,TBSI::HL8,,dataset,test,HL8,TBSI::HL8
TBSI,D:\Dineth\focus_binary_benchmark\dataset\TBSI\unfocused\HL8\HL8 (8).JPG,0,TBSI::HL8,,dataset,test,HL8,TBSI::HL8
TBSI,D:\Dineth\focus_binary_benchmark\dataset\TBSI\unfocused\HL8\HL8 (9).JPG,0,TBSI::HL8,,dataset,test,HL8,TBSI::HL8
TBSI,D:\Dineth\focus_binary_benchmark\dataset\TBSI\unfocused\HL9\HL9 (1).JPG,0,TBSI::HL9,,dataset,test,HL9,TBSI::HL9
TBSI,D:\Dineth\focus_binary_benchmark\dataset\TBSI\unfocused\HL9\HL9 (10).JPG,0,TBSI::HL9,,dataset,test,HL9,TBSI::HL9
TBSI,D:\Dineth\focus_binary_benchmark\dataset\TBSI\unfocused\HL9\HL9 (2).JPG,0,TBSI::HL9,,dataset,test,HL9,TBSI::HL9
TBSI,D:\Dineth\focus_binary_benchmark\dataset\TBSI\unfocused\HL9\HL9 (3).JPG,0,TBSI::HL9,,dataset,test,HL9,TBSI::HL9
TBSI,D:\Dineth\focus_binary_benchmark\dataset\TBSI\unfocused\HL9\HL9 (4).JPG,0,TBSI::HL9,,dataset,test,HL9,TBSI::HL9
TBSI,D:\Dineth\focus_binary_benchmark\dataset\TBSI\unfocused\HL9\HL9 (8).JPG,0,TBSI::HL9,,dataset,test,HL9,TBSI::HL9
TBSI,D:\Dineth\focus_binary_benchmark\dataset\TBSI\unfocused\HL9\HL9 (9).JPG,0,TBSI::HL9,,dataset,test,HL9,TBSI::HL9
TBSI,D:\Dineth\focus_binary_benchmark\dataset\TBSI\unfocused\LH1\LH1 (1).JPG,0,TBSI::LH1,,dataset,train,LH1,TBSI::LH1
TBSI,D:\Dineth\focus_binary_benchmark\dataset\TBSI\unfocused\LH1\LH1 (10).JPG,0,TBSI::LH1,,dataset,train,LH1,TBSI::LH1
TBSI,D:\Dineth\focus_binary_benchmark\dataset\TBSI\unfocused\LH1\LH1 (2).JPG,0,TBSI::LH1,,dataset,train,LH1,TBSI::LH1
TBSI,D:\Dineth\focus_binary_benchmark\dataset\TBSI\unfocused\LH1\LH1 (3).JPG,0,TBSI::LH1,,dataset,train,LH1,TBSI::LH1
TBSI,D:\Dineth\focus_binary_benchmark\dataset\TBSI\unfocused\LH1\LH1 (4).JPG,0,TBSI::LH1,,dataset,train,LH1,TBSI::LH1
TBSI,D:\Dineth\focus_binary_benchmark\dataset\TBSI\unfocused\LH1\LH1 (8).JPG,0,TBSI::LH1,,dataset,train,LH1,TBSI::LH1
TBSI,D:\Dineth\focus_binary_benchmark\dataset\TBSI\unfocused\LH1\LH1 (9).JPG,0,TBSI::LH1,,dataset,train,LH1,TBSI::LH1
TBSI,D:\Dineth\focus_binary_benchmark\dataset\TBSI\unfocused\LH10\LH10 (1).JPG,0,TBSI::LH10,,dataset,val,LH10,TBSI::LH10
TBSI,D:\Dineth\focus_binary_benchmark\dataset\TBSI\unfocused\LH10\LH10 (10).JPG,0,TBSI::LH10,,dataset,val,LH10,TBSI::LH10
TBSI,D:\Dineth\focus_binary_benchmark\dataset\TBSI\unfocused\LH10\LH10 (2).JPG,0,TBSI::LH10,,dataset,val,LH10,TBSI::LH10
TBSI,D:\Dineth\focus_binary_benchmark\dataset\TBSI\unfocused\LH10\LH10 (3).JPG,0,TBSI::LH10,,dataset,val,LH10,TBSI::LH10
TBSI,D:\Dineth\focus_binary_benchmark\dataset\TBSI\unfocused\LH10\LH10 (4).JPG,0,TBSI::LH10,,dataset,val,LH10,TBSI::LH10
TBSI,D:\Dineth\focus_binary_benchmark\dataset\TBSI\unfocused\LH10\LH10 (5).JPG,0,TBSI::LH10,,dataset,val,LH10,TBSI::LH10
TBSI,D:\Dineth\focus_binary_benchmark\dataset\TBSI\unfocused\LH10\LH10 (9).JPG,0,TBSI::LH10,,dataset,val,LH10,TBSI::LH10
TBSI,D:\Dineth\focus_binary_benchmark\dataset\TBSI\unfocused\LH2\LH2 (1).JPG,0,TBSI::LH2,,dataset,train,LH2,TBSI::LH2
TBSI,D:\Dineth\focus_binary_benchmark\dataset\TBSI\unfocused\LH2\LH2 (10).JPG,0,TBSI::LH2,,dataset,train,LH2,TBSI::LH2
TBSI,D:\Dineth\focus_binary_benchmark\dataset\TBSI\unfocused\LH2\LH2 (2).JPG,0,TBSI::LH2,,dataset,train,LH2,TBSI::LH2
TBSI,D:\Dineth\focus_binary_benchmark\dataset\TBSI\unfocused\LH2\LH2 (3).JPG,0,TBSI::LH2,,dataset,train,LH2,TBSI::LH2
TBSI,D:\Dineth\focus_binary_benchmark\dataset\TBSI\unfocused\LH2\LH2 (4).JPG,0,TBSI::LH2,,dataset,train,LH2,TBSI::LH2
TBSI,D:\Dineth\focus_binary_benchmark\dataset\TBSI\unfocused\LH2\LH2 (8).JPG,0,TBSI::LH2,,dataset,train,LH2,TBSI::LH2
TBSI,D:\Dineth\focus_binary_benchmark\dataset\TBSI\unfocused\LH2\LH2 (9).JPG,0,TBSI::LH2,,dataset,train,LH2,TBSI::LH2
TBSI,D:\Dineth\focus_binary_benchmark\dataset\TBSI\unfocused\LH3\LH3 (1).JPG,0,TBSI::LH3,,dataset,train,LH3,TBSI::LH3
TBSI,D:\Dineth\focus_binary_benchmark\dataset\TBSI\unfocused\LH3\LH3 (10).JPG,0,TBSI::LH3,,dataset,train,LH3,TBSI::LH3
TBSI,D:\Dineth\focus_binary_benchmark\dataset\TBSI\unfocused\LH3\LH3 (2).JPG,0,TBSI::LH3,,dataset,train,LH3,TBSI::LH3
TBSI,D:\Dineth\focus_binary_benchmark\dataset\TBSI\unfocused\LH3\LH3 (3).JPG,0,TBSI::LH3,,dataset,train,LH3,TBSI::LH3
TBSI,D:\Dineth\focus_binary_benchmark\dataset\TBSI\unfocused\LH3\LH3 (4).JPG,0,TBSI::LH3,,dataset,train,LH3,TBSI::LH3
TBSI,D:\Dineth\focus_binary_benchmark\dataset\TBSI\unfocused\LH3\LH3 (8).JPG,0,TBSI::LH3,,dataset,train,LH3,TBSI::LH3
TBSI,D:\Dineth\focus_binary_benchmark\dataset\TBSI\unfocused\LH3\LH3 (9).JPG,0,TBSI::LH3,,dataset,train,LH3,TBSI::LH3
TBSI,D:\Dineth\focus_binary_benchmark\dataset\TBSI\unfocused\LH4\LH4 (1).JPG,0,TBSI::LH4,,dataset,train,LH4,TBSI::LH4
TBSI,D:\Dineth\focus_binary_benchmark\dataset\TBSI\unfocused\LH4\LH4 (10).JPG,0,TBSI::LH4,,dataset,train,LH4,TBSI::LH4
TBSI,D:\Dineth\focus_binary_benchmark\dataset\TBSI\unfocused\LH4\LH4 (2).JPG,0,TBSI::LH4,,dataset,train,LH4,TBSI::LH4
TBSI,D:\Dineth\focus_binary_benchmark\dataset\TBSI\unfocused\LH4\LH4 (3).JPG,0,TBSI::LH4,,dataset,train,LH4,TBSI::LH4
TBSI,D:\Dineth\focus_binary_benchmark\dataset\TBSI\unfocused\LH4\LH4 (4).JPG,0,TBSI::LH4,,dataset,train,LH4,TBSI::LH4
TBSI,D:\Dineth\focus_binary_benchmark\dataset\TBSI\unfocused\LH4\LH4 (8).JPG,0,TBSI::LH4,,dataset,train,LH4,TBSI::LH4
TBSI,D:\Dineth\focus_binary_benchmark\dataset\TBSI\unfocused\LH4\LH4 (9).JPG,0,TBSI::LH4,,dataset,train,LH4,TBSI::LH4
TBSI,D:\Dineth\focus_binary_benchmark\dataset\TBSI\unfocused\LH5\LH5 (1).JPG,0,TBSI::LH5,,dataset,train,LH5,TBSI::LH5
TBSI,D:\Dineth\focus_binary_benchmark\dataset\TBSI\unfocused\LH5\LH5 (10).JPG,0,TBSI::LH5,,dataset,train,LH5,TBSI::LH5
TBSI,D:\Dineth\focus_binary_benchmark\dataset\TBSI\unfocused\LH5\LH5 (2).JPG,0,TBSI::LH5,,dataset,train,LH5,TBSI::LH5
TBSI,D:\Dineth\focus_binary_benchmark\dataset\TBSI\unfocused\LH5\LH5 (6).JPG,0,TBSI::LH5,,dataset,train,LH5,TBSI::LH5
TBSI,D:\Dineth\focus_binary_benchmark\dataset\TBSI\unfocused\LH5\LH5 (7).JPG,0,TBSI::LH5,,dataset,train,LH5,TBSI::LH5
TBSI,D:\Dineth\focus_binary_benchmark\dataset\TBSI\unfocused\LH5\LH5 (8).JPG,0,TBSI::LH5,,dataset,train,LH5,TBSI::LH5
TBSI,D:\Dineth\focus_binary_benchmark\dataset\TBSI\unfocused\LH5\LH5 (9).JPG,0,TBSI::LH5,,dataset,train,LH5,TBSI::LH5
TBSI,D:\Dineth\focus_binary_benchmark\dataset\TBSI\unfocused\LH6\LH6 (1).JPG,0,TBSI::LH6,,dataset,train,LH6,TBSI::LH6
TBSI,D:\Dineth\focus_binary_benchmark\dataset\TBSI\unfocused\LH6\LH6 (10).JPG,0,TBSI::LH6,,dataset,train,LH6,TBSI::LH6
TBSI,D:\Dineth\focus_binary_benchmark\dataset\TBSI\unfocused\LH6\LH6 (2).JPG,0,TBSI::LH6,,dataset,train,LH6,TBSI::LH6
TBSI,D:\Dineth\focus_binary_benchmark\dataset\TBSI\unfocused\LH6\LH6 (3).JPG,0,TBSI::LH6,,dataset,train,LH6,TBSI::LH6
TBSI,D:\Dineth\focus_binary_benchmark\dataset\TBSI\unfocused\LH6\LH6 (4).JPG,0,TBSI::LH6,,dataset,train,LH6,TBSI::LH6
TBSI,D:\Dineth\focus_binary_benchmark\dataset\TBSI\unfocused\LH6\LH6 (8).JPG,0,TBSI::LH6,,dataset,train,LH6,TBSI::LH6
TBSI,D:\Dineth\focus_binary_benchmark\dataset\TBSI\unfocused\LH6\LH6 (9).JPG,0,TBSI::LH6,,dataset,train,LH6,TBSI::LH6
TBSI,D:\Dineth\focus_binary_benchmark\dataset\TBSI\unfocused\LH7\LH7 (1).JPG,0,TBSI::LH7,,dataset,train,LH7,TBSI::LH7
TBSI,D:\Dineth\focus_binary_benchmark\dataset\TBSI\unfocused\LH7\LH7 (10).JPG,0,TBSI::LH7,,dataset,train,LH7,TBSI::LH7
TBSI,D:\Dineth\focus_binary_benchmark\dataset\TBSI\unfocused\LH7\LH7 (2).JPG,0,TBSI::LH7,,dataset,train,LH7,TBSI::LH7
TBSI,D:\Dineth\focus_binary_benchmark\dataset\TBSI\unfocused\LH7\LH7 (3).JPG,0,TBSI::LH7,,dataset,train,LH7,TBSI::LH7
TBSI,D:\Dineth\focus_binary_benchmark\dataset\TBSI\unfocused\LH7\LH7 (4).JPG,0,TBSI::LH7,,dataset,train,LH7,TBSI::LH7
TBSI,D:\Dineth\focus_binary_benchmark\dataset\TBSI\unfocused\LH7\LH7 (8).JPG,0,TBSI::LH7,,dataset,train,LH7,TBSI::LH7
TBSI,D:\Dineth\focus_binary_benchmark\dataset\TBSI\unfocused\LH7\LH7 (9).JPG,0,TBSI::LH7,,dataset,train,LH7,TBSI::LH7
TBSI,D:\Dineth\focus_binary_benchmark\dataset\TBSI\unfocused\LH8\LH8 (1).JPG,0,TBSI::LH8,,dataset,train,LH8,TBSI::LH8
TBSI,D:\Dineth\focus_binary_benchmark\dataset\TBSI\unfocused\LH8\LH8 (10).JPG,0,TBSI::LH8,,dataset,train,LH8,TBSI::LH8
TBSI,D:\Dineth\focus_binary_benchmark\dataset\TBSI\unfocused\LH8\LH8 (2).JPG,0,TBSI::LH8,,dataset,train,LH8,TBSI::LH8
TBSI,D:\Dineth\focus_binary_benchmark\dataset\TBSI\unfocused\LH8\LH8 (3).JPG,0,TBSI::LH8,,dataset,train,LH8,TBSI::LH8
TBSI,D:\Dineth\focus_binary_benchmark\dataset\TBSI\unfocused\LH8\LH8 (4).JPG,0,TBSI::LH8,,dataset,train,LH8,TBSI::LH8
TBSI,D:\Dineth\focus_binary_benchmark\dataset\TBSI\unfocused\LH8\LH8 (8).JPG,0,TBSI::LH8,,dataset,train,LH8,TBSI::LH8
TBSI,D:\Dineth\focus_binary_benchmark\dataset\TBSI\unfocused\LH8\LH8 (9).JPG,0,TBSI::LH8,,dataset,train,LH8,TBSI::LH8
TBSI,D:\Dineth\focus_binary_benchmark\dataset\TBSI\unfocused\LH9\LH9 (1).JPG,0,TBSI::LH9,,dataset,train,LH9,TBSI::LH9
TBSI,D:\Dineth\focus_binary_benchmark\dataset\TBSI\unfocused\LH9\LH9 (10).JPG,0,TBSI::LH9,,dataset,train,LH9,TBSI::LH9
TBSI,D:\Dineth\focus_binary_benchmark\dataset\TBSI\unfocused\LH9\LH9 (2).JPG,0,TBSI::LH9,,dataset,train,LH9,TBSI::LH9
TBSI,D:\Dineth\focus_binary_benchmark\dataset\TBSI\unfocused\LH9\LH9 (3).JPG,0,TBSI::LH9,,dataset,train,LH9,TBSI::LH9
TBSI,D:\Dineth\focus_binary_benchmark\dataset\TBSI\unfocused\LH9\LH9 (4).JPG,0,TBSI::LH9,,dataset,train,LH9,TBSI::LH9
TBSI,D:\Dineth\focus_binary_benchmark\dataset\TBSI\unfocused\LH9\LH9 (8).JPG,0,TBSI::LH9,,dataset,train,LH9,TBSI::LH9
TBSI,D:\Dineth\focus_binary_benchmark\dataset\TBSI\unfocused\LH9\LH9 (9).JPG,0,TBSI::LH9,,dataset,train,LH9,TBSI::LH9
wbc,D:\Dineth\focus_binary_benchmark\dataset\wbc\focused\0\0_7.jpg,1,wbc::0,,dataset,train,0,wbc::0
wbc,D:\Dineth\focus_binary_benchmark\dataset\wbc\focused\1\1_6.jpg,1,wbc::1,,dataset,test,1,wbc::1
wbc,D:\Dineth\focus_binary_benchmark\dataset\wbc\focused\10\10_6.jpg,1,wbc::10,,dataset,train,10,wbc::10
wbc,D:\Dineth\focus_binary_benchmark\dataset\wbc\focused\100\100_5.jpg,1,wbc::100,,dataset,test,100,wbc::100
wbc,D:\Dineth\focus_binary_benchmark\dataset\wbc\focused\101\101_6.jpg,1,wbc::101,,dataset,train,101,wbc::101
wbc,D:\Dineth\focus_binary_benchmark\dataset\wbc\focused\102\102_6.jpg,1,wbc::102,,dataset,train,102,wbc::102
wbc,D:\Dineth\focus_binary_benchmark\dataset\wbc\focused\103\103_6.jpg,1,wbc::103,,dataset,test,103,wbc::103
wbc,D:\Dineth\focus_binary_benchmark\dataset\wbc\focused\104\104_6.jpg,1,wbc::104,,dataset,test,104,wbc::104
wbc,D:\Dineth\focus_binary_benchmark\dataset\wbc\focused\105\105_6.jpg,1,wbc::105,,dataset,train,105,wbc::105
wbc,D:\Dineth\focus_binary_benchmark\dataset\wbc\focused\106\106_6.jpg,1,wbc::106,,dataset,train,106,wbc::106
wbc,D:\Dineth\focus_binary_benchmark\dataset\wbc\focused\107\107_6.jpg,1,wbc::107,,dataset,train,107,wbc::107
wbc,D:\Dineth\focus_binary_benchmark\dataset\wbc\focused\108\108_7.jpg,1,wbc::108,,dataset,train,108,wbc::108
wbc,D:\Dineth\focus_binary_benchmark\dataset\wbc\focused\109\109_6.jpg,1,wbc::109,,dataset,train,109,wbc::109
wbc,D:\Dineth\focus_binary_benchmark\dataset\wbc\focused\11\11_6.jpg,1,wbc::11,,dataset,val,11,wbc::11
wbc,D:\Dineth\focus_binary_benchmark\dataset\wbc\focused\110\110_6.jpg,1,wbc::110,,dataset,train,110,wbc::110
wbc,D:\Dineth\focus_binary_benchmark\dataset\wbc\focused\111\111_6.jpg,1,wbc::111,,dataset,test,111,wbc::111
wbc,D:\Dineth\focus_binary_benchmark\dataset\wbc\focused\112\112_6.jpg,1,wbc::112,,dataset,train,112,wbc::112
wbc,D:\Dineth\focus_binary_benchmark\dataset\wbc\focused\113\113_6.jpg,1,wbc::113,,dataset,train,113,wbc::113
wbc,D:\Dineth\focus_binary_benchmark\dataset\wbc\focused\114\114_6.jpg,1,wbc::114,,dataset,train,114,wbc::114
wbc,D:\Dineth\focus_binary_benchmark\dataset\wbc\focused\115\115_7.jpg,1,wbc::115,,dataset,test,115,wbc::115
wbc,D:\Dineth\focus_binary_benchmark\dataset\wbc\focused\116\116_6.jpg,1,wbc::116,,dataset,train,116,wbc::116
wbc,D:\Dineth\focus_binary_benchmark\dataset\wbc\focused\117\117_6.jpg,1,wbc::117,,dataset,train,117,wbc::117
wbc,D:\Dineth\focus_binary_benchmark\dataset\wbc\focused\118\118_6.jpg,1,wbc::118,,dataset,train,118,wbc::118
wbc,D:\Dineth\focus_binary_benchmark\dataset\wbc\focused\119\119_6.jpg,1,wbc::119,,dataset,train,119,wbc::119
wbc,D:\Dineth\focus_binary_benchmark\dataset\wbc\focused\12\12_6.jpg,1,wbc::12,,dataset,train,12,wbc::12
wbc,D:\Dineth\focus_binary_benchmark\dataset\wbc\focused\120\120_5.jpg,1,wbc::120,,dataset,val,120,wbc::120
wbc,D:\Dineth\focus_binary_benchmark\dataset\wbc\focused\121\121_6.jpg,1,wbc::121,,dataset,train,121,wbc::121
wbc,D:\Dineth\focus_binary_benchmark\dataset\wbc\focused\122\122_6.jpg,1,wbc::122,,dataset,train,122,wbc::122
wbc,D:\Dineth\focus_binary_benchmark\dataset\wbc\focused\123\123_6.jpg,1,wbc::123,,dataset,train,123,wbc::123
wbc,D:\Dineth\focus_binary_benchmark\dataset\wbc\focused\124\124_6.jpg,1,wbc::124,,dataset,train,124,wbc::124
wbc,D:\Dineth\focus_binary_benchmark\dataset\wbc\focused\125\125_6.jpg,1,wbc::125,,dataset,train,125,wbc::125
wbc,D:\Dineth\focus_binary_benchmark\dataset\wbc\focused\126\126_6.jpg,1,wbc::126,,dataset,test,126,wbc::126
wbc,D:\Dineth\focus_binary_benchmark\dataset\wbc\focused\127\127_6.jpg,1,wbc::127,,dataset,val,127,wbc::127
wbc,D:\Dineth\focus_binary_benchmark\dataset\wbc\focused\128\128_6.jpg,1,wbc::128,,dataset,train,128,wbc::128
wbc,D:\Dineth\focus_binary_benchmark\dataset\wbc\focused\129\129_7.jpg,1,wbc::129,,dataset,train,129,wbc::129
wbc,D:\Dineth\focus_binary_benchmark\dataset\wbc\focused\13\13_7.jpg,1,wbc::13,,dataset,train,13,wbc::13
wbc,D:\Dineth\focus_binary_benchmark\dataset\wbc\focused\130\130_6.jpg,1,wbc::130,,dataset,test,130,wbc::130
wbc,D:\Dineth\focus_binary_benchmark\dataset\wbc\focused\131\131_6.jpg,1,wbc::131,,dataset,val,131,wbc::131
wbc,D:\Dineth\focus_binary_benchmark\dataset\wbc\focused\132\132_6.jpg,1,wbc::132,,dataset,train,132,wbc::132
wbc,D:\Dineth\focus_binary_benchmark\dataset\wbc\focused\133\133_7.jpg,1,wbc::133,,dataset,train,133,wbc::133
wbc,D:\Dineth\focus_binary_benchmark\dataset\wbc\focused\134\134_6.jpg,1,wbc::134,,dataset,val,134,wbc::134
wbc,D:\Dineth\focus_binary_benchmark\dataset\wbc\focused\135\135_6.jpg,1,wbc::135,,dataset,train,135,wbc::135
wbc,D:\Dineth\focus_binary_benchmark\dataset\wbc\focused\136\136_5.jpg,1,wbc::136,,dataset,train,136,wbc::136
wbc,D:\Dineth\focus_binary_benchmark\dataset\wbc\focused\137\137_5.jpg,1,wbc::137,,dataset,train,137,wbc::137
wbc,D:\Dineth\focus_binary_benchmark\dataset\wbc\focused\138\138_5.jpg,1,wbc::138,,dataset,train,138,wbc::138
wbc,D:\Dineth\focus_binary_benchmark\dataset\wbc\focused\139\139_5.jpg,1,wbc::139,,dataset,train,139,wbc::139
wbc,D:\Dineth\focus_binary_benchmark\dataset\wbc\focused\14\14_6.jpg,1,wbc::14,,dataset,train,14,wbc::14
wbc,D:\Dineth\focus_binary_benchmark\dataset\wbc\focused\140\140_5.jpg,1,wbc::140,,dataset,val,140,wbc::140
wbc,D:\Dineth\focus_binary_benchmark\dataset\wbc\focused\141\141_6.jpg,1,wbc::141,,dataset,train,141,wbc::141
wbc,D:\Dineth\focus_binary_benchmark\dataset\wbc\focused\142\142_6.jpg,1,wbc::142,,dataset,train,142,wbc::142
wbc,D:\Dineth\focus_binary_benchmark\dataset\wbc\focused\143\143_7.jpg,1,wbc::143,,dataset,train,143,wbc::143
wbc,D:\Dineth\focus_binary_benchmark\dataset\wbc\focused\144\144_6.jpg,1,wbc::144,,dataset,train,144,wbc::144
wbc,D:\Dineth\focus_binary_benchmark\dataset\wbc\focused\145\145_6.jpg,1,wbc::145,,dataset,train,145,wbc::145
wbc,D:\Dineth\focus_binary_benchmark\dataset\wbc\focused\146\146_6.jpg,1,wbc::146,,dataset,train,146,wbc::146
wbc,D:\Dineth\focus_binary_benchmark\dataset\wbc\focused\147\147_6.jpg,1,wbc::147,,dataset,val,147,wbc::147
wbc,D:\Dineth\focus_binary_benchmark\dataset\wbc\focused\148\148_6.jpg,1,wbc::148,,dataset,train,148,wbc::148
wbc,D:\Dineth\focus_binary_benchmark\dataset\wbc\focused\149\149_6.jpg,1,wbc::149,,dataset,train,149,wbc::149
wbc,D:\Dineth\focus_binary_benchmark\dataset\wbc\focused\15\15_6.jpg,1,wbc::15,,dataset,train,15,wbc::15
wbc,D:\Dineth\focus_binary_benchmark\dataset\wbc\focused\150\150_6.jpg,1,wbc::150,,dataset,train,150,wbc::150
wbc,D:\Dineth\focus_binary_benchmark\dataset\wbc\focused\16\16_5.jpg,1,wbc::16,,dataset,train,16,wbc::16
wbc,D:\Dineth\focus_binary_benchmark\dataset\wbc\focused\17\17_5.jpg,1,wbc::17,,dataset,train,17,wbc::17
wbc,D:\Dineth\focus_binary_benchmark\dataset\wbc\focused\18\18_5.jpg,1,wbc::18,,dataset,train,18,wbc::18
wbc,D:\Dineth\focus_binary_benchmark\dataset\wbc\focused\19\19_5.jpg,1,wbc::19,,dataset,test,19,wbc::19
wbc,D:\Dineth\focus_binary_benchmark\dataset\wbc\focused\2\2_6.jpg,1,wbc::2,,dataset,train,2,wbc::2
wbc,D:\Dineth\focus_binary_benchmark\dataset\wbc\focused\20\20_5.jpg,1,wbc::20,,dataset,train,20,wbc::20
wbc,D:\Dineth\focus_binary_benchmark\dataset\wbc\focused\21\21_6.jpg,1,wbc::21,,dataset,train,21,wbc::21
wbc,D:\Dineth\focus_binary_benchmark\dataset\wbc\focused\22\22_5.jpg,1,wbc::22,,dataset,train,22,wbc::22
wbc,D:\Dineth\focus_binary_benchmark\dataset\wbc\focused\23\23_6.jpg,1,wbc::23,,dataset,train,23,wbc::23
wbc,D:\Dineth\focus_binary_benchmark\dataset\wbc\focused\24\24_6.jpg,1,wbc::24,,dataset,test,24,wbc::24
wbc,D:\Dineth\focus_binary_benchmark\dataset\wbc\focused\25\25_6.jpg,1,wbc::25,,dataset,val,25,wbc::25
wbc,D:\Dineth\focus_binary_benchmark\dataset\wbc\focused\26\26_6.jpg,1,wbc::26,,dataset,train,26,wbc::26
wbc,D:\Dineth\focus_binary_benchmark\dataset\wbc\focused\27\27_6.jpg,1,wbc::27,,dataset,train,27,wbc::27
wbc,D:\Dineth\focus_binary_benchmark\dataset\wbc\focused\28\28_5.jpg,1,wbc::28,,dataset,train,28,wbc::28
wbc,D:\Dineth\focus_binary_benchmark\dataset\wbc\focused\29\29_6.jpg,1,wbc::29,,dataset,test,29,wbc::29
wbc,D:\Dineth\focus_binary_benchmark\dataset\wbc\focused\3\3_5.jpg,1,wbc::3,,dataset,test,3,wbc::3
wbc,D:\Dineth\focus_binary_benchmark\dataset\wbc\focused\30\30_6.jpg,1,wbc::30,,dataset,val,30,wbc::30
wbc,D:\Dineth\focus_binary_benchmark\dataset\wbc\focused\31\31_6.jpg,1,wbc::31,,dataset,train,31,wbc::31
wbc,D:\Dineth\focus_binary_benchmark\dataset\wbc\focused\32\32_6.jpg,1,wbc::32,,dataset,train,32,wbc::32
wbc,D:\Dineth\focus_binary_benchmark\dataset\wbc\focused\33\33_6.jpg,1,wbc::33,,dataset,test,33,wbc::33
wbc,D:\Dineth\focus_binary_benchmark\dataset\wbc\focused\34\34_6.jpg,1,wbc::34,,dataset,train,34,wbc::34
wbc,D:\Dineth\focus_binary_benchmark\dataset\wbc\focused\35\35_5.jpg,1,wbc::35,,dataset,train,35,wbc::35
wbc,D:\Dineth\focus_binary_benchmark\dataset\wbc\focused\36\36_6.jpg,1,wbc::36,,dataset,train,36,wbc::36
wbc,D:\Dineth\focus_binary_benchmark\dataset\wbc\focused\37\37_5.jpg,1,wbc::37,,dataset,val,37,wbc::37
wbc,D:\Dineth\focus_binary_benchmark\dataset\wbc\focused\38\38_7.jpg,1,wbc::38,,dataset,train,38,wbc::38
wbc,D:\Dineth\focus_binary_benchmark\dataset\wbc\focused\39\39_6.jpg,1,wbc::39,,dataset,train,39,wbc::39
wbc,D:\Dineth\focus_binary_benchmark\dataset\wbc\focused\4\4_6.jpg,1,wbc::4,,dataset,val,4,wbc::4
wbc,D:\Dineth\focus_binary_benchmark\dataset\wbc\focused\40\40_5.jpg,1,wbc::40,,dataset,train,40,wbc::40
wbc,D:\Dineth\focus_binary_benchmark\dataset\wbc\focused\41\41_5.jpg,1,wbc::41,,dataset,train,41,wbc::41
wbc,D:\Dineth\focus_binary_benchmark\dataset\wbc\focused\42\42_5.jpg,1,wbc::42,,dataset,val,42,wbc::42
wbc,D:\Dineth\focus_binary_benchmark\dataset\wbc\focused\43\43_6.jpg,1,wbc::43,,dataset,train,43,wbc::43
wbc,D:\Dineth\focus_binary_benchmark\dataset\wbc\focused\44\44_6.jpg,1,wbc::44,,dataset,test,44,wbc::44
wbc,D:\Dineth\focus_binary_benchmark\dataset\wbc\focused\45\45_6.jpg,1,wbc::45,,dataset,test,45,wbc::45
wbc,D:\Dineth\focus_binary_benchmark\dataset\wbc\focused\46\46_6.jpg,1,wbc::46,,dataset,test,46,wbc::46
wbc,D:\Dineth\focus_binary_benchmark\dataset\wbc\focused\47\47_6.jpg,1,wbc::47,,dataset,train,47,wbc::47
wbc,D:\Dineth\focus_binary_benchmark\dataset\wbc\focused\48\48_6.jpg,1,wbc::48,,dataset,val,48,wbc::48
wbc,D:\Dineth\focus_binary_benchmark\dataset\wbc\focused\49\49_6.jpg,1,wbc::49,,dataset,train,49,wbc::49
wbc,D:\Dineth\focus_binary_benchmark\dataset\wbc\focused\5\5_6.jpg,1,wbc::5,,dataset,test,5,wbc::5
wbc,D:\Dineth\focus_binary_benchmark\dataset\wbc\focused\50\50_7.jpg,1,wbc::50,,dataset,train,50,wbc::50
wbc,D:\Dineth\focus_binary_benchmark\dataset\wbc\focused\51\51_6.jpg,1,wbc::51,,dataset,train,51,wbc::51
wbc,D:\Dineth\focus_binary_benchmark\dataset\wbc\focused\52\52_6.jpg,1,wbc::52,,dataset,train,52,wbc::52
wbc,D:\Dineth\focus_binary_benchmark\dataset\wbc\focused\53\53_6.jpg,1,wbc::53,,dataset,val,53,wbc::53
wbc,D:\Dineth\focus_binary_benchmark\dataset\wbc\focused\54\54_6.jpg,1,wbc::54,,dataset,val,54,wbc::54
wbc,D:\Dineth\focus_binary_benchmark\dataset\wbc\focused\55\55_6.jpg,1,wbc::55,,dataset,train,55,wbc::55
wbc,D:\Dineth\focus_binary_benchmark\dataset\wbc\focused\56\56_6.jpg,1,wbc::56,,dataset,train,56,wbc::56
wbc,D:\Dineth\focus_binary_benchmark\dataset\wbc\focused\57\57_6.jpg,1,wbc::57,,dataset,train,57,wbc::57
wbc,D:\Dineth\focus_binary_benchmark\dataset\wbc\focused\58\58_6.jpg,1,wbc::58,,dataset,train,58,wbc::58
wbc,D:\Dineth\focus_binary_benchmark\dataset\wbc\focused\59\59_6.jpg,1,wbc::59,,dataset,train,59,wbc::59
wbc,D:\Dineth\focus_binary_benchmark\dataset\wbc\focused\6\6_5.jpg,1,wbc::6,,dataset,train,6,wbc::6
wbc,D:\Dineth\focus_binary_benchmark\dataset\wbc\focused\60\60_6.jpg,1,wbc::60,,dataset,train,60,wbc::60
wbc,D:\Dineth\focus_binary_benchmark\dataset\wbc\focused\61\61_6.jpg,1,wbc::61,,dataset,train,61,wbc::61
wbc,D:\Dineth\focus_binary_benchmark\dataset\wbc\focused\62\62_6.jpg,1,wbc::62,,dataset,train,62,wbc::62
wbc,D:\Dineth\focus_binary_benchmark\dataset\wbc\focused\63\63_5.jpg,1,wbc::63,,dataset,val,63,wbc::63
wbc,D:\Dineth\focus_binary_benchmark\dataset\wbc\focused\64\64_7.jpg,1,wbc::64,,dataset,val,64,wbc::64
wbc,D:\Dineth\focus_binary_benchmark\dataset\wbc\focused\65\65_6.jpg,1,wbc::65,,dataset,train,65,wbc::65
wbc,D:\Dineth\focus_binary_benchmark\dataset\wbc\focused\66\66_6.jpg,1,wbc::66,,dataset,val,66,wbc::66
wbc,D:\Dineth\focus_binary_benchmark\dataset\wbc\focused\67\67_6.jpg,1,wbc::67,,dataset,train,67,wbc::67
wbc,D:\Dineth\focus_binary_benchmark\dataset\wbc\focused\68\68_6.jpg,1,wbc::68,,dataset,train,68,wbc::68
wbc,D:\Dineth\focus_binary_benchmark\dataset\wbc\focused\69\69_6.jpg,1,wbc::69,,dataset,val,69,wbc::69
wbc,D:\Dineth\focus_binary_benchmark\dataset\wbc\focused\7\7_6.jpg,1,wbc::7,,dataset,train,7,wbc::7
wbc,D:\Dineth\focus_binary_benchmark\dataset\wbc\focused\70\70_6.jpg,1,wbc::70,,dataset,train,70,wbc::70
wbc,D:\Dineth\focus_binary_benchmark\dataset\wbc\focused\71\71_6.jpg,1,wbc::71,,dataset,train,71,wbc::71
wbc,D:\Dineth\focus_binary_benchmark\dataset\wbc\focused\72\72_6.jpg,1,wbc::72,,dataset,train,72,wbc::72
wbc,D:\Dineth\focus_binary_benchmark\dataset\wbc\focused\73\73_5.jpg,1,wbc::73,,dataset,val,73,wbc::73
wbc,D:\Dineth\focus_binary_benchmark\dataset\wbc\focused\74\74_6.jpg,1,wbc::74,,dataset,val,74,wbc::74
wbc,D:\Dineth\focus_binary_benchmark\dataset\wbc\focused\75\75_6.jpg,1,wbc::75,,dataset,train,75,wbc::75
wbc,D:\Dineth\focus_binary_benchmark\dataset\wbc\focused\76\76_5.jpg,1,wbc::76,,dataset,train,76,wbc::76
wbc,D:\Dineth\focus_binary_benchmark\dataset\wbc\focused\77\77_6.jpg,1,wbc::77,,dataset,val,77,wbc::77
wbc,D:\Dineth\focus_binary_benchmark\dataset\wbc\focused\78\78_6.jpg,1,wbc::78,,dataset,train,78,wbc::78
wbc,D:\Dineth\focus_binary_benchmark\dataset\wbc\focused\79\79_6.jpg,1,wbc::79,,dataset,train,79,wbc::79
wbc,D:\Dineth\focus_binary_benchmark\dataset\wbc\focused\8\8_6.jpg,1,wbc::8,,dataset,train,8,wbc::8
wbc,D:\Dineth\focus_binary_benchmark\dataset\wbc\focused\80\80_6.jpg,1,wbc::80,,dataset,train,80,wbc::80
wbc,D:\Dineth\focus_binary_benchmark\dataset\wbc\focused\81\81_6.jpg,1,wbc::81,,dataset,val,81,wbc::81
wbc,D:\Dineth\focus_binary_benchmark\dataset\wbc\focused\82\82_5.jpg,1,wbc::82,,dataset,train,82,wbc::82
wbc,D:\Dineth\focus_binary_benchmark\dataset\wbc\focused\83\83_6.jpg,1,wbc::83,,dataset,train,83,wbc::83
wbc,D:\Dineth\focus_binary_benchmark\dataset\wbc\focused\84\84_6.jpg,1,wbc::84,,dataset,train,84,wbc::84
wbc,D:\Dineth\focus_binary_benchmark\dataset\wbc\focused\85\85_6.jpg,1,wbc::85,,dataset,train,85,wbc::85
wbc,D:\Dineth\focus_binary_benchmark\dataset\wbc\focused\86\86_6.jpg,1,wbc::86,,dataset,train,86,wbc::86
wbc,D:\Dineth\focus_binary_benchmark\dataset\wbc\focused\87\87_5.jpg,1,wbc::87,,dataset,train,87,wbc::87
wbc,D:\Dineth\focus_binary_benchmark\dataset\wbc\focused\88\88_6.jpg,1,wbc::88,,dataset,test,88,wbc::88
wbc,D:\Dineth\focus_binary_benchmark\dataset\wbc\focused\89\89_6.jpg,1,wbc::89,,dataset,train,89,wbc::89
wbc,D:\Dineth\focus_binary_benchmark\dataset\wbc\focused\9\9_6.jpg,1,wbc::9,,dataset,train,9,wbc::9
wbc,D:\Dineth\focus_binary_benchmark\dataset\wbc\focused\90\90_5.jpg,1,wbc::90,,dataset,train,90,wbc::90
wbc,D:\Dineth\focus_binary_benchmark\dataset\wbc\focused\91\91_6.jpg,1,wbc::91,,dataset,test,91,wbc::91
wbc,D:\Dineth\focus_binary_benchmark\dataset\wbc\focused\92\92_6.jpg,1,wbc::92,,dataset,train,92,wbc::92
wbc,D:\Dineth\focus_binary_benchmark\dataset\wbc\focused\93\93_5.jpg,1,wbc::93,,dataset,train,93,wbc::93
wbc,D:\Dineth\focus_binary_benchmark\dataset\wbc\focused\94\94_5.jpg,1,wbc::94,,dataset,train,94,wbc::94
wbc,D:\Dineth\focus_binary_benchmark\dataset\wbc\focused\95\95_5.jpg,1,wbc::95,,dataset,train,95,wbc::95
wbc,D:\Dineth\focus_binary_benchmark\dataset\wbc\focused\96\96_6.jpg,1,wbc::96,,dataset,test,96,wbc::96
wbc,D:\Dineth\focus_binary_benchmark\dataset\wbc\focused\97\97_5.jpg,1,wbc::97,,dataset,test,97,wbc::97
wbc,D:\Dineth\focus_binary_benchmark\dataset\wbc\focused\98\98_6.jpg,1,wbc::98,,dataset,train,98,wbc::98
wbc,D:\Dineth\focus_binary_benchmark\dataset\wbc\focused\99\99_6.jpg,1,wbc::99,,dataset,test,99,wbc::99
wbc,D:\Dineth\focus_binary_benchmark\dataset\wbc\unfocused\0\0_0.jpg,0,wbc::0,,dataset,train,0,wbc::0
wbc,D:\Dineth\focus_binary_benchmark\dataset\wbc\unfocused\0\0_1.jpg,0,wbc::0,,dataset,train,0,wbc::0
wbc,D:\Dineth\focus_binary_benchmark\dataset\wbc\unfocused\0\0_2.jpg,0,wbc::0,,dataset,train,0,wbc::0
wbc,D:\Dineth\focus_binary_benchmark\dataset\wbc\unfocused\0\0_3.jpg,0,wbc::0,,dataset,train,0,wbc::0
wbc,D:\Dineth\focus_binary_benchmark\dataset\wbc\unfocused\0\0_4.jpg,0,wbc::0,,dataset,train,0,wbc::0
wbc,D:\Dineth\focus_binary_benchmark\dataset\wbc\unfocused\0\0_5.jpg,0,wbc::0,,dataset,train,0,wbc::0
wbc,D:\Dineth\focus_binary_benchmark\dataset\wbc\unfocused\0\0_9.jpg,0,wbc::0,,dataset,train,0,wbc::0
wbc,D:\Dineth\focus_binary_benchmark\dataset\wbc\unfocused\1\1_0.jpg,0,wbc::1,,dataset,test,1,wbc::1
wbc,D:\Dineth\focus_binary_benchmark\dataset\wbc\unfocused\1\1_1.jpg,0,wbc::1,,dataset,test,1,wbc::1
wbc,D:\Dineth\focus_binary_benchmark\dataset\wbc\unfocused\1\1_2.jpg,0,wbc::1,,dataset,test,1,wbc::1
wbc,D:\Dineth\focus_binary_benchmark\dataset\wbc\unfocused\1\1_3.jpg,0,wbc::1,,dataset,test,1,wbc::1
wbc,D:\Dineth\focus_binary_benchmark\dataset\wbc\unfocused\1\1_4.jpg,0,wbc::1,,dataset,test,1,wbc::1
wbc,D:\Dineth\focus_binary_benchmark\dataset\wbc\unfocused\1\1_8.jpg,0,wbc::1,,dataset,test,1,wbc::1
wbc,D:\Dineth\focus_binary_benchmark\dataset\wbc\unfocused\1\1_9.jpg,0,wbc::1,,dataset,test,1,wbc::1
wbc,D:\Dineth\focus_binary_benchmark\dataset\wbc\unfocused\10\10_0.jpg,0,wbc::10,,dataset,train,10,wbc::10
wbc,D:\Dineth\focus_binary_benchmark\dataset\wbc\unfocused\10\10_1.jpg,0,wbc::10,,dataset,train,10,wbc::10
wbc,D:\Dineth\focus_binary_benchmark\dataset\wbc\unfocused\10\10_2.jpg,0,wbc::10,,dataset,train,10,wbc::10
wbc,D:\Dineth\focus_binary_benchmark\dataset\wbc\unfocused\10\10_3.jpg,0,wbc::10,,dataset,train,10,wbc::10
wbc,D:\Dineth\focus_binary_benchmark\dataset\wbc\unfocused\10\10_4.jpg,0,wbc::10,,dataset,train,10,wbc::10
wbc,D:\Dineth\focus_binary_benchmark\dataset\wbc\unfocused\10\10_8.jpg,0,wbc::10,,dataset,train,10,wbc::10
wbc,D:\Dineth\focus_binary_benchmark\dataset\wbc\unfocused\10\10_9.jpg,0,wbc::10,,dataset,train,10,wbc::10
wbc,D:\Dineth\focus_binary_benchmark\dataset\wbc\unfocused\100\100_0.jpg,0,wbc::100,,dataset,test,100,wbc::100
wbc,D:\Dineth\focus_binary_benchmark\dataset\wbc\unfocused\100\100_1.jpg,0,wbc::100,,dataset,test,100,wbc::100
wbc,D:\Dineth\focus_binary_benchmark\dataset\wbc\unfocused\100\100_2.jpg,0,wbc::100,,dataset,test,100,wbc::100
wbc,D:\Dineth\focus_binary_benchmark\dataset\wbc\unfocused\100\100_3.jpg,0,wbc::100,,dataset,test,100,wbc::100
wbc,D:\Dineth\focus_binary_benchmark\dataset\wbc\unfocused\100\100_7.jpg,0,wbc::100,,dataset,test,100,wbc::100
wbc,D:\Dineth\focus_binary_benchmark\dataset\wbc\unfocused\100\100_8.jpg,0,wbc::100,,dataset,test,100,wbc::100
wbc,D:\Dineth\focus_binary_benchmark\dataset\wbc\unfocused\100\100_9.jpg,0,wbc::100,,dataset,test,100,wbc::100
wbc,D:\Dineth\focus_binary_benchmark\dataset\wbc\unfocused\101\101_0.jpg,0,wbc::101,,dataset,train,101,wbc::101
wbc,D:\Dineth\focus_binary_benchmark\dataset\wbc\unfocused\101\101_1.jpg,0,wbc::101,,dataset,train,101,wbc::101
wbc,D:\Dineth\focus_binary_benchmark\dataset\wbc\unfocused\101\101_2.jpg,0,wbc::101,,dataset,train,101,wbc::101
wbc,D:\Dineth\focus_binary_benchmark\dataset\wbc\unfocused\101\101_3.jpg,0,wbc::101,,dataset,train,101,wbc::101
wbc,D:\Dineth\focus_binary_benchmark\dataset\wbc\unfocused\101\101_4.jpg,0,wbc::101,,dataset,train,101,wbc::101
wbc,D:\Dineth\focus_binary_benchmark\dataset\wbc\unfocused\101\101_8.jpg,0,wbc::101,,dataset,train,101,wbc::101
wbc,D:\Dineth\focus_binary_benchmark\dataset\wbc\unfocused\101\101_9.jpg,0,wbc::101,,dataset,train,101,wbc::101
wbc,D:\Dineth\focus_binary_benchmark\dataset\wbc\unfocused\102\102_0.jpg,0,wbc::102,,dataset,train,102,wbc::102
wbc,D:\Dineth\focus_binary_benchmark\dataset\wbc\unfocused\102\102_1.jpg,0,wbc::102,,dataset,train,102,wbc::102
wbc,D:\Dineth\focus_binary_benchmark\dataset\wbc\unfocused\102\102_2.jpg,0,wbc::102,,dataset,train,102,wbc::102
wbc,D:\Dineth\focus_binary_benchmark\dataset\wbc\unfocused\102\102_3.jpg,0,wbc::102,,dataset,train,102,wbc::102
wbc,D:\Dineth\focus_binary_benchmark\dataset\wbc\unfocused\102\102_4.jpg,0,wbc::102,,dataset,train,102,wbc::102
wbc,D:\Dineth\focus_binary_benchmark\dataset\wbc\unfocused\102\102_8.jpg,0,wbc::102,,dataset,train,102,wbc::102
wbc,D:\Dineth\focus_binary_benchmark\dataset\wbc\unfocused\102\102_9.jpg,0,wbc::102,,dataset,train,102,wbc::102
wbc,D:\Dineth\focus_binary_benchmark\dataset\wbc\unfocused\103\103_0.jpg,0,wbc::103,,dataset,test,103,wbc::103
wbc,D:\Dineth\focus_binary_benchmark\dataset\wbc\unfocused\103\103_1.jpg,0,wbc::103,,dataset,test,103,wbc::103
wbc,D:\Dineth\focus_binary_benchmark\dataset\wbc\unfocused\103\103_2.jpg,0,wbc::103,,dataset,test,103,wbc::103
wbc,D:\Dineth\focus_binary_benchmark\dataset\wbc\unfocused\103\103_3.jpg,0,wbc::103,,dataset,test,103,wbc::103
wbc,D:\Dineth\focus_binary_benchmark\dataset\wbc\unfocused\103\103_4.jpg,0,wbc::103,,dataset,test,103,wbc::103
wbc,D:\Dineth\focus_binary_benchmark\dataset\wbc\unfocused\103\103_8.jpg,0,wbc::103,,dataset,test,103,wbc::103
wbc,D:\Dineth\focus_binary_benchmark\dataset\wbc\unfocused\103\103_9.jpg,0,wbc::103,,dataset,test,103,wbc::103
wbc,D:\Dineth\focus_binary_benchmark\dataset\wbc\unfocused\104\104_0.jpg,0,wbc::104,,dataset,test,104,wbc::104
wbc,D:\Dineth\focus_binary_benchmark\dataset\wbc\unfocused\104\104_1.jpg,0,wbc::104,,dataset,test,104,wbc::104
wbc,D:\Dineth\focus_binary_benchmark\dataset\wbc\unfocused\104\104_2.jpg,0,wbc::104,,dataset,test,104,wbc::104
wbc,D:\Dineth\focus_binary_benchmark\dataset\wbc\unfocused\104\104_3.jpg,0,wbc::104,,dataset,test,104,wbc::104
wbc,D:\Dineth\focus_binary_benchmark\dataset\wbc\unfocused\104\104_4.jpg,0,wbc::104,,dataset,test,104,wbc::104
wbc,D:\Dineth\focus_binary_benchmark\dataset\wbc\unfocused\104\104_8.jpg,0,wbc::104,,dataset,test,104,wbc::104
wbc,D:\Dineth\focus_binary_benchmark\dataset\wbc\unfocused\104\104_9.jpg,0,wbc::104,,dataset,test,104,wbc::104
wbc,D:\Dineth\focus_binary_benchmark\dataset\wbc\unfocused\105\105_0.jpg,0,wbc::105,,dataset,train,105,wbc::105
wbc,D:\Dineth\focus_binary_benchmark\dataset\wbc\unfocused\105\105_1.jpg,0,wbc::105,,dataset,train,105,wbc::105
wbc,D:\Dineth\focus_binary_benchmark\dataset\wbc\unfocused\105\105_2.jpg,0,wbc::105,,dataset,train,105,wbc::105
wbc,D:\Dineth\focus_binary_benchmark\dataset\wbc\unfocused\105\105_3.jpg,0,wbc::105,,dataset,train,105,wbc::105
wbc,D:\Dineth\focus_binary_benchmark\dataset\wbc\unfocused\105\105_4.jpg,0,wbc::105,,dataset,train,105,wbc::105
wbc,D:\Dineth\focus_binary_benchmark\dataset\wbc\unfocused\105\105_8.jpg,0,wbc::105,,dataset,train,105,wbc::105
wbc,D:\Dineth\focus_binary_benchmark\dataset\wbc\unfocused\105\105_9.jpg,0,wbc::105,,dataset,train,105,wbc::105
wbc,D:\Dineth\focus_binary_benchmark\dataset\wbc\unfocused\106\106_0.jpg,0,wbc::106,,dataset,train,106,wbc::106
wbc,D:\Dineth\focus_binary_benchmark\dataset\wbc\unfocused\106\106_1.jpg,0,wbc::106,,dataset,train,106,wbc::106
wbc,D:\Dineth\focus_binary_benchmark\dataset\wbc\unfocused\106\106_2.jpg,0,wbc::106,,dataset,train,106,wbc::106
wbc,D:\Dineth\focus_binary_benchmark\dataset\wbc\unfocused\106\106_3.jpg,0,wbc::106,,dataset,train,106,wbc::106
wbc,D:\Dineth\focus_binary_benchmark\dataset\wbc\unfocused\106\106_4.jpg,0,wbc::106,,dataset,train,106,wbc::106
wbc,D:\Dineth\focus_binary_benchmark\dataset\wbc\unfocused\106\106_8.jpg,0,wbc::106,,dataset,train,106,wbc::106
wbc,D:\Dineth\focus_binary_benchmark\dataset\wbc\unfocused\106\106_9.jpg,0,wbc::106,,dataset,train,106,wbc::106
wbc,D:\Dineth\focus_binary_benchmark\dataset\wbc\unfocused\107\107_0.jpg,0,wbc::107,,dataset,train,107,wbc::107
wbc,D:\Dineth\focus_binary_benchmark\dataset\wbc\unfocused\107\107_1.jpg,0,wbc::107,,dataset,train,107,wbc::107
wbc,D:\Dineth\focus_binary_benchmark\dataset\wbc\unfocused\107\107_2.jpg,0,wbc::107,,dataset,train,107,wbc::107
wbc,D:\Dineth\focus_binary_benchmark\dataset\wbc\unfocused\107\107_3.jpg,0,wbc::107,,dataset,train,107,wbc::107
wbc,D:\Dineth\focus_binary_benchmark\dataset\wbc\unfocused\107\107_4.jpg,0,wbc::107,,dataset,train,107,wbc::107
wbc,D:\Dineth\focus_binary_benchmark\dataset\wbc\unfocused\107\107_8.jpg,0,wbc::107,,dataset,train,107,wbc::107
wbc,D:\Dineth\focus_binary_benchmark\dataset\wbc\unfocused\107\107_9.jpg,0,wbc::107,,dataset,train,107,wbc::107
wbc,D:\Dineth\focus_binary_benchmark\dataset\wbc\unfocused\108\108_0.jpg,0,wbc::108,,dataset,train,108,wbc::108
wbc,D:\Dineth\focus_binary_benchmark\dataset\wbc\unfocused\108\108_1.jpg,0,wbc::108,,dataset,train,108,wbc::108
wbc,D:\Dineth\focus_binary_benchmark\dataset\wbc\unfocused\108\108_2.jpg,0,wbc::108,,dataset,train,108,wbc::108
wbc,D:\Dineth\focus_binary_benchmark\dataset\wbc\unfocused\108\108_3.jpg,0,wbc::108,,dataset,train,108,wbc::108
wbc,D:\Dineth\focus_binary_benchmark\dataset\wbc\unfocused\108\108_4.jpg,0,wbc::108,,dataset,train,108,wbc::108
wbc,D:\Dineth\focus_binary_benchmark\dataset\wbc\unfocused\108\108_5.jpg,0,wbc::108,,dataset,train,108,wbc::108
wbc,D:\Dineth\focus_binary_benchmark\dataset\wbc\unfocused\108\108_9.jpg,0,wbc::108,,dataset,train,108,wbc::108
wbc,D:\Dineth\focus_binary_benchmark\dataset\wbc\unfocused\109\109_0.jpg,0,wbc::109,,dataset,train,109,wbc::109
wbc,D:\Dineth\focus_binary_benchmark\dataset\wbc\unfocused\109\109_1.jpg,0,wbc::109,,dataset,train,109,wbc::109
wbc,D:\Dineth\focus_binary_benchmark\dataset\wbc\unfocused\109\109_2.jpg,0,wbc::109,,dataset,train,109,wbc::109
wbc,D:\Dineth\focus_binary_benchmark\dataset\wbc\unfocused\109\109_3.jpg,0,wbc::109,,dataset,train,109,wbc::109
wbc,D:\Dineth\focus_binary_benchmark\dataset\wbc\unfocused\109\109_4.jpg,0,wbc::109,,dataset,train,109,wbc::109
wbc,D:\Dineth\focus_binary_benchmark\dataset\wbc\unfocused\109\109_8.jpg,0,wbc::109,,dataset,train,109,wbc::109
wbc,D:\Dineth\focus_binary_benchmark\dataset\wbc\unfocused\109\109_9.jpg,0,wbc::109,,dataset,train,109,wbc::109
wbc,D:\Dineth\focus_binary_benchmark\dataset\wbc\unfocused\11\11_0.jpg,0,wbc::11,,dataset,val,11,wbc::11
wbc,D:\Dineth\focus_binary_benchmark\dataset\wbc\unfocused\11\11_1.jpg,0,wbc::11,,dataset,val,11,wbc::11
wbc,D:\Dineth\focus_binary_benchmark\dataset\wbc\unfocused\11\11_2.jpg,0,wbc::11,,dataset,val,11,wbc::11
wbc,D:\Dineth\focus_binary_benchmark\dataset\wbc\unfocused\11\11_3.jpg,0,wbc::11,,dataset,val,11,wbc::11
wbc,D:\Dineth\focus_binary_benchmark\dataset\wbc\unfocused\11\11_4.jpg,0,wbc::11,,dataset,val,11,wbc::11
wbc,D:\Dineth\focus_binary_benchmark\dataset\wbc\unfocused\11\11_8.jpg,0,wbc::11,,dataset,val,11,wbc::11
wbc,D:\Dineth\focus_binary_benchmark\dataset\wbc\unfocused\11\11_9.jpg,0,wbc::11,,dataset,val,11,wbc::11
wbc,D:\Dineth\focus_binary_benchmark\dataset\wbc\unfocused\110\110_0.jpg,0,wbc::110,,dataset,train,110,wbc::110
wbc,D:\Dineth\focus_binary_benchmark\dataset\wbc\unfocused\110\110_1.jpg,0,wbc::110,,dataset,train,110,wbc::110
wbc,D:\Dineth\focus_binary_benchmark\dataset\wbc\unfocused\110\110_2.jpg,0,wbc::110,,dataset,train,110,wbc::110
wbc,D:\Dineth\focus_binary_benchmark\dataset\wbc\unfocused\110\110_3.jpg,0,wbc::110,,dataset,train,110,wbc::110
wbc,D:\Dineth\focus_binary_benchmark\dataset\wbc\unfocused\110\110_4.jpg,0,wbc::110,,dataset,train,110,wbc::110
wbc,D:\Dineth\focus_binary_benchmark\dataset\wbc\unfocused\110\110_8.jpg,0,wbc::110,,dataset,train,110,wbc::110
wbc,D:\Dineth\focus_binary_benchmark\dataset\wbc\unfocused\110\110_9.jpg,0,wbc::110,,dataset,train,110,wbc::110
wbc,D:\Dineth\focus_binary_benchmark\dataset\wbc\unfocused\111\111_0.jpg,0,wbc::111,,dataset,test,111,wbc::111
wbc,D:\Dineth\focus_binary_benchmark\dataset\wbc\unfocused\111\111_1.jpg,0,wbc::111,,dataset,test,111,wbc::111
wbc,D:\Dineth\focus_binary_benchmark\dataset\wbc\unfocused\111\111_2.jpg,0,wbc::111,,dataset,test,111,wbc::111
wbc,D:\Dineth\focus_binary_benchmark\dataset\wbc\unfocused\111\111_3.jpg,0,wbc::111,,dataset,test,111,wbc::111
wbc,D:\Dineth\focus_binary_benchmark\dataset\wbc\unfocused\111\111_4.jpg,0,wbc::111,,dataset,test,111,wbc::111
wbc,D:\Dineth\focus_binary_benchmark\dataset\wbc\unfocused\111\111_8.jpg,0,wbc::111,,dataset,test,111,wbc::111
wbc,D:\Dineth\focus_binary_benchmark\dataset\wbc\unfocused\111\111_9.jpg,0,wbc::111,,dataset,test,111,wbc::111
wbc,D:\Dineth\focus_binary_benchmark\dataset\wbc\unfocused\112\112_0.jpg,0,wbc::112,,dataset,train,112,wbc::112
wbc,D:\Dineth\focus_binary_benchmark\dataset\wbc\unfocused\112\112_1.jpg,0,wbc::112,,dataset,train,112,wbc::112
wbc,D:\Dineth\focus_binary_benchmark\dataset\wbc\unfocused\112\112_2.jpg,0,wbc::112,,dataset,train,112,wbc::112
wbc,D:\Dineth\focus_binary_benchmark\dataset\wbc\unfocused\112\112_3.jpg,0,wbc::112,,dataset,train,112,wbc::112
wbc,D:\Dineth\focus_binary_benchmark\dataset\wbc\unfocused\112\112_4.jpg,0,wbc::112,,dataset,train,112,wbc::112
wbc,D:\Dineth\focus_binary_benchmark\dataset\wbc\unfocused\112\112_8.jpg,0,wbc::112,,dataset,train,112,wbc::112
wbc,D:\Dineth\focus_binary_benchmark\dataset\wbc\unfocused\112\112_9.jpg,0,wbc::112,,dataset,train,112,wbc::112
wbc,D:\Dineth\focus_binary_benchmark\dataset\wbc\unfocused\113\113_0.jpg,0,wbc::113,,dataset,train,113,wbc::113
wbc,D:\Dineth\focus_binary_benchmark\dataset\wbc\unfocused\113\113_1.jpg,0,wbc::113,,dataset,train,113,wbc::113
wbc,D:\Dineth\focus_binary_benchmark\dataset\wbc\unfocused\113\113_2.jpg,0,wbc::113,,dataset,train,113,wbc::113
wbc,D:\Dineth\focus_binary_benchmark\dataset\wbc\unfocused\113\113_3.jpg,0,wbc::113,,dataset,train,113,wbc::113
wbc,D:\Dineth\focus_binary_benchmark\dataset\wbc\unfocused\113\113_4.jpg,0,wbc::113,,dataset,train,113,wbc::113
wbc,D:\Dineth\focus_binary_benchmark\dataset\wbc\unfocused\113\113_8.jpg,0,wbc::113,,dataset,train,113,wbc::113
wbc,D:\Dineth\focus_binary_benchmark\dataset\wbc\unfocused\113\113_9.jpg,0,wbc::113,,dataset,train,113,wbc::113
wbc,D:\Dineth\focus_binary_benchmark\dataset\wbc\unfocused\114\114_0.jpg,0,wbc::114,,dataset,train,114,wbc::114
wbc,D:\Dineth\focus_binary_benchmark\dataset\wbc\unfocused\114\114_1.jpg,0,wbc::114,,dataset,train,114,wbc::114
wbc,D:\Dineth\focus_binary_benchmark\dataset\wbc\unfocused\114\114_2.jpg,0,wbc::114,,dataset,train,114,wbc::114
wbc,D:\Dineth\focus_binary_benchmark\dataset\wbc\unfocused\114\114_3.jpg,0,wbc::114,,dataset,train,114,wbc::114
wbc,D:\Dineth\focus_binary_benchmark\dataset\wbc\unfocused\114\114_4.jpg,0,wbc::114,,dataset,train,114,wbc::114
wbc,D:\Dineth\focus_binary_benchmark\dataset\wbc\unfocused\114\114_8.jpg,0,wbc::114,,dataset,train,114,wbc::114
wbc,D:\Dineth\focus_binary_benchmark\dataset\wbc\unfocused\114\114_9.jpg,0,wbc::114,,dataset,train,114,wbc::114
wbc,D:\Dineth\focus_binary_benchmark\dataset\wbc\unfocused\115\115_0.jpg,0,wbc::115,,dataset,test,115,wbc::115
wbc,D:\Dineth\focus_binary_benchmark\dataset\wbc\unfocused\115\115_1.jpg,0,wbc::115,,dataset,test,115,wbc::115
wbc,D:\Dineth\focus_binary_benchmark\dataset\wbc\unfocused\115\115_2.jpg,0,wbc::115,,dataset,test,115,wbc::115
wbc,D:\Dineth\focus_binary_benchmark\dataset\wbc\unfocused\115\115_3.jpg,0,wbc::115,,dataset,test,115,wbc::115
wbc,D:\Dineth\focus_binary_benchmark\dataset\wbc\unfocused\115\115_4.jpg,0,wbc::115,,dataset,test,115,wbc::115
wbc,D:\Dineth\focus_binary_benchmark\dataset\wbc\unfocused\115\115_5.jpg,0,wbc::115,,dataset,test,115,wbc::115
wbc,D:\Dineth\focus_binary_benchmark\dataset\wbc\unfocused\115\115_9.jpg,0,wbc::115,,dataset,test,115,wbc::115
wbc,D:\Dineth\focus_binary_benchmark\dataset\wbc\unfocused\116\116_0.jpg,0,wbc::116,,dataset,train,116,wbc::116
wbc,D:\Dineth\focus_binary_benchmark\dataset\wbc\unfocused\116\116_1.jpg,0,wbc::116,,dataset,train,116,wbc::116
wbc,D:\Dineth\focus_binary_benchmark\dataset\wbc\unfocused\116\116_2.jpg,0,wbc::116,,dataset,train,116,wbc::116
wbc,D:\Dineth\focus_binary_benchmark\dataset\wbc\unfocused\116\116_3.jpg,0,wbc::116,,dataset,train,116,wbc::116
wbc,D:\Dineth\focus_binary_benchmark\dataset\wbc\unfocused\116\116_4.jpg,0,wbc::116,,dataset,train,116,wbc::116
wbc,D:\Dineth\focus_binary_benchmark\dataset\wbc\unfocused\116\116_8.jpg,0,wbc::116,,dataset,train,116,wbc::116
wbc,D:\Dineth\focus_binary_benchmark\dataset\wbc\unfocused\116\116_9.jpg,0,wbc::116,,dataset,train,116,wbc::116
wbc,D:\Dineth\focus_binary_benchmark\dataset\wbc\unfocused\117\117_0.jpg,0,wbc::117,,dataset,train,117,wbc::117
wbc,D:\Dineth\focus_binary_benchmark\dataset\wbc\unfocused\117\117_1.jpg,0,wbc::117,,dataset,train,117,wbc::117
wbc,D:\Dineth\focus_binary_benchmark\dataset\wbc\unfocused\117\117_2.jpg,0,wbc::117,,dataset,train,117,wbc::117
wbc,D:\Dineth\focus_binary_benchmark\dataset\wbc\unfocused\117\117_3.jpg,0,wbc::117,,dataset,train,117,wbc::117
wbc,D:\Dineth\focus_binary_benchmark\dataset\wbc\unfocused\117\117_4.jpg,0,wbc::117,,dataset,train,117,wbc::117
wbc,D:\Dineth\focus_binary_benchmark\dataset\wbc\unfocused\117\117_8.jpg,0,wbc::117,,dataset,train,117,wbc::117
wbc,D:\Dineth\focus_binary_benchmark\dataset\wbc\unfocused\117\117_9.jpg,0,wbc::117,,dataset,train,117,wbc::117
wbc,D:\Dineth\focus_binary_benchmark\dataset\wbc\unfocused\118\118_0.jpg,0,wbc::118,,dataset,train,118,wbc::118
wbc,D:\Dineth\focus_binary_benchmark\dataset\wbc\unfocused\118\118_1.jpg,0,wbc::118,,dataset,train,118,wbc::118
wbc,D:\Dineth\focus_binary_benchmark\dataset\wbc\unfocused\118\118_2.jpg,0,wbc::118,,dataset,train,118,wbc::118
wbc,D:\Dineth\focus_binary_benchmark\dataset\wbc\unfocused\118\118_3.jpg,0,wbc::118,,dataset,train,118,wbc::118
wbc,D:\Dineth\focus_binary_benchmark\dataset\wbc\unfocused\118\118_4.jpg,0,wbc::118,,dataset,train,118,wbc::118
wbc,D:\Dineth\focus_binary_benchmark\dataset\wbc\unfocused\118\118_8.jpg,0,wbc::118,,dataset,train,118,wbc::118
wbc,D:\Dineth\focus_binary_benchmark\dataset\wbc\unfocused\118\118_9.jpg,0,wbc::118,,dataset,train,118,wbc::118
wbc,D:\Dineth\focus_binary_benchmark\dataset\wbc\unfocused\119\119_0.jpg,0,wbc::119,,dataset,train,119,wbc::119
wbc,D:\Dineth\focus_binary_benchmark\dataset\wbc\unfocused\119\119_1.jpg,0,wbc::119,,dataset,train,119,wbc::119
wbc,D:\Dineth\focus_binary_benchmark\dataset\wbc\unfocused\119\119_2.jpg,0,wbc::119,,dataset,train,119,wbc::119
wbc,D:\Dineth\focus_binary_benchmark\dataset\wbc\unfocused\119\119_3.jpg,0,wbc::119,,dataset,train,119,wbc::119
wbc,D:\Dineth\focus_binary_benchmark\dataset\wbc\unfocused\119\119_4.jpg,0,wbc::119,,dataset,train,119,wbc::119
wbc,D:\Dineth\focus_binary_benchmark\dataset\wbc\unfocused\119\119_8.jpg,0,wbc::119,,dataset,train,119,wbc::119
wbc,D:\Dineth\focus_binary_benchmark\dataset\wbc\unfocused\119\119_9.jpg,0,wbc::119,,dataset,train,119,wbc::119
wbc,D:\Dineth\focus_binary_benchmark\dataset\wbc\unfocused\12\12_0.jpg,0,wbc::12,,dataset,train,12,wbc::12
wbc,D:\Dineth\focus_binary_benchmark\dataset\wbc\unfocused\12\12_1.jpg,0,wbc::12,,dataset,train,12,wbc::12
wbc,D:\Dineth\focus_binary_benchmark\dataset\wbc\unfocused\12\12_2.jpg,0,wbc::12,,dataset,train,12,wbc::12
wbc,D:\Dineth\focus_binary_benchmark\dataset\wbc\unfocused\12\12_3.jpg,0,wbc::12,,dataset,train,12,wbc::12
wbc,D:\Dineth\focus_binary_benchmark\dataset\wbc\unfocused\12\12_4.jpg,0,wbc::12,,dataset,train,12,wbc::12
wbc,D:\Dineth\focus_binary_benchmark\dataset\wbc\unfocused\12\12_8.jpg,0,wbc::12,,dataset,train,12,wbc::12
wbc,D:\Dineth\focus_binary_benchmark\dataset\wbc\unfocused\12\12_9.jpg,0,wbc::12,,dataset,train,12,wbc::12
wbc,D:\Dineth\focus_binary_benchmark\dataset\wbc\unfocused\120\120_0.jpg,0,wbc::120,,dataset,val,120,wbc::120
wbc,D:\Dineth\focus_binary_benchmark\dataset\wbc\unfocused\120\120_1.jpg,0,wbc::120,,dataset,val,120,wbc::120
wbc,D:\Dineth\focus_binary_benchmark\dataset\wbc\unfocused\120\120_2.jpg,0,wbc::120,,dataset,val,120,wbc::120
wbc,D:\Dineth\focus_binary_benchmark\dataset\wbc\unfocused\120\120_3.jpg,0,wbc::120,,dataset,val,120,wbc::120
wbc,D:\Dineth\focus_binary_benchmark\dataset\wbc\unfocused\120\120_7.jpg,0,wbc::120,,dataset,val,120,wbc::120
wbc,D:\Dineth\focus_binary_benchmark\dataset\wbc\unfocused\120\120_8.jpg,0,wbc::120,,dataset,val,120,wbc::120
wbc,D:\Dineth\focus_binary_benchmark\dataset\wbc\unfocused\120\120_9.jpg,0,wbc::120,,dataset,val,120,wbc::120
wbc,D:\Dineth\focus_binary_benchmark\dataset\wbc\unfocused\121\121_0.jpg,0,wbc::121,,dataset,train,121,wbc::121
wbc,D:\Dineth\focus_binary_benchmark\dataset\wbc\unfocused\121\121_1.jpg,0,wbc::121,,dataset,train,121,wbc::121
wbc,D:\Dineth\focus_binary_benchmark\dataset\wbc\unfocused\121\121_2.jpg,0,wbc::121,,dataset,train,121,wbc::121
wbc,D:\Dineth\focus_binary_benchmark\dataset\wbc\unfocused\121\121_3.jpg,0,wbc::121,,dataset,train,121,wbc::121
wbc,D:\Dineth\focus_binary_benchmark\dataset\wbc\unfocused\121\121_4.jpg,0,wbc::121,,dataset,train,121,wbc::121
wbc,D:\Dineth\focus_binary_benchmark\dataset\wbc\unfocused\121\121_8.jpg,0,wbc::121,,dataset,train,121,wbc::121
wbc,D:\Dineth\focus_binary_benchmark\dataset\wbc\unfocused\121\121_9.jpg,0,wbc::121,,dataset,train,121,wbc::121
wbc,D:\Dineth\focus_binary_benchmark\dataset\wbc\unfocused\122\122_0.jpg,0,wbc::122,,dataset,train,122,wbc::122
wbc,D:\Dineth\focus_binary_benchmark\dataset\wbc\unfocused\122\122_1.jpg,0,wbc::122,,dataset,train,122,wbc::122
wbc,D:\Dineth\focus_binary_benchmark\dataset\wbc\unfocused\122\122_2.jpg,0,wbc::122,,dataset,train,122,wbc::122
wbc,D:\Dineth\focus_binary_benchmark\dataset\wbc\unfocused\122\122_3.jpg,0,wbc::122,,dataset,train,122,wbc::122
wbc,D:\Dineth\focus_binary_benchmark\dataset\wbc\unfocused\122\122_4.jpg,0,wbc::122,,dataset,train,122,wbc::122
wbc,D:\Dineth\focus_binary_benchmark\dataset\wbc\unfocused\122\122_8.jpg,0,wbc::122,,dataset,train,122,wbc::122
wbc,D:\Dineth\focus_binary_benchmark\dataset\wbc\unfocused\122\122_9.jpg,0,wbc::122,,dataset,train,122,wbc::122
wbc,D:\Dineth\focus_binary_benchmark\dataset\wbc\unfocused\123\123_0.jpg,0,wbc::123,,dataset,train,123,wbc::123
wbc,D:\Dineth\focus_binary_benchmark\dataset\wbc\unfocused\123\123_1.jpg,0,wbc::123,,dataset,train,123,wbc::123
wbc,D:\Dineth\focus_binary_benchmark\dataset\wbc\unfocused\123\123_2.jpg,0,wbc::123,,dataset,train,123,wbc::123
wbc,D:\Dineth\focus_binary_benchmark\dataset\wbc\unfocused\123\123_3.jpg,0,wbc::123,,dataset,train,123,wbc::123
wbc,D:\Dineth\focus_binary_benchmark\dataset\wbc\unfocused\123\123_4.jpg,0,wbc::123,,dataset,train,123,wbc::123
wbc,D:\Dineth\focus_binary_benchmark\dataset\wbc\unfocused\123\123_8.jpg,0,wbc::123,,dataset,train,123,wbc::123
wbc,D:\Dineth\focus_binary_benchmark\dataset\wbc\unfocused\123\123_9.jpg,0,wbc::123,,dataset,train,123,wbc::123
wbc,D:\Dineth\focus_binary_benchmark\dataset\wbc\unfocused\124\124_0.jpg,0,wbc::124,,dataset,train,124,wbc::124
wbc,D:\Dineth\focus_binary_benchmark\dataset\wbc\unfocused\124\124_1.jpg,0,wbc::124,,dataset,train,124,wbc::124
wbc,D:\Dineth\focus_binary_benchmark\dataset\wbc\unfocused\124\124_2.jpg,0,wbc::124,,dataset,train,124,wbc::124
wbc,D:\Dineth\focus_binary_benchmark\dataset\wbc\unfocused\124\124_3.jpg,0,wbc::124,,dataset,train,124,wbc::124
wbc,D:\Dineth\focus_binary_benchmark\dataset\wbc\unfocused\124\124_4.jpg,0,wbc::124,,dataset,train,124,wbc::124
wbc,D:\Dineth\focus_binary_benchmark\dataset\wbc\unfocused\124\124_8.jpg,0,wbc::124,,dataset,train,124,wbc::124
wbc,D:\Dineth\focus_binary_benchmark\dataset\wbc\unfocused\124\124_9.jpg,0,wbc::124,,dataset,train,124,wbc::124
wbc,D:\Dineth\focus_binary_benchmark\dataset\wbc\unfocused\125\125_0.jpg,0,wbc::125,,dataset,train,125,wbc::125
wbc,D:\Dineth\focus_binary_benchmark\dataset\wbc\unfocused\125\125_1.jpg,0,wbc::125,,dataset,train,125,wbc::125
wbc,D:\Dineth\focus_binary_benchmark\dataset\wbc\unfocused\125\125_2.jpg,0,wbc::125,,dataset,train,125,wbc::125
wbc,D:\Dineth\focus_binary_benchmark\dataset\wbc\unfocused\125\125_3.jpg,0,wbc::125,,dataset,train,125,wbc::125
wbc,D:\Dineth\focus_binary_benchmark\dataset\wbc\unfocused\125\125_4.jpg,0,wbc::125,,dataset,train,125,wbc::125
wbc,D:\Dineth\focus_binary_benchmark\dataset\wbc\unfocused\125\125_8.jpg,0,wbc::125,,dataset,train,125,wbc::125
wbc,D:\Dineth\focus_binary_benchmark\dataset\wbc\unfocused\125\125_9.jpg,0,wbc::125,,dataset,train,125,wbc::125
wbc,D:\Dineth\focus_binary_benchmark\dataset\wbc\unfocused\126\126_0.jpg,0,wbc::126,,dataset,test,126,wbc::126
wbc,D:\Dineth\focus_binary_benchmark\dataset\wbc\unfocused\126\126_1.jpg,0,wbc::126,,dataset,test,126,wbc::126
wbc,D:\Dineth\focus_binary_benchmark\dataset\wbc\unfocused\126\126_2.jpg,0,wbc::126,,dataset,test,126,wbc::126
wbc,D:\Dineth\focus_binary_benchmark\dataset\wbc\unfocused\126\126_3.jpg,0,wbc::126,,dataset,test,126,wbc::126
wbc,D:\Dineth\focus_binary_benchmark\dataset\wbc\unfocused\126\126_4.jpg,0,wbc::126,,dataset,test,126,wbc::126
wbc,D:\Dineth\focus_binary_benchmark\dataset\wbc\unfocused\126\126_8.jpg,0,wbc::126,,dataset,test,126,wbc::126
wbc,D:\Dineth\focus_binary_benchmark\dataset\wbc\unfocused\126\126_9.jpg,0,wbc::126,,dataset,test,126,wbc::126
wbc,D:\Dineth\focus_binary_benchmark\dataset\wbc\unfocused\127\127_0.jpg,0,wbc::127,,dataset,val,127,wbc::127
wbc,D:\Dineth\focus_binary_benchmark\dataset\wbc\unfocused\127\127_1.jpg,0,wbc::127,,dataset,val,127,wbc::127
wbc,D:\Dineth\focus_binary_benchmark\dataset\wbc\unfocused\127\127_2.jpg,0,wbc::127,,dataset,val,127,wbc::127
wbc,D:\Dineth\focus_binary_benchmark\dataset\wbc\unfocused\127\127_3.jpg,0,wbc::127,,dataset,val,127,wbc::127
wbc,D:\Dineth\focus_binary_benchmark\dataset\wbc\unfocused\127\127_4.jpg,0,wbc::127,,dataset,val,127,wbc::127
wbc,D:\Dineth\focus_binary_benchmark\dataset\wbc\unfocused\127\127_8.jpg,0,wbc::127,,dataset,val,127,wbc::127
wbc,D:\Dineth\focus_binary_benchmark\dataset\wbc\unfocused\127\127_9.jpg,0,wbc::127,,dataset,val,127,wbc::127
wbc,D:\Dineth\focus_binary_benchmark\dataset\wbc\unfocused\128\128_0.jpg,0,wbc::128,,dataset,train,128,wbc::128
wbc,D:\Dineth\focus_binary_benchmark\dataset\wbc\unfocused\128\128_1.jpg,0,wbc::128,,dataset,train,128,wbc::128
wbc,D:\Dineth\focus_binary_benchmark\dataset\wbc\unfocused\128\128_2.jpg,0,wbc::128,,dataset,train,128,wbc::128
wbc,D:\Dineth\focus_binary_benchmark\dataset\wbc\unfocused\128\128_3.jpg,0,wbc::128,,dataset,train,128,wbc::128
wbc,D:\Dineth\focus_binary_benchmark\dataset\wbc\unfocused\128\128_4.jpg,0,wbc::128,,dataset,train,128,wbc::128
wbc,D:\Dineth\focus_binary_benchmark\dataset\wbc\unfocused\128\128_8.jpg,0,wbc::128,,dataset,train,128,wbc::128
wbc,D:\Dineth\focus_binary_benchmark\dataset\wbc\unfocused\128\128_9.jpg,0,wbc::128,,dataset,train,128,wbc::128
wbc,D:\Dineth\focus_binary_benchmark\dataset\wbc\unfocused\129\129_0.jpg,0,wbc::129,,dataset,train,129,wbc::129
wbc,D:\Dineth\focus_binary_benchmark\dataset\wbc\unfocused\129\129_1.jpg,0,wbc::129,,dataset,train,129,wbc::129
wbc,D:\Dineth\focus_binary_benchmark\dataset\wbc\unfocused\129\129_2.jpg,0,wbc::129,,dataset,train,129,wbc::129
wbc,D:\Dineth\focus_binary_benchmark\dataset\wbc\unfocused\129\129_3.jpg,0,wbc::129,,dataset,train,129,wbc::129
wbc,D:\Dineth\focus_binary_benchmark\dataset\wbc\unfocused\129\129_4.jpg,0,wbc::129,,dataset,train,129,wbc::129
wbc,D:\Dineth\focus_binary_benchmark\dataset\wbc\unfocused\129\129_5.jpg,0,wbc::129,,dataset,train,129,wbc::129
wbc,D:\Dineth\focus_binary_benchmark\dataset\wbc\unfocused\129\129_9.jpg,0,wbc::129,,dataset,train,129,wbc::129
wbc,D:\Dineth\focus_binary_benchmark\dataset\wbc\unfocused\13\13_0.jpg,0,wbc::13,,dataset,train,13,wbc::13
wbc,D:\Dineth\focus_binary_benchmark\dataset\wbc\unfocused\13\13_1.jpg,0,wbc::13,,dataset,train,13,wbc::13
wbc,D:\Dineth\focus_binary_benchmark\dataset\wbc\unfocused\13\13_2.jpg,0,wbc::13,,dataset,train,13,wbc::13
wbc,D:\Dineth\focus_binary_benchmark\dataset\wbc\unfocused\13\13_3.jpg,0,wbc::13,,dataset,train,13,wbc::13
wbc,D:\Dineth\focus_binary_benchmark\dataset\wbc\unfocused\13\13_4.jpg,0,wbc::13,,dataset,train,13,wbc::13
wbc,D:\Dineth\focus_binary_benchmark\dataset\wbc\unfocused\13\13_5.jpg,0,wbc::13,,dataset,train,13,wbc::13
wbc,D:\Dineth\focus_binary_benchmark\dataset\wbc\unfocused\13\13_9.jpg,0,wbc::13,,dataset,train,13,wbc::13
wbc,D:\Dineth\focus_binary_benchmark\dataset\wbc\unfocused\130\130_0.jpg,0,wbc::130,,dataset,test,130,wbc::130
wbc,D:\Dineth\focus_binary_benchmark\dataset\wbc\unfocused\130\130_1.jpg,0,wbc::130,,dataset,test,130,wbc::130
wbc,D:\Dineth\focus_binary_benchmark\dataset\wbc\unfocused\130\130_2.jpg,0,wbc::130,,dataset,test,130,wbc::130
wbc,D:\Dineth\focus_binary_benchmark\dataset\wbc\unfocused\130\130_3.jpg,0,wbc::130,,dataset,test,130,wbc::130
wbc,D:\Dineth\focus_binary_benchmark\dataset\wbc\unfocused\130\130_4.jpg,0,wbc::130,,dataset,test,130,wbc::130
wbc,D:\Dineth\focus_binary_benchmark\dataset\wbc\unfocused\130\130_8.jpg,0,wbc::130,,dataset,test,130,wbc::130
wbc,D:\Dineth\focus_binary_benchmark\dataset\wbc\unfocused\130\130_9.jpg,0,wbc::130,,dataset,test,130,wbc::130
wbc,D:\Dineth\focus_binary_benchmark\dataset\wbc\unfocused\131\131_0.jpg,0,wbc::131,,dataset,val,131,wbc::131
wbc,D:\Dineth\focus_binary_benchmark\dataset\wbc\unfocused\131\131_1.jpg,0,wbc::131,,dataset,val,131,wbc::131
wbc,D:\Dineth\focus_binary_benchmark\dataset\wbc\unfocused\131\131_2.jpg,0,wbc::131,,dataset,val,131,wbc::131
wbc,D:\Dineth\focus_binary_benchmark\dataset\wbc\unfocused\131\131_3.jpg,0,wbc::131,,dataset,val,131,wbc::131
wbc,D:\Dineth\focus_binary_benchmark\dataset\wbc\unfocused\131\131_4.jpg,0,wbc::131,,dataset,val,131,wbc::131
wbc,D:\Dineth\focus_binary_benchmark\dataset\wbc\unfocused\131\131_8.jpg,0,wbc::131,,dataset,val,131,wbc::131
wbc,D:\Dineth\focus_binary_benchmark\dataset\wbc\unfocused\131\131_9.jpg,0,wbc::131,,dataset,val,131,wbc::131
wbc,D:\Dineth\focus_binary_benchmark\dataset\wbc\unfocused\132\132_0.jpg,0,wbc::132,,dataset,train,132,wbc::132
wbc,D:\Dineth\focus_binary_benchmark\dataset\wbc\unfocused\132\132_1.jpg,0,wbc::132,,dataset,train,132,wbc::132
wbc,D:\Dineth\focus_binary_benchmark\dataset\wbc\unfocused\132\132_2.jpg,0,wbc::132,,dataset,train,132,wbc::132
wbc,D:\Dineth\focus_binary_benchmark\dataset\wbc\unfocused\132\132_3.jpg,0,wbc::132,,dataset,train,132,wbc::132
wbc,D:\Dineth\focus_binary_benchmark\dataset\wbc\unfocused\132\132_4.jpg,0,wbc::132,,dataset,train,132,wbc::132
wbc,D:\Dineth\focus_binary_benchmark\dataset\wbc\unfocused\132\132_8.jpg,0,wbc::132,,dataset,train,132,wbc::132
wbc,D:\Dineth\focus_binary_benchmark\dataset\wbc\unfocused\132\132_9.jpg,0,wbc::132,,dataset,train,132,wbc::132
wbc,D:\Dineth\focus_binary_benchmark\dataset\wbc\unfocused\133\133_0.jpg,0,wbc::133,,dataset,train,133,wbc::133
wbc,D:\Dineth\focus_binary_benchmark\dataset\wbc\unfocused\133\133_1.jpg,0,wbc::133,,dataset,train,133,wbc::133
wbc,D:\Dineth\focus_binary_benchmark\dataset\wbc\unfocused\133\133_2.jpg,0,wbc::133,,dataset,train,133,wbc::133
wbc,D:\Dineth\focus_binary_benchmark\dataset\wbc\unfocused\133\133_3.jpg,0,wbc::133,,dataset,train,133,wbc::133
wbc,D:\Dineth\focus_binary_benchmark\dataset\wbc\unfocused\133\133_4.jpg,0,wbc::133,,dataset,train,133,wbc::133
wbc,D:\Dineth\focus_binary_benchmark\dataset\wbc\unfocused\133\133_5.jpg,0,wbc::133,,dataset,train,133,wbc::133
wbc,D:\Dineth\focus_binary_benchmark\dataset\wbc\unfocused\133\133_9.jpg,0,wbc::133,,dataset,train,133,wbc::133
wbc,D:\Dineth\focus_binary_benchmark\dataset\wbc\unfocused\134\134_0.jpg,0,wbc::134,,dataset,val,134,wbc::134
wbc,D:\Dineth\focus_binary_benchmark\dataset\wbc\unfocused\134\134_1.jpg,0,wbc::134,,dataset,val,134,wbc::134
wbc,D:\Dineth\focus_binary_benchmark\dataset\wbc\unfocused\134\134_2.jpg,0,wbc::134,,dataset,val,134,wbc::134
wbc,D:\Dineth\focus_binary_benchmark\dataset\wbc\unfocused\134\134_3.jpg,0,wbc::134,,dataset,val,134,wbc::134
wbc,D:\Dineth\focus_binary_benchmark\dataset\wbc\unfocused\134\134_4.jpg,0,wbc::134,,dataset,val,134,wbc::134
wbc,D:\Dineth\focus_binary_benchmark\dataset\wbc\unfocused\134\134_8.jpg,0,wbc::134,,dataset,val,134,wbc::134
wbc,D:\Dineth\focus_binary_benchmark\dataset\wbc\unfocused\134\134_9.jpg,0,wbc::134,,dataset,val,134,wbc::134
wbc,D:\Dineth\focus_binary_benchmark\dataset\wbc\unfocused\135\135_0.jpg,0,wbc::135,,dataset,train,135,wbc::135
wbc,D:\Dineth\focus_binary_benchmark\dataset\wbc\unfocused\135\135_1.jpg,0,wbc::135,,dataset,train,135,wbc::135
wbc,D:\Dineth\focus_binary_benchmark\dataset\wbc\unfocused\135\135_2.jpg,0,wbc::135,,dataset,train,135,wbc::135
wbc,D:\Dineth\focus_binary_benchmark\dataset\wbc\unfocused\135\135_3.jpg,0,wbc::135,,dataset,train,135,wbc::135
wbc,D:\Dineth\focus_binary_benchmark\dataset\wbc\unfocused\135\135_4.jpg,0,wbc::135,,dataset,train,135,wbc::135
wbc,D:\Dineth\focus_binary_benchmark\dataset\wbc\unfocused\135\135_8.jpg,0,wbc::135,,dataset,train,135,wbc::135
wbc,D:\Dineth\focus_binary_benchmark\dataset\wbc\unfocused\135\135_9.jpg,0,wbc::135,,dataset,train,135,wbc::135
wbc,D:\Dineth\focus_binary_benchmark\dataset\wbc\unfocused\136\136_0.jpg,0,wbc::136,,dataset,train,136,wbc::136
wbc,D:\Dineth\focus_binary_benchmark\dataset\wbc\unfocused\136\136_1.jpg,0,wbc::136,,dataset,train,136,wbc::136
wbc,D:\Dineth\focus_binary_benchmark\dataset\wbc\unfocused\136\136_2.jpg,0,wbc::136,,dataset,train,136,wbc::136
wbc,D:\Dineth\focus_binary_benchmark\dataset\wbc\unfocused\136\136_3.jpg,0,wbc::136,,dataset,train,136,wbc::136
wbc,D:\Dineth\focus_binary_benchmark\dataset\wbc\unfocused\136\136_7.jpg,0,wbc::136,,dataset,train,136,wbc::136
wbc,D:\Dineth\focus_binary_benchmark\dataset\wbc\unfocused\136\136_8.jpg,0,wbc::136,,dataset,train,136,wbc::136
wbc,D:\Dineth\focus_binary_benchmark\dataset\wbc\unfocused\136\136_9.jpg,0,wbc::136,,dataset,train,136,wbc::136
wbc,D:\Dineth\focus_binary_benchmark\dataset\wbc\unfocused\137\137_0.jpg,0,wbc::137,,dataset,train,137,wbc::137
wbc,D:\Dineth\focus_binary_benchmark\dataset\wbc\unfocused\137\137_1.jpg,0,wbc::137,,dataset,train,137,wbc::137
wbc,D:\Dineth\focus_binary_benchmark\dataset\wbc\unfocused\137\137_2.jpg,0,wbc::137,,dataset,train,137,wbc::137
wbc,D:\Dineth\focus_binary_benchmark\dataset\wbc\unfocused\137\137_3.jpg,0,wbc::137,,dataset,train,137,wbc::137
wbc,D:\Dineth\focus_binary_benchmark\dataset\wbc\unfocused\137\137_7.jpg,0,wbc::137,,dataset,train,137,wbc::137
wbc,D:\Dineth\focus_binary_benchmark\dataset\wbc\unfocused\137\137_8.jpg,0,wbc::137,,dataset,train,137,wbc::137
wbc,D:\Dineth\focus_binary_benchmark\dataset\wbc\unfocused\137\137_9.jpg,0,wbc::137,,dataset,train,137,wbc::137
wbc,D:\Dineth\focus_binary_benchmark\dataset\wbc\unfocused\138\138_0.jpg,0,wbc::138,,dataset,train,138,wbc::138
wbc,D:\Dineth\focus_binary_benchmark\dataset\wbc\unfocused\138\138_1.jpg,0,wbc::138,,dataset,train,138,wbc::138
wbc,D:\Dineth\focus_binary_benchmark\dataset\wbc\unfocused\138\138_2.jpg,0,wbc::138,,dataset,train,138,wbc::138
wbc,D:\Dineth\focus_binary_benchmark\dataset\wbc\unfocused\138\138_3.jpg,0,wbc::138,,dataset,train,138,wbc::138
wbc,D:\Dineth\focus_binary_benchmark\dataset\wbc\unfocused\138\138_7.jpg,0,wbc::138,,dataset,train,138,wbc::138
wbc,D:\Dineth\focus_binary_benchmark\dataset\wbc\unfocused\138\138_8.jpg,0,wbc::138,,dataset,train,138,wbc::138
wbc,D:\Dineth\focus_binary_benchmark\dataset\wbc\unfocused\138\138_9.jpg,0,wbc::138,,dataset,train,138,wbc::138
wbc,D:\Dineth\focus_binary_benchmark\dataset\wbc\unfocused\139\139_0.jpg,0,wbc::139,,dataset,train,139,wbc::139
wbc,D:\Dineth\focus_binary_benchmark\dataset\wbc\unfocused\139\139_1.jpg,0,wbc::139,,dataset,train,139,wbc::139
wbc,D:\Dineth\focus_binary_benchmark\dataset\wbc\unfocused\139\139_2.jpg,0,wbc::139,,dataset,train,139,wbc::139
wbc,D:\Dineth\focus_binary_benchmark\dataset\wbc\unfocused\139\139_3.jpg,0,wbc::139,,dataset,train,139,wbc::139
wbc,D:\Dineth\focus_binary_benchmark\dataset\wbc\unfocused\139\139_7.jpg,0,wbc::139,,dataset,train,139,wbc::139
wbc,D:\Dineth\focus_binary_benchmark\dataset\wbc\unfocused\139\139_8.jpg,0,wbc::139,,dataset,train,139,wbc::139
wbc,D:\Dineth\focus_binary_benchmark\dataset\wbc\unfocused\139\139_9.jpg,0,wbc::139,,dataset,train,139,wbc::139
wbc,D:\Dineth\focus_binary_benchmark\dataset\wbc\unfocused\14\14_0.jpg,0,wbc::14,,dataset,train,14,wbc::14
wbc,D:\Dineth\focus_binary_benchmark\dataset\wbc\unfocused\14\14_1.jpg,0,wbc::14,,dataset,train,14,wbc::14
wbc,D:\Dineth\focus_binary_benchmark\dataset\wbc\unfocused\14\14_2.jpg,0,wbc::14,,dataset,train,14,wbc::14
wbc,D:\Dineth\focus_binary_benchmark\dataset\wbc\unfocused\14\14_3.jpg,0,wbc::14,,dataset,train,14,wbc::14
wbc,D:\Dineth\focus_binary_benchmark\dataset\wbc\unfocused\14\14_4.jpg,0,wbc::14,,dataset,train,14,wbc::14
wbc,D:\Dineth\focus_binary_benchmark\dataset\wbc\unfocused\14\14_8.jpg,0,wbc::14,,dataset,train,14,wbc::14
wbc,D:\Dineth\focus_binary_benchmark\dataset\wbc\unfocused\14\14_9.jpg,0,wbc::14,,dataset,train,14,wbc::14
wbc,D:\Dineth\focus_binary_benchmark\dataset\wbc\unfocused\140\140_0.jpg,0,wbc::140,,dataset,val,140,wbc::140
wbc,D:\Dineth\focus_binary_benchmark\dataset\wbc\unfocused\140\140_1.jpg,0,wbc::140,,dataset,val,140,wbc::140
wbc,D:\Dineth\focus_binary_benchmark\dataset\wbc\unfocused\140\140_2.jpg,0,wbc::140,,dataset,val,140,wbc::140
wbc,D:\Dineth\focus_binary_benchmark\dataset\wbc\unfocused\140\140_3.jpg,0,wbc::140,,dataset,val,140,wbc::140
wbc,D:\Dineth\focus_binary_benchmark\dataset\wbc\unfocused\140\140_7.jpg,0,wbc::140,,dataset,val,140,wbc::140
wbc,D:\Dineth\focus_binary_benchmark\dataset\wbc\unfocused\140\140_8.jpg,0,wbc::140,,dataset,val,140,wbc::140
wbc,D:\Dineth\focus_binary_benchmark\dataset\wbc\unfocused\140\140_9.jpg,0,wbc::140,,dataset,val,140,wbc::140
wbc,D:\Dineth\focus_binary_benchmark\dataset\wbc\unfocused\141\141_0.jpg,0,wbc::141,,dataset,train,141,wbc::141
wbc,D:\Dineth\focus_binary_benchmark\dataset\wbc\unfocused\141\141_1.jpg,0,wbc::141,,dataset,train,141,wbc::141
wbc,D:\Dineth\focus_binary_benchmark\dataset\wbc\unfocused\141\141_2.jpg,0,wbc::141,,dataset,train,141,wbc::141
wbc,D:\Dineth\focus_binary_benchmark\dataset\wbc\unfocused\141\141_3.jpg,0,wbc::141,,dataset,train,141,wbc::141
wbc,D:\Dineth\focus_binary_benchmark\dataset\wbc\unfocused\141\141_4.jpg,0,wbc::141,,dataset,train,141,wbc::141
wbc,D:\Dineth\focus_binary_benchmark\dataset\wbc\unfocused\141\141_8.jpg,0,wbc::141,,dataset,train,141,wbc::141
wbc,D:\Dineth\focus_binary_benchmark\dataset\wbc\unfocused\141\141_9.jpg,0,wbc::141,,dataset,train,141,wbc::141
wbc,D:\Dineth\focus_binary_benchmark\dataset\wbc\unfocused\142\142_0.jpg,0,wbc::142,,dataset,train,142,wbc::142
wbc,D:\Dineth\focus_binary_benchmark\dataset\wbc\unfocused\142\142_1.jpg,0,wbc::142,,dataset,train,142,wbc::142
wbc,D:\Dineth\focus_binary_benchmark\dataset\wbc\unfocused\142\142_2.jpg,0,wbc::142,,dataset,train,142,wbc::142
wbc,D:\Dineth\focus_binary_benchmark\dataset\wbc\unfocused\142\142_3.jpg,0,wbc::142,,dataset,train,142,wbc::142
wbc,D:\Dineth\focus_binary_benchmark\dataset\wbc\unfocused\142\142_4.jpg,0,wbc::142,,dataset,train,142,wbc::142
wbc,D:\Dineth\focus_binary_benchmark\dataset\wbc\unfocused\142\142_8.jpg,0,wbc::142,,dataset,train,142,wbc::142
wbc,D:\Dineth\focus_binary_benchmark\dataset\wbc\unfocused\142\142_9.jpg,0,wbc::142,,dataset,train,142,wbc::142
wbc,D:\Dineth\focus_binary_benchmark\dataset\wbc\unfocused\143\143_0.jpg,0,wbc::143,,dataset,train,143,wbc::143
wbc,D:\Dineth\focus_binary_benchmark\dataset\wbc\unfocused\143\143_1.jpg,0,wbc::143,,dataset,train,143,wbc::143
wbc,D:\Dineth\focus_binary_benchmark\dataset\wbc\unfocused\143\143_2.jpg,0,wbc::143,,dataset,train,143,wbc::143
wbc,D:\Dineth\focus_binary_benchmark\dataset\wbc\unfocused\143\143_3.jpg,0,wbc::143,,dataset,train,143,wbc::143
wbc,D:\Dineth\focus_binary_benchmark\dataset\wbc\unfocused\143\143_4.jpg,0,wbc::143,,dataset,train,143,wbc::143
wbc,D:\Dineth\focus_binary_benchmark\dataset\wbc\unfocused\143\143_5.jpg,0,wbc::143,,dataset,train,143,wbc::143
wbc,D:\Dineth\focus_binary_benchmark\dataset\wbc\unfocused\143\143_9.jpg,0,wbc::143,,dataset,train,143,wbc::143
wbc,D:\Dineth\focus_binary_benchmark\dataset\wbc\unfocused\144\144_0.jpg,0,wbc::144,,dataset,train,144,wbc::144
wbc,D:\Dineth\focus_binary_benchmark\dataset\wbc\unfocused\144\144_1.jpg,0,wbc::144,,dataset,train,144,wbc::144
wbc,D:\Dineth\focus_binary_benchmark\dataset\wbc\unfocused\144\144_2.jpg,0,wbc::144,,dataset,train,144,wbc::144
wbc,D:\Dineth\focus_binary_benchmark\dataset\wbc\unfocused\144\144_3.jpg,0,wbc::144,,dataset,train,144,wbc::144
wbc,D:\Dineth\focus_binary_benchmark\dataset\wbc\unfocused\144\144_4.jpg,0,wbc::144,,dataset,train,144,wbc::144
wbc,D:\Dineth\focus_binary_benchmark\dataset\wbc\unfocused\144\144_8.jpg,0,wbc::144,,dataset,train,144,wbc::144
wbc,D:\Dineth\focus_binary_benchmark\dataset\wbc\unfocused\144\144_9.jpg,0,wbc::144,,dataset,train,144,wbc::144
wbc,D:\Dineth\focus_binary_benchmark\dataset\wbc\unfocused\145\145_0.jpg,0,wbc::145,,dataset,train,145,wbc::145
wbc,D:\Dineth\focus_binary_benchmark\dataset\wbc\unfocused\145\145_1.jpg,0,wbc::145,,dataset,train,145,wbc::145
wbc,D:\Dineth\focus_binary_benchmark\dataset\wbc\unfocused\145\145_2.jpg,0,wbc::145,,dataset,train,145,wbc::145
wbc,D:\Dineth\focus_binary_benchmark\dataset\wbc\unfocused\145\145_3.jpg,0,wbc::145,,dataset,train,145,wbc::145
wbc,D:\Dineth\focus_binary_benchmark\dataset\wbc\unfocused\145\145_4.jpg,0,wbc::145,,dataset,train,145,wbc::145
wbc,D:\Dineth\focus_binary_benchmark\dataset\wbc\unfocused\145\145_8.jpg,0,wbc::145,,dataset,train,145,wbc::145
wbc,D:\Dineth\focus_binary_benchmark\dataset\wbc\unfocused\145\145_9.jpg,0,wbc::145,,dataset,train,145,wbc::145
wbc,D:\Dineth\focus_binary_benchmark\dataset\wbc\unfocused\146\146_0.jpg,0,wbc::146,,dataset,train,146,wbc::146
wbc,D:\Dineth\focus_binary_benchmark\dataset\wbc\unfocused\146\146_1.jpg,0,wbc::146,,dataset,train,146,wbc::146
wbc,D:\Dineth\focus_binary_benchmark\dataset\wbc\unfocused\146\146_2.jpg,0,wbc::146,,dataset,train,146,wbc::146
wbc,D:\Dineth\focus_binary_benchmark\dataset\wbc\unfocused\146\146_3.jpg,0,wbc::146,,dataset,train,146,wbc::146
wbc,D:\Dineth\focus_binary_benchmark\dataset\wbc\unfocused\146\146_4.jpg,0,wbc::146,,dataset,train,146,wbc::146
wbc,D:\Dineth\focus_binary_benchmark\dataset\wbc\unfocused\146\146_8.jpg,0,wbc::146,,dataset,train,146,wbc::146
wbc,D:\Dineth\focus_binary_benchmark\dataset\wbc\unfocused\146\146_9.jpg,0,wbc::146,,dataset,train,146,wbc::146
wbc,D:\Dineth\focus_binary_benchmark\dataset\wbc\unfocused\147\147_0.jpg,0,wbc::147,,dataset,val,147,wbc::147
wbc,D:\Dineth\focus_binary_benchmark\dataset\wbc\unfocused\147\147_1.jpg,0,wbc::147,,dataset,val,147,wbc::147
wbc,D:\Dineth\focus_binary_benchmark\dataset\wbc\unfocused\147\147_2.jpg,0,wbc::147,,dataset,val,147,wbc::147
wbc,D:\Dineth\focus_binary_benchmark\dataset\wbc\unfocused\147\147_3.jpg,0,wbc::147,,dataset,val,147,wbc::147
wbc,D:\Dineth\focus_binary_benchmark\dataset\wbc\unfocused\147\147_4.jpg,0,wbc::147,,dataset,val,147,wbc::147
wbc,D:\Dineth\focus_binary_benchmark\dataset\wbc\unfocused\147\147_8.jpg,0,wbc::147,,dataset,val,147,wbc::147
wbc,D:\Dineth\focus_binary_benchmark\dataset\wbc\unfocused\147\147_9.jpg,0,wbc::147,,dataset,val,147,wbc::147
wbc,D:\Dineth\focus_binary_benchmark\dataset\wbc\unfocused\148\148_0.jpg,0,wbc::148,,dataset,train,148,wbc::148
wbc,D:\Dineth\focus_binary_benchmark\dataset\wbc\unfocused\148\148_1.jpg,0,wbc::148,,dataset,train,148,wbc::148
wbc,D:\Dineth\focus_binary_benchmark\dataset\wbc\unfocused\148\148_2.jpg,0,wbc::148,,dataset,train,148,wbc::148
wbc,D:\Dineth\focus_binary_benchmark\dataset\wbc\unfocused\148\148_3.jpg,0,wbc::148,,dataset,train,148,wbc::148
wbc,D:\Dineth\focus_binary_benchmark\dataset\wbc\unfocused\148\148_4.jpg,0,wbc::148,,dataset,train,148,wbc::148
wbc,D:\Dineth\focus_binary_benchmark\dataset\wbc\unfocused\148\148_8.jpg,0,wbc::148,,dataset,train,148,wbc::148
wbc,D:\Dineth\focus_binary_benchmark\dataset\wbc\unfocused\148\148_9.jpg,0,wbc::148,,dataset,train,148,wbc::148
wbc,D:\Dineth\focus_binary_benchmark\dataset\wbc\unfocused\149\149_0.jpg,0,wbc::149,,dataset,train,149,wbc::149
wbc,D:\Dineth\focus_binary_benchmark\dataset\wbc\unfocused\149\149_1.jpg,0,wbc::149,,dataset,train,149,wbc::149
wbc,D:\Dineth\focus_binary_benchmark\dataset\wbc\unfocused\149\149_2.jpg,0,wbc::149,,dataset,train,149,wbc::149
wbc,D:\Dineth\focus_binary_benchmark\dataset\wbc\unfocused\149\149_3.jpg,0,wbc::149,,dataset,train,149,wbc::149
wbc,D:\Dineth\focus_binary_benchmark\dataset\wbc\unfocused\149\149_4.jpg,0,wbc::149,,dataset,train,149,wbc::149
wbc,D:\Dineth\focus_binary_benchmark\dataset\wbc\unfocused\149\149_8.jpg,0,wbc::149,,dataset,train,149,wbc::149
wbc,D:\Dineth\focus_binary_benchmark\dataset\wbc\unfocused\149\149_9.jpg,0,wbc::149,,dataset,train,149,wbc::149
wbc,D:\Dineth\focus_binary_benchmark\dataset\wbc\unfocused\15\15_0.jpg,0,wbc::15,,dataset,train,15,wbc::15
wbc,D:\Dineth\focus_binary_benchmark\dataset\wbc\unfocused\15\15_1.jpg,0,wbc::15,,dataset,train,15,wbc::15
wbc,D:\Dineth\focus_binary_benchmark\dataset\wbc\unfocused\15\15_2.jpg,0,wbc::15,,dataset,train,15,wbc::15
wbc,D:\Dineth\focus_binary_benchmark\dataset\wbc\unfocused\15\15_3.jpg,0,wbc::15,,dataset,train,15,wbc::15
wbc,D:\Dineth\focus_binary_benchmark\dataset\wbc\unfocused\15\15_4.jpg,0,wbc::15,,dataset,train,15,wbc::15
wbc,D:\Dineth\focus_binary_benchmark\dataset\wbc\unfocused\15\15_8.jpg,0,wbc::15,,dataset,train,15,wbc::15
wbc,D:\Dineth\focus_binary_benchmark\dataset\wbc\unfocused\15\15_9.jpg,0,wbc::15,,dataset,train,15,wbc::15
wbc,D:\Dineth\focus_binary_benchmark\dataset\wbc\unfocused\150\150_0.jpg,0,wbc::150,,dataset,train,150,wbc::150
wbc,D:\Dineth\focus_binary_benchmark\dataset\wbc\unfocused\150\150_1.jpg,0,wbc::150,,dataset,train,150,wbc::150
wbc,D:\Dineth\focus_binary_benchmark\dataset\wbc\unfocused\150\150_2.jpg,0,wbc::150,,dataset,train,150,wbc::150
wbc,D:\Dineth\focus_binary_benchmark\dataset\wbc\unfocused\150\150_3.jpg,0,wbc::150,,dataset,train,150,wbc::150
wbc,D:\Dineth\focus_binary_benchmark\dataset\wbc\unfocused\150\150_4.jpg,0,wbc::150,,dataset,train,150,wbc::150
wbc,D:\Dineth\focus_binary_benchmark\dataset\wbc\unfocused\150\150_8.jpg,0,wbc::150,,dataset,train,150,wbc::150
wbc,D:\Dineth\focus_binary_benchmark\dataset\wbc\unfocused\150\150_9.jpg,0,wbc::150,,dataset,train,150,wbc::150
wbc,D:\Dineth\focus_binary_benchmark\dataset\wbc\unfocused\16\16_0.jpg,0,wbc::16,,dataset,train,16,wbc::16
wbc,D:\Dineth\focus_binary_benchmark\dataset\wbc\unfocused\16\16_1.jpg,0,wbc::16,,dataset,train,16,wbc::16
wbc,D:\Dineth\focus_binary_benchmark\dataset\wbc\unfocused\16\16_2.jpg,0,wbc::16,,dataset,train,16,wbc::16
wbc,D:\Dineth\focus_binary_benchmark\dataset\wbc\unfocused\16\16_3.jpg,0,wbc::16,,dataset,train,16,wbc::16
wbc,D:\Dineth\focus_binary_benchmark\dataset\wbc\unfocused\16\16_7.jpg,0,wbc::16,,dataset,train,16,wbc::16
wbc,D:\Dineth\focus_binary_benchmark\dataset\wbc\unfocused\16\16_8.jpg,0,wbc::16,,dataset,train,16,wbc::16
wbc,D:\Dineth\focus_binary_benchmark\dataset\wbc\unfocused\16\16_9.jpg,0,wbc::16,,dataset,train,16,wbc::16
wbc,D:\Dineth\focus_binary_benchmark\dataset\wbc\unfocused\17\17_0.jpg,0,wbc::17,,dataset,train,17,wbc::17
wbc,D:\Dineth\focus_binary_benchmark\dataset\wbc\unfocused\17\17_1.jpg,0,wbc::17,,dataset,train,17,wbc::17
wbc,D:\Dineth\focus_binary_benchmark\dataset\wbc\unfocused\17\17_2.jpg,0,wbc::17,,dataset,train,17,wbc::17
wbc,D:\Dineth\focus_binary_benchmark\dataset\wbc\unfocused\17\17_3.jpg,0,wbc::17,,dataset,train,17,wbc::17
wbc,D:\Dineth\focus_binary_benchmark\dataset\wbc\unfocused\17\17_7.jpg,0,wbc::17,,dataset,train,17,wbc::17
wbc,D:\Dineth\focus_binary_benchmark\dataset\wbc\unfocused\17\17_8.jpg,0,wbc::17,,dataset,train,17,wbc::17
wbc,D:\Dineth\focus_binary_benchmark\dataset\wbc\unfocused\17\17_9.jpg,0,wbc::17,,dataset,train,17,wbc::17
wbc,D:\Dineth\focus_binary_benchmark\dataset\wbc\unfocused\18\18_0.jpg,0,wbc::18,,dataset,train,18,wbc::18
wbc,D:\Dineth\focus_binary_benchmark\dataset\wbc\unfocused\18\18_1.jpg,0,wbc::18,,dataset,train,18,wbc::18
wbc,D:\Dineth\focus_binary_benchmark\dataset\wbc\unfocused\18\18_2.jpg,0,wbc::18,,dataset,train,18,wbc::18
wbc,D:\Dineth\focus_binary_benchmark\dataset\wbc\unfocused\18\18_3.jpg,0,wbc::18,,dataset,train,18,wbc::18
wbc,D:\Dineth\focus_binary_benchmark\dataset\wbc\unfocused\18\18_7.jpg,0,wbc::18,,dataset,train,18,wbc::18
wbc,D:\Dineth\focus_binary_benchmark\dataset\wbc\unfocused\18\18_8.jpg,0,wbc::18,,dataset,train,18,wbc::18
wbc,D:\Dineth\focus_binary_benchmark\dataset\wbc\unfocused\18\18_9.jpg,0,wbc::18,,dataset,train,18,wbc::18
wbc,D:\Dineth\focus_binary_benchmark\dataset\wbc\unfocused\19\19_0.jpg,0,wbc::19,,dataset,test,19,wbc::19
wbc,D:\Dineth\focus_binary_benchmark\dataset\wbc\unfocused\19\19_1.jpg,0,wbc::19,,dataset,test,19,wbc::19
wbc,D:\Dineth\focus_binary_benchmark\dataset\wbc\unfocused\19\19_2.jpg,0,wbc::19,,dataset,test,19,wbc::19
wbc,D:\Dineth\focus_binary_benchmark\dataset\wbc\unfocused\19\19_3.jpg,0,wbc::19,,dataset,test,19,wbc::19
wbc,D:\Dineth\focus_binary_benchmark\dataset\wbc\unfocused\19\19_7.jpg,0,wbc::19,,dataset,test,19,wbc::19
wbc,D:\Dineth\focus_binary_benchmark\dataset\wbc\unfocused\19\19_8.jpg,0,wbc::19,,dataset,test,19,wbc::19
wbc,D:\Dineth\focus_binary_benchmark\dataset\wbc\unfocused\19\19_9.jpg,0,wbc::19,,dataset,test,19,wbc::19
wbc,D:\Dineth\focus_binary_benchmark\dataset\wbc\unfocused\2\2_0.jpg,0,wbc::2,,dataset,train,2,wbc::2
wbc,D:\Dineth\focus_binary_benchmark\dataset\wbc\unfocused\2\2_1.jpg,0,wbc::2,,dataset,train,2,wbc::2
wbc,D:\Dineth\focus_binary_benchmark\dataset\wbc\unfocused\2\2_2.jpg,0,wbc::2,,dataset,train,2,wbc::2
wbc,D:\Dineth\focus_binary_benchmark\dataset\wbc\unfocused\2\2_3.jpg,0,wbc::2,,dataset,train,2,wbc::2
wbc,D:\Dineth\focus_binary_benchmark\dataset\wbc\unfocused\2\2_4.jpg,0,wbc::2,,dataset,train,2,wbc::2
wbc,D:\Dineth\focus_binary_benchmark\dataset\wbc\unfocused\2\2_8.jpg,0,wbc::2,,dataset,train,2,wbc::2
wbc,D:\Dineth\focus_binary_benchmark\dataset\wbc\unfocused\2\2_9.jpg,0,wbc::2,,dataset,train,2,wbc::2
wbc,D:\Dineth\focus_binary_benchmark\dataset\wbc\unfocused\20\20_0.jpg,0,wbc::20,,dataset,train,20,wbc::20
wbc,D:\Dineth\focus_binary_benchmark\dataset\wbc\unfocused\20\20_1.jpg,0,wbc::20,,dataset,train,20,wbc::20
wbc,D:\Dineth\focus_binary_benchmark\dataset\wbc\unfocused\20\20_2.jpg,0,wbc::20,,dataset,train,20,wbc::20
wbc,D:\Dineth\focus_binary_benchmark\dataset\wbc\unfocused\20\20_3.jpg,0,wbc::20,,dataset,train,20,wbc::20
wbc,D:\Dineth\focus_binary_benchmark\dataset\wbc\unfocused\20\20_7.jpg,0,wbc::20,,dataset,train,20,wbc::20
wbc,D:\Dineth\focus_binary_benchmark\dataset\wbc\unfocused\20\20_8.jpg,0,wbc::20,,dataset,train,20,wbc::20
wbc,D:\Dineth\focus_binary_benchmark\dataset\wbc\unfocused\20\20_9.jpg,0,wbc::20,,dataset,train,20,wbc::20
wbc,D:\Dineth\focus_binary_benchmark\dataset\wbc\unfocused\21\21_0.jpg,0,wbc::21,,dataset,train,21,wbc::21
wbc,D:\Dineth\focus_binary_benchmark\dataset\wbc\unfocused\21\21_1.jpg,0,wbc::21,,dataset,train,21,wbc::21
wbc,D:\Dineth\focus_binary_benchmark\dataset\wbc\unfocused\21\21_2.jpg,0,wbc::21,,dataset,train,21,wbc::21
wbc,D:\Dineth\focus_binary_benchmark\dataset\wbc\unfocused\21\21_3.jpg,0,wbc::21,,dataset,train,21,wbc::21
wbc,D:\Dineth\focus_binary_benchmark\dataset\wbc\unfocused\21\21_4.jpg,0,wbc::21,,dataset,train,21,wbc::21
wbc,D:\Dineth\focus_binary_benchmark\dataset\wbc\unfocused\21\21_8.jpg,0,wbc::21,,dataset,train,21,wbc::21
wbc,D:\Dineth\focus_binary_benchmark\dataset\wbc\unfocused\21\21_9.jpg,0,wbc::21,,dataset,train,21,wbc::21
wbc,D:\Dineth\focus_binary_benchmark\dataset\wbc\unfocused\22\22_0.jpg,0,wbc::22,,dataset,train,22,wbc::22
wbc,D:\Dineth\focus_binary_benchmark\dataset\wbc\unfocused\22\22_1.jpg,0,wbc::22,,dataset,train,22,wbc::22
wbc,D:\Dineth\focus_binary_benchmark\dataset\wbc\unfocused\22\22_2.jpg,0,wbc::22,,dataset,train,22,wbc::22
wbc,D:\Dineth\focus_binary_benchmark\dataset\wbc\unfocused\22\22_3.jpg,0,wbc::22,,dataset,train,22,wbc::22
wbc,D:\Dineth\focus_binary_benchmark\dataset\wbc\unfocused\22\22_7.jpg,0,wbc::22,,dataset,train,22,wbc::22
wbc,D:\Dineth\focus_binary_benchmark\dataset\wbc\unfocused\22\22_8.jpg,0,wbc::22,,dataset,train,22,wbc::22
wbc,D:\Dineth\focus_binary_benchmark\dataset\wbc\unfocused\22\22_9.jpg,0,wbc::22,,dataset,train,22,wbc::22
wbc,D:\Dineth\focus_binary_benchmark\dataset\wbc\unfocused\23\23_0.jpg,0,wbc::23,,dataset,train,23,wbc::23
wbc,D:\Dineth\focus_binary_benchmark\dataset\wbc\unfocused\23\23_1.jpg,0,wbc::23,,dataset,train,23,wbc::23
wbc,D:\Dineth\focus_binary_benchmark\dataset\wbc\unfocused\23\23_2.jpg,0,wbc::23,,dataset,train,23,wbc::23
wbc,D:\Dineth\focus_binary_benchmark\dataset\wbc\unfocused\23\23_3.jpg,0,wbc::23,,dataset,train,23,wbc::23
wbc,D:\Dineth\focus_binary_benchmark\dataset\wbc\unfocused\23\23_4.jpg,0,wbc::23,,dataset,train,23,wbc::23
wbc,D:\Dineth\focus_binary_benchmark\dataset\wbc\unfocused\23\23_8.jpg,0,wbc::23,,dataset,train,23,wbc::23
wbc,D:\Dineth\focus_binary_benchmark\dataset\wbc\unfocused\23\23_9.jpg,0,wbc::23,,dataset,train,23,wbc::23
wbc,D:\Dineth\focus_binary_benchmark\dataset\wbc\unfocused\24\24_0.jpg,0,wbc::24,,dataset,test,24,wbc::24
wbc,D:\Dineth\focus_binary_benchmark\dataset\wbc\unfocused\24\24_1.jpg,0,wbc::24,,dataset,test,24,wbc::24
wbc,D:\Dineth\focus_binary_benchmark\dataset\wbc\unfocused\24\24_2.jpg,0,wbc::24,,dataset,test,24,wbc::24
wbc,D:\Dineth\focus_binary_benchmark\dataset\wbc\unfocused\24\24_3.jpg,0,wbc::24,,dataset,test,24,wbc::24
wbc,D:\Dineth\focus_binary_benchmark\dataset\wbc\unfocused\24\24_4.jpg,0,wbc::24,,dataset,test,24,wbc::24
wbc,D:\Dineth\focus_binary_benchmark\dataset\wbc\unfocused\24\24_8.jpg,0,wbc::24,,dataset,test,24,wbc::24
wbc,D:\Dineth\focus_binary_benchmark\dataset\wbc\unfocused\24\24_9.jpg,0,wbc::24,,dataset,test,24,wbc::24
wbc,D:\Dineth\focus_binary_benchmark\dataset\wbc\unfocused\25\25_0.jpg,0,wbc::25,,dataset,val,25,wbc::25
wbc,D:\Dineth\focus_binary_benchmark\dataset\wbc\unfocused\25\25_1.jpg,0,wbc::25,,dataset,val,25,wbc::25
wbc,D:\Dineth\focus_binary_benchmark\dataset\wbc\unfocused\25\25_2.jpg,0,wbc::25,,dataset,val,25,wbc::25
wbc,D:\Dineth\focus_binary_benchmark\dataset\wbc\unfocused\25\25_3.jpg,0,wbc::25,,dataset,val,25,wbc::25
wbc,D:\Dineth\focus_binary_benchmark\dataset\wbc\unfocused\25\25_4.jpg,0,wbc::25,,dataset,val,25,wbc::25
wbc,D:\Dineth\focus_binary_benchmark\dataset\wbc\unfocused\25\25_8.jpg,0,wbc::25,,dataset,val,25,wbc::25
wbc,D:\Dineth\focus_binary_benchmark\dataset\wbc\unfocused\25\25_9.jpg,0,wbc::25,,dataset,val,25,wbc::25
wbc,D:\Dineth\focus_binary_benchmark\dataset\wbc\unfocused\26\26_0.jpg,0,wbc::26,,dataset,train,26,wbc::26
wbc,D:\Dineth\focus_binary_benchmark\dataset\wbc\unfocused\26\26_1.jpg,0,wbc::26,,dataset,train,26,wbc::26
wbc,D:\Dineth\focus_binary_benchmark\dataset\wbc\unfocused\26\26_2.jpg,0,wbc::26,,dataset,train,26,wbc::26
wbc,D:\Dineth\focus_binary_benchmark\dataset\wbc\unfocused\26\26_3.jpg,0,wbc::26,,dataset,train,26,wbc::26
wbc,D:\Dineth\focus_binary_benchmark\dataset\wbc\unfocused\26\26_4.jpg,0,wbc::26,,dataset,train,26,wbc::26
wbc,D:\Dineth\focus_binary_benchmark\dataset\wbc\unfocused\26\26_8.jpg,0,wbc::26,,dataset,train,26,wbc::26
wbc,D:\Dineth\focus_binary_benchmark\dataset\wbc\unfocused\26\26_9.jpg,0,wbc::26,,dataset,train,26,wbc::26
wbc,D:\Dineth\focus_binary_benchmark\dataset\wbc\unfocused\27\27_0.jpg,0,wbc::27,,dataset,train,27,wbc::27
wbc,D:\Dineth\focus_binary_benchmark\dataset\wbc\unfocused\27\27_1.jpg,0,wbc::27,,dataset,train,27,wbc::27
wbc,D:\Dineth\focus_binary_benchmark\dataset\wbc\unfocused\27\27_2.jpg,0,wbc::27,,dataset,train,27,wbc::27
wbc,D:\Dineth\focus_binary_benchmark\dataset\wbc\unfocused\27\27_3.jpg,0,wbc::27,,dataset,train,27,wbc::27
wbc,D:\Dineth\focus_binary_benchmark\dataset\wbc\unfocused\27\27_4.jpg,0,wbc::27,,dataset,train,27,wbc::27
wbc,D:\Dineth\focus_binary_benchmark\dataset\wbc\unfocused\27\27_8.jpg,0,wbc::27,,dataset,train,27,wbc::27
wbc,D:\Dineth\focus_binary_benchmark\dataset\wbc\unfocused\27\27_9.jpg,0,wbc::27,,dataset,train,27,wbc::27
wbc,D:\Dineth\focus_binary_benchmark\dataset\wbc\unfocused\28\28_0.jpg,0,wbc::28,,dataset,train,28,wbc::28
wbc,D:\Dineth\focus_binary_benchmark\dataset\wbc\unfocused\28\28_1.jpg,0,wbc::28,,dataset,train,28,wbc::28
wbc,D:\Dineth\focus_binary_benchmark\dataset\wbc\unfocused\28\28_2.jpg,0,wbc::28,,dataset,train,28,wbc::28
wbc,D:\Dineth\focus_binary_benchmark\dataset\wbc\unfocused\28\28_3.jpg,0,wbc::28,,dataset,train,28,wbc::28
wbc,D:\Dineth\focus_binary_benchmark\dataset\wbc\unfocused\28\28_7.jpg,0,wbc::28,,dataset,train,28,wbc::28
wbc,D:\Dineth\focus_binary_benchmark\dataset\wbc\unfocused\28\28_8.jpg,0,wbc::28,,dataset,train,28,wbc::28
wbc,D:\Dineth\focus_binary_benchmark\dataset\wbc\unfocused\28\28_9.jpg,0,wbc::28,,dataset,train,28,wbc::28
wbc,D:\Dineth\focus_binary_benchmark\dataset\wbc\unfocused\29\29_0.jpg,0,wbc::29,,dataset,test,29,wbc::29
wbc,D:\Dineth\focus_binary_benchmark\dataset\wbc\unfocused\29\29_1.jpg,0,wbc::29,,dataset,test,29,wbc::29
wbc,D:\Dineth\focus_binary_benchmark\dataset\wbc\unfocused\29\29_2.jpg,0,wbc::29,,dataset,test,29,wbc::29
wbc,D:\Dineth\focus_binary_benchmark\dataset\wbc\unfocused\29\29_3.jpg,0,wbc::29,,dataset,test,29,wbc::29
wbc,D:\Dineth\focus_binary_benchmark\dataset\wbc\unfocused\29\29_4.jpg,0,wbc::29,,dataset,test,29,wbc::29
wbc,D:\Dineth\focus_binary_benchmark\dataset\wbc\unfocused\29\29_8.jpg,0,wbc::29,,dataset,test,29,wbc::29
wbc,D:\Dineth\focus_binary_benchmark\dataset\wbc\unfocused\29\29_9.jpg,0,wbc::29,,dataset,test,29,wbc::29
wbc,D:\Dineth\focus_binary_benchmark\dataset\wbc\unfocused\3\3_0.jpg,0,wbc::3,,dataset,test,3,wbc::3
wbc,D:\Dineth\focus_binary_benchmark\dataset\wbc\unfocused\3\3_1.jpg,0,wbc::3,,dataset,test,3,wbc::3
wbc,D:\Dineth\focus_binary_benchmark\dataset\wbc\unfocused\3\3_2.jpg,0,wbc::3,,dataset,test,3,wbc::3
wbc,D:\Dineth\focus_binary_benchmark\dataset\wbc\unfocused\3\3_3.jpg,0,wbc::3,,dataset,test,3,wbc::3
wbc,D:\Dineth\focus_binary_benchmark\dataset\wbc\unfocused\3\3_7.jpg,0,wbc::3,,dataset,test,3,wbc::3
wbc,D:\Dineth\focus_binary_benchmark\dataset\wbc\unfocused\3\3_8.jpg,0,wbc::3,,dataset,test,3,wbc::3
wbc,D:\Dineth\focus_binary_benchmark\dataset\wbc\unfocused\3\3_9.jpg,0,wbc::3,,dataset,test,3,wbc::3
wbc,D:\Dineth\focus_binary_benchmark\dataset\wbc\unfocused\30\30_0.jpg,0,wbc::30,,dataset,val,30,wbc::30
wbc,D:\Dineth\focus_binary_benchmark\dataset\wbc\unfocused\30\30_1.jpg,0,wbc::30,,dataset,val,30,wbc::30
wbc,D:\Dineth\focus_binary_benchmark\dataset\wbc\unfocused\30\30_2.jpg,0,wbc::30,,dataset,val,30,wbc::30
wbc,D:\Dineth\focus_binary_benchmark\dataset\wbc\unfocused\30\30_3.jpg,0,wbc::30,,dataset,val,30,wbc::30
wbc,D:\Dineth\focus_binary_benchmark\dataset\wbc\unfocused\30\30_4.jpg,0,wbc::30,,dataset,val,30,wbc::30
wbc,D:\Dineth\focus_binary_benchmark\dataset\wbc\unfocused\30\30_8.jpg,0,wbc::30,,dataset,val,30,wbc::30
wbc,D:\Dineth\focus_binary_benchmark\dataset\wbc\unfocused\30\30_9.jpg,0,wbc::30,,dataset,val,30,wbc::30
wbc,D:\Dineth\focus_binary_benchmark\dataset\wbc\unfocused\31\31_0.jpg,0,wbc::31,,dataset,train,31,wbc::31
wbc,D:\Dineth\focus_binary_benchmark\dataset\wbc\unfocused\31\31_1.jpg,0,wbc::31,,dataset,train,31,wbc::31
wbc,D:\Dineth\focus_binary_benchmark\dataset\wbc\unfocused\31\31_2.jpg,0,wbc::31,,dataset,train,31,wbc::31
wbc,D:\Dineth\focus_binary_benchmark\dataset\wbc\unfocused\31\31_3.jpg,0,wbc::31,,dataset,train,31,wbc::31
wbc,D:\Dineth\focus_binary_benchmark\dataset\wbc\unfocused\31\31_4.jpg,0,wbc::31,,dataset,train,31,wbc::31
wbc,D:\Dineth\focus_binary_benchmark\dataset\wbc\unfocused\31\31_8.jpg,0,wbc::31,,dataset,train,31,wbc::31
wbc,D:\Dineth\focus_binary_benchmark\dataset\wbc\unfocused\31\31_9.jpg,0,wbc::31,,dataset,train,31,wbc::31
wbc,D:\Dineth\focus_binary_benchmark\dataset\wbc\unfocused\32\32_0.jpg,0,wbc::32,,dataset,train,32,wbc::32
wbc,D:\Dineth\focus_binary_benchmark\dataset\wbc\unfocused\32\32_1.jpg,0,wbc::32,,dataset,train,32,wbc::32
wbc,D:\Dineth\focus_binary_benchmark\dataset\wbc\unfocused\32\32_2.jpg,0,wbc::32,,dataset,train,32,wbc::32
wbc,D:\Dineth\focus_binary_benchmark\dataset\wbc\unfocused\32\32_3.jpg,0,wbc::32,,dataset,train,32,wbc::32
wbc,D:\Dineth\focus_binary_benchmark\dataset\wbc\unfocused\32\32_4.jpg,0,wbc::32,,dataset,train,32,wbc::32
wbc,D:\Dineth\focus_binary_benchmark\dataset\wbc\unfocused\32\32_8.jpg,0,wbc::32,,dataset,train,32,wbc::32
wbc,D:\Dineth\focus_binary_benchmark\dataset\wbc\unfocused\32\32_9.jpg,0,wbc::32,,dataset,train,32,wbc::32
wbc,D:\Dineth\focus_binary_benchmark\dataset\wbc\unfocused\33\33_0.jpg,0,wbc::33,,dataset,test,33,wbc::33
wbc,D:\Dineth\focus_binary_benchmark\dataset\wbc\unfocused\33\33_1.jpg,0,wbc::33,,dataset,test,33,wbc::33
wbc,D:\Dineth\focus_binary_benchmark\dataset\wbc\unfocused\33\33_2.jpg,0,wbc::33,,dataset,test,33,wbc::33
wbc,D:\Dineth\focus_binary_benchmark\dataset\wbc\unfocused\33\33_3.jpg,0,wbc::33,,dataset,test,33,wbc::33
wbc,D:\Dineth\focus_binary_benchmark\dataset\wbc\unfocused\33\33_4.jpg,0,wbc::33,,dataset,test,33,wbc::33
wbc,D:\Dineth\focus_binary_benchmark\dataset\wbc\unfocused\33\33_8.jpg,0,wbc::33,,dataset,test,33,wbc::33
wbc,D:\Dineth\focus_binary_benchmark\dataset\wbc\unfocused\33\33_9.jpg,0,wbc::33,,dataset,test,33,wbc::33
wbc,D:\Dineth\focus_binary_benchmark\dataset\wbc\unfocused\34\34_0.jpg,0,wbc::34,,dataset,train,34,wbc::34
wbc,D:\Dineth\focus_binary_benchmark\dataset\wbc\unfocused\34\34_1.jpg,0,wbc::34,,dataset,train,34,wbc::34
wbc,D:\Dineth\focus_binary_benchmark\dataset\wbc\unfocused\34\34_2.jpg,0,wbc::34,,dataset,train,34,wbc::34
wbc,D:\Dineth\focus_binary_benchmark\dataset\wbc\unfocused\34\34_3.jpg,0,wbc::34,,dataset,train,34,wbc::34
wbc,D:\Dineth\focus_binary_benchmark\dataset\wbc\unfocused\34\34_4.jpg,0,wbc::34,,dataset,train,34,wbc::34
wbc,D:\Dineth\focus_binary_benchmark\dataset\wbc\unfocused\34\34_8.jpg,0,wbc::34,,dataset,train,34,wbc::34
wbc,D:\Dineth\focus_binary_benchmark\dataset\wbc\unfocused\34\34_9.jpg,0,wbc::34,,dataset,train,34,wbc::34
wbc,D:\Dineth\focus_binary_benchmark\dataset\wbc\unfocused\35\35_0.jpg,0,wbc::35,,dataset,train,35,wbc::35
wbc,D:\Dineth\focus_binary_benchmark\dataset\wbc\unfocused\35\35_1.jpg,0,wbc::35,,dataset,train,35,wbc::35
wbc,D:\Dineth\focus_binary_benchmark\dataset\wbc\unfocused\35\35_2.jpg,0,wbc::35,,dataset,train,35,wbc::35
wbc,D:\Dineth\focus_binary_benchmark\dataset\wbc\unfocused\35\35_3.jpg,0,wbc::35,,dataset,train,35,wbc::35
wbc,D:\Dineth\focus_binary_benchmark\dataset\wbc\unfocused\35\35_7.jpg,0,wbc::35,,dataset,train,35,wbc::35
wbc,D:\Dineth\focus_binary_benchmark\dataset\wbc\unfocused\35\35_8.jpg,0,wbc::35,,dataset,train,35,wbc::35
wbc,D:\Dineth\focus_binary_benchmark\dataset\wbc\unfocused\35\35_9.jpg,0,wbc::35,,dataset,train,35,wbc::35
wbc,D:\Dineth\focus_binary_benchmark\dataset\wbc\unfocused\36\36_0.jpg,0,wbc::36,,dataset,train,36,wbc::36
wbc,D:\Dineth\focus_binary_benchmark\dataset\wbc\unfocused\36\36_1.jpg,0,wbc::36,,dataset,train,36,wbc::36
wbc,D:\Dineth\focus_binary_benchmark\dataset\wbc\unfocused\36\36_2.jpg,0,wbc::36,,dataset,train,36,wbc::36
wbc,D:\Dineth\focus_binary_benchmark\dataset\wbc\unfocused\36\36_3.jpg,0,wbc::36,,dataset,train,36,wbc::36
wbc,D:\Dineth\focus_binary_benchmark\dataset\wbc\unfocused\36\36_4.jpg,0,wbc::36,,dataset,train,36,wbc::36
wbc,D:\Dineth\focus_binary_benchmark\dataset\wbc\unfocused\36\36_8.jpg,0,wbc::36,,dataset,train,36,wbc::36
wbc,D:\Dineth\focus_binary_benchmark\dataset\wbc\unfocused\36\36_9.jpg,0,wbc::36,,dataset,train,36,wbc::36
wbc,D:\Dineth\focus_binary_benchmark\dataset\wbc\unfocused\37\37_0.jpg,0,wbc::37,,dataset,val,37,wbc::37
wbc,D:\Dineth\focus_binary_benchmark\dataset\wbc\unfocused\37\37_1.jpg,0,wbc::37,,dataset,val,37,wbc::37
wbc,D:\Dineth\focus_binary_benchmark\dataset\wbc\unfocused\37\37_2.jpg,0,wbc::37,,dataset,val,37,wbc::37
wbc,D:\Dineth\focus_binary_benchmark\dataset\wbc\unfocused\37\37_3.jpg,0,wbc::37,,dataset,val,37,wbc::37
wbc,D:\Dineth\focus_binary_benchmark\dataset\wbc\unfocused\37\37_7.jpg,0,wbc::37,,dataset,val,37,wbc::37
wbc,D:\Dineth\focus_binary_benchmark\dataset\wbc\unfocused\37\37_8.jpg,0,wbc::37,,dataset,val,37,wbc::37
wbc,D:\Dineth\focus_binary_benchmark\dataset\wbc\unfocused\37\37_9.jpg,0,wbc::37,,dataset,val,37,wbc::37
wbc,D:\Dineth\focus_binary_benchmark\dataset\wbc\unfocused\38\38_0.jpg,0,wbc::38,,dataset,train,38,wbc::38
wbc,D:\Dineth\focus_binary_benchmark\dataset\wbc\unfocused\38\38_1.jpg,0,wbc::38,,dataset,train,38,wbc::38
wbc,D:\Dineth\focus_binary_benchmark\dataset\wbc\unfocused\38\38_2.jpg,0,wbc::38,,dataset,train,38,wbc::38
wbc,D:\Dineth\focus_binary_benchmark\dataset\wbc\unfocused\38\38_3.jpg,0,wbc::38,,dataset,train,38,wbc::38
wbc,D:\Dineth\focus_binary_benchmark\dataset\wbc\unfocused\38\38_4.jpg,0,wbc::38,,dataset,train,38,wbc::38
wbc,D:\Dineth\focus_binary_benchmark\dataset\wbc\unfocused\38\38_5.jpg,0,wbc::38,,dataset,train,38,wbc::38
wbc,D:\Dineth\focus_binary_benchmark\dataset\wbc\unfocused\38\38_9.jpg,0,wbc::38,,dataset,train,38,wbc::38
wbc,D:\Dineth\focus_binary_benchmark\dataset\wbc\unfocused\39\39_0.jpg,0,wbc::39,,dataset,train,39,wbc::39
wbc,D:\Dineth\focus_binary_benchmark\dataset\wbc\unfocused\39\39_1.jpg,0,wbc::39,,dataset,train,39,wbc::39
wbc,D:\Dineth\focus_binary_benchmark\dataset\wbc\unfocused\39\39_2.jpg,0,wbc::39,,dataset,train,39,wbc::39
wbc,D:\Dineth\focus_binary_benchmark\dataset\wbc\unfocused\39\39_3.jpg,0,wbc::39,,dataset,train,39,wbc::39
wbc,D:\Dineth\focus_binary_benchmark\dataset\wbc\unfocused\39\39_4.jpg,0,wbc::39,,dataset,train,39,wbc::39
wbc,D:\Dineth\focus_binary_benchmark\dataset\wbc\unfocused\39\39_8.jpg,0,wbc::39,,dataset,train,39,wbc::39
wbc,D:\Dineth\focus_binary_benchmark\dataset\wbc\unfocused\39\39_9.jpg,0,wbc::39,,dataset,train,39,wbc::39
wbc,D:\Dineth\focus_binary_benchmark\dataset\wbc\unfocused\4\4_0.jpg,0,wbc::4,,dataset,val,4,wbc::4
wbc,D:\Dineth\focus_binary_benchmark\dataset\wbc\unfocused\4\4_1.jpg,0,wbc::4,,dataset,val,4,wbc::4
wbc,D:\Dineth\focus_binary_benchmark\dataset\wbc\unfocused\4\4_2.jpg,0,wbc::4,,dataset,val,4,wbc::4
wbc,D:\Dineth\focus_binary_benchmark\dataset\wbc\unfocused\4\4_3.jpg,0,wbc::4,,dataset,val,4,wbc::4
wbc,D:\Dineth\focus_binary_benchmark\dataset\wbc\unfocused\4\4_4.jpg,0,wbc::4,,dataset,val,4,wbc::4
wbc,D:\Dineth\focus_binary_benchmark\dataset\wbc\unfocused\4\4_8.jpg,0,wbc::4,,dataset,val,4,wbc::4
wbc,D:\Dineth\focus_binary_benchmark\dataset\wbc\unfocused\4\4_9.jpg,0,wbc::4,,dataset,val,4,wbc::4
wbc,D:\Dineth\focus_binary_benchmark\dataset\wbc\unfocused\40\40_0.jpg,0,wbc::40,,dataset,train,40,wbc::40
wbc,D:\Dineth\focus_binary_benchmark\dataset\wbc\unfocused\40\40_1.jpg,0,wbc::40,,dataset,train,40,wbc::40
wbc,D:\Dineth\focus_binary_benchmark\dataset\wbc\unfocused\40\40_2.jpg,0,wbc::40,,dataset,train,40,wbc::40
wbc,D:\Dineth\focus_binary_benchmark\dataset\wbc\unfocused\40\40_3.jpg,0,wbc::40,,dataset,train,40,wbc::40
wbc,D:\Dineth\focus_binary_benchmark\dataset\wbc\unfocused\40\40_7.jpg,0,wbc::40,,dataset,train,40,wbc::40
wbc,D:\Dineth\focus_binary_benchmark\dataset\wbc\unfocused\40\40_8.jpg,0,wbc::40,,dataset,train,40,wbc::40
wbc,D:\Dineth\focus_binary_benchmark\dataset\wbc\unfocused\40\40_9.jpg,0,wbc::40,,dataset,train,40,wbc::40
wbc,D:\Dineth\focus_binary_benchmark\dataset\wbc\unfocused\41\41_0.jpg,0,wbc::41,,dataset,train,41,wbc::41
wbc,D:\Dineth\focus_binary_benchmark\dataset\wbc\unfocused\41\41_1.jpg,0,wbc::41,,dataset,train,41,wbc::41
wbc,D:\Dineth\focus_binary_benchmark\dataset\wbc\unfocused\41\41_2.jpg,0,wbc::41,,dataset,train,41,wbc::41
wbc,D:\Dineth\focus_binary_benchmark\dataset\wbc\unfocused\41\41_3.jpg,0,wbc::41,,dataset,train,41,wbc::41
wbc,D:\Dineth\focus_binary_benchmark\dataset\wbc\unfocused\41\41_7.jpg,0,wbc::41,,dataset,train,41,wbc::41
wbc,D:\Dineth\focus_binary_benchmark\dataset\wbc\unfocused\41\41_8.jpg,0,wbc::41,,dataset,train,41,wbc::41
wbc,D:\Dineth\focus_binary_benchmark\dataset\wbc\unfocused\41\41_9.jpg,0,wbc::41,,dataset,train,41,wbc::41
wbc,D:\Dineth\focus_binary_benchmark\dataset\wbc\unfocused\42\42_0.jpg,0,wbc::42,,dataset,val,42,wbc::42
wbc,D:\Dineth\focus_binary_benchmark\dataset\wbc\unfocused\42\42_1.jpg,0,wbc::42,,dataset,val,42,wbc::42
wbc,D:\Dineth\focus_binary_benchmark\dataset\wbc\unfocused\42\42_2.jpg,0,wbc::42,,dataset,val,42,wbc::42
wbc,D:\Dineth\focus_binary_benchmark\dataset\wbc\unfocused\42\42_3.jpg,0,wbc::42,,dataset,val,42,wbc::42
wbc,D:\Dineth\focus_binary_benchmark\dataset\wbc\unfocused\42\42_7.jpg,0,wbc::42,,dataset,val,42,wbc::42
wbc,D:\Dineth\focus_binary_benchmark\dataset\wbc\unfocused\42\42_8.jpg,0,wbc::42,,dataset,val,42,wbc::42
wbc,D:\Dineth\focus_binary_benchmark\dataset\wbc\unfocused\42\42_9.jpg,0,wbc::42,,dataset,val,42,wbc::42
wbc,D:\Dineth\focus_binary_benchmark\dataset\wbc\unfocused\43\43_0.jpg,0,wbc::43,,dataset,train,43,wbc::43
wbc,D:\Dineth\focus_binary_benchmark\dataset\wbc\unfocused\43\43_1.jpg,0,wbc::43,,dataset,train,43,wbc::43
wbc,D:\Dineth\focus_binary_benchmark\dataset\wbc\unfocused\43\43_2.jpg,0,wbc::43,,dataset,train,43,wbc::43
wbc,D:\Dineth\focus_binary_benchmark\dataset\wbc\unfocused\43\43_3.jpg,0,wbc::43,,dataset,train,43,wbc::43
wbc,D:\Dineth\focus_binary_benchmark\dataset\wbc\unfocused\43\43_4.jpg,0,wbc::43,,dataset,train,43,wbc::43
wbc,D:\Dineth\focus_binary_benchmark\dataset\wbc\unfocused\43\43_8.jpg,0,wbc::43,,dataset,train,43,wbc::43
wbc,D:\Dineth\focus_binary_benchmark\dataset\wbc\unfocused\43\43_9.jpg,0,wbc::43,,dataset,train,43,wbc::43
wbc,D:\Dineth\focus_binary_benchmark\dataset\wbc\unfocused\44\44_0.jpg,0,wbc::44,,dataset,test,44,wbc::44
wbc,D:\Dineth\focus_binary_benchmark\dataset\wbc\unfocused\44\44_1.jpg,0,wbc::44,,dataset,test,44,wbc::44
wbc,D:\Dineth\focus_binary_benchmark\dataset\wbc\unfocused\44\44_2.jpg,0,wbc::44,,dataset,test,44,wbc::44
wbc,D:\Dineth\focus_binary_benchmark\dataset\wbc\unfocused\44\44_3.jpg,0,wbc::44,,dataset,test,44,wbc::44
wbc,D:\Dineth\focus_binary_benchmark\dataset\wbc\unfocused\44\44_4.jpg,0,wbc::44,,dataset,test,44,wbc::44
wbc,D:\Dineth\focus_binary_benchmark\dataset\wbc\unfocused\44\44_8.jpg,0,wbc::44,,dataset,test,44,wbc::44
wbc,D:\Dineth\focus_binary_benchmark\dataset\wbc\unfocused\44\44_9.jpg,0,wbc::44,,dataset,test,44,wbc::44
wbc,D:\Dineth\focus_binary_benchmark\dataset\wbc\unfocused\45\45_0.jpg,0,wbc::45,,dataset,test,45,wbc::45
wbc,D:\Dineth\focus_binary_benchmark\dataset\wbc\unfocused\45\45_1.jpg,0,wbc::45,,dataset,test,45,wbc::45
wbc,D:\Dineth\focus_binary_benchmark\dataset\wbc\unfocused\45\45_2.jpg,0,wbc::45,,dataset,test,45,wbc::45
wbc,D:\Dineth\focus_binary_benchmark\dataset\wbc\unfocused\45\45_3.jpg,0,wbc::45,,dataset,test,45,wbc::45
wbc,D:\Dineth\focus_binary_benchmark\dataset\wbc\unfocused\45\45_4.jpg,0,wbc::45,,dataset,test,45,wbc::45
wbc,D:\Dineth\focus_binary_benchmark\dataset\wbc\unfocused\45\45_8.jpg,0,wbc::45,,dataset,test,45,wbc::45
wbc,D:\Dineth\focus_binary_benchmark\dataset\wbc\unfocused\45\45_9.jpg,0,wbc::45,,dataset,test,45,wbc::45
wbc,D:\Dineth\focus_binary_benchmark\dataset\wbc\unfocused\46\46_0.jpg,0,wbc::46,,dataset,test,46,wbc::46
wbc,D:\Dineth\focus_binary_benchmark\dataset\wbc\unfocused\46\46_1.jpg,0,wbc::46,,dataset,test,46,wbc::46
wbc,D:\Dineth\focus_binary_benchmark\dataset\wbc\unfocused\46\46_2.jpg,0,wbc::46,,dataset,test,46,wbc::46
wbc,D:\Dineth\focus_binary_benchmark\dataset\wbc\unfocused\46\46_3.jpg,0,wbc::46,,dataset,test,46,wbc::46
wbc,D:\Dineth\focus_binary_benchmark\dataset\wbc\unfocused\46\46_4.jpg,0,wbc::46,,dataset,test,46,wbc::46
wbc,D:\Dineth\focus_binary_benchmark\dataset\wbc\unfocused\46\46_8.jpg,0,wbc::46,,dataset,test,46,wbc::46
wbc,D:\Dineth\focus_binary_benchmark\dataset\wbc\unfocused\46\46_9.jpg,0,wbc::46,,dataset,test,46,wbc::46
wbc,D:\Dineth\focus_binary_benchmark\dataset\wbc\unfocused\47\47_0.jpg,0,wbc::47,,dataset,train,47,wbc::47
wbc,D:\Dineth\focus_binary_benchmark\dataset\wbc\unfocused\47\47_1.jpg,0,wbc::47,,dataset,train,47,wbc::47
wbc,D:\Dineth\focus_binary_benchmark\dataset\wbc\unfocused\47\47_2.jpg,0,wbc::47,,dataset,train,47,wbc::47
wbc,D:\Dineth\focus_binary_benchmark\dataset\wbc\unfocused\47\47_3.jpg,0,wbc::47,,dataset,train,47,wbc::47
wbc,D:\Dineth\focus_binary_benchmark\dataset\wbc\unfocused\47\47_4.jpg,0,wbc::47,,dataset,train,47,wbc::47
wbc,D:\Dineth\focus_binary_benchmark\dataset\wbc\unfocused\47\47_8.jpg,0,wbc::47,,dataset,train,47,wbc::47
wbc,D:\Dineth\focus_binary_benchmark\dataset\wbc\unfocused\47\47_9.jpg,0,wbc::47,,dataset,train,47,wbc::47
wbc,D:\Dineth\focus_binary_benchmark\dataset\wbc\unfocused\48\48_0.jpg,0,wbc::48,,dataset,val,48,wbc::48
wbc,D:\Dineth\focus_binary_benchmark\dataset\wbc\unfocused\48\48_1.jpg,0,wbc::48,,dataset,val,48,wbc::48
wbc,D:\Dineth\focus_binary_benchmark\dataset\wbc\unfocused\48\48_2.jpg,0,wbc::48,,dataset,val,48,wbc::48
wbc,D:\Dineth\focus_binary_benchmark\dataset\wbc\unfocused\48\48_3.jpg,0,wbc::48,,dataset,val,48,wbc::48
wbc,D:\Dineth\focus_binary_benchmark\dataset\wbc\unfocused\48\48_4.jpg,0,wbc::48,,dataset,val,48,wbc::48
wbc,D:\Dineth\focus_binary_benchmark\dataset\wbc\unfocused\48\48_8.jpg,0,wbc::48,,dataset,val,48,wbc::48
wbc,D:\Dineth\focus_binary_benchmark\dataset\wbc\unfocused\48\48_9.jpg,0,wbc::48,,dataset,val,48,wbc::48
wbc,D:\Dineth\focus_binary_benchmark\dataset\wbc\unfocused\49\49_0.jpg,0,wbc::49,,dataset,train,49,wbc::49
wbc,D:\Dineth\focus_binary_benchmark\dataset\wbc\unfocused\49\49_1.jpg,0,wbc::49,,dataset,train,49,wbc::49
wbc,D:\Dineth\focus_binary_benchmark\dataset\wbc\unfocused\49\49_2.jpg,0,wbc::49,,dataset,train,49,wbc::49
wbc,D:\Dineth\focus_binary_benchmark\dataset\wbc\unfocused\49\49_3.jpg,0,wbc::49,,dataset,train,49,wbc::49
wbc,D:\Dineth\focus_binary_benchmark\dataset\wbc\unfocused\49\49_4.jpg,0,wbc::49,,dataset,train,49,wbc::49
wbc,D:\Dineth\focus_binary_benchmark\dataset\wbc\unfocused\49\49_8.jpg,0,wbc::49,,dataset,train,49,wbc::49
wbc,D:\Dineth\focus_binary_benchmark\dataset\wbc\unfocused\49\49_9.jpg,0,wbc::49,,dataset,train,49,wbc::49
wbc,D:\Dineth\focus_binary_benchmark\dataset\wbc\unfocused\5\5_0.jpg,0,wbc::5,,dataset,test,5,wbc::5
wbc,D:\Dineth\focus_binary_benchmark\dataset\wbc\unfocused\5\5_1.jpg,0,wbc::5,,dataset,test,5,wbc::5
wbc,D:\Dineth\focus_binary_benchmark\dataset\wbc\unfocused\5\5_2.jpg,0,wbc::5,,dataset,test,5,wbc::5
wbc,D:\Dineth\focus_binary_benchmark\dataset\wbc\unfocused\5\5_3.jpg,0,wbc::5,,dataset,test,5,wbc::5
wbc,D:\Dineth\focus_binary_benchmark\dataset\wbc\unfocused\5\5_4.jpg,0,wbc::5,,dataset,test,5,wbc::5
wbc,D:\Dineth\focus_binary_benchmark\dataset\wbc\unfocused\5\5_8.jpg,0,wbc::5,,dataset,test,5,wbc::5
wbc,D:\Dineth\focus_binary_benchmark\dataset\wbc\unfocused\5\5_9.jpg,0,wbc::5,,dataset,test,5,wbc::5
wbc,D:\Dineth\focus_binary_benchmark\dataset\wbc\unfocused\50\50_0.jpg,0,wbc::50,,dataset,train,50,wbc::50
wbc,D:\Dineth\focus_binary_benchmark\dataset\wbc\unfocused\50\50_1.jpg,0,wbc::50,,dataset,train,50,wbc::50
wbc,D:\Dineth\focus_binary_benchmark\dataset\wbc\unfocused\50\50_2.jpg,0,wbc::50,,dataset,train,50,wbc::50
wbc,D:\Dineth\focus_binary_benchmark\dataset\wbc\unfocused\50\50_3.jpg,0,wbc::50,,dataset,train,50,wbc::50
wbc,D:\Dineth\focus_binary_benchmark\dataset\wbc\unfocused\50\50_4.jpg,0,wbc::50,,dataset,train,50,wbc::50
wbc,D:\Dineth\focus_binary_benchmark\dataset\wbc\unfocused\50\50_5.jpg,0,wbc::50,,dataset,train,50,wbc::50
wbc,D:\Dineth\focus_binary_benchmark\dataset\wbc\unfocused\50\50_9.jpg,0,wbc::50,,dataset,train,50,wbc::50
wbc,D:\Dineth\focus_binary_benchmark\dataset\wbc\unfocused\51\51_0.jpg,0,wbc::51,,dataset,train,51,wbc::51
wbc,D:\Dineth\focus_binary_benchmark\dataset\wbc\unfocused\51\51_1.jpg,0,wbc::51,,dataset,train,51,wbc::51
wbc,D:\Dineth\focus_binary_benchmark\dataset\wbc\unfocused\51\51_2.jpg,0,wbc::51,,dataset,train,51,wbc::51
wbc,D:\Dineth\focus_binary_benchmark\dataset\wbc\unfocused\51\51_3.jpg,0,wbc::51,,dataset,train,51,wbc::51
wbc,D:\Dineth\focus_binary_benchmark\dataset\wbc\unfocused\51\51_4.jpg,0,wbc::51,,dataset,train,51,wbc::51
wbc,D:\Dineth\focus_binary_benchmark\dataset\wbc\unfocused\51\51_8.jpg,0,wbc::51,,dataset,train,51,wbc::51
wbc,D:\Dineth\focus_binary_benchmark\dataset\wbc\unfocused\51\51_9.jpg,0,wbc::51,,dataset,train,51,wbc::51
wbc,D:\Dineth\focus_binary_benchmark\dataset\wbc\unfocused\52\52_0.jpg,0,wbc::52,,dataset,train,52,wbc::52
wbc,D:\Dineth\focus_binary_benchmark\dataset\wbc\unfocused\52\52_1.jpg,0,wbc::52,,dataset,train,52,wbc::52
wbc,D:\Dineth\focus_binary_benchmark\dataset\wbc\unfocused\52\52_2.jpg,0,wbc::52,,dataset,train,52,wbc::52
wbc,D:\Dineth\focus_binary_benchmark\dataset\wbc\unfocused\52\52_3.jpg,0,wbc::52,,dataset,train,52,wbc::52
wbc,D:\Dineth\focus_binary_benchmark\dataset\wbc\unfocused\52\52_4.jpg,0,wbc::52,,dataset,train,52,wbc::52
wbc,D:\Dineth\focus_binary_benchmark\dataset\wbc\unfocused\52\52_8.jpg,0,wbc::52,,dataset,train,52,wbc::52
wbc,D:\Dineth\focus_binary_benchmark\dataset\wbc\unfocused\52\52_9.jpg,0,wbc::52,,dataset,train,52,wbc::52
wbc,D:\Dineth\focus_binary_benchmark\dataset\wbc\unfocused\53\53_0.jpg,0,wbc::53,,dataset,val,53,wbc::53
wbc,D:\Dineth\focus_binary_benchmark\dataset\wbc\unfocused\53\53_1.jpg,0,wbc::53,,dataset,val,53,wbc::53
wbc,D:\Dineth\focus_binary_benchmark\dataset\wbc\unfocused\53\53_2.jpg,0,wbc::53,,dataset,val,53,wbc::53
wbc,D:\Dineth\focus_binary_benchmark\dataset\wbc\unfocused\53\53_3.jpg,0,wbc::53,,dataset,val,53,wbc::53
wbc,D:\Dineth\focus_binary_benchmark\dataset\wbc\unfocused\53\53_4.jpg,0,wbc::53,,dataset,val,53,wbc::53
wbc,D:\Dineth\focus_binary_benchmark\dataset\wbc\unfocused\53\53_8.jpg,0,wbc::53,,dataset,val,53,wbc::53
wbc,D:\Dineth\focus_binary_benchmark\dataset\wbc\unfocused\53\53_9.jpg,0,wbc::53,,dataset,val,53,wbc::53
wbc,D:\Dineth\focus_binary_benchmark\dataset\wbc\unfocused\54\54_0.jpg,0,wbc::54,,dataset,val,54,wbc::54
wbc,D:\Dineth\focus_binary_benchmark\dataset\wbc\unfocused\54\54_1.jpg,0,wbc::54,,dataset,val,54,wbc::54
wbc,D:\Dineth\focus_binary_benchmark\dataset\wbc\unfocused\54\54_2.jpg,0,wbc::54,,dataset,val,54,wbc::54
wbc,D:\Dineth\focus_binary_benchmark\dataset\wbc\unfocused\54\54_3.jpg,0,wbc::54,,dataset,val,54,wbc::54
wbc,D:\Dineth\focus_binary_benchmark\dataset\wbc\unfocused\54\54_4.jpg,0,wbc::54,,dataset,val,54,wbc::54
wbc,D:\Dineth\focus_binary_benchmark\dataset\wbc\unfocused\54\54_8.jpg,0,wbc::54,,dataset,val,54,wbc::54
wbc,D:\Dineth\focus_binary_benchmark\dataset\wbc\unfocused\54\54_9.jpg,0,wbc::54,,dataset,val,54,wbc::54
wbc,D:\Dineth\focus_binary_benchmark\dataset\wbc\unfocused\55\55_0.jpg,0,wbc::55,,dataset,train,55,wbc::55
wbc,D:\Dineth\focus_binary_benchmark\dataset\wbc\unfocused\55\55_1.jpg,0,wbc::55,,dataset,train,55,wbc::55
wbc,D:\Dineth\focus_binary_benchmark\dataset\wbc\unfocused\55\55_2.jpg,0,wbc::55,,dataset,train,55,wbc::55
wbc,D:\Dineth\focus_binary_benchmark\dataset\wbc\unfocused\55\55_3.jpg,0,wbc::55,,dataset,train,55,wbc::55
wbc,D:\Dineth\focus_binary_benchmark\dataset\wbc\unfocused\55\55_4.jpg,0,wbc::55,,dataset,train,55,wbc::55
wbc,D:\Dineth\focus_binary_benchmark\dataset\wbc\unfocused\55\55_8.jpg,0,wbc::55,,dataset,train,55,wbc::55
wbc,D:\Dineth\focus_binary_benchmark\dataset\wbc\unfocused\55\55_9.jpg,0,wbc::55,,dataset,train,55,wbc::55
wbc,D:\Dineth\focus_binary_benchmark\dataset\wbc\unfocused\56\56_0.jpg,0,wbc::56,,dataset,train,56,wbc::56
wbc,D:\Dineth\focus_binary_benchmark\dataset\wbc\unfocused\56\56_1.jpg,0,wbc::56,,dataset,train,56,wbc::56
wbc,D:\Dineth\focus_binary_benchmark\dataset\wbc\unfocused\56\56_2.jpg,0,wbc::56,,dataset,train,56,wbc::56
wbc,D:\Dineth\focus_binary_benchmark\dataset\wbc\unfocused\56\56_3.jpg,0,wbc::56,,dataset,train,56,wbc::56
wbc,D:\Dineth\focus_binary_benchmark\dataset\wbc\unfocused\56\56_4.jpg,0,wbc::56,,dataset,train,56,wbc::56
wbc,D:\Dineth\focus_binary_benchmark\dataset\wbc\unfocused\56\56_8.jpg,0,wbc::56,,dataset,train,56,wbc::56
wbc,D:\Dineth\focus_binary_benchmark\dataset\wbc\unfocused\56\56_9.jpg,0,wbc::56,,dataset,train,56,wbc::56
wbc,D:\Dineth\focus_binary_benchmark\dataset\wbc\unfocused\57\57_0.jpg,0,wbc::57,,dataset,train,57,wbc::57
wbc,D:\Dineth\focus_binary_benchmark\dataset\wbc\unfocused\57\57_1.jpg,0,wbc::57,,dataset,train,57,wbc::57
wbc,D:\Dineth\focus_binary_benchmark\dataset\wbc\unfocused\57\57_2.jpg,0,wbc::57,,dataset,train,57,wbc::57
wbc,D:\Dineth\focus_binary_benchmark\dataset\wbc\unfocused\57\57_3.jpg,0,wbc::57,,dataset,train,57,wbc::57
wbc,D:\Dineth\focus_binary_benchmark\dataset\wbc\unfocused\57\57_4.jpg,0,wbc::57,,dataset,train,57,wbc::57
wbc,D:\Dineth\focus_binary_benchmark\dataset\wbc\unfocused\57\57_8.jpg,0,wbc::57,,dataset,train,57,wbc::57
wbc,D:\Dineth\focus_binary_benchmark\dataset\wbc\unfocused\57\57_9.jpg,0,wbc::57,,dataset,train,57,wbc::57
wbc,D:\Dineth\focus_binary_benchmark\dataset\wbc\unfocused\58\58_0.jpg,0,wbc::58,,dataset,train,58,wbc::58
wbc,D:\Dineth\focus_binary_benchmark\dataset\wbc\unfocused\58\58_1.jpg,0,wbc::58,,dataset,train,58,wbc::58
wbc,D:\Dineth\focus_binary_benchmark\dataset\wbc\unfocused\58\58_2.jpg,0,wbc::58,,dataset,train,58,wbc::58
wbc,D:\Dineth\focus_binary_benchmark\dataset\wbc\unfocused\58\58_3.jpg,0,wbc::58,,dataset,train,58,wbc::58
wbc,D:\Dineth\focus_binary_benchmark\dataset\wbc\unfocused\58\58_4.jpg,0,wbc::58,,dataset,train,58,wbc::58
wbc,D:\Dineth\focus_binary_benchmark\dataset\wbc\unfocused\58\58_8.jpg,0,wbc::58,,dataset,train,58,wbc::58
wbc,D:\Dineth\focus_binary_benchmark\dataset\wbc\unfocused\58\58_9.jpg,0,wbc::58,,dataset,train,58,wbc::58
wbc,D:\Dineth\focus_binary_benchmark\dataset\wbc\unfocused\59\59_0.jpg,0,wbc::59,,dataset,train,59,wbc::59
wbc,D:\Dineth\focus_binary_benchmark\dataset\wbc\unfocused\59\59_1.jpg,0,wbc::59,,dataset,train,59,wbc::59
wbc,D:\Dineth\focus_binary_benchmark\dataset\wbc\unfocused\59\59_2.jpg,0,wbc::59,,dataset,train,59,wbc::59
wbc,D:\Dineth\focus_binary_benchmark\dataset\wbc\unfocused\59\59_3.jpg,0,wbc::59,,dataset,train,59,wbc::59
wbc,D:\Dineth\focus_binary_benchmark\dataset\wbc\unfocused\59\59_4.jpg,0,wbc::59,,dataset,train,59,wbc::59
wbc,D:\Dineth\focus_binary_benchmark\dataset\wbc\unfocused\59\59_8.jpg,0,wbc::59,,dataset,train,59,wbc::59
wbc,D:\Dineth\focus_binary_benchmark\dataset\wbc\unfocused\59\59_9.jpg,0,wbc::59,,dataset,train,59,wbc::59
wbc,D:\Dineth\focus_binary_benchmark\dataset\wbc\unfocused\6\6_0.jpg,0,wbc::6,,dataset,train,6,wbc::6
wbc,D:\Dineth\focus_binary_benchmark\dataset\wbc\unfocused\6\6_1.jpg,0,wbc::6,,dataset,train,6,wbc::6
wbc,D:\Dineth\focus_binary_benchmark\dataset\wbc\unfocused\6\6_2.jpg,0,wbc::6,,dataset,train,6,wbc::6
wbc,D:\Dineth\focus_binary_benchmark\dataset\wbc\unfocused\6\6_3.jpg,0,wbc::6,,dataset,train,6,wbc::6
wbc,D:\Dineth\focus_binary_benchmark\dataset\wbc\unfocused\6\6_7.jpg,0,wbc::6,,dataset,train,6,wbc::6
wbc,D:\Dineth\focus_binary_benchmark\dataset\wbc\unfocused\6\6_8.jpg,0,wbc::6,,dataset,train,6,wbc::6
wbc,D:\Dineth\focus_binary_benchmark\dataset\wbc\unfocused\6\6_9.jpg,0,wbc::6,,dataset,train,6,wbc::6
wbc,D:\Dineth\focus_binary_benchmark\dataset\wbc\unfocused\60\60_0.jpg,0,wbc::60,,dataset,train,60,wbc::60
wbc,D:\Dineth\focus_binary_benchmark\dataset\wbc\unfocused\60\60_1.jpg,0,wbc::60,,dataset,train,60,wbc::60
wbc,D:\Dineth\focus_binary_benchmark\dataset\wbc\unfocused\60\60_2.jpg,0,wbc::60,,dataset,train,60,wbc::60
wbc,D:\Dineth\focus_binary_benchmark\dataset\wbc\unfocused\60\60_3.jpg,0,wbc::60,,dataset,train,60,wbc::60
wbc,D:\Dineth\focus_binary_benchmark\dataset\wbc\unfocused\60\60_4.jpg,0,wbc::60,,dataset,train,60,wbc::60
wbc,D:\Dineth\focus_binary_benchmark\dataset\wbc\unfocused\60\60_8.jpg,0,wbc::60,,dataset,train,60,wbc::60
wbc,D:\Dineth\focus_binary_benchmark\dataset\wbc\unfocused\60\60_9.jpg,0,wbc::60,,dataset,train,60,wbc::60
wbc,D:\Dineth\focus_binary_benchmark\dataset\wbc\unfocused\61\61_0.jpg,0,wbc::61,,dataset,train,61,wbc::61
wbc,D:\Dineth\focus_binary_benchmark\dataset\wbc\unfocused\61\61_1.jpg,0,wbc::61,,dataset,train,61,wbc::61
wbc,D:\Dineth\focus_binary_benchmark\dataset\wbc\unfocused\61\61_2.jpg,0,wbc::61,,dataset,train,61,wbc::61
wbc,D:\Dineth\focus_binary_benchmark\dataset\wbc\unfocused\61\61_3.jpg,0,wbc::61,,dataset,train,61,wbc::61
wbc,D:\Dineth\focus_binary_benchmark\dataset\wbc\unfocused\61\61_4.jpg,0,wbc::61,,dataset,train,61,wbc::61
wbc,D:\Dineth\focus_binary_benchmark\dataset\wbc\unfocused\61\61_8.jpg,0,wbc::61,,dataset,train,61,wbc::61
wbc,D:\Dineth\focus_binary_benchmark\dataset\wbc\unfocused\61\61_9.jpg,0,wbc::61,,dataset,train,61,wbc::61
wbc,D:\Dineth\focus_binary_benchmark\dataset\wbc\unfocused\62\62_0.jpg,0,wbc::62,,dataset,train,62,wbc::62
wbc,D:\Dineth\focus_binary_benchmark\dataset\wbc\unfocused\62\62_1.jpg,0,wbc::62,,dataset,train,62,wbc::62
wbc,D:\Dineth\focus_binary_benchmark\dataset\wbc\unfocused\62\62_2.jpg,0,wbc::62,,dataset,train,62,wbc::62
wbc,D:\Dineth\focus_binary_benchmark\dataset\wbc\unfocused\62\62_3.jpg,0,wbc::62,,dataset,train,62,wbc::62
wbc,D:\Dineth\focus_binary_benchmark\dataset\wbc\unfocused\62\62_4.jpg,0,wbc::62,,dataset,train,62,wbc::62
wbc,D:\Dineth\focus_binary_benchmark\dataset\wbc\unfocused\62\62_8.jpg,0,wbc::62,,dataset,train,62,wbc::62
wbc,D:\Dineth\focus_binary_benchmark\dataset\wbc\unfocused\62\62_9.jpg,0,wbc::62,,dataset,train,62,wbc::62
wbc,D:\Dineth\focus_binary_benchmark\dataset\wbc\unfocused\63\63_0.jpg,0,wbc::63,,dataset,val,63,wbc::63
wbc,D:\Dineth\focus_binary_benchmark\dataset\wbc\unfocused\63\63_1.jpg,0,wbc::63,,dataset,val,63,wbc::63
wbc,D:\Dineth\focus_binary_benchmark\dataset\wbc\unfocused\63\63_2.jpg,0,wbc::63,,dataset,val,63,wbc::63
wbc,D:\Dineth\focus_binary_benchmark\dataset\wbc\unfocused\63\63_3.jpg,0,wbc::63,,dataset,val,63,wbc::63
wbc,D:\Dineth\focus_binary_benchmark\dataset\wbc\unfocused\63\63_7.jpg,0,wbc::63,,dataset,val,63,wbc::63
wbc,D:\Dineth\focus_binary_benchmark\dataset\wbc\unfocused\63\63_8.jpg,0,wbc::63,,dataset,val,63,wbc::63
wbc,D:\Dineth\focus_binary_benchmark\dataset\wbc\unfocused\63\63_9.jpg,0,wbc::63,,dataset,val,63,wbc::63
wbc,D:\Dineth\focus_binary_benchmark\dataset\wbc\unfocused\64\64_0.jpg,0,wbc::64,,dataset,val,64,wbc::64
wbc,D:\Dineth\focus_binary_benchmark\dataset\wbc\unfocused\64\64_1.jpg,0,wbc::64,,dataset,val,64,wbc::64
wbc,D:\Dineth\focus_binary_benchmark\dataset\wbc\unfocused\64\64_2.jpg,0,wbc::64,,dataset,val,64,wbc::64
wbc,D:\Dineth\focus_binary_benchmark\dataset\wbc\unfocused\64\64_3.jpg,0,wbc::64,,dataset,val,64,wbc::64
wbc,D:\Dineth\focus_binary_benchmark\dataset\wbc\unfocused\64\64_4.jpg,0,wbc::64,,dataset,val,64,wbc::64
wbc,D:\Dineth\focus_binary_benchmark\dataset\wbc\unfocused\64\64_5.jpg,0,wbc::64,,dataset,val,64,wbc::64
wbc,D:\Dineth\focus_binary_benchmark\dataset\wbc\unfocused\64\64_9.jpg,0,wbc::64,,dataset,val,64,wbc::64
wbc,D:\Dineth\focus_binary_benchmark\dataset\wbc\unfocused\65\65_0.jpg,0,wbc::65,,dataset,train,65,wbc::65
wbc,D:\Dineth\focus_binary_benchmark\dataset\wbc\unfocused\65\65_1.jpg,0,wbc::65,,dataset,train,65,wbc::65
wbc,D:\Dineth\focus_binary_benchmark\dataset\wbc\unfocused\65\65_2.jpg,0,wbc::65,,dataset,train,65,wbc::65
wbc,D:\Dineth\focus_binary_benchmark\dataset\wbc\unfocused\65\65_3.jpg,0,wbc::65,,dataset,train,65,wbc::65
wbc,D:\Dineth\focus_binary_benchmark\dataset\wbc\unfocused\65\65_4.jpg,0,wbc::65,,dataset,train,65,wbc::65
wbc,D:\Dineth\focus_binary_benchmark\dataset\wbc\unfocused\65\65_8.jpg,0,wbc::65,,dataset,train,65,wbc::65
wbc,D:\Dineth\focus_binary_benchmark\dataset\wbc\unfocused\65\65_9.jpg,0,wbc::65,,dataset,train,65,wbc::65
wbc,D:\Dineth\focus_binary_benchmark\dataset\wbc\unfocused\66\66_0.jpg,0,wbc::66,,dataset,val,66,wbc::66
wbc,D:\Dineth\focus_binary_benchmark\dataset\wbc\unfocused\66\66_1.jpg,0,wbc::66,,dataset,val,66,wbc::66
wbc,D:\Dineth\focus_binary_benchmark\dataset\wbc\unfocused\66\66_2.jpg,0,wbc::66,,dataset,val,66,wbc::66
wbc,D:\Dineth\focus_binary_benchmark\dataset\wbc\unfocused\66\66_3.jpg,0,wbc::66,,dataset,val,66,wbc::66
wbc,D:\Dineth\focus_binary_benchmark\dataset\wbc\unfocused\66\66_4.jpg,0,wbc::66,,dataset,val,66,wbc::66
wbc,D:\Dineth\focus_binary_benchmark\dataset\wbc\unfocused\66\66_8.jpg,0,wbc::66,,dataset,val,66,wbc::66
wbc,D:\Dineth\focus_binary_benchmark\dataset\wbc\unfocused\66\66_9.jpg,0,wbc::66,,dataset,val,66,wbc::66
wbc,D:\Dineth\focus_binary_benchmark\dataset\wbc\unfocused\67\67_0.jpg,0,wbc::67,,dataset,train,67,wbc::67
wbc,D:\Dineth\focus_binary_benchmark\dataset\wbc\unfocused\67\67_1.jpg,0,wbc::67,,dataset,train,67,wbc::67
wbc,D:\Dineth\focus_binary_benchmark\dataset\wbc\unfocused\67\67_2.jpg,0,wbc::67,,dataset,train,67,wbc::67
wbc,D:\Dineth\focus_binary_benchmark\dataset\wbc\unfocused\67\67_3.jpg,0,wbc::67,,dataset,train,67,wbc::67
wbc,D:\Dineth\focus_binary_benchmark\dataset\wbc\unfocused\67\67_4.jpg,0,wbc::67,,dataset,train,67,wbc::67
wbc,D:\Dineth\focus_binary_benchmark\dataset\wbc\unfocused\67\67_8.jpg,0,wbc::67,,dataset,train,67,wbc::67
wbc,D:\Dineth\focus_binary_benchmark\dataset\wbc\unfocused\67\67_9.jpg,0,wbc::67,,dataset,train,67,wbc::67
wbc,D:\Dineth\focus_binary_benchmark\dataset\wbc\unfocused\68\68_0.jpg,0,wbc::68,,dataset,train,68,wbc::68
wbc,D:\Dineth\focus_binary_benchmark\dataset\wbc\unfocused\68\68_1.jpg,0,wbc::68,,dataset,train,68,wbc::68
wbc,D:\Dineth\focus_binary_benchmark\dataset\wbc\unfocused\68\68_2.jpg,0,wbc::68,,dataset,train,68,wbc::68
wbc,D:\Dineth\focus_binary_benchmark\dataset\wbc\unfocused\68\68_3.jpg,0,wbc::68,,dataset,train,68,wbc::68
wbc,D:\Dineth\focus_binary_benchmark\dataset\wbc\unfocused\68\68_4.jpg,0,wbc::68,,dataset,train,68,wbc::68
wbc,D:\Dineth\focus_binary_benchmark\dataset\wbc\unfocused\68\68_8.jpg,0,wbc::68,,dataset,train,68,wbc::68
wbc,D:\Dineth\focus_binary_benchmark\dataset\wbc\unfocused\68\68_9.jpg,0,wbc::68,,dataset,train,68,wbc::68
wbc,D:\Dineth\focus_binary_benchmark\dataset\wbc\unfocused\69\69_0.jpg,0,wbc::69,,dataset,val,69,wbc::69
wbc,D:\Dineth\focus_binary_benchmark\dataset\wbc\unfocused\69\69_1.jpg,0,wbc::69,,dataset,val,69,wbc::69
wbc,D:\Dineth\focus_binary_benchmark\dataset\wbc\unfocused\69\69_2.jpg,0,wbc::69,,dataset,val,69,wbc::69
wbc,D:\Dineth\focus_binary_benchmark\dataset\wbc\unfocused\69\69_3.jpg,0,wbc::69,,dataset,val,69,wbc::69
wbc,D:\Dineth\focus_binary_benchmark\dataset\wbc\unfocused\69\69_4.jpg,0,wbc::69,,dataset,val,69,wbc::69
wbc,D:\Dineth\focus_binary_benchmark\dataset\wbc\unfocused\69\69_8.jpg,0,wbc::69,,dataset,val,69,wbc::69
wbc,D:\Dineth\focus_binary_benchmark\dataset\wbc\unfocused\69\69_9.jpg,0,wbc::69,,dataset,val,69,wbc::69
wbc,D:\Dineth\focus_binary_benchmark\dataset\wbc\unfocused\7\7_0.jpg,0,wbc::7,,dataset,train,7,wbc::7
wbc,D:\Dineth\focus_binary_benchmark\dataset\wbc\unfocused\7\7_1.jpg,0,wbc::7,,dataset,train,7,wbc::7
wbc,D:\Dineth\focus_binary_benchmark\dataset\wbc\unfocused\7\7_2.jpg,0,wbc::7,,dataset,train,7,wbc::7
wbc,D:\Dineth\focus_binary_benchmark\dataset\wbc\unfocused\7\7_3.jpg,0,wbc::7,,dataset,train,7,wbc::7
wbc,D:\Dineth\focus_binary_benchmark\dataset\wbc\unfocused\7\7_4.jpg,0,wbc::7,,dataset,train,7,wbc::7
wbc,D:\Dineth\focus_binary_benchmark\dataset\wbc\unfocused\7\7_8.jpg,0,wbc::7,,dataset,train,7,wbc::7
wbc,D:\Dineth\focus_binary_benchmark\dataset\wbc\unfocused\7\7_9.jpg,0,wbc::7,,dataset,train,7,wbc::7
wbc,D:\Dineth\focus_binary_benchmark\dataset\wbc\unfocused\70\70_0.jpg,0,wbc::70,,dataset,train,70,wbc::70
wbc,D:\Dineth\focus_binary_benchmark\dataset\wbc\unfocused\70\70_1.jpg,0,wbc::70,,dataset,train,70,wbc::70
wbc,D:\Dineth\focus_binary_benchmark\dataset\wbc\unfocused\70\70_2.jpg,0,wbc::70,,dataset,train,70,wbc::70
wbc,D:\Dineth\focus_binary_benchmark\dataset\wbc\unfocused\70\70_3.jpg,0,wbc::70,,dataset,train,70,wbc::70
wbc,D:\Dineth\focus_binary_benchmark\dataset\wbc\unfocused\70\70_4.jpg,0,wbc::70,,dataset,train,70,wbc::70
wbc,D:\Dineth\focus_binary_benchmark\dataset\wbc\unfocused\70\70_8.jpg,0,wbc::70,,dataset,train,70,wbc::70
wbc,D:\Dineth\focus_binary_benchmark\dataset\wbc\unfocused\70\70_9.jpg,0,wbc::70,,dataset,train,70,wbc::70
wbc,D:\Dineth\focus_binary_benchmark\dataset\wbc\unfocused\71\71_0.jpg,0,wbc::71,,dataset,train,71,wbc::71
wbc,D:\Dineth\focus_binary_benchmark\dataset\wbc\unfocused\71\71_1.jpg,0,wbc::71,,dataset,train,71,wbc::71
wbc,D:\Dineth\focus_binary_benchmark\dataset\wbc\unfocused\71\71_2.jpg,0,wbc::71,,dataset,train,71,wbc::71
wbc,D:\Dineth\focus_binary_benchmark\dataset\wbc\unfocused\71\71_3.jpg,0,wbc::71,,dataset,train,71,wbc::71
wbc,D:\Dineth\focus_binary_benchmark\dataset\wbc\unfocused\71\71_4.jpg,0,wbc::71,,dataset,train,71,wbc::71
wbc,D:\Dineth\focus_binary_benchmark\dataset\wbc\unfocused\71\71_8.jpg,0,wbc::71,,dataset,train,71,wbc::71
wbc,D:\Dineth\focus_binary_benchmark\dataset\wbc\unfocused\71\71_9.jpg,0,wbc::71,,dataset,train,71,wbc::71
wbc,D:\Dineth\focus_binary_benchmark\dataset\wbc\unfocused\72\72_0.jpg,0,wbc::72,,dataset,train,72,wbc::72
wbc,D:\Dineth\focus_binary_benchmark\dataset\wbc\unfocused\72\72_1.jpg,0,wbc::72,,dataset,train,72,wbc::72
wbc,D:\Dineth\focus_binary_benchmark\dataset\wbc\unfocused\72\72_2.jpg,0,wbc::72,,dataset,train,72,wbc::72
wbc,D:\Dineth\focus_binary_benchmark\dataset\wbc\unfocused\72\72_3.jpg,0,wbc::72,,dataset,train,72,wbc::72
wbc,D:\Dineth\focus_binary_benchmark\dataset\wbc\unfocused\72\72_4.jpg,0,wbc::72,,dataset,train,72,wbc::72
wbc,D:\Dineth\focus_binary_benchmark\dataset\wbc\unfocused\72\72_8.jpg,0,wbc::72,,dataset,train,72,wbc::72
wbc,D:\Dineth\focus_binary_benchmark\dataset\wbc\unfocused\72\72_9.jpg,0,wbc::72,,dataset,train,72,wbc::72
wbc,D:\Dineth\focus_binary_benchmark\dataset\wbc\unfocused\73\73_0.jpg,0,wbc::73,,dataset,val,73,wbc::73
wbc,D:\Dineth\focus_binary_benchmark\dataset\wbc\unfocused\73\73_1.jpg,0,wbc::73,,dataset,val,73,wbc::73
wbc,D:\Dineth\focus_binary_benchmark\dataset\wbc\unfocused\73\73_2.jpg,0,wbc::73,,dataset,val,73,wbc::73
wbc,D:\Dineth\focus_binary_benchmark\dataset\wbc\unfocused\73\73_3.jpg,0,wbc::73,,dataset,val,73,wbc::73
wbc,D:\Dineth\focus_binary_benchmark\dataset\wbc\unfocused\73\73_7.jpg,0,wbc::73,,dataset,val,73,wbc::73
wbc,D:\Dineth\focus_binary_benchmark\dataset\wbc\unfocused\73\73_8.jpg,0,wbc::73,,dataset,val,73,wbc::73
wbc,D:\Dineth\focus_binary_benchmark\dataset\wbc\unfocused\73\73_9.jpg,0,wbc::73,,dataset,val,73,wbc::73
wbc,D:\Dineth\focus_binary_benchmark\dataset\wbc\unfocused\74\74_0.jpg,0,wbc::74,,dataset,val,74,wbc::74
wbc,D:\Dineth\focus_binary_benchmark\dataset\wbc\unfocused\74\74_1.jpg,0,wbc::74,,dataset,val,74,wbc::74
wbc,D:\Dineth\focus_binary_benchmark\dataset\wbc\unfocused\74\74_2.jpg,0,wbc::74,,dataset,val,74,wbc::74
wbc,D:\Dineth\focus_binary_benchmark\dataset\wbc\unfocused\74\74_3.jpg,0,wbc::74,,dataset,val,74,wbc::74
wbc,D:\Dineth\focus_binary_benchmark\dataset\wbc\unfocused\74\74_4.jpg,0,wbc::74,,dataset,val,74,wbc::74
wbc,D:\Dineth\focus_binary_benchmark\dataset\wbc\unfocused\74\74_8.jpg,0,wbc::74,,dataset,val,74,wbc::74
wbc,D:\Dineth\focus_binary_benchmark\dataset\wbc\unfocused\74\74_9.jpg,0,wbc::74,,dataset,val,74,wbc::74
wbc,D:\Dineth\focus_binary_benchmark\dataset\wbc\unfocused\75\75_0.jpg,0,wbc::75,,dataset,train,75,wbc::75
wbc,D:\Dineth\focus_binary_benchmark\dataset\wbc\unfocused\75\75_1.jpg,0,wbc::75,,dataset,train,75,wbc::75
wbc,D:\Dineth\focus_binary_benchmark\dataset\wbc\unfocused\75\75_2.jpg,0,wbc::75,,dataset,train,75,wbc::75
wbc,D:\Dineth\focus_binary_benchmark\dataset\wbc\unfocused\75\75_3.jpg,0,wbc::75,,dataset,train,75,wbc::75
wbc,D:\Dineth\focus_binary_benchmark\dataset\wbc\unfocused\75\75_4.jpg,0,wbc::75,,dataset,train,75,wbc::75
wbc,D:\Dineth\focus_binary_benchmark\dataset\wbc\unfocused\75\75_8.jpg,0,wbc::75,,dataset,train,75,wbc::75
wbc,D:\Dineth\focus_binary_benchmark\dataset\wbc\unfocused\75\75_9.jpg,0,wbc::75,,dataset,train,75,wbc::75
wbc,D:\Dineth\focus_binary_benchmark\dataset\wbc\unfocused\76\76_0.jpg,0,wbc::76,,dataset,train,76,wbc::76
wbc,D:\Dineth\focus_binary_benchmark\dataset\wbc\unfocused\76\76_1.jpg,0,wbc::76,,dataset,train,76,wbc::76
wbc,D:\Dineth\focus_binary_benchmark\dataset\wbc\unfocused\76\76_2.jpg,0,wbc::76,,dataset,train,76,wbc::76
wbc,D:\Dineth\focus_binary_benchmark\dataset\wbc\unfocused\76\76_3.jpg,0,wbc::76,,dataset,train,76,wbc::76
wbc,D:\Dineth\focus_binary_benchmark\dataset\wbc\unfocused\76\76_7.jpg,0,wbc::76,,dataset,train,76,wbc::76
wbc,D:\Dineth\focus_binary_benchmark\dataset\wbc\unfocused\76\76_8.jpg,0,wbc::76,,dataset,train,76,wbc::76
wbc,D:\Dineth\focus_binary_benchmark\dataset\wbc\unfocused\76\76_9.jpg,0,wbc::76,,dataset,train,76,wbc::76
wbc,D:\Dineth\focus_binary_benchmark\dataset\wbc\unfocused\77\77_0.jpg,0,wbc::77,,dataset,val,77,wbc::77
wbc,D:\Dineth\focus_binary_benchmark\dataset\wbc\unfocused\77\77_1.jpg,0,wbc::77,,dataset,val,77,wbc::77
wbc,D:\Dineth\focus_binary_benchmark\dataset\wbc\unfocused\77\77_2.jpg,0,wbc::77,,dataset,val,77,wbc::77
wbc,D:\Dineth\focus_binary_benchmark\dataset\wbc\unfocused\77\77_3.jpg,0,wbc::77,,dataset,val,77,wbc::77
wbc,D:\Dineth\focus_binary_benchmark\dataset\wbc\unfocused\77\77_4.jpg,0,wbc::77,,dataset,val,77,wbc::77
wbc,D:\Dineth\focus_binary_benchmark\dataset\wbc\unfocused\77\77_8.jpg,0,wbc::77,,dataset,val,77,wbc::77
wbc,D:\Dineth\focus_binary_benchmark\dataset\wbc\unfocused\77\77_9.jpg,0,wbc::77,,dataset,val,77,wbc::77
wbc,D:\Dineth\focus_binary_benchmark\dataset\wbc\unfocused\78\78_0.jpg,0,wbc::78,,dataset,train,78,wbc::78
wbc,D:\Dineth\focus_binary_benchmark\dataset\wbc\unfocused\78\78_1.jpg,0,wbc::78,,dataset,train,78,wbc::78
wbc,D:\Dineth\focus_binary_benchmark\dataset\wbc\unfocused\78\78_2.jpg,0,wbc::78,,dataset,train,78,wbc::78
wbc,D:\Dineth\focus_binary_benchmark\dataset\wbc\unfocused\78\78_3.jpg,0,wbc::78,,dataset,train,78,wbc::78
wbc,D:\Dineth\focus_binary_benchmark\dataset\wbc\unfocused\78\78_4.jpg,0,wbc::78,,dataset,train,78,wbc::78
wbc,D:\Dineth\focus_binary_benchmark\dataset\wbc\unfocused\78\78_8.jpg,0,wbc::78,,dataset,train,78,wbc::78
wbc,D:\Dineth\focus_binary_benchmark\dataset\wbc\unfocused\78\78_9.jpg,0,wbc::78,,dataset,train,78,wbc::78
wbc,D:\Dineth\focus_binary_benchmark\dataset\wbc\unfocused\79\79_0.jpg,0,wbc::79,,dataset,train,79,wbc::79
wbc,D:\Dineth\focus_binary_benchmark\dataset\wbc\unfocused\79\79_1.jpg,0,wbc::79,,dataset,train,79,wbc::79
wbc,D:\Dineth\focus_binary_benchmark\dataset\wbc\unfocused\79\79_2.jpg,0,wbc::79,,dataset,train,79,wbc::79
wbc,D:\Dineth\focus_binary_benchmark\dataset\wbc\unfocused\79\79_3.jpg,0,wbc::79,,dataset,train,79,wbc::79
wbc,D:\Dineth\focus_binary_benchmark\dataset\wbc\unfocused\79\79_4.jpg,0,wbc::79,,dataset,train,79,wbc::79
wbc,D:\Dineth\focus_binary_benchmark\dataset\wbc\unfocused\79\79_8.jpg,0,wbc::79,,dataset,train,79,wbc::79
wbc,D:\Dineth\focus_binary_benchmark\dataset\wbc\unfocused\79\79_9.jpg,0,wbc::79,,dataset,train,79,wbc::79
wbc,D:\Dineth\focus_binary_benchmark\dataset\wbc\unfocused\8\8_0.jpg,0,wbc::8,,dataset,train,8,wbc::8
wbc,D:\Dineth\focus_binary_benchmark\dataset\wbc\unfocused\8\8_1.jpg,0,wbc::8,,dataset,train,8,wbc::8
wbc,D:\Dineth\focus_binary_benchmark\dataset\wbc\unfocused\8\8_2.jpg,0,wbc::8,,dataset,train,8,wbc::8
wbc,D:\Dineth\focus_binary_benchmark\dataset\wbc\unfocused\8\8_3.jpg,0,wbc::8,,dataset,train,8,wbc::8
wbc,D:\Dineth\focus_binary_benchmark\dataset\wbc\unfocused\8\8_4.jpg,0,wbc::8,,dataset,train,8,wbc::8
wbc,D:\Dineth\focus_binary_benchmark\dataset\wbc\unfocused\8\8_8.jpg,0,wbc::8,,dataset,train,8,wbc::8
wbc,D:\Dineth\focus_binary_benchmark\dataset\wbc\unfocused\8\8_9.jpg,0,wbc::8,,dataset,train,8,wbc::8
wbc,D:\Dineth\focus_binary_benchmark\dataset\wbc\unfocused\80\80_0.jpg,0,wbc::80,,dataset,train,80,wbc::80
wbc,D:\Dineth\focus_binary_benchmark\dataset\wbc\unfocused\80\80_1.jpg,0,wbc::80,,dataset,train,80,wbc::80
wbc,D:\Dineth\focus_binary_benchmark\dataset\wbc\unfocused\80\80_2.jpg,0,wbc::80,,dataset,train,80,wbc::80
wbc,D:\Dineth\focus_binary_benchmark\dataset\wbc\unfocused\80\80_3.jpg,0,wbc::80,,dataset,train,80,wbc::80
wbc,D:\Dineth\focus_binary_benchmark\dataset\wbc\unfocused\80\80_4.jpg,0,wbc::80,,dataset,train,80,wbc::80
wbc,D:\Dineth\focus_binary_benchmark\dataset\wbc\unfocused\80\80_8.jpg,0,wbc::80,,dataset,train,80,wbc::80
wbc,D:\Dineth\focus_binary_benchmark\dataset\wbc\unfocused\80\80_9.jpg,0,wbc::80,,dataset,train,80,wbc::80
wbc,D:\Dineth\focus_binary_benchmark\dataset\wbc\unfocused\81\81_0.jpg,0,wbc::81,,dataset,val,81,wbc::81
wbc,D:\Dineth\focus_binary_benchmark\dataset\wbc\unfocused\81\81_1.jpg,0,wbc::81,,dataset,val,81,wbc::81
wbc,D:\Dineth\focus_binary_benchmark\dataset\wbc\unfocused\81\81_2.jpg,0,wbc::81,,dataset,val,81,wbc::81
wbc,D:\Dineth\focus_binary_benchmark\dataset\wbc\unfocused\81\81_3.jpg,0,wbc::81,,dataset,val,81,wbc::81
wbc,D:\Dineth\focus_binary_benchmark\dataset\wbc\unfocused\81\81_4.jpg,0,wbc::81,,dataset,val,81,wbc::81
wbc,D:\Dineth\focus_binary_benchmark\dataset\wbc\unfocused\81\81_8.jpg,0,wbc::81,,dataset,val,81,wbc::81
wbc,D:\Dineth\focus_binary_benchmark\dataset\wbc\unfocused\81\81_9.jpg,0,wbc::81,,dataset,val,81,wbc::81
wbc,D:\Dineth\focus_binary_benchmark\dataset\wbc\unfocused\82\82_0.jpg,0,wbc::82,,dataset,train,82,wbc::82
wbc,D:\Dineth\focus_binary_benchmark\dataset\wbc\unfocused\82\82_1.jpg,0,wbc::82,,dataset,train,82,wbc::82
wbc,D:\Dineth\focus_binary_benchmark\dataset\wbc\unfocused\82\82_2.jpg,0,wbc::82,,dataset,train,82,wbc::82
wbc,D:\Dineth\focus_binary_benchmark\dataset\wbc\unfocused\82\82_3.jpg,0,wbc::82,,dataset,train,82,wbc::82
wbc,D:\Dineth\focus_binary_benchmark\dataset\wbc\unfocused\82\82_7.jpg,0,wbc::82,,dataset,train,82,wbc::82
wbc,D:\Dineth\focus_binary_benchmark\dataset\wbc\unfocused\82\82_8.jpg,0,wbc::82,,dataset,train,82,wbc::82
wbc,D:\Dineth\focus_binary_benchmark\dataset\wbc\unfocused\82\82_9.jpg,0,wbc::82,,dataset,train,82,wbc::82
wbc,D:\Dineth\focus_binary_benchmark\dataset\wbc\unfocused\83\83_0.jpg,0,wbc::83,,dataset,train,83,wbc::83
wbc,D:\Dineth\focus_binary_benchmark\dataset\wbc\unfocused\83\83_1.jpg,0,wbc::83,,dataset,train,83,wbc::83
wbc,D:\Dineth\focus_binary_benchmark\dataset\wbc\unfocused\83\83_2.jpg,0,wbc::83,,dataset,train,83,wbc::83
wbc,D:\Dineth\focus_binary_benchmark\dataset\wbc\unfocused\83\83_3.jpg,0,wbc::83,,dataset,train,83,wbc::83
wbc,D:\Dineth\focus_binary_benchmark\dataset\wbc\unfocused\83\83_4.jpg,0,wbc::83,,dataset,train,83,wbc::83
wbc,D:\Dineth\focus_binary_benchmark\dataset\wbc\unfocused\83\83_8.jpg,0,wbc::83,,dataset,train,83,wbc::83
wbc,D:\Dineth\focus_binary_benchmark\dataset\wbc\unfocused\83\83_9.jpg,0,wbc::83,,dataset,train,83,wbc::83
wbc,D:\Dineth\focus_binary_benchmark\dataset\wbc\unfocused\84\84_0.jpg,0,wbc::84,,dataset,train,84,wbc::84
wbc,D:\Dineth\focus_binary_benchmark\dataset\wbc\unfocused\84\84_1.jpg,0,wbc::84,,dataset,train,84,wbc::84
wbc,D:\Dineth\focus_binary_benchmark\dataset\wbc\unfocused\84\84_2.jpg,0,wbc::84,,dataset,train,84,wbc::84
wbc,D:\Dineth\focus_binary_benchmark\dataset\wbc\unfocused\84\84_3.jpg,0,wbc::84,,dataset,train,84,wbc::84
wbc,D:\Dineth\focus_binary_benchmark\dataset\wbc\unfocused\84\84_4.jpg,0,wbc::84,,dataset,train,84,wbc::84
wbc,D:\Dineth\focus_binary_benchmark\dataset\wbc\unfocused\84\84_8.jpg,0,wbc::84,,dataset,train,84,wbc::84
wbc,D:\Dineth\focus_binary_benchmark\dataset\wbc\unfocused\84\84_9.jpg,0,wbc::84,,dataset,train,84,wbc::84
wbc,D:\Dineth\focus_binary_benchmark\dataset\wbc\unfocused\85\85_0.jpg,0,wbc::85,,dataset,train,85,wbc::85
wbc,D:\Dineth\focus_binary_benchmark\dataset\wbc\unfocused\85\85_1.jpg,0,wbc::85,,dataset,train,85,wbc::85
wbc,D:\Dineth\focus_binary_benchmark\dataset\wbc\unfocused\85\85_2.jpg,0,wbc::85,,dataset,train,85,wbc::85
wbc,D:\Dineth\focus_binary_benchmark\dataset\wbc\unfocused\85\85_3.jpg,0,wbc::85,,dataset,train,85,wbc::85
wbc,D:\Dineth\focus_binary_benchmark\dataset\wbc\unfocused\85\85_4.jpg,0,wbc::85,,dataset,train,85,wbc::85
wbc,D:\Dineth\focus_binary_benchmark\dataset\wbc\unfocused\85\85_8.jpg,0,wbc::85,,dataset,train,85,wbc::85
wbc,D:\Dineth\focus_binary_benchmark\dataset\wbc\unfocused\85\85_9.jpg,0,wbc::85,,dataset,train,85,wbc::85
wbc,D:\Dineth\focus_binary_benchmark\dataset\wbc\unfocused\86\86_0.jpg,0,wbc::86,,dataset,train,86,wbc::86
wbc,D:\Dineth\focus_binary_benchmark\dataset\wbc\unfocused\86\86_1.jpg,0,wbc::86,,dataset,train,86,wbc::86
wbc,D:\Dineth\focus_binary_benchmark\dataset\wbc\unfocused\86\86_2.jpg,0,wbc::86,,dataset,train,86,wbc::86
wbc,D:\Dineth\focus_binary_benchmark\dataset\wbc\unfocused\86\86_3.jpg,0,wbc::86,,dataset,train,86,wbc::86
wbc,D:\Dineth\focus_binary_benchmark\dataset\wbc\unfocused\86\86_4.jpg,0,wbc::86,,dataset,train,86,wbc::86
wbc,D:\Dineth\focus_binary_benchmark\dataset\wbc\unfocused\86\86_8.jpg,0,wbc::86,,dataset,train,86,wbc::86
wbc,D:\Dineth\focus_binary_benchmark\dataset\wbc\unfocused\86\86_9.jpg,0,wbc::86,,dataset,train,86,wbc::86
wbc,D:\Dineth\focus_binary_benchmark\dataset\wbc\unfocused\87\87_0.jpg,0,wbc::87,,dataset,train,87,wbc::87
wbc,D:\Dineth\focus_binary_benchmark\dataset\wbc\unfocused\87\87_1.jpg,0,wbc::87,,dataset,train,87,wbc::87
wbc,D:\Dineth\focus_binary_benchmark\dataset\wbc\unfocused\87\87_2.jpg,0,wbc::87,,dataset,train,87,wbc::87
wbc,D:\Dineth\focus_binary_benchmark\dataset\wbc\unfocused\87\87_3.jpg,0,wbc::87,,dataset,train,87,wbc::87
wbc,D:\Dineth\focus_binary_benchmark\dataset\wbc\unfocused\87\87_7.jpg,0,wbc::87,,dataset,train,87,wbc::87
wbc,D:\Dineth\focus_binary_benchmark\dataset\wbc\unfocused\87\87_8.jpg,0,wbc::87,,dataset,train,87,wbc::87
wbc,D:\Dineth\focus_binary_benchmark\dataset\wbc\unfocused\87\87_9.jpg,0,wbc::87,,dataset,train,87,wbc::87
wbc,D:\Dineth\focus_binary_benchmark\dataset\wbc\unfocused\88\88_0.jpg,0,wbc::88,,dataset,test,88,wbc::88
wbc,D:\Dineth\focus_binary_benchmark\dataset\wbc\unfocused\88\88_1.jpg,0,wbc::88,,dataset,test,88,wbc::88
wbc,D:\Dineth\focus_binary_benchmark\dataset\wbc\unfocused\88\88_2.jpg,0,wbc::88,,dataset,test,88,wbc::88
wbc,D:\Dineth\focus_binary_benchmark\dataset\wbc\unfocused\88\88_3.jpg,0,wbc::88,,dataset,test,88,wbc::88
wbc,D:\Dineth\focus_binary_benchmark\dataset\wbc\unfocused\88\88_4.jpg,0,wbc::88,,dataset,test,88,wbc::88
wbc,D:\Dineth\focus_binary_benchmark\dataset\wbc\unfocused\88\88_8.jpg,0,wbc::88,,dataset,test,88,wbc::88
wbc,D:\Dineth\focus_binary_benchmark\dataset\wbc\unfocused\88\88_9.jpg,0,wbc::88,,dataset,test,88,wbc::88
wbc,D:\Dineth\focus_binary_benchmark\dataset\wbc\unfocused\89\89_0.jpg,0,wbc::89,,dataset,train,89,wbc::89
wbc,D:\Dineth\focus_binary_benchmark\dataset\wbc\unfocused\89\89_1.jpg,0,wbc::89,,dataset,train,89,wbc::89
wbc,D:\Dineth\focus_binary_benchmark\dataset\wbc\unfocused\89\89_2.jpg,0,wbc::89,,dataset,train,89,wbc::89
wbc,D:\Dineth\focus_binary_benchmark\dataset\wbc\unfocused\89\89_3.jpg,0,wbc::89,,dataset,train,89,wbc::89
wbc,D:\Dineth\focus_binary_benchmark\dataset\wbc\unfocused\89\89_4.jpg,0,wbc::89,,dataset,train,89,wbc::89
wbc,D:\Dineth\focus_binary_benchmark\dataset\wbc\unfocused\89\89_8.jpg,0,wbc::89,,dataset,train,89,wbc::89
wbc,D:\Dineth\focus_binary_benchmark\dataset\wbc\unfocused\89\89_9.jpg,0,wbc::89,,dataset,train,89,wbc::89
wbc,D:\Dineth\focus_binary_benchmark\dataset\wbc\unfocused\9\9_0.jpg,0,wbc::9,,dataset,train,9,wbc::9
wbc,D:\Dineth\focus_binary_benchmark\dataset\wbc\unfocused\9\9_1.jpg,0,wbc::9,,dataset,train,9,wbc::9
wbc,D:\Dineth\focus_binary_benchmark\dataset\wbc\unfocused\9\9_2.jpg,0,wbc::9,,dataset,train,9,wbc::9
wbc,D:\Dineth\focus_binary_benchmark\dataset\wbc\unfocused\9\9_3.jpg,0,wbc::9,,dataset,train,9,wbc::9
wbc,D:\Dineth\focus_binary_benchmark\dataset\wbc\unfocused\9\9_4.jpg,0,wbc::9,,dataset,train,9,wbc::9
wbc,D:\Dineth\focus_binary_benchmark\dataset\wbc\unfocused\9\9_8.jpg,0,wbc::9,,dataset,train,9,wbc::9
wbc,D:\Dineth\focus_binary_benchmark\dataset\wbc\unfocused\9\9_9.jpg,0,wbc::9,,dataset,train,9,wbc::9
wbc,D:\Dineth\focus_binary_benchmark\dataset\wbc\unfocused\90\90_0.jpg,0,wbc::90,,dataset,train,90,wbc::90
wbc,D:\Dineth\focus_binary_benchmark\dataset\wbc\unfocused\90\90_1.jpg,0,wbc::90,,dataset,train,90,wbc::90
wbc,D:\Dineth\focus_binary_benchmark\dataset\wbc\unfocused\90\90_2.jpg,0,wbc::90,,dataset,train,90,wbc::90
wbc,D:\Dineth\focus_binary_benchmark\dataset\wbc\unfocused\90\90_3.jpg,0,wbc::90,,dataset,train,90,wbc::90
wbc,D:\Dineth\focus_binary_benchmark\dataset\wbc\unfocused\90\90_7.jpg,0,wbc::90,,dataset,train,90,wbc::90
wbc,D:\Dineth\focus_binary_benchmark\dataset\wbc\unfocused\90\90_8.jpg,0,wbc::90,,dataset,train,90,wbc::90
wbc,D:\Dineth\focus_binary_benchmark\dataset\wbc\unfocused\90\90_9.jpg,0,wbc::90,,dataset,train,90,wbc::90
wbc,D:\Dineth\focus_binary_benchmark\dataset\wbc\unfocused\91\91_0.jpg,0,wbc::91,,dataset,test,91,wbc::91
wbc,D:\Dineth\focus_binary_benchmark\dataset\wbc\unfocused\91\91_1.jpg,0,wbc::91,,dataset,test,91,wbc::91
wbc,D:\Dineth\focus_binary_benchmark\dataset\wbc\unfocused\91\91_2.jpg,0,wbc::91,,dataset,test,91,wbc::91
wbc,D:\Dineth\focus_binary_benchmark\dataset\wbc\unfocused\91\91_3.jpg,0,wbc::91,,dataset,test,91,wbc::91
wbc,D:\Dineth\focus_binary_benchmark\dataset\wbc\unfocused\91\91_4.jpg,0,wbc::91,,dataset,test,91,wbc::91
wbc,D:\Dineth\focus_binary_benchmark\dataset\wbc\unfocused\91\91_8.jpg,0,wbc::91,,dataset,test,91,wbc::91
wbc,D:\Dineth\focus_binary_benchmark\dataset\wbc\unfocused\91\91_9.jpg,0,wbc::91,,dataset,test,91,wbc::91
wbc,D:\Dineth\focus_binary_benchmark\dataset\wbc\unfocused\92\92_0.jpg,0,wbc::92,,dataset,train,92,wbc::92
wbc,D:\Dineth\focus_binary_benchmark\dataset\wbc\unfocused\92\92_1.jpg,0,wbc::92,,dataset,train,92,wbc::92
wbc,D:\Dineth\focus_binary_benchmark\dataset\wbc\unfocused\92\92_2.jpg,0,wbc::92,,dataset,train,92,wbc::92
wbc,D:\Dineth\focus_binary_benchmark\dataset\wbc\unfocused\92\92_3.jpg,0,wbc::92,,dataset,train,92,wbc::92
wbc,D:\Dineth\focus_binary_benchmark\dataset\wbc\unfocused\92\92_4.jpg,0,wbc::92,,dataset,train,92,wbc::92
wbc,D:\Dineth\focus_binary_benchmark\dataset\wbc\unfocused\92\92_8.jpg,0,wbc::92,,dataset,train,92,wbc::92
wbc,D:\Dineth\focus_binary_benchmark\dataset\wbc\unfocused\92\92_9.jpg,0,wbc::92,,dataset,train,92,wbc::92
wbc,D:\Dineth\focus_binary_benchmark\dataset\wbc\unfocused\93\93_0.jpg,0,wbc::93,,dataset,train,93,wbc::93
wbc,D:\Dineth\focus_binary_benchmark\dataset\wbc\unfocused\93\93_1.jpg,0,wbc::93,,dataset,train,93,wbc::93
wbc,D:\Dineth\focus_binary_benchmark\dataset\wbc\unfocused\93\93_2.jpg,0,wbc::93,,dataset,train,93,wbc::93
wbc,D:\Dineth\focus_binary_benchmark\dataset\wbc\unfocused\93\93_3.jpg,0,wbc::93,,dataset,train,93,wbc::93
wbc,D:\Dineth\focus_binary_benchmark\dataset\wbc\unfocused\93\93_7.jpg,0,wbc::93,,dataset,train,93,wbc::93
wbc,D:\Dineth\focus_binary_benchmark\dataset\wbc\unfocused\93\93_8.jpg,0,wbc::93,,dataset,train,93,wbc::93
wbc,D:\Dineth\focus_binary_benchmark\dataset\wbc\unfocused\93\93_9.jpg,0,wbc::93,,dataset,train,93,wbc::93
wbc,D:\Dineth\focus_binary_benchmark\dataset\wbc\unfocused\94\94_0.jpg,0,wbc::94,,dataset,train,94,wbc::94
wbc,D:\Dineth\focus_binary_benchmark\dataset\wbc\unfocused\94\94_1.jpg,0,wbc::94,,dataset,train,94,wbc::94
wbc,D:\Dineth\focus_binary_benchmark\dataset\wbc\unfocused\94\94_2.jpg,0,wbc::94,,dataset,train,94,wbc::94
wbc,D:\Dineth\focus_binary_benchmark\dataset\wbc\unfocused\94\94_3.jpg,0,wbc::94,,dataset,train,94,wbc::94
wbc,D:\Dineth\focus_binary_benchmark\dataset\wbc\unfocused\94\94_7.jpg,0,wbc::94,,dataset,train,94,wbc::94
wbc,D:\Dineth\focus_binary_benchmark\dataset\wbc\unfocused\94\94_8.jpg,0,wbc::94,,dataset,train,94,wbc::94
wbc,D:\Dineth\focus_binary_benchmark\dataset\wbc\unfocused\94\94_9.jpg,0,wbc::94,,dataset,train,94,wbc::94
wbc,D:\Dineth\focus_binary_benchmark\dataset\wbc\unfocused\95\95_0.jpg,0,wbc::95,,dataset,train,95,wbc::95
wbc,D:\Dineth\focus_binary_benchmark\dataset\wbc\unfocused\95\95_1.jpg,0,wbc::95,,dataset,train,95,wbc::95
wbc,D:\Dineth\focus_binary_benchmark\dataset\wbc\unfocused\95\95_2.jpg,0,wbc::95,,dataset,train,95,wbc::95
wbc,D:\Dineth\focus_binary_benchmark\dataset\wbc\unfocused\95\95_3.jpg,0,wbc::95,,dataset,train,95,wbc::95
wbc,D:\Dineth\focus_binary_benchmark\dataset\wbc\unfocused\95\95_7.jpg,0,wbc::95,,dataset,train,95,wbc::95
wbc,D:\Dineth\focus_binary_benchmark\dataset\wbc\unfocused\95\95_8.jpg,0,wbc::95,,dataset,train,95,wbc::95
wbc,D:\Dineth\focus_binary_benchmark\dataset\wbc\unfocused\95\95_9.jpg,0,wbc::95,,dataset,train,95,wbc::95
wbc,D:\Dineth\focus_binary_benchmark\dataset\wbc\unfocused\96\96_0.jpg,0,wbc::96,,dataset,test,96,wbc::96
wbc,D:\Dineth\focus_binary_benchmark\dataset\wbc\unfocused\96\96_1.jpg,0,wbc::96,,dataset,test,96,wbc::96
wbc,D:\Dineth\focus_binary_benchmark\dataset\wbc\unfocused\96\96_2.jpg,0,wbc::96,,dataset,test,96,wbc::96
wbc,D:\Dineth\focus_binary_benchmark\dataset\wbc\unfocused\96\96_3.jpg,0,wbc::96,,dataset,test,96,wbc::96
wbc,D:\Dineth\focus_binary_benchmark\dataset\wbc\unfocused\96\96_4.jpg,0,wbc::96,,dataset,test,96,wbc::96
wbc,D:\Dineth\focus_binary_benchmark\dataset\wbc\unfocused\96\96_8.jpg,0,wbc::96,,dataset,test,96,wbc::96
wbc,D:\Dineth\focus_binary_benchmark\dataset\wbc\unfocused\96\96_9.jpg,0,wbc::96,,dataset,test,96,wbc::96
wbc,D:\Dineth\focus_binary_benchmark\dataset\wbc\unfocused\97\97_0.jpg,0,wbc::97,,dataset,test,97,wbc::97
wbc,D:\Dineth\focus_binary_benchmark\dataset\wbc\unfocused\97\97_1.jpg,0,wbc::97,,dataset,test,97,wbc::97
wbc,D:\Dineth\focus_binary_benchmark\dataset\wbc\unfocused\97\97_2.jpg,0,wbc::97,,dataset,test,97,wbc::97
wbc,D:\Dineth\focus_binary_benchmark\dataset\wbc\unfocused\97\97_3.jpg,0,wbc::97,,dataset,test,97,wbc::97
wbc,D:\Dineth\focus_binary_benchmark\dataset\wbc\unfocused\97\97_7.jpg,0,wbc::97,,dataset,test,97,wbc::97
wbc,D:\Dineth\focus_binary_benchmark\dataset\wbc\unfocused\97\97_8.jpg,0,wbc::97,,dataset,test,97,wbc::97
wbc,D:\Dineth\focus_binary_benchmark\dataset\wbc\unfocused\97\97_9.jpg,0,wbc::97,,dataset,test,97,wbc::97
wbc,D:\Dineth\focus_binary_benchmark\dataset\wbc\unfocused\98\98_0.jpg,0,wbc::98,,dataset,train,98,wbc::98
wbc,D:\Dineth\focus_binary_benchmark\dataset\wbc\unfocused\98\98_1.jpg,0,wbc::98,,dataset,train,98,wbc::98
wbc,D:\Dineth\focus_binary_benchmark\dataset\wbc\unfocused\98\98_2.jpg,0,wbc::98,,dataset,train,98,wbc::98
wbc,D:\Dineth\focus_binary_benchmark\dataset\wbc\unfocused\98\98_3.jpg,0,wbc::98,,dataset,train,98,wbc::98
wbc,D:\Dineth\focus_binary_benchmark\dataset\wbc\unfocused\98\98_4.jpg,0,wbc::98,,dataset,train,98,wbc::98
wbc,D:\Dineth\focus_binary_benchmark\dataset\wbc\unfocused\98\98_8.jpg,0,wbc::98,,dataset,train,98,wbc::98
wbc,D:\Dineth\focus_binary_benchmark\dataset\wbc\unfocused\98\98_9.jpg,0,wbc::98,,dataset,train,98,wbc::98
wbc,D:\Dineth\focus_binary_benchmark\dataset\wbc\unfocused\99\99_0.jpg,0,wbc::99,,dataset,test,99,wbc::99
wbc,D:\Dineth\focus_binary_benchmark\dataset\wbc\unfocused\99\99_1.jpg,0,wbc::99,,dataset,test,99,wbc::99
wbc,D:\Dineth\focus_binary_benchmark\dataset\wbc\unfocused\99\99_2.jpg,0,wbc::99,,dataset,test,99,wbc::99
wbc,D:\Dineth\focus_binary_benchmark\dataset\wbc\unfocused\99\99_3.jpg,0,wbc::99,,dataset,test,99,wbc::99
wbc,D:\Dineth\focus_binary_benchmark\dataset\wbc\unfocused\99\99_4.jpg,0,wbc::99,,dataset,test,99,wbc::99
wbc,D:\Dineth\focus_binary_benchmark\dataset\wbc\unfocused\99\99_8.jpg,0,wbc::99,,dataset,test,99,wbc::99
wbc,D:\Dineth\focus_binary_benchmark\dataset\wbc\unfocused\99\99_9.jpg,0,wbc::99,,dataset,test,99,wbc::99
